onset	duration	trial_type	value	sample	sample_corrected	token	run	level	stim_file	ear_ac	ear_bc
41.6062	1	Stimulus/S  1	1	416062	416070	0	0	20	pips_40_500-8000.hdf5	both	none
42.6728	1	Stimulus/S  1	1	426728	426736	0	1	40	pips_40_500-8000.hdf5	both	none
43.7289	1	Stimulus/S  1	1	437289	437297	0	2	60	pips_40_500-8000.hdf5	both	none
44.7742	1	Stimulus/S  1	1	447742	447750	0	3	70	pips_40_500-8000.hdf5	both	none
45.8302	1	Stimulus/S  1	1	458302	458310	0	4	50	pips_40_500-8000.hdf5	both	none
46.8756	1	Stimulus/S  1	1	468756	468764	0	5	30	pips_40_500-8000.hdf5	both	none
47.9316	1	Stimulus/S  1	1	479316	479324	1	0	20	pips_40_500-8000.hdf5	both	none
48.9876	1	Stimulus/S  1	1	489876	489884	1	1	40	pips_40_500-8000.hdf5	both	none
50.0436	1	Stimulus/S  1	1	500436	500444	1	2	60	pips_40_500-8000.hdf5	both	none
51.1103	1	Stimulus/S  1	1	511103	511111	1	3	70	pips_40_500-8000.hdf5	both	none
52.1556	1	Stimulus/S  1	1	521556	521564	1	4	50	pips_40_500-8000.hdf5	both	none
53.2223	1	Stimulus/S  1	1	532223	532231	1	5	30	pips_40_500-8000.hdf5	both	none
54.289	1	Stimulus/S  1	1	542890	542898	2	0	20	pips_40_500-8000.hdf5	both	none
55.3556	1	Stimulus/S  1	1	553556	553564	2	1	40	pips_40_500-8000.hdf5	both	none
56.4223	1	Stimulus/S  1	1	564223	564231	2	2	60	pips_40_500-8000.hdf5	both	none
57.489	1	Stimulus/S  1	1	574890	574898	2	3	70	pips_40_500-8000.hdf5	both	none
58.5557	1	Stimulus/S  1	1	585557	585565	2	4	50	pips_40_500-8000.hdf5	both	none
59.6117	1	Stimulus/S  1	1	596117	596125	2	5	30	pips_40_500-8000.hdf5	both	none
60.6784	1	Stimulus/S  1	1	606784	606792	3	0	20	pips_40_500-8000.hdf5	both	none
61.745	1	Stimulus/S  1	1	617450	617458	3	1	40	pips_40_500-8000.hdf5	both	none
62.7904	1	Stimulus/S  1	1	627904	627912	3	2	60	pips_40_500-8000.hdf5	both	none
63.8464	1	Stimulus/S  1	1	638464	638472	3	3	70	pips_40_500-8000.hdf5	both	none
64.8917	1	Stimulus/S  1	1	648917	648925	3	4	50	pips_40_500-8000.hdf5	both	none
65.9478	1	Stimulus/S  1	1	659478	659486	3	5	30	pips_40_500-8000.hdf5	both	none
66.9931	1	Stimulus/S  1	1	669931	669939	4	0	20	pips_40_500-8000.hdf5	both	none
68.0384	1	Stimulus/S  1	1	680384	680392	4	1	40	pips_40_500-8000.hdf5	both	none
69.1051	1	Stimulus/S  1	1	691051	691059	4	2	60	pips_40_500-8000.hdf5	both	none
70.1611	1	Stimulus/S  1	1	701611	701619	4	3	70	pips_40_500-8000.hdf5	both	none
71.2278	1	Stimulus/S  1	1	712278	712286	4	4	50	pips_40_500-8000.hdf5	both	none
72.2732	1	Stimulus/S  1	1	722732	722740	4	5	30	pips_40_500-8000.hdf5	both	none
73.3398	1	Stimulus/S  1	1	733398	733406	5	0	20	pips_40_500-8000.hdf5	both	none
74.4065	1	Stimulus/S  1	1	744065	744073	5	1	40	pips_40_500-8000.hdf5	both	none
75.4732	1	Stimulus/S  1	1	754732	754740	5	2	60	pips_40_500-8000.hdf5	both	none
76.5399	1	Stimulus/S  1	1	765399	765407	5	3	70	pips_40_500-8000.hdf5	both	none
77.6065	1	Stimulus/S  1	1	776065	776073	5	4	50	pips_40_500-8000.hdf5	both	none
78.6625	1	Stimulus/S  1	1	786625	786633	5	5	30	pips_40_500-8000.hdf5	both	none
79.7079	1	Stimulus/S  1	1	797079	797087	6	0	20	pips_40_500-8000.hdf5	both	none
80.7639	1	Stimulus/S  1	1	807639	807647	6	1	40	pips_40_500-8000.hdf5	both	none
81.8092	1	Stimulus/S  1	1	818092	818100	6	2	60	pips_40_500-8000.hdf5	both	none
82.8653	1	Stimulus/S  1	1	828653	828661	6	3	70	pips_40_500-8000.hdf5	both	none
83.9213	1	Stimulus/S  1	1	839213	839221	6	4	50	pips_40_500-8000.hdf5	both	none
84.9773	1	Stimulus/S  1	1	849773	849781	6	5	30	pips_40_500-8000.hdf5	both	none
86.044	1	Stimulus/S  1	1	860440	860448	7	0	20	pips_40_500-8000.hdf5	both	none
87.0893	1	Stimulus/S  1	1	870893	870901	7	1	40	pips_40_500-8000.hdf5	both	none
88.156	1	Stimulus/S  1	1	881560	881568	7	2	60	pips_40_500-8000.hdf5	both	none
89.2227	1	Stimulus/S  1	1	892227	892235	7	3	70	pips_40_500-8000.hdf5	both	none
90.2893	1	Stimulus/S  1	1	902893	902901	7	4	50	pips_40_500-8000.hdf5	both	none
91.356	1	Stimulus/S  1	1	913560	913568	7	5	30	pips_40_500-8000.hdf5	both	none
92.4227	1	Stimulus/S  1	1	924227	924235	8	0	20	pips_40_500-8000.hdf5	both	none
93.4894	1	Stimulus/S  1	1	934894	934902	8	1	40	pips_40_500-8000.hdf5	both	none
94.5454	1	Stimulus/S  1	1	945454	945462	8	2	60	pips_40_500-8000.hdf5	both	none
95.6121	1	Stimulus/S  1	1	956121	956129	8	3	70	pips_40_500-8000.hdf5	both	none
96.6787	1	Stimulus/S  1	1	966787	966795	8	4	50	pips_40_500-8000.hdf5	both	none
97.7241	1	Stimulus/S  1	1	977241	977249	8	5	30	pips_40_500-8000.hdf5	both	none
98.7801	1	Stimulus/S  1	1	987801	987809	9	0	20	pips_40_500-8000.hdf5	both	none
99.8254	1	Stimulus/S  1	1	998254	998262	9	1	40	pips_40_500-8000.hdf5	both	none
100.8814	1	Stimulus/S  1	1	1008814	1008822	9	2	60	pips_40_500-8000.hdf5	both	none
101.9268	1	Stimulus/S  1	1	1019268	1019276	9	3	70	pips_40_500-8000.hdf5	both	none
102.9721	1	Stimulus/S  1	1	1029721	1029729	9	4	50	pips_40_500-8000.hdf5	both	none
104.0281	1	Stimulus/S  1	1	1040281	1040289	9	5	30	pips_40_500-8000.hdf5	both	none
105.0735	1	Stimulus/S  1	1	1050735	1050743	10	0	20	pips_40_500-8000.hdf5	both	none
106.1402	1	Stimulus/S  1	1	1061402	1061410	10	1	40	pips_40_500-8000.hdf5	both	none
107.1962	1	Stimulus/S  1	1	1071962	1071970	10	2	60	pips_40_500-8000.hdf5	both	none
108.2629	1	Stimulus/S  1	1	1082629	1082637	10	3	70	pips_40_500-8000.hdf5	both	none
109.3295	1	Stimulus/S  1	1	1093295	1093303	10	4	50	pips_40_500-8000.hdf5	both	none
110.3962	1	Stimulus/S  1	1	1103962	1103970	10	5	30	pips_40_500-8000.hdf5	both	none
111.4629	1	Stimulus/S  1	1	1114629	1114637	11	0	20	pips_40_500-8000.hdf5	both	none
112.5296	1	Stimulus/S  1	1	1125296	1125304	11	1	40	pips_40_500-8000.hdf5	both	none
113.5962	1	Stimulus/S  1	1	1135962	1135970	11	2	60	pips_40_500-8000.hdf5	both	none
114.6416	1	Stimulus/S  1	1	1146416	1146424	11	3	70	pips_40_500-8000.hdf5	both	none
115.6976	1	Stimulus/S  1	1	1156976	1156984	11	4	50	pips_40_500-8000.hdf5	both	none
116.7429	1	Stimulus/S  1	1	1167429	1167437	11	5	30	pips_40_500-8000.hdf5	both	none
117.7883	1	Stimulus/S  1	1	1177883	1177891	12	0	20	pips_40_500-8000.hdf5	both	none
118.8443	1	Stimulus/S  1	1	1188443	1188451	12	1	40	pips_40_500-8000.hdf5	both	none
119.8896	1	Stimulus/S  1	1	1198896	1198904	12	2	60	pips_40_500-8000.hdf5	both	none
120.9457	1	Stimulus/S  1	1	1209457	1209465	12	3	70	pips_40_500-8000.hdf5	both	none
121.991	1	Stimulus/S  1	1	1219910	1219918	12	4	50	pips_40_500-8000.hdf5	both	none
123.0577	1	Stimulus/S  1	1	1230577	1230585	12	5	30	pips_40_500-8000.hdf5	both	none
124.1137	1	Stimulus/S  1	1	1241137	1241145	13	0	20	pips_40_500-8000.hdf5	both	none
125.1804	1	Stimulus/S  1	1	1251804	1251812	13	1	40	pips_40_500-8000.hdf5	both	none
126.2257	1	Stimulus/S  1	1	1262257	1262265	13	2	60	pips_40_500-8000.hdf5	both	none
127.2924	1	Stimulus/S  1	1	1272924	1272932	13	3	70	pips_40_500-8000.hdf5	both	none
128.3591	1	Stimulus/S  1	1	1283591	1283599	13	4	50	pips_40_500-8000.hdf5	both	none
129.4257	1	Stimulus/S  1	1	1294257	1294265	13	5	30	pips_40_500-8000.hdf5	both	none
130.4924	1	Stimulus/S  1	1	1304924	1304932	14	0	20	pips_40_500-8000.hdf5	both	none
131.5591	1	Stimulus/S  1	1	1315591	1315599	14	1	40	pips_40_500-8000.hdf5	both	none
132.6258	1	Stimulus/S  1	1	1326258	1326266	14	2	60	pips_40_500-8000.hdf5	both	none
133.6818	1	Stimulus/S  1	1	1336818	1336826	14	3	70	pips_40_500-8000.hdf5	both	none
134.7485	1	Stimulus/S  1	1	1347485	1347493	14	4	50	pips_40_500-8000.hdf5	both	none
135.7938	1	Stimulus/S  1	1	1357938	1357946	14	5	30	pips_40_500-8000.hdf5	both	none
136.8391	1	Stimulus/S  1	1	1368391	1368399	15	0	20	pips_40_500-8000.hdf5	both	none
137.8952	1	Stimulus/S  1	1	1378952	1378960	15	1	40	pips_40_500-8000.hdf5	both	none
138.9618	1	Stimulus/S  1	1	1389618	1389626	15	2	60	pips_40_500-8000.hdf5	both	none
140.0072	1	Stimulus/S  1	1	1400072	1400080	15	3	70	pips_40_500-8000.hdf5	both	none
141.0739	1	Stimulus/S  1	1	1410739	1410747	15	4	50	pips_40_500-8000.hdf5	both	none
142.1299	1	Stimulus/S  1	1	1421299	1421307	15	5	30	pips_40_500-8000.hdf5	both	none
143.1965	1	Stimulus/S  1	1	1431965	1431973	16	0	20	pips_40_500-8000.hdf5	both	none
144.2419	1	Stimulus/S  1	1	1442419	1442427	16	1	40	pips_40_500-8000.hdf5	both	none
145.3086	1	Stimulus/S  1	1	1453086	1453094	16	2	60	pips_40_500-8000.hdf5	both	none
146.3752	1	Stimulus/S  1	1	1463752	1463760	16	3	70	pips_40_500-8000.hdf5	both	none
147.4419	1	Stimulus/S  1	1	1474419	1474427	16	4	50	pips_40_500-8000.hdf5	both	none
148.5086	1	Stimulus/S  1	1	1485086	1485094	16	5	30	pips_40_500-8000.hdf5	both	none
149.5753	1	Stimulus/S  1	1	1495753	1495761	17	0	20	pips_40_500-8000.hdf5	both	none
150.642	1	Stimulus/S  1	1	1506420	1506428	17	1	40	pips_40_500-8000.hdf5	both	none
151.698	1	Stimulus/S  1	1	1516980	1516988	17	2	60	pips_40_500-8000.hdf5	both	none
152.7646	1	Stimulus/S  1	1	1527646	1527654	17	3	70	pips_40_500-8000.hdf5	both	none
153.8313	1	Stimulus/S  1	1	1538313	1538321	17	4	50	pips_40_500-8000.hdf5	both	none
154.8767	1	Stimulus/S  1	1	1548767	1548775	17	5	30	pips_40_500-8000.hdf5	both	none
155.9433	1	Stimulus/S  1	1	1559433	1559441	18	0	20	pips_40_500-8000.hdf5	both	none
156.9887	1	Stimulus/S  1	1	1569887	1569895	18	1	40	pips_40_500-8000.hdf5	both	none
158.0447	1	Stimulus/S  1	1	1580447	1580455	18	2	60	pips_40_500-8000.hdf5	both	none
159.09	1	Stimulus/S  1	1	1590900	1590908	18	3	70	pips_40_500-8000.hdf5	both	none
160.1461	1	Stimulus/S  1	1	1601461	1601469	18	4	50	pips_40_500-8000.hdf5	both	none
161.1914	1	Stimulus/S  1	1	1611914	1611922	18	5	30	pips_40_500-8000.hdf5	both	none
162.2474	1	Stimulus/S  1	1	1622474	1622482	19	0	20	pips_40_500-8000.hdf5	both	none
163.2928	1	Stimulus/S  1	1	1632928	1632936	19	1	40	pips_40_500-8000.hdf5	both	none
164.3488	1	Stimulus/S  1	1	1643488	1643496	19	2	60	pips_40_500-8000.hdf5	both	none
165.3941	1	Stimulus/S  1	1	1653941	1653949	19	3	70	pips_40_500-8000.hdf5	both	none
166.4395	1	Stimulus/S  1	1	1664395	1664403	19	4	50	pips_40_500-8000.hdf5	both	none
167.5061	1	Stimulus/S  1	1	1675061	1675069	19	5	30	pips_40_500-8000.hdf5	both	none
168.5728	1	Stimulus/S  1	1	1685728	1685736	20	0	20	pips_40_500-8000.hdf5	both	none
169.6395	1	Stimulus/S  1	1	1696395	1696403	20	1	40	pips_40_500-8000.hdf5	both	none
170.7062	1	Stimulus/S  1	1	1707062	1707070	20	2	60	pips_40_500-8000.hdf5	both	none
171.7728	1	Stimulus/S  1	1	1717728	1717736	20	3	70	pips_40_500-8000.hdf5	both	none
172.8395	1	Stimulus/S  1	1	1728395	1728403	20	4	50	pips_40_500-8000.hdf5	both	none
173.8955	1	Stimulus/S  1	1	1738955	1738963	20	5	30	pips_40_500-8000.hdf5	both	none
174.9622	1	Stimulus/S  1	1	1749622	1749630	21	0	20	pips_40_500-8000.hdf5	both	none
176.0075	1	Stimulus/S  1	1	1760075	1760083	21	1	40	pips_40_500-8000.hdf5	both	none
177.0742	1	Stimulus/S  1	1	1770742	1770750	21	2	60	pips_40_500-8000.hdf5	both	none
178.1302	1	Stimulus/S  1	1	1781302	1781310	21	3	70	pips_40_500-8000.hdf5	both	none
179.1969	1	Stimulus/S  1	1	1791969	1791977	21	4	50	pips_40_500-8000.hdf5	both	none
180.2423	1	Stimulus/S  1	1	1802423	1802431	21	5	30	pips_40_500-8000.hdf5	both	none
181.2983	1	Stimulus/S  1	1	1812983	1812991	22	0	20	pips_40_500-8000.hdf5	both	none
182.3436	1	Stimulus/S  1	1	1823436	1823444	22	1	40	pips_40_500-8000.hdf5	both	none
183.3996	1	Stimulus/S  1	1	1833996	1834004	22	2	60	pips_40_500-8000.hdf5	both	none
184.445	1	Stimulus/S  1	1	1844450	1844458	22	3	70	pips_40_500-8000.hdf5	both	none
185.5116	1	Stimulus/S  1	1	1855116	1855124	22	4	50	pips_40_500-8000.hdf5	both	none
186.557	1	Stimulus/S  1	1	1865570	1865578	22	5	30	pips_40_500-8000.hdf5	both	none
187.6237	1	Stimulus/S  1	1	1876237	1876245	23	0	20	pips_40_500-8000.hdf5	both	none
188.6797	1	Stimulus/S  1	1	1886797	1886805	23	1	40	pips_40_500-8000.hdf5	both	none
189.7464	1	Stimulus/S  1	1	1897464	1897472	23	2	60	pips_40_500-8000.hdf5	both	none
190.813	1	Stimulus/S  1	1	1908130	1908138	23	3	70	pips_40_500-8000.hdf5	both	none
191.8797	1	Stimulus/S  1	1	1918797	1918805	23	4	50	pips_40_500-8000.hdf5	both	none
192.9464	1	Stimulus/S  1	1	1929464	1929472	23	5	30	pips_40_500-8000.hdf5	both	none
194.0131	1	Stimulus/S  1	1	1940131	1940139	24	0	20	pips_40_500-8000.hdf5	both	none
195.0797	1	Stimulus/S  1	1	1950797	1950805	24	1	40	pips_40_500-8000.hdf5	both	none
196.1464	1	Stimulus/S  1	1	1961464	1961472	24	2	60	pips_40_500-8000.hdf5	both	none
197.2131	1	Stimulus/S  1	1	1972131	1972139	24	3	70	pips_40_500-8000.hdf5	both	none
198.2798	1	Stimulus/S  1	1	1982798	1982806	24	4	50	pips_40_500-8000.hdf5	both	none
199.3251	1	Stimulus/S  1	1	1993251	1993259	24	5	30	pips_40_500-8000.hdf5	both	none
200.3811	1	Stimulus/S  1	1	2003811	2003819	25	0	20	pips_40_500-8000.hdf5	both	none
201.4478	1	Stimulus/S  1	1	2014478	2014486	25	1	40	pips_40_500-8000.hdf5	both	none
202.4932	1	Stimulus/S  1	1	2024932	2024940	25	2	60	pips_40_500-8000.hdf5	both	none
203.5598	1	Stimulus/S  1	1	2035598	2035606	25	3	70	pips_40_500-8000.hdf5	both	none
204.6158	1	Stimulus/S  1	1	2046158	2046166	25	4	50	pips_40_500-8000.hdf5	both	none
205.6825	1	Stimulus/S  1	1	2056825	2056833	25	5	30	pips_40_500-8000.hdf5	both	none
206.7492	1	Stimulus/S  1	1	2067492	2067500	26	0	20	pips_40_500-8000.hdf5	both	none
207.8159	1	Stimulus/S  1	1	2078159	2078167	26	1	40	pips_40_500-8000.hdf5	both	none
208.8826	1	Stimulus/S  1	1	2088826	2088834	26	2	60	pips_40_500-8000.hdf5	both	none
209.9492	1	Stimulus/S  1	1	2099492	2099500	26	3	70	pips_40_500-8000.hdf5	both	none
211.0159	1	Stimulus/S  1	1	2110159	2110167	26	4	50	pips_40_500-8000.hdf5	both	none
212.0613	1	Stimulus/S  1	1	2120613	2120621	26	5	30	pips_40_500-8000.hdf5	both	none
213.1279	1	Stimulus/S  1	1	2131279	2131287	27	0	20	pips_40_500-8000.hdf5	both	none
214.1733	1	Stimulus/S  1	1	2141733	2141741	27	1	40	pips_40_500-8000.hdf5	both	none
215.24	1	Stimulus/S  1	1	2152400	2152408	27	2	60	pips_40_500-8000.hdf5	both	none
216.296	1	Stimulus/S  1	1	2162960	2162968	27	3	70	pips_40_500-8000.hdf5	both	none
217.3413	1	Stimulus/S  1	1	2173413	2173421	27	4	50	pips_40_500-8000.hdf5	both	none
218.3973	1	Stimulus/S  1	1	2183973	2183981	27	5	30	pips_40_500-8000.hdf5	both	none
219.4427	1	Stimulus/S  1	1	2194427	2194435	28	0	20	pips_40_500-8000.hdf5	both	none
220.4987	1	Stimulus/S  1	1	2204987	2204995	28	1	40	pips_40_500-8000.hdf5	both	none
221.5653	1	Stimulus/S  1	1	2215653	2215661	28	2	60	pips_40_500-8000.hdf5	both	none
222.6107	1	Stimulus/S  1	1	2226107	2226115	28	3	70	pips_40_500-8000.hdf5	both	none
223.6774	1	Stimulus/S  1	1	2236774	2236782	28	4	50	pips_40_500-8000.hdf5	both	none
224.7334	1	Stimulus/S  1	1	2247334	2247342	28	5	30	pips_40_500-8000.hdf5	both	none
225.8001	1	Stimulus/S  1	1	2258001	2258009	29	0	20	pips_40_500-8000.hdf5	both	none
226.8667	1	Stimulus/S  1	1	2268667	2268675	29	1	40	pips_40_500-8000.hdf5	both	none
227.9334	1	Stimulus/S  1	1	2279334	2279342	29	2	60	pips_40_500-8000.hdf5	both	none
229.0001	1	Stimulus/S  1	1	2290001	2290009	29	3	70	pips_40_500-8000.hdf5	both	none
230.0668	1	Stimulus/S  1	1	2300668	2300676	29	4	50	pips_40_500-8000.hdf5	both	none
231.1334	1	Stimulus/S  1	1	2311334	2311342	29	5	30	pips_40_500-8000.hdf5	both	none
232.1788	1	Stimulus/S  1	1	2321788	2321796	30	0	20	pips_40_500-8000.hdf5	both	none
233.2455	1	Stimulus/S  1	1	2332455	2332463	30	1	40	pips_40_500-8000.hdf5	both	none
234.2908	1	Stimulus/S  1	1	2342908	2342916	30	2	60	pips_40_500-8000.hdf5	both	none
235.3682	1	Stimulus/S  1	1	2353682	2353690	30	3	70	pips_40_500-8000.hdf5	both	none
236.4135	1	Stimulus/S  1	1	2364135	2364143	30	4	50	pips_40_500-8000.hdf5	both	none
237.4588	1	Stimulus/S  1	1	2374588	2374596	30	5	30	pips_40_500-8000.hdf5	both	none
238.5149	1	Stimulus/S  1	1	2385149	2385157	31	0	20	pips_40_500-8000.hdf5	both	none
239.5602	1	Stimulus/S  1	1	2395602	2395610	31	1	40	pips_40_500-8000.hdf5	both	none
240.6162	1	Stimulus/S  1	1	2406162	2406170	31	2	60	pips_40_500-8000.hdf5	both	none
241.6829	1	Stimulus/S  1	1	2416829	2416837	31	3	70	pips_40_500-8000.hdf5	both	none
242.7282	1	Stimulus/S  1	1	2427282	2427290	31	4	50	pips_40_500-8000.hdf5	both	none
243.7949	1	Stimulus/S  1	1	2437949	2437957	31	5	30	pips_40_500-8000.hdf5	both	none
244.8509	1	Stimulus/S  1	1	2448509	2448517	32	0	20	pips_40_500-8000.hdf5	both	none
245.9176	1	Stimulus/S  1	1	2459176	2459184	32	1	40	pips_40_500-8000.hdf5	both	none
246.9843	1	Stimulus/S  1	1	2469843	2469851	32	2	60	pips_40_500-8000.hdf5	both	none
248.051	1	Stimulus/S  1	1	2480510	2480518	32	3	70	pips_40_500-8000.hdf5	both	none
249.1176	1	Stimulus/S  1	1	2491176	2491184	32	4	50	pips_40_500-8000.hdf5	both	none
250.1843	1	Stimulus/S  1	1	2501843	2501851	32	5	30	pips_40_500-8000.hdf5	both	none
251.251	1	Stimulus/S  1	1	2512510	2512518	33	0	20	pips_40_500-8000.hdf5	both	none
252.2963	1	Stimulus/S  1	1	2522963	2522971	33	1	40	pips_40_500-8000.hdf5	both	none
253.363	1	Stimulus/S  1	1	2533630	2533638	33	2	60	pips_40_500-8000.hdf5	both	none
254.4084	1	Stimulus/S  1	1	2544084	2544092	33	3	70	pips_40_500-8000.hdf5	both	none
255.475	1	Stimulus/S  1	1	2554750	2554758	33	4	50	pips_40_500-8000.hdf5	both	none
256.531	1	Stimulus/S  1	1	2565310	2565318	33	5	30	pips_40_500-8000.hdf5	both	none
257.5764	1	Stimulus/S  1	1	2575764	2575772	34	0	20	pips_40_500-8000.hdf5	both	none
258.6324	1	Stimulus/S  1	1	2586324	2586332	34	1	40	pips_40_500-8000.hdf5	both	none
259.6777	1	Stimulus/S  1	1	2596777	2596785	34	2	60	pips_40_500-8000.hdf5	both	none
260.7337	1	Stimulus/S  1	1	2607337	2607345	34	3	70	pips_40_500-8000.hdf5	both	none
261.8004	1	Stimulus/S  1	1	2618004	2618012	34	4	50	pips_40_500-8000.hdf5	both	none
262.8458	1	Stimulus/S  1	1	2628458	2628466	34	5	30	pips_40_500-8000.hdf5	both	none
263.9124	1	Stimulus/S  1	1	2639124	2639132	35	0	20	pips_40_500-8000.hdf5	both	none
264.9578	1	Stimulus/S  1	1	2649578	2649586	35	1	40	pips_40_500-8000.hdf5	both	none
266.0245	1	Stimulus/S  1	1	2660245	2660253	35	2	60	pips_40_500-8000.hdf5	both	none
267.0911	1	Stimulus/S  1	1	2670911	2670919	35	3	70	pips_40_500-8000.hdf5	both	none
268.1578	1	Stimulus/S  1	1	2681578	2681586	35	4	50	pips_40_500-8000.hdf5	both	none
269.2245	1	Stimulus/S  1	1	2692245	2692253	35	5	30	pips_40_500-8000.hdf5	both	none
270.2912	1	Stimulus/S  1	1	2702912	2702920	36	0	20	pips_40_500-8000.hdf5	both	none
271.3579	1	Stimulus/S  1	1	2713579	2713587	36	1	40	pips_40_500-8000.hdf5	both	none
272.4245	1	Stimulus/S  1	1	2724245	2724253	36	2	60	pips_40_500-8000.hdf5	both	none
273.4912	1	Stimulus/S  1	1	2734912	2734920	36	3	70	pips_40_500-8000.hdf5	both	none
274.5579	1	Stimulus/S  1	1	2745579	2745587	36	4	50	pips_40_500-8000.hdf5	both	none
275.6139	1	Stimulus/S  1	1	2756139	2756147	36	5	30	pips_40_500-8000.hdf5	both	none
276.6806	1	Stimulus/S  1	1	2766806	2766814	37	0	20	pips_40_500-8000.hdf5	both	none
277.7259	1	Stimulus/S  1	1	2777259	2777267	37	1	40	pips_40_500-8000.hdf5	both	none
278.7819	1	Stimulus/S  1	1	2787819	2787827	37	2	60	pips_40_500-8000.hdf5	both	none
279.8273	1	Stimulus/S  1	1	2798273	2798281	37	3	70	pips_40_500-8000.hdf5	both	none
280.8833	1	Stimulus/S  1	1	2808833	2808841	37	4	50	pips_40_500-8000.hdf5	both	none
281.9286	1	Stimulus/S  1	1	2819286	2819294	37	5	30	pips_40_500-8000.hdf5	both	none
282.9846	1	Stimulus/S  1	1	2829846	2829854	38	0	20	pips_40_500-8000.hdf5	both	none
284.0513	1	Stimulus/S  1	1	2840513	2840521	38	1	40	pips_40_500-8000.hdf5	both	none
285.118	1	Stimulus/S  1	1	2851180	2851188	38	2	60	pips_40_500-8000.hdf5	both	none
286.1847	1	Stimulus/S  1	1	2861847	2861855	38	3	70	pips_40_500-8000.hdf5	both	none
287.23	1	Stimulus/S  1	1	2872300	2872308	38	4	50	pips_40_500-8000.hdf5	both	none
288.2967	1	Stimulus/S  1	1	2882967	2882975	38	5	30	pips_40_500-8000.hdf5	both	none
289.342	1	Stimulus/S  1	1	2893420	2893428	39	0	20	pips_40_500-8000.hdf5	both	none
290.3981	1	Stimulus/S  1	1	2903981	2903989	39	1	40	pips_40_500-8000.hdf5	both	none
291.4434	1	Stimulus/S  1	1	2914434	2914442	39	2	60	pips_40_500-8000.hdf5	both	none
292.4994	1	Stimulus/S  1	1	2924994	2925002	39	3	70	pips_40_500-8000.hdf5	both	none
293.5448	1	Stimulus/S  1	1	2935448	2935456	39	4	50	pips_40_500-8000.hdf5	both	none
294.6008	1	Stimulus/S  1	1	2946008	2946016	39	5	30	pips_40_500-8000.hdf5	both	none
295.6461	1	Stimulus/S  1	1	2956461	2956469	40	0	20	pips_40_500-8000.hdf5	both	none
296.6915	1	Stimulus/S  1	1	2966915	2966923	40	1	40	pips_40_500-8000.hdf5	both	none
297.7475	1	Stimulus/S  1	1	2977475	2977483	40	2	60	pips_40_500-8000.hdf5	both	none
298.7928	1	Stimulus/S  1	1	2987928	2987936	40	3	70	pips_40_500-8000.hdf5	both	none
299.8595	1	Stimulus/S  1	1	2998595	2998603	40	4	50	pips_40_500-8000.hdf5	both	none
300.9262	1	Stimulus/S  1	1	3009262	3009270	40	5	30	pips_40_500-8000.hdf5	both	none
301.9928	1	Stimulus/S  1	1	3019928	3019936	41	0	20	pips_40_500-8000.hdf5	both	none
303.0595	1	Stimulus/S  1	1	3030595	3030603	41	1	40	pips_40_500-8000.hdf5	both	none
304.1262	1	Stimulus/S  1	1	3041262	3041270	41	2	60	pips_40_500-8000.hdf5	both	none
305.1929	1	Stimulus/S  1	1	3051929	3051937	41	3	70	pips_40_500-8000.hdf5	both	none
306.2489	1	Stimulus/S  1	1	3062489	3062497	41	4	50	pips_40_500-8000.hdf5	both	none
307.3156	1	Stimulus/S  1	1	3073156	3073164	41	5	30	pips_40_500-8000.hdf5	both	none
308.3822	1	Stimulus/S  1	1	3083822	3083830	42	0	20	pips_40_500-8000.hdf5	both	none
309.4276	1	Stimulus/S  1	1	3094276	3094284	42	1	40	pips_40_500-8000.hdf5	both	none
310.4836	1	Stimulus/S  1	1	3104836	3104844	42	2	60	pips_40_500-8000.hdf5	both	none
311.5289	1	Stimulus/S  1	1	3115289	3115297	42	3	70	pips_40_500-8000.hdf5	both	none
312.5849	1	Stimulus/S  1	1	3125849	3125857	42	4	50	pips_40_500-8000.hdf5	both	none
313.6303	1	Stimulus/S  1	1	3136303	3136311	42	5	30	pips_40_500-8000.hdf5	both	none
314.6756	1	Stimulus/S  1	1	3146756	3146764	43	0	20	pips_40_500-8000.hdf5	both	none
315.7423	1	Stimulus/S  1	1	3157423	3157431	43	1	40	pips_40_500-8000.hdf5	both	none
316.7983	1	Stimulus/S  1	1	3167983	3167991	43	2	60	pips_40_500-8000.hdf5	both	none
317.865	1	Stimulus/S  1	1	3178650	3178658	43	3	70	pips_40_500-8000.hdf5	both	none
318.9103	1	Stimulus/S  1	1	3189103	3189111	43	4	50	pips_40_500-8000.hdf5	both	none
319.977	1	Stimulus/S  1	1	3199770	3199778	43	5	30	pips_40_500-8000.hdf5	both	none
321.0437	1	Stimulus/S  1	1	3210437	3210445	44	0	20	pips_40_500-8000.hdf5	both	none
322.1104	1	Stimulus/S  1	1	3221104	3221112	44	1	40	pips_40_500-8000.hdf5	both	none
323.1771	1	Stimulus/S  1	1	3231771	3231779	44	2	60	pips_40_500-8000.hdf5	both	none
324.2437	1	Stimulus/S  1	1	3242437	3242445	44	3	70	pips_40_500-8000.hdf5	both	none
325.3104	1	Stimulus/S  1	1	3253104	3253112	44	4	50	pips_40_500-8000.hdf5	both	none
326.3771	1	Stimulus/S  1	1	3263771	3263779	44	5	30	pips_40_500-8000.hdf5	both	none
327.4438	1	Stimulus/S  1	1	3274438	3274446	45	0	20	pips_40_500-8000.hdf5	both	none
328.5104	1	Stimulus/S  1	1	3285104	3285112	45	1	40	pips_40_500-8000.hdf5	both	none
329.5771	1	Stimulus/S  1	1	3295771	3295779	45	2	60	pips_40_500-8000.hdf5	both	none
330.6438	1	Stimulus/S  1	1	3306438	3306446	45	3	70	pips_40_500-8000.hdf5	both	none
331.7105	1	Stimulus/S  1	1	3317105	3317113	45	4	50	pips_40_500-8000.hdf5	both	none
332.7665	1	Stimulus/S  1	1	3327665	3327673	45	5	30	pips_40_500-8000.hdf5	both	none
333.8332	1	Stimulus/S  1	1	3338332	3338340	46	0	20	pips_40_500-8000.hdf5	both	none
334.8785	1	Stimulus/S  1	1	3348785	3348793	46	1	40	pips_40_500-8000.hdf5	both	none
335.9452	1	Stimulus/S  1	1	3359452	3359460	46	2	60	pips_40_500-8000.hdf5	both	none
337.0012	1	Stimulus/S  1	1	3370012	3370020	46	3	70	pips_40_500-8000.hdf5	both	none
338.0465	1	Stimulus/S  1	1	3380465	3380473	46	4	50	pips_40_500-8000.hdf5	both	none
339.1025	1	Stimulus/S  1	1	3391025	3391033	46	5	30	pips_40_500-8000.hdf5	both	none
340.1479	1	Stimulus/S  1	1	3401479	3401487	47	0	20	pips_40_500-8000.hdf5	both	none
341.1932	1	Stimulus/S  1	1	3411932	3411940	47	1	40	pips_40_500-8000.hdf5	both	none
342.2599	1	Stimulus/S  1	1	3422599	3422607	47	2	60	pips_40_500-8000.hdf5	both	none
343.3159	1	Stimulus/S  1	1	3433159	3433167	47	3	70	pips_40_500-8000.hdf5	both	none
344.3826	1	Stimulus/S  1	1	3443826	3443834	47	4	50	pips_40_500-8000.hdf5	both	none
345.4279	1	Stimulus/S  1	1	3454279	3454287	47	5	30	pips_40_500-8000.hdf5	both	none
346.4946	1	Stimulus/S  1	1	3464946	3464954	48	0	20	pips_40_500-8000.hdf5	both	none
347.5613	1	Stimulus/S  1	1	3475613	3475621	48	1	40	pips_40_500-8000.hdf5	both	none
348.628	1	Stimulus/S  1	1	3486280	3486288	48	2	60	pips_40_500-8000.hdf5	both	none
349.6947	1	Stimulus/S  1	1	3496947	3496955	48	3	70	pips_40_500-8000.hdf5	both	none
350.7613	1	Stimulus/S  1	1	3507613	3507621	48	4	50	pips_40_500-8000.hdf5	both	none
351.828	1	Stimulus/S  1	1	3518280	3518288	48	5	30	pips_40_500-8000.hdf5	both	none
352.884	1	Stimulus/S  1	1	3528840	3528848	49	0	20	pips_40_500-8000.hdf5	both	none
353.9507	1	Stimulus/S  1	1	3539507	3539515	49	1	40	pips_40_500-8000.hdf5	both	none
354.996	1	Stimulus/S  1	1	3549960	3549968	49	2	60	pips_40_500-8000.hdf5	both	none
356.0627	1	Stimulus/S  1	1	3560627	3560635	49	3	70	pips_40_500-8000.hdf5	both	none
357.1187	1	Stimulus/S  1	1	3571187	3571195	49	4	50	pips_40_500-8000.hdf5	both	none
358.1641	1	Stimulus/S  1	1	3581641	3581649	49	5	30	pips_40_500-8000.hdf5	both	none
359.2094	1	Stimulus/S  1	1	3592094	3592102	50	0	20	pips_40_500-8000.hdf5	both	none
360.2761	1	Stimulus/S  1	1	3602761	3602769	50	1	40	pips_40_500-8000.hdf5	both	none
361.3321	1	Stimulus/S  1	1	3613321	3613329	50	2	60	pips_40_500-8000.hdf5	both	none
362.3988	1	Stimulus/S  1	1	3623988	3623996	50	3	70	pips_40_500-8000.hdf5	both	none
363.4441	1	Stimulus/S  1	1	3634441	3634449	50	4	50	pips_40_500-8000.hdf5	both	none
364.5108	1	Stimulus/S  1	1	3645108	3645116	50	5	30	pips_40_500-8000.hdf5	both	none
365.5775	1	Stimulus/S  1	1	3655775	3655783	51	0	20	pips_40_500-8000.hdf5	both	none
366.6442	1	Stimulus/S  1	1	3666442	3666450	51	1	40	pips_40_500-8000.hdf5	both	none
367.7108	1	Stimulus/S  1	1	3677108	3677116	51	2	60	pips_40_500-8000.hdf5	both	none
368.7775	1	Stimulus/S  1	1	3687775	3687783	51	3	70	pips_40_500-8000.hdf5	both	none
369.8442	1	Stimulus/S  1	1	3698442	3698450	51	4	50	pips_40_500-8000.hdf5	both	none
370.9109	1	Stimulus/S  1	1	3709109	3709117	51	5	30	pips_40_500-8000.hdf5	both	none
371.9776	1	Stimulus/S  1	1	3719776	3719784	52	0	20	pips_40_500-8000.hdf5	both	none
373.0442	1	Stimulus/S  1	1	3730442	3730450	52	1	40	pips_40_500-8000.hdf5	both	none
374.1002	1	Stimulus/S  1	1	3741002	3741010	52	2	60	pips_40_500-8000.hdf5	both	none
375.1669	1	Stimulus/S  1	1	3751669	3751677	52	3	70	pips_40_500-8000.hdf5	both	none
376.2123	1	Stimulus/S  1	1	3762123	3762131	52	4	50	pips_40_500-8000.hdf5	both	none
377.2789	1	Stimulus/S  1	1	3772789	3772797	52	5	30	pips_40_500-8000.hdf5	both	none
378.3349	1	Stimulus/S  1	1	3783349	3783357	53	0	20	pips_40_500-8000.hdf5	both	none
379.3803	1	Stimulus/S  1	1	3793803	3793811	53	1	40	pips_40_500-8000.hdf5	both	none
380.4363	1	Stimulus/S  1	1	3804363	3804371	53	2	60	pips_40_500-8000.hdf5	both	none
381.4816	1	Stimulus/S  1	1	3814816	3814824	53	3	70	pips_40_500-8000.hdf5	both	none
382.527	1	Stimulus/S  1	1	3825270	3825278	53	4	50	pips_40_500-8000.hdf5	both	none
383.5937	1	Stimulus/S  1	1	3835937	3835945	53	5	30	pips_40_500-8000.hdf5	both	none
384.6497	1	Stimulus/S  1	1	3846497	3846505	54	0	20	pips_40_500-8000.hdf5	both	none
385.7164	1	Stimulus/S  1	1	3857164	3857172	54	1	40	pips_40_500-8000.hdf5	both	none
386.7617	1	Stimulus/S  1	1	3867617	3867625	54	2	60	pips_40_500-8000.hdf5	both	none
387.8284	1	Stimulus/S  1	1	3878284	3878292	54	3	70	pips_40_500-8000.hdf5	both	none
388.8951	1	Stimulus/S  1	1	3888951	3888959	54	4	50	pips_40_500-8000.hdf5	both	none
389.9617	1	Stimulus/S  1	1	3899617	3899625	54	5	30	pips_40_500-8000.hdf5	both	none
391.0284	1	Stimulus/S  1	1	3910284	3910292	55	0	20	pips_40_500-8000.hdf5	both	none
392.0951	1	Stimulus/S  1	1	3920951	3920959	55	1	40	pips_40_500-8000.hdf5	both	none
393.1618	1	Stimulus/S  1	1	3931618	3931626	55	2	60	pips_40_500-8000.hdf5	both	none
394.2284	1	Stimulus/S  1	1	3942284	3942292	55	3	70	pips_40_500-8000.hdf5	both	none
395.2951	1	Stimulus/S  1	1	3952951	3952959	55	4	50	pips_40_500-8000.hdf5	both	none
396.3618	1	Stimulus/S  1	1	3963618	3963626	55	5	30	pips_40_500-8000.hdf5	both	none
397.4285	1	Stimulus/S  1	1	3974285	3974293	56	0	20	pips_40_500-8000.hdf5	both	none
398.4952	1	Stimulus/S  1	1	3984952	3984960	56	1	40	pips_40_500-8000.hdf5	both	none
399.5618	1	Stimulus/S  1	1	3995618	3995626	56	2	60	pips_40_500-8000.hdf5	both	none
400.6178	1	Stimulus/S  1	1	4006178	4006186	56	3	70	pips_40_500-8000.hdf5	both	none
401.6845	1	Stimulus/S  1	1	4016845	4016853	56	4	50	pips_40_500-8000.hdf5	both	none
402.7299	1	Stimulus/S  1	1	4027299	4027307	56	5	30	pips_40_500-8000.hdf5	both	none
403.7965	1	Stimulus/S  1	1	4037965	4037973	57	0	20	pips_40_500-8000.hdf5	both	none
404.8526	1	Stimulus/S  1	1	4048526	4048534	57	1	40	pips_40_500-8000.hdf5	both	none
405.8979	1	Stimulus/S  1	1	4058979	4058987	57	2	60	pips_40_500-8000.hdf5	both	none
406.9539	1	Stimulus/S  1	1	4069539	4069547	57	3	70	pips_40_500-8000.hdf5	both	none
407.9993	1	Stimulus/S  1	1	4079993	4080001	57	4	50	pips_40_500-8000.hdf5	both	none
409.0446	1	Stimulus/S  1	1	4090446	4090454	57	5	30	pips_40_500-8000.hdf5	both	none
410.1113	1	Stimulus/S  1	1	4101113	4101121	58	0	20	pips_40_500-8000.hdf5	both	none
411.1673	1	Stimulus/S  1	1	4111673	4111681	58	1	40	pips_40_500-8000.hdf5	both	none
412.234	1	Stimulus/S  1	1	4122340	4122348	58	2	60	pips_40_500-8000.hdf5	both	none
413.2793	1	Stimulus/S  1	1	4132793	4132801	58	3	70	pips_40_500-8000.hdf5	both	none
414.3353	1	Stimulus/S  1	1	4143353	4143361	58	4	50	pips_40_500-8000.hdf5	both	none
415.3807	1	Stimulus/S  1	1	4153807	4153815	58	5	30	pips_40_500-8000.hdf5	both	none
416.4473	1	Stimulus/S  1	1	4164473	4164481	59	0	20	pips_40_500-8000.hdf5	both	none
417.514	1	Stimulus/S  1	1	4175140	4175148	59	1	40	pips_40_500-8000.hdf5	both	none
418.57	1	Stimulus/S  1	1	4185700	4185708	59	2	60	pips_40_500-8000.hdf5	both	none
419.6367	1	Stimulus/S  1	1	4196367	4196375	59	3	70	pips_40_500-8000.hdf5	both	none
420.7034	1	Stimulus/S  1	1	4207034	4207042	59	4	50	pips_40_500-8000.hdf5	both	none
421.7701	1	Stimulus/S  1	1	4217701	4217709	59	5	30	pips_40_500-8000.hdf5	both	none
422.8367	1	Stimulus/S  1	1	4228367	4228375	60	0	20	pips_40_500-8000.hdf5	both	none
423.9034	1	Stimulus/S  1	1	4239034	4239042	60	1	40	pips_40_500-8000.hdf5	both	none
424.9701	1	Stimulus/S  1	1	4249701	4249709	60	2	60	pips_40_500-8000.hdf5	both	none
426.0154	1	Stimulus/S  1	1	4260154	4260162	60	3	70	pips_40_500-8000.hdf5	both	none
427.0821	1	Stimulus/S  1	1	4270821	4270829	60	4	50	pips_40_500-8000.hdf5	both	none
428.1275	1	Stimulus/S  1	1	4281275	4281283	60	5	30	pips_40_500-8000.hdf5	both	none
429.1835	1	Stimulus/S  1	1	4291835	4291843	61	0	20	pips_40_500-8000.hdf5	both	none
430.2288	1	Stimulus/S  1	1	4302288	4302296	61	1	40	pips_40_500-8000.hdf5	both	none
431.2848	1	Stimulus/S  1	1	4312848	4312856	61	2	60	pips_40_500-8000.hdf5	both	none
432.3302	1	Stimulus/S  1	1	4323302	4323310	61	3	70	pips_40_500-8000.hdf5	both	none
433.3862	1	Stimulus/S  1	1	4333862	4333870	61	4	50	pips_40_500-8000.hdf5	both	none
434.4315	1	Stimulus/S  1	1	4344315	4344323	61	5	30	pips_40_500-8000.hdf5	both	none
435.4875	1	Stimulus/S  1	1	4354875	4354883	62	0	20	pips_40_500-8000.hdf5	both	none
436.5329	1	Stimulus/S  1	1	4365329	4365337	62	1	40	pips_40_500-8000.hdf5	both	none
437.5782	1	Stimulus/S  1	1	4375782	4375790	62	2	60	pips_40_500-8000.hdf5	both	none
438.6342	1	Stimulus/S  1	1	4386342	4386350	62	3	70	pips_40_500-8000.hdf5	both	none
439.6796	1	Stimulus/S  1	1	4396796	4396804	62	4	50	pips_40_500-8000.hdf5	both	none
440.7356	1	Stimulus/S  1	1	4407356	4407364	62	5	30	pips_40_500-8000.hdf5	both	none
441.7809	1	Stimulus/S  1	1	4417809	4417817	63	0	20	pips_40_500-8000.hdf5	both	none
442.8476	1	Stimulus/S  1	1	4428476	4428484	63	1	40	pips_40_500-8000.hdf5	both	none
443.9036	1	Stimulus/S  1	1	4439036	4439044	63	2	60	pips_40_500-8000.hdf5	both	none
444.9703	1	Stimulus/S  1	1	4449703	4449711	63	3	70	pips_40_500-8000.hdf5	both	none
446.037	1	Stimulus/S  1	1	4460370	4460378	63	4	50	pips_40_500-8000.hdf5	both	none
447.1036	1	Stimulus/S  1	1	4471036	4471044	63	5	30	pips_40_500-8000.hdf5	both	none
448.1703	1	Stimulus/S  1	1	4481703	4481711	64	0	20	pips_40_500-8000.hdf5	both	none
449.237	1	Stimulus/S  1	1	4492370	4492378	64	1	40	pips_40_500-8000.hdf5	both	none
450.3037	1	Stimulus/S  1	1	4503037	4503045	64	2	60	pips_40_500-8000.hdf5	both	none
451.349	1	Stimulus/S  1	1	4513490	4513498	64	3	70	pips_40_500-8000.hdf5	both	none
452.4157	1	Stimulus/S  1	1	4524157	4524165	64	4	50	pips_40_500-8000.hdf5	both	none
453.461	1	Stimulus/S  1	1	4534610	4534618	64	5	30	pips_40_500-8000.hdf5	both	none
454.5384	1	Stimulus/S  1	1	4545384	4545392	65	0	20	pips_40_500-8000.hdf5	both	none
455.5837	1	Stimulus/S  1	1	4555837	4555845	65	1	40	pips_40_500-8000.hdf5	both	none
456.6291	1	Stimulus/S  1	1	4566291	4566299	65	2	60	pips_40_500-8000.hdf5	both	none
457.6851	1	Stimulus/S  1	1	4576851	4576859	65	3	70	pips_40_500-8000.hdf5	both	none
458.7304	1	Stimulus/S  1	1	4587304	4587312	65	4	50	pips_40_500-8000.hdf5	both	none
459.7864	1	Stimulus/S  1	1	4597864	4597872	65	5	30	pips_40_500-8000.hdf5	both	none
460.8318	1	Stimulus/S  1	1	4608318	4608326	66	0	20	pips_40_500-8000.hdf5	both	none
461.8878	1	Stimulus/S  1	1	4618878	4618886	66	1	40	pips_40_500-8000.hdf5	both	none
462.9331	1	Stimulus/S  1	1	4629331	4629339	66	2	60	pips_40_500-8000.hdf5	both	none
463.9785	1	Stimulus/S  1	1	4639785	4639793	66	3	70	pips_40_500-8000.hdf5	both	none
465.0345	1	Stimulus/S  1	1	4650345	4650353	66	4	50	pips_40_500-8000.hdf5	both	none
466.0798	1	Stimulus/S  1	1	4660798	4660806	66	5	30	pips_40_500-8000.hdf5	both	none
467.1359	1	Stimulus/S  1	1	4671359	4671367	67	0	20	pips_40_500-8000.hdf5	both	none
468.1812	1	Stimulus/S  1	1	4681812	4681820	67	1	40	pips_40_500-8000.hdf5	both	none
469.2479	1	Stimulus/S  1	1	4692479	4692487	67	2	60	pips_40_500-8000.hdf5	both	none
470.3039	1	Stimulus/S  1	1	4703039	4703047	67	3	70	pips_40_500-8000.hdf5	both	none
471.3706	1	Stimulus/S  1	1	4713706	4713714	67	4	50	pips_40_500-8000.hdf5	both	none
472.4159	1	Stimulus/S  1	1	4724159	4724167	67	5	30	pips_40_500-8000.hdf5	both	none
473.4826	1	Stimulus/S  1	1	4734826	4734834	68	0	20	pips_40_500-8000.hdf5	both	none
474.5493	1	Stimulus/S  1	1	4745493	4745501	68	1	40	pips_40_500-8000.hdf5	both	none
475.5946	1	Stimulus/S  1	1	4755946	4755954	68	2	60	pips_40_500-8000.hdf5	both	none
476.6719	1	Stimulus/S  1	1	4766719	4766727	68	3	70	pips_40_500-8000.hdf5	both	none
477.728	1	Stimulus/S  1	1	4777280	4777288	68	4	50	pips_40_500-8000.hdf5	both	none
478.8053	1	Stimulus/S  1	1	4788053	4788061	68	5	30	pips_40_500-8000.hdf5	both	none
479.872	1	Stimulus/S  1	1	4798720	4798728	69	0	20	pips_40_500-8000.hdf5	both	none
480.928	1	Stimulus/S  1	1	4809280	4809288	69	1	40	pips_40_500-8000.hdf5	both	none
482.0053	1	Stimulus/S  1	1	4820053	4820061	69	2	60	pips_40_500-8000.hdf5	both	none
483.072	1	Stimulus/S  1	1	4830720	4830728	69	3	70	pips_40_500-8000.hdf5	both	none
484.1387	1	Stimulus/S  1	1	4841387	4841395	69	4	50	pips_40_500-8000.hdf5	both	none
485.2054	1	Stimulus/S  1	1	4852054	4852062	69	5	30	pips_40_500-8000.hdf5	both	none
486.272	1	Stimulus/S  1	1	4862720	4862728	70	0	20	pips_40_500-8000.hdf5	both	none
487.3281	1	Stimulus/S  1	1	4873281	4873289	70	1	40	pips_40_500-8000.hdf5	both	none
488.4054	1	Stimulus/S  1	1	4884054	4884062	70	2	60	pips_40_500-8000.hdf5	both	none
489.4721	1	Stimulus/S  1	1	4894721	4894729	70	3	70	pips_40_500-8000.hdf5	both	none
490.5281	1	Stimulus/S  1	1	4905281	4905289	70	4	50	pips_40_500-8000.hdf5	both	none
491.6054	1	Stimulus/S  1	1	4916054	4916062	70	5	30	pips_40_500-8000.hdf5	both	none
492.6721	1	Stimulus/S  1	1	4926721	4926729	71	0	20	pips_40_500-8000.hdf5	both	none
493.7388	1	Stimulus/S  1	1	4937388	4937396	71	1	40	pips_40_500-8000.hdf5	both	none
494.8055	1	Stimulus/S  1	1	4948055	4948063	71	2	60	pips_40_500-8000.hdf5	both	none
495.8721	1	Stimulus/S  1	1	4958721	4958729	71	3	70	pips_40_500-8000.hdf5	both	none
496.9282	1	Stimulus/S  1	1	4969282	4969290	71	4	50	pips_40_500-8000.hdf5	both	none
498.0055	1	Stimulus/S  1	1	4980055	4980063	71	5	30	pips_40_500-8000.hdf5	both	none
499.0722	1	Stimulus/S  1	1	4990722	4990730	72	0	20	pips_40_500-8000.hdf5	both	none
500.1282	1	Stimulus/S  1	1	5001282	5001290	72	1	40	pips_40_500-8000.hdf5	both	none
501.2055	1	Stimulus/S  1	1	5012055	5012063	72	2	60	pips_40_500-8000.hdf5	both	none
502.2722	1	Stimulus/S  1	1	5022722	5022730	72	3	70	pips_40_500-8000.hdf5	both	none
503.3282	1	Stimulus/S  1	1	5033282	5033290	72	4	50	pips_40_500-8000.hdf5	both	none
504.4056	1	Stimulus/S  1	1	5044056	5044064	72	5	30	pips_40_500-8000.hdf5	both	none
505.4722	1	Stimulus/S  1	1	5054722	5054730	73	0	20	pips_40_500-8000.hdf5	both	none
506.5389	1	Stimulus/S  1	1	5065389	5065397	73	1	40	pips_40_500-8000.hdf5	both	none
507.6056	1	Stimulus/S  1	1	5076056	5076064	73	2	60	pips_40_500-8000.hdf5	both	none
508.6723	1	Stimulus/S  1	1	5086723	5086731	73	3	70	pips_40_500-8000.hdf5	both	none
509.7389	1	Stimulus/S  1	1	5097389	5097397	73	4	50	pips_40_500-8000.hdf5	both	none
510.8056	1	Stimulus/S  1	1	5108056	5108064	73	5	30	pips_40_500-8000.hdf5	both	none
511.8723	1	Stimulus/S  1	1	5118723	5118731	74	0	20	pips_40_500-8000.hdf5	both	none
512.939	1	Stimulus/S  1	1	5129390	5129398	74	1	40	pips_40_500-8000.hdf5	both	none
514.0057	1	Stimulus/S  1	1	5140057	5140065	74	2	60	pips_40_500-8000.hdf5	both	none
515.0723	1	Stimulus/S  1	1	5150723	5150731	74	3	70	pips_40_500-8000.hdf5	both	none
516.139	1	Stimulus/S  1	1	5161390	5161398	74	4	50	pips_40_500-8000.hdf5	both	none
517.2057	1	Stimulus/S  1	1	5172057	5172065	74	5	30	pips_40_500-8000.hdf5	both	none
518.251	1	Stimulus/S  1	1	5182510	5182518	75	0	20	pips_40_500-8000.hdf5	both	none
519.3177	1	Stimulus/S  1	1	5193177	5193185	75	1	40	pips_40_500-8000.hdf5	both	none
520.3631	1	Stimulus/S  1	1	5203631	5203639	75	2	60	pips_40_500-8000.hdf5	both	none
521.4191	1	Stimulus/S  1	1	5214191	5214199	75	3	70	pips_40_500-8000.hdf5	both	none
522.4644	1	Stimulus/S  1	1	5224644	5224652	75	4	50	pips_40_500-8000.hdf5	both	none
523.5204	1	Stimulus/S  1	1	5235204	5235212	75	5	30	pips_40_500-8000.hdf5	both	none
524.5658	1	Stimulus/S  1	1	5245658	5245666	76	0	20	pips_40_500-8000.hdf5	both	none
525.6218	1	Stimulus/S  1	1	5256218	5256226	76	1	40	pips_40_500-8000.hdf5	both	none
526.6671	1	Stimulus/S  1	1	5266671	5266679	76	2	60	pips_40_500-8000.hdf5	both	none
527.7125	1	Stimulus/S  1	1	5277125	5277133	76	3	70	pips_40_500-8000.hdf5	both	none
528.7791	1	Stimulus/S  1	1	5287791	5287799	76	4	50	pips_40_500-8000.hdf5	both	none
529.8352	1	Stimulus/S  1	1	5298352	5298360	76	5	30	pips_40_500-8000.hdf5	both	none
530.9018	1	Stimulus/S  1	1	5309018	5309026	77	0	20	pips_40_500-8000.hdf5	both	none
531.9685	1	Stimulus/S  1	1	5319685	5319693	77	1	40	pips_40_500-8000.hdf5	both	none
533.0139	1	Stimulus/S  1	1	5330139	5330147	77	2	60	pips_40_500-8000.hdf5	both	none
534.0805	1	Stimulus/S  1	1	5340805	5340813	77	3	70	pips_40_500-8000.hdf5	both	none
535.1365	1	Stimulus/S  1	1	5351365	5351373	77	4	50	pips_40_500-8000.hdf5	both	none
536.2032	1	Stimulus/S  1	1	5362032	5362040	77	5	30	pips_40_500-8000.hdf5	both	none
537.2699	1	Stimulus/S  1	1	5372699	5372707	78	0	20	pips_40_500-8000.hdf5	both	none
538.3366	1	Stimulus/S  1	1	5383366	5383374	78	1	40	pips_40_500-8000.hdf5	both	none
539.4032	1	Stimulus/S  1	1	5394032	5394040	78	2	60	pips_40_500-8000.hdf5	both	none
540.4699	1	Stimulus/S  1	1	5404699	5404707	78	3	70	pips_40_500-8000.hdf5	both	none
541.5366	1	Stimulus/S  1	1	5415366	5415374	78	4	50	pips_40_500-8000.hdf5	both	none
542.6033	1	Stimulus/S  1	1	5426033	5426041	78	5	30	pips_40_500-8000.hdf5	both	none
543.67	1	Stimulus/S  1	1	5436700	5436708	79	0	20	pips_40_500-8000.hdf5	both	none
544.7366	1	Stimulus/S  1	1	5447366	5447374	79	1	40	pips_40_500-8000.hdf5	both	none
545.8033	1	Stimulus/S  1	1	5458033	5458041	79	2	60	pips_40_500-8000.hdf5	both	none
546.87	1	Stimulus/S  1	1	5468700	5468708	79	3	70	pips_40_500-8000.hdf5	both	none
547.9367	1	Stimulus/S  1	1	5479367	5479375	79	4	50	pips_40_500-8000.hdf5	both	none
549.0033	1	Stimulus/S  1	1	5490033	5490041	79	5	30	pips_40_500-8000.hdf5	both	none
550.07	1	Stimulus/S  1	1	5500700	5500708	80	0	20	pips_40_500-8000.hdf5	both	none
551.1367	1	Stimulus/S  1	1	5511367	5511375	80	1	40	pips_40_500-8000.hdf5	both	none
552.2034	1	Stimulus/S  1	1	5522034	5522042	80	2	60	pips_40_500-8000.hdf5	both	none
553.2701	1	Stimulus/S  1	1	5532701	5532709	80	3	70	pips_40_500-8000.hdf5	both	none
554.3367	1	Stimulus/S  1	1	5543367	5543375	80	4	50	pips_40_500-8000.hdf5	both	none
555.3821	1	Stimulus/S  1	1	5553821	5553829	80	5	30	pips_40_500-8000.hdf5	both	none
556.4488	1	Stimulus/S  1	1	5564488	5564496	81	0	20	pips_40_500-8000.hdf5	both	none
557.5154	1	Stimulus/S  1	1	5575154	5575162	81	1	40	pips_40_500-8000.hdf5	both	none
558.5714	1	Stimulus/S  1	1	5585714	5585722	81	2	60	pips_40_500-8000.hdf5	both	none
559.6381	1	Stimulus/S  1	1	5596381	5596389	81	3	70	pips_40_500-8000.hdf5	both	none
560.6835	1	Stimulus/S  1	1	5606835	5606843	81	4	50	pips_40_500-8000.hdf5	both	none
561.7501	1	Stimulus/S  1	1	5617501	5617509	81	5	30	pips_40_500-8000.hdf5	both	none
562.8168	1	Stimulus/S  1	1	5628168	5628176	82	0	20	pips_40_500-8000.hdf5	both	none
563.8728	1	Stimulus/S  1	1	5638728	5638736	82	1	40	pips_40_500-8000.hdf5	both	none
564.9395	1	Stimulus/S  1	1	5649395	5649403	82	2	60	pips_40_500-8000.hdf5	both	none
565.9849	1	Stimulus/S  1	1	5659849	5659857	82	3	70	pips_40_500-8000.hdf5	both	none
567.0515	1	Stimulus/S  1	1	5670515	5670523	82	4	50	pips_40_500-8000.hdf5	both	none
568.0969	1	Stimulus/S  1	1	5680969	5680977	82	5	30	pips_40_500-8000.hdf5	both	none
569.1636	1	Stimulus/S  1	1	5691636	5691644	83	0	20	pips_40_500-8000.hdf5	both	none
570.2302	1	Stimulus/S  1	1	5702302	5702310	83	1	40	pips_40_500-8000.hdf5	both	none
571.2862	1	Stimulus/S  1	1	5712862	5712870	83	2	60	pips_40_500-8000.hdf5	both	none
572.3529	1	Stimulus/S  1	1	5723529	5723537	83	3	70	pips_40_500-8000.hdf5	both	none
573.4196	1	Stimulus/S  1	1	5734196	5734204	83	4	50	pips_40_500-8000.hdf5	both	none
574.4649	1	Stimulus/S  1	1	5744649	5744657	83	5	30	pips_40_500-8000.hdf5	both	none
575.5316	1	Stimulus/S  1	1	5755316	5755324	84	0	20	pips_40_500-8000.hdf5	both	none
576.5876	1	Stimulus/S  1	1	5765876	5765884	84	1	40	pips_40_500-8000.hdf5	both	none
577.6543	1	Stimulus/S  1	1	5776543	5776551	84	2	60	pips_40_500-8000.hdf5	both	none
578.721	1	Stimulus/S  1	1	5787210	5787218	84	3	70	pips_40_500-8000.hdf5	both	none
579.7663	1	Stimulus/S  1	1	5797663	5797671	84	4	50	pips_40_500-8000.hdf5	both	none
580.833	1	Stimulus/S  1	1	5808330	5808338	84	5	30	pips_40_500-8000.hdf5	both	none
581.889	1	Stimulus/S  1	1	5818890	5818898	85	0	20	pips_40_500-8000.hdf5	both	none
582.9557	1	Stimulus/S  1	1	5829557	5829565	85	1	40	pips_40_500-8000.hdf5	both	none
584.001	1	Stimulus/S  1	1	5840010	5840018	85	2	60	pips_40_500-8000.hdf5	both	none
585.0677	1	Stimulus/S  1	1	5850677	5850685	85	3	70	pips_40_500-8000.hdf5	both	none
586.1344	1	Stimulus/S  1	1	5861344	5861352	85	4	50	pips_40_500-8000.hdf5	both	none
587.1797	1	Stimulus/S  1	1	5871797	5871805	85	5	30	pips_40_500-8000.hdf5	both	none
588.2571	1	Stimulus/S  1	1	5882571	5882579	86	0	20	pips_40_500-8000.hdf5	both	none
589.3024	1	Stimulus/S  1	1	5893024	5893032	86	1	40	pips_40_500-8000.hdf5	both	none
590.3691	1	Stimulus/S  1	1	5903691	5903699	86	2	60	pips_40_500-8000.hdf5	both	none
591.4358	1	Stimulus/S  1	1	5914358	5914366	86	3	70	pips_40_500-8000.hdf5	both	none
592.5025	1	Stimulus/S  1	1	5925025	5925033	86	4	50	pips_40_500-8000.hdf5	both	none
593.5691	1	Stimulus/S  1	1	5935691	5935699	86	5	30	pips_40_500-8000.hdf5	both	none
594.6358	1	Stimulus/S  1	1	5946358	5946366	87	0	20	pips_40_500-8000.hdf5	both	none
595.7025	1	Stimulus/S  1	1	5957025	5957033	87	1	40	pips_40_500-8000.hdf5	both	none
596.7692	1	Stimulus/S  1	1	5967692	5967700	87	2	60	pips_40_500-8000.hdf5	both	none
597.8145	1	Stimulus/S  1	1	5978145	5978153	87	3	70	pips_40_500-8000.hdf5	both	none
598.8812	1	Stimulus/S  1	1	5988812	5988820	87	4	50	pips_40_500-8000.hdf5	both	none
599.9372	1	Stimulus/S  1	1	5999372	5999380	87	5	30	pips_40_500-8000.hdf5	both	none
601.0039	1	Stimulus/S  1	1	6010039	6010047	88	0	20	pips_40_500-8000.hdf5	both	none
602.0492	1	Stimulus/S  1	1	6020492	6020500	88	1	40	pips_40_500-8000.hdf5	both	none
603.1052	1	Stimulus/S  1	1	6031052	6031060	88	2	60	pips_40_500-8000.hdf5	both	none
604.1506	1	Stimulus/S  1	1	6041506	6041514	88	3	70	pips_40_500-8000.hdf5	both	none
605.2066	1	Stimulus/S  1	1	6052066	6052074	88	4	50	pips_40_500-8000.hdf5	both	none
606.2519	1	Stimulus/S  1	1	6062519	6062527	88	5	30	pips_40_500-8000.hdf5	both	none
607.2973	1	Stimulus/S  1	1	6072973	6072981	89	0	20	pips_40_500-8000.hdf5	both	none
608.3533	1	Stimulus/S  1	1	6083533	6083541	89	1	40	pips_40_500-8000.hdf5	both	none
609.3986	1	Stimulus/S  1	1	6093986	6093994	89	2	60	pips_40_500-8000.hdf5	both	none
610.4546	1	Stimulus/S  1	1	6104546	6104554	89	3	70	pips_40_500-8000.hdf5	both	none
611.5	1	Stimulus/S  1	1	6115000	6115008	89	4	50	pips_40_500-8000.hdf5	both	none
612.556	1	Stimulus/S  1	1	6125560	6125568	89	5	30	pips_40_500-8000.hdf5	both	none
613.6013	1	Stimulus/S  1	1	6136013	6136021	90	0	20	pips_40_500-8000.hdf5	both	none
614.6573	1	Stimulus/S  1	1	6146573	6146581	90	1	40	pips_40_500-8000.hdf5	both	none
615.7027	1	Stimulus/S  1	1	6157027	6157035	90	2	60	pips_40_500-8000.hdf5	both	none
616.748	1	Stimulus/S  1	1	6167480	6167488	90	3	70	pips_40_500-8000.hdf5	both	none
617.8147	1	Stimulus/S  1	1	6178147	6178155	90	4	50	pips_40_500-8000.hdf5	both	none
618.8707	1	Stimulus/S  1	1	6188707	6188715	90	5	30	pips_40_500-8000.hdf5	both	none
619.9374	1	Stimulus/S  1	1	6199374	6199382	91	0	20	pips_40_500-8000.hdf5	both	none
620.9827	1	Stimulus/S  1	1	6209827	6209835	91	1	40	pips_40_500-8000.hdf5	both	none
622.0494	1	Stimulus/S  1	1	6220494	6220502	91	2	60	pips_40_500-8000.hdf5	both	none
623.1161	1	Stimulus/S  1	1	6231161	6231169	91	3	70	pips_40_500-8000.hdf5	both	none
624.1721	1	Stimulus/S  1	1	6241721	6241729	91	4	50	pips_40_500-8000.hdf5	both	none
625.2388	1	Stimulus/S  1	1	6252388	6252396	91	5	30	pips_40_500-8000.hdf5	both	none
626.2841	1	Stimulus/S  1	1	6262841	6262849	92	0	20	pips_40_500-8000.hdf5	both	none
627.3508	1	Stimulus/S  1	1	6273508	6273516	92	1	40	pips_40_500-8000.hdf5	both	none
628.4175	1	Stimulus/S  1	1	6284175	6284183	92	2	60	pips_40_500-8000.hdf5	both	none
629.4735	1	Stimulus/S  1	1	6294735	6294743	92	3	70	pips_40_500-8000.hdf5	both	none
630.5402	1	Stimulus/S  1	1	6305402	6305410	92	4	50	pips_40_500-8000.hdf5	both	none
631.5855	1	Stimulus/S  1	1	6315855	6315863	92	5	30	pips_40_500-8000.hdf5	both	none
632.6522	1	Stimulus/S  1	1	6326522	6326530	93	0	20	pips_40_500-8000.hdf5	both	none
633.7189	1	Stimulus/S  1	1	6337189	6337197	93	1	40	pips_40_500-8000.hdf5	both	none
634.7855	1	Stimulus/S  1	1	6347855	6347863	93	2	60	pips_40_500-8000.hdf5	both	none
635.8522	1	Stimulus/S  1	1	6358522	6358530	93	3	70	pips_40_500-8000.hdf5	both	none
636.9189	1	Stimulus/S  1	1	6369189	6369197	93	4	50	pips_40_500-8000.hdf5	both	none
637.9856	1	Stimulus/S  1	1	6379856	6379864	93	5	30	pips_40_500-8000.hdf5	both	none
639.0523	1	Stimulus/S  1	1	6390523	6390531	94	0	20	pips_40_500-8000.hdf5	both	none
640.1189	1	Stimulus/S  1	1	6401189	6401197	94	1	40	pips_40_500-8000.hdf5	both	none
641.1856	1	Stimulus/S  1	1	6411856	6411864	94	2	60	pips_40_500-8000.hdf5	both	none
642.2523	1	Stimulus/S  1	1	6422523	6422531	94	3	70	pips_40_500-8000.hdf5	both	none
643.319	1	Stimulus/S  1	1	6433190	6433198	94	4	50	pips_40_500-8000.hdf5	both	none
644.3856	1	Stimulus/S  1	1	6443856	6443864	94	5	30	pips_40_500-8000.hdf5	both	none
645.431	1	Stimulus/S  1	1	6454310	6454318	95	0	20	pips_40_500-8000.hdf5	both	none
646.4977	1	Stimulus/S  1	1	6464977	6464985	95	1	40	pips_40_500-8000.hdf5	both	none
647.5537	1	Stimulus/S  1	1	6475537	6475545	95	2	60	pips_40_500-8000.hdf5	both	none
648.599	1	Stimulus/S  1	1	6485990	6485998	95	3	70	pips_40_500-8000.hdf5	both	none
649.655	1	Stimulus/S  1	1	6496550	6496558	95	4	50	pips_40_500-8000.hdf5	both	none
650.7004	1	Stimulus/S  1	1	6507004	6507012	95	5	30	pips_40_500-8000.hdf5	both	none
651.7564	1	Stimulus/S  1	1	6517564	6517572	96	0	20	pips_40_500-8000.hdf5	both	none
652.8017	1	Stimulus/S  1	1	6528017	6528025	96	1	40	pips_40_500-8000.hdf5	both	none
653.8577	1	Stimulus/S  1	1	6538577	6538585	96	2	60	pips_40_500-8000.hdf5	both	none
654.9031	1	Stimulus/S  1	1	6549031	6549039	96	3	70	pips_40_500-8000.hdf5	both	none
655.9484	1	Stimulus/S  1	1	6559484	6559492	96	4	50	pips_40_500-8000.hdf5	both	none
657.0044	1	Stimulus/S  1	1	6570044	6570052	96	5	30	pips_40_500-8000.hdf5	both	none
658.0711	1	Stimulus/S  1	1	6580711	6580719	97	0	20	pips_40_500-8000.hdf5	both	none
659.1378	1	Stimulus/S  1	1	6591378	6591386	97	1	40	pips_40_500-8000.hdf5	both	none
660.1831	1	Stimulus/S  1	1	6601831	6601839	97	2	60	pips_40_500-8000.hdf5	both	none
661.2498	1	Stimulus/S  1	1	6612498	6612506	97	3	70	pips_40_500-8000.hdf5	both	none
662.3058	1	Stimulus/S  1	1	6623058	6623066	97	4	50	pips_40_500-8000.hdf5	both	none
663.3725	1	Stimulus/S  1	1	6633725	6633733	97	5	30	pips_40_500-8000.hdf5	both	none
664.4392	1	Stimulus/S  1	1	6644392	6644400	98	0	20	pips_40_500-8000.hdf5	both	none
665.5059	1	Stimulus/S  1	1	6655059	6655067	98	1	40	pips_40_500-8000.hdf5	both	none
666.5725	1	Stimulus/S  1	1	6665725	6665733	98	2	60	pips_40_500-8000.hdf5	both	none
667.6392	1	Stimulus/S  1	1	6676392	6676400	98	3	70	pips_40_500-8000.hdf5	both	none
668.7059	1	Stimulus/S  1	1	6687059	6687067	98	4	50	pips_40_500-8000.hdf5	both	none
669.7726	1	Stimulus/S  1	1	6697726	6697734	98	5	30	pips_40_500-8000.hdf5	both	none
670.8392	1	Stimulus/S  1	1	6708392	6708400	99	0	20	pips_40_500-8000.hdf5	both	none
671.9059	1	Stimulus/S  1	1	6719059	6719067	99	1	40	pips_40_500-8000.hdf5	both	none
672.9513	1	Stimulus/S  1	1	6729513	6729521	99	2	60	pips_40_500-8000.hdf5	both	none
674.0073	1	Stimulus/S  1	1	6740073	6740081	99	3	70	pips_40_500-8000.hdf5	both	none
675.0526	1	Stimulus/S  1	1	6750526	6750534	99	4	50	pips_40_500-8000.hdf5	both	none
676.098	1	Stimulus/S  1	1	6760980	6760988	99	5	30	pips_40_500-8000.hdf5	both	none
677.154	1	Stimulus/S  1	1	6771540	6771548	100	0	20	pips_40_500-8000.hdf5	both	none
678.1993	1	Stimulus/S  1	1	6781993	6782001	100	1	40	pips_40_500-8000.hdf5	both	none
679.2553	1	Stimulus/S  1	1	6792553	6792561	100	2	60	pips_40_500-8000.hdf5	both	none
680.3007	1	Stimulus/S  1	1	6803007	6803015	100	3	70	pips_40_500-8000.hdf5	both	none
681.3674	1	Stimulus/S  1	1	6813674	6813682	100	4	50	pips_40_500-8000.hdf5	both	none
682.4234	1	Stimulus/S  1	1	6824234	6824242	100	5	30	pips_40_500-8000.hdf5	both	none
683.49	1	Stimulus/S  1	1	6834900	6834908	101	0	20	pips_40_500-8000.hdf5	both	none
684.5674	1	Stimulus/S  1	1	6845674	6845682	101	1	40	pips_40_500-8000.hdf5	both	none
685.6234	1	Stimulus/S  1	1	6856234	6856242	101	2	60	pips_40_500-8000.hdf5	both	none
686.6901	1	Stimulus/S  1	1	6866901	6866909	101	3	70	pips_40_500-8000.hdf5	both	none
687.7567	1	Stimulus/S  1	1	6877567	6877575	101	4	50	pips_40_500-8000.hdf5	both	none
688.8234	1	Stimulus/S  1	1	6888234	6888242	101	5	30	pips_40_500-8000.hdf5	both	none
689.8901	1	Stimulus/S  1	1	6898901	6898909	102	0	20	pips_40_500-8000.hdf5	both	none
690.9568	1	Stimulus/S  1	1	6909568	6909576	102	1	40	pips_40_500-8000.hdf5	both	none
692.0235	1	Stimulus/S  1	1	6920235	6920243	102	2	60	pips_40_500-8000.hdf5	both	none
693.0901	1	Stimulus/S  1	1	6930901	6930909	102	3	70	pips_40_500-8000.hdf5	both	none
694.1568	1	Stimulus/S  1	1	6941568	6941576	102	4	50	pips_40_500-8000.hdf5	both	none
695.2235	1	Stimulus/S  1	1	6952235	6952243	102	5	30	pips_40_500-8000.hdf5	both	none
696.2688	1	Stimulus/S  1	1	6962688	6962696	103	0	20	pips_40_500-8000.hdf5	both	none
697.3355	1	Stimulus/S  1	1	6973355	6973363	103	1	40	pips_40_500-8000.hdf5	both	none
698.3915	1	Stimulus/S  1	1	6983915	6983923	103	2	60	pips_40_500-8000.hdf5	both	none
699.4582	1	Stimulus/S  1	1	6994582	6994590	103	3	70	pips_40_500-8000.hdf5	both	none
700.5035	1	Stimulus/S  1	1	7005035	7005043	103	4	50	pips_40_500-8000.hdf5	both	none
701.5489	1	Stimulus/S  1	1	7015489	7015497	103	5	30	pips_40_500-8000.hdf5	both	none
702.6049	1	Stimulus/S  1	1	7026049	7026057	104	0	20	pips_40_500-8000.hdf5	both	none
703.6502	1	Stimulus/S  1	1	7036502	7036510	104	1	40	pips_40_500-8000.hdf5	both	none
704.7063	1	Stimulus/S  1	1	7047063	7047071	104	2	60	pips_40_500-8000.hdf5	both	none
705.7516	1	Stimulus/S  1	1	7057516	7057524	104	3	70	pips_40_500-8000.hdf5	both	none
706.8076	1	Stimulus/S  1	1	7068076	7068084	104	4	50	pips_40_500-8000.hdf5	both	none
707.8743	1	Stimulus/S  1	1	7078743	7078751	104	5	30	pips_40_500-8000.hdf5	both	none
708.9196	1	Stimulus/S  1	1	7089196	7089204	105	0	20	pips_40_500-8000.hdf5	both	none
709.9863	1	Stimulus/S  1	1	7099863	7099871	105	1	40	pips_40_500-8000.hdf5	both	none
711.0423	1	Stimulus/S  1	1	7110423	7110431	105	2	60	pips_40_500-8000.hdf5	both	none
712.109	1	Stimulus/S  1	1	7121090	7121098	105	3	70	pips_40_500-8000.hdf5	both	none
713.1757	1	Stimulus/S  1	1	7131757	7131765	105	4	50	pips_40_500-8000.hdf5	both	none
714.2423	1	Stimulus/S  1	1	7142423	7142431	105	5	30	pips_40_500-8000.hdf5	both	none
715.309	1	Stimulus/S  1	1	7153090	7153098	106	0	20	pips_40_500-8000.hdf5	both	none
716.3757	1	Stimulus/S  1	1	7163757	7163765	106	1	40	pips_40_500-8000.hdf5	both	none
717.4424	1	Stimulus/S  1	1	7174424	7174432	106	2	60	pips_40_500-8000.hdf5	both	none
718.5091	1	Stimulus/S  1	1	7185091	7185099	106	3	70	pips_40_500-8000.hdf5	both	none
719.5757	1	Stimulus/S  1	1	7195757	7195765	106	4	50	pips_40_500-8000.hdf5	both	none
720.6424	1	Stimulus/S  1	1	7206424	7206432	106	5	30	pips_40_500-8000.hdf5	both	none
721.7091	1	Stimulus/S  1	1	7217091	7217099	107	0	20	pips_40_500-8000.hdf5	both	none
722.7758	1	Stimulus/S  1	1	7227758	7227766	107	1	40	pips_40_500-8000.hdf5	both	none
723.8424	1	Stimulus/S  1	1	7238424	7238432	107	2	60	pips_40_500-8000.hdf5	both	none
724.8878	1	Stimulus/S  1	1	7248878	7248886	107	3	70	pips_40_500-8000.hdf5	both	none
725.9545	1	Stimulus/S  1	1	7259545	7259553	107	4	50	pips_40_500-8000.hdf5	both	none
726.9998	1	Stimulus/S  1	1	7269998	7270006	107	5	30	pips_40_500-8000.hdf5	both	none
728.0558	1	Stimulus/S  1	1	7280558	7280566	108	0	20	pips_40_500-8000.hdf5	both	none
729.1012	1	Stimulus/S  1	1	7291012	7291020	108	1	40	pips_40_500-8000.hdf5	both	none
730.1572	1	Stimulus/S  1	1	7301572	7301580	108	2	60	pips_40_500-8000.hdf5	both	none
731.2025	1	Stimulus/S  1	1	7312025	7312033	108	3	70	pips_40_500-8000.hdf5	both	none
732.2585	1	Stimulus/S  1	1	7322585	7322593	108	4	50	pips_40_500-8000.hdf5	both	none
733.3039	1	Stimulus/S  1	1	7333039	7333047	108	5	30	pips_40_500-8000.hdf5	both	none
734.3599	1	Stimulus/S  1	1	7343599	7343607	109	0	20	pips_40_500-8000.hdf5	both	none
735.4159	1	Stimulus/S  1	1	7354159	7354167	109	1	40	pips_40_500-8000.hdf5	both	none
736.4826	1	Stimulus/S  1	1	7364826	7364834	109	2	60	pips_40_500-8000.hdf5	both	none
737.5386	1	Stimulus/S  1	1	7375386	7375394	109	3	70	pips_40_500-8000.hdf5	both	none
738.6053	1	Stimulus/S  1	1	7386053	7386061	109	4	50	pips_40_500-8000.hdf5	both	none
739.6719	1	Stimulus/S  1	1	7396719	7396727	109	5	30	pips_40_500-8000.hdf5	both	none
740.7386	1	Stimulus/S  1	1	7407386	7407394	110	0	20	pips_40_500-8000.hdf5	both	none
741.784	1	Stimulus/S  1	1	7417840	7417848	110	1	40	pips_40_500-8000.hdf5	both	none
742.8506	1	Stimulus/S  1	1	7428506	7428514	110	2	60	pips_40_500-8000.hdf5	both	none
743.9066	1	Stimulus/S  1	1	7439066	7439074	110	3	70	pips_40_500-8000.hdf5	both	none
744.9733	1	Stimulus/S  1	1	7449733	7449741	110	4	50	pips_40_500-8000.hdf5	both	none
746.0187	1	Stimulus/S  1	1	7460187	7460195	110	5	30	pips_40_500-8000.hdf5	both	none
747.0853	1	Stimulus/S  1	1	7470853	7470861	111	0	20	pips_40_500-8000.hdf5	both	none
748.1414	1	Stimulus/S  1	1	7481414	7481422	111	1	40	pips_40_500-8000.hdf5	both	none
749.1867	1	Stimulus/S  1	1	7491867	7491875	111	2	60	pips_40_500-8000.hdf5	both	none
750.2427	1	Stimulus/S  1	1	7502427	7502435	111	3	70	pips_40_500-8000.hdf5	both	none
751.2881	1	Stimulus/S  1	1	7512881	7512889	111	4	50	pips_40_500-8000.hdf5	both	none
752.3334	1	Stimulus/S  1	1	7523334	7523342	111	5	30	pips_40_500-8000.hdf5	both	none
753.4001	1	Stimulus/S  1	1	7534001	7534009	112	0	20	pips_40_500-8000.hdf5	both	none
754.4561	1	Stimulus/S  1	1	7544561	7544569	112	1	40	pips_40_500-8000.hdf5	both	none
755.5228	1	Stimulus/S  1	1	7555228	7555236	112	2	60	pips_40_500-8000.hdf5	both	none
756.5681	1	Stimulus/S  1	1	7565681	7565689	112	3	70	pips_40_500-8000.hdf5	both	none
757.6348	1	Stimulus/S  1	1	7576348	7576356	112	4	50	pips_40_500-8000.hdf5	both	none
758.7015	1	Stimulus/S  1	1	7587015	7587023	112	5	30	pips_40_500-8000.hdf5	both	none
759.7681	1	Stimulus/S  1	1	7597681	7597689	113	0	20	pips_40_500-8000.hdf5	both	none
760.8348	1	Stimulus/S  1	1	7608348	7608356	113	1	40	pips_40_500-8000.hdf5	both	none
761.9015	1	Stimulus/S  1	1	7619015	7619023	113	2	60	pips_40_500-8000.hdf5	both	none
762.9682	1	Stimulus/S  1	1	7629682	7629690	113	3	70	pips_40_500-8000.hdf5	both	none
764.0349	1	Stimulus/S  1	1	7640349	7640357	113	4	50	pips_40_500-8000.hdf5	both	none
765.1015	1	Stimulus/S  1	1	7651015	7651023	113	5	30	pips_40_500-8000.hdf5	both	none
766.1682	1	Stimulus/S  1	1	7661682	7661690	114	0	20	pips_40_500-8000.hdf5	both	none
767.2242	1	Stimulus/S  1	1	7672242	7672250	114	1	40	pips_40_500-8000.hdf5	both	none
768.2696	1	Stimulus/S  1	1	7682696	7682704	114	2	60	pips_40_500-8000.hdf5	both	none
769.3256	1	Stimulus/S  1	1	7693256	7693264	114	3	70	pips_40_500-8000.hdf5	both	none
770.3709	1	Stimulus/S  1	1	7703709	7703717	114	4	50	pips_40_500-8000.hdf5	both	none
771.4269	1	Stimulus/S  1	1	7714269	7714277	114	5	30	pips_40_500-8000.hdf5	both	none
772.4723	1	Stimulus/S  1	1	7724723	7724731	115	0	20	pips_40_500-8000.hdf5	both	none
773.5176	1	Stimulus/S  1	1	7735176	7735184	115	1	40	pips_40_500-8000.hdf5	both	none
774.5736	1	Stimulus/S  1	1	7745736	7745744	115	2	60	pips_40_500-8000.hdf5	both	none
775.6403	1	Stimulus/S  1	1	7756403	7756411	115	3	70	pips_40_500-8000.hdf5	both	none
776.6856	1	Stimulus/S  1	1	7766856	7766864	115	4	50	pips_40_500-8000.hdf5	both	none
777.7523	1	Stimulus/S  1	1	7777523	7777531	115	5	30	pips_40_500-8000.hdf5	both	none
778.819	1	Stimulus/S  1	1	7788190	7788198	116	0	20	pips_40_500-8000.hdf5	both	none
779.8857	1	Stimulus/S  1	1	7798857	7798865	116	1	40	pips_40_500-8000.hdf5	both	none
780.9524	1	Stimulus/S  1	1	7809524	7809532	116	2	60	pips_40_500-8000.hdf5	both	none
782.019	1	Stimulus/S  1	1	7820190	7820198	116	3	70	pips_40_500-8000.hdf5	both	none
783.0857	1	Stimulus/S  1	1	7830857	7830865	116	4	50	pips_40_500-8000.hdf5	both	none
784.1417	1	Stimulus/S  1	1	7841417	7841425	116	5	30	pips_40_500-8000.hdf5	both	none
785.2084	1	Stimulus/S  1	1	7852084	7852092	117	0	20	pips_40_500-8000.hdf5	both	none
786.2537	1	Stimulus/S  1	1	7862537	7862545	117	1	40	pips_40_500-8000.hdf5	both	none
787.3204	1	Stimulus/S  1	1	7873204	7873212	117	2	60	pips_40_500-8000.hdf5	both	none
788.3764	1	Stimulus/S  1	1	7883764	7883772	117	3	70	pips_40_500-8000.hdf5	both	none
789.4218	1	Stimulus/S  1	1	7894218	7894226	117	4	50	pips_40_500-8000.hdf5	both	none
790.4671	1	Stimulus/S  1	1	7904671	7904679	117	5	30	pips_40_500-8000.hdf5	both	none
791.5231	1	Stimulus/S  1	1	7915231	7915239	118	0	20	pips_40_500-8000.hdf5	both	none
792.5685	1	Stimulus/S  1	1	7925685	7925693	118	1	40	pips_40_500-8000.hdf5	both	none
793.6245	1	Stimulus/S  1	1	7936245	7936253	118	2	60	pips_40_500-8000.hdf5	both	none
794.6698	1	Stimulus/S  1	1	7946698	7946706	118	3	70	pips_40_500-8000.hdf5	both	none
795.7365	1	Stimulus/S  1	1	7957365	7957373	118	4	50	pips_40_500-8000.hdf5	both	none
796.7925	1	Stimulus/S  1	1	7967925	7967933	118	5	30	pips_40_500-8000.hdf5	both	none
797.8592	1	Stimulus/S  1	1	7978592	7978600	119	0	20	pips_40_500-8000.hdf5	both	none
798.9045	1	Stimulus/S  1	1	7989045	7989053	119	1	40	pips_40_500-8000.hdf5	both	none
799.9712	1	Stimulus/S  1	1	7999712	7999720	119	2	60	pips_40_500-8000.hdf5	both	none
801.0379	1	Stimulus/S  1	1	8010379	8010387	119	3	70	pips_40_500-8000.hdf5	both	none
802.1046	1	Stimulus/S  1	1	8021046	8021054	119	4	50	pips_40_500-8000.hdf5	both	none
803.1712	1	Stimulus/S  1	1	8031712	8031720	119	5	30	pips_40_500-8000.hdf5	both	none
804.2379	1	Stimulus/S  1	1	8042379	8042387	0	0	20	pips_40_500-8000.hdf5	both	none
805.3046	1	Stimulus/S  1	1	8053046	8053054	0	1	40	pips_40_500-8000.hdf5	both	none
806.3606	1	Stimulus/S  1	1	8063606	8063614	0	2	60	pips_40_500-8000.hdf5	both	none
807.4273	1	Stimulus/S  1	1	8074273	8074281	0	3	70	pips_40_500-8000.hdf5	both	none
808.4726	1	Stimulus/S  1	1	8084726	8084734	0	4	50	pips_40_500-8000.hdf5	both	none
809.5393	1	Stimulus/S  1	1	8095393	8095401	0	5	30	pips_40_500-8000.hdf5	both	none
810.5847	1	Stimulus/S  1	1	8105847	8105855	1	0	20	pips_40_500-8000.hdf5	both	none
811.6407	1	Stimulus/S  1	1	8116407	8116415	1	1	40	pips_40_500-8000.hdf5	both	none
812.686	1	Stimulus/S  1	1	8126860	8126868	1	2	60	pips_40_500-8000.hdf5	both	none
813.7527	1	Stimulus/S  1	1	8137527	8137535	1	3	70	pips_40_500-8000.hdf5	both	none
814.8087	1	Stimulus/S  1	1	8148087	8148095	1	4	50	pips_40_500-8000.hdf5	both	none
815.8754	1	Stimulus/S  1	1	8158754	8158762	1	5	30	pips_40_500-8000.hdf5	both	none
816.9207	1	Stimulus/S  1	1	8169207	8169215	2	0	20	pips_40_500-8000.hdf5	both	none
817.9874	1	Stimulus/S  1	1	8179874	8179882	2	1	40	pips_40_500-8000.hdf5	both	none
819.0541	1	Stimulus/S  1	1	8190541	8190549	2	2	60	pips_40_500-8000.hdf5	both	none
820.1207	1	Stimulus/S  1	1	8201207	8201215	2	3	70	pips_40_500-8000.hdf5	both	none
821.1874	1	Stimulus/S  1	1	8211874	8211882	2	4	50	pips_40_500-8000.hdf5	both	none
822.2541	1	Stimulus/S  1	1	8222541	8222549	2	5	30	pips_40_500-8000.hdf5	both	none
823.3208	1	Stimulus/S  1	1	8233208	8233216	3	0	20	pips_40_500-8000.hdf5	both	none
824.3768	1	Stimulus/S  1	1	8243768	8243776	3	1	40	pips_40_500-8000.hdf5	both	none
825.4435	1	Stimulus/S  1	1	8254435	8254443	3	2	60	pips_40_500-8000.hdf5	both	none
826.4888	1	Stimulus/S  1	1	8264888	8264896	3	3	70	pips_40_500-8000.hdf5	both	none
827.5555	1	Stimulus/S  1	1	8275555	8275563	3	4	50	pips_40_500-8000.hdf5	both	none
828.6008	1	Stimulus/S  1	1	8286008	8286016	3	5	30	pips_40_500-8000.hdf5	both	none
829.6568	1	Stimulus/S  1	1	8296568	8296576	4	0	20	pips_40_500-8000.hdf5	both	none
830.7022	1	Stimulus/S  1	1	8307022	8307030	4	1	40	pips_40_500-8000.hdf5	both	none
831.7689	1	Stimulus/S  1	1	8317689	8317697	4	2	60	pips_40_500-8000.hdf5	both	none
832.8249	1	Stimulus/S  1	1	8328249	8328257	4	3	70	pips_40_500-8000.hdf5	both	none
833.8916	1	Stimulus/S  1	1	8338916	8338924	4	4	50	pips_40_500-8000.hdf5	both	none
834.9369	1	Stimulus/S  1	1	8349369	8349377	4	5	30	pips_40_500-8000.hdf5	both	none
836.0036	1	Stimulus/S  1	1	8360036	8360044	5	0	20	pips_40_500-8000.hdf5	both	none
837.0703	1	Stimulus/S  1	1	8370703	8370711	5	1	40	pips_40_500-8000.hdf5	both	none
838.1369	1	Stimulus/S  1	1	8381369	8381377	5	2	60	pips_40_500-8000.hdf5	both	none
839.2036	1	Stimulus/S  1	1	8392036	8392044	5	3	70	pips_40_500-8000.hdf5	both	none
840.2703	1	Stimulus/S  1	1	8402703	8402711	5	4	50	pips_40_500-8000.hdf5	both	none
841.337	1	Stimulus/S  1	1	8413370	8413378	5	5	30	pips_40_500-8000.hdf5	both	none
842.393	1	Stimulus/S  1	1	8423930	8423938	6	0	20	pips_40_500-8000.hdf5	both	none
843.4596	1	Stimulus/S  1	1	8434596	8434604	6	1	40	pips_40_500-8000.hdf5	both	none
844.505	1	Stimulus/S  1	1	8445050	8445058	6	2	60	pips_40_500-8000.hdf5	both	none
845.5717	1	Stimulus/S  1	1	8455717	8455725	6	3	70	pips_40_500-8000.hdf5	both	none
846.6277	1	Stimulus/S  1	1	8466277	8466285	6	4	50	pips_40_500-8000.hdf5	both	none
847.673	1	Stimulus/S  1	1	8476730	8476738	6	5	30	pips_40_500-8000.hdf5	both	none
848.7184	1	Stimulus/S  1	1	8487184	8487192	7	0	20	pips_40_500-8000.hdf5	both	none
849.785	1	Stimulus/S  1	1	8497850	8497858	7	1	40	pips_40_500-8000.hdf5	both	none
850.8411	1	Stimulus/S  1	1	8508411	8508419	7	2	60	pips_40_500-8000.hdf5	both	none
851.9077	1	Stimulus/S  1	1	8519077	8519085	7	3	70	pips_40_500-8000.hdf5	both	none
852.9531	1	Stimulus/S  1	1	8529531	8529539	7	4	50	pips_40_500-8000.hdf5	both	none
854.0198	1	Stimulus/S  1	1	8540198	8540206	7	5	30	pips_40_500-8000.hdf5	both	none
855.0864	1	Stimulus/S  1	1	8550864	8550872	8	0	20	pips_40_500-8000.hdf5	both	none
856.1531	1	Stimulus/S  1	1	8561531	8561539	8	1	40	pips_40_500-8000.hdf5	both	none
857.2198	1	Stimulus/S  1	1	8572198	8572206	8	2	60	pips_40_500-8000.hdf5	both	none
858.2865	1	Stimulus/S  1	1	8582865	8582873	8	3	70	pips_40_500-8000.hdf5	both	none
859.3531	1	Stimulus/S  1	1	8593531	8593539	8	4	50	pips_40_500-8000.hdf5	both	none
860.4092	1	Stimulus/S  1	1	8604092	8604100	8	5	30	pips_40_500-8000.hdf5	both	none
861.4545	1	Stimulus/S  1	1	8614545	8614553	9	0	20	pips_40_500-8000.hdf5	both	none
862.5105	1	Stimulus/S  1	1	8625105	8625113	9	1	40	pips_40_500-8000.hdf5	both	none
863.5559	1	Stimulus/S  1	1	8635559	8635567	9	2	60	pips_40_500-8000.hdf5	both	none
864.6119	1	Stimulus/S  1	1	8646119	8646127	9	3	70	pips_40_500-8000.hdf5	both	none
865.6572	1	Stimulus/S  1	1	8656572	8656580	9	4	50	pips_40_500-8000.hdf5	both	none
866.7025	1	Stimulus/S  1	1	8667025	8667033	9	5	30	pips_40_500-8000.hdf5	both	none
867.7586	1	Stimulus/S  1	1	8677586	8677594	10	0	20	pips_40_500-8000.hdf5	both	none
868.8252	1	Stimulus/S  1	1	8688252	8688260	10	1	40	pips_40_500-8000.hdf5	both	none
869.8706	1	Stimulus/S  1	1	8698706	8698714	10	2	60	pips_40_500-8000.hdf5	both	none
870.9373	1	Stimulus/S  1	1	8709373	8709381	10	3	70	pips_40_500-8000.hdf5	both	none
872.0039	1	Stimulus/S  1	1	8720039	8720047	10	4	50	pips_40_500-8000.hdf5	both	none
873.0706	1	Stimulus/S  1	1	8730706	8730714	10	5	30	pips_40_500-8000.hdf5	both	none
874.1373	1	Stimulus/S  1	1	8741373	8741381	11	0	20	pips_40_500-8000.hdf5	both	none
875.204	1	Stimulus/S  1	1	8752040	8752048	11	1	40	pips_40_500-8000.hdf5	both	none
876.2706	1	Stimulus/S  1	1	8762706	8762714	11	2	60	pips_40_500-8000.hdf5	both	none
877.3267	1	Stimulus/S  1	1	8773267	8773275	11	3	70	pips_40_500-8000.hdf5	both	none
878.3933	1	Stimulus/S  1	1	8783933	8783941	11	4	50	pips_40_500-8000.hdf5	both	none
879.4387	1	Stimulus/S  1	1	8794387	8794395	11	5	30	pips_40_500-8000.hdf5	both	none
880.5054	1	Stimulus/S  1	1	8805054	8805062	12	0	20	pips_40_500-8000.hdf5	both	none
881.5614	1	Stimulus/S  1	1	8815614	8815622	12	1	40	pips_40_500-8000.hdf5	both	none
882.6067	1	Stimulus/S  1	1	8826067	8826075	12	2	60	pips_40_500-8000.hdf5	both	none
883.6627	1	Stimulus/S  1	1	8836627	8836635	12	3	70	pips_40_500-8000.hdf5	both	none
884.7081	1	Stimulus/S  1	1	8847081	8847089	12	4	50	pips_40_500-8000.hdf5	both	none
885.7534	1	Stimulus/S  1	1	8857534	8857542	12	5	30	pips_40_500-8000.hdf5	both	none
886.8201	1	Stimulus/S  1	1	8868201	8868209	13	0	20	pips_40_500-8000.hdf5	both	none
887.8761	1	Stimulus/S  1	1	8878761	8878769	13	1	40	pips_40_500-8000.hdf5	both	none
888.9428	1	Stimulus/S  1	1	8889428	8889436	13	2	60	pips_40_500-8000.hdf5	both	none
889.9881	1	Stimulus/S  1	1	8899881	8899889	13	3	70	pips_40_500-8000.hdf5	both	none
891.0548	1	Stimulus/S  1	1	8910548	8910556	13	4	50	pips_40_500-8000.hdf5	both	none
892.1215	1	Stimulus/S  1	1	8921215	8921223	13	5	30	pips_40_500-8000.hdf5	both	none
893.1881	1	Stimulus/S  1	1	8931881	8931889	14	0	20	pips_40_500-8000.hdf5	both	none
894.2548	1	Stimulus/S  1	1	8942548	8942556	14	1	40	pips_40_500-8000.hdf5	both	none
895.3215	1	Stimulus/S  1	1	8953215	8953223	14	2	60	pips_40_500-8000.hdf5	both	none
896.3882	1	Stimulus/S  1	1	8963882	8963890	14	3	70	pips_40_500-8000.hdf5	both	none
897.4442	1	Stimulus/S  1	1	8974442	8974450	14	4	50	pips_40_500-8000.hdf5	both	none
898.5109	1	Stimulus/S  1	1	8985109	8985117	14	5	30	pips_40_500-8000.hdf5	both	none
899.5562	1	Stimulus/S  1	1	8995562	8995570	15	0	20	pips_40_500-8000.hdf5	both	none
900.6229	1	Stimulus/S  1	1	9006229	9006237	15	1	40	pips_40_500-8000.hdf5	both	none
901.6789	1	Stimulus/S  1	1	9016789	9016797	15	2	60	pips_40_500-8000.hdf5	both	none
902.7242	1	Stimulus/S  1	1	9027242	9027250	15	3	70	pips_40_500-8000.hdf5	both	none
903.7696	1	Stimulus/S  1	1	9037696	9037704	15	4	50	pips_40_500-8000.hdf5	both	none
904.8256	1	Stimulus/S  1	1	9048256	9048264	15	5	30	pips_40_500-8000.hdf5	both	none
905.8709	1	Stimulus/S  1	1	9058709	9058717	16	0	20	pips_40_500-8000.hdf5	both	none
906.9376	1	Stimulus/S  1	1	9069376	9069384	16	1	40	pips_40_500-8000.hdf5	both	none
907.9936	1	Stimulus/S  1	1	9079936	9079944	16	2	60	pips_40_500-8000.hdf5	both	none
909.0603	1	Stimulus/S  1	1	9090603	9090611	16	3	70	pips_40_500-8000.hdf5	both	none
910.127	1	Stimulus/S  1	1	9101270	9101278	16	4	50	pips_40_500-8000.hdf5	both	none
911.1937	1	Stimulus/S  1	1	9111937	9111945	16	5	30	pips_40_500-8000.hdf5	both	none
912.2603	1	Stimulus/S  1	1	9122603	9122611	17	0	20	pips_40_500-8000.hdf5	both	none
913.327	1	Stimulus/S  1	1	9133270	9133278	17	1	40	pips_40_500-8000.hdf5	both	none
914.3937	1	Stimulus/S  1	1	9143937	9143945	17	2	60	pips_40_500-8000.hdf5	both	none
915.439	1	Stimulus/S  1	1	9154390	9154398	17	3	70	pips_40_500-8000.hdf5	both	none
916.5057	1	Stimulus/S  1	1	9165057	9165065	17	4	50	pips_40_500-8000.hdf5	both	none
917.5617	1	Stimulus/S  1	1	9175617	9175625	17	5	30	pips_40_500-8000.hdf5	both	none
918.6284	1	Stimulus/S  1	1	9186284	9186292	18	0	20	pips_40_500-8000.hdf5	both	none
919.6737	1	Stimulus/S  1	1	9196737	9196745	18	1	40	pips_40_500-8000.hdf5	both	none
920.7191	1	Stimulus/S  1	1	9207191	9207199	18	2	60	pips_40_500-8000.hdf5	both	none
921.7751	1	Stimulus/S  1	1	9217751	9217759	18	3	70	pips_40_500-8000.hdf5	both	none
922.8204	1	Stimulus/S  1	1	9228204	9228212	18	4	50	pips_40_500-8000.hdf5	both	none
923.8765	1	Stimulus/S  1	1	9238765	9238773	18	5	30	pips_40_500-8000.hdf5	both	none
924.9218	1	Stimulus/S  1	1	9249218	9249226	19	0	20	pips_40_500-8000.hdf5	both	none
925.9778	1	Stimulus/S  1	1	9259778	9259786	19	1	40	pips_40_500-8000.hdf5	both	none
927.0232	1	Stimulus/S  1	1	9270232	9270240	19	2	60	pips_40_500-8000.hdf5	both	none
928.0898	1	Stimulus/S  1	1	9280898	9280906	19	3	70	pips_40_500-8000.hdf5	both	none
929.1565	1	Stimulus/S  1	1	9291565	9291573	19	4	50	pips_40_500-8000.hdf5	both	none
930.2019	1	Stimulus/S  1	1	9302019	9302027	19	5	30	pips_40_500-8000.hdf5	both	none
931.2792	1	Stimulus/S  1	1	9312792	9312800	20	0	20	pips_40_500-8000.hdf5	both	none
932.3459	1	Stimulus/S  1	1	9323459	9323467	20	1	40	pips_40_500-8000.hdf5	both	none
933.4126	1	Stimulus/S  1	1	9334126	9334134	20	2	60	pips_40_500-8000.hdf5	both	none
934.4579	1	Stimulus/S  1	1	9344579	9344587	20	3	70	pips_40_500-8000.hdf5	both	none
935.5246	1	Stimulus/S  1	1	9355246	9355254	20	4	50	pips_40_500-8000.hdf5	both	none
936.5699	1	Stimulus/S  1	1	9365699	9365707	20	5	30	pips_40_500-8000.hdf5	both	none
937.6366	1	Stimulus/S  1	1	9376366	9376374	21	0	20	pips_40_500-8000.hdf5	both	none
938.6926	1	Stimulus/S  1	1	9386926	9386934	21	1	40	pips_40_500-8000.hdf5	both	none
939.7593	1	Stimulus/S  1	1	9397593	9397601	21	2	60	pips_40_500-8000.hdf5	both	none
940.8046	1	Stimulus/S  1	1	9408046	9408054	21	3	70	pips_40_500-8000.hdf5	both	none
941.8606	1	Stimulus/S  1	1	9418606	9418614	21	4	50	pips_40_500-8000.hdf5	both	none
942.906	1	Stimulus/S  1	1	9429060	9429068	21	5	30	pips_40_500-8000.hdf5	both	none
943.9727	1	Stimulus/S  1	1	9439727	9439735	22	0	20	pips_40_500-8000.hdf5	both	none
945.0287	1	Stimulus/S  1	1	9450287	9450295	22	1	40	pips_40_500-8000.hdf5	both	none
946.0953	1	Stimulus/S  1	1	9460953	9460961	22	2	60	pips_40_500-8000.hdf5	both	none
947.1407	1	Stimulus/S  1	1	9471407	9471415	22	3	70	pips_40_500-8000.hdf5	both	none
948.2074	1	Stimulus/S  1	1	9482074	9482082	22	4	50	pips_40_500-8000.hdf5	both	none
949.274	1	Stimulus/S  1	1	9492740	9492748	22	5	30	pips_40_500-8000.hdf5	both	none
950.3407	1	Stimulus/S  1	1	9503407	9503415	23	0	20	pips_40_500-8000.hdf5	both	none
951.4074	1	Stimulus/S  1	1	9514074	9514082	23	1	40	pips_40_500-8000.hdf5	both	none
952.4741	1	Stimulus/S  1	1	9524741	9524749	23	2	60	pips_40_500-8000.hdf5	both	none
953.5408	1	Stimulus/S  1	1	9535408	9535416	23	3	70	pips_40_500-8000.hdf5	both	none
954.6074	1	Stimulus/S  1	1	9546074	9546082	23	4	50	pips_40_500-8000.hdf5	both	none
955.6741	1	Stimulus/S  1	1	9556741	9556749	23	5	30	pips_40_500-8000.hdf5	both	none
956.7408	1	Stimulus/S  1	1	9567408	9567416	24	0	20	pips_40_500-8000.hdf5	both	none
957.7861	1	Stimulus/S  1	1	9577861	9577869	24	1	40	pips_40_500-8000.hdf5	both	none
958.8635	1	Stimulus/S  1	1	9588635	9588643	24	2	60	pips_40_500-8000.hdf5	both	none
959.9088	1	Stimulus/S  1	1	9599088	9599096	24	3	70	pips_40_500-8000.hdf5	both	none
960.9755	1	Stimulus/S  1	1	9609755	9609763	24	4	50	pips_40_500-8000.hdf5	both	none
962.0208	1	Stimulus/S  1	1	9620208	9620216	24	5	30	pips_40_500-8000.hdf5	both	none
963.0768	1	Stimulus/S  1	1	9630768	9630776	25	0	20	pips_40_500-8000.hdf5	both	none
964.1222	1	Stimulus/S  1	1	9641222	9641230	25	1	40	pips_40_500-8000.hdf5	both	none
965.1782	1	Stimulus/S  1	1	9651782	9651790	25	2	60	pips_40_500-8000.hdf5	both	none
966.2235	1	Stimulus/S  1	1	9662235	9662243	25	3	70	pips_40_500-8000.hdf5	both	none
967.2902	1	Stimulus/S  1	1	9672902	9672910	25	4	50	pips_40_500-8000.hdf5	both	none
968.3462	1	Stimulus/S  1	1	9683462	9683470	25	5	30	pips_40_500-8000.hdf5	both	none
969.4129	1	Stimulus/S  1	1	9694129	9694137	26	0	20	pips_40_500-8000.hdf5	both	none
970.4583	1	Stimulus/S  1	1	9704583	9704591	26	1	40	pips_40_500-8000.hdf5	both	none
971.5249	1	Stimulus/S  1	1	9715249	9715257	26	2	60	pips_40_500-8000.hdf5	both	none
972.5916	1	Stimulus/S  1	1	9725916	9725924	26	3	70	pips_40_500-8000.hdf5	both	none
973.6583	1	Stimulus/S  1	1	9736583	9736591	26	4	50	pips_40_500-8000.hdf5	both	none
974.725	1	Stimulus/S  1	1	9747250	9747258	26	5	30	pips_40_500-8000.hdf5	both	none
975.7916	1	Stimulus/S  1	1	9757916	9757924	27	0	20	pips_40_500-8000.hdf5	both	none
976.8583	1	Stimulus/S  1	1	9768583	9768591	27	1	40	pips_40_500-8000.hdf5	both	none
977.9037	1	Stimulus/S  1	1	9779037	9779045	27	2	60	pips_40_500-8000.hdf5	both	none
978.981	1	Stimulus/S  1	1	9789810	9789818	27	3	70	pips_40_500-8000.hdf5	both	none
980.0264	1	Stimulus/S  1	1	9800264	9800272	27	4	50	pips_40_500-8000.hdf5	both	none
981.093	1	Stimulus/S  1	1	9810930	9810938	27	5	30	pips_40_500-8000.hdf5	both	none
982.1384	1	Stimulus/S  1	1	9821384	9821392	28	0	20	pips_40_500-8000.hdf5	both	none
983.1944	1	Stimulus/S  1	1	9831944	9831952	28	1	40	pips_40_500-8000.hdf5	both	none
984.2397	1	Stimulus/S  1	1	9842397	9842405	28	2	60	pips_40_500-8000.hdf5	both	none
985.2957	1	Stimulus/S  1	1	9852957	9852965	28	3	70	pips_40_500-8000.hdf5	both	none
986.3411	1	Stimulus/S  1	1	9863411	9863419	28	4	50	pips_40_500-8000.hdf5	both	none
987.4078	1	Stimulus/S  1	1	9874078	9874086	28	5	30	pips_40_500-8000.hdf5	both	none
988.4638	1	Stimulus/S  1	1	9884638	9884646	29	0	20	pips_40_500-8000.hdf5	both	none
989.5304	1	Stimulus/S  1	1	9895304	9895312	29	1	40	pips_40_500-8000.hdf5	both	none
990.5758	1	Stimulus/S  1	1	9905758	9905766	29	2	60	pips_40_500-8000.hdf5	both	none
991.6425	1	Stimulus/S  1	1	9916425	9916433	29	3	70	pips_40_500-8000.hdf5	both	none
992.7091	1	Stimulus/S  1	1	9927091	9927099	29	4	50	pips_40_500-8000.hdf5	both	none
993.7758	1	Stimulus/S  1	1	9937758	9937766	29	5	30	pips_40_500-8000.hdf5	both	none
994.8425	1	Stimulus/S  1	1	9948425	9948433	30	0	20	pips_40_500-8000.hdf5	both	none
995.9092	1	Stimulus/S  1	1	9959092	9959100	30	1	40	pips_40_500-8000.hdf5	both	none
996.9759	1	Stimulus/S  1	1	9969759	9969767	30	2	60	pips_40_500-8000.hdf5	both	none
998.0212	1	Stimulus/S  1	1	9980212	9980220	30	3	70	pips_40_500-8000.hdf5	both	none
999.0879	1	Stimulus/S  1	1	9990879	9990887	30	4	50	pips_40_500-8000.hdf5	both	none
1000.1546	1	Stimulus/S  1	1	10001546	10001554	30	5	30	pips_40_500-8000.hdf5	both	none
1001.2106	1	Stimulus/S  1	1	10012106	10012114	31	0	20	pips_40_500-8000.hdf5	both	none
1002.2559	1	Stimulus/S  1	1	10022559	10022567	31	1	40	pips_40_500-8000.hdf5	both	none
1003.3119	1	Stimulus/S  1	1	10033119	10033127	31	2	60	pips_40_500-8000.hdf5	both	none
1004.3573	1	Stimulus/S  1	1	10043573	10043581	31	3	70	pips_40_500-8000.hdf5	both	none
1005.4133	1	Stimulus/S  1	1	10054133	10054141	31	4	50	pips_40_500-8000.hdf5	both	none
1006.4586	1	Stimulus/S  1	1	10064586	10064594	31	5	30	pips_40_500-8000.hdf5	both	none
1007.5253	1	Stimulus/S  1	1	10075253	10075261	32	0	20	pips_40_500-8000.hdf5	both	none
1008.5706	1	Stimulus/S  1	1	10085706	10085714	32	1	40	pips_40_500-8000.hdf5	both	none
1009.6373	1	Stimulus/S  1	1	10096373	10096381	32	2	60	pips_40_500-8000.hdf5	both	none
1010.6933	1	Stimulus/S  1	1	10106933	10106941	32	3	70	pips_40_500-8000.hdf5	both	none
1011.76	1	Stimulus/S  1	1	10117600	10117608	32	4	50	pips_40_500-8000.hdf5	both	none
1012.8267	1	Stimulus/S  1	1	10128267	10128275	32	5	30	pips_40_500-8000.hdf5	both	none
1013.8934	1	Stimulus/S  1	1	10138934	10138942	33	0	20	pips_40_500-8000.hdf5	both	none
1014.96	1	Stimulus/S  1	1	10149600	10149608	33	1	40	pips_40_500-8000.hdf5	both	none
1016.0267	1	Stimulus/S  1	1	10160267	10160275	33	2	60	pips_40_500-8000.hdf5	both	none
1017.0934	1	Stimulus/S  1	1	10170934	10170942	33	3	70	pips_40_500-8000.hdf5	both	none
1018.1387	1	Stimulus/S  1	1	10181387	10181395	33	4	50	pips_40_500-8000.hdf5	both	none
1019.2054	1	Stimulus/S  1	1	10192054	10192062	33	5	30	pips_40_500-8000.hdf5	both	none
1020.2614	1	Stimulus/S  1	1	10202614	10202622	34	0	20	pips_40_500-8000.hdf5	both	none
1021.3281	1	Stimulus/S  1	1	10213281	10213289	34	1	40	pips_40_500-8000.hdf5	both	none
1022.3734	1	Stimulus/S  1	1	10223734	10223742	34	2	60	pips_40_500-8000.hdf5	both	none
1023.4295	1	Stimulus/S  1	1	10234295	10234303	34	3	70	pips_40_500-8000.hdf5	both	none
1024.4748	1	Stimulus/S  1	1	10244748	10244756	34	4	50	pips_40_500-8000.hdf5	both	none
1025.5308	1	Stimulus/S  1	1	10255308	10255316	34	5	30	pips_40_500-8000.hdf5	both	none
1026.5762	1	Stimulus/S  1	1	10265762	10265770	35	0	20	pips_40_500-8000.hdf5	both	none
1027.6428	1	Stimulus/S  1	1	10276428	10276436	35	1	40	pips_40_500-8000.hdf5	both	none
1028.6882	1	Stimulus/S  1	1	10286882	10286890	35	2	60	pips_40_500-8000.hdf5	both	none
1029.7549	1	Stimulus/S  1	1	10297549	10297557	35	3	70	pips_40_500-8000.hdf5	both	none
1030.8109	1	Stimulus/S  1	1	10308109	10308117	35	4	50	pips_40_500-8000.hdf5	both	none
1031.8775	1	Stimulus/S  1	1	10318775	10318783	35	5	30	pips_40_500-8000.hdf5	both	none
1032.9442	1	Stimulus/S  1	1	10329442	10329450	36	0	20	pips_40_500-8000.hdf5	both	none
1034.0109	1	Stimulus/S  1	1	10340109	10340117	36	1	40	pips_40_500-8000.hdf5	both	none
1035.0776	1	Stimulus/S  1	1	10350776	10350784	36	2	60	pips_40_500-8000.hdf5	both	none
1036.1442	1	Stimulus/S  1	1	10361442	10361450	36	3	70	pips_40_500-8000.hdf5	both	none
1037.2109	1	Stimulus/S  1	1	10372109	10372117	36	4	50	pips_40_500-8000.hdf5	both	none
1038.2563	1	Stimulus/S  1	1	10382563	10382571	36	5	30	pips_40_500-8000.hdf5	both	none
1039.3229	1	Stimulus/S  1	1	10393229	10393237	37	0	20	pips_40_500-8000.hdf5	both	none
1040.379	1	Stimulus/S  1	1	10403790	10403798	37	1	40	pips_40_500-8000.hdf5	both	none
1041.4456	1	Stimulus/S  1	1	10414456	10414464	37	2	60	pips_40_500-8000.hdf5	both	none
1042.491	1	Stimulus/S  1	1	10424910	10424918	37	3	70	pips_40_500-8000.hdf5	both	none
1043.547	1	Stimulus/S  1	1	10435470	10435478	37	4	50	pips_40_500-8000.hdf5	both	none
1044.5923	1	Stimulus/S  1	1	10445923	10445931	37	5	30	pips_40_500-8000.hdf5	both	none
1045.6483	1	Stimulus/S  1	1	10456483	10456491	38	0	20	pips_40_500-8000.hdf5	both	none
1046.6937	1	Stimulus/S  1	1	10466937	10466945	38	1	40	pips_40_500-8000.hdf5	both	none
1047.7604	1	Stimulus/S  1	1	10477604	10477612	38	2	60	pips_40_500-8000.hdf5	both	none
1048.8057	1	Stimulus/S  1	1	10488057	10488065	38	3	70	pips_40_500-8000.hdf5	both	none
1049.8724	1	Stimulus/S  1	1	10498724	10498732	38	4	50	pips_40_500-8000.hdf5	both	none
1050.9284	1	Stimulus/S  1	1	10509284	10509292	38	5	30	pips_40_500-8000.hdf5	both	none
1051.9951	1	Stimulus/S  1	1	10519951	10519959	39	0	20	pips_40_500-8000.hdf5	both	none
1053.0618	1	Stimulus/S  1	1	10530618	10530626	39	1	40	pips_40_500-8000.hdf5	both	none
1054.1284	1	Stimulus/S  1	1	10541284	10541292	39	2	60	pips_40_500-8000.hdf5	both	none
1055.1951	1	Stimulus/S  1	1	10551951	10551959	39	3	70	pips_40_500-8000.hdf5	both	none
1056.2618	1	Stimulus/S  1	1	10562618	10562626	39	4	50	pips_40_500-8000.hdf5	both	none
1057.3285	1	Stimulus/S  1	1	10573285	10573293	39	5	30	pips_40_500-8000.hdf5	both	none
1058.3738	1	Stimulus/S  1	1	10583738	10583746	40	0	20	pips_40_500-8000.hdf5	both	none
1059.4405	1	Stimulus/S  1	1	10594405	10594413	40	1	40	pips_40_500-8000.hdf5	both	none
1060.4965	1	Stimulus/S  1	1	10604965	10604973	40	2	60	pips_40_500-8000.hdf5	both	none
1061.5632	1	Stimulus/S  1	1	10615632	10615640	40	3	70	pips_40_500-8000.hdf5	both	none
1062.6085	1	Stimulus/S  1	1	10626085	10626093	40	4	50	pips_40_500-8000.hdf5	both	none
1063.6645	1	Stimulus/S  1	1	10636645	10636653	40	5	30	pips_40_500-8000.hdf5	both	none
1064.7099	1	Stimulus/S  1	1	10647099	10647107	41	0	20	pips_40_500-8000.hdf5	both	none
1065.7765	1	Stimulus/S  1	1	10657765	10657773	41	1	40	pips_40_500-8000.hdf5	both	none
1066.8219	1	Stimulus/S  1	1	10668219	10668227	41	2	60	pips_40_500-8000.hdf5	both	none
1067.8886	1	Stimulus/S  1	1	10678886	10678894	41	3	70	pips_40_500-8000.hdf5	both	none
1068.9446	1	Stimulus/S  1	1	10689446	10689454	41	4	50	pips_40_500-8000.hdf5	both	none
1070.0113	1	Stimulus/S  1	1	10700113	10700121	41	5	30	pips_40_500-8000.hdf5	both	none
1071.0779	1	Stimulus/S  1	1	10710779	10710787	42	0	20	pips_40_500-8000.hdf5	both	none
1072.1446	1	Stimulus/S  1	1	10721446	10721454	42	1	40	pips_40_500-8000.hdf5	both	none
1073.2113	1	Stimulus/S  1	1	10732113	10732121	42	2	60	pips_40_500-8000.hdf5	both	none
1074.278	1	Stimulus/S  1	1	10742780	10742788	42	3	70	pips_40_500-8000.hdf5	both	none
1075.3446	1	Stimulus/S  1	1	10753446	10753454	42	4	50	pips_40_500-8000.hdf5	both	none
1076.39	1	Stimulus/S  1	1	10763900	10763908	42	5	30	pips_40_500-8000.hdf5	both	none
1077.4567	1	Stimulus/S  1	1	10774567	10774575	43	0	20	pips_40_500-8000.hdf5	both	none
1078.5127	1	Stimulus/S  1	1	10785127	10785135	43	1	40	pips_40_500-8000.hdf5	both	none
1079.5793	1	Stimulus/S  1	1	10795793	10795801	43	2	60	pips_40_500-8000.hdf5	both	none
1080.6247	1	Stimulus/S  1	1	10806247	10806255	43	3	70	pips_40_500-8000.hdf5	both	none
1081.6807	1	Stimulus/S  1	1	10816807	10816815	43	4	50	pips_40_500-8000.hdf5	both	none
1082.726	1	Stimulus/S  1	1	10827260	10827268	43	5	30	pips_40_500-8000.hdf5	both	none
1083.7821	1	Stimulus/S  1	1	10837821	10837829	44	0	20	pips_40_500-8000.hdf5	both	none
1084.8274	1	Stimulus/S  1	1	10848274	10848282	44	1	40	pips_40_500-8000.hdf5	both	none
1085.8941	1	Stimulus/S  1	1	10858941	10858949	44	2	60	pips_40_500-8000.hdf5	both	none
1086.9394	1	Stimulus/S  1	1	10869394	10869402	44	3	70	pips_40_500-8000.hdf5	both	none
1088.0061	1	Stimulus/S  1	1	10880061	10880069	44	4	50	pips_40_500-8000.hdf5	both	none
1089.0621	1	Stimulus/S  1	1	10890621	10890629	44	5	30	pips_40_500-8000.hdf5	both	none
1090.1288	1	Stimulus/S  1	1	10901288	10901296	45	0	20	pips_40_500-8000.hdf5	both	none
1091.1955	1	Stimulus/S  1	1	10911955	10911963	45	1	40	pips_40_500-8000.hdf5	both	none
1092.2621	1	Stimulus/S  1	1	10922621	10922629	45	2	60	pips_40_500-8000.hdf5	both	none
1093.3288	1	Stimulus/S  1	1	10933288	10933296	45	3	70	pips_40_500-8000.hdf5	both	none
1094.3955	1	Stimulus/S  1	1	10943955	10943963	45	4	50	pips_40_500-8000.hdf5	both	none
1095.4622	1	Stimulus/S  1	1	10954622	10954630	45	5	30	pips_40_500-8000.hdf5	both	none
1096.5075	1	Stimulus/S  1	1	10965075	10965083	46	0	20	pips_40_500-8000.hdf5	both	none
1097.5742	1	Stimulus/S  1	1	10975742	10975750	46	1	40	pips_40_500-8000.hdf5	both	none
1098.6409	1	Stimulus/S  1	1	10986409	10986417	46	2	60	pips_40_500-8000.hdf5	both	none
1099.6969	1	Stimulus/S  1	1	10996969	10996977	46	3	70	pips_40_500-8000.hdf5	both	none
1100.7422	1	Stimulus/S  1	1	11007422	11007430	46	4	50	pips_40_500-8000.hdf5	both	none
1101.7982	1	Stimulus/S  1	1	11017982	11017990	46	5	30	pips_40_500-8000.hdf5	both	none
1102.8436	1	Stimulus/S  1	1	11028436	11028444	47	0	20	pips_40_500-8000.hdf5	both	none
1103.8889	1	Stimulus/S  1	1	11038889	11038897	47	1	40	pips_40_500-8000.hdf5	both	none
1104.9449	1	Stimulus/S  1	1	11049449	11049457	47	2	60	pips_40_500-8000.hdf5	both	none
1106.0116	1	Stimulus/S  1	1	11060116	11060124	47	3	70	pips_40_500-8000.hdf5	both	none
1107.057	1	Stimulus/S  1	1	11070570	11070578	47	4	50	pips_40_500-8000.hdf5	both	none
1108.1236	1	Stimulus/S  1	1	11081236	11081244	47	5	30	pips_40_500-8000.hdf5	both	none
1109.1796	1	Stimulus/S  1	1	11091796	11091804	48	0	20	pips_40_500-8000.hdf5	both	none
1110.2463	1	Stimulus/S  1	1	11102463	11102471	48	1	40	pips_40_500-8000.hdf5	both	none
1111.313	1	Stimulus/S  1	1	11113130	11113138	48	2	60	pips_40_500-8000.hdf5	both	none
1112.3797	1	Stimulus/S  1	1	11123797	11123805	48	3	70	pips_40_500-8000.hdf5	both	none
1113.4464	1	Stimulus/S  1	1	11134464	11134472	48	4	50	pips_40_500-8000.hdf5	both	none
1114.513	1	Stimulus/S  1	1	11145130	11145138	48	5	30	pips_40_500-8000.hdf5	both	none
1115.5797	1	Stimulus/S  1	1	11155797	11155805	49	0	20	pips_40_500-8000.hdf5	both	none
1116.6464	1	Stimulus/S  1	1	11166464	11166472	49	1	40	pips_40_500-8000.hdf5	both	none
1117.7131	1	Stimulus/S  1	1	11177131	11177139	49	2	60	pips_40_500-8000.hdf5	both	none
1118.7797	1	Stimulus/S  1	1	11187797	11187805	49	3	70	pips_40_500-8000.hdf5	both	none
1119.8251	1	Stimulus/S  1	1	11198251	11198259	49	4	50	pips_40_500-8000.hdf5	both	none
1120.8918	1	Stimulus/S  1	1	11208918	11208926	49	5	30	pips_40_500-8000.hdf5	both	none
1121.9478	1	Stimulus/S  1	1	11219478	11219486	50	0	20	pips_40_500-8000.hdf5	both	none
1123.0145	1	Stimulus/S  1	1	11230145	11230153	50	1	40	pips_40_500-8000.hdf5	both	none
1124.0598	1	Stimulus/S  1	1	11240598	11240606	50	2	60	pips_40_500-8000.hdf5	both	none
1125.1158	1	Stimulus/S  1	1	11251158	11251166	50	3	70	pips_40_500-8000.hdf5	both	none
1126.1611	1	Stimulus/S  1	1	11261611	11261619	50	4	50	pips_40_500-8000.hdf5	both	none
1127.2065	1	Stimulus/S  1	1	11272065	11272073	50	5	30	pips_40_500-8000.hdf5	both	none
1128.2625	1	Stimulus/S  1	1	11282625	11282633	51	0	20	pips_40_500-8000.hdf5	both	none
1129.3292	1	Stimulus/S  1	1	11293292	11293300	51	1	40	pips_40_500-8000.hdf5	both	none
1130.3745	1	Stimulus/S  1	1	11303745	11303753	51	2	60	pips_40_500-8000.hdf5	both	none
1131.4412	1	Stimulus/S  1	1	11314412	11314420	51	3	70	pips_40_500-8000.hdf5	both	none
1132.4972	1	Stimulus/S  1	1	11324972	11324980	51	4	50	pips_40_500-8000.hdf5	both	none
1133.5639	1	Stimulus/S  1	1	11335639	11335647	51	5	30	pips_40_500-8000.hdf5	both	none
1134.6306	1	Stimulus/S  1	1	11346306	11346314	52	0	20	pips_40_500-8000.hdf5	both	none
1135.6972	1	Stimulus/S  1	1	11356972	11356980	52	1	40	pips_40_500-8000.hdf5	both	none
1136.7639	1	Stimulus/S  1	1	11367639	11367647	52	2	60	pips_40_500-8000.hdf5	both	none
1137.8306	1	Stimulus/S  1	1	11378306	11378314	52	3	70	pips_40_500-8000.hdf5	both	none
1138.8973	1	Stimulus/S  1	1	11388973	11388981	52	4	50	pips_40_500-8000.hdf5	both	none
1139.9426	1	Stimulus/S  1	1	11399426	11399434	52	5	30	pips_40_500-8000.hdf5	both	none
1141.0093	1	Stimulus/S  1	1	11410093	11410101	53	0	20	pips_40_500-8000.hdf5	both	none
1142.0653	1	Stimulus/S  1	1	11420653	11420661	53	1	40	pips_40_500-8000.hdf5	both	none
1143.132	1	Stimulus/S  1	1	11431320	11431328	53	2	60	pips_40_500-8000.hdf5	both	none
1144.1773	1	Stimulus/S  1	1	11441773	11441781	53	3	70	pips_40_500-8000.hdf5	both	none
1145.2227	1	Stimulus/S  1	1	11452227	11452235	53	4	50	pips_40_500-8000.hdf5	both	none
1146.2787	1	Stimulus/S  1	1	11462787	11462795	53	5	30	pips_40_500-8000.hdf5	both	none
1147.3454	1	Stimulus/S  1	1	11473454	11473462	54	0	20	pips_40_500-8000.hdf5	both	none
1148.3907	1	Stimulus/S  1	1	11483907	11483915	54	1	40	pips_40_500-8000.hdf5	both	none
1149.4574	1	Stimulus/S  1	1	11494574	11494582	54	2	60	pips_40_500-8000.hdf5	both	none
1150.5134	1	Stimulus/S  1	1	11505134	11505142	54	3	70	pips_40_500-8000.hdf5	both	none
1151.5801	1	Stimulus/S  1	1	11515801	11515809	54	4	50	pips_40_500-8000.hdf5	both	none
1152.6467	1	Stimulus/S  1	1	11526467	11526475	54	5	30	pips_40_500-8000.hdf5	both	none
1153.7134	1	Stimulus/S  1	1	11537134	11537142	55	0	20	pips_40_500-8000.hdf5	both	none
1154.7801	1	Stimulus/S  1	1	11547801	11547809	55	1	40	pips_40_500-8000.hdf5	both	none
1155.8468	1	Stimulus/S  1	1	11558468	11558476	55	2	60	pips_40_500-8000.hdf5	both	none
1156.9135	1	Stimulus/S  1	1	11569135	11569143	55	3	70	pips_40_500-8000.hdf5	both	none
1157.9588	1	Stimulus/S  1	1	11579588	11579596	55	4	50	pips_40_500-8000.hdf5	both	none
1159.0255	1	Stimulus/S  1	1	11590255	11590263	55	5	30	pips_40_500-8000.hdf5	both	none
1160.0815	1	Stimulus/S  1	1	11600815	11600823	56	0	20	pips_40_500-8000.hdf5	both	none
1161.1482	1	Stimulus/S  1	1	11611482	11611490	56	1	40	pips_40_500-8000.hdf5	both	none
1162.1935	1	Stimulus/S  1	1	11621935	11621943	56	2	60	pips_40_500-8000.hdf5	both	none
1163.2495	1	Stimulus/S  1	1	11632495	11632503	56	3	70	pips_40_500-8000.hdf5	both	none
1164.2949	1	Stimulus/S  1	1	11642949	11642957	56	4	50	pips_40_500-8000.hdf5	both	none
1165.3402	1	Stimulus/S  1	1	11653402	11653410	56	5	30	pips_40_500-8000.hdf5	both	none
1166.3962	1	Stimulus/S  1	1	11663962	11663970	57	0	20	pips_40_500-8000.hdf5	both	none
1167.4629	1	Stimulus/S  1	1	11674629	11674637	57	1	40	pips_40_500-8000.hdf5	both	none
1168.5082	1	Stimulus/S  1	1	11685082	11685090	57	2	60	pips_40_500-8000.hdf5	both	none
1169.5749	1	Stimulus/S  1	1	11695749	11695757	57	3	70	pips_40_500-8000.hdf5	both	none
1170.6309	1	Stimulus/S  1	1	11706309	11706317	57	4	50	pips_40_500-8000.hdf5	both	none
1171.6976	1	Stimulus/S  1	1	11716976	11716984	57	5	30	pips_40_500-8000.hdf5	both	none
1172.7643	1	Stimulus/S  1	1	11727643	11727651	58	0	20	pips_40_500-8000.hdf5	both	none
1173.831	1	Stimulus/S  1	1	11738310	11738318	58	1	40	pips_40_500-8000.hdf5	both	none
1174.8976	1	Stimulus/S  1	1	11748976	11748984	58	2	60	pips_40_500-8000.hdf5	both	none
1175.9643	1	Stimulus/S  1	1	11759643	11759651	58	3	70	pips_40_500-8000.hdf5	both	none
1177.031	1	Stimulus/S  1	1	11770310	11770318	58	4	50	pips_40_500-8000.hdf5	both	none
1178.0763	1	Stimulus/S  1	1	11780763	11780771	58	5	30	pips_40_500-8000.hdf5	both	none
1179.143	1	Stimulus/S  1	1	11791430	11791438	59	0	20	pips_40_500-8000.hdf5	both	none
1180.2097	1	Stimulus/S  1	1	11802097	11802105	59	1	40	pips_40_500-8000.hdf5	both	none
1181.2657	1	Stimulus/S  1	1	11812657	11812665	59	2	60	pips_40_500-8000.hdf5	both	none
1182.311	1	Stimulus/S  1	1	11823110	11823118	59	3	70	pips_40_500-8000.hdf5	both	none
1183.3671	1	Stimulus/S  1	1	11833671	11833679	59	4	50	pips_40_500-8000.hdf5	both	none
1184.4124	1	Stimulus/S  1	1	11844124	11844132	59	5	30	pips_40_500-8000.hdf5	both	none
1185.4577	1	Stimulus/S  1	1	11854577	11854585	60	0	20	pips_40_500-8000.hdf5	both	none
1186.5138	1	Stimulus/S  1	1	11865138	11865146	60	1	40	pips_40_500-8000.hdf5	both	none
1187.5591	1	Stimulus/S  1	1	11875591	11875599	60	2	60	pips_40_500-8000.hdf5	both	none
1188.6151	1	Stimulus/S  1	1	11886151	11886159	60	3	70	pips_40_500-8000.hdf5	both	none
1189.6818	1	Stimulus/S  1	1	11896818	11896826	60	4	50	pips_40_500-8000.hdf5	both	none
1190.7271	1	Stimulus/S  1	1	11907271	11907279	60	5	30	pips_40_500-8000.hdf5	both	none
1191.7938	1	Stimulus/S  1	1	11917938	11917946	61	0	20	pips_40_500-8000.hdf5	both	none
1192.8498	1	Stimulus/S  1	1	11928498	11928506	61	1	40	pips_40_500-8000.hdf5	both	none
1193.9165	1	Stimulus/S  1	1	11939165	11939173	61	2	60	pips_40_500-8000.hdf5	both	none
1194.9832	1	Stimulus/S  1	1	11949832	11949840	61	3	70	pips_40_500-8000.hdf5	both	none
1196.0498	1	Stimulus/S  1	1	11960498	11960506	61	4	50	pips_40_500-8000.hdf5	both	none
1197.1165	1	Stimulus/S  1	1	11971165	11971173	61	5	30	pips_40_500-8000.hdf5	both	none
1198.1832	1	Stimulus/S  1	1	11981832	11981840	62	0	20	pips_40_500-8000.hdf5	both	none
1199.2499	1	Stimulus/S  1	1	11992499	11992507	62	1	40	pips_40_500-8000.hdf5	both	none
1200.2952	1	Stimulus/S  1	1	12002952	12002960	62	2	60	pips_40_500-8000.hdf5	both	none
1201.3619	1	Stimulus/S  1	1	12013619	12013627	62	3	70	pips_40_500-8000.hdf5	both	none
1202.4072	1	Stimulus/S  1	1	12024072	12024080	62	4	50	pips_40_500-8000.hdf5	both	none
1203.4633	1	Stimulus/S  1	1	12034633	12034641	62	5	30	pips_40_500-8000.hdf5	both	none
1204.5086	1	Stimulus/S  1	1	12045086	12045094	63	0	20	pips_40_500-8000.hdf5	both	none
1205.5646	1	Stimulus/S  1	1	12055646	12055654	63	1	40	pips_40_500-8000.hdf5	both	none
1206.61	1	Stimulus/S  1	1	12066100	12066108	63	2	60	pips_40_500-8000.hdf5	both	none
1207.666	1	Stimulus/S  1	1	12076660	12076668	63	3	70	pips_40_500-8000.hdf5	both	none
1208.7113	1	Stimulus/S  1	1	12087113	12087121	63	4	50	pips_40_500-8000.hdf5	both	none
1209.7673	1	Stimulus/S  1	1	12097673	12097681	63	5	30	pips_40_500-8000.hdf5	both	none
1210.8127	1	Stimulus/S  1	1	12108127	12108135	64	0	20	pips_40_500-8000.hdf5	both	none
1211.858	1	Stimulus/S  1	1	12118580	12118588	64	1	40	pips_40_500-8000.hdf5	both	none
1212.9247	1	Stimulus/S  1	1	12129247	12129255	64	2	60	pips_40_500-8000.hdf5	both	none
1213.9914	1	Stimulus/S  1	1	12139914	12139922	64	3	70	pips_40_500-8000.hdf5	both	none
1215.058	1	Stimulus/S  1	1	12150580	12150588	64	4	50	pips_40_500-8000.hdf5	both	none
1216.1247	1	Stimulus/S  1	1	12161247	12161255	64	5	30	pips_40_500-8000.hdf5	both	none
1217.1914	1	Stimulus/S  1	1	12171914	12171922	65	0	20	pips_40_500-8000.hdf5	both	none
1218.2581	1	Stimulus/S  1	1	12182581	12182589	65	1	40	pips_40_500-8000.hdf5	both	none
1219.3141	1	Stimulus/S  1	1	12193141	12193149	65	2	60	pips_40_500-8000.hdf5	both	none
1220.3808	1	Stimulus/S  1	1	12203808	12203816	65	3	70	pips_40_500-8000.hdf5	both	none
1221.4261	1	Stimulus/S  1	1	12214261	12214269	65	4	50	pips_40_500-8000.hdf5	both	none
1222.4928	1	Stimulus/S  1	1	12224928	12224936	65	5	30	pips_40_500-8000.hdf5	both	none
1223.5488	1	Stimulus/S  1	1	12235488	12235496	66	0	20	pips_40_500-8000.hdf5	both	none
1224.5941	1	Stimulus/S  1	1	12245941	12245949	66	1	40	pips_40_500-8000.hdf5	both	none
1225.6501	1	Stimulus/S  1	1	12256501	12256509	66	2	60	pips_40_500-8000.hdf5	both	none
1226.6955	1	Stimulus/S  1	1	12266955	12266963	66	3	70	pips_40_500-8000.hdf5	both	none
1227.7408	1	Stimulus/S  1	1	12277408	12277416	66	4	50	pips_40_500-8000.hdf5	both	none
1228.8075	1	Stimulus/S  1	1	12288075	12288083	66	5	30	pips_40_500-8000.hdf5	both	none
1229.8635	1	Stimulus/S  1	1	12298635	12298643	67	0	20	pips_40_500-8000.hdf5	both	none
1230.9302	1	Stimulus/S  1	1	12309302	12309310	67	1	40	pips_40_500-8000.hdf5	both	none
1231.9755	1	Stimulus/S  1	1	12319755	12319763	67	2	60	pips_40_500-8000.hdf5	both	none
1233.0422	1	Stimulus/S  1	1	12330422	12330430	67	3	70	pips_40_500-8000.hdf5	both	none
1234.1089	1	Stimulus/S  1	1	12341089	12341097	67	4	50	pips_40_500-8000.hdf5	both	none
1235.1756	1	Stimulus/S  1	1	12351756	12351764	67	5	30	pips_40_500-8000.hdf5	both	none
1236.2422	1	Stimulus/S  1	1	12362422	12362430	68	0	20	pips_40_500-8000.hdf5	both	none
1237.3089	1	Stimulus/S  1	1	12373089	12373097	68	1	40	pips_40_500-8000.hdf5	both	none
1238.3649	1	Stimulus/S  1	1	12383649	12383657	68	2	60	pips_40_500-8000.hdf5	both	none
1239.4103	1	Stimulus/S  1	1	12394103	12394111	68	3	70	pips_40_500-8000.hdf5	both	none
1240.4663	1	Stimulus/S  1	1	12404663	12404671	68	4	50	pips_40_500-8000.hdf5	both	none
1241.5116	1	Stimulus/S  1	1	12415116	12415124	68	5	30	pips_40_500-8000.hdf5	both	none
1242.5676	1	Stimulus/S  1	1	12425676	12425684	69	0	20	pips_40_500-8000.hdf5	both	none
1243.613	1	Stimulus/S  1	1	12436130	12436138	69	1	40	pips_40_500-8000.hdf5	both	none
1244.6583	1	Stimulus/S  1	1	12446583	12446591	69	2	60	pips_40_500-8000.hdf5	both	none
1245.725	1	Stimulus/S  1	1	12457250	12457258	69	3	70	pips_40_500-8000.hdf5	both	none
1246.781	1	Stimulus/S  1	1	12467810	12467818	69	4	50	pips_40_500-8000.hdf5	both	none
1247.8477	1	Stimulus/S  1	1	12478477	12478485	69	5	30	pips_40_500-8000.hdf5	both	none
1248.893	1	Stimulus/S  1	1	12488930	12488938	70	0	20	pips_40_500-8000.hdf5	both	none
1249.9597	1	Stimulus/S  1	1	12499597	12499605	70	1	40	pips_40_500-8000.hdf5	both	none
1251.0264	1	Stimulus/S  1	1	12510264	12510272	70	2	60	pips_40_500-8000.hdf5	both	none
1252.0931	1	Stimulus/S  1	1	12520931	12520939	70	3	70	pips_40_500-8000.hdf5	both	none
1253.1598	1	Stimulus/S  1	1	12531598	12531606	70	4	50	pips_40_500-8000.hdf5	both	none
1254.2264	1	Stimulus/S  1	1	12542264	12542272	70	5	30	pips_40_500-8000.hdf5	both	none
1255.2931	1	Stimulus/S  1	1	12552931	12552939	71	0	20	pips_40_500-8000.hdf5	both	none
1256.3491	1	Stimulus/S  1	1	12563491	12563499	71	1	40	pips_40_500-8000.hdf5	both	none
1257.4158	1	Stimulus/S  1	1	12574158	12574166	71	2	60	pips_40_500-8000.hdf5	both	none
1258.4611	1	Stimulus/S  1	1	12584611	12584619	71	3	70	pips_40_500-8000.hdf5	both	none
1259.5278	1	Stimulus/S  1	1	12595278	12595286	71	4	50	pips_40_500-8000.hdf5	both	none
1260.5838	1	Stimulus/S  1	1	12605838	12605846	71	5	30	pips_40_500-8000.hdf5	both	none
1261.6292	1	Stimulus/S  1	1	12616292	12616300	72	0	20	pips_40_500-8000.hdf5	both	none
1262.6852	1	Stimulus/S  1	1	12626852	12626860	72	1	40	pips_40_500-8000.hdf5	both	none
1263.7305	1	Stimulus/S  1	1	12637305	12637313	72	2	60	pips_40_500-8000.hdf5	both	none
1264.7759	1	Stimulus/S  1	1	12647759	12647767	72	3	70	pips_40_500-8000.hdf5	both	none
1265.8319	1	Stimulus/S  1	1	12658319	12658327	72	4	50	pips_40_500-8000.hdf5	both	none
1266.8772	1	Stimulus/S  1	1	12668772	12668780	72	5	30	pips_40_500-8000.hdf5	both	none
1267.9439	1	Stimulus/S  1	1	12679439	12679447	73	0	20	pips_40_500-8000.hdf5	both	none
1268.9999	1	Stimulus/S  1	1	12689999	12690007	73	1	40	pips_40_500-8000.hdf5	both	none
1270.0666	1	Stimulus/S  1	1	12700666	12700674	73	2	60	pips_40_500-8000.hdf5	both	none
1271.1119	1	Stimulus/S  1	1	12711119	12711127	73	3	70	pips_40_500-8000.hdf5	both	none
1272.1786	1	Stimulus/S  1	1	12721786	12721794	73	4	50	pips_40_500-8000.hdf5	both	none
1273.2453	1	Stimulus/S  1	1	12732453	12732461	73	5	30	pips_40_500-8000.hdf5	both	none
1274.312	1	Stimulus/S  1	1	12743120	12743128	74	0	20	pips_40_500-8000.hdf5	both	none
1275.3786	1	Stimulus/S  1	1	12753786	12753794	74	1	40	pips_40_500-8000.hdf5	both	none
1276.4453	1	Stimulus/S  1	1	12764453	12764461	74	2	60	pips_40_500-8000.hdf5	both	none
1277.512	1	Stimulus/S  1	1	12775120	12775128	74	3	70	pips_40_500-8000.hdf5	both	none
1278.568	1	Stimulus/S  1	1	12785680	12785688	74	4	50	pips_40_500-8000.hdf5	both	none
1279.6347	1	Stimulus/S  1	1	12796347	12796355	74	5	30	pips_40_500-8000.hdf5	both	none
1280.68	1	Stimulus/S  1	1	12806800	12806808	75	0	20	pips_40_500-8000.hdf5	both	none
1281.7467	1	Stimulus/S  1	1	12817467	12817475	75	1	40	pips_40_500-8000.hdf5	both	none
1282.792	1	Stimulus/S  1	1	12827920	12827928	75	2	60	pips_40_500-8000.hdf5	both	none
1283.8481	1	Stimulus/S  1	1	12838481	12838489	75	3	70	pips_40_500-8000.hdf5	both	none
1284.8934	1	Stimulus/S  1	1	12848934	12848942	75	4	50	pips_40_500-8000.hdf5	both	none
1285.9494	1	Stimulus/S  1	1	12859494	12859502	75	5	30	pips_40_500-8000.hdf5	both	none
1286.9948	1	Stimulus/S  1	1	12869948	12869956	76	0	20	pips_40_500-8000.hdf5	both	none
1288.0614	1	Stimulus/S  1	1	12880614	12880622	76	1	40	pips_40_500-8000.hdf5	both	none
1289.1174	1	Stimulus/S  1	1	12891174	12891182	76	2	60	pips_40_500-8000.hdf5	both	none
1290.1841	1	Stimulus/S  1	1	12901841	12901849	76	3	70	pips_40_500-8000.hdf5	both	none
1291.2295	1	Stimulus/S  1	1	12912295	12912303	76	4	50	pips_40_500-8000.hdf5	both	none
1292.2961	1	Stimulus/S  1	1	12922961	12922969	76	5	30	pips_40_500-8000.hdf5	both	none
1293.3628	1	Stimulus/S  1	1	12933628	12933636	77	0	20	pips_40_500-8000.hdf5	both	none
1294.4295	1	Stimulus/S  1	1	12944295	12944303	77	1	40	pips_40_500-8000.hdf5	both	none
1295.4962	1	Stimulus/S  1	1	12954962	12954970	77	2	60	pips_40_500-8000.hdf5	both	none
1296.5522	1	Stimulus/S  1	1	12965522	12965530	77	3	70	pips_40_500-8000.hdf5	both	none
1297.5975	1	Stimulus/S  1	1	12975975	12975983	77	4	50	pips_40_500-8000.hdf5	both	none
1298.6429	1	Stimulus/S  1	1	12986429	12986437	77	5	30	pips_40_500-8000.hdf5	both	none
1299.6989	1	Stimulus/S  1	1	12996989	12996997	78	0	20	pips_40_500-8000.hdf5	both	none
1300.7656	1	Stimulus/S  1	1	13007656	13007664	78	1	40	pips_40_500-8000.hdf5	both	none
1301.8109	1	Stimulus/S  1	1	13018109	13018117	78	2	60	pips_40_500-8000.hdf5	both	none
1302.8776	1	Stimulus/S  1	1	13028776	13028784	78	3	70	pips_40_500-8000.hdf5	both	none
1303.9443	1	Stimulus/S  1	1	13039443	13039451	78	4	50	pips_40_500-8000.hdf5	both	none
1305.0109	1	Stimulus/S  1	1	13050109	13050117	78	5	30	pips_40_500-8000.hdf5	both	none
1306.0776	1	Stimulus/S  1	1	13060776	13060784	79	0	20	pips_40_500-8000.hdf5	both	none
1307.1443	1	Stimulus/S  1	1	13071443	13071451	79	1	40	pips_40_500-8000.hdf5	both	none
1308.211	1	Stimulus/S  1	1	13082110	13082118	79	2	60	pips_40_500-8000.hdf5	both	none
1309.2776	1	Stimulus/S  1	1	13092776	13092784	79	3	70	pips_40_500-8000.hdf5	both	none
1310.3443	1	Stimulus/S  1	1	13103443	13103451	79	4	50	pips_40_500-8000.hdf5	both	none
1311.4003	1	Stimulus/S  1	1	13114003	13114011	79	5	30	pips_40_500-8000.hdf5	both	none
1312.467	1	Stimulus/S  1	1	13124670	13124678	80	0	20	pips_40_500-8000.hdf5	both	none
1313.5337	1	Stimulus/S  1	1	13135337	13135345	80	1	40	pips_40_500-8000.hdf5	both	none
1314.6004	1	Stimulus/S  1	1	13146004	13146012	80	2	60	pips_40_500-8000.hdf5	both	none
1315.6457	1	Stimulus/S  1	1	13156457	13156465	80	3	70	pips_40_500-8000.hdf5	both	none
1316.7124	1	Stimulus/S  1	1	13167124	13167132	80	4	50	pips_40_500-8000.hdf5	both	none
1317.7791	1	Stimulus/S  1	1	13177791	13177799	80	5	30	pips_40_500-8000.hdf5	both	none
1318.8457	1	Stimulus/S  1	1	13188457	13188465	81	0	20	pips_40_500-8000.hdf5	both	none
1319.9124	1	Stimulus/S  1	1	13199124	13199132	81	1	40	pips_40_500-8000.hdf5	both	none
1320.9684	1	Stimulus/S  1	1	13209684	13209692	81	2	60	pips_40_500-8000.hdf5	both	none
1322.0138	1	Stimulus/S  1	1	13220138	13220146	81	3	70	pips_40_500-8000.hdf5	both	none
1323.0591	1	Stimulus/S  1	1	13230591	13230599	81	4	50	pips_40_500-8000.hdf5	both	none
1324.1151	1	Stimulus/S  1	1	13241151	13241159	81	5	30	pips_40_500-8000.hdf5	both	none
1325.1605	1	Stimulus/S  1	1	13251605	13251613	82	0	20	pips_40_500-8000.hdf5	both	none
1326.2165	1	Stimulus/S  1	1	13262165	13262173	82	1	40	pips_40_500-8000.hdf5	both	none
1327.2618	1	Stimulus/S  1	1	13272618	13272626	82	2	60	pips_40_500-8000.hdf5	both	none
1328.3178	1	Stimulus/S  1	1	13283178	13283186	82	3	70	pips_40_500-8000.hdf5	both	none
1329.3845	1	Stimulus/S  1	1	13293845	13293853	82	4	50	pips_40_500-8000.hdf5	both	none
1330.4299	1	Stimulus/S  1	1	13304299	13304307	82	5	30	pips_40_500-8000.hdf5	both	none
1331.4965	1	Stimulus/S  1	1	13314965	13314973	83	0	20	pips_40_500-8000.hdf5	both	none
1332.5632	1	Stimulus/S  1	1	13325632	13325640	83	1	40	pips_40_500-8000.hdf5	both	none
1333.6299	1	Stimulus/S  1	1	13336299	13336307	83	2	60	pips_40_500-8000.hdf5	both	none
1334.6966	1	Stimulus/S  1	1	13346966	13346974	83	3	70	pips_40_500-8000.hdf5	both	none
1335.7632	1	Stimulus/S  1	1	13357632	13357640	83	4	50	pips_40_500-8000.hdf5	both	none
1336.8299	1	Stimulus/S  1	1	13368299	13368307	83	5	30	pips_40_500-8000.hdf5	both	none
1337.8966	1	Stimulus/S  1	1	13378966	13378974	84	0	20	pips_40_500-8000.hdf5	both	none
1338.9633	1	Stimulus/S  1	1	13389633	13389641	84	1	40	pips_40_500-8000.hdf5	both	none
1340.0299	1	Stimulus/S  1	1	13400299	13400307	84	2	60	pips_40_500-8000.hdf5	both	none
1341.086	1	Stimulus/S  1	1	13410860	13410868	84	3	70	pips_40_500-8000.hdf5	both	none
1342.1526	1	Stimulus/S  1	1	13421526	13421534	84	4	50	pips_40_500-8000.hdf5	both	none
1343.198	1	Stimulus/S  1	1	13431980	13431988	84	5	30	pips_40_500-8000.hdf5	both	none
1344.2647	1	Stimulus/S  1	1	13442647	13442655	85	0	20	pips_40_500-8000.hdf5	both	none
1345.31	1	Stimulus/S  1	1	13453100	13453108	85	1	40	pips_40_500-8000.hdf5	both	none
1346.366	1	Stimulus/S  1	1	13463660	13463668	85	2	60	pips_40_500-8000.hdf5	both	none
1347.4114	1	Stimulus/S  1	1	13474114	13474122	85	3	70	pips_40_500-8000.hdf5	both	none
1348.478	1	Stimulus/S  1	1	13484780	13484788	85	4	50	pips_40_500-8000.hdf5	both	none
1349.534	1	Stimulus/S  1	1	13495340	13495348	85	5	30	pips_40_500-8000.hdf5	both	none
1350.6007	1	Stimulus/S  1	1	13506007	13506015	86	0	20	pips_40_500-8000.hdf5	both	none
1351.6461	1	Stimulus/S  1	1	13516461	13516469	86	1	40	pips_40_500-8000.hdf5	both	none
1352.7127	1	Stimulus/S  1	1	13527127	13527135	86	2	60	pips_40_500-8000.hdf5	both	none
1353.7794	1	Stimulus/S  1	1	13537794	13537802	86	3	70	pips_40_500-8000.hdf5	both	none
1354.8354	1	Stimulus/S  1	1	13548354	13548362	86	4	50	pips_40_500-8000.hdf5	both	none
1355.9021	1	Stimulus/S  1	1	13559021	13559029	86	5	30	pips_40_500-8000.hdf5	both	none
1356.9475	1	Stimulus/S  1	1	13569475	13569483	87	0	20	pips_40_500-8000.hdf5	both	none
1358.0141	1	Stimulus/S  1	1	13580141	13580149	87	1	40	pips_40_500-8000.hdf5	both	none
1359.0808	1	Stimulus/S  1	1	13590808	13590816	87	2	60	pips_40_500-8000.hdf5	both	none
1360.1368	1	Stimulus/S  1	1	13601368	13601376	87	3	70	pips_40_500-8000.hdf5	both	none
1361.2035	1	Stimulus/S  1	1	13612035	13612043	87	4	50	pips_40_500-8000.hdf5	both	none
1362.2488	1	Stimulus/S  1	1	13622488	13622496	87	5	30	pips_40_500-8000.hdf5	both	none
1363.3155	1	Stimulus/S  1	1	13633155	13633163	88	0	20	pips_40_500-8000.hdf5	both	none
1364.3609	1	Stimulus/S  1	1	13643609	13643617	88	1	40	pips_40_500-8000.hdf5	both	none
1365.4169	1	Stimulus/S  1	1	13654169	13654177	88	2	60	pips_40_500-8000.hdf5	both	none
1366.4835	1	Stimulus/S  1	1	13664835	13664843	88	3	70	pips_40_500-8000.hdf5	both	none
1367.5289	1	Stimulus/S  1	1	13675289	13675297	88	4	50	pips_40_500-8000.hdf5	both	none
1368.5956	1	Stimulus/S  1	1	13685956	13685964	88	5	30	pips_40_500-8000.hdf5	both	none
1369.6516	1	Stimulus/S  1	1	13696516	13696524	89	0	20	pips_40_500-8000.hdf5	both	none
1370.6969	1	Stimulus/S  1	1	13706969	13706977	89	1	40	pips_40_500-8000.hdf5	both	none
1372.0623	1	Stimulus/S  1	1	13720623	13720631	89	2	60	pips_40_500-8000.hdf5	both	none
1373.1289	1	Stimulus/S  1	1	13731289	13731297	89	3	70	pips_40_500-8000.hdf5	both	none
1374.185	1	Stimulus/S  1	1	13741850	13741858	89	4	50	pips_40_500-8000.hdf5	both	none
1375.2303	1	Stimulus/S  1	1	13752303	13752311	89	5	30	pips_40_500-8000.hdf5	both	none
1376.2863	1	Stimulus/S  1	1	13762863	13762871	90	0	20	pips_40_500-8000.hdf5	both	none
1377.3317	1	Stimulus/S  1	1	13773317	13773325	90	1	40	pips_40_500-8000.hdf5	both	none
1378.377	1	Stimulus/S  1	1	13783770	13783778	90	2	60	pips_40_500-8000.hdf5	both	none
1379.4543	1	Stimulus/S  1	1	13794543	13794551	90	3	70	pips_40_500-8000.hdf5	both	none
1380.5104	1	Stimulus/S  1	1	13805104	13805112	90	4	50	pips_40_500-8000.hdf5	both	none
1381.577	1	Stimulus/S  1	1	13815770	13815778	90	5	30	pips_40_500-8000.hdf5	both	none
1382.6544	1	Stimulus/S  1	1	13826544	13826552	91	0	20	pips_40_500-8000.hdf5	both	none
1383.6997	1	Stimulus/S  1	1	13836997	13837005	91	1	40	pips_40_500-8000.hdf5	both	none
1384.7451	1	Stimulus/S  1	1	13847451	13847459	91	2	60	pips_40_500-8000.hdf5	both	none
1385.8011	1	Stimulus/S  1	1	13858011	13858019	91	3	70	pips_40_500-8000.hdf5	both	none
1386.8464	1	Stimulus/S  1	1	13868464	13868472	91	4	50	pips_40_500-8000.hdf5	both	none
1387.9024	1	Stimulus/S  1	1	13879024	13879032	91	5	30	pips_40_500-8000.hdf5	both	none
1388.9478	1	Stimulus/S  1	1	13889478	13889486	92	0	20	pips_40_500-8000.hdf5	both	none
1390.0038	1	Stimulus/S  1	1	13900038	13900046	92	1	40	pips_40_500-8000.hdf5	both	none
1391.0705	1	Stimulus/S  1	1	13910705	13910713	92	2	60	pips_40_500-8000.hdf5	both	none
1392.1158	1	Stimulus/S  1	1	13921158	13921166	92	3	70	pips_40_500-8000.hdf5	both	none
1393.1825	1	Stimulus/S  1	1	13931825	13931833	92	4	50	pips_40_500-8000.hdf5	both	none
1394.2492	1	Stimulus/S  1	1	13942492	13942500	92	5	30	pips_40_500-8000.hdf5	both	none
1395.2945	1	Stimulus/S  1	1	13952945	13952953	93	0	20	pips_40_500-8000.hdf5	both	none
1396.3612	1	Stimulus/S  1	1	13963612	13963620	93	1	40	pips_40_500-8000.hdf5	both	none
1397.4172	1	Stimulus/S  1	1	13974172	13974180	93	2	60	pips_40_500-8000.hdf5	both	none
1398.4839	1	Stimulus/S  1	1	13984839	13984847	93	3	70	pips_40_500-8000.hdf5	both	none
1399.5505	1	Stimulus/S  1	1	13995505	13995513	93	4	50	pips_40_500-8000.hdf5	both	none
1400.6172	1	Stimulus/S  1	1	14006172	14006180	93	5	30	pips_40_500-8000.hdf5	both	none
1401.6839	1	Stimulus/S  1	1	14016839	14016847	94	0	20	pips_40_500-8000.hdf5	both	none
1402.7506	1	Stimulus/S  1	1	14027506	14027514	94	1	40	pips_40_500-8000.hdf5	both	none
1403.8173	1	Stimulus/S  1	1	14038173	14038181	94	2	60	pips_40_500-8000.hdf5	both	none
1404.8626	1	Stimulus/S  1	1	14048626	14048634	94	3	70	pips_40_500-8000.hdf5	both	none
1405.9293	1	Stimulus/S  1	1	14059293	14059301	94	4	50	pips_40_500-8000.hdf5	both	none
1406.9853	1	Stimulus/S  1	1	14069853	14069861	94	5	30	pips_40_500-8000.hdf5	both	none
1408.0306	1	Stimulus/S  1	1	14080306	14080314	95	0	20	pips_40_500-8000.hdf5	both	none
1409.0866	1	Stimulus/S  1	1	14090866	14090874	95	1	40	pips_40_500-8000.hdf5	both	none
1410.1533	1	Stimulus/S  1	1	14101533	14101541	95	2	60	pips_40_500-8000.hdf5	both	none
1411.1987	1	Stimulus/S  1	1	14111987	14111995	95	3	70	pips_40_500-8000.hdf5	both	none
1412.2653	1	Stimulus/S  1	1	14122653	14122661	95	4	50	pips_40_500-8000.hdf5	both	none
1413.332	1	Stimulus/S  1	1	14133320	14133328	95	5	30	pips_40_500-8000.hdf5	both	none
1414.3987	1	Stimulus/S  1	1	14143987	14143995	96	0	20	pips_40_500-8000.hdf5	both	none
1415.4654	1	Stimulus/S  1	1	14154654	14154662	96	1	40	pips_40_500-8000.hdf5	both	none
1416.532	1	Stimulus/S  1	1	14165320	14165328	96	2	60	pips_40_500-8000.hdf5	both	none
1417.5987	1	Stimulus/S  1	1	14175987	14175995	96	3	70	pips_40_500-8000.hdf5	both	none
1418.6654	1	Stimulus/S  1	1	14186654	14186662	96	4	50	pips_40_500-8000.hdf5	both	none
1419.7321	1	Stimulus/S  1	1	14197321	14197329	96	5	30	pips_40_500-8000.hdf5	both	none
1420.7988	1	Stimulus/S  1	1	14207988	14207996	97	0	20	pips_40_500-8000.hdf5	both	none
1421.8654	1	Stimulus/S  1	1	14218654	14218662	97	1	40	pips_40_500-8000.hdf5	both	none
1422.9321	1	Stimulus/S  1	1	14229321	14229329	97	2	60	pips_40_500-8000.hdf5	both	none
1423.9988	1	Stimulus/S  1	1	14239988	14239996	97	3	70	pips_40_500-8000.hdf5	both	none
1425.0548	1	Stimulus/S  1	1	14250548	14250556	97	4	50	pips_40_500-8000.hdf5	both	none
1426.1001	1	Stimulus/S  1	1	14261001	14261009	97	5	30	pips_40_500-8000.hdf5	both	none
1427.1455	1	Stimulus/S  1	1	14271455	14271463	98	0	20	pips_40_500-8000.hdf5	both	none
1428.2015	1	Stimulus/S  1	1	14282015	14282023	98	1	40	pips_40_500-8000.hdf5	both	none
1429.2468	1	Stimulus/S  1	1	14292468	14292476	98	2	60	pips_40_500-8000.hdf5	both	none
1430.3028	1	Stimulus/S  1	1	14303028	14303036	98	3	70	pips_40_500-8000.hdf5	both	none
1431.3695	1	Stimulus/S  1	1	14313695	14313703	98	4	50	pips_40_500-8000.hdf5	both	none
1432.4149	1	Stimulus/S  1	1	14324149	14324157	98	5	30	pips_40_500-8000.hdf5	both	none
1433.4815	1	Stimulus/S  1	1	14334815	14334823	99	0	20	pips_40_500-8000.hdf5	both	none
1434.5482	1	Stimulus/S  1	1	14345482	14345490	99	1	40	pips_40_500-8000.hdf5	both	none
1435.6149	1	Stimulus/S  1	1	14356149	14356157	99	2	60	pips_40_500-8000.hdf5	both	none
1436.6816	1	Stimulus/S  1	1	14366816	14366824	99	3	70	pips_40_500-8000.hdf5	both	none
1437.7483	1	Stimulus/S  1	1	14377483	14377491	99	4	50	pips_40_500-8000.hdf5	both	none
1438.8149	1	Stimulus/S  1	1	14388149	14388157	99	5	30	pips_40_500-8000.hdf5	both	none
1439.8709	1	Stimulus/S  1	1	14398709	14398717	100	0	20	pips_40_500-8000.hdf5	both	none
1440.9376	1	Stimulus/S  1	1	14409376	14409384	100	1	40	pips_40_500-8000.hdf5	both	none
1441.983	1	Stimulus/S  1	1	14419830	14419838	100	2	60	pips_40_500-8000.hdf5	both	none
1443.0496	1	Stimulus/S  1	1	14430496	14430504	100	3	70	pips_40_500-8000.hdf5	both	none
1444.095	1	Stimulus/S  1	1	14440950	14440958	100	4	50	pips_40_500-8000.hdf5	both	none
1445.151	1	Stimulus/S  1	1	14451510	14451518	100	5	30	pips_40_500-8000.hdf5	both	none
1446.1963	1	Stimulus/S  1	1	14461963	14461971	101	0	20	pips_40_500-8000.hdf5	both	none
1447.2524	1	Stimulus/S  1	1	14472524	14472532	101	1	40	pips_40_500-8000.hdf5	both	none
1448.2977	1	Stimulus/S  1	1	14482977	14482985	101	2	60	pips_40_500-8000.hdf5	both	none
1449.3537	1	Stimulus/S  1	1	14493537	14493545	101	3	70	pips_40_500-8000.hdf5	both	none
1450.399	1	Stimulus/S  1	1	14503990	14503998	101	4	50	pips_40_500-8000.hdf5	both	none
1451.4657	1	Stimulus/S  1	1	14514657	14514665	101	5	30	pips_40_500-8000.hdf5	both	none
1452.5217	1	Stimulus/S  1	1	14525217	14525225	102	0	20	pips_40_500-8000.hdf5	both	none
1453.5884	1	Stimulus/S  1	1	14535884	14535892	102	1	40	pips_40_500-8000.hdf5	both	none
1454.6338	1	Stimulus/S  1	1	14546338	14546346	102	2	60	pips_40_500-8000.hdf5	both	none
1455.7004	1	Stimulus/S  1	1	14557004	14557012	102	3	70	pips_40_500-8000.hdf5	both	none
1456.7671	1	Stimulus/S  1	1	14567671	14567679	102	4	50	pips_40_500-8000.hdf5	both	none
1457.8125	1	Stimulus/S  1	1	14578125	14578133	102	5	30	pips_40_500-8000.hdf5	both	none
1458.8791	1	Stimulus/S  1	1	14588791	14588799	103	0	20	pips_40_500-8000.hdf5	both	none
1459.9351	1	Stimulus/S  1	1	14599351	14599359	103	1	40	pips_40_500-8000.hdf5	both	none
1461.0018	1	Stimulus/S  1	1	14610018	14610026	103	2	60	pips_40_500-8000.hdf5	both	none
1462.0685	1	Stimulus/S  1	1	14620685	14620693	103	3	70	pips_40_500-8000.hdf5	both	none
1463.1352	1	Stimulus/S  1	1	14631352	14631360	103	4	50	pips_40_500-8000.hdf5	both	none
1464.2019	1	Stimulus/S  1	1	14642019	14642027	103	5	30	pips_40_500-8000.hdf5	both	none
1465.2685	1	Stimulus/S  1	1	14652685	14652693	104	0	20	pips_40_500-8000.hdf5	both	none
1466.3352	1	Stimulus/S  1	1	14663352	14663360	104	1	40	pips_40_500-8000.hdf5	both	none
1467.4019	1	Stimulus/S  1	1	14674019	14674027	104	2	60	pips_40_500-8000.hdf5	both	none
1468.4686	1	Stimulus/S  1	1	14684686	14684694	104	3	70	pips_40_500-8000.hdf5	both	none
1469.5352	1	Stimulus/S  1	1	14695352	14695360	104	4	50	pips_40_500-8000.hdf5	both	none
1470.5806	1	Stimulus/S  1	1	14705806	14705814	104	5	30	pips_40_500-8000.hdf5	both	none
1471.6473	1	Stimulus/S  1	1	14716473	14716481	105	0	20	pips_40_500-8000.hdf5	both	none
1472.7033	1	Stimulus/S  1	1	14727033	14727041	105	1	40	pips_40_500-8000.hdf5	both	none
1473.7699	1	Stimulus/S  1	1	14737699	14737707	105	2	60	pips_40_500-8000.hdf5	both	none
1474.8366	1	Stimulus/S  1	1	14748366	14748374	105	3	70	pips_40_500-8000.hdf5	both	none
1475.882	1	Stimulus/S  1	1	14758820	14758828	105	4	50	pips_40_500-8000.hdf5	both	none
1476.9486	1	Stimulus/S  1	1	14769486	14769494	105	5	30	pips_40_500-8000.hdf5	both	none
1478.0047	1	Stimulus/S  1	1	14780047	14780055	106	0	20	pips_40_500-8000.hdf5	both	none
1479.0713	1	Stimulus/S  1	1	14790713	14790721	106	1	40	pips_40_500-8000.hdf5	both	none
1480.1167	1	Stimulus/S  1	1	14801167	14801175	106	2	60	pips_40_500-8000.hdf5	both	none
1481.1727	1	Stimulus/S  1	1	14811727	14811735	106	3	70	pips_40_500-8000.hdf5	both	none
1482.218	1	Stimulus/S  1	1	14822180	14822188	106	4	50	pips_40_500-8000.hdf5	both	none
1483.2634	1	Stimulus/S  1	1	14832634	14832642	106	5	30	pips_40_500-8000.hdf5	both	none
1484.3194	1	Stimulus/S  1	1	14843194	14843202	107	0	20	pips_40_500-8000.hdf5	both	none
1485.3861	1	Stimulus/S  1	1	14853861	14853869	107	1	40	pips_40_500-8000.hdf5	both	none
1486.4314	1	Stimulus/S  1	1	14864314	14864322	107	2	60	pips_40_500-8000.hdf5	both	none
1487.4981	1	Stimulus/S  1	1	14874981	14874989	107	3	70	pips_40_500-8000.hdf5	both	none
1488.5541	1	Stimulus/S  1	1	14885541	14885549	107	4	50	pips_40_500-8000.hdf5	both	none
1489.6208	1	Stimulus/S  1	1	14896208	14896216	107	5	30	pips_40_500-8000.hdf5	both	none
1490.6874	1	Stimulus/S  1	1	14906874	14906882	108	0	20	pips_40_500-8000.hdf5	both	none
1491.7328	1	Stimulus/S  1	1	14917328	14917336	108	1	40	pips_40_500-8000.hdf5	both	none
1492.7995	1	Stimulus/S  1	1	14927995	14928003	108	2	60	pips_40_500-8000.hdf5	both	none
1493.8661	1	Stimulus/S  1	1	14938661	14938669	108	3	70	pips_40_500-8000.hdf5	both	none
1494.9328	1	Stimulus/S  1	1	14949328	14949336	108	4	50	pips_40_500-8000.hdf5	both	none
1495.9995	1	Stimulus/S  1	1	14959995	14960003	108	5	30	pips_40_500-8000.hdf5	both	none
1497.0662	1	Stimulus/S  1	1	14970662	14970670	109	0	20	pips_40_500-8000.hdf5	both	none
1498.1222	1	Stimulus/S  1	1	14981222	14981230	109	1	40	pips_40_500-8000.hdf5	both	none
1499.1889	1	Stimulus/S  1	1	14991889	14991897	109	2	60	pips_40_500-8000.hdf5	both	none
1500.2342	1	Stimulus/S  1	1	15002342	15002350	109	3	70	pips_40_500-8000.hdf5	both	none
1501.3009	1	Stimulus/S  1	1	15013009	15013017	109	4	50	pips_40_500-8000.hdf5	both	none
1502.3462	1	Stimulus/S  1	1	15023462	15023470	109	5	30	pips_40_500-8000.hdf5	both	none
1503.4022	1	Stimulus/S  1	1	15034022	15034030	110	0	20	pips_40_500-8000.hdf5	both	none
1504.4476	1	Stimulus/S  1	1	15044476	15044484	110	1	40	pips_40_500-8000.hdf5	both	none
1505.5036	1	Stimulus/S  1	1	15055036	15055044	110	2	60	pips_40_500-8000.hdf5	both	none
1506.5489	1	Stimulus/S  1	1	15065489	15065497	110	3	70	pips_40_500-8000.hdf5	both	none
1507.6156	1	Stimulus/S  1	1	15076156	15076164	110	4	50	pips_40_500-8000.hdf5	both	none
1508.6716	1	Stimulus/S  1	1	15086716	15086724	110	5	30	pips_40_500-8000.hdf5	both	none
1509.7383	1	Stimulus/S  1	1	15097383	15097391	111	0	20	pips_40_500-8000.hdf5	both	none
1510.7836	1	Stimulus/S  1	1	15107836	15107844	111	1	40	pips_40_500-8000.hdf5	both	none
1511.8503	1	Stimulus/S  1	1	15118503	15118511	111	2	60	pips_40_500-8000.hdf5	both	none
1512.917	1	Stimulus/S  1	1	15129170	15129178	111	3	70	pips_40_500-8000.hdf5	both	none
1513.9837	1	Stimulus/S  1	1	15139837	15139845	111	4	50	pips_40_500-8000.hdf5	both	none
1515.0504	1	Stimulus/S  1	1	15150504	15150512	111	5	30	pips_40_500-8000.hdf5	both	none
1516.117	1	Stimulus/S  1	1	15161170	15161178	112	0	20	pips_40_500-8000.hdf5	both	none
1517.1837	1	Stimulus/S  1	1	15171837	15171845	112	1	40	pips_40_500-8000.hdf5	both	none
1518.2504	1	Stimulus/S  1	1	15182504	15182512	112	2	60	pips_40_500-8000.hdf5	both	none
1519.3171	1	Stimulus/S  1	1	15193171	15193179	112	3	70	pips_40_500-8000.hdf5	both	none
1520.3837	1	Stimulus/S  1	1	15203837	15203845	112	4	50	pips_40_500-8000.hdf5	both	none
1521.4398	1	Stimulus/S  1	1	15214398	15214406	112	5	30	pips_40_500-8000.hdf5	both	none
1522.5064	1	Stimulus/S  1	1	15225064	15225072	113	0	20	pips_40_500-8000.hdf5	both	none
1523.5518	1	Stimulus/S  1	1	15235518	15235526	113	1	40	pips_40_500-8000.hdf5	both	none
1524.6185	1	Stimulus/S  1	1	15246185	15246193	113	2	60	pips_40_500-8000.hdf5	both	none
1525.6638	1	Stimulus/S  1	1	15256638	15256646	113	3	70	pips_40_500-8000.hdf5	both	none
1526.7198	1	Stimulus/S  1	1	15267198	15267206	113	4	50	pips_40_500-8000.hdf5	both	none
1527.7652	1	Stimulus/S  1	1	15277652	15277660	113	5	30	pips_40_500-8000.hdf5	both	none
1528.8212	1	Stimulus/S  1	1	15288212	15288220	114	0	20	pips_40_500-8000.hdf5	both	none
1529.8665	1	Stimulus/S  1	1	15298665	15298673	114	1	40	pips_40_500-8000.hdf5	both	none
1530.9225	1	Stimulus/S  1	1	15309225	15309233	114	2	60	pips_40_500-8000.hdf5	both	none
1531.9679	1	Stimulus/S  1	1	15319679	15319687	114	3	70	pips_40_500-8000.hdf5	both	none
1533.0132	1	Stimulus/S  1	1	15330132	15330140	114	4	50	pips_40_500-8000.hdf5	both	none
1534.0692	1	Stimulus/S  1	1	15340692	15340700	114	5	30	pips_40_500-8000.hdf5	both	none
1535.1146	1	Stimulus/S  1	1	15351146	15351154	115	0	20	pips_40_500-8000.hdf5	both	none
1536.1706	1	Stimulus/S  1	1	15361706	15361714	115	1	40	pips_40_500-8000.hdf5	both	none
1537.2159	1	Stimulus/S  1	1	15372159	15372167	115	2	60	pips_40_500-8000.hdf5	both	none
1538.2719	1	Stimulus/S  1	1	15382719	15382727	115	3	70	pips_40_500-8000.hdf5	both	none
1539.3386	1	Stimulus/S  1	1	15393386	15393394	115	4	50	pips_40_500-8000.hdf5	both	none
1540.3839	1	Stimulus/S  1	1	15403839	15403847	115	5	30	pips_40_500-8000.hdf5	both	none
1541.4506	1	Stimulus/S  1	1	15414506	15414514	116	0	20	pips_40_500-8000.hdf5	both	none
1542.5066	1	Stimulus/S  1	1	15425066	15425074	116	1	40	pips_40_500-8000.hdf5	both	none
1543.5733	1	Stimulus/S  1	1	15435733	15435741	116	2	60	pips_40_500-8000.hdf5	both	none
1544.64	1	Stimulus/S  1	1	15446400	15446408	116	3	70	pips_40_500-8000.hdf5	both	none
1545.7067	1	Stimulus/S  1	1	15457067	15457075	116	4	50	pips_40_500-8000.hdf5	both	none
1546.7733	1	Stimulus/S  1	1	15467733	15467741	116	5	30	pips_40_500-8000.hdf5	both	none
1547.84	1	Stimulus/S  1	1	15478400	15478408	117	0	20	pips_40_500-8000.hdf5	both	none
1548.9067	1	Stimulus/S  1	1	15489067	15489075	117	1	40	pips_40_500-8000.hdf5	both	none
1549.9734	1	Stimulus/S  1	1	15499734	15499742	117	2	60	pips_40_500-8000.hdf5	both	none
1551.04	1	Stimulus/S  1	1	15510400	15510408	117	3	70	pips_40_500-8000.hdf5	both	none
1552.1067	1	Stimulus/S  1	1	15521067	15521075	117	4	50	pips_40_500-8000.hdf5	both	none
1553.1734	1	Stimulus/S  1	1	15531734	15531742	117	5	30	pips_40_500-8000.hdf5	both	none
1554.2401	1	Stimulus/S  1	1	15542401	15542409	118	0	20	pips_40_500-8000.hdf5	both	none
1555.3068	1	Stimulus/S  1	1	15553068	15553076	118	1	40	pips_40_500-8000.hdf5	both	none
1556.3521	1	Stimulus/S  1	1	15563521	15563529	118	2	60	pips_40_500-8000.hdf5	both	none
1557.4188	1	Stimulus/S  1	1	15574188	15574196	118	3	70	pips_40_500-8000.hdf5	both	none
1558.4855	1	Stimulus/S  1	1	15584855	15584863	118	4	50	pips_40_500-8000.hdf5	both	none
1559.5308	1	Stimulus/S  1	1	15595308	15595316	118	5	30	pips_40_500-8000.hdf5	both	none
1560.5868	1	Stimulus/S  1	1	15605868	15605876	119	0	20	pips_40_500-8000.hdf5	both	none
1561.6322	1	Stimulus/S  1	1	15616322	15616330	119	1	40	pips_40_500-8000.hdf5	both	none
1562.6882	1	Stimulus/S  1	1	15626882	15626890	119	2	60	pips_40_500-8000.hdf5	both	none
1563.7335	1	Stimulus/S  1	1	15637335	15637343	119	3	70	pips_40_500-8000.hdf5	both	none
1564.7895	1	Stimulus/S  1	1	15647895	15647903	119	4	50	pips_40_500-8000.hdf5	both	none
1565.8349	1	Stimulus/S  1	1	15658349	15658357	119	5	30	pips_40_500-8000.hdf5	both	none
1566.8802	1	Stimulus/S  1	1	15668802	15668810	0	0	20	pips_40_500-8000.hdf5	both	none
1567.9469	1	Stimulus/S  1	1	15679469	15679477	0	1	40	pips_40_500-8000.hdf5	both	none
1569.0029	1	Stimulus/S  1	1	15690029	15690037	0	2	60	pips_40_500-8000.hdf5	both	none
1570.0696	1	Stimulus/S  1	1	15700696	15700704	0	3	70	pips_40_500-8000.hdf5	both	none
1571.1149	1	Stimulus/S  1	1	15711149	15711157	0	4	50	pips_40_500-8000.hdf5	both	none
1572.1816	1	Stimulus/S  1	1	15721816	15721824	0	5	30	pips_40_500-8000.hdf5	both	none
1573.2483	1	Stimulus/S  1	1	15732483	15732491	1	0	20	pips_40_500-8000.hdf5	both	none
1574.3149	1	Stimulus/S  1	1	15743149	15743157	1	1	40	pips_40_500-8000.hdf5	both	none
1575.3816	1	Stimulus/S  1	1	15753816	15753824	1	2	60	pips_40_500-8000.hdf5	both	none
1576.4483	1	Stimulus/S  1	1	15764483	15764491	1	3	70	pips_40_500-8000.hdf5	both	none
1577.515	1	Stimulus/S  1	1	15775150	15775158	1	4	50	pips_40_500-8000.hdf5	both	none
1578.571	1	Stimulus/S  1	1	15785710	15785718	1	5	30	pips_40_500-8000.hdf5	both	none
1579.6377	1	Stimulus/S  1	1	15796377	15796385	2	0	20	pips_40_500-8000.hdf5	both	none
1580.7043	1	Stimulus/S  1	1	15807043	15807051	2	1	40	pips_40_500-8000.hdf5	both	none
1581.7497	1	Stimulus/S  1	1	15817497	15817505	2	2	60	pips_40_500-8000.hdf5	both	none
1582.8057	1	Stimulus/S  1	1	15828057	15828065	2	3	70	pips_40_500-8000.hdf5	both	none
1583.851	1	Stimulus/S  1	1	15838510	15838518	2	4	50	pips_40_500-8000.hdf5	both	none
1584.9071	1	Stimulus/S  1	1	15849071	15849079	2	5	30	pips_40_500-8000.hdf5	both	none
1585.9524	1	Stimulus/S  1	1	15859524	15859532	3	0	20	pips_40_500-8000.hdf5	both	none
1586.9977	1	Stimulus/S  1	1	15869977	15869985	3	1	40	pips_40_500-8000.hdf5	both	none
1588.0644	1	Stimulus/S  1	1	15880644	15880652	3	2	60	pips_40_500-8000.hdf5	both	none
1589.1204	1	Stimulus/S  1	1	15891204	15891212	3	3	70	pips_40_500-8000.hdf5	both	none
1590.1871	1	Stimulus/S  1	1	15901871	15901879	3	4	50	pips_40_500-8000.hdf5	both	none
1591.2324	1	Stimulus/S  1	1	15912324	15912332	3	5	30	pips_40_500-8000.hdf5	both	none
1592.2885	1	Stimulus/S  1	1	15922885	15922893	4	0	20	pips_40_500-8000.hdf5	both	none
1593.3338	1	Stimulus/S  1	1	15933338	15933346	4	1	40	pips_40_500-8000.hdf5	both	none
1594.4005	1	Stimulus/S  1	1	15944005	15944013	4	2	60	pips_40_500-8000.hdf5	both	none
1595.4672	1	Stimulus/S  1	1	15954672	15954680	4	3	70	pips_40_500-8000.hdf5	both	none
1596.5338	1	Stimulus/S  1	1	15965338	15965346	4	4	50	pips_40_500-8000.hdf5	both	none
1597.6005	1	Stimulus/S  1	1	15976005	15976013	4	5	30	pips_40_500-8000.hdf5	both	none
1598.6672	1	Stimulus/S  1	1	15986672	15986680	5	0	20	pips_40_500-8000.hdf5	both	none
1599.7339	1	Stimulus/S  1	1	15997339	15997347	5	1	40	pips_40_500-8000.hdf5	both	none
1600.8005	1	Stimulus/S  1	1	16008005	16008013	5	2	60	pips_40_500-8000.hdf5	both	none
1601.8672	1	Stimulus/S  1	1	16018672	16018680	5	3	70	pips_40_500-8000.hdf5	both	none
1602.9339	1	Stimulus/S  1	1	16029339	16029347	5	4	50	pips_40_500-8000.hdf5	both	none
1603.9899	1	Stimulus/S  1	1	16039899	16039907	5	5	30	pips_40_500-8000.hdf5	both	none
1605.0566	1	Stimulus/S  1	1	16050566	16050574	6	0	20	pips_40_500-8000.hdf5	both	none
1606.1233	1	Stimulus/S  1	1	16061233	16061241	6	1	40	pips_40_500-8000.hdf5	both	none
1607.1686	1	Stimulus/S  1	1	16071686	16071694	6	2	60	pips_40_500-8000.hdf5	both	none
1608.2353	1	Stimulus/S  1	1	16082353	16082361	6	3	70	pips_40_500-8000.hdf5	both	none
1609.2806	1	Stimulus/S  1	1	16092806	16092814	6	4	50	pips_40_500-8000.hdf5	both	none
1610.358	1	Stimulus/S  1	1	16103580	16103588	6	5	30	pips_40_500-8000.hdf5	both	none
1611.4033	1	Stimulus/S  1	1	16114033	16114041	7	0	20	pips_40_500-8000.hdf5	both	none
1612.4487	1	Stimulus/S  1	1	16124487	16124495	7	1	40	pips_40_500-8000.hdf5	both	none
1613.5047	1	Stimulus/S  1	1	16135047	16135055	7	2	60	pips_40_500-8000.hdf5	both	none
1614.55	1	Stimulus/S  1	1	16145500	16145508	7	3	70	pips_40_500-8000.hdf5	both	none
1615.606	1	Stimulus/S  1	1	16156060	16156068	7	4	50	pips_40_500-8000.hdf5	both	none
1616.6514	1	Stimulus/S  1	1	16166514	16166522	7	5	30	pips_40_500-8000.hdf5	both	none
1617.7074	1	Stimulus/S  1	1	16177074	16177082	8	0	20	pips_40_500-8000.hdf5	both	none
1618.7527	1	Stimulus/S  1	1	16187527	16187535	8	1	40	pips_40_500-8000.hdf5	both	none
1619.7981	1	Stimulus/S  1	1	16197981	16197989	8	2	60	pips_40_500-8000.hdf5	both	none
1620.8541	1	Stimulus/S  1	1	16208541	16208549	8	3	70	pips_40_500-8000.hdf5	both	none
1621.8994	1	Stimulus/S  1	1	16218994	16219002	8	4	50	pips_40_500-8000.hdf5	both	none
1622.9554	1	Stimulus/S  1	1	16229554	16229562	8	5	30	pips_40_500-8000.hdf5	both	none
1624.0221	1	Stimulus/S  1	1	16240221	16240229	9	0	20	pips_40_500-8000.hdf5	both	none
1625.0888	1	Stimulus/S  1	1	16250888	16250896	9	1	40	pips_40_500-8000.hdf5	both	none
1626.1555	1	Stimulus/S  1	1	16261555	16261563	9	2	60	pips_40_500-8000.hdf5	both	none
1627.2221	1	Stimulus/S  1	1	16272221	16272229	9	3	70	pips_40_500-8000.hdf5	both	none
1628.2888	1	Stimulus/S  1	1	16282888	16282896	9	4	50	pips_40_500-8000.hdf5	both	none
1629.3555	1	Stimulus/S  1	1	16293555	16293563	9	5	30	pips_40_500-8000.hdf5	both	none
1630.4222	1	Stimulus/S  1	1	16304222	16304230	10	0	20	pips_40_500-8000.hdf5	both	none
1631.4888	1	Stimulus/S  1	1	16314888	16314896	10	1	40	pips_40_500-8000.hdf5	both	none
1632.5555	1	Stimulus/S  1	1	16325555	16325563	10	2	60	pips_40_500-8000.hdf5	both	none
1633.6009	1	Stimulus/S  1	1	16336009	16336017	10	3	70	pips_40_500-8000.hdf5	both	none
1634.6675	1	Stimulus/S  1	1	16346675	16346683	10	4	50	pips_40_500-8000.hdf5	both	none
1635.7236	1	Stimulus/S  1	1	16357236	16357244	10	5	30	pips_40_500-8000.hdf5	both	none
1636.7689	1	Stimulus/S  1	1	16367689	16367697	11	0	20	pips_40_500-8000.hdf5	both	none
1637.8249	1	Stimulus/S  1	1	16378249	16378257	11	1	40	pips_40_500-8000.hdf5	both	none
1638.8916	1	Stimulus/S  1	1	16388916	16388924	11	2	60	pips_40_500-8000.hdf5	both	none
1639.9369	1	Stimulus/S  1	1	16399369	16399377	11	3	70	pips_40_500-8000.hdf5	both	none
1640.9823	1	Stimulus/S  1	1	16409823	16409831	11	4	50	pips_40_500-8000.hdf5	both	none
1642.0383	1	Stimulus/S  1	1	16420383	16420391	11	5	30	pips_40_500-8000.hdf5	both	none
1643.105	1	Stimulus/S  1	1	16431050	16431058	12	0	20	pips_40_500-8000.hdf5	both	none
1644.1503	1	Stimulus/S  1	1	16441503	16441511	12	1	40	pips_40_500-8000.hdf5	both	none
1645.2063	1	Stimulus/S  1	1	16452063	16452071	12	2	60	pips_40_500-8000.hdf5	both	none
1646.2517	1	Stimulus/S  1	1	16462517	16462525	12	3	70	pips_40_500-8000.hdf5	both	none
1647.3183	1	Stimulus/S  1	1	16473183	16473191	12	4	50	pips_40_500-8000.hdf5	both	none
1648.3743	1	Stimulus/S  1	1	16483743	16483751	12	5	30	pips_40_500-8000.hdf5	both	none
1649.441	1	Stimulus/S  1	1	16494410	16494418	13	0	20	pips_40_500-8000.hdf5	both	none
1650.5077	1	Stimulus/S  1	1	16505077	16505085	13	1	40	pips_40_500-8000.hdf5	both	none
1651.553	1	Stimulus/S  1	1	16515530	16515538	13	2	60	pips_40_500-8000.hdf5	both	none
1652.6197	1	Stimulus/S  1	1	16526197	16526205	13	3	70	pips_40_500-8000.hdf5	both	none
1653.6651	1	Stimulus/S  1	1	16536651	16536659	13	4	50	pips_40_500-8000.hdf5	both	none
1654.7424	1	Stimulus/S  1	1	16547424	16547432	13	5	30	pips_40_500-8000.hdf5	both	none
1655.8091	1	Stimulus/S  1	1	16558091	16558099	14	0	20	pips_40_500-8000.hdf5	both	none
1656.8651	1	Stimulus/S  1	1	16568651	16568659	14	1	40	pips_40_500-8000.hdf5	both	none
1657.9424	1	Stimulus/S  1	1	16579424	16579432	14	2	60	pips_40_500-8000.hdf5	both	none
1659.0091	1	Stimulus/S  1	1	16590091	16590099	14	3	70	pips_40_500-8000.hdf5	both	none
1660.0651	1	Stimulus/S  1	1	16600651	16600659	14	4	50	pips_40_500-8000.hdf5	both	none
1661.1425	1	Stimulus/S  1	1	16611425	16611433	14	5	30	pips_40_500-8000.hdf5	both	none
1662.2092	1	Stimulus/S  1	1	16622092	16622100	15	0	20	pips_40_500-8000.hdf5	both	none
1663.2652	1	Stimulus/S  1	1	16632652	16632660	15	1	40	pips_40_500-8000.hdf5	both	none
1664.3212	1	Stimulus/S  1	1	16643212	16643220	15	2	60	pips_40_500-8000.hdf5	both	none
1665.3878	1	Stimulus/S  1	1	16653878	16653886	15	3	70	pips_40_500-8000.hdf5	both	none
1666.4332	1	Stimulus/S  1	1	16664332	16664340	15	4	50	pips_40_500-8000.hdf5	both	none
1667.4999	1	Stimulus/S  1	1	16674999	16675007	15	5	30	pips_40_500-8000.hdf5	both	none
1668.5559	1	Stimulus/S  1	1	16685559	16685567	16	0	20	pips_40_500-8000.hdf5	both	none
1669.6012	1	Stimulus/S  1	1	16696012	16696020	16	1	40	pips_40_500-8000.hdf5	both	none
1670.6572	1	Stimulus/S  1	1	16706572	16706580	16	2	60	pips_40_500-8000.hdf5	both	none
1671.7026	1	Stimulus/S  1	1	16717026	16717034	16	3	70	pips_40_500-8000.hdf5	both	none
1672.7586	1	Stimulus/S  1	1	16727586	16727594	16	4	50	pips_40_500-8000.hdf5	both	none
1673.8253	1	Stimulus/S  1	1	16738253	16738261	16	5	30	pips_40_500-8000.hdf5	both	none
1674.8706	1	Stimulus/S  1	1	16748706	16748714	17	0	20	pips_40_500-8000.hdf5	both	none
1675.9373	1	Stimulus/S  1	1	16759373	16759381	17	1	40	pips_40_500-8000.hdf5	both	none
1676.9826	1	Stimulus/S  1	1	16769826	16769834	17	2	60	pips_40_500-8000.hdf5	both	none
1678.0493	1	Stimulus/S  1	1	16780493	16780501	17	3	70	pips_40_500-8000.hdf5	both	none
1679.116	1	Stimulus/S  1	1	16791160	16791168	17	4	50	pips_40_500-8000.hdf5	both	none
1680.1827	1	Stimulus/S  1	1	16801827	16801835	17	5	30	pips_40_500-8000.hdf5	both	none
1681.2493	1	Stimulus/S  1	1	16812493	16812501	18	0	20	pips_40_500-8000.hdf5	both	none
1682.316	1	Stimulus/S  1	1	16823160	16823168	18	1	40	pips_40_500-8000.hdf5	both	none
1683.3827	1	Stimulus/S  1	1	16833827	16833835	18	2	60	pips_40_500-8000.hdf5	both	none
1684.4387	1	Stimulus/S  1	1	16844387	16844395	18	3	70	pips_40_500-8000.hdf5	both	none
1685.5054	1	Stimulus/S  1	1	16855054	16855062	18	4	50	pips_40_500-8000.hdf5	both	none
1686.5507	1	Stimulus/S  1	1	16865507	16865515	18	5	30	pips_40_500-8000.hdf5	both	none
1687.6174	1	Stimulus/S  1	1	16876174	16876182	19	0	20	pips_40_500-8000.hdf5	both	none
1688.6734	1	Stimulus/S  1	1	16886734	16886742	19	1	40	pips_40_500-8000.hdf5	both	none
1689.7188	1	Stimulus/S  1	1	16897188	16897196	19	2	60	pips_40_500-8000.hdf5	both	none
1690.7748	1	Stimulus/S  1	1	16907748	16907756	19	3	70	pips_40_500-8000.hdf5	both	none
1691.8201	1	Stimulus/S  1	1	16918201	16918209	19	4	50	pips_40_500-8000.hdf5	both	none
1692.8761	1	Stimulus/S  1	1	16928761	16928769	19	5	30	pips_40_500-8000.hdf5	both	none
1693.9428	1	Stimulus/S  1	1	16939428	16939436	20	0	20	pips_40_500-8000.hdf5	both	none
1694.9881	1	Stimulus/S  1	1	16949881	16949889	20	1	40	pips_40_500-8000.hdf5	both	none
1696.0548	1	Stimulus/S  1	1	16960548	16960556	20	2	60	pips_40_500-8000.hdf5	both	none
1697.1002	1	Stimulus/S  1	1	16971002	16971010	20	3	70	pips_40_500-8000.hdf5	both	none
1698.1668	1	Stimulus/S  1	1	16981668	16981676	20	4	50	pips_40_500-8000.hdf5	both	none
1699.2335	1	Stimulus/S  1	1	16992335	16992343	20	5	30	pips_40_500-8000.hdf5	both	none
1700.2895	1	Stimulus/S  1	1	17002895	17002903	21	0	20	pips_40_500-8000.hdf5	both	none
1701.3562	1	Stimulus/S  1	1	17013562	17013570	21	1	40	pips_40_500-8000.hdf5	both	none
1702.4229	1	Stimulus/S  1	1	17024229	17024237	21	2	60	pips_40_500-8000.hdf5	both	none
1703.4896	1	Stimulus/S  1	1	17034896	17034904	21	3	70	pips_40_500-8000.hdf5	both	none
1704.5562	1	Stimulus/S  1	1	17045562	17045570	21	4	50	pips_40_500-8000.hdf5	both	none
1705.6229	1	Stimulus/S  1	1	17056229	17056237	21	5	30	pips_40_500-8000.hdf5	both	none
1706.6683	1	Stimulus/S  1	1	17066683	17066691	22	0	20	pips_40_500-8000.hdf5	both	none
1707.7349	1	Stimulus/S  1	1	17077349	17077357	22	1	40	pips_40_500-8000.hdf5	both	none
1708.7909	1	Stimulus/S  1	1	17087909	17087917	22	2	60	pips_40_500-8000.hdf5	both	none
1709.8363	1	Stimulus/S  1	1	17098363	17098371	22	3	70	pips_40_500-8000.hdf5	both	none
1710.8923	1	Stimulus/S  1	1	17108923	17108931	22	4	50	pips_40_500-8000.hdf5	both	none
1711.9376	1	Stimulus/S  1	1	17119376	17119384	22	5	30	pips_40_500-8000.hdf5	both	none
1712.983	1	Stimulus/S  1	1	17129830	17129838	23	0	20	pips_40_500-8000.hdf5	both	none
1714.039	1	Stimulus/S  1	1	17140390	17140398	23	1	40	pips_40_500-8000.hdf5	both	none
1715.0843	1	Stimulus/S  1	1	17150843	17150851	23	2	60	pips_40_500-8000.hdf5	both	none
1716.151	1	Stimulus/S  1	1	17161510	17161518	23	3	70	pips_40_500-8000.hdf5	both	none
1717.207	1	Stimulus/S  1	1	17172070	17172078	23	4	50	pips_40_500-8000.hdf5	both	none
1718.2737	1	Stimulus/S  1	1	17182737	17182745	23	5	30	pips_40_500-8000.hdf5	both	none
1719.3191	1	Stimulus/S  1	1	17193191	17193199	24	0	20	pips_40_500-8000.hdf5	both	none
1720.3857	1	Stimulus/S  1	1	17203857	17203865	24	1	40	pips_40_500-8000.hdf5	both	none
1721.4524	1	Stimulus/S  1	1	17214524	17214532	24	2	60	pips_40_500-8000.hdf5	both	none
1722.5191	1	Stimulus/S  1	1	17225191	17225199	24	3	70	pips_40_500-8000.hdf5	both	none
1723.5858	1	Stimulus/S  1	1	17235858	17235866	24	4	50	pips_40_500-8000.hdf5	both	none
1724.6524	1	Stimulus/S  1	1	17246524	17246532	24	5	30	pips_40_500-8000.hdf5	both	none
1725.7191	1	Stimulus/S  1	1	17257191	17257199	25	0	20	pips_40_500-8000.hdf5	both	none
1726.7751	1	Stimulus/S  1	1	17267751	17267759	25	1	40	pips_40_500-8000.hdf5	both	none
1727.8205	1	Stimulus/S  1	1	17278205	17278213	25	2	60	pips_40_500-8000.hdf5	both	none
1728.8765	1	Stimulus/S  1	1	17288765	17288773	25	3	70	pips_40_500-8000.hdf5	both	none
1729.9218	1	Stimulus/S  1	1	17299218	17299226	25	4	50	pips_40_500-8000.hdf5	both	none
1730.9672	1	Stimulus/S  1	1	17309672	17309680	25	5	30	pips_40_500-8000.hdf5	both	none
1732.0232	1	Stimulus/S  1	1	17320232	17320240	26	0	20	pips_40_500-8000.hdf5	both	none
1733.0685	1	Stimulus/S  1	1	17330685	17330693	26	1	40	pips_40_500-8000.hdf5	both	none
1734.1245	1	Stimulus/S  1	1	17341245	17341253	26	2	60	pips_40_500-8000.hdf5	both	none
1735.1912	1	Stimulus/S  1	1	17351912	17351920	26	3	70	pips_40_500-8000.hdf5	both	none
1736.2366	1	Stimulus/S  1	1	17362366	17362374	26	4	50	pips_40_500-8000.hdf5	both	none
1737.3032	1	Stimulus/S  1	1	17373032	17373040	26	5	30	pips_40_500-8000.hdf5	both	none
1738.3699	1	Stimulus/S  1	1	17383699	17383707	27	0	20	pips_40_500-8000.hdf5	both	none
1739.4366	1	Stimulus/S  1	1	17394366	17394374	27	1	40	pips_40_500-8000.hdf5	both	none
1740.5033	1	Stimulus/S  1	1	17405033	17405041	27	2	60	pips_40_500-8000.hdf5	both	none
1741.5699	1	Stimulus/S  1	1	17415699	17415707	27	3	70	pips_40_500-8000.hdf5	both	none
1742.6366	1	Stimulus/S  1	1	17426366	17426374	27	4	50	pips_40_500-8000.hdf5	both	none
1743.7033	1	Stimulus/S  1	1	17437033	17437041	27	5	30	pips_40_500-8000.hdf5	both	none
1744.77	1	Stimulus/S  1	1	17447700	17447708	28	0	20	pips_40_500-8000.hdf5	both	none
1745.8366	1	Stimulus/S  1	1	17458366	17458374	28	1	40	pips_40_500-8000.hdf5	both	none
1746.8927	1	Stimulus/S  1	1	17468927	17468935	28	2	60	pips_40_500-8000.hdf5	both	none
1747.9593	1	Stimulus/S  1	1	17479593	17479601	28	3	70	pips_40_500-8000.hdf5	both	none
1749.0047	1	Stimulus/S  1	1	17490047	17490055	28	4	50	pips_40_500-8000.hdf5	both	none
1750.05	1	Stimulus/S  1	1	17500500	17500508	28	5	30	pips_40_500-8000.hdf5	both	none
1751.106	1	Stimulus/S  1	1	17511060	17511068	29	0	20	pips_40_500-8000.hdf5	both	none
1752.1514	1	Stimulus/S  1	1	17521514	17521522	29	1	40	pips_40_500-8000.hdf5	both	none
1753.2074	1	Stimulus/S  1	1	17532074	17532082	29	2	60	pips_40_500-8000.hdf5	both	none
1754.2527	1	Stimulus/S  1	1	17542527	17542535	29	3	70	pips_40_500-8000.hdf5	both	none
1755.3087	1	Stimulus/S  1	1	17553087	17553095	29	4	50	pips_40_500-8000.hdf5	both	none
1756.3541	1	Stimulus/S  1	1	17563541	17563549	29	5	30	pips_40_500-8000.hdf5	both	none
1757.4101	1	Stimulus/S  1	1	17574101	17574109	30	0	20	pips_40_500-8000.hdf5	both	none
1758.4554	1	Stimulus/S  1	1	17584554	17584562	30	1	40	pips_40_500-8000.hdf5	both	none
1759.5221	1	Stimulus/S  1	1	17595221	17595229	30	2	60	pips_40_500-8000.hdf5	both	none
1760.5888	1	Stimulus/S  1	1	17605888	17605896	30	3	70	pips_40_500-8000.hdf5	both	none
1761.6555	1	Stimulus/S  1	1	17616555	17616563	30	4	50	pips_40_500-8000.hdf5	both	none
1762.7221	1	Stimulus/S  1	1	17627221	17627229	30	5	30	pips_40_500-8000.hdf5	both	none
1763.7888	1	Stimulus/S  1	1	17637888	17637896	31	0	20	pips_40_500-8000.hdf5	both	none
1764.8555	1	Stimulus/S  1	1	17648555	17648563	31	1	40	pips_40_500-8000.hdf5	both	none
1765.9222	1	Stimulus/S  1	1	17659222	17659230	31	2	60	pips_40_500-8000.hdf5	both	none
1766.9889	1	Stimulus/S  1	1	17669889	17669897	31	3	70	pips_40_500-8000.hdf5	both	none
1768.0555	1	Stimulus/S  1	1	17680555	17680563	31	4	50	pips_40_500-8000.hdf5	both	none
1769.1222	1	Stimulus/S  1	1	17691222	17691230	31	5	30	pips_40_500-8000.hdf5	both	none
1770.1889	1	Stimulus/S  1	1	17701889	17701897	32	0	20	pips_40_500-8000.hdf5	both	none
1771.2556	1	Stimulus/S  1	1	17712556	17712564	32	1	40	pips_40_500-8000.hdf5	both	none
1772.3009	1	Stimulus/S  1	1	17723009	17723017	32	2	60	pips_40_500-8000.hdf5	both	none
1773.3569	1	Stimulus/S  1	1	17733569	17733577	32	3	70	pips_40_500-8000.hdf5	both	none
1774.4023	1	Stimulus/S  1	1	17744023	17744031	32	4	50	pips_40_500-8000.hdf5	both	none
1775.4583	1	Stimulus/S  1	1	17754583	17754591	32	5	30	pips_40_500-8000.hdf5	both	none
1776.5036	1	Stimulus/S  1	1	17765036	17765044	33	0	20	pips_40_500-8000.hdf5	both	none
1777.5596	1	Stimulus/S  1	1	17775596	17775604	33	1	40	pips_40_500-8000.hdf5	both	none
1778.605	1	Stimulus/S  1	1	17786050	17786058	33	2	60	pips_40_500-8000.hdf5	both	none
1779.661	1	Stimulus/S  1	1	17796610	17796618	33	3	70	pips_40_500-8000.hdf5	both	none
1780.7277	1	Stimulus/S  1	1	17807277	17807285	33	4	50	pips_40_500-8000.hdf5	both	none
1781.773	1	Stimulus/S  1	1	17817730	17817738	33	5	30	pips_40_500-8000.hdf5	both	none
1782.8397	1	Stimulus/S  1	1	17828397	17828405	34	0	20	pips_40_500-8000.hdf5	both	none
1783.9064	1	Stimulus/S  1	1	17839064	17839072	34	1	40	pips_40_500-8000.hdf5	both	none
1784.9517	1	Stimulus/S  1	1	17849517	17849525	34	2	60	pips_40_500-8000.hdf5	both	none
1786.0184	1	Stimulus/S  1	1	17860184	17860192	34	3	70	pips_40_500-8000.hdf5	both	none
1787.0851	1	Stimulus/S  1	1	17870851	17870859	34	4	50	pips_40_500-8000.hdf5	both	none
1788.1517	1	Stimulus/S  1	1	17881517	17881525	34	5	30	pips_40_500-8000.hdf5	both	none
1789.2184	1	Stimulus/S  1	1	17892184	17892192	35	0	20	pips_40_500-8000.hdf5	both	none
1790.2851	1	Stimulus/S  1	1	17902851	17902859	35	1	40	pips_40_500-8000.hdf5	both	none
1791.3518	1	Stimulus/S  1	1	17913518	17913526	35	2	60	pips_40_500-8000.hdf5	both	none
1792.4078	1	Stimulus/S  1	1	17924078	17924086	35	3	70	pips_40_500-8000.hdf5	both	none
1793.4745	1	Stimulus/S  1	1	17934745	17934753	35	4	50	pips_40_500-8000.hdf5	both	none
1794.5198	1	Stimulus/S  1	1	17945198	17945206	35	5	30	pips_40_500-8000.hdf5	both	none
1795.5865	1	Stimulus/S  1	1	17955865	17955873	36	0	20	pips_40_500-8000.hdf5	both	none
1796.6425	1	Stimulus/S  1	1	17966425	17966433	36	1	40	pips_40_500-8000.hdf5	both	none
1797.7092	1	Stimulus/S  1	1	17977092	17977100	36	2	60	pips_40_500-8000.hdf5	both	none
1798.7545	1	Stimulus/S  1	1	17987545	17987553	36	3	70	pips_40_500-8000.hdf5	both	none
1799.8105	1	Stimulus/S  1	1	17998105	17998113	36	4	50	pips_40_500-8000.hdf5	both	none
1800.8559	1	Stimulus/S  1	1	18008559	18008567	36	5	30	pips_40_500-8000.hdf5	both	none
1801.9012	1	Stimulus/S  1	1	18019012	18019020	37	0	20	pips_40_500-8000.hdf5	both	none
1802.9572	1	Stimulus/S  1	1	18029572	18029580	37	1	40	pips_40_500-8000.hdf5	both	none
1804.0026	1	Stimulus/S  1	1	18040026	18040034	37	2	60	pips_40_500-8000.hdf5	both	none
1805.0586	1	Stimulus/S  1	1	18050586	18050594	37	3	70	pips_40_500-8000.hdf5	both	none
1806.1252	1	Stimulus/S  1	1	18061252	18061260	37	4	50	pips_40_500-8000.hdf5	both	none
1807.1706	1	Stimulus/S  1	1	18071706	18071714	37	5	30	pips_40_500-8000.hdf5	both	none
1808.2373	1	Stimulus/S  1	1	18082373	18082381	38	0	20	pips_40_500-8000.hdf5	both	none
1809.2933	1	Stimulus/S  1	1	18092933	18092941	38	1	40	pips_40_500-8000.hdf5	both	none
1810.36	1	Stimulus/S  1	1	18103600	18103608	38	2	60	pips_40_500-8000.hdf5	both	none
1811.4266	1	Stimulus/S  1	1	18114266	18114274	38	3	70	pips_40_500-8000.hdf5	both	none
1812.4933	1	Stimulus/S  1	1	18124933	18124941	38	4	50	pips_40_500-8000.hdf5	both	none
1813.56	1	Stimulus/S  1	1	18135600	18135608	38	5	30	pips_40_500-8000.hdf5	both	none
1814.6267	1	Stimulus/S  1	1	18146267	18146275	39	0	20	pips_40_500-8000.hdf5	both	none
1815.6933	1	Stimulus/S  1	1	18156933	18156941	39	1	40	pips_40_500-8000.hdf5	both	none
1816.7387	1	Stimulus/S  1	1	18167387	18167395	39	2	60	pips_40_500-8000.hdf5	both	none
1817.8054	1	Stimulus/S  1	1	18178054	18178062	39	3	70	pips_40_500-8000.hdf5	both	none
1818.872	1	Stimulus/S  1	1	18188720	18188728	39	4	50	pips_40_500-8000.hdf5	both	none
1819.928	1	Stimulus/S  1	1	18199280	18199288	39	5	30	pips_40_500-8000.hdf5	both	none
1820.9734	1	Stimulus/S  1	1	18209734	18209742	40	0	20	pips_40_500-8000.hdf5	both	none
1822.0187	1	Stimulus/S  1	1	18220187	18220195	40	1	40	pips_40_500-8000.hdf5	both	none
1823.0747	1	Stimulus/S  1	1	18230747	18230755	40	2	60	pips_40_500-8000.hdf5	both	none
1824.1201	1	Stimulus/S  1	1	18241201	18241209	40	3	70	pips_40_500-8000.hdf5	both	none
1825.1761	1	Stimulus/S  1	1	18251761	18251769	40	4	50	pips_40_500-8000.hdf5	both	none
1826.2214	1	Stimulus/S  1	1	18262214	18262222	40	5	30	pips_40_500-8000.hdf5	both	none
1827.2775	1	Stimulus/S  1	1	18272775	18272783	41	0	20	pips_40_500-8000.hdf5	both	none
1828.3228	1	Stimulus/S  1	1	18283228	18283236	41	1	40	pips_40_500-8000.hdf5	both	none
1829.3681	1	Stimulus/S  1	1	18293681	18293689	41	2	60	pips_40_500-8000.hdf5	both	none
1830.4455	1	Stimulus/S  1	1	18304455	18304463	41	3	70	pips_40_500-8000.hdf5	both	none
1831.4908	1	Stimulus/S  1	1	18314908	18314916	41	4	50	pips_40_500-8000.hdf5	both	none
1832.5575	1	Stimulus/S  1	1	18325575	18325583	41	5	30	pips_40_500-8000.hdf5	both	none
1833.6028	1	Stimulus/S  1	1	18336028	18336036	42	0	20	pips_40_500-8000.hdf5	both	none
1834.6589	1	Stimulus/S  1	1	18346589	18346597	42	1	40	pips_40_500-8000.hdf5	both	none
1835.7042	1	Stimulus/S  1	1	18357042	18357050	42	2	60	pips_40_500-8000.hdf5	both	none
1836.7709	1	Stimulus/S  1	1	18367709	18367717	42	3	70	pips_40_500-8000.hdf5	both	none
1837.8376	1	Stimulus/S  1	1	18378376	18378384	42	4	50	pips_40_500-8000.hdf5	both	none
1838.9042	1	Stimulus/S  1	1	18389042	18389050	42	5	30	pips_40_500-8000.hdf5	both	none
1839.9709	1	Stimulus/S  1	1	18399709	18399717	43	0	20	pips_40_500-8000.hdf5	both	none
1841.0376	1	Stimulus/S  1	1	18410376	18410384	43	1	40	pips_40_500-8000.hdf5	both	none
1842.1043	1	Stimulus/S  1	1	18421043	18421051	43	2	60	pips_40_500-8000.hdf5	both	none
1843.1603	1	Stimulus/S  1	1	18431603	18431611	43	3	70	pips_40_500-8000.hdf5	both	none
1844.227	1	Stimulus/S  1	1	18442270	18442278	43	4	50	pips_40_500-8000.hdf5	both	none
1845.2936	1	Stimulus/S  1	1	18452936	18452944	43	5	30	pips_40_500-8000.hdf5	both	none
1846.339	1	Stimulus/S  1	1	18463390	18463398	44	0	20	pips_40_500-8000.hdf5	both	none
1847.395	1	Stimulus/S  1	1	18473950	18473958	44	1	40	pips_40_500-8000.hdf5	both	none
1848.4403	1	Stimulus/S  1	1	18484403	18484411	44	2	60	pips_40_500-8000.hdf5	both	none
1849.4857	1	Stimulus/S  1	1	18494857	18494865	44	3	70	pips_40_500-8000.hdf5	both	none
1850.5417	1	Stimulus/S  1	1	18505417	18505425	44	4	50	pips_40_500-8000.hdf5	both	none
1851.587	1	Stimulus/S  1	1	18515870	18515878	44	5	30	pips_40_500-8000.hdf5	both	none
1852.643	1	Stimulus/S  1	1	18526430	18526438	45	0	20	pips_40_500-8000.hdf5	both	none
1853.6884	1	Stimulus/S  1	1	18536884	18536892	45	1	40	pips_40_500-8000.hdf5	both	none
1854.7551	1	Stimulus/S  1	1	18547551	18547559	45	2	60	pips_40_500-8000.hdf5	both	none
1855.8111	1	Stimulus/S  1	1	18558111	18558119	45	3	70	pips_40_500-8000.hdf5	both	none
1856.8777	1	Stimulus/S  1	1	18568777	18568785	45	4	50	pips_40_500-8000.hdf5	both	none
1857.9231	1	Stimulus/S  1	1	18579231	18579239	45	5	30	pips_40_500-8000.hdf5	both	none
1858.9898	1	Stimulus/S  1	1	18589898	18589906	46	0	20	pips_40_500-8000.hdf5	both	none
1860.0564	1	Stimulus/S  1	1	18600564	18600572	46	1	40	pips_40_500-8000.hdf5	both	none
1861.1231	1	Stimulus/S  1	1	18611231	18611239	46	2	60	pips_40_500-8000.hdf5	both	none
1862.1898	1	Stimulus/S  1	1	18621898	18621906	46	3	70	pips_40_500-8000.hdf5	both	none
1863.2565	1	Stimulus/S  1	1	18632565	18632573	46	4	50	pips_40_500-8000.hdf5	both	none
1864.3232	1	Stimulus/S  1	1	18643232	18643240	46	5	30	pips_40_500-8000.hdf5	both	none
1865.3898	1	Stimulus/S  1	1	18653898	18653906	47	0	20	pips_40_500-8000.hdf5	both	none
1866.4565	1	Stimulus/S  1	1	18664565	18664573	47	1	40	pips_40_500-8000.hdf5	both	none
1867.5125	1	Stimulus/S  1	1	18675125	18675133	47	2	60	pips_40_500-8000.hdf5	both	none
1868.5792	1	Stimulus/S  1	1	18685792	18685800	47	3	70	pips_40_500-8000.hdf5	both	none
1869.6245	1	Stimulus/S  1	1	18696245	18696253	47	4	50	pips_40_500-8000.hdf5	both	none
1870.6912	1	Stimulus/S  1	1	18706912	18706920	47	5	30	pips_40_500-8000.hdf5	both	none
1871.7366	1	Stimulus/S  1	1	18717366	18717374	48	0	20	pips_40_500-8000.hdf5	both	none
1872.7926	1	Stimulus/S  1	1	18727926	18727934	48	1	40	pips_40_500-8000.hdf5	both	none
1873.8379	1	Stimulus/S  1	1	18738379	18738387	48	2	60	pips_40_500-8000.hdf5	both	none
1874.8939	1	Stimulus/S  1	1	18748939	18748947	48	3	70	pips_40_500-8000.hdf5	both	none
1875.9393	1	Stimulus/S  1	1	18759393	18759401	48	4	50	pips_40_500-8000.hdf5	both	none
1876.9953	1	Stimulus/S  1	1	18769953	18769961	48	5	30	pips_40_500-8000.hdf5	both	none
1878.0406	1	Stimulus/S  1	1	18780406	18780414	49	0	20	pips_40_500-8000.hdf5	both	none
1879.086	1	Stimulus/S  1	1	18790860	18790868	49	1	40	pips_40_500-8000.hdf5	both	none
1880.142	1	Stimulus/S  1	1	18801420	18801428	49	2	60	pips_40_500-8000.hdf5	both	none
1881.1873	1	Stimulus/S  1	1	18811873	18811881	49	3	70	pips_40_500-8000.hdf5	both	none
1882.254	1	Stimulus/S  1	1	18822540	18822548	49	4	50	pips_40_500-8000.hdf5	both	none
1883.3207	1	Stimulus/S  1	1	18833207	18833215	49	5	30	pips_40_500-8000.hdf5	both	none
1884.3874	1	Stimulus/S  1	1	18843874	18843882	50	0	20	pips_40_500-8000.hdf5	both	none
1885.454	1	Stimulus/S  1	1	18854540	18854548	50	1	40	pips_40_500-8000.hdf5	both	none
1886.5207	1	Stimulus/S  1	1	18865207	18865215	50	2	60	pips_40_500-8000.hdf5	both	none
1887.5874	1	Stimulus/S  1	1	18875874	18875882	50	3	70	pips_40_500-8000.hdf5	both	none
1888.6541	1	Stimulus/S  1	1	18886541	18886549	50	4	50	pips_40_500-8000.hdf5	both	none
1889.7207	1	Stimulus/S  1	1	18897207	18897215	50	5	30	pips_40_500-8000.hdf5	both	none
1890.7874	1	Stimulus/S  1	1	18907874	18907882	51	0	20	pips_40_500-8000.hdf5	both	none
1891.8434	1	Stimulus/S  1	1	18918434	18918442	51	1	40	pips_40_500-8000.hdf5	both	none
1892.9101	1	Stimulus/S  1	1	18929101	18929109	51	2	60	pips_40_500-8000.hdf5	both	none
1893.9554	1	Stimulus/S  1	1	18939554	18939562	51	3	70	pips_40_500-8000.hdf5	both	none
1895.0221	1	Stimulus/S  1	1	18950221	18950229	51	4	50	pips_40_500-8000.hdf5	both	none
1896.0781	1	Stimulus/S  1	1	18960781	18960789	51	5	30	pips_40_500-8000.hdf5	both	none
1897.1235	1	Stimulus/S  1	1	18971235	18971243	52	0	20	pips_40_500-8000.hdf5	both	none
1898.1795	1	Stimulus/S  1	1	18981795	18981803	52	1	40	pips_40_500-8000.hdf5	both	none
1899.2248	1	Stimulus/S  1	1	18992248	18992256	52	2	60	pips_40_500-8000.hdf5	both	none
1900.2702	1	Stimulus/S  1	1	19002702	19002710	52	3	70	pips_40_500-8000.hdf5	both	none
1901.3369	1	Stimulus/S  1	1	19013369	19013377	52	4	50	pips_40_500-8000.hdf5	both	none
1902.3929	1	Stimulus/S  1	1	19023929	19023937	52	5	30	pips_40_500-8000.hdf5	both	none
1903.4595	1	Stimulus/S  1	1	19034595	19034603	53	0	20	pips_40_500-8000.hdf5	both	none
1904.5049	1	Stimulus/S  1	1	19045049	19045057	53	1	40	pips_40_500-8000.hdf5	both	none
1905.5716	1	Stimulus/S  1	1	19055716	19055724	53	2	60	pips_40_500-8000.hdf5	both	none
1906.6382	1	Stimulus/S  1	1	19066382	19066390	53	3	70	pips_40_500-8000.hdf5	both	none
1907.7049	1	Stimulus/S  1	1	19077049	19077057	53	4	50	pips_40_500-8000.hdf5	both	none
1908.7716	1	Stimulus/S  1	1	19087716	19087724	53	5	30	pips_40_500-8000.hdf5	both	none
1909.8383	1	Stimulus/S  1	1	19098383	19098391	54	0	20	pips_40_500-8000.hdf5	both	none
1910.9049	1	Stimulus/S  1	1	19109049	19109057	54	1	40	pips_40_500-8000.hdf5	both	none
1911.9716	1	Stimulus/S  1	1	19119716	19119724	54	2	60	pips_40_500-8000.hdf5	both	none
1913.0383	1	Stimulus/S  1	1	19130383	19130391	54	3	70	pips_40_500-8000.hdf5	both	none
1914.105	1	Stimulus/S  1	1	19141050	19141058	54	4	50	pips_40_500-8000.hdf5	both	none
1915.161	1	Stimulus/S  1	1	19151610	19151618	54	5	30	pips_40_500-8000.hdf5	both	none
1916.2277	1	Stimulus/S  1	1	19162277	19162285	55	0	20	pips_40_500-8000.hdf5	both	none
1917.2943	1	Stimulus/S  1	1	19172943	19172951	55	1	40	pips_40_500-8000.hdf5	both	none
1918.3397	1	Stimulus/S  1	1	19183397	19183405	55	2	60	pips_40_500-8000.hdf5	both	none
1919.4064	1	Stimulus/S  1	1	19194064	19194072	55	3	70	pips_40_500-8000.hdf5	both	none
1920.4624	1	Stimulus/S  1	1	19204624	19204632	55	4	50	pips_40_500-8000.hdf5	both	none
1921.5291	1	Stimulus/S  1	1	19215291	19215299	55	5	30	pips_40_500-8000.hdf5	both	none
1922.5744	1	Stimulus/S  1	1	19225744	19225752	56	0	20	pips_40_500-8000.hdf5	both	none
1923.6411	1	Stimulus/S  1	1	19236411	19236419	56	1	40	pips_40_500-8000.hdf5	both	none
1924.6864	1	Stimulus/S  1	1	19246864	19246872	56	2	60	pips_40_500-8000.hdf5	both	none
1925.7424	1	Stimulus/S  1	1	19257424	19257432	56	3	70	pips_40_500-8000.hdf5	both	none
1926.7878	1	Stimulus/S  1	1	19267878	19267886	56	4	50	pips_40_500-8000.hdf5	both	none
1927.8438	1	Stimulus/S  1	1	19278438	19278446	56	5	30	pips_40_500-8000.hdf5	both	none
1928.8891	1	Stimulus/S  1	1	19288891	19288899	57	0	20	pips_40_500-8000.hdf5	both	none
1929.9451	1	Stimulus/S  1	1	19299451	19299459	57	1	40	pips_40_500-8000.hdf5	both	none
1930.9905	1	Stimulus/S  1	1	19309905	19309913	57	2	60	pips_40_500-8000.hdf5	both	none
1932.0572	1	Stimulus/S  1	1	19320572	19320580	57	3	70	pips_40_500-8000.hdf5	both	none
1933.1132	1	Stimulus/S  1	1	19331132	19331140	57	4	50	pips_40_500-8000.hdf5	both	none
1934.1798	1	Stimulus/S  1	1	19341798	19341806	57	5	30	pips_40_500-8000.hdf5	both	none
1935.2252	1	Stimulus/S  1	1	19352252	19352260	58	0	20	pips_40_500-8000.hdf5	both	none
1936.2919	1	Stimulus/S  1	1	19362919	19362927	58	1	40	pips_40_500-8000.hdf5	both	none
1937.3585	1	Stimulus/S  1	1	19373585	19373593	58	2	60	pips_40_500-8000.hdf5	both	none
1938.4252	1	Stimulus/S  1	1	19384252	19384260	58	3	70	pips_40_500-8000.hdf5	both	none
1939.4919	1	Stimulus/S  1	1	19394919	19394927	58	4	50	pips_40_500-8000.hdf5	both	none
1940.5586	1	Stimulus/S  1	1	19405586	19405594	58	5	30	pips_40_500-8000.hdf5	both	none
1941.6253	1	Stimulus/S  1	1	19416253	19416261	59	0	20	pips_40_500-8000.hdf5	both	none
1942.6919	1	Stimulus/S  1	1	19426919	19426927	59	1	40	pips_40_500-8000.hdf5	both	none
1943.7586	1	Stimulus/S  1	1	19437586	19437594	59	2	60	pips_40_500-8000.hdf5	both	none
1944.8253	1	Stimulus/S  1	1	19448253	19448261	59	3	70	pips_40_500-8000.hdf5	both	none
1945.8706	1	Stimulus/S  1	1	19458706	19458714	59	4	50	pips_40_500-8000.hdf5	both	none
1946.9373	1	Stimulus/S  1	1	19469373	19469381	59	5	30	pips_40_500-8000.hdf5	both	none
1947.9933	1	Stimulus/S  1	1	19479933	19479941	60	0	20	pips_40_500-8000.hdf5	both	none
1949.06	1	Stimulus/S  1	1	19490600	19490608	60	1	40	pips_40_500-8000.hdf5	both	none
1950.1053	1	Stimulus/S  1	1	19501053	19501061	60	2	60	pips_40_500-8000.hdf5	both	none
1951.1613	1	Stimulus/S  1	1	19511613	19511621	60	3	70	pips_40_500-8000.hdf5	both	none
1952.2067	1	Stimulus/S  1	1	19522067	19522075	60	4	50	pips_40_500-8000.hdf5	both	none
1953.2627	1	Stimulus/S  1	1	19532627	19532635	60	5	30	pips_40_500-8000.hdf5	both	none
1954.308	1	Stimulus/S  1	1	19543080	19543088	61	0	20	pips_40_500-8000.hdf5	both	none
1955.3534	1	Stimulus/S  1	1	19553534	19553542	61	1	40	pips_40_500-8000.hdf5	both	none
1956.4094	1	Stimulus/S  1	1	19564094	19564102	61	2	60	pips_40_500-8000.hdf5	both	none
1957.4761	1	Stimulus/S  1	1	19574761	19574769	61	3	70	pips_40_500-8000.hdf5	both	none
1958.5214	1	Stimulus/S  1	1	19585214	19585222	61	4	50	pips_40_500-8000.hdf5	both	none
1959.5881	1	Stimulus/S  1	1	19595881	19595889	61	5	30	pips_40_500-8000.hdf5	both	none
1960.6441	1	Stimulus/S  1	1	19606441	19606449	62	0	20	pips_40_500-8000.hdf5	both	none
1961.7108	1	Stimulus/S  1	1	19617108	19617116	62	1	40	pips_40_500-8000.hdf5	both	none
1962.7775	1	Stimulus/S  1	1	19627775	19627783	62	2	60	pips_40_500-8000.hdf5	both	none
1963.8441	1	Stimulus/S  1	1	19638441	19638449	62	3	70	pips_40_500-8000.hdf5	both	none
1964.9108	1	Stimulus/S  1	1	19649108	19649116	62	4	50	pips_40_500-8000.hdf5	both	none
1965.9775	1	Stimulus/S  1	1	19659775	19659783	62	5	30	pips_40_500-8000.hdf5	both	none
1967.0442	1	Stimulus/S  1	1	19670442	19670450	63	0	20	pips_40_500-8000.hdf5	both	none
1968.1108	1	Stimulus/S  1	1	19681108	19681116	63	1	40	pips_40_500-8000.hdf5	both	none
1969.1775	1	Stimulus/S  1	1	19691775	19691783	63	2	60	pips_40_500-8000.hdf5	both	none
1970.2442	1	Stimulus/S  1	1	19702442	19702450	63	3	70	pips_40_500-8000.hdf5	both	none
1971.2895	1	Stimulus/S  1	1	19712895	19712903	63	4	50	pips_40_500-8000.hdf5	both	none
1972.3562	1	Stimulus/S  1	1	19723562	19723570	63	5	30	pips_40_500-8000.hdf5	both	none
1973.4122	1	Stimulus/S  1	1	19734122	19734130	64	0	20	pips_40_500-8000.hdf5	both	none
1974.4789	1	Stimulus/S  1	1	19744789	19744797	64	1	40	pips_40_500-8000.hdf5	both	none
1975.5243	1	Stimulus/S  1	1	19755243	19755251	64	2	60	pips_40_500-8000.hdf5	both	none
1976.5803	1	Stimulus/S  1	1	19765803	19765811	64	3	70	pips_40_500-8000.hdf5	both	none
1977.6256	1	Stimulus/S  1	1	19776256	19776264	64	4	50	pips_40_500-8000.hdf5	both	none
1978.671	1	Stimulus/S  1	1	19786710	19786718	64	5	30	pips_40_500-8000.hdf5	both	none
1979.727	1	Stimulus/S  1	1	19797270	19797278	65	0	20	pips_40_500-8000.hdf5	both	none
1980.7936	1	Stimulus/S  1	1	19807936	19807944	65	1	40	pips_40_500-8000.hdf5	both	none
1981.839	1	Stimulus/S  1	1	19818390	19818398	65	2	60	pips_40_500-8000.hdf5	both	none
1982.9057	1	Stimulus/S  1	1	19829057	19829065	65	3	70	pips_40_500-8000.hdf5	both	none
1983.9617	1	Stimulus/S  1	1	19839617	19839625	65	4	50	pips_40_500-8000.hdf5	both	none
1985.0283	1	Stimulus/S  1	1	19850283	19850291	65	5	30	pips_40_500-8000.hdf5	both	none
1986.095	1	Stimulus/S  1	1	19860950	19860958	66	0	20	pips_40_500-8000.hdf5	both	none
1987.1617	1	Stimulus/S  1	1	19871617	19871625	66	1	40	pips_40_500-8000.hdf5	both	none
1988.2284	1	Stimulus/S  1	1	19882284	19882292	66	2	60	pips_40_500-8000.hdf5	both	none
1989.2951	1	Stimulus/S  1	1	19892951	19892959	66	3	70	pips_40_500-8000.hdf5	both	none
1990.3617	1	Stimulus/S  1	1	19903617	19903625	66	4	50	pips_40_500-8000.hdf5	both	none
1991.4284	1	Stimulus/S  1	1	19914284	19914292	66	5	30	pips_40_500-8000.hdf5	both	none
1992.4951	1	Stimulus/S  1	1	19924951	19924959	67	0	20	pips_40_500-8000.hdf5	both	none
1993.5618	1	Stimulus/S  1	1	19935618	19935626	67	1	40	pips_40_500-8000.hdf5	both	none
1994.6071	1	Stimulus/S  1	1	19946071	19946079	67	2	60	pips_40_500-8000.hdf5	both	none
1995.6738	1	Stimulus/S  1	1	19956738	19956746	67	3	70	pips_40_500-8000.hdf5	both	none
1996.7298	1	Stimulus/S  1	1	19967298	19967306	67	4	50	pips_40_500-8000.hdf5	both	none
1997.7965	1	Stimulus/S  1	1	19977965	19977973	67	5	30	pips_40_500-8000.hdf5	both	none
1998.8418	1	Stimulus/S  1	1	19988418	19988426	68	0	20	pips_40_500-8000.hdf5	both	none
1999.8978	1	Stimulus/S  1	1	19998978	19998986	68	1	40	pips_40_500-8000.hdf5	both	none
2000.9432	1	Stimulus/S  1	1	20009432	20009440	68	2	60	pips_40_500-8000.hdf5	both	none
2001.9885	1	Stimulus/S  1	1	20019885	20019893	68	3	70	pips_40_500-8000.hdf5	both	none
2003.0445	1	Stimulus/S  1	1	20030445	20030453	68	4	50	pips_40_500-8000.hdf5	both	none
2004.0899	1	Stimulus/S  1	1	20040899	20040907	68	5	30	pips_40_500-8000.hdf5	both	none
2005.1459	1	Stimulus/S  1	1	20051459	20051467	69	0	20	pips_40_500-8000.hdf5	both	none
2006.2126	1	Stimulus/S  1	1	20062126	20062134	69	1	40	pips_40_500-8000.hdf5	both	none
2007.2579	1	Stimulus/S  1	1	20072579	20072587	69	2	60	pips_40_500-8000.hdf5	both	none
2008.3246	1	Stimulus/S  1	1	20083246	20083254	69	3	70	pips_40_500-8000.hdf5	both	none
2009.3806	1	Stimulus/S  1	1	20093806	20093814	69	4	50	pips_40_500-8000.hdf5	both	none
2010.4473	1	Stimulus/S  1	1	20104473	20104481	69	5	30	pips_40_500-8000.hdf5	both	none
2011.5139	1	Stimulus/S  1	1	20115139	20115147	70	0	20	pips_40_500-8000.hdf5	both	none
2012.5806	1	Stimulus/S  1	1	20125806	20125814	70	1	40	pips_40_500-8000.hdf5	both	none
2013.6473	1	Stimulus/S  1	1	20136473	20136481	70	2	60	pips_40_500-8000.hdf5	both	none
2014.714	1	Stimulus/S  1	1	20147140	20147148	70	3	70	pips_40_500-8000.hdf5	both	none
2015.7807	1	Stimulus/S  1	1	20157807	20157815	70	4	50	pips_40_500-8000.hdf5	both	none
2016.826	1	Stimulus/S  1	1	20168260	20168268	70	5	30	pips_40_500-8000.hdf5	both	none
2017.882	1	Stimulus/S  1	1	20178820	20178828	71	0	20	pips_40_500-8000.hdf5	both	none
2018.9273	1	Stimulus/S  1	1	20189273	20189281	71	1	40	pips_40_500-8000.hdf5	both	none
2019.9727	1	Stimulus/S  1	1	20199727	20199735	71	2	60	pips_40_500-8000.hdf5	both	none
2021.0287	1	Stimulus/S  1	1	20210287	20210295	71	3	70	pips_40_500-8000.hdf5	both	none
2022.074	1	Stimulus/S  1	1	20220740	20220748	71	4	50	pips_40_500-8000.hdf5	both	none
2023.1301	1	Stimulus/S  1	1	20231301	20231309	71	5	30	pips_40_500-8000.hdf5	both	none
2024.1754	1	Stimulus/S  1	1	20241754	20241762	72	0	20	pips_40_500-8000.hdf5	both	none
2025.2421	1	Stimulus/S  1	1	20252421	20252429	72	1	40	pips_40_500-8000.hdf5	both	none
2026.2981	1	Stimulus/S  1	1	20262981	20262989	72	2	60	pips_40_500-8000.hdf5	both	none
2027.3648	1	Stimulus/S  1	1	20273648	20273656	72	3	70	pips_40_500-8000.hdf5	both	none
2028.4314	1	Stimulus/S  1	1	20284314	20284322	72	4	50	pips_40_500-8000.hdf5	both	none
2029.4981	1	Stimulus/S  1	1	20294981	20294989	72	5	30	pips_40_500-8000.hdf5	both	none
2030.5648	1	Stimulus/S  1	1	20305648	20305656	73	0	20	pips_40_500-8000.hdf5	both	none
2031.6315	1	Stimulus/S  1	1	20316315	20316323	73	1	40	pips_40_500-8000.hdf5	both	none
2032.6982	1	Stimulus/S  1	1	20326982	20326990	73	2	60	pips_40_500-8000.hdf5	both	none
2033.7648	1	Stimulus/S  1	1	20337648	20337656	73	3	70	pips_40_500-8000.hdf5	both	none
2034.8315	1	Stimulus/S  1	1	20348315	20348323	73	4	50	pips_40_500-8000.hdf5	both	none
2035.8982	1	Stimulus/S  1	1	20358982	20358990	73	5	30	pips_40_500-8000.hdf5	both	none
2036.9435	1	Stimulus/S  1	1	20369435	20369443	74	0	20	pips_40_500-8000.hdf5	both	none
2038.0102	1	Stimulus/S  1	1	20380102	20380110	74	1	40	pips_40_500-8000.hdf5	both	none
2039.0555	1	Stimulus/S  1	1	20390555	20390563	74	2	60	pips_40_500-8000.hdf5	both	none
2040.1222	1	Stimulus/S  1	1	20401222	20401230	74	3	70	pips_40_500-8000.hdf5	both	none
2041.1782	1	Stimulus/S  1	1	20411782	20411790	74	4	50	pips_40_500-8000.hdf5	both	none
2042.2236	1	Stimulus/S  1	1	20422236	20422244	74	5	30	pips_40_500-8000.hdf5	both	none
2043.2796	1	Stimulus/S  1	1	20432796	20432804	75	0	20	pips_40_500-8000.hdf5	both	none
2044.3249	1	Stimulus/S  1	1	20443249	20443257	75	1	40	pips_40_500-8000.hdf5	both	none
2045.3809	1	Stimulus/S  1	1	20453809	20453817	75	2	60	pips_40_500-8000.hdf5	both	none
2046.4476	1	Stimulus/S  1	1	20464476	20464484	75	3	70	pips_40_500-8000.hdf5	both	none
2047.493	1	Stimulus/S  1	1	20474930	20474938	75	4	50	pips_40_500-8000.hdf5	both	none
2048.5596	1	Stimulus/S  1	1	20485596	20485604	75	5	30	pips_40_500-8000.hdf5	both	none
2049.6157	1	Stimulus/S  1	1	20496157	20496165	76	0	20	pips_40_500-8000.hdf5	both	none
2050.6823	1	Stimulus/S  1	1	20506823	20506831	76	1	40	pips_40_500-8000.hdf5	both	none
2051.749	1	Stimulus/S  1	1	20517490	20517498	76	2	60	pips_40_500-8000.hdf5	both	none
2052.7943	1	Stimulus/S  1	1	20527943	20527951	76	3	70	pips_40_500-8000.hdf5	both	none
2053.861	1	Stimulus/S  1	1	20538610	20538618	76	4	50	pips_40_500-8000.hdf5	both	none
2054.9064	1	Stimulus/S  1	1	20549064	20549072	76	5	30	pips_40_500-8000.hdf5	both	none
2055.973	1	Stimulus/S  1	1	20559730	20559738	77	0	20	pips_40_500-8000.hdf5	both	none
2057.0397	1	Stimulus/S  1	1	20570397	20570405	77	1	40	pips_40_500-8000.hdf5	both	none
2058.1064	1	Stimulus/S  1	1	20581064	20581072	77	2	60	pips_40_500-8000.hdf5	both	none
2059.1731	1	Stimulus/S  1	1	20591731	20591739	77	3	70	pips_40_500-8000.hdf5	both	none
2060.2398	1	Stimulus/S  1	1	20602398	20602406	77	4	50	pips_40_500-8000.hdf5	both	none
2061.3064	1	Stimulus/S  1	1	20613064	20613072	77	5	30	pips_40_500-8000.hdf5	both	none
2062.3624	1	Stimulus/S  1	1	20623624	20623632	78	0	20	pips_40_500-8000.hdf5	both	none
2063.4291	1	Stimulus/S  1	1	20634291	20634299	78	1	40	pips_40_500-8000.hdf5	both	none
2064.4745	1	Stimulus/S  1	1	20644745	20644753	78	2	60	pips_40_500-8000.hdf5	both	none
2065.5411	1	Stimulus/S  1	1	20655411	20655419	78	3	70	pips_40_500-8000.hdf5	both	none
2066.5972	1	Stimulus/S  1	1	20665972	20665980	78	4	50	pips_40_500-8000.hdf5	both	none
2067.6425	1	Stimulus/S  1	1	20676425	20676433	78	5	30	pips_40_500-8000.hdf5	both	none
2068.6985	1	Stimulus/S  1	1	20686985	20686993	79	0	20	pips_40_500-8000.hdf5	both	none
2069.7438	1	Stimulus/S  1	1	20697438	20697446	79	1	40	pips_40_500-8000.hdf5	both	none
2070.7892	1	Stimulus/S  1	1	20707892	20707900	79	2	60	pips_40_500-8000.hdf5	both	none
2071.8665	1	Stimulus/S  1	1	20718665	20718673	79	3	70	pips_40_500-8000.hdf5	both	none
2072.9119	1	Stimulus/S  1	1	20729119	20729127	79	4	50	pips_40_500-8000.hdf5	both	none
2073.9786	1	Stimulus/S  1	1	20739786	20739794	79	5	30	pips_40_500-8000.hdf5	both	none
2075.0239	1	Stimulus/S  1	1	20750239	20750247	80	0	20	pips_40_500-8000.hdf5	both	none
2076.0906	1	Stimulus/S  1	1	20760906	20760914	80	1	40	pips_40_500-8000.hdf5	both	none
2077.1573	1	Stimulus/S  1	1	20771573	20771581	80	2	60	pips_40_500-8000.hdf5	both	none
2078.2239	1	Stimulus/S  1	1	20782239	20782247	80	3	70	pips_40_500-8000.hdf5	both	none
2079.2906	1	Stimulus/S  1	1	20792906	20792914	80	4	50	pips_40_500-8000.hdf5	both	none
2080.3573	1	Stimulus/S  1	1	20803573	20803581	80	5	30	pips_40_500-8000.hdf5	both	none
2081.424	1	Stimulus/S  1	1	20814240	20814248	81	0	20	pips_40_500-8000.hdf5	both	none
2082.4906	1	Stimulus/S  1	1	20824906	20824914	81	1	40	pips_40_500-8000.hdf5	both	none
2083.5573	1	Stimulus/S  1	1	20835573	20835581	81	2	60	pips_40_500-8000.hdf5	both	none
2084.624	1	Stimulus/S  1	1	20846240	20846248	81	3	70	pips_40_500-8000.hdf5	both	none
2085.68	1	Stimulus/S  1	1	20856800	20856808	81	4	50	pips_40_500-8000.hdf5	both	none
2086.7467	1	Stimulus/S  1	1	20867467	20867475	81	5	30	pips_40_500-8000.hdf5	both	none
2087.792	1	Stimulus/S  1	1	20877920	20877928	82	0	20	pips_40_500-8000.hdf5	both	none
2088.8587	1	Stimulus/S  1	1	20888587	20888595	82	1	40	pips_40_500-8000.hdf5	both	none
2089.9147	1	Stimulus/S  1	1	20899147	20899155	82	2	60	pips_40_500-8000.hdf5	both	none
2090.9601	1	Stimulus/S  1	1	20909601	20909609	82	3	70	pips_40_500-8000.hdf5	both	none
2092.0161	1	Stimulus/S  1	1	20920161	20920169	82	4	50	pips_40_500-8000.hdf5	both	none
2093.0614	1	Stimulus/S  1	1	20930614	20930622	82	5	30	pips_40_500-8000.hdf5	both	none
2094.1068	1	Stimulus/S  1	1	20941068	20941076	83	0	20	pips_40_500-8000.hdf5	both	none
2095.1628	1	Stimulus/S  1	1	20951628	20951636	83	1	40	pips_40_500-8000.hdf5	both	none
2096.2081	1	Stimulus/S  1	1	20962081	20962089	83	2	60	pips_40_500-8000.hdf5	both	none
2097.2748	1	Stimulus/S  1	1	20972748	20972756	83	3	70	pips_40_500-8000.hdf5	both	none
2098.3308	1	Stimulus/S  1	1	20983308	20983316	83	4	50	pips_40_500-8000.hdf5	both	none
2099.3975	1	Stimulus/S  1	1	20993975	20993983	83	5	30	pips_40_500-8000.hdf5	both	none
2100.4428	1	Stimulus/S  1	1	21004428	21004436	84	0	20	pips_40_500-8000.hdf5	both	none
2101.5095	1	Stimulus/S  1	1	21015095	21015103	84	1	40	pips_40_500-8000.hdf5	both	none
2102.5762	1	Stimulus/S  1	1	21025762	21025770	84	2	60	pips_40_500-8000.hdf5	both	none
2103.6429	1	Stimulus/S  1	1	21036429	21036437	84	3	70	pips_40_500-8000.hdf5	both	none
2104.7095	1	Stimulus/S  1	1	21047095	21047103	84	4	50	pips_40_500-8000.hdf5	both	none
2105.7762	1	Stimulus/S  1	1	21057762	21057770	84	5	30	pips_40_500-8000.hdf5	both	none
2106.8429	1	Stimulus/S  1	1	21068429	21068437	85	0	20	pips_40_500-8000.hdf5	both	none
2107.9096	1	Stimulus/S  1	1	21079096	21079104	85	1	40	pips_40_500-8000.hdf5	both	none
2108.9762	1	Stimulus/S  1	1	21089762	21089770	85	2	60	pips_40_500-8000.hdf5	both	none
2110.0429	1	Stimulus/S  1	1	21100429	21100437	85	3	70	pips_40_500-8000.hdf5	both	none
2111.0989	1	Stimulus/S  1	1	21110989	21110997	85	4	50	pips_40_500-8000.hdf5	both	none
2112.1656	1	Stimulus/S  1	1	21121656	21121664	85	5	30	pips_40_500-8000.hdf5	both	none
2113.2323	1	Stimulus/S  1	1	21132323	21132331	86	0	20	pips_40_500-8000.hdf5	both	none
2114.2776	1	Stimulus/S  1	1	21142776	21142784	86	1	40	pips_40_500-8000.hdf5	both	none
2115.3443	1	Stimulus/S  1	1	21153443	21153451	86	2	60	pips_40_500-8000.hdf5	both	none
2116.4003	1	Stimulus/S  1	1	21164003	21164011	86	3	70	pips_40_500-8000.hdf5	both	none
2117.4457	1	Stimulus/S  1	1	21174457	21174465	86	4	50	pips_40_500-8000.hdf5	both	none
2118.491	1	Stimulus/S  1	1	21184910	21184918	86	5	30	pips_40_500-8000.hdf5	both	none
2119.547	1	Stimulus/S  1	1	21195470	21195478	87	0	20	pips_40_500-8000.hdf5	both	none
2120.5924	1	Stimulus/S  1	1	21205924	21205932	87	1	40	pips_40_500-8000.hdf5	both	none
2121.6484	1	Stimulus/S  1	1	21216484	21216492	87	2	60	pips_40_500-8000.hdf5	both	none
2122.6937	1	Stimulus/S  1	1	21226937	21226945	87	3	70	pips_40_500-8000.hdf5	both	none
2123.7497	1	Stimulus/S  1	1	21237497	21237505	87	4	50	pips_40_500-8000.hdf5	both	none
2124.8164	1	Stimulus/S  1	1	21248164	21248172	87	5	30	pips_40_500-8000.hdf5	both	none
2125.8617	1	Stimulus/S  1	1	21258617	21258625	88	0	20	pips_40_500-8000.hdf5	both	none
2126.9284	1	Stimulus/S  1	1	21269284	21269292	88	1	40	pips_40_500-8000.hdf5	both	none
2127.9951	1	Stimulus/S  1	1	21279951	21279959	88	2	60	pips_40_500-8000.hdf5	both	none
2129.0618	1	Stimulus/S  1	1	21290618	21290626	88	3	70	pips_40_500-8000.hdf5	both	none
2130.1284	1	Stimulus/S  1	1	21301284	21301292	88	4	50	pips_40_500-8000.hdf5	both	none
2131.1951	1	Stimulus/S  1	1	21311951	21311959	88	5	30	pips_40_500-8000.hdf5	both	none
2132.2618	1	Stimulus/S  1	1	21322618	21322626	89	0	20	pips_40_500-8000.hdf5	both	none
2133.3285	1	Stimulus/S  1	1	21333285	21333293	89	1	40	pips_40_500-8000.hdf5	both	none
2134.3952	1	Stimulus/S  1	1	21343952	21343960	89	2	60	pips_40_500-8000.hdf5	both	none
2135.4618	1	Stimulus/S  1	1	21354618	21354626	89	3	70	pips_40_500-8000.hdf5	both	none
2136.5072	1	Stimulus/S  1	1	21365072	21365080	89	4	50	pips_40_500-8000.hdf5	both	none
2137.5739	1	Stimulus/S  1	1	21375739	21375747	89	5	30	pips_40_500-8000.hdf5	both	none
2138.6299	1	Stimulus/S  1	1	21386299	21386307	90	0	20	pips_40_500-8000.hdf5	both	none
2139.6965	1	Stimulus/S  1	1	21396965	21396973	90	1	40	pips_40_500-8000.hdf5	both	none
2140.7419	1	Stimulus/S  1	1	21407419	21407427	90	2	60	pips_40_500-8000.hdf5	both	none
2141.7979	1	Stimulus/S  1	1	21417979	21417987	90	3	70	pips_40_500-8000.hdf5	both	none
2142.8432	1	Stimulus/S  1	1	21428432	21428440	90	4	50	pips_40_500-8000.hdf5	both	none
2143.8992	1	Stimulus/S  1	1	21438992	21439000	90	5	30	pips_40_500-8000.hdf5	both	none
2144.9446	1	Stimulus/S  1	1	21449446	21449454	91	0	20	pips_40_500-8000.hdf5	both	none
2145.9899	1	Stimulus/S  1	1	21459899	21459907	91	1	40	pips_40_500-8000.hdf5	both	none
2147.0459	1	Stimulus/S  1	1	21470459	21470467	91	2	60	pips_40_500-8000.hdf5	both	none
2148.1126	1	Stimulus/S  1	1	21481126	21481134	91	3	70	pips_40_500-8000.hdf5	both	none
2149.158	1	Stimulus/S  1	1	21491580	21491588	91	4	50	pips_40_500-8000.hdf5	both	none
2150.2246	1	Stimulus/S  1	1	21502246	21502254	91	5	30	pips_40_500-8000.hdf5	both	none
2151.2807	1	Stimulus/S  1	1	21512807	21512815	92	0	20	pips_40_500-8000.hdf5	both	none
2152.3473	1	Stimulus/S  1	1	21523473	21523481	92	1	40	pips_40_500-8000.hdf5	both	none
2153.414	1	Stimulus/S  1	1	21534140	21534148	92	2	60	pips_40_500-8000.hdf5	both	none
2154.4807	1	Stimulus/S  1	1	21544807	21544815	92	3	70	pips_40_500-8000.hdf5	both	none
2155.5474	1	Stimulus/S  1	1	21555474	21555482	92	4	50	pips_40_500-8000.hdf5	both	none
2156.614	1	Stimulus/S  1	1	21566140	21566148	92	5	30	pips_40_500-8000.hdf5	both	none
2157.6807	1	Stimulus/S  1	1	21576807	21576815	93	0	20	pips_40_500-8000.hdf5	both	none
2158.7474	1	Stimulus/S  1	1	21587474	21587482	93	1	40	pips_40_500-8000.hdf5	both	none
2159.8141	1	Stimulus/S  1	1	21598141	21598149	93	2	60	pips_40_500-8000.hdf5	both	none
2160.8807	1	Stimulus/S  1	1	21608807	21608815	93	3	70	pips_40_500-8000.hdf5	both	none
2161.9261	1	Stimulus/S  1	1	21619261	21619269	93	4	50	pips_40_500-8000.hdf5	both	none
2162.9928	1	Stimulus/S  1	1	21629928	21629936	93	5	30	pips_40_500-8000.hdf5	both	none
2164.0488	1	Stimulus/S  1	1	21640488	21640496	94	0	20	pips_40_500-8000.hdf5	both	none
2165.1155	1	Stimulus/S  1	1	21651155	21651163	94	1	40	pips_40_500-8000.hdf5	both	none
2166.1608	1	Stimulus/S  1	1	21661608	21661616	94	2	60	pips_40_500-8000.hdf5	both	none
2167.2168	1	Stimulus/S  1	1	21672168	21672176	94	3	70	pips_40_500-8000.hdf5	both	none
2168.2622	1	Stimulus/S  1	1	21682622	21682630	94	4	50	pips_40_500-8000.hdf5	both	none
2169.3075	1	Stimulus/S  1	1	21693075	21693083	94	5	30	pips_40_500-8000.hdf5	both	none
2170.3635	1	Stimulus/S  1	1	21703635	21703643	95	0	20	pips_40_500-8000.hdf5	both	none
2171.4302	1	Stimulus/S  1	1	21714302	21714310	95	1	40	pips_40_500-8000.hdf5	both	none
2172.4755	1	Stimulus/S  1	1	21724755	21724763	95	2	60	pips_40_500-8000.hdf5	both	none
2173.5422	1	Stimulus/S  1	1	21735422	21735430	95	3	70	pips_40_500-8000.hdf5	both	none
2174.5982	1	Stimulus/S  1	1	21745982	21745990	95	4	50	pips_40_500-8000.hdf5	both	none
2175.6649	1	Stimulus/S  1	1	21756649	21756657	95	5	30	pips_40_500-8000.hdf5	both	none
2176.7316	1	Stimulus/S  1	1	21767316	21767324	96	0	20	pips_40_500-8000.hdf5	both	none
2177.7769	1	Stimulus/S  1	1	21777769	21777777	96	1	40	pips_40_500-8000.hdf5	both	none
2178.8436	1	Stimulus/S  1	1	21788436	21788444	96	2	60	pips_40_500-8000.hdf5	both	none
2179.9103	1	Stimulus/S  1	1	21799103	21799111	96	3	70	pips_40_500-8000.hdf5	both	none
2180.9769	1	Stimulus/S  1	1	21809769	21809777	96	4	50	pips_40_500-8000.hdf5	both	none
2182.0436	1	Stimulus/S  1	1	21820436	21820444	96	5	30	pips_40_500-8000.hdf5	both	none
2183.1103	1	Stimulus/S  1	1	21831103	21831111	97	0	20	pips_40_500-8000.hdf5	both	none
2184.177	1	Stimulus/S  1	1	21841770	21841778	97	1	40	pips_40_500-8000.hdf5	both	none
2185.233	1	Stimulus/S  1	1	21852330	21852338	97	2	60	pips_40_500-8000.hdf5	both	none
2186.2997	1	Stimulus/S  1	1	21862997	21863005	97	3	70	pips_40_500-8000.hdf5	both	none
2187.345	1	Stimulus/S  1	1	21873450	21873458	97	4	50	pips_40_500-8000.hdf5	both	none
2188.4117	1	Stimulus/S  1	1	21884117	21884125	97	5	30	pips_40_500-8000.hdf5	both	none
2189.4677	1	Stimulus/S  1	1	21894677	21894685	98	0	20	pips_40_500-8000.hdf5	both	none
2190.5344	1	Stimulus/S  1	1	21905344	21905352	98	1	40	pips_40_500-8000.hdf5	both	none
2191.5797	1	Stimulus/S  1	1	21915797	21915805	98	2	60	pips_40_500-8000.hdf5	both	none
2192.6251	1	Stimulus/S  1	1	21926251	21926259	98	3	70	pips_40_500-8000.hdf5	both	none
2193.6811	1	Stimulus/S  1	1	21936811	21936819	98	4	50	pips_40_500-8000.hdf5	both	none
2194.7264	1	Stimulus/S  1	1	21947264	21947272	98	5	30	pips_40_500-8000.hdf5	both	none
2195.7824	1	Stimulus/S  1	1	21957824	21957832	99	0	20	pips_40_500-8000.hdf5	both	none
2196.8278	1	Stimulus/S  1	1	21968278	21968286	99	1	40	pips_40_500-8000.hdf5	both	none
2197.8838	1	Stimulus/S  1	1	21978838	21978846	99	2	60	pips_40_500-8000.hdf5	both	none
2198.9505	1	Stimulus/S  1	1	21989505	21989513	99	3	70	pips_40_500-8000.hdf5	both	none
2199.9958	1	Stimulus/S  1	1	21999958	21999966	99	4	50	pips_40_500-8000.hdf5	both	none
2201.0625	1	Stimulus/S  1	1	22010625	22010633	99	5	30	pips_40_500-8000.hdf5	both	none
2202.1078	1	Stimulus/S  1	1	22021078	22021086	100	0	20	pips_40_500-8000.hdf5	both	none
2203.1745	1	Stimulus/S  1	1	22031745	22031753	100	1	40	pips_40_500-8000.hdf5	both	none
2204.2518	1	Stimulus/S  1	1	22042518	22042526	100	2	60	pips_40_500-8000.hdf5	both	none
2205.3185	1	Stimulus/S  1	1	22053185	22053193	100	3	70	pips_40_500-8000.hdf5	both	none
2206.3745	1	Stimulus/S  1	1	22063745	22063753	100	4	50	pips_40_500-8000.hdf5	both	none
2207.4412	1	Stimulus/S  1	1	22074412	22074420	100	5	30	pips_40_500-8000.hdf5	both	none
2208.5186	1	Stimulus/S  1	1	22085186	22085194	101	0	20	pips_40_500-8000.hdf5	both	none
2209.5639	1	Stimulus/S  1	1	22095639	22095647	101	1	40	pips_40_500-8000.hdf5	both	none
2210.6306	1	Stimulus/S  1	1	22106306	22106314	101	2	60	pips_40_500-8000.hdf5	both	none
2211.6972	1	Stimulus/S  1	1	22116972	22116980	101	3	70	pips_40_500-8000.hdf5	both	none
2212.7426	1	Stimulus/S  1	1	22127426	22127434	101	4	50	pips_40_500-8000.hdf5	both	none
2213.7986	1	Stimulus/S  1	1	22137986	22137994	101	5	30	pips_40_500-8000.hdf5	both	none
2214.8439	1	Stimulus/S  1	1	22148439	22148447	102	0	20	pips_40_500-8000.hdf5	both	none
2215.9	1	Stimulus/S  1	1	22159000	22159008	102	1	40	pips_40_500-8000.hdf5	both	none
2216.9453	1	Stimulus/S  1	1	22169453	22169461	102	2	60	pips_40_500-8000.hdf5	both	none
2218.0013	1	Stimulus/S  1	1	22180013	22180021	102	3	70	pips_40_500-8000.hdf5	both	none
2219.0467	1	Stimulus/S  1	1	22190467	22190475	102	4	50	pips_40_500-8000.hdf5	both	none
2220.092	1	Stimulus/S  1	1	22200920	22200928	102	5	30	pips_40_500-8000.hdf5	both	none
2221.1587	1	Stimulus/S  1	1	22211587	22211595	103	0	20	pips_40_500-8000.hdf5	both	none
2222.2147	1	Stimulus/S  1	1	22222147	22222155	103	1	40	pips_40_500-8000.hdf5	both	none
2223.2814	1	Stimulus/S  1	1	22232814	22232822	103	2	60	pips_40_500-8000.hdf5	both	none
2224.3267	1	Stimulus/S  1	1	22243267	22243275	103	3	70	pips_40_500-8000.hdf5	both	none
2225.3934	1	Stimulus/S  1	1	22253934	22253942	103	4	50	pips_40_500-8000.hdf5	both	none
2226.4601	1	Stimulus/S  1	1	22264601	22264609	103	5	30	pips_40_500-8000.hdf5	both	none
2227.5267	1	Stimulus/S  1	1	22275267	22275275	104	0	20	pips_40_500-8000.hdf5	both	none
2228.5934	1	Stimulus/S  1	1	22285934	22285942	104	1	40	pips_40_500-8000.hdf5	both	none
2229.6601	1	Stimulus/S  1	1	22296601	22296609	104	2	60	pips_40_500-8000.hdf5	both	none
2230.7268	1	Stimulus/S  1	1	22307268	22307276	104	3	70	pips_40_500-8000.hdf5	both	none
2231.7934	1	Stimulus/S  1	1	22317934	22317942	104	4	50	pips_40_500-8000.hdf5	both	none
2232.8601	1	Stimulus/S  1	1	22328601	22328609	104	5	30	pips_40_500-8000.hdf5	both	none
2233.9268	1	Stimulus/S  1	1	22339268	22339276	105	0	20	pips_40_500-8000.hdf5	both	none
2234.9828	1	Stimulus/S  1	1	22349828	22349836	105	1	40	pips_40_500-8000.hdf5	both	none
2236.0495	1	Stimulus/S  1	1	22360495	22360503	105	2	60	pips_40_500-8000.hdf5	both	none
2237.0948	1	Stimulus/S  1	1	22370948	22370956	105	3	70	pips_40_500-8000.hdf5	both	none
2238.1615	1	Stimulus/S  1	1	22381615	22381623	105	4	50	pips_40_500-8000.hdf5	both	none
2239.2175	1	Stimulus/S  1	1	22392175	22392183	105	5	30	pips_40_500-8000.hdf5	both	none
2240.2629	1	Stimulus/S  1	1	22402629	22402637	106	0	20	pips_40_500-8000.hdf5	both	none
2241.3082	1	Stimulus/S  1	1	22413082	22413090	106	1	40	pips_40_500-8000.hdf5	both	none
2242.3642	1	Stimulus/S  1	1	22423642	22423650	106	2	60	pips_40_500-8000.hdf5	both	none
2243.4096	1	Stimulus/S  1	1	22434096	22434104	106	3	70	pips_40_500-8000.hdf5	both	none
2244.4656	1	Stimulus/S  1	1	22444656	22444664	106	4	50	pips_40_500-8000.hdf5	both	none
2245.5109	1	Stimulus/S  1	1	22455109	22455117	106	5	30	pips_40_500-8000.hdf5	both	none
2246.5776	1	Stimulus/S  1	1	22465776	22465784	107	0	20	pips_40_500-8000.hdf5	both	none
2247.6336	1	Stimulus/S  1	1	22476336	22476344	107	1	40	pips_40_500-8000.hdf5	both	none
2248.6789	1	Stimulus/S  1	1	22486789	22486797	107	2	60	pips_40_500-8000.hdf5	both	none
2249.735	1	Stimulus/S  1	1	22497350	22497358	107	3	70	pips_40_500-8000.hdf5	both	none
2250.8016	1	Stimulus/S  1	1	22508016	22508024	107	4	50	pips_40_500-8000.hdf5	both	none
2251.847	1	Stimulus/S  1	1	22518470	22518478	107	5	30	pips_40_500-8000.hdf5	both	none
2252.9137	1	Stimulus/S  1	1	22529137	22529145	108	0	20	pips_40_500-8000.hdf5	both	none
2253.9803	1	Stimulus/S  1	1	22539803	22539811	108	1	40	pips_40_500-8000.hdf5	both	none
2255.0257	1	Stimulus/S  1	1	22550257	22550265	108	2	60	pips_40_500-8000.hdf5	both	none
2256.0924	1	Stimulus/S  1	1	22560924	22560932	108	3	70	pips_40_500-8000.hdf5	both	none
2257.1484	1	Stimulus/S  1	1	22571484	22571492	108	4	50	pips_40_500-8000.hdf5	both	none
2258.215	1	Stimulus/S  1	1	22582150	22582158	108	5	30	pips_40_500-8000.hdf5	both	none
2259.2817	1	Stimulus/S  1	1	22592817	22592825	109	0	20	pips_40_500-8000.hdf5	both	none
2260.3484	1	Stimulus/S  1	1	22603484	22603492	109	1	40	pips_40_500-8000.hdf5	both	none
2261.4151	1	Stimulus/S  1	1	22614151	22614159	109	2	60	pips_40_500-8000.hdf5	both	none
2262.4818	1	Stimulus/S  1	1	22624818	22624826	109	3	70	pips_40_500-8000.hdf5	both	none
2263.5484	1	Stimulus/S  1	1	22635484	22635492	109	4	50	pips_40_500-8000.hdf5	both	none
2264.5938	1	Stimulus/S  1	1	22645938	22645946	109	5	30	pips_40_500-8000.hdf5	both	none
2265.6498	1	Stimulus/S  1	1	22656498	22656506	110	0	20	pips_40_500-8000.hdf5	both	none
2266.6951	1	Stimulus/S  1	1	22666951	22666959	110	1	40	pips_40_500-8000.hdf5	both	none
2267.7618	1	Stimulus/S  1	1	22677618	22677626	110	2	60	pips_40_500-8000.hdf5	both	none
2268.8178	1	Stimulus/S  1	1	22688178	22688186	110	3	70	pips_40_500-8000.hdf5	both	none
2269.8845	1	Stimulus/S  1	1	22698845	22698853	110	4	50	pips_40_500-8000.hdf5	both	none
2270.9298	1	Stimulus/S  1	1	22709298	22709306	110	5	30	pips_40_500-8000.hdf5	both	none
2271.9858	1	Stimulus/S  1	1	22719858	22719866	111	0	20	pips_40_500-8000.hdf5	both	none
2273.0312	1	Stimulus/S  1	1	22730312	22730320	111	1	40	pips_40_500-8000.hdf5	both	none
2274.0765	1	Stimulus/S  1	1	22740765	22740773	111	2	60	pips_40_500-8000.hdf5	both	none
2275.1325	1	Stimulus/S  1	1	22751325	22751333	111	3	70	pips_40_500-8000.hdf5	both	none
2276.1779	1	Stimulus/S  1	1	22761779	22761787	111	4	50	pips_40_500-8000.hdf5	both	none
2277.2339	1	Stimulus/S  1	1	22772339	22772347	111	5	30	pips_40_500-8000.hdf5	both	none
2278.2792	1	Stimulus/S  1	1	22782792	22782800	112	0	20	pips_40_500-8000.hdf5	both	none
2279.3352	1	Stimulus/S  1	1	22793352	22793360	112	1	40	pips_40_500-8000.hdf5	both	none
2280.4019	1	Stimulus/S  1	1	22804019	22804027	112	2	60	pips_40_500-8000.hdf5	both	none
2281.4473	1	Stimulus/S  1	1	22814473	22814481	112	3	70	pips_40_500-8000.hdf5	both	none
2282.5139	1	Stimulus/S  1	1	22825139	22825147	112	4	50	pips_40_500-8000.hdf5	both	none
2283.5593	1	Stimulus/S  1	1	22835593	22835601	112	5	30	pips_40_500-8000.hdf5	both	none
2284.6366	1	Stimulus/S  1	1	22846366	22846374	113	0	20	pips_40_500-8000.hdf5	both	none
2285.6926	1	Stimulus/S  1	1	22856926	22856934	113	1	40	pips_40_500-8000.hdf5	both	none
2286.7593	1	Stimulus/S  1	1	22867593	22867601	113	2	60	pips_40_500-8000.hdf5	both	none
2287.8367	1	Stimulus/S  1	1	22878367	22878375	113	3	70	pips_40_500-8000.hdf5	both	none
2288.8927	1	Stimulus/S  1	1	22888927	22888935	113	4	50	pips_40_500-8000.hdf5	both	none
2289.9594	1	Stimulus/S  1	1	22899594	22899602	113	5	30	pips_40_500-8000.hdf5	both	none
2291.0367	1	Stimulus/S  1	1	22910367	22910375	114	0	20	pips_40_500-8000.hdf5	both	none
2292.0927	1	Stimulus/S  1	1	22920927	22920935	114	1	40	pips_40_500-8000.hdf5	both	none
2293.1487	1	Stimulus/S  1	1	22931487	22931495	114	2	60	pips_40_500-8000.hdf5	both	none
2294.1941	1	Stimulus/S  1	1	22941941	22941949	114	3	70	pips_40_500-8000.hdf5	both	none
2295.2501	1	Stimulus/S  1	1	22952501	22952509	114	4	50	pips_40_500-8000.hdf5	both	none
2296.2954	1	Stimulus/S  1	1	22962954	22962962	114	5	30	pips_40_500-8000.hdf5	both	none
2297.3514	1	Stimulus/S  1	1	22973514	22973522	115	0	20	pips_40_500-8000.hdf5	both	none
2298.3968	1	Stimulus/S  1	1	22983968	22983976	115	1	40	pips_40_500-8000.hdf5	both	none
2299.4528	1	Stimulus/S  1	1	22994528	22994536	115	2	60	pips_40_500-8000.hdf5	both	none
2300.5195	1	Stimulus/S  1	1	23005195	23005203	115	3	70	pips_40_500-8000.hdf5	both	none
2301.5648	1	Stimulus/S  1	1	23015648	23015656	115	4	50	pips_40_500-8000.hdf5	both	none
2302.6315	1	Stimulus/S  1	1	23026315	23026323	115	5	30	pips_40_500-8000.hdf5	both	none
2303.6768	1	Stimulus/S  1	1	23036768	23036776	116	0	20	pips_40_500-8000.hdf5	both	none
2304.7435	1	Stimulus/S  1	1	23047435	23047443	116	1	40	pips_40_500-8000.hdf5	both	none
2305.8102	1	Stimulus/S  1	1	23058102	23058110	116	2	60	pips_40_500-8000.hdf5	both	none
2306.8769	1	Stimulus/S  1	1	23068769	23068777	116	3	70	pips_40_500-8000.hdf5	both	none
2307.9435	1	Stimulus/S  1	1	23079435	23079443	116	4	50	pips_40_500-8000.hdf5	both	none
2309.0102	1	Stimulus/S  1	1	23090102	23090110	116	5	30	pips_40_500-8000.hdf5	both	none
2310.0769	1	Stimulus/S  1	1	23100769	23100777	117	0	20	pips_40_500-8000.hdf5	both	none
2311.1329	1	Stimulus/S  1	1	23111329	23111337	117	1	40	pips_40_500-8000.hdf5	both	none
2312.1996	1	Stimulus/S  1	1	23121996	23122004	117	2	60	pips_40_500-8000.hdf5	both	none
2313.2449	1	Stimulus/S  1	1	23132449	23132457	117	3	70	pips_40_500-8000.hdf5	both	none
2314.3116	1	Stimulus/S  1	1	23143116	23143124	117	4	50	pips_40_500-8000.hdf5	both	none
2315.3676	1	Stimulus/S  1	1	23153676	23153684	117	5	30	pips_40_500-8000.hdf5	both	none
2316.4129	1	Stimulus/S  1	1	23164129	23164137	118	0	20	pips_40_500-8000.hdf5	both	none
2317.469	1	Stimulus/S  1	1	23174690	23174698	118	1	40	pips_40_500-8000.hdf5	both	none
2318.5143	1	Stimulus/S  1	1	23185143	23185151	118	2	60	pips_40_500-8000.hdf5	both	none
2319.5703	1	Stimulus/S  1	1	23195703	23195711	118	3	70	pips_40_500-8000.hdf5	both	none
2320.637	1	Stimulus/S  1	1	23206370	23206378	118	4	50	pips_40_500-8000.hdf5	both	none
2321.6823	1	Stimulus/S  1	1	23216823	23216831	118	5	30	pips_40_500-8000.hdf5	both	none
2322.749	1	Stimulus/S  1	1	23227490	23227498	119	0	20	pips_40_500-8000.hdf5	both	none
2323.7944	1	Stimulus/S  1	1	23237944	23237952	119	1	40	pips_40_500-8000.hdf5	both	none
2324.861	1	Stimulus/S  1	1	23248610	23248618	119	2	60	pips_40_500-8000.hdf5	both	none
2325.9277	1	Stimulus/S  1	1	23259277	23259285	119	3	70	pips_40_500-8000.hdf5	both	none
2326.9944	1	Stimulus/S  1	1	23269944	23269952	119	4	50	pips_40_500-8000.hdf5	both	none
2328.0611	1	Stimulus/S  1	1	23280611	23280619	119	5	30	pips_40_500-8000.hdf5	both	none
2329.1277	1	Stimulus/S  1	1	23291277	23291285	0	0	20	pips_40_500-8000.hdf5	both	none
2330.1944	1	Stimulus/S  1	1	23301944	23301952	0	1	40	pips_40_500-8000.hdf5	both	none
2331.2504	1	Stimulus/S  1	1	23312504	23312512	0	2	60	pips_40_500-8000.hdf5	both	none
2332.3171	1	Stimulus/S  1	1	23323171	23323179	0	3	70	pips_40_500-8000.hdf5	both	none
2333.3624	1	Stimulus/S  1	1	23333624	23333632	0	4	50	pips_40_500-8000.hdf5	both	none
2334.4291	1	Stimulus/S  1	1	23344291	23344299	0	5	30	pips_40_500-8000.hdf5	both	none
2335.4851	1	Stimulus/S  1	1	23354851	23354859	1	0	20	pips_40_500-8000.hdf5	both	none
2336.5305	1	Stimulus/S  1	1	23365305	23365313	1	1	40	pips_40_500-8000.hdf5	both	none
2337.5865	1	Stimulus/S  1	1	23375865	23375873	1	2	60	pips_40_500-8000.hdf5	both	none
2338.6532	1	Stimulus/S  1	1	23386532	23386540	1	3	70	pips_40_500-8000.hdf5	both	none
2339.6985	1	Stimulus/S  1	1	23396985	23396993	1	4	50	pips_40_500-8000.hdf5	both	none
2340.7652	1	Stimulus/S  1	1	23407652	23407660	1	5	30	pips_40_500-8000.hdf5	both	none
2341.8105	1	Stimulus/S  1	1	23418105	23418113	2	0	20	pips_40_500-8000.hdf5	both	none
2342.8772	1	Stimulus/S  1	1	23428772	23428780	2	1	40	pips_40_500-8000.hdf5	both	none
2343.9439	1	Stimulus/S  1	1	23439439	23439447	2	2	60	pips_40_500-8000.hdf5	both	none
2345.0106	1	Stimulus/S  1	1	23450106	23450114	2	3	70	pips_40_500-8000.hdf5	both	none
2346.0772	1	Stimulus/S  1	1	23460772	23460780	2	4	50	pips_40_500-8000.hdf5	both	none
2347.1439	1	Stimulus/S  1	1	23471439	23471447	2	5	30	pips_40_500-8000.hdf5	both	none
2348.2106	1	Stimulus/S  1	1	23482106	23482114	3	0	20	pips_40_500-8000.hdf5	both	none
2349.2773	1	Stimulus/S  1	1	23492773	23492781	3	1	40	pips_40_500-8000.hdf5	both	none
2350.3439	1	Stimulus/S  1	1	23503439	23503447	3	2	60	pips_40_500-8000.hdf5	both	none
2351.4106	1	Stimulus/S  1	1	23514106	23514114	3	3	70	pips_40_500-8000.hdf5	both	none
2352.4773	1	Stimulus/S  1	1	23524773	23524781	3	4	50	pips_40_500-8000.hdf5	both	none
2353.544	1	Stimulus/S  1	1	23535440	23535448	3	5	30	pips_40_500-8000.hdf5	both	none
2354.6107	1	Stimulus/S  1	1	23546107	23546115	4	0	20	pips_40_500-8000.hdf5	both	none
2355.6773	1	Stimulus/S  1	1	23556773	23556781	4	1	40	pips_40_500-8000.hdf5	both	none
2356.744	1	Stimulus/S  1	1	23567440	23567448	4	2	60	pips_40_500-8000.hdf5	both	none
2357.8107	1	Stimulus/S  1	1	23578107	23578115	4	3	70	pips_40_500-8000.hdf5	both	none
2358.8667	1	Stimulus/S  1	1	23588667	23588675	4	4	50	pips_40_500-8000.hdf5	both	none
2359.9334	1	Stimulus/S  1	1	23599334	23599342	4	5	30	pips_40_500-8000.hdf5	both	none
2360.9787	1	Stimulus/S  1	1	23609787	23609795	5	0	20	pips_40_500-8000.hdf5	both	none
2362.0454	1	Stimulus/S  1	1	23620454	23620462	5	1	40	pips_40_500-8000.hdf5	both	none
2363.1014	1	Stimulus/S  1	1	23631014	23631022	5	2	60	pips_40_500-8000.hdf5	both	none
2364.1468	1	Stimulus/S  1	1	23641468	23641476	5	3	70	pips_40_500-8000.hdf5	both	none
2365.2028	1	Stimulus/S  1	1	23652028	23652036	5	4	50	pips_40_500-8000.hdf5	both	none
2366.2481	1	Stimulus/S  1	1	23662481	23662489	5	5	30	pips_40_500-8000.hdf5	both	none
2367.3041	1	Stimulus/S  1	1	23673041	23673049	6	0	20	pips_40_500-8000.hdf5	both	none
2368.3495	1	Stimulus/S  1	1	23683495	23683503	6	1	40	pips_40_500-8000.hdf5	both	none
2369.3948	1	Stimulus/S  1	1	23693948	23693956	6	2	60	pips_40_500-8000.hdf5	both	none
2370.4615	1	Stimulus/S  1	1	23704615	23704623	6	3	70	pips_40_500-8000.hdf5	both	none
2371.5175	1	Stimulus/S  1	1	23715175	23715183	6	4	50	pips_40_500-8000.hdf5	both	none
2372.5842	1	Stimulus/S  1	1	23725842	23725850	6	5	30	pips_40_500-8000.hdf5	both	none
2373.6295	1	Stimulus/S  1	1	23736295	23736303	7	0	20	pips_40_500-8000.hdf5	both	none
2374.6962	1	Stimulus/S  1	1	23746962	23746970	7	1	40	pips_40_500-8000.hdf5	both	none
2375.7629	1	Stimulus/S  1	1	23757629	23757637	7	2	60	pips_40_500-8000.hdf5	both	none
2376.8189	1	Stimulus/S  1	1	23768189	23768197	7	3	70	pips_40_500-8000.hdf5	both	none
2377.8856	1	Stimulus/S  1	1	23778856	23778864	7	4	50	pips_40_500-8000.hdf5	both	none
2378.9309	1	Stimulus/S  1	1	23789309	23789317	7	5	30	pips_40_500-8000.hdf5	both	none
2379.9976	1	Stimulus/S  1	1	23799976	23799984	8	0	20	pips_40_500-8000.hdf5	both	none
2381.0643	1	Stimulus/S  1	1	23810643	23810651	8	1	40	pips_40_500-8000.hdf5	both	none
2382.1309	1	Stimulus/S  1	1	23821309	23821317	8	2	60	pips_40_500-8000.hdf5	both	none
2383.1976	1	Stimulus/S  1	1	23831976	23831984	8	3	70	pips_40_500-8000.hdf5	both	none
2384.2643	1	Stimulus/S  1	1	23842643	23842651	8	4	50	pips_40_500-8000.hdf5	both	none
2385.331	1	Stimulus/S  1	1	23853310	23853318	8	5	30	pips_40_500-8000.hdf5	both	none
2386.3976	1	Stimulus/S  1	1	23863976	23863984	9	0	20	pips_40_500-8000.hdf5	both	none
2387.4643	1	Stimulus/S  1	1	23874643	23874651	9	1	40	pips_40_500-8000.hdf5	both	none
2388.531	1	Stimulus/S  1	1	23885310	23885318	9	2	60	pips_40_500-8000.hdf5	both	none
2389.587	1	Stimulus/S  1	1	23895870	23895878	9	3	70	pips_40_500-8000.hdf5	both	none
2390.6323	1	Stimulus/S  1	1	23906323	23906331	9	4	50	pips_40_500-8000.hdf5	both	none
2391.6777	1	Stimulus/S  1	1	23916777	23916785	9	5	30	pips_40_500-8000.hdf5	both	none
2392.7337	1	Stimulus/S  1	1	23927337	23927345	10	0	20	pips_40_500-8000.hdf5	both	none
2393.779	1	Stimulus/S  1	1	23937790	23937798	10	1	40	pips_40_500-8000.hdf5	both	none
2394.8351	1	Stimulus/S  1	1	23948351	23948359	10	2	60	pips_40_500-8000.hdf5	both	none
2395.8804	1	Stimulus/S  1	1	23958804	23958812	10	3	70	pips_40_500-8000.hdf5	both	none
2396.9364	1	Stimulus/S  1	1	23969364	23969372	10	4	50	pips_40_500-8000.hdf5	both	none
2398.0031	1	Stimulus/S  1	1	23980031	23980039	10	5	30	pips_40_500-8000.hdf5	both	none
2399.0698	1	Stimulus/S  1	1	23990698	23990706	11	0	20	pips_40_500-8000.hdf5	both	none
2400.1151	1	Stimulus/S  1	1	24001151	24001159	11	1	40	pips_40_500-8000.hdf5	both	none
2401.1818	1	Stimulus/S  1	1	24011818	24011826	11	2	60	pips_40_500-8000.hdf5	both	none
2402.2485	1	Stimulus/S  1	1	24022485	24022493	11	3	70	pips_40_500-8000.hdf5	both	none
2403.3151	1	Stimulus/S  1	1	24033151	24033159	11	4	50	pips_40_500-8000.hdf5	both	none
2404.3818	1	Stimulus/S  1	1	24043818	24043826	11	5	30	pips_40_500-8000.hdf5	both	none
2405.4485	1	Stimulus/S  1	1	24054485	24054493	12	0	20	pips_40_500-8000.hdf5	both	none
2406.5152	1	Stimulus/S  1	1	24065152	24065160	12	1	40	pips_40_500-8000.hdf5	both	none
2407.5818	1	Stimulus/S  1	1	24075818	24075826	12	2	60	pips_40_500-8000.hdf5	both	none
2408.6485	1	Stimulus/S  1	1	24086485	24086493	12	3	70	pips_40_500-8000.hdf5	both	none
2409.7152	1	Stimulus/S  1	1	24097152	24097160	12	4	50	pips_40_500-8000.hdf5	both	none
2410.7712	1	Stimulus/S  1	1	24107712	24107720	12	5	30	pips_40_500-8000.hdf5	both	none
2411.8379	1	Stimulus/S  1	1	24118379	24118387	13	0	20	pips_40_500-8000.hdf5	both	none
2412.8832	1	Stimulus/S  1	1	24128832	24128840	13	1	40	pips_40_500-8000.hdf5	both	none
2413.9499	1	Stimulus/S  1	1	24139499	24139507	13	2	60	pips_40_500-8000.hdf5	both	none
2414.9953	1	Stimulus/S  1	1	24149953	24149961	13	3	70	pips_40_500-8000.hdf5	both	none
2416.0513	1	Stimulus/S  1	1	24160513	24160521	13	4	50	pips_40_500-8000.hdf5	both	none
2417.0966	1	Stimulus/S  1	1	24170966	24170974	13	5	30	pips_40_500-8000.hdf5	both	none
2418.1526	1	Stimulus/S  1	1	24181526	24181534	14	0	20	pips_40_500-8000.hdf5	both	none
2419.198	1	Stimulus/S  1	1	24191980	24191988	14	1	40	pips_40_500-8000.hdf5	both	none
2420.254	1	Stimulus/S  1	1	24202540	24202548	14	2	60	pips_40_500-8000.hdf5	both	none
2421.2993	1	Stimulus/S  1	1	24212993	24213001	14	3	70	pips_40_500-8000.hdf5	both	none
2422.3447	1	Stimulus/S  1	1	24223447	24223455	14	4	50	pips_40_500-8000.hdf5	both	none
2423.4007	1	Stimulus/S  1	1	24234007	24234015	14	5	30	pips_40_500-8000.hdf5	both	none
2424.4673	1	Stimulus/S  1	1	24244673	24244681	15	0	20	pips_40_500-8000.hdf5	both	none
2425.5127	1	Stimulus/S  1	1	24255127	24255135	15	1	40	pips_40_500-8000.hdf5	both	none
2426.5794	1	Stimulus/S  1	1	24265794	24265802	15	2	60	pips_40_500-8000.hdf5	both	none
2427.6354	1	Stimulus/S  1	1	24276354	24276362	15	3	70	pips_40_500-8000.hdf5	both	none
2428.7021	1	Stimulus/S  1	1	24287021	24287029	15	4	50	pips_40_500-8000.hdf5	both	none
2429.7687	1	Stimulus/S  1	1	24297687	24297695	15	5	30	pips_40_500-8000.hdf5	both	none
2430.8141	1	Stimulus/S  1	1	24308141	24308149	16	0	20	pips_40_500-8000.hdf5	both	none
2431.8808	1	Stimulus/S  1	1	24318808	24318816	16	1	40	pips_40_500-8000.hdf5	both	none
2432.9368	1	Stimulus/S  1	1	24329368	24329376	16	2	60	pips_40_500-8000.hdf5	both	none
2434.0034	1	Stimulus/S  1	1	24340034	24340042	16	3	70	pips_40_500-8000.hdf5	both	none
2435.0701	1	Stimulus/S  1	1	24350701	24350709	16	4	50	pips_40_500-8000.hdf5	both	none
2436.1368	1	Stimulus/S  1	1	24361368	24361376	16	5	30	pips_40_500-8000.hdf5	both	none
2437.2035	1	Stimulus/S  1	1	24372035	24372043	17	0	20	pips_40_500-8000.hdf5	both	none
2438.2701	1	Stimulus/S  1	1	24382701	24382709	17	1	40	pips_40_500-8000.hdf5	both	none
2439.3368	1	Stimulus/S  1	1	24393368	24393376	17	2	60	pips_40_500-8000.hdf5	both	none
2440.4035	1	Stimulus/S  1	1	24404035	24404043	17	3	70	pips_40_500-8000.hdf5	both	none
2441.4702	1	Stimulus/S  1	1	24414702	24414710	17	4	50	pips_40_500-8000.hdf5	both	none
2442.5369	1	Stimulus/S  1	1	24425369	24425377	17	5	30	pips_40_500-8000.hdf5	both	none
2443.5822	1	Stimulus/S  1	1	24435822	24435830	18	0	20	pips_40_500-8000.hdf5	both	none
2444.6489	1	Stimulus/S  1	1	24446489	24446497	18	1	40	pips_40_500-8000.hdf5	both	none
2445.7049	1	Stimulus/S  1	1	24457049	24457057	18	2	60	pips_40_500-8000.hdf5	both	none
2446.7716	1	Stimulus/S  1	1	24467716	24467724	18	3	70	pips_40_500-8000.hdf5	both	none
2447.8169	1	Stimulus/S  1	1	24478169	24478177	18	4	50	pips_40_500-8000.hdf5	both	none
2448.8623	1	Stimulus/S  1	1	24488623	24488631	18	5	30	pips_40_500-8000.hdf5	both	none
2449.9183	1	Stimulus/S  1	1	24499183	24499191	19	0	20	pips_40_500-8000.hdf5	both	none
2450.9636	1	Stimulus/S  1	1	24509636	24509644	19	1	40	pips_40_500-8000.hdf5	both	none
2452.0196	1	Stimulus/S  1	1	24520196	24520204	19	2	60	pips_40_500-8000.hdf5	both	none
2453.065	1	Stimulus/S  1	1	24530650	24530658	19	3	70	pips_40_500-8000.hdf5	both	none
2454.121	1	Stimulus/S  1	1	24541210	24541218	19	4	50	pips_40_500-8000.hdf5	both	none
2455.1876	1	Stimulus/S  1	1	24551876	24551884	19	5	30	pips_40_500-8000.hdf5	both	none
2456.233	1	Stimulus/S  1	1	24562330	24562338	20	0	20	pips_40_500-8000.hdf5	both	none
2457.2997	1	Stimulus/S  1	1	24572997	24573005	20	1	40	pips_40_500-8000.hdf5	both	none
2458.3557	1	Stimulus/S  1	1	24583557	24583565	20	2	60	pips_40_500-8000.hdf5	both	none
2459.4224	1	Stimulus/S  1	1	24594224	24594232	20	3	70	pips_40_500-8000.hdf5	both	none
2460.489	1	Stimulus/S  1	1	24604890	24604898	20	4	50	pips_40_500-8000.hdf5	both	none
2461.5344	1	Stimulus/S  1	1	24615344	24615352	20	5	30	pips_40_500-8000.hdf5	both	none
2462.6011	1	Stimulus/S  1	1	24626011	24626019	21	0	20	pips_40_500-8000.hdf5	both	none
2463.6464	1	Stimulus/S  1	1	24636464	24636472	21	1	40	pips_40_500-8000.hdf5	both	none
2464.7131	1	Stimulus/S  1	1	24647131	24647139	21	2	60	pips_40_500-8000.hdf5	both	none
2465.7798	1	Stimulus/S  1	1	24657798	24657806	21	3	70	pips_40_500-8000.hdf5	both	none
2466.8464	1	Stimulus/S  1	1	24668464	24668472	21	4	50	pips_40_500-8000.hdf5	both	none
2467.9131	1	Stimulus/S  1	1	24679131	24679139	21	5	30	pips_40_500-8000.hdf5	both	none
2468.9798	1	Stimulus/S  1	1	24689798	24689806	22	0	20	pips_40_500-8000.hdf5	both	none
2470.0465	1	Stimulus/S  1	1	24700465	24700473	22	1	40	pips_40_500-8000.hdf5	both	none
2471.1131	1	Stimulus/S  1	1	24711131	24711139	22	2	60	pips_40_500-8000.hdf5	both	none
2472.1798	1	Stimulus/S  1	1	24721798	24721806	22	3	70	pips_40_500-8000.hdf5	both	none
2473.2465	1	Stimulus/S  1	1	24732465	24732473	22	4	50	pips_40_500-8000.hdf5	both	none
2474.3132	1	Stimulus/S  1	1	24743132	24743140	22	5	30	pips_40_500-8000.hdf5	both	none
2475.3798	1	Stimulus/S  1	1	24753798	24753806	23	0	20	pips_40_500-8000.hdf5	both	none
2476.4465	1	Stimulus/S  1	1	24764465	24764473	23	1	40	pips_40_500-8000.hdf5	both	none
2477.5132	1	Stimulus/S  1	1	24775132	24775140	23	2	60	pips_40_500-8000.hdf5	both	none
2478.5799	1	Stimulus/S  1	1	24785799	24785807	23	3	70	pips_40_500-8000.hdf5	both	none
2479.6466	1	Stimulus/S  1	1	24796466	24796474	23	4	50	pips_40_500-8000.hdf5	both	none
2480.7132	1	Stimulus/S  1	1	24807132	24807140	23	5	30	pips_40_500-8000.hdf5	both	none
2481.7799	1	Stimulus/S  1	1	24817799	24817807	24	0	20	pips_40_500-8000.hdf5	both	none
2482.8466	1	Stimulus/S  1	1	24828466	24828474	24	1	40	pips_40_500-8000.hdf5	both	none
2483.9133	1	Stimulus/S  1	1	24839133	24839141	24	2	60	pips_40_500-8000.hdf5	both	none
2484.9799	1	Stimulus/S  1	1	24849799	24849807	24	3	70	pips_40_500-8000.hdf5	both	none
2486.0466	1	Stimulus/S  1	1	24860466	24860474	24	4	50	pips_40_500-8000.hdf5	both	none
2487.1133	1	Stimulus/S  1	1	24871133	24871141	24	5	30	pips_40_500-8000.hdf5	both	none
2488.18	1	Stimulus/S  1	1	24881800	24881808	25	0	20	pips_40_500-8000.hdf5	both	none
2489.2466	1	Stimulus/S  1	1	24892466	24892474	25	1	40	pips_40_500-8000.hdf5	both	none
2490.3133	1	Stimulus/S  1	1	24903133	24903141	25	2	60	pips_40_500-8000.hdf5	both	none
2491.38	1	Stimulus/S  1	1	24913800	24913808	25	3	70	pips_40_500-8000.hdf5	both	none
2492.4467	1	Stimulus/S  1	1	24924467	24924475	25	4	50	pips_40_500-8000.hdf5	both	none
2493.5134	1	Stimulus/S  1	1	24935134	24935142	25	5	30	pips_40_500-8000.hdf5	both	none
2494.58	1	Stimulus/S  1	1	24945800	24945808	26	0	20	pips_40_500-8000.hdf5	both	none
2495.6467	1	Stimulus/S  1	1	24956467	24956475	26	1	40	pips_40_500-8000.hdf5	both	none
2496.7134	1	Stimulus/S  1	1	24967134	24967142	26	2	60	pips_40_500-8000.hdf5	both	none
2497.7801	1	Stimulus/S  1	1	24977801	24977809	26	3	70	pips_40_500-8000.hdf5	both	none
2498.8467	1	Stimulus/S  1	1	24988467	24988475	26	4	50	pips_40_500-8000.hdf5	both	none
2499.9028	1	Stimulus/S  1	1	24999028	24999036	26	5	30	pips_40_500-8000.hdf5	both	none
2500.9694	1	Stimulus/S  1	1	25009694	25009702	27	0	20	pips_40_500-8000.hdf5	both	none
2502.0361	1	Stimulus/S  1	1	25020361	25020369	27	1	40	pips_40_500-8000.hdf5	both	none
2503.0815	1	Stimulus/S  1	1	25030815	25030823	27	2	60	pips_40_500-8000.hdf5	both	none
2504.1481	1	Stimulus/S  1	1	25041481	25041489	27	3	70	pips_40_500-8000.hdf5	both	none
2505.2041	1	Stimulus/S  1	1	25052041	25052049	27	4	50	pips_40_500-8000.hdf5	both	none
2506.2708	1	Stimulus/S  1	1	25062708	25062716	27	5	30	pips_40_500-8000.hdf5	both	none
2507.3375	1	Stimulus/S  1	1	25073375	25073383	28	0	20	pips_40_500-8000.hdf5	both	none
2508.3828	1	Stimulus/S  1	1	25083828	25083836	28	1	40	pips_40_500-8000.hdf5	both	none
2509.4388	1	Stimulus/S  1	1	25094388	25094396	28	2	60	pips_40_500-8000.hdf5	both	none
2510.4842	1	Stimulus/S  1	1	25104842	25104850	28	3	70	pips_40_500-8000.hdf5	both	none
2511.5295	1	Stimulus/S  1	1	25115295	25115303	28	4	50	pips_40_500-8000.hdf5	both	none
2512.5855	1	Stimulus/S  1	1	25125855	25125863	28	5	30	pips_40_500-8000.hdf5	both	none
2513.6309	1	Stimulus/S  1	1	25136309	25136317	29	0	20	pips_40_500-8000.hdf5	both	none
2514.6869	1	Stimulus/S  1	1	25146869	25146877	29	1	40	pips_40_500-8000.hdf5	both	none
2515.7322	1	Stimulus/S  1	1	25157322	25157330	29	2	60	pips_40_500-8000.hdf5	both	none
2516.7989	1	Stimulus/S  1	1	25167989	25167997	29	3	70	pips_40_500-8000.hdf5	both	none
2517.8549	1	Stimulus/S  1	1	25178549	25178557	29	4	50	pips_40_500-8000.hdf5	both	none
2518.9003	1	Stimulus/S  1	1	25189003	25189011	29	5	30	pips_40_500-8000.hdf5	both	none
2519.9563	1	Stimulus/S  1	1	25199563	25199571	30	0	20	pips_40_500-8000.hdf5	both	none
2521.0016	1	Stimulus/S  1	1	25210016	25210024	30	1	40	pips_40_500-8000.hdf5	both	none
2522.047	1	Stimulus/S  1	1	25220470	25220478	30	2	60	pips_40_500-8000.hdf5	both	none
2523.1136	1	Stimulus/S  1	1	25231136	25231144	30	3	70	pips_40_500-8000.hdf5	both	none
2524.1697	1	Stimulus/S  1	1	25241697	25241705	30	4	50	pips_40_500-8000.hdf5	both	none
2525.2363	1	Stimulus/S  1	1	25252363	25252371	30	5	30	pips_40_500-8000.hdf5	both	none
2526.303	1	Stimulus/S  1	1	25263030	25263038	31	0	20	pips_40_500-8000.hdf5	both	none
2527.3697	1	Stimulus/S  1	1	25273697	25273705	31	1	40	pips_40_500-8000.hdf5	both	none
2528.4364	1	Stimulus/S  1	1	25284364	25284372	31	2	60	pips_40_500-8000.hdf5	both	none
2529.503	1	Stimulus/S  1	1	25295030	25295038	31	3	70	pips_40_500-8000.hdf5	both	none
2530.5697	1	Stimulus/S  1	1	25305697	25305705	31	4	50	pips_40_500-8000.hdf5	both	none
2531.6151	1	Stimulus/S  1	1	25316151	25316159	31	5	30	pips_40_500-8000.hdf5	both	none
2532.6817	1	Stimulus/S  1	1	25326817	25326825	32	0	20	pips_40_500-8000.hdf5	both	none
2533.7378	1	Stimulus/S  1	1	25337378	25337386	32	1	40	pips_40_500-8000.hdf5	both	none
2534.8044	1	Stimulus/S  1	1	25348044	25348052	32	2	60	pips_40_500-8000.hdf5	both	none
2535.8498	1	Stimulus/S  1	1	25358498	25358506	32	3	70	pips_40_500-8000.hdf5	both	none
2536.9058	1	Stimulus/S  1	1	25369058	25369066	32	4	50	pips_40_500-8000.hdf5	both	none
2537.9511	1	Stimulus/S  1	1	25379511	25379519	32	5	30	pips_40_500-8000.hdf5	both	none
2539.0071	1	Stimulus/S  1	1	25390071	25390079	33	0	20	pips_40_500-8000.hdf5	both	none
2540.0525	1	Stimulus/S  1	1	25400525	25400533	33	1	40	pips_40_500-8000.hdf5	both	none
2541.0978	1	Stimulus/S  1	1	25410978	25410986	33	2	60	pips_40_500-8000.hdf5	both	none
2542.1538	1	Stimulus/S  1	1	25421538	25421546	33	3	70	pips_40_500-8000.hdf5	both	none
2543.1992	1	Stimulus/S  1	1	25431992	25432000	33	4	50	pips_40_500-8000.hdf5	both	none
2544.2552	1	Stimulus/S  1	1	25442552	25442560	33	5	30	pips_40_500-8000.hdf5	both	none
2545.3005	1	Stimulus/S  1	1	25453005	25453013	34	0	20	pips_40_500-8000.hdf5	both	none
2546.3565	1	Stimulus/S  1	1	25463565	25463573	34	1	40	pips_40_500-8000.hdf5	both	none
2547.4019	1	Stimulus/S  1	1	25474019	25474027	34	2	60	pips_40_500-8000.hdf5	both	none
2548.4472	1	Stimulus/S  1	1	25484472	25484480	34	3	70	pips_40_500-8000.hdf5	both	none
2549.5032	1	Stimulus/S  1	1	25495032	25495040	34	4	50	pips_40_500-8000.hdf5	both	none
2550.5486	1	Stimulus/S  1	1	25505486	25505494	34	5	30	pips_40_500-8000.hdf5	both	none
2551.6046	1	Stimulus/S  1	1	25516046	25516054	35	0	20	pips_40_500-8000.hdf5	both	none
2552.6499	1	Stimulus/S  1	1	25526499	25526507	35	1	40	pips_40_500-8000.hdf5	both	none
2553.7059	1	Stimulus/S  1	1	25537059	25537067	35	2	60	pips_40_500-8000.hdf5	both	none
2554.7513	1	Stimulus/S  1	1	25547513	25547521	35	3	70	pips_40_500-8000.hdf5	both	none
2555.8073	1	Stimulus/S  1	1	25558073	25558081	35	4	50	pips_40_500-8000.hdf5	both	none
2556.8526	1	Stimulus/S  1	1	25568526	25568534	35	5	30	pips_40_500-8000.hdf5	both	none
2557.9193	1	Stimulus/S  1	1	25579193	25579201	36	0	20	pips_40_500-8000.hdf5	both	none
2558.9647	1	Stimulus/S  1	1	25589647	25589655	36	1	40	pips_40_500-8000.hdf5	both	none
2560.0207	1	Stimulus/S  1	1	25600207	25600215	36	2	60	pips_40_500-8000.hdf5	both	none
2561.066	1	Stimulus/S  1	1	25610660	25610668	36	3	70	pips_40_500-8000.hdf5	both	none
2562.1327	1	Stimulus/S  1	1	25621327	25621335	36	4	50	pips_40_500-8000.hdf5	both	none
2563.1887	1	Stimulus/S  1	1	25631887	25631895	36	5	30	pips_40_500-8000.hdf5	both	none
2564.2554	1	Stimulus/S  1	1	25642554	25642562	37	0	20	pips_40_500-8000.hdf5	both	none
2565.3221	1	Stimulus/S  1	1	25653221	25653229	37	1	40	pips_40_500-8000.hdf5	both	none
2566.3674	1	Stimulus/S  1	1	25663674	25663682	37	2	60	pips_40_500-8000.hdf5	both	none
2567.4341	1	Stimulus/S  1	1	25674341	25674349	37	3	70	pips_40_500-8000.hdf5	both	none
2568.4901	1	Stimulus/S  1	1	25684901	25684909	37	4	50	pips_40_500-8000.hdf5	both	none
2569.5568	1	Stimulus/S  1	1	25695568	25695576	37	5	30	pips_40_500-8000.hdf5	both	none
2570.6234	1	Stimulus/S  1	1	25706234	25706242	38	0	20	pips_40_500-8000.hdf5	both	none
2571.6901	1	Stimulus/S  1	1	25716901	25716909	38	1	40	pips_40_500-8000.hdf5	both	none
2572.7568	1	Stimulus/S  1	1	25727568	25727576	38	2	60	pips_40_500-8000.hdf5	both	none
2573.8235	1	Stimulus/S  1	1	25738235	25738243	38	3	70	pips_40_500-8000.hdf5	both	none
2574.8902	1	Stimulus/S  1	1	25748902	25748910	38	4	50	pips_40_500-8000.hdf5	both	none
2575.9568	1	Stimulus/S  1	1	25759568	25759576	38	5	30	pips_40_500-8000.hdf5	both	none
2577.0235	1	Stimulus/S  1	1	25770235	25770243	39	0	20	pips_40_500-8000.hdf5	both	none
2578.0902	1	Stimulus/S  1	1	25780902	25780910	39	1	40	pips_40_500-8000.hdf5	both	none
2579.1569	1	Stimulus/S  1	1	25791569	25791577	39	2	60	pips_40_500-8000.hdf5	both	none
2580.2235	1	Stimulus/S  1	1	25802235	25802243	39	3	70	pips_40_500-8000.hdf5	both	none
2581.2902	1	Stimulus/S  1	1	25812902	25812910	39	4	50	pips_40_500-8000.hdf5	both	none
2582.3569	1	Stimulus/S  1	1	25823569	25823577	39	5	30	pips_40_500-8000.hdf5	both	none
2583.4236	1	Stimulus/S  1	1	25834236	25834244	40	0	20	pips_40_500-8000.hdf5	both	none
2584.4903	1	Stimulus/S  1	1	25844903	25844911	40	1	40	pips_40_500-8000.hdf5	both	none
2585.5356	1	Stimulus/S  1	1	25855356	25855364	40	2	60	pips_40_500-8000.hdf5	both	none
2586.6023	1	Stimulus/S  1	1	25866023	25866031	40	3	70	pips_40_500-8000.hdf5	both	none
2587.6476	1	Stimulus/S  1	1	25876476	25876484	40	4	50	pips_40_500-8000.hdf5	both	none
2588.7143	1	Stimulus/S  1	1	25887143	25887151	40	5	30	pips_40_500-8000.hdf5	both	none
2589.7703	1	Stimulus/S  1	1	25897703	25897711	41	0	20	pips_40_500-8000.hdf5	both	none
2590.8156	1	Stimulus/S  1	1	25908156	25908164	41	1	40	pips_40_500-8000.hdf5	both	none
2591.8717	1	Stimulus/S  1	1	25918717	25918725	41	2	60	pips_40_500-8000.hdf5	both	none
2592.917	1	Stimulus/S  1	1	25929170	25929178	41	3	70	pips_40_500-8000.hdf5	both	none
2593.973	1	Stimulus/S  1	1	25939730	25939738	41	4	50	pips_40_500-8000.hdf5	both	none
2595.0184	1	Stimulus/S  1	1	25950184	25950192	41	5	30	pips_40_500-8000.hdf5	both	none
2596.0744	1	Stimulus/S  1	1	25960744	25960752	42	0	20	pips_40_500-8000.hdf5	both	none
2597.1197	1	Stimulus/S  1	1	25971197	25971205	42	1	40	pips_40_500-8000.hdf5	both	none
2598.1651	1	Stimulus/S  1	1	25981651	25981659	42	2	60	pips_40_500-8000.hdf5	both	none
2599.2211	1	Stimulus/S  1	1	25992211	25992219	42	3	70	pips_40_500-8000.hdf5	both	none
2600.2664	1	Stimulus/S  1	1	26002664	26002672	42	4	50	pips_40_500-8000.hdf5	both	none
2601.3224	1	Stimulus/S  1	1	26013224	26013232	42	5	30	pips_40_500-8000.hdf5	both	none
2602.3678	1	Stimulus/S  1	1	26023678	26023686	43	0	20	pips_40_500-8000.hdf5	both	none
2603.4344	1	Stimulus/S  1	1	26034344	26034352	43	1	40	pips_40_500-8000.hdf5	both	none
2604.4904	1	Stimulus/S  1	1	26044904	26044912	43	2	60	pips_40_500-8000.hdf5	both	none
2605.5571	1	Stimulus/S  1	1	26055571	26055579	43	3	70	pips_40_500-8000.hdf5	both	none
2606.6025	1	Stimulus/S  1	1	26066025	26066033	43	4	50	pips_40_500-8000.hdf5	both	none
2607.6691	1	Stimulus/S  1	1	26076691	26076699	43	5	30	pips_40_500-8000.hdf5	both	none
2608.7358	1	Stimulus/S  1	1	26087358	26087366	44	0	20	pips_40_500-8000.hdf5	both	none
2609.7918	1	Stimulus/S  1	1	26097918	26097926	44	1	40	pips_40_500-8000.hdf5	both	none
2610.8585	1	Stimulus/S  1	1	26108585	26108593	44	2	60	pips_40_500-8000.hdf5	both	none
2611.9252	1	Stimulus/S  1	1	26119252	26119260	44	3	70	pips_40_500-8000.hdf5	both	none
2612.9919	1	Stimulus/S  1	1	26129919	26129927	44	4	50	pips_40_500-8000.hdf5	both	none
2614.0585	1	Stimulus/S  1	1	26140585	26140593	44	5	30	pips_40_500-8000.hdf5	both	none
2615.1252	1	Stimulus/S  1	1	26151252	26151260	45	0	20	pips_40_500-8000.hdf5	both	none
2616.1919	1	Stimulus/S  1	1	26161919	26161927	45	1	40	pips_40_500-8000.hdf5	both	none
2617.2372	1	Stimulus/S  1	1	26172372	26172380	45	2	60	pips_40_500-8000.hdf5	both	none
2618.3039	1	Stimulus/S  1	1	26183039	26183047	45	3	70	pips_40_500-8000.hdf5	both	none
2619.3493	1	Stimulus/S  1	1	26193493	26193501	45	4	50	pips_40_500-8000.hdf5	both	none
2620.4159	1	Stimulus/S  1	1	26204159	26204167	45	5	30	pips_40_500-8000.hdf5	both	none
2621.4719	1	Stimulus/S  1	1	26214719	26214727	46	0	20	pips_40_500-8000.hdf5	both	none
2622.5386	1	Stimulus/S  1	1	26225386	26225394	46	1	40	pips_40_500-8000.hdf5	both	none
2623.584	1	Stimulus/S  1	1	26235840	26235848	46	2	60	pips_40_500-8000.hdf5	both	none
2624.64	1	Stimulus/S  1	1	26246400	26246408	46	3	70	pips_40_500-8000.hdf5	both	none
2625.6853	1	Stimulus/S  1	1	26256853	26256861	46	4	50	pips_40_500-8000.hdf5	both	none
2626.7413	1	Stimulus/S  1	1	26267413	26267421	46	5	30	pips_40_500-8000.hdf5	both	none
2627.7867	1	Stimulus/S  1	1	26277867	26277875	47	0	20	pips_40_500-8000.hdf5	both	none
2628.832	1	Stimulus/S  1	1	26288320	26288328	47	1	40	pips_40_500-8000.hdf5	both	none
2629.888	1	Stimulus/S  1	1	26298880	26298888	47	2	60	pips_40_500-8000.hdf5	both	none
2630.9547	1	Stimulus/S  1	1	26309547	26309555	47	3	70	pips_40_500-8000.hdf5	both	none
2632.0001	1	Stimulus/S  1	1	26320001	26320009	47	4	50	pips_40_500-8000.hdf5	both	none
2633.0667	1	Stimulus/S  1	1	26330667	26330675	47	5	30	pips_40_500-8000.hdf5	both	none
2634.1227	1	Stimulus/S  1	1	26341227	26341235	48	0	20	pips_40_500-8000.hdf5	both	none
2635.1681	1	Stimulus/S  1	1	26351681	26351689	48	1	40	pips_40_500-8000.hdf5	both	none
2636.2241	1	Stimulus/S  1	1	26362241	26362249	48	2	60	pips_40_500-8000.hdf5	both	none
2637.2694	1	Stimulus/S  1	1	26372694	26372702	48	3	70	pips_40_500-8000.hdf5	both	none
2638.3254	1	Stimulus/S  1	1	26383254	26383262	48	4	50	pips_40_500-8000.hdf5	both	none
2639.3708	1	Stimulus/S  1	1	26393708	26393716	48	5	30	pips_40_500-8000.hdf5	both	none
2640.4161	1	Stimulus/S  1	1	26404161	26404169	49	0	20	pips_40_500-8000.hdf5	both	none
2641.4828	1	Stimulus/S  1	1	26414828	26414836	49	1	40	pips_40_500-8000.hdf5	both	none
2642.5495	1	Stimulus/S  1	1	26425495	26425503	49	2	60	pips_40_500-8000.hdf5	both	none
2643.6055	1	Stimulus/S  1	1	26436055	26436063	49	3	70	pips_40_500-8000.hdf5	both	none
2644.6722	1	Stimulus/S  1	1	26446722	26446730	49	4	50	pips_40_500-8000.hdf5	both	none
2645.7175	1	Stimulus/S  1	1	26457175	26457183	49	5	30	pips_40_500-8000.hdf5	both	none
2646.7842	1	Stimulus/S  1	1	26467842	26467850	50	0	20	pips_40_500-8000.hdf5	both	none
2647.8509	1	Stimulus/S  1	1	26478509	26478517	50	1	40	pips_40_500-8000.hdf5	both	none
2648.9176	1	Stimulus/S  1	1	26489176	26489184	50	2	60	pips_40_500-8000.hdf5	both	none
2649.9842	1	Stimulus/S  1	1	26499842	26499850	50	3	70	pips_40_500-8000.hdf5	both	none
2651.0509	1	Stimulus/S  1	1	26510509	26510517	50	4	50	pips_40_500-8000.hdf5	both	none
2652.1176	1	Stimulus/S  1	1	26521176	26521184	50	5	30	pips_40_500-8000.hdf5	both	none
2653.1736	1	Stimulus/S  1	1	26531736	26531744	51	0	20	pips_40_500-8000.hdf5	both	none
2654.2403	1	Stimulus/S  1	1	26542403	26542411	51	1	40	pips_40_500-8000.hdf5	both	none
2655.2856	1	Stimulus/S  1	1	26552856	26552864	51	2	60	pips_40_500-8000.hdf5	both	none
2656.3523	1	Stimulus/S  1	1	26563523	26563531	51	3	70	pips_40_500-8000.hdf5	both	none
2657.419	1	Stimulus/S  1	1	26574190	26574198	51	4	50	pips_40_500-8000.hdf5	both	none
2658.475	1	Stimulus/S  1	1	26584750	26584758	51	5	30	pips_40_500-8000.hdf5	both	none
2659.5417	1	Stimulus/S  1	1	26595417	26595425	52	0	20	pips_40_500-8000.hdf5	both	none
2660.587	1	Stimulus/S  1	1	26605870	26605878	52	1	40	pips_40_500-8000.hdf5	both	none
2661.643	1	Stimulus/S  1	1	26616430	26616438	52	2	60	pips_40_500-8000.hdf5	both	none
2662.6884	1	Stimulus/S  1	1	26626884	26626892	52	3	70	pips_40_500-8000.hdf5	both	none
2663.7337	1	Stimulus/S  1	1	26637337	26637345	52	4	50	pips_40_500-8000.hdf5	both	none
2664.7897	1	Stimulus/S  1	1	26647897	26647905	52	5	30	pips_40_500-8000.hdf5	both	none
2665.8351	1	Stimulus/S  1	1	26658351	26658359	53	0	20	pips_40_500-8000.hdf5	both	none
2666.8911	1	Stimulus/S  1	1	26668911	26668919	53	1	40	pips_40_500-8000.hdf5	both	none
2667.9364	1	Stimulus/S  1	1	26679364	26679372	53	2	60	pips_40_500-8000.hdf5	both	none
2668.9924	1	Stimulus/S  1	1	26689924	26689932	53	3	70	pips_40_500-8000.hdf5	both	none
2670.0378	1	Stimulus/S  1	1	26700378	26700386	53	4	50	pips_40_500-8000.hdf5	both	none
2671.0831	1	Stimulus/S  1	1	26710831	26710839	53	5	30	pips_40_500-8000.hdf5	both	none
2672.1391	1	Stimulus/S  1	1	26721391	26721399	54	0	20	pips_40_500-8000.hdf5	both	none
2673.1845	1	Stimulus/S  1	1	26731845	26731853	54	1	40	pips_40_500-8000.hdf5	both	none
2674.2405	1	Stimulus/S  1	1	26742405	26742413	54	2	60	pips_40_500-8000.hdf5	both	none
2675.2858	1	Stimulus/S  1	1	26752858	26752866	54	3	70	pips_40_500-8000.hdf5	both	none
2676.3418	1	Stimulus/S  1	1	26763418	26763426	54	4	50	pips_40_500-8000.hdf5	both	none
2677.3872	1	Stimulus/S  1	1	26773872	26773880	54	5	30	pips_40_500-8000.hdf5	both	none
2678.4432	1	Stimulus/S  1	1	26784432	26784440	55	0	20	pips_40_500-8000.hdf5	both	none
2679.4885	1	Stimulus/S  1	1	26794885	26794893	55	1	40	pips_40_500-8000.hdf5	both	none
2680.5339	1	Stimulus/S  1	1	26805339	26805347	55	2	60	pips_40_500-8000.hdf5	both	none
2681.5899	1	Stimulus/S  1	1	26815899	26815907	55	3	70	pips_40_500-8000.hdf5	both	none
2682.6352	1	Stimulus/S  1	1	26826352	26826360	55	4	50	pips_40_500-8000.hdf5	both	none
2683.6912	1	Stimulus/S  1	1	26836912	26836920	55	5	30	pips_40_500-8000.hdf5	both	none
2684.7366	1	Stimulus/S  1	1	26847366	26847374	56	0	20	pips_40_500-8000.hdf5	both	none
2685.7926	1	Stimulus/S  1	1	26857926	26857934	56	1	40	pips_40_500-8000.hdf5	both	none
2686.8379	1	Stimulus/S  1	1	26868379	26868387	56	2	60	pips_40_500-8000.hdf5	both	none
2687.8833	1	Stimulus/S  1	1	26878833	26878841	56	3	70	pips_40_500-8000.hdf5	both	none
2688.9393	1	Stimulus/S  1	1	26889393	26889401	56	4	50	pips_40_500-8000.hdf5	both	none
2690.006	1	Stimulus/S  1	1	26900060	26900068	56	5	30	pips_40_500-8000.hdf5	both	none
2691.0726	1	Stimulus/S  1	1	26910726	26910734	57	0	20	pips_40_500-8000.hdf5	both	none
2692.1393	1	Stimulus/S  1	1	26921393	26921401	57	1	40	pips_40_500-8000.hdf5	both	none
2693.206	1	Stimulus/S  1	1	26932060	26932068	57	2	60	pips_40_500-8000.hdf5	both	none
2694.2727	1	Stimulus/S  1	1	26942727	26942735	57	3	70	pips_40_500-8000.hdf5	both	none
2695.3393	1	Stimulus/S  1	1	26953393	26953401	57	4	50	pips_40_500-8000.hdf5	both	none
2696.406	1	Stimulus/S  1	1	26964060	26964068	57	5	30	pips_40_500-8000.hdf5	both	none
2697.4727	1	Stimulus/S  1	1	26974727	26974735	58	0	20	pips_40_500-8000.hdf5	both	none
2698.5394	1	Stimulus/S  1	1	26985394	26985402	58	1	40	pips_40_500-8000.hdf5	both	none
2699.5847	1	Stimulus/S  1	1	26995847	26995855	58	2	60	pips_40_500-8000.hdf5	both	none
2700.6514	1	Stimulus/S  1	1	27006514	27006522	58	3	70	pips_40_500-8000.hdf5	both	none
2701.7181	1	Stimulus/S  1	1	27017181	27017189	58	4	50	pips_40_500-8000.hdf5	both	none
2702.7741	1	Stimulus/S  1	1	27027741	27027749	58	5	30	pips_40_500-8000.hdf5	both	none
2703.8194	1	Stimulus/S  1	1	27038194	27038202	59	0	20	pips_40_500-8000.hdf5	both	none
2704.8754	1	Stimulus/S  1	1	27048754	27048762	59	1	40	pips_40_500-8000.hdf5	both	none
2705.9208	1	Stimulus/S  1	1	27059208	27059216	59	2	60	pips_40_500-8000.hdf5	both	none
2706.9768	1	Stimulus/S  1	1	27069768	27069776	59	3	70	pips_40_500-8000.hdf5	both	none
2708.0221	1	Stimulus/S  1	1	27080221	27080229	59	4	50	pips_40_500-8000.hdf5	both	none
2709.0675	1	Stimulus/S  1	1	27090675	27090683	59	5	30	pips_40_500-8000.hdf5	both	none
2710.1235	1	Stimulus/S  1	1	27101235	27101243	60	0	20	pips_40_500-8000.hdf5	both	none
2711.1688	1	Stimulus/S  1	1	27111688	27111696	60	1	40	pips_40_500-8000.hdf5	both	none
2712.2248	1	Stimulus/S  1	1	27122248	27122256	60	2	60	pips_40_500-8000.hdf5	both	none
2713.2915	1	Stimulus/S  1	1	27132915	27132923	60	3	70	pips_40_500-8000.hdf5	both	none
2714.3369	1	Stimulus/S  1	1	27143369	27143377	60	4	50	pips_40_500-8000.hdf5	both	none
2715.3929	1	Stimulus/S  1	1	27153929	27153937	60	5	30	pips_40_500-8000.hdf5	both	none
2716.4382	1	Stimulus/S  1	1	27164382	27164390	61	0	20	pips_40_500-8000.hdf5	both	none
2717.4836	1	Stimulus/S  1	1	27174836	27174844	61	1	40	pips_40_500-8000.hdf5	both	none
2718.5396	1	Stimulus/S  1	1	27185396	27185404	61	2	60	pips_40_500-8000.hdf5	both	none
2719.6062	1	Stimulus/S  1	1	27196062	27196070	61	3	70	pips_40_500-8000.hdf5	both	none
2720.6516	1	Stimulus/S  1	1	27206516	27206524	61	4	50	pips_40_500-8000.hdf5	both	none
2721.7183	1	Stimulus/S  1	1	27217183	27217191	61	5	30	pips_40_500-8000.hdf5	both	none
2722.7849	1	Stimulus/S  1	1	27227849	27227857	62	0	20	pips_40_500-8000.hdf5	both	none
2723.841	1	Stimulus/S  1	1	27238410	27238418	62	1	40	pips_40_500-8000.hdf5	both	none
2724.9076	1	Stimulus/S  1	1	27249076	27249084	62	2	60	pips_40_500-8000.hdf5	both	none
2725.9743	1	Stimulus/S  1	1	27259743	27259751	62	3	70	pips_40_500-8000.hdf5	both	none
2727.041	1	Stimulus/S  1	1	27270410	27270418	62	4	50	pips_40_500-8000.hdf5	both	none
2728.1077	1	Stimulus/S  1	1	27281077	27281085	62	5	30	pips_40_500-8000.hdf5	both	none
2729.1743	1	Stimulus/S  1	1	27291743	27291751	63	0	20	pips_40_500-8000.hdf5	both	none
2730.241	1	Stimulus/S  1	1	27302410	27302418	63	1	40	pips_40_500-8000.hdf5	both	none
2731.2864	1	Stimulus/S  1	1	27312864	27312872	63	2	60	pips_40_500-8000.hdf5	both	none
2732.353	1	Stimulus/S  1	1	27323530	27323538	63	3	70	pips_40_500-8000.hdf5	both	none
2733.409	1	Stimulus/S  1	1	27334090	27334098	63	4	50	pips_40_500-8000.hdf5	both	none
2734.4757	1	Stimulus/S  1	1	27344757	27344765	63	5	30	pips_40_500-8000.hdf5	both	none
2735.5211	1	Stimulus/S  1	1	27355211	27355219	64	0	20	pips_40_500-8000.hdf5	both	none
2736.5877	1	Stimulus/S  1	1	27365877	27365885	64	1	40	pips_40_500-8000.hdf5	both	none
2737.6438	1	Stimulus/S  1	1	27376438	27376446	64	2	60	pips_40_500-8000.hdf5	both	none
2738.6891	1	Stimulus/S  1	1	27386891	27386899	64	3	70	pips_40_500-8000.hdf5	both	none
2739.7344	1	Stimulus/S  1	1	27397344	27397352	64	4	50	pips_40_500-8000.hdf5	both	none
2740.7905	1	Stimulus/S  1	1	27407905	27407913	64	5	30	pips_40_500-8000.hdf5	both	none
2741.8358	1	Stimulus/S  1	1	27418358	27418366	65	0	20	pips_40_500-8000.hdf5	both	none
2742.9025	1	Stimulus/S  1	1	27429025	27429033	65	1	40	pips_40_500-8000.hdf5	both	none
2743.9585	1	Stimulus/S  1	1	27439585	27439593	65	2	60	pips_40_500-8000.hdf5	both	none
2745.0252	1	Stimulus/S  1	1	27450252	27450260	65	3	70	pips_40_500-8000.hdf5	both	none
2746.0705	1	Stimulus/S  1	1	27460705	27460713	65	4	50	pips_40_500-8000.hdf5	both	none
2747.1372	1	Stimulus/S  1	1	27471372	27471380	65	5	30	pips_40_500-8000.hdf5	both	none
2748.2039	1	Stimulus/S  1	1	27482039	27482047	66	0	20	pips_40_500-8000.hdf5	both	none
2749.2599	1	Stimulus/S  1	1	27492599	27492607	66	1	40	pips_40_500-8000.hdf5	both	none
2750.3265	1	Stimulus/S  1	1	27503265	27503273	66	2	60	pips_40_500-8000.hdf5	both	none
2751.3932	1	Stimulus/S  1	1	27513932	27513940	66	3	70	pips_40_500-8000.hdf5	both	none
2752.4599	1	Stimulus/S  1	1	27524599	27524607	66	4	50	pips_40_500-8000.hdf5	both	none
2753.5266	1	Stimulus/S  1	1	27535266	27535274	66	5	30	pips_40_500-8000.hdf5	both	none
2754.5933	1	Stimulus/S  1	1	27545933	27545941	67	0	20	pips_40_500-8000.hdf5	both	none
2755.6599	1	Stimulus/S  1	1	27556599	27556607	67	1	40	pips_40_500-8000.hdf5	both	none
2756.7266	1	Stimulus/S  1	1	27567266	27567274	67	2	60	pips_40_500-8000.hdf5	both	none
2757.7933	1	Stimulus/S  1	1	27577933	27577941	67	3	70	pips_40_500-8000.hdf5	both	none
2758.86	1	Stimulus/S  1	1	27588600	27588608	67	4	50	pips_40_500-8000.hdf5	both	none
2759.9053	1	Stimulus/S  1	1	27599053	27599061	67	5	30	pips_40_500-8000.hdf5	both	none
2760.972	1	Stimulus/S  1	1	27609720	27609728	68	0	20	pips_40_500-8000.hdf5	both	none
2762.0173	1	Stimulus/S  1	1	27620173	27620181	68	1	40	pips_40_500-8000.hdf5	both	none
2763.0733	1	Stimulus/S  1	1	27630733	27630741	68	2	60	pips_40_500-8000.hdf5	both	none
2764.1187	1	Stimulus/S  1	1	27641187	27641195	68	3	70	pips_40_500-8000.hdf5	both	none
2765.1747	1	Stimulus/S  1	1	27651747	27651755	68	4	50	pips_40_500-8000.hdf5	both	none
2766.22	1	Stimulus/S  1	1	27662200	27662208	68	5	30	pips_40_500-8000.hdf5	both	none
2767.276	1	Stimulus/S  1	1	27672760	27672768	69	0	20	pips_40_500-8000.hdf5	both	none
2768.3214	1	Stimulus/S  1	1	27683214	27683222	69	1	40	pips_40_500-8000.hdf5	both	none
2769.3774	1	Stimulus/S  1	1	27693774	27693782	69	2	60	pips_40_500-8000.hdf5	both	none
2770.4441	1	Stimulus/S  1	1	27704441	27704449	69	3	70	pips_40_500-8000.hdf5	both	none
2771.4894	1	Stimulus/S  1	1	27714894	27714902	69	4	50	pips_40_500-8000.hdf5	both	none
2772.5348	1	Stimulus/S  1	1	27725348	27725356	69	5	30	pips_40_500-8000.hdf5	both	none
2773.5908	1	Stimulus/S  1	1	27735908	27735916	70	0	20	pips_40_500-8000.hdf5	both	none
2774.6575	1	Stimulus/S  1	1	27746575	27746583	70	1	40	pips_40_500-8000.hdf5	both	none
2775.7241	1	Stimulus/S  1	1	27757241	27757249	70	2	60	pips_40_500-8000.hdf5	both	none
2776.7908	1	Stimulus/S  1	1	27767908	27767916	70	3	70	pips_40_500-8000.hdf5	both	none
2777.8575	1	Stimulus/S  1	1	27778575	27778583	70	4	50	pips_40_500-8000.hdf5	both	none
2778.9242	1	Stimulus/S  1	1	27789242	27789250	70	5	30	pips_40_500-8000.hdf5	both	none
2779.9908	1	Stimulus/S  1	1	27799908	27799916	71	0	20	pips_40_500-8000.hdf5	both	none
2781.0362	1	Stimulus/S  1	1	27810362	27810370	71	1	40	pips_40_500-8000.hdf5	both	none
2782.1029	1	Stimulus/S  1	1	27821029	27821037	71	2	60	pips_40_500-8000.hdf5	both	none
2783.1589	1	Stimulus/S  1	1	27831589	27831597	71	3	70	pips_40_500-8000.hdf5	both	none
2784.2255	1	Stimulus/S  1	1	27842255	27842263	71	4	50	pips_40_500-8000.hdf5	both	none
2785.2709	1	Stimulus/S  1	1	27852709	27852717	71	5	30	pips_40_500-8000.hdf5	both	none
2786.3269	1	Stimulus/S  1	1	27863269	27863277	72	0	20	pips_40_500-8000.hdf5	both	none
2787.3722	1	Stimulus/S  1	1	27873722	27873730	72	1	40	pips_40_500-8000.hdf5	both	none
2788.4283	1	Stimulus/S  1	1	27884283	27884291	72	2	60	pips_40_500-8000.hdf5	both	none
2789.4736	1	Stimulus/S  1	1	27894736	27894744	72	3	70	pips_40_500-8000.hdf5	both	none
2790.5189	1	Stimulus/S  1	1	27905189	27905197	72	4	50	pips_40_500-8000.hdf5	both	none
2791.575	1	Stimulus/S  1	1	27915750	27915758	72	5	30	pips_40_500-8000.hdf5	both	none
2792.6416	1	Stimulus/S  1	1	27926416	27926424	73	0	20	pips_40_500-8000.hdf5	both	none
2793.687	1	Stimulus/S  1	1	27936870	27936878	73	1	40	pips_40_500-8000.hdf5	both	none
2794.7536	1	Stimulus/S  1	1	27947536	27947544	73	2	60	pips_40_500-8000.hdf5	both	none
2795.8097	1	Stimulus/S  1	1	27958097	27958105	73	3	70	pips_40_500-8000.hdf5	both	none
2796.8763	1	Stimulus/S  1	1	27968763	27968771	73	4	50	pips_40_500-8000.hdf5	both	none
2797.943	1	Stimulus/S  1	1	27979430	27979438	73	5	30	pips_40_500-8000.hdf5	both	none
2799.0097	1	Stimulus/S  1	1	27990097	27990105	74	0	20	pips_40_500-8000.hdf5	both	none
2800.0764	1	Stimulus/S  1	1	28000764	28000772	74	1	40	pips_40_500-8000.hdf5	both	none
2801.143	1	Stimulus/S  1	1	28011430	28011438	74	2	60	pips_40_500-8000.hdf5	both	none
2802.2097	1	Stimulus/S  1	1	28022097	28022105	74	3	70	pips_40_500-8000.hdf5	both	none
2803.2551	1	Stimulus/S  1	1	28032551	28032559	74	4	50	pips_40_500-8000.hdf5	both	none
2804.3217	1	Stimulus/S  1	1	28043217	28043225	74	5	30	pips_40_500-8000.hdf5	both	none
2805.3778	1	Stimulus/S  1	1	28053778	28053786	75	0	20	pips_40_500-8000.hdf5	both	none
2806.4444	1	Stimulus/S  1	1	28064444	28064452	75	1	40	pips_40_500-8000.hdf5	both	none
2807.4898	1	Stimulus/S  1	1	28074898	28074906	75	2	60	pips_40_500-8000.hdf5	both	none
2808.5351	1	Stimulus/S  1	1	28085351	28085359	75	3	70	pips_40_500-8000.hdf5	both	none
2809.5911	1	Stimulus/S  1	1	28095911	28095919	75	4	50	pips_40_500-8000.hdf5	both	none
2810.6365	1	Stimulus/S  1	1	28106365	28106373	75	5	30	pips_40_500-8000.hdf5	both	none
2811.6925	1	Stimulus/S  1	1	28116925	28116933	76	0	20	pips_40_500-8000.hdf5	both	none
2812.7592	1	Stimulus/S  1	1	28127592	28127600	76	1	40	pips_40_500-8000.hdf5	both	none
2813.8045	1	Stimulus/S  1	1	28138045	28138053	76	2	60	pips_40_500-8000.hdf5	both	none
2814.8605	1	Stimulus/S  1	1	28148605	28148613	76	3	70	pips_40_500-8000.hdf5	both	none
2815.9059	1	Stimulus/S  1	1	28159059	28159067	76	4	50	pips_40_500-8000.hdf5	both	none
2816.9725	1	Stimulus/S  1	1	28169725	28169733	76	5	30	pips_40_500-8000.hdf5	both	none
2818.0285	1	Stimulus/S  1	1	28180285	28180293	77	0	20	pips_40_500-8000.hdf5	both	none
2819.0952	1	Stimulus/S  1	1	28190952	28190960	77	1	40	pips_40_500-8000.hdf5	both	none
2820.1619	1	Stimulus/S  1	1	28201619	28201627	77	2	60	pips_40_500-8000.hdf5	both	none
2821.2286	1	Stimulus/S  1	1	28212286	28212294	77	3	70	pips_40_500-8000.hdf5	both	none
2822.2953	1	Stimulus/S  1	1	28222953	28222961	77	4	50	pips_40_500-8000.hdf5	both	none
2823.3619	1	Stimulus/S  1	1	28233619	28233627	77	5	30	pips_40_500-8000.hdf5	both	none
2824.4286	1	Stimulus/S  1	1	28244286	28244294	78	0	20	pips_40_500-8000.hdf5	both	none
2825.474	1	Stimulus/S  1	1	28254740	28254748	78	1	40	pips_40_500-8000.hdf5	both	none
2826.5193	1	Stimulus/S  1	1	28265193	28265201	78	2	60	pips_40_500-8000.hdf5	both	none
2827.5753	1	Stimulus/S  1	1	28275753	28275761	78	3	70	pips_40_500-8000.hdf5	both	none
2828.642	1	Stimulus/S  1	1	28286420	28286428	78	4	50	pips_40_500-8000.hdf5	both	none
2829.6873	1	Stimulus/S  1	1	28296873	28296881	78	5	30	pips_40_500-8000.hdf5	both	none
2830.754	1	Stimulus/S  1	1	28307540	28307548	79	0	20	pips_40_500-8000.hdf5	both	none
2831.81	1	Stimulus/S  1	1	28318100	28318108	79	1	40	pips_40_500-8000.hdf5	both	none
2832.8554	1	Stimulus/S  1	1	28328554	28328562	79	2	60	pips_40_500-8000.hdf5	both	none
2833.9114	1	Stimulus/S  1	1	28339114	28339122	79	3	70	pips_40_500-8000.hdf5	both	none
2834.9567	1	Stimulus/S  1	1	28349567	28349575	79	4	50	pips_40_500-8000.hdf5	both	none
2836.0021	1	Stimulus/S  1	1	28360021	28360029	79	5	30	pips_40_500-8000.hdf5	both	none
2837.0794	1	Stimulus/S  1	1	28370794	28370802	80	0	20	pips_40_500-8000.hdf5	both	none
2838.1247	1	Stimulus/S  1	1	28381247	28381255	80	1	40	pips_40_500-8000.hdf5	both	none
2839.1914	1	Stimulus/S  1	1	28391914	28391922	80	2	60	pips_40_500-8000.hdf5	both	none
2840.2368	1	Stimulus/S  1	1	28402368	28402376	80	3	70	pips_40_500-8000.hdf5	both	none
2841.3034	1	Stimulus/S  1	1	28413034	28413042	80	4	50	pips_40_500-8000.hdf5	both	none
2842.3701	1	Stimulus/S  1	1	28423701	28423709	80	5	30	pips_40_500-8000.hdf5	both	none
2843.4368	1	Stimulus/S  1	1	28434368	28434376	81	0	20	pips_40_500-8000.hdf5	both	none
2844.5035	1	Stimulus/S  1	1	28445035	28445043	81	1	40	pips_40_500-8000.hdf5	both	none
2845.5701	1	Stimulus/S  1	1	28455701	28455709	81	2	60	pips_40_500-8000.hdf5	both	none
2846.6368	1	Stimulus/S  1	1	28466368	28466376	81	3	70	pips_40_500-8000.hdf5	both	none
2847.6928	1	Stimulus/S  1	1	28476928	28476936	81	4	50	pips_40_500-8000.hdf5	both	none
2848.7595	1	Stimulus/S  1	1	28487595	28487603	81	5	30	pips_40_500-8000.hdf5	both	none
2849.8049	1	Stimulus/S  1	1	28498049	28498057	82	0	20	pips_40_500-8000.hdf5	both	none
2850.8715	1	Stimulus/S  1	1	28508715	28508723	82	1	40	pips_40_500-8000.hdf5	both	none
2851.9275	1	Stimulus/S  1	1	28519275	28519283	82	2	60	pips_40_500-8000.hdf5	both	none
2852.9729	1	Stimulus/S  1	1	28529729	28529737	82	3	70	pips_40_500-8000.hdf5	both	none
2854.0289	1	Stimulus/S  1	1	28540289	28540297	82	4	50	pips_40_500-8000.hdf5	both	none
2855.0742	1	Stimulus/S  1	1	28550742	28550750	82	5	30	pips_40_500-8000.hdf5	both	none
2856.1196	1	Stimulus/S  1	1	28561196	28561204	83	0	20	pips_40_500-8000.hdf5	both	none
2857.1863	1	Stimulus/S  1	1	28571863	28571871	83	1	40	pips_40_500-8000.hdf5	both	none
2858.2423	1	Stimulus/S  1	1	28582423	28582431	83	2	60	pips_40_500-8000.hdf5	both	none
2859.3089	1	Stimulus/S  1	1	28593089	28593097	83	3	70	pips_40_500-8000.hdf5	both	none
2860.3543	1	Stimulus/S  1	1	28603543	28603551	83	4	50	pips_40_500-8000.hdf5	both	none
2861.421	1	Stimulus/S  1	1	28614210	28614218	83	5	30	pips_40_500-8000.hdf5	both	none
2862.4876	1	Stimulus/S  1	1	28624876	28624884	84	0	20	pips_40_500-8000.hdf5	both	none
2863.5543	1	Stimulus/S  1	1	28635543	28635551	84	1	40	pips_40_500-8000.hdf5	both	none
2864.621	1	Stimulus/S  1	1	28646210	28646218	84	2	60	pips_40_500-8000.hdf5	both	none
2865.6877	1	Stimulus/S  1	1	28656877	28656885	84	3	70	pips_40_500-8000.hdf5	both	none
2866.7544	1	Stimulus/S  1	1	28667544	28667552	84	4	50	pips_40_500-8000.hdf5	both	none
2867.8104	1	Stimulus/S  1	1	28678104	28678112	84	5	30	pips_40_500-8000.hdf5	both	none
2868.877	1	Stimulus/S  1	1	28688770	28688778	85	0	20	pips_40_500-8000.hdf5	both	none
2869.9224	1	Stimulus/S  1	1	28699224	28699232	85	1	40	pips_40_500-8000.hdf5	both	none
2870.9891	1	Stimulus/S  1	1	28709891	28709899	85	2	60	pips_40_500-8000.hdf5	both	none
2872.0451	1	Stimulus/S  1	1	28720451	28720459	85	3	70	pips_40_500-8000.hdf5	both	none
2873.0904	1	Stimulus/S  1	1	28730904	28730912	85	4	50	pips_40_500-8000.hdf5	both	none
2874.1464	1	Stimulus/S  1	1	28741464	28741472	85	5	30	pips_40_500-8000.hdf5	both	none
2875.1918	1	Stimulus/S  1	1	28751918	28751926	86	0	20	pips_40_500-8000.hdf5	both	none
2876.2371	1	Stimulus/S  1	1	28762371	28762379	86	1	40	pips_40_500-8000.hdf5	both	none
2877.2931	1	Stimulus/S  1	1	28772931	28772939	86	2	60	pips_40_500-8000.hdf5	both	none
2878.3385	1	Stimulus/S  1	1	28783385	28783393	86	3	70	pips_40_500-8000.hdf5	both	none
2879.4051	1	Stimulus/S  1	1	28794051	28794059	86	4	50	pips_40_500-8000.hdf5	both	none
2880.4612	1	Stimulus/S  1	1	28804612	28804620	86	5	30	pips_40_500-8000.hdf5	both	none
2881.5278	1	Stimulus/S  1	1	28815278	28815286	87	0	20	pips_40_500-8000.hdf5	both	none
2882.5945	1	Stimulus/S  1	1	28825945	28825953	87	1	40	pips_40_500-8000.hdf5	both	none
2883.6612	1	Stimulus/S  1	1	28836612	28836620	87	2	60	pips_40_500-8000.hdf5	both	none
2884.7279	1	Stimulus/S  1	1	28847279	28847287	87	3	70	pips_40_500-8000.hdf5	both	none
2885.7945	1	Stimulus/S  1	1	28857945	28857953	87	4	50	pips_40_500-8000.hdf5	both	none
2886.8612	1	Stimulus/S  1	1	28868612	28868620	87	5	30	pips_40_500-8000.hdf5	both	none
2887.9066	1	Stimulus/S  1	1	28879066	28879074	88	0	20	pips_40_500-8000.hdf5	both	none
2888.9732	1	Stimulus/S  1	1	28889732	28889740	88	1	40	pips_40_500-8000.hdf5	both	none
2890.0293	1	Stimulus/S  1	1	28900293	28900301	88	2	60	pips_40_500-8000.hdf5	both	none
2891.0746	1	Stimulus/S  1	1	28910746	28910754	88	3	70	pips_40_500-8000.hdf5	both	none
2892.1199	1	Stimulus/S  1	1	28921199	28921207	88	4	50	pips_40_500-8000.hdf5	both	none
2893.1759	1	Stimulus/S  1	1	28931759	28931767	88	5	30	pips_40_500-8000.hdf5	both	none
2894.2213	1	Stimulus/S  1	1	28942213	28942221	89	0	20	pips_40_500-8000.hdf5	both	none
2895.2773	1	Stimulus/S  1	1	28952773	28952781	89	1	40	pips_40_500-8000.hdf5	both	none
2896.3226	1	Stimulus/S  1	1	28963226	28963234	89	2	60	pips_40_500-8000.hdf5	both	none
2897.3787	1	Stimulus/S  1	1	28973787	28973795	89	3	70	pips_40_500-8000.hdf5	both	none
2898.4453	1	Stimulus/S  1	1	28984453	28984461	89	4	50	pips_40_500-8000.hdf5	both	none
2899.4907	1	Stimulus/S  1	1	28994907	28994915	89	5	30	pips_40_500-8000.hdf5	both	none
2900.5574	1	Stimulus/S  1	1	29005574	29005582	90	0	20	pips_40_500-8000.hdf5	both	none
2901.624	1	Stimulus/S  1	1	29016240	29016248	90	1	40	pips_40_500-8000.hdf5	both	none
2902.6907	1	Stimulus/S  1	1	29026907	29026915	90	2	60	pips_40_500-8000.hdf5	both	none
2903.7574	1	Stimulus/S  1	1	29037574	29037582	90	3	70	pips_40_500-8000.hdf5	both	none
2904.8241	1	Stimulus/S  1	1	29048241	29048249	90	4	50	pips_40_500-8000.hdf5	both	none
2905.8907	1	Stimulus/S  1	1	29058907	29058915	90	5	30	pips_40_500-8000.hdf5	both	none
2906.9467	1	Stimulus/S  1	1	29069467	29069475	91	0	20	pips_40_500-8000.hdf5	both	none
2908.0134	1	Stimulus/S  1	1	29080134	29080142	91	1	40	pips_40_500-8000.hdf5	both	none
2909.0588	1	Stimulus/S  1	1	29090588	29090596	91	2	60	pips_40_500-8000.hdf5	both	none
2910.1254	1	Stimulus/S  1	1	29101254	29101262	91	3	70	pips_40_500-8000.hdf5	both	none
2911.1708	1	Stimulus/S  1	1	29111708	29111716	91	4	50	pips_40_500-8000.hdf5	both	none
2912.2268	1	Stimulus/S  1	1	29122268	29122276	91	5	30	pips_40_500-8000.hdf5	both	none
2913.2721	1	Stimulus/S  1	1	29132721	29132729	92	0	20	pips_40_500-8000.hdf5	both	none
2914.3282	1	Stimulus/S  1	1	29143282	29143290	92	1	40	pips_40_500-8000.hdf5	both	none
2915.3735	1	Stimulus/S  1	1	29153735	29153743	92	2	60	pips_40_500-8000.hdf5	both	none
2916.4402	1	Stimulus/S  1	1	29164402	29164410	92	3	70	pips_40_500-8000.hdf5	both	none
2917.4962	1	Stimulus/S  1	1	29174962	29174970	92	4	50	pips_40_500-8000.hdf5	both	none
2918.5629	1	Stimulus/S  1	1	29185629	29185637	92	5	30	pips_40_500-8000.hdf5	both	none
2919.6082	1	Stimulus/S  1	1	29196082	29196090	93	0	20	pips_40_500-8000.hdf5	both	none
2920.6749	1	Stimulus/S  1	1	29206749	29206757	93	1	40	pips_40_500-8000.hdf5	both	none
2921.7416	1	Stimulus/S  1	1	29217416	29217424	93	2	60	pips_40_500-8000.hdf5	both	none
2922.8082	1	Stimulus/S  1	1	29228082	29228090	93	3	70	pips_40_500-8000.hdf5	both	none
2923.8749	1	Stimulus/S  1	1	29238749	29238757	93	4	50	pips_40_500-8000.hdf5	both	none
2924.9416	1	Stimulus/S  1	1	29249416	29249424	93	5	30	pips_40_500-8000.hdf5	both	none
2926.0083	1	Stimulus/S  1	1	29260083	29260091	94	0	20	pips_40_500-8000.hdf5	both	none
2927.0536	1	Stimulus/S  1	1	29270536	29270544	94	1	40	pips_40_500-8000.hdf5	both	none
2928.1096	1	Stimulus/S  1	1	29281096	29281104	94	2	60	pips_40_500-8000.hdf5	both	none
2929.155	1	Stimulus/S  1	1	29291550	29291558	94	3	70	pips_40_500-8000.hdf5	both	none
2930.211	1	Stimulus/S  1	1	29302110	29302118	94	4	50	pips_40_500-8000.hdf5	both	none
2931.2563	1	Stimulus/S  1	1	29312563	29312571	94	5	30	pips_40_500-8000.hdf5	both	none
2932.3123	1	Stimulus/S  1	1	29323123	29323131	95	0	20	pips_40_500-8000.hdf5	both	none
2933.3577	1	Stimulus/S  1	1	29333577	29333585	95	1	40	pips_40_500-8000.hdf5	both	none
2934.4137	1	Stimulus/S  1	1	29344137	29344145	95	2	60	pips_40_500-8000.hdf5	both	none
2935.4804	1	Stimulus/S  1	1	29354804	29354812	95	3	70	pips_40_500-8000.hdf5	both	none
2936.5257	1	Stimulus/S  1	1	29365257	29365265	95	4	50	pips_40_500-8000.hdf5	both	none
2937.5924	1	Stimulus/S  1	1	29375924	29375932	95	5	30	pips_40_500-8000.hdf5	both	none
2938.6591	1	Stimulus/S  1	1	29386591	29386599	96	0	20	pips_40_500-8000.hdf5	both	none
2939.7257	1	Stimulus/S  1	1	29397257	29397265	96	1	40	pips_40_500-8000.hdf5	both	none
2940.7924	1	Stimulus/S  1	1	29407924	29407932	96	2	60	pips_40_500-8000.hdf5	both	none
2941.8591	1	Stimulus/S  1	1	29418591	29418599	96	3	70	pips_40_500-8000.hdf5	both	none
2942.9258	1	Stimulus/S  1	1	29429258	29429266	96	4	50	pips_40_500-8000.hdf5	both	none
2943.9711	1	Stimulus/S  1	1	29439711	29439719	96	5	30	pips_40_500-8000.hdf5	both	none
2945.0378	1	Stimulus/S  1	1	29450378	29450386	97	0	20	pips_40_500-8000.hdf5	both	none
2946.0938	1	Stimulus/S  1	1	29460938	29460946	97	1	40	pips_40_500-8000.hdf5	both	none
2947.1605	1	Stimulus/S  1	1	29471605	29471613	97	2	60	pips_40_500-8000.hdf5	both	none
2948.2058	1	Stimulus/S  1	1	29482058	29482066	97	3	70	pips_40_500-8000.hdf5	both	none
2949.2618	1	Stimulus/S  1	1	29492618	29492626	97	4	50	pips_40_500-8000.hdf5	both	none
2950.3072	1	Stimulus/S  1	1	29503072	29503080	97	5	30	pips_40_500-8000.hdf5	both	none
2951.3632	1	Stimulus/S  1	1	29513632	29513640	98	0	20	pips_40_500-8000.hdf5	both	none
2952.4085	1	Stimulus/S  1	1	29524085	29524093	98	1	40	pips_40_500-8000.hdf5	both	none
2953.4752	1	Stimulus/S  1	1	29534752	29534760	98	2	60	pips_40_500-8000.hdf5	both	none
2954.5312	1	Stimulus/S  1	1	29545312	29545320	98	3	70	pips_40_500-8000.hdf5	both	none
2955.5979	1	Stimulus/S  1	1	29555979	29555987	98	4	50	pips_40_500-8000.hdf5	both	none
2956.6432	1	Stimulus/S  1	1	29566432	29566440	98	5	30	pips_40_500-8000.hdf5	both	none
2957.7099	1	Stimulus/S  1	1	29577099	29577107	99	0	20	pips_40_500-8000.hdf5	both	none
2958.7766	1	Stimulus/S  1	1	29587766	29587774	99	1	40	pips_40_500-8000.hdf5	both	none
2959.8433	1	Stimulus/S  1	1	29598433	29598441	99	2	60	pips_40_500-8000.hdf5	both	none
2960.9099	1	Stimulus/S  1	1	29609099	29609107	99	3	70	pips_40_500-8000.hdf5	both	none
2961.9766	1	Stimulus/S  1	1	29619766	29619774	99	4	50	pips_40_500-8000.hdf5	both	none
2963.0433	1	Stimulus/S  1	1	29630433	29630441	99	5	30	pips_40_500-8000.hdf5	both	none
2964.0886	1	Stimulus/S  1	1	29640886	29640894	100	0	20	pips_40_500-8000.hdf5	both	none
2965.1553	1	Stimulus/S  1	1	29651553	29651561	100	1	40	pips_40_500-8000.hdf5	both	none
2966.2113	1	Stimulus/S  1	1	29662113	29662121	100	2	60	pips_40_500-8000.hdf5	both	none
2967.278	1	Stimulus/S  1	1	29672780	29672788	100	3	70	pips_40_500-8000.hdf5	both	none
2968.3234	1	Stimulus/S  1	1	29683234	29683242	100	4	50	pips_40_500-8000.hdf5	both	none
2969.3794	1	Stimulus/S  1	1	29693794	29693802	100	5	30	pips_40_500-8000.hdf5	both	none
2970.4247	1	Stimulus/S  1	1	29704247	29704255	101	0	20	pips_40_500-8000.hdf5	both	none
2971.4807	1	Stimulus/S  1	1	29714807	29714815	101	1	40	pips_40_500-8000.hdf5	both	none
2972.5261	1	Stimulus/S  1	1	29725261	29725269	101	2	60	pips_40_500-8000.hdf5	both	none
2973.5927	1	Stimulus/S  1	1	29735927	29735935	101	3	70	pips_40_500-8000.hdf5	both	none
2974.6381	1	Stimulus/S  1	1	29746381	29746389	101	4	50	pips_40_500-8000.hdf5	both	none
2975.7048	1	Stimulus/S  1	1	29757048	29757056	101	5	30	pips_40_500-8000.hdf5	both	none
2976.7608	1	Stimulus/S  1	1	29767608	29767616	102	0	20	pips_40_500-8000.hdf5	both	none
2977.8274	1	Stimulus/S  1	1	29778274	29778282	102	1	40	pips_40_500-8000.hdf5	both	none
2978.8941	1	Stimulus/S  1	1	29788941	29788949	102	2	60	pips_40_500-8000.hdf5	both	none
2979.9608	1	Stimulus/S  1	1	29799608	29799616	102	3	70	pips_40_500-8000.hdf5	both	none
2981.0275	1	Stimulus/S  1	1	29810275	29810283	102	4	50	pips_40_500-8000.hdf5	both	none
2982.0942	1	Stimulus/S  1	1	29820942	29820950	102	5	30	pips_40_500-8000.hdf5	both	none
2983.1608	1	Stimulus/S  1	1	29831608	29831616	103	0	20	pips_40_500-8000.hdf5	both	none
2984.2062	1	Stimulus/S  1	1	29842062	29842070	103	1	40	pips_40_500-8000.hdf5	both	none
2985.2729	1	Stimulus/S  1	1	29852729	29852737	103	2	60	pips_40_500-8000.hdf5	both	none
2986.3289	1	Stimulus/S  1	1	29863289	29863297	103	3	70	pips_40_500-8000.hdf5	both	none
2987.3955	1	Stimulus/S  1	1	29873955	29873963	103	4	50	pips_40_500-8000.hdf5	both	none
2988.4409	1	Stimulus/S  1	1	29884409	29884417	103	5	30	pips_40_500-8000.hdf5	both	none
2989.4969	1	Stimulus/S  1	1	29894969	29894977	104	0	20	pips_40_500-8000.hdf5	both	none
2990.5422	1	Stimulus/S  1	1	29905422	29905430	104	1	40	pips_40_500-8000.hdf5	both	none
2991.5982	1	Stimulus/S  1	1	29915982	29915990	104	2	60	pips_40_500-8000.hdf5	both	none
2992.6436	1	Stimulus/S  1	1	29926436	29926444	104	3	70	pips_40_500-8000.hdf5	both	none
2993.7103	1	Stimulus/S  1	1	29937103	29937111	104	4	50	pips_40_500-8000.hdf5	both	none
2994.7556	1	Stimulus/S  1	1	29947556	29947564	104	5	30	pips_40_500-8000.hdf5	both	none
2995.8223	1	Stimulus/S  1	1	29958223	29958231	105	0	20	pips_40_500-8000.hdf5	both	none
2996.8783	1	Stimulus/S  1	1	29968783	29968791	105	1	40	pips_40_500-8000.hdf5	both	none
2997.945	1	Stimulus/S  1	1	29979450	29979458	105	2	60	pips_40_500-8000.hdf5	both	none
2999.0117	1	Stimulus/S  1	1	29990117	29990125	105	3	70	pips_40_500-8000.hdf5	both	none
3000.0783	1	Stimulus/S  1	1	30000783	30000791	105	4	50	pips_40_500-8000.hdf5	both	none
3001.145	1	Stimulus/S  1	1	30011450	30011458	105	5	30	pips_40_500-8000.hdf5	both	none
3002.2117	1	Stimulus/S  1	1	30022117	30022125	106	0	20	pips_40_500-8000.hdf5	both	none
3003.2784	1	Stimulus/S  1	1	30032784	30032792	106	1	40	pips_40_500-8000.hdf5	both	none
3004.345	1	Stimulus/S  1	1	30043450	30043458	106	2	60	pips_40_500-8000.hdf5	both	none
3005.4117	1	Stimulus/S  1	1	30054117	30054125	106	3	70	pips_40_500-8000.hdf5	both	none
3006.4784	1	Stimulus/S  1	1	30064784	30064792	106	4	50	pips_40_500-8000.hdf5	both	none
3007.5237	1	Stimulus/S  1	1	30075237	30075245	106	5	30	pips_40_500-8000.hdf5	both	none
3008.5797	1	Stimulus/S  1	1	30085797	30085805	107	0	20	pips_40_500-8000.hdf5	both	none
3009.6251	1	Stimulus/S  1	1	30096251	30096259	107	1	40	pips_40_500-8000.hdf5	both	none
3010.6811	1	Stimulus/S  1	1	30106811	30106819	107	2	60	pips_40_500-8000.hdf5	both	none
3011.7264	1	Stimulus/S  1	1	30117264	30117272	107	3	70	pips_40_500-8000.hdf5	both	none
3012.7718	1	Stimulus/S  1	1	30127718	30127726	107	4	50	pips_40_500-8000.hdf5	both	none
3013.8278	1	Stimulus/S  1	1	30138278	30138286	107	5	30	pips_40_500-8000.hdf5	both	none
3014.8731	1	Stimulus/S  1	1	30148731	30148739	108	0	20	pips_40_500-8000.hdf5	both	none
3015.9398	1	Stimulus/S  1	1	30159398	30159406	108	1	40	pips_40_500-8000.hdf5	both	none
3016.9958	1	Stimulus/S  1	1	30169958	30169966	108	2	60	pips_40_500-8000.hdf5	both	none
3018.0625	1	Stimulus/S  1	1	30180625	30180633	108	3	70	pips_40_500-8000.hdf5	both	none
3019.1292	1	Stimulus/S  1	1	30191292	30191300	108	4	50	pips_40_500-8000.hdf5	both	none
3020.1959	1	Stimulus/S  1	1	30201959	30201967	108	5	30	pips_40_500-8000.hdf5	both	none
3021.2625	1	Stimulus/S  1	1	30212625	30212633	109	0	20	pips_40_500-8000.hdf5	both	none
3022.3292	1	Stimulus/S  1	1	30223292	30223300	109	1	40	pips_40_500-8000.hdf5	both	none
3023.3959	1	Stimulus/S  1	1	30233959	30233967	109	2	60	pips_40_500-8000.hdf5	both	none
3024.4412	1	Stimulus/S  1	1	30244412	30244420	109	3	70	pips_40_500-8000.hdf5	both	none
3025.5079	1	Stimulus/S  1	1	30255079	30255087	109	4	50	pips_40_500-8000.hdf5	both	none
3026.5639	1	Stimulus/S  1	1	30265639	30265647	109	5	30	pips_40_500-8000.hdf5	both	none
3027.6306	1	Stimulus/S  1	1	30276306	30276314	110	0	20	pips_40_500-8000.hdf5	both	none
3028.6759	1	Stimulus/S  1	1	30286759	30286767	110	1	40	pips_40_500-8000.hdf5	both	none
3029.732	1	Stimulus/S  1	1	30297320	30297328	110	2	60	pips_40_500-8000.hdf5	both	none
3030.7773	1	Stimulus/S  1	1	30307773	30307781	110	3	70	pips_40_500-8000.hdf5	both	none
3031.8226	1	Stimulus/S  1	1	30318226	30318234	110	4	50	pips_40_500-8000.hdf5	both	none
3032.8786	1	Stimulus/S  1	1	30328786	30328794	110	5	30	pips_40_500-8000.hdf5	both	none
3033.9453	1	Stimulus/S  1	1	30339453	30339461	111	0	20	pips_40_500-8000.hdf5	both	none
3034.9907	1	Stimulus/S  1	1	30349907	30349915	111	1	40	pips_40_500-8000.hdf5	both	none
3036.0573	1	Stimulus/S  1	1	30360573	30360581	111	2	60	pips_40_500-8000.hdf5	both	none
3037.1134	1	Stimulus/S  1	1	30371134	30371142	111	3	70	pips_40_500-8000.hdf5	both	none
3038.18	1	Stimulus/S  1	1	30381800	30381808	111	4	50	pips_40_500-8000.hdf5	both	none
3039.2467	1	Stimulus/S  1	1	30392467	30392475	111	5	30	pips_40_500-8000.hdf5	both	none
3040.3134	1	Stimulus/S  1	1	30403134	30403142	112	0	20	pips_40_500-8000.hdf5	both	none
3041.3801	1	Stimulus/S  1	1	30413801	30413809	112	1	40	pips_40_500-8000.hdf5	both	none
3042.4467	1	Stimulus/S  1	1	30424467	30424475	112	2	60	pips_40_500-8000.hdf5	both	none
3043.5134	1	Stimulus/S  1	1	30435134	30435142	112	3	70	pips_40_500-8000.hdf5	both	none
3044.5588	1	Stimulus/S  1	1	30445588	30445596	112	4	50	pips_40_500-8000.hdf5	both	none
3045.6254	1	Stimulus/S  1	1	30456254	30456262	112	5	30	pips_40_500-8000.hdf5	both	none
3046.6815	1	Stimulus/S  1	1	30466815	30466823	113	0	20	pips_40_500-8000.hdf5	both	none
3047.7481	1	Stimulus/S  1	1	30477481	30477489	113	1	40	pips_40_500-8000.hdf5	both	none
3048.7935	1	Stimulus/S  1	1	30487935	30487943	113	2	60	pips_40_500-8000.hdf5	both	none
3049.8495	1	Stimulus/S  1	1	30498495	30498503	113	3	70	pips_40_500-8000.hdf5	both	none
3050.8948	1	Stimulus/S  1	1	30508948	30508956	113	4	50	pips_40_500-8000.hdf5	both	none
3051.9615	1	Stimulus/S  1	1	30519615	30519623	113	5	30	pips_40_500-8000.hdf5	both	none
3053.0068	1	Stimulus/S  1	1	30530068	30530076	114	0	20	pips_40_500-8000.hdf5	both	none
3054.0735	1	Stimulus/S  1	1	30540735	30540743	114	1	40	pips_40_500-8000.hdf5	both	none
3055.1295	1	Stimulus/S  1	1	30551295	30551303	114	2	60	pips_40_500-8000.hdf5	both	none
3056.1962	1	Stimulus/S  1	1	30561962	30561970	114	3	70	pips_40_500-8000.hdf5	both	none
3057.2629	1	Stimulus/S  1	1	30572629	30572637	114	4	50	pips_40_500-8000.hdf5	both	none
3058.3296	1	Stimulus/S  1	1	30583296	30583304	114	5	30	pips_40_500-8000.hdf5	both	none
3059.3962	1	Stimulus/S  1	1	30593962	30593970	115	0	20	pips_40_500-8000.hdf5	both	none
3060.4629	1	Stimulus/S  1	1	30604629	30604637	115	1	40	pips_40_500-8000.hdf5	both	none
3061.5296	1	Stimulus/S  1	1	30615296	30615304	115	2	60	pips_40_500-8000.hdf5	both	none
3062.5749	1	Stimulus/S  1	1	30625749	30625757	115	3	70	pips_40_500-8000.hdf5	both	none
3063.6416	1	Stimulus/S  1	1	30636416	30636424	115	4	50	pips_40_500-8000.hdf5	both	none
3064.6976	1	Stimulus/S  1	1	30646976	30646984	115	5	30	pips_40_500-8000.hdf5	both	none
3065.743	1	Stimulus/S  1	1	30657430	30657438	116	0	20	pips_40_500-8000.hdf5	both	none
3066.799	1	Stimulus/S  1	1	30667990	30667998	116	1	40	pips_40_500-8000.hdf5	both	none
3067.8443	1	Stimulus/S  1	1	30678443	30678451	116	2	60	pips_40_500-8000.hdf5	both	none
3068.8897	1	Stimulus/S  1	1	30688897	30688905	116	3	70	pips_40_500-8000.hdf5	both	none
3069.9457	1	Stimulus/S  1	1	30699457	30699465	116	4	50	pips_40_500-8000.hdf5	both	none
3070.991	1	Stimulus/S  1	1	30709910	30709918	116	5	30	pips_40_500-8000.hdf5	both	none
3072.047	1	Stimulus/S  1	1	30720470	30720478	117	0	20	pips_40_500-8000.hdf5	both	none
3073.1137	1	Stimulus/S  1	1	30731137	30731145	117	1	40	pips_40_500-8000.hdf5	both	none
3074.1804	1	Stimulus/S  1	1	30741804	30741812	117	2	60	pips_40_500-8000.hdf5	both	none
3075.2471	1	Stimulus/S  1	1	30752471	30752479	117	3	70	pips_40_500-8000.hdf5	both	none
3076.3137	1	Stimulus/S  1	1	30763137	30763145	117	4	50	pips_40_500-8000.hdf5	both	none
3077.3804	1	Stimulus/S  1	1	30773804	30773812	117	5	30	pips_40_500-8000.hdf5	both	none
3078.4471	1	Stimulus/S  1	1	30784471	30784479	118	0	20	pips_40_500-8000.hdf5	both	none
3079.5138	1	Stimulus/S  1	1	30795138	30795146	118	1	40	pips_40_500-8000.hdf5	both	none
3080.5805	1	Stimulus/S  1	1	30805805	30805813	118	2	60	pips_40_500-8000.hdf5	both	none
3081.6471	1	Stimulus/S  1	1	30816471	30816479	118	3	70	pips_40_500-8000.hdf5	both	none
3082.6925	1	Stimulus/S  1	1	30826925	30826933	118	4	50	pips_40_500-8000.hdf5	both	none
3083.7591	1	Stimulus/S  1	1	30837591	30837599	118	5	30	pips_40_500-8000.hdf5	both	none
3084.8152	1	Stimulus/S  1	1	30848152	30848160	119	0	20	pips_40_500-8000.hdf5	both	none
3085.8818	1	Stimulus/S  1	1	30858818	30858826	119	1	40	pips_40_500-8000.hdf5	both	none
3086.9272	1	Stimulus/S  1	1	30869272	30869280	119	2	60	pips_40_500-8000.hdf5	both	none
3087.9832	1	Stimulus/S  1	1	30879832	30879840	119	3	70	pips_40_500-8000.hdf5	both	none
3089.0285	1	Stimulus/S  1	1	30890285	30890293	119	4	50	pips_40_500-8000.hdf5	both	none
3090.0739	1	Stimulus/S  1	1	30900739	30900747	119	5	30	pips_40_500-8000.hdf5	both	none
3091.1299	1	Stimulus/S  1	1	30911299	30911307	0	0	20	pips_40_500-8000.hdf5	both	none
3092.1966	1	Stimulus/S  1	1	30921966	30921974	0	1	40	pips_40_500-8000.hdf5	both	none
3093.2419	1	Stimulus/S  1	1	30932419	30932427	0	2	60	pips_40_500-8000.hdf5	both	none
3094.3086	1	Stimulus/S  1	1	30943086	30943094	0	3	70	pips_40_500-8000.hdf5	both	none
3095.3646	1	Stimulus/S  1	1	30953646	30953654	0	4	50	pips_40_500-8000.hdf5	both	none
3096.4313	1	Stimulus/S  1	1	30964313	30964321	0	5	30	pips_40_500-8000.hdf5	both	none
3097.4979	1	Stimulus/S  1	1	30974979	30974987	1	0	20	pips_40_500-8000.hdf5	both	none
3098.5646	1	Stimulus/S  1	1	30985646	30985654	1	1	40	pips_40_500-8000.hdf5	both	none
3099.6313	1	Stimulus/S  1	1	30996313	30996321	1	2	60	pips_40_500-8000.hdf5	both	none
3100.698	1	Stimulus/S  1	1	31006980	31006988	1	3	70	pips_40_500-8000.hdf5	both	none
3101.7647	1	Stimulus/S  1	1	31017647	31017655	1	4	50	pips_40_500-8000.hdf5	both	none
3102.81	1	Stimulus/S  1	1	31028100	31028108	1	5	30	pips_40_500-8000.hdf5	both	none
3103.8767	1	Stimulus/S  1	1	31038767	31038775	2	0	20	pips_40_500-8000.hdf5	both	none
3104.9327	1	Stimulus/S  1	1	31049327	31049335	2	1	40	pips_40_500-8000.hdf5	both	none
3105.9994	1	Stimulus/S  1	1	31059994	31060002	2	2	60	pips_40_500-8000.hdf5	both	none
3107.0447	1	Stimulus/S  1	1	31070447	31070455	2	3	70	pips_40_500-8000.hdf5	both	none
3108.0901	1	Stimulus/S  1	1	31080901	31080909	2	4	50	pips_40_500-8000.hdf5	both	none
3109.1461	1	Stimulus/S  1	1	31091461	31091469	2	5	30	pips_40_500-8000.hdf5	both	none
3110.1914	1	Stimulus/S  1	1	31101914	31101922	3	0	20	pips_40_500-8000.hdf5	both	none
3111.2474	1	Stimulus/S  1	1	31112474	31112482	3	1	40	pips_40_500-8000.hdf5	both	none
3112.3141	1	Stimulus/S  1	1	31123141	31123149	3	2	60	pips_40_500-8000.hdf5	both	none
3113.3594	1	Stimulus/S  1	1	31133594	31133602	3	3	70	pips_40_500-8000.hdf5	both	none
3114.4261	1	Stimulus/S  1	1	31144261	31144269	3	4	50	pips_40_500-8000.hdf5	both	none
3115.4821	1	Stimulus/S  1	1	31154821	31154829	3	5	30	pips_40_500-8000.hdf5	both	none
3116.5488	1	Stimulus/S  1	1	31165488	31165496	4	0	20	pips_40_500-8000.hdf5	both	none
3117.6155	1	Stimulus/S  1	1	31176155	31176163	4	1	40	pips_40_500-8000.hdf5	both	none
3118.6822	1	Stimulus/S  1	1	31186822	31186830	4	2	60	pips_40_500-8000.hdf5	both	none
3119.7488	1	Stimulus/S  1	1	31197488	31197496	4	3	70	pips_40_500-8000.hdf5	both	none
3120.8155	1	Stimulus/S  1	1	31208155	31208163	4	4	50	pips_40_500-8000.hdf5	both	none
3121.8822	1	Stimulus/S  1	1	31218822	31218830	4	5	30	pips_40_500-8000.hdf5	both	none
3122.9275	1	Stimulus/S  1	1	31229275	31229283	5	0	20	pips_40_500-8000.hdf5	both	none
3123.9942	1	Stimulus/S  1	1	31239942	31239950	5	1	40	pips_40_500-8000.hdf5	both	none
3125.0502	1	Stimulus/S  1	1	31250502	31250510	5	2	60	pips_40_500-8000.hdf5	both	none
3126.1169	1	Stimulus/S  1	1	31261169	31261177	5	3	70	pips_40_500-8000.hdf5	both	none
3127.1622	1	Stimulus/S  1	1	31271622	31271630	5	4	50	pips_40_500-8000.hdf5	both	none
3128.2076	1	Stimulus/S  1	1	31282076	31282084	5	5	30	pips_40_500-8000.hdf5	both	none
3129.2636	1	Stimulus/S  1	1	31292636	31292644	6	0	20	pips_40_500-8000.hdf5	both	none
3130.3089	1	Stimulus/S  1	1	31303089	31303097	6	1	40	pips_40_500-8000.hdf5	both	none
3131.3649	1	Stimulus/S  1	1	31313649	31313657	6	2	60	pips_40_500-8000.hdf5	both	none
3132.4316	1	Stimulus/S  1	1	31324316	31324324	6	3	70	pips_40_500-8000.hdf5	both	none
3133.477	1	Stimulus/S  1	1	31334770	31334778	6	4	50	pips_40_500-8000.hdf5	both	none
3134.5436	1	Stimulus/S  1	1	31345436	31345444	6	5	30	pips_40_500-8000.hdf5	both	none
3135.5997	1	Stimulus/S  1	1	31355997	31356005	7	0	20	pips_40_500-8000.hdf5	both	none
3136.6663	1	Stimulus/S  1	1	31366663	31366671	7	1	40	pips_40_500-8000.hdf5	both	none
3137.733	1	Stimulus/S  1	1	31377330	31377338	7	2	60	pips_40_500-8000.hdf5	both	none
3138.7997	1	Stimulus/S  1	1	31387997	31388005	7	3	70	pips_40_500-8000.hdf5	both	none
3139.8664	1	Stimulus/S  1	1	31398664	31398672	7	4	50	pips_40_500-8000.hdf5	both	none
3140.933	1	Stimulus/S  1	1	31409330	31409338	7	5	30	pips_40_500-8000.hdf5	both	none
3141.9997	1	Stimulus/S  1	1	31419997	31420005	8	0	20	pips_40_500-8000.hdf5	both	none
3143.0451	1	Stimulus/S  1	1	31430451	31430459	8	1	40	pips_40_500-8000.hdf5	both	none
3144.1117	1	Stimulus/S  1	1	31441117	31441125	8	2	60	pips_40_500-8000.hdf5	both	none
3145.1677	1	Stimulus/S  1	1	31451677	31451685	8	3	70	pips_40_500-8000.hdf5	both	none
3146.2238	1	Stimulus/S  1	1	31462238	31462246	8	4	50	pips_40_500-8000.hdf5	both	none
3147.2798	1	Stimulus/S  1	1	31472798	31472806	8	5	30	pips_40_500-8000.hdf5	both	none
3148.3251	1	Stimulus/S  1	1	31483251	31483259	9	0	20	pips_40_500-8000.hdf5	both	none
3149.3811	1	Stimulus/S  1	1	31493811	31493819	9	1	40	pips_40_500-8000.hdf5	both	none
3150.4478	1	Stimulus/S  1	1	31504478	31504486	9	2	60	pips_40_500-8000.hdf5	both	none
3151.4931	1	Stimulus/S  1	1	31514931	31514939	9	3	70	pips_40_500-8000.hdf5	both	none
3152.5598	1	Stimulus/S  1	1	31525598	31525606	9	4	50	pips_40_500-8000.hdf5	both	none
3153.6158	1	Stimulus/S  1	1	31536158	31536166	9	5	30	pips_40_500-8000.hdf5	both	none
3154.6825	1	Stimulus/S  1	1	31546825	31546833	10	0	20	pips_40_500-8000.hdf5	both	none
3155.7492	1	Stimulus/S  1	1	31557492	31557500	10	1	40	pips_40_500-8000.hdf5	both	none
3156.8159	1	Stimulus/S  1	1	31568159	31568167	10	2	60	pips_40_500-8000.hdf5	both	none
3157.8825	1	Stimulus/S  1	1	31578825	31578833	10	3	70	pips_40_500-8000.hdf5	both	none
3158.9492	1	Stimulus/S  1	1	31589492	31589500	10	4	50	pips_40_500-8000.hdf5	both	none
3160.0159	1	Stimulus/S  1	1	31600159	31600167	10	5	30	pips_40_500-8000.hdf5	both	none
3161.0612	1	Stimulus/S  1	1	31610612	31610620	11	0	20	pips_40_500-8000.hdf5	both	none
3162.1279	1	Stimulus/S  1	1	31621279	31621287	11	1	40	pips_40_500-8000.hdf5	both	none
3163.1839	1	Stimulus/S  1	1	31631839	31631847	11	2	60	pips_40_500-8000.hdf5	both	none
3164.2506	1	Stimulus/S  1	1	31642506	31642514	11	3	70	pips_40_500-8000.hdf5	both	none
3165.2959	1	Stimulus/S  1	1	31652959	31652967	11	4	50	pips_40_500-8000.hdf5	both	none
3166.3413	1	Stimulus/S  1	1	31663413	31663421	11	5	30	pips_40_500-8000.hdf5	both	none
3167.3973	1	Stimulus/S  1	1	31673973	31673981	12	0	20	pips_40_500-8000.hdf5	both	none
3168.4426	1	Stimulus/S  1	1	31684426	31684434	12	1	40	pips_40_500-8000.hdf5	both	none
3169.4987	1	Stimulus/S  1	1	31694987	31694995	12	2	60	pips_40_500-8000.hdf5	both	none
3170.5653	1	Stimulus/S  1	1	31705653	31705661	12	3	70	pips_40_500-8000.hdf5	both	none
3171.6107	1	Stimulus/S  1	1	31716107	31716115	12	4	50	pips_40_500-8000.hdf5	both	none
3172.6774	1	Stimulus/S  1	1	31726774	31726782	12	5	30	pips_40_500-8000.hdf5	both	none
3173.7334	1	Stimulus/S  1	1	31737334	31737342	13	0	20	pips_40_500-8000.hdf5	both	none
3174.8	1	Stimulus/S  1	1	31748000	31748008	13	1	40	pips_40_500-8000.hdf5	both	none
3175.8667	1	Stimulus/S  1	1	31758667	31758675	13	2	60	pips_40_500-8000.hdf5	both	none
3176.9334	1	Stimulus/S  1	1	31769334	31769342	13	3	70	pips_40_500-8000.hdf5	both	none
3178.0001	1	Stimulus/S  1	1	31780001	31780009	13	4	50	pips_40_500-8000.hdf5	both	none
3179.0667	1	Stimulus/S  1	1	31790667	31790675	13	5	30	pips_40_500-8000.hdf5	both	none
3180.1121	1	Stimulus/S  1	1	31801121	31801129	14	0	20	pips_40_500-8000.hdf5	both	none
3181.1788	1	Stimulus/S  1	1	31811788	31811796	14	1	40	pips_40_500-8000.hdf5	both	none
3182.2348	1	Stimulus/S  1	1	31822348	31822356	14	2	60	pips_40_500-8000.hdf5	both	none
3183.2801	1	Stimulus/S  1	1	31832801	31832809	14	3	70	pips_40_500-8000.hdf5	both	none
3184.3255	1	Stimulus/S  1	1	31843255	31843263	14	4	50	pips_40_500-8000.hdf5	both	none
3185.3815	1	Stimulus/S  1	1	31853815	31853823	14	5	30	pips_40_500-8000.hdf5	both	none
3186.4268	1	Stimulus/S  1	1	31864268	31864276	15	0	20	pips_40_500-8000.hdf5	both	none
3187.4935	1	Stimulus/S  1	1	31874935	31874943	15	1	40	pips_40_500-8000.hdf5	both	none
3188.5495	1	Stimulus/S  1	1	31885495	31885503	15	2	60	pips_40_500-8000.hdf5	both	none
3189.6162	1	Stimulus/S  1	1	31896162	31896170	15	3	70	pips_40_500-8000.hdf5	both	none
3190.6615	1	Stimulus/S  1	1	31906615	31906623	15	4	50	pips_40_500-8000.hdf5	both	none
3191.7282	1	Stimulus/S  1	1	31917282	31917290	15	5	30	pips_40_500-8000.hdf5	both	none
3192.7949	1	Stimulus/S  1	1	31927949	31927957	16	0	20	pips_40_500-8000.hdf5	both	none
3193.8616	1	Stimulus/S  1	1	31938616	31938624	16	1	40	pips_40_500-8000.hdf5	both	none
3194.9282	1	Stimulus/S  1	1	31949282	31949290	16	2	60	pips_40_500-8000.hdf5	both	none
3195.9949	1	Stimulus/S  1	1	31959949	31959957	16	3	70	pips_40_500-8000.hdf5	both	none
3197.0616	1	Stimulus/S  1	1	31970616	31970624	16	4	50	pips_40_500-8000.hdf5	both	none
3198.1283	1	Stimulus/S  1	1	31981283	31981291	16	5	30	pips_40_500-8000.hdf5	both	none
3199.1949	1	Stimulus/S  1	1	31991949	31991957	17	0	20	pips_40_500-8000.hdf5	both	none
3200.2616	1	Stimulus/S  1	1	32002616	32002624	17	1	40	pips_40_500-8000.hdf5	both	none
3201.3176	1	Stimulus/S  1	1	32013176	32013184	17	2	60	pips_40_500-8000.hdf5	both	none
3202.3843	1	Stimulus/S  1	1	32023843	32023851	17	3	70	pips_40_500-8000.hdf5	both	none
3203.4297	1	Stimulus/S  1	1	32034297	32034305	17	4	50	pips_40_500-8000.hdf5	both	none
3204.475	1	Stimulus/S  1	1	32044750	32044758	17	5	30	pips_40_500-8000.hdf5	both	none
3205.531	1	Stimulus/S  1	1	32055310	32055318	18	0	20	pips_40_500-8000.hdf5	both	none
3206.5763	1	Stimulus/S  1	1	32065763	32065771	18	1	40	pips_40_500-8000.hdf5	both	none
3207.6324	1	Stimulus/S  1	1	32076324	32076332	18	2	60	pips_40_500-8000.hdf5	both	none
3208.6777	1	Stimulus/S  1	1	32086777	32086785	18	3	70	pips_40_500-8000.hdf5	both	none
3209.7444	1	Stimulus/S  1	1	32097444	32097452	18	4	50	pips_40_500-8000.hdf5	both	none
3210.8111	1	Stimulus/S  1	1	32108111	32108119	18	5	30	pips_40_500-8000.hdf5	both	none
3211.8671	1	Stimulus/S  1	1	32118671	32118679	19	0	20	pips_40_500-8000.hdf5	both	none
3212.9124	1	Stimulus/S  1	1	32129124	32129132	19	1	40	pips_40_500-8000.hdf5	both	none
3213.9684	1	Stimulus/S  1	1	32139684	32139692	19	2	60	pips_40_500-8000.hdf5	both	none
3215.0138	1	Stimulus/S  1	1	32150138	32150146	19	3	70	pips_40_500-8000.hdf5	both	none
3216.0591	1	Stimulus/S  1	1	32160591	32160599	19	4	50	pips_40_500-8000.hdf5	both	none
3217.1151	1	Stimulus/S  1	1	32171151	32171159	19	5	30	pips_40_500-8000.hdf5	both	none
3218.1818	1	Stimulus/S  1	1	32181818	32181826	20	0	20	pips_40_500-8000.hdf5	both	none
3219.2271	1	Stimulus/S  1	1	32192271	32192279	20	1	40	pips_40_500-8000.hdf5	both	none
3220.2938	1	Stimulus/S  1	1	32202938	32202946	20	2	60	pips_40_500-8000.hdf5	both	none
3221.3605	1	Stimulus/S  1	1	32213605	32213613	20	3	70	pips_40_500-8000.hdf5	both	none
3222.4272	1	Stimulus/S  1	1	32224272	32224280	20	4	50	pips_40_500-8000.hdf5	both	none
3223.4938	1	Stimulus/S  1	1	32234938	32234946	20	5	30	pips_40_500-8000.hdf5	both	none
3224.5605	1	Stimulus/S  1	1	32245605	32245613	21	0	20	pips_40_500-8000.hdf5	both	none
3225.6272	1	Stimulus/S  1	1	32256272	32256280	21	1	40	pips_40_500-8000.hdf5	both	none
3226.6832	1	Stimulus/S  1	1	32266832	32266840	21	2	60	pips_40_500-8000.hdf5	both	none
3227.7499	1	Stimulus/S  1	1	32277499	32277507	21	3	70	pips_40_500-8000.hdf5	both	none
3228.7952	1	Stimulus/S  1	1	32287952	32287960	21	4	50	pips_40_500-8000.hdf5	both	none
3229.8619	1	Stimulus/S  1	1	32298619	32298627	21	5	30	pips_40_500-8000.hdf5	both	none
3230.9179	1	Stimulus/S  1	1	32309179	32309187	22	0	20	pips_40_500-8000.hdf5	both	none
3231.9633	1	Stimulus/S  1	1	32319633	32319641	22	1	40	pips_40_500-8000.hdf5	both	none
3233.0193	1	Stimulus/S  1	1	32330193	32330201	22	2	60	pips_40_500-8000.hdf5	both	none
3234.0646	1	Stimulus/S  1	1	32340646	32340654	22	3	70	pips_40_500-8000.hdf5	both	none
3235.11	1	Stimulus/S  1	1	32351100	32351108	22	4	50	pips_40_500-8000.hdf5	both	none
3236.1766	1	Stimulus/S  1	1	32361766	32361774	22	5	30	pips_40_500-8000.hdf5	both	none
3237.2326	1	Stimulus/S  1	1	32372326	32372334	23	0	20	pips_40_500-8000.hdf5	both	none
3238.2993	1	Stimulus/S  1	1	32382993	32383001	23	1	40	pips_40_500-8000.hdf5	both	none
3239.3447	1	Stimulus/S  1	1	32393447	32393455	23	2	60	pips_40_500-8000.hdf5	both	none
3240.4113	1	Stimulus/S  1	1	32404113	32404121	23	3	70	pips_40_500-8000.hdf5	both	none
3241.478	1	Stimulus/S  1	1	32414780	32414788	23	4	50	pips_40_500-8000.hdf5	both	none
3242.5447	1	Stimulus/S  1	1	32425447	32425455	23	5	30	pips_40_500-8000.hdf5	both	none
3243.6114	1	Stimulus/S  1	1	32436114	32436122	24	0	20	pips_40_500-8000.hdf5	both	none
3244.6781	1	Stimulus/S  1	1	32446781	32446789	24	1	40	pips_40_500-8000.hdf5	both	none
3245.7447	1	Stimulus/S  1	1	32457447	32457455	24	2	60	pips_40_500-8000.hdf5	both	none
3246.8007	1	Stimulus/S  1	1	32468007	32468015	24	3	70	pips_40_500-8000.hdf5	both	none
3247.8674	1	Stimulus/S  1	1	32478674	32478682	24	4	50	pips_40_500-8000.hdf5	both	none
3248.9128	1	Stimulus/S  1	1	32489128	32489136	24	5	30	pips_40_500-8000.hdf5	both	none
3249.9794	1	Stimulus/S  1	1	32499794	32499802	25	0	20	pips_40_500-8000.hdf5	both	none
3251.0355	1	Stimulus/S  1	1	32510355	32510363	25	1	40	pips_40_500-8000.hdf5	both	none
3252.0808	1	Stimulus/S  1	1	32520808	32520816	25	2	60	pips_40_500-8000.hdf5	both	none
3253.1261	1	Stimulus/S  1	1	32531261	32531269	25	3	70	pips_40_500-8000.hdf5	both	none
3254.1928	1	Stimulus/S  1	1	32541928	32541936	25	4	50	pips_40_500-8000.hdf5	both	none
3255.2488	1	Stimulus/S  1	1	32552488	32552496	25	5	30	pips_40_500-8000.hdf5	both	none
3256.3155	1	Stimulus/S  1	1	32563155	32563163	26	0	20	pips_40_500-8000.hdf5	both	none
3257.3608	1	Stimulus/S  1	1	32573608	32573616	26	1	40	pips_40_500-8000.hdf5	both	none
3258.4275	1	Stimulus/S  1	1	32584275	32584283	26	2	60	pips_40_500-8000.hdf5	both	none
3259.4942	1	Stimulus/S  1	1	32594942	32594950	26	3	70	pips_40_500-8000.hdf5	both	none
3260.5609	1	Stimulus/S  1	1	32605609	32605617	26	4	50	pips_40_500-8000.hdf5	both	none
3261.6276	1	Stimulus/S  1	1	32616276	32616284	26	5	30	pips_40_500-8000.hdf5	both	none
3262.6942	1	Stimulus/S  1	1	32626942	32626950	27	0	20	pips_40_500-8000.hdf5	both	none
3263.7609	1	Stimulus/S  1	1	32637609	32637617	27	1	40	pips_40_500-8000.hdf5	both	none
3264.8169	1	Stimulus/S  1	1	32648169	32648177	27	2	60	pips_40_500-8000.hdf5	both	none
3265.8836	1	Stimulus/S  1	1	32658836	32658844	27	3	70	pips_40_500-8000.hdf5	both	none
3266.9289	1	Stimulus/S  1	1	32669289	32669297	27	4	50	pips_40_500-8000.hdf5	both	none
3267.9956	1	Stimulus/S  1	1	32679956	32679964	27	5	30	pips_40_500-8000.hdf5	both	none
3269.0516	1	Stimulus/S  1	1	32690516	32690524	28	0	20	pips_40_500-8000.hdf5	both	none
3270.097	1	Stimulus/S  1	1	32700970	32700978	28	1	40	pips_40_500-8000.hdf5	both	none
3271.153	1	Stimulus/S  1	1	32711530	32711538	28	2	60	pips_40_500-8000.hdf5	both	none
3272.1983	1	Stimulus/S  1	1	32721983	32721991	28	3	70	pips_40_500-8000.hdf5	both	none
3273.2437	1	Stimulus/S  1	1	32732437	32732445	28	4	50	pips_40_500-8000.hdf5	both	none
3274.3103	1	Stimulus/S  1	1	32743103	32743111	28	5	30	pips_40_500-8000.hdf5	both	none
3275.3664	1	Stimulus/S  1	1	32753664	32753672	29	0	20	pips_40_500-8000.hdf5	both	none
3276.433	1	Stimulus/S  1	1	32764330	32764338	29	1	40	pips_40_500-8000.hdf5	both	none
3277.4784	1	Stimulus/S  1	1	32774784	32774792	29	2	60	pips_40_500-8000.hdf5	both	none
3278.5451	1	Stimulus/S  1	1	32785451	32785459	29	3	70	pips_40_500-8000.hdf5	both	none
3279.6117	1	Stimulus/S  1	1	32796117	32796125	29	4	50	pips_40_500-8000.hdf5	both	none
3280.6784	1	Stimulus/S  1	1	32806784	32806792	29	5	30	pips_40_500-8000.hdf5	both	none
3281.7451	1	Stimulus/S  1	1	32817451	32817459	30	0	20	pips_40_500-8000.hdf5	both	none
3282.8118	1	Stimulus/S  1	1	32828118	32828126	30	1	40	pips_40_500-8000.hdf5	both	none
3283.8784	1	Stimulus/S  1	1	32838784	32838792	30	2	60	pips_40_500-8000.hdf5	both	none
3284.9344	1	Stimulus/S  1	1	32849344	32849352	30	3	70	pips_40_500-8000.hdf5	both	none
3286.0011	1	Stimulus/S  1	1	32860011	32860019	30	4	50	pips_40_500-8000.hdf5	both	none
3287.0465	1	Stimulus/S  1	1	32870465	32870473	30	5	30	pips_40_500-8000.hdf5	both	none
3288.1131	1	Stimulus/S  1	1	32881131	32881139	31	0	20	pips_40_500-8000.hdf5	both	none
3289.1692	1	Stimulus/S  1	1	32891692	32891700	31	1	40	pips_40_500-8000.hdf5	both	none
3290.2145	1	Stimulus/S  1	1	32902145	32902153	31	2	60	pips_40_500-8000.hdf5	both	none
3291.2705	1	Stimulus/S  1	1	32912705	32912713	31	3	70	pips_40_500-8000.hdf5	both	none
3292.3159	1	Stimulus/S  1	1	32923159	32923167	31	4	50	pips_40_500-8000.hdf5	both	none
3293.3612	1	Stimulus/S  1	1	32933612	32933620	31	5	30	pips_40_500-8000.hdf5	both	none
3294.4279	1	Stimulus/S  1	1	32944279	32944287	32	0	20	pips_40_500-8000.hdf5	both	none
3295.4839	1	Stimulus/S  1	1	32954839	32954847	32	1	40	pips_40_500-8000.hdf5	both	none
3296.5506	1	Stimulus/S  1	1	32965506	32965514	32	2	60	pips_40_500-8000.hdf5	both	none
3297.5959	1	Stimulus/S  1	1	32975959	32975967	32	3	70	pips_40_500-8000.hdf5	both	none
3298.6626	1	Stimulus/S  1	1	32986626	32986634	32	4	50	pips_40_500-8000.hdf5	both	none
3299.7293	1	Stimulus/S  1	1	32997293	32997301	32	5	30	pips_40_500-8000.hdf5	both	none
3300.7959	1	Stimulus/S  1	1	33007959	33007967	33	0	20	pips_40_500-8000.hdf5	both	none
3301.8626	1	Stimulus/S  1	1	33018626	33018634	33	1	40	pips_40_500-8000.hdf5	both	none
3302.9293	1	Stimulus/S  1	1	33029293	33029301	33	2	60	pips_40_500-8000.hdf5	both	none
3303.996	1	Stimulus/S  1	1	33039960	33039968	33	3	70	pips_40_500-8000.hdf5	both	none
3305.0626	1	Stimulus/S  1	1	33050626	33050634	33	4	50	pips_40_500-8000.hdf5	both	none
3306.1293	1	Stimulus/S  1	1	33061293	33061301	33	5	30	pips_40_500-8000.hdf5	both	none
3307.196	1	Stimulus/S  1	1	33071960	33071968	34	0	20	pips_40_500-8000.hdf5	both	none
3308.252	1	Stimulus/S  1	1	33082520	33082528	34	1	40	pips_40_500-8000.hdf5	both	none
3309.3187	1	Stimulus/S  1	1	33093187	33093195	34	2	60	pips_40_500-8000.hdf5	both	none
3310.364	1	Stimulus/S  1	1	33103640	33103648	34	3	70	pips_40_500-8000.hdf5	both	none
3311.4307	1	Stimulus/S  1	1	33114307	33114315	34	4	50	pips_40_500-8000.hdf5	both	none
3312.4867	1	Stimulus/S  1	1	33124867	33124875	34	5	30	pips_40_500-8000.hdf5	both	none
3313.5321	1	Stimulus/S  1	1	33135321	33135329	35	0	20	pips_40_500-8000.hdf5	both	none
3314.5774	1	Stimulus/S  1	1	33145774	33145782	35	1	40	pips_40_500-8000.hdf5	both	none
3315.6334	1	Stimulus/S  1	1	33156334	33156342	35	2	60	pips_40_500-8000.hdf5	both	none
3316.6788	1	Stimulus/S  1	1	33166788	33166796	35	3	70	pips_40_500-8000.hdf5	both	none
3317.7454	1	Stimulus/S  1	1	33177454	33177462	35	4	50	pips_40_500-8000.hdf5	both	none
3318.8014	1	Stimulus/S  1	1	33188014	33188022	35	5	30	pips_40_500-8000.hdf5	both	none
3319.8681	1	Stimulus/S  1	1	33198681	33198689	36	0	20	pips_40_500-8000.hdf5	both	none
3320.9135	1	Stimulus/S  1	1	33209135	33209143	36	1	40	pips_40_500-8000.hdf5	both	none
3321.9801	1	Stimulus/S  1	1	33219801	33219809	36	2	60	pips_40_500-8000.hdf5	both	none
3323.0468	1	Stimulus/S  1	1	33230468	33230476	36	3	70	pips_40_500-8000.hdf5	both	none
3324.1135	1	Stimulus/S  1	1	33241135	33241143	36	4	50	pips_40_500-8000.hdf5	both	none
3325.1802	1	Stimulus/S  1	1	33251802	33251810	36	5	30	pips_40_500-8000.hdf5	both	none
3326.2469	1	Stimulus/S  1	1	33262469	33262477	37	0	20	pips_40_500-8000.hdf5	both	none
3327.3135	1	Stimulus/S  1	1	33273135	33273143	37	1	40	pips_40_500-8000.hdf5	both	none
3328.3695	1	Stimulus/S  1	1	33283695	33283703	37	2	60	pips_40_500-8000.hdf5	both	none
3329.4362	1	Stimulus/S  1	1	33294362	33294370	37	3	70	pips_40_500-8000.hdf5	both	none
3330.4816	1	Stimulus/S  1	1	33304816	33304824	37	4	50	pips_40_500-8000.hdf5	both	none
3331.5482	1	Stimulus/S  1	1	33315482	33315490	37	5	30	pips_40_500-8000.hdf5	both	none
3332.6042	1	Stimulus/S  1	1	33326042	33326050	38	0	20	pips_40_500-8000.hdf5	both	none
3333.6496	1	Stimulus/S  1	1	33336496	33336504	38	1	40	pips_40_500-8000.hdf5	both	none
3334.6949	1	Stimulus/S  1	1	33346949	33346957	38	2	60	pips_40_500-8000.hdf5	both	none
3335.7509	1	Stimulus/S  1	1	33357509	33357517	38	3	70	pips_40_500-8000.hdf5	both	none
3336.7963	1	Stimulus/S  1	1	33367963	33367971	38	4	50	pips_40_500-8000.hdf5	both	none
3337.863	1	Stimulus/S  1	1	33378630	33378638	38	5	30	pips_40_500-8000.hdf5	both	none
3338.919	1	Stimulus/S  1	1	33389190	33389198	39	0	20	pips_40_500-8000.hdf5	both	none
3339.9857	1	Stimulus/S  1	1	33399857	33399865	39	1	40	pips_40_500-8000.hdf5	both	none
3341.031	1	Stimulus/S  1	1	33410310	33410318	39	2	60	pips_40_500-8000.hdf5	both	none
3342.0977	1	Stimulus/S  1	1	33420977	33420985	39	3	70	pips_40_500-8000.hdf5	both	none
3343.1644	1	Stimulus/S  1	1	33431644	33431652	39	4	50	pips_40_500-8000.hdf5	both	none
3344.231	1	Stimulus/S  1	1	33442310	33442318	39	5	30	pips_40_500-8000.hdf5	both	none
3345.2977	1	Stimulus/S  1	1	33452977	33452985	40	0	20	pips_40_500-8000.hdf5	both	none
3346.3644	1	Stimulus/S  1	1	33463644	33463652	40	1	40	pips_40_500-8000.hdf5	both	none
3347.4311	1	Stimulus/S  1	1	33474311	33474319	40	2	60	pips_40_500-8000.hdf5	both	none
3348.4871	1	Stimulus/S  1	1	33484871	33484879	40	3	70	pips_40_500-8000.hdf5	both	none
3349.5537	1	Stimulus/S  1	1	33495537	33495545	40	4	50	pips_40_500-8000.hdf5	both	none
3350.5991	1	Stimulus/S  1	1	33505991	33505999	40	5	30	pips_40_500-8000.hdf5	both	none
3351.6658	1	Stimulus/S  1	1	33516658	33516666	41	0	20	pips_40_500-8000.hdf5	both	none
3352.7111	1	Stimulus/S  1	1	33527111	33527119	41	1	40	pips_40_500-8000.hdf5	both	none
3353.7671	1	Stimulus/S  1	1	33537671	33537679	41	2	60	pips_40_500-8000.hdf5	both	none
3354.8125	1	Stimulus/S  1	1	33548125	33548133	41	3	70	pips_40_500-8000.hdf5	both	none
3355.8791	1	Stimulus/S  1	1	33558791	33558799	41	4	50	pips_40_500-8000.hdf5	both	none
3356.9352	1	Stimulus/S  1	1	33569352	33569360	41	5	30	pips_40_500-8000.hdf5	both	none
3358.0018	1	Stimulus/S  1	1	33580018	33580026	42	0	20	pips_40_500-8000.hdf5	both	none
3359.0472	1	Stimulus/S  1	1	33590472	33590480	42	1	40	pips_40_500-8000.hdf5	both	none
3360.1139	1	Stimulus/S  1	1	33601139	33601147	42	2	60	pips_40_500-8000.hdf5	both	none
3361.1805	1	Stimulus/S  1	1	33611805	33611813	42	3	70	pips_40_500-8000.hdf5	both	none
3362.2472	1	Stimulus/S  1	1	33622472	33622480	42	4	50	pips_40_500-8000.hdf5	both	none
3363.3139	1	Stimulus/S  1	1	33633139	33633147	42	5	30	pips_40_500-8000.hdf5	both	none
3364.3806	1	Stimulus/S  1	1	33643806	33643814	43	0	20	pips_40_500-8000.hdf5	both	none
3365.4472	1	Stimulus/S  1	1	33654472	33654480	43	1	40	pips_40_500-8000.hdf5	both	none
3366.5139	1	Stimulus/S  1	1	33665139	33665147	43	2	60	pips_40_500-8000.hdf5	both	none
3367.5806	1	Stimulus/S  1	1	33675806	33675814	43	3	70	pips_40_500-8000.hdf5	both	none
3368.6473	1	Stimulus/S  1	1	33686473	33686481	43	4	50	pips_40_500-8000.hdf5	both	none
3369.7033	1	Stimulus/S  1	1	33697033	33697041	43	5	30	pips_40_500-8000.hdf5	both	none
3370.77	1	Stimulus/S  1	1	33707700	33707708	44	0	20	pips_40_500-8000.hdf5	both	none
3371.8153	1	Stimulus/S  1	1	33718153	33718161	44	1	40	pips_40_500-8000.hdf5	both	none
3372.8713	1	Stimulus/S  1	1	33728713	33728721	44	2	60	pips_40_500-8000.hdf5	both	none
3373.9167	1	Stimulus/S  1	1	33739167	33739175	44	3	70	pips_40_500-8000.hdf5	both	none
3374.962	1	Stimulus/S  1	1	33749620	33749628	44	4	50	pips_40_500-8000.hdf5	both	none
3376.018	1	Stimulus/S  1	1	33760180	33760188	44	5	30	pips_40_500-8000.hdf5	both	none
3377.0633	1	Stimulus/S  1	1	33770633	33770641	45	0	20	pips_40_500-8000.hdf5	both	none
3378.1194	1	Stimulus/S  1	1	33781194	33781202	45	1	40	pips_40_500-8000.hdf5	both	none
3379.1647	1	Stimulus/S  1	1	33791647	33791655	45	2	60	pips_40_500-8000.hdf5	both	none
3380.2207	1	Stimulus/S  1	1	33802207	33802215	45	3	70	pips_40_500-8000.hdf5	both	none
3381.2661	1	Stimulus/S  1	1	33812661	33812669	45	4	50	pips_40_500-8000.hdf5	both	none
3382.3327	1	Stimulus/S  1	1	33823327	33823335	45	5	30	pips_40_500-8000.hdf5	both	none
3383.3994	1	Stimulus/S  1	1	33833994	33834002	46	0	20	pips_40_500-8000.hdf5	both	none
3384.4661	1	Stimulus/S  1	1	33844661	33844669	46	1	40	pips_40_500-8000.hdf5	both	none
3385.5328	1	Stimulus/S  1	1	33855328	33855336	46	2	60	pips_40_500-8000.hdf5	both	none
3386.5994	1	Stimulus/S  1	1	33865994	33866002	46	3	70	pips_40_500-8000.hdf5	both	none
3387.6661	1	Stimulus/S  1	1	33876661	33876669	46	4	50	pips_40_500-8000.hdf5	both	none
3388.7328	1	Stimulus/S  1	1	33887328	33887336	46	5	30	pips_40_500-8000.hdf5	both	none
3389.7995	1	Stimulus/S  1	1	33897995	33898003	47	0	20	pips_40_500-8000.hdf5	both	none
3390.8662	1	Stimulus/S  1	1	33908662	33908670	47	1	40	pips_40_500-8000.hdf5	both	none
3391.9115	1	Stimulus/S  1	1	33919115	33919123	47	2	60	pips_40_500-8000.hdf5	both	none
3392.9888	1	Stimulus/S  1	1	33929888	33929896	47	3	70	pips_40_500-8000.hdf5	both	none
3394.0342	1	Stimulus/S  1	1	33940342	33940350	47	4	50	pips_40_500-8000.hdf5	both	none
3395.0795	1	Stimulus/S  1	1	33950795	33950803	47	5	30	pips_40_500-8000.hdf5	both	none
3396.1355	1	Stimulus/S  1	1	33961355	33961363	48	0	20	pips_40_500-8000.hdf5	both	none
3397.1809	1	Stimulus/S  1	1	33971809	33971817	48	1	40	pips_40_500-8000.hdf5	both	none
3398.2369	1	Stimulus/S  1	1	33982369	33982377	48	2	60	pips_40_500-8000.hdf5	both	none
3399.2822	1	Stimulus/S  1	1	33992822	33992830	48	3	70	pips_40_500-8000.hdf5	both	none
3400.3382	1	Stimulus/S  1	1	34003382	34003390	48	4	50	pips_40_500-8000.hdf5	both	none
3401.3836	1	Stimulus/S  1	1	34013836	34013844	48	5	30	pips_40_500-8000.hdf5	both	none
3402.4289	1	Stimulus/S  1	1	34024289	34024297	49	0	20	pips_40_500-8000.hdf5	both	none
3403.4849	1	Stimulus/S  1	1	34034849	34034857	49	1	40	pips_40_500-8000.hdf5	both	none
3404.5516	1	Stimulus/S  1	1	34045516	34045524	49	2	60	pips_40_500-8000.hdf5	both	none
3405.6183	1	Stimulus/S  1	1	34056183	34056191	49	3	70	pips_40_500-8000.hdf5	both	none
3406.685	1	Stimulus/S  1	1	34066850	34066858	49	4	50	pips_40_500-8000.hdf5	both	none
3407.7516	1	Stimulus/S  1	1	34077516	34077524	49	5	30	pips_40_500-8000.hdf5	both	none
3408.8183	1	Stimulus/S  1	1	34088183	34088191	50	0	20	pips_40_500-8000.hdf5	both	none
3409.885	1	Stimulus/S  1	1	34098850	34098858	50	1	40	pips_40_500-8000.hdf5	both	none
3410.9303	1	Stimulus/S  1	1	34109303	34109311	50	2	60	pips_40_500-8000.hdf5	both	none
3411.997	1	Stimulus/S  1	1	34119970	34119978	50	3	70	pips_40_500-8000.hdf5	both	none
3413.053	1	Stimulus/S  1	1	34130530	34130538	50	4	50	pips_40_500-8000.hdf5	both	none
3414.1197	1	Stimulus/S  1	1	34141197	34141205	50	5	30	pips_40_500-8000.hdf5	both	none
3415.1651	1	Stimulus/S  1	1	34151651	34151659	51	0	20	pips_40_500-8000.hdf5	both	none
3416.2211	1	Stimulus/S  1	1	34162211	34162219	51	1	40	pips_40_500-8000.hdf5	both	none
3417.2664	1	Stimulus/S  1	1	34172664	34172672	51	2	60	pips_40_500-8000.hdf5	both	none
3418.3224	1	Stimulus/S  1	1	34183224	34183232	51	3	70	pips_40_500-8000.hdf5	both	none
3419.3678	1	Stimulus/S  1	1	34193678	34193686	51	4	50	pips_40_500-8000.hdf5	both	none
3420.4344	1	Stimulus/S  1	1	34204344	34204352	51	5	30	pips_40_500-8000.hdf5	both	none
3421.4798	1	Stimulus/S  1	1	34214798	34214806	52	0	20	pips_40_500-8000.hdf5	both	none
3422.5465	1	Stimulus/S  1	1	34225465	34225473	52	1	40	pips_40_500-8000.hdf5	both	none
3423.6025	1	Stimulus/S  1	1	34236025	34236033	52	2	60	pips_40_500-8000.hdf5	both	none
3424.6691	1	Stimulus/S  1	1	34246691	34246699	52	3	70	pips_40_500-8000.hdf5	both	none
3425.7358	1	Stimulus/S  1	1	34257358	34257366	52	4	50	pips_40_500-8000.hdf5	both	none
3426.8025	1	Stimulus/S  1	1	34268025	34268033	52	5	30	pips_40_500-8000.hdf5	both	none
3427.8692	1	Stimulus/S  1	1	34278692	34278700	53	0	20	pips_40_500-8000.hdf5	both	none
3428.9359	1	Stimulus/S  1	1	34289359	34289367	53	1	40	pips_40_500-8000.hdf5	both	none
3430.0025	1	Stimulus/S  1	1	34300025	34300033	53	2	60	pips_40_500-8000.hdf5	both	none
3431.0692	1	Stimulus/S  1	1	34310692	34310700	53	3	70	pips_40_500-8000.hdf5	both	none
3432.1359	1	Stimulus/S  1	1	34321359	34321367	53	4	50	pips_40_500-8000.hdf5	both	none
3433.2026	1	Stimulus/S  1	1	34332026	34332034	53	5	30	pips_40_500-8000.hdf5	both	none
3434.2692	1	Stimulus/S  1	1	34342692	34342700	54	0	20	pips_40_500-8000.hdf5	both	none
3435.3359	1	Stimulus/S  1	1	34353359	34353367	54	1	40	pips_40_500-8000.hdf5	both	none
3436.4026	1	Stimulus/S  1	1	34364026	34364034	54	2	60	pips_40_500-8000.hdf5	both	none
3437.4693	1	Stimulus/S  1	1	34374693	34374701	54	3	70	pips_40_500-8000.hdf5	both	none
3438.536	1	Stimulus/S  1	1	34385360	34385368	54	4	50	pips_40_500-8000.hdf5	both	none
3439.6026	1	Stimulus/S  1	1	34396026	34396034	54	5	30	pips_40_500-8000.hdf5	both	none
3440.6693	1	Stimulus/S  1	1	34406693	34406701	55	0	20	pips_40_500-8000.hdf5	both	none
3441.7146	1	Stimulus/S  1	1	34417146	34417154	55	1	40	pips_40_500-8000.hdf5	both	none
3442.7813	1	Stimulus/S  1	1	34427813	34427821	55	2	60	pips_40_500-8000.hdf5	both	none
3443.8373	1	Stimulus/S  1	1	34438373	34438381	55	3	70	pips_40_500-8000.hdf5	both	none
3444.904	1	Stimulus/S  1	1	34449040	34449048	55	4	50	pips_40_500-8000.hdf5	both	none
3445.9494	1	Stimulus/S  1	1	34459494	34459502	55	5	30	pips_40_500-8000.hdf5	both	none
3447.0054	1	Stimulus/S  1	1	34470054	34470062	56	0	20	pips_40_500-8000.hdf5	both	none
3448.0507	1	Stimulus/S  1	1	34480507	34480515	56	1	40	pips_40_500-8000.hdf5	both	none
3449.0961	1	Stimulus/S  1	1	34490961	34490969	56	2	60	pips_40_500-8000.hdf5	both	none
3450.1521	1	Stimulus/S  1	1	34501521	34501529	56	3	70	pips_40_500-8000.hdf5	both	none
3451.2187	1	Stimulus/S  1	1	34512187	34512195	56	4	50	pips_40_500-8000.hdf5	both	none
3452.2641	1	Stimulus/S  1	1	34522641	34522649	56	5	30	pips_40_500-8000.hdf5	both	none
3453.3308	1	Stimulus/S  1	1	34533308	34533316	57	0	20	pips_40_500-8000.hdf5	both	none
3454.3868	1	Stimulus/S  1	1	34543868	34543876	57	1	40	pips_40_500-8000.hdf5	both	none
3455.4534	1	Stimulus/S  1	1	34554534	34554542	57	2	60	pips_40_500-8000.hdf5	both	none
3456.5201	1	Stimulus/S  1	1	34565201	34565209	57	3	70	pips_40_500-8000.hdf5	both	none
3457.5868	1	Stimulus/S  1	1	34575868	34575876	57	4	50	pips_40_500-8000.hdf5	both	none
3458.6535	1	Stimulus/S  1	1	34586535	34586543	57	5	30	pips_40_500-8000.hdf5	both	none
3459.7202	1	Stimulus/S  1	1	34597202	34597210	58	0	20	pips_40_500-8000.hdf5	both	none
3460.7868	1	Stimulus/S  1	1	34607868	34607876	58	1	40	pips_40_500-8000.hdf5	both	none
3461.8535	1	Stimulus/S  1	1	34618535	34618543	58	2	60	pips_40_500-8000.hdf5	both	none
3462.9202	1	Stimulus/S  1	1	34629202	34629210	58	3	70	pips_40_500-8000.hdf5	both	none
3463.9869	1	Stimulus/S  1	1	34639869	34639877	58	4	50	pips_40_500-8000.hdf5	both	none
3465.0322	1	Stimulus/S  1	1	34650322	34650330	58	5	30	pips_40_500-8000.hdf5	both	none
3466.0989	1	Stimulus/S  1	1	34660989	34660997	59	0	20	pips_40_500-8000.hdf5	both	none
3467.1549	1	Stimulus/S  1	1	34671549	34671557	59	1	40	pips_40_500-8000.hdf5	both	none
3468.2216	1	Stimulus/S  1	1	34682216	34682224	59	2	60	pips_40_500-8000.hdf5	both	none
3469.2669	1	Stimulus/S  1	1	34692669	34692677	59	3	70	pips_40_500-8000.hdf5	both	none
3470.3229	1	Stimulus/S  1	1	34703229	34703237	59	4	50	pips_40_500-8000.hdf5	both	none
3471.3683	1	Stimulus/S  1	1	34713683	34713691	59	5	30	pips_40_500-8000.hdf5	both	none
3472.4136	1	Stimulus/S  1	1	34724136	34724144	60	0	20	pips_40_500-8000.hdf5	both	none
3473.4696	1	Stimulus/S  1	1	34734696	34734704	60	1	40	pips_40_500-8000.hdf5	both	none
3474.5363	1	Stimulus/S  1	1	34745363	34745371	60	2	60	pips_40_500-8000.hdf5	both	none
3475.5816	1	Stimulus/S  1	1	34755816	34755824	60	3	70	pips_40_500-8000.hdf5	both	none
3476.6483	1	Stimulus/S  1	1	34766483	34766491	60	4	50	pips_40_500-8000.hdf5	both	none
3477.7043	1	Stimulus/S  1	1	34777043	34777051	60	5	30	pips_40_500-8000.hdf5	both	none
3478.771	1	Stimulus/S  1	1	34787710	34787718	61	0	20	pips_40_500-8000.hdf5	both	none
3479.8377	1	Stimulus/S  1	1	34798377	34798385	61	1	40	pips_40_500-8000.hdf5	both	none
3480.9044	1	Stimulus/S  1	1	34809044	34809052	61	2	60	pips_40_500-8000.hdf5	both	none
3481.971	1	Stimulus/S  1	1	34819710	34819718	61	3	70	pips_40_500-8000.hdf5	both	none
3483.0377	1	Stimulus/S  1	1	34830377	34830385	61	4	50	pips_40_500-8000.hdf5	both	none
3484.1044	1	Stimulus/S  1	1	34841044	34841052	61	5	30	pips_40_500-8000.hdf5	both	none
3485.1497	1	Stimulus/S  1	1	34851497	34851505	62	0	20	pips_40_500-8000.hdf5	both	none
3486.2164	1	Stimulus/S  1	1	34862164	34862172	62	1	40	pips_40_500-8000.hdf5	both	none
3487.2724	1	Stimulus/S  1	1	34872724	34872732	62	2	60	pips_40_500-8000.hdf5	both	none
3488.3391	1	Stimulus/S  1	1	34883391	34883399	62	3	70	pips_40_500-8000.hdf5	both	none
3489.3844	1	Stimulus/S  1	1	34893844	34893852	62	4	50	pips_40_500-8000.hdf5	both	none
3490.4298	1	Stimulus/S  1	1	34904298	34904306	62	5	30	pips_40_500-8000.hdf5	both	none
3491.4858	1	Stimulus/S  1	1	34914858	34914866	63	0	20	pips_40_500-8000.hdf5	both	none
3492.5311	1	Stimulus/S  1	1	34925311	34925319	63	1	40	pips_40_500-8000.hdf5	both	none
3493.5872	1	Stimulus/S  1	1	34935872	34935880	63	2	60	pips_40_500-8000.hdf5	both	none
3494.6325	1	Stimulus/S  1	1	34946325	34946333	63	3	70	pips_40_500-8000.hdf5	both	none
3495.6885	1	Stimulus/S  1	1	34956885	34956893	63	4	50	pips_40_500-8000.hdf5	both	none
3496.7552	1	Stimulus/S  1	1	34967552	34967560	63	5	30	pips_40_500-8000.hdf5	both	none
3497.8005	1	Stimulus/S  1	1	34978005	34978013	64	0	20	pips_40_500-8000.hdf5	both	none
3498.8672	1	Stimulus/S  1	1	34988672	34988680	64	1	40	pips_40_500-8000.hdf5	both	none
3499.9232	1	Stimulus/S  1	1	34999232	34999240	64	2	60	pips_40_500-8000.hdf5	both	none
3500.9899	1	Stimulus/S  1	1	35009899	35009907	64	3	70	pips_40_500-8000.hdf5	both	none
3502.0566	1	Stimulus/S  1	1	35020566	35020574	64	4	50	pips_40_500-8000.hdf5	both	none
3503.1232	1	Stimulus/S  1	1	35031232	35031240	64	5	30	pips_40_500-8000.hdf5	both	none
3504.1899	1	Stimulus/S  1	1	35041899	35041907	65	0	20	pips_40_500-8000.hdf5	both	none
3505.2566	1	Stimulus/S  1	1	35052566	35052574	65	1	40	pips_40_500-8000.hdf5	both	none
3506.3233	1	Stimulus/S  1	1	35063233	35063241	65	2	60	pips_40_500-8000.hdf5	both	none
3507.3686	1	Stimulus/S  1	1	35073686	35073694	65	3	70	pips_40_500-8000.hdf5	both	none
3508.4353	1	Stimulus/S  1	1	35084353	35084361	65	4	50	pips_40_500-8000.hdf5	both	none
3509.4806	1	Stimulus/S  1	1	35094806	35094814	65	5	30	pips_40_500-8000.hdf5	both	none
3510.5473	1	Stimulus/S  1	1	35105473	35105481	66	0	20	pips_40_500-8000.hdf5	both	none
3511.6033	1	Stimulus/S  1	1	35116033	35116041	66	1	40	pips_40_500-8000.hdf5	both	none
3512.6487	1	Stimulus/S  1	1	35126487	35126495	66	2	60	pips_40_500-8000.hdf5	both	none
3513.7047	1	Stimulus/S  1	1	35137047	35137055	66	3	70	pips_40_500-8000.hdf5	both	none
3514.75	1	Stimulus/S  1	1	35147500	35147508	66	4	50	pips_40_500-8000.hdf5	both	none
3515.806	1	Stimulus/S  1	1	35158060	35158068	66	5	30	pips_40_500-8000.hdf5	both	none
3516.8727	1	Stimulus/S  1	1	35168727	35168735	67	0	20	pips_40_500-8000.hdf5	both	none
3517.9181	1	Stimulus/S  1	1	35179181	35179189	67	1	40	pips_40_500-8000.hdf5	both	none
3518.9847	1	Stimulus/S  1	1	35189847	35189855	67	2	60	pips_40_500-8000.hdf5	both	none
3520.0407	1	Stimulus/S  1	1	35200407	35200415	67	3	70	pips_40_500-8000.hdf5	both	none
3521.1074	1	Stimulus/S  1	1	35211074	35211082	67	4	50	pips_40_500-8000.hdf5	both	none
3522.1741	1	Stimulus/S  1	1	35221741	35221749	67	5	30	pips_40_500-8000.hdf5	both	none
3523.2408	1	Stimulus/S  1	1	35232408	35232416	68	0	20	pips_40_500-8000.hdf5	both	none
3524.3075	1	Stimulus/S  1	1	35243075	35243083	68	1	40	pips_40_500-8000.hdf5	both	none
3525.3741	1	Stimulus/S  1	1	35253741	35253749	68	2	60	pips_40_500-8000.hdf5	both	none
3526.4408	1	Stimulus/S  1	1	35264408	35264416	68	3	70	pips_40_500-8000.hdf5	both	none
3527.4862	1	Stimulus/S  1	1	35274862	35274870	68	4	50	pips_40_500-8000.hdf5	both	none
3528.5528	1	Stimulus/S  1	1	35285528	35285536	68	5	30	pips_40_500-8000.hdf5	both	none
3529.5982	1	Stimulus/S  1	1	35295982	35295990	69	0	20	pips_40_500-8000.hdf5	both	none
3530.6649	1	Stimulus/S  1	1	35306649	35306657	69	1	40	pips_40_500-8000.hdf5	both	none
3531.7209	1	Stimulus/S  1	1	35317209	35317217	69	2	60	pips_40_500-8000.hdf5	both	none
3532.7662	1	Stimulus/S  1	1	35327662	35327670	69	3	70	pips_40_500-8000.hdf5	both	none
3533.8222	1	Stimulus/S  1	1	35338222	35338230	69	4	50	pips_40_500-8000.hdf5	both	none
3534.8676	1	Stimulus/S  1	1	35348676	35348684	69	5	30	pips_40_500-8000.hdf5	both	none
3535.9236	1	Stimulus/S  1	1	35359236	35359244	70	0	20	pips_40_500-8000.hdf5	both	none
3536.9689	1	Stimulus/S  1	1	35369689	35369697	70	1	40	pips_40_500-8000.hdf5	both	none
3538.0143	1	Stimulus/S  1	1	35380143	35380151	70	2	60	pips_40_500-8000.hdf5	both	none
3539.0916	1	Stimulus/S  1	1	35390916	35390924	70	3	70	pips_40_500-8000.hdf5	both	none
3540.1369	1	Stimulus/S  1	1	35401369	35401377	70	4	50	pips_40_500-8000.hdf5	both	none
3541.2036	1	Stimulus/S  1	1	35412036	35412044	70	5	30	pips_40_500-8000.hdf5	both	none
3542.249	1	Stimulus/S  1	1	35422490	35422498	71	0	20	pips_40_500-8000.hdf5	both	none
3543.3156	1	Stimulus/S  1	1	35433156	35433164	71	1	40	pips_40_500-8000.hdf5	both	none
3544.3823	1	Stimulus/S  1	1	35443823	35443831	71	2	60	pips_40_500-8000.hdf5	both	none
3545.449	1	Stimulus/S  1	1	35454490	35454498	71	3	70	pips_40_500-8000.hdf5	both	none
3546.5157	1	Stimulus/S  1	1	35465157	35465165	71	4	50	pips_40_500-8000.hdf5	both	none
3547.5823	1	Stimulus/S  1	1	35475823	35475831	71	5	30	pips_40_500-8000.hdf5	both	none
3548.649	1	Stimulus/S  1	1	35486490	35486498	72	0	20	pips_40_500-8000.hdf5	both	none
3549.705	1	Stimulus/S  1	1	35497050	35497058	72	1	40	pips_40_500-8000.hdf5	both	none
3550.7717	1	Stimulus/S  1	1	35507717	35507725	72	2	60	pips_40_500-8000.hdf5	both	none
3551.8171	1	Stimulus/S  1	1	35518171	35518179	72	3	70	pips_40_500-8000.hdf5	both	none
3552.8837	1	Stimulus/S  1	1	35528837	35528845	72	4	50	pips_40_500-8000.hdf5	both	none
3553.9397	1	Stimulus/S  1	1	35539397	35539405	72	5	30	pips_40_500-8000.hdf5	both	none
3554.9851	1	Stimulus/S  1	1	35549851	35549859	73	0	20	pips_40_500-8000.hdf5	both	none
3556.0411	1	Stimulus/S  1	1	35560411	35560419	73	1	40	pips_40_500-8000.hdf5	both	none
3557.0864	1	Stimulus/S  1	1	35570864	35570872	73	2	60	pips_40_500-8000.hdf5	both	none
3558.1318	1	Stimulus/S  1	1	35581318	35581326	73	3	70	pips_40_500-8000.hdf5	both	none
3559.1985	1	Stimulus/S  1	1	35591985	35591993	73	4	50	pips_40_500-8000.hdf5	both	none
3560.2545	1	Stimulus/S  1	1	35602545	35602553	73	5	30	pips_40_500-8000.hdf5	both	none
3561.3211	1	Stimulus/S  1	1	35613211	35613219	74	0	20	pips_40_500-8000.hdf5	both	none
3562.3665	1	Stimulus/S  1	1	35623665	35623673	74	1	40	pips_40_500-8000.hdf5	both	none
3563.4332	1	Stimulus/S  1	1	35634332	35634340	74	2	60	pips_40_500-8000.hdf5	both	none
3564.4998	1	Stimulus/S  1	1	35644998	35645006	74	3	70	pips_40_500-8000.hdf5	both	none
3565.5665	1	Stimulus/S  1	1	35655665	35655673	74	4	50	pips_40_500-8000.hdf5	both	none
3566.6332	1	Stimulus/S  1	1	35666332	35666340	74	5	30	pips_40_500-8000.hdf5	both	none
3567.6999	1	Stimulus/S  1	1	35676999	35677007	75	0	20	pips_40_500-8000.hdf5	both	none
3568.7666	1	Stimulus/S  1	1	35687666	35687674	75	1	40	pips_40_500-8000.hdf5	both	none
3569.8226	1	Stimulus/S  1	1	35698226	35698234	75	2	60	pips_40_500-8000.hdf5	both	none
3570.8892	1	Stimulus/S  1	1	35708892	35708900	75	3	70	pips_40_500-8000.hdf5	both	none
3571.9559	1	Stimulus/S  1	1	35719559	35719567	75	4	50	pips_40_500-8000.hdf5	both	none
3573.0013	1	Stimulus/S  1	1	35730013	35730021	75	5	30	pips_40_500-8000.hdf5	both	none
3574.0679	1	Stimulus/S  1	1	35740679	35740687	76	0	20	pips_40_500-8000.hdf5	both	none
3575.124	1	Stimulus/S  1	1	35751240	35751248	76	1	40	pips_40_500-8000.hdf5	both	none
3576.1693	1	Stimulus/S  1	1	35761693	35761701	76	2	60	pips_40_500-8000.hdf5	both	none
3577.2253	1	Stimulus/S  1	1	35772253	35772261	76	3	70	pips_40_500-8000.hdf5	both	none
3578.2706	1	Stimulus/S  1	1	35782706	35782714	76	4	50	pips_40_500-8000.hdf5	both	none
3579.316	1	Stimulus/S  1	1	35793160	35793168	76	5	30	pips_40_500-8000.hdf5	both	none
3580.372	1	Stimulus/S  1	1	35803720	35803728	77	0	20	pips_40_500-8000.hdf5	both	none
3581.4173	1	Stimulus/S  1	1	35814173	35814181	77	1	40	pips_40_500-8000.hdf5	both	none
3582.4734	1	Stimulus/S  1	1	35824734	35824742	77	2	60	pips_40_500-8000.hdf5	both	none
3583.54	1	Stimulus/S  1	1	35835400	35835408	77	3	70	pips_40_500-8000.hdf5	both	none
3584.5854	1	Stimulus/S  1	1	35845854	35845862	77	4	50	pips_40_500-8000.hdf5	both	none
3585.6521	1	Stimulus/S  1	1	35856521	35856529	77	5	30	pips_40_500-8000.hdf5	both	none
3586.7187	1	Stimulus/S  1	1	35867187	35867195	78	0	20	pips_40_500-8000.hdf5	both	none
3587.7747	1	Stimulus/S  1	1	35877747	35877755	78	1	40	pips_40_500-8000.hdf5	both	none
3588.8414	1	Stimulus/S  1	1	35888414	35888422	78	2	60	pips_40_500-8000.hdf5	both	none
3589.9081	1	Stimulus/S  1	1	35899081	35899089	78	3	70	pips_40_500-8000.hdf5	both	none
3590.9748	1	Stimulus/S  1	1	35909748	35909756	78	4	50	pips_40_500-8000.hdf5	both	none
3592.0201	1	Stimulus/S  1	1	35920201	35920209	78	5	30	pips_40_500-8000.hdf5	both	none
3593.0868	1	Stimulus/S  1	1	35930868	35930876	79	0	20	pips_40_500-8000.hdf5	both	none
3594.1321	1	Stimulus/S  1	1	35941321	35941329	79	1	40	pips_40_500-8000.hdf5	both	none
3595.1988	1	Stimulus/S  1	1	35951988	35951996	79	2	60	pips_40_500-8000.hdf5	both	none
3596.2548	1	Stimulus/S  1	1	35962548	35962556	79	3	70	pips_40_500-8000.hdf5	both	none
3597.3215	1	Stimulus/S  1	1	35973215	35973223	79	4	50	pips_40_500-8000.hdf5	both	none
3598.3668	1	Stimulus/S  1	1	35983668	35983676	79	5	30	pips_40_500-8000.hdf5	both	none
3599.4229	1	Stimulus/S  1	1	35994229	35994237	80	0	20	pips_40_500-8000.hdf5	both	none
3600.4682	1	Stimulus/S  1	1	36004682	36004690	80	1	40	pips_40_500-8000.hdf5	both	none
3601.5242	1	Stimulus/S  1	1	36015242	36015250	80	2	60	pips_40_500-8000.hdf5	both	none
3602.5696	1	Stimulus/S  1	1	36025696	36025704	80	3	70	pips_40_500-8000.hdf5	both	none
3603.6362	1	Stimulus/S  1	1	36036362	36036370	80	4	50	pips_40_500-8000.hdf5	both	none
3604.6922	1	Stimulus/S  1	1	36046922	36046930	80	5	30	pips_40_500-8000.hdf5	both	none
3605.7589	1	Stimulus/S  1	1	36057589	36057597	81	0	20	pips_40_500-8000.hdf5	both	none
3606.8043	1	Stimulus/S  1	1	36068043	36068051	81	1	40	pips_40_500-8000.hdf5	both	none
3607.8709	1	Stimulus/S  1	1	36078709	36078717	81	2	60	pips_40_500-8000.hdf5	both	none
3608.9376	1	Stimulus/S  1	1	36089376	36089384	81	3	70	pips_40_500-8000.hdf5	both	none
3610.0043	1	Stimulus/S  1	1	36100043	36100051	81	4	50	pips_40_500-8000.hdf5	both	none
3611.071	1	Stimulus/S  1	1	36110710	36110718	81	5	30	pips_40_500-8000.hdf5	both	none
3612.1376	1	Stimulus/S  1	1	36121376	36121384	82	0	20	pips_40_500-8000.hdf5	both	none
3613.2043	1	Stimulus/S  1	1	36132043	36132051	82	1	40	pips_40_500-8000.hdf5	both	none
3614.2497	1	Stimulus/S  1	1	36142497	36142505	82	2	60	pips_40_500-8000.hdf5	both	none
3615.3163	1	Stimulus/S  1	1	36153163	36153171	82	3	70	pips_40_500-8000.hdf5	both	none
3616.3724	1	Stimulus/S  1	1	36163724	36163732	82	4	50	pips_40_500-8000.hdf5	both	none
3617.439	1	Stimulus/S  1	1	36174390	36174398	82	5	30	pips_40_500-8000.hdf5	both	none
3618.4844	1	Stimulus/S  1	1	36184844	36184852	83	0	20	pips_40_500-8000.hdf5	both	none
3619.5404	1	Stimulus/S  1	1	36195404	36195412	83	1	40	pips_40_500-8000.hdf5	both	none
3620.5857	1	Stimulus/S  1	1	36205857	36205865	83	2	60	pips_40_500-8000.hdf5	both	none
3621.6417	1	Stimulus/S  1	1	36216417	36216425	83	3	70	pips_40_500-8000.hdf5	both	none
3622.6871	1	Stimulus/S  1	1	36226871	36226879	83	4	50	pips_40_500-8000.hdf5	both	none
3623.7538	1	Stimulus/S  1	1	36237538	36237546	83	5	30	pips_40_500-8000.hdf5	both	none
3624.7991	1	Stimulus/S  1	1	36247991	36247999	84	0	20	pips_40_500-8000.hdf5	both	none
3625.8658	1	Stimulus/S  1	1	36258658	36258666	84	1	40	pips_40_500-8000.hdf5	both	none
3626.9325	1	Stimulus/S  1	1	36269325	36269333	84	2	60	pips_40_500-8000.hdf5	both	none
3628.0098	1	Stimulus/S  1	1	36280098	36280106	84	3	70	pips_40_500-8000.hdf5	both	none
3629.0658	1	Stimulus/S  1	1	36290658	36290666	84	4	50	pips_40_500-8000.hdf5	both	none
3630.1325	1	Stimulus/S  1	1	36301325	36301333	84	5	30	pips_40_500-8000.hdf5	both	none
3631.1885	1	Stimulus/S  1	1	36311885	36311893	85	0	20	pips_40_500-8000.hdf5	both	none
3632.2552	1	Stimulus/S  1	1	36322552	36322560	85	1	40	pips_40_500-8000.hdf5	both	none
3633.3005	1	Stimulus/S  1	1	36333005	36333013	85	2	60	pips_40_500-8000.hdf5	both	none
3634.3565	1	Stimulus/S  1	1	36343565	36343573	85	3	70	pips_40_500-8000.hdf5	both	none
3635.4019	1	Stimulus/S  1	1	36354019	36354027	85	4	50	pips_40_500-8000.hdf5	both	none
3636.4579	1	Stimulus/S  1	1	36364579	36364587	85	5	30	pips_40_500-8000.hdf5	both	none
3637.5032	1	Stimulus/S  1	1	36375032	36375040	86	0	20	pips_40_500-8000.hdf5	both	none
3638.5592	1	Stimulus/S  1	1	36385592	36385600	86	1	40	pips_40_500-8000.hdf5	both	none
3639.6046	1	Stimulus/S  1	1	36396046	36396054	86	2	60	pips_40_500-8000.hdf5	both	none
3640.6499	1	Stimulus/S  1	1	36406499	36406507	86	3	70	pips_40_500-8000.hdf5	both	none
3641.7166	1	Stimulus/S  1	1	36417166	36417174	86	4	50	pips_40_500-8000.hdf5	both	none
3642.7833	1	Stimulus/S  1	1	36427833	36427841	86	5	30	pips_40_500-8000.hdf5	both	none
3643.85	1	Stimulus/S  1	1	36438500	36438508	87	0	20	pips_40_500-8000.hdf5	both	none
3644.9166	1	Stimulus/S  1	1	36449166	36449174	87	1	40	pips_40_500-8000.hdf5	both	none
3645.9833	1	Stimulus/S  1	1	36459833	36459841	87	2	60	pips_40_500-8000.hdf5	both	none
3647.05	1	Stimulus/S  1	1	36470500	36470508	87	3	70	pips_40_500-8000.hdf5	both	none
3648.1167	1	Stimulus/S  1	1	36481167	36481175	87	4	50	pips_40_500-8000.hdf5	both	none
3649.1833	1	Stimulus/S  1	1	36491833	36491841	87	5	30	pips_40_500-8000.hdf5	both	none
3650.25	1	Stimulus/S  1	1	36502500	36502508	88	0	20	pips_40_500-8000.hdf5	both	none
3651.306	1	Stimulus/S  1	1	36513060	36513068	88	1	40	pips_40_500-8000.hdf5	both	none
3652.3514	1	Stimulus/S  1	1	36523514	36523522	88	2	60	pips_40_500-8000.hdf5	both	none
3653.4074	1	Stimulus/S  1	1	36534074	36534082	88	3	70	pips_40_500-8000.hdf5	both	none
3654.4527	1	Stimulus/S  1	1	36544527	36544535	88	4	50	pips_40_500-8000.hdf5	both	none
3655.5087	1	Stimulus/S  1	1	36555087	36555095	88	5	30	pips_40_500-8000.hdf5	both	none
3656.5541	1	Stimulus/S  1	1	36565541	36565549	89	0	20	pips_40_500-8000.hdf5	both	none
3657.5994	1	Stimulus/S  1	1	36575994	36576002	89	1	40	pips_40_500-8000.hdf5	both	none
3658.6554	1	Stimulus/S  1	1	36586554	36586562	89	2	60	pips_40_500-8000.hdf5	both	none
3659.7221	1	Stimulus/S  1	1	36597221	36597229	89	3	70	pips_40_500-8000.hdf5	both	none
3660.7675	1	Stimulus/S  1	1	36607675	36607683	89	4	50	pips_40_500-8000.hdf5	both	none
3661.8341	1	Stimulus/S  1	1	36618341	36618349	89	5	30	pips_40_500-8000.hdf5	both	none
3662.9008	1	Stimulus/S  1	1	36629008	36629016	90	0	20	pips_40_500-8000.hdf5	both	none
3663.9675	1	Stimulus/S  1	1	36639675	36639683	90	1	40	pips_40_500-8000.hdf5	both	none
3665.0342	1	Stimulus/S  1	1	36650342	36650350	90	2	60	pips_40_500-8000.hdf5	both	none
3666.1008	1	Stimulus/S  1	1	36661008	36661016	90	3	70	pips_40_500-8000.hdf5	both	none
3667.1675	1	Stimulus/S  1	1	36671675	36671683	90	4	50	pips_40_500-8000.hdf5	both	none
3668.2235	1	Stimulus/S  1	1	36682235	36682243	90	5	30	pips_40_500-8000.hdf5	both	none
3669.2902	1	Stimulus/S  1	1	36692902	36692910	91	0	20	pips_40_500-8000.hdf5	both	none
3670.3569	1	Stimulus/S  1	1	36703569	36703577	91	1	40	pips_40_500-8000.hdf5	both	none
3671.4022	1	Stimulus/S  1	1	36714022	36714030	91	2	60	pips_40_500-8000.hdf5	both	none
3672.4582	1	Stimulus/S  1	1	36724582	36724590	91	3	70	pips_40_500-8000.hdf5	both	none
3673.5036	1	Stimulus/S  1	1	36735036	36735044	91	4	50	pips_40_500-8000.hdf5	both	none
3674.5596	1	Stimulus/S  1	1	36745596	36745604	91	5	30	pips_40_500-8000.hdf5	both	none
3675.6049	1	Stimulus/S  1	1	36756049	36756057	92	0	20	pips_40_500-8000.hdf5	both	none
3676.6503	1	Stimulus/S  1	1	36766503	36766511	92	1	40	pips_40_500-8000.hdf5	both	none
3677.7063	1	Stimulus/S  1	1	36777063	36777071	92	2	60	pips_40_500-8000.hdf5	both	none
3678.7516	1	Stimulus/S  1	1	36787516	36787524	92	3	70	pips_40_500-8000.hdf5	both	none
3679.8183	1	Stimulus/S  1	1	36798183	36798191	92	4	50	pips_40_500-8000.hdf5	both	none
3680.8743	1	Stimulus/S  1	1	36808743	36808751	92	5	30	pips_40_500-8000.hdf5	both	none
3681.941	1	Stimulus/S  1	1	36819410	36819418	93	0	20	pips_40_500-8000.hdf5	both	none
3682.9863	1	Stimulus/S  1	1	36829863	36829871	93	1	40	pips_40_500-8000.hdf5	both	none
3684.053	1	Stimulus/S  1	1	36840530	36840538	93	2	60	pips_40_500-8000.hdf5	both	none
3685.1197	1	Stimulus/S  1	1	36851197	36851205	93	3	70	pips_40_500-8000.hdf5	both	none
3686.1864	1	Stimulus/S  1	1	36861864	36861872	93	4	50	pips_40_500-8000.hdf5	both	none
3687.253	1	Stimulus/S  1	1	36872530	36872538	93	5	30	pips_40_500-8000.hdf5	both	none
3688.3197	1	Stimulus/S  1	1	36883197	36883205	94	0	20	pips_40_500-8000.hdf5	both	none
3689.3864	1	Stimulus/S  1	1	36893864	36893872	94	1	40	pips_40_500-8000.hdf5	both	none
3690.4424	1	Stimulus/S  1	1	36904424	36904432	94	2	60	pips_40_500-8000.hdf5	both	none
3691.5091	1	Stimulus/S  1	1	36915091	36915099	94	3	70	pips_40_500-8000.hdf5	both	none
3692.5544	1	Stimulus/S  1	1	36925544	36925552	94	4	50	pips_40_500-8000.hdf5	both	none
3693.6211	1	Stimulus/S  1	1	36936211	36936219	94	5	30	pips_40_500-8000.hdf5	both	none
3694.6771	1	Stimulus/S  1	1	36946771	36946779	95	0	20	pips_40_500-8000.hdf5	both	none
3695.7225	1	Stimulus/S  1	1	36957225	36957233	95	1	40	pips_40_500-8000.hdf5	both	none
3696.7678	1	Stimulus/S  1	1	36967678	36967686	95	2	60	pips_40_500-8000.hdf5	both	none
3697.8238	1	Stimulus/S  1	1	36978238	36978246	95	3	70	pips_40_500-8000.hdf5	both	none
3698.8692	1	Stimulus/S  1	1	36988692	36988700	95	4	50	pips_40_500-8000.hdf5	both	none
3699.9358	1	Stimulus/S  1	1	36999358	36999366	95	5	30	pips_40_500-8000.hdf5	both	none
3700.9918	1	Stimulus/S  1	1	37009918	37009926	96	0	20	pips_40_500-8000.hdf5	both	none
3702.0585	1	Stimulus/S  1	1	37020585	37020593	96	1	40	pips_40_500-8000.hdf5	both	none
3703.1039	1	Stimulus/S  1	1	37031039	37031047	96	2	60	pips_40_500-8000.hdf5	both	none
3704.1705	1	Stimulus/S  1	1	37041705	37041713	96	3	70	pips_40_500-8000.hdf5	both	none
3705.2372	1	Stimulus/S  1	1	37052372	37052380	96	4	50	pips_40_500-8000.hdf5	both	none
3706.3039	1	Stimulus/S  1	1	37063039	37063047	96	5	30	pips_40_500-8000.hdf5	both	none
3707.3706	1	Stimulus/S  1	1	37073706	37073714	97	0	20	pips_40_500-8000.hdf5	both	none
3708.4373	1	Stimulus/S  1	1	37084373	37084381	97	1	40	pips_40_500-8000.hdf5	both	none
3709.5039	1	Stimulus/S  1	1	37095039	37095047	97	2	60	pips_40_500-8000.hdf5	both	none
3710.5599	1	Stimulus/S  1	1	37105599	37105607	97	3	70	pips_40_500-8000.hdf5	both	none
3711.6266	1	Stimulus/S  1	1	37116266	37116274	97	4	50	pips_40_500-8000.hdf5	both	none
3712.672	1	Stimulus/S  1	1	37126720	37126728	97	5	30	pips_40_500-8000.hdf5	both	none
3713.7386	1	Stimulus/S  1	1	37137386	37137394	98	0	20	pips_40_500-8000.hdf5	both	none
3714.784	1	Stimulus/S  1	1	37147840	37147848	98	1	40	pips_40_500-8000.hdf5	both	none
3715.84	1	Stimulus/S  1	1	37158400	37158408	98	2	60	pips_40_500-8000.hdf5	both	none
3716.8853	1	Stimulus/S  1	1	37168853	37168861	98	3	70	pips_40_500-8000.hdf5	both	none
3717.9413	1	Stimulus/S  1	1	37179413	37179421	98	4	50	pips_40_500-8000.hdf5	both	none
3718.9867	1	Stimulus/S  1	1	37189867	37189875	98	5	30	pips_40_500-8000.hdf5	both	none
3720.0534	1	Stimulus/S  1	1	37200534	37200542	99	0	20	pips_40_500-8000.hdf5	both	none
3721.1094	1	Stimulus/S  1	1	37211094	37211102	99	1	40	pips_40_500-8000.hdf5	both	none
3722.1761	1	Stimulus/S  1	1	37221761	37221769	99	2	60	pips_40_500-8000.hdf5	both	none
3723.2214	1	Stimulus/S  1	1	37232214	37232222	99	3	70	pips_40_500-8000.hdf5	both	none
3724.2881	1	Stimulus/S  1	1	37242881	37242889	99	4	50	pips_40_500-8000.hdf5	both	none
3725.3547	1	Stimulus/S  1	1	37253547	37253555	99	5	30	pips_40_500-8000.hdf5	both	none
3726.4214	1	Stimulus/S  1	1	37264214	37264222	100	0	20	pips_40_500-8000.hdf5	both	none
3727.4881	1	Stimulus/S  1	1	37274881	37274889	100	1	40	pips_40_500-8000.hdf5	both	none
3728.5548	1	Stimulus/S  1	1	37285548	37285556	100	2	60	pips_40_500-8000.hdf5	both	none
3729.6215	1	Stimulus/S  1	1	37296215	37296223	100	3	70	pips_40_500-8000.hdf5	both	none
3730.6775	1	Stimulus/S  1	1	37306775	37306783	100	4	50	pips_40_500-8000.hdf5	both	none
3731.7441	1	Stimulus/S  1	1	37317441	37317449	100	5	30	pips_40_500-8000.hdf5	both	none
3732.7895	1	Stimulus/S  1	1	37327895	37327903	101	0	20	pips_40_500-8000.hdf5	both	none
3733.8562	1	Stimulus/S  1	1	37338562	37338570	101	1	40	pips_40_500-8000.hdf5	both	none
3734.9015	1	Stimulus/S  1	1	37349015	37349023	101	2	60	pips_40_500-8000.hdf5	both	none
3735.9575	1	Stimulus/S  1	1	37359575	37359583	101	3	70	pips_40_500-8000.hdf5	both	none
3737.0029	1	Stimulus/S  1	1	37370029	37370037	101	4	50	pips_40_500-8000.hdf5	both	none
3738.0589	1	Stimulus/S  1	1	37380589	37380597	101	5	30	pips_40_500-8000.hdf5	both	none
3739.1042	1	Stimulus/S  1	1	37391042	37391050	102	0	20	pips_40_500-8000.hdf5	both	none
3740.1709	1	Stimulus/S  1	1	37401709	37401717	102	1	40	pips_40_500-8000.hdf5	both	none
3741.2269	1	Stimulus/S  1	1	37412269	37412277	102	2	60	pips_40_500-8000.hdf5	both	none
3742.2936	1	Stimulus/S  1	1	37422936	37422944	102	3	70	pips_40_500-8000.hdf5	both	none
3743.3389	1	Stimulus/S  1	1	37433389	37433397	102	4	50	pips_40_500-8000.hdf5	both	none
3744.4056	1	Stimulus/S  1	1	37444056	37444064	102	5	30	pips_40_500-8000.hdf5	both	none
3745.4723	1	Stimulus/S  1	1	37454723	37454731	103	0	20	pips_40_500-8000.hdf5	both	none
3746.539	1	Stimulus/S  1	1	37465390	37465398	103	1	40	pips_40_500-8000.hdf5	both	none
3747.6056	1	Stimulus/S  1	1	37476056	37476064	103	2	60	pips_40_500-8000.hdf5	both	none
3748.6723	1	Stimulus/S  1	1	37486723	37486731	103	3	70	pips_40_500-8000.hdf5	both	none
3749.739	1	Stimulus/S  1	1	37497390	37497398	103	4	50	pips_40_500-8000.hdf5	both	none
3750.795	1	Stimulus/S  1	1	37507950	37507958	103	5	30	pips_40_500-8000.hdf5	both	none
3751.8617	1	Stimulus/S  1	1	37518617	37518625	104	0	20	pips_40_500-8000.hdf5	both	none
3752.9284	1	Stimulus/S  1	1	37529284	37529292	104	1	40	pips_40_500-8000.hdf5	both	none
3753.9737	1	Stimulus/S  1	1	37539737	37539745	104	2	60	pips_40_500-8000.hdf5	both	none
3755.019	1	Stimulus/S  1	1	37550190	37550198	104	3	70	pips_40_500-8000.hdf5	both	none
3756.075	1	Stimulus/S  1	1	37560750	37560758	104	4	50	pips_40_500-8000.hdf5	both	none
3757.1204	1	Stimulus/S  1	1	37571204	37571212	104	5	30	pips_40_500-8000.hdf5	both	none
3758.1764	1	Stimulus/S  1	1	37581764	37581772	105	0	20	pips_40_500-8000.hdf5	both	none
3759.2217	1	Stimulus/S  1	1	37592217	37592225	105	1	40	pips_40_500-8000.hdf5	both	none
3760.2778	1	Stimulus/S  1	1	37602778	37602786	105	2	60	pips_40_500-8000.hdf5	both	none
3761.3231	1	Stimulus/S  1	1	37613231	37613239	105	3	70	pips_40_500-8000.hdf5	both	none
3762.3898	1	Stimulus/S  1	1	37623898	37623906	105	4	50	pips_40_500-8000.hdf5	both	none
3763.4351	1	Stimulus/S  1	1	37634351	37634359	105	5	30	pips_40_500-8000.hdf5	both	none
3764.5018	1	Stimulus/S  1	1	37645018	37645026	106	0	20	pips_40_500-8000.hdf5	both	none
3765.5578	1	Stimulus/S  1	1	37655578	37655586	106	1	40	pips_40_500-8000.hdf5	both	none
3766.6245	1	Stimulus/S  1	1	37666245	37666253	106	2	60	pips_40_500-8000.hdf5	both	none
3767.6912	1	Stimulus/S  1	1	37676912	37676920	106	3	70	pips_40_500-8000.hdf5	both	none
3768.7578	1	Stimulus/S  1	1	37687578	37687586	106	4	50	pips_40_500-8000.hdf5	both	none
3769.8245	1	Stimulus/S  1	1	37698245	37698253	106	5	30	pips_40_500-8000.hdf5	both	none
3770.8912	1	Stimulus/S  1	1	37708912	37708920	107	0	20	pips_40_500-8000.hdf5	both	none
3771.9579	1	Stimulus/S  1	1	37719579	37719587	107	1	40	pips_40_500-8000.hdf5	both	none
3773.0032	1	Stimulus/S  1	1	37730032	37730040	107	2	60	pips_40_500-8000.hdf5	both	none
3774.0699	1	Stimulus/S  1	1	37740699	37740707	107	3	70	pips_40_500-8000.hdf5	both	none
3775.1259	1	Stimulus/S  1	1	37751259	37751267	107	4	50	pips_40_500-8000.hdf5	both	none
3776.1926	1	Stimulus/S  1	1	37761926	37761934	107	5	30	pips_40_500-8000.hdf5	both	none
3777.2379	1	Stimulus/S  1	1	37772379	37772387	108	0	20	pips_40_500-8000.hdf5	both	none
3778.2939	1	Stimulus/S  1	1	37782939	37782947	108	1	40	pips_40_500-8000.hdf5	both	none
3779.3393	1	Stimulus/S  1	1	37793393	37793401	108	2	60	pips_40_500-8000.hdf5	both	none
3780.3953	1	Stimulus/S  1	1	37803953	37803961	108	3	70	pips_40_500-8000.hdf5	both	none
3781.4406	1	Stimulus/S  1	1	37814406	37814414	108	4	50	pips_40_500-8000.hdf5	both	none
3782.5073	1	Stimulus/S  1	1	37825073	37825081	108	5	30	pips_40_500-8000.hdf5	both	none
3783.5527	1	Stimulus/S  1	1	37835527	37835535	109	0	20	pips_40_500-8000.hdf5	both	none
3784.6193	1	Stimulus/S  1	1	37846193	37846201	109	1	40	pips_40_500-8000.hdf5	both	none
3785.6753	1	Stimulus/S  1	1	37856753	37856761	109	2	60	pips_40_500-8000.hdf5	both	none
3786.742	1	Stimulus/S  1	1	37867420	37867428	109	3	70	pips_40_500-8000.hdf5	both	none
3787.8087	1	Stimulus/S  1	1	37878087	37878095	109	4	50	pips_40_500-8000.hdf5	both	none
3788.8754	1	Stimulus/S  1	1	37888754	37888762	109	5	30	pips_40_500-8000.hdf5	both	none
3789.942	1	Stimulus/S  1	1	37899420	37899428	110	0	20	pips_40_500-8000.hdf5	both	none
3791.0087	1	Stimulus/S  1	1	37910087	37910095	110	1	40	pips_40_500-8000.hdf5	both	none
3792.0754	1	Stimulus/S  1	1	37920754	37920762	110	2	60	pips_40_500-8000.hdf5	both	none
3793.1207	1	Stimulus/S  1	1	37931207	37931215	110	3	70	pips_40_500-8000.hdf5	both	none
3794.1874	1	Stimulus/S  1	1	37941874	37941882	110	4	50	pips_40_500-8000.hdf5	both	none
3795.2434	1	Stimulus/S  1	1	37952434	37952442	110	5	30	pips_40_500-8000.hdf5	both	none
3796.3101	1	Stimulus/S  1	1	37963101	37963109	111	0	20	pips_40_500-8000.hdf5	both	none
3797.3555	1	Stimulus/S  1	1	37973555	37973563	111	1	40	pips_40_500-8000.hdf5	both	none
3798.4115	1	Stimulus/S  1	1	37984115	37984123	111	2	60	pips_40_500-8000.hdf5	both	none
3799.4568	1	Stimulus/S  1	1	37994568	37994576	111	3	70	pips_40_500-8000.hdf5	both	none
3800.5021	1	Stimulus/S  1	1	38005021	38005029	111	4	50	pips_40_500-8000.hdf5	both	none
3801.5582	1	Stimulus/S  1	1	38015582	38015590	111	5	30	pips_40_500-8000.hdf5	both	none
3802.6248	1	Stimulus/S  1	1	38026248	38026256	112	0	20	pips_40_500-8000.hdf5	both	none
3803.6702	1	Stimulus/S  1	1	38036702	38036710	112	1	40	pips_40_500-8000.hdf5	both	none
3804.7369	1	Stimulus/S  1	1	38047369	38047377	112	2	60	pips_40_500-8000.hdf5	both	none
3805.7929	1	Stimulus/S  1	1	38057929	38057937	112	3	70	pips_40_500-8000.hdf5	both	none
3806.8595	1	Stimulus/S  1	1	38068595	38068603	112	4	50	pips_40_500-8000.hdf5	both	none
3807.9262	1	Stimulus/S  1	1	38079262	38079270	112	5	30	pips_40_500-8000.hdf5	both	none
3808.9929	1	Stimulus/S  1	1	38089929	38089937	113	0	20	pips_40_500-8000.hdf5	both	none
3810.0596	1	Stimulus/S  1	1	38100596	38100604	113	1	40	pips_40_500-8000.hdf5	both	none
3811.1263	1	Stimulus/S  1	1	38111263	38111271	113	2	60	pips_40_500-8000.hdf5	both	none
3812.1716	1	Stimulus/S  1	1	38121716	38121724	113	3	70	pips_40_500-8000.hdf5	both	none
3813.2276	1	Stimulus/S  1	1	38132276	38132284	113	4	50	pips_40_500-8000.hdf5	both	none
3814.2943	1	Stimulus/S  1	1	38142943	38142951	113	5	30	pips_40_500-8000.hdf5	both	none
3815.3396	1	Stimulus/S  1	1	38153396	38153404	114	0	20	pips_40_500-8000.hdf5	both	none
3816.4063	1	Stimulus/S  1	1	38164063	38164071	114	1	40	pips_40_500-8000.hdf5	both	none
3817.473	1	Stimulus/S  1	1	38174730	38174738	114	2	60	pips_40_500-8000.hdf5	both	none
3818.5397	1	Stimulus/S  1	1	38185397	38185405	114	3	70	pips_40_500-8000.hdf5	both	none
3819.6063	1	Stimulus/S  1	1	38196063	38196071	114	4	50	pips_40_500-8000.hdf5	both	none
3820.673	1	Stimulus/S  1	1	38206730	38206738	114	5	30	pips_40_500-8000.hdf5	both	none
3821.7397	1	Stimulus/S  1	1	38217397	38217405	115	0	20	pips_40_500-8000.hdf5	both	none
3822.7957	1	Stimulus/S  1	1	38227957	38227965	115	1	40	pips_40_500-8000.hdf5	both	none
3823.8624	1	Stimulus/S  1	1	38238624	38238632	115	2	60	pips_40_500-8000.hdf5	both	none
3824.9077	1	Stimulus/S  1	1	38249077	38249085	115	3	70	pips_40_500-8000.hdf5	both	none
3825.9744	1	Stimulus/S  1	1	38259744	38259752	115	4	50	pips_40_500-8000.hdf5	both	none
3827.0197	1	Stimulus/S  1	1	38270197	38270205	115	5	30	pips_40_500-8000.hdf5	both	none
3828.0758	1	Stimulus/S  1	1	38280758	38280766	116	0	20	pips_40_500-8000.hdf5	both	none
3829.1211	1	Stimulus/S  1	1	38291211	38291219	116	1	40	pips_40_500-8000.hdf5	both	none
3830.1878	1	Stimulus/S  1	1	38301878	38301886	116	2	60	pips_40_500-8000.hdf5	both	none
3831.2438	1	Stimulus/S  1	1	38312438	38312446	116	3	70	pips_40_500-8000.hdf5	both	none
3832.3105	1	Stimulus/S  1	1	38323105	38323113	116	4	50	pips_40_500-8000.hdf5	both	none
3833.3558	1	Stimulus/S  1	1	38333558	38333566	116	5	30	pips_40_500-8000.hdf5	both	none
3834.4225	1	Stimulus/S  1	1	38344225	38344233	117	0	20	pips_40_500-8000.hdf5	both	none
3835.4892	1	Stimulus/S  1	1	38354892	38354900	117	1	40	pips_40_500-8000.hdf5	both	none
3836.5558	1	Stimulus/S  1	1	38365558	38365566	117	2	60	pips_40_500-8000.hdf5	both	none
3837.6225	1	Stimulus/S  1	1	38376225	38376233	117	3	70	pips_40_500-8000.hdf5	both	none
3838.6892	1	Stimulus/S  1	1	38386892	38386900	117	4	50	pips_40_500-8000.hdf5	both	none
3839.7559	1	Stimulus/S  1	1	38397559	38397567	117	5	30	pips_40_500-8000.hdf5	both	none
3840.8225	1	Stimulus/S  1	1	38408225	38408233	118	0	20	pips_40_500-8000.hdf5	both	none
3841.8892	1	Stimulus/S  1	1	38418892	38418900	118	1	40	pips_40_500-8000.hdf5	both	none
3842.9559	1	Stimulus/S  1	1	38429559	38429567	118	2	60	pips_40_500-8000.hdf5	both	none
3844.0119	1	Stimulus/S  1	1	38440119	38440127	118	3	70	pips_40_500-8000.hdf5	both	none
3845.0786	1	Stimulus/S  1	1	38450786	38450794	118	4	50	pips_40_500-8000.hdf5	both	none
3846.1239	1	Stimulus/S  1	1	38461239	38461247	118	5	30	pips_40_500-8000.hdf5	both	none
3847.1906	1	Stimulus/S  1	1	38471906	38471914	119	0	20	pips_40_500-8000.hdf5	both	none
3848.2359	1	Stimulus/S  1	1	38482359	38482367	119	1	40	pips_40_500-8000.hdf5	both	none
3849.292	1	Stimulus/S  1	1	38492920	38492928	119	2	60	pips_40_500-8000.hdf5	both	none
3850.3373	1	Stimulus/S  1	1	38503373	38503381	119	3	70	pips_40_500-8000.hdf5	both	none
3851.404	1	Stimulus/S  1	1	38514040	38514048	119	4	50	pips_40_500-8000.hdf5	both	none
3852.46	1	Stimulus/S  1	1	38524600	38524608	119	5	30	pips_40_500-8000.hdf5	both	none
