onset	duration	trial_type	value	sample	sample_corrected	token	run	level	stim_file	ear_ac	ear_bc
20.2386	1	Stimulus/S  1	1	202386	202394	0	0	20	pips_l40_r400_500-8000.hdf5	right	left
21.2839	1	Stimulus/S  1	1	212839	212847	0	1	40	pips_l40_r400_500-8000.hdf5	right	left
22.3506	1	Stimulus/S  1	1	223506	223514	0	2	60	pips_l40_r400_500-8000.hdf5	right	left
23.4173	1	Stimulus/S  1	1	234173	234181	0	3	70	pips_l40_r400_500-8000.hdf5	right	left
24.4839	1	Stimulus/S  1	1	244839	244847	0	4	50	pips_l40_r400_500-8000.hdf5	right	left
25.5506	1	Stimulus/S  1	1	255506	255514	0	5	30	pips_l40_r400_500-8000.hdf5	right	left
26.6173	1	Stimulus/S  1	1	266173	266181	1	0	20	pips_l40_r400_500-8000.hdf5	right	left
27.684	1	Stimulus/S  1	1	276840	276848	1	1	40	pips_l40_r400_500-8000.hdf5	right	left
28.7293	1	Stimulus/S  1	1	287293	287301	1	2	60	pips_l40_r400_500-8000.hdf5	right	left
29.796	1	Stimulus/S  1	1	297960	297968	1	3	70	pips_l40_r400_500-8000.hdf5	right	left
30.852	1	Stimulus/S  1	1	308520	308528	1	4	50	pips_l40_r400_500-8000.hdf5	right	left
31.9187	1	Stimulus/S  1	1	319187	319195	1	5	30	pips_l40_r400_500-8000.hdf5	right	left
32.964	1	Stimulus/S  1	1	329640	329648	2	0	20	pips_l40_r400_500-8000.hdf5	right	left
34.02	1	Stimulus/S  1	1	340200	340208	2	1	40	pips_l40_r400_500-8000.hdf5	right	left
35.0654	1	Stimulus/S  1	1	350654	350662	2	2	60	pips_l40_r400_500-8000.hdf5	right	left
36.1214	1	Stimulus/S  1	1	361214	361222	2	3	70	pips_l40_r400_500-8000.hdf5	right	left
37.1667	1	Stimulus/S  1	1	371667	371675	2	4	50	pips_l40_r400_500-8000.hdf5	right	left
38.2334	1	Stimulus/S  1	1	382334	382342	2	5	30	pips_l40_r400_500-8000.hdf5	right	left
39.2894	1	Stimulus/S  1	1	392894	392902	3	0	20	pips_l40_r400_500-8000.hdf5	right	left
40.3454	1	Stimulus/S  1	1	403454	403462	3	1	40	pips_l40_r400_500-8000.hdf5	right	left
41.4014	1	Stimulus/S  1	1	414014	414022	3	2	60	pips_l40_r400_500-8000.hdf5	right	left
42.4681	1	Stimulus/S  1	1	424681	424689	3	3	70	pips_l40_r400_500-8000.hdf5	right	left
43.5348	1	Stimulus/S  1	1	435348	435356	3	4	50	pips_l40_r400_500-8000.hdf5	right	left
44.6015	1	Stimulus/S  1	1	446015	446023	3	5	30	pips_l40_r400_500-8000.hdf5	right	left
45.6681	1	Stimulus/S  1	1	456681	456689	4	0	20	pips_l40_r400_500-8000.hdf5	right	left
46.7348	1	Stimulus/S  1	1	467348	467356	4	1	40	pips_l40_r400_500-8000.hdf5	right	left
47.8015	1	Stimulus/S  1	1	478015	478023	4	2	60	pips_l40_r400_500-8000.hdf5	right	left
48.8468	1	Stimulus/S  1	1	488468	488476	4	3	70	pips_l40_r400_500-8000.hdf5	right	left
49.9029	1	Stimulus/S  1	1	499029	499037	4	4	50	pips_l40_r400_500-8000.hdf5	right	left
50.9482	1	Stimulus/S  1	1	509482	509490	4	5	30	pips_l40_r400_500-8000.hdf5	right	left
52.0042	1	Stimulus/S  1	1	520042	520050	5	0	20	pips_l40_r400_500-8000.hdf5	right	left
53.0495	1	Stimulus/S  1	1	530495	530503	5	1	40	pips_l40_r400_500-8000.hdf5	right	left
54.1056	1	Stimulus/S  1	1	541056	541064	5	2	60	pips_l40_r400_500-8000.hdf5	right	left
55.1509	1	Stimulus/S  1	1	551509	551517	5	3	70	pips_l40_r400_500-8000.hdf5	right	left
56.1962	1	Stimulus/S  1	1	561962	561970	5	4	50	pips_l40_r400_500-8000.hdf5	right	left
57.2629	1	Stimulus/S  1	1	572629	572637	5	5	30	pips_l40_r400_500-8000.hdf5	right	left
58.3189	1	Stimulus/S  1	1	583189	583197	6	0	20	pips_l40_r400_500-8000.hdf5	right	left
59.3856	1	Stimulus/S  1	1	593856	593864	6	1	40	pips_l40_r400_500-8000.hdf5	right	left
60.4523	1	Stimulus/S  1	1	604523	604531	6	2	60	pips_l40_r400_500-8000.hdf5	right	left
61.519	1	Stimulus/S  1	1	615190	615198	6	3	70	pips_l40_r400_500-8000.hdf5	right	left
62.5856	1	Stimulus/S  1	1	625856	625864	6	4	50	pips_l40_r400_500-8000.hdf5	right	left
63.6523	1	Stimulus/S  1	1	636523	636531	6	5	30	pips_l40_r400_500-8000.hdf5	right	left
64.719	1	Stimulus/S  1	1	647190	647198	7	0	20	pips_l40_r400_500-8000.hdf5	right	left
65.7643	1	Stimulus/S  1	1	657643	657651	7	1	40	pips_l40_r400_500-8000.hdf5	right	left
66.8204	1	Stimulus/S  1	1	668204	668212	7	2	60	pips_l40_r400_500-8000.hdf5	right	left
67.8657	1	Stimulus/S  1	1	678657	678665	7	3	70	pips_l40_r400_500-8000.hdf5	right	left
68.9217	1	Stimulus/S  1	1	689217	689225	7	4	50	pips_l40_r400_500-8000.hdf5	right	left
69.967	1	Stimulus/S  1	1	699670	699678	7	5	30	pips_l40_r400_500-8000.hdf5	right	left
71.0231	1	Stimulus/S  1	1	710231	710239	8	0	20	pips_l40_r400_500-8000.hdf5	right	left
72.0897	1	Stimulus/S  1	1	720897	720905	8	1	40	pips_l40_r400_500-8000.hdf5	right	left
73.1351	1	Stimulus/S  1	1	731351	731359	8	2	60	pips_l40_r400_500-8000.hdf5	right	left
74.2018	1	Stimulus/S  1	1	742018	742026	8	3	70	pips_l40_r400_500-8000.hdf5	right	left
75.2684	1	Stimulus/S  1	1	752684	752692	8	4	50	pips_l40_r400_500-8000.hdf5	right	left
76.3351	1	Stimulus/S  1	1	763351	763359	8	5	30	pips_l40_r400_500-8000.hdf5	right	left
77.4018	1	Stimulus/S  1	1	774018	774026	9	0	20	pips_l40_r400_500-8000.hdf5	right	left
78.4685	1	Stimulus/S  1	1	784685	784693	9	1	40	pips_l40_r400_500-8000.hdf5	right	left
79.5351	1	Stimulus/S  1	1	795351	795359	9	2	60	pips_l40_r400_500-8000.hdf5	right	left
80.5805	1	Stimulus/S  1	1	805805	805813	9	3	70	pips_l40_r400_500-8000.hdf5	right	left
81.6472	1	Stimulus/S  1	1	816472	816480	9	4	50	pips_l40_r400_500-8000.hdf5	right	left
82.7032	1	Stimulus/S  1	1	827032	827040	9	5	30	pips_l40_r400_500-8000.hdf5	right	left
83.7485	1	Stimulus/S  1	1	837485	837493	10	0	20	pips_l40_r400_500-8000.hdf5	right	left
84.8045	1	Stimulus/S  1	1	848045	848053	10	1	40	pips_l40_r400_500-8000.hdf5	right	left
85.8499	1	Stimulus/S  1	1	858499	858507	10	2	60	pips_l40_r400_500-8000.hdf5	right	left
86.9059	1	Stimulus/S  1	1	869059	869067	10	3	70	pips_l40_r400_500-8000.hdf5	right	left
87.9512	1	Stimulus/S  1	1	879512	879520	10	4	50	pips_l40_r400_500-8000.hdf5	right	left
88.9966	1	Stimulus/S  1	1	889966	889974	10	5	30	pips_l40_r400_500-8000.hdf5	right	left
90.0526	1	Stimulus/S  1	1	900526	900534	11	0	20	pips_l40_r400_500-8000.hdf5	right	left
91.1193	1	Stimulus/S  1	1	911193	911201	11	1	40	pips_l40_r400_500-8000.hdf5	right	left
92.1859	1	Stimulus/S  1	1	921859	921867	11	2	60	pips_l40_r400_500-8000.hdf5	right	left
93.2526	1	Stimulus/S  1	1	932526	932534	11	3	70	pips_l40_r400_500-8000.hdf5	right	left
94.3193	1	Stimulus/S  1	1	943193	943201	11	4	50	pips_l40_r400_500-8000.hdf5	right	left
95.386	1	Stimulus/S  1	1	953860	953868	11	5	30	pips_l40_r400_500-8000.hdf5	right	left
96.4526	1	Stimulus/S  1	1	964526	964534	12	0	20	pips_l40_r400_500-8000.hdf5	right	left
97.498	1	Stimulus/S  1	1	974980	974988	12	1	40	pips_l40_r400_500-8000.hdf5	right	left
98.554	1	Stimulus/S  1	1	985540	985548	12	2	60	pips_l40_r400_500-8000.hdf5	right	left
99.5993	1	Stimulus/S  1	1	995993	996001	12	3	70	pips_l40_r400_500-8000.hdf5	right	left
100.6554	1	Stimulus/S  1	1	1006554	1006562	12	4	50	pips_l40_r400_500-8000.hdf5	right	left
101.7007	1	Stimulus/S  1	1	1017007	1017015	12	5	30	pips_l40_r400_500-8000.hdf5	right	left
102.7567	1	Stimulus/S  1	1	1027567	1027575	13	0	20	pips_l40_r400_500-8000.hdf5	right	left
103.8021	1	Stimulus/S  1	1	1038021	1038029	13	1	40	pips_l40_r400_500-8000.hdf5	right	left
104.8474	1	Stimulus/S  1	1	1048474	1048482	13	2	60	pips_l40_r400_500-8000.hdf5	right	left
105.9141	1	Stimulus/S  1	1	1059141	1059149	13	3	70	pips_l40_r400_500-8000.hdf5	right	left
106.9701	1	Stimulus/S  1	1	1069701	1069709	13	4	50	pips_l40_r400_500-8000.hdf5	right	left
108.0368	1	Stimulus/S  1	1	1080368	1080376	13	5	30	pips_l40_r400_500-8000.hdf5	right	left
109.1034	1	Stimulus/S  1	1	1091034	1091042	14	0	20	pips_l40_r400_500-8000.hdf5	right	left
110.1701	1	Stimulus/S  1	1	1101701	1101709	14	1	40	pips_l40_r400_500-8000.hdf5	right	left
111.2368	1	Stimulus/S  1	1	1112368	1112376	14	2	60	pips_l40_r400_500-8000.hdf5	right	left
112.3035	1	Stimulus/S  1	1	1123035	1123043	14	3	70	pips_l40_r400_500-8000.hdf5	right	left
113.3701	1	Stimulus/S  1	1	1133701	1133709	14	4	50	pips_l40_r400_500-8000.hdf5	right	left
114.4155	1	Stimulus/S  1	1	1144155	1144163	14	5	30	pips_l40_r400_500-8000.hdf5	right	left
115.4822	1	Stimulus/S  1	1	1154822	1154830	15	0	20	pips_l40_r400_500-8000.hdf5	right	left
116.5382	1	Stimulus/S  1	1	1165382	1165390	15	1	40	pips_l40_r400_500-8000.hdf5	right	left
117.5835	1	Stimulus/S  1	1	1175835	1175843	15	2	60	pips_l40_r400_500-8000.hdf5	right	left
118.6395	1	Stimulus/S  1	1	1186395	1186403	15	3	70	pips_l40_r400_500-8000.hdf5	right	left
119.6849	1	Stimulus/S  1	1	1196849	1196857	15	4	50	pips_l40_r400_500-8000.hdf5	right	left
120.7302	1	Stimulus/S  1	1	1207302	1207310	15	5	30	pips_l40_r400_500-8000.hdf5	right	left
121.7862	1	Stimulus/S  1	1	1217862	1217870	16	0	20	pips_l40_r400_500-8000.hdf5	right	left
122.8316	1	Stimulus/S  1	1	1228316	1228324	16	1	40	pips_l40_r400_500-8000.hdf5	right	left
123.8876	1	Stimulus/S  1	1	1238876	1238884	16	2	60	pips_l40_r400_500-8000.hdf5	right	left
124.9543	1	Stimulus/S  1	1	1249543	1249551	16	3	70	pips_l40_r400_500-8000.hdf5	right	left
126.0209	1	Stimulus/S  1	1	1260209	1260217	16	4	50	pips_l40_r400_500-8000.hdf5	right	left
127.0876	1	Stimulus/S  1	1	1270876	1270884	16	5	30	pips_l40_r400_500-8000.hdf5	right	left
128.1543	1	Stimulus/S  1	1	1281543	1281551	17	0	20	pips_l40_r400_500-8000.hdf5	right	left
129.221	1	Stimulus/S  1	1	1292210	1292218	17	1	40	pips_l40_r400_500-8000.hdf5	right	left
130.2876	1	Stimulus/S  1	1	1302876	1302884	17	2	60	pips_l40_r400_500-8000.hdf5	right	left
131.333	1	Stimulus/S  1	1	1313330	1313338	17	3	70	pips_l40_r400_500-8000.hdf5	right	left
132.3997	1	Stimulus/S  1	1	1323997	1324005	17	4	50	pips_l40_r400_500-8000.hdf5	right	left
133.4557	1	Stimulus/S  1	1	1334557	1334565	17	5	30	pips_l40_r400_500-8000.hdf5	right	left
134.5224	1	Stimulus/S  1	1	1345224	1345232	18	0	20	pips_l40_r400_500-8000.hdf5	right	left
135.5677	1	Stimulus/S  1	1	1355677	1355685	18	1	40	pips_l40_r400_500-8000.hdf5	right	left
136.6237	1	Stimulus/S  1	1	1366237	1366245	18	2	60	pips_l40_r400_500-8000.hdf5	right	left
137.6691	1	Stimulus/S  1	1	1376691	1376699	18	3	70	pips_l40_r400_500-8000.hdf5	right	left
138.7144	1	Stimulus/S  1	1	1387144	1387152	18	4	50	pips_l40_r400_500-8000.hdf5	right	left
139.7704	1	Stimulus/S  1	1	1397704	1397712	18	5	30	pips_l40_r400_500-8000.hdf5	right	left
140.8371	1	Stimulus/S  1	1	1408371	1408379	19	0	20	pips_l40_r400_500-8000.hdf5	right	left
141.8824	1	Stimulus/S  1	1	1418824	1418832	19	1	40	pips_l40_r400_500-8000.hdf5	right	left
142.9491	1	Stimulus/S  1	1	1429491	1429499	19	2	60	pips_l40_r400_500-8000.hdf5	right	left
144.0051	1	Stimulus/S  1	1	1440051	1440059	19	3	70	pips_l40_r400_500-8000.hdf5	right	left
145.0718	1	Stimulus/S  1	1	1450718	1450726	19	4	50	pips_l40_r400_500-8000.hdf5	right	left
146.1385	1	Stimulus/S  1	1	1461385	1461393	19	5	30	pips_l40_r400_500-8000.hdf5	right	left
147.2051	1	Stimulus/S  1	1	1472051	1472059	20	0	20	pips_l40_r400_500-8000.hdf5	right	left
148.2505	1	Stimulus/S  1	1	1482505	1482513	20	1	40	pips_l40_r400_500-8000.hdf5	right	left
149.3172	1	Stimulus/S  1	1	1493172	1493180	20	2	60	pips_l40_r400_500-8000.hdf5	right	left
150.3732	1	Stimulus/S  1	1	1503732	1503740	20	3	70	pips_l40_r400_500-8000.hdf5	right	left
151.4185	1	Stimulus/S  1	1	1514185	1514193	20	4	50	pips_l40_r400_500-8000.hdf5	right	left
152.4745	1	Stimulus/S  1	1	1524745	1524753	20	5	30	pips_l40_r400_500-8000.hdf5	right	left
153.5199	1	Stimulus/S  1	1	1535199	1535207	21	0	20	pips_l40_r400_500-8000.hdf5	right	left
154.5652	1	Stimulus/S  1	1	1545652	1545660	21	1	40	pips_l40_r400_500-8000.hdf5	right	left
155.6212	1	Stimulus/S  1	1	1556212	1556220	21	2	60	pips_l40_r400_500-8000.hdf5	right	left
156.6666	1	Stimulus/S  1	1	1566666	1566674	21	3	70	pips_l40_r400_500-8000.hdf5	right	left
157.7226	1	Stimulus/S  1	1	1577226	1577234	21	4	50	pips_l40_r400_500-8000.hdf5	right	left
158.7893	1	Stimulus/S  1	1	1587893	1587901	21	5	30	pips_l40_r400_500-8000.hdf5	right	left
159.8559	1	Stimulus/S  1	1	1598559	1598567	22	0	20	pips_l40_r400_500-8000.hdf5	right	left
160.9226	1	Stimulus/S  1	1	1609226	1609234	22	1	40	pips_l40_r400_500-8000.hdf5	right	left
161.9893	1	Stimulus/S  1	1	1619893	1619901	22	2	60	pips_l40_r400_500-8000.hdf5	right	left
163.056	1	Stimulus/S  1	1	1630560	1630568	22	3	70	pips_l40_r400_500-8000.hdf5	right	left
164.1013	1	Stimulus/S  1	1	1641013	1641021	22	4	50	pips_l40_r400_500-8000.hdf5	right	left
165.168	1	Stimulus/S  1	1	1651680	1651688	22	5	30	pips_l40_r400_500-8000.hdf5	right	left
166.2667	1	Stimulus/S  1	1	1662667	1662675	23	0	20	pips_l40_r400_500-8000.hdf5	right	left
167.3333	1	Stimulus/S  1	1	1673333	1673341	23	1	40	pips_l40_r400_500-8000.hdf5	right	left
168.3894	1	Stimulus/S  1	1	1683894	1683902	23	2	60	pips_l40_r400_500-8000.hdf5	right	left
169.4347	1	Stimulus/S  1	1	1694347	1694355	23	3	70	pips_l40_r400_500-8000.hdf5	right	left
170.5014	1	Stimulus/S  1	1	1705014	1705022	23	4	50	pips_l40_r400_500-8000.hdf5	right	left
171.5681	1	Stimulus/S  1	1	1715681	1715689	23	5	30	pips_l40_r400_500-8000.hdf5	right	left
172.6347	1	Stimulus/S  1	1	1726347	1726355	24	0	20	pips_l40_r400_500-8000.hdf5	right	left
173.7014	1	Stimulus/S  1	1	1737014	1737022	24	1	40	pips_l40_r400_500-8000.hdf5	right	left
174.7681	1	Stimulus/S  1	1	1747681	1747689	24	2	60	pips_l40_r400_500-8000.hdf5	right	left
175.8241	1	Stimulus/S  1	1	1758241	1758249	24	3	70	pips_l40_r400_500-8000.hdf5	right	left
176.8908	1	Stimulus/S  1	1	1768908	1768916	24	4	50	pips_l40_r400_500-8000.hdf5	right	left
177.9361	1	Stimulus/S  1	1	1779361	1779369	24	5	30	pips_l40_r400_500-8000.hdf5	right	left
179.0028	1	Stimulus/S  1	1	1790028	1790036	25	0	20	pips_l40_r400_500-8000.hdf5	right	left
180.0481	1	Stimulus/S  1	1	1800481	1800489	25	1	40	pips_l40_r400_500-8000.hdf5	right	left
181.1042	1	Stimulus/S  1	1	1811042	1811050	25	2	60	pips_l40_r400_500-8000.hdf5	right	left
182.1495	1	Stimulus/S  1	1	1821495	1821503	25	3	70	pips_l40_r400_500-8000.hdf5	right	left
183.2162	1	Stimulus/S  1	1	1832162	1832170	25	4	50	pips_l40_r400_500-8000.hdf5	right	left
184.2722	1	Stimulus/S  1	1	1842722	1842730	25	5	30	pips_l40_r400_500-8000.hdf5	right	left
185.3389	1	Stimulus/S  1	1	1853389	1853397	26	0	20	pips_l40_r400_500-8000.hdf5	right	left
186.4055	1	Stimulus/S  1	1	1864055	1864063	26	1	40	pips_l40_r400_500-8000.hdf5	right	left
187.4722	1	Stimulus/S  1	1	1874722	1874730	26	2	60	pips_l40_r400_500-8000.hdf5	right	left
188.5389	1	Stimulus/S  1	1	1885389	1885397	26	3	70	pips_l40_r400_500-8000.hdf5	right	left
189.6056	1	Stimulus/S  1	1	1896056	1896064	26	4	50	pips_l40_r400_500-8000.hdf5	right	left
190.6509	1	Stimulus/S  1	1	1906509	1906517	26	5	30	pips_l40_r400_500-8000.hdf5	right	left
205.549	1	Stimulus/S  1	1	2055490	2055498	3	5	30	pips_l40_r400_500-8000.hdf5	right	left
206.605	1	Stimulus/S  1	1	2066050	2066058	4	0	20	pips_l40_r400_500-8000.hdf5	right	left
207.6503	1	Stimulus/S  1	1	2076503	2076511	4	1	40	pips_l40_r400_500-8000.hdf5	right	left
208.7063	1	Stimulus/S  1	1	2087063	2087071	4	2	60	pips_l40_r400_500-8000.hdf5	right	left
209.7517	1	Stimulus/S  1	1	2097517	2097525	4	3	70	pips_l40_r400_500-8000.hdf5	right	left
210.8184	1	Stimulus/S  1	1	2108184	2108192	4	4	50	pips_l40_r400_500-8000.hdf5	right	left
211.8744	1	Stimulus/S  1	1	2118744	2118752	4	5	30	pips_l40_r400_500-8000.hdf5	right	left
212.9411	1	Stimulus/S  1	1	2129411	2129419	5	0	20	pips_l40_r400_500-8000.hdf5	right	left
213.9864	1	Stimulus/S  1	1	2139864	2139872	5	1	40	pips_l40_r400_500-8000.hdf5	right	left
215.0424	1	Stimulus/S  1	1	2150424	2150432	5	2	60	pips_l40_r400_500-8000.hdf5	right	left
216.0877	1	Stimulus/S  1	1	2160877	2160885	5	3	70	pips_l40_r400_500-8000.hdf5	right	left
217.1544	1	Stimulus/S  1	1	2171544	2171552	5	4	50	pips_l40_r400_500-8000.hdf5	right	left
218.2211	1	Stimulus/S  1	1	2182211	2182219	5	5	30	pips_l40_r400_500-8000.hdf5	right	left
219.2878	1	Stimulus/S  1	1	2192878	2192886	6	0	20	pips_l40_r400_500-8000.hdf5	right	left
220.3331	1	Stimulus/S  1	1	2203331	2203339	6	1	40	pips_l40_r400_500-8000.hdf5	right	left
221.3998	1	Stimulus/S  1	1	2213998	2214006	6	2	60	pips_l40_r400_500-8000.hdf5	right	left
222.4558	1	Stimulus/S  1	1	2224558	2224566	6	3	70	pips_l40_r400_500-8000.hdf5	right	left
223.5225	1	Stimulus/S  1	1	2235225	2235233	6	4	50	pips_l40_r400_500-8000.hdf5	right	left
224.5678	1	Stimulus/S  1	1	2245678	2245686	6	5	30	pips_l40_r400_500-8000.hdf5	right	left
225.6345	1	Stimulus/S  1	1	2256345	2256353	7	0	20	pips_l40_r400_500-8000.hdf5	right	left
226.6905	1	Stimulus/S  1	1	2266905	2266913	7	1	40	pips_l40_r400_500-8000.hdf5	right	left
227.7359	1	Stimulus/S  1	1	2277359	2277367	7	2	60	pips_l40_r400_500-8000.hdf5	right	left
228.7919	1	Stimulus/S  1	1	2287919	2287927	7	3	70	pips_l40_r400_500-8000.hdf5	right	left
229.8372	1	Stimulus/S  1	1	2298372	2298380	7	4	50	pips_l40_r400_500-8000.hdf5	right	left
230.8826	1	Stimulus/S  1	1	2308826	2308834	7	5	30	pips_l40_r400_500-8000.hdf5	right	left
231.9492	1	Stimulus/S  1	1	2319492	2319500	8	0	20	pips_l40_r400_500-8000.hdf5	right	left
233.0052	1	Stimulus/S  1	1	2330052	2330060	8	1	40	pips_l40_r400_500-8000.hdf5	right	left
234.0719	1	Stimulus/S  1	1	2340719	2340727	8	2	60	pips_l40_r400_500-8000.hdf5	right	left
235.1173	1	Stimulus/S  1	1	2351173	2351181	8	3	70	pips_l40_r400_500-8000.hdf5	right	left
236.1839	1	Stimulus/S  1	1	2361839	2361847	8	4	50	pips_l40_r400_500-8000.hdf5	right	left
237.2506	1	Stimulus/S  1	1	2372506	2372514	8	5	30	pips_l40_r400_500-8000.hdf5	right	left
238.3173	1	Stimulus/S  1	1	2383173	2383181	9	0	20	pips_l40_r400_500-8000.hdf5	right	left
239.384	1	Stimulus/S  1	1	2393840	2393848	9	1	40	pips_l40_r400_500-8000.hdf5	right	left
240.4507	1	Stimulus/S  1	1	2404507	2404515	9	2	60	pips_l40_r400_500-8000.hdf5	right	left
241.5067	1	Stimulus/S  1	1	2415067	2415075	9	3	70	pips_l40_r400_500-8000.hdf5	right	left
242.552	1	Stimulus/S  1	1	2425520	2425528	9	4	50	pips_l40_r400_500-8000.hdf5	right	left
243.608	1	Stimulus/S  1	1	2436080	2436088	9	5	30	pips_l40_r400_500-8000.hdf5	right	left
244.6534	1	Stimulus/S  1	1	2446534	2446542	10	0	20	pips_l40_r400_500-8000.hdf5	right	left
245.7094	1	Stimulus/S  1	1	2457094	2457102	10	1	40	pips_l40_r400_500-8000.hdf5	right	left
246.7547	1	Stimulus/S  1	1	2467547	2467555	10	2	60	pips_l40_r400_500-8000.hdf5	right	left
247.8001	1	Stimulus/S  1	1	2478001	2478009	10	3	70	pips_l40_r400_500-8000.hdf5	right	left
248.8667	1	Stimulus/S  1	1	2488667	2488675	10	4	50	pips_l40_r400_500-8000.hdf5	right	left
249.9228	1	Stimulus/S  1	1	2499228	2499236	10	5	30	pips_l40_r400_500-8000.hdf5	right	left
250.9894	1	Stimulus/S  1	1	2509894	2509902	11	0	20	pips_l40_r400_500-8000.hdf5	right	left
252.0348	1	Stimulus/S  1	1	2520348	2520356	11	1	40	pips_l40_r400_500-8000.hdf5	right	left
253.1014	1	Stimulus/S  1	1	2531014	2531022	11	2	60	pips_l40_r400_500-8000.hdf5	right	left
254.1681	1	Stimulus/S  1	1	2541681	2541689	11	3	70	pips_l40_r400_500-8000.hdf5	right	left
255.2348	1	Stimulus/S  1	1	2552348	2552356	11	4	50	pips_l40_r400_500-8000.hdf5	right	left
256.2908	1	Stimulus/S  1	1	2562908	2562916	11	5	30	pips_l40_r400_500-8000.hdf5	right	left
257.3575	1	Stimulus/S  1	1	2573575	2573583	12	0	20	pips_l40_r400_500-8000.hdf5	right	left
258.4028	1	Stimulus/S  1	1	2584028	2584036	12	1	40	pips_l40_r400_500-8000.hdf5	right	left
259.4695	1	Stimulus/S  1	1	2594695	2594703	12	2	60	pips_l40_r400_500-8000.hdf5	right	left
260.5255	1	Stimulus/S  1	1	2605255	2605263	12	3	70	pips_l40_r400_500-8000.hdf5	right	left
261.5709	1	Stimulus/S  1	1	2615709	2615717	12	4	50	pips_l40_r400_500-8000.hdf5	right	left
262.6162	1	Stimulus/S  1	1	2626162	2626170	12	5	30	pips_l40_r400_500-8000.hdf5	right	left
263.6829	1	Stimulus/S  1	1	2636829	2636837	13	0	20	pips_l40_r400_500-8000.hdf5	right	left
264.7389	1	Stimulus/S  1	1	2647389	2647397	13	1	40	pips_l40_r400_500-8000.hdf5	right	left
265.8056	1	Stimulus/S  1	1	2658056	2658064	13	2	60	pips_l40_r400_500-8000.hdf5	right	left
266.8509	1	Stimulus/S  1	1	2668509	2668517	13	3	70	pips_l40_r400_500-8000.hdf5	right	left
267.9176	1	Stimulus/S  1	1	2679176	2679184	13	4	50	pips_l40_r400_500-8000.hdf5	right	left
268.9843	1	Stimulus/S  1	1	2689843	2689851	13	5	30	pips_l40_r400_500-8000.hdf5	right	left
270.051	1	Stimulus/S  1	1	2700510	2700518	14	0	20	pips_l40_r400_500-8000.hdf5	right	left
271.1176	1	Stimulus/S  1	1	2711176	2711184	14	1	40	pips_l40_r400_500-8000.hdf5	right	left
272.1843	1	Stimulus/S  1	1	2721843	2721851	14	2	60	pips_l40_r400_500-8000.hdf5	right	left
273.251	1	Stimulus/S  1	1	2732510	2732518	14	3	70	pips_l40_r400_500-8000.hdf5	right	left
274.307	1	Stimulus/S  1	1	2743070	2743078	14	4	50	pips_l40_r400_500-8000.hdf5	right	left
275.3737	1	Stimulus/S  1	1	2753737	2753745	14	5	30	pips_l40_r400_500-8000.hdf5	right	left
276.419	1	Stimulus/S  1	1	2764190	2764198	15	0	20	pips_l40_r400_500-8000.hdf5	right	left
277.4857	1	Stimulus/S  1	1	2774857	2774865	15	1	40	pips_l40_r400_500-8000.hdf5	right	left
278.5417	1	Stimulus/S  1	1	2785417	2785425	15	2	60	pips_l40_r400_500-8000.hdf5	right	left
279.587	1	Stimulus/S  1	1	2795870	2795878	15	3	70	pips_l40_r400_500-8000.hdf5	right	left
280.6431	1	Stimulus/S  1	1	2806431	2806439	15	4	50	pips_l40_r400_500-8000.hdf5	right	left
281.7097	1	Stimulus/S  1	1	2817097	2817105	15	5	30	pips_l40_r400_500-8000.hdf5	right	left
282.7551	1	Stimulus/S  1	1	2827551	2827559	16	0	20	pips_l40_r400_500-8000.hdf5	right	left
283.8218	1	Stimulus/S  1	1	2838218	2838226	16	1	40	pips_l40_r400_500-8000.hdf5	right	left
284.8671	1	Stimulus/S  1	1	2848671	2848679	16	2	60	pips_l40_r400_500-8000.hdf5	right	left
285.9338	1	Stimulus/S  1	1	2859338	2859346	16	3	70	pips_l40_r400_500-8000.hdf5	right	left
287.0005	1	Stimulus/S  1	1	2870005	2870013	16	4	50	pips_l40_r400_500-8000.hdf5	right	left
288.0671	1	Stimulus/S  1	1	2880671	2880679	16	5	30	pips_l40_r400_500-8000.hdf5	right	left
289.1231	1	Stimulus/S  1	1	2891231	2891239	17	0	20	pips_l40_r400_500-8000.hdf5	right	left
290.1898	1	Stimulus/S  1	1	2901898	2901906	17	1	40	pips_l40_r400_500-8000.hdf5	right	left
291.2352	1	Stimulus/S  1	1	2912352	2912360	17	2	60	pips_l40_r400_500-8000.hdf5	right	left
292.3018	1	Stimulus/S  1	1	2923018	2923026	17	3	70	pips_l40_r400_500-8000.hdf5	right	left
293.3578	1	Stimulus/S  1	1	2933578	2933586	17	4	50	pips_l40_r400_500-8000.hdf5	right	left
294.4032	1	Stimulus/S  1	1	2944032	2944040	17	5	30	pips_l40_r400_500-8000.hdf5	right	left
295.4592	1	Stimulus/S  1	1	2954592	2954600	18	0	20	pips_l40_r400_500-8000.hdf5	right	left
296.5259	1	Stimulus/S  1	1	2965259	2965267	18	1	40	pips_l40_r400_500-8000.hdf5	right	left
297.5712	1	Stimulus/S  1	1	2975712	2975720	18	2	60	pips_l40_r400_500-8000.hdf5	right	left
298.6379	1	Stimulus/S  1	1	2986379	2986387	18	3	70	pips_l40_r400_500-8000.hdf5	right	left
299.6939	1	Stimulus/S  1	1	2996939	2996947	18	4	50	pips_l40_r400_500-8000.hdf5	right	left
300.7606	1	Stimulus/S  1	1	3007606	3007614	18	5	30	pips_l40_r400_500-8000.hdf5	right	left
301.8166	1	Stimulus/S  1	1	3018166	3018174	19	0	20	pips_l40_r400_500-8000.hdf5	right	left
302.8833	1	Stimulus/S  1	1	3028833	3028841	19	1	40	pips_l40_r400_500-8000.hdf5	right	left
303.9606	1	Stimulus/S  1	1	3039606	3039614	19	2	60	pips_l40_r400_500-8000.hdf5	right	left
305.0166	1	Stimulus/S  1	1	3050166	3050174	19	3	70	pips_l40_r400_500-8000.hdf5	right	left
306.094	1	Stimulus/S  1	1	3060940	3060948	19	4	50	pips_l40_r400_500-8000.hdf5	right	left
307.1393	1	Stimulus/S  1	1	3071393	3071401	19	5	30	pips_l40_r400_500-8000.hdf5	right	left
308.1847	1	Stimulus/S  1	1	3081847	3081855	20	0	20	pips_l40_r400_500-8000.hdf5	right	left
309.2407	1	Stimulus/S  1	1	3092407	3092415	20	1	40	pips_l40_r400_500-8000.hdf5	right	left
310.286	1	Stimulus/S  1	1	3102860	3102868	20	2	60	pips_l40_r400_500-8000.hdf5	right	left
311.342	1	Stimulus/S  1	1	3113420	3113428	20	3	70	pips_l40_r400_500-8000.hdf5	right	left
312.3874	1	Stimulus/S  1	1	3123874	3123882	20	4	50	pips_l40_r400_500-8000.hdf5	right	left
313.454	1	Stimulus/S  1	1	3134540	3134548	20	5	30	pips_l40_r400_500-8000.hdf5	right	left
314.5101	1	Stimulus/S  1	1	3145101	3145109	21	0	20	pips_l40_r400_500-8000.hdf5	right	left
315.5767	1	Stimulus/S  1	1	3155767	3155775	21	1	40	pips_l40_r400_500-8000.hdf5	right	left
316.6434	1	Stimulus/S  1	1	3166434	3166442	21	2	60	pips_l40_r400_500-8000.hdf5	right	left
317.7101	1	Stimulus/S  1	1	3177101	3177109	21	3	70	pips_l40_r400_500-8000.hdf5	right	left
318.7768	1	Stimulus/S  1	1	3187768	3187776	21	4	50	pips_l40_r400_500-8000.hdf5	right	left
319.8434	1	Stimulus/S  1	1	3198434	3198442	21	5	30	pips_l40_r400_500-8000.hdf5	right	left
320.9101	1	Stimulus/S  1	1	3209101	3209109	22	0	20	pips_l40_r400_500-8000.hdf5	right	left
321.9555	1	Stimulus/S  1	1	3219555	3219563	22	1	40	pips_l40_r400_500-8000.hdf5	right	left
323.0008	1	Stimulus/S  1	1	3230008	3230016	22	2	60	pips_l40_r400_500-8000.hdf5	right	left
324.0568	1	Stimulus/S  1	1	3240568	3240576	22	3	70	pips_l40_r400_500-8000.hdf5	right	left
325.1022	1	Stimulus/S  1	1	3251022	3251030	22	4	50	pips_l40_r400_500-8000.hdf5	right	left
326.1582	1	Stimulus/S  1	1	3261582	3261590	22	5	30	pips_l40_r400_500-8000.hdf5	right	left
327.2035	1	Stimulus/S  1	1	3272035	3272043	23	0	20	pips_l40_r400_500-8000.hdf5	right	left
328.2595	1	Stimulus/S  1	1	3282595	3282603	23	1	40	pips_l40_r400_500-8000.hdf5	right	left
329.3049	1	Stimulus/S  1	1	3293049	3293057	23	2	60	pips_l40_r400_500-8000.hdf5	right	left
330.3715	1	Stimulus/S  1	1	3303715	3303723	23	3	70	pips_l40_r400_500-8000.hdf5	right	left
331.4276	1	Stimulus/S  1	1	3314276	3314284	23	4	50	pips_l40_r400_500-8000.hdf5	right	left
332.4942	1	Stimulus/S  1	1	3324942	3324950	23	5	30	pips_l40_r400_500-8000.hdf5	right	left
333.5609	1	Stimulus/S  1	1	3335609	3335617	24	0	20	pips_l40_r400_500-8000.hdf5	right	left
334.6276	1	Stimulus/S  1	1	3346276	3346284	24	1	40	pips_l40_r400_500-8000.hdf5	right	left
335.6729	1	Stimulus/S  1	1	3356729	3356737	24	2	60	pips_l40_r400_500-8000.hdf5	right	left
336.7396	1	Stimulus/S  1	1	3367396	3367404	24	3	70	pips_l40_r400_500-8000.hdf5	right	left
337.785	1	Stimulus/S  1	1	3377850	3377858	24	4	50	pips_l40_r400_500-8000.hdf5	right	left
338.841	1	Stimulus/S  1	1	3388410	3388418	24	5	30	pips_l40_r400_500-8000.hdf5	right	left
339.8863	1	Stimulus/S  1	1	3398863	3398871	25	0	20	pips_l40_r400_500-8000.hdf5	right	left
340.9423	1	Stimulus/S  1	1	3409423	3409431	25	1	40	pips_l40_r400_500-8000.hdf5	right	left
341.9877	1	Stimulus/S  1	1	3419877	3419885	25	2	60	pips_l40_r400_500-8000.hdf5	right	left
343.0437	1	Stimulus/S  1	1	3430437	3430445	25	3	70	pips_l40_r400_500-8000.hdf5	right	left
344.089	1	Stimulus/S  1	1	3440890	3440898	25	4	50	pips_l40_r400_500-8000.hdf5	right	left
345.1344	1	Stimulus/S  1	1	3451344	3451352	25	5	30	pips_l40_r400_500-8000.hdf5	right	left
346.201	1	Stimulus/S  1	1	3462010	3462018	26	0	20	pips_l40_r400_500-8000.hdf5	right	left
347.2677	1	Stimulus/S  1	1	3472677	3472685	26	1	40	pips_l40_r400_500-8000.hdf5	right	left
348.3344	1	Stimulus/S  1	1	3483344	3483352	26	2	60	pips_l40_r400_500-8000.hdf5	right	left
349.4011	1	Stimulus/S  1	1	3494011	3494019	26	3	70	pips_l40_r400_500-8000.hdf5	right	left
350.4677	1	Stimulus/S  1	1	3504677	3504685	26	4	50	pips_l40_r400_500-8000.hdf5	right	left
351.5451	1	Stimulus/S  1	1	3515451	3515459	26	5	30	pips_l40_r400_500-8000.hdf5	right	left
352.5904	1	Stimulus/S  1	1	3525904	3525912	27	0	20	pips_l40_r400_500-8000.hdf5	right	left
353.6571	1	Stimulus/S  1	1	3536571	3536579	27	1	40	pips_l40_r400_500-8000.hdf5	right	left
354.7025	1	Stimulus/S  1	1	3547025	3547033	27	2	60	pips_l40_r400_500-8000.hdf5	right	left
355.7585	1	Stimulus/S  1	1	3557585	3557593	27	3	70	pips_l40_r400_500-8000.hdf5	right	left
356.8038	1	Stimulus/S  1	1	3568038	3568046	27	4	50	pips_l40_r400_500-8000.hdf5	right	left
357.8598	1	Stimulus/S  1	1	3578598	3578606	27	5	30	pips_l40_r400_500-8000.hdf5	right	left
358.9052	1	Stimulus/S  1	1	3589052	3589060	28	0	20	pips_l40_r400_500-8000.hdf5	right	left
359.9612	1	Stimulus/S  1	1	3599612	3599620	28	1	40	pips_l40_r400_500-8000.hdf5	right	left
361.0279	1	Stimulus/S  1	1	3610279	3610287	28	2	60	pips_l40_r400_500-8000.hdf5	right	left
362.0945	1	Stimulus/S  1	1	3620945	3620953	28	3	70	pips_l40_r400_500-8000.hdf5	right	left
363.1612	1	Stimulus/S  1	1	3631612	3631620	28	4	50	pips_l40_r400_500-8000.hdf5	right	left
364.2279	1	Stimulus/S  1	1	3642279	3642287	28	5	30	pips_l40_r400_500-8000.hdf5	right	left
365.2946	1	Stimulus/S  1	1	3652946	3652954	29	0	20	pips_l40_r400_500-8000.hdf5	right	left
366.3612	1	Stimulus/S  1	1	3663612	3663620	29	1	40	pips_l40_r400_500-8000.hdf5	right	left
367.4066	1	Stimulus/S  1	1	3674066	3674074	29	2	60	pips_l40_r400_500-8000.hdf5	right	left
368.4733	1	Stimulus/S  1	1	3684733	3684741	29	3	70	pips_l40_r400_500-8000.hdf5	right	left
369.5186	1	Stimulus/S  1	1	3695186	3695194	29	4	50	pips_l40_r400_500-8000.hdf5	right	left
370.5746	1	Stimulus/S  1	1	3705746	3705754	29	5	30	pips_l40_r400_500-8000.hdf5	right	left
371.62	1	Stimulus/S  1	1	3716200	3716208	30	0	20	pips_l40_r400_500-8000.hdf5	right	left
372.676	1	Stimulus/S  1	1	3726760	3726768	30	1	40	pips_l40_r400_500-8000.hdf5	right	left
373.7213	1	Stimulus/S  1	1	3737213	3737221	30	2	60	pips_l40_r400_500-8000.hdf5	right	left
374.7773	1	Stimulus/S  1	1	3747773	3747781	30	3	70	pips_l40_r400_500-8000.hdf5	right	left
375.8227	1	Stimulus/S  1	1	3758227	3758235	30	4	50	pips_l40_r400_500-8000.hdf5	right	left
376.868	1	Stimulus/S  1	1	3768680	3768688	30	5	30	pips_l40_r400_500-8000.hdf5	right	left
377.9347	1	Stimulus/S  1	1	3779347	3779355	31	0	20	pips_l40_r400_500-8000.hdf5	right	left
379.0014	1	Stimulus/S  1	1	3790014	3790022	31	1	40	pips_l40_r400_500-8000.hdf5	right	left
380.068	1	Stimulus/S  1	1	3800680	3800688	31	2	60	pips_l40_r400_500-8000.hdf5	right	left
381.1347	1	Stimulus/S  1	1	3811347	3811355	31	3	70	pips_l40_r400_500-8000.hdf5	right	left
382.2121	1	Stimulus/S  1	1	3822121	3822129	31	4	50	pips_l40_r400_500-8000.hdf5	right	left
383.2787	1	Stimulus/S  1	1	3832787	3832795	31	5	30	pips_l40_r400_500-8000.hdf5	right	left
384.3241	1	Stimulus/S  1	1	3843241	3843249	32	0	20	pips_l40_r400_500-8000.hdf5	right	left
385.3908	1	Stimulus/S  1	1	3853908	3853916	32	1	40	pips_l40_r400_500-8000.hdf5	right	left
386.4361	1	Stimulus/S  1	1	3864361	3864369	32	2	60	pips_l40_r400_500-8000.hdf5	right	left
387.5028	1	Stimulus/S  1	1	3875028	3875036	32	3	70	pips_l40_r400_500-8000.hdf5	right	left
388.5588	1	Stimulus/S  1	1	3885588	3885596	32	4	50	pips_l40_r400_500-8000.hdf5	right	left
389.6041	1	Stimulus/S  1	1	3896041	3896049	32	5	30	pips_l40_r400_500-8000.hdf5	right	left
390.6601	1	Stimulus/S  1	1	3906601	3906609	33	0	20	pips_l40_r400_500-8000.hdf5	right	left
391.7268	1	Stimulus/S  1	1	3917268	3917276	33	1	40	pips_l40_r400_500-8000.hdf5	right	left
392.7722	1	Stimulus/S  1	1	3927722	3927730	33	2	60	pips_l40_r400_500-8000.hdf5	right	left
393.8388	1	Stimulus/S  1	1	3938388	3938396	33	3	70	pips_l40_r400_500-8000.hdf5	right	left
394.8949	1	Stimulus/S  1	1	3948949	3948957	33	4	50	pips_l40_r400_500-8000.hdf5	right	left
395.9615	1	Stimulus/S  1	1	3959615	3959623	33	5	30	pips_l40_r400_500-8000.hdf5	right	left
397.0282	1	Stimulus/S  1	1	3970282	3970290	34	0	20	pips_l40_r400_500-8000.hdf5	right	left
398.0949	1	Stimulus/S  1	1	3980949	3980957	34	1	40	pips_l40_r400_500-8000.hdf5	right	left
399.1402	1	Stimulus/S  1	1	3991402	3991410	34	2	60	pips_l40_r400_500-8000.hdf5	right	left
400.2069	1	Stimulus/S  1	1	4002069	4002077	34	3	70	pips_l40_r400_500-8000.hdf5	right	left
401.2522	1	Stimulus/S  1	1	4012522	4012530	34	4	50	pips_l40_r400_500-8000.hdf5	right	left
402.3083	1	Stimulus/S  1	1	4023083	4023091	34	5	30	pips_l40_r400_500-8000.hdf5	right	left
403.3536	1	Stimulus/S  1	1	4033536	4033544	35	0	20	pips_l40_r400_500-8000.hdf5	right	left
404.4096	1	Stimulus/S  1	1	4044096	4044104	35	1	40	pips_l40_r400_500-8000.hdf5	right	left
405.455	1	Stimulus/S  1	1	4054550	4054558	35	2	60	pips_l40_r400_500-8000.hdf5	right	left
406.511	1	Stimulus/S  1	1	4065110	4065118	35	3	70	pips_l40_r400_500-8000.hdf5	right	left
407.5563	1	Stimulus/S  1	1	4075563	4075571	35	4	50	pips_l40_r400_500-8000.hdf5	right	left
408.6017	1	Stimulus/S  1	1	4086017	4086025	35	5	30	pips_l40_r400_500-8000.hdf5	right	left
409.6577	1	Stimulus/S  1	1	4096577	4096585	36	0	20	pips_l40_r400_500-8000.hdf5	right	left
410.703	1	Stimulus/S  1	1	4107030	4107038	36	1	40	pips_l40_r400_500-8000.hdf5	right	left
411.7697	1	Stimulus/S  1	1	4117697	4117705	36	2	60	pips_l40_r400_500-8000.hdf5	right	left
412.8364	1	Stimulus/S  1	1	4128364	4128372	36	3	70	pips_l40_r400_500-8000.hdf5	right	left
413.903	1	Stimulus/S  1	1	4139030	4139038	36	4	50	pips_l40_r400_500-8000.hdf5	right	left
414.9697	1	Stimulus/S  1	1	4149697	4149705	36	5	30	pips_l40_r400_500-8000.hdf5	right	left
416.0364	1	Stimulus/S  1	1	4160364	4160372	37	0	20	pips_l40_r400_500-8000.hdf5	right	left
417.1031	1	Stimulus/S  1	1	4171031	4171039	37	1	40	pips_l40_r400_500-8000.hdf5	right	left
418.1591	1	Stimulus/S  1	1	4181591	4181599	37	2	60	pips_l40_r400_500-8000.hdf5	right	left
419.2258	1	Stimulus/S  1	1	4192258	4192266	37	3	70	pips_l40_r400_500-8000.hdf5	right	left
420.2711	1	Stimulus/S  1	1	4202711	4202719	37	4	50	pips_l40_r400_500-8000.hdf5	right	left
421.3271	1	Stimulus/S  1	1	4213271	4213279	37	5	30	pips_l40_r400_500-8000.hdf5	right	left
422.3725	1	Stimulus/S  1	1	4223725	4223733	38	0	20	pips_l40_r400_500-8000.hdf5	right	left
423.4285	1	Stimulus/S  1	1	4234285	4234293	38	1	40	pips_l40_r400_500-8000.hdf5	right	left
424.4738	1	Stimulus/S  1	1	4244738	4244746	38	2	60	pips_l40_r400_500-8000.hdf5	right	left
425.5192	1	Stimulus/S  1	1	4255192	4255200	38	3	70	pips_l40_r400_500-8000.hdf5	right	left
426.5752	1	Stimulus/S  1	1	4265752	4265760	38	4	50	pips_l40_r400_500-8000.hdf5	right	left
427.6205	1	Stimulus/S  1	1	4276205	4276213	38	5	30	pips_l40_r400_500-8000.hdf5	right	left
428.6872	1	Stimulus/S  1	1	4286872	4286880	39	0	20	pips_l40_r400_500-8000.hdf5	right	left
429.7539	1	Stimulus/S  1	1	4297539	4297547	39	1	40	pips_l40_r400_500-8000.hdf5	right	left
430.8099	1	Stimulus/S  1	1	4308099	4308107	39	2	60	pips_l40_r400_500-8000.hdf5	right	left
431.8766	1	Stimulus/S  1	1	4318766	4318774	39	3	70	pips_l40_r400_500-8000.hdf5	right	left
432.9432	1	Stimulus/S  1	1	4329432	4329440	39	4	50	pips_l40_r400_500-8000.hdf5	right	left
434.0099	1	Stimulus/S  1	1	4340099	4340107	39	5	30	pips_l40_r400_500-8000.hdf5	right	left
435.0553	1	Stimulus/S  1	1	4350553	4350561	40	0	20	pips_l40_r400_500-8000.hdf5	right	left
436.1219	1	Stimulus/S  1	1	4361219	4361227	40	1	40	pips_l40_r400_500-8000.hdf5	right	left
437.1779	1	Stimulus/S  1	1	4371779	4371787	40	2	60	pips_l40_r400_500-8000.hdf5	right	left
438.2446	1	Stimulus/S  1	1	4382446	4382454	40	3	70	pips_l40_r400_500-8000.hdf5	right	left
439.29	1	Stimulus/S  1	1	4392900	4392908	40	4	50	pips_l40_r400_500-8000.hdf5	right	left
440.3566	1	Stimulus/S  1	1	4403566	4403574	40	5	30	pips_l40_r400_500-8000.hdf5	right	left
441.4126	1	Stimulus/S  1	1	4414126	4414134	41	0	20	pips_l40_r400_500-8000.hdf5	right	left
442.458	1	Stimulus/S  1	1	4424580	4424588	41	1	40	pips_l40_r400_500-8000.hdf5	right	left
443.5033	1	Stimulus/S  1	1	4435033	4435041	41	2	60	pips_l40_r400_500-8000.hdf5	right	left
444.5593	1	Stimulus/S  1	1	4445593	4445601	41	3	70	pips_l40_r400_500-8000.hdf5	right	left
445.6047	1	Stimulus/S  1	1	4456047	4456055	41	4	50	pips_l40_r400_500-8000.hdf5	right	left
446.6714	1	Stimulus/S  1	1	4466714	4466722	41	5	30	pips_l40_r400_500-8000.hdf5	right	left
447.738	1	Stimulus/S  1	1	4477380	4477388	42	0	20	pips_l40_r400_500-8000.hdf5	right	left
448.8047	1	Stimulus/S  1	1	4488047	4488055	42	1	40	pips_l40_r400_500-8000.hdf5	right	left
449.8714	1	Stimulus/S  1	1	4498714	4498722	42	2	60	pips_l40_r400_500-8000.hdf5	right	left
450.9381	1	Stimulus/S  1	1	4509381	4509389	42	3	70	pips_l40_r400_500-8000.hdf5	right	left
451.9941	1	Stimulus/S  1	1	4519941	4519949	42	4	50	pips_l40_r400_500-8000.hdf5	right	left
453.0608	1	Stimulus/S  1	1	4530608	4530616	42	5	30	pips_l40_r400_500-8000.hdf5	right	left
454.1061	1	Stimulus/S  1	1	4541061	4541069	43	0	20	pips_l40_r400_500-8000.hdf5	right	left
455.1621	1	Stimulus/S  1	1	4551621	4551629	43	1	40	pips_l40_r400_500-8000.hdf5	right	left
456.2075	1	Stimulus/S  1	1	4562075	4562083	43	2	60	pips_l40_r400_500-8000.hdf5	right	left
457.2528	1	Stimulus/S  1	1	4572528	4572536	43	3	70	pips_l40_r400_500-8000.hdf5	right	left
458.3088	1	Stimulus/S  1	1	4583088	4583096	43	4	50	pips_l40_r400_500-8000.hdf5	right	left
459.3542	1	Stimulus/S  1	1	4593542	4593550	43	5	30	pips_l40_r400_500-8000.hdf5	right	left
460.4102	1	Stimulus/S  1	1	4604102	4604110	44	0	20	pips_l40_r400_500-8000.hdf5	right	left
461.4555	1	Stimulus/S  1	1	4614555	4614563	44	1	40	pips_l40_r400_500-8000.hdf5	right	left
462.5222	1	Stimulus/S  1	1	4625222	4625230	44	2	60	pips_l40_r400_500-8000.hdf5	right	left
463.5889	1	Stimulus/S  1	1	4635889	4635897	44	3	70	pips_l40_r400_500-8000.hdf5	right	left
464.6555	1	Stimulus/S  1	1	4646555	4646563	44	4	50	pips_l40_r400_500-8000.hdf5	right	left
465.7222	1	Stimulus/S  1	1	4657222	4657230	44	5	30	pips_l40_r400_500-8000.hdf5	right	left
466.7889	1	Stimulus/S  1	1	4667889	4667897	45	0	20	pips_l40_r400_500-8000.hdf5	right	left
467.8556	1	Stimulus/S  1	1	4678556	4678564	45	1	40	pips_l40_r400_500-8000.hdf5	right	left
468.9116	1	Stimulus/S  1	1	4689116	4689124	45	2	60	pips_l40_r400_500-8000.hdf5	right	left
469.9783	1	Stimulus/S  1	1	4699783	4699791	45	3	70	pips_l40_r400_500-8000.hdf5	right	left
471.0236	1	Stimulus/S  1	1	4710236	4710244	45	4	50	pips_l40_r400_500-8000.hdf5	right	left
472.0796	1	Stimulus/S  1	1	4720796	4720804	45	5	30	pips_l40_r400_500-8000.hdf5	right	left
473.125	1	Stimulus/S  1	1	4731250	4731258	46	0	20	pips_l40_r400_500-8000.hdf5	right	left
474.1703	1	Stimulus/S  1	1	4741703	4741711	46	1	40	pips_l40_r400_500-8000.hdf5	right	left
475.2263	1	Stimulus/S  1	1	4752263	4752271	46	2	60	pips_l40_r400_500-8000.hdf5	right	left
476.2717	1	Stimulus/S  1	1	4762717	4762725	46	3	70	pips_l40_r400_500-8000.hdf5	right	left
477.3277	1	Stimulus/S  1	1	4773277	4773285	46	4	50	pips_l40_r400_500-8000.hdf5	right	left
478.373	1	Stimulus/S  1	1	4783730	4783738	46	5	30	pips_l40_r400_500-8000.hdf5	right	left
479.429	1	Stimulus/S  1	1	4794290	4794298	47	0	20	pips_l40_r400_500-8000.hdf5	right	left
480.4744	1	Stimulus/S  1	1	4804744	4804752	47	1	40	pips_l40_r400_500-8000.hdf5	right	left
481.541	1	Stimulus/S  1	1	4815410	4815418	47	2	60	pips_l40_r400_500-8000.hdf5	right	left
482.6077	1	Stimulus/S  1	1	4826077	4826085	47	3	70	pips_l40_r400_500-8000.hdf5	right	left
483.6744	1	Stimulus/S  1	1	4836744	4836752	47	4	50	pips_l40_r400_500-8000.hdf5	right	left
484.7411	1	Stimulus/S  1	1	4847411	4847419	47	5	30	pips_l40_r400_500-8000.hdf5	right	left
485.8078	1	Stimulus/S  1	1	4858078	4858086	48	0	20	pips_l40_r400_500-8000.hdf5	right	left
486.8744	1	Stimulus/S  1	1	4868744	4868752	48	1	40	pips_l40_r400_500-8000.hdf5	right	left
487.9304	1	Stimulus/S  1	1	4879304	4879312	48	2	60	pips_l40_r400_500-8000.hdf5	right	left
488.9865	1	Stimulus/S  1	1	4889865	4889873	48	3	70	pips_l40_r400_500-8000.hdf5	right	left
490.0425	1	Stimulus/S  1	1	4900425	4900433	48	4	50	pips_l40_r400_500-8000.hdf5	right	left
491.1091	1	Stimulus/S  1	1	4911091	4911099	48	5	30	pips_l40_r400_500-8000.hdf5	right	left
492.1545	1	Stimulus/S  1	1	4921545	4921553	49	0	20	pips_l40_r400_500-8000.hdf5	right	left
493.2105	1	Stimulus/S  1	1	4932105	4932113	49	1	40	pips_l40_r400_500-8000.hdf5	right	left
494.2558	1	Stimulus/S  1	1	4942558	4942566	49	2	60	pips_l40_r400_500-8000.hdf5	right	left
495.3118	1	Stimulus/S  1	1	4953118	4953126	49	3	70	pips_l40_r400_500-8000.hdf5	right	left
496.3572	1	Stimulus/S  1	1	4963572	4963580	49	4	50	pips_l40_r400_500-8000.hdf5	right	left
497.4132	1	Stimulus/S  1	1	4974132	4974140	49	5	30	pips_l40_r400_500-8000.hdf5	right	left
498.4585	1	Stimulus/S  1	1	4984585	4984593	50	0	20	pips_l40_r400_500-8000.hdf5	right	left
499.5252	1	Stimulus/S  1	1	4995252	4995260	50	1	40	pips_l40_r400_500-8000.hdf5	right	left
500.5706	1	Stimulus/S  1	1	5005706	5005714	50	2	60	pips_l40_r400_500-8000.hdf5	right	left
501.6372	1	Stimulus/S  1	1	5016372	5016380	50	3	70	pips_l40_r400_500-8000.hdf5	right	left
502.6933	1	Stimulus/S  1	1	5026933	5026941	50	4	50	pips_l40_r400_500-8000.hdf5	right	left
503.7599	1	Stimulus/S  1	1	5037599	5037607	50	5	30	pips_l40_r400_500-8000.hdf5	right	left
504.8266	1	Stimulus/S  1	1	5048266	5048274	51	0	20	pips_l40_r400_500-8000.hdf5	right	left
505.8933	1	Stimulus/S  1	1	5058933	5058941	51	1	40	pips_l40_r400_500-8000.hdf5	right	left
506.9386	1	Stimulus/S  1	1	5069386	5069394	51	2	60	pips_l40_r400_500-8000.hdf5	right	left
508.0053	1	Stimulus/S  1	1	5080053	5080061	51	3	70	pips_l40_r400_500-8000.hdf5	right	left
509.0613	1	Stimulus/S  1	1	5090613	5090621	51	4	50	pips_l40_r400_500-8000.hdf5	right	left
510.128	1	Stimulus/S  1	1	5101280	5101288	51	5	30	pips_l40_r400_500-8000.hdf5	right	left
511.1733	1	Stimulus/S  1	1	5111733	5111741	52	0	20	pips_l40_r400_500-8000.hdf5	right	left
512.2293	1	Stimulus/S  1	1	5122293	5122301	52	1	40	pips_l40_r400_500-8000.hdf5	right	left
513.2747	1	Stimulus/S  1	1	5132747	5132755	52	2	60	pips_l40_r400_500-8000.hdf5	right	left
514.32	1	Stimulus/S  1	1	5143200	5143208	52	3	70	pips_l40_r400_500-8000.hdf5	right	left
515.376	1	Stimulus/S  1	1	5153760	5153768	52	4	50	pips_l40_r400_500-8000.hdf5	right	left
516.4427	1	Stimulus/S  1	1	5164427	5164435	52	5	30	pips_l40_r400_500-8000.hdf5	right	left
517.4881	1	Stimulus/S  1	1	5174881	5174889	53	0	20	pips_l40_r400_500-8000.hdf5	right	left
518.5547	1	Stimulus/S  1	1	5185547	5185555	53	1	40	pips_l40_r400_500-8000.hdf5	right	left
519.6108	1	Stimulus/S  1	1	5196108	5196116	53	2	60	pips_l40_r400_500-8000.hdf5	right	left
520.6774	1	Stimulus/S  1	1	5206774	5206782	53	3	70	pips_l40_r400_500-8000.hdf5	right	left
521.7441	1	Stimulus/S  1	1	5217441	5217449	53	4	50	pips_l40_r400_500-8000.hdf5	right	left
522.8108	1	Stimulus/S  1	1	5228108	5228116	53	5	30	pips_l40_r400_500-8000.hdf5	right	left
523.8561	1	Stimulus/S  1	1	5238561	5238569	54	0	20	pips_l40_r400_500-8000.hdf5	right	left
524.9228	1	Stimulus/S  1	1	5249228	5249236	54	1	40	pips_l40_r400_500-8000.hdf5	right	left
525.9788	1	Stimulus/S  1	1	5259788	5259796	54	2	60	pips_l40_r400_500-8000.hdf5	right	left
527.0455	1	Stimulus/S  1	1	5270455	5270463	54	3	70	pips_l40_r400_500-8000.hdf5	right	left
528.0908	1	Stimulus/S  1	1	5280908	5280916	54	4	50	pips_l40_r400_500-8000.hdf5	right	left
529.1468	1	Stimulus/S  1	1	5291468	5291476	54	5	30	pips_l40_r400_500-8000.hdf5	right	left
530.1922	1	Stimulus/S  1	1	5301922	5301930	55	0	20	pips_l40_r400_500-8000.hdf5	right	left
531.2589	1	Stimulus/S  1	1	5312589	5312597	55	1	40	pips_l40_r400_500-8000.hdf5	right	left
532.3042	1	Stimulus/S  1	1	5323042	5323050	55	2	60	pips_l40_r400_500-8000.hdf5	right	left
533.3709	1	Stimulus/S  1	1	5333709	5333717	55	3	70	pips_l40_r400_500-8000.hdf5	right	left
534.4269	1	Stimulus/S  1	1	5344269	5344277	55	4	50	pips_l40_r400_500-8000.hdf5	right	left
535.4936	1	Stimulus/S  1	1	5354936	5354944	55	5	30	pips_l40_r400_500-8000.hdf5	right	left
536.5603	1	Stimulus/S  1	1	5365603	5365611	56	0	20	pips_l40_r400_500-8000.hdf5	right	left
537.6269	1	Stimulus/S  1	1	5376269	5376277	56	1	40	pips_l40_r400_500-8000.hdf5	right	left
538.6936	1	Stimulus/S  1	1	5386936	5386944	56	2	60	pips_l40_r400_500-8000.hdf5	right	left
539.7603	1	Stimulus/S  1	1	5397603	5397611	56	3	70	pips_l40_r400_500-8000.hdf5	right	left
540.827	1	Stimulus/S  1	1	5408270	5408278	56	4	50	pips_l40_r400_500-8000.hdf5	right	left
541.8723	1	Stimulus/S  1	1	5418723	5418731	56	5	30	pips_l40_r400_500-8000.hdf5	right	left
542.939	1	Stimulus/S  1	1	5429390	5429398	57	0	20	pips_l40_r400_500-8000.hdf5	right	left
543.995	1	Stimulus/S  1	1	5439950	5439958	57	1	40	pips_l40_r400_500-8000.hdf5	right	left
545.0617	1	Stimulus/S  1	1	5450617	5450625	57	2	60	pips_l40_r400_500-8000.hdf5	right	left
546.107	1	Stimulus/S  1	1	5461070	5461078	57	3	70	pips_l40_r400_500-8000.hdf5	right	left
547.163	1	Stimulus/S  1	1	5471630	5471638	57	4	50	pips_l40_r400_500-8000.hdf5	right	left
548.2084	1	Stimulus/S  1	1	5482084	5482092	57	5	30	pips_l40_r400_500-8000.hdf5	right	left
549.2644	1	Stimulus/S  1	1	5492644	5492652	58	0	20	pips_l40_r400_500-8000.hdf5	right	left
550.3097	1	Stimulus/S  1	1	5503097	5503105	58	1	40	pips_l40_r400_500-8000.hdf5	right	left
551.3764	1	Stimulus/S  1	1	5513764	5513772	58	2	60	pips_l40_r400_500-8000.hdf5	right	left
552.4217	1	Stimulus/S  1	1	5524217	5524225	58	3	70	pips_l40_r400_500-8000.hdf5	right	left
553.4884	1	Stimulus/S  1	1	5534884	5534892	58	4	50	pips_l40_r400_500-8000.hdf5	right	left
554.5444	1	Stimulus/S  1	1	5545444	5545452	58	5	30	pips_l40_r400_500-8000.hdf5	right	left
555.6111	1	Stimulus/S  1	1	5556111	5556119	59	0	20	pips_l40_r400_500-8000.hdf5	right	left
556.6778	1	Stimulus/S  1	1	5566778	5566786	59	1	40	pips_l40_r400_500-8000.hdf5	right	left
557.7445	1	Stimulus/S  1	1	5577445	5577453	59	2	60	pips_l40_r400_500-8000.hdf5	right	left
558.7898	1	Stimulus/S  1	1	5587898	5587906	59	3	70	pips_l40_r400_500-8000.hdf5	right	left
559.8565	1	Stimulus/S  1	1	5598565	5598573	59	4	50	pips_l40_r400_500-8000.hdf5	right	left
560.9125	1	Stimulus/S  1	1	5609125	5609133	59	5	30	pips_l40_r400_500-8000.hdf5	right	left
561.9578	1	Stimulus/S  1	1	5619578	5619586	60	0	20	pips_l40_r400_500-8000.hdf5	right	left
563.0138	1	Stimulus/S  1	1	5630138	5630146	60	1	40	pips_l40_r400_500-8000.hdf5	right	left
564.0592	1	Stimulus/S  1	1	5640592	5640600	60	2	60	pips_l40_r400_500-8000.hdf5	right	left
565.1045	1	Stimulus/S  1	1	5651045	5651053	60	3	70	pips_l40_r400_500-8000.hdf5	right	left
566.1605	1	Stimulus/S  1	1	5661605	5661613	60	4	50	pips_l40_r400_500-8000.hdf5	right	left
567.2059	1	Stimulus/S  1	1	5672059	5672067	60	5	30	pips_l40_r400_500-8000.hdf5	right	left
568.2619	1	Stimulus/S  1	1	5682619	5682627	61	0	20	pips_l40_r400_500-8000.hdf5	right	left
569.3072	1	Stimulus/S  1	1	5693072	5693080	61	1	40	pips_l40_r400_500-8000.hdf5	right	left
570.3633	1	Stimulus/S  1	1	5703633	5703641	61	2	60	pips_l40_r400_500-8000.hdf5	right	left
571.4299	1	Stimulus/S  1	1	5714299	5714307	61	3	70	pips_l40_r400_500-8000.hdf5	right	left
572.4966	1	Stimulus/S  1	1	5724966	5724974	61	4	50	pips_l40_r400_500-8000.hdf5	right	left
573.5633	1	Stimulus/S  1	1	5735633	5735641	61	5	30	pips_l40_r400_500-8000.hdf5	right	left
574.63	1	Stimulus/S  1	1	5746300	5746308	62	0	20	pips_l40_r400_500-8000.hdf5	right	left
575.6966	1	Stimulus/S  1	1	5756966	5756974	62	1	40	pips_l40_r400_500-8000.hdf5	right	left
576.7633	1	Stimulus/S  1	1	5767633	5767641	62	2	60	pips_l40_r400_500-8000.hdf5	right	left
577.83	1	Stimulus/S  1	1	5778300	5778308	62	3	70	pips_l40_r400_500-8000.hdf5	right	left
578.8967	1	Stimulus/S  1	1	5788967	5788975	62	4	50	pips_l40_r400_500-8000.hdf5	right	left
579.9634	1	Stimulus/S  1	1	5799634	5799642	62	5	30	pips_l40_r400_500-8000.hdf5	right	left
581.0087	1	Stimulus/S  1	1	5810087	5810095	63	0	20	pips_l40_r400_500-8000.hdf5	right	left
582.0647	1	Stimulus/S  1	1	5820647	5820655	63	1	40	pips_l40_r400_500-8000.hdf5	right	left
583.11	1	Stimulus/S  1	1	5831100	5831108	63	2	60	pips_l40_r400_500-8000.hdf5	right	left
584.1554	1	Stimulus/S  1	1	5841554	5841562	63	3	70	pips_l40_r400_500-8000.hdf5	right	left
585.2114	1	Stimulus/S  1	1	5852114	5852122	63	4	50	pips_l40_r400_500-8000.hdf5	right	left
586.2567	1	Stimulus/S  1	1	5862567	5862575	63	5	30	pips_l40_r400_500-8000.hdf5	right	left
587.3128	1	Stimulus/S  1	1	5873128	5873136	64	0	20	pips_l40_r400_500-8000.hdf5	right	left
588.3581	1	Stimulus/S  1	1	5883581	5883589	64	1	40	pips_l40_r400_500-8000.hdf5	right	left
589.4248	1	Stimulus/S  1	1	5894248	5894256	64	2	60	pips_l40_r400_500-8000.hdf5	right	left
590.4808	1	Stimulus/S  1	1	5904808	5904816	64	3	70	pips_l40_r400_500-8000.hdf5	right	left
591.5475	1	Stimulus/S  1	1	5915475	5915483	64	4	50	pips_l40_r400_500-8000.hdf5	right	left
592.6141	1	Stimulus/S  1	1	5926141	5926149	64	5	30	pips_l40_r400_500-8000.hdf5	right	left
593.6808	1	Stimulus/S  1	1	5936808	5936816	65	0	20	pips_l40_r400_500-8000.hdf5	right	left
594.7475	1	Stimulus/S  1	1	5947475	5947483	65	1	40	pips_l40_r400_500-8000.hdf5	right	left
595.8142	1	Stimulus/S  1	1	5958142	5958150	65	2	60	pips_l40_r400_500-8000.hdf5	right	left
596.8809	1	Stimulus/S  1	1	5968809	5968817	65	3	70	pips_l40_r400_500-8000.hdf5	right	left
597.9262	1	Stimulus/S  1	1	5979262	5979270	65	4	50	pips_l40_r400_500-8000.hdf5	right	left
598.9929	1	Stimulus/S  1	1	5989929	5989937	65	5	30	pips_l40_r400_500-8000.hdf5	right	left
600.0382	1	Stimulus/S  1	1	6000382	6000390	66	0	20	pips_l40_r400_500-8000.hdf5	right	left
601.1049	1	Stimulus/S  1	1	6011049	6011057	66	1	40	pips_l40_r400_500-8000.hdf5	right	left
602.1609	1	Stimulus/S  1	1	6021609	6021617	66	2	60	pips_l40_r400_500-8000.hdf5	right	left
603.2062	1	Stimulus/S  1	1	6032062	6032070	66	3	70	pips_l40_r400_500-8000.hdf5	right	left
604.2623	1	Stimulus/S  1	1	6042623	6042631	66	4	50	pips_l40_r400_500-8000.hdf5	right	left
605.3076	1	Stimulus/S  1	1	6053076	6053084	66	5	30	pips_l40_r400_500-8000.hdf5	right	left
606.3636	1	Stimulus/S  1	1	6063636	6063644	67	0	20	pips_l40_r400_500-8000.hdf5	right	left
607.4303	1	Stimulus/S  1	1	6074303	6074311	67	1	40	pips_l40_r400_500-8000.hdf5	right	left
608.4756	1	Stimulus/S  1	1	6084756	6084764	67	2	60	pips_l40_r400_500-8000.hdf5	right	left
609.5423	1	Stimulus/S  1	1	6095423	6095431	67	3	70	pips_l40_r400_500-8000.hdf5	right	left
610.5983	1	Stimulus/S  1	1	6105983	6105991	67	4	50	pips_l40_r400_500-8000.hdf5	right	left
611.665	1	Stimulus/S  1	1	6116650	6116658	67	5	30	pips_l40_r400_500-8000.hdf5	right	left
612.7317	1	Stimulus/S  1	1	6127317	6127325	68	0	20	pips_l40_r400_500-8000.hdf5	right	left
613.7984	1	Stimulus/S  1	1	6137984	6137992	68	1	40	pips_l40_r400_500-8000.hdf5	right	left
614.865	1	Stimulus/S  1	1	6148650	6148658	68	2	60	pips_l40_r400_500-8000.hdf5	right	left
615.9317	1	Stimulus/S  1	1	6159317	6159325	68	3	70	pips_l40_r400_500-8000.hdf5	right	left
616.9984	1	Stimulus/S  1	1	6169984	6169992	68	4	50	pips_l40_r400_500-8000.hdf5	right	left
618.0651	1	Stimulus/S  1	1	6180651	6180659	68	5	30	pips_l40_r400_500-8000.hdf5	right	left
619.1317	1	Stimulus/S  1	1	6191317	6191325	69	0	20	pips_l40_r400_500-8000.hdf5	right	left
620.1984	1	Stimulus/S  1	1	6201984	6201992	69	1	40	pips_l40_r400_500-8000.hdf5	right	left
621.2438	1	Stimulus/S  1	1	6212438	6212446	69	2	60	pips_l40_r400_500-8000.hdf5	right	left
622.3104	1	Stimulus/S  1	1	6223104	6223112	69	3	70	pips_l40_r400_500-8000.hdf5	right	left
623.3558	1	Stimulus/S  1	1	6233558	6233566	69	4	50	pips_l40_r400_500-8000.hdf5	right	left
624.4225	1	Stimulus/S  1	1	6244225	6244233	69	5	30	pips_l40_r400_500-8000.hdf5	right	left
625.4785	1	Stimulus/S  1	1	6254785	6254793	70	0	20	pips_l40_r400_500-8000.hdf5	right	left
626.5238	1	Stimulus/S  1	1	6265238	6265246	70	1	40	pips_l40_r400_500-8000.hdf5	right	left
627.5798	1	Stimulus/S  1	1	6275798	6275806	70	2	60	pips_l40_r400_500-8000.hdf5	right	left
628.6252	1	Stimulus/S  1	1	6286252	6286260	70	3	70	pips_l40_r400_500-8000.hdf5	right	left
629.6812	1	Stimulus/S  1	1	6296812	6296820	70	4	50	pips_l40_r400_500-8000.hdf5	right	left
630.7265	1	Stimulus/S  1	1	6307265	6307273	70	5	30	pips_l40_r400_500-8000.hdf5	right	left
631.7825	1	Stimulus/S  1	1	6317825	6317833	71	0	20	pips_l40_r400_500-8000.hdf5	right	left
632.8492	1	Stimulus/S  1	1	6328492	6328500	71	1	40	pips_l40_r400_500-8000.hdf5	right	left
633.8946	1	Stimulus/S  1	1	6338946	6338954	71	2	60	pips_l40_r400_500-8000.hdf5	right	left
634.9612	1	Stimulus/S  1	1	6349612	6349620	71	3	70	pips_l40_r400_500-8000.hdf5	right	left
636.0066	1	Stimulus/S  1	1	6360066	6360074	71	4	50	pips_l40_r400_500-8000.hdf5	right	left
637.0626	1	Stimulus/S  1	1	6370626	6370634	71	5	30	pips_l40_r400_500-8000.hdf5	right	left
638.1079	1	Stimulus/S  1	1	6381079	6381087	72	0	20	pips_l40_r400_500-8000.hdf5	right	left
639.1746	1	Stimulus/S  1	1	6391746	6391754	72	1	40	pips_l40_r400_500-8000.hdf5	right	left
640.2413	1	Stimulus/S  1	1	6402413	6402421	72	2	60	pips_l40_r400_500-8000.hdf5	right	left
641.308	1	Stimulus/S  1	1	6413080	6413088	72	3	70	pips_l40_r400_500-8000.hdf5	right	left
642.3746	1	Stimulus/S  1	1	6423746	6423754	72	4	50	pips_l40_r400_500-8000.hdf5	right	left
643.4413	1	Stimulus/S  1	1	6434413	6434421	72	5	30	pips_l40_r400_500-8000.hdf5	right	left
644.508	1	Stimulus/S  1	1	6445080	6445088	73	0	20	pips_l40_r400_500-8000.hdf5	right	left
645.564	1	Stimulus/S  1	1	6455640	6455648	73	1	40	pips_l40_r400_500-8000.hdf5	right	left
646.6307	1	Stimulus/S  1	1	6466307	6466315	73	2	60	pips_l40_r400_500-8000.hdf5	right	left
647.676	1	Stimulus/S  1	1	6476760	6476768	73	3	70	pips_l40_r400_500-8000.hdf5	right	left
648.7427	1	Stimulus/S  1	1	6487427	6487435	73	4	50	pips_l40_r400_500-8000.hdf5	right	left
649.8094	1	Stimulus/S  1	1	6498094	6498102	73	5	30	pips_l40_r400_500-8000.hdf5	right	left
650.8654	1	Stimulus/S  1	1	6508654	6508662	74	0	20	pips_l40_r400_500-8000.hdf5	right	left
651.9321	1	Stimulus/S  1	1	6519321	6519329	74	1	40	pips_l40_r400_500-8000.hdf5	right	left
652.9774	1	Stimulus/S  1	1	6529774	6529782	74	2	60	pips_l40_r400_500-8000.hdf5	right	left
654.0441	1	Stimulus/S  1	1	6540441	6540449	74	3	70	pips_l40_r400_500-8000.hdf5	right	left
655.0894	1	Stimulus/S  1	1	6550894	6550902	74	4	50	pips_l40_r400_500-8000.hdf5	right	left
656.1454	1	Stimulus/S  1	1	6561454	6561462	74	5	30	pips_l40_r400_500-8000.hdf5	right	left
657.1908	1	Stimulus/S  1	1	6571908	6571916	75	0	20	pips_l40_r400_500-8000.hdf5	right	left
658.2468	1	Stimulus/S  1	1	6582468	6582476	75	1	40	pips_l40_r400_500-8000.hdf5	right	left
659.2921	1	Stimulus/S  1	1	6592921	6592929	75	2	60	pips_l40_r400_500-8000.hdf5	right	left
660.3481	1	Stimulus/S  1	1	6603481	6603489	75	3	70	pips_l40_r400_500-8000.hdf5	right	left
661.3935	1	Stimulus/S  1	1	6613935	6613943	75	4	50	pips_l40_r400_500-8000.hdf5	right	left
662.4602	1	Stimulus/S  1	1	6624602	6624610	75	5	30	pips_l40_r400_500-8000.hdf5	right	left
663.5162	1	Stimulus/S  1	1	6635162	6635170	76	0	20	pips_l40_r400_500-8000.hdf5	right	left
664.5615	1	Stimulus/S  1	1	6645615	6645623	76	1	40	pips_l40_r400_500-8000.hdf5	right	left
665.6069	1	Stimulus/S  1	1	6656069	6656077	76	2	60	pips_l40_r400_500-8000.hdf5	right	left
666.6629	1	Stimulus/S  1	1	6666629	6666637	76	3	70	pips_l40_r400_500-8000.hdf5	right	left
667.7082	1	Stimulus/S  1	1	6677082	6677090	76	4	50	pips_l40_r400_500-8000.hdf5	right	left
668.7749	1	Stimulus/S  1	1	6687749	6687757	76	5	30	pips_l40_r400_500-8000.hdf5	right	left
669.8309	1	Stimulus/S  1	1	6698309	6698317	77	0	20	pips_l40_r400_500-8000.hdf5	right	left
670.8976	1	Stimulus/S  1	1	6708976	6708984	77	1	40	pips_l40_r400_500-8000.hdf5	right	left
671.9643	1	Stimulus/S  1	1	6719643	6719651	77	2	60	pips_l40_r400_500-8000.hdf5	right	left
673.0309	1	Stimulus/S  1	1	6730309	6730317	77	3	70	pips_l40_r400_500-8000.hdf5	right	left
674.0976	1	Stimulus/S  1	1	6740976	6740984	77	4	50	pips_l40_r400_500-8000.hdf5	right	left
675.1643	1	Stimulus/S  1	1	6751643	6751651	77	5	30	pips_l40_r400_500-8000.hdf5	right	left
676.231	1	Stimulus/S  1	1	6762310	6762318	78	0	20	pips_l40_r400_500-8000.hdf5	right	left
677.2976	1	Stimulus/S  1	1	6772976	6772984	78	1	40	pips_l40_r400_500-8000.hdf5	right	left
678.3643	1	Stimulus/S  1	1	6783643	6783651	78	2	60	pips_l40_r400_500-8000.hdf5	right	left
679.431	1	Stimulus/S  1	1	6794310	6794318	78	3	70	pips_l40_r400_500-8000.hdf5	right	left
680.4977	1	Stimulus/S  1	1	6804977	6804985	78	4	50	pips_l40_r400_500-8000.hdf5	right	left
681.5644	1	Stimulus/S  1	1	6815644	6815652	78	5	30	pips_l40_r400_500-8000.hdf5	right	left
682.631	1	Stimulus/S  1	1	6826310	6826318	79	0	20	pips_l40_r400_500-8000.hdf5	right	left
683.6977	1	Stimulus/S  1	1	6836977	6836985	79	1	40	pips_l40_r400_500-8000.hdf5	right	left
684.7644	1	Stimulus/S  1	1	6847644	6847652	79	2	60	pips_l40_r400_500-8000.hdf5	right	left
685.8311	1	Stimulus/S  1	1	6858311	6858319	79	3	70	pips_l40_r400_500-8000.hdf5	right	left
686.8764	1	Stimulus/S  1	1	6868764	6868772	79	4	50	pips_l40_r400_500-8000.hdf5	right	left
687.9431	1	Stimulus/S  1	1	6879431	6879439	79	5	30	pips_l40_r400_500-8000.hdf5	right	left
689.0098	1	Stimulus/S  1	1	6890098	6890106	80	0	20	pips_l40_r400_500-8000.hdf5	right	left
690.0658	1	Stimulus/S  1	1	6900658	6900666	80	1	40	pips_l40_r400_500-8000.hdf5	right	left
691.1111	1	Stimulus/S  1	1	6911111	6911119	80	2	60	pips_l40_r400_500-8000.hdf5	right	left
692.1671	1	Stimulus/S  1	1	6921671	6921679	80	3	70	pips_l40_r400_500-8000.hdf5	right	left
693.2125	1	Stimulus/S  1	1	6932125	6932133	80	4	50	pips_l40_r400_500-8000.hdf5	right	left
694.2578	1	Stimulus/S  1	1	6942578	6942586	80	5	30	pips_l40_r400_500-8000.hdf5	right	left
695.3138	1	Stimulus/S  1	1	6953138	6953146	81	0	20	pips_l40_r400_500-8000.hdf5	right	left
696.3592	1	Stimulus/S  1	1	6963592	6963600	81	1	40	pips_l40_r400_500-8000.hdf5	right	left
697.4152	1	Stimulus/S  1	1	6974152	6974160	81	2	60	pips_l40_r400_500-8000.hdf5	right	left
698.4605	1	Stimulus/S  1	1	6984605	6984613	81	3	70	pips_l40_r400_500-8000.hdf5	right	left
699.5165	1	Stimulus/S  1	1	6995165	6995173	81	4	50	pips_l40_r400_500-8000.hdf5	right	left
700.5619	1	Stimulus/S  1	1	7005619	7005627	81	5	30	pips_l40_r400_500-8000.hdf5	right	left
701.6072	1	Stimulus/S  1	1	7016072	7016080	82	0	20	pips_l40_r400_500-8000.hdf5	right	left
702.6632	1	Stimulus/S  1	1	7026632	7026640	82	1	40	pips_l40_r400_500-8000.hdf5	right	left
703.7086	1	Stimulus/S  1	1	7037086	7037094	82	2	60	pips_l40_r400_500-8000.hdf5	right	left
704.7646	1	Stimulus/S  1	1	7047646	7047654	82	3	70	pips_l40_r400_500-8000.hdf5	right	left
705.8099	1	Stimulus/S  1	1	7058099	7058107	82	4	50	pips_l40_r400_500-8000.hdf5	right	left
706.8659	1	Stimulus/S  1	1	7068659	7068667	82	5	30	pips_l40_r400_500-8000.hdf5	right	left
707.9113	1	Stimulus/S  1	1	7079113	7079121	83	0	20	pips_l40_r400_500-8000.hdf5	right	left
708.9566	1	Stimulus/S  1	1	7089566	7089574	83	1	40	pips_l40_r400_500-8000.hdf5	right	left
710.0126	1	Stimulus/S  1	1	7100126	7100134	83	2	60	pips_l40_r400_500-8000.hdf5	right	left
711.058	1	Stimulus/S  1	1	7110580	7110588	83	3	70	pips_l40_r400_500-8000.hdf5	right	left
712.114	1	Stimulus/S  1	1	7121140	7121148	83	4	50	pips_l40_r400_500-8000.hdf5	right	left
713.1593	1	Stimulus/S  1	1	7131593	7131601	83	5	30	pips_l40_r400_500-8000.hdf5	right	left
714.2153	1	Stimulus/S  1	1	7142153	7142161	84	0	20	pips_l40_r400_500-8000.hdf5	right	left
715.2607	1	Stimulus/S  1	1	7152607	7152615	84	1	40	pips_l40_r400_500-8000.hdf5	right	left
716.3167	1	Stimulus/S  1	1	7163167	7163175	84	2	60	pips_l40_r400_500-8000.hdf5	right	left
717.362	1	Stimulus/S  1	1	7173620	7173628	84	3	70	pips_l40_r400_500-8000.hdf5	right	left
718.4074	1	Stimulus/S  1	1	7184074	7184082	84	4	50	pips_l40_r400_500-8000.hdf5	right	left
719.4634	1	Stimulus/S  1	1	7194634	7194642	84	5	30	pips_l40_r400_500-8000.hdf5	right	left
720.5087	1	Stimulus/S  1	1	7205087	7205095	85	0	20	pips_l40_r400_500-8000.hdf5	right	left
721.5648	1	Stimulus/S  1	1	7215648	7215656	85	1	40	pips_l40_r400_500-8000.hdf5	right	left
722.6101	1	Stimulus/S  1	1	7226101	7226109	85	2	60	pips_l40_r400_500-8000.hdf5	right	left
723.6661	1	Stimulus/S  1	1	7236661	7236669	85	3	70	pips_l40_r400_500-8000.hdf5	right	left
724.7114	1	Stimulus/S  1	1	7247114	7247122	85	4	50	pips_l40_r400_500-8000.hdf5	right	left
725.7675	1	Stimulus/S  1	1	7257675	7257683	85	5	30	pips_l40_r400_500-8000.hdf5	right	left
726.8128	1	Stimulus/S  1	1	7268128	7268136	86	0	20	pips_l40_r400_500-8000.hdf5	right	left
727.8581	1	Stimulus/S  1	1	7278581	7278589	86	1	40	pips_l40_r400_500-8000.hdf5	right	left
728.9142	1	Stimulus/S  1	1	7289142	7289150	86	2	60	pips_l40_r400_500-8000.hdf5	right	left
729.9595	1	Stimulus/S  1	1	7299595	7299603	86	3	70	pips_l40_r400_500-8000.hdf5	right	left
731.0155	1	Stimulus/S  1	1	7310155	7310163	86	4	50	pips_l40_r400_500-8000.hdf5	right	left
732.0609	1	Stimulus/S  1	1	7320609	7320617	86	5	30	pips_l40_r400_500-8000.hdf5	right	left
733.1169	1	Stimulus/S  1	1	7331169	7331177	87	0	20	pips_l40_r400_500-8000.hdf5	right	left
734.1622	1	Stimulus/S  1	1	7341622	7341630	87	1	40	pips_l40_r400_500-8000.hdf5	right	left
735.2076	1	Stimulus/S  1	1	7352076	7352084	87	2	60	pips_l40_r400_500-8000.hdf5	right	left
736.2636	1	Stimulus/S  1	1	7362636	7362644	87	3	70	pips_l40_r400_500-8000.hdf5	right	left
737.3089	1	Stimulus/S  1	1	7373089	7373097	87	4	50	pips_l40_r400_500-8000.hdf5	right	left
738.3756	1	Stimulus/S  1	1	7383756	7383764	87	5	30	pips_l40_r400_500-8000.hdf5	right	left
739.4316	1	Stimulus/S  1	1	7394316	7394324	88	0	20	pips_l40_r400_500-8000.hdf5	right	left
740.4769	1	Stimulus/S  1	1	7404769	7404777	88	1	40	pips_l40_r400_500-8000.hdf5	right	left
741.5329	1	Stimulus/S  1	1	7415329	7415337	88	2	60	pips_l40_r400_500-8000.hdf5	right	left
742.5996	1	Stimulus/S  1	1	7425996	7426004	88	3	70	pips_l40_r400_500-8000.hdf5	right	left
743.645	1	Stimulus/S  1	1	7436450	7436458	88	4	50	pips_l40_r400_500-8000.hdf5	right	left
744.7116	1	Stimulus/S  1	1	7447116	7447124	88	5	30	pips_l40_r400_500-8000.hdf5	right	left
745.7783	1	Stimulus/S  1	1	7457783	7457791	89	0	20	pips_l40_r400_500-8000.hdf5	right	left
746.8343	1	Stimulus/S  1	1	7468343	7468351	89	1	40	pips_l40_r400_500-8000.hdf5	right	left
747.901	1	Stimulus/S  1	1	7479010	7479018	89	2	60	pips_l40_r400_500-8000.hdf5	right	left
748.9464	1	Stimulus/S  1	1	7489464	7489472	89	3	70	pips_l40_r400_500-8000.hdf5	right	left
750.013	1	Stimulus/S  1	1	7500130	7500138	89	4	50	pips_l40_r400_500-8000.hdf5	right	left
751.0797	1	Stimulus/S  1	1	7510797	7510805	89	5	30	pips_l40_r400_500-8000.hdf5	right	left
752.1464	1	Stimulus/S  1	1	7521464	7521472	90	0	20	pips_l40_r400_500-8000.hdf5	right	left
753.2131	1	Stimulus/S  1	1	7532131	7532139	90	1	40	pips_l40_r400_500-8000.hdf5	right	left
754.2797	1	Stimulus/S  1	1	7542797	7542805	90	2	60	pips_l40_r400_500-8000.hdf5	right	left
755.3464	1	Stimulus/S  1	1	7553464	7553472	90	3	70	pips_l40_r400_500-8000.hdf5	right	left
756.3918	1	Stimulus/S  1	1	7563918	7563926	90	4	50	pips_l40_r400_500-8000.hdf5	right	left
757.4478	1	Stimulus/S  1	1	7574478	7574486	90	5	30	pips_l40_r400_500-8000.hdf5	right	left
758.4931	1	Stimulus/S  1	1	7584931	7584939	91	0	20	pips_l40_r400_500-8000.hdf5	right	left
759.5491	1	Stimulus/S  1	1	7595491	7595499	91	1	40	pips_l40_r400_500-8000.hdf5	right	left
760.5945	1	Stimulus/S  1	1	7605945	7605953	91	2	60	pips_l40_r400_500-8000.hdf5	right	left
761.6505	1	Stimulus/S  1	1	7616505	7616513	91	3	70	pips_l40_r400_500-8000.hdf5	right	left
762.6958	1	Stimulus/S  1	1	7626958	7626966	91	4	50	pips_l40_r400_500-8000.hdf5	right	left
763.7518	1	Stimulus/S  1	1	7637518	7637526	91	5	30	pips_l40_r400_500-8000.hdf5	right	left
764.7972	1	Stimulus/S  1	1	7647972	7647980	92	0	20	pips_l40_r400_500-8000.hdf5	right	left
765.8425	1	Stimulus/S  1	1	7658425	7658433	92	1	40	pips_l40_r400_500-8000.hdf5	right	left
766.8985	1	Stimulus/S  1	1	7668985	7668993	92	2	60	pips_l40_r400_500-8000.hdf5	right	left
767.9439	1	Stimulus/S  1	1	7679439	7679447	92	3	70	pips_l40_r400_500-8000.hdf5	right	left
769.0106	1	Stimulus/S  1	1	7690106	7690114	92	4	50	pips_l40_r400_500-8000.hdf5	right	left
770.0666	1	Stimulus/S  1	1	7700666	7700674	92	5	30	pips_l40_r400_500-8000.hdf5	right	left
771.1332	1	Stimulus/S  1	1	7711332	7711340	93	0	20	pips_l40_r400_500-8000.hdf5	right	left
772.1999	1	Stimulus/S  1	1	7721999	7722007	93	1	40	pips_l40_r400_500-8000.hdf5	right	left
773.2666	1	Stimulus/S  1	1	7732666	7732674	93	2	60	pips_l40_r400_500-8000.hdf5	right	left
774.3333	1	Stimulus/S  1	1	7743333	7743341	93	3	70	pips_l40_r400_500-8000.hdf5	right	left
775.3999	1	Stimulus/S  1	1	7753999	7754007	93	4	50	pips_l40_r400_500-8000.hdf5	right	left
776.4666	1	Stimulus/S  1	1	7764666	7764674	93	5	30	pips_l40_r400_500-8000.hdf5	right	left
777.5333	1	Stimulus/S  1	1	7775333	7775341	94	0	20	pips_l40_r400_500-8000.hdf5	right	left
778.6	1	Stimulus/S  1	1	7786000	7786008	94	1	40	pips_l40_r400_500-8000.hdf5	right	left
779.6667	1	Stimulus/S  1	1	7796667	7796675	94	2	60	pips_l40_r400_500-8000.hdf5	right	left
780.712	1	Stimulus/S  1	1	7807120	7807128	94	3	70	pips_l40_r400_500-8000.hdf5	right	left
781.768	1	Stimulus/S  1	1	7817680	7817688	94	4	50	pips_l40_r400_500-8000.hdf5	right	left
782.8134	1	Stimulus/S  1	1	7828134	7828142	94	5	30	pips_l40_r400_500-8000.hdf5	right	left
783.8587	1	Stimulus/S  1	1	7838587	7838595	95	0	20	pips_l40_r400_500-8000.hdf5	right	left
784.9254	1	Stimulus/S  1	1	7849254	7849262	95	1	40	pips_l40_r400_500-8000.hdf5	right	left
785.9814	1	Stimulus/S  1	1	7859814	7859822	95	2	60	pips_l40_r400_500-8000.hdf5	right	left
787.0481	1	Stimulus/S  1	1	7870481	7870489	95	3	70	pips_l40_r400_500-8000.hdf5	right	left
788.0934	1	Stimulus/S  1	1	7880934	7880942	95	4	50	pips_l40_r400_500-8000.hdf5	right	left
789.1601	1	Stimulus/S  1	1	7891601	7891609	95	5	30	pips_l40_r400_500-8000.hdf5	right	left
790.2268	1	Stimulus/S  1	1	7902268	7902276	96	0	20	pips_l40_r400_500-8000.hdf5	right	left
791.2828	1	Stimulus/S  1	1	7912828	7912836	96	1	40	pips_l40_r400_500-8000.hdf5	right	left
792.3494	1	Stimulus/S  1	1	7923494	7923502	96	2	60	pips_l40_r400_500-8000.hdf5	right	left
793.3948	1	Stimulus/S  1	1	7933948	7933956	96	3	70	pips_l40_r400_500-8000.hdf5	right	left
794.4615	1	Stimulus/S  1	1	7944615	7944623	96	4	50	pips_l40_r400_500-8000.hdf5	right	left
795.5281	1	Stimulus/S  1	1	7955281	7955289	96	5	30	pips_l40_r400_500-8000.hdf5	right	left
796.5948	1	Stimulus/S  1	1	7965948	7965956	97	0	20	pips_l40_r400_500-8000.hdf5	right	left
797.6508	1	Stimulus/S  1	1	7976508	7976516	97	1	40	pips_l40_r400_500-8000.hdf5	right	left
798.7175	1	Stimulus/S  1	1	7987175	7987183	97	2	60	pips_l40_r400_500-8000.hdf5	right	left
799.7629	1	Stimulus/S  1	1	7997629	7997637	97	3	70	pips_l40_r400_500-8000.hdf5	right	left
800.8295	1	Stimulus/S  1	1	8008295	8008303	97	4	50	pips_l40_r400_500-8000.hdf5	right	left
801.8855	1	Stimulus/S  1	1	8018855	8018863	97	5	30	pips_l40_r400_500-8000.hdf5	right	left
802.9309	1	Stimulus/S  1	1	8029309	8029317	98	0	20	pips_l40_r400_500-8000.hdf5	right	left
803.9762	1	Stimulus/S  1	1	8039762	8039770	98	1	40	pips_l40_r400_500-8000.hdf5	right	left
805.0322	1	Stimulus/S  1	1	8050322	8050330	98	2	60	pips_l40_r400_500-8000.hdf5	right	left
806.0776	1	Stimulus/S  1	1	8060776	8060784	98	3	70	pips_l40_r400_500-8000.hdf5	right	left
807.1336	1	Stimulus/S  1	1	8071336	8071344	98	4	50	pips_l40_r400_500-8000.hdf5	right	left
808.1789	1	Stimulus/S  1	1	8081789	8081797	98	5	30	pips_l40_r400_500-8000.hdf5	right	left
809.2349	1	Stimulus/S  1	1	8092349	8092357	99	0	20	pips_l40_r400_500-8000.hdf5	right	left
810.2803	1	Stimulus/S  1	1	8102803	8102811	99	1	40	pips_l40_r400_500-8000.hdf5	right	left
811.347	1	Stimulus/S  1	1	8113470	8113478	99	2	60	pips_l40_r400_500-8000.hdf5	right	left
812.3923	1	Stimulus/S  1	1	8123923	8123931	99	3	70	pips_l40_r400_500-8000.hdf5	right	left
813.4483	1	Stimulus/S  1	1	8134483	8134491	99	4	50	pips_l40_r400_500-8000.hdf5	right	left
814.4937	1	Stimulus/S  1	1	8144937	8144945	99	5	30	pips_l40_r400_500-8000.hdf5	right	left
815.5603	1	Stimulus/S  1	1	8155603	8155611	100	0	20	pips_l40_r400_500-8000.hdf5	right	left
816.6164	1	Stimulus/S  1	1	8166164	8166172	100	1	40	pips_l40_r400_500-8000.hdf5	right	left
817.683	1	Stimulus/S  1	1	8176830	8176838	100	2	60	pips_l40_r400_500-8000.hdf5	right	left
818.7497	1	Stimulus/S  1	1	8187497	8187505	100	3	70	pips_l40_r400_500-8000.hdf5	right	left
819.8164	1	Stimulus/S  1	1	8198164	8198172	100	4	50	pips_l40_r400_500-8000.hdf5	right	left
820.8831	1	Stimulus/S  1	1	8208831	8208839	100	5	30	pips_l40_r400_500-8000.hdf5	right	left
821.9497	1	Stimulus/S  1	1	8219497	8219505	101	0	20	pips_l40_r400_500-8000.hdf5	right	left
823.0164	1	Stimulus/S  1	1	8230164	8230172	101	1	40	pips_l40_r400_500-8000.hdf5	right	left
824.0618	1	Stimulus/S  1	1	8240618	8240626	101	2	60	pips_l40_r400_500-8000.hdf5	right	left
825.1284	1	Stimulus/S  1	1	8251284	8251292	101	3	70	pips_l40_r400_500-8000.hdf5	right	left
826.1845	1	Stimulus/S  1	1	8261845	8261853	101	4	50	pips_l40_r400_500-8000.hdf5	right	left
827.2298	1	Stimulus/S  1	1	8272298	8272306	101	5	30	pips_l40_r400_500-8000.hdf5	right	left
828.2858	1	Stimulus/S  1	1	8282858	8282866	102	0	20	pips_l40_r400_500-8000.hdf5	right	left
829.3311	1	Stimulus/S  1	1	8293311	8293319	102	1	40	pips_l40_r400_500-8000.hdf5	right	left
830.3765	1	Stimulus/S  1	1	8303765	8303773	102	2	60	pips_l40_r400_500-8000.hdf5	right	left
831.4325	1	Stimulus/S  1	1	8314325	8314333	102	3	70	pips_l40_r400_500-8000.hdf5	right	left
832.4778	1	Stimulus/S  1	1	8324778	8324786	102	4	50	pips_l40_r400_500-8000.hdf5	right	left
833.5339	1	Stimulus/S  1	1	8335339	8335347	102	5	30	pips_l40_r400_500-8000.hdf5	right	left
834.5792	1	Stimulus/S  1	1	8345792	8345800	103	0	20	pips_l40_r400_500-8000.hdf5	right	left
835.6352	1	Stimulus/S  1	1	8356352	8356360	103	1	40	pips_l40_r400_500-8000.hdf5	right	left
836.6806	1	Stimulus/S  1	1	8366806	8366814	103	2	60	pips_l40_r400_500-8000.hdf5	right	left
837.7259	1	Stimulus/S  1	1	8377259	8377267	103	3	70	pips_l40_r400_500-8000.hdf5	right	left
838.7926	1	Stimulus/S  1	1	8387926	8387934	103	4	50	pips_l40_r400_500-8000.hdf5	right	left
839.8699	1	Stimulus/S  1	1	8398699	8398707	103	5	30	pips_l40_r400_500-8000.hdf5	right	left
840.9259	1	Stimulus/S  1	1	8409259	8409267	104	0	20	pips_l40_r400_500-8000.hdf5	right	left
841.9926	1	Stimulus/S  1	1	8419926	8419934	104	1	40	pips_l40_r400_500-8000.hdf5	right	left
843.0593	1	Stimulus/S  1	1	8430593	8430601	104	2	60	pips_l40_r400_500-8000.hdf5	right	left
844.126	1	Stimulus/S  1	1	8441260	8441268	104	3	70	pips_l40_r400_500-8000.hdf5	right	left
845.182	1	Stimulus/S  1	1	8451820	8451828	104	4	50	pips_l40_r400_500-8000.hdf5	right	left
846.2486	1	Stimulus/S  1	1	8462486	8462494	104	5	30	pips_l40_r400_500-8000.hdf5	right	left
847.3153	1	Stimulus/S  1	1	8473153	8473161	105	0	20	pips_l40_r400_500-8000.hdf5	right	left
848.3607	1	Stimulus/S  1	1	8483607	8483615	105	1	40	pips_l40_r400_500-8000.hdf5	right	left
849.4167	1	Stimulus/S  1	1	8494167	8494175	105	2	60	pips_l40_r400_500-8000.hdf5	right	left
850.462	1	Stimulus/S  1	1	8504620	8504628	105	3	70	pips_l40_r400_500-8000.hdf5	right	left
851.518	1	Stimulus/S  1	1	8515180	8515188	105	4	50	pips_l40_r400_500-8000.hdf5	right	left
852.5634	1	Stimulus/S  1	1	8525634	8525642	105	5	30	pips_l40_r400_500-8000.hdf5	right	left
853.6194	1	Stimulus/S  1	1	8536194	8536202	106	0	20	pips_l40_r400_500-8000.hdf5	right	left
854.6861	1	Stimulus/S  1	1	8546861	8546869	106	1	40	pips_l40_r400_500-8000.hdf5	right	left
855.7314	1	Stimulus/S  1	1	8557314	8557322	106	2	60	pips_l40_r400_500-8000.hdf5	right	left
856.7981	1	Stimulus/S  1	1	8567981	8567989	106	3	70	pips_l40_r400_500-8000.hdf5	right	left
857.8434	1	Stimulus/S  1	1	8578434	8578442	106	4	50	pips_l40_r400_500-8000.hdf5	right	left
858.9101	1	Stimulus/S  1	1	8589101	8589109	106	5	30	pips_l40_r400_500-8000.hdf5	right	left
859.9768	1	Stimulus/S  1	1	8599768	8599776	107	0	20	pips_l40_r400_500-8000.hdf5	right	left
861.0435	1	Stimulus/S  1	1	8610435	8610443	107	1	40	pips_l40_r400_500-8000.hdf5	right	left
862.1101	1	Stimulus/S  1	1	8621101	8621109	107	2	60	pips_l40_r400_500-8000.hdf5	right	left
863.1768	1	Stimulus/S  1	1	8631768	8631776	107	3	70	pips_l40_r400_500-8000.hdf5	right	left
864.2435	1	Stimulus/S  1	1	8642435	8642443	107	4	50	pips_l40_r400_500-8000.hdf5	right	left
865.2995	1	Stimulus/S  1	1	8652995	8653003	107	5	30	pips_l40_r400_500-8000.hdf5	right	left
866.3662	1	Stimulus/S  1	1	8663662	8663670	108	0	20	pips_l40_r400_500-8000.hdf5	right	left
867.4115	1	Stimulus/S  1	1	8674115	8674123	108	1	40	pips_l40_r400_500-8000.hdf5	right	left
868.4675	1	Stimulus/S  1	1	8684675	8684683	108	2	60	pips_l40_r400_500-8000.hdf5	right	left
869.5129	1	Stimulus/S  1	1	8695129	8695137	108	3	70	pips_l40_r400_500-8000.hdf5	right	left
870.5689	1	Stimulus/S  1	1	8705689	8705697	108	4	50	pips_l40_r400_500-8000.hdf5	right	left
871.6142	1	Stimulus/S  1	1	8716142	8716150	108	5	30	pips_l40_r400_500-8000.hdf5	right	left
872.6702	1	Stimulus/S  1	1	8726702	8726710	109	0	20	pips_l40_r400_500-8000.hdf5	right	left
873.7156	1	Stimulus/S  1	1	8737156	8737164	109	1	40	pips_l40_r400_500-8000.hdf5	right	left
874.7609	1	Stimulus/S  1	1	8747609	8747617	109	2	60	pips_l40_r400_500-8000.hdf5	right	left
875.8276	1	Stimulus/S  1	1	8758276	8758284	109	3	70	pips_l40_r400_500-8000.hdf5	right	left
876.8943	1	Stimulus/S  1	1	8768943	8768951	109	4	50	pips_l40_r400_500-8000.hdf5	right	left
877.961	1	Stimulus/S  1	1	8779610	8779618	109	5	30	pips_l40_r400_500-8000.hdf5	right	left
879.0276	1	Stimulus/S  1	1	8790276	8790284	110	0	20	pips_l40_r400_500-8000.hdf5	right	left
880.0943	1	Stimulus/S  1	1	8800943	8800951	110	1	40	pips_l40_r400_500-8000.hdf5	right	left
881.1503	1	Stimulus/S  1	1	8811503	8811511	110	2	60	pips_l40_r400_500-8000.hdf5	right	left
882.1957	1	Stimulus/S  1	1	8821957	8821965	110	3	70	pips_l40_r400_500-8000.hdf5	right	left
883.2517	1	Stimulus/S  1	1	8832517	8832525	110	4	50	pips_l40_r400_500-8000.hdf5	right	left
884.297	1	Stimulus/S  1	1	8842970	8842978	110	5	30	pips_l40_r400_500-8000.hdf5	right	left
885.353	1	Stimulus/S  1	1	8853530	8853538	111	0	20	pips_l40_r400_500-8000.hdf5	right	left
886.3984	1	Stimulus/S  1	1	8863984	8863992	111	1	40	pips_l40_r400_500-8000.hdf5	right	left
887.4651	1	Stimulus/S  1	1	8874651	8874659	111	2	60	pips_l40_r400_500-8000.hdf5	right	left
888.5317	1	Stimulus/S  1	1	8885317	8885325	111	3	70	pips_l40_r400_500-8000.hdf5	right	left
889.5984	1	Stimulus/S  1	1	8895984	8895992	111	4	50	pips_l40_r400_500-8000.hdf5	right	left
890.6651	1	Stimulus/S  1	1	8906651	8906659	111	5	30	pips_l40_r400_500-8000.hdf5	right	left
891.7318	1	Stimulus/S  1	1	8917318	8917326	112	0	20	pips_l40_r400_500-8000.hdf5	right	left
892.7984	1	Stimulus/S  1	1	8927984	8927992	112	1	40	pips_l40_r400_500-8000.hdf5	right	left
893.8438	1	Stimulus/S  1	1	8938438	8938446	112	2	60	pips_l40_r400_500-8000.hdf5	right	left
894.9105	1	Stimulus/S  1	1	8949105	8949113	112	3	70	pips_l40_r400_500-8000.hdf5	right	left
895.9665	1	Stimulus/S  1	1	8959665	8959673	112	4	50	pips_l40_r400_500-8000.hdf5	right	left
897.0118	1	Stimulus/S  1	1	8970118	8970126	112	5	30	pips_l40_r400_500-8000.hdf5	right	left
898.0678	1	Stimulus/S  1	1	8980678	8980686	113	0	20	pips_l40_r400_500-8000.hdf5	right	left
899.1132	1	Stimulus/S  1	1	8991132	8991140	113	1	40	pips_l40_r400_500-8000.hdf5	right	left
900.1692	1	Stimulus/S  1	1	9001692	9001700	113	2	60	pips_l40_r400_500-8000.hdf5	right	left
901.2145	1	Stimulus/S  1	1	9012145	9012153	113	3	70	pips_l40_r400_500-8000.hdf5	right	left
902.2599	1	Stimulus/S  1	1	9022599	9022607	113	4	50	pips_l40_r400_500-8000.hdf5	right	left
903.3159	1	Stimulus/S  1	1	9033159	9033167	113	5	30	pips_l40_r400_500-8000.hdf5	right	left
904.3826	1	Stimulus/S  1	1	9043826	9043834	114	0	20	pips_l40_r400_500-8000.hdf5	right	left
905.4492	1	Stimulus/S  1	1	9054492	9054500	114	1	40	pips_l40_r400_500-8000.hdf5	right	left
906.5159	1	Stimulus/S  1	1	9065159	9065167	114	2	60	pips_l40_r400_500-8000.hdf5	right	left
907.5826	1	Stimulus/S  1	1	9075826	9075834	114	3	70	pips_l40_r400_500-8000.hdf5	right	left
908.6493	1	Stimulus/S  1	1	9086493	9086501	114	4	50	pips_l40_r400_500-8000.hdf5	right	left
909.7159	1	Stimulus/S  1	1	9097159	9097167	114	5	30	pips_l40_r400_500-8000.hdf5	right	left
910.7613	1	Stimulus/S  1	1	9107613	9107621	115	0	20	pips_l40_r400_500-8000.hdf5	right	left
911.828	1	Stimulus/S  1	1	9118280	9118288	115	1	40	pips_l40_r400_500-8000.hdf5	right	left
912.884	1	Stimulus/S  1	1	9128840	9128848	115	2	60	pips_l40_r400_500-8000.hdf5	right	left
913.9507	1	Stimulus/S  1	1	9139507	9139515	115	3	70	pips_l40_r400_500-8000.hdf5	right	left
914.996	1	Stimulus/S  1	1	9149960	9149968	115	4	50	pips_l40_r400_500-8000.hdf5	right	left
916.052	1	Stimulus/S  1	1	9160520	9160528	115	5	30	pips_l40_r400_500-8000.hdf5	right	left
917.0973	1	Stimulus/S  1	1	9170973	9170981	116	0	20	pips_l40_r400_500-8000.hdf5	right	left
918.164	1	Stimulus/S  1	1	9181640	9181648	116	1	40	pips_l40_r400_500-8000.hdf5	right	left
919.22	1	Stimulus/S  1	1	9192200	9192208	116	2	60	pips_l40_r400_500-8000.hdf5	right	left
920.2867	1	Stimulus/S  1	1	9202867	9202875	116	3	70	pips_l40_r400_500-8000.hdf5	right	left
921.3321	1	Stimulus/S  1	1	9213321	9213329	116	4	50	pips_l40_r400_500-8000.hdf5	right	left
922.3987	1	Stimulus/S  1	1	9223987	9223995	116	5	30	pips_l40_r400_500-8000.hdf5	right	left
923.4654	1	Stimulus/S  1	1	9234654	9234662	117	0	20	pips_l40_r400_500-8000.hdf5	right	left
924.5321	1	Stimulus/S  1	1	9245321	9245329	117	1	40	pips_l40_r400_500-8000.hdf5	right	left
925.5988	1	Stimulus/S  1	1	9255988	9255996	117	2	60	pips_l40_r400_500-8000.hdf5	right	left
926.6654	1	Stimulus/S  1	1	9266654	9266662	117	3	70	pips_l40_r400_500-8000.hdf5	right	left
927.7108	1	Stimulus/S  1	1	9277108	9277116	117	4	50	pips_l40_r400_500-8000.hdf5	right	left
928.7668	1	Stimulus/S  1	1	9287668	9287676	117	5	30	pips_l40_r400_500-8000.hdf5	right	left
929.8121	1	Stimulus/S  1	1	9298121	9298129	118	0	20	pips_l40_r400_500-8000.hdf5	right	left
930.8682	1	Stimulus/S  1	1	9308682	9308690	118	1	40	pips_l40_r400_500-8000.hdf5	right	left
931.9135	1	Stimulus/S  1	1	9319135	9319143	118	2	60	pips_l40_r400_500-8000.hdf5	right	left
932.9802	1	Stimulus/S  1	1	9329802	9329810	118	3	70	pips_l40_r400_500-8000.hdf5	right	left
934.0362	1	Stimulus/S  1	1	9340362	9340370	118	4	50	pips_l40_r400_500-8000.hdf5	right	left
935.1029	1	Stimulus/S  1	1	9351029	9351037	118	5	30	pips_l40_r400_500-8000.hdf5	right	left
936.1482	1	Stimulus/S  1	1	9361482	9361490	119	0	20	pips_l40_r400_500-8000.hdf5	right	left
937.2149	1	Stimulus/S  1	1	9372149	9372157	119	1	40	pips_l40_r400_500-8000.hdf5	right	left
938.2816	1	Stimulus/S  1	1	9382816	9382824	119	2	60	pips_l40_r400_500-8000.hdf5	right	left
939.3482	1	Stimulus/S  1	1	9393482	9393490	119	3	70	pips_l40_r400_500-8000.hdf5	right	left
940.4149	1	Stimulus/S  1	1	9404149	9404157	119	4	50	pips_l40_r400_500-8000.hdf5	right	left
941.4816	1	Stimulus/S  1	1	9414816	9414824	119	5	30	pips_l40_r400_500-8000.hdf5	right	left
942.5483	1	Stimulus/S  1	1	9425483	9425491	0	0	20	pips_l40_r400_500-8000.hdf5	right	left
943.6043	1	Stimulus/S  1	1	9436043	9436051	0	1	40	pips_l40_r400_500-8000.hdf5	right	left
944.6496	1	Stimulus/S  1	1	9446496	9446504	0	2	60	pips_l40_r400_500-8000.hdf5	right	left
945.695	1	Stimulus/S  1	1	9456950	9456958	0	3	70	pips_l40_r400_500-8000.hdf5	right	left
946.751	1	Stimulus/S  1	1	9467510	9467518	0	4	50	pips_l40_r400_500-8000.hdf5	right	left
947.7963	1	Stimulus/S  1	1	9477963	9477971	0	5	30	pips_l40_r400_500-8000.hdf5	right	left
948.8523	1	Stimulus/S  1	1	9488523	9488531	1	0	20	pips_l40_r400_500-8000.hdf5	right	left
949.8977	1	Stimulus/S  1	1	9498977	9498985	1	1	40	pips_l40_r400_500-8000.hdf5	right	left
950.9537	1	Stimulus/S  1	1	9509537	9509545	1	2	60	pips_l40_r400_500-8000.hdf5	right	left
952.0204	1	Stimulus/S  1	1	9520204	9520212	1	3	70	pips_l40_r400_500-8000.hdf5	right	left
953.0657	1	Stimulus/S  1	1	9530657	9530665	1	4	50	pips_l40_r400_500-8000.hdf5	right	left
954.1324	1	Stimulus/S  1	1	9541324	9541332	1	5	30	pips_l40_r400_500-8000.hdf5	right	left
955.1991	1	Stimulus/S  1	1	9551991	9551999	2	0	20	pips_l40_r400_500-8000.hdf5	right	left
956.2657	1	Stimulus/S  1	1	9562657	9562665	2	1	40	pips_l40_r400_500-8000.hdf5	right	left
957.3217	1	Stimulus/S  1	1	9573217	9573225	2	2	60	pips_l40_r400_500-8000.hdf5	right	left
958.3884	1	Stimulus/S  1	1	9583884	9583892	2	3	70	pips_l40_r400_500-8000.hdf5	right	left
959.4338	1	Stimulus/S  1	1	9594338	9594346	2	4	50	pips_l40_r400_500-8000.hdf5	right	left
960.5004	1	Stimulus/S  1	1	9605004	9605012	2	5	30	pips_l40_r400_500-8000.hdf5	right	left
961.5458	1	Stimulus/S  1	1	9615458	9615466	3	0	20	pips_l40_r400_500-8000.hdf5	right	left
962.6018	1	Stimulus/S  1	1	9626018	9626026	3	1	40	pips_l40_r400_500-8000.hdf5	right	left
963.6471	1	Stimulus/S  1	1	9636471	9636479	3	2	60	pips_l40_r400_500-8000.hdf5	right	left
964.7032	1	Stimulus/S  1	1	9647032	9647040	3	3	70	pips_l40_r400_500-8000.hdf5	right	left
965.7485	1	Stimulus/S  1	1	9657485	9657493	3	4	50	pips_l40_r400_500-8000.hdf5	right	left
966.8152	1	Stimulus/S  1	1	9668152	9668160	3	5	30	pips_l40_r400_500-8000.hdf5	right	left
967.8712	1	Stimulus/S  1	1	9678712	9678720	4	0	20	pips_l40_r400_500-8000.hdf5	right	left
968.9379	1	Stimulus/S  1	1	9689379	9689387	4	1	40	pips_l40_r400_500-8000.hdf5	right	left
969.9832	1	Stimulus/S  1	1	9699832	9699840	4	2	60	pips_l40_r400_500-8000.hdf5	right	left
971.0499	1	Stimulus/S  1	1	9710499	9710507	4	3	70	pips_l40_r400_500-8000.hdf5	right	left
972.1166	1	Stimulus/S  1	1	9721166	9721174	4	4	50	pips_l40_r400_500-8000.hdf5	right	left
973.1832	1	Stimulus/S  1	1	9731832	9731840	4	5	30	pips_l40_r400_500-8000.hdf5	right	left
974.2286	1	Stimulus/S  1	1	9742286	9742294	5	0	20	pips_l40_r400_500-8000.hdf5	right	left
975.2953	1	Stimulus/S  1	1	9752953	9752961	5	1	40	pips_l40_r400_500-8000.hdf5	right	left
976.3513	1	Stimulus/S  1	1	9763513	9763521	5	2	60	pips_l40_r400_500-8000.hdf5	right	left
977.4179	1	Stimulus/S  1	1	9774179	9774187	5	3	70	pips_l40_r400_500-8000.hdf5	right	left
978.4633	1	Stimulus/S  1	1	9784633	9784641	5	4	50	pips_l40_r400_500-8000.hdf5	right	left
979.5193	1	Stimulus/S  1	1	9795193	9795201	5	5	30	pips_l40_r400_500-8000.hdf5	right	left
980.5646	1	Stimulus/S  1	1	9805646	9805654	6	0	20	pips_l40_r400_500-8000.hdf5	right	left
981.6207	1	Stimulus/S  1	1	9816207	9816215	6	1	40	pips_l40_r400_500-8000.hdf5	right	left
982.666	1	Stimulus/S  1	1	9826660	9826668	6	2	60	pips_l40_r400_500-8000.hdf5	right	left
983.7327	1	Stimulus/S  1	1	9837327	9837335	6	3	70	pips_l40_r400_500-8000.hdf5	right	left
984.778	1	Stimulus/S  1	1	9847780	9847788	6	4	50	pips_l40_r400_500-8000.hdf5	right	left
985.8554	1	Stimulus/S  1	1	9858554	9858562	6	5	30	pips_l40_r400_500-8000.hdf5	right	left
986.9007	1	Stimulus/S  1	1	9869007	9869015	7	0	20	pips_l40_r400_500-8000.hdf5	right	left
987.9674	1	Stimulus/S  1	1	9879674	9879682	7	1	40	pips_l40_r400_500-8000.hdf5	right	left
989.0341	1	Stimulus/S  1	1	9890341	9890349	7	2	60	pips_l40_r400_500-8000.hdf5	right	left
990.1007	1	Stimulus/S  1	1	9901007	9901015	7	3	70	pips_l40_r400_500-8000.hdf5	right	left
991.1674	1	Stimulus/S  1	1	9911674	9911682	7	4	50	pips_l40_r400_500-8000.hdf5	right	left
992.2341	1	Stimulus/S  1	1	9922341	9922349	7	5	30	pips_l40_r400_500-8000.hdf5	right	left
993.2794	1	Stimulus/S  1	1	9932794	9932802	8	0	20	pips_l40_r400_500-8000.hdf5	right	left
994.3354	1	Stimulus/S  1	1	9943354	9943362	8	1	40	pips_l40_r400_500-8000.hdf5	right	left
995.3808	1	Stimulus/S  1	1	9953808	9953816	8	2	60	pips_l40_r400_500-8000.hdf5	right	left
996.4368	1	Stimulus/S  1	1	9964368	9964376	8	3	70	pips_l40_r400_500-8000.hdf5	right	left
997.4821	1	Stimulus/S  1	1	9974821	9974829	8	4	50	pips_l40_r400_500-8000.hdf5	right	left
998.5488	1	Stimulus/S  1	1	9985488	9985496	8	5	30	pips_l40_r400_500-8000.hdf5	right	left
999.6048	1	Stimulus/S  1	1	9996048	9996056	9	0	20	pips_l40_r400_500-8000.hdf5	right	left
1000.6715	1	Stimulus/S  1	1	10006715	10006723	9	1	40	pips_l40_r400_500-8000.hdf5	right	left
1001.7169	1	Stimulus/S  1	1	10017169	10017177	9	2	60	pips_l40_r400_500-8000.hdf5	right	left
1002.7835	1	Stimulus/S  1	1	10027835	10027843	9	3	70	pips_l40_r400_500-8000.hdf5	right	left
1003.8502	1	Stimulus/S  1	1	10038502	10038510	9	4	50	pips_l40_r400_500-8000.hdf5	right	left
1004.9169	1	Stimulus/S  1	1	10049169	10049177	9	5	30	pips_l40_r400_500-8000.hdf5	right	left
1005.9836	1	Stimulus/S  1	1	10059836	10059844	10	0	20	pips_l40_r400_500-8000.hdf5	right	left
1007.0502	1	Stimulus/S  1	1	10070502	10070510	10	1	40	pips_l40_r400_500-8000.hdf5	right	left
1008.0956	1	Stimulus/S  1	1	10080956	10080964	10	2	60	pips_l40_r400_500-8000.hdf5	right	left
1009.1516	1	Stimulus/S  1	1	10091516	10091524	10	3	70	pips_l40_r400_500-8000.hdf5	right	left
1010.1969	1	Stimulus/S  1	1	10101969	10101977	10	4	50	pips_l40_r400_500-8000.hdf5	right	left
1011.2529	1	Stimulus/S  1	1	10112529	10112537	10	5	30	pips_l40_r400_500-8000.hdf5	right	left
1012.2983	1	Stimulus/S  1	1	10122983	10122991	11	0	20	pips_l40_r400_500-8000.hdf5	right	left
1013.3543	1	Stimulus/S  1	1	10133543	10133551	11	1	40	pips_l40_r400_500-8000.hdf5	right	left
1014.3996	1	Stimulus/S  1	1	10143996	10144004	11	2	60	pips_l40_r400_500-8000.hdf5	right	left
1015.4663	1	Stimulus/S  1	1	10154663	10154671	11	3	70	pips_l40_r400_500-8000.hdf5	right	left
1016.5223	1	Stimulus/S  1	1	10165223	10165231	11	4	50	pips_l40_r400_500-8000.hdf5	right	left
1017.589	1	Stimulus/S  1	1	10175890	10175898	11	5	30	pips_l40_r400_500-8000.hdf5	right	left
1018.6344	1	Stimulus/S  1	1	10186344	10186352	12	0	20	pips_l40_r400_500-8000.hdf5	right	left
1019.701	1	Stimulus/S  1	1	10197010	10197018	12	1	40	pips_l40_r400_500-8000.hdf5	right	left
1020.7677	1	Stimulus/S  1	1	10207677	10207685	12	2	60	pips_l40_r400_500-8000.hdf5	right	left
1021.8344	1	Stimulus/S  1	1	10218344	10218352	12	3	70	pips_l40_r400_500-8000.hdf5	right	left
1022.8797	1	Stimulus/S  1	1	10228797	10228805	12	4	50	pips_l40_r400_500-8000.hdf5	right	left
1023.9464	1	Stimulus/S  1	1	10239464	10239472	12	5	30	pips_l40_r400_500-8000.hdf5	right	left
1025.0024	1	Stimulus/S  1	1	10250024	10250032	13	0	20	pips_l40_r400_500-8000.hdf5	right	left
1026.0691	1	Stimulus/S  1	1	10260691	10260699	13	1	40	pips_l40_r400_500-8000.hdf5	right	left
1027.1144	1	Stimulus/S  1	1	10271144	10271152	13	2	60	pips_l40_r400_500-8000.hdf5	right	left
1028.1704	1	Stimulus/S  1	1	10281704	10281712	13	3	70	pips_l40_r400_500-8000.hdf5	right	left
1029.2158	1	Stimulus/S  1	1	10292158	10292166	13	4	50	pips_l40_r400_500-8000.hdf5	right	left
1030.2825	1	Stimulus/S  1	1	10302825	10302833	13	5	30	pips_l40_r400_500-8000.hdf5	right	left
1031.3385	1	Stimulus/S  1	1	10313385	10313393	14	0	20	pips_l40_r400_500-8000.hdf5	right	left
1032.4052	1	Stimulus/S  1	1	10324052	10324060	14	1	40	pips_l40_r400_500-8000.hdf5	right	left
1033.4505	1	Stimulus/S  1	1	10334505	10334513	14	2	60	pips_l40_r400_500-8000.hdf5	right	left
1034.5172	1	Stimulus/S  1	1	10345172	10345180	14	3	70	pips_l40_r400_500-8000.hdf5	right	left
1035.5839	1	Stimulus/S  1	1	10355839	10355847	14	4	50	pips_l40_r400_500-8000.hdf5	right	left
1036.6505	1	Stimulus/S  1	1	10366505	10366513	14	5	30	pips_l40_r400_500-8000.hdf5	right	left
1037.7172	1	Stimulus/S  1	1	10377172	10377180	15	0	20	pips_l40_r400_500-8000.hdf5	right	left
1038.7839	1	Stimulus/S  1	1	10387839	10387847	15	1	40	pips_l40_r400_500-8000.hdf5	right	left
1039.8506	1	Stimulus/S  1	1	10398506	10398514	15	2	60	pips_l40_r400_500-8000.hdf5	right	left
1040.8959	1	Stimulus/S  1	1	10408959	10408967	15	3	70	pips_l40_r400_500-8000.hdf5	right	left
1041.9519	1	Stimulus/S  1	1	10419519	10419527	15	4	50	pips_l40_r400_500-8000.hdf5	right	left
1042.9973	1	Stimulus/S  1	1	10429973	10429981	15	5	30	pips_l40_r400_500-8000.hdf5	right	left
1044.0533	1	Stimulus/S  1	1	10440533	10440541	16	0	20	pips_l40_r400_500-8000.hdf5	right	left
1045.0986	1	Stimulus/S  1	1	10450986	10450994	16	1	40	pips_l40_r400_500-8000.hdf5	right	left
1046.1546	1	Stimulus/S  1	1	10461546	10461554	16	2	60	pips_l40_r400_500-8000.hdf5	right	left
1047.2	1	Stimulus/S  1	1	10472000	10472008	16	3	70	pips_l40_r400_500-8000.hdf5	right	left
1048.256	1	Stimulus/S  1	1	10482560	10482568	16	4	50	pips_l40_r400_500-8000.hdf5	right	left
1049.3227	1	Stimulus/S  1	1	10493227	10493235	16	5	30	pips_l40_r400_500-8000.hdf5	right	left
1050.368	1	Stimulus/S  1	1	10503680	10503688	17	0	20	pips_l40_r400_500-8000.hdf5	right	left
1051.4347	1	Stimulus/S  1	1	10514347	10514355	17	1	40	pips_l40_r400_500-8000.hdf5	right	left
1052.5014	1	Stimulus/S  1	1	10525014	10525022	17	2	60	pips_l40_r400_500-8000.hdf5	right	left
1053.568	1	Stimulus/S  1	1	10535680	10535688	17	3	70	pips_l40_r400_500-8000.hdf5	right	left
1054.6134	1	Stimulus/S  1	1	10546134	10546142	17	4	50	pips_l40_r400_500-8000.hdf5	right	left
1055.6801	1	Stimulus/S  1	1	10556801	10556809	17	5	30	pips_l40_r400_500-8000.hdf5	right	left
1056.7361	1	Stimulus/S  1	1	10567361	10567369	18	0	20	pips_l40_r400_500-8000.hdf5	right	left
1057.8027	1	Stimulus/S  1	1	10578027	10578035	18	1	40	pips_l40_r400_500-8000.hdf5	right	left
1058.8481	1	Stimulus/S  1	1	10588481	10588489	18	2	60	pips_l40_r400_500-8000.hdf5	right	left
1059.9041	1	Stimulus/S  1	1	10599041	10599049	18	3	70	pips_l40_r400_500-8000.hdf5	right	left
1060.9494	1	Stimulus/S  1	1	10609494	10609502	18	4	50	pips_l40_r400_500-8000.hdf5	right	left
1062.0054	1	Stimulus/S  1	1	10620054	10620062	18	5	30	pips_l40_r400_500-8000.hdf5	right	left
1063.0508	1	Stimulus/S  1	1	10630508	10630516	19	0	20	pips_l40_r400_500-8000.hdf5	right	left
1064.1175	1	Stimulus/S  1	1	10641175	10641183	19	1	40	pips_l40_r400_500-8000.hdf5	right	left
1065.1628	1	Stimulus/S  1	1	10651628	10651636	19	2	60	pips_l40_r400_500-8000.hdf5	right	left
1066.2295	1	Stimulus/S  1	1	10662295	10662303	19	3	70	pips_l40_r400_500-8000.hdf5	right	left
1067.2855	1	Stimulus/S  1	1	10672855	10672863	19	4	50	pips_l40_r400_500-8000.hdf5	right	left
1068.3522	1	Stimulus/S  1	1	10683522	10683530	19	5	30	pips_l40_r400_500-8000.hdf5	right	left
1069.4189	1	Stimulus/S  1	1	10694189	10694197	20	0	20	pips_l40_r400_500-8000.hdf5	right	left
1070.4855	1	Stimulus/S  1	1	10704855	10704863	20	1	40	pips_l40_r400_500-8000.hdf5	right	left
1071.5309	1	Stimulus/S  1	1	10715309	10715317	20	2	60	pips_l40_r400_500-8000.hdf5	right	left
1072.5976	1	Stimulus/S  1	1	10725976	10725984	20	3	70	pips_l40_r400_500-8000.hdf5	right	left
1073.6536	1	Stimulus/S  1	1	10736536	10736544	20	4	50	pips_l40_r400_500-8000.hdf5	right	left
1074.7202	1	Stimulus/S  1	1	10747202	10747210	20	5	30	pips_l40_r400_500-8000.hdf5	right	left
1075.7656	1	Stimulus/S  1	1	10757656	10757664	21	0	20	pips_l40_r400_500-8000.hdf5	right	left
1076.8216	1	Stimulus/S  1	1	10768216	10768224	21	1	40	pips_l40_r400_500-8000.hdf5	right	left
1077.8669	1	Stimulus/S  1	1	10778669	10778677	21	2	60	pips_l40_r400_500-8000.hdf5	right	left
1078.9229	1	Stimulus/S  1	1	10789229	10789237	21	3	70	pips_l40_r400_500-8000.hdf5	right	left
1079.9683	1	Stimulus/S  1	1	10799683	10799691	21	4	50	pips_l40_r400_500-8000.hdf5	right	left
1081.035	1	Stimulus/S  1	1	10810350	10810358	21	5	30	pips_l40_r400_500-8000.hdf5	right	left
1082.0803	1	Stimulus/S  1	1	10820803	10820811	22	0	20	pips_l40_r400_500-8000.hdf5	right	left
1083.147	1	Stimulus/S  1	1	10831470	10831478	22	1	40	pips_l40_r400_500-8000.hdf5	right	left
1084.203	1	Stimulus/S  1	1	10842030	10842038	22	2	60	pips_l40_r400_500-8000.hdf5	right	left
1085.2697	1	Stimulus/S  1	1	10852697	10852705	22	3	70	pips_l40_r400_500-8000.hdf5	right	left
1086.3364	1	Stimulus/S  1	1	10863364	10863372	22	4	50	pips_l40_r400_500-8000.hdf5	right	left
1087.403	1	Stimulus/S  1	1	10874030	10874038	22	5	30	pips_l40_r400_500-8000.hdf5	right	left
1088.4697	1	Stimulus/S  1	1	10884697	10884705	23	0	20	pips_l40_r400_500-8000.hdf5	right	left
1089.5364	1	Stimulus/S  1	1	10895364	10895372	23	1	40	pips_l40_r400_500-8000.hdf5	right	left
1090.6031	1	Stimulus/S  1	1	10906031	10906039	23	2	60	pips_l40_r400_500-8000.hdf5	right	left
1091.6484	1	Stimulus/S  1	1	10916484	10916492	23	3	70	pips_l40_r400_500-8000.hdf5	right	left
1092.7151	1	Stimulus/S  1	1	10927151	10927159	23	4	50	pips_l40_r400_500-8000.hdf5	right	left
1093.7711	1	Stimulus/S  1	1	10937711	10937719	23	5	30	pips_l40_r400_500-8000.hdf5	right	left
1094.8164	1	Stimulus/S  1	1	10948164	10948172	24	0	20	pips_l40_r400_500-8000.hdf5	right	left
1095.8724	1	Stimulus/S  1	1	10958724	10958732	24	1	40	pips_l40_r400_500-8000.hdf5	right	left
1096.9178	1	Stimulus/S  1	1	10969178	10969186	24	2	60	pips_l40_r400_500-8000.hdf5	right	left
1097.9631	1	Stimulus/S  1	1	10979631	10979639	24	3	70	pips_l40_r400_500-8000.hdf5	right	left
1099.0191	1	Stimulus/S  1	1	10990191	10990199	24	4	50	pips_l40_r400_500-8000.hdf5	right	left
1100.0645	1	Stimulus/S  1	1	11000645	11000653	24	5	30	pips_l40_r400_500-8000.hdf5	right	left
1101.1205	1	Stimulus/S  1	1	11011205	11011213	25	0	20	pips_l40_r400_500-8000.hdf5	right	left
1102.1872	1	Stimulus/S  1	1	11021872	11021880	25	1	40	pips_l40_r400_500-8000.hdf5	right	left
1103.2539	1	Stimulus/S  1	1	11032539	11032547	25	2	60	pips_l40_r400_500-8000.hdf5	right	left
1104.3205	1	Stimulus/S  1	1	11043205	11043213	25	3	70	pips_l40_r400_500-8000.hdf5	right	left
1105.3872	1	Stimulus/S  1	1	11053872	11053880	25	4	50	pips_l40_r400_500-8000.hdf5	right	left
1106.4539	1	Stimulus/S  1	1	11064539	11064547	25	5	30	pips_l40_r400_500-8000.hdf5	right	left
1107.5206	1	Stimulus/S  1	1	11075206	11075214	26	0	20	pips_l40_r400_500-8000.hdf5	right	left
1108.5659	1	Stimulus/S  1	1	11085659	11085667	26	1	40	pips_l40_r400_500-8000.hdf5	right	left
1109.6326	1	Stimulus/S  1	1	11096326	11096334	26	2	60	pips_l40_r400_500-8000.hdf5	right	left
1110.6886	1	Stimulus/S  1	1	11106886	11106894	26	3	70	pips_l40_r400_500-8000.hdf5	right	left
1111.7339	1	Stimulus/S  1	1	11117339	11117347	26	4	50	pips_l40_r400_500-8000.hdf5	right	left
1112.7899	1	Stimulus/S  1	1	11127899	11127907	26	5	30	pips_l40_r400_500-8000.hdf5	right	left
1113.8353	1	Stimulus/S  1	1	11138353	11138361	27	0	20	pips_l40_r400_500-8000.hdf5	right	left
1114.8806	1	Stimulus/S  1	1	11148806	11148814	27	1	40	pips_l40_r400_500-8000.hdf5	right	left
1115.9366	1	Stimulus/S  1	1	11159366	11159374	27	2	60	pips_l40_r400_500-8000.hdf5	right	left
1116.982	1	Stimulus/S  1	1	11169820	11169828	27	3	70	pips_l40_r400_500-8000.hdf5	right	left
1118.038	1	Stimulus/S  1	1	11180380	11180388	27	4	50	pips_l40_r400_500-8000.hdf5	right	left
1119.1047	1	Stimulus/S  1	1	11191047	11191055	27	5	30	pips_l40_r400_500-8000.hdf5	right	left
1120.1714	1	Stimulus/S  1	1	11201714	11201722	28	0	20	pips_l40_r400_500-8000.hdf5	right	left
1121.238	1	Stimulus/S  1	1	11212380	11212388	28	1	40	pips_l40_r400_500-8000.hdf5	right	left
1122.3047	1	Stimulus/S  1	1	11223047	11223055	28	2	60	pips_l40_r400_500-8000.hdf5	right	left
1123.3714	1	Stimulus/S  1	1	11233714	11233722	28	3	70	pips_l40_r400_500-8000.hdf5	right	left
1124.4381	1	Stimulus/S  1	1	11244381	11244389	28	4	50	pips_l40_r400_500-8000.hdf5	right	left
1125.4834	1	Stimulus/S  1	1	11254834	11254842	28	5	30	pips_l40_r400_500-8000.hdf5	right	left
1126.5501	1	Stimulus/S  1	1	11265501	11265509	29	0	20	pips_l40_r400_500-8000.hdf5	right	left
1127.6061	1	Stimulus/S  1	1	11276061	11276069	29	1	40	pips_l40_r400_500-8000.hdf5	right	left
1128.6728	1	Stimulus/S  1	1	11286728	11286736	29	2	60	pips_l40_r400_500-8000.hdf5	right	left
1129.7181	1	Stimulus/S  1	1	11297181	11297189	29	3	70	pips_l40_r400_500-8000.hdf5	right	left
1130.7741	1	Stimulus/S  1	1	11307741	11307749	29	4	50	pips_l40_r400_500-8000.hdf5	right	left
1131.8195	1	Stimulus/S  1	1	11318195	11318203	29	5	30	pips_l40_r400_500-8000.hdf5	right	left
1132.8648	1	Stimulus/S  1	1	11328648	11328656	30	0	20	pips_l40_r400_500-8000.hdf5	right	left
1133.9208	1	Stimulus/S  1	1	11339208	11339216	30	1	40	pips_l40_r400_500-8000.hdf5	right	left
1134.9875	1	Stimulus/S  1	1	11349875	11349883	30	2	60	pips_l40_r400_500-8000.hdf5	right	left
1136.0328	1	Stimulus/S  1	1	11360328	11360336	30	3	70	pips_l40_r400_500-8000.hdf5	right	left
1137.0995	1	Stimulus/S  1	1	11370995	11371003	30	4	50	pips_l40_r400_500-8000.hdf5	right	left
1138.1555	1	Stimulus/S  1	1	11381555	11381563	30	5	30	pips_l40_r400_500-8000.hdf5	right	left
1139.2222	1	Stimulus/S  1	1	11392222	11392230	31	0	20	pips_l40_r400_500-8000.hdf5	right	left
1140.2676	1	Stimulus/S  1	1	11402676	11402684	31	1	40	pips_l40_r400_500-8000.hdf5	right	left
1141.3236	1	Stimulus/S  1	1	11413236	11413244	31	2	60	pips_l40_r400_500-8000.hdf5	right	left
1142.3689	1	Stimulus/S  1	1	11423689	11423697	31	3	70	pips_l40_r400_500-8000.hdf5	right	left
1143.4356	1	Stimulus/S  1	1	11434356	11434364	31	4	50	pips_l40_r400_500-8000.hdf5	right	left
1144.4809	1	Stimulus/S  1	1	11444809	11444817	31	5	30	pips_l40_r400_500-8000.hdf5	right	left
1145.5476	1	Stimulus/S  1	1	11455476	11455484	32	0	20	pips_l40_r400_500-8000.hdf5	right	left
1146.6036	1	Stimulus/S  1	1	11466036	11466044	32	1	40	pips_l40_r400_500-8000.hdf5	right	left
1147.6703	1	Stimulus/S  1	1	11476703	11476711	32	2	60	pips_l40_r400_500-8000.hdf5	right	left
1148.737	1	Stimulus/S  1	1	11487370	11487378	32	3	70	pips_l40_r400_500-8000.hdf5	right	left
1149.8036	1	Stimulus/S  1	1	11498036	11498044	32	4	50	pips_l40_r400_500-8000.hdf5	right	left
1150.8703	1	Stimulus/S  1	1	11508703	11508711	32	5	30	pips_l40_r400_500-8000.hdf5	right	left
1151.937	1	Stimulus/S  1	1	11519370	11519378	33	0	20	pips_l40_r400_500-8000.hdf5	right	left
1153.0037	1	Stimulus/S  1	1	11530037	11530045	33	1	40	pips_l40_r400_500-8000.hdf5	right	left
1154.049	1	Stimulus/S  1	1	11540490	11540498	33	2	60	pips_l40_r400_500-8000.hdf5	right	left
1155.105	1	Stimulus/S  1	1	11551050	11551058	33	3	70	pips_l40_r400_500-8000.hdf5	right	left
1156.1504	1	Stimulus/S  1	1	11561504	11561512	33	4	50	pips_l40_r400_500-8000.hdf5	right	left
1157.2064	1	Stimulus/S  1	1	11572064	11572072	33	5	30	pips_l40_r400_500-8000.hdf5	right	left
1158.2517	1	Stimulus/S  1	1	11582517	11582525	34	0	20	pips_l40_r400_500-8000.hdf5	right	left
1159.3077	1	Stimulus/S  1	1	11593077	11593085	34	1	40	pips_l40_r400_500-8000.hdf5	right	left
1160.3744	1	Stimulus/S  1	1	11603744	11603752	34	2	60	pips_l40_r400_500-8000.hdf5	right	left
1161.4198	1	Stimulus/S  1	1	11614198	11614206	34	3	70	pips_l40_r400_500-8000.hdf5	right	left
1162.4864	1	Stimulus/S  1	1	11624864	11624872	34	4	50	pips_l40_r400_500-8000.hdf5	right	left
1163.5531	1	Stimulus/S  1	1	11635531	11635539	34	5	30	pips_l40_r400_500-8000.hdf5	right	left
1164.6198	1	Stimulus/S  1	1	11646198	11646206	35	0	20	pips_l40_r400_500-8000.hdf5	right	left
1165.6865	1	Stimulus/S  1	1	11656865	11656873	35	1	40	pips_l40_r400_500-8000.hdf5	right	left
1166.7531	1	Stimulus/S  1	1	11667531	11667539	35	2	60	pips_l40_r400_500-8000.hdf5	right	left
1167.8198	1	Stimulus/S  1	1	11678198	11678206	35	3	70	pips_l40_r400_500-8000.hdf5	right	left
1168.8652	1	Stimulus/S  1	1	11688652	11688660	35	4	50	pips_l40_r400_500-8000.hdf5	right	left
1169.9318	1	Stimulus/S  1	1	11699318	11699326	35	5	30	pips_l40_r400_500-8000.hdf5	right	left
1170.9879	1	Stimulus/S  1	1	11709879	11709887	36	0	20	pips_l40_r400_500-8000.hdf5	right	left
1172.0545	1	Stimulus/S  1	1	11720545	11720553	36	1	40	pips_l40_r400_500-8000.hdf5	right	left
1173.0999	1	Stimulus/S  1	1	11730999	11731007	36	2	60	pips_l40_r400_500-8000.hdf5	right	left
1174.1559	1	Stimulus/S  1	1	11741559	11741567	36	3	70	pips_l40_r400_500-8000.hdf5	right	left
1175.2012	1	Stimulus/S  1	1	11752012	11752020	36	4	50	pips_l40_r400_500-8000.hdf5	right	left
1176.2572	1	Stimulus/S  1	1	11762572	11762580	36	5	30	pips_l40_r400_500-8000.hdf5	right	left
1177.3239	1	Stimulus/S  1	1	11773239	11773247	37	0	20	pips_l40_r400_500-8000.hdf5	right	left
1178.3906	1	Stimulus/S  1	1	11783906	11783914	37	1	40	pips_l40_r400_500-8000.hdf5	right	left
1179.4359	1	Stimulus/S  1	1	11794359	11794367	37	2	60	pips_l40_r400_500-8000.hdf5	right	left
1180.4919	1	Stimulus/S  1	1	11804919	11804927	37	3	70	pips_l40_r400_500-8000.hdf5	right	left
1181.5373	1	Stimulus/S  1	1	11815373	11815381	37	4	50	pips_l40_r400_500-8000.hdf5	right	left
1182.5826	1	Stimulus/S  1	1	11825826	11825834	37	5	30	pips_l40_r400_500-8000.hdf5	right	left
1183.6386	1	Stimulus/S  1	1	11836386	11836394	38	0	20	pips_l40_r400_500-8000.hdf5	right	left
1184.684	1	Stimulus/S  1	1	11846840	11846848	38	1	40	pips_l40_r400_500-8000.hdf5	right	left
1185.74	1	Stimulus/S  1	1	11857400	11857408	38	2	60	pips_l40_r400_500-8000.hdf5	right	left
1186.7853	1	Stimulus/S  1	1	11867853	11867861	38	3	70	pips_l40_r400_500-8000.hdf5	right	left
1187.852	1	Stimulus/S  1	1	11878520	11878528	38	4	50	pips_l40_r400_500-8000.hdf5	right	left
1188.9187	1	Stimulus/S  1	1	11889187	11889195	38	5	30	pips_l40_r400_500-8000.hdf5	right	left
1189.9854	1	Stimulus/S  1	1	11899854	11899862	39	0	20	pips_l40_r400_500-8000.hdf5	right	left
1191.0521	1	Stimulus/S  1	1	11910521	11910529	39	1	40	pips_l40_r400_500-8000.hdf5	right	left
1192.1187	1	Stimulus/S  1	1	11921187	11921195	39	2	60	pips_l40_r400_500-8000.hdf5	right	left
1193.1854	1	Stimulus/S  1	1	11931854	11931862	39	3	70	pips_l40_r400_500-8000.hdf5	right	left
1194.2414	1	Stimulus/S  1	1	11942414	11942422	39	4	50	pips_l40_r400_500-8000.hdf5	right	left
1195.3081	1	Stimulus/S  1	1	11953081	11953089	39	5	30	pips_l40_r400_500-8000.hdf5	right	left
1196.3534	1	Stimulus/S  1	1	11963534	11963542	40	0	20	pips_l40_r400_500-8000.hdf5	right	left
1197.3988	1	Stimulus/S  1	1	11973988	11973996	40	1	40	pips_l40_r400_500-8000.hdf5	right	left
1198.4548	1	Stimulus/S  1	1	11984548	11984556	40	2	60	pips_l40_r400_500-8000.hdf5	right	left
1199.5001	1	Stimulus/S  1	1	11995001	11995009	40	3	70	pips_l40_r400_500-8000.hdf5	right	left
1200.5561	1	Stimulus/S  1	1	12005561	12005569	40	4	50	pips_l40_r400_500-8000.hdf5	right	left
1201.6015	1	Stimulus/S  1	1	12016015	12016023	40	5	30	pips_l40_r400_500-8000.hdf5	right	left
1202.6575	1	Stimulus/S  1	1	12026575	12026583	41	0	20	pips_l40_r400_500-8000.hdf5	right	left
1203.7028	1	Stimulus/S  1	1	12037028	12037036	41	1	40	pips_l40_r400_500-8000.hdf5	right	left
1204.7695	1	Stimulus/S  1	1	12047695	12047703	41	2	60	pips_l40_r400_500-8000.hdf5	right	left
1205.8362	1	Stimulus/S  1	1	12058362	12058370	41	3	70	pips_l40_r400_500-8000.hdf5	right	left
1206.9029	1	Stimulus/S  1	1	12069029	12069037	41	4	50	pips_l40_r400_500-8000.hdf5	right	left
1207.9696	1	Stimulus/S  1	1	12079696	12079704	41	5	30	pips_l40_r400_500-8000.hdf5	right	left
1209.0362	1	Stimulus/S  1	1	12090362	12090370	42	0	20	pips_l40_r400_500-8000.hdf5	right	left
1210.1029	1	Stimulus/S  1	1	12101029	12101037	42	1	40	pips_l40_r400_500-8000.hdf5	right	left
1211.1589	1	Stimulus/S  1	1	12111589	12111597	42	2	60	pips_l40_r400_500-8000.hdf5	right	left
1212.2256	1	Stimulus/S  1	1	12122256	12122264	42	3	70	pips_l40_r400_500-8000.hdf5	right	left
1213.2709	1	Stimulus/S  1	1	12132709	12132717	42	4	50	pips_l40_r400_500-8000.hdf5	right	left
1214.3376	1	Stimulus/S  1	1	12143376	12143384	42	5	30	pips_l40_r400_500-8000.hdf5	right	left
1215.383	1	Stimulus/S  1	1	12153830	12153838	43	0	20	pips_l40_r400_500-8000.hdf5	right	left
1216.439	1	Stimulus/S  1	1	12164390	12164398	43	1	40	pips_l40_r400_500-8000.hdf5	right	left
1217.4843	1	Stimulus/S  1	1	12174843	12174851	43	2	60	pips_l40_r400_500-8000.hdf5	right	left
1218.5403	1	Stimulus/S  1	1	12185403	12185411	43	3	70	pips_l40_r400_500-8000.hdf5	right	left
1219.5857	1	Stimulus/S  1	1	12195857	12195865	43	4	50	pips_l40_r400_500-8000.hdf5	right	left
1220.6523	1	Stimulus/S  1	1	12206523	12206531	43	5	30	pips_l40_r400_500-8000.hdf5	right	left
1221.7084	1	Stimulus/S  1	1	12217084	12217092	44	0	20	pips_l40_r400_500-8000.hdf5	right	left
1222.775	1	Stimulus/S  1	1	12227750	12227758	44	1	40	pips_l40_r400_500-8000.hdf5	right	left
1223.8204	1	Stimulus/S  1	1	12238204	12238212	44	2	60	pips_l40_r400_500-8000.hdf5	right	left
1224.8871	1	Stimulus/S  1	1	12248871	12248879	44	3	70	pips_l40_r400_500-8000.hdf5	right	left
1225.9537	1	Stimulus/S  1	1	12259537	12259545	44	4	50	pips_l40_r400_500-8000.hdf5	right	left
1227.0204	1	Stimulus/S  1	1	12270204	12270212	44	5	30	pips_l40_r400_500-8000.hdf5	right	left
1228.0871	1	Stimulus/S  1	1	12280871	12280879	45	0	20	pips_l40_r400_500-8000.hdf5	right	left
1229.1538	1	Stimulus/S  1	1	12291538	12291546	45	1	40	pips_l40_r400_500-8000.hdf5	right	left
1230.2204	1	Stimulus/S  1	1	12302204	12302212	45	2	60	pips_l40_r400_500-8000.hdf5	right	left
1231.2871	1	Stimulus/S  1	1	12312871	12312879	45	3	70	pips_l40_r400_500-8000.hdf5	right	left
1232.3538	1	Stimulus/S  1	1	12323538	12323546	45	4	50	pips_l40_r400_500-8000.hdf5	right	left
1233.4205	1	Stimulus/S  1	1	12334205	12334213	45	5	30	pips_l40_r400_500-8000.hdf5	right	left
1234.4658	1	Stimulus/S  1	1	12344658	12344666	46	0	20	pips_l40_r400_500-8000.hdf5	right	left
1235.5218	1	Stimulus/S  1	1	12355218	12355226	46	1	40	pips_l40_r400_500-8000.hdf5	right	left
1236.5672	1	Stimulus/S  1	1	12365672	12365680	46	2	60	pips_l40_r400_500-8000.hdf5	right	left
1237.6232	1	Stimulus/S  1	1	12376232	12376240	46	3	70	pips_l40_r400_500-8000.hdf5	right	left
1238.6685	1	Stimulus/S  1	1	12386685	12386693	46	4	50	pips_l40_r400_500-8000.hdf5	right	left
1239.7245	1	Stimulus/S  1	1	12397245	12397253	46	5	30	pips_l40_r400_500-8000.hdf5	right	left
1240.7699	1	Stimulus/S  1	1	12407699	12407707	47	0	20	pips_l40_r400_500-8000.hdf5	right	left
1241.8259	1	Stimulus/S  1	1	12418259	12418267	47	1	40	pips_l40_r400_500-8000.hdf5	right	left
1242.8926	1	Stimulus/S  1	1	12428926	12428934	47	2	60	pips_l40_r400_500-8000.hdf5	right	left
1243.9379	1	Stimulus/S  1	1	12439379	12439387	47	3	70	pips_l40_r400_500-8000.hdf5	right	left
1245.0046	1	Stimulus/S  1	1	12450046	12450054	47	4	50	pips_l40_r400_500-8000.hdf5	right	left
1246.0713	1	Stimulus/S  1	1	12460713	12460721	47	5	30	pips_l40_r400_500-8000.hdf5	right	left
1247.1379	1	Stimulus/S  1	1	12471379	12471387	48	0	20	pips_l40_r400_500-8000.hdf5	right	left
1248.2046	1	Stimulus/S  1	1	12482046	12482054	48	1	40	pips_l40_r400_500-8000.hdf5	right	left
1249.2713	1	Stimulus/S  1	1	12492713	12492721	48	2	60	pips_l40_r400_500-8000.hdf5	right	left
1250.338	1	Stimulus/S  1	1	12503380	12503388	48	3	70	pips_l40_r400_500-8000.hdf5	right	left
1251.3833	1	Stimulus/S  1	1	12513833	12513841	48	4	50	pips_l40_r400_500-8000.hdf5	right	left
1252.45	1	Stimulus/S  1	1	12524500	12524508	48	5	30	pips_l40_r400_500-8000.hdf5	right	left
1253.506	1	Stimulus/S  1	1	12535060	12535068	49	0	20	pips_l40_r400_500-8000.hdf5	right	left
1254.5727	1	Stimulus/S  1	1	12545727	12545735	49	1	40	pips_l40_r400_500-8000.hdf5	right	left
1255.618	1	Stimulus/S  1	1	12556180	12556188	49	2	60	pips_l40_r400_500-8000.hdf5	right	left
1256.674	1	Stimulus/S  1	1	12566740	12566748	49	3	70	pips_l40_r400_500-8000.hdf5	right	left
1257.7194	1	Stimulus/S  1	1	12577194	12577202	49	4	50	pips_l40_r400_500-8000.hdf5	right	left
1258.7754	1	Stimulus/S  1	1	12587754	12587762	49	5	30	pips_l40_r400_500-8000.hdf5	right	left
1259.8207	1	Stimulus/S  1	1	12598207	12598215	50	0	20	pips_l40_r400_500-8000.hdf5	right	left
1260.8661	1	Stimulus/S  1	1	12608661	12608669	50	1	40	pips_l40_r400_500-8000.hdf5	right	left
1261.9221	1	Stimulus/S  1	1	12619221	12619229	50	2	60	pips_l40_r400_500-8000.hdf5	right	left
1262.9888	1	Stimulus/S  1	1	12629888	12629896	50	3	70	pips_l40_r400_500-8000.hdf5	right	left
1264.0341	1	Stimulus/S  1	1	12640341	12640349	50	4	50	pips_l40_r400_500-8000.hdf5	right	left
1265.1008	1	Stimulus/S  1	1	12651008	12651016	50	5	30	pips_l40_r400_500-8000.hdf5	right	left
1266.1568	1	Stimulus/S  1	1	12661568	12661576	51	0	20	pips_l40_r400_500-8000.hdf5	right	left
1267.2235	1	Stimulus/S  1	1	12672235	12672243	51	1	40	pips_l40_r400_500-8000.hdf5	right	left
1268.2901	1	Stimulus/S  1	1	12682901	12682909	51	2	60	pips_l40_r400_500-8000.hdf5	right	left
1269.3568	1	Stimulus/S  1	1	12693568	12693576	51	3	70	pips_l40_r400_500-8000.hdf5	right	left
1270.4022	1	Stimulus/S  1	1	12704022	12704030	51	4	50	pips_l40_r400_500-8000.hdf5	right	left
1271.4688	1	Stimulus/S  1	1	12714688	12714696	51	5	30	pips_l40_r400_500-8000.hdf5	right	left
1272.5249	1	Stimulus/S  1	1	12725249	12725257	52	0	20	pips_l40_r400_500-8000.hdf5	right	left
1273.5915	1	Stimulus/S  1	1	12735915	12735923	52	1	40	pips_l40_r400_500-8000.hdf5	right	left
1274.6369	1	Stimulus/S  1	1	12746369	12746377	52	2	60	pips_l40_r400_500-8000.hdf5	right	left
1275.6929	1	Stimulus/S  1	1	12756929	12756937	52	3	70	pips_l40_r400_500-8000.hdf5	right	left
1276.7382	1	Stimulus/S  1	1	12767382	12767390	52	4	50	pips_l40_r400_500-8000.hdf5	right	left
1277.7836	1	Stimulus/S  1	1	12777836	12777844	52	5	30	pips_l40_r400_500-8000.hdf5	right	left
1278.8396	1	Stimulus/S  1	1	12788396	12788404	53	0	20	pips_l40_r400_500-8000.hdf5	right	left
1279.9063	1	Stimulus/S  1	1	12799063	12799071	53	1	40	pips_l40_r400_500-8000.hdf5	right	left
1280.9516	1	Stimulus/S  1	1	12809516	12809524	53	2	60	pips_l40_r400_500-8000.hdf5	right	left
1282.0183	1	Stimulus/S  1	1	12820183	12820191	53	3	70	pips_l40_r400_500-8000.hdf5	right	left
1283.0743	1	Stimulus/S  1	1	12830743	12830751	53	4	50	pips_l40_r400_500-8000.hdf5	right	left
1284.141	1	Stimulus/S  1	1	12841410	12841418	53	5	30	pips_l40_r400_500-8000.hdf5	right	left
1285.2076	1	Stimulus/S  1	1	12852076	12852084	54	0	20	pips_l40_r400_500-8000.hdf5	right	left
1286.2743	1	Stimulus/S  1	1	12862743	12862751	54	1	40	pips_l40_r400_500-8000.hdf5	right	left
1287.3197	1	Stimulus/S  1	1	12873197	12873205	54	2	60	pips_l40_r400_500-8000.hdf5	right	left
1288.3863	1	Stimulus/S  1	1	12883863	12883871	54	3	70	pips_l40_r400_500-8000.hdf5	right	left
1289.4424	1	Stimulus/S  1	1	12894424	12894432	54	4	50	pips_l40_r400_500-8000.hdf5	right	left
1290.509	1	Stimulus/S  1	1	12905090	12905098	54	5	30	pips_l40_r400_500-8000.hdf5	right	left
1291.5544	1	Stimulus/S  1	1	12915544	12915552	55	0	20	pips_l40_r400_500-8000.hdf5	right	left
1292.6104	1	Stimulus/S  1	1	12926104	12926112	55	1	40	pips_l40_r400_500-8000.hdf5	right	left
1293.6557	1	Stimulus/S  1	1	12936557	12936565	55	2	60	pips_l40_r400_500-8000.hdf5	right	left
1294.7224	1	Stimulus/S  1	1	12947224	12947232	55	3	70	pips_l40_r400_500-8000.hdf5	right	left
1295.7678	1	Stimulus/S  1	1	12957678	12957686	55	4	50	pips_l40_r400_500-8000.hdf5	right	left
1296.8344	1	Stimulus/S  1	1	12968344	12968352	55	5	30	pips_l40_r400_500-8000.hdf5	right	left
1297.8904	1	Stimulus/S  1	1	12978904	12978912	56	0	20	pips_l40_r400_500-8000.hdf5	right	left
1298.9358	1	Stimulus/S  1	1	12989358	12989366	56	1	40	pips_l40_r400_500-8000.hdf5	right	left
1299.9918	1	Stimulus/S  1	1	12999918	12999926	56	2	60	pips_l40_r400_500-8000.hdf5	right	left
1301.0371	1	Stimulus/S  1	1	13010371	13010379	56	3	70	pips_l40_r400_500-8000.hdf5	right	left
1302.0931	1	Stimulus/S  1	1	13020931	13020939	56	4	50	pips_l40_r400_500-8000.hdf5	right	left
1303.1385	1	Stimulus/S  1	1	13031385	13031393	56	5	30	pips_l40_r400_500-8000.hdf5	right	left
1304.1838	1	Stimulus/S  1	1	13041838	13041846	57	0	20	pips_l40_r400_500-8000.hdf5	right	left
1305.2398	1	Stimulus/S  1	1	13052398	13052406	57	1	40	pips_l40_r400_500-8000.hdf5	right	left
1306.2852	1	Stimulus/S  1	1	13062852	13062860	57	2	60	pips_l40_r400_500-8000.hdf5	right	left
1307.3412	1	Stimulus/S  1	1	13073412	13073420	57	3	70	pips_l40_r400_500-8000.hdf5	right	left
1308.3865	1	Stimulus/S  1	1	13083865	13083873	57	4	50	pips_l40_r400_500-8000.hdf5	right	left
1309.4426	1	Stimulus/S  1	1	13094426	13094434	57	5	30	pips_l40_r400_500-8000.hdf5	right	left
1310.4879	1	Stimulus/S  1	1	13104879	13104887	58	0	20	pips_l40_r400_500-8000.hdf5	right	left
1311.5439	1	Stimulus/S  1	1	13115439	13115447	58	1	40	pips_l40_r400_500-8000.hdf5	right	left
1312.5893	1	Stimulus/S  1	1	13125893	13125901	58	2	60	pips_l40_r400_500-8000.hdf5	right	left
1313.6346	1	Stimulus/S  1	1	13136346	13136354	58	3	70	pips_l40_r400_500-8000.hdf5	right	left
1314.6906	1	Stimulus/S  1	1	13146906	13146914	58	4	50	pips_l40_r400_500-8000.hdf5	right	left
1315.7359	1	Stimulus/S  1	1	13157359	13157367	58	5	30	pips_l40_r400_500-8000.hdf5	right	left
1316.792	1	Stimulus/S  1	1	13167920	13167928	59	0	20	pips_l40_r400_500-8000.hdf5	right	left
1317.8373	1	Stimulus/S  1	1	13178373	13178381	59	1	40	pips_l40_r400_500-8000.hdf5	right	left
1318.8933	1	Stimulus/S  1	1	13188933	13188941	59	2	60	pips_l40_r400_500-8000.hdf5	right	left
1319.9387	1	Stimulus/S  1	1	13199387	13199395	59	3	70	pips_l40_r400_500-8000.hdf5	right	left
1320.984	1	Stimulus/S  1	1	13209840	13209848	59	4	50	pips_l40_r400_500-8000.hdf5	right	left
1322.04	1	Stimulus/S  1	1	13220400	13220408	59	5	30	pips_l40_r400_500-8000.hdf5	right	left
1323.0854	1	Stimulus/S  1	1	13230854	13230862	60	0	20	pips_l40_r400_500-8000.hdf5	right	left
1324.1414	1	Stimulus/S  1	1	13241414	13241422	60	1	40	pips_l40_r400_500-8000.hdf5	right	left
1325.1867	1	Stimulus/S  1	1	13251867	13251875	60	2	60	pips_l40_r400_500-8000.hdf5	right	left
1326.2534	1	Stimulus/S  1	1	13262534	13262542	60	3	70	pips_l40_r400_500-8000.hdf5	right	left
1327.3201	1	Stimulus/S  1	1	13273201	13273209	60	4	50	pips_l40_r400_500-8000.hdf5	right	left
1328.3867	1	Stimulus/S  1	1	13283867	13283875	60	5	30	pips_l40_r400_500-8000.hdf5	right	left
1329.4534	1	Stimulus/S  1	1	13294534	13294542	61	0	20	pips_l40_r400_500-8000.hdf5	right	left
1330.5201	1	Stimulus/S  1	1	13305201	13305209	61	1	40	pips_l40_r400_500-8000.hdf5	right	left
1331.5868	1	Stimulus/S  1	1	13315868	13315876	61	2	60	pips_l40_r400_500-8000.hdf5	right	left
1332.6428	1	Stimulus/S  1	1	13326428	13326436	61	3	70	pips_l40_r400_500-8000.hdf5	right	left
1333.7095	1	Stimulus/S  1	1	13337095	13337103	61	4	50	pips_l40_r400_500-8000.hdf5	right	left
1334.7761	1	Stimulus/S  1	1	13347761	13347769	61	5	30	pips_l40_r400_500-8000.hdf5	right	left
1335.8215	1	Stimulus/S  1	1	13358215	13358223	62	0	20	pips_l40_r400_500-8000.hdf5	right	left
1336.8775	1	Stimulus/S  1	1	13368775	13368783	62	1	40	pips_l40_r400_500-8000.hdf5	right	left
1337.9228	1	Stimulus/S  1	1	13379228	13379236	62	2	60	pips_l40_r400_500-8000.hdf5	right	left
1338.9682	1	Stimulus/S  1	1	13389682	13389690	62	3	70	pips_l40_r400_500-8000.hdf5	right	left
1340.0242	1	Stimulus/S  1	1	13400242	13400250	62	4	50	pips_l40_r400_500-8000.hdf5	right	left
1341.0695	1	Stimulus/S  1	1	13410695	13410703	62	5	30	pips_l40_r400_500-8000.hdf5	right	left
1342.1362	1	Stimulus/S  1	1	13421362	13421370	63	0	20	pips_l40_r400_500-8000.hdf5	right	left
1343.1922	1	Stimulus/S  1	1	13431922	13431930	63	1	40	pips_l40_r400_500-8000.hdf5	right	left
1344.2376	1	Stimulus/S  1	1	13442376	13442384	63	2	60	pips_l40_r400_500-8000.hdf5	right	left
1345.2936	1	Stimulus/S  1	1	13452936	13452944	63	3	70	pips_l40_r400_500-8000.hdf5	right	left
1346.3603	1	Stimulus/S  1	1	13463603	13463611	63	4	50	pips_l40_r400_500-8000.hdf5	right	left
1347.4056	1	Stimulus/S  1	1	13474056	13474064	63	5	30	pips_l40_r400_500-8000.hdf5	right	left
1348.4723	1	Stimulus/S  1	1	13484723	13484731	64	0	20	pips_l40_r400_500-8000.hdf5	right	left
1349.5389	1	Stimulus/S  1	1	13495389	13495397	64	1	40	pips_l40_r400_500-8000.hdf5	right	left
1350.6056	1	Stimulus/S  1	1	13506056	13506064	64	2	60	pips_l40_r400_500-8000.hdf5	right	left
1351.6723	1	Stimulus/S  1	1	13516723	13516731	64	3	70	pips_l40_r400_500-8000.hdf5	right	left
1352.739	1	Stimulus/S  1	1	13527390	13527398	64	4	50	pips_l40_r400_500-8000.hdf5	right	left
1353.8057	1	Stimulus/S  1	1	13538057	13538065	64	5	30	pips_l40_r400_500-8000.hdf5	right	left
1354.8723	1	Stimulus/S  1	1	13548723	13548731	65	0	20	pips_l40_r400_500-8000.hdf5	right	left
1355.939	1	Stimulus/S  1	1	13559390	13559398	65	1	40	pips_l40_r400_500-8000.hdf5	right	left
1357.0057	1	Stimulus/S  1	1	13570057	13570065	65	2	60	pips_l40_r400_500-8000.hdf5	right	left
1358.0724	1	Stimulus/S  1	1	13580724	13580732	65	3	70	pips_l40_r400_500-8000.hdf5	right	left
1359.139	1	Stimulus/S  1	1	13591390	13591398	65	4	50	pips_l40_r400_500-8000.hdf5	right	left
1360.2057	1	Stimulus/S  1	1	13602057	13602065	65	5	30	pips_l40_r400_500-8000.hdf5	right	left
1361.2724	1	Stimulus/S  1	1	13612724	13612732	66	0	20	pips_l40_r400_500-8000.hdf5	right	left
1362.3391	1	Stimulus/S  1	1	13623391	13623399	66	1	40	pips_l40_r400_500-8000.hdf5	right	left
1363.4058	1	Stimulus/S  1	1	13634058	13634066	66	2	60	pips_l40_r400_500-8000.hdf5	right	left
1364.4724	1	Stimulus/S  1	1	13644724	13644732	66	3	70	pips_l40_r400_500-8000.hdf5	right	left
1365.5391	1	Stimulus/S  1	1	13655391	13655399	66	4	50	pips_l40_r400_500-8000.hdf5	right	left
1366.6058	1	Stimulus/S  1	1	13666058	13666066	66	5	30	pips_l40_r400_500-8000.hdf5	right	left
1367.6725	1	Stimulus/S  1	1	13676725	13676733	67	0	20	pips_l40_r400_500-8000.hdf5	right	left
1368.7391	1	Stimulus/S  1	1	13687391	13687399	67	1	40	pips_l40_r400_500-8000.hdf5	right	left
1369.8058	1	Stimulus/S  1	1	13698058	13698066	67	2	60	pips_l40_r400_500-8000.hdf5	right	left
1370.8512	1	Stimulus/S  1	1	13708512	13708520	67	3	70	pips_l40_r400_500-8000.hdf5	right	left
1371.9285	1	Stimulus/S  1	1	13719285	13719293	67	4	50	pips_l40_r400_500-8000.hdf5	right	left
1372.9738	1	Stimulus/S  1	1	13729738	13729746	67	5	30	pips_l40_r400_500-8000.hdf5	right	left
1374.0405	1	Stimulus/S  1	1	13740405	13740413	68	0	20	pips_l40_r400_500-8000.hdf5	right	left
1375.0859	1	Stimulus/S  1	1	13750859	13750867	68	1	40	pips_l40_r400_500-8000.hdf5	right	left
1376.1419	1	Stimulus/S  1	1	13761419	13761427	68	2	60	pips_l40_r400_500-8000.hdf5	right	left
1377.1872	1	Stimulus/S  1	1	13771872	13771880	68	3	70	pips_l40_r400_500-8000.hdf5	right	left
1378.2432	1	Stimulus/S  1	1	13782432	13782440	68	4	50	pips_l40_r400_500-8000.hdf5	right	left
1379.2886	1	Stimulus/S  1	1	13792886	13792894	68	5	30	pips_l40_r400_500-8000.hdf5	right	left
1380.3446	1	Stimulus/S  1	1	13803446	13803454	69	0	20	pips_l40_r400_500-8000.hdf5	right	left
1381.3899	1	Stimulus/S  1	1	13813899	13813907	69	1	40	pips_l40_r400_500-8000.hdf5	right	left
1382.4353	1	Stimulus/S  1	1	13824353	13824361	69	2	60	pips_l40_r400_500-8000.hdf5	right	left
1383.4913	1	Stimulus/S  1	1	13834913	13834921	69	3	70	pips_l40_r400_500-8000.hdf5	right	left
1384.5366	1	Stimulus/S  1	1	13845366	13845374	69	4	50	pips_l40_r400_500-8000.hdf5	right	left
1385.5926	1	Stimulus/S  1	1	13855926	13855934	69	5	30	pips_l40_r400_500-8000.hdf5	right	left
1386.638	1	Stimulus/S  1	1	13866380	13866388	70	0	20	pips_l40_r400_500-8000.hdf5	right	left
1387.694	1	Stimulus/S  1	1	13876940	13876948	70	1	40	pips_l40_r400_500-8000.hdf5	right	left
1388.7393	1	Stimulus/S  1	1	13887393	13887401	70	2	60	pips_l40_r400_500-8000.hdf5	right	left
1389.7953	1	Stimulus/S  1	1	13897953	13897961	70	3	70	pips_l40_r400_500-8000.hdf5	right	left
1390.862	1	Stimulus/S  1	1	13908620	13908628	70	4	50	pips_l40_r400_500-8000.hdf5	right	left
1391.9074	1	Stimulus/S  1	1	13919074	13919082	70	5	30	pips_l40_r400_500-8000.hdf5	right	left
1392.974	1	Stimulus/S  1	1	13929740	13929748	71	0	20	pips_l40_r400_500-8000.hdf5	right	left
1394.0194	1	Stimulus/S  1	1	13940194	13940202	71	1	40	pips_l40_r400_500-8000.hdf5	right	left
1395.0861	1	Stimulus/S  1	1	13950861	13950869	71	2	60	pips_l40_r400_500-8000.hdf5	right	left
1396.1527	1	Stimulus/S  1	1	13961527	13961535	71	3	70	pips_l40_r400_500-8000.hdf5	right	left
1397.2194	1	Stimulus/S  1	1	13972194	13972202	71	4	50	pips_l40_r400_500-8000.hdf5	right	left
1398.2861	1	Stimulus/S  1	1	13982861	13982869	71	5	30	pips_l40_r400_500-8000.hdf5	right	left
1399.3528	1	Stimulus/S  1	1	13993528	13993536	72	0	20	pips_l40_r400_500-8000.hdf5	right	left
1400.4195	1	Stimulus/S  1	1	14004195	14004203	72	1	40	pips_l40_r400_500-8000.hdf5	right	left
1401.4755	1	Stimulus/S  1	1	14014755	14014763	72	2	60	pips_l40_r400_500-8000.hdf5	right	left
1402.5421	1	Stimulus/S  1	1	14025421	14025429	72	3	70	pips_l40_r400_500-8000.hdf5	right	left
1403.5875	1	Stimulus/S  1	1	14035875	14035883	72	4	50	pips_l40_r400_500-8000.hdf5	right	left
1404.6542	1	Stimulus/S  1	1	14046542	14046550	72	5	30	pips_l40_r400_500-8000.hdf5	right	left
1405.7102	1	Stimulus/S  1	1	14057102	14057110	73	0	20	pips_l40_r400_500-8000.hdf5	right	left
1406.7555	1	Stimulus/S  1	1	14067555	14067563	73	1	40	pips_l40_r400_500-8000.hdf5	right	left
1407.8115	1	Stimulus/S  1	1	14078115	14078123	73	2	60	pips_l40_r400_500-8000.hdf5	right	left
1408.8569	1	Stimulus/S  1	1	14088569	14088577	73	3	70	pips_l40_r400_500-8000.hdf5	right	left
1409.9022	1	Stimulus/S  1	1	14099022	14099030	73	4	50	pips_l40_r400_500-8000.hdf5	right	left
1410.9582	1	Stimulus/S  1	1	14109582	14109590	73	5	30	pips_l40_r400_500-8000.hdf5	right	left
1412.0036	1	Stimulus/S  1	1	14120036	14120044	74	0	20	pips_l40_r400_500-8000.hdf5	right	left
1413.0702	1	Stimulus/S  1	1	14130702	14130710	74	1	40	pips_l40_r400_500-8000.hdf5	right	left
1414.1263	1	Stimulus/S  1	1	14141263	14141271	74	2	60	pips_l40_r400_500-8000.hdf5	right	left
1415.1929	1	Stimulus/S  1	1	14151929	14151937	74	3	70	pips_l40_r400_500-8000.hdf5	right	left
1416.2383	1	Stimulus/S  1	1	14162383	14162391	74	4	50	pips_l40_r400_500-8000.hdf5	right	left
1417.305	1	Stimulus/S  1	1	14173050	14173058	74	5	30	pips_l40_r400_500-8000.hdf5	right	left
1418.3716	1	Stimulus/S  1	1	14183716	14183724	75	0	20	pips_l40_r400_500-8000.hdf5	right	left
1419.4276	1	Stimulus/S  1	1	14194276	14194284	75	1	40	pips_l40_r400_500-8000.hdf5	right	left
1420.4943	1	Stimulus/S  1	1	14204943	14204951	75	2	60	pips_l40_r400_500-8000.hdf5	right	left
1421.5397	1	Stimulus/S  1	1	14215397	14215405	75	3	70	pips_l40_r400_500-8000.hdf5	right	left
1422.6063	1	Stimulus/S  1	1	14226063	14226071	75	4	50	pips_l40_r400_500-8000.hdf5	right	left
1423.673	1	Stimulus/S  1	1	14236730	14236738	75	5	30	pips_l40_r400_500-8000.hdf5	right	left
1424.7397	1	Stimulus/S  1	1	14247397	14247405	76	0	20	pips_l40_r400_500-8000.hdf5	right	left
1425.8064	1	Stimulus/S  1	1	14258064	14258072	76	1	40	pips_l40_r400_500-8000.hdf5	right	left
1426.873	1	Stimulus/S  1	1	14268730	14268738	76	2	60	pips_l40_r400_500-8000.hdf5	right	left
1427.9397	1	Stimulus/S  1	1	14279397	14279405	76	3	70	pips_l40_r400_500-8000.hdf5	right	left
1428.9957	1	Stimulus/S  1	1	14289957	14289965	76	4	50	pips_l40_r400_500-8000.hdf5	right	left
1430.0624	1	Stimulus/S  1	1	14300624	14300632	76	5	30	pips_l40_r400_500-8000.hdf5	right	left
1431.1078	1	Stimulus/S  1	1	14311078	14311086	77	0	20	pips_l40_r400_500-8000.hdf5	right	left
1432.1531	1	Stimulus/S  1	1	14321531	14321539	77	1	40	pips_l40_r400_500-8000.hdf5	right	left
1433.2091	1	Stimulus/S  1	1	14332091	14332099	77	2	60	pips_l40_r400_500-8000.hdf5	right	left
1434.2545	1	Stimulus/S  1	1	14342545	14342553	77	3	70	pips_l40_r400_500-8000.hdf5	right	left
1435.3105	1	Stimulus/S  1	1	14353105	14353113	77	4	50	pips_l40_r400_500-8000.hdf5	right	left
1436.3558	1	Stimulus/S  1	1	14363558	14363566	77	5	30	pips_l40_r400_500-8000.hdf5	right	left
1437.4118	1	Stimulus/S  1	1	14374118	14374126	78	0	20	pips_l40_r400_500-8000.hdf5	right	left
1438.4572	1	Stimulus/S  1	1	14384572	14384580	78	1	40	pips_l40_r400_500-8000.hdf5	right	left
1439.5025	1	Stimulus/S  1	1	14395025	14395033	78	2	60	pips_l40_r400_500-8000.hdf5	right	left
1440.5585	1	Stimulus/S  1	1	14405585	14405593	78	3	70	pips_l40_r400_500-8000.hdf5	right	left
1441.6039	1	Stimulus/S  1	1	14416039	14416047	78	4	50	pips_l40_r400_500-8000.hdf5	right	left
1442.6599	1	Stimulus/S  1	1	14426599	14426607	78	5	30	pips_l40_r400_500-8000.hdf5	right	left
1443.7265	1	Stimulus/S  1	1	14437265	14437273	79	0	20	pips_l40_r400_500-8000.hdf5	right	left
1444.7932	1	Stimulus/S  1	1	14447932	14447940	79	1	40	pips_l40_r400_500-8000.hdf5	right	left
1445.8386	1	Stimulus/S  1	1	14458386	14458394	79	2	60	pips_l40_r400_500-8000.hdf5	right	left
1446.9052	1	Stimulus/S  1	1	14469052	14469060	79	3	70	pips_l40_r400_500-8000.hdf5	right	left
1447.9613	1	Stimulus/S  1	1	14479613	14479621	79	4	50	pips_l40_r400_500-8000.hdf5	right	left
1449.0279	1	Stimulus/S  1	1	14490279	14490287	79	5	30	pips_l40_r400_500-8000.hdf5	right	left
1450.0946	1	Stimulus/S  1	1	14500946	14500954	80	0	20	pips_l40_r400_500-8000.hdf5	right	left
1451.1613	1	Stimulus/S  1	1	14511613	14511621	80	1	40	pips_l40_r400_500-8000.hdf5	right	left
1452.228	1	Stimulus/S  1	1	14522280	14522288	80	2	60	pips_l40_r400_500-8000.hdf5	right	left
1453.2946	1	Stimulus/S  1	1	14532946	14532954	80	3	70	pips_l40_r400_500-8000.hdf5	right	left
1454.3613	1	Stimulus/S  1	1	14543613	14543621	80	4	50	pips_l40_r400_500-8000.hdf5	right	left
1455.4067	1	Stimulus/S  1	1	14554067	14554075	80	5	30	pips_l40_r400_500-8000.hdf5	right	left
1456.4733	1	Stimulus/S  1	1	14564733	14564741	81	0	20	pips_l40_r400_500-8000.hdf5	right	left
1457.54	1	Stimulus/S  1	1	14575400	14575408	81	1	40	pips_l40_r400_500-8000.hdf5	right	left
1458.596	1	Stimulus/S  1	1	14585960	14585968	81	2	60	pips_l40_r400_500-8000.hdf5	right	left
1459.6627	1	Stimulus/S  1	1	14596627	14596635	81	3	70	pips_l40_r400_500-8000.hdf5	right	left
1460.708	1	Stimulus/S  1	1	14607080	14607088	81	4	50	pips_l40_r400_500-8000.hdf5	right	left
1461.7747	1	Stimulus/S  1	1	14617747	14617755	81	5	30	pips_l40_r400_500-8000.hdf5	right	left
1462.8201	1	Stimulus/S  1	1	14628201	14628209	82	0	20	pips_l40_r400_500-8000.hdf5	right	left
1463.8761	1	Stimulus/S  1	1	14638761	14638769	82	1	40	pips_l40_r400_500-8000.hdf5	right	left
1464.9214	1	Stimulus/S  1	1	14649214	14649222	82	2	60	pips_l40_r400_500-8000.hdf5	right	left
1465.9774	1	Stimulus/S  1	1	14659774	14659782	82	3	70	pips_l40_r400_500-8000.hdf5	right	left
1467.0228	1	Stimulus/S  1	1	14670228	14670236	82	4	50	pips_l40_r400_500-8000.hdf5	right	left
1468.0788	1	Stimulus/S  1	1	14680788	14680796	82	5	30	pips_l40_r400_500-8000.hdf5	right	left
1469.1241	1	Stimulus/S  1	1	14691241	14691249	83	0	20	pips_l40_r400_500-8000.hdf5	right	left
1470.1801	1	Stimulus/S  1	1	14701801	14701809	83	1	40	pips_l40_r400_500-8000.hdf5	right	left
1471.2255	1	Stimulus/S  1	1	14712255	14712263	83	2	60	pips_l40_r400_500-8000.hdf5	right	left
1472.2708	1	Stimulus/S  1	1	14722708	14722716	83	3	70	pips_l40_r400_500-8000.hdf5	right	left
1473.3268	1	Stimulus/S  1	1	14733268	14733276	83	4	50	pips_l40_r400_500-8000.hdf5	right	left
1474.3722	1	Stimulus/S  1	1	14743722	14743730	83	5	30	pips_l40_r400_500-8000.hdf5	right	left
1475.4389	1	Stimulus/S  1	1	14754389	14754397	84	0	20	pips_l40_r400_500-8000.hdf5	right	left
1476.5055	1	Stimulus/S  1	1	14765055	14765063	84	1	40	pips_l40_r400_500-8000.hdf5	right	left
1477.5722	1	Stimulus/S  1	1	14775722	14775730	84	2	60	pips_l40_r400_500-8000.hdf5	right	left
1478.6389	1	Stimulus/S  1	1	14786389	14786397	84	3	70	pips_l40_r400_500-8000.hdf5	right	left
1479.7056	1	Stimulus/S  1	1	14797056	14797064	84	4	50	pips_l40_r400_500-8000.hdf5	right	left
1480.7722	1	Stimulus/S  1	1	14807722	14807730	84	5	30	pips_l40_r400_500-8000.hdf5	right	left
1481.8283	1	Stimulus/S  1	1	14818283	14818291	85	0	20	pips_l40_r400_500-8000.hdf5	right	left
1482.8736	1	Stimulus/S  1	1	14828736	14828744	85	1	40	pips_l40_r400_500-8000.hdf5	right	left
1483.9296	1	Stimulus/S  1	1	14839296	14839304	85	2	60	pips_l40_r400_500-8000.hdf5	right	left
1484.975	1	Stimulus/S  1	1	14849750	14849758	85	3	70	pips_l40_r400_500-8000.hdf5	right	left
1486.0203	1	Stimulus/S  1	1	14860203	14860211	85	4	50	pips_l40_r400_500-8000.hdf5	right	left
1487.0763	1	Stimulus/S  1	1	14870763	14870771	85	5	30	pips_l40_r400_500-8000.hdf5	right	left
1488.1216	1	Stimulus/S  1	1	14881216	14881224	86	0	20	pips_l40_r400_500-8000.hdf5	right	left
1489.1777	1	Stimulus/S  1	1	14891777	14891785	86	1	40	pips_l40_r400_500-8000.hdf5	right	left
1490.2443	1	Stimulus/S  1	1	14902443	14902451	86	2	60	pips_l40_r400_500-8000.hdf5	right	left
1491.2897	1	Stimulus/S  1	1	14912897	14912905	86	3	70	pips_l40_r400_500-8000.hdf5	right	left
1492.3564	1	Stimulus/S  1	1	14923564	14923572	86	4	50	pips_l40_r400_500-8000.hdf5	right	left
1493.423	1	Stimulus/S  1	1	14934230	14934238	86	5	30	pips_l40_r400_500-8000.hdf5	right	left
1494.479	1	Stimulus/S  1	1	14944790	14944798	87	0	20	pips_l40_r400_500-8000.hdf5	right	left
1495.5457	1	Stimulus/S  1	1	14955457	14955465	87	1	40	pips_l40_r400_500-8000.hdf5	right	left
1496.5911	1	Stimulus/S  1	1	14965911	14965919	87	2	60	pips_l40_r400_500-8000.hdf5	right	left
1497.6577	1	Stimulus/S  1	1	14976577	14976585	87	3	70	pips_l40_r400_500-8000.hdf5	right	left
1498.7244	1	Stimulus/S  1	1	14987244	14987252	87	4	50	pips_l40_r400_500-8000.hdf5	right	left
1499.7911	1	Stimulus/S  1	1	14997911	14997919	87	5	30	pips_l40_r400_500-8000.hdf5	right	left
1500.8578	1	Stimulus/S  1	1	15008578	15008586	88	0	20	pips_l40_r400_500-8000.hdf5	right	left
1501.9245	1	Stimulus/S  1	1	15019245	15019253	88	1	40	pips_l40_r400_500-8000.hdf5	right	left
1502.9911	1	Stimulus/S  1	1	15029911	15029919	88	2	60	pips_l40_r400_500-8000.hdf5	right	left
1504.0471	1	Stimulus/S  1	1	15040471	15040479	88	3	70	pips_l40_r400_500-8000.hdf5	right	left
1505.1138	1	Stimulus/S  1	1	15051138	15051146	88	4	50	pips_l40_r400_500-8000.hdf5	right	left
1506.1592	1	Stimulus/S  1	1	15061592	15061600	88	5	30	pips_l40_r400_500-8000.hdf5	right	left
1507.2258	1	Stimulus/S  1	1	15072258	15072266	89	0	20	pips_l40_r400_500-8000.hdf5	right	left
1508.2712	1	Stimulus/S  1	1	15082712	15082720	89	1	40	pips_l40_r400_500-8000.hdf5	right	left
1509.3272	1	Stimulus/S  1	1	15093272	15093280	89	2	60	pips_l40_r400_500-8000.hdf5	right	left
1510.3725	1	Stimulus/S  1	1	15103725	15103733	89	3	70	pips_l40_r400_500-8000.hdf5	right	left
1511.4392	1	Stimulus/S  1	1	15114392	15114400	89	4	50	pips_l40_r400_500-8000.hdf5	right	left
1512.4952	1	Stimulus/S  1	1	15124952	15124960	89	5	30	pips_l40_r400_500-8000.hdf5	right	left
1513.5619	1	Stimulus/S  1	1	15135619	15135627	90	0	20	pips_l40_r400_500-8000.hdf5	right	left
1514.6072	1	Stimulus/S  1	1	15146072	15146080	90	1	40	pips_l40_r400_500-8000.hdf5	right	left
1515.6739	1	Stimulus/S  1	1	15156739	15156747	90	2	60	pips_l40_r400_500-8000.hdf5	right	left
1516.7406	1	Stimulus/S  1	1	15167406	15167414	90	3	70	pips_l40_r400_500-8000.hdf5	right	left
1517.8073	1	Stimulus/S  1	1	15178073	15178081	90	4	50	pips_l40_r400_500-8000.hdf5	right	left
1518.874	1	Stimulus/S  1	1	15188740	15188748	90	5	30	pips_l40_r400_500-8000.hdf5	right	left
1519.9406	1	Stimulus/S  1	1	15199406	15199414	91	0	20	pips_l40_r400_500-8000.hdf5	right	left
1521.0073	1	Stimulus/S  1	1	15210073	15210081	91	1	40	pips_l40_r400_500-8000.hdf5	right	left
1522.0633	1	Stimulus/S  1	1	15220633	15220641	91	2	60	pips_l40_r400_500-8000.hdf5	right	left
1523.13	1	Stimulus/S  1	1	15231300	15231308	91	3	70	pips_l40_r400_500-8000.hdf5	right	left
1524.1753	1	Stimulus/S  1	1	15241753	15241761	91	4	50	pips_l40_r400_500-8000.hdf5	right	left
1525.242	1	Stimulus/S  1	1	15252420	15252428	91	5	30	pips_l40_r400_500-8000.hdf5	right	left
1526.2874	1	Stimulus/S  1	1	15262874	15262882	92	0	20	pips_l40_r400_500-8000.hdf5	right	left
1527.3434	1	Stimulus/S  1	1	15273434	15273442	92	1	40	pips_l40_r400_500-8000.hdf5	right	left
1528.3887	1	Stimulus/S  1	1	15283887	15283895	92	2	60	pips_l40_r400_500-8000.hdf5	right	left
1529.4447	1	Stimulus/S  1	1	15294447	15294455	92	3	70	pips_l40_r400_500-8000.hdf5	right	left
1530.4901	1	Stimulus/S  1	1	15304901	15304909	92	4	50	pips_l40_r400_500-8000.hdf5	right	left
1531.5567	1	Stimulus/S  1	1	15315567	15315575	92	5	30	pips_l40_r400_500-8000.hdf5	right	left
1532.6128	1	Stimulus/S  1	1	15326128	15326136	93	0	20	pips_l40_r400_500-8000.hdf5	right	left
1533.6794	1	Stimulus/S  1	1	15336794	15336802	93	1	40	pips_l40_r400_500-8000.hdf5	right	left
1534.7248	1	Stimulus/S  1	1	15347248	15347256	93	2	60	pips_l40_r400_500-8000.hdf5	right	left
1535.7915	1	Stimulus/S  1	1	15357915	15357923	93	3	70	pips_l40_r400_500-8000.hdf5	right	left
1536.8581	1	Stimulus/S  1	1	15368581	15368589	93	4	50	pips_l40_r400_500-8000.hdf5	right	left
1537.9248	1	Stimulus/S  1	1	15379248	15379256	93	5	30	pips_l40_r400_500-8000.hdf5	right	left
1538.9808	1	Stimulus/S  1	1	15389808	15389816	94	0	20	pips_l40_r400_500-8000.hdf5	right	left
1540.0475	1	Stimulus/S  1	1	15400475	15400483	94	1	40	pips_l40_r400_500-8000.hdf5	right	left
1541.0928	1	Stimulus/S  1	1	15410928	15410936	94	2	60	pips_l40_r400_500-8000.hdf5	right	left
1542.1595	1	Stimulus/S  1	1	15421595	15421603	94	3	70	pips_l40_r400_500-8000.hdf5	right	left
1543.2049	1	Stimulus/S  1	1	15432049	15432057	94	4	50	pips_l40_r400_500-8000.hdf5	right	left
1544.2609	1	Stimulus/S  1	1	15442609	15442617	94	5	30	pips_l40_r400_500-8000.hdf5	right	left
1545.3062	1	Stimulus/S  1	1	15453062	15453070	95	0	20	pips_l40_r400_500-8000.hdf5	right	left
1546.3622	1	Stimulus/S  1	1	15463622	15463630	95	1	40	pips_l40_r400_500-8000.hdf5	right	left
1547.4076	1	Stimulus/S  1	1	15474076	15474084	95	2	60	pips_l40_r400_500-8000.hdf5	right	left
1548.4742	1	Stimulus/S  1	1	15484742	15484750	95	3	70	pips_l40_r400_500-8000.hdf5	right	left
1549.5303	1	Stimulus/S  1	1	15495303	15495311	95	4	50	pips_l40_r400_500-8000.hdf5	right	left
1550.5969	1	Stimulus/S  1	1	15505969	15505977	95	5	30	pips_l40_r400_500-8000.hdf5	right	left
1551.6636	1	Stimulus/S  1	1	15516636	15516644	96	0	20	pips_l40_r400_500-8000.hdf5	right	left
1552.7303	1	Stimulus/S  1	1	15527303	15527311	96	1	40	pips_l40_r400_500-8000.hdf5	right	left
1553.797	1	Stimulus/S  1	1	15537970	15537978	96	2	60	pips_l40_r400_500-8000.hdf5	right	left
1554.8636	1	Stimulus/S  1	1	15548636	15548644	96	3	70	pips_l40_r400_500-8000.hdf5	right	left
1555.9303	1	Stimulus/S  1	1	15559303	15559311	96	4	50	pips_l40_r400_500-8000.hdf5	right	left
1556.9757	1	Stimulus/S  1	1	15569757	15569765	96	5	30	pips_l40_r400_500-8000.hdf5	right	left
1558.0423	1	Stimulus/S  1	1	15580423	15580431	97	0	20	pips_l40_r400_500-8000.hdf5	right	left
1559.0983	1	Stimulus/S  1	1	15590983	15590991	97	1	40	pips_l40_r400_500-8000.hdf5	right	left
1560.1437	1	Stimulus/S  1	1	15601437	15601445	97	2	60	pips_l40_r400_500-8000.hdf5	right	left
1561.189	1	Stimulus/S  1	1	15611890	15611898	97	3	70	pips_l40_r400_500-8000.hdf5	right	left
1562.245	1	Stimulus/S  1	1	15622450	15622458	97	4	50	pips_l40_r400_500-8000.hdf5	right	left
1563.2904	1	Stimulus/S  1	1	15632904	15632912	97	5	30	pips_l40_r400_500-8000.hdf5	right	left
1564.3464	1	Stimulus/S  1	1	15643464	15643472	98	0	20	pips_l40_r400_500-8000.hdf5	right	left
1565.3917	1	Stimulus/S  1	1	15653917	15653925	98	1	40	pips_l40_r400_500-8000.hdf5	right	left
1566.4478	1	Stimulus/S  1	1	15664478	15664486	98	2	60	pips_l40_r400_500-8000.hdf5	right	left
1567.5144	1	Stimulus/S  1	1	15675144	15675152	98	3	70	pips_l40_r400_500-8000.hdf5	right	left
1568.5598	1	Stimulus/S  1	1	15685598	15685606	98	4	50	pips_l40_r400_500-8000.hdf5	right	left
1569.6265	1	Stimulus/S  1	1	15696265	15696273	98	5	30	pips_l40_r400_500-8000.hdf5	right	left
1570.6931	1	Stimulus/S  1	1	15706931	15706939	99	0	20	pips_l40_r400_500-8000.hdf5	right	left
1571.7598	1	Stimulus/S  1	1	15717598	15717606	99	1	40	pips_l40_r400_500-8000.hdf5	right	left
1572.8265	1	Stimulus/S  1	1	15728265	15728273	99	2	60	pips_l40_r400_500-8000.hdf5	right	left
1573.8932	1	Stimulus/S  1	1	15738932	15738940	99	3	70	pips_l40_r400_500-8000.hdf5	right	left
1574.9598	1	Stimulus/S  1	1	15749598	15749606	99	4	50	pips_l40_r400_500-8000.hdf5	right	left
1576.0052	1	Stimulus/S  1	1	15760052	15760060	99	5	30	pips_l40_r400_500-8000.hdf5	right	left
1577.0719	1	Stimulus/S  1	1	15770719	15770727	100	0	20	pips_l40_r400_500-8000.hdf5	right	left
1578.1279	1	Stimulus/S  1	1	15781279	15781287	100	1	40	pips_l40_r400_500-8000.hdf5	right	left
1579.1945	1	Stimulus/S  1	1	15791945	15791953	100	2	60	pips_l40_r400_500-8000.hdf5	right	left
1580.2399	1	Stimulus/S  1	1	15802399	15802407	100	3	70	pips_l40_r400_500-8000.hdf5	right	left
1581.2959	1	Stimulus/S  1	1	15812959	15812967	100	4	50	pips_l40_r400_500-8000.hdf5	right	left
1582.3412	1	Stimulus/S  1	1	15823412	15823420	100	5	30	pips_l40_r400_500-8000.hdf5	right	left
1583.3973	1	Stimulus/S  1	1	15833973	15833981	101	0	20	pips_l40_r400_500-8000.hdf5	right	left
1584.4426	1	Stimulus/S  1	1	15844426	15844434	101	1	40	pips_l40_r400_500-8000.hdf5	right	left
1585.5093	1	Stimulus/S  1	1	15855093	15855101	101	2	60	pips_l40_r400_500-8000.hdf5	right	left
1586.5653	1	Stimulus/S  1	1	15865653	15865661	101	3	70	pips_l40_r400_500-8000.hdf5	right	left
1587.632	1	Stimulus/S  1	1	15876320	15876328	101	4	50	pips_l40_r400_500-8000.hdf5	right	left
1588.6773	1	Stimulus/S  1	1	15886773	15886781	101	5	30	pips_l40_r400_500-8000.hdf5	right	left
1589.744	1	Stimulus/S  1	1	15897440	15897448	102	0	20	pips_l40_r400_500-8000.hdf5	right	left
1590.8107	1	Stimulus/S  1	1	15908107	15908115	102	1	40	pips_l40_r400_500-8000.hdf5	right	left
1591.8773	1	Stimulus/S  1	1	15918773	15918781	102	2	60	pips_l40_r400_500-8000.hdf5	right	left
1592.9227	1	Stimulus/S  1	1	15929227	15929235	102	3	70	pips_l40_r400_500-8000.hdf5	right	left
1593.9787	1	Stimulus/S  1	1	15939787	15939795	102	4	50	pips_l40_r400_500-8000.hdf5	right	left
1595.024	1	Stimulus/S  1	1	15950240	15950248	102	5	30	pips_l40_r400_500-8000.hdf5	right	left
1596.08	1	Stimulus/S  1	1	15960800	15960808	103	0	20	pips_l40_r400_500-8000.hdf5	right	left
1597.1254	1	Stimulus/S  1	1	15971254	15971262	103	1	40	pips_l40_r400_500-8000.hdf5	right	left
1598.1814	1	Stimulus/S  1	1	15981814	15981822	103	2	60	pips_l40_r400_500-8000.hdf5	right	left
1599.2267	1	Stimulus/S  1	1	15992267	15992275	103	3	70	pips_l40_r400_500-8000.hdf5	right	left
1600.2721	1	Stimulus/S  1	1	16002721	16002729	103	4	50	pips_l40_r400_500-8000.hdf5	right	left
1601.3388	1	Stimulus/S  1	1	16013388	16013396	103	5	30	pips_l40_r400_500-8000.hdf5	right	left
1602.3948	1	Stimulus/S  1	1	16023948	16023956	104	0	20	pips_l40_r400_500-8000.hdf5	right	left
1603.4615	1	Stimulus/S  1	1	16034615	16034623	104	1	40	pips_l40_r400_500-8000.hdf5	right	left
1604.5068	1	Stimulus/S  1	1	16045068	16045076	104	2	60	pips_l40_r400_500-8000.hdf5	right	left
1605.5628	1	Stimulus/S  1	1	16055628	16055636	104	3	70	pips_l40_r400_500-8000.hdf5	right	left
1606.6295	1	Stimulus/S  1	1	16066295	16066303	104	4	50	pips_l40_r400_500-8000.hdf5	right	left
1607.6748	1	Stimulus/S  1	1	16076748	16076756	104	5	30	pips_l40_r400_500-8000.hdf5	right	left
1608.7415	1	Stimulus/S  1	1	16087415	16087423	105	0	20	pips_l40_r400_500-8000.hdf5	right	left
1609.7975	1	Stimulus/S  1	1	16097975	16097983	105	1	40	pips_l40_r400_500-8000.hdf5	right	left
1610.8429	1	Stimulus/S  1	1	16108429	16108437	105	2	60	pips_l40_r400_500-8000.hdf5	right	left
1611.8989	1	Stimulus/S  1	1	16118989	16118997	105	3	70	pips_l40_r400_500-8000.hdf5	right	left
1612.9442	1	Stimulus/S  1	1	16129442	16129450	105	4	50	pips_l40_r400_500-8000.hdf5	right	left
1613.9896	1	Stimulus/S  1	1	16139896	16139904	105	5	30	pips_l40_r400_500-8000.hdf5	right	left
1615.0456	1	Stimulus/S  1	1	16150456	16150464	106	0	20	pips_l40_r400_500-8000.hdf5	right	left
1616.1122	1	Stimulus/S  1	1	16161122	16161130	106	1	40	pips_l40_r400_500-8000.hdf5	right	left
1617.1576	1	Stimulus/S  1	1	16171576	16171584	106	2	60	pips_l40_r400_500-8000.hdf5	right	left
1618.2243	1	Stimulus/S  1	1	16182243	16182251	106	3	70	pips_l40_r400_500-8000.hdf5	right	left
1619.2909	1	Stimulus/S  1	1	16192909	16192917	106	4	50	pips_l40_r400_500-8000.hdf5	right	left
1620.3576	1	Stimulus/S  1	1	16203576	16203584	106	5	30	pips_l40_r400_500-8000.hdf5	right	left
1621.4243	1	Stimulus/S  1	1	16214243	16214251	107	0	20	pips_l40_r400_500-8000.hdf5	right	left
1622.4803	1	Stimulus/S  1	1	16224803	16224811	107	1	40	pips_l40_r400_500-8000.hdf5	right	left
1623.547	1	Stimulus/S  1	1	16235470	16235478	107	2	60	pips_l40_r400_500-8000.hdf5	right	left
1624.5923	1	Stimulus/S  1	1	16245923	16245931	107	3	70	pips_l40_r400_500-8000.hdf5	right	left
1625.6483	1	Stimulus/S  1	1	16256483	16256491	107	4	50	pips_l40_r400_500-8000.hdf5	right	left
1626.6937	1	Stimulus/S  1	1	16266937	16266945	107	5	30	pips_l40_r400_500-8000.hdf5	right	left
1627.739	1	Stimulus/S  1	1	16277390	16277398	108	0	20	pips_l40_r400_500-8000.hdf5	right	left
1628.795	1	Stimulus/S  1	1	16287950	16287958	108	1	40	pips_l40_r400_500-8000.hdf5	right	left
1629.8404	1	Stimulus/S  1	1	16298404	16298412	108	2	60	pips_l40_r400_500-8000.hdf5	right	left
1630.8964	1	Stimulus/S  1	1	16308964	16308972	108	3	70	pips_l40_r400_500-8000.hdf5	right	left
1631.9417	1	Stimulus/S  1	1	16319417	16319425	108	4	50	pips_l40_r400_500-8000.hdf5	right	left
1633.0084	1	Stimulus/S  1	1	16330084	16330092	108	5	30	pips_l40_r400_500-8000.hdf5	right	left
1634.0751	1	Stimulus/S  1	1	16340751	16340759	109	0	20	pips_l40_r400_500-8000.hdf5	right	left
1635.1418	1	Stimulus/S  1	1	16351418	16351426	109	1	40	pips_l40_r400_500-8000.hdf5	right	left
1636.2084	1	Stimulus/S  1	1	16362084	16362092	109	2	60	pips_l40_r400_500-8000.hdf5	right	left
1637.2751	1	Stimulus/S  1	1	16372751	16372759	109	3	70	pips_l40_r400_500-8000.hdf5	right	left
1638.3418	1	Stimulus/S  1	1	16383418	16383426	109	4	50	pips_l40_r400_500-8000.hdf5	right	left
1639.3978	1	Stimulus/S  1	1	16393978	16393986	109	5	30	pips_l40_r400_500-8000.hdf5	right	left
1640.4645	1	Stimulus/S  1	1	16404645	16404653	110	0	20	pips_l40_r400_500-8000.hdf5	right	left
1641.5098	1	Stimulus/S  1	1	16415098	16415106	110	1	40	pips_l40_r400_500-8000.hdf5	right	left
1642.5765	1	Stimulus/S  1	1	16425765	16425773	110	2	60	pips_l40_r400_500-8000.hdf5	right	left
1643.6325	1	Stimulus/S  1	1	16436325	16436333	110	3	70	pips_l40_r400_500-8000.hdf5	right	left
1644.6779	1	Stimulus/S  1	1	16446779	16446787	110	4	50	pips_l40_r400_500-8000.hdf5	right	left
1645.7232	1	Stimulus/S  1	1	16457232	16457240	110	5	30	pips_l40_r400_500-8000.hdf5	right	left
1646.7792	1	Stimulus/S  1	1	16467792	16467800	111	0	20	pips_l40_r400_500-8000.hdf5	right	left
1647.8246	1	Stimulus/S  1	1	16478246	16478254	111	1	40	pips_l40_r400_500-8000.hdf5	right	left
1648.8912	1	Stimulus/S  1	1	16488912	16488920	111	2	60	pips_l40_r400_500-8000.hdf5	right	left
1649.9472	1	Stimulus/S  1	1	16499472	16499480	111	3	70	pips_l40_r400_500-8000.hdf5	right	left
1651.0139	1	Stimulus/S  1	1	16510139	16510147	111	4	50	pips_l40_r400_500-8000.hdf5	right	left
1652.0593	1	Stimulus/S  1	1	16520593	16520601	111	5	30	pips_l40_r400_500-8000.hdf5	right	left
1653.1259	1	Stimulus/S  1	1	16531259	16531267	112	0	20	pips_l40_r400_500-8000.hdf5	right	left
1654.1926	1	Stimulus/S  1	1	16541926	16541934	112	1	40	pips_l40_r400_500-8000.hdf5	right	left
1655.2593	1	Stimulus/S  1	1	16552593	16552601	112	2	60	pips_l40_r400_500-8000.hdf5	right	left
1656.326	1	Stimulus/S  1	1	16563260	16563268	112	3	70	pips_l40_r400_500-8000.hdf5	right	left
1657.3926	1	Stimulus/S  1	1	16573926	16573934	112	4	50	pips_l40_r400_500-8000.hdf5	right	left
1658.4487	1	Stimulus/S  1	1	16584487	16584495	112	5	30	pips_l40_r400_500-8000.hdf5	right	left
1659.494	1	Stimulus/S  1	1	16594940	16594948	113	0	20	pips_l40_r400_500-8000.hdf5	right	left
1660.5393	1	Stimulus/S  1	1	16605393	16605401	113	1	40	pips_l40_r400_500-8000.hdf5	right	left
1661.5954	1	Stimulus/S  1	1	16615954	16615962	113	2	60	pips_l40_r400_500-8000.hdf5	right	left
1662.6407	1	Stimulus/S  1	1	16626407	16626415	113	3	70	pips_l40_r400_500-8000.hdf5	right	left
1663.6967	1	Stimulus/S  1	1	16636967	16636975	113	4	50	pips_l40_r400_500-8000.hdf5	right	left
1664.7421	1	Stimulus/S  1	1	16647421	16647429	113	5	30	pips_l40_r400_500-8000.hdf5	right	left
1665.8087	1	Stimulus/S  1	1	16658087	16658095	114	0	20	pips_l40_r400_500-8000.hdf5	right	left
1666.8647	1	Stimulus/S  1	1	16668647	16668655	114	1	40	pips_l40_r400_500-8000.hdf5	right	left
1667.9314	1	Stimulus/S  1	1	16679314	16679322	114	2	60	pips_l40_r400_500-8000.hdf5	right	left
1668.9768	1	Stimulus/S  1	1	16689768	16689776	114	3	70	pips_l40_r400_500-8000.hdf5	right	left
1670.0434	1	Stimulus/S  1	1	16700434	16700442	114	4	50	pips_l40_r400_500-8000.hdf5	right	left
1671.1101	1	Stimulus/S  1	1	16711101	16711109	114	5	30	pips_l40_r400_500-8000.hdf5	right	left
1672.1768	1	Stimulus/S  1	1	16721768	16721776	115	0	20	pips_l40_r400_500-8000.hdf5	right	left
1673.2328	1	Stimulus/S  1	1	16732328	16732336	115	1	40	pips_l40_r400_500-8000.hdf5	right	left
1674.2995	1	Stimulus/S  1	1	16742995	16743003	115	2	60	pips_l40_r400_500-8000.hdf5	right	left
1675.3448	1	Stimulus/S  1	1	16753448	16753456	115	3	70	pips_l40_r400_500-8000.hdf5	right	left
1676.4115	1	Stimulus/S  1	1	16764115	16764123	115	4	50	pips_l40_r400_500-8000.hdf5	right	left
1677.4675	1	Stimulus/S  1	1	16774675	16774683	115	5	30	pips_l40_r400_500-8000.hdf5	right	left
1678.5129	1	Stimulus/S  1	1	16785129	16785137	116	0	20	pips_l40_r400_500-8000.hdf5	right	left
1679.5582	1	Stimulus/S  1	1	16795582	16795590	116	1	40	pips_l40_r400_500-8000.hdf5	right	left
1680.6142	1	Stimulus/S  1	1	16806142	16806150	116	2	60	pips_l40_r400_500-8000.hdf5	right	left
1681.6596	1	Stimulus/S  1	1	16816596	16816604	116	3	70	pips_l40_r400_500-8000.hdf5	right	left
1682.7262	1	Stimulus/S  1	1	16827262	16827270	116	4	50	pips_l40_r400_500-8000.hdf5	right	left
1683.7822	1	Stimulus/S  1	1	16837822	16837830	116	5	30	pips_l40_r400_500-8000.hdf5	right	left
1684.8489	1	Stimulus/S  1	1	16848489	16848497	117	0	20	pips_l40_r400_500-8000.hdf5	right	left
1685.8943	1	Stimulus/S  1	1	16858943	16858951	117	1	40	pips_l40_r400_500-8000.hdf5	right	left
1686.9609	1	Stimulus/S  1	1	16869609	16869617	117	2	60	pips_l40_r400_500-8000.hdf5	right	left
1688.0276	1	Stimulus/S  1	1	16880276	16880284	117	3	70	pips_l40_r400_500-8000.hdf5	right	left
1689.0943	1	Stimulus/S  1	1	16890943	16890951	117	4	50	pips_l40_r400_500-8000.hdf5	right	left
1690.1503	1	Stimulus/S  1	1	16901503	16901511	117	5	30	pips_l40_r400_500-8000.hdf5	right	left
1691.217	1	Stimulus/S  1	1	16912170	16912178	118	0	20	pips_l40_r400_500-8000.hdf5	right	left
1692.2623	1	Stimulus/S  1	1	16922623	16922631	118	1	40	pips_l40_r400_500-8000.hdf5	right	left
1693.329	1	Stimulus/S  1	1	16933290	16933298	118	2	60	pips_l40_r400_500-8000.hdf5	right	left
1694.3743	1	Stimulus/S  1	1	16943743	16943751	118	3	70	pips_l40_r400_500-8000.hdf5	right	left
1695.4304	1	Stimulus/S  1	1	16954304	16954312	118	4	50	pips_l40_r400_500-8000.hdf5	right	left
1696.4757	1	Stimulus/S  1	1	16964757	16964765	118	5	30	pips_l40_r400_500-8000.hdf5	right	left
1697.5317	1	Stimulus/S  1	1	16975317	16975325	119	0	20	pips_l40_r400_500-8000.hdf5	right	left
1698.5771	1	Stimulus/S  1	1	16985771	16985779	119	1	40	pips_l40_r400_500-8000.hdf5	right	left
1699.6437	1	Stimulus/S  1	1	16996437	16996445	119	2	60	pips_l40_r400_500-8000.hdf5	right	left
1700.6997	1	Stimulus/S  1	1	17006997	17007005	119	3	70	pips_l40_r400_500-8000.hdf5	right	left
1701.7664	1	Stimulus/S  1	1	17017664	17017672	119	4	50	pips_l40_r400_500-8000.hdf5	right	left
1702.8118	1	Stimulus/S  1	1	17028118	17028126	119	5	30	pips_l40_r400_500-8000.hdf5	right	left
1703.8784	1	Stimulus/S  1	1	17038784	17038792	0	0	20	pips_l40_r400_500-8000.hdf5	right	left
1704.9451	1	Stimulus/S  1	1	17049451	17049459	0	1	40	pips_l40_r400_500-8000.hdf5	right	left
1706.0118	1	Stimulus/S  1	1	17060118	17060126	0	2	60	pips_l40_r400_500-8000.hdf5	right	left
1707.0785	1	Stimulus/S  1	1	17070785	17070793	0	3	70	pips_l40_r400_500-8000.hdf5	right	left
1708.1451	1	Stimulus/S  1	1	17081451	17081459	0	4	50	pips_l40_r400_500-8000.hdf5	right	left
1709.2118	1	Stimulus/S  1	1	17092118	17092126	0	5	30	pips_l40_r400_500-8000.hdf5	right	left
1710.2572	1	Stimulus/S  1	1	17102572	17102580	1	0	20	pips_l40_r400_500-8000.hdf5	right	left
1711.3132	1	Stimulus/S  1	1	17113132	17113140	1	1	40	pips_l40_r400_500-8000.hdf5	right	left
1712.3585	1	Stimulus/S  1	1	17123585	17123593	1	2	60	pips_l40_r400_500-8000.hdf5	right	left
1713.4145	1	Stimulus/S  1	1	17134145	17134153	1	3	70	pips_l40_r400_500-8000.hdf5	right	left
1714.4599	1	Stimulus/S  1	1	17144599	17144607	1	4	50	pips_l40_r400_500-8000.hdf5	right	left
1715.5159	1	Stimulus/S  1	1	17155159	17155167	1	5	30	pips_l40_r400_500-8000.hdf5	right	left
1716.5612	1	Stimulus/S  1	1	17165612	17165620	2	0	20	pips_l40_r400_500-8000.hdf5	right	left
1717.6172	1	Stimulus/S  1	1	17176172	17176180	2	1	40	pips_l40_r400_500-8000.hdf5	right	left
1718.6839	1	Stimulus/S  1	1	17186839	17186847	2	2	60	pips_l40_r400_500-8000.hdf5	right	left
1719.7293	1	Stimulus/S  1	1	17197293	17197301	2	3	70	pips_l40_r400_500-8000.hdf5	right	left
1720.7959	1	Stimulus/S  1	1	17207959	17207967	2	4	50	pips_l40_r400_500-8000.hdf5	right	left
1721.8626	1	Stimulus/S  1	1	17218626	17218634	2	5	30	pips_l40_r400_500-8000.hdf5	right	left
1722.9293	1	Stimulus/S  1	1	17229293	17229301	3	0	20	pips_l40_r400_500-8000.hdf5	right	left
1723.9746	1	Stimulus/S  1	1	17239746	17239754	3	1	40	pips_l40_r400_500-8000.hdf5	right	left
1725.0413	1	Stimulus/S  1	1	17250413	17250421	3	2	60	pips_l40_r400_500-8000.hdf5	right	left
1726.0973	1	Stimulus/S  1	1	17260973	17260981	3	3	70	pips_l40_r400_500-8000.hdf5	right	left
1727.164	1	Stimulus/S  1	1	17271640	17271648	3	4	50	pips_l40_r400_500-8000.hdf5	right	left
1728.2093	1	Stimulus/S  1	1	17282093	17282101	3	5	30	pips_l40_r400_500-8000.hdf5	right	left
1729.2654	1	Stimulus/S  1	1	17292654	17292662	4	0	20	pips_l40_r400_500-8000.hdf5	right	left
1730.3107	1	Stimulus/S  1	1	17303107	17303115	4	1	40	pips_l40_r400_500-8000.hdf5	right	left
1731.3667	1	Stimulus/S  1	1	17313667	17313675	4	2	60	pips_l40_r400_500-8000.hdf5	right	left
1732.4121	1	Stimulus/S  1	1	17324121	17324129	4	3	70	pips_l40_r400_500-8000.hdf5	right	left
1733.4574	1	Stimulus/S  1	1	17334574	17334582	4	4	50	pips_l40_r400_500-8000.hdf5	right	left
1734.5134	1	Stimulus/S  1	1	17345134	17345142	4	5	30	pips_l40_r400_500-8000.hdf5	right	left
1735.5801	1	Stimulus/S  1	1	17355801	17355809	5	0	20	pips_l40_r400_500-8000.hdf5	right	left
1736.6254	1	Stimulus/S  1	1	17366254	17366262	5	1	40	pips_l40_r400_500-8000.hdf5	right	left
1737.6921	1	Stimulus/S  1	1	17376921	17376929	5	2	60	pips_l40_r400_500-8000.hdf5	right	left
1738.7481	1	Stimulus/S  1	1	17387481	17387489	5	3	70	pips_l40_r400_500-8000.hdf5	right	left
1739.8148	1	Stimulus/S  1	1	17398148	17398156	5	4	50	pips_l40_r400_500-8000.hdf5	right	left
1740.8815	1	Stimulus/S  1	1	17408815	17408823	5	5	30	pips_l40_r400_500-8000.hdf5	right	left
1741.9481	1	Stimulus/S  1	1	17419481	17419489	6	0	20	pips_l40_r400_500-8000.hdf5	right	left
1743.0148	1	Stimulus/S  1	1	17430148	17430156	6	1	40	pips_l40_r400_500-8000.hdf5	right	left
1744.0815	1	Stimulus/S  1	1	17440815	17440823	6	2	60	pips_l40_r400_500-8000.hdf5	right	left
1745.1482	1	Stimulus/S  1	1	17451482	17451490	6	3	70	pips_l40_r400_500-8000.hdf5	right	left
1746.1935	1	Stimulus/S  1	1	17461935	17461943	6	4	50	pips_l40_r400_500-8000.hdf5	right	left
1747.2602	1	Stimulus/S  1	1	17472602	17472610	6	5	30	pips_l40_r400_500-8000.hdf5	right	left
1748.3162	1	Stimulus/S  1	1	17483162	17483170	7	0	20	pips_l40_r400_500-8000.hdf5	right	left
1749.3616	1	Stimulus/S  1	1	17493616	17493624	7	1	40	pips_l40_r400_500-8000.hdf5	right	left
1750.4176	1	Stimulus/S  1	1	17504176	17504184	7	2	60	pips_l40_r400_500-8000.hdf5	right	left
1751.4629	1	Stimulus/S  1	1	17514629	17514637	7	3	70	pips_l40_r400_500-8000.hdf5	right	left
1752.5083	1	Stimulus/S  1	1	17525083	17525091	7	4	50	pips_l40_r400_500-8000.hdf5	right	left
1753.5643	1	Stimulus/S  1	1	17535643	17535651	7	5	30	pips_l40_r400_500-8000.hdf5	right	left
1754.6096	1	Stimulus/S  1	1	17546096	17546104	8	0	20	pips_l40_r400_500-8000.hdf5	right	left
1755.6656	1	Stimulus/S  1	1	17556656	17556664	8	1	40	pips_l40_r400_500-8000.hdf5	right	left
1756.7323	1	Stimulus/S  1	1	17567323	17567331	8	2	60	pips_l40_r400_500-8000.hdf5	right	left
1757.799	1	Stimulus/S  1	1	17577990	17577998	8	3	70	pips_l40_r400_500-8000.hdf5	right	left
1758.8656	1	Stimulus/S  1	1	17588656	17588664	8	4	50	pips_l40_r400_500-8000.hdf5	right	left
1759.9323	1	Stimulus/S  1	1	17599323	17599331	8	5	30	pips_l40_r400_500-8000.hdf5	right	left
1760.999	1	Stimulus/S  1	1	17609990	17609998	9	0	20	pips_l40_r400_500-8000.hdf5	right	left
1762.0657	1	Stimulus/S  1	1	17620657	17620665	9	1	40	pips_l40_r400_500-8000.hdf5	right	left
1763.111	1	Stimulus/S  1	1	17631110	17631118	9	2	60	pips_l40_r400_500-8000.hdf5	right	left
1764.1777	1	Stimulus/S  1	1	17641777	17641785	9	3	70	pips_l40_r400_500-8000.hdf5	right	left
1765.2337	1	Stimulus/S  1	1	17652337	17652345	9	4	50	pips_l40_r400_500-8000.hdf5	right	left
1766.3004	1	Stimulus/S  1	1	17663004	17663012	9	5	30	pips_l40_r400_500-8000.hdf5	right	left
1767.3457	1	Stimulus/S  1	1	17673457	17673465	10	0	20	pips_l40_r400_500-8000.hdf5	right	left
1768.4017	1	Stimulus/S  1	1	17684017	17684025	10	1	40	pips_l40_r400_500-8000.hdf5	right	left
1769.4471	1	Stimulus/S  1	1	17694471	17694479	10	2	60	pips_l40_r400_500-8000.hdf5	right	left
1770.4924	1	Stimulus/S  1	1	17704924	17704932	10	3	70	pips_l40_r400_500-8000.hdf5	right	left
1771.5484	1	Stimulus/S  1	1	17715484	17715492	10	4	50	pips_l40_r400_500-8000.hdf5	right	left
1772.6151	1	Stimulus/S  1	1	17726151	17726159	10	5	30	pips_l40_r400_500-8000.hdf5	right	left
1773.6605	1	Stimulus/S  1	1	17736605	17736613	11	0	20	pips_l40_r400_500-8000.hdf5	right	left
1774.7271	1	Stimulus/S  1	1	17747271	17747279	11	1	40	pips_l40_r400_500-8000.hdf5	right	left
1775.7831	1	Stimulus/S  1	1	17757831	17757839	11	2	60	pips_l40_r400_500-8000.hdf5	right	left
1776.8498	1	Stimulus/S  1	1	17768498	17768506	11	3	70	pips_l40_r400_500-8000.hdf5	right	left
1777.9165	1	Stimulus/S  1	1	17779165	17779173	11	4	50	pips_l40_r400_500-8000.hdf5	right	left
1778.9832	1	Stimulus/S  1	1	17789832	17789840	11	5	30	pips_l40_r400_500-8000.hdf5	right	left
1780.0285	1	Stimulus/S  1	1	17800285	17800293	12	0	20	pips_l40_r400_500-8000.hdf5	right	left
1781.0845	1	Stimulus/S  1	1	17810845	17810853	12	1	40	pips_l40_r400_500-8000.hdf5	right	left
1782.1299	1	Stimulus/S  1	1	17821299	17821307	12	2	60	pips_l40_r400_500-8000.hdf5	right	left
1783.1752	1	Stimulus/S  1	1	17831752	17831760	12	3	70	pips_l40_r400_500-8000.hdf5	right	left
1784.2312	1	Stimulus/S  1	1	17842312	17842320	12	4	50	pips_l40_r400_500-8000.hdf5	right	left
1785.2766	1	Stimulus/S  1	1	17852766	17852774	12	5	30	pips_l40_r400_500-8000.hdf5	right	left
1786.3433	1	Stimulus/S  1	1	17863433	17863441	13	0	20	pips_l40_r400_500-8000.hdf5	right	left
1787.3993	1	Stimulus/S  1	1	17873993	17874001	13	1	40	pips_l40_r400_500-8000.hdf5	right	left
1788.4659	1	Stimulus/S  1	1	17884659	17884667	13	2	60	pips_l40_r400_500-8000.hdf5	right	left
1789.5326	1	Stimulus/S  1	1	17895326	17895334	13	3	70	pips_l40_r400_500-8000.hdf5	right	left
1790.5993	1	Stimulus/S  1	1	17905993	17906001	13	4	50	pips_l40_r400_500-8000.hdf5	right	left
1791.666	1	Stimulus/S  1	1	17916660	17916668	13	5	30	pips_l40_r400_500-8000.hdf5	right	left
1792.7326	1	Stimulus/S  1	1	17927326	17927334	14	0	20	pips_l40_r400_500-8000.hdf5	right	left
1793.7993	1	Stimulus/S  1	1	17937993	17938001	14	1	40	pips_l40_r400_500-8000.hdf5	right	left
1794.8447	1	Stimulus/S  1	1	17948447	17948455	14	2	60	pips_l40_r400_500-8000.hdf5	right	left
1795.9113	1	Stimulus/S  1	1	17959113	17959121	14	3	70	pips_l40_r400_500-8000.hdf5	right	left
1796.9674	1	Stimulus/S  1	1	17969674	17969682	14	4	50	pips_l40_r400_500-8000.hdf5	right	left
1798.034	1	Stimulus/S  1	1	17980340	17980348	14	5	30	pips_l40_r400_500-8000.hdf5	right	left
1799.0794	1	Stimulus/S  1	1	17990794	17990802	15	0	20	pips_l40_r400_500-8000.hdf5	right	left
1800.1354	1	Stimulus/S  1	1	18001354	18001362	15	1	40	pips_l40_r400_500-8000.hdf5	right	left
1801.1807	1	Stimulus/S  1	1	18011807	18011815	15	2	60	pips_l40_r400_500-8000.hdf5	right	left
1802.2474	1	Stimulus/S  1	1	18022474	18022482	15	3	70	pips_l40_r400_500-8000.hdf5	right	left
1803.2928	1	Stimulus/S  1	1	18032928	18032936	15	4	50	pips_l40_r400_500-8000.hdf5	right	left
1804.3488	1	Stimulus/S  1	1	18043488	18043496	15	5	30	pips_l40_r400_500-8000.hdf5	right	left
1805.3941	1	Stimulus/S  1	1	18053941	18053949	16	0	20	pips_l40_r400_500-8000.hdf5	right	left
1806.4608	1	Stimulus/S  1	1	18064608	18064616	16	1	40	pips_l40_r400_500-8000.hdf5	right	left
1807.5168	1	Stimulus/S  1	1	18075168	18075176	16	2	60	pips_l40_r400_500-8000.hdf5	right	left
1808.5835	1	Stimulus/S  1	1	18085835	18085843	16	3	70	pips_l40_r400_500-8000.hdf5	right	left
1809.6501	1	Stimulus/S  1	1	18096501	18096509	16	4	50	pips_l40_r400_500-8000.hdf5	right	left
1810.7168	1	Stimulus/S  1	1	18107168	18107176	16	5	30	pips_l40_r400_500-8000.hdf5	right	left
1811.7835	1	Stimulus/S  1	1	18117835	18117843	17	0	20	pips_l40_r400_500-8000.hdf5	right	left
1812.8502	1	Stimulus/S  1	1	18128502	18128510	17	1	40	pips_l40_r400_500-8000.hdf5	right	left
1813.9169	1	Stimulus/S  1	1	18139169	18139177	17	2	60	pips_l40_r400_500-8000.hdf5	right	left
1814.9622	1	Stimulus/S  1	1	18149622	18149630	17	3	70	pips_l40_r400_500-8000.hdf5	right	left
1816.0182	1	Stimulus/S  1	1	18160182	18160190	17	4	50	pips_l40_r400_500-8000.hdf5	right	left
1817.0636	1	Stimulus/S  1	1	18170636	18170644	17	5	30	pips_l40_r400_500-8000.hdf5	right	left
1818.1089	1	Stimulus/S  1	1	18181089	18181097	18	0	20	pips_l40_r400_500-8000.hdf5	right	left
1819.1649	1	Stimulus/S  1	1	18191649	18191657	18	1	40	pips_l40_r400_500-8000.hdf5	right	left
1820.2103	1	Stimulus/S  1	1	18202103	18202111	18	2	60	pips_l40_r400_500-8000.hdf5	right	left
1821.2663	1	Stimulus/S  1	1	18212663	18212671	18	3	70	pips_l40_r400_500-8000.hdf5	right	left
1822.3116	1	Stimulus/S  1	1	18223116	18223124	18	4	50	pips_l40_r400_500-8000.hdf5	right	left
1823.3783	1	Stimulus/S  1	1	18233783	18233791	18	5	30	pips_l40_r400_500-8000.hdf5	right	left
1824.4343	1	Stimulus/S  1	1	18244343	18244351	19	0	20	pips_l40_r400_500-8000.hdf5	right	left
1825.501	1	Stimulus/S  1	1	18255010	18255018	19	1	40	pips_l40_r400_500-8000.hdf5	right	left
1826.5676	1	Stimulus/S  1	1	18265676	18265684	19	2	60	pips_l40_r400_500-8000.hdf5	right	left
1827.6343	1	Stimulus/S  1	1	18276343	18276351	19	3	70	pips_l40_r400_500-8000.hdf5	right	left
1828.701	1	Stimulus/S  1	1	18287010	18287018	19	4	50	pips_l40_r400_500-8000.hdf5	right	left
1829.7677	1	Stimulus/S  1	1	18297677	18297685	19	5	30	pips_l40_r400_500-8000.hdf5	right	left
1830.8344	1	Stimulus/S  1	1	18308344	18308352	20	0	20	pips_l40_r400_500-8000.hdf5	right	left
1831.8797	1	Stimulus/S  1	1	18318797	18318805	20	1	40	pips_l40_r400_500-8000.hdf5	right	left
1832.9464	1	Stimulus/S  1	1	18329464	18329472	20	2	60	pips_l40_r400_500-8000.hdf5	right	left
1834.0024	1	Stimulus/S  1	1	18340024	18340032	20	3	70	pips_l40_r400_500-8000.hdf5	right	left
1835.0477	1	Stimulus/S  1	1	18350477	18350485	20	4	50	pips_l40_r400_500-8000.hdf5	right	left
1836.0931	1	Stimulus/S  1	1	18360931	18360939	20	5	30	pips_l40_r400_500-8000.hdf5	right	left
1837.1491	1	Stimulus/S  1	1	18371491	18371499	21	0	20	pips_l40_r400_500-8000.hdf5	right	left
1838.1944	1	Stimulus/S  1	1	18381944	18381952	21	1	40	pips_l40_r400_500-8000.hdf5	right	left
1839.2504	1	Stimulus/S  1	1	18392504	18392512	21	2	60	pips_l40_r400_500-8000.hdf5	right	left
1840.2958	1	Stimulus/S  1	1	18402958	18402966	21	3	70	pips_l40_r400_500-8000.hdf5	right	left
1841.3518	1	Stimulus/S  1	1	18413518	18413526	21	4	50	pips_l40_r400_500-8000.hdf5	right	left
1842.4185	1	Stimulus/S  1	1	18424185	18424193	21	5	30	pips_l40_r400_500-8000.hdf5	right	left
1843.4851	1	Stimulus/S  1	1	18434851	18434859	22	0	20	pips_l40_r400_500-8000.hdf5	right	left
1844.5305	1	Stimulus/S  1	1	18445305	18445313	22	1	40	pips_l40_r400_500-8000.hdf5	right	left
1845.5972	1	Stimulus/S  1	1	18455972	18455980	22	2	60	pips_l40_r400_500-8000.hdf5	right	left
1846.6638	1	Stimulus/S  1	1	18466638	18466646	22	3	70	pips_l40_r400_500-8000.hdf5	right	left
1847.7305	1	Stimulus/S  1	1	18477305	18477313	22	4	50	pips_l40_r400_500-8000.hdf5	right	left
1848.7865	1	Stimulus/S  1	1	18487865	18487873	22	5	30	pips_l40_r400_500-8000.hdf5	right	left
1849.8532	1	Stimulus/S  1	1	18498532	18498540	23	0	20	pips_l40_r400_500-8000.hdf5	right	left
1850.8986	1	Stimulus/S  1	1	18508986	18508994	23	1	40	pips_l40_r400_500-8000.hdf5	right	left
1851.9652	1	Stimulus/S  1	1	18519652	18519660	23	2	60	pips_l40_r400_500-8000.hdf5	right	left
1853.0106	1	Stimulus/S  1	1	18530106	18530114	23	3	70	pips_l40_r400_500-8000.hdf5	right	left
1854.0773	1	Stimulus/S  1	1	18540773	18540781	23	4	50	pips_l40_r400_500-8000.hdf5	right	left
1855.1333	1	Stimulus/S  1	1	18551333	18551341	23	5	30	pips_l40_r400_500-8000.hdf5	right	left
1856.1786	1	Stimulus/S  1	1	18561786	18561794	24	0	20	pips_l40_r400_500-8000.hdf5	right	left
1857.2346	1	Stimulus/S  1	1	18572346	18572354	24	1	40	pips_l40_r400_500-8000.hdf5	right	left
1858.3013	1	Stimulus/S  1	1	18583013	18583021	24	2	60	pips_l40_r400_500-8000.hdf5	right	left
1859.3466	1	Stimulus/S  1	1	18593466	18593474	24	3	70	pips_l40_r400_500-8000.hdf5	right	left
1860.4133	1	Stimulus/S  1	1	18604133	18604141	24	4	50	pips_l40_r400_500-8000.hdf5	right	left
1861.4693	1	Stimulus/S  1	1	18614693	18614701	24	5	30	pips_l40_r400_500-8000.hdf5	right	left
1862.536	1	Stimulus/S  1	1	18625360	18625368	25	0	20	pips_l40_r400_500-8000.hdf5	right	left
1863.6027	1	Stimulus/S  1	1	18636027	18636035	25	1	40	pips_l40_r400_500-8000.hdf5	right	left
1864.6694	1	Stimulus/S  1	1	18646694	18646702	25	2	60	pips_l40_r400_500-8000.hdf5	right	left
1865.736	1	Stimulus/S  1	1	18657360	18657368	25	3	70	pips_l40_r400_500-8000.hdf5	right	left
1866.8027	1	Stimulus/S  1	1	18668027	18668035	25	4	50	pips_l40_r400_500-8000.hdf5	right	left
1867.8694	1	Stimulus/S  1	1	18678694	18678702	25	5	30	pips_l40_r400_500-8000.hdf5	right	left
1868.9147	1	Stimulus/S  1	1	18689147	18689155	26	0	20	pips_l40_r400_500-8000.hdf5	right	left
1869.9814	1	Stimulus/S  1	1	18699814	18699822	26	1	40	pips_l40_r400_500-8000.hdf5	right	left
1871.0268	1	Stimulus/S  1	1	18710268	18710276	26	2	60	pips_l40_r400_500-8000.hdf5	right	left
1872.0934	1	Stimulus/S  1	1	18720934	18720942	26	3	70	pips_l40_r400_500-8000.hdf5	right	left
1873.1494	1	Stimulus/S  1	1	18731494	18731502	26	4	50	pips_l40_r400_500-8000.hdf5	right	left
1874.1948	1	Stimulus/S  1	1	18741948	18741956	26	5	30	pips_l40_r400_500-8000.hdf5	right	left
1875.2508	1	Stimulus/S  1	1	18752508	18752516	27	0	20	pips_l40_r400_500-8000.hdf5	right	left
1876.3175	1	Stimulus/S  1	1	18763175	18763183	27	1	40	pips_l40_r400_500-8000.hdf5	right	left
1877.3628	1	Stimulus/S  1	1	18773628	18773636	27	2	60	pips_l40_r400_500-8000.hdf5	right	left
1878.4295	1	Stimulus/S  1	1	18784295	18784303	27	3	70	pips_l40_r400_500-8000.hdf5	right	left
1879.4855	1	Stimulus/S  1	1	18794855	18794863	27	4	50	pips_l40_r400_500-8000.hdf5	right	left
1880.5522	1	Stimulus/S  1	1	18805522	18805530	27	5	30	pips_l40_r400_500-8000.hdf5	right	left
1881.6189	1	Stimulus/S  1	1	18816189	18816197	28	0	20	pips_l40_r400_500-8000.hdf5	right	left
1882.6855	1	Stimulus/S  1	1	18826855	18826863	28	1	40	pips_l40_r400_500-8000.hdf5	right	left
1883.7522	1	Stimulus/S  1	1	18837522	18837530	28	2	60	pips_l40_r400_500-8000.hdf5	right	left
1884.8189	1	Stimulus/S  1	1	18848189	18848197	28	3	70	pips_l40_r400_500-8000.hdf5	right	left
1885.8856	1	Stimulus/S  1	1	18858856	18858864	28	4	50	pips_l40_r400_500-8000.hdf5	right	left
1886.9309	1	Stimulus/S  1	1	18869309	18869317	28	5	30	pips_l40_r400_500-8000.hdf5	right	left
1887.9976	1	Stimulus/S  1	1	18879976	18879984	29	0	20	pips_l40_r400_500-8000.hdf5	right	left
1889.0536	1	Stimulus/S  1	1	18890536	18890544	29	1	40	pips_l40_r400_500-8000.hdf5	right	left
1890.0989	1	Stimulus/S  1	1	18900989	18900997	29	2	60	pips_l40_r400_500-8000.hdf5	right	left
1891.1443	1	Stimulus/S  1	1	18911443	18911451	29	3	70	pips_l40_r400_500-8000.hdf5	right	left
1892.2003	1	Stimulus/S  1	1	18922003	18922011	29	4	50	pips_l40_r400_500-8000.hdf5	right	left
1893.2456	1	Stimulus/S  1	1	18932456	18932464	29	5	30	pips_l40_r400_500-8000.hdf5	right	left
1894.3016	1	Stimulus/S  1	1	18943016	18943024	30	0	20	pips_l40_r400_500-8000.hdf5	right	left
1895.347	1	Stimulus/S  1	1	18953470	18953478	30	1	40	pips_l40_r400_500-8000.hdf5	right	left
1896.403	1	Stimulus/S  1	1	18964030	18964038	30	2	60	pips_l40_r400_500-8000.hdf5	right	left
1897.4697	1	Stimulus/S  1	1	18974697	18974705	30	3	70	pips_l40_r400_500-8000.hdf5	right	left
1898.5364	1	Stimulus/S  1	1	18985364	18985372	30	4	50	pips_l40_r400_500-8000.hdf5	right	left
1899.603	1	Stimulus/S  1	1	18996030	18996038	30	5	30	pips_l40_r400_500-8000.hdf5	right	left
1900.6697	1	Stimulus/S  1	1	19006697	19006705	31	0	20	pips_l40_r400_500-8000.hdf5	right	left
1901.7364	1	Stimulus/S  1	1	19017364	19017372	31	1	40	pips_l40_r400_500-8000.hdf5	right	left
1902.8031	1	Stimulus/S  1	1	19028031	19028039	31	2	60	pips_l40_r400_500-8000.hdf5	right	left
1903.8697	1	Stimulus/S  1	1	19038697	19038705	31	3	70	pips_l40_r400_500-8000.hdf5	right	left
1904.9364	1	Stimulus/S  1	1	19049364	19049372	31	4	50	pips_l40_r400_500-8000.hdf5	right	left
1905.9818	1	Stimulus/S  1	1	19059818	19059826	31	5	30	pips_l40_r400_500-8000.hdf5	right	left
1907.0271	1	Stimulus/S  1	1	19070271	19070279	32	0	20	pips_l40_r400_500-8000.hdf5	right	left
1908.0831	1	Stimulus/S  1	1	19080831	19080839	32	1	40	pips_l40_r400_500-8000.hdf5	right	left
1909.1285	1	Stimulus/S  1	1	19091285	19091293	32	2	60	pips_l40_r400_500-8000.hdf5	right	left
1910.1845	1	Stimulus/S  1	1	19101845	19101853	32	3	70	pips_l40_r400_500-8000.hdf5	right	left
1911.2298	1	Stimulus/S  1	1	19112298	19112306	32	4	50	pips_l40_r400_500-8000.hdf5	right	left
1912.2858	1	Stimulus/S  1	1	19122858	19122866	32	5	30	pips_l40_r400_500-8000.hdf5	right	left
1913.3525	1	Stimulus/S  1	1	19133525	19133533	33	0	20	pips_l40_r400_500-8000.hdf5	right	left
1914.3978	1	Stimulus/S  1	1	19143978	19143986	33	1	40	pips_l40_r400_500-8000.hdf5	right	left
1915.4645	1	Stimulus/S  1	1	19154645	19154653	33	2	60	pips_l40_r400_500-8000.hdf5	right	left
1916.5205	1	Stimulus/S  1	1	19165205	19165213	33	3	70	pips_l40_r400_500-8000.hdf5	right	left
1917.5872	1	Stimulus/S  1	1	19175872	19175880	33	4	50	pips_l40_r400_500-8000.hdf5	right	left
1918.6539	1	Stimulus/S  1	1	19186539	19186547	33	5	30	pips_l40_r400_500-8000.hdf5	right	left
1919.7206	1	Stimulus/S  1	1	19197206	19197214	34	0	20	pips_l40_r400_500-8000.hdf5	right	left
1920.7872	1	Stimulus/S  1	1	19207872	19207880	34	1	40	pips_l40_r400_500-8000.hdf5	right	left
1921.8539	1	Stimulus/S  1	1	19218539	19218547	34	2	60	pips_l40_r400_500-8000.hdf5	right	left
1922.8993	1	Stimulus/S  1	1	19228993	19229001	34	3	70	pips_l40_r400_500-8000.hdf5	right	left
1923.9446	1	Stimulus/S  1	1	19239446	19239454	34	4	50	pips_l40_r400_500-8000.hdf5	right	left
1925.0006	1	Stimulus/S  1	1	19250006	19250014	34	5	30	pips_l40_r400_500-8000.hdf5	right	left
1926.046	1	Stimulus/S  1	1	19260460	19260468	35	0	20	pips_l40_r400_500-8000.hdf5	right	left
1927.102	1	Stimulus/S  1	1	19271020	19271028	35	1	40	pips_l40_r400_500-8000.hdf5	right	left
1928.1473	1	Stimulus/S  1	1	19281473	19281481	35	2	60	pips_l40_r400_500-8000.hdf5	right	left
1929.2033	1	Stimulus/S  1	1	19292033	19292041	35	3	70	pips_l40_r400_500-8000.hdf5	right	left
1930.27	1	Stimulus/S  1	1	19302700	19302708	35	4	50	pips_l40_r400_500-8000.hdf5	right	left
1931.3153	1	Stimulus/S  1	1	19313153	19313161	35	5	30	pips_l40_r400_500-8000.hdf5	right	left
1932.382	1	Stimulus/S  1	1	19323820	19323828	36	0	20	pips_l40_r400_500-8000.hdf5	right	left
1933.4274	1	Stimulus/S  1	1	19334274	19334282	36	1	40	pips_l40_r400_500-8000.hdf5	right	left
1934.5047	1	Stimulus/S  1	1	19345047	19345055	36	2	60	pips_l40_r400_500-8000.hdf5	right	left
1935.5714	1	Stimulus/S  1	1	19355714	19355722	36	3	70	pips_l40_r400_500-8000.hdf5	right	left
1936.6274	1	Stimulus/S  1	1	19366274	19366282	36	4	50	pips_l40_r400_500-8000.hdf5	right	left
1937.6834	1	Stimulus/S  1	1	19376834	19376842	36	5	30	pips_l40_r400_500-8000.hdf5	right	left
1938.7501	1	Stimulus/S  1	1	19387501	19387509	37	0	20	pips_l40_r400_500-8000.hdf5	right	left
1939.7954	1	Stimulus/S  1	1	19397954	19397962	37	1	40	pips_l40_r400_500-8000.hdf5	right	left
1940.8621	1	Stimulus/S  1	1	19408621	19408629	37	2	60	pips_l40_r400_500-8000.hdf5	right	left
1941.9181	1	Stimulus/S  1	1	19419181	19419189	37	3	70	pips_l40_r400_500-8000.hdf5	right	left
1942.9635	1	Stimulus/S  1	1	19429635	19429643	37	4	50	pips_l40_r400_500-8000.hdf5	right	left
1944.0195	1	Stimulus/S  1	1	19440195	19440203	37	5	30	pips_l40_r400_500-8000.hdf5	right	left
1945.0648	1	Stimulus/S  1	1	19450648	19450656	38	0	20	pips_l40_r400_500-8000.hdf5	right	left
1946.1208	1	Stimulus/S  1	1	19461208	19461216	38	1	40	pips_l40_r400_500-8000.hdf5	right	left
1947.1875	1	Stimulus/S  1	1	19471875	19471883	38	2	60	pips_l40_r400_500-8000.hdf5	right	left
1948.2328	1	Stimulus/S  1	1	19482328	19482336	38	3	70	pips_l40_r400_500-8000.hdf5	right	left
1949.2995	1	Stimulus/S  1	1	19492995	19493003	38	4	50	pips_l40_r400_500-8000.hdf5	right	left
1950.3449	1	Stimulus/S  1	1	19503449	19503457	38	5	30	pips_l40_r400_500-8000.hdf5	right	left
1951.4115	1	Stimulus/S  1	1	19514115	19514123	39	0	20	pips_l40_r400_500-8000.hdf5	right	left
1952.4782	1	Stimulus/S  1	1	19524782	19524790	39	1	40	pips_l40_r400_500-8000.hdf5	right	left
1953.5449	1	Stimulus/S  1	1	19535449	19535457	39	2	60	pips_l40_r400_500-8000.hdf5	right	left
1954.6116	1	Stimulus/S  1	1	19546116	19546124	39	3	70	pips_l40_r400_500-8000.hdf5	right	left
1955.6783	1	Stimulus/S  1	1	19556783	19556791	39	4	50	pips_l40_r400_500-8000.hdf5	right	left
1956.7449	1	Stimulus/S  1	1	19567449	19567457	39	5	30	pips_l40_r400_500-8000.hdf5	right	left
1957.8009	1	Stimulus/S  1	1	19578009	19578017	40	0	20	pips_l40_r400_500-8000.hdf5	right	left
1958.8463	1	Stimulus/S  1	1	19588463	19588471	40	1	40	pips_l40_r400_500-8000.hdf5	right	left
1959.9023	1	Stimulus/S  1	1	19599023	19599031	40	2	60	pips_l40_r400_500-8000.hdf5	right	left
1960.9476	1	Stimulus/S  1	1	19609476	19609484	40	3	70	pips_l40_r400_500-8000.hdf5	right	left
1962.0036	1	Stimulus/S  1	1	19620036	19620044	40	4	50	pips_l40_r400_500-8000.hdf5	right	left
1963.049	1	Stimulus/S  1	1	19630490	19630498	40	5	30	pips_l40_r400_500-8000.hdf5	right	left
1964.0943	1	Stimulus/S  1	1	19640943	19640951	41	0	20	pips_l40_r400_500-8000.hdf5	right	left
1965.1503	1	Stimulus/S  1	1	19651503	19651511	41	1	40	pips_l40_r400_500-8000.hdf5	right	left
1966.217	1	Stimulus/S  1	1	19662170	19662178	41	2	60	pips_l40_r400_500-8000.hdf5	right	left
1967.2624	1	Stimulus/S  1	1	19672624	19672632	41	3	70	pips_l40_r400_500-8000.hdf5	right	left
1968.329	1	Stimulus/S  1	1	19683290	19683298	41	4	50	pips_l40_r400_500-8000.hdf5	right	left
1969.3957	1	Stimulus/S  1	1	19693957	19693965	41	5	30	pips_l40_r400_500-8000.hdf5	right	left
1970.4624	1	Stimulus/S  1	1	19704624	19704632	42	0	20	pips_l40_r400_500-8000.hdf5	right	left
1971.5291	1	Stimulus/S  1	1	19715291	19715299	42	1	40	pips_l40_r400_500-8000.hdf5	right	left
1972.5958	1	Stimulus/S  1	1	19725958	19725966	42	2	60	pips_l40_r400_500-8000.hdf5	right	left
1973.6624	1	Stimulus/S  1	1	19736624	19736632	42	3	70	pips_l40_r400_500-8000.hdf5	right	left
1974.7184	1	Stimulus/S  1	1	19747184	19747192	42	4	50	pips_l40_r400_500-8000.hdf5	right	left
1975.7638	1	Stimulus/S  1	1	19757638	19757646	42	5	30	pips_l40_r400_500-8000.hdf5	right	left
1976.8198	1	Stimulus/S  1	1	19768198	19768206	43	0	20	pips_l40_r400_500-8000.hdf5	right	left
1977.8651	1	Stimulus/S  1	1	19778651	19778659	43	1	40	pips_l40_r400_500-8000.hdf5	right	left
1978.9211	1	Stimulus/S  1	1	19789211	19789219	43	2	60	pips_l40_r400_500-8000.hdf5	right	left
1979.9665	1	Stimulus/S  1	1	19799665	19799673	43	3	70	pips_l40_r400_500-8000.hdf5	right	left
1981.0118	1	Stimulus/S  1	1	19810118	19810126	43	4	50	pips_l40_r400_500-8000.hdf5	right	left
1982.0678	1	Stimulus/S  1	1	19820678	19820686	43	5	30	pips_l40_r400_500-8000.hdf5	right	left
1983.1132	1	Stimulus/S  1	1	19831132	19831140	44	0	20	pips_l40_r400_500-8000.hdf5	right	left
1984.1692	1	Stimulus/S  1	1	19841692	19841700	44	1	40	pips_l40_r400_500-8000.hdf5	right	left
1985.2359	1	Stimulus/S  1	1	19852359	19852367	44	2	60	pips_l40_r400_500-8000.hdf5	right	left
1986.2812	1	Stimulus/S  1	1	19862812	19862820	44	3	70	pips_l40_r400_500-8000.hdf5	right	left
1987.3479	1	Stimulus/S  1	1	19873479	19873487	44	4	50	pips_l40_r400_500-8000.hdf5	right	left
1988.4146	1	Stimulus/S  1	1	19884146	19884154	44	5	30	pips_l40_r400_500-8000.hdf5	right	left
1989.4813	1	Stimulus/S  1	1	19894813	19894821	45	0	20	pips_l40_r400_500-8000.hdf5	right	left
1990.5479	1	Stimulus/S  1	1	19905479	19905487	45	1	40	pips_l40_r400_500-8000.hdf5	right	left
1991.6146	1	Stimulus/S  1	1	19916146	19916154	45	2	60	pips_l40_r400_500-8000.hdf5	right	left
1992.6813	1	Stimulus/S  1	1	19926813	19926821	45	3	70	pips_l40_r400_500-8000.hdf5	right	left
1993.7373	1	Stimulus/S  1	1	19937373	19937381	45	4	50	pips_l40_r400_500-8000.hdf5	right	left
1994.804	1	Stimulus/S  1	1	19948040	19948048	45	5	30	pips_l40_r400_500-8000.hdf5	right	left
1995.8493	1	Stimulus/S  1	1	19958493	19958501	46	0	20	pips_l40_r400_500-8000.hdf5	right	left
1996.9053	1	Stimulus/S  1	1	19969053	19969061	46	1	40	pips_l40_r400_500-8000.hdf5	right	left
1997.9507	1	Stimulus/S  1	1	19979507	19979515	46	2	60	pips_l40_r400_500-8000.hdf5	right	left
1998.996	1	Stimulus/S  1	1	19989960	19989968	46	3	70	pips_l40_r400_500-8000.hdf5	right	left
2000.052	1	Stimulus/S  1	1	20000520	20000528	46	4	50	pips_l40_r400_500-8000.hdf5	right	left
2001.0974	1	Stimulus/S  1	1	20010974	20010982	46	5	30	pips_l40_r400_500-8000.hdf5	right	left
2002.164	1	Stimulus/S  1	1	20021640	20021648	47	0	20	pips_l40_r400_500-8000.hdf5	right	left
2003.2307	1	Stimulus/S  1	1	20032307	20032315	47	1	40	pips_l40_r400_500-8000.hdf5	right	left
2004.2974	1	Stimulus/S  1	1	20042974	20042982	47	2	60	pips_l40_r400_500-8000.hdf5	right	left
2005.3641	1	Stimulus/S  1	1	20053641	20053649	47	3	70	pips_l40_r400_500-8000.hdf5	right	left
2006.4308	1	Stimulus/S  1	1	20064308	20064316	47	4	50	pips_l40_r400_500-8000.hdf5	right	left
2007.4974	1	Stimulus/S  1	1	20074974	20074982	47	5	30	pips_l40_r400_500-8000.hdf5	right	left
2008.5641	1	Stimulus/S  1	1	20085641	20085649	48	0	20	pips_l40_r400_500-8000.hdf5	right	left
2009.6308	1	Stimulus/S  1	1	20096308	20096316	48	1	40	pips_l40_r400_500-8000.hdf5	right	left
2010.6975	1	Stimulus/S  1	1	20106975	20106983	48	2	60	pips_l40_r400_500-8000.hdf5	right	left
2011.7535	1	Stimulus/S  1	1	20117535	20117543	48	3	70	pips_l40_r400_500-8000.hdf5	right	left
2012.8201	1	Stimulus/S  1	1	20128201	20128209	48	4	50	pips_l40_r400_500-8000.hdf5	right	left
2013.8655	1	Stimulus/S  1	1	20138655	20138663	48	5	30	pips_l40_r400_500-8000.hdf5	right	left
2014.9322	1	Stimulus/S  1	1	20149322	20149330	49	0	20	pips_l40_r400_500-8000.hdf5	right	left
2015.9882	1	Stimulus/S  1	1	20159882	20159890	49	1	40	pips_l40_r400_500-8000.hdf5	right	left
2017.0335	1	Stimulus/S  1	1	20170335	20170343	49	2	60	pips_l40_r400_500-8000.hdf5	right	left
2018.0789	1	Stimulus/S  1	1	20180789	20180797	49	3	70	pips_l40_r400_500-8000.hdf5	right	left
2019.1349	1	Stimulus/S  1	1	20191349	20191357	49	4	50	pips_l40_r400_500-8000.hdf5	right	left
2020.1802	1	Stimulus/S  1	1	20201802	20201810	49	5	30	pips_l40_r400_500-8000.hdf5	right	left
2021.2469	1	Stimulus/S  1	1	20212469	20212477	50	0	20	pips_l40_r400_500-8000.hdf5	right	left
2022.3029	1	Stimulus/S  1	1	20223029	20223037	50	1	40	pips_l40_r400_500-8000.hdf5	right	left
2023.3696	1	Stimulus/S  1	1	20233696	20233704	50	2	60	pips_l40_r400_500-8000.hdf5	right	left
2024.4149	1	Stimulus/S  1	1	20244149	20244157	50	3	70	pips_l40_r400_500-8000.hdf5	right	left
2025.4709	1	Stimulus/S  1	1	20254709	20254717	50	4	50	pips_l40_r400_500-8000.hdf5	right	left
2026.5163	1	Stimulus/S  1	1	20265163	20265171	50	5	30	pips_l40_r400_500-8000.hdf5	right	left
2027.583	1	Stimulus/S  1	1	20275830	20275838	51	0	20	pips_l40_r400_500-8000.hdf5	right	left
2028.6496	1	Stimulus/S  1	1	20286496	20286504	51	1	40	pips_l40_r400_500-8000.hdf5	right	left
2029.7163	1	Stimulus/S  1	1	20297163	20297171	51	2	60	pips_l40_r400_500-8000.hdf5	right	left
2030.783	1	Stimulus/S  1	1	20307830	20307838	51	3	70	pips_l40_r400_500-8000.hdf5	right	left
2031.8497	1	Stimulus/S  1	1	20318497	20318505	51	4	50	pips_l40_r400_500-8000.hdf5	right	left
2032.9163	1	Stimulus/S  1	1	20329163	20329171	51	5	30	pips_l40_r400_500-8000.hdf5	right	left
2033.983	1	Stimulus/S  1	1	20339830	20339838	52	0	20	pips_l40_r400_500-8000.hdf5	right	left
2035.0497	1	Stimulus/S  1	1	20350497	20350505	52	1	40	pips_l40_r400_500-8000.hdf5	right	left
2036.1164	1	Stimulus/S  1	1	20361164	20361172	52	2	60	pips_l40_r400_500-8000.hdf5	right	left
2037.1724	1	Stimulus/S  1	1	20371724	20371732	52	3	70	pips_l40_r400_500-8000.hdf5	right	left
2038.2391	1	Stimulus/S  1	1	20382391	20382399	52	4	50	pips_l40_r400_500-8000.hdf5	right	left
2039.2844	1	Stimulus/S  1	1	20392844	20392852	52	5	30	pips_l40_r400_500-8000.hdf5	right	left
2040.3511	1	Stimulus/S  1	1	20403511	20403519	53	0	20	pips_l40_r400_500-8000.hdf5	right	left
2041.3964	1	Stimulus/S  1	1	20413964	20413972	53	1	40	pips_l40_r400_500-8000.hdf5	right	left
2042.4524	1	Stimulus/S  1	1	20424524	20424532	53	2	60	pips_l40_r400_500-8000.hdf5	right	left
2043.4978	1	Stimulus/S  1	1	20434978	20434986	53	3	70	pips_l40_r400_500-8000.hdf5	right	left
2044.5538	1	Stimulus/S  1	1	20445538	20445546	53	4	50	pips_l40_r400_500-8000.hdf5	right	left
2045.5991	1	Stimulus/S  1	1	20455991	20455999	53	5	30	pips_l40_r400_500-8000.hdf5	right	left
2046.6658	1	Stimulus/S  1	1	20466658	20466666	54	0	20	pips_l40_r400_500-8000.hdf5	right	left
2047.7218	1	Stimulus/S  1	1	20477218	20477226	54	1	40	pips_l40_r400_500-8000.hdf5	right	left
2048.7885	1	Stimulus/S  1	1	20487885	20487893	54	2	60	pips_l40_r400_500-8000.hdf5	right	left
2049.8338	1	Stimulus/S  1	1	20498338	20498346	54	3	70	pips_l40_r400_500-8000.hdf5	right	left
2050.8899	1	Stimulus/S  1	1	20508899	20508907	54	4	50	pips_l40_r400_500-8000.hdf5	right	left
2051.9352	1	Stimulus/S  1	1	20519352	20519360	54	5	30	pips_l40_r400_500-8000.hdf5	right	left
2053.0019	1	Stimulus/S  1	1	20530019	20530027	55	0	20	pips_l40_r400_500-8000.hdf5	right	left
2054.0686	1	Stimulus/S  1	1	20540686	20540694	55	1	40	pips_l40_r400_500-8000.hdf5	right	left
2055.1352	1	Stimulus/S  1	1	20551352	20551360	55	2	60	pips_l40_r400_500-8000.hdf5	right	left
2056.2019	1	Stimulus/S  1	1	20562019	20562027	55	3	70	pips_l40_r400_500-8000.hdf5	right	left
2057.2686	1	Stimulus/S  1	1	20572686	20572694	55	4	50	pips_l40_r400_500-8000.hdf5	right	left
2058.3353	1	Stimulus/S  1	1	20583353	20583361	55	5	30	pips_l40_r400_500-8000.hdf5	right	left
2059.3806	1	Stimulus/S  1	1	20593806	20593814	56	0	20	pips_l40_r400_500-8000.hdf5	right	left
2060.4473	1	Stimulus/S  1	1	20604473	20604481	56	1	40	pips_l40_r400_500-8000.hdf5	right	left
2061.514	1	Stimulus/S  1	1	20615140	20615148	56	2	60	pips_l40_r400_500-8000.hdf5	right	left
2062.57	1	Stimulus/S  1	1	20625700	20625708	56	3	70	pips_l40_r400_500-8000.hdf5	right	left
2063.6153	1	Stimulus/S  1	1	20636153	20636161	56	4	50	pips_l40_r400_500-8000.hdf5	right	left
2064.6713	1	Stimulus/S  1	1	20646713	20646721	56	5	30	pips_l40_r400_500-8000.hdf5	right	left
2065.7167	1	Stimulus/S  1	1	20657167	20657175	57	0	20	pips_l40_r400_500-8000.hdf5	right	left
2066.7727	1	Stimulus/S  1	1	20667727	20667735	57	1	40	pips_l40_r400_500-8000.hdf5	right	left
2067.818	1	Stimulus/S  1	1	20678180	20678188	57	2	60	pips_l40_r400_500-8000.hdf5	right	left
2068.8847	1	Stimulus/S  1	1	20688847	20688855	57	3	70	pips_l40_r400_500-8000.hdf5	right	left
2069.93	1	Stimulus/S  1	1	20699300	20699308	57	4	50	pips_l40_r400_500-8000.hdf5	right	left
2071.0074	1	Stimulus/S  1	1	20710074	20710082	57	5	30	pips_l40_r400_500-8000.hdf5	right	left
2072.0527	1	Stimulus/S  1	1	20720527	20720535	58	0	20	pips_l40_r400_500-8000.hdf5	right	left
2073.1194	1	Stimulus/S  1	1	20731194	20731202	58	1	40	pips_l40_r400_500-8000.hdf5	right	left
2074.1861	1	Stimulus/S  1	1	20741861	20741869	58	2	60	pips_l40_r400_500-8000.hdf5	right	left
2075.2528	1	Stimulus/S  1	1	20752528	20752536	58	3	70	pips_l40_r400_500-8000.hdf5	right	left
2076.3194	1	Stimulus/S  1	1	20763194	20763202	58	4	50	pips_l40_r400_500-8000.hdf5	right	left
2077.3861	1	Stimulus/S  1	1	20773861	20773869	58	5	30	pips_l40_r400_500-8000.hdf5	right	left
2078.4528	1	Stimulus/S  1	1	20784528	20784536	59	0	20	pips_l40_r400_500-8000.hdf5	right	left
2079.5195	1	Stimulus/S  1	1	20795195	20795203	59	1	40	pips_l40_r400_500-8000.hdf5	right	left
2080.5861	1	Stimulus/S  1	1	20805861	20805869	59	2	60	pips_l40_r400_500-8000.hdf5	right	left
2081.6528	1	Stimulus/S  1	1	20816528	20816536	59	3	70	pips_l40_r400_500-8000.hdf5	right	left
2082.6982	1	Stimulus/S  1	1	20826982	20826990	59	4	50	pips_l40_r400_500-8000.hdf5	right	left
2083.7648	1	Stimulus/S  1	1	20837648	20837656	59	5	30	pips_l40_r400_500-8000.hdf5	right	left
2084.8315	1	Stimulus/S  1	1	20848315	20848323	60	0	20	pips_l40_r400_500-8000.hdf5	right	left
2085.8875	1	Stimulus/S  1	1	20858875	20858883	60	1	40	pips_l40_r400_500-8000.hdf5	right	left
2086.9542	1	Stimulus/S  1	1	20869542	20869550	60	2	60	pips_l40_r400_500-8000.hdf5	right	left
2088.0209	1	Stimulus/S  1	1	20880209	20880217	60	3	70	pips_l40_r400_500-8000.hdf5	right	left
2089.0876	1	Stimulus/S  1	1	20890876	20890884	60	4	50	pips_l40_r400_500-8000.hdf5	right	left
2090.1542	1	Stimulus/S  1	1	20901542	20901550	60	5	30	pips_l40_r400_500-8000.hdf5	right	left
2091.2209	1	Stimulus/S  1	1	20912209	20912217	61	0	20	pips_l40_r400_500-8000.hdf5	right	left
2092.2876	1	Stimulus/S  1	1	20922876	20922884	61	1	40	pips_l40_r400_500-8000.hdf5	right	left
2093.3543	1	Stimulus/S  1	1	20933543	20933551	61	2	60	pips_l40_r400_500-8000.hdf5	right	left
2094.421	1	Stimulus/S  1	1	20944210	20944218	61	3	70	pips_l40_r400_500-8000.hdf5	right	left
2095.4876	1	Stimulus/S  1	1	20954876	20954884	61	4	50	pips_l40_r400_500-8000.hdf5	right	left
2096.5543	1	Stimulus/S  1	1	20965543	20965551	61	5	30	pips_l40_r400_500-8000.hdf5	right	left
2097.621	1	Stimulus/S  1	1	20976210	20976218	62	0	20	pips_l40_r400_500-8000.hdf5	right	left
2098.6877	1	Stimulus/S  1	1	20986877	20986885	62	1	40	pips_l40_r400_500-8000.hdf5	right	left
2099.7543	1	Stimulus/S  1	1	20997543	20997551	62	2	60	pips_l40_r400_500-8000.hdf5	right	left
2100.7997	1	Stimulus/S  1	1	21007997	21008005	62	3	70	pips_l40_r400_500-8000.hdf5	right	left
2101.8664	1	Stimulus/S  1	1	21018664	21018672	62	4	50	pips_l40_r400_500-8000.hdf5	right	left
2102.9224	1	Stimulus/S  1	1	21029224	21029232	62	5	30	pips_l40_r400_500-8000.hdf5	right	left
2103.989	1	Stimulus/S  1	1	21039890	21039898	63	0	20	pips_l40_r400_500-8000.hdf5	right	left
2105.0344	1	Stimulus/S  1	1	21050344	21050352	63	1	40	pips_l40_r400_500-8000.hdf5	right	left
2106.0904	1	Stimulus/S  1	1	21060904	21060912	63	2	60	pips_l40_r400_500-8000.hdf5	right	left
2107.1357	1	Stimulus/S  1	1	21071357	21071365	63	3	70	pips_l40_r400_500-8000.hdf5	right	left
2108.1811	1	Stimulus/S  1	1	21081811	21081819	63	4	50	pips_l40_r400_500-8000.hdf5	right	left
2109.2371	1	Stimulus/S  1	1	21092371	21092379	63	5	30	pips_l40_r400_500-8000.hdf5	right	left
2110.2824	1	Stimulus/S  1	1	21102824	21102832	64	0	20	pips_l40_r400_500-8000.hdf5	right	left
2111.3385	1	Stimulus/S  1	1	21113385	21113393	64	1	40	pips_l40_r400_500-8000.hdf5	right	left
2112.3838	1	Stimulus/S  1	1	21123838	21123846	64	2	60	pips_l40_r400_500-8000.hdf5	right	left
2113.4398	1	Stimulus/S  1	1	21134398	21134406	64	3	70	pips_l40_r400_500-8000.hdf5	right	left
2114.4852	1	Stimulus/S  1	1	21144852	21144860	64	4	50	pips_l40_r400_500-8000.hdf5	right	left
2115.5412	1	Stimulus/S  1	1	21155412	21155420	64	5	30	pips_l40_r400_500-8000.hdf5	right	left
2116.5865	1	Stimulus/S  1	1	21165865	21165873	65	0	20	pips_l40_r400_500-8000.hdf5	right	left
2117.6318	1	Stimulus/S  1	1	21176318	21176326	65	1	40	pips_l40_r400_500-8000.hdf5	right	left
2118.6879	1	Stimulus/S  1	1	21186879	21186887	65	2	60	pips_l40_r400_500-8000.hdf5	right	left
2119.7332	1	Stimulus/S  1	1	21197332	21197340	65	3	70	pips_l40_r400_500-8000.hdf5	right	left
2120.7892	1	Stimulus/S  1	1	21207892	21207900	65	4	50	pips_l40_r400_500-8000.hdf5	right	left
2121.8346	1	Stimulus/S  1	1	21218346	21218354	65	5	30	pips_l40_r400_500-8000.hdf5	right	left
2122.8906	1	Stimulus/S  1	1	21228906	21228914	66	0	20	pips_l40_r400_500-8000.hdf5	right	left
2123.9359	1	Stimulus/S  1	1	21239359	21239367	66	1	40	pips_l40_r400_500-8000.hdf5	right	left
2125.0026	1	Stimulus/S  1	1	21250026	21250034	66	2	60	pips_l40_r400_500-8000.hdf5	right	left
2126.0479	1	Stimulus/S  1	1	21260479	21260487	66	3	70	pips_l40_r400_500-8000.hdf5	right	left
2127.1039	1	Stimulus/S  1	1	21271039	21271047	66	4	50	pips_l40_r400_500-8000.hdf5	right	left
2128.1493	1	Stimulus/S  1	1	21281493	21281501	66	5	30	pips_l40_r400_500-8000.hdf5	right	left
2129.216	1	Stimulus/S  1	1	21292160	21292168	67	0	20	pips_l40_r400_500-8000.hdf5	right	left
2130.272	1	Stimulus/S  1	1	21302720	21302728	67	1	40	pips_l40_r400_500-8000.hdf5	right	left
2131.3386	1	Stimulus/S  1	1	21313386	21313394	67	2	60	pips_l40_r400_500-8000.hdf5	right	left
2132.4053	1	Stimulus/S  1	1	21324053	21324061	67	3	70	pips_l40_r400_500-8000.hdf5	right	left
2133.4507	1	Stimulus/S  1	1	21334507	21334515	67	4	50	pips_l40_r400_500-8000.hdf5	right	left
2134.5173	1	Stimulus/S  1	1	21345173	21345181	67	5	30	pips_l40_r400_500-8000.hdf5	right	left
2135.584	1	Stimulus/S  1	1	21355840	21355848	68	0	20	pips_l40_r400_500-8000.hdf5	right	left
2136.6507	1	Stimulus/S  1	1	21366507	21366515	68	1	40	pips_l40_r400_500-8000.hdf5	right	left
2137.7067	1	Stimulus/S  1	1	21377067	21377075	68	2	60	pips_l40_r400_500-8000.hdf5	right	left
2138.7734	1	Stimulus/S  1	1	21387734	21387742	68	3	70	pips_l40_r400_500-8000.hdf5	right	left
2139.8401	1	Stimulus/S  1	1	21398401	21398409	68	4	50	pips_l40_r400_500-8000.hdf5	right	left
2140.9067	1	Stimulus/S  1	1	21409067	21409075	68	5	30	pips_l40_r400_500-8000.hdf5	right	left
2141.9734	1	Stimulus/S  1	1	21419734	21419742	69	0	20	pips_l40_r400_500-8000.hdf5	right	left
2143.0188	1	Stimulus/S  1	1	21430188	21430196	69	1	40	pips_l40_r400_500-8000.hdf5	right	left
2144.0854	1	Stimulus/S  1	1	21440854	21440862	69	2	60	pips_l40_r400_500-8000.hdf5	right	left
2145.1308	1	Stimulus/S  1	1	21451308	21451316	69	3	70	pips_l40_r400_500-8000.hdf5	right	left
2146.2081	1	Stimulus/S  1	1	21462081	21462089	69	4	50	pips_l40_r400_500-8000.hdf5	right	left
2147.2535	1	Stimulus/S  1	1	21472535	21472543	69	5	30	pips_l40_r400_500-8000.hdf5	right	left
2148.2988	1	Stimulus/S  1	1	21482988	21482996	70	0	20	pips_l40_r400_500-8000.hdf5	right	left
2149.3548	1	Stimulus/S  1	1	21493548	21493556	70	1	40	pips_l40_r400_500-8000.hdf5	right	left
2150.4002	1	Stimulus/S  1	1	21504002	21504010	70	2	60	pips_l40_r400_500-8000.hdf5	right	left
2151.4668	1	Stimulus/S  1	1	21514668	21514676	70	3	70	pips_l40_r400_500-8000.hdf5	right	left
2152.5335	1	Stimulus/S  1	1	21525335	21525343	70	4	50	pips_l40_r400_500-8000.hdf5	right	left
2153.6002	1	Stimulus/S  1	1	21536002	21536010	70	5	30	pips_l40_r400_500-8000.hdf5	right	left
2154.6669	1	Stimulus/S  1	1	21546669	21546677	71	0	20	pips_l40_r400_500-8000.hdf5	right	left
2155.7336	1	Stimulus/S  1	1	21557336	21557344	71	1	40	pips_l40_r400_500-8000.hdf5	right	left
2156.8002	1	Stimulus/S  1	1	21568002	21568010	71	2	60	pips_l40_r400_500-8000.hdf5	right	left
2157.8669	1	Stimulus/S  1	1	21578669	21578677	71	3	70	pips_l40_r400_500-8000.hdf5	right	left
2158.9336	1	Stimulus/S  1	1	21589336	21589344	71	4	50	pips_l40_r400_500-8000.hdf5	right	left
2160.0003	1	Stimulus/S  1	1	21600003	21600011	71	5	30	pips_l40_r400_500-8000.hdf5	right	left
2161.0669	1	Stimulus/S  1	1	21610669	21610677	72	0	20	pips_l40_r400_500-8000.hdf5	right	left
2162.1336	1	Stimulus/S  1	1	21621336	21621344	72	1	40	pips_l40_r400_500-8000.hdf5	right	left
2163.2003	1	Stimulus/S  1	1	21632003	21632011	72	2	60	pips_l40_r400_500-8000.hdf5	right	left
2164.2563	1	Stimulus/S  1	1	21642563	21642571	72	3	70	pips_l40_r400_500-8000.hdf5	right	left
2165.323	1	Stimulus/S  1	1	21653230	21653238	72	4	50	pips_l40_r400_500-8000.hdf5	right	left
2166.3683	1	Stimulus/S  1	1	21663683	21663691	72	5	30	pips_l40_r400_500-8000.hdf5	right	left
2167.435	1	Stimulus/S  1	1	21674350	21674358	73	0	20	pips_l40_r400_500-8000.hdf5	right	left
2168.5017	1	Stimulus/S  1	1	21685017	21685025	73	1	40	pips_l40_r400_500-8000.hdf5	right	left
2169.5577	1	Stimulus/S  1	1	21695577	21695585	73	2	60	pips_l40_r400_500-8000.hdf5	right	left
2170.6244	1	Stimulus/S  1	1	21706244	21706252	73	3	70	pips_l40_r400_500-8000.hdf5	right	left
2171.6697	1	Stimulus/S  1	1	21716697	21716705	73	4	50	pips_l40_r400_500-8000.hdf5	right	left
2172.7364	1	Stimulus/S  1	1	21727364	21727372	73	5	30	pips_l40_r400_500-8000.hdf5	right	left
2173.7817	1	Stimulus/S  1	1	21737817	21737825	74	0	20	pips_l40_r400_500-8000.hdf5	right	left
2174.8377	1	Stimulus/S  1	1	21748377	21748385	74	1	40	pips_l40_r400_500-8000.hdf5	right	left
2175.8831	1	Stimulus/S  1	1	21758831	21758839	74	2	60	pips_l40_r400_500-8000.hdf5	right	left
2176.9391	1	Stimulus/S  1	1	21769391	21769399	74	3	70	pips_l40_r400_500-8000.hdf5	right	left
2177.9844	1	Stimulus/S  1	1	21779844	21779852	74	4	50	pips_l40_r400_500-8000.hdf5	right	left
2179.0405	1	Stimulus/S  1	1	21790405	21790413	74	5	30	pips_l40_r400_500-8000.hdf5	right	left
2180.0858	1	Stimulus/S  1	1	21800858	21800866	75	0	20	pips_l40_r400_500-8000.hdf5	right	left
2181.1418	1	Stimulus/S  1	1	21811418	21811426	75	1	40	pips_l40_r400_500-8000.hdf5	right	left
2182.1872	1	Stimulus/S  1	1	21821872	21821880	75	2	60	pips_l40_r400_500-8000.hdf5	right	left
2183.2325	1	Stimulus/S  1	1	21832325	21832333	75	3	70	pips_l40_r400_500-8000.hdf5	right	left
2184.2885	1	Stimulus/S  1	1	21842885	21842893	75	4	50	pips_l40_r400_500-8000.hdf5	right	left
2185.3338	1	Stimulus/S  1	1	21853338	21853346	75	5	30	pips_l40_r400_500-8000.hdf5	right	left
2186.3899	1	Stimulus/S  1	1	21863899	21863907	76	0	20	pips_l40_r400_500-8000.hdf5	right	left
2187.4352	1	Stimulus/S  1	1	21874352	21874360	76	1	40	pips_l40_r400_500-8000.hdf5	right	left
2188.4912	1	Stimulus/S  1	1	21884912	21884920	76	2	60	pips_l40_r400_500-8000.hdf5	right	left
2189.5366	1	Stimulus/S  1	1	21895366	21895374	76	3	70	pips_l40_r400_500-8000.hdf5	right	left
2190.5819	1	Stimulus/S  1	1	21905819	21905827	76	4	50	pips_l40_r400_500-8000.hdf5	right	left
2191.6379	1	Stimulus/S  1	1	21916379	21916387	76	5	30	pips_l40_r400_500-8000.hdf5	right	left
2192.6833	1	Stimulus/S  1	1	21926833	21926841	77	0	20	pips_l40_r400_500-8000.hdf5	right	left
2193.7499	1	Stimulus/S  1	1	21937499	21937507	77	1	40	pips_l40_r400_500-8000.hdf5	right	left
2194.8059	1	Stimulus/S  1	1	21948059	21948067	77	2	60	pips_l40_r400_500-8000.hdf5	right	left
2195.8726	1	Stimulus/S  1	1	21958726	21958734	77	3	70	pips_l40_r400_500-8000.hdf5	right	left
2196.918	1	Stimulus/S  1	1	21969180	21969188	77	4	50	pips_l40_r400_500-8000.hdf5	right	left
2197.9846	1	Stimulus/S  1	1	21979846	21979854	77	5	30	pips_l40_r400_500-8000.hdf5	right	left
2199.0513	1	Stimulus/S  1	1	21990513	21990521	78	0	20	pips_l40_r400_500-8000.hdf5	right	left
2200.118	1	Stimulus/S  1	1	22001180	22001188	78	1	40	pips_l40_r400_500-8000.hdf5	right	left
2201.1847	1	Stimulus/S  1	1	22011847	22011855	78	2	60	pips_l40_r400_500-8000.hdf5	right	left
2202.2513	1	Stimulus/S  1	1	22022513	22022521	78	3	70	pips_l40_r400_500-8000.hdf5	right	left
2203.318	1	Stimulus/S  1	1	22033180	22033188	78	4	50	pips_l40_r400_500-8000.hdf5	right	left
2204.3847	1	Stimulus/S  1	1	22043847	22043855	78	5	30	pips_l40_r400_500-8000.hdf5	right	left
2205.4514	1	Stimulus/S  1	1	22054514	22054522	79	0	20	pips_l40_r400_500-8000.hdf5	right	left
2206.5181	1	Stimulus/S  1	1	22065181	22065189	79	1	40	pips_l40_r400_500-8000.hdf5	right	left
2207.5847	1	Stimulus/S  1	1	22075847	22075855	79	2	60	pips_l40_r400_500-8000.hdf5	right	left
2208.6514	1	Stimulus/S  1	1	22086514	22086522	79	3	70	pips_l40_r400_500-8000.hdf5	right	left
2209.7181	1	Stimulus/S  1	1	22097181	22097189	79	4	50	pips_l40_r400_500-8000.hdf5	right	left
2210.7848	1	Stimulus/S  1	1	22107848	22107856	79	5	30	pips_l40_r400_500-8000.hdf5	right	left
2211.8514	1	Stimulus/S  1	1	22118514	22118522	80	0	20	pips_l40_r400_500-8000.hdf5	right	left
2212.9181	1	Stimulus/S  1	1	22129181	22129189	80	1	40	pips_l40_r400_500-8000.hdf5	right	left
2213.9741	1	Stimulus/S  1	1	22139741	22139749	80	2	60	pips_l40_r400_500-8000.hdf5	right	left
2215.0408	1	Stimulus/S  1	1	22150408	22150416	80	3	70	pips_l40_r400_500-8000.hdf5	right	left
2216.0862	1	Stimulus/S  1	1	22160862	22160870	80	4	50	pips_l40_r400_500-8000.hdf5	right	left
2217.1422	1	Stimulus/S  1	1	22171422	22171430	80	5	30	pips_l40_r400_500-8000.hdf5	right	left
2218.1875	1	Stimulus/S  1	1	22181875	22181883	81	0	20	pips_l40_r400_500-8000.hdf5	right	left
2219.2328	1	Stimulus/S  1	1	22192328	22192336	81	1	40	pips_l40_r400_500-8000.hdf5	right	left
2220.2889	1	Stimulus/S  1	1	22202889	22202897	81	2	60	pips_l40_r400_500-8000.hdf5	right	left
2221.3555	1	Stimulus/S  1	1	22213555	22213563	81	3	70	pips_l40_r400_500-8000.hdf5	right	left
2222.4009	1	Stimulus/S  1	1	22224009	22224017	81	4	50	pips_l40_r400_500-8000.hdf5	right	left
2223.4569	1	Stimulus/S  1	1	22234569	22234577	81	5	30	pips_l40_r400_500-8000.hdf5	right	left
2224.5022	1	Stimulus/S  1	1	22245022	22245030	82	0	20	pips_l40_r400_500-8000.hdf5	right	left
2225.5582	1	Stimulus/S  1	1	22255582	22255590	82	1	40	pips_l40_r400_500-8000.hdf5	right	left
2226.6036	1	Stimulus/S  1	1	22266036	22266044	82	2	60	pips_l40_r400_500-8000.hdf5	right	left
2227.6489	1	Stimulus/S  1	1	22276489	22276497	82	3	70	pips_l40_r400_500-8000.hdf5	right	left
2228.7049	1	Stimulus/S  1	1	22287049	22287057	82	4	50	pips_l40_r400_500-8000.hdf5	right	left
2229.7503	1	Stimulus/S  1	1	22297503	22297511	82	5	30	pips_l40_r400_500-8000.hdf5	right	left
2230.8063	1	Stimulus/S  1	1	22308063	22308071	83	0	20	pips_l40_r400_500-8000.hdf5	right	left
2231.8516	1	Stimulus/S  1	1	22318516	22318524	83	1	40	pips_l40_r400_500-8000.hdf5	right	left
2232.9076	1	Stimulus/S  1	1	22329076	22329084	83	2	60	pips_l40_r400_500-8000.hdf5	right	left
2233.9743	1	Stimulus/S  1	1	22339743	22339751	83	3	70	pips_l40_r400_500-8000.hdf5	right	left
2235.0197	1	Stimulus/S  1	1	22350197	22350205	83	4	50	pips_l40_r400_500-8000.hdf5	right	left
2236.0863	1	Stimulus/S  1	1	22360863	22360871	83	5	30	pips_l40_r400_500-8000.hdf5	right	left
2237.1424	1	Stimulus/S  1	1	22371424	22371432	84	0	20	pips_l40_r400_500-8000.hdf5	right	left
2238.209	1	Stimulus/S  1	1	22382090	22382098	84	1	40	pips_l40_r400_500-8000.hdf5	right	left
2239.2757	1	Stimulus/S  1	1	22392757	22392765	84	2	60	pips_l40_r400_500-8000.hdf5	right	left
2240.3424	1	Stimulus/S  1	1	22403424	22403432	84	3	70	pips_l40_r400_500-8000.hdf5	right	left
2241.4091	1	Stimulus/S  1	1	22414091	22414099	84	4	50	pips_l40_r400_500-8000.hdf5	right	left
2242.4757	1	Stimulus/S  1	1	22424757	22424765	84	5	30	pips_l40_r400_500-8000.hdf5	right	left
2243.5424	1	Stimulus/S  1	1	22435424	22435432	85	0	20	pips_l40_r400_500-8000.hdf5	right	left
2244.6091	1	Stimulus/S  1	1	22446091	22446099	85	1	40	pips_l40_r400_500-8000.hdf5	right	left
2245.6758	1	Stimulus/S  1	1	22456758	22456766	85	2	60	pips_l40_r400_500-8000.hdf5	right	left
2246.7425	1	Stimulus/S  1	1	22467425	22467433	85	3	70	pips_l40_r400_500-8000.hdf5	right	left
2247.7878	1	Stimulus/S  1	1	22477878	22477886	85	4	50	pips_l40_r400_500-8000.hdf5	right	left
2248.8331	1	Stimulus/S  1	1	22488331	22488339	85	5	30	pips_l40_r400_500-8000.hdf5	right	left
2249.8891	1	Stimulus/S  1	1	22498891	22498899	86	0	20	pips_l40_r400_500-8000.hdf5	right	left
2250.9345	1	Stimulus/S  1	1	22509345	22509353	86	1	40	pips_l40_r400_500-8000.hdf5	right	left
2251.9905	1	Stimulus/S  1	1	22519905	22519913	86	2	60	pips_l40_r400_500-8000.hdf5	right	left
2253.0358	1	Stimulus/S  1	1	22530358	22530366	86	3	70	pips_l40_r400_500-8000.hdf5	right	left
2254.0919	1	Stimulus/S  1	1	22540919	22540927	86	4	50	pips_l40_r400_500-8000.hdf5	right	left
2255.1372	1	Stimulus/S  1	1	22551372	22551380	86	5	30	pips_l40_r400_500-8000.hdf5	right	left
2256.2039	1	Stimulus/S  1	1	22562039	22562047	87	0	20	pips_l40_r400_500-8000.hdf5	right	left
2257.2599	1	Stimulus/S  1	1	22572599	22572607	87	1	40	pips_l40_r400_500-8000.hdf5	right	left
2258.3266	1	Stimulus/S  1	1	22583266	22583274	87	2	60	pips_l40_r400_500-8000.hdf5	right	left
2259.3932	1	Stimulus/S  1	1	22593932	22593940	87	3	70	pips_l40_r400_500-8000.hdf5	right	left
2260.4599	1	Stimulus/S  1	1	22604599	22604607	87	4	50	pips_l40_r400_500-8000.hdf5	right	left
2261.5266	1	Stimulus/S  1	1	22615266	22615274	87	5	30	pips_l40_r400_500-8000.hdf5	right	left
2262.5933	1	Stimulus/S  1	1	22625933	22625941	88	0	20	pips_l40_r400_500-8000.hdf5	right	left
2263.66	1	Stimulus/S  1	1	22636600	22636608	88	1	40	pips_l40_r400_500-8000.hdf5	right	left
2264.7053	1	Stimulus/S  1	1	22647053	22647061	88	2	60	pips_l40_r400_500-8000.hdf5	right	left
2265.772	1	Stimulus/S  1	1	22657720	22657728	88	3	70	pips_l40_r400_500-8000.hdf5	right	left
2266.8173	1	Stimulus/S  1	1	22668173	22668181	88	4	50	pips_l40_r400_500-8000.hdf5	right	left
2267.884	1	Stimulus/S  1	1	22678840	22678848	88	5	30	pips_l40_r400_500-8000.hdf5	right	left
2268.94	1	Stimulus/S  1	1	22689400	22689408	89	0	20	pips_l40_r400_500-8000.hdf5	right	left
2269.9853	1	Stimulus/S  1	1	22699853	22699861	89	1	40	pips_l40_r400_500-8000.hdf5	right	left
2271.0414	1	Stimulus/S  1	1	22710414	22710422	89	2	60	pips_l40_r400_500-8000.hdf5	right	left
2272.0867	1	Stimulus/S  1	1	22720867	22720875	89	3	70	pips_l40_r400_500-8000.hdf5	right	left
2273.1427	1	Stimulus/S  1	1	22731427	22731435	89	4	50	pips_l40_r400_500-8000.hdf5	right	left
2274.1881	1	Stimulus/S  1	1	22741881	22741889	89	5	30	pips_l40_r400_500-8000.hdf5	right	left
2275.2334	1	Stimulus/S  1	1	22752334	22752342	90	0	20	pips_l40_r400_500-8000.hdf5	right	left
2276.3001	1	Stimulus/S  1	1	22763001	22763009	90	1	40	pips_l40_r400_500-8000.hdf5	right	left
2277.3561	1	Stimulus/S  1	1	22773561	22773569	90	2	60	pips_l40_r400_500-8000.hdf5	right	left
2278.4228	1	Stimulus/S  1	1	22784228	22784236	90	3	70	pips_l40_r400_500-8000.hdf5	right	left
2279.4681	1	Stimulus/S  1	1	22794681	22794689	90	4	50	pips_l40_r400_500-8000.hdf5	right	left
2280.5348	1	Stimulus/S  1	1	22805348	22805356	90	5	30	pips_l40_r400_500-8000.hdf5	right	left
2281.6015	1	Stimulus/S  1	1	22816015	22816023	91	0	20	pips_l40_r400_500-8000.hdf5	right	left
2282.6681	1	Stimulus/S  1	1	22826681	22826689	91	1	40	pips_l40_r400_500-8000.hdf5	right	left
2283.7348	1	Stimulus/S  1	1	22837348	22837356	91	2	60	pips_l40_r400_500-8000.hdf5	right	left
2284.8015	1	Stimulus/S  1	1	22848015	22848023	91	3	70	pips_l40_r400_500-8000.hdf5	right	left
2285.8682	1	Stimulus/S  1	1	22858682	22858690	91	4	50	pips_l40_r400_500-8000.hdf5	right	left
2286.9242	1	Stimulus/S  1	1	22869242	22869250	91	5	30	pips_l40_r400_500-8000.hdf5	right	left
2287.9909	1	Stimulus/S  1	1	22879909	22879917	92	0	20	pips_l40_r400_500-8000.hdf5	right	left
2289.0362	1	Stimulus/S  1	1	22890362	22890370	92	1	40	pips_l40_r400_500-8000.hdf5	right	left
2290.1029	1	Stimulus/S  1	1	22901029	22901037	92	2	60	pips_l40_r400_500-8000.hdf5	right	left
2291.1589	1	Stimulus/S  1	1	22911589	22911597	92	3	70	pips_l40_r400_500-8000.hdf5	right	left
2292.2042	1	Stimulus/S  1	1	22922042	22922050	92	4	50	pips_l40_r400_500-8000.hdf5	right	left
2293.2602	1	Stimulus/S  1	1	22932602	22932610	92	5	30	pips_l40_r400_500-8000.hdf5	right	left
2294.3056	1	Stimulus/S  1	1	22943056	22943064	93	0	20	pips_l40_r400_500-8000.hdf5	right	left
2295.3509	1	Stimulus/S  1	1	22953509	22953517	93	1	40	pips_l40_r400_500-8000.hdf5	right	left
2296.4176	1	Stimulus/S  1	1	22964176	22964184	93	2	60	pips_l40_r400_500-8000.hdf5	right	left
2297.4736	1	Stimulus/S  1	1	22974736	22974744	93	3	70	pips_l40_r400_500-8000.hdf5	right	left
2298.5403	1	Stimulus/S  1	1	22985403	22985411	93	4	50	pips_l40_r400_500-8000.hdf5	right	left
2299.5856	1	Stimulus/S  1	1	22995856	22995864	93	5	30	pips_l40_r400_500-8000.hdf5	right	left
2300.6523	1	Stimulus/S  1	1	23006523	23006531	94	0	20	pips_l40_r400_500-8000.hdf5	right	left
2301.719	1	Stimulus/S  1	1	23017190	23017198	94	1	40	pips_l40_r400_500-8000.hdf5	right	left
2302.7857	1	Stimulus/S  1	1	23027857	23027865	94	2	60	pips_l40_r400_500-8000.hdf5	right	left
2303.8523	1	Stimulus/S  1	1	23038523	23038531	94	3	70	pips_l40_r400_500-8000.hdf5	right	left
2304.919	1	Stimulus/S  1	1	23049190	23049198	94	4	50	pips_l40_r400_500-8000.hdf5	right	left
2305.9857	1	Stimulus/S  1	1	23059857	23059865	94	5	30	pips_l40_r400_500-8000.hdf5	right	left
2307.0417	1	Stimulus/S  1	1	23070417	23070425	95	0	20	pips_l40_r400_500-8000.hdf5	right	left
2308.1084	1	Stimulus/S  1	1	23081084	23081092	95	1	40	pips_l40_r400_500-8000.hdf5	right	left
2309.1537	1	Stimulus/S  1	1	23091537	23091545	95	2	60	pips_l40_r400_500-8000.hdf5	right	left
2310.2204	1	Stimulus/S  1	1	23102204	23102212	95	3	70	pips_l40_r400_500-8000.hdf5	right	left
2311.2764	1	Stimulus/S  1	1	23112764	23112772	95	4	50	pips_l40_r400_500-8000.hdf5	right	left
2312.3218	1	Stimulus/S  1	1	23123218	23123226	95	5	30	pips_l40_r400_500-8000.hdf5	right	left
2313.3671	1	Stimulus/S  1	1	23133671	23133679	96	0	20	pips_l40_r400_500-8000.hdf5	right	left
2314.4231	1	Stimulus/S  1	1	23144231	23144239	96	1	40	pips_l40_r400_500-8000.hdf5	right	left
2315.4685	1	Stimulus/S  1	1	23154685	23154693	96	2	60	pips_l40_r400_500-8000.hdf5	right	left
2316.5351	1	Stimulus/S  1	1	23165351	23165359	96	3	70	pips_l40_r400_500-8000.hdf5	right	left
2317.5911	1	Stimulus/S  1	1	23175911	23175919	96	4	50	pips_l40_r400_500-8000.hdf5	right	left
2318.6578	1	Stimulus/S  1	1	23186578	23186586	96	5	30	pips_l40_r400_500-8000.hdf5	right	left
2319.7245	1	Stimulus/S  1	1	23197245	23197253	97	0	20	pips_l40_r400_500-8000.hdf5	right	left
2320.7912	1	Stimulus/S  1	1	23207912	23207920	97	1	40	pips_l40_r400_500-8000.hdf5	right	left
2321.8579	1	Stimulus/S  1	1	23218579	23218587	97	2	60	pips_l40_r400_500-8000.hdf5	right	left
2322.9245	1	Stimulus/S  1	1	23229245	23229253	97	3	70	pips_l40_r400_500-8000.hdf5	right	left
2323.9912	1	Stimulus/S  1	1	23239912	23239920	97	4	50	pips_l40_r400_500-8000.hdf5	right	left
2325.0366	1	Stimulus/S  1	1	23250366	23250374	97	5	30	pips_l40_r400_500-8000.hdf5	right	left
2326.1032	1	Stimulus/S  1	1	23261032	23261040	98	0	20	pips_l40_r400_500-8000.hdf5	right	left
2327.1592	1	Stimulus/S  1	1	23271592	23271600	98	1	40	pips_l40_r400_500-8000.hdf5	right	left
2328.2046	1	Stimulus/S  1	1	23282046	23282054	98	2	60	pips_l40_r400_500-8000.hdf5	right	left
2329.2606	1	Stimulus/S  1	1	23292606	23292614	98	3	70	pips_l40_r400_500-8000.hdf5	right	left
2330.3059	1	Stimulus/S  1	1	23303059	23303067	98	4	50	pips_l40_r400_500-8000.hdf5	right	left
2331.3513	1	Stimulus/S  1	1	23313513	23313521	98	5	30	pips_l40_r400_500-8000.hdf5	right	left
2332.4073	1	Stimulus/S  1	1	23324073	23324081	99	0	20	pips_l40_r400_500-8000.hdf5	right	left
2333.4526	1	Stimulus/S  1	1	23334526	23334534	99	1	40	pips_l40_r400_500-8000.hdf5	right	left
2334.5086	1	Stimulus/S  1	1	23345086	23345094	99	2	60	pips_l40_r400_500-8000.hdf5	right	left
2335.5753	1	Stimulus/S  1	1	23355753	23355761	99	3	70	pips_l40_r400_500-8000.hdf5	right	left
2336.6207	1	Stimulus/S  1	1	23366207	23366215	99	4	50	pips_l40_r400_500-8000.hdf5	right	left
2337.6873	1	Stimulus/S  1	1	23376873	23376881	99	5	30	pips_l40_r400_500-8000.hdf5	right	left
2338.754	1	Stimulus/S  1	1	23387540	23387548	100	0	20	pips_l40_r400_500-8000.hdf5	right	left
2339.8207	1	Stimulus/S  1	1	23398207	23398215	100	1	40	pips_l40_r400_500-8000.hdf5	right	left
2340.8874	1	Stimulus/S  1	1	23408874	23408882	100	2	60	pips_l40_r400_500-8000.hdf5	right	left
2341.9541	1	Stimulus/S  1	1	23419541	23419549	100	3	70	pips_l40_r400_500-8000.hdf5	right	left
2343.0207	1	Stimulus/S  1	1	23430207	23430215	100	4	50	pips_l40_r400_500-8000.hdf5	right	left
2344.0767	1	Stimulus/S  1	1	23440767	23440775	100	5	30	pips_l40_r400_500-8000.hdf5	right	left
2345.1434	1	Stimulus/S  1	1	23451434	23451442	101	0	20	pips_l40_r400_500-8000.hdf5	right	left
2346.1888	1	Stimulus/S  1	1	23461888	23461896	101	1	40	pips_l40_r400_500-8000.hdf5	right	left
2347.2554	1	Stimulus/S  1	1	23472554	23472562	101	2	60	pips_l40_r400_500-8000.hdf5	right	left
2348.3115	1	Stimulus/S  1	1	23483115	23483123	101	3	70	pips_l40_r400_500-8000.hdf5	right	left
2349.3568	1	Stimulus/S  1	1	23493568	23493576	101	4	50	pips_l40_r400_500-8000.hdf5	right	left
2350.4021	1	Stimulus/S  1	1	23504021	23504029	101	5	30	pips_l40_r400_500-8000.hdf5	right	left
2351.4688	1	Stimulus/S  1	1	23514688	23514696	102	0	20	pips_l40_r400_500-8000.hdf5	right	left
2352.5248	1	Stimulus/S  1	1	23525248	23525256	102	1	40	pips_l40_r400_500-8000.hdf5	right	left
2353.5915	1	Stimulus/S  1	1	23535915	23535923	102	2	60	pips_l40_r400_500-8000.hdf5	right	left
2354.6368	1	Stimulus/S  1	1	23546368	23546376	102	3	70	pips_l40_r400_500-8000.hdf5	right	left
2355.7035	1	Stimulus/S  1	1	23557035	23557043	102	4	50	pips_l40_r400_500-8000.hdf5	right	left
2356.7702	1	Stimulus/S  1	1	23567702	23567710	102	5	30	pips_l40_r400_500-8000.hdf5	right	left
2357.8369	1	Stimulus/S  1	1	23578369	23578377	103	0	20	pips_l40_r400_500-8000.hdf5	right	left
2358.9036	1	Stimulus/S  1	1	23589036	23589044	103	1	40	pips_l40_r400_500-8000.hdf5	right	left
2359.9702	1	Stimulus/S  1	1	23599702	23599710	103	2	60	pips_l40_r400_500-8000.hdf5	right	left
2361.0369	1	Stimulus/S  1	1	23610369	23610377	103	3	70	pips_l40_r400_500-8000.hdf5	right	left
2362.0929	1	Stimulus/S  1	1	23620929	23620937	103	4	50	pips_l40_r400_500-8000.hdf5	right	left
2363.1383	1	Stimulus/S  1	1	23631383	23631391	103	5	30	pips_l40_r400_500-8000.hdf5	right	left
2364.1943	1	Stimulus/S  1	1	23641943	23641951	104	0	20	pips_l40_r400_500-8000.hdf5	right	left
2365.2396	1	Stimulus/S  1	1	23652396	23652404	104	1	40	pips_l40_r400_500-8000.hdf5	right	left
2366.2956	1	Stimulus/S  1	1	23662956	23662964	104	2	60	pips_l40_r400_500-8000.hdf5	right	left
2367.341	1	Stimulus/S  1	1	23673410	23673418	104	3	70	pips_l40_r400_500-8000.hdf5	right	left
2368.3863	1	Stimulus/S  1	1	23683863	23683871	104	4	50	pips_l40_r400_500-8000.hdf5	right	left
2369.4423	1	Stimulus/S  1	1	23694423	23694431	104	5	30	pips_l40_r400_500-8000.hdf5	right	left
2370.509	1	Stimulus/S  1	1	23705090	23705098	105	0	20	pips_l40_r400_500-8000.hdf5	right	left
2371.5543	1	Stimulus/S  1	1	23715543	23715551	105	1	40	pips_l40_r400_500-8000.hdf5	right	left
2372.621	1	Stimulus/S  1	1	23726210	23726218	105	2	60	pips_l40_r400_500-8000.hdf5	right	left
2373.6877	1	Stimulus/S  1	1	23736877	23736885	105	3	70	pips_l40_r400_500-8000.hdf5	right	left
2374.7544	1	Stimulus/S  1	1	23747544	23747552	105	4	50	pips_l40_r400_500-8000.hdf5	right	left
2375.8211	1	Stimulus/S  1	1	23758211	23758219	105	5	30	pips_l40_r400_500-8000.hdf5	right	left
2376.8877	1	Stimulus/S  1	1	23768877	23768885	106	0	20	pips_l40_r400_500-8000.hdf5	right	left
2377.9544	1	Stimulus/S  1	1	23779544	23779552	106	1	40	pips_l40_r400_500-8000.hdf5	right	left
2379.0104	1	Stimulus/S  1	1	23790104	23790112	106	2	60	pips_l40_r400_500-8000.hdf5	right	left
2380.0771	1	Stimulus/S  1	1	23800771	23800779	106	3	70	pips_l40_r400_500-8000.hdf5	right	left
2381.1224	1	Stimulus/S  1	1	23811224	23811232	106	4	50	pips_l40_r400_500-8000.hdf5	right	left
2382.1785	1	Stimulus/S  1	1	23821785	23821793	106	5	30	pips_l40_r400_500-8000.hdf5	right	left
2383.2238	1	Stimulus/S  1	1	23832238	23832246	107	0	20	pips_l40_r400_500-8000.hdf5	right	left
2384.2691	1	Stimulus/S  1	1	23842691	23842699	107	1	40	pips_l40_r400_500-8000.hdf5	right	left
2385.3251	1	Stimulus/S  1	1	23853251	23853259	107	2	60	pips_l40_r400_500-8000.hdf5	right	left
2386.3705	1	Stimulus/S  1	1	23863705	23863713	107	3	70	pips_l40_r400_500-8000.hdf5	right	left
2387.4372	1	Stimulus/S  1	1	23874372	23874380	107	4	50	pips_l40_r400_500-8000.hdf5	right	left
2388.5038	1	Stimulus/S  1	1	23885038	23885046	107	5	30	pips_l40_r400_500-8000.hdf5	right	left
2389.5705	1	Stimulus/S  1	1	23895705	23895713	108	0	20	pips_l40_r400_500-8000.hdf5	right	left
2390.6372	1	Stimulus/S  1	1	23906372	23906380	108	1	40	pips_l40_r400_500-8000.hdf5	right	left
2391.7039	1	Stimulus/S  1	1	23917039	23917047	108	2	60	pips_l40_r400_500-8000.hdf5	right	left
2392.7706	1	Stimulus/S  1	1	23927706	23927714	108	3	70	pips_l40_r400_500-8000.hdf5	right	left
2393.8266	1	Stimulus/S  1	1	23938266	23938274	108	4	50	pips_l40_r400_500-8000.hdf5	right	left
2394.8932	1	Stimulus/S  1	1	23948932	23948940	108	5	30	pips_l40_r400_500-8000.hdf5	right	left
2395.9386	1	Stimulus/S  1	1	23959386	23959394	109	0	20	pips_l40_r400_500-8000.hdf5	right	left
2397.0053	1	Stimulus/S  1	1	23970053	23970061	109	1	40	pips_l40_r400_500-8000.hdf5	right	left
2398.0613	1	Stimulus/S  1	1	23980613	23980621	109	2	60	pips_l40_r400_500-8000.hdf5	right	left
2399.1066	1	Stimulus/S  1	1	23991066	23991074	109	3	70	pips_l40_r400_500-8000.hdf5	right	left
2400.1626	1	Stimulus/S  1	1	24001626	24001634	109	4	50	pips_l40_r400_500-8000.hdf5	right	left
2401.208	1	Stimulus/S  1	1	24012080	24012088	109	5	30	pips_l40_r400_500-8000.hdf5	right	left
2402.2533	1	Stimulus/S  1	1	24022533	24022541	110	0	20	pips_l40_r400_500-8000.hdf5	right	left
2403.32	1	Stimulus/S  1	1	24033200	24033208	110	1	40	pips_l40_r400_500-8000.hdf5	right	left
2404.376	1	Stimulus/S  1	1	24043760	24043768	110	2	60	pips_l40_r400_500-8000.hdf5	right	left
2405.4427	1	Stimulus/S  1	1	24054427	24054435	110	3	70	pips_l40_r400_500-8000.hdf5	right	left
2406.488	1	Stimulus/S  1	1	24064880	24064888	110	4	50	pips_l40_r400_500-8000.hdf5	right	left
2407.5547	1	Stimulus/S  1	1	24075547	24075555	110	5	30	pips_l40_r400_500-8000.hdf5	right	left
2408.6214	1	Stimulus/S  1	1	24086214	24086222	111	0	20	pips_l40_r400_500-8000.hdf5	right	left
2409.6881	1	Stimulus/S  1	1	24096881	24096889	111	1	40	pips_l40_r400_500-8000.hdf5	right	left
2410.7547	1	Stimulus/S  1	1	24107547	24107555	111	2	60	pips_l40_r400_500-8000.hdf5	right	left
2411.8214	1	Stimulus/S  1	1	24118214	24118222	111	3	70	pips_l40_r400_500-8000.hdf5	right	left
2412.8881	1	Stimulus/S  1	1	24128881	24128889	111	4	50	pips_l40_r400_500-8000.hdf5	right	left
2413.9441	1	Stimulus/S  1	1	24139441	24139449	111	5	30	pips_l40_r400_500-8000.hdf5	right	left
2414.9894	1	Stimulus/S  1	1	24149894	24149902	112	0	20	pips_l40_r400_500-8000.hdf5	right	left
2416.0455	1	Stimulus/S  1	1	24160455	24160463	112	1	40	pips_l40_r400_500-8000.hdf5	right	left
2417.0908	1	Stimulus/S  1	1	24170908	24170916	112	2	60	pips_l40_r400_500-8000.hdf5	right	left
2418.1361	1	Stimulus/S  1	1	24181361	24181369	112	3	70	pips_l40_r400_500-8000.hdf5	right	left
2419.1921	1	Stimulus/S  1	1	24191921	24191929	112	4	50	pips_l40_r400_500-8000.hdf5	right	left
2420.2588	1	Stimulus/S  1	1	24202588	24202596	112	5	30	pips_l40_r400_500-8000.hdf5	right	left
2421.3042	1	Stimulus/S  1	1	24213042	24213050	113	0	20	pips_l40_r400_500-8000.hdf5	right	left
2422.3708	1	Stimulus/S  1	1	24223708	24223716	113	1	40	pips_l40_r400_500-8000.hdf5	right	left
2423.4375	1	Stimulus/S  1	1	24234375	24234383	113	2	60	pips_l40_r400_500-8000.hdf5	right	left
2424.5042	1	Stimulus/S  1	1	24245042	24245050	113	3	70	pips_l40_r400_500-8000.hdf5	right	left
2425.5709	1	Stimulus/S  1	1	24255709	24255717	113	4	50	pips_l40_r400_500-8000.hdf5	right	left
2426.6376	1	Stimulus/S  1	1	24266376	24266384	113	5	30	pips_l40_r400_500-8000.hdf5	right	left
2427.7042	1	Stimulus/S  1	1	24277042	24277050	114	0	20	pips_l40_r400_500-8000.hdf5	right	left
2428.7602	1	Stimulus/S  1	1	24287602	24287610	114	1	40	pips_l40_r400_500-8000.hdf5	right	left
2429.8269	1	Stimulus/S  1	1	24298269	24298277	114	2	60	pips_l40_r400_500-8000.hdf5	right	left
2430.8723	1	Stimulus/S  1	1	24308723	24308731	114	3	70	pips_l40_r400_500-8000.hdf5	right	left
2431.9389	1	Stimulus/S  1	1	24319389	24319397	114	4	50	pips_l40_r400_500-8000.hdf5	right	left
2432.995	1	Stimulus/S  1	1	24329950	24329958	114	5	30	pips_l40_r400_500-8000.hdf5	right	left
2434.0403	1	Stimulus/S  1	1	24340403	24340411	115	0	20	pips_l40_r400_500-8000.hdf5	right	left
2435.0963	1	Stimulus/S  1	1	24350963	24350971	115	1	40	pips_l40_r400_500-8000.hdf5	right	left
2436.163	1	Stimulus/S  1	1	24361630	24361638	115	2	60	pips_l40_r400_500-8000.hdf5	right	left
2437.2083	1	Stimulus/S  1	1	24372083	24372091	115	3	70	pips_l40_r400_500-8000.hdf5	right	left
2438.275	1	Stimulus/S  1	1	24382750	24382758	115	4	50	pips_l40_r400_500-8000.hdf5	right	left
2439.3203	1	Stimulus/S  1	1	24393203	24393211	115	5	30	pips_l40_r400_500-8000.hdf5	right	left
2440.387	1	Stimulus/S  1	1	24403870	24403878	116	0	20	pips_l40_r400_500-8000.hdf5	right	left
2441.4537	1	Stimulus/S  1	1	24414537	24414545	116	1	40	pips_l40_r400_500-8000.hdf5	right	left
2442.5204	1	Stimulus/S  1	1	24425204	24425212	116	2	60	pips_l40_r400_500-8000.hdf5	right	left
2443.5871	1	Stimulus/S  1	1	24435871	24435879	116	3	70	pips_l40_r400_500-8000.hdf5	right	left
2444.6537	1	Stimulus/S  1	1	24446537	24446545	116	4	50	pips_l40_r400_500-8000.hdf5	right	left
2445.7204	1	Stimulus/S  1	1	24457204	24457212	116	5	30	pips_l40_r400_500-8000.hdf5	right	left
2446.7764	1	Stimulus/S  1	1	24467764	24467772	117	0	20	pips_l40_r400_500-8000.hdf5	right	left
2447.8218	1	Stimulus/S  1	1	24478218	24478226	117	1	40	pips_l40_r400_500-8000.hdf5	right	left
2448.8778	1	Stimulus/S  1	1	24488778	24488786	117	2	60	pips_l40_r400_500-8000.hdf5	right	left
2449.9231	1	Stimulus/S  1	1	24499231	24499239	117	3	70	pips_l40_r400_500-8000.hdf5	right	left
2450.9791	1	Stimulus/S  1	1	24509791	24509799	117	4	50	pips_l40_r400_500-8000.hdf5	right	left
2452.0245	1	Stimulus/S  1	1	24520245	24520253	117	5	30	pips_l40_r400_500-8000.hdf5	right	left
2453.0698	1	Stimulus/S  1	1	24530698	24530706	118	0	20	pips_l40_r400_500-8000.hdf5	right	left
2454.1258	1	Stimulus/S  1	1	24541258	24541266	118	1	40	pips_l40_r400_500-8000.hdf5	right	left
2455.1925	1	Stimulus/S  1	1	24551925	24551933	118	2	60	pips_l40_r400_500-8000.hdf5	right	left
2456.2378	1	Stimulus/S  1	1	24562378	24562386	118	3	70	pips_l40_r400_500-8000.hdf5	right	left
2457.3045	1	Stimulus/S  1	1	24573045	24573053	118	4	50	pips_l40_r400_500-8000.hdf5	right	left
2458.3712	1	Stimulus/S  1	1	24583712	24583720	118	5	30	pips_l40_r400_500-8000.hdf5	right	left
2459.4379	1	Stimulus/S  1	1	24594379	24594387	119	0	20	pips_l40_r400_500-8000.hdf5	right	left
2460.5046	1	Stimulus/S  1	1	24605046	24605054	119	1	40	pips_l40_r400_500-8000.hdf5	right	left
2461.5712	1	Stimulus/S  1	1	24615712	24615720	119	2	60	pips_l40_r400_500-8000.hdf5	right	left
2462.6379	1	Stimulus/S  1	1	24626379	24626387	119	3	70	pips_l40_r400_500-8000.hdf5	right	left
2463.6939	1	Stimulus/S  1	1	24636939	24636947	119	4	50	pips_l40_r400_500-8000.hdf5	right	left
2464.7393	1	Stimulus/S  1	1	24647393	24647401	119	5	30	pips_l40_r400_500-8000.hdf5	right	left
2465.7953	1	Stimulus/S  1	1	24657953	24657961	0	0	20	pips_l40_r400_500-8000.hdf5	right	left
2466.8406	1	Stimulus/S  1	1	24668406	24668414	0	1	40	pips_l40_r400_500-8000.hdf5	right	left
2467.8966	1	Stimulus/S  1	1	24678966	24678974	0	2	60	pips_l40_r400_500-8000.hdf5	right	left
2468.942	1	Stimulus/S  1	1	24689420	24689428	0	3	70	pips_l40_r400_500-8000.hdf5	right	left
2469.9873	1	Stimulus/S  1	1	24699873	24699881	0	4	50	pips_l40_r400_500-8000.hdf5	right	left
2471.0433	1	Stimulus/S  1	1	24710433	24710441	0	5	30	pips_l40_r400_500-8000.hdf5	right	left
2472.11	1	Stimulus/S  1	1	24721100	24721108	1	0	20	pips_l40_r400_500-8000.hdf5	right	left
2473.1553	1	Stimulus/S  1	1	24731553	24731561	1	1	40	pips_l40_r400_500-8000.hdf5	right	left
2474.222	1	Stimulus/S  1	1	24742220	24742228	1	2	60	pips_l40_r400_500-8000.hdf5	right	left
2475.2887	1	Stimulus/S  1	1	24752887	24752895	1	3	70	pips_l40_r400_500-8000.hdf5	right	left
2476.3554	1	Stimulus/S  1	1	24763554	24763562	1	4	50	pips_l40_r400_500-8000.hdf5	right	left
2477.4221	1	Stimulus/S  1	1	24774221	24774229	1	5	30	pips_l40_r400_500-8000.hdf5	right	left
2478.4887	1	Stimulus/S  1	1	24784887	24784895	2	0	20	pips_l40_r400_500-8000.hdf5	right	left
2479.5554	1	Stimulus/S  1	1	24795554	24795562	2	1	40	pips_l40_r400_500-8000.hdf5	right	left
2480.6114	1	Stimulus/S  1	1	24806114	24806122	2	2	60	pips_l40_r400_500-8000.hdf5	right	left
2481.6781	1	Stimulus/S  1	1	24816781	24816789	2	3	70	pips_l40_r400_500-8000.hdf5	right	left
2482.7234	1	Stimulus/S  1	1	24827234	24827242	2	4	50	pips_l40_r400_500-8000.hdf5	right	left
2483.7795	1	Stimulus/S  1	1	24837795	24837803	2	5	30	pips_l40_r400_500-8000.hdf5	right	left
2484.8248	1	Stimulus/S  1	1	24848248	24848256	3	0	20	pips_l40_r400_500-8000.hdf5	right	left
2485.8701	1	Stimulus/S  1	1	24858701	24858709	3	1	40	pips_l40_r400_500-8000.hdf5	right	left
2486.9261	1	Stimulus/S  1	1	24869261	24869269	3	2	60	pips_l40_r400_500-8000.hdf5	right	left
2487.9715	1	Stimulus/S  1	1	24879715	24879723	3	3	70	pips_l40_r400_500-8000.hdf5	right	left
2489.0275	1	Stimulus/S  1	1	24890275	24890283	3	4	50	pips_l40_r400_500-8000.hdf5	right	left
2490.0942	1	Stimulus/S  1	1	24900942	24900950	3	5	30	pips_l40_r400_500-8000.hdf5	right	left
2491.1609	1	Stimulus/S  1	1	24911609	24911617	4	0	20	pips_l40_r400_500-8000.hdf5	right	left
2492.2275	1	Stimulus/S  1	1	24922275	24922283	4	1	40	pips_l40_r400_500-8000.hdf5	right	left
2493.2942	1	Stimulus/S  1	1	24932942	24932950	4	2	60	pips_l40_r400_500-8000.hdf5	right	left
2494.3396	1	Stimulus/S  1	1	24943396	24943404	4	3	70	pips_l40_r400_500-8000.hdf5	right	left
2495.4062	1	Stimulus/S  1	1	24954062	24954070	4	4	50	pips_l40_r400_500-8000.hdf5	right	left
2496.4622	1	Stimulus/S  1	1	24964622	24964630	4	5	30	pips_l40_r400_500-8000.hdf5	right	left
2497.5289	1	Stimulus/S  1	1	24975289	24975297	5	0	20	pips_l40_r400_500-8000.hdf5	right	left
2498.5743	1	Stimulus/S  1	1	24985743	24985751	5	1	40	pips_l40_r400_500-8000.hdf5	right	left
2499.6303	1	Stimulus/S  1	1	24996303	24996311	5	2	60	pips_l40_r400_500-8000.hdf5	right	left
2500.6756	1	Stimulus/S  1	1	25006756	25006764	5	3	70	pips_l40_r400_500-8000.hdf5	right	left
2501.721	1	Stimulus/S  1	1	25017210	25017218	5	4	50	pips_l40_r400_500-8000.hdf5	right	left
2502.777	1	Stimulus/S  1	1	25027770	25027778	5	5	30	pips_l40_r400_500-8000.hdf5	right	left
2503.8436	1	Stimulus/S  1	1	25038436	25038444	6	0	20	pips_l40_r400_500-8000.hdf5	right	left
2504.889	1	Stimulus/S  1	1	25048890	25048898	6	1	40	pips_l40_r400_500-8000.hdf5	right	left
2505.9557	1	Stimulus/S  1	1	25059557	25059565	6	2	60	pips_l40_r400_500-8000.hdf5	right	left
2507.0117	1	Stimulus/S  1	1	25070117	25070125	6	3	70	pips_l40_r400_500-8000.hdf5	right	left
2508.0784	1	Stimulus/S  1	1	25080784	25080792	6	4	50	pips_l40_r400_500-8000.hdf5	right	left
2509.145	1	Stimulus/S  1	1	25091450	25091458	6	5	30	pips_l40_r400_500-8000.hdf5	right	left
2510.2117	1	Stimulus/S  1	1	25102117	25102125	7	0	20	pips_l40_r400_500-8000.hdf5	right	left
2511.2571	1	Stimulus/S  1	1	25112571	25112579	7	1	40	pips_l40_r400_500-8000.hdf5	right	left
2512.3237	1	Stimulus/S  1	1	25123237	25123245	7	2	60	pips_l40_r400_500-8000.hdf5	right	left
2513.3797	1	Stimulus/S  1	1	25133797	25133805	7	3	70	pips_l40_r400_500-8000.hdf5	right	left
2514.4464	1	Stimulus/S  1	1	25144464	25144472	7	4	50	pips_l40_r400_500-8000.hdf5	right	left
2515.4918	1	Stimulus/S  1	1	25154918	25154926	7	5	30	pips_l40_r400_500-8000.hdf5	right	left
2516.5371	1	Stimulus/S  1	1	25165371	25165379	8	0	20	pips_l40_r400_500-8000.hdf5	right	left
2517.5931	1	Stimulus/S  1	1	25175931	25175939	8	1	40	pips_l40_r400_500-8000.hdf5	right	left
2518.6598	1	Stimulus/S  1	1	25186598	25186606	8	2	60	pips_l40_r400_500-8000.hdf5	right	left
2519.7051	1	Stimulus/S  1	1	25197051	25197059	8	3	70	pips_l40_r400_500-8000.hdf5	right	left
2520.7718	1	Stimulus/S  1	1	25207718	25207726	8	4	50	pips_l40_r400_500-8000.hdf5	right	left
2521.8278	1	Stimulus/S  1	1	25218278	25218286	8	5	30	pips_l40_r400_500-8000.hdf5	right	left
2522.8945	1	Stimulus/S  1	1	25228945	25228953	9	0	20	pips_l40_r400_500-8000.hdf5	right	left
2523.9612	1	Stimulus/S  1	1	25239612	25239620	9	1	40	pips_l40_r400_500-8000.hdf5	right	left
2525.0279	1	Stimulus/S  1	1	25250279	25250287	9	2	60	pips_l40_r400_500-8000.hdf5	right	left
2526.0945	1	Stimulus/S  1	1	25260945	25260953	9	3	70	pips_l40_r400_500-8000.hdf5	right	left
2527.1612	1	Stimulus/S  1	1	25271612	25271620	9	4	50	pips_l40_r400_500-8000.hdf5	right	left
2528.2279	1	Stimulus/S  1	1	25282279	25282287	9	5	30	pips_l40_r400_500-8000.hdf5	right	left
2529.2732	1	Stimulus/S  1	1	25292732	25292740	10	0	20	pips_l40_r400_500-8000.hdf5	right	left
2530.3399	1	Stimulus/S  1	1	25303399	25303407	10	1	40	pips_l40_r400_500-8000.hdf5	right	left
2531.3959	1	Stimulus/S  1	1	25313959	25313967	10	2	60	pips_l40_r400_500-8000.hdf5	right	left
2532.4413	1	Stimulus/S  1	1	25324413	25324421	10	3	70	pips_l40_r400_500-8000.hdf5	right	left
2533.4973	1	Stimulus/S  1	1	25334973	25334981	10	4	50	pips_l40_r400_500-8000.hdf5	right	left
2534.5426	1	Stimulus/S  1	1	25345426	25345434	10	5	30	pips_l40_r400_500-8000.hdf5	right	left
2535.588	1	Stimulus/S  1	1	25355880	25355888	11	0	20	pips_l40_r400_500-8000.hdf5	right	left
2536.644	1	Stimulus/S  1	1	25366440	25366448	11	1	40	pips_l40_r400_500-8000.hdf5	right	left
2537.7106	1	Stimulus/S  1	1	25377106	25377114	11	2	60	pips_l40_r400_500-8000.hdf5	right	left
2538.7773	1	Stimulus/S  1	1	25387773	25387781	11	3	70	pips_l40_r400_500-8000.hdf5	right	left
2539.844	1	Stimulus/S  1	1	25398440	25398448	11	4	50	pips_l40_r400_500-8000.hdf5	right	left
2540.9107	1	Stimulus/S  1	1	25409107	25409115	11	5	30	pips_l40_r400_500-8000.hdf5	right	left
2541.9774	1	Stimulus/S  1	1	25419774	25419782	12	0	20	pips_l40_r400_500-8000.hdf5	right	left
2543.044	1	Stimulus/S  1	1	25430440	25430448	12	1	40	pips_l40_r400_500-8000.hdf5	right	left
2544.0894	1	Stimulus/S  1	1	25440894	25440902	12	2	60	pips_l40_r400_500-8000.hdf5	right	left
2545.1561	1	Stimulus/S  1	1	25451561	25451569	12	3	70	pips_l40_r400_500-8000.hdf5	right	left
2546.2121	1	Stimulus/S  1	1	25462121	25462129	12	4	50	pips_l40_r400_500-8000.hdf5	right	left
2547.2787	1	Stimulus/S  1	1	25472787	25472795	12	5	30	pips_l40_r400_500-8000.hdf5	right	left
2548.3241	1	Stimulus/S  1	1	25483241	25483249	13	0	20	pips_l40_r400_500-8000.hdf5	right	left
2549.3801	1	Stimulus/S  1	1	25493801	25493809	13	1	40	pips_l40_r400_500-8000.hdf5	right	left
2550.4254	1	Stimulus/S  1	1	25504254	25504262	13	2	60	pips_l40_r400_500-8000.hdf5	right	left
2551.4814	1	Stimulus/S  1	1	25514814	25514822	13	3	70	pips_l40_r400_500-8000.hdf5	right	left
2552.5268	1	Stimulus/S  1	1	25525268	25525276	13	4	50	pips_l40_r400_500-8000.hdf5	right	left
2553.5935	1	Stimulus/S  1	1	25535935	25535943	13	5	30	pips_l40_r400_500-8000.hdf5	right	left
2554.6388	1	Stimulus/S  1	1	25546388	25546396	14	0	20	pips_l40_r400_500-8000.hdf5	right	left
2555.7055	1	Stimulus/S  1	1	25557055	25557063	14	1	40	pips_l40_r400_500-8000.hdf5	right	left
2556.7615	1	Stimulus/S  1	1	25567615	25567623	14	2	60	pips_l40_r400_500-8000.hdf5	right	left
2557.8282	1	Stimulus/S  1	1	25578282	25578290	14	3	70	pips_l40_r400_500-8000.hdf5	right	left
2558.8949	1	Stimulus/S  1	1	25588949	25588957	14	4	50	pips_l40_r400_500-8000.hdf5	right	left
2559.9615	1	Stimulus/S  1	1	25599615	25599623	14	5	30	pips_l40_r400_500-8000.hdf5	right	left
2561.0069	1	Stimulus/S  1	1	25610069	25610077	15	0	20	pips_l40_r400_500-8000.hdf5	right	left
2562.0736	1	Stimulus/S  1	1	25620736	25620744	15	1	40	pips_l40_r400_500-8000.hdf5	right	left
2563.1296	1	Stimulus/S  1	1	25631296	25631304	15	2	60	pips_l40_r400_500-8000.hdf5	right	left
2564.1962	1	Stimulus/S  1	1	25641962	25641970	15	3	70	pips_l40_r400_500-8000.hdf5	right	left
2565.2416	1	Stimulus/S  1	1	25652416	25652424	15	4	50	pips_l40_r400_500-8000.hdf5	right	left
2566.2976	1	Stimulus/S  1	1	25662976	25662984	15	5	30	pips_l40_r400_500-8000.hdf5	right	left
2567.3429	1	Stimulus/S  1	1	25673429	25673437	16	0	20	pips_l40_r400_500-8000.hdf5	right	left
2568.4096	1	Stimulus/S  1	1	25684096	25684104	16	1	40	pips_l40_r400_500-8000.hdf5	right	left
2569.4656	1	Stimulus/S  1	1	25694656	25694664	16	2	60	pips_l40_r400_500-8000.hdf5	right	left
2570.5216	1	Stimulus/S  1	1	25705216	25705224	16	3	70	pips_l40_r400_500-8000.hdf5	right	left
2571.5776	1	Stimulus/S  1	1	25715776	25715784	16	4	50	pips_l40_r400_500-8000.hdf5	right	left
2572.6443	1	Stimulus/S  1	1	25726443	25726451	16	5	30	pips_l40_r400_500-8000.hdf5	right	left
2573.711	1	Stimulus/S  1	1	25737110	25737118	17	0	20	pips_l40_r400_500-8000.hdf5	right	left
2574.7777	1	Stimulus/S  1	1	25747777	25747785	17	1	40	pips_l40_r400_500-8000.hdf5	right	left
2575.8444	1	Stimulus/S  1	1	25758444	25758452	17	2	60	pips_l40_r400_500-8000.hdf5	right	left
2576.911	1	Stimulus/S  1	1	25769110	25769118	17	3	70	pips_l40_r400_500-8000.hdf5	right	left
2577.9777	1	Stimulus/S  1	1	25779777	25779785	17	4	50	pips_l40_r400_500-8000.hdf5	right	left
2579.0231	1	Stimulus/S  1	1	25790231	25790239	17	5	30	pips_l40_r400_500-8000.hdf5	right	left
2580.0791	1	Stimulus/S  1	1	25800791	25800799	18	0	20	pips_l40_r400_500-8000.hdf5	right	left
2581.1244	1	Stimulus/S  1	1	25811244	25811252	18	1	40	pips_l40_r400_500-8000.hdf5	right	left
2582.1804	1	Stimulus/S  1	1	25821804	25821812	18	2	60	pips_l40_r400_500-8000.hdf5	right	left
2583.2258	1	Stimulus/S  1	1	25832258	25832266	18	3	70	pips_l40_r400_500-8000.hdf5	right	left
2584.2818	1	Stimulus/S  1	1	25842818	25842826	18	4	50	pips_l40_r400_500-8000.hdf5	right	left
2585.3484	1	Stimulus/S  1	1	25853484	25853492	18	5	30	pips_l40_r400_500-8000.hdf5	right	left
2586.3938	1	Stimulus/S  1	1	25863938	25863946	19	0	20	pips_l40_r400_500-8000.hdf5	right	left
2587.4605	1	Stimulus/S  1	1	25874605	25874613	19	1	40	pips_l40_r400_500-8000.hdf5	right	left
2588.5271	1	Stimulus/S  1	1	25885271	25885279	19	2	60	pips_l40_r400_500-8000.hdf5	right	left
2589.5938	1	Stimulus/S  1	1	25895938	25895946	19	3	70	pips_l40_r400_500-8000.hdf5	right	left
2590.6605	1	Stimulus/S  1	1	25906605	25906613	19	4	50	pips_l40_r400_500-8000.hdf5	right	left
2591.7272	1	Stimulus/S  1	1	25917272	25917280	19	5	30	pips_l40_r400_500-8000.hdf5	right	left
2592.7939	1	Stimulus/S  1	1	25927939	25927947	20	0	20	pips_l40_r400_500-8000.hdf5	right	left
2593.8392	1	Stimulus/S  1	1	25938392	25938400	20	1	40	pips_l40_r400_500-8000.hdf5	right	left
2594.9059	1	Stimulus/S  1	1	25949059	25949067	20	2	60	pips_l40_r400_500-8000.hdf5	right	left
2595.9619	1	Stimulus/S  1	1	25959619	25959627	20	3	70	pips_l40_r400_500-8000.hdf5	right	left
2597.0286	1	Stimulus/S  1	1	25970286	25970294	20	4	50	pips_l40_r400_500-8000.hdf5	right	left
2598.0739	1	Stimulus/S  1	1	25980739	25980747	20	5	30	pips_l40_r400_500-8000.hdf5	right	left
2599.1299	1	Stimulus/S  1	1	25991299	25991307	21	0	20	pips_l40_r400_500-8000.hdf5	right	left
2600.1753	1	Stimulus/S  1	1	26001753	26001761	21	1	40	pips_l40_r400_500-8000.hdf5	right	left
2601.2313	1	Stimulus/S  1	1	26012313	26012321	21	2	60	pips_l40_r400_500-8000.hdf5	right	left
2602.2766	1	Stimulus/S  1	1	26022766	26022774	21	3	70	pips_l40_r400_500-8000.hdf5	right	left
2603.3433	1	Stimulus/S  1	1	26033433	26033441	21	4	50	pips_l40_r400_500-8000.hdf5	right	left
2604.3993	1	Stimulus/S  1	1	26043993	26044001	21	5	30	pips_l40_r400_500-8000.hdf5	right	left
2605.466	1	Stimulus/S  1	1	26054660	26054668	22	0	20	pips_l40_r400_500-8000.hdf5	right	left
2606.5113	1	Stimulus/S  1	1	26065113	26065121	22	1	40	pips_l40_r400_500-8000.hdf5	right	left
2607.578	1	Stimulus/S  1	1	26075780	26075788	22	2	60	pips_l40_r400_500-8000.hdf5	right	left
2608.6447	1	Stimulus/S  1	1	26086447	26086455	22	3	70	pips_l40_r400_500-8000.hdf5	right	left
2609.7114	1	Stimulus/S  1	1	26097114	26097122	22	4	50	pips_l40_r400_500-8000.hdf5	right	left
2610.7567	1	Stimulus/S  1	1	26107567	26107575	22	5	30	pips_l40_r400_500-8000.hdf5	right	left
2611.8234	1	Stimulus/S  1	1	26118234	26118242	23	0	20	pips_l40_r400_500-8000.hdf5	right	left
2612.8794	1	Stimulus/S  1	1	26128794	26128802	23	1	40	pips_l40_r400_500-8000.hdf5	right	left
2613.9461	1	Stimulus/S  1	1	26139461	26139469	23	2	60	pips_l40_r400_500-8000.hdf5	right	left
2614.9914	1	Stimulus/S  1	1	26149914	26149922	23	3	70	pips_l40_r400_500-8000.hdf5	right	left
2616.0474	1	Stimulus/S  1	1	26160474	26160482	23	4	50	pips_l40_r400_500-8000.hdf5	right	left
2617.0928	1	Stimulus/S  1	1	26170928	26170936	23	5	30	pips_l40_r400_500-8000.hdf5	right	left
2618.1594	1	Stimulus/S  1	1	26181594	26181602	24	0	20	pips_l40_r400_500-8000.hdf5	right	left
2619.2154	1	Stimulus/S  1	1	26192154	26192162	24	1	40	pips_l40_r400_500-8000.hdf5	right	left
2620.2821	1	Stimulus/S  1	1	26202821	26202829	24	2	60	pips_l40_r400_500-8000.hdf5	right	left
2621.3275	1	Stimulus/S  1	1	26213275	26213283	24	3	70	pips_l40_r400_500-8000.hdf5	right	left
2622.3941	1	Stimulus/S  1	1	26223941	26223949	24	4	50	pips_l40_r400_500-8000.hdf5	right	left
2623.4608	1	Stimulus/S  1	1	26234608	26234616	24	5	30	pips_l40_r400_500-8000.hdf5	right	left
2624.5275	1	Stimulus/S  1	1	26245275	26245283	25	0	20	pips_l40_r400_500-8000.hdf5	right	left
2625.5942	1	Stimulus/S  1	1	26255942	26255950	25	1	40	pips_l40_r400_500-8000.hdf5	right	left
2626.6609	1	Stimulus/S  1	1	26266609	26266617	25	2	60	pips_l40_r400_500-8000.hdf5	right	left
2627.7275	1	Stimulus/S  1	1	26277275	26277283	25	3	70	pips_l40_r400_500-8000.hdf5	right	left
2628.7729	1	Stimulus/S  1	1	26287729	26287737	25	4	50	pips_l40_r400_500-8000.hdf5	right	left
2629.8289	1	Stimulus/S  1	1	26298289	26298297	25	5	30	pips_l40_r400_500-8000.hdf5	right	left
2630.8742	1	Stimulus/S  1	1	26308742	26308750	26	0	20	pips_l40_r400_500-8000.hdf5	right	left
2631.9302	1	Stimulus/S  1	1	26319302	26319310	26	1	40	pips_l40_r400_500-8000.hdf5	right	left
2632.9756	1	Stimulus/S  1	1	26329756	26329764	26	2	60	pips_l40_r400_500-8000.hdf5	right	left
2634.0316	1	Stimulus/S  1	1	26340316	26340324	26	3	70	pips_l40_r400_500-8000.hdf5	right	left
2635.0769	1	Stimulus/S  1	1	26350769	26350777	26	4	50	pips_l40_r400_500-8000.hdf5	right	left
2636.1329	1	Stimulus/S  1	1	26361329	26361337	26	5	30	pips_l40_r400_500-8000.hdf5	right	left
2637.1996	1	Stimulus/S  1	1	26371996	26372004	27	0	20	pips_l40_r400_500-8000.hdf5	right	left
2638.245	1	Stimulus/S  1	1	26382450	26382458	27	1	40	pips_l40_r400_500-8000.hdf5	right	left
2639.3116	1	Stimulus/S  1	1	26393116	26393124	27	2	60	pips_l40_r400_500-8000.hdf5	right	left
2640.3783	1	Stimulus/S  1	1	26403783	26403791	27	3	70	pips_l40_r400_500-8000.hdf5	right	left
2641.445	1	Stimulus/S  1	1	26414450	26414458	27	4	50	pips_l40_r400_500-8000.hdf5	right	left
2642.5117	1	Stimulus/S  1	1	26425117	26425125	27	5	30	pips_l40_r400_500-8000.hdf5	right	left
2643.5784	1	Stimulus/S  1	1	26435784	26435792	28	0	20	pips_l40_r400_500-8000.hdf5	right	left
2644.645	1	Stimulus/S  1	1	26446450	26446458	28	1	40	pips_l40_r400_500-8000.hdf5	right	left
2645.6904	1	Stimulus/S  1	1	26456904	26456912	28	2	60	pips_l40_r400_500-8000.hdf5	right	left
2646.7571	1	Stimulus/S  1	1	26467571	26467579	28	3	70	pips_l40_r400_500-8000.hdf5	right	left
2647.8131	1	Stimulus/S  1	1	26478131	26478139	28	4	50	pips_l40_r400_500-8000.hdf5	right	left
2648.8797	1	Stimulus/S  1	1	26488797	26488805	28	5	30	pips_l40_r400_500-8000.hdf5	right	left
2649.9251	1	Stimulus/S  1	1	26499251	26499259	29	0	20	pips_l40_r400_500-8000.hdf5	right	left
2650.9811	1	Stimulus/S  1	1	26509811	26509819	29	1	40	pips_l40_r400_500-8000.hdf5	right	left
2652.0264	1	Stimulus/S  1	1	26520264	26520272	29	2	60	pips_l40_r400_500-8000.hdf5	right	left
2653.0931	1	Stimulus/S  1	1	26530931	26530939	29	3	70	pips_l40_r400_500-8000.hdf5	right	left
2654.1491	1	Stimulus/S  1	1	26541491	26541499	29	4	50	pips_l40_r400_500-8000.hdf5	right	left
2655.2158	1	Stimulus/S  1	1	26552158	26552166	29	5	30	pips_l40_r400_500-8000.hdf5	right	left
2656.2611	1	Stimulus/S  1	1	26562611	26562619	30	0	20	pips_l40_r400_500-8000.hdf5	right	left
2657.3278	1	Stimulus/S  1	1	26573278	26573286	30	1	40	pips_l40_r400_500-8000.hdf5	right	left
2658.3945	1	Stimulus/S  1	1	26583945	26583953	30	2	60	pips_l40_r400_500-8000.hdf5	right	left
2659.4612	1	Stimulus/S  1	1	26594612	26594620	30	3	70	pips_l40_r400_500-8000.hdf5	right	left
2660.5279	1	Stimulus/S  1	1	26605279	26605287	30	4	50	pips_l40_r400_500-8000.hdf5	right	left
2661.5945	1	Stimulus/S  1	1	26615945	26615953	30	5	30	pips_l40_r400_500-8000.hdf5	right	left
2662.6612	1	Stimulus/S  1	1	26626612	26626620	31	0	20	pips_l40_r400_500-8000.hdf5	right	left
2663.7066	1	Stimulus/S  1	1	26637066	26637074	31	1	40	pips_l40_r400_500-8000.hdf5	right	left
2664.7626	1	Stimulus/S  1	1	26647626	26647634	31	2	60	pips_l40_r400_500-8000.hdf5	right	left
2665.8079	1	Stimulus/S  1	1	26658079	26658087	31	3	70	pips_l40_r400_500-8000.hdf5	right	left
2666.8639	1	Stimulus/S  1	1	26668639	26668647	31	4	50	pips_l40_r400_500-8000.hdf5	right	left
2667.9093	1	Stimulus/S  1	1	26679093	26679101	31	5	30	pips_l40_r400_500-8000.hdf5	right	left
2668.9653	1	Stimulus/S  1	1	26689653	26689661	32	0	20	pips_l40_r400_500-8000.hdf5	right	left
2670.0106	1	Stimulus/S  1	1	26700106	26700114	32	1	40	pips_l40_r400_500-8000.hdf5	right	left
2671.0666	1	Stimulus/S  1	1	26710666	26710674	32	2	60	pips_l40_r400_500-8000.hdf5	right	left
2672.1333	1	Stimulus/S  1	1	26721333	26721341	32	3	70	pips_l40_r400_500-8000.hdf5	right	left
2673.1786	1	Stimulus/S  1	1	26731786	26731794	32	4	50	pips_l40_r400_500-8000.hdf5	right	left
2674.2453	1	Stimulus/S  1	1	26742453	26742461	32	5	30	pips_l40_r400_500-8000.hdf5	right	left
2675.312	1	Stimulus/S  1	1	26753120	26753128	33	0	20	pips_l40_r400_500-8000.hdf5	right	left
2676.3787	1	Stimulus/S  1	1	26763787	26763795	33	1	40	pips_l40_r400_500-8000.hdf5	right	left
2677.4454	1	Stimulus/S  1	1	26774454	26774462	33	2	60	pips_l40_r400_500-8000.hdf5	right	left
2678.512	1	Stimulus/S  1	1	26785120	26785128	33	3	70	pips_l40_r400_500-8000.hdf5	right	left
2679.5787	1	Stimulus/S  1	1	26795787	26795795	33	4	50	pips_l40_r400_500-8000.hdf5	right	left
2680.6241	1	Stimulus/S  1	1	26806241	26806249	33	5	30	pips_l40_r400_500-8000.hdf5	right	left
2681.6801	1	Stimulus/S  1	1	26816801	26816809	34	0	20	pips_l40_r400_500-8000.hdf5	right	left
2682.7254	1	Stimulus/S  1	1	26827254	26827262	34	1	40	pips_l40_r400_500-8000.hdf5	right	left
2683.7814	1	Stimulus/S  1	1	26837814	26837822	34	2	60	pips_l40_r400_500-8000.hdf5	right	left
2684.8268	1	Stimulus/S  1	1	26848268	26848276	34	3	70	pips_l40_r400_500-8000.hdf5	right	left
2685.8828	1	Stimulus/S  1	1	26858828	26858836	34	4	50	pips_l40_r400_500-8000.hdf5	right	left
2686.9494	1	Stimulus/S  1	1	26869494	26869502	34	5	30	pips_l40_r400_500-8000.hdf5	right	left
2687.9948	1	Stimulus/S  1	1	26879948	26879956	35	0	20	pips_l40_r400_500-8000.hdf5	right	left
2689.0401	1	Stimulus/S  1	1	26890401	26890409	35	1	40	pips_l40_r400_500-8000.hdf5	right	left
2690.0961	1	Stimulus/S  1	1	26900961	26900969	35	2	60	pips_l40_r400_500-8000.hdf5	right	left
2691.1415	1	Stimulus/S  1	1	26911415	26911423	35	3	70	pips_l40_r400_500-8000.hdf5	right	left
2692.2082	1	Stimulus/S  1	1	26922082	26922090	35	4	50	pips_l40_r400_500-8000.hdf5	right	left
2693.2642	1	Stimulus/S  1	1	26932642	26932650	35	5	30	pips_l40_r400_500-8000.hdf5	right	left
2694.3309	1	Stimulus/S  1	1	26943309	26943317	36	0	20	pips_l40_r400_500-8000.hdf5	right	left
2695.3762	1	Stimulus/S  1	1	26953762	26953770	36	1	40	pips_l40_r400_500-8000.hdf5	right	left
2696.4429	1	Stimulus/S  1	1	26964429	26964437	36	2	60	pips_l40_r400_500-8000.hdf5	right	left
2697.4989	1	Stimulus/S  1	1	26974989	26974997	36	3	70	pips_l40_r400_500-8000.hdf5	right	left
2698.5442	1	Stimulus/S  1	1	26985442	26985450	36	4	50	pips_l40_r400_500-8000.hdf5	right	left
2699.6002	1	Stimulus/S  1	1	26996002	26996010	36	5	30	pips_l40_r400_500-8000.hdf5	right	left
2700.6456	1	Stimulus/S  1	1	27006456	27006464	37	0	20	pips_l40_r400_500-8000.hdf5	right	left
2701.6909	1	Stimulus/S  1	1	27016909	27016917	37	1	40	pips_l40_r400_500-8000.hdf5	right	left
2702.7576	1	Stimulus/S  1	1	27027576	27027584	37	2	60	pips_l40_r400_500-8000.hdf5	right	left
2703.8136	1	Stimulus/S  1	1	27038136	27038144	37	3	70	pips_l40_r400_500-8000.hdf5	right	left
2704.8803	1	Stimulus/S  1	1	27048803	27048811	37	4	50	pips_l40_r400_500-8000.hdf5	right	left
2705.9256	1	Stimulus/S  1	1	27059256	27059264	37	5	30	pips_l40_r400_500-8000.hdf5	right	left
2706.9923	1	Stimulus/S  1	1	27069923	27069931	38	0	20	pips_l40_r400_500-8000.hdf5	right	left
2708.059	1	Stimulus/S  1	1	27080590	27080598	38	1	40	pips_l40_r400_500-8000.hdf5	right	left
2709.1257	1	Stimulus/S  1	1	27091257	27091265	38	2	60	pips_l40_r400_500-8000.hdf5	right	left
2710.1923	1	Stimulus/S  1	1	27101923	27101931	38	3	70	pips_l40_r400_500-8000.hdf5	right	left
2711.259	1	Stimulus/S  1	1	27112590	27112598	38	4	50	pips_l40_r400_500-8000.hdf5	right	left
2712.3257	1	Stimulus/S  1	1	27123257	27123265	38	5	30	pips_l40_r400_500-8000.hdf5	right	left
2713.3817	1	Stimulus/S  1	1	27133817	27133825	39	0	20	pips_l40_r400_500-8000.hdf5	right	left
2714.4484	1	Stimulus/S  1	1	27144484	27144492	39	1	40	pips_l40_r400_500-8000.hdf5	right	left
2715.4937	1	Stimulus/S  1	1	27154937	27154945	39	2	60	pips_l40_r400_500-8000.hdf5	right	left
2716.5604	1	Stimulus/S  1	1	27165604	27165612	39	3	70	pips_l40_r400_500-8000.hdf5	right	left
2717.6164	1	Stimulus/S  1	1	27176164	27176172	39	4	50	pips_l40_r400_500-8000.hdf5	right	left
2718.6618	1	Stimulus/S  1	1	27186618	27186626	39	5	30	pips_l40_r400_500-8000.hdf5	right	left
2719.7178	1	Stimulus/S  1	1	27197178	27197186	40	0	20	pips_l40_r400_500-8000.hdf5	right	left
2720.7631	1	Stimulus/S  1	1	27207631	27207639	40	1	40	pips_l40_r400_500-8000.hdf5	right	left
2721.8085	1	Stimulus/S  1	1	27218085	27218093	40	2	60	pips_l40_r400_500-8000.hdf5	right	left
2722.8751	1	Stimulus/S  1	1	27228751	27228759	40	3	70	pips_l40_r400_500-8000.hdf5	right	left
2723.9311	1	Stimulus/S  1	1	27239311	27239319	40	4	50	pips_l40_r400_500-8000.hdf5	right	left
2724.9978	1	Stimulus/S  1	1	27249978	27249986	40	5	30	pips_l40_r400_500-8000.hdf5	right	left
2726.0432	1	Stimulus/S  1	1	27260432	27260440	41	0	20	pips_l40_r400_500-8000.hdf5	right	left
2727.1098	1	Stimulus/S  1	1	27271098	27271106	41	1	40	pips_l40_r400_500-8000.hdf5	right	left
2728.1765	1	Stimulus/S  1	1	27281765	27281773	41	2	60	pips_l40_r400_500-8000.hdf5	right	left
2729.2432	1	Stimulus/S  1	1	27292432	27292440	41	3	70	pips_l40_r400_500-8000.hdf5	right	left
2730.2992	1	Stimulus/S  1	1	27302992	27303000	41	4	50	pips_l40_r400_500-8000.hdf5	right	left
2731.3659	1	Stimulus/S  1	1	27313659	27313667	41	5	30	pips_l40_r400_500-8000.hdf5	right	left
2732.4112	1	Stimulus/S  1	1	27324112	27324120	42	0	20	pips_l40_r400_500-8000.hdf5	right	left
2733.4779	1	Stimulus/S  1	1	27334779	27334787	42	1	40	pips_l40_r400_500-8000.hdf5	right	left
2734.5339	1	Stimulus/S  1	1	27345339	27345347	42	2	60	pips_l40_r400_500-8000.hdf5	right	left
2735.5793	1	Stimulus/S  1	1	27355793	27355801	42	3	70	pips_l40_r400_500-8000.hdf5	right	left
2736.6246	1	Stimulus/S  1	1	27366246	27366254	42	4	50	pips_l40_r400_500-8000.hdf5	right	left
2737.6806	1	Stimulus/S  1	1	27376806	27376814	42	5	30	pips_l40_r400_500-8000.hdf5	right	left
2738.7473	1	Stimulus/S  1	1	27387473	27387481	43	0	20	pips_l40_r400_500-8000.hdf5	right	left
2739.7926	1	Stimulus/S  1	1	27397926	27397934	43	1	40	pips_l40_r400_500-8000.hdf5	right	left
2740.8486	1	Stimulus/S  1	1	27408486	27408494	43	2	60	pips_l40_r400_500-8000.hdf5	right	left
2741.894	1	Stimulus/S  1	1	27418940	27418948	43	3	70	pips_l40_r400_500-8000.hdf5	right	left
2742.95	1	Stimulus/S  1	1	27429500	27429508	43	4	50	pips_l40_r400_500-8000.hdf5	right	left
2744.0167	1	Stimulus/S  1	1	27440167	27440175	43	5	30	pips_l40_r400_500-8000.hdf5	right	left
2745.062	1	Stimulus/S  1	1	27450620	27450628	44	0	20	pips_l40_r400_500-8000.hdf5	right	left
2746.1287	1	Stimulus/S  1	1	27461287	27461295	44	1	40	pips_l40_r400_500-8000.hdf5	right	left
2747.1954	1	Stimulus/S  1	1	27471954	27471962	44	2	60	pips_l40_r400_500-8000.hdf5	right	left
2748.2621	1	Stimulus/S  1	1	27482621	27482629	44	3	70	pips_l40_r400_500-8000.hdf5	right	left
2749.3287	1	Stimulus/S  1	1	27493287	27493295	44	4	50	pips_l40_r400_500-8000.hdf5	right	left
2750.3954	1	Stimulus/S  1	1	27503954	27503962	44	5	30	pips_l40_r400_500-8000.hdf5	right	left
2751.4621	1	Stimulus/S  1	1	27514621	27514629	45	0	20	pips_l40_r400_500-8000.hdf5	right	left
2752.5181	1	Stimulus/S  1	1	27525181	27525189	45	1	40	pips_l40_r400_500-8000.hdf5	right	left
2753.5848	1	Stimulus/S  1	1	27535848	27535856	45	2	60	pips_l40_r400_500-8000.hdf5	right	left
2754.6301	1	Stimulus/S  1	1	27546301	27546309	45	3	70	pips_l40_r400_500-8000.hdf5	right	left
2755.6968	1	Stimulus/S  1	1	27556968	27556976	45	4	50	pips_l40_r400_500-8000.hdf5	right	left
2756.7421	1	Stimulus/S  1	1	27567421	27567429	45	5	30	pips_l40_r400_500-8000.hdf5	right	left
2757.7981	1	Stimulus/S  1	1	27577981	27577989	46	0	20	pips_l40_r400_500-8000.hdf5	right	left
2758.8435	1	Stimulus/S  1	1	27588435	27588443	46	1	40	pips_l40_r400_500-8000.hdf5	right	left
2759.9102	1	Stimulus/S  1	1	27599102	27599110	46	2	60	pips_l40_r400_500-8000.hdf5	right	left
2760.9662	1	Stimulus/S  1	1	27609662	27609670	46	3	70	pips_l40_r400_500-8000.hdf5	right	left
2762.0329	1	Stimulus/S  1	1	27620329	27620337	46	4	50	pips_l40_r400_500-8000.hdf5	right	left
2763.0782	1	Stimulus/S  1	1	27630782	27630790	46	5	30	pips_l40_r400_500-8000.hdf5	right	left
2764.1449	1	Stimulus/S  1	1	27641449	27641457	47	0	20	pips_l40_r400_500-8000.hdf5	right	left
2765.2116	1	Stimulus/S  1	1	27652116	27652124	47	1	40	pips_l40_r400_500-8000.hdf5	right	left
2766.2782	1	Stimulus/S  1	1	27662782	27662790	47	2	60	pips_l40_r400_500-8000.hdf5	right	left
2767.3449	1	Stimulus/S  1	1	27673449	27673457	47	3	70	pips_l40_r400_500-8000.hdf5	right	left
2768.4116	1	Stimulus/S  1	1	27684116	27684124	47	4	50	pips_l40_r400_500-8000.hdf5	right	left
2769.4783	1	Stimulus/S  1	1	27694783	27694791	47	5	30	pips_l40_r400_500-8000.hdf5	right	left
2770.5343	1	Stimulus/S  1	1	27705343	27705351	48	0	20	pips_l40_r400_500-8000.hdf5	right	left
2771.6009	1	Stimulus/S  1	1	27716009	27716017	48	1	40	pips_l40_r400_500-8000.hdf5	right	left
2772.6463	1	Stimulus/S  1	1	27726463	27726471	48	2	60	pips_l40_r400_500-8000.hdf5	right	left
2773.6916	1	Stimulus/S  1	1	27736916	27736924	48	3	70	pips_l40_r400_500-8000.hdf5	right	left
2774.7476	1	Stimulus/S  1	1	27747476	27747484	48	4	50	pips_l40_r400_500-8000.hdf5	right	left
2775.793	1	Stimulus/S  1	1	27757930	27757938	48	5	30	pips_l40_r400_500-8000.hdf5	right	left
2776.849	1	Stimulus/S  1	1	27768490	27768498	49	0	20	pips_l40_r400_500-8000.hdf5	right	left
2777.8943	1	Stimulus/S  1	1	27778943	27778951	49	1	40	pips_l40_r400_500-8000.hdf5	right	left
2778.9504	1	Stimulus/S  1	1	27789504	27789512	49	2	60	pips_l40_r400_500-8000.hdf5	right	left
2779.9957	1	Stimulus/S  1	1	27799957	27799965	49	3	70	pips_l40_r400_500-8000.hdf5	right	left
2781.0517	1	Stimulus/S  1	1	27810517	27810525	49	4	50	pips_l40_r400_500-8000.hdf5	right	left
2782.0971	1	Stimulus/S  1	1	27820971	27820979	49	5	30	pips_l40_r400_500-8000.hdf5	right	left
2783.1637	1	Stimulus/S  1	1	27831637	27831645	50	0	20	pips_l40_r400_500-8000.hdf5	right	left
2784.2304	1	Stimulus/S  1	1	27842304	27842312	50	1	40	pips_l40_r400_500-8000.hdf5	right	left
2785.2971	1	Stimulus/S  1	1	27852971	27852979	50	2	60	pips_l40_r400_500-8000.hdf5	right	left
2786.3638	1	Stimulus/S  1	1	27863638	27863646	50	3	70	pips_l40_r400_500-8000.hdf5	right	left
2787.4304	1	Stimulus/S  1	1	27874304	27874312	50	4	50	pips_l40_r400_500-8000.hdf5	right	left
2788.4971	1	Stimulus/S  1	1	27884971	27884979	50	5	30	pips_l40_r400_500-8000.hdf5	right	left
2789.5425	1	Stimulus/S  1	1	27895425	27895433	51	0	20	pips_l40_r400_500-8000.hdf5	right	left
2790.6091	1	Stimulus/S  1	1	27906091	27906099	51	1	40	pips_l40_r400_500-8000.hdf5	right	left
2791.6651	1	Stimulus/S  1	1	27916651	27916659	51	2	60	pips_l40_r400_500-8000.hdf5	right	left
2792.7318	1	Stimulus/S  1	1	27927318	27927326	51	3	70	pips_l40_r400_500-8000.hdf5	right	left
2793.7772	1	Stimulus/S  1	1	27937772	27937780	51	4	50	pips_l40_r400_500-8000.hdf5	right	left
2794.8332	1	Stimulus/S  1	1	27948332	27948340	51	5	30	pips_l40_r400_500-8000.hdf5	right	left
2795.8785	1	Stimulus/S  1	1	27958785	27958793	52	0	20	pips_l40_r400_500-8000.hdf5	right	left
2796.9345	1	Stimulus/S  1	1	27969345	27969353	52	1	40	pips_l40_r400_500-8000.hdf5	right	left
2797.9799	1	Stimulus/S  1	1	27979799	27979807	52	2	60	pips_l40_r400_500-8000.hdf5	right	left
2799.0466	1	Stimulus/S  1	1	27990466	27990474	52	3	70	pips_l40_r400_500-8000.hdf5	right	left
2800.1026	1	Stimulus/S  1	1	28001026	28001034	52	4	50	pips_l40_r400_500-8000.hdf5	right	left
2801.1692	1	Stimulus/S  1	1	28011692	28011700	52	5	30	pips_l40_r400_500-8000.hdf5	right	left
2802.2146	1	Stimulus/S  1	1	28022146	28022154	53	0	20	pips_l40_r400_500-8000.hdf5	right	left
2803.2813	1	Stimulus/S  1	1	28032813	28032821	53	1	40	pips_l40_r400_500-8000.hdf5	right	left
2804.3479	1	Stimulus/S  1	1	28043479	28043487	53	2	60	pips_l40_r400_500-8000.hdf5	right	left
2805.4146	1	Stimulus/S  1	1	28054146	28054154	53	3	70	pips_l40_r400_500-8000.hdf5	right	left
2806.4813	1	Stimulus/S  1	1	28064813	28064821	53	4	50	pips_l40_r400_500-8000.hdf5	right	left
2807.548	1	Stimulus/S  1	1	28075480	28075488	53	5	30	pips_l40_r400_500-8000.hdf5	right	left
2808.6146	1	Stimulus/S  1	1	28086146	28086154	54	0	20	pips_l40_r400_500-8000.hdf5	right	left
2809.66	1	Stimulus/S  1	1	28096600	28096608	54	1	40	pips_l40_r400_500-8000.hdf5	right	left
2810.7267	1	Stimulus/S  1	1	28107267	28107275	54	2	60	pips_l40_r400_500-8000.hdf5	right	left
2811.7827	1	Stimulus/S  1	1	28117827	28117835	54	3	70	pips_l40_r400_500-8000.hdf5	right	left
2812.828	1	Stimulus/S  1	1	28128280	28128288	54	4	50	pips_l40_r400_500-8000.hdf5	right	left
2813.884	1	Stimulus/S  1	1	28138840	28138848	54	5	30	pips_l40_r400_500-8000.hdf5	right	left
2814.9294	1	Stimulus/S  1	1	28149294	28149302	55	0	20	pips_l40_r400_500-8000.hdf5	right	left
2815.9854	1	Stimulus/S  1	1	28159854	28159862	55	1	40	pips_l40_r400_500-8000.hdf5	right	left
2817.0307	1	Stimulus/S  1	1	28170307	28170315	55	2	60	pips_l40_r400_500-8000.hdf5	right	left
2818.0761	1	Stimulus/S  1	1	28180761	28180769	55	3	70	pips_l40_r400_500-8000.hdf5	right	left
2819.1321	1	Stimulus/S  1	1	28191321	28191329	55	4	50	pips_l40_r400_500-8000.hdf5	right	left
2820.1988	1	Stimulus/S  1	1	28201988	28201996	55	5	30	pips_l40_r400_500-8000.hdf5	right	left
2821.2654	1	Stimulus/S  1	1	28212654	28212662	56	0	20	pips_l40_r400_500-8000.hdf5	right	left
2822.3108	1	Stimulus/S  1	1	28223108	28223116	56	1	40	pips_l40_r400_500-8000.hdf5	right	left
2823.3775	1	Stimulus/S  1	1	28233775	28233783	56	2	60	pips_l40_r400_500-8000.hdf5	right	left
2824.4441	1	Stimulus/S  1	1	28244441	28244449	56	3	70	pips_l40_r400_500-8000.hdf5	right	left
2825.5108	1	Stimulus/S  1	1	28255108	28255116	56	4	50	pips_l40_r400_500-8000.hdf5	right	left
2826.5668	1	Stimulus/S  1	1	28265668	28265676	56	5	30	pips_l40_r400_500-8000.hdf5	right	left
2827.6335	1	Stimulus/S  1	1	28276335	28276343	57	0	20	pips_l40_r400_500-8000.hdf5	right	left
2828.6788	1	Stimulus/S  1	1	28286788	28286796	57	1	40	pips_l40_r400_500-8000.hdf5	right	left
2829.7455	1	Stimulus/S  1	1	28297455	28297463	57	2	60	pips_l40_r400_500-8000.hdf5	right	left
2830.8015	1	Stimulus/S  1	1	28308015	28308023	57	3	70	pips_l40_r400_500-8000.hdf5	right	left
2831.8469	1	Stimulus/S  1	1	28318469	28318477	57	4	50	pips_l40_r400_500-8000.hdf5	right	left
2832.9029	1	Stimulus/S  1	1	28329029	28329037	57	5	30	pips_l40_r400_500-8000.hdf5	right	left
2833.9482	1	Stimulus/S  1	1	28339482	28339490	58	0	20	pips_l40_r400_500-8000.hdf5	right	left
2834.9936	1	Stimulus/S  1	1	28349936	28349944	58	1	40	pips_l40_r400_500-8000.hdf5	right	left
2836.0496	1	Stimulus/S  1	1	28360496	28360504	58	2	60	pips_l40_r400_500-8000.hdf5	right	left
2837.0949	1	Stimulus/S  1	1	28370949	28370957	58	3	70	pips_l40_r400_500-8000.hdf5	right	left
2838.1509	1	Stimulus/S  1	1	28381509	28381517	58	4	50	pips_l40_r400_500-8000.hdf5	right	left
2839.1963	1	Stimulus/S  1	1	28391963	28391971	58	5	30	pips_l40_r400_500-8000.hdf5	right	left
2840.2523	1	Stimulus/S  1	1	28402523	28402531	59	0	20	pips_l40_r400_500-8000.hdf5	right	left
2841.319	1	Stimulus/S  1	1	28413190	28413198	59	1	40	pips_l40_r400_500-8000.hdf5	right	left
2842.3856	1	Stimulus/S  1	1	28423856	28423864	59	2	60	pips_l40_r400_500-8000.hdf5	right	left
2843.4523	1	Stimulus/S  1	1	28434523	28434531	59	3	70	pips_l40_r400_500-8000.hdf5	right	left
2844.519	1	Stimulus/S  1	1	28445190	28445198	59	4	50	pips_l40_r400_500-8000.hdf5	right	left
2845.5857	1	Stimulus/S  1	1	28455857	28455865	59	5	30	pips_l40_r400_500-8000.hdf5	right	left
2846.6524	1	Stimulus/S  1	1	28466524	28466532	60	0	20	pips_l40_r400_500-8000.hdf5	right	left
2847.6977	1	Stimulus/S  1	1	28476977	28476985	60	1	40	pips_l40_r400_500-8000.hdf5	right	left
2848.7644	1	Stimulus/S  1	1	28487644	28487652	60	2	60	pips_l40_r400_500-8000.hdf5	right	left
2849.8097	1	Stimulus/S  1	1	28498097	28498105	60	3	70	pips_l40_r400_500-8000.hdf5	right	left
2850.8764	1	Stimulus/S  1	1	28508764	28508772	60	4	50	pips_l40_r400_500-8000.hdf5	right	left
2851.9324	1	Stimulus/S  1	1	28519324	28519332	60	5	30	pips_l40_r400_500-8000.hdf5	right	left
2852.9777	1	Stimulus/S  1	1	28529777	28529785	61	0	20	pips_l40_r400_500-8000.hdf5	right	left
2854.0338	1	Stimulus/S  1	1	28540338	28540346	61	1	40	pips_l40_r400_500-8000.hdf5	right	left
2855.1004	1	Stimulus/S  1	1	28551004	28551012	61	2	60	pips_l40_r400_500-8000.hdf5	right	left
2856.1458	1	Stimulus/S  1	1	28561458	28561466	61	3	70	pips_l40_r400_500-8000.hdf5	right	left
2857.2125	1	Stimulus/S  1	1	28572125	28572133	61	4	50	pips_l40_r400_500-8000.hdf5	right	left
2858.2685	1	Stimulus/S  1	1	28582685	28582693	61	5	30	pips_l40_r400_500-8000.hdf5	right	left
2859.3351	1	Stimulus/S  1	1	28593351	28593359	62	0	20	pips_l40_r400_500-8000.hdf5	right	left
2860.4018	1	Stimulus/S  1	1	28604018	28604026	62	1	40	pips_l40_r400_500-8000.hdf5	right	left
2861.4685	1	Stimulus/S  1	1	28614685	28614693	62	2	60	pips_l40_r400_500-8000.hdf5	right	left
2862.5352	1	Stimulus/S  1	1	28625352	28625360	62	3	70	pips_l40_r400_500-8000.hdf5	right	left
2863.6019	1	Stimulus/S  1	1	28636019	28636027	62	4	50	pips_l40_r400_500-8000.hdf5	right	left
2864.6685	1	Stimulus/S  1	1	28646685	28646693	62	5	30	pips_l40_r400_500-8000.hdf5	right	left
2865.7139	1	Stimulus/S  1	1	28657139	28657147	63	0	20	pips_l40_r400_500-8000.hdf5	right	left
2866.7699	1	Stimulus/S  1	1	28667699	28667707	63	1	40	pips_l40_r400_500-8000.hdf5	right	left
2867.8152	1	Stimulus/S  1	1	28678152	28678160	63	2	60	pips_l40_r400_500-8000.hdf5	right	left
2868.8606	1	Stimulus/S  1	1	28688606	28688614	63	3	70	pips_l40_r400_500-8000.hdf5	right	left
2869.9166	1	Stimulus/S  1	1	28699166	28699174	63	4	50	pips_l40_r400_500-8000.hdf5	right	left
2870.9619	1	Stimulus/S  1	1	28709619	28709627	63	5	30	pips_l40_r400_500-8000.hdf5	right	left
2872.0179	1	Stimulus/S  1	1	28720179	28720187	64	0	20	pips_l40_r400_500-8000.hdf5	right	left
2873.0633	1	Stimulus/S  1	1	28730633	28730641	64	1	40	pips_l40_r400_500-8000.hdf5	right	left
2874.13	1	Stimulus/S  1	1	28741300	28741308	64	2	60	pips_l40_r400_500-8000.hdf5	right	left
2875.186	1	Stimulus/S  1	1	28751860	28751868	64	3	70	pips_l40_r400_500-8000.hdf5	right	left
2876.2526	1	Stimulus/S  1	1	28762526	28762534	64	4	50	pips_l40_r400_500-8000.hdf5	right	left
2877.3193	1	Stimulus/S  1	1	28773193	28773201	64	5	30	pips_l40_r400_500-8000.hdf5	right	left
2878.386	1	Stimulus/S  1	1	28783860	28783868	65	0	20	pips_l40_r400_500-8000.hdf5	right	left
2879.4527	1	Stimulus/S  1	1	28794527	28794535	65	1	40	pips_l40_r400_500-8000.hdf5	right	left
2880.5194	1	Stimulus/S  1	1	28805194	28805202	65	2	60	pips_l40_r400_500-8000.hdf5	right	left
2881.586	1	Stimulus/S  1	1	28815860	28815868	65	3	70	pips_l40_r400_500-8000.hdf5	right	left
2882.6314	1	Stimulus/S  1	1	28826314	28826322	65	4	50	pips_l40_r400_500-8000.hdf5	right	left
2883.698	1	Stimulus/S  1	1	28836980	28836988	65	5	30	pips_l40_r400_500-8000.hdf5	right	left
2884.7434	1	Stimulus/S  1	1	28847434	28847442	66	0	20	pips_l40_r400_500-8000.hdf5	right	left
2885.8101	1	Stimulus/S  1	1	28858101	28858109	66	1	40	pips_l40_r400_500-8000.hdf5	right	left
2886.8661	1	Stimulus/S  1	1	28868661	28868669	66	2	60	pips_l40_r400_500-8000.hdf5	right	left
2887.9114	1	Stimulus/S  1	1	28879114	28879122	66	3	70	pips_l40_r400_500-8000.hdf5	right	left
2888.9674	1	Stimulus/S  1	1	28889674	28889682	66	4	50	pips_l40_r400_500-8000.hdf5	right	left
2890.0128	1	Stimulus/S  1	1	28900128	28900136	66	5	30	pips_l40_r400_500-8000.hdf5	right	left
2891.0688	1	Stimulus/S  1	1	28910688	28910696	67	0	20	pips_l40_r400_500-8000.hdf5	right	left
2892.1355	1	Stimulus/S  1	1	28921355	28921363	67	1	40	pips_l40_r400_500-8000.hdf5	right	left
2893.1808	1	Stimulus/S  1	1	28931808	28931816	67	2	60	pips_l40_r400_500-8000.hdf5	right	left
2894.2475	1	Stimulus/S  1	1	28942475	28942483	67	3	70	pips_l40_r400_500-8000.hdf5	right	left
2895.3035	1	Stimulus/S  1	1	28953035	28953043	67	4	50	pips_l40_r400_500-8000.hdf5	right	left
2896.3702	1	Stimulus/S  1	1	28963702	28963710	67	5	30	pips_l40_r400_500-8000.hdf5	right	left
2897.4369	1	Stimulus/S  1	1	28974369	28974377	68	0	20	pips_l40_r400_500-8000.hdf5	right	left
2898.5035	1	Stimulus/S  1	1	28985035	28985043	68	1	40	pips_l40_r400_500-8000.hdf5	right	left
2899.5702	1	Stimulus/S  1	1	28995702	28995710	68	2	60	pips_l40_r400_500-8000.hdf5	right	left
2900.6369	1	Stimulus/S  1	1	29006369	29006377	68	3	70	pips_l40_r400_500-8000.hdf5	right	left
2901.7036	1	Stimulus/S  1	1	29017036	29017044	68	4	50	pips_l40_r400_500-8000.hdf5	right	left
2902.7489	1	Stimulus/S  1	1	29027489	29027497	68	5	30	pips_l40_r400_500-8000.hdf5	right	left
2903.8156	1	Stimulus/S  1	1	29038156	29038164	69	0	20	pips_l40_r400_500-8000.hdf5	right	left
2904.8609	1	Stimulus/S  1	1	29048609	29048617	69	1	40	pips_l40_r400_500-8000.hdf5	right	left
2905.9169	1	Stimulus/S  1	1	29059169	29059177	69	2	60	pips_l40_r400_500-8000.hdf5	right	left
2906.9623	1	Stimulus/S  1	1	29069623	29069631	69	3	70	pips_l40_r400_500-8000.hdf5	right	left
2908.0183	1	Stimulus/S  1	1	29080183	29080191	69	4	50	pips_l40_r400_500-8000.hdf5	right	left
2909.0636	1	Stimulus/S  1	1	29090636	29090644	69	5	30	pips_l40_r400_500-8000.hdf5	right	left
2910.1196	1	Stimulus/S  1	1	29101196	29101204	70	0	20	pips_l40_r400_500-8000.hdf5	right	left
2911.165	1	Stimulus/S  1	1	29111650	29111658	70	1	40	pips_l40_r400_500-8000.hdf5	right	left
2912.221	1	Stimulus/S  1	1	29122210	29122218	70	2	60	pips_l40_r400_500-8000.hdf5	right	left
2913.2877	1	Stimulus/S  1	1	29132877	29132885	70	3	70	pips_l40_r400_500-8000.hdf5	right	left
2914.3544	1	Stimulus/S  1	1	29143544	29143552	70	4	50	pips_l40_r400_500-8000.hdf5	right	left
2915.3997	1	Stimulus/S  1	1	29153997	29154005	70	5	30	pips_l40_r400_500-8000.hdf5	right	left
2916.4664	1	Stimulus/S  1	1	29164664	29164672	71	0	20	pips_l40_r400_500-8000.hdf5	right	left
2917.533	1	Stimulus/S  1	1	29175330	29175338	71	1	40	pips_l40_r400_500-8000.hdf5	right	left
2918.5997	1	Stimulus/S  1	1	29185997	29186005	71	2	60	pips_l40_r400_500-8000.hdf5	right	left
2919.6451	1	Stimulus/S  1	1	29196451	29196459	71	3	70	pips_l40_r400_500-8000.hdf5	right	left
2920.7117	1	Stimulus/S  1	1	29207117	29207125	71	4	50	pips_l40_r400_500-8000.hdf5	right	left
2921.7678	1	Stimulus/S  1	1	29217678	29217686	71	5	30	pips_l40_r400_500-8000.hdf5	right	left
2922.8344	1	Stimulus/S  1	1	29228344	29228352	72	0	20	pips_l40_r400_500-8000.hdf5	right	left
2923.8798	1	Stimulus/S  1	1	29238798	29238806	72	1	40	pips_l40_r400_500-8000.hdf5	right	left
2924.9358	1	Stimulus/S  1	1	29249358	29249366	72	2	60	pips_l40_r400_500-8000.hdf5	right	left
2925.9811	1	Stimulus/S  1	1	29259811	29259819	72	3	70	pips_l40_r400_500-8000.hdf5	right	left
2927.0371	1	Stimulus/S  1	1	29270371	29270379	72	4	50	pips_l40_r400_500-8000.hdf5	right	left
2928.0825	1	Stimulus/S  1	1	29280825	29280833	72	5	30	pips_l40_r400_500-8000.hdf5	right	left
2929.1278	1	Stimulus/S  1	1	29291278	29291286	73	0	20	pips_l40_r400_500-8000.hdf5	right	left
2930.1838	1	Stimulus/S  1	1	29301838	29301846	73	1	40	pips_l40_r400_500-8000.hdf5	right	left
2931.2292	1	Stimulus/S  1	1	29312292	29312300	73	2	60	pips_l40_r400_500-8000.hdf5	right	left
2932.2852	1	Stimulus/S  1	1	29322852	29322860	73	3	70	pips_l40_r400_500-8000.hdf5	right	left
2933.3305	1	Stimulus/S  1	1	29333305	29333313	73	4	50	pips_l40_r400_500-8000.hdf5	right	left
2934.3972	1	Stimulus/S  1	1	29343972	29343980	73	5	30	pips_l40_r400_500-8000.hdf5	right	left
2935.4639	1	Stimulus/S  1	1	29354639	29354647	74	0	20	pips_l40_r400_500-8000.hdf5	right	left
2936.5306	1	Stimulus/S  1	1	29365306	29365314	74	1	40	pips_l40_r400_500-8000.hdf5	right	left
2937.5972	1	Stimulus/S  1	1	29375972	29375980	74	2	60	pips_l40_r400_500-8000.hdf5	right	left
2938.6639	1	Stimulus/S  1	1	29386639	29386647	74	3	70	pips_l40_r400_500-8000.hdf5	right	left
2939.7306	1	Stimulus/S  1	1	29397306	29397314	74	4	50	pips_l40_r400_500-8000.hdf5	right	left
2940.7866	1	Stimulus/S  1	1	29407866	29407874	74	5	30	pips_l40_r400_500-8000.hdf5	right	left
2941.8533	1	Stimulus/S  1	1	29418533	29418541	75	0	20	pips_l40_r400_500-8000.hdf5	right	left
2942.8986	1	Stimulus/S  1	1	29428986	29428994	75	1	40	pips_l40_r400_500-8000.hdf5	right	left
2943.9653	1	Stimulus/S  1	1	29439653	29439661	75	2	60	pips_l40_r400_500-8000.hdf5	right	left
2945.0213	1	Stimulus/S  1	1	29450213	29450221	75	3	70	pips_l40_r400_500-8000.hdf5	right	left
2946.0667	1	Stimulus/S  1	1	29460667	29460675	75	4	50	pips_l40_r400_500-8000.hdf5	right	left
2947.112	1	Stimulus/S  1	1	29471120	29471128	75	5	30	pips_l40_r400_500-8000.hdf5	right	left
2948.168	1	Stimulus/S  1	1	29481680	29481688	76	0	20	pips_l40_r400_500-8000.hdf5	right	left
2949.2134	1	Stimulus/S  1	1	29492134	29492142	76	1	40	pips_l40_r400_500-8000.hdf5	right	left
2950.28	1	Stimulus/S  1	1	29502800	29502808	76	2	60	pips_l40_r400_500-8000.hdf5	right	left
2951.336	1	Stimulus/S  1	1	29513360	29513368	76	3	70	pips_l40_r400_500-8000.hdf5	right	left
2952.4027	1	Stimulus/S  1	1	29524027	29524035	76	4	50	pips_l40_r400_500-8000.hdf5	right	left
2953.4481	1	Stimulus/S  1	1	29534481	29534489	76	5	30	pips_l40_r400_500-8000.hdf5	right	left
2954.5147	1	Stimulus/S  1	1	29545147	29545155	77	0	20	pips_l40_r400_500-8000.hdf5	right	left
2955.5814	1	Stimulus/S  1	1	29555814	29555822	77	1	40	pips_l40_r400_500-8000.hdf5	right	left
2956.6481	1	Stimulus/S  1	1	29566481	29566489	77	2	60	pips_l40_r400_500-8000.hdf5	right	left
2957.7148	1	Stimulus/S  1	1	29577148	29577156	77	3	70	pips_l40_r400_500-8000.hdf5	right	left
2958.7815	1	Stimulus/S  1	1	29587815	29587823	77	4	50	pips_l40_r400_500-8000.hdf5	right	left
2959.8481	1	Stimulus/S  1	1	29598481	29598489	77	5	30	pips_l40_r400_500-8000.hdf5	right	left
2960.9041	1	Stimulus/S  1	1	29609041	29609049	78	0	20	pips_l40_r400_500-8000.hdf5	right	left
2961.9495	1	Stimulus/S  1	1	29619495	29619503	78	1	40	pips_l40_r400_500-8000.hdf5	right	left
2963.0055	1	Stimulus/S  1	1	29630055	29630063	78	2	60	pips_l40_r400_500-8000.hdf5	right	left
2964.0508	1	Stimulus/S  1	1	29640508	29640516	78	3	70	pips_l40_r400_500-8000.hdf5	right	left
2965.0962	1	Stimulus/S  1	1	29650962	29650970	78	4	50	pips_l40_r400_500-8000.hdf5	right	left
2966.1522	1	Stimulus/S  1	1	29661522	29661530	78	5	30	pips_l40_r400_500-8000.hdf5	right	left
2967.1975	1	Stimulus/S  1	1	29671975	29671983	79	0	20	pips_l40_r400_500-8000.hdf5	right	left
2968.2535	1	Stimulus/S  1	1	29682535	29682543	79	1	40	pips_l40_r400_500-8000.hdf5	right	left
2969.3202	1	Stimulus/S  1	1	29693202	29693210	79	2	60	pips_l40_r400_500-8000.hdf5	right	left
2970.3656	1	Stimulus/S  1	1	29703656	29703664	79	3	70	pips_l40_r400_500-8000.hdf5	right	left
2971.4322	1	Stimulus/S  1	1	29714322	29714330	79	4	50	pips_l40_r400_500-8000.hdf5	right	left
2972.4989	1	Stimulus/S  1	1	29724989	29724997	79	5	30	pips_l40_r400_500-8000.hdf5	right	left
2973.5656	1	Stimulus/S  1	1	29735656	29735664	80	0	20	pips_l40_r400_500-8000.hdf5	right	left
2974.6323	1	Stimulus/S  1	1	29746323	29746331	80	1	40	pips_l40_r400_500-8000.hdf5	right	left
2975.699	1	Stimulus/S  1	1	29756990	29756998	80	2	60	pips_l40_r400_500-8000.hdf5	right	left
2976.755	1	Stimulus/S  1	1	29767550	29767558	80	3	70	pips_l40_r400_500-8000.hdf5	right	left
2977.8003	1	Stimulus/S  1	1	29778003	29778011	80	4	50	pips_l40_r400_500-8000.hdf5	right	left
2978.8457	1	Stimulus/S  1	1	29788457	29788465	80	5	30	pips_l40_r400_500-8000.hdf5	right	left
2979.9017	1	Stimulus/S  1	1	29799017	29799025	81	0	20	pips_l40_r400_500-8000.hdf5	right	left
2980.947	1	Stimulus/S  1	1	29809470	29809478	81	1	40	pips_l40_r400_500-8000.hdf5	right	left
2982.003	1	Stimulus/S  1	1	29820030	29820038	81	2	60	pips_l40_r400_500-8000.hdf5	right	left
2983.0697	1	Stimulus/S  1	1	29830697	29830705	81	3	70	pips_l40_r400_500-8000.hdf5	right	left
2984.1364	1	Stimulus/S  1	1	29841364	29841372	81	4	50	pips_l40_r400_500-8000.hdf5	right	left
2985.203	1	Stimulus/S  1	1	29852030	29852038	81	5	30	pips_l40_r400_500-8000.hdf5	right	left
2986.2697	1	Stimulus/S  1	1	29862697	29862705	82	0	20	pips_l40_r400_500-8000.hdf5	right	left
2987.3364	1	Stimulus/S  1	1	29873364	29873372	82	1	40	pips_l40_r400_500-8000.hdf5	right	left
2988.3817	1	Stimulus/S  1	1	29883817	29883825	82	2	60	pips_l40_r400_500-8000.hdf5	right	left
2989.4484	1	Stimulus/S  1	1	29894484	29894492	82	3	70	pips_l40_r400_500-8000.hdf5	right	left
2990.5044	1	Stimulus/S  1	1	29905044	29905052	82	4	50	pips_l40_r400_500-8000.hdf5	right	left
2991.5711	1	Stimulus/S  1	1	29915711	29915719	82	5	30	pips_l40_r400_500-8000.hdf5	right	left
2992.6165	1	Stimulus/S  1	1	29926165	29926173	83	0	20	pips_l40_r400_500-8000.hdf5	right	left
2993.6725	1	Stimulus/S  1	1	29936725	29936733	83	1	40	pips_l40_r400_500-8000.hdf5	right	left
2994.7178	1	Stimulus/S  1	1	29947178	29947186	83	2	60	pips_l40_r400_500-8000.hdf5	right	left
2995.7631	1	Stimulus/S  1	1	29957631	29957639	83	3	70	pips_l40_r400_500-8000.hdf5	right	left
2996.8192	1	Stimulus/S  1	1	29968192	29968200	83	4	50	pips_l40_r400_500-8000.hdf5	right	left
2997.8858	1	Stimulus/S  1	1	29978858	29978866	83	5	30	pips_l40_r400_500-8000.hdf5	right	left
2998.9312	1	Stimulus/S  1	1	29989312	29989320	84	0	20	pips_l40_r400_500-8000.hdf5	right	left
2999.9979	1	Stimulus/S  1	1	29999979	29999987	84	1	40	pips_l40_r400_500-8000.hdf5	right	left
3001.0539	1	Stimulus/S  1	1	30010539	30010547	84	2	60	pips_l40_r400_500-8000.hdf5	right	left
3002.1205	1	Stimulus/S  1	1	30021205	30021213	84	3	70	pips_l40_r400_500-8000.hdf5	right	left
3003.1872	1	Stimulus/S  1	1	30031872	30031880	84	4	50	pips_l40_r400_500-8000.hdf5	right	left
3004.2326	1	Stimulus/S  1	1	30042326	30042334	84	5	30	pips_l40_r400_500-8000.hdf5	right	left
3005.2992	1	Stimulus/S  1	1	30052992	30053000	85	0	20	pips_l40_r400_500-8000.hdf5	right	left
3006.3553	1	Stimulus/S  1	1	30063553	30063561	85	1	40	pips_l40_r400_500-8000.hdf5	right	left
3007.4006	1	Stimulus/S  1	1	30074006	30074014	85	2	60	pips_l40_r400_500-8000.hdf5	right	left
3008.4459	1	Stimulus/S  1	1	30084459	30084467	85	3	70	pips_l40_r400_500-8000.hdf5	right	left
3009.5126	1	Stimulus/S  1	1	30095126	30095134	85	4	50	pips_l40_r400_500-8000.hdf5	right	left
3010.5686	1	Stimulus/S  1	1	30105686	30105694	85	5	30	pips_l40_r400_500-8000.hdf5	right	left
3011.6353	1	Stimulus/S  1	1	30116353	30116361	86	0	20	pips_l40_r400_500-8000.hdf5	right	left
3012.702	1	Stimulus/S  1	1	30127020	30127028	86	1	40	pips_l40_r400_500-8000.hdf5	right	left
3013.7687	1	Stimulus/S  1	1	30137687	30137695	86	2	60	pips_l40_r400_500-8000.hdf5	right	left
3014.814	1	Stimulus/S  1	1	30148140	30148148	86	3	70	pips_l40_r400_500-8000.hdf5	right	left
3015.8807	1	Stimulus/S  1	1	30158807	30158815	86	4	50	pips_l40_r400_500-8000.hdf5	right	left
3016.9367	1	Stimulus/S  1	1	30169367	30169375	86	5	30	pips_l40_r400_500-8000.hdf5	right	left
3018.0034	1	Stimulus/S  1	1	30180034	30180042	87	0	20	pips_l40_r400_500-8000.hdf5	right	left
3019.0487	1	Stimulus/S  1	1	30190487	30190495	87	1	40	pips_l40_r400_500-8000.hdf5	right	left
3020.1154	1	Stimulus/S  1	1	30201154	30201162	87	2	60	pips_l40_r400_500-8000.hdf5	right	left
3021.1714	1	Stimulus/S  1	1	30211714	30211722	87	3	70	pips_l40_r400_500-8000.hdf5	right	left
3022.2167	1	Stimulus/S  1	1	30222167	30222175	87	4	50	pips_l40_r400_500-8000.hdf5	right	left
3023.2728	1	Stimulus/S  1	1	30232728	30232736	87	5	30	pips_l40_r400_500-8000.hdf5	right	left
3024.3181	1	Stimulus/S  1	1	30243181	30243189	88	0	20	pips_l40_r400_500-8000.hdf5	right	left
3025.3634	1	Stimulus/S  1	1	30253634	30253642	88	1	40	pips_l40_r400_500-8000.hdf5	right	left
3026.4301	1	Stimulus/S  1	1	30264301	30264309	88	2	60	pips_l40_r400_500-8000.hdf5	right	left
3027.4861	1	Stimulus/S  1	1	30274861	30274869	88	3	70	pips_l40_r400_500-8000.hdf5	right	left
3028.5528	1	Stimulus/S  1	1	30285528	30285536	88	4	50	pips_l40_r400_500-8000.hdf5	right	left
3029.5981	1	Stimulus/S  1	1	30295981	30295989	88	5	30	pips_l40_r400_500-8000.hdf5	right	left
3030.6648	1	Stimulus/S  1	1	30306648	30306656	89	0	20	pips_l40_r400_500-8000.hdf5	right	left
3031.7315	1	Stimulus/S  1	1	30317315	30317323	89	1	40	pips_l40_r400_500-8000.hdf5	right	left
3032.7982	1	Stimulus/S  1	1	30327982	30327990	89	2	60	pips_l40_r400_500-8000.hdf5	right	left
3033.8649	1	Stimulus/S  1	1	30338649	30338657	89	3	70	pips_l40_r400_500-8000.hdf5	right	left
3034.9315	1	Stimulus/S  1	1	30349315	30349323	89	4	50	pips_l40_r400_500-8000.hdf5	right	left
3035.9982	1	Stimulus/S  1	1	30359982	30359990	89	5	30	pips_l40_r400_500-8000.hdf5	right	left
3037.0542	1	Stimulus/S  1	1	30370542	30370550	90	0	20	pips_l40_r400_500-8000.hdf5	right	left
3038.0996	1	Stimulus/S  1	1	30380996	30381004	90	1	40	pips_l40_r400_500-8000.hdf5	right	left
3039.1556	1	Stimulus/S  1	1	30391556	30391564	90	2	60	pips_l40_r400_500-8000.hdf5	right	left
3040.2009	1	Stimulus/S  1	1	30402009	30402017	90	3	70	pips_l40_r400_500-8000.hdf5	right	left
3041.2463	1	Stimulus/S  1	1	30412463	30412471	90	4	50	pips_l40_r400_500-8000.hdf5	right	left
3042.3023	1	Stimulus/S  1	1	30423023	30423031	90	5	30	pips_l40_r400_500-8000.hdf5	right	left
3043.3476	1	Stimulus/S  1	1	30433476	30433484	91	0	20	pips_l40_r400_500-8000.hdf5	right	left
3044.4036	1	Stimulus/S  1	1	30444036	30444044	91	1	40	pips_l40_r400_500-8000.hdf5	right	left
3045.4703	1	Stimulus/S  1	1	30454703	30454711	91	2	60	pips_l40_r400_500-8000.hdf5	right	left
3046.5156	1	Stimulus/S  1	1	30465156	30465164	91	3	70	pips_l40_r400_500-8000.hdf5	right	left
3047.5823	1	Stimulus/S  1	1	30475823	30475831	91	4	50	pips_l40_r400_500-8000.hdf5	right	left
3048.649	1	Stimulus/S  1	1	30486490	30486498	91	5	30	pips_l40_r400_500-8000.hdf5	right	left
3049.7157	1	Stimulus/S  1	1	30497157	30497165	92	0	20	pips_l40_r400_500-8000.hdf5	right	left
3050.7824	1	Stimulus/S  1	1	30507824	30507832	92	1	40	pips_l40_r400_500-8000.hdf5	right	left
3051.849	1	Stimulus/S  1	1	30518490	30518498	92	2	60	pips_l40_r400_500-8000.hdf5	right	left
3052.9157	1	Stimulus/S  1	1	30529157	30529165	92	3	70	pips_l40_r400_500-8000.hdf5	right	left
3053.9717	1	Stimulus/S  1	1	30539717	30539725	92	4	50	pips_l40_r400_500-8000.hdf5	right	left
3055.0384	1	Stimulus/S  1	1	30550384	30550392	92	5	30	pips_l40_r400_500-8000.hdf5	right	left
3056.0837	1	Stimulus/S  1	1	30560837	30560845	93	0	20	pips_l40_r400_500-8000.hdf5	right	left
3057.1504	1	Stimulus/S  1	1	30571504	30571512	93	1	40	pips_l40_r400_500-8000.hdf5	right	left
3058.2064	1	Stimulus/S  1	1	30582064	30582072	93	2	60	pips_l40_r400_500-8000.hdf5	right	left
3059.2518	1	Stimulus/S  1	1	30592518	30592526	93	3	70	pips_l40_r400_500-8000.hdf5	right	left
3060.2971	1	Stimulus/S  1	1	30602971	30602979	93	4	50	pips_l40_r400_500-8000.hdf5	right	left
3061.3638	1	Stimulus/S  1	1	30613638	30613646	93	5	30	pips_l40_r400_500-8000.hdf5	right	left
3062.4198	1	Stimulus/S  1	1	30624198	30624206	94	0	20	pips_l40_r400_500-8000.hdf5	right	left
3063.4865	1	Stimulus/S  1	1	30634865	30634873	94	1	40	pips_l40_r400_500-8000.hdf5	right	left
3064.5318	1	Stimulus/S  1	1	30645318	30645326	94	2	60	pips_l40_r400_500-8000.hdf5	right	left
3065.5985	1	Stimulus/S  1	1	30655985	30655993	94	3	70	pips_l40_r400_500-8000.hdf5	right	left
3066.6652	1	Stimulus/S  1	1	30666652	30666660	94	4	50	pips_l40_r400_500-8000.hdf5	right	left
3067.7319	1	Stimulus/S  1	1	30677319	30677327	94	5	30	pips_l40_r400_500-8000.hdf5	right	left
3068.7985	1	Stimulus/S  1	1	30687985	30687993	95	0	20	pips_l40_r400_500-8000.hdf5	right	left
3069.8652	1	Stimulus/S  1	1	30698652	30698660	95	1	40	pips_l40_r400_500-8000.hdf5	right	left
3070.9319	1	Stimulus/S  1	1	30709319	30709327	95	2	60	pips_l40_r400_500-8000.hdf5	right	left
3071.9879	1	Stimulus/S  1	1	30719879	30719887	95	3	70	pips_l40_r400_500-8000.hdf5	right	left
3073.0546	1	Stimulus/S  1	1	30730546	30730554	95	4	50	pips_l40_r400_500-8000.hdf5	right	left
3074.0999	1	Stimulus/S  1	1	30740999	30741007	95	5	30	pips_l40_r400_500-8000.hdf5	right	left
3075.1666	1	Stimulus/S  1	1	30751666	30751674	96	0	20	pips_l40_r400_500-8000.hdf5	right	left
3076.2226	1	Stimulus/S  1	1	30762226	30762234	96	1	40	pips_l40_r400_500-8000.hdf5	right	left
3077.2679	1	Stimulus/S  1	1	30772679	30772687	96	2	60	pips_l40_r400_500-8000.hdf5	right	left
3078.3133	1	Stimulus/S  1	1	30783133	30783141	96	3	70	pips_l40_r400_500-8000.hdf5	right	left
3079.3693	1	Stimulus/S  1	1	30793693	30793701	96	4	50	pips_l40_r400_500-8000.hdf5	right	left
3080.4146	1	Stimulus/S  1	1	30804146	30804154	96	5	30	pips_l40_r400_500-8000.hdf5	right	left
3081.4813	1	Stimulus/S  1	1	30814813	30814821	97	0	20	pips_l40_r400_500-8000.hdf5	right	left
3082.5373	1	Stimulus/S  1	1	30825373	30825381	97	1	40	pips_l40_r400_500-8000.hdf5	right	left
3083.604	1	Stimulus/S  1	1	30836040	30836048	97	2	60	pips_l40_r400_500-8000.hdf5	right	left
3084.6494	1	Stimulus/S  1	1	30846494	30846502	97	3	70	pips_l40_r400_500-8000.hdf5	right	left
3085.716	1	Stimulus/S  1	1	30857160	30857168	97	4	50	pips_l40_r400_500-8000.hdf5	right	left
3086.7827	1	Stimulus/S  1	1	30867827	30867835	97	5	30	pips_l40_r400_500-8000.hdf5	right	left
3087.8494	1	Stimulus/S  1	1	30878494	30878502	98	0	20	pips_l40_r400_500-8000.hdf5	right	left
3088.9161	1	Stimulus/S  1	1	30889161	30889169	98	1	40	pips_l40_r400_500-8000.hdf5	right	left
3089.9827	1	Stimulus/S  1	1	30899827	30899835	98	2	60	pips_l40_r400_500-8000.hdf5	right	left
3091.0494	1	Stimulus/S  1	1	30910494	30910502	98	3	70	pips_l40_r400_500-8000.hdf5	right	left
3092.1054	1	Stimulus/S  1	1	30921054	30921062	98	4	50	pips_l40_r400_500-8000.hdf5	right	left
3093.1508	1	Stimulus/S  1	1	30931508	30931516	98	5	30	pips_l40_r400_500-8000.hdf5	right	left
3094.2068	1	Stimulus/S  1	1	30942068	30942076	99	0	20	pips_l40_r400_500-8000.hdf5	right	left
3095.2521	1	Stimulus/S  1	1	30952521	30952529	99	1	40	pips_l40_r400_500-8000.hdf5	right	left
3096.2975	1	Stimulus/S  1	1	30962975	30962983	99	2	60	pips_l40_r400_500-8000.hdf5	right	left
3097.3535	1	Stimulus/S  1	1	30973535	30973543	99	3	70	pips_l40_r400_500-8000.hdf5	right	left
3098.3988	1	Stimulus/S  1	1	30983988	30983996	99	4	50	pips_l40_r400_500-8000.hdf5	right	left
3099.4548	1	Stimulus/S  1	1	30994548	30994556	99	5	30	pips_l40_r400_500-8000.hdf5	right	left
3100.5215	1	Stimulus/S  1	1	31005215	31005223	100	0	20	pips_l40_r400_500-8000.hdf5	right	left
3101.5669	1	Stimulus/S  1	1	31015669	31015677	100	1	40	pips_l40_r400_500-8000.hdf5	right	left
3102.6335	1	Stimulus/S  1	1	31026335	31026343	100	2	60	pips_l40_r400_500-8000.hdf5	right	left
3103.7002	1	Stimulus/S  1	1	31037002	31037010	100	3	70	pips_l40_r400_500-8000.hdf5	right	left
3104.7669	1	Stimulus/S  1	1	31047669	31047677	100	4	50	pips_l40_r400_500-8000.hdf5	right	left
3105.8336	1	Stimulus/S  1	1	31058336	31058344	100	5	30	pips_l40_r400_500-8000.hdf5	right	left
3106.9002	1	Stimulus/S  1	1	31069002	31069010	101	0	20	pips_l40_r400_500-8000.hdf5	right	left
3107.9669	1	Stimulus/S  1	1	31079669	31079677	101	1	40	pips_l40_r400_500-8000.hdf5	right	left
3109.0229	1	Stimulus/S  1	1	31090229	31090237	101	2	60	pips_l40_r400_500-8000.hdf5	right	left
3110.0896	1	Stimulus/S  1	1	31100896	31100904	101	3	70	pips_l40_r400_500-8000.hdf5	right	left
3111.1349	1	Stimulus/S  1	1	31111349	31111357	101	4	50	pips_l40_r400_500-8000.hdf5	right	left
3112.191	1	Stimulus/S  1	1	31121910	31121918	101	5	30	pips_l40_r400_500-8000.hdf5	right	left
3113.2363	1	Stimulus/S  1	1	31132363	31132371	102	0	20	pips_l40_r400_500-8000.hdf5	right	left
3114.2816	1	Stimulus/S  1	1	31142816	31142824	102	1	40	pips_l40_r400_500-8000.hdf5	right	left
3115.3377	1	Stimulus/S  1	1	31153377	31153385	102	2	60	pips_l40_r400_500-8000.hdf5	right	left
3116.383	1	Stimulus/S  1	1	31163830	31163838	102	3	70	pips_l40_r400_500-8000.hdf5	right	left
3117.439	1	Stimulus/S  1	1	31174390	31174398	102	4	50	pips_l40_r400_500-8000.hdf5	right	left
3118.4844	1	Stimulus/S  1	1	31184844	31184852	102	5	30	pips_l40_r400_500-8000.hdf5	right	left
3119.5404	1	Stimulus/S  1	1	31195404	31195412	103	0	20	pips_l40_r400_500-8000.hdf5	right	left
3120.5857	1	Stimulus/S  1	1	31205857	31205865	103	1	40	pips_l40_r400_500-8000.hdf5	right	left
3121.6524	1	Stimulus/S  1	1	31216524	31216532	103	2	60	pips_l40_r400_500-8000.hdf5	right	left
3122.7191	1	Stimulus/S  1	1	31227191	31227199	103	3	70	pips_l40_r400_500-8000.hdf5	right	left
3123.7857	1	Stimulus/S  1	1	31237857	31237865	103	4	50	pips_l40_r400_500-8000.hdf5	right	left
3124.8524	1	Stimulus/S  1	1	31248524	31248532	103	5	30	pips_l40_r400_500-8000.hdf5	right	left
3125.9191	1	Stimulus/S  1	1	31259191	31259199	104	0	20	pips_l40_r400_500-8000.hdf5	right	left
3126.9858	1	Stimulus/S  1	1	31269858	31269866	104	1	40	pips_l40_r400_500-8000.hdf5	right	left
3128.0311	1	Stimulus/S  1	1	31280311	31280319	104	2	60	pips_l40_r400_500-8000.hdf5	right	left
3129.0978	1	Stimulus/S  1	1	31290978	31290986	104	3	70	pips_l40_r400_500-8000.hdf5	right	left
3130.1538	1	Stimulus/S  1	1	31301538	31301546	104	4	50	pips_l40_r400_500-8000.hdf5	right	left
3131.1991	1	Stimulus/S  1	1	31311991	31311999	104	5	30	pips_l40_r400_500-8000.hdf5	right	left
3132.2552	1	Stimulus/S  1	1	31322552	31322560	105	0	20	pips_l40_r400_500-8000.hdf5	right	left
3133.3005	1	Stimulus/S  1	1	31333005	31333013	105	1	40	pips_l40_r400_500-8000.hdf5	right	left
3134.3565	1	Stimulus/S  1	1	31343565	31343573	105	2	60	pips_l40_r400_500-8000.hdf5	right	left
3135.4019	1	Stimulus/S  1	1	31354019	31354027	105	3	70	pips_l40_r400_500-8000.hdf5	right	left
3136.4579	1	Stimulus/S  1	1	31364579	31364587	105	4	50	pips_l40_r400_500-8000.hdf5	right	left
3137.5032	1	Stimulus/S  1	1	31375032	31375040	105	5	30	pips_l40_r400_500-8000.hdf5	right	left
3138.5699	1	Stimulus/S  1	1	31385699	31385707	106	0	20	pips_l40_r400_500-8000.hdf5	right	left
3139.6366	1	Stimulus/S  1	1	31396366	31396374	106	1	40	pips_l40_r400_500-8000.hdf5	right	left
3140.6819	1	Stimulus/S  1	1	31406819	31406827	106	2	60	pips_l40_r400_500-8000.hdf5	right	left
3141.7486	1	Stimulus/S  1	1	31417486	31417494	106	3	70	pips_l40_r400_500-8000.hdf5	right	left
3142.8153	1	Stimulus/S  1	1	31428153	31428161	106	4	50	pips_l40_r400_500-8000.hdf5	right	left
3143.8819	1	Stimulus/S  1	1	31438819	31438827	106	5	30	pips_l40_r400_500-8000.hdf5	right	left
3144.9379	1	Stimulus/S  1	1	31449379	31449387	107	0	20	pips_l40_r400_500-8000.hdf5	right	left
3146.0046	1	Stimulus/S  1	1	31460046	31460054	107	1	40	pips_l40_r400_500-8000.hdf5	right	left
3147.05	1	Stimulus/S  1	1	31470500	31470508	107	2	60	pips_l40_r400_500-8000.hdf5	right	left
3148.1166	1	Stimulus/S  1	1	31481166	31481174	107	3	70	pips_l40_r400_500-8000.hdf5	right	left
3149.1727	1	Stimulus/S  1	1	31491727	31491735	107	4	50	pips_l40_r400_500-8000.hdf5	right	left
3150.2393	1	Stimulus/S  1	1	31502393	31502401	107	5	30	pips_l40_r400_500-8000.hdf5	right	left
3151.2847	1	Stimulus/S  1	1	31512847	31512855	108	0	20	pips_l40_r400_500-8000.hdf5	right	left
3152.3407	1	Stimulus/S  1	1	31523407	31523415	108	1	40	pips_l40_r400_500-8000.hdf5	right	left
3153.386	1	Stimulus/S  1	1	31533860	31533868	108	2	60	pips_l40_r400_500-8000.hdf5	right	left
3154.4527	1	Stimulus/S  1	1	31544527	31544535	108	3	70	pips_l40_r400_500-8000.hdf5	right	left
3155.5087	1	Stimulus/S  1	1	31555087	31555095	108	4	50	pips_l40_r400_500-8000.hdf5	right	left
3156.5754	1	Stimulus/S  1	1	31565754	31565762	108	5	30	pips_l40_r400_500-8000.hdf5	right	left
3157.6207	1	Stimulus/S  1	1	31576207	31576215	109	0	20	pips_l40_r400_500-8000.hdf5	right	left
3158.6874	1	Stimulus/S  1	1	31586874	31586882	109	1	40	pips_l40_r400_500-8000.hdf5	right	left
3159.7541	1	Stimulus/S  1	1	31597541	31597549	109	2	60	pips_l40_r400_500-8000.hdf5	right	left
3160.8208	1	Stimulus/S  1	1	31608208	31608216	109	3	70	pips_l40_r400_500-8000.hdf5	right	left
3161.8874	1	Stimulus/S  1	1	31618874	31618882	109	4	50	pips_l40_r400_500-8000.hdf5	right	left
3162.9541	1	Stimulus/S  1	1	31629541	31629549	109	5	30	pips_l40_r400_500-8000.hdf5	right	left
3164.0208	1	Stimulus/S  1	1	31640208	31640216	110	0	20	pips_l40_r400_500-8000.hdf5	right	left
3165.0661	1	Stimulus/S  1	1	31650661	31650669	110	1	40	pips_l40_r400_500-8000.hdf5	right	left
3166.1328	1	Stimulus/S  1	1	31661328	31661336	110	2	60	pips_l40_r400_500-8000.hdf5	right	left
3167.1888	1	Stimulus/S  1	1	31671888	31671896	110	3	70	pips_l40_r400_500-8000.hdf5	right	left
3168.2555	1	Stimulus/S  1	1	31682555	31682563	110	4	50	pips_l40_r400_500-8000.hdf5	right	left
3169.3009	1	Stimulus/S  1	1	31693009	31693017	110	5	30	pips_l40_r400_500-8000.hdf5	right	left
3170.3569	1	Stimulus/S  1	1	31703569	31703577	111	0	20	pips_l40_r400_500-8000.hdf5	right	left
3171.4022	1	Stimulus/S  1	1	31714022	31714030	111	1	40	pips_l40_r400_500-8000.hdf5	right	left
3172.4582	1	Stimulus/S  1	1	31724582	31724590	111	2	60	pips_l40_r400_500-8000.hdf5	right	left
3173.5036	1	Stimulus/S  1	1	31735036	31735044	111	3	70	pips_l40_r400_500-8000.hdf5	right	left
3174.5702	1	Stimulus/S  1	1	31745702	31745710	111	4	50	pips_l40_r400_500-8000.hdf5	right	left
3175.6156	1	Stimulus/S  1	1	31756156	31756164	111	5	30	pips_l40_r400_500-8000.hdf5	right	left
3176.6823	1	Stimulus/S  1	1	31766823	31766831	112	0	20	pips_l40_r400_500-8000.hdf5	right	left
3177.7383	1	Stimulus/S  1	1	31777383	31777391	112	1	40	pips_l40_r400_500-8000.hdf5	right	left
3178.8049	1	Stimulus/S  1	1	31788049	31788057	112	2	60	pips_l40_r400_500-8000.hdf5	right	left
3179.8716	1	Stimulus/S  1	1	31798716	31798724	112	3	70	pips_l40_r400_500-8000.hdf5	right	left
3180.9383	1	Stimulus/S  1	1	31809383	31809391	112	4	50	pips_l40_r400_500-8000.hdf5	right	left
3182.005	1	Stimulus/S  1	1	31820050	31820058	112	5	30	pips_l40_r400_500-8000.hdf5	right	left
3183.0717	1	Stimulus/S  1	1	31830717	31830725	113	0	20	pips_l40_r400_500-8000.hdf5	right	left
3184.1383	1	Stimulus/S  1	1	31841383	31841391	113	1	40	pips_l40_r400_500-8000.hdf5	right	left
3185.1837	1	Stimulus/S  1	1	31851837	31851845	113	2	60	pips_l40_r400_500-8000.hdf5	right	left
3186.2504	1	Stimulus/S  1	1	31862504	31862512	113	3	70	pips_l40_r400_500-8000.hdf5	right	left
3187.3064	1	Stimulus/S  1	1	31873064	31873072	113	4	50	pips_l40_r400_500-8000.hdf5	right	left
3188.3517	1	Stimulus/S  1	1	31883517	31883525	113	5	30	pips_l40_r400_500-8000.hdf5	right	left
3189.4077	1	Stimulus/S  1	1	31894077	31894085	114	0	20	pips_l40_r400_500-8000.hdf5	right	left
3190.4531	1	Stimulus/S  1	1	31904531	31904539	114	1	40	pips_l40_r400_500-8000.hdf5	right	left
3191.5091	1	Stimulus/S  1	1	31915091	31915099	114	2	60	pips_l40_r400_500-8000.hdf5	right	left
3192.5544	1	Stimulus/S  1	1	31925544	31925552	114	3	70	pips_l40_r400_500-8000.hdf5	right	left
3193.5998	1	Stimulus/S  1	1	31935998	31936006	114	4	50	pips_l40_r400_500-8000.hdf5	right	left
3194.6558	1	Stimulus/S  1	1	31946558	31946566	114	5	30	pips_l40_r400_500-8000.hdf5	right	left
3195.7224	1	Stimulus/S  1	1	31957224	31957232	115	0	20	pips_l40_r400_500-8000.hdf5	right	left
3196.7891	1	Stimulus/S  1	1	31967891	31967899	115	1	40	pips_l40_r400_500-8000.hdf5	right	left
3197.8558	1	Stimulus/S  1	1	31978558	31978566	115	2	60	pips_l40_r400_500-8000.hdf5	right	left
3198.9225	1	Stimulus/S  1	1	31989225	31989233	115	3	70	pips_l40_r400_500-8000.hdf5	right	left
3199.9892	1	Stimulus/S  1	1	31999892	31999900	115	4	50	pips_l40_r400_500-8000.hdf5	right	left
3201.0558	1	Stimulus/S  1	1	32010558	32010566	115	5	30	pips_l40_r400_500-8000.hdf5	right	left
3202.1012	1	Stimulus/S  1	1	32021012	32021020	116	0	20	pips_l40_r400_500-8000.hdf5	right	left
3203.1679	1	Stimulus/S  1	1	32031679	32031687	116	1	40	pips_l40_r400_500-8000.hdf5	right	left
3204.2239	1	Stimulus/S  1	1	32042239	32042247	116	2	60	pips_l40_r400_500-8000.hdf5	right	left
3205.2905	1	Stimulus/S  1	1	32052905	32052913	116	3	70	pips_l40_r400_500-8000.hdf5	right	left
3206.3359	1	Stimulus/S  1	1	32063359	32063367	116	4	50	pips_l40_r400_500-8000.hdf5	right	left
3207.3919	1	Stimulus/S  1	1	32073919	32073927	116	5	30	pips_l40_r400_500-8000.hdf5	right	left
3208.4372	1	Stimulus/S  1	1	32084372	32084380	117	0	20	pips_l40_r400_500-8000.hdf5	right	left
3209.4826	1	Stimulus/S  1	1	32094826	32094834	117	1	40	pips_l40_r400_500-8000.hdf5	right	left
3210.5386	1	Stimulus/S  1	1	32105386	32105394	117	2	60	pips_l40_r400_500-8000.hdf5	right	left
3211.6053	1	Stimulus/S  1	1	32116053	32116061	117	3	70	pips_l40_r400_500-8000.hdf5	right	left
3212.6506	1	Stimulus/S  1	1	32126506	32126514	117	4	50	pips_l40_r400_500-8000.hdf5	right	left
3213.7173	1	Stimulus/S  1	1	32137173	32137181	117	5	30	pips_l40_r400_500-8000.hdf5	right	left
3214.7733	1	Stimulus/S  1	1	32147733	32147741	118	0	20	pips_l40_r400_500-8000.hdf5	right	left
3215.84	1	Stimulus/S  1	1	32158400	32158408	118	1	40	pips_l40_r400_500-8000.hdf5	right	left
3216.9067	1	Stimulus/S  1	1	32169067	32169075	118	2	60	pips_l40_r400_500-8000.hdf5	right	left
3217.9733	1	Stimulus/S  1	1	32179733	32179741	118	3	70	pips_l40_r400_500-8000.hdf5	right	left
3219.0187	1	Stimulus/S  1	1	32190187	32190195	118	4	50	pips_l40_r400_500-8000.hdf5	right	left
3220.0854	1	Stimulus/S  1	1	32200854	32200862	118	5	30	pips_l40_r400_500-8000.hdf5	right	left
3221.1414	1	Stimulus/S  1	1	32211414	32211422	119	0	20	pips_l40_r400_500-8000.hdf5	right	left
3222.208	1	Stimulus/S  1	1	32222080	32222088	119	1	40	pips_l40_r400_500-8000.hdf5	right	left
3223.2534	1	Stimulus/S  1	1	32232534	32232542	119	2	60	pips_l40_r400_500-8000.hdf5	right	left
3224.3094	1	Stimulus/S  1	1	32243094	32243102	119	3	70	pips_l40_r400_500-8000.hdf5	right	left
3225.3547	1	Stimulus/S  1	1	32253547	32253555	119	4	50	pips_l40_r400_500-8000.hdf5	right	left
3226.4001	1	Stimulus/S  1	1	32264001	32264009	119	5	30	pips_l40_r400_500-8000.hdf5	right	left
3227.4561	1	Stimulus/S  1	1	32274561	32274569	0	0	20	pips_l40_r400_500-8000.hdf5	right	left
3228.5014	1	Stimulus/S  1	1	32285014	32285022	0	1	40	pips_l40_r400_500-8000.hdf5	right	left
3229.5574	1	Stimulus/S  1	1	32295574	32295582	0	2	60	pips_l40_r400_500-8000.hdf5	right	left
3230.6241	1	Stimulus/S  1	1	32306241	32306249	0	3	70	pips_l40_r400_500-8000.hdf5	right	left
3231.6695	1	Stimulus/S  1	1	32316695	32316703	0	4	50	pips_l40_r400_500-8000.hdf5	right	left
3232.7361	1	Stimulus/S  1	1	32327361	32327369	0	5	30	pips_l40_r400_500-8000.hdf5	right	left
3233.7922	1	Stimulus/S  1	1	32337922	32337930	1	0	20	pips_l40_r400_500-8000.hdf5	right	left
3234.8588	1	Stimulus/S  1	1	32348588	32348596	1	1	40	pips_l40_r400_500-8000.hdf5	right	left
3235.9255	1	Stimulus/S  1	1	32359255	32359263	1	2	60	pips_l40_r400_500-8000.hdf5	right	left
3236.9922	1	Stimulus/S  1	1	32369922	32369930	1	3	70	pips_l40_r400_500-8000.hdf5	right	left
3238.0375	1	Stimulus/S  1	1	32380375	32380383	1	4	50	pips_l40_r400_500-8000.hdf5	right	left
3239.1042	1	Stimulus/S  1	1	32391042	32391050	1	5	30	pips_l40_r400_500-8000.hdf5	right	left
3240.1495	1	Stimulus/S  1	1	32401495	32401503	2	0	20	pips_l40_r400_500-8000.hdf5	right	left
3241.2269	1	Stimulus/S  1	1	32412269	32412277	2	1	40	pips_l40_r400_500-8000.hdf5	right	left
3242.2722	1	Stimulus/S  1	1	32422722	32422730	2	2	60	pips_l40_r400_500-8000.hdf5	right	left
3243.3176	1	Stimulus/S  1	1	32433176	32433184	2	3	70	pips_l40_r400_500-8000.hdf5	right	left
3244.3736	1	Stimulus/S  1	1	32443736	32443744	2	4	50	pips_l40_r400_500-8000.hdf5	right	left
3245.4189	1	Stimulus/S  1	1	32454189	32454197	2	5	30	pips_l40_r400_500-8000.hdf5	right	left
3246.4749	1	Stimulus/S  1	1	32464749	32464757	3	0	20	pips_l40_r400_500-8000.hdf5	right	left
3247.5416	1	Stimulus/S  1	1	32475416	32475424	3	1	40	pips_l40_r400_500-8000.hdf5	right	left
3248.587	1	Stimulus/S  1	1	32485870	32485878	3	2	60	pips_l40_r400_500-8000.hdf5	right	left
3249.6536	1	Stimulus/S  1	1	32496536	32496544	3	3	70	pips_l40_r400_500-8000.hdf5	right	left
3250.7097	1	Stimulus/S  1	1	32507097	32507105	3	4	50	pips_l40_r400_500-8000.hdf5	right	left
3251.7763	1	Stimulus/S  1	1	32517763	32517771	3	5	30	pips_l40_r400_500-8000.hdf5	right	left
3252.843	1	Stimulus/S  1	1	32528430	32528438	4	0	20	pips_l40_r400_500-8000.hdf5	right	left
3253.9097	1	Stimulus/S  1	1	32539097	32539105	4	1	40	pips_l40_r400_500-8000.hdf5	right	left
3254.955	1	Stimulus/S  1	1	32549550	32549558	4	2	60	pips_l40_r400_500-8000.hdf5	right	left
3256.0217	1	Stimulus/S  1	1	32560217	32560225	4	3	70	pips_l40_r400_500-8000.hdf5	right	left
3257.067	1	Stimulus/S  1	1	32570670	32570678	4	4	50	pips_l40_r400_500-8000.hdf5	right	left
3258.1337	1	Stimulus/S  1	1	32581337	32581345	4	5	30	pips_l40_r400_500-8000.hdf5	right	left
3259.1897	1	Stimulus/S  1	1	32591897	32591905	5	0	20	pips_l40_r400_500-8000.hdf5	right	left
3260.2351	1	Stimulus/S  1	1	32602351	32602359	5	1	40	pips_l40_r400_500-8000.hdf5	right	left
3261.2911	1	Stimulus/S  1	1	32612911	32612919	5	2	60	pips_l40_r400_500-8000.hdf5	right	left
3262.3578	1	Stimulus/S  1	1	32623578	32623586	5	3	70	pips_l40_r400_500-8000.hdf5	right	left
3263.4031	1	Stimulus/S  1	1	32634031	32634039	5	4	50	pips_l40_r400_500-8000.hdf5	right	left
3264.4698	1	Stimulus/S  1	1	32644698	32644706	5	5	30	pips_l40_r400_500-8000.hdf5	right	left
3265.5258	1	Stimulus/S  1	1	32655258	32655266	6	0	20	pips_l40_r400_500-8000.hdf5	right	left
3266.5925	1	Stimulus/S  1	1	32665925	32665933	6	1	40	pips_l40_r400_500-8000.hdf5	right	left
3267.6592	1	Stimulus/S  1	1	32676592	32676600	6	2	60	pips_l40_r400_500-8000.hdf5	right	left
3268.7258	1	Stimulus/S  1	1	32687258	32687266	6	3	70	pips_l40_r400_500-8000.hdf5	right	left
3269.7925	1	Stimulus/S  1	1	32697925	32697933	6	4	50	pips_l40_r400_500-8000.hdf5	right	left
3270.8592	1	Stimulus/S  1	1	32708592	32708600	6	5	30	pips_l40_r400_500-8000.hdf5	right	left
3271.9259	1	Stimulus/S  1	1	32719259	32719267	7	0	20	pips_l40_r400_500-8000.hdf5	right	left
3272.9712	1	Stimulus/S  1	1	32729712	32729720	7	1	40	pips_l40_r400_500-8000.hdf5	right	left
3274.0379	1	Stimulus/S  1	1	32740379	32740387	7	2	60	pips_l40_r400_500-8000.hdf5	right	left
3275.0832	1	Stimulus/S  1	1	32750832	32750840	7	3	70	pips_l40_r400_500-8000.hdf5	right	left
3276.1392	1	Stimulus/S  1	1	32761392	32761400	7	4	50	pips_l40_r400_500-8000.hdf5	right	left
3277.1846	1	Stimulus/S  1	1	32771846	32771854	7	5	30	pips_l40_r400_500-8000.hdf5	right	left
3278.2406	1	Stimulus/S  1	1	32782406	32782414	8	0	20	pips_l40_r400_500-8000.hdf5	right	left
3279.2859	1	Stimulus/S  1	1	32792859	32792867	8	1	40	pips_l40_r400_500-8000.hdf5	right	left
3280.3419	1	Stimulus/S  1	1	32803419	32803427	8	2	60	pips_l40_r400_500-8000.hdf5	right	left
3281.3873	1	Stimulus/S  1	1	32813873	32813881	8	3	70	pips_l40_r400_500-8000.hdf5	right	left
3282.4433	1	Stimulus/S  1	1	32824433	32824441	8	4	50	pips_l40_r400_500-8000.hdf5	right	left
3283.51	1	Stimulus/S  1	1	32835100	32835108	8	5	30	pips_l40_r400_500-8000.hdf5	right	left
3284.5767	1	Stimulus/S  1	1	32845767	32845775	9	0	20	pips_l40_r400_500-8000.hdf5	right	left
3285.6433	1	Stimulus/S  1	1	32856433	32856441	9	1	40	pips_l40_r400_500-8000.hdf5	right	left
3286.71	1	Stimulus/S  1	1	32867100	32867108	9	2	60	pips_l40_r400_500-8000.hdf5	right	left
3287.7767	1	Stimulus/S  1	1	32877767	32877775	9	3	70	pips_l40_r400_500-8000.hdf5	right	left
3288.8434	1	Stimulus/S  1	1	32888434	32888442	9	4	50	pips_l40_r400_500-8000.hdf5	right	left
3289.8887	1	Stimulus/S  1	1	32898887	32898895	9	5	30	pips_l40_r400_500-8000.hdf5	right	left
3290.9554	1	Stimulus/S  1	1	32909554	32909562	10	0	20	pips_l40_r400_500-8000.hdf5	right	left
3292.0007	1	Stimulus/S  1	1	32920007	32920015	10	1	40	pips_l40_r400_500-8000.hdf5	right	left
3293.0674	1	Stimulus/S  1	1	32930674	32930682	10	2	60	pips_l40_r400_500-8000.hdf5	right	left
3294.1234	1	Stimulus/S  1	1	32941234	32941242	10	3	70	pips_l40_r400_500-8000.hdf5	right	left
3295.1688	1	Stimulus/S  1	1	32951688	32951696	10	4	50	pips_l40_r400_500-8000.hdf5	right	left
3296.2248	1	Stimulus/S  1	1	32962248	32962256	10	5	30	pips_l40_r400_500-8000.hdf5	right	left
3297.2914	1	Stimulus/S  1	1	32972914	32972922	11	0	20	pips_l40_r400_500-8000.hdf5	right	left
3298.3368	1	Stimulus/S  1	1	32983368	32983376	11	1	40	pips_l40_r400_500-8000.hdf5	right	left
3299.4035	1	Stimulus/S  1	1	32994035	32994043	11	2	60	pips_l40_r400_500-8000.hdf5	right	left
3300.4595	1	Stimulus/S  1	1	33004595	33004603	11	3	70	pips_l40_r400_500-8000.hdf5	right	left
3301.5262	1	Stimulus/S  1	1	33015262	33015270	11	4	50	pips_l40_r400_500-8000.hdf5	right	left
3302.5928	1	Stimulus/S  1	1	33025928	33025936	11	5	30	pips_l40_r400_500-8000.hdf5	right	left
3303.6595	1	Stimulus/S  1	1	33036595	33036603	12	0	20	pips_l40_r400_500-8000.hdf5	right	left
3304.7262	1	Stimulus/S  1	1	33047262	33047270	12	1	40	pips_l40_r400_500-8000.hdf5	right	left
3305.7929	1	Stimulus/S  1	1	33057929	33057937	12	2	60	pips_l40_r400_500-8000.hdf5	right	left
3306.8595	1	Stimulus/S  1	1	33068595	33068603	12	3	70	pips_l40_r400_500-8000.hdf5	right	left
3307.9049	1	Stimulus/S  1	1	33079049	33079057	12	4	50	pips_l40_r400_500-8000.hdf5	right	left
3308.9609	1	Stimulus/S  1	1	33089609	33089617	12	5	30	pips_l40_r400_500-8000.hdf5	right	left
3310.0062	1	Stimulus/S  1	1	33100062	33100070	13	0	20	pips_l40_r400_500-8000.hdf5	right	left
3311.0516	1	Stimulus/S  1	1	33110516	33110524	13	1	40	pips_l40_r400_500-8000.hdf5	right	left
3312.1076	1	Stimulus/S  1	1	33121076	33121084	13	2	60	pips_l40_r400_500-8000.hdf5	right	left
3313.1529	1	Stimulus/S  1	1	33131529	33131537	13	3	70	pips_l40_r400_500-8000.hdf5	right	left
3314.2089	1	Stimulus/S  1	1	33142089	33142097	13	4	50	pips_l40_r400_500-8000.hdf5	right	left
3315.2543	1	Stimulus/S  1	1	33152543	33152551	13	5	30	pips_l40_r400_500-8000.hdf5	right	left
3316.321	1	Stimulus/S  1	1	33163210	33163218	14	0	20	pips_l40_r400_500-8000.hdf5	right	left
3317.377	1	Stimulus/S  1	1	33173770	33173778	14	1	40	pips_l40_r400_500-8000.hdf5	right	left
3318.4436	1	Stimulus/S  1	1	33184436	33184444	14	2	60	pips_l40_r400_500-8000.hdf5	right	left
3319.5103	1	Stimulus/S  1	1	33195103	33195111	14	3	70	pips_l40_r400_500-8000.hdf5	right	left
3320.577	1	Stimulus/S  1	1	33205770	33205778	14	4	50	pips_l40_r400_500-8000.hdf5	right	left
3321.6437	1	Stimulus/S  1	1	33216437	33216445	14	5	30	pips_l40_r400_500-8000.hdf5	right	left
3322.7104	1	Stimulus/S  1	1	33227104	33227112	15	0	20	pips_l40_r400_500-8000.hdf5	right	left
3323.777	1	Stimulus/S  1	1	33237770	33237778	15	1	40	pips_l40_r400_500-8000.hdf5	right	left
3324.8224	1	Stimulus/S  1	1	33248224	33248232	15	2	60	pips_l40_r400_500-8000.hdf5	right	left
3325.8891	1	Stimulus/S  1	1	33258891	33258899	15	3	70	pips_l40_r400_500-8000.hdf5	right	left
3326.9451	1	Stimulus/S  1	1	33269451	33269459	15	4	50	pips_l40_r400_500-8000.hdf5	right	left
3327.9904	1	Stimulus/S  1	1	33279904	33279912	15	5	30	pips_l40_r400_500-8000.hdf5	right	left
3329.0358	1	Stimulus/S  1	1	33290358	33290366	16	0	20	pips_l40_r400_500-8000.hdf5	right	left
3330.0918	1	Stimulus/S  1	1	33300918	33300926	16	1	40	pips_l40_r400_500-8000.hdf5	right	left
3331.1371	1	Stimulus/S  1	1	33311371	33311379	16	2	60	pips_l40_r400_500-8000.hdf5	right	left
3332.1931	1	Stimulus/S  1	1	33321931	33321939	16	3	70	pips_l40_r400_500-8000.hdf5	right	left
3333.2385	1	Stimulus/S  1	1	33332385	33332393	16	4	50	pips_l40_r400_500-8000.hdf5	right	left
3334.2945	1	Stimulus/S  1	1	33342945	33342953	16	5	30	pips_l40_r400_500-8000.hdf5	right	left
3335.3611	1	Stimulus/S  1	1	33353611	33353619	17	0	20	pips_l40_r400_500-8000.hdf5	right	left
3336.4278	1	Stimulus/S  1	1	33364278	33364286	17	1	40	pips_l40_r400_500-8000.hdf5	right	left
3337.4945	1	Stimulus/S  1	1	33374945	33374953	17	2	60	pips_l40_r400_500-8000.hdf5	right	left
3338.5612	1	Stimulus/S  1	1	33385612	33385620	17	3	70	pips_l40_r400_500-8000.hdf5	right	left
3339.6279	1	Stimulus/S  1	1	33396279	33396287	17	4	50	pips_l40_r400_500-8000.hdf5	right	left
3340.6945	1	Stimulus/S  1	1	33406945	33406953	17	5	30	pips_l40_r400_500-8000.hdf5	right	left
3341.7399	1	Stimulus/S  1	1	33417399	33417407	18	0	20	pips_l40_r400_500-8000.hdf5	right	left
3342.8066	1	Stimulus/S  1	1	33428066	33428074	18	1	40	pips_l40_r400_500-8000.hdf5	right	left
3343.8519	1	Stimulus/S  1	1	33438519	33438527	18	2	60	pips_l40_r400_500-8000.hdf5	right	left
3344.9186	1	Stimulus/S  1	1	33449186	33449194	18	3	70	pips_l40_r400_500-8000.hdf5	right	left
3345.9746	1	Stimulus/S  1	1	33459746	33459754	18	4	50	pips_l40_r400_500-8000.hdf5	right	left
3347.0199	1	Stimulus/S  1	1	33470199	33470207	18	5	30	pips_l40_r400_500-8000.hdf5	right	left
3348.0759	1	Stimulus/S  1	1	33480759	33480767	19	0	20	pips_l40_r400_500-8000.hdf5	right	left
3349.1426	1	Stimulus/S  1	1	33491426	33491434	19	1	40	pips_l40_r400_500-8000.hdf5	right	left
3350.188	1	Stimulus/S  1	1	33501880	33501888	19	2	60	pips_l40_r400_500-8000.hdf5	right	left
3351.2546	1	Stimulus/S  1	1	33512546	33512554	19	3	70	pips_l40_r400_500-8000.hdf5	right	left
3352.3106	1	Stimulus/S  1	1	33523106	33523114	19	4	50	pips_l40_r400_500-8000.hdf5	right	left
3353.3773	1	Stimulus/S  1	1	33533773	33533781	19	5	30	pips_l40_r400_500-8000.hdf5	right	left
3354.444	1	Stimulus/S  1	1	33544440	33544448	20	0	20	pips_l40_r400_500-8000.hdf5	right	left
3355.5107	1	Stimulus/S  1	1	33555107	33555115	20	1	40	pips_l40_r400_500-8000.hdf5	right	left
3356.556	1	Stimulus/S  1	1	33565560	33565568	20	2	60	pips_l40_r400_500-8000.hdf5	right	left
3357.6227	1	Stimulus/S  1	1	33576227	33576235	20	3	70	pips_l40_r400_500-8000.hdf5	right	left
3358.668	1	Stimulus/S  1	1	33586680	33586688	20	4	50	pips_l40_r400_500-8000.hdf5	right	left
3359.7454	1	Stimulus/S  1	1	33597454	33597462	20	5	30	pips_l40_r400_500-8000.hdf5	right	left
3360.7907	1	Stimulus/S  1	1	33607907	33607915	21	0	20	pips_l40_r400_500-8000.hdf5	right	left
3361.8361	1	Stimulus/S  1	1	33618361	33618369	21	1	40	pips_l40_r400_500-8000.hdf5	right	left
3362.8921	1	Stimulus/S  1	1	33628921	33628929	21	2	60	pips_l40_r400_500-8000.hdf5	right	left
3363.9588	1	Stimulus/S  1	1	33639588	33639596	21	3	70	pips_l40_r400_500-8000.hdf5	right	left
3365.0041	1	Stimulus/S  1	1	33650041	33650049	21	4	50	pips_l40_r400_500-8000.hdf5	right	left
3366.0708	1	Stimulus/S  1	1	33660708	33660716	21	5	30	pips_l40_r400_500-8000.hdf5	right	left
3367.1268	1	Stimulus/S  1	1	33671268	33671276	22	0	20	pips_l40_r400_500-8000.hdf5	right	left
3368.1935	1	Stimulus/S  1	1	33681935	33681943	22	1	40	pips_l40_r400_500-8000.hdf5	right	left
3369.2601	1	Stimulus/S  1	1	33692601	33692609	22	2	60	pips_l40_r400_500-8000.hdf5	right	left
3370.3268	1	Stimulus/S  1	1	33703268	33703276	22	3	70	pips_l40_r400_500-8000.hdf5	right	left
3371.3722	1	Stimulus/S  1	1	33713722	33713730	22	4	50	pips_l40_r400_500-8000.hdf5	right	left
3372.4388	1	Stimulus/S  1	1	33724388	33724396	22	5	30	pips_l40_r400_500-8000.hdf5	right	left
3373.4949	1	Stimulus/S  1	1	33734949	33734957	23	0	20	pips_l40_r400_500-8000.hdf5	right	left
3374.5615	1	Stimulus/S  1	1	33745615	33745623	23	1	40	pips_l40_r400_500-8000.hdf5	right	left
3375.6069	1	Stimulus/S  1	1	33756069	33756077	23	2	60	pips_l40_r400_500-8000.hdf5	right	left
3376.6522	1	Stimulus/S  1	1	33766522	33766530	23	3	70	pips_l40_r400_500-8000.hdf5	right	left
3377.7082	1	Stimulus/S  1	1	33777082	33777090	23	4	50	pips_l40_r400_500-8000.hdf5	right	left
3378.7536	1	Stimulus/S  1	1	33787536	33787544	23	5	30	pips_l40_r400_500-8000.hdf5	right	left
3379.8096	1	Stimulus/S  1	1	33798096	33798104	24	0	20	pips_l40_r400_500-8000.hdf5	right	left
3380.8763	1	Stimulus/S  1	1	33808763	33808771	24	1	40	pips_l40_r400_500-8000.hdf5	right	left
3381.9216	1	Stimulus/S  1	1	33819216	33819224	24	2	60	pips_l40_r400_500-8000.hdf5	right	left
3382.9883	1	Stimulus/S  1	1	33829883	33829891	24	3	70	pips_l40_r400_500-8000.hdf5	right	left
3384.0443	1	Stimulus/S  1	1	33840443	33840451	24	4	50	pips_l40_r400_500-8000.hdf5	right	left
3385.111	1	Stimulus/S  1	1	33851110	33851118	24	5	30	pips_l40_r400_500-8000.hdf5	right	left
3386.1776	1	Stimulus/S  1	1	33861776	33861784	25	0	20	pips_l40_r400_500-8000.hdf5	right	left
3387.2443	1	Stimulus/S  1	1	33872443	33872451	25	1	40	pips_l40_r400_500-8000.hdf5	right	left
3388.2897	1	Stimulus/S  1	1	33882897	33882905	25	2	60	pips_l40_r400_500-8000.hdf5	right	left
3389.3563	1	Stimulus/S  1	1	33893563	33893571	25	3	70	pips_l40_r400_500-8000.hdf5	right	left
3390.4124	1	Stimulus/S  1	1	33904124	33904132	25	4	50	pips_l40_r400_500-8000.hdf5	right	left
3391.479	1	Stimulus/S  1	1	33914790	33914798	25	5	30	pips_l40_r400_500-8000.hdf5	right	left
3392.5244	1	Stimulus/S  1	1	33925244	33925252	26	0	20	pips_l40_r400_500-8000.hdf5	right	left
3393.5697	1	Stimulus/S  1	1	33935697	33935705	26	1	40	pips_l40_r400_500-8000.hdf5	right	left
3394.6257	1	Stimulus/S  1	1	33946257	33946265	26	2	60	pips_l40_r400_500-8000.hdf5	right	left
3395.6924	1	Stimulus/S  1	1	33956924	33956932	26	3	70	pips_l40_r400_500-8000.hdf5	right	left
3396.7378	1	Stimulus/S  1	1	33967378	33967386	26	4	50	pips_l40_r400_500-8000.hdf5	right	left
3397.8044	1	Stimulus/S  1	1	33978044	33978052	26	5	30	pips_l40_r400_500-8000.hdf5	right	left
3398.8604	1	Stimulus/S  1	1	33988604	33988612	27	0	20	pips_l40_r400_500-8000.hdf5	right	left
3399.9271	1	Stimulus/S  1	1	33999271	33999279	27	1	40	pips_l40_r400_500-8000.hdf5	right	left
3400.9938	1	Stimulus/S  1	1	34009938	34009946	27	2	60	pips_l40_r400_500-8000.hdf5	right	left
3402.0605	1	Stimulus/S  1	1	34020605	34020613	27	3	70	pips_l40_r400_500-8000.hdf5	right	left
3403.1058	1	Stimulus/S  1	1	34031058	34031066	27	4	50	pips_l40_r400_500-8000.hdf5	right	left
3404.1725	1	Stimulus/S  1	1	34041725	34041733	27	5	30	pips_l40_r400_500-8000.hdf5	right	left
3405.2285	1	Stimulus/S  1	1	34052285	34052293	28	0	20	pips_l40_r400_500-8000.hdf5	right	left
3406.2952	1	Stimulus/S  1	1	34062952	34062960	28	1	40	pips_l40_r400_500-8000.hdf5	right	left
3407.3405	1	Stimulus/S  1	1	34073405	34073413	28	2	60	pips_l40_r400_500-8000.hdf5	right	left
3408.3859	1	Stimulus/S  1	1	34083859	34083867	28	3	70	pips_l40_r400_500-8000.hdf5	right	left
3409.4419	1	Stimulus/S  1	1	34094419	34094427	28	4	50	pips_l40_r400_500-8000.hdf5	right	left
3410.4872	1	Stimulus/S  1	1	34104872	34104880	28	5	30	pips_l40_r400_500-8000.hdf5	right	left
3411.5432	1	Stimulus/S  1	1	34115432	34115440	29	0	20	pips_l40_r400_500-8000.hdf5	right	left
3412.6099	1	Stimulus/S  1	1	34126099	34126107	29	1	40	pips_l40_r400_500-8000.hdf5	right	left
3413.6552	1	Stimulus/S  1	1	34136552	34136560	29	2	60	pips_l40_r400_500-8000.hdf5	right	left
3414.7219	1	Stimulus/S  1	1	34147219	34147227	29	3	70	pips_l40_r400_500-8000.hdf5	right	left
3415.7779	1	Stimulus/S  1	1	34157779	34157787	29	4	50	pips_l40_r400_500-8000.hdf5	right	left
3416.8446	1	Stimulus/S  1	1	34168446	34168454	29	5	30	pips_l40_r400_500-8000.hdf5	right	left
3417.9113	1	Stimulus/S  1	1	34179113	34179121	30	0	20	pips_l40_r400_500-8000.hdf5	right	left
3418.978	1	Stimulus/S  1	1	34189780	34189788	30	1	40	pips_l40_r400_500-8000.hdf5	right	left
3420.0233	1	Stimulus/S  1	1	34200233	34200241	30	2	60	pips_l40_r400_500-8000.hdf5	right	left
3421.09	1	Stimulus/S  1	1	34210900	34210908	30	3	70	pips_l40_r400_500-8000.hdf5	right	left
3422.146	1	Stimulus/S  1	1	34221460	34221468	30	4	50	pips_l40_r400_500-8000.hdf5	right	left
3423.2127	1	Stimulus/S  1	1	34232127	34232135	30	5	30	pips_l40_r400_500-8000.hdf5	right	left
3424.258	1	Stimulus/S  1	1	34242580	34242588	31	0	20	pips_l40_r400_500-8000.hdf5	right	left
3425.3034	1	Stimulus/S  1	1	34253034	34253042	31	1	40	pips_l40_r400_500-8000.hdf5	right	left
3426.3594	1	Stimulus/S  1	1	34263594	34263602	31	2	60	pips_l40_r400_500-8000.hdf5	right	left
3427.4261	1	Stimulus/S  1	1	34274261	34274269	31	3	70	pips_l40_r400_500-8000.hdf5	right	left
3428.4714	1	Stimulus/S  1	1	34284714	34284722	31	4	50	pips_l40_r400_500-8000.hdf5	right	left
3429.5381	1	Stimulus/S  1	1	34295381	34295389	31	5	30	pips_l40_r400_500-8000.hdf5	right	left
3430.5941	1	Stimulus/S  1	1	34305941	34305949	32	0	20	pips_l40_r400_500-8000.hdf5	right	left
3431.6608	1	Stimulus/S  1	1	34316608	34316616	32	1	40	pips_l40_r400_500-8000.hdf5	right	left
3432.7274	1	Stimulus/S  1	1	34327274	34327282	32	2	60	pips_l40_r400_500-8000.hdf5	right	left
3433.7941	1	Stimulus/S  1	1	34337941	34337949	32	3	70	pips_l40_r400_500-8000.hdf5	right	left
3434.8608	1	Stimulus/S  1	1	34348608	34348616	32	4	50	pips_l40_r400_500-8000.hdf5	right	left
3435.9275	1	Stimulus/S  1	1	34359275	34359283	32	5	30	pips_l40_r400_500-8000.hdf5	right	left
3436.9941	1	Stimulus/S  1	1	34369941	34369949	33	0	20	pips_l40_r400_500-8000.hdf5	right	left
3438.0395	1	Stimulus/S  1	1	34380395	34380403	33	1	40	pips_l40_r400_500-8000.hdf5	right	left
3439.0955	1	Stimulus/S  1	1	34390955	34390963	33	2	60	pips_l40_r400_500-8000.hdf5	right	left
3440.1408	1	Stimulus/S  1	1	34401408	34401416	33	3	70	pips_l40_r400_500-8000.hdf5	right	left
3441.1969	1	Stimulus/S  1	1	34411969	34411977	33	4	50	pips_l40_r400_500-8000.hdf5	right	left
3442.2422	1	Stimulus/S  1	1	34422422	34422430	33	5	30	pips_l40_r400_500-8000.hdf5	right	left
3443.2875	1	Stimulus/S  1	1	34432875	34432883	34	0	20	pips_l40_r400_500-8000.hdf5	right	left
3444.3436	1	Stimulus/S  1	1	34443436	34443444	34	1	40	pips_l40_r400_500-8000.hdf5	right	left
3445.3889	1	Stimulus/S  1	1	34453889	34453897	34	2	60	pips_l40_r400_500-8000.hdf5	right	left
3446.4556	1	Stimulus/S  1	1	34464556	34464564	34	3	70	pips_l40_r400_500-8000.hdf5	right	left
3447.5116	1	Stimulus/S  1	1	34475116	34475124	34	4	50	pips_l40_r400_500-8000.hdf5	right	left
3448.5783	1	Stimulus/S  1	1	34485783	34485791	34	5	30	pips_l40_r400_500-8000.hdf5	right	left
3449.6449	1	Stimulus/S  1	1	34496449	34496457	35	0	20	pips_l40_r400_500-8000.hdf5	right	left
3450.7116	1	Stimulus/S  1	1	34507116	34507124	35	1	40	pips_l40_r400_500-8000.hdf5	right	left
3451.757	1	Stimulus/S  1	1	34517570	34517578	35	2	60	pips_l40_r400_500-8000.hdf5	right	left
3452.8236	1	Stimulus/S  1	1	34528236	34528244	35	3	70	pips_l40_r400_500-8000.hdf5	right	left
3453.8796	1	Stimulus/S  1	1	34538796	34538804	35	4	50	pips_l40_r400_500-8000.hdf5	right	left
3454.9463	1	Stimulus/S  1	1	34549463	34549471	35	5	30	pips_l40_r400_500-8000.hdf5	right	left
3455.9917	1	Stimulus/S  1	1	34559917	34559925	36	0	20	pips_l40_r400_500-8000.hdf5	right	left
3457.037	1	Stimulus/S  1	1	34570370	34570378	36	1	40	pips_l40_r400_500-8000.hdf5	right	left
3458.093	1	Stimulus/S  1	1	34580930	34580938	36	2	60	pips_l40_r400_500-8000.hdf5	right	left
3459.1384	1	Stimulus/S  1	1	34591384	34591392	36	3	70	pips_l40_r400_500-8000.hdf5	right	left
3460.1944	1	Stimulus/S  1	1	34601944	34601952	36	4	50	pips_l40_r400_500-8000.hdf5	right	left
3461.261	1	Stimulus/S  1	1	34612610	34612618	36	5	30	pips_l40_r400_500-8000.hdf5	right	left
3462.3064	1	Stimulus/S  1	1	34623064	34623072	37	0	20	pips_l40_r400_500-8000.hdf5	right	left
3463.3731	1	Stimulus/S  1	1	34633731	34633739	37	1	40	pips_l40_r400_500-8000.hdf5	right	left
3464.4397	1	Stimulus/S  1	1	34644397	34644405	37	2	60	pips_l40_r400_500-8000.hdf5	right	left
3465.5064	1	Stimulus/S  1	1	34655064	34655072	37	3	70	pips_l40_r400_500-8000.hdf5	right	left
3466.5624	1	Stimulus/S  1	1	34665624	34665632	37	4	50	pips_l40_r400_500-8000.hdf5	right	left
3467.6291	1	Stimulus/S  1	1	34676291	34676299	37	5	30	pips_l40_r400_500-8000.hdf5	right	left
3468.6745	1	Stimulus/S  1	1	34686745	34686753	38	0	20	pips_l40_r400_500-8000.hdf5	right	left
3469.7411	1	Stimulus/S  1	1	34697411	34697419	38	1	40	pips_l40_r400_500-8000.hdf5	right	left
3470.7971	1	Stimulus/S  1	1	34707971	34707979	38	2	60	pips_l40_r400_500-8000.hdf5	right	left
3471.8638	1	Stimulus/S  1	1	34718638	34718646	38	3	70	pips_l40_r400_500-8000.hdf5	right	left
3472.9092	1	Stimulus/S  1	1	34729092	34729100	38	4	50	pips_l40_r400_500-8000.hdf5	right	left
3473.9545	1	Stimulus/S  1	1	34739545	34739553	38	5	30	pips_l40_r400_500-8000.hdf5	right	left
3475.0105	1	Stimulus/S  1	1	34750105	34750113	39	0	20	pips_l40_r400_500-8000.hdf5	right	left
3476.0772	1	Stimulus/S  1	1	34760772	34760780	39	1	40	pips_l40_r400_500-8000.hdf5	right	left
3477.1225	1	Stimulus/S  1	1	34771225	34771233	39	2	60	pips_l40_r400_500-8000.hdf5	right	left
3478.1892	1	Stimulus/S  1	1	34781892	34781900	39	3	70	pips_l40_r400_500-8000.hdf5	right	left
3479.2452	1	Stimulus/S  1	1	34792452	34792460	39	4	50	pips_l40_r400_500-8000.hdf5	right	left
3480.3119	1	Stimulus/S  1	1	34803119	34803127	39	5	30	pips_l40_r400_500-8000.hdf5	right	left
3481.3786	1	Stimulus/S  1	1	34813786	34813794	40	0	20	pips_l40_r400_500-8000.hdf5	right	left
3482.4453	1	Stimulus/S  1	1	34824453	34824461	40	1	40	pips_l40_r400_500-8000.hdf5	right	left
3483.4906	1	Stimulus/S  1	1	34834906	34834914	40	2	60	pips_l40_r400_500-8000.hdf5	right	left
3484.5573	1	Stimulus/S  1	1	34845573	34845581	40	3	70	pips_l40_r400_500-8000.hdf5	right	left
3485.6133	1	Stimulus/S  1	1	34856133	34856141	40	4	50	pips_l40_r400_500-8000.hdf5	right	left
3486.68	1	Stimulus/S  1	1	34866800	34866808	40	5	30	pips_l40_r400_500-8000.hdf5	right	left
3487.7253	1	Stimulus/S  1	1	34877253	34877261	41	0	20	pips_l40_r400_500-8000.hdf5	right	left
3488.7707	1	Stimulus/S  1	1	34887707	34887715	41	1	40	pips_l40_r400_500-8000.hdf5	right	left
3489.8267	1	Stimulus/S  1	1	34898267	34898275	41	2	60	pips_l40_r400_500-8000.hdf5	right	left
3490.872	1	Stimulus/S  1	1	34908720	34908728	41	3	70	pips_l40_r400_500-8000.hdf5	right	left
3491.928	1	Stimulus/S  1	1	34919280	34919288	41	4	50	pips_l40_r400_500-8000.hdf5	right	left
3492.9734	1	Stimulus/S  1	1	34929734	34929742	41	5	30	pips_l40_r400_500-8000.hdf5	right	left
3494.04	1	Stimulus/S  1	1	34940400	34940408	42	0	20	pips_l40_r400_500-8000.hdf5	right	left
3495.096	1	Stimulus/S  1	1	34950960	34950968	42	1	40	pips_l40_r400_500-8000.hdf5	right	left
3496.1627	1	Stimulus/S  1	1	34961627	34961635	42	2	60	pips_l40_r400_500-8000.hdf5	right	left
3497.2294	1	Stimulus/S  1	1	34972294	34972302	42	3	70	pips_l40_r400_500-8000.hdf5	right	left
3498.2961	1	Stimulus/S  1	1	34982961	34982969	42	4	50	pips_l40_r400_500-8000.hdf5	right	left
3499.3628	1	Stimulus/S  1	1	34993628	34993636	42	5	30	pips_l40_r400_500-8000.hdf5	right	left
3500.4294	1	Stimulus/S  1	1	35004294	35004302	43	0	20	pips_l40_r400_500-8000.hdf5	right	left
3501.4748	1	Stimulus/S  1	1	35014748	35014756	43	1	40	pips_l40_r400_500-8000.hdf5	right	left
3502.5308	1	Stimulus/S  1	1	35025308	35025316	43	2	60	pips_l40_r400_500-8000.hdf5	right	left
3503.5761	1	Stimulus/S  1	1	35035761	35035769	43	3	70	pips_l40_r400_500-8000.hdf5	right	left
3504.6215	1	Stimulus/S  1	1	35046215	35046223	43	4	50	pips_l40_r400_500-8000.hdf5	right	left
3505.6775	1	Stimulus/S  1	1	35056775	35056783	43	5	30	pips_l40_r400_500-8000.hdf5	right	left
3506.7228	1	Stimulus/S  1	1	35067228	35067236	44	0	20	pips_l40_r400_500-8000.hdf5	right	left
3507.7788	1	Stimulus/S  1	1	35077788	35077796	44	1	40	pips_l40_r400_500-8000.hdf5	right	left
3508.8455	1	Stimulus/S  1	1	35088455	35088463	44	2	60	pips_l40_r400_500-8000.hdf5	right	left
3509.8909	1	Stimulus/S  1	1	35098909	35098917	44	3	70	pips_l40_r400_500-8000.hdf5	right	left
3510.9575	1	Stimulus/S  1	1	35109575	35109583	44	4	50	pips_l40_r400_500-8000.hdf5	right	left
3512.0135	1	Stimulus/S  1	1	35120135	35120143	44	5	30	pips_l40_r400_500-8000.hdf5	right	left
3513.0802	1	Stimulus/S  1	1	35130802	35130810	45	0	20	pips_l40_r400_500-8000.hdf5	right	left
3514.1469	1	Stimulus/S  1	1	35141469	35141477	45	1	40	pips_l40_r400_500-8000.hdf5	right	left
3515.2136	1	Stimulus/S  1	1	35152136	35152144	45	2	60	pips_l40_r400_500-8000.hdf5	right	left
3516.2803	1	Stimulus/S  1	1	35162803	35162811	45	3	70	pips_l40_r400_500-8000.hdf5	right	left
3517.3469	1	Stimulus/S  1	1	35173469	35173477	45	4	50	pips_l40_r400_500-8000.hdf5	right	left
3518.3923	1	Stimulus/S  1	1	35183923	35183931	45	5	30	pips_l40_r400_500-8000.hdf5	right	left
3519.4376	1	Stimulus/S  1	1	35194376	35194384	46	0	20	pips_l40_r400_500-8000.hdf5	right	left
3520.4936	1	Stimulus/S  1	1	35204936	35204944	46	1	40	pips_l40_r400_500-8000.hdf5	right	left
3521.539	1	Stimulus/S  1	1	35215390	35215398	46	2	60	pips_l40_r400_500-8000.hdf5	right	left
3522.595	1	Stimulus/S  1	1	35225950	35225958	46	3	70	pips_l40_r400_500-8000.hdf5	right	left
3523.6617	1	Stimulus/S  1	1	35236617	35236625	46	4	50	pips_l40_r400_500-8000.hdf5	right	left
3524.707	1	Stimulus/S  1	1	35247070	35247078	46	5	30	pips_l40_r400_500-8000.hdf5	right	left
3525.7737	1	Stimulus/S  1	1	35257737	35257745	47	0	20	pips_l40_r400_500-8000.hdf5	right	left
3526.8297	1	Stimulus/S  1	1	35268297	35268305	47	1	40	pips_l40_r400_500-8000.hdf5	right	left
3527.8964	1	Stimulus/S  1	1	35278964	35278972	47	2	60	pips_l40_r400_500-8000.hdf5	right	left
3528.9417	1	Stimulus/S  1	1	35289417	35289425	47	3	70	pips_l40_r400_500-8000.hdf5	right	left
3530.0084	1	Stimulus/S  1	1	35300084	35300092	47	4	50	pips_l40_r400_500-8000.hdf5	right	left
3531.0644	1	Stimulus/S  1	1	35310644	35310652	47	5	30	pips_l40_r400_500-8000.hdf5	right	left
3532.1097	1	Stimulus/S  1	1	35321097	35321105	48	0	20	pips_l40_r400_500-8000.hdf5	right	left
3533.1551	1	Stimulus/S  1	1	35331551	35331559	48	1	40	pips_l40_r400_500-8000.hdf5	right	left
3534.2111	1	Stimulus/S  1	1	35342111	35342119	48	2	60	pips_l40_r400_500-8000.hdf5	right	left
3535.2564	1	Stimulus/S  1	1	35352564	35352572	48	3	70	pips_l40_r400_500-8000.hdf5	right	left
3536.3231	1	Stimulus/S  1	1	35363231	35363239	48	4	50	pips_l40_r400_500-8000.hdf5	right	left
3537.3791	1	Stimulus/S  1	1	35373791	35373799	48	5	30	pips_l40_r400_500-8000.hdf5	right	left
3538.4458	1	Stimulus/S  1	1	35384458	35384466	49	0	20	pips_l40_r400_500-8000.hdf5	right	left
3539.4911	1	Stimulus/S  1	1	35394911	35394919	49	1	40	pips_l40_r400_500-8000.hdf5	right	left
3540.5578	1	Stimulus/S  1	1	35405578	35405586	49	2	60	pips_l40_r400_500-8000.hdf5	right	left
3541.6245	1	Stimulus/S  1	1	35416245	35416253	49	3	70	pips_l40_r400_500-8000.hdf5	right	left
3542.6912	1	Stimulus/S  1	1	35426912	35426920	49	4	50	pips_l40_r400_500-8000.hdf5	right	left
3543.7472	1	Stimulus/S  1	1	35437472	35437480	49	5	30	pips_l40_r400_500-8000.hdf5	right	left
3544.8139	1	Stimulus/S  1	1	35448139	35448147	50	0	20	pips_l40_r400_500-8000.hdf5	right	left
3545.8592	1	Stimulus/S  1	1	35458592	35458600	50	1	40	pips_l40_r400_500-8000.hdf5	right	left
3546.9259	1	Stimulus/S  1	1	35469259	35469267	50	2	60	pips_l40_r400_500-8000.hdf5	right	left
3547.9712	1	Stimulus/S  1	1	35479712	35479720	50	3	70	pips_l40_r400_500-8000.hdf5	right	left
3549.0272	1	Stimulus/S  1	1	35490272	35490280	50	4	50	pips_l40_r400_500-8000.hdf5	right	left
3550.0726	1	Stimulus/S  1	1	35500726	35500734	50	5	30	pips_l40_r400_500-8000.hdf5	right	left
3551.1286	1	Stimulus/S  1	1	35511286	35511294	51	0	20	pips_l40_r400_500-8000.hdf5	right	left
3552.1739	1	Stimulus/S  1	1	35521739	35521747	51	1	40	pips_l40_r400_500-8000.hdf5	right	left
3553.2406	1	Stimulus/S  1	1	35532406	35532414	51	2	60	pips_l40_r400_500-8000.hdf5	right	left
3554.2966	1	Stimulus/S  1	1	35542966	35542974	51	3	70	pips_l40_r400_500-8000.hdf5	right	left
3555.3633	1	Stimulus/S  1	1	35553633	35553641	51	4	50	pips_l40_r400_500-8000.hdf5	right	left
3556.43	1	Stimulus/S  1	1	35564300	35564308	51	5	30	pips_l40_r400_500-8000.hdf5	right	left
3557.4967	1	Stimulus/S  1	1	35574967	35574975	52	0	20	pips_l40_r400_500-8000.hdf5	right	left
3558.542	1	Stimulus/S  1	1	35585420	35585428	52	1	40	pips_l40_r400_500-8000.hdf5	right	left
3559.6087	1	Stimulus/S  1	1	35596087	35596095	52	2	60	pips_l40_r400_500-8000.hdf5	right	left
3560.6647	1	Stimulus/S  1	1	35606647	35606655	52	3	70	pips_l40_r400_500-8000.hdf5	right	left
3561.71	1	Stimulus/S  1	1	35617100	35617108	52	4	50	pips_l40_r400_500-8000.hdf5	right	left
3562.7554	1	Stimulus/S  1	1	35627554	35627562	52	5	30	pips_l40_r400_500-8000.hdf5	right	left
3563.8114	1	Stimulus/S  1	1	35638114	35638122	53	0	20	pips_l40_r400_500-8000.hdf5	right	left
3564.8567	1	Stimulus/S  1	1	35648567	35648575	53	1	40	pips_l40_r400_500-8000.hdf5	right	left
3565.9127	1	Stimulus/S  1	1	35659127	35659135	53	2	60	pips_l40_r400_500-8000.hdf5	right	left
3566.9581	1	Stimulus/S  1	1	35669581	35669589	53	3	70	pips_l40_r400_500-8000.hdf5	right	left
3568.0141	1	Stimulus/S  1	1	35680141	35680149	53	4	50	pips_l40_r400_500-8000.hdf5	right	left
3569.0808	1	Stimulus/S  1	1	35690808	35690816	53	5	30	pips_l40_r400_500-8000.hdf5	right	left
3570.1475	1	Stimulus/S  1	1	35701475	35701483	54	0	20	pips_l40_r400_500-8000.hdf5	right	left
3571.2141	1	Stimulus/S  1	1	35712141	35712149	54	1	40	pips_l40_r400_500-8000.hdf5	right	left
3572.2808	1	Stimulus/S  1	1	35722808	35722816	54	2	60	pips_l40_r400_500-8000.hdf5	right	left
3573.3475	1	Stimulus/S  1	1	35733475	35733483	54	3	70	pips_l40_r400_500-8000.hdf5	right	left
3574.4142	1	Stimulus/S  1	1	35744142	35744150	54	4	50	pips_l40_r400_500-8000.hdf5	right	left
3575.4595	1	Stimulus/S  1	1	35754595	35754603	54	5	30	pips_l40_r400_500-8000.hdf5	right	left
3576.5262	1	Stimulus/S  1	1	35765262	35765270	55	0	20	pips_l40_r400_500-8000.hdf5	right	left
3577.5822	1	Stimulus/S  1	1	35775822	35775830	55	1	40	pips_l40_r400_500-8000.hdf5	right	left
3578.6275	1	Stimulus/S  1	1	35786275	35786283	55	2	60	pips_l40_r400_500-8000.hdf5	right	left
3579.6729	1	Stimulus/S  1	1	35796729	35796737	55	3	70	pips_l40_r400_500-8000.hdf5	right	left
3580.7289	1	Stimulus/S  1	1	35807289	35807297	55	4	50	pips_l40_r400_500-8000.hdf5	right	left
3581.7742	1	Stimulus/S  1	1	35817742	35817750	55	5	30	pips_l40_r400_500-8000.hdf5	right	left
3582.8302	1	Stimulus/S  1	1	35828302	35828310	56	0	20	pips_l40_r400_500-8000.hdf5	right	left
3583.8969	1	Stimulus/S  1	1	35838969	35838977	56	1	40	pips_l40_r400_500-8000.hdf5	right	left
3584.9423	1	Stimulus/S  1	1	35849423	35849431	56	2	60	pips_l40_r400_500-8000.hdf5	right	left
3586.0089	1	Stimulus/S  1	1	35860089	35860097	56	3	70	pips_l40_r400_500-8000.hdf5	right	left
3587.0756	1	Stimulus/S  1	1	35870756	35870764	56	4	50	pips_l40_r400_500-8000.hdf5	right	left
3588.1423	1	Stimulus/S  1	1	35881423	35881431	56	5	30	pips_l40_r400_500-8000.hdf5	right	left
3589.209	1	Stimulus/S  1	1	35892090	35892098	57	0	20	pips_l40_r400_500-8000.hdf5	right	left
3590.2756	1	Stimulus/S  1	1	35902756	35902764	57	1	40	pips_l40_r400_500-8000.hdf5	right	left
3591.3423	1	Stimulus/S  1	1	35913423	35913431	57	2	60	pips_l40_r400_500-8000.hdf5	right	left
3592.3983	1	Stimulus/S  1	1	35923983	35923991	57	3	70	pips_l40_r400_500-8000.hdf5	right	left
3593.4437	1	Stimulus/S  1	1	35934437	35934445	57	4	50	pips_l40_r400_500-8000.hdf5	right	left
3594.4997	1	Stimulus/S  1	1	35944997	35945005	57	5	30	pips_l40_r400_500-8000.hdf5	right	left
3595.545	1	Stimulus/S  1	1	35955450	35955458	58	0	20	pips_l40_r400_500-8000.hdf5	right	left
3596.6117	1	Stimulus/S  1	1	35966117	35966125	58	1	40	pips_l40_r400_500-8000.hdf5	right	left
3597.6571	1	Stimulus/S  1	1	35976571	35976579	58	2	60	pips_l40_r400_500-8000.hdf5	right	left
3598.7131	1	Stimulus/S  1	1	35987131	35987139	58	3	70	pips_l40_r400_500-8000.hdf5	right	left
3599.7584	1	Stimulus/S  1	1	35997584	35997592	58	4	50	pips_l40_r400_500-8000.hdf5	right	left
3600.8144	1	Stimulus/S  1	1	36008144	36008152	58	5	30	pips_l40_r400_500-8000.hdf5	right	left
3601.8598	1	Stimulus/S  1	1	36018598	36018606	59	0	20	pips_l40_r400_500-8000.hdf5	right	left
3602.9264	1	Stimulus/S  1	1	36029264	36029272	59	1	40	pips_l40_r400_500-8000.hdf5	right	left
3603.9931	1	Stimulus/S  1	1	36039931	36039939	59	2	60	pips_l40_r400_500-8000.hdf5	right	left
3605.0598	1	Stimulus/S  1	1	36050598	36050606	59	3	70	pips_l40_r400_500-8000.hdf5	right	left
3606.1265	1	Stimulus/S  1	1	36061265	36061273	59	4	50	pips_l40_r400_500-8000.hdf5	right	left
3607.1931	1	Stimulus/S  1	1	36071931	36071939	59	5	30	pips_l40_r400_500-8000.hdf5	right	left
3608.2598	1	Stimulus/S  1	1	36082598	36082606	60	0	20	pips_l40_r400_500-8000.hdf5	right	left
3609.3158	1	Stimulus/S  1	1	36093158	36093166	60	1	40	pips_l40_r400_500-8000.hdf5	right	left
3610.3612	1	Stimulus/S  1	1	36103612	36103620	60	2	60	pips_l40_r400_500-8000.hdf5	right	left
3611.4065	1	Stimulus/S  1	1	36114065	36114073	60	3	70	pips_l40_r400_500-8000.hdf5	right	left
3612.4625	1	Stimulus/S  1	1	36124625	36124633	60	4	50	pips_l40_r400_500-8000.hdf5	right	left
3613.5079	1	Stimulus/S  1	1	36135079	36135087	60	5	30	pips_l40_r400_500-8000.hdf5	right	left
3614.5639	1	Stimulus/S  1	1	36145639	36145647	61	0	20	pips_l40_r400_500-8000.hdf5	right	left
3615.6092	1	Stimulus/S  1	1	36156092	36156100	61	1	40	pips_l40_r400_500-8000.hdf5	right	left
3616.6652	1	Stimulus/S  1	1	36166652	36166660	61	2	60	pips_l40_r400_500-8000.hdf5	right	left
3617.7106	1	Stimulus/S  1	1	36177106	36177114	61	3	70	pips_l40_r400_500-8000.hdf5	right	left
3618.7559	1	Stimulus/S  1	1	36187559	36187567	61	4	50	pips_l40_r400_500-8000.hdf5	right	left
3619.8333	1	Stimulus/S  1	1	36198333	36198341	61	5	30	pips_l40_r400_500-8000.hdf5	right	left
3620.8786	1	Stimulus/S  1	1	36208786	36208794	62	0	20	pips_l40_r400_500-8000.hdf5	right	left
3621.9453	1	Stimulus/S  1	1	36219453	36219461	62	1	40	pips_l40_r400_500-8000.hdf5	right	left
3623.012	1	Stimulus/S  1	1	36230120	36230128	62	2	60	pips_l40_r400_500-8000.hdf5	right	left
3624.0786	1	Stimulus/S  1	1	36240786	36240794	62	3	70	pips_l40_r400_500-8000.hdf5	right	left
3625.1453	1	Stimulus/S  1	1	36251453	36251461	62	4	50	pips_l40_r400_500-8000.hdf5	right	left
3626.212	1	Stimulus/S  1	1	36262120	36262128	62	5	30	pips_l40_r400_500-8000.hdf5	right	left
3627.2573	1	Stimulus/S  1	1	36272573	36272581	63	0	20	pips_l40_r400_500-8000.hdf5	right	left
3628.3134	1	Stimulus/S  1	1	36283134	36283142	63	1	40	pips_l40_r400_500-8000.hdf5	right	left
3629.3587	1	Stimulus/S  1	1	36293587	36293595	63	2	60	pips_l40_r400_500-8000.hdf5	right	left
3630.4147	1	Stimulus/S  1	1	36304147	36304155	63	3	70	pips_l40_r400_500-8000.hdf5	right	left
3631.4601	1	Stimulus/S  1	1	36314601	36314609	63	4	50	pips_l40_r400_500-8000.hdf5	right	left
3632.5161	1	Stimulus/S  1	1	36325161	36325169	63	5	30	pips_l40_r400_500-8000.hdf5	right	left
3633.5614	1	Stimulus/S  1	1	36335614	36335622	64	0	20	pips_l40_r400_500-8000.hdf5	right	left
3634.6281	1	Stimulus/S  1	1	36346281	36346289	64	1	40	pips_l40_r400_500-8000.hdf5	right	left
3635.6734	1	Stimulus/S  1	1	36356734	36356742	64	2	60	pips_l40_r400_500-8000.hdf5	right	left
3636.7401	1	Stimulus/S  1	1	36367401	36367409	64	3	70	pips_l40_r400_500-8000.hdf5	right	left
3637.7961	1	Stimulus/S  1	1	36377961	36377969	64	4	50	pips_l40_r400_500-8000.hdf5	right	left
3638.8628	1	Stimulus/S  1	1	36388628	36388636	64	5	30	pips_l40_r400_500-8000.hdf5	right	left
3639.9295	1	Stimulus/S  1	1	36399295	36399303	65	0	20	pips_l40_r400_500-8000.hdf5	right	left
3640.9961	1	Stimulus/S  1	1	36409961	36409969	65	1	40	pips_l40_r400_500-8000.hdf5	right	left
3642.0415	1	Stimulus/S  1	1	36420415	36420423	65	2	60	pips_l40_r400_500-8000.hdf5	right	left
3643.1082	1	Stimulus/S  1	1	36431082	36431090	65	3	70	pips_l40_r400_500-8000.hdf5	right	left
3644.1642	1	Stimulus/S  1	1	36441642	36441650	65	4	50	pips_l40_r400_500-8000.hdf5	right	left
3645.2309	1	Stimulus/S  1	1	36452309	36452317	65	5	30	pips_l40_r400_500-8000.hdf5	right	left
3646.2762	1	Stimulus/S  1	1	36462762	36462770	66	0	20	pips_l40_r400_500-8000.hdf5	right	left
3647.3322	1	Stimulus/S  1	1	36473322	36473330	66	1	40	pips_l40_r400_500-8000.hdf5	right	left
3648.3776	1	Stimulus/S  1	1	36483776	36483784	66	2	60	pips_l40_r400_500-8000.hdf5	right	left
3649.4229	1	Stimulus/S  1	1	36494229	36494237	66	3	70	pips_l40_r400_500-8000.hdf5	right	left
3650.4789	1	Stimulus/S  1	1	36504789	36504797	66	4	50	pips_l40_r400_500-8000.hdf5	right	left
3651.5456	1	Stimulus/S  1	1	36515456	36515464	66	5	30	pips_l40_r400_500-8000.hdf5	right	left
3652.5909	1	Stimulus/S  1	1	36525909	36525917	67	0	20	pips_l40_r400_500-8000.hdf5	right	left
3653.6576	1	Stimulus/S  1	1	36536576	36536584	67	1	40	pips_l40_r400_500-8000.hdf5	right	left
3654.7136	1	Stimulus/S  1	1	36547136	36547144	67	2	60	pips_l40_r400_500-8000.hdf5	right	left
3655.7803	1	Stimulus/S  1	1	36557803	36557811	67	3	70	pips_l40_r400_500-8000.hdf5	right	left
3656.847	1	Stimulus/S  1	1	36568470	36568478	67	4	50	pips_l40_r400_500-8000.hdf5	right	left
3657.9136	1	Stimulus/S  1	1	36579136	36579144	67	5	30	pips_l40_r400_500-8000.hdf5	right	left
3658.9803	1	Stimulus/S  1	1	36589803	36589811	68	0	20	pips_l40_r400_500-8000.hdf5	right	left
3660.047	1	Stimulus/S  1	1	36600470	36600478	68	1	40	pips_l40_r400_500-8000.hdf5	right	left
3661.0923	1	Stimulus/S  1	1	36610923	36610931	68	2	60	pips_l40_r400_500-8000.hdf5	right	left
3662.159	1	Stimulus/S  1	1	36621590	36621598	68	3	70	pips_l40_r400_500-8000.hdf5	right	left
3663.2257	1	Stimulus/S  1	1	36632257	36632265	68	4	50	pips_l40_r400_500-8000.hdf5	right	left
3664.2924	1	Stimulus/S  1	1	36642924	36642932	68	5	30	pips_l40_r400_500-8000.hdf5	right	left
3665.3591	1	Stimulus/S  1	1	36653591	36653599	69	0	20	pips_l40_r400_500-8000.hdf5	right	left
3666.4257	1	Stimulus/S  1	1	36664257	36664265	69	1	40	pips_l40_r400_500-8000.hdf5	right	left
3667.4924	1	Stimulus/S  1	1	36674924	36674932	69	2	60	pips_l40_r400_500-8000.hdf5	right	left
3668.5484	1	Stimulus/S  1	1	36685484	36685492	69	3	70	pips_l40_r400_500-8000.hdf5	right	left
3669.6151	1	Stimulus/S  1	1	36696151	36696159	69	4	50	pips_l40_r400_500-8000.hdf5	right	left
3670.6604	1	Stimulus/S  1	1	36706604	36706612	69	5	30	pips_l40_r400_500-8000.hdf5	right	left
3671.7164	1	Stimulus/S  1	1	36717164	36717172	70	0	20	pips_l40_r400_500-8000.hdf5	right	left
3672.7618	1	Stimulus/S  1	1	36727618	36727626	70	1	40	pips_l40_r400_500-8000.hdf5	right	left
3673.8071	1	Stimulus/S  1	1	36738071	36738079	70	2	60	pips_l40_r400_500-8000.hdf5	right	left
3674.8631	1	Stimulus/S  1	1	36748631	36748639	70	3	70	pips_l40_r400_500-8000.hdf5	right	left
3675.9085	1	Stimulus/S  1	1	36759085	36759093	70	4	50	pips_l40_r400_500-8000.hdf5	right	left
3676.9645	1	Stimulus/S  1	1	36769645	36769653	70	5	30	pips_l40_r400_500-8000.hdf5	right	left
3678.0098	1	Stimulus/S  1	1	36780098	36780106	71	0	20	pips_l40_r400_500-8000.hdf5	right	left
3679.0659	1	Stimulus/S  1	1	36790659	36790667	71	1	40	pips_l40_r400_500-8000.hdf5	right	left
3680.1112	1	Stimulus/S  1	1	36801112	36801120	71	2	60	pips_l40_r400_500-8000.hdf5	right	left
3681.1779	1	Stimulus/S  1	1	36811779	36811787	71	3	70	pips_l40_r400_500-8000.hdf5	right	left
3682.2445	1	Stimulus/S  1	1	36822445	36822453	71	4	50	pips_l40_r400_500-8000.hdf5	right	left
3683.3112	1	Stimulus/S  1	1	36833112	36833120	71	5	30	pips_l40_r400_500-8000.hdf5	right	left
3684.3779	1	Stimulus/S  1	1	36843779	36843787	72	0	20	pips_l40_r400_500-8000.hdf5	right	left
3685.4446	1	Stimulus/S  1	1	36854446	36854454	72	1	40	pips_l40_r400_500-8000.hdf5	right	left
3686.5113	1	Stimulus/S  1	1	36865113	36865121	72	2	60	pips_l40_r400_500-8000.hdf5	right	left
3687.5779	1	Stimulus/S  1	1	36875779	36875787	72	3	70	pips_l40_r400_500-8000.hdf5	right	left
3688.6446	1	Stimulus/S  1	1	36886446	36886454	72	4	50	pips_l40_r400_500-8000.hdf5	right	left
3689.7113	1	Stimulus/S  1	1	36897113	36897121	72	5	30	pips_l40_r400_500-8000.hdf5	right	left
3690.7673	1	Stimulus/S  1	1	36907673	36907681	73	0	20	pips_l40_r400_500-8000.hdf5	right	left
3691.8126	1	Stimulus/S  1	1	36918126	36918134	73	1	40	pips_l40_r400_500-8000.hdf5	right	left
3692.858	1	Stimulus/S  1	1	36928580	36928588	73	2	60	pips_l40_r400_500-8000.hdf5	right	left
3693.914	1	Stimulus/S  1	1	36939140	36939148	73	3	70	pips_l40_r400_500-8000.hdf5	right	left
3694.9593	1	Stimulus/S  1	1	36949593	36949601	73	4	50	pips_l40_r400_500-8000.hdf5	right	left
3696.0154	1	Stimulus/S  1	1	36960154	36960162	73	5	30	pips_l40_r400_500-8000.hdf5	right	left
3697.0607	1	Stimulus/S  1	1	36970607	36970615	74	0	20	pips_l40_r400_500-8000.hdf5	right	left
3698.1167	1	Stimulus/S  1	1	36981167	36981175	74	1	40	pips_l40_r400_500-8000.hdf5	right	left
3699.162	1	Stimulus/S  1	1	36991620	36991628	74	2	60	pips_l40_r400_500-8000.hdf5	right	left
3700.2074	1	Stimulus/S  1	1	37002074	37002082	74	3	70	pips_l40_r400_500-8000.hdf5	right	left
3701.2741	1	Stimulus/S  1	1	37012741	37012749	74	4	50	pips_l40_r400_500-8000.hdf5	right	left
3702.3301	1	Stimulus/S  1	1	37023301	37023309	74	5	30	pips_l40_r400_500-8000.hdf5	right	left
3703.3968	1	Stimulus/S  1	1	37033968	37033976	75	0	20	pips_l40_r400_500-8000.hdf5	right	left
3704.4634	1	Stimulus/S  1	1	37044634	37044642	75	1	40	pips_l40_r400_500-8000.hdf5	right	left
3705.5301	1	Stimulus/S  1	1	37055301	37055309	75	2	60	pips_l40_r400_500-8000.hdf5	right	left
3706.5968	1	Stimulus/S  1	1	37065968	37065976	75	3	70	pips_l40_r400_500-8000.hdf5	right	left
3707.6635	1	Stimulus/S  1	1	37076635	37076643	75	4	50	pips_l40_r400_500-8000.hdf5	right	left
3708.7301	1	Stimulus/S  1	1	37087301	37087309	75	5	30	pips_l40_r400_500-8000.hdf5	right	left
3709.7968	1	Stimulus/S  1	1	37097968	37097976	76	0	20	pips_l40_r400_500-8000.hdf5	right	left
3710.8635	1	Stimulus/S  1	1	37108635	37108643	76	1	40	pips_l40_r400_500-8000.hdf5	right	left
3711.9302	1	Stimulus/S  1	1	37119302	37119310	76	2	60	pips_l40_r400_500-8000.hdf5	right	left
3712.9755	1	Stimulus/S  1	1	37129755	37129763	76	3	70	pips_l40_r400_500-8000.hdf5	right	left
3714.0422	1	Stimulus/S  1	1	37140422	37140430	76	4	50	pips_l40_r400_500-8000.hdf5	right	left
3715.0982	1	Stimulus/S  1	1	37150982	37150990	76	5	30	pips_l40_r400_500-8000.hdf5	right	left
3716.1435	1	Stimulus/S  1	1	37161435	37161443	77	0	20	pips_l40_r400_500-8000.hdf5	right	left
3717.1996	1	Stimulus/S  1	1	37171996	37172004	77	1	40	pips_l40_r400_500-8000.hdf5	right	left
3718.2449	1	Stimulus/S  1	1	37182449	37182457	77	2	60	pips_l40_r400_500-8000.hdf5	right	left
3719.3009	1	Stimulus/S  1	1	37193009	37193017	77	3	70	pips_l40_r400_500-8000.hdf5	right	left
3720.3463	1	Stimulus/S  1	1	37203463	37203471	77	4	50	pips_l40_r400_500-8000.hdf5	right	left
3721.3916	1	Stimulus/S  1	1	37213916	37213924	77	5	30	pips_l40_r400_500-8000.hdf5	right	left
3722.4476	1	Stimulus/S  1	1	37224476	37224484	78	0	20	pips_l40_r400_500-8000.hdf5	right	left
3723.493	1	Stimulus/S  1	1	37234930	37234938	78	1	40	pips_l40_r400_500-8000.hdf5	right	left
3724.549	1	Stimulus/S  1	1	37245490	37245498	78	2	60	pips_l40_r400_500-8000.hdf5	right	left
3725.6156	1	Stimulus/S  1	1	37256156	37256164	78	3	70	pips_l40_r400_500-8000.hdf5	right	left
3726.6823	1	Stimulus/S  1	1	37266823	37266831	78	4	50	pips_l40_r400_500-8000.hdf5	right	left
3727.7277	1	Stimulus/S  1	1	37277277	37277285	78	5	30	pips_l40_r400_500-8000.hdf5	right	left
3728.7943	1	Stimulus/S  1	1	37287943	37287951	79	0	20	pips_l40_r400_500-8000.hdf5	right	left
3729.861	1	Stimulus/S  1	1	37298610	37298618	79	1	40	pips_l40_r400_500-8000.hdf5	right	left
3730.9277	1	Stimulus/S  1	1	37309277	37309285	79	2	60	pips_l40_r400_500-8000.hdf5	right	left
3731.9837	1	Stimulus/S  1	1	37319837	37319845	79	3	70	pips_l40_r400_500-8000.hdf5	right	left
3733.0504	1	Stimulus/S  1	1	37330504	37330512	79	4	50	pips_l40_r400_500-8000.hdf5	right	left
3734.0957	1	Stimulus/S  1	1	37340957	37340965	79	5	30	pips_l40_r400_500-8000.hdf5	right	left
3735.1624	1	Stimulus/S  1	1	37351624	37351632	80	0	20	pips_l40_r400_500-8000.hdf5	right	left
3736.2077	1	Stimulus/S  1	1	37362077	37362085	80	1	40	pips_l40_r400_500-8000.hdf5	right	left
3737.2851	1	Stimulus/S  1	1	37372851	37372859	80	2	60	pips_l40_r400_500-8000.hdf5	right	left
3738.3411	1	Stimulus/S  1	1	37383411	37383419	80	3	70	pips_l40_r400_500-8000.hdf5	right	left
3739.4184	1	Stimulus/S  1	1	37394184	37394192	80	4	50	pips_l40_r400_500-8000.hdf5	right	left
3740.4638	1	Stimulus/S  1	1	37404638	37404646	80	5	30	pips_l40_r400_500-8000.hdf5	right	left
3741.5091	1	Stimulus/S  1	1	37415091	37415099	81	0	20	pips_l40_r400_500-8000.hdf5	right	left
3742.5651	1	Stimulus/S  1	1	37425651	37425659	81	1	40	pips_l40_r400_500-8000.hdf5	right	left
3743.6105	1	Stimulus/S  1	1	37436105	37436113	81	2	60	pips_l40_r400_500-8000.hdf5	right	left
3744.6665	1	Stimulus/S  1	1	37446665	37446673	81	3	70	pips_l40_r400_500-8000.hdf5	right	left
3745.7118	1	Stimulus/S  1	1	37457118	37457126	81	4	50	pips_l40_r400_500-8000.hdf5	right	left
3746.7678	1	Stimulus/S  1	1	37467678	37467686	81	5	30	pips_l40_r400_500-8000.hdf5	right	left
3747.8132	1	Stimulus/S  1	1	37478132	37478140	82	0	20	pips_l40_r400_500-8000.hdf5	right	left
3748.8585	1	Stimulus/S  1	1	37488585	37488593	82	1	40	pips_l40_r400_500-8000.hdf5	right	left
3749.9145	1	Stimulus/S  1	1	37499145	37499153	82	2	60	pips_l40_r400_500-8000.hdf5	right	left
3750.9812	1	Stimulus/S  1	1	37509812	37509820	82	3	70	pips_l40_r400_500-8000.hdf5	right	left
3752.0266	1	Stimulus/S  1	1	37520266	37520274	82	4	50	pips_l40_r400_500-8000.hdf5	right	left
3753.0932	1	Stimulus/S  1	1	37530932	37530940	82	5	30	pips_l40_r400_500-8000.hdf5	right	left
3754.1599	1	Stimulus/S  1	1	37541599	37541607	83	0	20	pips_l40_r400_500-8000.hdf5	right	left
3755.2266	1	Stimulus/S  1	1	37552266	37552274	83	1	40	pips_l40_r400_500-8000.hdf5	right	left
3756.2933	1	Stimulus/S  1	1	37562933	37562941	83	2	60	pips_l40_r400_500-8000.hdf5	right	left
3757.36	1	Stimulus/S  1	1	37573600	37573608	83	3	70	pips_l40_r400_500-8000.hdf5	right	left
3758.4266	1	Stimulus/S  1	1	37584266	37584274	83	4	50	pips_l40_r400_500-8000.hdf5	right	left
3759.4933	1	Stimulus/S  1	1	37594933	37594941	83	5	30	pips_l40_r400_500-8000.hdf5	right	left
3760.56	1	Stimulus/S  1	1	37605600	37605608	84	0	20	pips_l40_r400_500-8000.hdf5	right	left
3761.6267	1	Stimulus/S  1	1	37616267	37616275	84	1	40	pips_l40_r400_500-8000.hdf5	right	left
3762.6827	1	Stimulus/S  1	1	37626827	37626835	84	2	60	pips_l40_r400_500-8000.hdf5	right	left
3763.7493	1	Stimulus/S  1	1	37637493	37637501	84	3	70	pips_l40_r400_500-8000.hdf5	right	left
3764.7947	1	Stimulus/S  1	1	37647947	37647955	84	4	50	pips_l40_r400_500-8000.hdf5	right	left
3765.8614	1	Stimulus/S  1	1	37658614	37658622	84	5	30	pips_l40_r400_500-8000.hdf5	right	left
3766.9174	1	Stimulus/S  1	1	37669174	37669182	85	0	20	pips_l40_r400_500-8000.hdf5	right	left
3767.9627	1	Stimulus/S  1	1	37679627	37679635	85	1	40	pips_l40_r400_500-8000.hdf5	right	left
3769.0187	1	Stimulus/S  1	1	37690187	37690195	85	2	60	pips_l40_r400_500-8000.hdf5	right	left
3770.0641	1	Stimulus/S  1	1	37700641	37700649	85	3	70	pips_l40_r400_500-8000.hdf5	right	left
3771.1094	1	Stimulus/S  1	1	37711094	37711102	85	4	50	pips_l40_r400_500-8000.hdf5	right	left
3772.1654	1	Stimulus/S  1	1	37721654	37721662	85	5	30	pips_l40_r400_500-8000.hdf5	right	left
3773.2108	1	Stimulus/S  1	1	37732108	37732116	86	0	20	pips_l40_r400_500-8000.hdf5	right	left
3774.2668	1	Stimulus/S  1	1	37742668	37742676	86	1	40	pips_l40_r400_500-8000.hdf5	right	left
3775.3121	1	Stimulus/S  1	1	37753121	37753129	86	2	60	pips_l40_r400_500-8000.hdf5	right	left
3776.3788	1	Stimulus/S  1	1	37763788	37763796	86	3	70	pips_l40_r400_500-8000.hdf5	right	left
3777.4348	1	Stimulus/S  1	1	37774348	37774356	86	4	50	pips_l40_r400_500-8000.hdf5	right	left
3778.5015	1	Stimulus/S  1	1	37785015	37785023	86	5	30	pips_l40_r400_500-8000.hdf5	right	left
3779.5468	1	Stimulus/S  1	1	37795468	37795476	87	0	20	pips_l40_r400_500-8000.hdf5	right	left
3780.6135	1	Stimulus/S  1	1	37806135	37806143	87	1	40	pips_l40_r400_500-8000.hdf5	right	left
3781.6802	1	Stimulus/S  1	1	37816802	37816810	87	2	60	pips_l40_r400_500-8000.hdf5	right	left
3782.7469	1	Stimulus/S  1	1	37827469	37827477	87	3	70	pips_l40_r400_500-8000.hdf5	right	left
3783.8135	1	Stimulus/S  1	1	37838135	37838143	87	4	50	pips_l40_r400_500-8000.hdf5	right	left
3784.8802	1	Stimulus/S  1	1	37848802	37848810	87	5	30	pips_l40_r400_500-8000.hdf5	right	left
3785.9469	1	Stimulus/S  1	1	37859469	37859477	88	0	20	pips_l40_r400_500-8000.hdf5	right	left
3787.0136	1	Stimulus/S  1	1	37870136	37870144	88	1	40	pips_l40_r400_500-8000.hdf5	right	left
3788.0803	1	Stimulus/S  1	1	37880803	37880811	88	2	60	pips_l40_r400_500-8000.hdf5	right	left
3789.1469	1	Stimulus/S  1	1	37891469	37891477	88	3	70	pips_l40_r400_500-8000.hdf5	right	left
3790.1923	1	Stimulus/S  1	1	37901923	37901931	88	4	50	pips_l40_r400_500-8000.hdf5	right	left
3791.2696	1	Stimulus/S  1	1	37912696	37912704	88	5	30	pips_l40_r400_500-8000.hdf5	right	left
3792.315	1	Stimulus/S  1	1	37923150	37923158	89	0	20	pips_l40_r400_500-8000.hdf5	right	left
3793.3816	1	Stimulus/S  1	1	37933816	37933824	89	1	40	pips_l40_r400_500-8000.hdf5	right	left
3794.427	1	Stimulus/S  1	1	37944270	37944278	89	2	60	pips_l40_r400_500-8000.hdf5	right	left
3795.483	1	Stimulus/S  1	1	37954830	37954838	89	3	70	pips_l40_r400_500-8000.hdf5	right	left
3796.5283	1	Stimulus/S  1	1	37965283	37965291	89	4	50	pips_l40_r400_500-8000.hdf5	right	left
3797.5843	1	Stimulus/S  1	1	37975843	37975851	89	5	30	pips_l40_r400_500-8000.hdf5	right	left
3798.6297	1	Stimulus/S  1	1	37986297	37986305	90	0	20	pips_l40_r400_500-8000.hdf5	right	left
3799.6857	1	Stimulus/S  1	1	37996857	37996865	90	1	40	pips_l40_r400_500-8000.hdf5	right	left
3800.731	1	Stimulus/S  1	1	38007310	38007318	90	2	60	pips_l40_r400_500-8000.hdf5	right	left
3801.7764	1	Stimulus/S  1	1	38017764	38017772	90	3	70	pips_l40_r400_500-8000.hdf5	right	left
3802.8324	1	Stimulus/S  1	1	38028324	38028332	90	4	50	pips_l40_r400_500-8000.hdf5	right	left
3803.8777	1	Stimulus/S  1	1	38038777	38038785	90	5	30	pips_l40_r400_500-8000.hdf5	right	left
3804.9338	1	Stimulus/S  1	1	38049338	38049346	91	0	20	pips_l40_r400_500-8000.hdf5	right	left
3805.9791	1	Stimulus/S  1	1	38059791	38059799	91	1	40	pips_l40_r400_500-8000.hdf5	right	left
3807.0351	1	Stimulus/S  1	1	38070351	38070359	91	2	60	pips_l40_r400_500-8000.hdf5	right	left
3808.1018	1	Stimulus/S  1	1	38081018	38081026	91	3	70	pips_l40_r400_500-8000.hdf5	right	left
3809.1471	1	Stimulus/S  1	1	38091471	38091479	91	4	50	pips_l40_r400_500-8000.hdf5	right	left
3810.2138	1	Stimulus/S  1	1	38102138	38102146	91	5	30	pips_l40_r400_500-8000.hdf5	right	left
3811.2591	1	Stimulus/S  1	1	38112591	38112599	92	0	20	pips_l40_r400_500-8000.hdf5	right	left
3812.3152	1	Stimulus/S  1	1	38123152	38123160	92	1	40	pips_l40_r400_500-8000.hdf5	right	left
3813.3605	1	Stimulus/S  1	1	38133605	38133613	92	2	60	pips_l40_r400_500-8000.hdf5	right	left
3814.4272	1	Stimulus/S  1	1	38144272	38144280	92	3	70	pips_l40_r400_500-8000.hdf5	right	left
3815.4939	1	Stimulus/S  1	1	38154939	38154947	92	4	50	pips_l40_r400_500-8000.hdf5	right	left
3816.5605	1	Stimulus/S  1	1	38165605	38165613	92	5	30	pips_l40_r400_500-8000.hdf5	right	left
3817.6272	1	Stimulus/S  1	1	38176272	38176280	93	0	20	pips_l40_r400_500-8000.hdf5	right	left
3818.6939	1	Stimulus/S  1	1	38186939	38186947	93	1	40	pips_l40_r400_500-8000.hdf5	right	left
3819.7606	1	Stimulus/S  1	1	38197606	38197614	93	2	60	pips_l40_r400_500-8000.hdf5	right	left
3820.8166	1	Stimulus/S  1	1	38208166	38208174	93	3	70	pips_l40_r400_500-8000.hdf5	right	left
3821.8833	1	Stimulus/S  1	1	38218833	38218841	93	4	50	pips_l40_r400_500-8000.hdf5	right	left
3822.9286	1	Stimulus/S  1	1	38229286	38229294	93	5	30	pips_l40_r400_500-8000.hdf5	right	left
3823.9953	1	Stimulus/S  1	1	38239953	38239961	94	0	20	pips_l40_r400_500-8000.hdf5	right	left
3825.0513	1	Stimulus/S  1	1	38250513	38250521	94	1	40	pips_l40_r400_500-8000.hdf5	right	left
3826.0966	1	Stimulus/S  1	1	38260966	38260974	94	2	60	pips_l40_r400_500-8000.hdf5	right	left
3827.1526	1	Stimulus/S  1	1	38271526	38271534	94	3	70	pips_l40_r400_500-8000.hdf5	right	left
3828.198	1	Stimulus/S  1	1	38281980	38281988	94	4	50	pips_l40_r400_500-8000.hdf5	right	left
3829.2433	1	Stimulus/S  1	1	38292433	38292441	94	5	30	pips_l40_r400_500-8000.hdf5	right	left
3830.2993	1	Stimulus/S  1	1	38302993	38303001	95	0	20	pips_l40_r400_500-8000.hdf5	right	left
3831.3447	1	Stimulus/S  1	1	38313447	38313455	95	1	40	pips_l40_r400_500-8000.hdf5	right	left
3832.4114	1	Stimulus/S  1	1	38324114	38324122	95	2	60	pips_l40_r400_500-8000.hdf5	right	left
3833.4674	1	Stimulus/S  1	1	38334674	38334682	95	3	70	pips_l40_r400_500-8000.hdf5	right	left
3834.534	1	Stimulus/S  1	1	38345340	38345348	95	4	50	pips_l40_r400_500-8000.hdf5	right	left
3835.5794	1	Stimulus/S  1	1	38355794	38355802	95	5	30	pips_l40_r400_500-8000.hdf5	right	left
3836.6461	1	Stimulus/S  1	1	38366461	38366469	96	0	20	pips_l40_r400_500-8000.hdf5	right	left
3837.7127	1	Stimulus/S  1	1	38377127	38377135	96	1	40	pips_l40_r400_500-8000.hdf5	right	left
3838.7794	1	Stimulus/S  1	1	38387794	38387802	96	2	60	pips_l40_r400_500-8000.hdf5	right	left
3839.8461	1	Stimulus/S  1	1	38398461	38398469	96	3	70	pips_l40_r400_500-8000.hdf5	right	left
3840.9128	1	Stimulus/S  1	1	38409128	38409136	96	4	50	pips_l40_r400_500-8000.hdf5	right	left
3841.9794	1	Stimulus/S  1	1	38419794	38419802	96	5	30	pips_l40_r400_500-8000.hdf5	right	left
3843.0355	1	Stimulus/S  1	1	38430355	38430363	97	0	20	pips_l40_r400_500-8000.hdf5	right	left
3844.1021	1	Stimulus/S  1	1	38441021	38441029	97	1	40	pips_l40_r400_500-8000.hdf5	right	left
3845.1688	1	Stimulus/S  1	1	38451688	38451696	97	2	60	pips_l40_r400_500-8000.hdf5	right	left
3846.2142	1	Stimulus/S  1	1	38462142	38462150	97	3	70	pips_l40_r400_500-8000.hdf5	right	left
3847.2808	1	Stimulus/S  1	1	38472808	38472816	97	4	50	pips_l40_r400_500-8000.hdf5	right	left
3848.3368	1	Stimulus/S  1	1	38483368	38483376	97	5	30	pips_l40_r400_500-8000.hdf5	right	left
3849.4035	1	Stimulus/S  1	1	38494035	38494043	98	0	20	pips_l40_r400_500-8000.hdf5	right	left
3850.4489	1	Stimulus/S  1	1	38504489	38504497	98	1	40	pips_l40_r400_500-8000.hdf5	right	left
3851.4942	1	Stimulus/S  1	1	38514942	38514950	98	2	60	pips_l40_r400_500-8000.hdf5	right	left
3852.5502	1	Stimulus/S  1	1	38525502	38525510	98	3	70	pips_l40_r400_500-8000.hdf5	right	left
3853.5956	1	Stimulus/S  1	1	38535956	38535964	98	4	50	pips_l40_r400_500-8000.hdf5	right	left
3854.6516	1	Stimulus/S  1	1	38546516	38546524	98	5	30	pips_l40_r400_500-8000.hdf5	right	left
3855.6969	1	Stimulus/S  1	1	38556969	38556977	99	0	20	pips_l40_r400_500-8000.hdf5	right	left
3856.7529	1	Stimulus/S  1	1	38567529	38567537	99	1	40	pips_l40_r400_500-8000.hdf5	right	left
3857.7983	1	Stimulus/S  1	1	38577983	38577991	99	2	60	pips_l40_r400_500-8000.hdf5	right	left
3858.8436	1	Stimulus/S  1	1	38588436	38588444	99	3	70	pips_l40_r400_500-8000.hdf5	right	left
3859.8996	1	Stimulus/S  1	1	38598996	38599004	99	4	50	pips_l40_r400_500-8000.hdf5	right	left
3860.945	1	Stimulus/S  1	1	38609450	38609458	99	5	30	pips_l40_r400_500-8000.hdf5	right	left
3862.001	1	Stimulus/S  1	1	38620010	38620018	100	0	20	pips_l40_r400_500-8000.hdf5	right	left
3863.0463	1	Stimulus/S  1	1	38630463	38630471	100	1	40	pips_l40_r400_500-8000.hdf5	right	left
3864.1023	1	Stimulus/S  1	1	38641023	38641031	100	2	60	pips_l40_r400_500-8000.hdf5	right	left
3865.1477	1	Stimulus/S  1	1	38651477	38651485	100	3	70	pips_l40_r400_500-8000.hdf5	right	left
3866.2037	1	Stimulus/S  1	1	38662037	38662045	100	4	50	pips_l40_r400_500-8000.hdf5	right	left
3867.249	1	Stimulus/S  1	1	38672490	38672498	100	5	30	pips_l40_r400_500-8000.hdf5	right	left
3868.2944	1	Stimulus/S  1	1	38682944	38682952	101	0	20	pips_l40_r400_500-8000.hdf5	right	left
3869.3504	1	Stimulus/S  1	1	38693504	38693512	101	1	40	pips_l40_r400_500-8000.hdf5	right	left
3870.3957	1	Stimulus/S  1	1	38703957	38703965	101	2	60	pips_l40_r400_500-8000.hdf5	right	left
3871.4624	1	Stimulus/S  1	1	38714624	38714632	101	3	70	pips_l40_r400_500-8000.hdf5	right	left
3872.5291	1	Stimulus/S  1	1	38725291	38725299	101	4	50	pips_l40_r400_500-8000.hdf5	right	left
3873.5851	1	Stimulus/S  1	1	38735851	38735859	101	5	30	pips_l40_r400_500-8000.hdf5	right	left
3874.6518	1	Stimulus/S  1	1	38746518	38746526	102	0	20	pips_l40_r400_500-8000.hdf5	right	left
3875.6971	1	Stimulus/S  1	1	38756971	38756979	102	1	40	pips_l40_r400_500-8000.hdf5	right	left
3876.7638	1	Stimulus/S  1	1	38767638	38767646	102	2	60	pips_l40_r400_500-8000.hdf5	right	left
3877.8305	1	Stimulus/S  1	1	38778305	38778313	102	3	70	pips_l40_r400_500-8000.hdf5	right	left
3878.8865	1	Stimulus/S  1	1	38788865	38788873	102	4	50	pips_l40_r400_500-8000.hdf5	right	left
3879.9532	1	Stimulus/S  1	1	38799532	38799540	102	5	30	pips_l40_r400_500-8000.hdf5	right	left
3880.9985	1	Stimulus/S  1	1	38809985	38809993	103	0	20	pips_l40_r400_500-8000.hdf5	right	left
3882.0652	1	Stimulus/S  1	1	38820652	38820660	103	1	40	pips_l40_r400_500-8000.hdf5	right	left
3883.1319	1	Stimulus/S  1	1	38831319	38831327	103	2	60	pips_l40_r400_500-8000.hdf5	right	left
3884.1985	1	Stimulus/S  1	1	38841985	38841993	103	3	70	pips_l40_r400_500-8000.hdf5	right	left
3885.2652	1	Stimulus/S  1	1	38852652	38852660	103	4	50	pips_l40_r400_500-8000.hdf5	right	left
3886.3319	1	Stimulus/S  1	1	38863319	38863327	103	5	30	pips_l40_r400_500-8000.hdf5	right	left
3887.3986	1	Stimulus/S  1	1	38873986	38873994	104	0	20	pips_l40_r400_500-8000.hdf5	right	left
3888.4652	1	Stimulus/S  1	1	38884652	38884660	104	1	40	pips_l40_r400_500-8000.hdf5	right	left
3889.5319	1	Stimulus/S  1	1	38895319	38895327	104	2	60	pips_l40_r400_500-8000.hdf5	right	left
3890.5986	1	Stimulus/S  1	1	38905986	38905994	104	3	70	pips_l40_r400_500-8000.hdf5	right	left
3891.6653	1	Stimulus/S  1	1	38916653	38916661	104	4	50	pips_l40_r400_500-8000.hdf5	right	left
3892.7319	1	Stimulus/S  1	1	38927319	38927327	104	5	30	pips_l40_r400_500-8000.hdf5	right	left
3893.7986	1	Stimulus/S  1	1	38937986	38937994	105	0	20	pips_l40_r400_500-8000.hdf5	right	left
3894.8653	1	Stimulus/S  1	1	38948653	38948661	105	1	40	pips_l40_r400_500-8000.hdf5	right	left
3895.932	1	Stimulus/S  1	1	38959320	38959328	105	2	60	pips_l40_r400_500-8000.hdf5	right	left
3896.9987	1	Stimulus/S  1	1	38969987	38969995	105	3	70	pips_l40_r400_500-8000.hdf5	right	left
3898.0653	1	Stimulus/S  1	1	38980653	38980661	105	4	50	pips_l40_r400_500-8000.hdf5	right	left
3899.132	1	Stimulus/S  1	1	38991320	38991328	105	5	30	pips_l40_r400_500-8000.hdf5	right	left
3900.1987	1	Stimulus/S  1	1	39001987	39001995	106	0	20	pips_l40_r400_500-8000.hdf5	right	left
3901.2654	1	Stimulus/S  1	1	39012654	39012662	106	1	40	pips_l40_r400_500-8000.hdf5	right	left
3902.332	1	Stimulus/S  1	1	39023320	39023328	106	2	60	pips_l40_r400_500-8000.hdf5	right	left
3903.3987	1	Stimulus/S  1	1	39033987	39033995	106	3	70	pips_l40_r400_500-8000.hdf5	right	left
3904.4441	1	Stimulus/S  1	1	39044441	39044449	106	4	50	pips_l40_r400_500-8000.hdf5	right	left
3905.5001	1	Stimulus/S  1	1	39055001	39055009	106	5	30	pips_l40_r400_500-8000.hdf5	right	left
3906.5454	1	Stimulus/S  1	1	39065454	39065462	107	0	20	pips_l40_r400_500-8000.hdf5	right	left
3907.6014	1	Stimulus/S  1	1	39076014	39076022	107	1	40	pips_l40_r400_500-8000.hdf5	right	left
3908.6468	1	Stimulus/S  1	1	39086468	39086476	107	2	60	pips_l40_r400_500-8000.hdf5	right	left
3909.7028	1	Stimulus/S  1	1	39097028	39097036	107	3	70	pips_l40_r400_500-8000.hdf5	right	left
3910.7481	1	Stimulus/S  1	1	39107481	39107489	107	4	50	pips_l40_r400_500-8000.hdf5	right	left
3911.8041	1	Stimulus/S  1	1	39118041	39118049	107	5	30	pips_l40_r400_500-8000.hdf5	right	left
3912.8495	1	Stimulus/S  1	1	39128495	39128503	108	0	20	pips_l40_r400_500-8000.hdf5	right	left
3913.8948	1	Stimulus/S  1	1	39138948	39138956	108	1	40	pips_l40_r400_500-8000.hdf5	right	left
3914.9508	1	Stimulus/S  1	1	39149508	39149516	108	2	60	pips_l40_r400_500-8000.hdf5	right	left
3915.9962	1	Stimulus/S  1	1	39159962	39159970	108	3	70	pips_l40_r400_500-8000.hdf5	right	left
3917.0522	1	Stimulus/S  1	1	39170522	39170530	108	4	50	pips_l40_r400_500-8000.hdf5	right	left
3918.0975	1	Stimulus/S  1	1	39180975	39180983	108	5	30	pips_l40_r400_500-8000.hdf5	right	left
3919.1642	1	Stimulus/S  1	1	39191642	39191650	109	0	20	pips_l40_r400_500-8000.hdf5	right	left
3920.2202	1	Stimulus/S  1	1	39202202	39202210	109	1	40	pips_l40_r400_500-8000.hdf5	right	left
3921.2869	1	Stimulus/S  1	1	39212869	39212877	109	2	60	pips_l40_r400_500-8000.hdf5	right	left
3922.3322	1	Stimulus/S  1	1	39223322	39223330	109	3	70	pips_l40_r400_500-8000.hdf5	right	left
3923.3989	1	Stimulus/S  1	1	39233989	39233997	109	4	50	pips_l40_r400_500-8000.hdf5	right	left
3924.4656	1	Stimulus/S  1	1	39244656	39244664	109	5	30	pips_l40_r400_500-8000.hdf5	right	left
3925.5109	1	Stimulus/S  1	1	39255109	39255117	110	0	20	pips_l40_r400_500-8000.hdf5	right	left
3926.5669	1	Stimulus/S  1	1	39265669	39265677	110	1	40	pips_l40_r400_500-8000.hdf5	right	left
3927.6123	1	Stimulus/S  1	1	39276123	39276131	110	2	60	pips_l40_r400_500-8000.hdf5	right	left
3928.6683	1	Stimulus/S  1	1	39286683	39286691	110	3	70	pips_l40_r400_500-8000.hdf5	right	left
3929.7136	1	Stimulus/S  1	1	39297136	39297144	110	4	50	pips_l40_r400_500-8000.hdf5	right	left
3930.7696	1	Stimulus/S  1	1	39307696	39307704	110	5	30	pips_l40_r400_500-8000.hdf5	right	left
3931.815	1	Stimulus/S  1	1	39318150	39318158	111	0	20	pips_l40_r400_500-8000.hdf5	right	left
3932.871	1	Stimulus/S  1	1	39328710	39328718	111	1	40	pips_l40_r400_500-8000.hdf5	right	left
3933.9163	1	Stimulus/S  1	1	39339163	39339171	111	2	60	pips_l40_r400_500-8000.hdf5	right	left
3934.9617	1	Stimulus/S  1	1	39349617	39349625	111	3	70	pips_l40_r400_500-8000.hdf5	right	left
3936.0177	1	Stimulus/S  1	1	39360177	39360185	111	4	50	pips_l40_r400_500-8000.hdf5	right	left
3937.063	1	Stimulus/S  1	1	39370630	39370638	111	5	30	pips_l40_r400_500-8000.hdf5	right	left
3938.1297	1	Stimulus/S  1	1	39381297	39381305	112	0	20	pips_l40_r400_500-8000.hdf5	right	left
3939.1857	1	Stimulus/S  1	1	39391857	39391865	112	1	40	pips_l40_r400_500-8000.hdf5	right	left
3940.2311	1	Stimulus/S  1	1	39402311	39402319	112	2	60	pips_l40_r400_500-8000.hdf5	right	left
3941.2871	1	Stimulus/S  1	1	39412871	39412879	112	3	70	pips_l40_r400_500-8000.hdf5	right	left
3942.3538	1	Stimulus/S  1	1	39423538	39423546	112	4	50	pips_l40_r400_500-8000.hdf5	right	left
3943.3991	1	Stimulus/S  1	1	39433991	39433999	112	5	30	pips_l40_r400_500-8000.hdf5	right	left
3944.4658	1	Stimulus/S  1	1	39444658	39444666	113	0	20	pips_l40_r400_500-8000.hdf5	right	left
3945.5325	1	Stimulus/S  1	1	39455325	39455333	113	1	40	pips_l40_r400_500-8000.hdf5	right	left
3946.5885	1	Stimulus/S  1	1	39465885	39465893	113	2	60	pips_l40_r400_500-8000.hdf5	right	left
3947.6551	1	Stimulus/S  1	1	39476551	39476559	113	3	70	pips_l40_r400_500-8000.hdf5	right	left
3948.7005	1	Stimulus/S  1	1	39487005	39487013	113	4	50	pips_l40_r400_500-8000.hdf5	right	left
3949.7672	1	Stimulus/S  1	1	39497672	39497680	113	5	30	pips_l40_r400_500-8000.hdf5	right	left
3950.8338	1	Stimulus/S  1	1	39508338	39508346	114	0	20	pips_l40_r400_500-8000.hdf5	right	left
3951.9005	1	Stimulus/S  1	1	39519005	39519013	114	1	40	pips_l40_r400_500-8000.hdf5	right	left
3952.9672	1	Stimulus/S  1	1	39529672	39529680	114	2	60	pips_l40_r400_500-8000.hdf5	right	left
3954.0339	1	Stimulus/S  1	1	39540339	39540347	114	3	70	pips_l40_r400_500-8000.hdf5	right	left
3955.1006	1	Stimulus/S  1	1	39551006	39551014	114	4	50	pips_l40_r400_500-8000.hdf5	right	left
3956.1459	1	Stimulus/S  1	1	39561459	39561467	114	5	30	pips_l40_r400_500-8000.hdf5	right	left
3957.2019	1	Stimulus/S  1	1	39572019	39572027	115	0	20	pips_l40_r400_500-8000.hdf5	right	left
3958.2473	1	Stimulus/S  1	1	39582473	39582481	115	1	40	pips_l40_r400_500-8000.hdf5	right	left
3959.3033	1	Stimulus/S  1	1	39593033	39593041	115	2	60	pips_l40_r400_500-8000.hdf5	right	left
3960.3486	1	Stimulus/S  1	1	39603486	39603494	115	3	70	pips_l40_r400_500-8000.hdf5	right	left
3961.4046	1	Stimulus/S  1	1	39614046	39614054	115	4	50	pips_l40_r400_500-8000.hdf5	right	left
3962.45	1	Stimulus/S  1	1	39624500	39624508	115	5	30	pips_l40_r400_500-8000.hdf5	right	left
3963.4953	1	Stimulus/S  1	1	39634953	39634961	116	0	20	pips_l40_r400_500-8000.hdf5	right	left
3964.5513	1	Stimulus/S  1	1	39645513	39645521	116	1	40	pips_l40_r400_500-8000.hdf5	right	left
3965.5967	1	Stimulus/S  1	1	39655967	39655975	116	2	60	pips_l40_r400_500-8000.hdf5	right	left
3966.6633	1	Stimulus/S  1	1	39666633	39666641	116	3	70	pips_l40_r400_500-8000.hdf5	right	left
3967.7193	1	Stimulus/S  1	1	39677193	39677201	116	4	50	pips_l40_r400_500-8000.hdf5	right	left
3968.786	1	Stimulus/S  1	1	39687860	39687868	116	5	30	pips_l40_r400_500-8000.hdf5	right	left
3969.8527	1	Stimulus/S  1	1	39698527	39698535	117	0	20	pips_l40_r400_500-8000.hdf5	right	left
3970.898	1	Stimulus/S  1	1	39708980	39708988	117	1	40	pips_l40_r400_500-8000.hdf5	right	left
3971.9647	1	Stimulus/S  1	1	39719647	39719655	117	2	60	pips_l40_r400_500-8000.hdf5	right	left
3973.0207	1	Stimulus/S  1	1	39730207	39730215	117	3	70	pips_l40_r400_500-8000.hdf5	right	left
3974.0874	1	Stimulus/S  1	1	39740874	39740882	117	4	50	pips_l40_r400_500-8000.hdf5	right	left
3975.1541	1	Stimulus/S  1	1	39751541	39751549	117	5	30	pips_l40_r400_500-8000.hdf5	right	left
3976.2208	1	Stimulus/S  1	1	39762208	39762216	118	0	20	pips_l40_r400_500-8000.hdf5	right	left
3977.2874	1	Stimulus/S  1	1	39772874	39772882	118	1	40	pips_l40_r400_500-8000.hdf5	right	left
3978.3541	1	Stimulus/S  1	1	39783541	39783549	118	2	60	pips_l40_r400_500-8000.hdf5	right	left
3979.4208	1	Stimulus/S  1	1	39794208	39794216	118	3	70	pips_l40_r400_500-8000.hdf5	right	left
3980.4875	1	Stimulus/S  1	1	39804875	39804883	118	4	50	pips_l40_r400_500-8000.hdf5	right	left
3981.5541	1	Stimulus/S  1	1	39815541	39815549	118	5	30	pips_l40_r400_500-8000.hdf5	right	left
3982.5995	1	Stimulus/S  1	1	39825995	39826003	119	0	20	pips_l40_r400_500-8000.hdf5	right	left
3983.6555	1	Stimulus/S  1	1	39836555	39836563	119	1	40	pips_l40_r400_500-8000.hdf5	right	left
3984.7008	1	Stimulus/S  1	1	39847008	39847016	119	2	60	pips_l40_r400_500-8000.hdf5	right	left
3985.7462	1	Stimulus/S  1	1	39857462	39857470	119	3	70	pips_l40_r400_500-8000.hdf5	right	left
3986.8022	1	Stimulus/S  1	1	39868022	39868030	119	4	50	pips_l40_r400_500-8000.hdf5	right	left
3987.8475	1	Stimulus/S  1	1	39878475	39878483	119	5	30	pips_l40_r400_500-8000.hdf5	right	left
