onset	duration	trial_type	value	sample	sample_corrected	token	run	level	stim_file	ear_ac	ear_bc
26.3207	1	Stimulus/S  1	1	263207	263215	0	0	20	pips_40_500-8000.hdf5	both	none
27.3661	1	Stimulus/S  1	1	273661	273669	0	1	40	pips_40_500-8000.hdf5	both	none
28.4221	1	Stimulus/S  1	1	284221	284229	0	2	60	pips_40_500-8000.hdf5	both	none
29.4674	1	Stimulus/S  1	1	294674	294682	0	3	70	pips_40_500-8000.hdf5	both	none
30.5128	1	Stimulus/S  1	1	305128	305136	0	4	50	pips_40_500-8000.hdf5	both	none
31.5688	1	Stimulus/S  1	1	315688	315696	0	5	30	pips_40_500-8000.hdf5	both	none
32.6354	1	Stimulus/S  1	1	326354	326362	1	0	20	pips_40_500-8000.hdf5	both	none
33.6808	1	Stimulus/S  1	1	336808	336816	1	1	40	pips_40_500-8000.hdf5	both	none
34.7475	1	Stimulus/S  1	1	347475	347483	1	2	60	pips_40_500-8000.hdf5	both	none
35.8035	1	Stimulus/S  1	1	358035	358043	1	3	70	pips_40_500-8000.hdf5	both	none
36.8702	1	Stimulus/S  1	1	368702	368710	1	4	50	pips_40_500-8000.hdf5	both	none
37.9368	1	Stimulus/S  1	1	379368	379376	1	5	30	pips_40_500-8000.hdf5	both	none
39.0035	1	Stimulus/S  1	1	390035	390043	2	0	20	pips_40_500-8000.hdf5	both	none
40.0702	1	Stimulus/S  1	1	400702	400710	2	1	40	pips_40_500-8000.hdf5	both	none
41.1369	1	Stimulus/S  1	1	411369	411377	2	2	60	pips_40_500-8000.hdf5	both	none
42.2035	1	Stimulus/S  1	1	422035	422043	2	3	70	pips_40_500-8000.hdf5	both	none
43.2702	1	Stimulus/S  1	1	432702	432710	2	4	50	pips_40_500-8000.hdf5	both	none
44.3369	1	Stimulus/S  1	1	443369	443377	2	5	30	pips_40_500-8000.hdf5	both	none
45.3822	1	Stimulus/S  1	1	453822	453830	3	0	20	pips_40_500-8000.hdf5	both	none
46.4382	1	Stimulus/S  1	1	464382	464390	3	1	40	pips_40_500-8000.hdf5	both	none
47.4836	1	Stimulus/S  1	1	474836	474844	3	2	60	pips_40_500-8000.hdf5	both	none
48.5289	1	Stimulus/S  1	1	485289	485297	3	3	70	pips_40_500-8000.hdf5	both	none
49.5849	1	Stimulus/S  1	1	495849	495857	3	4	50	pips_40_500-8000.hdf5	both	none
50.6516	1	Stimulus/S  1	1	506516	506524	3	5	30	pips_40_500-8000.hdf5	both	none
51.697	1	Stimulus/S  1	1	516970	516978	4	0	20	pips_40_500-8000.hdf5	both	none
52.7636	1	Stimulus/S  1	1	527636	527644	4	1	40	pips_40_500-8000.hdf5	both	none
53.8197	1	Stimulus/S  1	1	538197	538205	4	2	60	pips_40_500-8000.hdf5	both	none
54.8863	1	Stimulus/S  1	1	548863	548871	4	3	70	pips_40_500-8000.hdf5	both	none
55.953	1	Stimulus/S  1	1	559530	559538	4	4	50	pips_40_500-8000.hdf5	both	none
57.0197	1	Stimulus/S  1	1	570197	570205	4	5	30	pips_40_500-8000.hdf5	both	none
58.0864	1	Stimulus/S  1	1	580864	580872	5	0	20	pips_40_500-8000.hdf5	both	none
59.153	1	Stimulus/S  1	1	591530	591538	5	1	40	pips_40_500-8000.hdf5	both	none
60.2197	1	Stimulus/S  1	1	602197	602205	5	2	60	pips_40_500-8000.hdf5	both	none
61.2651	1	Stimulus/S  1	1	612651	612659	5	3	70	pips_40_500-8000.hdf5	both	none
62.3317	1	Stimulus/S  1	1	623317	623325	5	4	50	pips_40_500-8000.hdf5	both	none
63.3877	1	Stimulus/S  1	1	633877	633885	5	5	30	pips_40_500-8000.hdf5	both	none
64.4544	1	Stimulus/S  1	1	644544	644552	6	0	20	pips_40_500-8000.hdf5	both	none
65.4998	1	Stimulus/S  1	1	654998	655006	6	1	40	pips_40_500-8000.hdf5	both	none
66.5558	1	Stimulus/S  1	1	665558	665566	6	2	60	pips_40_500-8000.hdf5	both	none
67.6011	1	Stimulus/S  1	1	676011	676019	6	3	70	pips_40_500-8000.hdf5	both	none
68.6678	1	Stimulus/S  1	1	686678	686686	6	4	50	pips_40_500-8000.hdf5	both	none
69.7131	1	Stimulus/S  1	1	697131	697139	6	5	30	pips_40_500-8000.hdf5	both	none
70.7798	1	Stimulus/S  1	1	707798	707806	7	0	20	pips_40_500-8000.hdf5	both	none
71.8358	1	Stimulus/S  1	1	718358	718366	7	1	40	pips_40_500-8000.hdf5	both	none
72.9025	1	Stimulus/S  1	1	729025	729033	7	2	60	pips_40_500-8000.hdf5	both	none
73.9692	1	Stimulus/S  1	1	739692	739700	7	3	70	pips_40_500-8000.hdf5	both	none
75.0359	1	Stimulus/S  1	1	750359	750367	7	4	50	pips_40_500-8000.hdf5	both	none
76.1025	1	Stimulus/S  1	1	761025	761033	7	5	30	pips_40_500-8000.hdf5	both	none
77.1692	1	Stimulus/S  1	1	771692	771700	8	0	20	pips_40_500-8000.hdf5	both	none
78.2359	1	Stimulus/S  1	1	782359	782367	8	1	40	pips_40_500-8000.hdf5	both	none
79.2812	1	Stimulus/S  1	1	792812	792820	8	2	60	pips_40_500-8000.hdf5	both	none
80.3479	1	Stimulus/S  1	1	803479	803487	8	3	70	pips_40_500-8000.hdf5	both	none
81.4039	1	Stimulus/S  1	1	814039	814047	8	4	50	pips_40_500-8000.hdf5	both	none
82.4493	1	Stimulus/S  1	1	824493	824501	8	5	30	pips_40_500-8000.hdf5	both	none
83.5053	1	Stimulus/S  1	1	835053	835061	9	0	20	pips_40_500-8000.hdf5	both	none
84.5506	1	Stimulus/S  1	1	845506	845514	9	1	40	pips_40_500-8000.hdf5	both	none
85.596	1	Stimulus/S  1	1	855960	855968	9	2	60	pips_40_500-8000.hdf5	both	none
86.652	1	Stimulus/S  1	1	866520	866528	9	3	70	pips_40_500-8000.hdf5	both	none
87.7187	1	Stimulus/S  1	1	877187	877195	9	4	50	pips_40_500-8000.hdf5	both	none
88.7853	1	Stimulus/S  1	1	887853	887861	9	5	30	pips_40_500-8000.hdf5	both	none
89.852	1	Stimulus/S  1	1	898520	898528	10	0	20	pips_40_500-8000.hdf5	both	none
90.9187	1	Stimulus/S  1	1	909187	909195	10	1	40	pips_40_500-8000.hdf5	both	none
91.9854	1	Stimulus/S  1	1	919854	919862	10	2	60	pips_40_500-8000.hdf5	both	none
93.052	1	Stimulus/S  1	1	930520	930528	10	3	70	pips_40_500-8000.hdf5	both	none
94.1187	1	Stimulus/S  1	1	941187	941195	10	4	50	pips_40_500-8000.hdf5	both	none
95.1854	1	Stimulus/S  1	1	951854	951862	10	5	30	pips_40_500-8000.hdf5	both	none
96.2521	1	Stimulus/S  1	1	962521	962529	11	0	20	pips_40_500-8000.hdf5	both	none
97.3187	1	Stimulus/S  1	1	973187	973195	11	1	40	pips_40_500-8000.hdf5	both	none
98.3854	1	Stimulus/S  1	1	983854	983862	11	2	60	pips_40_500-8000.hdf5	both	none
99.4521	1	Stimulus/S  1	1	994521	994529	11	3	70	pips_40_500-8000.hdf5	both	none
100.5188	1	Stimulus/S  1	1	1005188	1005196	11	4	50	pips_40_500-8000.hdf5	both	none
101.5855	1	Stimulus/S  1	1	1015855	1015863	11	5	30	pips_40_500-8000.hdf5	both	none
102.6521	1	Stimulus/S  1	1	1026521	1026529	12	0	20	pips_40_500-8000.hdf5	both	none
103.7188	1	Stimulus/S  1	1	1037188	1037196	12	1	40	pips_40_500-8000.hdf5	both	none
104.7855	1	Stimulus/S  1	1	1047855	1047863	12	2	60	pips_40_500-8000.hdf5	both	none
105.8522	1	Stimulus/S  1	1	1058522	1058530	12	3	70	pips_40_500-8000.hdf5	both	none
106.8975	1	Stimulus/S  1	1	1068975	1068983	12	4	50	pips_40_500-8000.hdf5	both	none
107.9535	1	Stimulus/S  1	1	1079535	1079543	12	5	30	pips_40_500-8000.hdf5	both	none
108.9989	1	Stimulus/S  1	1	1089989	1089997	13	0	20	pips_40_500-8000.hdf5	both	none
110.0549	1	Stimulus/S  1	1	1100549	1100557	13	1	40	pips_40_500-8000.hdf5	both	none
111.1002	1	Stimulus/S  1	1	1111002	1111010	13	2	60	pips_40_500-8000.hdf5	both	none
112.1562	1	Stimulus/S  1	1	1121562	1121570	13	3	70	pips_40_500-8000.hdf5	both	none
113.2016	1	Stimulus/S  1	1	1132016	1132024	13	4	50	pips_40_500-8000.hdf5	both	none
114.2469	1	Stimulus/S  1	1	1142469	1142477	13	5	30	pips_40_500-8000.hdf5	both	none
115.3136	1	Stimulus/S  1	1	1153136	1153144	14	0	20	pips_40_500-8000.hdf5	both	none
116.3696	1	Stimulus/S  1	1	1163696	1163704	14	1	40	pips_40_500-8000.hdf5	both	none
117.4363	1	Stimulus/S  1	1	1174363	1174371	14	2	60	pips_40_500-8000.hdf5	both	none
118.503	1	Stimulus/S  1	1	1185030	1185038	14	3	70	pips_40_500-8000.hdf5	both	none
119.5696	1	Stimulus/S  1	1	1195696	1195704	14	4	50	pips_40_500-8000.hdf5	both	none
120.6363	1	Stimulus/S  1	1	1206363	1206371	14	5	30	pips_40_500-8000.hdf5	both	none
121.703	1	Stimulus/S  1	1	1217030	1217038	15	0	20	pips_40_500-8000.hdf5	both	none
122.7697	1	Stimulus/S  1	1	1227697	1227705	15	1	40	pips_40_500-8000.hdf5	both	none
123.815	1	Stimulus/S  1	1	1238150	1238158	15	2	60	pips_40_500-8000.hdf5	both	none
124.871	1	Stimulus/S  1	1	1248710	1248718	15	3	70	pips_40_500-8000.hdf5	both	none
125.9164	1	Stimulus/S  1	1	1259164	1259172	15	4	50	pips_40_500-8000.hdf5	both	none
126.9724	1	Stimulus/S  1	1	1269724	1269732	15	5	30	pips_40_500-8000.hdf5	both	none
128.0177	1	Stimulus/S  1	1	1280177	1280185	16	0	20	pips_40_500-8000.hdf5	both	none
129.0737	1	Stimulus/S  1	1	1290737	1290745	16	1	40	pips_40_500-8000.hdf5	both	none
130.1191	1	Stimulus/S  1	1	1301191	1301199	16	2	60	pips_40_500-8000.hdf5	both	none
131.1644	1	Stimulus/S  1	1	1311644	1311652	16	3	70	pips_40_500-8000.hdf5	both	none
132.2311	1	Stimulus/S  1	1	1322311	1322319	16	4	50	pips_40_500-8000.hdf5	both	none
133.2871	1	Stimulus/S  1	1	1332871	1332879	16	5	30	pips_40_500-8000.hdf5	both	none
134.3538	1	Stimulus/S  1	1	1343538	1343546	17	0	20	pips_40_500-8000.hdf5	both	none
135.4205	1	Stimulus/S  1	1	1354205	1354213	17	1	40	pips_40_500-8000.hdf5	both	none
136.4871	1	Stimulus/S  1	1	1364871	1364879	17	2	60	pips_40_500-8000.hdf5	both	none
137.5538	1	Stimulus/S  1	1	1375538	1375546	17	3	70	pips_40_500-8000.hdf5	both	none
138.6205	1	Stimulus/S  1	1	1386205	1386213	17	4	50	pips_40_500-8000.hdf5	both	none
139.6872	1	Stimulus/S  1	1	1396872	1396880	17	5	30	pips_40_500-8000.hdf5	both	none
140.7538	1	Stimulus/S  1	1	1407538	1407546	18	0	20	pips_40_500-8000.hdf5	both	none
141.8205	1	Stimulus/S  1	1	1418205	1418213	18	1	40	pips_40_500-8000.hdf5	both	none
142.8872	1	Stimulus/S  1	1	1428872	1428880	18	2	60	pips_40_500-8000.hdf5	both	none
143.9539	1	Stimulus/S  1	1	1439539	1439547	18	3	70	pips_40_500-8000.hdf5	both	none
145.0205	1	Stimulus/S  1	1	1450205	1450213	18	4	50	pips_40_500-8000.hdf5	both	none
146.0872	1	Stimulus/S  1	1	1460872	1460880	18	5	30	pips_40_500-8000.hdf5	both	none
147.1326	1	Stimulus/S  1	1	1471326	1471334	19	0	20	pips_40_500-8000.hdf5	both	none
148.1992	1	Stimulus/S  1	1	1481992	1482000	19	1	40	pips_40_500-8000.hdf5	both	none
149.2553	1	Stimulus/S  1	1	1492553	1492561	19	2	60	pips_40_500-8000.hdf5	both	none
150.3006	1	Stimulus/S  1	1	1503006	1503014	19	3	70	pips_40_500-8000.hdf5	both	none
151.3566	1	Stimulus/S  1	1	1513566	1513574	19	4	50	pips_40_500-8000.hdf5	both	none
152.402	1	Stimulus/S  1	1	1524020	1524028	19	5	30	pips_40_500-8000.hdf5	both	none
153.4473	1	Stimulus/S  1	1	1534473	1534481	20	0	20	pips_40_500-8000.hdf5	both	none
154.5033	1	Stimulus/S  1	1	1545033	1545041	20	1	40	pips_40_500-8000.hdf5	both	none
155.5487	1	Stimulus/S  1	1	1555487	1555495	20	2	60	pips_40_500-8000.hdf5	both	none
156.6047	1	Stimulus/S  1	1	1566047	1566055	20	3	70	pips_40_500-8000.hdf5	both	none
157.6713	1	Stimulus/S  1	1	1576713	1576721	20	4	50	pips_40_500-8000.hdf5	both	none
158.738	1	Stimulus/S  1	1	1587380	1587388	20	5	30	pips_40_500-8000.hdf5	both	none
159.8047	1	Stimulus/S  1	1	1598047	1598055	21	0	20	pips_40_500-8000.hdf5	both	none
160.8714	1	Stimulus/S  1	1	1608714	1608722	21	1	40	pips_40_500-8000.hdf5	both	none
161.938	1	Stimulus/S  1	1	1619380	1619388	21	2	60	pips_40_500-8000.hdf5	both	none
163.0047	1	Stimulus/S  1	1	1630047	1630055	21	3	70	pips_40_500-8000.hdf5	both	none
164.0714	1	Stimulus/S  1	1	1640714	1640722	21	4	50	pips_40_500-8000.hdf5	both	none
165.1381	1	Stimulus/S  1	1	1651381	1651389	21	5	30	pips_40_500-8000.hdf5	both	none
166.1834	1	Stimulus/S  1	1	1661834	1661842	22	0	20	pips_40_500-8000.hdf5	both	none
167.2394	1	Stimulus/S  1	1	1672394	1672402	22	1	40	pips_40_500-8000.hdf5	both	none
168.2848	1	Stimulus/S  1	1	1682848	1682856	22	2	60	pips_40_500-8000.hdf5	both	none
169.3408	1	Stimulus/S  1	1	1693408	1693416	22	3	70	pips_40_500-8000.hdf5	both	none
170.3861	1	Stimulus/S  1	1	1703861	1703869	22	4	50	pips_40_500-8000.hdf5	both	none
171.4528	1	Stimulus/S  1	1	1714528	1714536	22	5	30	pips_40_500-8000.hdf5	both	none
172.4981	1	Stimulus/S  1	1	1724981	1724989	23	0	20	pips_40_500-8000.hdf5	both	none
173.5648	1	Stimulus/S  1	1	1735648	1735656	23	1	40	pips_40_500-8000.hdf5	both	none
174.6208	1	Stimulus/S  1	1	1746208	1746216	23	2	60	pips_40_500-8000.hdf5	both	none
175.6875	1	Stimulus/S  1	1	1756875	1756883	23	3	70	pips_40_500-8000.hdf5	both	none
176.7542	1	Stimulus/S  1	1	1767542	1767550	23	4	50	pips_40_500-8000.hdf5	both	none
177.8209	1	Stimulus/S  1	1	1778209	1778217	23	5	30	pips_40_500-8000.hdf5	both	none
178.8662	1	Stimulus/S  1	1	1788662	1788670	24	0	20	pips_40_500-8000.hdf5	both	none
179.9329	1	Stimulus/S  1	1	1799329	1799337	24	1	40	pips_40_500-8000.hdf5	both	none
180.9996	1	Stimulus/S  1	1	1809996	1810004	24	2	60	pips_40_500-8000.hdf5	both	none
182.0556	1	Stimulus/S  1	1	1820556	1820564	24	3	70	pips_40_500-8000.hdf5	both	none
183.1223	1	Stimulus/S  1	1	1831223	1831231	24	4	50	pips_40_500-8000.hdf5	both	none
184.1889	1	Stimulus/S  1	1	1841889	1841897	24	5	30	pips_40_500-8000.hdf5	both	none
185.2556	1	Stimulus/S  1	1	1852556	1852564	25	0	20	pips_40_500-8000.hdf5	both	none
186.3223	1	Stimulus/S  1	1	1863223	1863231	25	1	40	pips_40_500-8000.hdf5	both	none
187.3676	1	Stimulus/S  1	1	1873676	1873684	25	2	60	pips_40_500-8000.hdf5	both	none
188.4343	1	Stimulus/S  1	1	1884343	1884351	25	3	70	pips_40_500-8000.hdf5	both	none
189.4903	1	Stimulus/S  1	1	1894903	1894911	25	4	50	pips_40_500-8000.hdf5	both	none
190.5357	1	Stimulus/S  1	1	1905357	1905365	25	5	30	pips_40_500-8000.hdf5	both	none
191.5917	1	Stimulus/S  1	1	1915917	1915925	26	0	20	pips_40_500-8000.hdf5	both	none
192.637	1	Stimulus/S  1	1	1926370	1926378	26	1	40	pips_40_500-8000.hdf5	both	none
193.6824	1	Stimulus/S  1	1	1936824	1936832	26	2	60	pips_40_500-8000.hdf5	both	none
194.7384	1	Stimulus/S  1	1	1947384	1947392	26	3	70	pips_40_500-8000.hdf5	both	none
195.7837	1	Stimulus/S  1	1	1957837	1957845	26	4	50	pips_40_500-8000.hdf5	both	none
196.8397	1	Stimulus/S  1	1	1968397	1968405	26	5	30	pips_40_500-8000.hdf5	both	none
197.9064	1	Stimulus/S  1	1	1979064	1979072	27	0	20	pips_40_500-8000.hdf5	both	none
198.9517	1	Stimulus/S  1	1	1989517	1989525	27	1	40	pips_40_500-8000.hdf5	both	none
200.0184	1	Stimulus/S  1	1	2000184	2000192	27	2	60	pips_40_500-8000.hdf5	both	none
201.0851	1	Stimulus/S  1	1	2010851	2010859	27	3	70	pips_40_500-8000.hdf5	both	none
202.1518	1	Stimulus/S  1	1	2021518	2021526	27	4	50	pips_40_500-8000.hdf5	both	none
203.2185	1	Stimulus/S  1	1	2032185	2032193	27	5	30	pips_40_500-8000.hdf5	both	none
204.2851	1	Stimulus/S  1	1	2042851	2042859	28	0	20	pips_40_500-8000.hdf5	both	none
205.3518	1	Stimulus/S  1	1	2053518	2053526	28	1	40	pips_40_500-8000.hdf5	both	none
206.4078	1	Stimulus/S  1	1	2064078	2064086	28	2	60	pips_40_500-8000.hdf5	both	none
207.4745	1	Stimulus/S  1	1	2074745	2074753	28	3	70	pips_40_500-8000.hdf5	both	none
208.5412	1	Stimulus/S  1	1	2085412	2085420	28	4	50	pips_40_500-8000.hdf5	both	none
209.5865	1	Stimulus/S  1	1	2095865	2095873	28	5	30	pips_40_500-8000.hdf5	both	none
210.6532	1	Stimulus/S  1	1	2106532	2106540	29	0	20	pips_40_500-8000.hdf5	both	none
211.7199	1	Stimulus/S  1	1	2117199	2117207	29	1	40	pips_40_500-8000.hdf5	both	none
212.7865	1	Stimulus/S  1	1	2127865	2127873	29	2	60	pips_40_500-8000.hdf5	both	none
213.8532	1	Stimulus/S  1	1	2138532	2138540	29	3	70	pips_40_500-8000.hdf5	both	none
214.9199	1	Stimulus/S  1	1	2149199	2149207	29	4	50	pips_40_500-8000.hdf5	both	none
215.9866	1	Stimulus/S  1	1	2159866	2159874	29	5	30	pips_40_500-8000.hdf5	both	none
217.0533	1	Stimulus/S  1	1	2170533	2170541	30	0	20	pips_40_500-8000.hdf5	both	none
218.0986	1	Stimulus/S  1	1	2180986	2180994	30	1	40	pips_40_500-8000.hdf5	both	none
219.1546	1	Stimulus/S  1	1	2191546	2191554	30	2	60	pips_40_500-8000.hdf5	both	none
220.2	1	Stimulus/S  1	1	2202000	2202008	30	3	70	pips_40_500-8000.hdf5	both	none
221.256	1	Stimulus/S  1	1	2212560	2212568	30	4	50	pips_40_500-8000.hdf5	both	none
222.3013	1	Stimulus/S  1	1	2223013	2223021	30	5	30	pips_40_500-8000.hdf5	both	none
223.3573	1	Stimulus/S  1	1	2233573	2233581	31	0	20	pips_40_500-8000.hdf5	both	none
224.424	1	Stimulus/S  1	1	2244240	2244248	31	1	40	pips_40_500-8000.hdf5	both	none
225.4693	1	Stimulus/S  1	1	2254693	2254701	31	2	60	pips_40_500-8000.hdf5	both	none
226.536	1	Stimulus/S  1	1	2265360	2265368	31	3	70	pips_40_500-8000.hdf5	both	none
227.6027	1	Stimulus/S  1	1	2276027	2276035	31	4	50	pips_40_500-8000.hdf5	both	none
228.6694	1	Stimulus/S  1	1	2286694	2286702	31	5	30	pips_40_500-8000.hdf5	both	none
229.736	1	Stimulus/S  1	1	2297360	2297368	32	0	20	pips_40_500-8000.hdf5	both	none
230.8027	1	Stimulus/S  1	1	2308027	2308035	32	1	40	pips_40_500-8000.hdf5	both	none
231.8694	1	Stimulus/S  1	1	2318694	2318702	32	2	60	pips_40_500-8000.hdf5	both	none
232.9361	1	Stimulus/S  1	1	2329361	2329369	32	3	70	pips_40_500-8000.hdf5	both	none
234.0028	1	Stimulus/S  1	1	2340028	2340036	32	4	50	pips_40_500-8000.hdf5	both	none
235.0694	1	Stimulus/S  1	1	2350694	2350702	32	5	30	pips_40_500-8000.hdf5	both	none
236.1254	1	Stimulus/S  1	1	2361254	2361262	33	0	20	pips_40_500-8000.hdf5	both	none
237.1814	1	Stimulus/S  1	1	2371814	2371822	33	1	40	pips_40_500-8000.hdf5	both	none
238.2375	1	Stimulus/S  1	1	2382375	2382383	33	2	60	pips_40_500-8000.hdf5	both	none
239.3041	1	Stimulus/S  1	1	2393041	2393049	33	3	70	pips_40_500-8000.hdf5	both	none
240.3495	1	Stimulus/S  1	1	2403495	2403503	33	4	50	pips_40_500-8000.hdf5	both	none
241.4055	1	Stimulus/S  1	1	2414055	2414063	33	5	30	pips_40_500-8000.hdf5	both	none
242.4508	1	Stimulus/S  1	1	2424508	2424516	34	0	20	pips_40_500-8000.hdf5	both	none
243.5175	1	Stimulus/S  1	1	2435175	2435183	34	1	40	pips_40_500-8000.hdf5	both	none
244.5735	1	Stimulus/S  1	1	2445735	2445743	34	2	60	pips_40_500-8000.hdf5	both	none
245.6402	1	Stimulus/S  1	1	2456402	2456410	34	3	70	pips_40_500-8000.hdf5	both	none
246.6855	1	Stimulus/S  1	1	2466855	2466863	34	4	50	pips_40_500-8000.hdf5	both	none
247.7522	1	Stimulus/S  1	1	2477522	2477530	34	5	30	pips_40_500-8000.hdf5	both	none
248.8189	1	Stimulus/S  1	1	2488189	2488197	35	0	20	pips_40_500-8000.hdf5	both	none
249.8856	1	Stimulus/S  1	1	2498856	2498864	35	1	40	pips_40_500-8000.hdf5	both	none
250.9523	1	Stimulus/S  1	1	2509523	2509531	35	2	60	pips_40_500-8000.hdf5	both	none
252.0189	1	Stimulus/S  1	1	2520189	2520197	35	3	70	pips_40_500-8000.hdf5	both	none
253.0856	1	Stimulus/S  1	1	2530856	2530864	35	4	50	pips_40_500-8000.hdf5	both	none
254.1416	1	Stimulus/S  1	1	2541416	2541424	35	5	30	pips_40_500-8000.hdf5	both	none
255.2083	1	Stimulus/S  1	1	2552083	2552091	36	0	20	pips_40_500-8000.hdf5	both	none
256.2536	1	Stimulus/S  1	1	2562536	2562544	36	1	40	pips_40_500-8000.hdf5	both	none
257.299	1	Stimulus/S  1	1	2572990	2572998	36	2	60	pips_40_500-8000.hdf5	both	none
258.355	1	Stimulus/S  1	1	2583550	2583558	36	3	70	pips_40_500-8000.hdf5	both	none
259.4003	1	Stimulus/S  1	1	2594003	2594011	36	4	50	pips_40_500-8000.hdf5	both	none
260.4563	1	Stimulus/S  1	1	2604563	2604571	36	5	30	pips_40_500-8000.hdf5	both	none
261.5017	1	Stimulus/S  1	1	2615017	2615025	37	0	20	pips_40_500-8000.hdf5	both	none
262.5577	1	Stimulus/S  1	1	2625577	2625585	37	1	40	pips_40_500-8000.hdf5	both	none
263.603	1	Stimulus/S  1	1	2636030	2636038	37	2	60	pips_40_500-8000.hdf5	both	none
264.6697	1	Stimulus/S  1	1	2646697	2646705	37	3	70	pips_40_500-8000.hdf5	both	none
265.7364	1	Stimulus/S  1	1	2657364	2657372	37	4	50	pips_40_500-8000.hdf5	both	none
266.8031	1	Stimulus/S  1	1	2668031	2668039	37	5	30	pips_40_500-8000.hdf5	both	none
267.8698	1	Stimulus/S  1	1	2678698	2678706	38	0	20	pips_40_500-8000.hdf5	both	none
268.9364	1	Stimulus/S  1	1	2689364	2689372	38	1	40	pips_40_500-8000.hdf5	both	none
270.0031	1	Stimulus/S  1	1	2700031	2700039	38	2	60	pips_40_500-8000.hdf5	both	none
271.0698	1	Stimulus/S  1	1	2710698	2710706	38	3	70	pips_40_500-8000.hdf5	both	none
272.1365	1	Stimulus/S  1	1	2721365	2721373	38	4	50	pips_40_500-8000.hdf5	both	none
273.2031	1	Stimulus/S  1	1	2732031	2732039	38	5	30	pips_40_500-8000.hdf5	both	none
274.2698	1	Stimulus/S  1	1	2742698	2742706	39	0	20	pips_40_500-8000.hdf5	both	none
275.3365	1	Stimulus/S  1	1	2753365	2753373	39	1	40	pips_40_500-8000.hdf5	both	none
276.4032	1	Stimulus/S  1	1	2764032	2764040	39	2	60	pips_40_500-8000.hdf5	both	none
277.4592	1	Stimulus/S  1	1	2774592	2774600	39	3	70	pips_40_500-8000.hdf5	both	none
278.5259	1	Stimulus/S  1	1	2785259	2785267	39	4	50	pips_40_500-8000.hdf5	both	none
279.5712	1	Stimulus/S  1	1	2795712	2795720	39	5	30	pips_40_500-8000.hdf5	both	none
280.6165	1	Stimulus/S  1	1	2806165	2806173	40	0	20	pips_40_500-8000.hdf5	both	none
281.6726	1	Stimulus/S  1	1	2816726	2816734	40	1	40	pips_40_500-8000.hdf5	both	none
282.7179	1	Stimulus/S  1	1	2827179	2827187	40	2	60	pips_40_500-8000.hdf5	both	none
283.7739	1	Stimulus/S  1	1	2837739	2837747	40	3	70	pips_40_500-8000.hdf5	both	none
284.8192	1	Stimulus/S  1	1	2848192	2848200	40	4	50	pips_40_500-8000.hdf5	both	none
285.8753	1	Stimulus/S  1	1	2858753	2858761	40	5	30	pips_40_500-8000.hdf5	both	none
286.9206	1	Stimulus/S  1	1	2869206	2869214	41	0	20	pips_40_500-8000.hdf5	both	none
287.9873	1	Stimulus/S  1	1	2879873	2879881	41	1	40	pips_40_500-8000.hdf5	both	none
289.054	1	Stimulus/S  1	1	2890540	2890548	41	2	60	pips_40_500-8000.hdf5	both	none
290.1206	1	Stimulus/S  1	1	2901206	2901214	41	3	70	pips_40_500-8000.hdf5	both	none
291.1873	1	Stimulus/S  1	1	2911873	2911881	41	4	50	pips_40_500-8000.hdf5	both	none
292.254	1	Stimulus/S  1	1	2922540	2922548	41	5	30	pips_40_500-8000.hdf5	both	none
293.3207	1	Stimulus/S  1	1	2933207	2933215	42	0	20	pips_40_500-8000.hdf5	both	none
294.3873	1	Stimulus/S  1	1	2943873	2943881	42	1	40	pips_40_500-8000.hdf5	both	none
295.454	1	Stimulus/S  1	1	2954540	2954548	42	2	60	pips_40_500-8000.hdf5	both	none
296.5207	1	Stimulus/S  1	1	2965207	2965215	42	3	70	pips_40_500-8000.hdf5	both	none
297.5874	1	Stimulus/S  1	1	2975874	2975882	42	4	50	pips_40_500-8000.hdf5	both	none
298.6541	1	Stimulus/S  1	1	2986541	2986549	42	5	30	pips_40_500-8000.hdf5	both	none
299.6994	1	Stimulus/S  1	1	2996994	2997002	43	0	20	pips_40_500-8000.hdf5	both	none
300.7554	1	Stimulus/S  1	1	3007554	3007562	43	1	40	pips_40_500-8000.hdf5	both	none
301.8007	1	Stimulus/S  1	1	3018007	3018015	43	2	60	pips_40_500-8000.hdf5	both	none
302.8568	1	Stimulus/S  1	1	3028568	3028576	43	3	70	pips_40_500-8000.hdf5	both	none
303.9021	1	Stimulus/S  1	1	3039021	3039029	43	4	50	pips_40_500-8000.hdf5	both	none
304.9688	1	Stimulus/S  1	1	3049688	3049696	43	5	30	pips_40_500-8000.hdf5	both	none
306.0248	1	Stimulus/S  1	1	3060248	3060256	44	0	20	pips_40_500-8000.hdf5	both	none
307.0915	1	Stimulus/S  1	1	3070915	3070923	44	1	40	pips_40_500-8000.hdf5	both	none
308.1368	1	Stimulus/S  1	1	3081368	3081376	44	2	60	pips_40_500-8000.hdf5	both	none
309.2035	1	Stimulus/S  1	1	3092035	3092043	44	3	70	pips_40_500-8000.hdf5	both	none
310.2702	1	Stimulus/S  1	1	3102702	3102710	44	4	50	pips_40_500-8000.hdf5	both	none
311.3368	1	Stimulus/S  1	1	3113368	3113376	44	5	30	pips_40_500-8000.hdf5	both	none
312.4035	1	Stimulus/S  1	1	3124035	3124043	45	0	20	pips_40_500-8000.hdf5	both	none
313.4702	1	Stimulus/S  1	1	3134702	3134710	45	1	40	pips_40_500-8000.hdf5	both	none
314.5369	1	Stimulus/S  1	1	3145369	3145377	45	2	60	pips_40_500-8000.hdf5	both	none
315.6036	1	Stimulus/S  1	1	3156036	3156044	45	3	70	pips_40_500-8000.hdf5	both	none
316.6702	1	Stimulus/S  1	1	3166702	3166710	45	4	50	pips_40_500-8000.hdf5	both	none
317.7262	1	Stimulus/S  1	1	3177262	3177270	45	5	30	pips_40_500-8000.hdf5	both	none
318.7716	1	Stimulus/S  1	1	3187716	3187724	46	0	20	pips_40_500-8000.hdf5	both	none
319.8169	1	Stimulus/S  1	1	3198169	3198177	46	1	40	pips_40_500-8000.hdf5	both	none
320.8729	1	Stimulus/S  1	1	3208729	3208737	46	2	60	pips_40_500-8000.hdf5	both	none
321.9183	1	Stimulus/S  1	1	3219183	3219191	46	3	70	pips_40_500-8000.hdf5	both	none
322.9743	1	Stimulus/S  1	1	3229743	3229751	46	4	50	pips_40_500-8000.hdf5	both	none
324.0196	1	Stimulus/S  1	1	3240196	3240204	46	5	30	pips_40_500-8000.hdf5	both	none
325.0863	1	Stimulus/S  1	1	3250863	3250871	47	0	20	pips_40_500-8000.hdf5	both	none
326.1423	1	Stimulus/S  1	1	3261423	3261431	47	1	40	pips_40_500-8000.hdf5	both	none
327.209	1	Stimulus/S  1	1	3272090	3272098	47	2	60	pips_40_500-8000.hdf5	both	none
328.2543	1	Stimulus/S  1	1	3282543	3282551	47	3	70	pips_40_500-8000.hdf5	both	none
329.321	1	Stimulus/S  1	1	3293210	3293218	47	4	50	pips_40_500-8000.hdf5	both	none
330.3877	1	Stimulus/S  1	1	3303877	3303885	47	5	30	pips_40_500-8000.hdf5	both	none
331.4544	1	Stimulus/S  1	1	3314544	3314552	48	0	20	pips_40_500-8000.hdf5	both	none
332.5211	1	Stimulus/S  1	1	3325211	3325219	48	1	40	pips_40_500-8000.hdf5	both	none
333.5877	1	Stimulus/S  1	1	3335877	3335885	48	2	60	pips_40_500-8000.hdf5	both	none
334.6544	1	Stimulus/S  1	1	3346544	3346552	48	3	70	pips_40_500-8000.hdf5	both	none
335.7104	1	Stimulus/S  1	1	3357104	3357112	48	4	50	pips_40_500-8000.hdf5	both	none
336.7771	1	Stimulus/S  1	1	3367771	3367779	48	5	30	pips_40_500-8000.hdf5	both	none
337.8224	1	Stimulus/S  1	1	3378224	3378232	49	0	20	pips_40_500-8000.hdf5	both	none
338.8891	1	Stimulus/S  1	1	3388891	3388899	49	1	40	pips_40_500-8000.hdf5	both	none
339.9345	1	Stimulus/S  1	1	3399345	3399353	49	2	60	pips_40_500-8000.hdf5	both	none
340.9905	1	Stimulus/S  1	1	3409905	3409913	49	3	70	pips_40_500-8000.hdf5	both	none
342.0358	1	Stimulus/S  1	1	3420358	3420366	49	4	50	pips_40_500-8000.hdf5	both	none
343.1025	1	Stimulus/S  1	1	3431025	3431033	49	5	30	pips_40_500-8000.hdf5	both	none
344.1585	1	Stimulus/S  1	1	3441585	3441593	50	0	20	pips_40_500-8000.hdf5	both	none
345.2252	1	Stimulus/S  1	1	3452252	3452260	50	1	40	pips_40_500-8000.hdf5	both	none
346.2705	1	Stimulus/S  1	1	3462705	3462713	50	2	60	pips_40_500-8000.hdf5	both	none
347.3372	1	Stimulus/S  1	1	3473372	3473380	50	3	70	pips_40_500-8000.hdf5	both	none
348.4039	1	Stimulus/S  1	1	3484039	3484047	50	4	50	pips_40_500-8000.hdf5	both	none
349.4705	1	Stimulus/S  1	1	3494705	3494713	50	5	30	pips_40_500-8000.hdf5	both	none
350.5372	1	Stimulus/S  1	1	3505372	3505380	51	0	20	pips_40_500-8000.hdf5	both	none
351.6039	1	Stimulus/S  1	1	3516039	3516047	51	1	40	pips_40_500-8000.hdf5	both	none
352.6706	1	Stimulus/S  1	1	3526706	3526714	51	2	60	pips_40_500-8000.hdf5	both	none
353.7266	1	Stimulus/S  1	1	3537266	3537274	51	3	70	pips_40_500-8000.hdf5	both	none
354.7933	1	Stimulus/S  1	1	3547933	3547941	51	4	50	pips_40_500-8000.hdf5	both	none
355.8386	1	Stimulus/S  1	1	3558386	3558394	51	5	30	pips_40_500-8000.hdf5	both	none
356.9053	1	Stimulus/S  1	1	3569053	3569061	52	0	20	pips_40_500-8000.hdf5	both	none
357.9506	1	Stimulus/S  1	1	3579506	3579514	52	1	40	pips_40_500-8000.hdf5	both	none
359.0066	1	Stimulus/S  1	1	3590066	3590074	52	2	60	pips_40_500-8000.hdf5	both	none
360.052	1	Stimulus/S  1	1	3600520	3600528	52	3	70	pips_40_500-8000.hdf5	both	none
361.108	1	Stimulus/S  1	1	3611080	3611088	52	4	50	pips_40_500-8000.hdf5	both	none
362.1533	1	Stimulus/S  1	1	3621533	3621541	52	5	30	pips_40_500-8000.hdf5	both	none
363.22	1	Stimulus/S  1	1	3632200	3632208	53	0	20	pips_40_500-8000.hdf5	both	none
364.276	1	Stimulus/S  1	1	3642760	3642768	53	1	40	pips_40_500-8000.hdf5	both	none
365.3427	1	Stimulus/S  1	1	3653427	3653435	53	2	60	pips_40_500-8000.hdf5	both	none
366.388	1	Stimulus/S  1	1	3663880	3663888	53	3	70	pips_40_500-8000.hdf5	both	none
367.4547	1	Stimulus/S  1	1	3674547	3674555	53	4	50	pips_40_500-8000.hdf5	both	none
368.5214	1	Stimulus/S  1	1	3685214	3685222	53	5	30	pips_40_500-8000.hdf5	both	none
369.5881	1	Stimulus/S  1	1	3695881	3695889	54	0	20	pips_40_500-8000.hdf5	both	none
370.6548	1	Stimulus/S  1	1	3706548	3706556	54	1	40	pips_40_500-8000.hdf5	both	none
371.7214	1	Stimulus/S  1	1	3717214	3717222	54	2	60	pips_40_500-8000.hdf5	both	none
372.7881	1	Stimulus/S  1	1	3727881	3727889	54	3	70	pips_40_500-8000.hdf5	both	none
373.8548	1	Stimulus/S  1	1	3738548	3738556	54	4	50	pips_40_500-8000.hdf5	both	none
374.9215	1	Stimulus/S  1	1	3749215	3749223	54	5	30	pips_40_500-8000.hdf5	both	none
375.9881	1	Stimulus/S  1	1	3759881	3759889	55	0	20	pips_40_500-8000.hdf5	both	none
377.0548	1	Stimulus/S  1	1	3770548	3770556	55	1	40	pips_40_500-8000.hdf5	both	none
378.1215	1	Stimulus/S  1	1	3781215	3781223	55	2	60	pips_40_500-8000.hdf5	both	none
379.1882	1	Stimulus/S  1	1	3791882	3791890	55	3	70	pips_40_500-8000.hdf5	both	none
380.2442	1	Stimulus/S  1	1	3802442	3802450	55	4	50	pips_40_500-8000.hdf5	both	none
381.3109	1	Stimulus/S  1	1	3813109	3813117	55	5	30	pips_40_500-8000.hdf5	both	none
382.3562	1	Stimulus/S  1	1	3823562	3823570	56	0	20	pips_40_500-8000.hdf5	both	none
383.4015	1	Stimulus/S  1	1	3834015	3834023	56	1	40	pips_40_500-8000.hdf5	both	none
384.4576	1	Stimulus/S  1	1	3844576	3844584	56	2	60	pips_40_500-8000.hdf5	both	none
385.5029	1	Stimulus/S  1	1	3855029	3855037	56	3	70	pips_40_500-8000.hdf5	both	none
386.5589	1	Stimulus/S  1	1	3865589	3865597	56	4	50	pips_40_500-8000.hdf5	both	none
387.6043	1	Stimulus/S  1	1	3876043	3876051	56	5	30	pips_40_500-8000.hdf5	both	none
388.6709	1	Stimulus/S  1	1	3886709	3886717	57	0	20	pips_40_500-8000.hdf5	both	none
389.7376	1	Stimulus/S  1	1	3897376	3897384	57	1	40	pips_40_500-8000.hdf5	both	none
390.8043	1	Stimulus/S  1	1	3908043	3908051	57	2	60	pips_40_500-8000.hdf5	both	none
391.871	1	Stimulus/S  1	1	3918710	3918718	57	3	70	pips_40_500-8000.hdf5	both	none
392.9376	1	Stimulus/S  1	1	3929376	3929384	57	4	50	pips_40_500-8000.hdf5	both	none
394.0043	1	Stimulus/S  1	1	3940043	3940051	57	5	30	pips_40_500-8000.hdf5	both	none
395.071	1	Stimulus/S  1	1	3950710	3950718	58	0	20	pips_40_500-8000.hdf5	both	none
396.1377	1	Stimulus/S  1	1	3961377	3961385	58	1	40	pips_40_500-8000.hdf5	both	none
397.2043	1	Stimulus/S  1	1	3972043	3972051	58	2	60	pips_40_500-8000.hdf5	both	none
398.271	1	Stimulus/S  1	1	3982710	3982718	58	3	70	pips_40_500-8000.hdf5	both	none
399.3377	1	Stimulus/S  1	1	3993377	3993385	58	4	50	pips_40_500-8000.hdf5	both	none
400.4044	1	Stimulus/S  1	1	4004044	4004052	58	5	30	pips_40_500-8000.hdf5	both	none
401.4604	1	Stimulus/S  1	1	4014604	4014612	59	0	20	pips_40_500-8000.hdf5	both	none
402.5271	1	Stimulus/S  1	1	4025271	4025279	59	1	40	pips_40_500-8000.hdf5	both	none
403.5724	1	Stimulus/S  1	1	4035724	4035732	59	2	60	pips_40_500-8000.hdf5	both	none
404.6391	1	Stimulus/S  1	1	4046391	4046399	59	3	70	pips_40_500-8000.hdf5	both	none
405.6951	1	Stimulus/S  1	1	4056951	4056959	59	4	50	pips_40_500-8000.hdf5	both	none
406.7404	1	Stimulus/S  1	1	4067404	4067412	59	5	30	pips_40_500-8000.hdf5	both	none
407.7858	1	Stimulus/S  1	1	4077858	4077866	60	0	20	pips_40_500-8000.hdf5	both	none
408.8418	1	Stimulus/S  1	1	4088418	4088426	60	1	40	pips_40_500-8000.hdf5	both	none
409.8871	1	Stimulus/S  1	1	4098871	4098879	60	2	60	pips_40_500-8000.hdf5	both	none
410.9538	1	Stimulus/S  1	1	4109538	4109546	60	3	70	pips_40_500-8000.hdf5	both	none
412.0098	1	Stimulus/S  1	1	4120098	4120106	60	4	50	pips_40_500-8000.hdf5	both	none
413.0765	1	Stimulus/S  1	1	4130765	4130773	60	5	30	pips_40_500-8000.hdf5	both	none
414.1218	1	Stimulus/S  1	1	4141218	4141226	61	0	20	pips_40_500-8000.hdf5	both	none
415.1885	1	Stimulus/S  1	1	4151885	4151893	61	1	40	pips_40_500-8000.hdf5	both	none
416.2552	1	Stimulus/S  1	1	4162552	4162560	61	2	60	pips_40_500-8000.hdf5	both	none
417.3219	1	Stimulus/S  1	1	4173219	4173227	61	3	70	pips_40_500-8000.hdf5	both	none
418.3886	1	Stimulus/S  1	1	4183886	4183894	61	4	50	pips_40_500-8000.hdf5	both	none
419.4552	1	Stimulus/S  1	1	4194552	4194560	61	5	30	pips_40_500-8000.hdf5	both	none
420.5219	1	Stimulus/S  1	1	4205219	4205227	62	0	20	pips_40_500-8000.hdf5	both	none
421.5886	1	Stimulus/S  1	1	4215886	4215894	62	1	40	pips_40_500-8000.hdf5	both	none
422.6553	1	Stimulus/S  1	1	4226553	4226561	62	2	60	pips_40_500-8000.hdf5	both	none
423.7219	1	Stimulus/S  1	1	4237219	4237227	62	3	70	pips_40_500-8000.hdf5	both	none
424.7886	1	Stimulus/S  1	1	4247886	4247894	62	4	50	pips_40_500-8000.hdf5	both	none
425.8553	1	Stimulus/S  1	1	4258553	4258561	62	5	30	pips_40_500-8000.hdf5	both	none
426.922	1	Stimulus/S  1	1	4269220	4269228	63	0	20	pips_40_500-8000.hdf5	both	none
427.9887	1	Stimulus/S  1	1	4279887	4279895	63	1	40	pips_40_500-8000.hdf5	both	none
429.0553	1	Stimulus/S  1	1	4290553	4290561	63	2	60	pips_40_500-8000.hdf5	both	none
430.122	1	Stimulus/S  1	1	4301220	4301228	63	3	70	pips_40_500-8000.hdf5	both	none
431.1887	1	Stimulus/S  1	1	4311887	4311895	63	4	50	pips_40_500-8000.hdf5	both	none
432.2554	1	Stimulus/S  1	1	4322554	4322562	63	5	30	pips_40_500-8000.hdf5	both	none
433.322	1	Stimulus/S  1	1	4333220	4333228	64	0	20	pips_40_500-8000.hdf5	both	none
434.3887	1	Stimulus/S  1	1	4343887	4343895	64	1	40	pips_40_500-8000.hdf5	both	none
435.4554	1	Stimulus/S  1	1	4354554	4354562	64	2	60	pips_40_500-8000.hdf5	both	none
436.5221	1	Stimulus/S  1	1	4365221	4365229	64	3	70	pips_40_500-8000.hdf5	both	none
437.5781	1	Stimulus/S  1	1	4375781	4375789	64	4	50	pips_40_500-8000.hdf5	both	none
438.6448	1	Stimulus/S  1	1	4386448	4386456	64	5	30	pips_40_500-8000.hdf5	both	none
439.6901	1	Stimulus/S  1	1	4396901	4396909	65	0	20	pips_40_500-8000.hdf5	both	none
440.7568	1	Stimulus/S  1	1	4407568	4407576	65	1	40	pips_40_500-8000.hdf5	both	none
441.8021	1	Stimulus/S  1	1	4418021	4418029	65	2	60	pips_40_500-8000.hdf5	both	none
442.8581	1	Stimulus/S  1	1	4428581	4428589	65	3	70	pips_40_500-8000.hdf5	both	none
443.9035	1	Stimulus/S  1	1	4439035	4439043	65	4	50	pips_40_500-8000.hdf5	both	none
444.9595	1	Stimulus/S  1	1	4449595	4449603	65	5	30	pips_40_500-8000.hdf5	both	none
446.0048	1	Stimulus/S  1	1	4460048	4460056	66	0	20	pips_40_500-8000.hdf5	both	none
447.0608	1	Stimulus/S  1	1	4470608	4470616	66	1	40	pips_40_500-8000.hdf5	both	none
448.1062	1	Stimulus/S  1	1	4481062	4481070	66	2	60	pips_40_500-8000.hdf5	both	none
449.1622	1	Stimulus/S  1	1	4491622	4491630	66	3	70	pips_40_500-8000.hdf5	both	none
450.2289	1	Stimulus/S  1	1	4502289	4502297	66	4	50	pips_40_500-8000.hdf5	both	none
451.2742	1	Stimulus/S  1	1	4512742	4512750	66	5	30	pips_40_500-8000.hdf5	both	none
452.3409	1	Stimulus/S  1	1	4523409	4523417	67	0	20	pips_40_500-8000.hdf5	both	none
453.3862	1	Stimulus/S  1	1	4533862	4533870	67	1	40	pips_40_500-8000.hdf5	both	none
454.4529	1	Stimulus/S  1	1	4544529	4544537	67	2	60	pips_40_500-8000.hdf5	both	none
455.5089	1	Stimulus/S  1	1	4555089	4555097	67	3	70	pips_40_500-8000.hdf5	both	none
456.5543	1	Stimulus/S  1	1	4565543	4565551	67	4	50	pips_40_500-8000.hdf5	both	none
457.6103	1	Stimulus/S  1	1	4576103	4576111	67	5	30	pips_40_500-8000.hdf5	both	none
458.6556	1	Stimulus/S  1	1	4586556	4586564	68	0	20	pips_40_500-8000.hdf5	both	none
459.7116	1	Stimulus/S  1	1	4597116	4597124	68	1	40	pips_40_500-8000.hdf5	both	none
460.757	1	Stimulus/S  1	1	4607570	4607578	68	2	60	pips_40_500-8000.hdf5	both	none
461.813	1	Stimulus/S  1	1	4618130	4618138	68	3	70	pips_40_500-8000.hdf5	both	none
462.8583	1	Stimulus/S  1	1	4628583	4628591	68	4	50	pips_40_500-8000.hdf5	both	none
463.9037	1	Stimulus/S  1	1	4639037	4639045	68	5	30	pips_40_500-8000.hdf5	both	none
464.9597	1	Stimulus/S  1	1	4649597	4649605	69	0	20	pips_40_500-8000.hdf5	both	none
466.005	1	Stimulus/S  1	1	4660050	4660058	69	1	40	pips_40_500-8000.hdf5	both	none
467.061	1	Stimulus/S  1	1	4670610	4670618	69	2	60	pips_40_500-8000.hdf5	both	none
468.1064	1	Stimulus/S  1	1	4681064	4681072	69	3	70	pips_40_500-8000.hdf5	both	none
469.1624	1	Stimulus/S  1	1	4691624	4691632	69	4	50	pips_40_500-8000.hdf5	both	none
470.2077	1	Stimulus/S  1	1	4702077	4702085	69	5	30	pips_40_500-8000.hdf5	both	none
471.2531	1	Stimulus/S  1	1	4712531	4712539	70	0	20	pips_40_500-8000.hdf5	both	none
472.3091	1	Stimulus/S  1	1	4723091	4723099	70	1	40	pips_40_500-8000.hdf5	both	none
473.3544	1	Stimulus/S  1	1	4733544	4733552	70	2	60	pips_40_500-8000.hdf5	both	none
474.4104	1	Stimulus/S  1	1	4744104	4744112	70	3	70	pips_40_500-8000.hdf5	both	none
475.4771	1	Stimulus/S  1	1	4754771	4754779	70	4	50	pips_40_500-8000.hdf5	both	none
476.5225	1	Stimulus/S  1	1	4765225	4765233	70	5	30	pips_40_500-8000.hdf5	both	none
477.5891	1	Stimulus/S  1	1	4775891	4775899	71	0	20	pips_40_500-8000.hdf5	both	none
478.6451	1	Stimulus/S  1	1	4786451	4786459	71	1	40	pips_40_500-8000.hdf5	both	none
479.7118	1	Stimulus/S  1	1	4797118	4797126	71	2	60	pips_40_500-8000.hdf5	both	none
480.7785	1	Stimulus/S  1	1	4807785	4807793	71	3	70	pips_40_500-8000.hdf5	both	none
481.8238	1	Stimulus/S  1	1	4818238	4818246	71	4	50	pips_40_500-8000.hdf5	both	none
482.8905	1	Stimulus/S  1	1	4828905	4828913	71	5	30	pips_40_500-8000.hdf5	both	none
483.9359	1	Stimulus/S  1	1	4839359	4839367	72	0	20	pips_40_500-8000.hdf5	both	none
485.0025	1	Stimulus/S  1	1	4850025	4850033	72	1	40	pips_40_500-8000.hdf5	both	none
486.0799	1	Stimulus/S  1	1	4860799	4860807	72	2	60	pips_40_500-8000.hdf5	both	none
487.1252	1	Stimulus/S  1	1	4871252	4871260	72	3	70	pips_40_500-8000.hdf5	both	none
488.1919	1	Stimulus/S  1	1	4881919	4881927	72	4	50	pips_40_500-8000.hdf5	both	none
489.2373	1	Stimulus/S  1	1	4892373	4892381	72	5	30	pips_40_500-8000.hdf5	both	none
490.3039	1	Stimulus/S  1	1	4903039	4903047	73	0	20	pips_40_500-8000.hdf5	both	none
491.3706	1	Stimulus/S  1	1	4913706	4913714	73	1	40	pips_40_500-8000.hdf5	both	none
492.4373	1	Stimulus/S  1	1	4924373	4924381	73	2	60	pips_40_500-8000.hdf5	both	none
493.504	1	Stimulus/S  1	1	4935040	4935048	73	3	70	pips_40_500-8000.hdf5	both	none
494.5706	1	Stimulus/S  1	1	4945706	4945714	73	4	50	pips_40_500-8000.hdf5	both	none
495.6373	1	Stimulus/S  1	1	4956373	4956381	73	5	30	pips_40_500-8000.hdf5	both	none
496.704	1	Stimulus/S  1	1	4967040	4967048	74	0	20	pips_40_500-8000.hdf5	both	none
497.7707	1	Stimulus/S  1	1	4977707	4977715	74	1	40	pips_40_500-8000.hdf5	both	none
498.8373	1	Stimulus/S  1	1	4988373	4988381	74	2	60	pips_40_500-8000.hdf5	both	none
499.904	1	Stimulus/S  1	1	4999040	4999048	74	3	70	pips_40_500-8000.hdf5	both	none
500.9707	1	Stimulus/S  1	1	5009707	5009715	74	4	50	pips_40_500-8000.hdf5	both	none
502.0374	1	Stimulus/S  1	1	5020374	5020382	74	5	30	pips_40_500-8000.hdf5	both	none
503.1041	1	Stimulus/S  1	1	5031041	5031049	75	0	20	pips_40_500-8000.hdf5	both	none
504.1707	1	Stimulus/S  1	1	5041707	5041715	75	1	40	pips_40_500-8000.hdf5	both	none
505.2374	1	Stimulus/S  1	1	5052374	5052382	75	2	60	pips_40_500-8000.hdf5	both	none
506.3041	1	Stimulus/S  1	1	5063041	5063049	75	3	70	pips_40_500-8000.hdf5	both	none
507.3708	1	Stimulus/S  1	1	5073708	5073716	75	4	50	pips_40_500-8000.hdf5	both	none
508.4374	1	Stimulus/S  1	1	5084374	5084382	75	5	30	pips_40_500-8000.hdf5	both	none
509.4934	1	Stimulus/S  1	1	5094934	5094942	76	0	20	pips_40_500-8000.hdf5	both	none
510.5601	1	Stimulus/S  1	1	5105601	5105609	76	1	40	pips_40_500-8000.hdf5	both	none
511.6055	1	Stimulus/S  1	1	5116055	5116063	76	2	60	pips_40_500-8000.hdf5	both	none
512.6721	1	Stimulus/S  1	1	5126721	5126729	76	3	70	pips_40_500-8000.hdf5	both	none
513.7388	1	Stimulus/S  1	1	5137388	5137396	76	4	50	pips_40_500-8000.hdf5	both	none
514.7948	1	Stimulus/S  1	1	5147948	5147956	76	5	30	pips_40_500-8000.hdf5	both	none
515.8615	1	Stimulus/S  1	1	5158615	5158623	77	0	20	pips_40_500-8000.hdf5	both	none
516.9069	1	Stimulus/S  1	1	5169069	5169077	77	1	40	pips_40_500-8000.hdf5	both	none
517.9735	1	Stimulus/S  1	1	5179735	5179743	77	2	60	pips_40_500-8000.hdf5	both	none
519.0402	1	Stimulus/S  1	1	5190402	5190410	77	3	70	pips_40_500-8000.hdf5	both	none
520.0962	1	Stimulus/S  1	1	5200962	5200970	77	4	50	pips_40_500-8000.hdf5	both	none
521.1629	1	Stimulus/S  1	1	5211629	5211637	77	5	30	pips_40_500-8000.hdf5	both	none
522.2082	1	Stimulus/S  1	1	5222082	5222090	78	0	20	pips_40_500-8000.hdf5	both	none
523.2749	1	Stimulus/S  1	1	5232749	5232757	78	1	40	pips_40_500-8000.hdf5	both	none
524.3203	1	Stimulus/S  1	1	5243203	5243211	78	2	60	pips_40_500-8000.hdf5	both	none
525.3763	1	Stimulus/S  1	1	5253763	5253771	78	3	70	pips_40_500-8000.hdf5	both	none
526.4216	1	Stimulus/S  1	1	5264216	5264224	78	4	50	pips_40_500-8000.hdf5	both	none
527.4776	1	Stimulus/S  1	1	5274776	5274784	78	5	30	pips_40_500-8000.hdf5	both	none
528.523	1	Stimulus/S  1	1	5285230	5285238	79	0	20	pips_40_500-8000.hdf5	both	none
529.579	1	Stimulus/S  1	1	5295790	5295798	79	1	40	pips_40_500-8000.hdf5	both	none
530.6243	1	Stimulus/S  1	1	5306243	5306251	79	2	60	pips_40_500-8000.hdf5	both	none
531.691	1	Stimulus/S  1	1	5316910	5316918	79	3	70	pips_40_500-8000.hdf5	both	none
532.747	1	Stimulus/S  1	1	5327470	5327478	79	4	50	pips_40_500-8000.hdf5	both	none
533.8137	1	Stimulus/S  1	1	5338137	5338145	79	5	30	pips_40_500-8000.hdf5	both	none
534.859	1	Stimulus/S  1	1	5348590	5348598	80	0	20	pips_40_500-8000.hdf5	both	none
535.9044	1	Stimulus/S  1	1	5359044	5359052	80	1	40	pips_40_500-8000.hdf5	both	none
536.9604	1	Stimulus/S  1	1	5369604	5369612	80	2	60	pips_40_500-8000.hdf5	both	none
538.0057	1	Stimulus/S  1	1	5380057	5380065	80	3	70	pips_40_500-8000.hdf5	both	none
539.0617	1	Stimulus/S  1	1	5390617	5390625	80	4	50	pips_40_500-8000.hdf5	both	none
540.1071	1	Stimulus/S  1	1	5401071	5401079	80	5	30	pips_40_500-8000.hdf5	both	none
541.1631	1	Stimulus/S  1	1	5411631	5411639	81	0	20	pips_40_500-8000.hdf5	both	none
542.2084	1	Stimulus/S  1	1	5422084	5422092	81	1	40	pips_40_500-8000.hdf5	both	none
543.2538	1	Stimulus/S  1	1	5432538	5432546	81	2	60	pips_40_500-8000.hdf5	both	none
544.3205	1	Stimulus/S  1	1	5443205	5443213	81	3	70	pips_40_500-8000.hdf5	both	none
545.3871	1	Stimulus/S  1	1	5453871	5453879	81	4	50	pips_40_500-8000.hdf5	both	none
546.4431	1	Stimulus/S  1	1	5464431	5464439	81	5	30	pips_40_500-8000.hdf5	both	none
547.5098	1	Stimulus/S  1	1	5475098	5475106	82	0	20	pips_40_500-8000.hdf5	both	none
548.5552	1	Stimulus/S  1	1	5485552	5485560	82	1	40	pips_40_500-8000.hdf5	both	none
549.6112	1	Stimulus/S  1	1	5496112	5496120	82	2	60	pips_40_500-8000.hdf5	both	none
550.6565	1	Stimulus/S  1	1	5506565	5506573	82	3	70	pips_40_500-8000.hdf5	both	none
551.7125	1	Stimulus/S  1	1	5517125	5517133	82	4	50	pips_40_500-8000.hdf5	both	none
552.7579	1	Stimulus/S  1	1	5527579	5527587	82	5	30	pips_40_500-8000.hdf5	both	none
553.8245	1	Stimulus/S  1	1	5538245	5538253	83	0	20	pips_40_500-8000.hdf5	both	none
554.8912	1	Stimulus/S  1	1	5548912	5548920	83	1	40	pips_40_500-8000.hdf5	both	none
555.9472	1	Stimulus/S  1	1	5559472	5559480	83	2	60	pips_40_500-8000.hdf5	both	none
557.0139	1	Stimulus/S  1	1	5570139	5570147	83	3	70	pips_40_500-8000.hdf5	both	none
558.0806	1	Stimulus/S  1	1	5580806	5580814	83	4	50	pips_40_500-8000.hdf5	both	none
559.1473	1	Stimulus/S  1	1	5591473	5591481	83	5	30	pips_40_500-8000.hdf5	both	none
560.2139	1	Stimulus/S  1	1	5602139	5602147	84	0	20	pips_40_500-8000.hdf5	both	none
561.2806	1	Stimulus/S  1	1	5612806	5612814	84	1	40	pips_40_500-8000.hdf5	both	none
562.3473	1	Stimulus/S  1	1	5623473	5623481	84	2	60	pips_40_500-8000.hdf5	both	none
563.414	1	Stimulus/S  1	1	5634140	5634148	84	3	70	pips_40_500-8000.hdf5	both	none
564.4807	1	Stimulus/S  1	1	5644807	5644815	84	4	50	pips_40_500-8000.hdf5	both	none
565.5473	1	Stimulus/S  1	1	5655473	5655481	84	5	30	pips_40_500-8000.hdf5	both	none
566.614	1	Stimulus/S  1	1	5666140	5666148	85	0	20	pips_40_500-8000.hdf5	both	none
567.6807	1	Stimulus/S  1	1	5676807	5676815	85	1	40	pips_40_500-8000.hdf5	both	none
568.7474	1	Stimulus/S  1	1	5687474	5687482	85	2	60	pips_40_500-8000.hdf5	both	none
569.814	1	Stimulus/S  1	1	5698140	5698148	85	3	70	pips_40_500-8000.hdf5	both	none
570.8807	1	Stimulus/S  1	1	5708807	5708815	85	4	50	pips_40_500-8000.hdf5	both	none
571.9474	1	Stimulus/S  1	1	5719474	5719482	85	5	30	pips_40_500-8000.hdf5	both	none
573.0141	1	Stimulus/S  1	1	5730141	5730149	86	0	20	pips_40_500-8000.hdf5	both	none
574.0807	1	Stimulus/S  1	1	5740807	5740815	86	1	40	pips_40_500-8000.hdf5	both	none
575.1474	1	Stimulus/S  1	1	5751474	5751482	86	2	60	pips_40_500-8000.hdf5	both	none
576.2141	1	Stimulus/S  1	1	5762141	5762149	86	3	70	pips_40_500-8000.hdf5	both	none
577.2808	1	Stimulus/S  1	1	5772808	5772816	86	4	50	pips_40_500-8000.hdf5	both	none
578.3475	1	Stimulus/S  1	1	5783475	5783483	86	5	30	pips_40_500-8000.hdf5	both	none
579.3928	1	Stimulus/S  1	1	5793928	5793936	87	0	20	pips_40_500-8000.hdf5	both	none
580.4595	1	Stimulus/S  1	1	5804595	5804603	87	1	40	pips_40_500-8000.hdf5	both	none
581.5048	1	Stimulus/S  1	1	5815048	5815056	87	2	60	pips_40_500-8000.hdf5	both	none
582.5715	1	Stimulus/S  1	1	5825715	5825723	87	3	70	pips_40_500-8000.hdf5	both	none
583.6382	1	Stimulus/S  1	1	5836382	5836390	87	4	50	pips_40_500-8000.hdf5	both	none
584.6942	1	Stimulus/S  1	1	5846942	5846950	87	5	30	pips_40_500-8000.hdf5	both	none
585.7609	1	Stimulus/S  1	1	5857609	5857617	88	0	20	pips_40_500-8000.hdf5	both	none
586.8062	1	Stimulus/S  1	1	5868062	5868070	88	1	40	pips_40_500-8000.hdf5	both	none
587.8729	1	Stimulus/S  1	1	5878729	5878737	88	2	60	pips_40_500-8000.hdf5	both	none
588.9396	1	Stimulus/S  1	1	5889396	5889404	88	3	70	pips_40_500-8000.hdf5	both	none
589.9956	1	Stimulus/S  1	1	5899956	5899964	88	4	50	pips_40_500-8000.hdf5	both	none
591.0622	1	Stimulus/S  1	1	5910622	5910630	88	5	30	pips_40_500-8000.hdf5	both	none
592.1076	1	Stimulus/S  1	1	5921076	5921084	89	0	20	pips_40_500-8000.hdf5	both	none
593.1743	1	Stimulus/S  1	1	5931743	5931751	89	1	40	pips_40_500-8000.hdf5	both	none
594.2409	1	Stimulus/S  1	1	5942409	5942417	89	2	60	pips_40_500-8000.hdf5	both	none
595.297	1	Stimulus/S  1	1	5952970	5952978	89	3	70	pips_40_500-8000.hdf5	both	none
596.3636	1	Stimulus/S  1	1	5963636	5963644	89	4	50	pips_40_500-8000.hdf5	both	none
597.409	1	Stimulus/S  1	1	5974090	5974098	89	5	30	pips_40_500-8000.hdf5	both	none
598.4757	1	Stimulus/S  1	1	5984757	5984765	90	0	20	pips_40_500-8000.hdf5	both	none
599.5317	1	Stimulus/S  1	1	5995317	5995325	90	1	40	pips_40_500-8000.hdf5	both	none
600.5983	1	Stimulus/S  1	1	6005983	6005991	90	2	60	pips_40_500-8000.hdf5	both	none
601.6437	1	Stimulus/S  1	1	6016437	6016445	90	3	70	pips_40_500-8000.hdf5	both	none
602.689	1	Stimulus/S  1	1	6026890	6026898	90	4	50	pips_40_500-8000.hdf5	both	none
603.745	1	Stimulus/S  1	1	6037450	6037458	90	5	30	pips_40_500-8000.hdf5	both	none
604.7904	1	Stimulus/S  1	1	6047904	6047912	91	0	20	pips_40_500-8000.hdf5	both	none
605.8464	1	Stimulus/S  1	1	6058464	6058472	91	1	40	pips_40_500-8000.hdf5	both	none
606.8917	1	Stimulus/S  1	1	6068917	6068925	91	2	60	pips_40_500-8000.hdf5	both	none
607.9477	1	Stimulus/S  1	1	6079477	6079485	91	3	70	pips_40_500-8000.hdf5	both	none
608.9931	1	Stimulus/S  1	1	6089931	6089939	91	4	50	pips_40_500-8000.hdf5	both	none
610.0384	1	Stimulus/S  1	1	6100384	6100392	91	5	30	pips_40_500-8000.hdf5	both	none
611.0944	1	Stimulus/S  1	1	6110944	6110952	92	0	20	pips_40_500-8000.hdf5	both	none
612.1398	1	Stimulus/S  1	1	6121398	6121406	92	1	40	pips_40_500-8000.hdf5	both	none
613.1958	1	Stimulus/S  1	1	6131958	6131966	92	2	60	pips_40_500-8000.hdf5	both	none
614.2411	1	Stimulus/S  1	1	6142411	6142419	92	3	70	pips_40_500-8000.hdf5	both	none
615.2971	1	Stimulus/S  1	1	6152971	6152979	92	4	50	pips_40_500-8000.hdf5	both	none
616.3425	1	Stimulus/S  1	1	6163425	6163433	92	5	30	pips_40_500-8000.hdf5	both	none
617.3985	1	Stimulus/S  1	1	6173985	6173993	93	0	20	pips_40_500-8000.hdf5	both	none
618.4438	1	Stimulus/S  1	1	6184438	6184446	93	1	40	pips_40_500-8000.hdf5	both	none
619.5105	1	Stimulus/S  1	1	6195105	6195113	93	2	60	pips_40_500-8000.hdf5	both	none
620.5559	1	Stimulus/S  1	1	6205559	6205567	93	3	70	pips_40_500-8000.hdf5	both	none
621.6225	1	Stimulus/S  1	1	6216225	6216233	93	4	50	pips_40_500-8000.hdf5	both	none
622.6786	1	Stimulus/S  1	1	6226786	6226794	93	5	30	pips_40_500-8000.hdf5	both	none
623.7452	1	Stimulus/S  1	1	6237452	6237460	94	0	20	pips_40_500-8000.hdf5	both	none
624.8119	1	Stimulus/S  1	1	6248119	6248127	94	1	40	pips_40_500-8000.hdf5	both	none
625.8573	1	Stimulus/S  1	1	6258573	6258581	94	2	60	pips_40_500-8000.hdf5	both	none
626.9239	1	Stimulus/S  1	1	6269239	6269247	94	3	70	pips_40_500-8000.hdf5	both	none
627.9799	1	Stimulus/S  1	1	6279799	6279807	94	4	50	pips_40_500-8000.hdf5	both	none
629.0466	1	Stimulus/S  1	1	6290466	6290474	94	5	30	pips_40_500-8000.hdf5	both	none
630.1133	1	Stimulus/S  1	1	6301133	6301141	95	0	20	pips_40_500-8000.hdf5	both	none
631.18	1	Stimulus/S  1	1	6311800	6311808	95	1	40	pips_40_500-8000.hdf5	both	none
632.2466	1	Stimulus/S  1	1	6322466	6322474	95	2	60	pips_40_500-8000.hdf5	both	none
633.3133	1	Stimulus/S  1	1	6333133	6333141	95	3	70	pips_40_500-8000.hdf5	both	none
634.38	1	Stimulus/S  1	1	6343800	6343808	95	4	50	pips_40_500-8000.hdf5	both	none
635.4467	1	Stimulus/S  1	1	6354467	6354475	95	5	30	pips_40_500-8000.hdf5	both	none
636.5134	1	Stimulus/S  1	1	6365134	6365142	96	0	20	pips_40_500-8000.hdf5	both	none
637.58	1	Stimulus/S  1	1	6375800	6375808	96	1	40	pips_40_500-8000.hdf5	both	none
638.6467	1	Stimulus/S  1	1	6386467	6386475	96	2	60	pips_40_500-8000.hdf5	both	none
639.7134	1	Stimulus/S  1	1	6397134	6397142	96	3	70	pips_40_500-8000.hdf5	both	none
640.7801	1	Stimulus/S  1	1	6407801	6407809	96	4	50	pips_40_500-8000.hdf5	both	none
641.8467	1	Stimulus/S  1	1	6418467	6418475	96	5	30	pips_40_500-8000.hdf5	both	none
642.9134	1	Stimulus/S  1	1	6429134	6429142	97	0	20	pips_40_500-8000.hdf5	both	none
643.9801	1	Stimulus/S  1	1	6439801	6439809	97	1	40	pips_40_500-8000.hdf5	both	none
645.0468	1	Stimulus/S  1	1	6450468	6450476	97	2	60	pips_40_500-8000.hdf5	both	none
646.1135	1	Stimulus/S  1	1	6461135	6461143	97	3	70	pips_40_500-8000.hdf5	both	none
647.1801	1	Stimulus/S  1	1	6471801	6471809	97	4	50	pips_40_500-8000.hdf5	both	none
648.2468	1	Stimulus/S  1	1	6482468	6482476	97	5	30	pips_40_500-8000.hdf5	both	none
649.3135	1	Stimulus/S  1	1	6493135	6493143	98	0	20	pips_40_500-8000.hdf5	both	none
650.3802	1	Stimulus/S  1	1	6503802	6503810	98	1	40	pips_40_500-8000.hdf5	both	none
651.4255	1	Stimulus/S  1	1	6514255	6514263	98	2	60	pips_40_500-8000.hdf5	both	none
652.4922	1	Stimulus/S  1	1	6524922	6524930	98	3	70	pips_40_500-8000.hdf5	both	none
653.5482	1	Stimulus/S  1	1	6535482	6535490	98	4	50	pips_40_500-8000.hdf5	both	none
654.6149	1	Stimulus/S  1	1	6546149	6546157	98	5	30	pips_40_500-8000.hdf5	both	none
655.6602	1	Stimulus/S  1	1	6556602	6556610	99	0	20	pips_40_500-8000.hdf5	both	none
656.7056	1	Stimulus/S  1	1	6567056	6567064	99	1	40	pips_40_500-8000.hdf5	both	none
657.7616	1	Stimulus/S  1	1	6577616	6577624	99	2	60	pips_40_500-8000.hdf5	both	none
658.8069	1	Stimulus/S  1	1	6588069	6588077	99	3	70	pips_40_500-8000.hdf5	both	none
659.8629	1	Stimulus/S  1	1	6598629	6598637	99	4	50	pips_40_500-8000.hdf5	both	none
660.9296	1	Stimulus/S  1	1	6609296	6609304	99	5	30	pips_40_500-8000.hdf5	both	none
661.9749	1	Stimulus/S  1	1	6619749	6619757	100	0	20	pips_40_500-8000.hdf5	both	none
663.0416	1	Stimulus/S  1	1	6630416	6630424	100	1	40	pips_40_500-8000.hdf5	both	none
664.0976	1	Stimulus/S  1	1	6640976	6640984	100	2	60	pips_40_500-8000.hdf5	both	none
665.1643	1	Stimulus/S  1	1	6651643	6651651	100	3	70	pips_40_500-8000.hdf5	both	none
666.231	1	Stimulus/S  1	1	6662310	6662318	100	4	50	pips_40_500-8000.hdf5	both	none
667.2977	1	Stimulus/S  1	1	6672977	6672985	100	5	30	pips_40_500-8000.hdf5	both	none
668.3643	1	Stimulus/S  1	1	6683643	6683651	101	0	20	pips_40_500-8000.hdf5	both	none
669.4417	1	Stimulus/S  1	1	6694417	6694425	101	1	40	pips_40_500-8000.hdf5	both	none
670.5084	1	Stimulus/S  1	1	6705084	6705092	101	2	60	pips_40_500-8000.hdf5	both	none
671.575	1	Stimulus/S  1	1	6715750	6715758	101	3	70	pips_40_500-8000.hdf5	both	none
672.6417	1	Stimulus/S  1	1	6726417	6726425	101	4	50	pips_40_500-8000.hdf5	both	none
673.7084	1	Stimulus/S  1	1	6737084	6737092	101	5	30	pips_40_500-8000.hdf5	both	none
674.7751	1	Stimulus/S  1	1	6747751	6747759	102	0	20	pips_40_500-8000.hdf5	both	none
675.8631	1	Stimulus/S  1	1	6758631	6758639	102	1	40	pips_40_500-8000.hdf5	both	none
676.9084	1	Stimulus/S  1	1	6769084	6769092	102	2	60	pips_40_500-8000.hdf5	both	none
677.9644	1	Stimulus/S  1	1	6779644	6779652	102	3	70	pips_40_500-8000.hdf5	both	none
679.0098	1	Stimulus/S  1	1	6790098	6790106	102	4	50	pips_40_500-8000.hdf5	both	none
680.0658	1	Stimulus/S  1	1	6800658	6800666	102	5	30	pips_40_500-8000.hdf5	both	none
681.1111	1	Stimulus/S  1	1	6811111	6811119	103	0	20	pips_40_500-8000.hdf5	both	none
682.1565	1	Stimulus/S  1	1	6821565	6821573	103	1	40	pips_40_500-8000.hdf5	both	none
683.2125	1	Stimulus/S  1	1	6832125	6832133	103	2	60	pips_40_500-8000.hdf5	both	none
684.2578	1	Stimulus/S  1	1	6842578	6842586	103	3	70	pips_40_500-8000.hdf5	both	none
685.3138	1	Stimulus/S  1	1	6853138	6853146	103	4	50	pips_40_500-8000.hdf5	both	none
686.3592	1	Stimulus/S  1	1	6863592	6863600	103	5	30	pips_40_500-8000.hdf5	both	none
687.4152	1	Stimulus/S  1	1	6874152	6874160	104	0	20	pips_40_500-8000.hdf5	both	none
688.4819	1	Stimulus/S  1	1	6884819	6884827	104	1	40	pips_40_500-8000.hdf5	both	none
689.5272	1	Stimulus/S  1	1	6895272	6895280	104	2	60	pips_40_500-8000.hdf5	both	none
690.5726	1	Stimulus/S  1	1	6905726	6905734	104	3	70	pips_40_500-8000.hdf5	both	none
691.6286	1	Stimulus/S  1	1	6916286	6916294	104	4	50	pips_40_500-8000.hdf5	both	none
692.6739	1	Stimulus/S  1	1	6926739	6926747	104	5	30	pips_40_500-8000.hdf5	both	none
693.7299	1	Stimulus/S  1	1	6937299	6937307	105	0	20	pips_40_500-8000.hdf5	both	none
694.7753	1	Stimulus/S  1	1	6947753	6947761	105	1	40	pips_40_500-8000.hdf5	both	none
695.8313	1	Stimulus/S  1	1	6958313	6958321	105	2	60	pips_40_500-8000.hdf5	both	none
696.8766	1	Stimulus/S  1	1	6968766	6968774	105	3	70	pips_40_500-8000.hdf5	both	none
697.9326	1	Stimulus/S  1	1	6979326	6979334	105	4	50	pips_40_500-8000.hdf5	both	none
698.978	1	Stimulus/S  1	1	6989780	6989788	105	5	30	pips_40_500-8000.hdf5	both	none
700.0233	1	Stimulus/S  1	1	7000233	7000241	106	0	20	pips_40_500-8000.hdf5	both	none
701.0793	1	Stimulus/S  1	1	7010793	7010801	106	1	40	pips_40_500-8000.hdf5	both	none
702.1247	1	Stimulus/S  1	1	7021247	7021255	106	2	60	pips_40_500-8000.hdf5	both	none
703.1807	1	Stimulus/S  1	1	7031807	7031815	106	3	70	pips_40_500-8000.hdf5	both	none
704.226	1	Stimulus/S  1	1	7042260	7042268	106	4	50	pips_40_500-8000.hdf5	both	none
705.282	1	Stimulus/S  1	1	7052820	7052828	106	5	30	pips_40_500-8000.hdf5	both	none
706.3274	1	Stimulus/S  1	1	7063274	7063282	107	0	20	pips_40_500-8000.hdf5	both	none
707.394	1	Stimulus/S  1	1	7073940	7073948	107	1	40	pips_40_500-8000.hdf5	both	none
708.4607	1	Stimulus/S  1	1	7084607	7084615	107	2	60	pips_40_500-8000.hdf5	both	none
709.5274	1	Stimulus/S  1	1	7095274	7095282	107	3	70	pips_40_500-8000.hdf5	both	none
710.5941	1	Stimulus/S  1	1	7105941	7105949	107	4	50	pips_40_500-8000.hdf5	both	none
711.6608	1	Stimulus/S  1	1	7116608	7116616	107	5	30	pips_40_500-8000.hdf5	both	none
712.7274	1	Stimulus/S  1	1	7127274	7127282	108	0	20	pips_40_500-8000.hdf5	both	none
713.7941	1	Stimulus/S  1	1	7137941	7137949	108	1	40	pips_40_500-8000.hdf5	both	none
714.8608	1	Stimulus/S  1	1	7148608	7148616	108	2	60	pips_40_500-8000.hdf5	both	none
715.9275	1	Stimulus/S  1	1	7159275	7159283	108	3	70	pips_40_500-8000.hdf5	both	none
716.9941	1	Stimulus/S  1	1	7169941	7169949	108	4	50	pips_40_500-8000.hdf5	both	none
718.0608	1	Stimulus/S  1	1	7180608	7180616	108	5	30	pips_40_500-8000.hdf5	both	none
719.1275	1	Stimulus/S  1	1	7191275	7191283	109	0	20	pips_40_500-8000.hdf5	both	none
720.1728	1	Stimulus/S  1	1	7201728	7201736	109	1	40	pips_40_500-8000.hdf5	both	none
721.2502	1	Stimulus/S  1	1	7212502	7212510	109	2	60	pips_40_500-8000.hdf5	both	none
722.2955	1	Stimulus/S  1	1	7222955	7222963	109	3	70	pips_40_500-8000.hdf5	both	none
723.3622	1	Stimulus/S  1	1	7233622	7233630	109	4	50	pips_40_500-8000.hdf5	both	none
724.4075	1	Stimulus/S  1	1	7244075	7244083	109	5	30	pips_40_500-8000.hdf5	both	none
725.4636	1	Stimulus/S  1	1	7254636	7254644	110	0	20	pips_40_500-8000.hdf5	both	none
726.5089	1	Stimulus/S  1	1	7265089	7265097	110	1	40	pips_40_500-8000.hdf5	both	none
727.5649	1	Stimulus/S  1	1	7275649	7275657	110	2	60	pips_40_500-8000.hdf5	both	none
728.6103	1	Stimulus/S  1	1	7286103	7286111	110	3	70	pips_40_500-8000.hdf5	both	none
729.6663	1	Stimulus/S  1	1	7296663	7296671	110	4	50	pips_40_500-8000.hdf5	both	none
730.7116	1	Stimulus/S  1	1	7307116	7307124	110	5	30	pips_40_500-8000.hdf5	both	none
731.757	1	Stimulus/S  1	1	7317570	7317578	111	0	20	pips_40_500-8000.hdf5	both	none
732.813	1	Stimulus/S  1	1	7328130	7328138	111	1	40	pips_40_500-8000.hdf5	both	none
733.8583	1	Stimulus/S  1	1	7338583	7338591	111	2	60	pips_40_500-8000.hdf5	both	none
734.9143	1	Stimulus/S  1	1	7349143	7349151	111	3	70	pips_40_500-8000.hdf5	both	none
735.9597	1	Stimulus/S  1	1	7359597	7359605	111	4	50	pips_40_500-8000.hdf5	both	none
737.0157	1	Stimulus/S  1	1	7370157	7370165	111	5	30	pips_40_500-8000.hdf5	both	none
738.061	1	Stimulus/S  1	1	7380610	7380618	112	0	20	pips_40_500-8000.hdf5	both	none
739.117	1	Stimulus/S  1	1	7391170	7391178	112	1	40	pips_40_500-8000.hdf5	both	none
740.1624	1	Stimulus/S  1	1	7401624	7401632	112	2	60	pips_40_500-8000.hdf5	both	none
741.2077	1	Stimulus/S  1	1	7412077	7412085	112	3	70	pips_40_500-8000.hdf5	both	none
742.2637	1	Stimulus/S  1	1	7422637	7422645	112	4	50	pips_40_500-8000.hdf5	both	none
743.3091	1	Stimulus/S  1	1	7433091	7433099	112	5	30	pips_40_500-8000.hdf5	both	none
744.3651	1	Stimulus/S  1	1	7443651	7443659	113	0	20	pips_40_500-8000.hdf5	both	none
745.4104	1	Stimulus/S  1	1	7454104	7454112	113	1	40	pips_40_500-8000.hdf5	both	none
746.4664	1	Stimulus/S  1	1	7464664	7464672	113	2	60	pips_40_500-8000.hdf5	both	none
747.5118	1	Stimulus/S  1	1	7475118	7475126	113	3	70	pips_40_500-8000.hdf5	both	none
748.5571	1	Stimulus/S  1	1	7485571	7485579	113	4	50	pips_40_500-8000.hdf5	both	none
749.6131	1	Stimulus/S  1	1	7496131	7496139	113	5	30	pips_40_500-8000.hdf5	both	none
750.6798	1	Stimulus/S  1	1	7506798	7506806	114	0	20	pips_40_500-8000.hdf5	both	none
751.7251	1	Stimulus/S  1	1	7517251	7517259	114	1	40	pips_40_500-8000.hdf5	both	none
752.7812	1	Stimulus/S  1	1	7527812	7527820	114	2	60	pips_40_500-8000.hdf5	both	none
753.8265	1	Stimulus/S  1	1	7538265	7538273	114	3	70	pips_40_500-8000.hdf5	both	none
754.8825	1	Stimulus/S  1	1	7548825	7548833	114	4	50	pips_40_500-8000.hdf5	both	none
755.9279	1	Stimulus/S  1	1	7559279	7559287	114	5	30	pips_40_500-8000.hdf5	both	none
756.9945	1	Stimulus/S  1	1	7569945	7569953	115	0	20	pips_40_500-8000.hdf5	both	none
758.0505	1	Stimulus/S  1	1	7580505	7580513	115	1	40	pips_40_500-8000.hdf5	both	none
759.1172	1	Stimulus/S  1	1	7591172	7591180	115	2	60	pips_40_500-8000.hdf5	both	none
760.1839	1	Stimulus/S  1	1	7601839	7601847	115	3	70	pips_40_500-8000.hdf5	both	none
761.2506	1	Stimulus/S  1	1	7612506	7612514	115	4	50	pips_40_500-8000.hdf5	both	none
762.3173	1	Stimulus/S  1	1	7623173	7623181	115	5	30	pips_40_500-8000.hdf5	both	none
763.3839	1	Stimulus/S  1	1	7633839	7633847	116	0	20	pips_40_500-8000.hdf5	both	none
764.4506	1	Stimulus/S  1	1	7644506	7644514	116	1	40	pips_40_500-8000.hdf5	both	none
765.5173	1	Stimulus/S  1	1	7655173	7655181	116	2	60	pips_40_500-8000.hdf5	both	none
766.584	1	Stimulus/S  1	1	7665840	7665848	116	3	70	pips_40_500-8000.hdf5	both	none
767.6506	1	Stimulus/S  1	1	7676506	7676514	116	4	50	pips_40_500-8000.hdf5	both	none
768.696	1	Stimulus/S  1	1	7686960	7686968	116	5	30	pips_40_500-8000.hdf5	both	none
769.7627	1	Stimulus/S  1	1	7697627	7697635	117	0	20	pips_40_500-8000.hdf5	both	none
770.8293	1	Stimulus/S  1	1	7708293	7708301	117	1	40	pips_40_500-8000.hdf5	both	none
771.8747	1	Stimulus/S  1	1	7718747	7718755	117	2	60	pips_40_500-8000.hdf5	both	none
772.9307	1	Stimulus/S  1	1	7729307	7729315	117	3	70	pips_40_500-8000.hdf5	both	none
773.976	1	Stimulus/S  1	1	7739760	7739768	117	4	50	pips_40_500-8000.hdf5	both	none
775.032	1	Stimulus/S  1	1	7750320	7750328	117	5	30	pips_40_500-8000.hdf5	both	none
776.0774	1	Stimulus/S  1	1	7760774	7760782	118	0	20	pips_40_500-8000.hdf5	both	none
777.1334	1	Stimulus/S  1	1	7771334	7771342	118	1	40	pips_40_500-8000.hdf5	both	none
778.1787	1	Stimulus/S  1	1	7781787	7781795	118	2	60	pips_40_500-8000.hdf5	both	none
779.2348	1	Stimulus/S  1	1	7792348	7792356	118	3	70	pips_40_500-8000.hdf5	both	none
780.2801	1	Stimulus/S  1	1	7802801	7802809	118	4	50	pips_40_500-8000.hdf5	both	none
781.3254	1	Stimulus/S  1	1	7813254	7813262	118	5	30	pips_40_500-8000.hdf5	both	none
782.3814	1	Stimulus/S  1	1	7823814	7823822	119	0	20	pips_40_500-8000.hdf5	both	none
783.4268	1	Stimulus/S  1	1	7834268	7834276	119	1	40	pips_40_500-8000.hdf5	both	none
784.4828	1	Stimulus/S  1	1	7844828	7844836	119	2	60	pips_40_500-8000.hdf5	both	none
785.5281	1	Stimulus/S  1	1	7855281	7855289	119	3	70	pips_40_500-8000.hdf5	both	none
786.5948	1	Stimulus/S  1	1	7865948	7865956	119	4	50	pips_40_500-8000.hdf5	both	none
787.6508	1	Stimulus/S  1	1	7876508	7876516	119	5	30	pips_40_500-8000.hdf5	both	none
788.7175	1	Stimulus/S  1	1	7887175	7887183	0	0	20	pips_40_500-8000.hdf5	both	none
789.7629	1	Stimulus/S  1	1	7897629	7897637	0	1	40	pips_40_500-8000.hdf5	both	none
790.8295	1	Stimulus/S  1	1	7908295	7908303	0	2	60	pips_40_500-8000.hdf5	both	none
791.8962	1	Stimulus/S  1	1	7918962	7918970	0	3	70	pips_40_500-8000.hdf5	both	none
792.9416	1	Stimulus/S  1	1	7929416	7929424	0	4	50	pips_40_500-8000.hdf5	both	none
794.0082	1	Stimulus/S  1	1	7940082	7940090	0	5	30	pips_40_500-8000.hdf5	both	none
795.0642	1	Stimulus/S  1	1	7950642	7950650	1	0	20	pips_40_500-8000.hdf5	both	none
796.1309	1	Stimulus/S  1	1	7961309	7961317	1	1	40	pips_40_500-8000.hdf5	both	none
797.1976	1	Stimulus/S  1	1	7971976	7971984	1	2	60	pips_40_500-8000.hdf5	both	none
798.2643	1	Stimulus/S  1	1	7982643	7982651	1	3	70	pips_40_500-8000.hdf5	both	none
799.3309	1	Stimulus/S  1	1	7993309	7993317	1	4	50	pips_40_500-8000.hdf5	both	none
800.3976	1	Stimulus/S  1	1	8003976	8003984	1	5	30	pips_40_500-8000.hdf5	both	none
801.4643	1	Stimulus/S  1	1	8014643	8014651	2	0	20	pips_40_500-8000.hdf5	both	none
802.5096	1	Stimulus/S  1	1	8025096	8025104	2	1	40	pips_40_500-8000.hdf5	both	none
803.5763	1	Stimulus/S  1	1	8035763	8035771	2	2	60	pips_40_500-8000.hdf5	both	none
804.6323	1	Stimulus/S  1	1	8046323	8046331	2	3	70	pips_40_500-8000.hdf5	both	none
805.699	1	Stimulus/S  1	1	8056990	8056998	2	4	50	pips_40_500-8000.hdf5	both	none
806.7444	1	Stimulus/S  1	1	8067444	8067452	2	5	30	pips_40_500-8000.hdf5	both	none
807.8004	1	Stimulus/S  1	1	8078004	8078012	3	0	20	pips_40_500-8000.hdf5	both	none
808.8457	1	Stimulus/S  1	1	8088457	8088465	3	1	40	pips_40_500-8000.hdf5	both	none
809.9017	1	Stimulus/S  1	1	8099017	8099025	3	2	60	pips_40_500-8000.hdf5	both	none
810.9471	1	Stimulus/S  1	1	8109471	8109479	3	3	70	pips_40_500-8000.hdf5	both	none
811.9924	1	Stimulus/S  1	1	8119924	8119932	3	4	50	pips_40_500-8000.hdf5	both	none
813.0484	1	Stimulus/S  1	1	8130484	8130492	3	5	30	pips_40_500-8000.hdf5	both	none
814.0938	1	Stimulus/S  1	1	8140938	8140946	4	0	20	pips_40_500-8000.hdf5	both	none
815.1498	1	Stimulus/S  1	1	8151498	8151506	4	1	40	pips_40_500-8000.hdf5	both	none
816.2164	1	Stimulus/S  1	1	8162164	8162172	4	2	60	pips_40_500-8000.hdf5	both	none
817.2618	1	Stimulus/S  1	1	8172618	8172626	4	3	70	pips_40_500-8000.hdf5	both	none
818.3285	1	Stimulus/S  1	1	8183285	8183293	4	4	50	pips_40_500-8000.hdf5	both	none
819.3845	1	Stimulus/S  1	1	8193845	8193853	4	5	30	pips_40_500-8000.hdf5	both	none
820.4512	1	Stimulus/S  1	1	8204512	8204520	5	0	20	pips_40_500-8000.hdf5	both	none
821.5178	1	Stimulus/S  1	1	8215178	8215186	5	1	40	pips_40_500-8000.hdf5	both	none
822.5845	1	Stimulus/S  1	1	8225845	8225853	5	2	60	pips_40_500-8000.hdf5	both	none
823.6512	1	Stimulus/S  1	1	8236512	8236520	5	3	70	pips_40_500-8000.hdf5	both	none
824.7179	1	Stimulus/S  1	1	8247179	8247187	5	4	50	pips_40_500-8000.hdf5	both	none
825.7845	1	Stimulus/S  1	1	8257845	8257853	5	5	30	pips_40_500-8000.hdf5	both	none
826.8512	1	Stimulus/S  1	1	8268512	8268520	6	0	20	pips_40_500-8000.hdf5	both	none
827.9179	1	Stimulus/S  1	1	8279179	8279187	6	1	40	pips_40_500-8000.hdf5	both	none
828.9846	1	Stimulus/S  1	1	8289846	8289854	6	2	60	pips_40_500-8000.hdf5	both	none
830.0512	1	Stimulus/S  1	1	8300512	8300520	6	3	70	pips_40_500-8000.hdf5	both	none
831.1179	1	Stimulus/S  1	1	8311179	8311187	6	4	50	pips_40_500-8000.hdf5	both	none
832.1846	1	Stimulus/S  1	1	8321846	8321854	6	5	30	pips_40_500-8000.hdf5	both	none
833.2299	1	Stimulus/S  1	1	8332299	8332307	7	0	20	pips_40_500-8000.hdf5	both	none
834.2966	1	Stimulus/S  1	1	8342966	8342974	7	1	40	pips_40_500-8000.hdf5	both	none
835.342	1	Stimulus/S  1	1	8353420	8353428	7	2	60	pips_40_500-8000.hdf5	both	none
836.4086	1	Stimulus/S  1	1	8364086	8364094	7	3	70	pips_40_500-8000.hdf5	both	none
837.4647	1	Stimulus/S  1	1	8374647	8374655	7	4	50	pips_40_500-8000.hdf5	both	none
838.51	1	Stimulus/S  1	1	8385100	8385108	7	5	30	pips_40_500-8000.hdf5	both	none
839.566	1	Stimulus/S  1	1	8395660	8395668	8	0	20	pips_40_500-8000.hdf5	both	none
840.6114	1	Stimulus/S  1	1	8406114	8406122	8	1	40	pips_40_500-8000.hdf5	both	none
841.6674	1	Stimulus/S  1	1	8416674	8416682	8	2	60	pips_40_500-8000.hdf5	both	none
842.7127	1	Stimulus/S  1	1	8427127	8427135	8	3	70	pips_40_500-8000.hdf5	both	none
843.7687	1	Stimulus/S  1	1	8437687	8437695	8	4	50	pips_40_500-8000.hdf5	both	none
844.8354	1	Stimulus/S  1	1	8448354	8448362	8	5	30	pips_40_500-8000.hdf5	both	none
845.8807	1	Stimulus/S  1	1	8458807	8458815	9	0	20	pips_40_500-8000.hdf5	both	none
846.9474	1	Stimulus/S  1	1	8469474	8469482	9	1	40	pips_40_500-8000.hdf5	both	none
847.9928	1	Stimulus/S  1	1	8479928	8479936	9	2	60	pips_40_500-8000.hdf5	both	none
849.0594	1	Stimulus/S  1	1	8490594	8490602	9	3	70	pips_40_500-8000.hdf5	both	none
850.1261	1	Stimulus/S  1	1	8501261	8501269	9	4	50	pips_40_500-8000.hdf5	both	none
851.1928	1	Stimulus/S  1	1	8511928	8511936	9	5	30	pips_40_500-8000.hdf5	both	none
852.2595	1	Stimulus/S  1	1	8522595	8522603	10	0	20	pips_40_500-8000.hdf5	both	none
853.3261	1	Stimulus/S  1	1	8533261	8533269	10	1	40	pips_40_500-8000.hdf5	both	none
854.3928	1	Stimulus/S  1	1	8543928	8543936	10	2	60	pips_40_500-8000.hdf5	both	none
855.4595	1	Stimulus/S  1	1	8554595	8554603	10	3	70	pips_40_500-8000.hdf5	both	none
856.5262	1	Stimulus/S  1	1	8565262	8565270	10	4	50	pips_40_500-8000.hdf5	both	none
857.5929	1	Stimulus/S  1	1	8575929	8575937	10	5	30	pips_40_500-8000.hdf5	both	none
858.6595	1	Stimulus/S  1	1	8586595	8586603	11	0	20	pips_40_500-8000.hdf5	both	none
859.7262	1	Stimulus/S  1	1	8597262	8597270	11	1	40	pips_40_500-8000.hdf5	both	none
860.7929	1	Stimulus/S  1	1	8607929	8607937	11	2	60	pips_40_500-8000.hdf5	both	none
861.8596	1	Stimulus/S  1	1	8618596	8618604	11	3	70	pips_40_500-8000.hdf5	both	none
862.9262	1	Stimulus/S  1	1	8629262	8629270	11	4	50	pips_40_500-8000.hdf5	both	none
863.9929	1	Stimulus/S  1	1	8639929	8639937	11	5	30	pips_40_500-8000.hdf5	both	none
865.0596	1	Stimulus/S  1	1	8650596	8650604	12	0	20	pips_40_500-8000.hdf5	both	none
866.1263	1	Stimulus/S  1	1	8661263	8661271	12	1	40	pips_40_500-8000.hdf5	both	none
867.1929	1	Stimulus/S  1	1	8671929	8671937	12	2	60	pips_40_500-8000.hdf5	both	none
868.2596	1	Stimulus/S  1	1	8682596	8682604	12	3	70	pips_40_500-8000.hdf5	both	none
869.3263	1	Stimulus/S  1	1	8693263	8693271	12	4	50	pips_40_500-8000.hdf5	both	none
870.393	1	Stimulus/S  1	1	8703930	8703938	12	5	30	pips_40_500-8000.hdf5	both	none
871.4597	1	Stimulus/S  1	1	8714597	8714605	13	0	20	pips_40_500-8000.hdf5	both	none
872.5263	1	Stimulus/S  1	1	8725263	8725271	13	1	40	pips_40_500-8000.hdf5	both	none
873.593	1	Stimulus/S  1	1	8735930	8735938	13	2	60	pips_40_500-8000.hdf5	both	none
874.649	1	Stimulus/S  1	1	8746490	8746498	13	3	70	pips_40_500-8000.hdf5	both	none
875.7157	1	Stimulus/S  1	1	8757157	8757165	13	4	50	pips_40_500-8000.hdf5	both	none
876.761	1	Stimulus/S  1	1	8767610	8767618	13	5	30	pips_40_500-8000.hdf5	both	none
877.8277	1	Stimulus/S  1	1	8778277	8778285	14	0	20	pips_40_500-8000.hdf5	both	none
878.8837	1	Stimulus/S  1	1	8788837	8788845	14	1	40	pips_40_500-8000.hdf5	both	none
879.9291	1	Stimulus/S  1	1	8799291	8799299	14	2	60	pips_40_500-8000.hdf5	both	none
880.9851	1	Stimulus/S  1	1	8809851	8809859	14	3	70	pips_40_500-8000.hdf5	both	none
882.0304	1	Stimulus/S  1	1	8820304	8820312	14	4	50	pips_40_500-8000.hdf5	both	none
883.0864	1	Stimulus/S  1	1	8830864	8830872	14	5	30	pips_40_500-8000.hdf5	both	none
884.1531	1	Stimulus/S  1	1	8841531	8841539	15	0	20	pips_40_500-8000.hdf5	both	none
885.1985	1	Stimulus/S  1	1	8851985	8851993	15	1	40	pips_40_500-8000.hdf5	both	none
886.2651	1	Stimulus/S  1	1	8862651	8862659	15	2	60	pips_40_500-8000.hdf5	both	none
887.3105	1	Stimulus/S  1	1	8873105	8873113	15	3	70	pips_40_500-8000.hdf5	both	none
888.3772	1	Stimulus/S  1	1	8883772	8883780	15	4	50	pips_40_500-8000.hdf5	both	none
889.4438	1	Stimulus/S  1	1	8894438	8894446	15	5	30	pips_40_500-8000.hdf5	both	none
890.5105	1	Stimulus/S  1	1	8905105	8905113	16	0	20	pips_40_500-8000.hdf5	both	none
891.5772	1	Stimulus/S  1	1	8915772	8915780	16	1	40	pips_40_500-8000.hdf5	both	none
892.6439	1	Stimulus/S  1	1	8926439	8926447	16	2	60	pips_40_500-8000.hdf5	both	none
893.7105	1	Stimulus/S  1	1	8937105	8937113	16	3	70	pips_40_500-8000.hdf5	both	none
894.7772	1	Stimulus/S  1	1	8947772	8947780	16	4	50	pips_40_500-8000.hdf5	both	none
895.8439	1	Stimulus/S  1	1	8958439	8958447	16	5	30	pips_40_500-8000.hdf5	both	none
896.9106	1	Stimulus/S  1	1	8969106	8969114	17	0	20	pips_40_500-8000.hdf5	both	none
897.9666	1	Stimulus/S  1	1	8979666	8979674	17	1	40	pips_40_500-8000.hdf5	both	none
899.0333	1	Stimulus/S  1	1	8990333	8990341	17	2	60	pips_40_500-8000.hdf5	both	none
900.0786	1	Stimulus/S  1	1	9000786	9000794	17	3	70	pips_40_500-8000.hdf5	both	none
901.1453	1	Stimulus/S  1	1	9011453	9011461	17	4	50	pips_40_500-8000.hdf5	both	none
902.2013	1	Stimulus/S  1	1	9022013	9022021	17	5	30	pips_40_500-8000.hdf5	both	none
903.2466	1	Stimulus/S  1	1	9032466	9032474	18	0	20	pips_40_500-8000.hdf5	both	none
904.3026	1	Stimulus/S  1	1	9043026	9043034	18	1	40	pips_40_500-8000.hdf5	both	none
905.348	1	Stimulus/S  1	1	9053480	9053488	18	2	60	pips_40_500-8000.hdf5	both	none
906.3933	1	Stimulus/S  1	1	9063933	9063941	18	3	70	pips_40_500-8000.hdf5	both	none
907.4493	1	Stimulus/S  1	1	9074493	9074501	18	4	50	pips_40_500-8000.hdf5	both	none
908.4947	1	Stimulus/S  1	1	9084947	9084955	18	5	30	pips_40_500-8000.hdf5	both	none
909.5614	1	Stimulus/S  1	1	9095614	9095622	19	0	20	pips_40_500-8000.hdf5	both	none
910.6174	1	Stimulus/S  1	1	9106174	9106182	19	1	40	pips_40_500-8000.hdf5	both	none
911.684	1	Stimulus/S  1	1	9116840	9116848	19	2	60	pips_40_500-8000.hdf5	both	none
912.7294	1	Stimulus/S  1	1	9127294	9127302	19	3	70	pips_40_500-8000.hdf5	both	none
913.7961	1	Stimulus/S  1	1	9137961	9137969	19	4	50	pips_40_500-8000.hdf5	both	none
914.8627	1	Stimulus/S  1	1	9148627	9148635	19	5	30	pips_40_500-8000.hdf5	both	none
915.9294	1	Stimulus/S  1	1	9159294	9159302	20	0	20	pips_40_500-8000.hdf5	both	none
916.9854	1	Stimulus/S  1	1	9169854	9169862	20	1	40	pips_40_500-8000.hdf5	both	none
918.0521	1	Stimulus/S  1	1	9180521	9180529	20	2	60	pips_40_500-8000.hdf5	both	none
919.0975	1	Stimulus/S  1	1	9190975	9190983	20	3	70	pips_40_500-8000.hdf5	both	none
920.1641	1	Stimulus/S  1	1	9201641	9201649	20	4	50	pips_40_500-8000.hdf5	both	none
921.2201	1	Stimulus/S  1	1	9212201	9212209	20	5	30	pips_40_500-8000.hdf5	both	none
922.2655	1	Stimulus/S  1	1	9222655	9222663	21	0	20	pips_40_500-8000.hdf5	both	none
923.3108	1	Stimulus/S  1	1	9233108	9233116	21	1	40	pips_40_500-8000.hdf5	both	none
924.3668	1	Stimulus/S  1	1	9243668	9243676	21	2	60	pips_40_500-8000.hdf5	both	none
925.4122	1	Stimulus/S  1	1	9254122	9254130	21	3	70	pips_40_500-8000.hdf5	both	none
926.4682	1	Stimulus/S  1	1	9264682	9264690	21	4	50	pips_40_500-8000.hdf5	both	none
927.5135	1	Stimulus/S  1	1	9275135	9275143	21	5	30	pips_40_500-8000.hdf5	both	none
928.5802	1	Stimulus/S  1	1	9285802	9285810	22	0	20	pips_40_500-8000.hdf5	both	none
929.6362	1	Stimulus/S  1	1	9296362	9296370	22	1	40	pips_40_500-8000.hdf5	both	none
930.7029	1	Stimulus/S  1	1	9307029	9307037	22	2	60	pips_40_500-8000.hdf5	both	none
931.7482	1	Stimulus/S  1	1	9317482	9317490	22	3	70	pips_40_500-8000.hdf5	both	none
932.8149	1	Stimulus/S  1	1	9328149	9328157	22	4	50	pips_40_500-8000.hdf5	both	none
933.8816	1	Stimulus/S  1	1	9338816	9338824	22	5	30	pips_40_500-8000.hdf5	both	none
934.9483	1	Stimulus/S  1	1	9349483	9349491	23	0	20	pips_40_500-8000.hdf5	both	none
936.0149	1	Stimulus/S  1	1	9360149	9360157	23	1	40	pips_40_500-8000.hdf5	both	none
937.0816	1	Stimulus/S  1	1	9370816	9370824	23	2	60	pips_40_500-8000.hdf5	both	none
938.1483	1	Stimulus/S  1	1	9381483	9381491	23	3	70	pips_40_500-8000.hdf5	both	none
939.215	1	Stimulus/S  1	1	9392150	9392158	23	4	50	pips_40_500-8000.hdf5	both	none
940.2817	1	Stimulus/S  1	1	9402817	9402825	23	5	30	pips_40_500-8000.hdf5	both	none
941.3483	1	Stimulus/S  1	1	9413483	9413491	24	0	20	pips_40_500-8000.hdf5	both	none
942.415	1	Stimulus/S  1	1	9424150	9424158	24	1	40	pips_40_500-8000.hdf5	both	none
943.4817	1	Stimulus/S  1	1	9434817	9434825	24	2	60	pips_40_500-8000.hdf5	both	none
944.5484	1	Stimulus/S  1	1	9445484	9445492	24	3	70	pips_40_500-8000.hdf5	both	none
945.5937	1	Stimulus/S  1	1	9455937	9455945	24	4	50	pips_40_500-8000.hdf5	both	none
946.6711	1	Stimulus/S  1	1	9466711	9466719	24	5	30	pips_40_500-8000.hdf5	both	none
947.7164	1	Stimulus/S  1	1	9477164	9477172	25	0	20	pips_40_500-8000.hdf5	both	none
948.7831	1	Stimulus/S  1	1	9487831	9487839	25	1	40	pips_40_500-8000.hdf5	both	none
949.8284	1	Stimulus/S  1	1	9498284	9498292	25	2	60	pips_40_500-8000.hdf5	both	none
950.8844	1	Stimulus/S  1	1	9508844	9508852	25	3	70	pips_40_500-8000.hdf5	both	none
951.9298	1	Stimulus/S  1	1	9519298	9519306	25	4	50	pips_40_500-8000.hdf5	both	none
952.9858	1	Stimulus/S  1	1	9529858	9529866	25	5	30	pips_40_500-8000.hdf5	both	none
954.0311	1	Stimulus/S  1	1	9540311	9540319	26	0	20	pips_40_500-8000.hdf5	both	none
955.0978	1	Stimulus/S  1	1	9550978	9550986	26	1	40	pips_40_500-8000.hdf5	both	none
956.1538	1	Stimulus/S  1	1	9561538	9561546	26	2	60	pips_40_500-8000.hdf5	both	none
957.2205	1	Stimulus/S  1	1	9572205	9572213	26	3	70	pips_40_500-8000.hdf5	both	none
958.2658	1	Stimulus/S  1	1	9582658	9582666	26	4	50	pips_40_500-8000.hdf5	both	none
959.3325	1	Stimulus/S  1	1	9593325	9593333	26	5	30	pips_40_500-8000.hdf5	both	none
960.3992	1	Stimulus/S  1	1	9603992	9604000	27	0	20	pips_40_500-8000.hdf5	both	none
961.4659	1	Stimulus/S  1	1	9614659	9614667	27	1	40	pips_40_500-8000.hdf5	both	none
962.5325	1	Stimulus/S  1	1	9625325	9625333	27	2	60	pips_40_500-8000.hdf5	both	none
963.5992	1	Stimulus/S  1	1	9635992	9636000	27	3	70	pips_40_500-8000.hdf5	both	none
964.6659	1	Stimulus/S  1	1	9646659	9646667	27	4	50	pips_40_500-8000.hdf5	both	none
965.7112	1	Stimulus/S  1	1	9657112	9657120	27	5	30	pips_40_500-8000.hdf5	both	none
966.7886	1	Stimulus/S  1	1	9667886	9667894	28	0	20	pips_40_500-8000.hdf5	both	none
967.8446	1	Stimulus/S  1	1	9678446	9678454	28	1	40	pips_40_500-8000.hdf5	both	none
968.9006	1	Stimulus/S  1	1	9689006	9689014	28	2	60	pips_40_500-8000.hdf5	both	none
969.9673	1	Stimulus/S  1	1	9699673	9699681	28	3	70	pips_40_500-8000.hdf5	both	none
971.0126	1	Stimulus/S  1	1	9710126	9710134	28	4	50	pips_40_500-8000.hdf5	both	none
972.0686	1	Stimulus/S  1	1	9720686	9720694	28	5	30	pips_40_500-8000.hdf5	both	none
973.114	1	Stimulus/S  1	1	9731140	9731148	29	0	20	pips_40_500-8000.hdf5	both	none
974.17	1	Stimulus/S  1	1	9741700	9741708	29	1	40	pips_40_500-8000.hdf5	both	none
975.2153	1	Stimulus/S  1	1	9752153	9752161	29	2	60	pips_40_500-8000.hdf5	both	none
976.2713	1	Stimulus/S  1	1	9762713	9762721	29	3	70	pips_40_500-8000.hdf5	both	none
977.3167	1	Stimulus/S  1	1	9773167	9773175	29	4	50	pips_40_500-8000.hdf5	both	none
978.362	1	Stimulus/S  1	1	9783620	9783628	29	5	30	pips_40_500-8000.hdf5	both	none
979.4287	1	Stimulus/S  1	1	9794287	9794295	30	0	20	pips_40_500-8000.hdf5	both	none
980.4847	1	Stimulus/S  1	1	9804847	9804855	30	1	40	pips_40_500-8000.hdf5	both	none
981.5514	1	Stimulus/S  1	1	9815514	9815522	30	2	60	pips_40_500-8000.hdf5	both	none
982.6181	1	Stimulus/S  1	1	9826181	9826189	30	3	70	pips_40_500-8000.hdf5	both	none
983.6847	1	Stimulus/S  1	1	9836847	9836855	30	4	50	pips_40_500-8000.hdf5	both	none
984.7514	1	Stimulus/S  1	1	9847514	9847522	30	5	30	pips_40_500-8000.hdf5	both	none
985.8181	1	Stimulus/S  1	1	9858181	9858189	31	0	20	pips_40_500-8000.hdf5	both	none
986.8848	1	Stimulus/S  1	1	9868848	9868856	31	1	40	pips_40_500-8000.hdf5	both	none
987.9515	1	Stimulus/S  1	1	9879515	9879523	31	2	60	pips_40_500-8000.hdf5	both	none
989.0181	1	Stimulus/S  1	1	9890181	9890189	31	3	70	pips_40_500-8000.hdf5	both	none
990.0848	1	Stimulus/S  1	1	9900848	9900856	31	4	50	pips_40_500-8000.hdf5	both	none
991.1515	1	Stimulus/S  1	1	9911515	9911523	31	5	30	pips_40_500-8000.hdf5	both	none
992.2182	1	Stimulus/S  1	1	9922182	9922190	32	0	20	pips_40_500-8000.hdf5	both	none
993.2848	1	Stimulus/S  1	1	9932848	9932856	32	1	40	pips_40_500-8000.hdf5	both	none
994.3515	1	Stimulus/S  1	1	9943515	9943523	32	2	60	pips_40_500-8000.hdf5	both	none
995.4182	1	Stimulus/S  1	1	9954182	9954190	32	3	70	pips_40_500-8000.hdf5	both	none
996.4849	1	Stimulus/S  1	1	9964849	9964857	32	4	50	pips_40_500-8000.hdf5	both	none
997.5302	1	Stimulus/S  1	1	9975302	9975310	32	5	30	pips_40_500-8000.hdf5	both	none
998.5969	1	Stimulus/S  1	1	9985969	9985977	33	0	20	pips_40_500-8000.hdf5	both	none
999.6636	1	Stimulus/S  1	1	9996636	9996644	33	1	40	pips_40_500-8000.hdf5	both	none
1000.7196	1	Stimulus/S  1	1	10007196	10007204	33	2	60	pips_40_500-8000.hdf5	both	none
1001.7863	1	Stimulus/S  1	1	10017863	10017871	33	3	70	pips_40_500-8000.hdf5	both	none
1002.8529	1	Stimulus/S  1	1	10028529	10028537	33	4	50	pips_40_500-8000.hdf5	both	none
1003.9196	1	Stimulus/S  1	1	10039196	10039204	33	5	30	pips_40_500-8000.hdf5	both	none
1004.9863	1	Stimulus/S  1	1	10049863	10049871	34	0	20	pips_40_500-8000.hdf5	both	none
1006.0316	1	Stimulus/S  1	1	10060316	10060324	34	1	40	pips_40_500-8000.hdf5	both	none
1007.0983	1	Stimulus/S  1	1	10070983	10070991	34	2	60	pips_40_500-8000.hdf5	both	none
1008.165	1	Stimulus/S  1	1	10081650	10081658	34	3	70	pips_40_500-8000.hdf5	both	none
1009.221	1	Stimulus/S  1	1	10092210	10092218	34	4	50	pips_40_500-8000.hdf5	both	none
1010.2877	1	Stimulus/S  1	1	10102877	10102885	34	5	30	pips_40_500-8000.hdf5	both	none
1011.3544	1	Stimulus/S  1	1	10113544	10113552	35	0	20	pips_40_500-8000.hdf5	both	none
1012.421	1	Stimulus/S  1	1	10124210	10124218	35	1	40	pips_40_500-8000.hdf5	both	none
1013.4877	1	Stimulus/S  1	1	10134877	10134885	35	2	60	pips_40_500-8000.hdf5	both	none
1014.533	1	Stimulus/S  1	1	10145330	10145338	35	3	70	pips_40_500-8000.hdf5	both	none
1015.5997	1	Stimulus/S  1	1	10155997	10156005	35	4	50	pips_40_500-8000.hdf5	both	none
1016.6557	1	Stimulus/S  1	1	10166557	10166565	35	5	30	pips_40_500-8000.hdf5	both	none
1017.7011	1	Stimulus/S  1	1	10177011	10177019	36	0	20	pips_40_500-8000.hdf5	both	none
1018.7464	1	Stimulus/S  1	1	10187464	10187472	36	1	40	pips_40_500-8000.hdf5	both	none
1019.8024	1	Stimulus/S  1	1	10198024	10198032	36	2	60	pips_40_500-8000.hdf5	both	none
1020.8478	1	Stimulus/S  1	1	10208478	10208486	36	3	70	pips_40_500-8000.hdf5	both	none
1021.9038	1	Stimulus/S  1	1	10219038	10219046	36	4	50	pips_40_500-8000.hdf5	both	none
1022.9491	1	Stimulus/S  1	1	10229491	10229499	36	5	30	pips_40_500-8000.hdf5	both	none
1024.0051	1	Stimulus/S  1	1	10240051	10240059	37	0	20	pips_40_500-8000.hdf5	both	none
1025.0505	1	Stimulus/S  1	1	10250505	10250513	37	1	40	pips_40_500-8000.hdf5	both	none
1026.0958	1	Stimulus/S  1	1	10260958	10260966	37	2	60	pips_40_500-8000.hdf5	both	none
1027.1625	1	Stimulus/S  1	1	10271625	10271633	37	3	70	pips_40_500-8000.hdf5	both	none
1028.2292	1	Stimulus/S  1	1	10282292	10282300	37	4	50	pips_40_500-8000.hdf5	both	none
1029.2852	1	Stimulus/S  1	1	10292852	10292860	37	5	30	pips_40_500-8000.hdf5	both	none
1030.3519	1	Stimulus/S  1	1	10303519	10303527	38	0	20	pips_40_500-8000.hdf5	both	none
1031.4185	1	Stimulus/S  1	1	10314185	10314193	38	1	40	pips_40_500-8000.hdf5	both	none
1032.4852	1	Stimulus/S  1	1	10324852	10324860	38	2	60	pips_40_500-8000.hdf5	both	none
1033.5519	1	Stimulus/S  1	1	10335519	10335527	38	3	70	pips_40_500-8000.hdf5	both	none
1034.6186	1	Stimulus/S  1	1	10346186	10346194	38	4	50	pips_40_500-8000.hdf5	both	none
1035.6853	1	Stimulus/S  1	1	10356853	10356861	38	5	30	pips_40_500-8000.hdf5	both	none
1036.7306	1	Stimulus/S  1	1	10367306	10367314	39	0	20	pips_40_500-8000.hdf5	both	none
1037.7973	1	Stimulus/S  1	1	10377973	10377981	39	1	40	pips_40_500-8000.hdf5	both	none
1038.864	1	Stimulus/S  1	1	10388640	10388648	39	2	60	pips_40_500-8000.hdf5	both	none
1039.9306	1	Stimulus/S  1	1	10399306	10399314	39	3	70	pips_40_500-8000.hdf5	both	none
1040.9973	1	Stimulus/S  1	1	10409973	10409981	39	4	50	pips_40_500-8000.hdf5	both	none
1042.064	1	Stimulus/S  1	1	10420640	10420648	39	5	30	pips_40_500-8000.hdf5	both	none
1043.1307	1	Stimulus/S  1	1	10431307	10431315	40	0	20	pips_40_500-8000.hdf5	both	none
1044.1973	1	Stimulus/S  1	1	10441973	10441981	40	1	40	pips_40_500-8000.hdf5	both	none
1045.264	1	Stimulus/S  1	1	10452640	10452648	40	2	60	pips_40_500-8000.hdf5	both	none
1046.3307	1	Stimulus/S  1	1	10463307	10463315	40	3	70	pips_40_500-8000.hdf5	both	none
1047.3974	1	Stimulus/S  1	1	10473974	10473982	40	4	50	pips_40_500-8000.hdf5	both	none
1048.464	1	Stimulus/S  1	1	10484640	10484648	40	5	30	pips_40_500-8000.hdf5	both	none
1049.5307	1	Stimulus/S  1	1	10495307	10495315	41	0	20	pips_40_500-8000.hdf5	both	none
1050.5974	1	Stimulus/S  1	1	10505974	10505982	41	1	40	pips_40_500-8000.hdf5	both	none
1051.6641	1	Stimulus/S  1	1	10516641	10516649	41	2	60	pips_40_500-8000.hdf5	both	none
1052.7308	1	Stimulus/S  1	1	10527308	10527316	41	3	70	pips_40_500-8000.hdf5	both	none
1053.7974	1	Stimulus/S  1	1	10537974	10537982	41	4	50	pips_40_500-8000.hdf5	both	none
1054.8641	1	Stimulus/S  1	1	10548641	10548649	41	5	30	pips_40_500-8000.hdf5	both	none
1055.9308	1	Stimulus/S  1	1	10559308	10559316	42	0	20	pips_40_500-8000.hdf5	both	none
1056.9975	1	Stimulus/S  1	1	10569975	10569983	42	1	40	pips_40_500-8000.hdf5	both	none
1058.0641	1	Stimulus/S  1	1	10580641	10580649	42	2	60	pips_40_500-8000.hdf5	both	none
1059.1308	1	Stimulus/S  1	1	10591308	10591316	42	3	70	pips_40_500-8000.hdf5	both	none
1060.1975	1	Stimulus/S  1	1	10601975	10601983	42	4	50	pips_40_500-8000.hdf5	both	none
1061.2642	1	Stimulus/S  1	1	10612642	10612650	42	5	30	pips_40_500-8000.hdf5	both	none
1062.3308	1	Stimulus/S  1	1	10623308	10623316	43	0	20	pips_40_500-8000.hdf5	both	none
1063.3975	1	Stimulus/S  1	1	10633975	10633983	43	1	40	pips_40_500-8000.hdf5	both	none
1064.4642	1	Stimulus/S  1	1	10644642	10644650	43	2	60	pips_40_500-8000.hdf5	both	none
1065.5309	1	Stimulus/S  1	1	10655309	10655317	43	3	70	pips_40_500-8000.hdf5	both	none
1066.5976	1	Stimulus/S  1	1	10665976	10665984	43	4	50	pips_40_500-8000.hdf5	both	none
1067.6642	1	Stimulus/S  1	1	10676642	10676650	43	5	30	pips_40_500-8000.hdf5	both	none
1068.7309	1	Stimulus/S  1	1	10687309	10687317	44	0	20	pips_40_500-8000.hdf5	both	none
1069.7976	1	Stimulus/S  1	1	10697976	10697984	44	1	40	pips_40_500-8000.hdf5	both	none
1070.8536	1	Stimulus/S  1	1	10708536	10708544	44	2	60	pips_40_500-8000.hdf5	both	none
1071.8989	1	Stimulus/S  1	1	10718989	10718997	44	3	70	pips_40_500-8000.hdf5	both	none
1072.955	1	Stimulus/S  1	1	10729550	10729558	44	4	50	pips_40_500-8000.hdf5	both	none
1074.0003	1	Stimulus/S  1	1	10740003	10740011	44	5	30	pips_40_500-8000.hdf5	both	none
1075.0563	1	Stimulus/S  1	1	10750563	10750571	45	0	20	pips_40_500-8000.hdf5	both	none
1076.1017	1	Stimulus/S  1	1	10761017	10761025	45	1	40	pips_40_500-8000.hdf5	both	none
1077.1683	1	Stimulus/S  1	1	10771683	10771691	45	2	60	pips_40_500-8000.hdf5	both	none
1078.2137	1	Stimulus/S  1	1	10782137	10782145	45	3	70	pips_40_500-8000.hdf5	both	none
1079.2697	1	Stimulus/S  1	1	10792697	10792705	45	4	50	pips_40_500-8000.hdf5	both	none
1080.3364	1	Stimulus/S  1	1	10803364	10803372	45	5	30	pips_40_500-8000.hdf5	both	none
1081.403	1	Stimulus/S  1	1	10814030	10814038	46	0	20	pips_40_500-8000.hdf5	both	none
1082.4697	1	Stimulus/S  1	1	10824697	10824705	46	1	40	pips_40_500-8000.hdf5	both	none
1083.5364	1	Stimulus/S  1	1	10835364	10835372	46	2	60	pips_40_500-8000.hdf5	both	none
1084.6031	1	Stimulus/S  1	1	10846031	10846039	46	3	70	pips_40_500-8000.hdf5	both	none
1085.6697	1	Stimulus/S  1	1	10856697	10856705	46	4	50	pips_40_500-8000.hdf5	both	none
1086.7364	1	Stimulus/S  1	1	10867364	10867372	46	5	30	pips_40_500-8000.hdf5	both	none
1087.8031	1	Stimulus/S  1	1	10878031	10878039	47	0	20	pips_40_500-8000.hdf5	both	none
1088.8698	1	Stimulus/S  1	1	10888698	10888706	47	1	40	pips_40_500-8000.hdf5	both	none
1089.9365	1	Stimulus/S  1	1	10899365	10899373	47	2	60	pips_40_500-8000.hdf5	both	none
1091.0031	1	Stimulus/S  1	1	10910031	10910039	47	3	70	pips_40_500-8000.hdf5	both	none
1092.0485	1	Stimulus/S  1	1	10920485	10920493	47	4	50	pips_40_500-8000.hdf5	both	none
1093.1151	1	Stimulus/S  1	1	10931151	10931159	47	5	30	pips_40_500-8000.hdf5	both	none
1094.1712	1	Stimulus/S  1	1	10941712	10941720	48	0	20	pips_40_500-8000.hdf5	both	none
1095.2378	1	Stimulus/S  1	1	10952378	10952386	48	1	40	pips_40_500-8000.hdf5	both	none
1096.2832	1	Stimulus/S  1	1	10962832	10962840	48	2	60	pips_40_500-8000.hdf5	both	none
1097.3392	1	Stimulus/S  1	1	10973392	10973400	48	3	70	pips_40_500-8000.hdf5	both	none
1098.3845	1	Stimulus/S  1	1	10983845	10983853	48	4	50	pips_40_500-8000.hdf5	both	none
1099.4299	1	Stimulus/S  1	1	10994299	10994307	48	5	30	pips_40_500-8000.hdf5	both	none
1100.4859	1	Stimulus/S  1	1	11004859	11004867	49	0	20	pips_40_500-8000.hdf5	both	none
1101.5526	1	Stimulus/S  1	1	11015526	11015534	49	1	40	pips_40_500-8000.hdf5	both	none
1102.5979	1	Stimulus/S  1	1	11025979	11025987	49	2	60	pips_40_500-8000.hdf5	both	none
1103.6646	1	Stimulus/S  1	1	11036646	11036654	49	3	70	pips_40_500-8000.hdf5	both	none
1104.7206	1	Stimulus/S  1	1	11047206	11047214	49	4	50	pips_40_500-8000.hdf5	both	none
1105.7873	1	Stimulus/S  1	1	11057873	11057881	49	5	30	pips_40_500-8000.hdf5	both	none
1106.854	1	Stimulus/S  1	1	11068540	11068548	50	0	20	pips_40_500-8000.hdf5	both	none
1107.9206	1	Stimulus/S  1	1	11079206	11079214	50	1	40	pips_40_500-8000.hdf5	both	none
1108.9873	1	Stimulus/S  1	1	11089873	11089881	50	2	60	pips_40_500-8000.hdf5	both	none
1110.054	1	Stimulus/S  1	1	11100540	11100548	50	3	70	pips_40_500-8000.hdf5	both	none
1111.1207	1	Stimulus/S  1	1	11111207	11111215	50	4	50	pips_40_500-8000.hdf5	both	none
1112.1873	1	Stimulus/S  1	1	11121873	11121881	50	5	30	pips_40_500-8000.hdf5	both	none
1113.254	1	Stimulus/S  1	1	11132540	11132548	51	0	20	pips_40_500-8000.hdf5	both	none
1114.3207	1	Stimulus/S  1	1	11143207	11143215	51	1	40	pips_40_500-8000.hdf5	both	none
1115.366	1	Stimulus/S  1	1	11153660	11153668	51	2	60	pips_40_500-8000.hdf5	both	none
1116.4327	1	Stimulus/S  1	1	11164327	11164335	51	3	70	pips_40_500-8000.hdf5	both	none
1117.4887	1	Stimulus/S  1	1	11174887	11174895	51	4	50	pips_40_500-8000.hdf5	both	none
1118.5554	1	Stimulus/S  1	1	11185554	11185562	51	5	30	pips_40_500-8000.hdf5	both	none
1119.6007	1	Stimulus/S  1	1	11196007	11196015	52	0	20	pips_40_500-8000.hdf5	both	none
1120.6568	1	Stimulus/S  1	1	11206568	11206576	52	1	40	pips_40_500-8000.hdf5	both	none
1121.7021	1	Stimulus/S  1	1	11217021	11217029	52	2	60	pips_40_500-8000.hdf5	both	none
1122.7474	1	Stimulus/S  1	1	11227474	11227482	52	3	70	pips_40_500-8000.hdf5	both	none
1123.8034	1	Stimulus/S  1	1	11238034	11238042	52	4	50	pips_40_500-8000.hdf5	both	none
1124.8701	1	Stimulus/S  1	1	11248701	11248709	52	5	30	pips_40_500-8000.hdf5	both	none
1125.9155	1	Stimulus/S  1	1	11259155	11259163	53	0	20	pips_40_500-8000.hdf5	both	none
1126.9821	1	Stimulus/S  1	1	11269821	11269829	53	1	40	pips_40_500-8000.hdf5	both	none
1128.0382	1	Stimulus/S  1	1	11280382	11280390	53	2	60	pips_40_500-8000.hdf5	both	none
1129.0835	1	Stimulus/S  1	1	11290835	11290843	53	3	70	pips_40_500-8000.hdf5	both	none
1130.1395	1	Stimulus/S  1	1	11301395	11301403	53	4	50	pips_40_500-8000.hdf5	both	none
1131.2062	1	Stimulus/S  1	1	11312062	11312070	53	5	30	pips_40_500-8000.hdf5	both	none
1132.2729	1	Stimulus/S  1	1	11322729	11322737	54	0	20	pips_40_500-8000.hdf5	both	none
1133.3395	1	Stimulus/S  1	1	11333395	11333403	54	1	40	pips_40_500-8000.hdf5	both	none
1134.4062	1	Stimulus/S  1	1	11344062	11344070	54	2	60	pips_40_500-8000.hdf5	both	none
1135.4729	1	Stimulus/S  1	1	11354729	11354737	54	3	70	pips_40_500-8000.hdf5	both	none
1136.5396	1	Stimulus/S  1	1	11365396	11365404	54	4	50	pips_40_500-8000.hdf5	both	none
1137.6063	1	Stimulus/S  1	1	11376063	11376071	54	5	30	pips_40_500-8000.hdf5	both	none
1138.6729	1	Stimulus/S  1	1	11386729	11386737	55	0	20	pips_40_500-8000.hdf5	both	none
1139.7396	1	Stimulus/S  1	1	11397396	11397404	55	1	40	pips_40_500-8000.hdf5	both	none
1140.7849	1	Stimulus/S  1	1	11407849	11407857	55	2	60	pips_40_500-8000.hdf5	both	none
1141.8516	1	Stimulus/S  1	1	11418516	11418524	55	3	70	pips_40_500-8000.hdf5	both	none
1142.9183	1	Stimulus/S  1	1	11429183	11429191	55	4	50	pips_40_500-8000.hdf5	both	none
1143.9636	1	Stimulus/S  1	1	11439636	11439644	55	5	30	pips_40_500-8000.hdf5	both	none
1145.0197	1	Stimulus/S  1	1	11450197	11450205	56	0	20	pips_40_500-8000.hdf5	both	none
1146.065	1	Stimulus/S  1	1	11460650	11460658	56	1	40	pips_40_500-8000.hdf5	both	none
1147.121	1	Stimulus/S  1	1	11471210	11471218	56	2	60	pips_40_500-8000.hdf5	both	none
1148.1664	1	Stimulus/S  1	1	11481664	11481672	56	3	70	pips_40_500-8000.hdf5	both	none
1149.2224	1	Stimulus/S  1	1	11492224	11492232	56	4	50	pips_40_500-8000.hdf5	both	none
1150.2677	1	Stimulus/S  1	1	11502677	11502685	56	5	30	pips_40_500-8000.hdf5	both	none
1151.3237	1	Stimulus/S  1	1	11513237	11513245	57	0	20	pips_40_500-8000.hdf5	both	none
1152.3904	1	Stimulus/S  1	1	11523904	11523912	57	1	40	pips_40_500-8000.hdf5	both	none
1153.4357	1	Stimulus/S  1	1	11534357	11534365	57	2	60	pips_40_500-8000.hdf5	both	none
1154.5024	1	Stimulus/S  1	1	11545024	11545032	57	3	70	pips_40_500-8000.hdf5	both	none
1155.5478	1	Stimulus/S  1	1	11555478	11555486	57	4	50	pips_40_500-8000.hdf5	both	none
1156.6144	1	Stimulus/S  1	1	11566144	11566152	57	5	30	pips_40_500-8000.hdf5	both	none
1157.6811	1	Stimulus/S  1	1	11576811	11576819	58	0	20	pips_40_500-8000.hdf5	both	none
1158.7478	1	Stimulus/S  1	1	11587478	11587486	58	1	40	pips_40_500-8000.hdf5	both	none
1159.8145	1	Stimulus/S  1	1	11598145	11598153	58	2	60	pips_40_500-8000.hdf5	both	none
1160.8811	1	Stimulus/S  1	1	11608811	11608819	58	3	70	pips_40_500-8000.hdf5	both	none
1161.9478	1	Stimulus/S  1	1	11619478	11619486	58	4	50	pips_40_500-8000.hdf5	both	none
1163.0038	1	Stimulus/S  1	1	11630038	11630046	58	5	30	pips_40_500-8000.hdf5	both	none
1164.0705	1	Stimulus/S  1	1	11640705	11640713	59	0	20	pips_40_500-8000.hdf5	both	none
1165.1372	1	Stimulus/S  1	1	11651372	11651380	59	1	40	pips_40_500-8000.hdf5	both	none
1166.1825	1	Stimulus/S  1	1	11661825	11661833	59	2	60	pips_40_500-8000.hdf5	both	none
1167.2492	1	Stimulus/S  1	1	11672492	11672500	59	3	70	pips_40_500-8000.hdf5	both	none
1168.3159	1	Stimulus/S  1	1	11683159	11683167	59	4	50	pips_40_500-8000.hdf5	both	none
1169.3826	1	Stimulus/S  1	1	11693826	11693834	59	5	30	pips_40_500-8000.hdf5	both	none
1170.4492	1	Stimulus/S  1	1	11704492	11704500	60	0	20	pips_40_500-8000.hdf5	both	none
1171.5052	1	Stimulus/S  1	1	11715052	11715060	60	1	40	pips_40_500-8000.hdf5	both	none
1172.5506	1	Stimulus/S  1	1	11725506	11725514	60	2	60	pips_40_500-8000.hdf5	both	none
1173.6173	1	Stimulus/S  1	1	11736173	11736181	60	3	70	pips_40_500-8000.hdf5	both	none
1174.6733	1	Stimulus/S  1	1	11746733	11746741	60	4	50	pips_40_500-8000.hdf5	both	none
1175.74	1	Stimulus/S  1	1	11757400	11757408	60	5	30	pips_40_500-8000.hdf5	both	none
1176.7853	1	Stimulus/S  1	1	11767853	11767861	61	0	20	pips_40_500-8000.hdf5	both	none
1177.852	1	Stimulus/S  1	1	11778520	11778528	61	1	40	pips_40_500-8000.hdf5	both	none
1178.9187	1	Stimulus/S  1	1	11789187	11789195	61	2	60	pips_40_500-8000.hdf5	both	none
1179.9853	1	Stimulus/S  1	1	11799853	11799861	61	3	70	pips_40_500-8000.hdf5	both	none
1181.052	1	Stimulus/S  1	1	11810520	11810528	61	4	50	pips_40_500-8000.hdf5	both	none
1182.1187	1	Stimulus/S  1	1	11821187	11821195	61	5	30	pips_40_500-8000.hdf5	both	none
1183.1854	1	Stimulus/S  1	1	11831854	11831862	62	0	20	pips_40_500-8000.hdf5	both	none
1184.252	1	Stimulus/S  1	1	11842520	11842528	62	1	40	pips_40_500-8000.hdf5	both	none
1185.3187	1	Stimulus/S  1	1	11853187	11853195	62	2	60	pips_40_500-8000.hdf5	both	none
1186.3854	1	Stimulus/S  1	1	11863854	11863862	62	3	70	pips_40_500-8000.hdf5	both	none
1187.4521	1	Stimulus/S  1	1	11874521	11874529	62	4	50	pips_40_500-8000.hdf5	both	none
1188.5187	1	Stimulus/S  1	1	11885187	11885195	62	5	30	pips_40_500-8000.hdf5	both	none
1189.5854	1	Stimulus/S  1	1	11895854	11895862	63	0	20	pips_40_500-8000.hdf5	both	none
1190.6521	1	Stimulus/S  1	1	11906521	11906529	63	1	40	pips_40_500-8000.hdf5	both	none
1191.7188	1	Stimulus/S  1	1	11917188	11917196	63	2	60	pips_40_500-8000.hdf5	both	none
1192.7855	1	Stimulus/S  1	1	11927855	11927863	63	3	70	pips_40_500-8000.hdf5	both	none
1193.8415	1	Stimulus/S  1	1	11938415	11938423	63	4	50	pips_40_500-8000.hdf5	both	none
1194.9081	1	Stimulus/S  1	1	11949081	11949089	63	5	30	pips_40_500-8000.hdf5	both	none
1195.9535	1	Stimulus/S  1	1	11959535	11959543	64	0	20	pips_40_500-8000.hdf5	both	none
1197.0202	1	Stimulus/S  1	1	11970202	11970210	64	1	40	pips_40_500-8000.hdf5	both	none
1198.0655	1	Stimulus/S  1	1	11980655	11980663	64	2	60	pips_40_500-8000.hdf5	both	none
1199.1215	1	Stimulus/S  1	1	11991215	11991223	64	3	70	pips_40_500-8000.hdf5	both	none
1200.1669	1	Stimulus/S  1	1	12001669	12001677	64	4	50	pips_40_500-8000.hdf5	both	none
1201.2229	1	Stimulus/S  1	1	12012229	12012237	64	5	30	pips_40_500-8000.hdf5	both	none
1202.2682	1	Stimulus/S  1	1	12022682	12022690	65	0	20	pips_40_500-8000.hdf5	both	none
1203.3349	1	Stimulus/S  1	1	12033349	12033357	65	1	40	pips_40_500-8000.hdf5	both	none
1204.3909	1	Stimulus/S  1	1	12043909	12043917	65	2	60	pips_40_500-8000.hdf5	both	none
1205.4576	1	Stimulus/S  1	1	12054576	12054584	65	3	70	pips_40_500-8000.hdf5	both	none
1206.5029	1	Stimulus/S  1	1	12065029	12065037	65	4	50	pips_40_500-8000.hdf5	both	none
1207.5696	1	Stimulus/S  1	1	12075696	12075704	65	5	30	pips_40_500-8000.hdf5	both	none
1208.6363	1	Stimulus/S  1	1	12086363	12086371	66	0	20	pips_40_500-8000.hdf5	both	none
1209.703	1	Stimulus/S  1	1	12097030	12097038	66	1	40	pips_40_500-8000.hdf5	both	none
1210.7696	1	Stimulus/S  1	1	12107696	12107704	66	2	60	pips_40_500-8000.hdf5	both	none
1211.8363	1	Stimulus/S  1	1	12118363	12118371	66	3	70	pips_40_500-8000.hdf5	both	none
1212.903	1	Stimulus/S  1	1	12129030	12129038	66	4	50	pips_40_500-8000.hdf5	both	none
1213.9697	1	Stimulus/S  1	1	12139697	12139705	66	5	30	pips_40_500-8000.hdf5	both	none
1215.0363	1	Stimulus/S  1	1	12150363	12150371	67	0	20	pips_40_500-8000.hdf5	both	none
1216.103	1	Stimulus/S  1	1	12161030	12161038	67	1	40	pips_40_500-8000.hdf5	both	none
1217.1484	1	Stimulus/S  1	1	12171484	12171492	67	2	60	pips_40_500-8000.hdf5	both	none
1218.2257	1	Stimulus/S  1	1	12182257	12182265	67	3	70	pips_40_500-8000.hdf5	both	none
1219.271	1	Stimulus/S  1	1	12192710	12192718	67	4	50	pips_40_500-8000.hdf5	both	none
1220.3377	1	Stimulus/S  1	1	12203377	12203385	67	5	30	pips_40_500-8000.hdf5	both	none
1221.3831	1	Stimulus/S  1	1	12213831	12213839	68	0	20	pips_40_500-8000.hdf5	both	none
1222.4391	1	Stimulus/S  1	1	12224391	12224399	68	1	40	pips_40_500-8000.hdf5	both	none
1223.4844	1	Stimulus/S  1	1	12234844	12234852	68	2	60	pips_40_500-8000.hdf5	both	none
1224.5404	1	Stimulus/S  1	1	12245404	12245412	68	3	70	pips_40_500-8000.hdf5	both	none
1225.5858	1	Stimulus/S  1	1	12255858	12255866	68	4	50	pips_40_500-8000.hdf5	both	none
1226.6418	1	Stimulus/S  1	1	12266418	12266426	68	5	30	pips_40_500-8000.hdf5	both	none
1227.6871	1	Stimulus/S  1	1	12276871	12276879	69	0	20	pips_40_500-8000.hdf5	both	none
1228.7538	1	Stimulus/S  1	1	12287538	12287546	69	1	40	pips_40_500-8000.hdf5	both	none
1229.7991	1	Stimulus/S  1	1	12297991	12297999	69	2	60	pips_40_500-8000.hdf5	both	none
1230.8658	1	Stimulus/S  1	1	12308658	12308666	69	3	70	pips_40_500-8000.hdf5	both	none
1231.9218	1	Stimulus/S  1	1	12319218	12319226	69	4	50	pips_40_500-8000.hdf5	both	none
1232.9885	1	Stimulus/S  1	1	12329885	12329893	69	5	30	pips_40_500-8000.hdf5	both	none
1234.0552	1	Stimulus/S  1	1	12340552	12340560	70	0	20	pips_40_500-8000.hdf5	both	none
1235.1219	1	Stimulus/S  1	1	12351219	12351227	70	1	40	pips_40_500-8000.hdf5	both	none
1236.1885	1	Stimulus/S  1	1	12361885	12361893	70	2	60	pips_40_500-8000.hdf5	both	none
1237.2552	1	Stimulus/S  1	1	12372552	12372560	70	3	70	pips_40_500-8000.hdf5	both	none
1238.3219	1	Stimulus/S  1	1	12383219	12383227	70	4	50	pips_40_500-8000.hdf5	both	none
1239.3672	1	Stimulus/S  1	1	12393672	12393680	70	5	30	pips_40_500-8000.hdf5	both	none
1240.4339	1	Stimulus/S  1	1	12404339	12404347	71	0	20	pips_40_500-8000.hdf5	both	none
1241.5006	1	Stimulus/S  1	1	12415006	12415014	71	1	40	pips_40_500-8000.hdf5	both	none
1242.5566	1	Stimulus/S  1	1	12425566	12425574	71	2	60	pips_40_500-8000.hdf5	both	none
1243.6233	1	Stimulus/S  1	1	12436233	12436241	71	3	70	pips_40_500-8000.hdf5	both	none
1244.6686	1	Stimulus/S  1	1	12446686	12446694	71	4	50	pips_40_500-8000.hdf5	both	none
1245.7246	1	Stimulus/S  1	1	12457246	12457254	71	5	30	pips_40_500-8000.hdf5	both	none
1246.77	1	Stimulus/S  1	1	12467700	12467708	72	0	20	pips_40_500-8000.hdf5	both	none
1247.826	1	Stimulus/S  1	1	12478260	12478268	72	1	40	pips_40_500-8000.hdf5	both	none
1248.8713	1	Stimulus/S  1	1	12488713	12488721	72	2	60	pips_40_500-8000.hdf5	both	none
1249.9167	1	Stimulus/S  1	1	12499167	12499175	72	3	70	pips_40_500-8000.hdf5	both	none
1250.9727	1	Stimulus/S  1	1	12509727	12509735	72	4	50	pips_40_500-8000.hdf5	both	none
1252.018	1	Stimulus/S  1	1	12520180	12520188	72	5	30	pips_40_500-8000.hdf5	both	none
1253.074	1	Stimulus/S  1	1	12530740	12530748	73	0	20	pips_40_500-8000.hdf5	both	none
1254.1194	1	Stimulus/S  1	1	12541194	12541202	73	1	40	pips_40_500-8000.hdf5	both	none
1255.1861	1	Stimulus/S  1	1	12551861	12551869	73	2	60	pips_40_500-8000.hdf5	both	none
1256.2421	1	Stimulus/S  1	1	12562421	12562429	73	3	70	pips_40_500-8000.hdf5	both	none
1257.3088	1	Stimulus/S  1	1	12573088	12573096	73	4	50	pips_40_500-8000.hdf5	both	none
1258.3754	1	Stimulus/S  1	1	12583754	12583762	73	5	30	pips_40_500-8000.hdf5	both	none
1259.4421	1	Stimulus/S  1	1	12594421	12594429	74	0	20	pips_40_500-8000.hdf5	both	none
1260.5088	1	Stimulus/S  1	1	12605088	12605096	74	1	40	pips_40_500-8000.hdf5	both	none
1261.5755	1	Stimulus/S  1	1	12615755	12615763	74	2	60	pips_40_500-8000.hdf5	both	none
1262.6421	1	Stimulus/S  1	1	12626421	12626429	74	3	70	pips_40_500-8000.hdf5	both	none
1263.7088	1	Stimulus/S  1	1	12637088	12637096	74	4	50	pips_40_500-8000.hdf5	both	none
1264.7755	1	Stimulus/S  1	1	12647755	12647763	74	5	30	pips_40_500-8000.hdf5	both	none
1265.8208	1	Stimulus/S  1	1	12658208	12658216	75	0	20	pips_40_500-8000.hdf5	both	none
1266.8662	1	Stimulus/S  1	1	12668662	12668670	75	1	40	pips_40_500-8000.hdf5	both	none
1267.9329	1	Stimulus/S  1	1	12679329	12679337	75	2	60	pips_40_500-8000.hdf5	both	none
1268.9995	1	Stimulus/S  1	1	12689995	12690003	75	3	70	pips_40_500-8000.hdf5	both	none
1270.0555	1	Stimulus/S  1	1	12700555	12700563	75	4	50	pips_40_500-8000.hdf5	both	none
1271.1222	1	Stimulus/S  1	1	12711222	12711230	75	5	30	pips_40_500-8000.hdf5	both	none
1272.1676	1	Stimulus/S  1	1	12721676	12721684	76	0	20	pips_40_500-8000.hdf5	both	none
1273.2342	1	Stimulus/S  1	1	12732342	12732350	76	1	40	pips_40_500-8000.hdf5	both	none
1274.2903	1	Stimulus/S  1	1	12742903	12742911	76	2	60	pips_40_500-8000.hdf5	both	none
1275.3356	1	Stimulus/S  1	1	12753356	12753364	76	3	70	pips_40_500-8000.hdf5	both	none
1276.3916	1	Stimulus/S  1	1	12763916	12763924	76	4	50	pips_40_500-8000.hdf5	both	none
1277.4369	1	Stimulus/S  1	1	12774369	12774377	76	5	30	pips_40_500-8000.hdf5	both	none
1278.493	1	Stimulus/S  1	1	12784930	12784938	77	0	20	pips_40_500-8000.hdf5	both	none
1279.5596	1	Stimulus/S  1	1	12795596	12795604	77	1	40	pips_40_500-8000.hdf5	both	none
1280.605	1	Stimulus/S  1	1	12806050	12806058	77	2	60	pips_40_500-8000.hdf5	both	none
1281.6503	1	Stimulus/S  1	1	12816503	12816511	77	3	70	pips_40_500-8000.hdf5	both	none
1282.7063	1	Stimulus/S  1	1	12827063	12827071	77	4	50	pips_40_500-8000.hdf5	both	none
1283.773	1	Stimulus/S  1	1	12837730	12837738	77	5	30	pips_40_500-8000.hdf5	both	none
1284.8184	1	Stimulus/S  1	1	12848184	12848192	78	0	20	pips_40_500-8000.hdf5	both	none
1285.8744	1	Stimulus/S  1	1	12858744	12858752	78	1	40	pips_40_500-8000.hdf5	both	none
1286.9197	1	Stimulus/S  1	1	12869197	12869205	78	2	60	pips_40_500-8000.hdf5	both	none
1287.9757	1	Stimulus/S  1	1	12879757	12879765	78	3	70	pips_40_500-8000.hdf5	both	none
1289.0211	1	Stimulus/S  1	1	12890211	12890219	78	4	50	pips_40_500-8000.hdf5	both	none
1290.0664	1	Stimulus/S  1	1	12900664	12900672	78	5	30	pips_40_500-8000.hdf5	both	none
1291.1224	1	Stimulus/S  1	1	12911224	12911232	79	0	20	pips_40_500-8000.hdf5	both	none
1292.1678	1	Stimulus/S  1	1	12921678	12921686	79	1	40	pips_40_500-8000.hdf5	both	none
1293.2238	1	Stimulus/S  1	1	12932238	12932246	79	2	60	pips_40_500-8000.hdf5	both	none
1294.2691	1	Stimulus/S  1	1	12942691	12942699	79	3	70	pips_40_500-8000.hdf5	both	none
1295.3251	1	Stimulus/S  1	1	12953251	12953259	79	4	50	pips_40_500-8000.hdf5	both	none
1296.3705	1	Stimulus/S  1	1	12963705	12963713	79	5	30	pips_40_500-8000.hdf5	both	none
1297.4265	1	Stimulus/S  1	1	12974265	12974273	80	0	20	pips_40_500-8000.hdf5	both	none
1298.4932	1	Stimulus/S  1	1	12984932	12984940	80	1	40	pips_40_500-8000.hdf5	both	none
1299.5385	1	Stimulus/S  1	1	12995385	12995393	80	2	60	pips_40_500-8000.hdf5	both	none
1300.6052	1	Stimulus/S  1	1	13006052	13006060	80	3	70	pips_40_500-8000.hdf5	both	none
1301.6719	1	Stimulus/S  1	1	13016719	13016727	80	4	50	pips_40_500-8000.hdf5	both	none
1302.7172	1	Stimulus/S  1	1	13027172	13027180	80	5	30	pips_40_500-8000.hdf5	both	none
1303.7839	1	Stimulus/S  1	1	13037839	13037847	81	0	20	pips_40_500-8000.hdf5	both	none
1304.8399	1	Stimulus/S  1	1	13048399	13048407	81	1	40	pips_40_500-8000.hdf5	both	none
1305.9066	1	Stimulus/S  1	1	13059066	13059074	81	2	60	pips_40_500-8000.hdf5	both	none
1306.9732	1	Stimulus/S  1	1	13069732	13069740	81	3	70	pips_40_500-8000.hdf5	both	none
1308.0399	1	Stimulus/S  1	1	13080399	13080407	81	4	50	pips_40_500-8000.hdf5	both	none
1309.1066	1	Stimulus/S  1	1	13091066	13091074	81	5	30	pips_40_500-8000.hdf5	both	none
1310.1733	1	Stimulus/S  1	1	13101733	13101741	82	0	20	pips_40_500-8000.hdf5	both	none
1311.2399	1	Stimulus/S  1	1	13112399	13112407	82	1	40	pips_40_500-8000.hdf5	both	none
1312.3066	1	Stimulus/S  1	1	13123066	13123074	82	2	60	pips_40_500-8000.hdf5	both	none
1313.3733	1	Stimulus/S  1	1	13133733	13133741	82	3	70	pips_40_500-8000.hdf5	both	none
1314.44	1	Stimulus/S  1	1	13144400	13144408	82	4	50	pips_40_500-8000.hdf5	both	none
1315.5067	1	Stimulus/S  1	1	13155067	13155075	82	5	30	pips_40_500-8000.hdf5	both	none
1316.5733	1	Stimulus/S  1	1	13165733	13165741	83	0	20	pips_40_500-8000.hdf5	both	none
1317.64	1	Stimulus/S  1	1	13176400	13176408	83	1	40	pips_40_500-8000.hdf5	both	none
1318.6853	1	Stimulus/S  1	1	13186853	13186861	83	2	60	pips_40_500-8000.hdf5	both	none
1319.752	1	Stimulus/S  1	1	13197520	13197528	83	3	70	pips_40_500-8000.hdf5	both	none
1320.808	1	Stimulus/S  1	1	13208080	13208088	83	4	50	pips_40_500-8000.hdf5	both	none
1321.8747	1	Stimulus/S  1	1	13218747	13218755	83	5	30	pips_40_500-8000.hdf5	both	none
1322.9201	1	Stimulus/S  1	1	13229201	13229209	84	0	20	pips_40_500-8000.hdf5	both	none
1323.9761	1	Stimulus/S  1	1	13239761	13239769	84	1	40	pips_40_500-8000.hdf5	both	none
1325.0214	1	Stimulus/S  1	1	13250214	13250222	84	2	60	pips_40_500-8000.hdf5	both	none
1326.0774	1	Stimulus/S  1	1	13260774	13260782	84	3	70	pips_40_500-8000.hdf5	both	none
1327.1228	1	Stimulus/S  1	1	13271228	13271236	84	4	50	pips_40_500-8000.hdf5	both	none
1328.1681	1	Stimulus/S  1	1	13281681	13281689	84	5	30	pips_40_500-8000.hdf5	both	none
1329.2241	1	Stimulus/S  1	1	13292241	13292249	85	0	20	pips_40_500-8000.hdf5	both	none
1330.2695	1	Stimulus/S  1	1	13302695	13302703	85	1	40	pips_40_500-8000.hdf5	both	none
1331.3255	1	Stimulus/S  1	1	13313255	13313263	85	2	60	pips_40_500-8000.hdf5	both	none
1332.3922	1	Stimulus/S  1	1	13323922	13323930	85	3	70	pips_40_500-8000.hdf5	both	none
1333.4375	1	Stimulus/S  1	1	13334375	13334383	85	4	50	pips_40_500-8000.hdf5	both	none
1334.5042	1	Stimulus/S  1	1	13345042	13345050	85	5	30	pips_40_500-8000.hdf5	both	none
1335.5602	1	Stimulus/S  1	1	13355602	13355610	86	0	20	pips_40_500-8000.hdf5	both	none
1336.6269	1	Stimulus/S  1	1	13366269	13366277	86	1	40	pips_40_500-8000.hdf5	both	none
1337.6935	1	Stimulus/S  1	1	13376935	13376943	86	2	60	pips_40_500-8000.hdf5	both	none
1338.7389	1	Stimulus/S  1	1	13387389	13387397	86	3	70	pips_40_500-8000.hdf5	both	none
1339.8056	1	Stimulus/S  1	1	13398056	13398064	86	4	50	pips_40_500-8000.hdf5	both	none
1340.8509	1	Stimulus/S  1	1	13408509	13408517	86	5	30	pips_40_500-8000.hdf5	both	none
1341.9176	1	Stimulus/S  1	1	13419176	13419184	87	0	20	pips_40_500-8000.hdf5	both	none
1342.9843	1	Stimulus/S  1	1	13429843	13429851	87	1	40	pips_40_500-8000.hdf5	both	none
1344.0403	1	Stimulus/S  1	1	13440403	13440411	87	2	60	pips_40_500-8000.hdf5	both	none
1345.1069	1	Stimulus/S  1	1	13451069	13451077	87	3	70	pips_40_500-8000.hdf5	both	none
1346.1523	1	Stimulus/S  1	1	13461523	13461531	87	4	50	pips_40_500-8000.hdf5	both	none
1347.219	1	Stimulus/S  1	1	13472190	13472198	87	5	30	pips_40_500-8000.hdf5	both	none
1348.2856	1	Stimulus/S  1	1	13482856	13482864	88	0	20	pips_40_500-8000.hdf5	both	none
1349.3416	1	Stimulus/S  1	1	13493416	13493424	88	1	40	pips_40_500-8000.hdf5	both	none
1350.4083	1	Stimulus/S  1	1	13504083	13504091	88	2	60	pips_40_500-8000.hdf5	both	none
1351.4537	1	Stimulus/S  1	1	13514537	13514545	88	3	70	pips_40_500-8000.hdf5	both	none
1352.5203	1	Stimulus/S  1	1	13525203	13525211	88	4	50	pips_40_500-8000.hdf5	both	none
1353.587	1	Stimulus/S  1	1	13535870	13535878	88	5	30	pips_40_500-8000.hdf5	both	none
1354.643	1	Stimulus/S  1	1	13546430	13546438	89	0	20	pips_40_500-8000.hdf5	both	none
1355.7097	1	Stimulus/S  1	1	13557097	13557105	89	1	40	pips_40_500-8000.hdf5	both	none
1356.7551	1	Stimulus/S  1	1	13567551	13567559	89	2	60	pips_40_500-8000.hdf5	both	none
1357.8217	1	Stimulus/S  1	1	13578217	13578225	89	3	70	pips_40_500-8000.hdf5	both	none
1358.8884	1	Stimulus/S  1	1	13588884	13588892	89	4	50	pips_40_500-8000.hdf5	both	none
1359.9551	1	Stimulus/S  1	1	13599551	13599559	89	5	30	pips_40_500-8000.hdf5	both	none
1361.0218	1	Stimulus/S  1	1	13610218	13610226	90	0	20	pips_40_500-8000.hdf5	both	none
1362.0884	1	Stimulus/S  1	1	13620884	13620892	90	1	40	pips_40_500-8000.hdf5	both	none
1363.1551	1	Stimulus/S  1	1	13631551	13631559	90	2	60	pips_40_500-8000.hdf5	both	none
1364.2218	1	Stimulus/S  1	1	13642218	13642226	90	3	70	pips_40_500-8000.hdf5	both	none
1365.2885	1	Stimulus/S  1	1	13652885	13652893	90	4	50	pips_40_500-8000.hdf5	both	none
1366.3551	1	Stimulus/S  1	1	13663551	13663559	90	5	30	pips_40_500-8000.hdf5	both	none
1367.4218	1	Stimulus/S  1	1	13674218	13674226	91	0	20	pips_40_500-8000.hdf5	both	none
1368.4885	1	Stimulus/S  1	1	13684885	13684893	91	1	40	pips_40_500-8000.hdf5	both	none
1369.5552	1	Stimulus/S  1	1	13695552	13695560	91	2	60	pips_40_500-8000.hdf5	both	none
1370.6112	1	Stimulus/S  1	1	13706112	13706120	91	3	70	pips_40_500-8000.hdf5	both	none
1371.6779	1	Stimulus/S  1	1	13716779	13716787	91	4	50	pips_40_500-8000.hdf5	both	none
1372.7232	1	Stimulus/S  1	1	13727232	13727240	91	5	30	pips_40_500-8000.hdf5	both	none
1373.7686	1	Stimulus/S  1	1	13737686	13737694	92	0	20	pips_40_500-8000.hdf5	both	none
1374.8246	1	Stimulus/S  1	1	13748246	13748254	92	1	40	pips_40_500-8000.hdf5	both	none
1375.8699	1	Stimulus/S  1	1	13758699	13758707	92	2	60	pips_40_500-8000.hdf5	both	none
1376.9259	1	Stimulus/S  1	1	13769259	13769267	92	3	70	pips_40_500-8000.hdf5	both	none
1377.9713	1	Stimulus/S  1	1	13779713	13779721	92	4	50	pips_40_500-8000.hdf5	both	none
1379.0273	1	Stimulus/S  1	1	13790273	13790281	92	5	30	pips_40_500-8000.hdf5	both	none
1380.0726	1	Stimulus/S  1	1	13800726	13800734	93	0	20	pips_40_500-8000.hdf5	both	none
1381.118	1	Stimulus/S  1	1	13811180	13811188	93	1	40	pips_40_500-8000.hdf5	both	none
1382.174	1	Stimulus/S  1	1	13821740	13821748	93	2	60	pips_40_500-8000.hdf5	both	none
1383.2406	1	Stimulus/S  1	1	13832406	13832414	93	3	70	pips_40_500-8000.hdf5	both	none
1384.3073	1	Stimulus/S  1	1	13843073	13843081	93	4	50	pips_40_500-8000.hdf5	both	none
1385.3527	1	Stimulus/S  1	1	13853527	13853535	93	5	30	pips_40_500-8000.hdf5	both	none
1386.4193	1	Stimulus/S  1	1	13864193	13864201	94	0	20	pips_40_500-8000.hdf5	both	none
1387.4754	1	Stimulus/S  1	1	13874754	13874762	94	1	40	pips_40_500-8000.hdf5	both	none
1388.5207	1	Stimulus/S  1	1	13885207	13885215	94	2	60	pips_40_500-8000.hdf5	both	none
1389.5767	1	Stimulus/S  1	1	13895767	13895775	94	3	70	pips_40_500-8000.hdf5	both	none
1390.6434	1	Stimulus/S  1	1	13906434	13906442	94	4	50	pips_40_500-8000.hdf5	both	none
1391.7101	1	Stimulus/S  1	1	13917101	13917109	94	5	30	pips_40_500-8000.hdf5	both	none
1392.7767	1	Stimulus/S  1	1	13927767	13927775	95	0	20	pips_40_500-8000.hdf5	both	none
1393.8434	1	Stimulus/S  1	1	13938434	13938442	95	1	40	pips_40_500-8000.hdf5	both	none
1394.9101	1	Stimulus/S  1	1	13949101	13949109	95	2	60	pips_40_500-8000.hdf5	both	none
1395.9768	1	Stimulus/S  1	1	13959768	13959776	95	3	70	pips_40_500-8000.hdf5	both	none
1397.0434	1	Stimulus/S  1	1	13970434	13970442	95	4	50	pips_40_500-8000.hdf5	both	none
1398.1101	1	Stimulus/S  1	1	13981101	13981109	95	5	30	pips_40_500-8000.hdf5	both	none
1399.1768	1	Stimulus/S  1	1	13991768	13991776	96	0	20	pips_40_500-8000.hdf5	both	none
1400.2221	1	Stimulus/S  1	1	14002221	14002229	96	1	40	pips_40_500-8000.hdf5	both	none
1401.2782	1	Stimulus/S  1	1	14012782	14012790	96	2	60	pips_40_500-8000.hdf5	both	none
1402.3235	1	Stimulus/S  1	1	14023235	14023243	96	3	70	pips_40_500-8000.hdf5	both	none
1403.3688	1	Stimulus/S  1	1	14033688	14033696	96	4	50	pips_40_500-8000.hdf5	both	none
1404.4249	1	Stimulus/S  1	1	14044249	14044257	96	5	30	pips_40_500-8000.hdf5	both	none
1405.4702	1	Stimulus/S  1	1	14054702	14054710	97	0	20	pips_40_500-8000.hdf5	both	none
1406.5262	1	Stimulus/S  1	1	14065262	14065270	97	1	40	pips_40_500-8000.hdf5	both	none
1407.5715	1	Stimulus/S  1	1	14075715	14075723	97	2	60	pips_40_500-8000.hdf5	both	none
1408.6276	1	Stimulus/S  1	1	14086276	14086284	97	3	70	pips_40_500-8000.hdf5	both	none
1409.6729	1	Stimulus/S  1	1	14096729	14096737	97	4	50	pips_40_500-8000.hdf5	both	none
1410.7182	1	Stimulus/S  1	1	14107182	14107190	97	5	30	pips_40_500-8000.hdf5	both	none
1411.7743	1	Stimulus/S  1	1	14117743	14117751	98	0	20	pips_40_500-8000.hdf5	both	none
1412.8409	1	Stimulus/S  1	1	14128409	14128417	98	1	40	pips_40_500-8000.hdf5	both	none
1413.8863	1	Stimulus/S  1	1	14138863	14138871	98	2	60	pips_40_500-8000.hdf5	both	none
1414.953	1	Stimulus/S  1	1	14149530	14149538	98	3	70	pips_40_500-8000.hdf5	both	none
1416.0196	1	Stimulus/S  1	1	14160196	14160204	98	4	50	pips_40_500-8000.hdf5	both	none
1417.0863	1	Stimulus/S  1	1	14170863	14170871	98	5	30	pips_40_500-8000.hdf5	both	none
1418.153	1	Stimulus/S  1	1	14181530	14181538	99	0	20	pips_40_500-8000.hdf5	both	none
1419.2197	1	Stimulus/S  1	1	14192197	14192205	99	1	40	pips_40_500-8000.hdf5	both	none
1420.2863	1	Stimulus/S  1	1	14202863	14202871	99	2	60	pips_40_500-8000.hdf5	both	none
1421.353	1	Stimulus/S  1	1	14213530	14213538	99	3	70	pips_40_500-8000.hdf5	both	none
1422.4197	1	Stimulus/S  1	1	14224197	14224205	99	4	50	pips_40_500-8000.hdf5	both	none
1423.4864	1	Stimulus/S  1	1	14234864	14234872	99	5	30	pips_40_500-8000.hdf5	both	none
1424.553	1	Stimulus/S  1	1	14245530	14245538	100	0	20	pips_40_500-8000.hdf5	both	none
1425.6197	1	Stimulus/S  1	1	14256197	14256205	100	1	40	pips_40_500-8000.hdf5	both	none
1426.6864	1	Stimulus/S  1	1	14266864	14266872	100	2	60	pips_40_500-8000.hdf5	both	none
1427.7424	1	Stimulus/S  1	1	14277424	14277432	100	3	70	pips_40_500-8000.hdf5	both	none
1428.8091	1	Stimulus/S  1	1	14288091	14288099	100	4	50	pips_40_500-8000.hdf5	both	none
1429.8544	1	Stimulus/S  1	1	14298544	14298552	100	5	30	pips_40_500-8000.hdf5	both	none
1430.9104	1	Stimulus/S  1	1	14309104	14309112	101	0	20	pips_40_500-8000.hdf5	both	none
1431.9558	1	Stimulus/S  1	1	14319558	14319566	101	1	40	pips_40_500-8000.hdf5	both	none
1433.0118	1	Stimulus/S  1	1	14330118	14330126	101	2	60	pips_40_500-8000.hdf5	both	none
1434.0571	1	Stimulus/S  1	1	14340571	14340579	101	3	70	pips_40_500-8000.hdf5	both	none
1435.1025	1	Stimulus/S  1	1	14351025	14351033	101	4	50	pips_40_500-8000.hdf5	both	none
1436.1585	1	Stimulus/S  1	1	14361585	14361593	101	5	30	pips_40_500-8000.hdf5	both	none
1437.2038	1	Stimulus/S  1	1	14372038	14372046	102	0	20	pips_40_500-8000.hdf5	both	none
1438.2705	1	Stimulus/S  1	1	14382705	14382713	102	1	40	pips_40_500-8000.hdf5	both	none
1439.3372	1	Stimulus/S  1	1	14393372	14393380	102	2	60	pips_40_500-8000.hdf5	both	none
1440.4039	1	Stimulus/S  1	1	14404039	14404047	102	3	70	pips_40_500-8000.hdf5	both	none
1441.4705	1	Stimulus/S  1	1	14414705	14414713	102	4	50	pips_40_500-8000.hdf5	both	none
1442.5372	1	Stimulus/S  1	1	14425372	14425380	102	5	30	pips_40_500-8000.hdf5	both	none
1443.6039	1	Stimulus/S  1	1	14436039	14436047	103	0	20	pips_40_500-8000.hdf5	both	none
1444.6706	1	Stimulus/S  1	1	14446706	14446714	103	1	40	pips_40_500-8000.hdf5	both	none
1445.7373	1	Stimulus/S  1	1	14457373	14457381	103	2	60	pips_40_500-8000.hdf5	both	none
1446.8039	1	Stimulus/S  1	1	14468039	14468047	103	3	70	pips_40_500-8000.hdf5	both	none
1447.8706	1	Stimulus/S  1	1	14478706	14478714	103	4	50	pips_40_500-8000.hdf5	both	none
1448.9373	1	Stimulus/S  1	1	14489373	14489381	103	5	30	pips_40_500-8000.hdf5	both	none
1450.004	1	Stimulus/S  1	1	14500040	14500048	104	0	20	pips_40_500-8000.hdf5	both	none
1451.0706	1	Stimulus/S  1	1	14510706	14510714	104	1	40	pips_40_500-8000.hdf5	both	none
1452.1373	1	Stimulus/S  1	1	14521373	14521381	104	2	60	pips_40_500-8000.hdf5	both	none
1453.204	1	Stimulus/S  1	1	14532040	14532048	104	3	70	pips_40_500-8000.hdf5	both	none
1454.2707	1	Stimulus/S  1	1	14542707	14542715	104	4	50	pips_40_500-8000.hdf5	both	none
1455.3373	1	Stimulus/S  1	1	14553373	14553381	104	5	30	pips_40_500-8000.hdf5	both	none
1456.404	1	Stimulus/S  1	1	14564040	14564048	105	0	20	pips_40_500-8000.hdf5	both	none
1457.4707	1	Stimulus/S  1	1	14574707	14574715	105	1	40	pips_40_500-8000.hdf5	both	none
1458.5374	1	Stimulus/S  1	1	14585374	14585382	105	2	60	pips_40_500-8000.hdf5	both	none
1459.6041	1	Stimulus/S  1	1	14596041	14596049	105	3	70	pips_40_500-8000.hdf5	both	none
1460.6707	1	Stimulus/S  1	1	14606707	14606715	105	4	50	pips_40_500-8000.hdf5	both	none
1461.7374	1	Stimulus/S  1	1	14617374	14617382	105	5	30	pips_40_500-8000.hdf5	both	none
1462.8041	1	Stimulus/S  1	1	14628041	14628049	106	0	20	pips_40_500-8000.hdf5	both	none
1463.8708	1	Stimulus/S  1	1	14638708	14638716	106	1	40	pips_40_500-8000.hdf5	both	none
1464.9374	1	Stimulus/S  1	1	14649374	14649382	106	2	60	pips_40_500-8000.hdf5	both	none
1466.0041	1	Stimulus/S  1	1	14660041	14660049	106	3	70	pips_40_500-8000.hdf5	both	none
1467.0708	1	Stimulus/S  1	1	14670708	14670716	106	4	50	pips_40_500-8000.hdf5	both	none
1468.1375	1	Stimulus/S  1	1	14681375	14681383	106	5	30	pips_40_500-8000.hdf5	both	none
1469.2042	1	Stimulus/S  1	1	14692042	14692050	107	0	20	pips_40_500-8000.hdf5	both	none
1470.2708	1	Stimulus/S  1	1	14702708	14702716	107	1	40	pips_40_500-8000.hdf5	both	none
1471.3375	1	Stimulus/S  1	1	14713375	14713383	107	2	60	pips_40_500-8000.hdf5	both	none
1472.4042	1	Stimulus/S  1	1	14724042	14724050	107	3	70	pips_40_500-8000.hdf5	both	none
1473.4602	1	Stimulus/S  1	1	14734602	14734610	107	4	50	pips_40_500-8000.hdf5	both	none
1474.5269	1	Stimulus/S  1	1	14745269	14745277	107	5	30	pips_40_500-8000.hdf5	both	none
1475.5722	1	Stimulus/S  1	1	14755722	14755730	108	0	20	pips_40_500-8000.hdf5	both	none
1476.6389	1	Stimulus/S  1	1	14766389	14766397	108	1	40	pips_40_500-8000.hdf5	both	none
1477.6949	1	Stimulus/S  1	1	14776949	14776957	108	2	60	pips_40_500-8000.hdf5	both	none
1478.7402	1	Stimulus/S  1	1	14787402	14787410	108	3	70	pips_40_500-8000.hdf5	both	none
1479.7963	1	Stimulus/S  1	1	14797963	14797971	108	4	50	pips_40_500-8000.hdf5	both	none
1480.8416	1	Stimulus/S  1	1	14808416	14808424	108	5	30	pips_40_500-8000.hdf5	both	none
1481.8869	1	Stimulus/S  1	1	14818869	14818877	109	0	20	pips_40_500-8000.hdf5	both	none
1482.943	1	Stimulus/S  1	1	14829430	14829438	109	1	40	pips_40_500-8000.hdf5	both	none
1483.9883	1	Stimulus/S  1	1	14839883	14839891	109	2	60	pips_40_500-8000.hdf5	both	none
1485.055	1	Stimulus/S  1	1	14850550	14850558	109	3	70	pips_40_500-8000.hdf5	both	none
1486.111	1	Stimulus/S  1	1	14861110	14861118	109	4	50	pips_40_500-8000.hdf5	both	none
1487.1777	1	Stimulus/S  1	1	14871777	14871785	109	5	30	pips_40_500-8000.hdf5	both	none
1488.223	1	Stimulus/S  1	1	14882230	14882238	110	0	20	pips_40_500-8000.hdf5	both	none
1489.2897	1	Stimulus/S  1	1	14892897	14892905	110	1	40	pips_40_500-8000.hdf5	both	none
1490.3564	1	Stimulus/S  1	1	14903564	14903572	110	2	60	pips_40_500-8000.hdf5	both	none
1491.4124	1	Stimulus/S  1	1	14914124	14914132	110	3	70	pips_40_500-8000.hdf5	both	none
1492.479	1	Stimulus/S  1	1	14924790	14924798	110	4	50	pips_40_500-8000.hdf5	both	none
1493.5244	1	Stimulus/S  1	1	14935244	14935252	110	5	30	pips_40_500-8000.hdf5	both	none
1494.5911	1	Stimulus/S  1	1	14945911	14945919	111	0	20	pips_40_500-8000.hdf5	both	none
1495.6577	1	Stimulus/S  1	1	14956577	14956585	111	1	40	pips_40_500-8000.hdf5	both	none
1496.7244	1	Stimulus/S  1	1	14967244	14967252	111	2	60	pips_40_500-8000.hdf5	both	none
1497.7911	1	Stimulus/S  1	1	14977911	14977919	111	3	70	pips_40_500-8000.hdf5	both	none
1498.8578	1	Stimulus/S  1	1	14988578	14988586	111	4	50	pips_40_500-8000.hdf5	both	none
1499.9244	1	Stimulus/S  1	1	14999244	14999252	111	5	30	pips_40_500-8000.hdf5	both	none
1500.9911	1	Stimulus/S  1	1	15009911	15009919	112	0	20	pips_40_500-8000.hdf5	both	none
1502.0578	1	Stimulus/S  1	1	15020578	15020586	112	1	40	pips_40_500-8000.hdf5	both	none
1503.1245	1	Stimulus/S  1	1	15031245	15031253	112	2	60	pips_40_500-8000.hdf5	both	none
1504.1912	1	Stimulus/S  1	1	15041912	15041920	112	3	70	pips_40_500-8000.hdf5	both	none
1505.2578	1	Stimulus/S  1	1	15052578	15052586	112	4	50	pips_40_500-8000.hdf5	both	none
1506.3245	1	Stimulus/S  1	1	15063245	15063253	112	5	30	pips_40_500-8000.hdf5	both	none
1507.3912	1	Stimulus/S  1	1	15073912	15073920	113	0	20	pips_40_500-8000.hdf5	both	none
1508.4579	1	Stimulus/S  1	1	15084579	15084587	113	1	40	pips_40_500-8000.hdf5	both	none
1509.5245	1	Stimulus/S  1	1	15095245	15095253	113	2	60	pips_40_500-8000.hdf5	both	none
1510.5912	1	Stimulus/S  1	1	15105912	15105920	113	3	70	pips_40_500-8000.hdf5	both	none
1511.6579	1	Stimulus/S  1	1	15116579	15116587	113	4	50	pips_40_500-8000.hdf5	both	none
1512.7246	1	Stimulus/S  1	1	15127246	15127254	113	5	30	pips_40_500-8000.hdf5	both	none
1513.7806	1	Stimulus/S  1	1	15137806	15137814	114	0	20	pips_40_500-8000.hdf5	both	none
1514.8259	1	Stimulus/S  1	1	15148259	15148267	114	1	40	pips_40_500-8000.hdf5	both	none
1515.8713	1	Stimulus/S  1	1	15158713	15158721	114	2	60	pips_40_500-8000.hdf5	both	none
1516.9273	1	Stimulus/S  1	1	15169273	15169281	114	3	70	pips_40_500-8000.hdf5	both	none
1517.994	1	Stimulus/S  1	1	15179940	15179948	114	4	50	pips_40_500-8000.hdf5	both	none
1519.0393	1	Stimulus/S  1	1	15190393	15190401	114	5	30	pips_40_500-8000.hdf5	both	none
1520.106	1	Stimulus/S  1	1	15201060	15201068	115	0	20	pips_40_500-8000.hdf5	both	none
1521.162	1	Stimulus/S  1	1	15211620	15211628	115	1	40	pips_40_500-8000.hdf5	both	none
1522.2287	1	Stimulus/S  1	1	15222287	15222295	115	2	60	pips_40_500-8000.hdf5	both	none
1523.2953	1	Stimulus/S  1	1	15232953	15232961	115	3	70	pips_40_500-8000.hdf5	both	none
1524.362	1	Stimulus/S  1	1	15243620	15243628	115	4	50	pips_40_500-8000.hdf5	both	none
1525.4287	1	Stimulus/S  1	1	15254287	15254295	115	5	30	pips_40_500-8000.hdf5	both	none
1526.4954	1	Stimulus/S  1	1	15264954	15264962	116	0	20	pips_40_500-8000.hdf5	both	none
1527.5621	1	Stimulus/S  1	1	15275621	15275629	116	1	40	pips_40_500-8000.hdf5	both	none
1528.6074	1	Stimulus/S  1	1	15286074	15286082	116	2	60	pips_40_500-8000.hdf5	both	none
1529.6741	1	Stimulus/S  1	1	15296741	15296749	116	3	70	pips_40_500-8000.hdf5	both	none
1530.7301	1	Stimulus/S  1	1	15307301	15307309	116	4	50	pips_40_500-8000.hdf5	both	none
1531.7968	1	Stimulus/S  1	1	15317968	15317976	116	5	30	pips_40_500-8000.hdf5	both	none
1532.8421	1	Stimulus/S  1	1	15328421	15328429	117	0	20	pips_40_500-8000.hdf5	both	none
1533.8874	1	Stimulus/S  1	1	15338874	15338882	117	1	40	pips_40_500-8000.hdf5	both	none
1534.9435	1	Stimulus/S  1	1	15349435	15349443	117	2	60	pips_40_500-8000.hdf5	both	none
1535.9888	1	Stimulus/S  1	1	15359888	15359896	117	3	70	pips_40_500-8000.hdf5	both	none
1537.0448	1	Stimulus/S  1	1	15370448	15370456	117	4	50	pips_40_500-8000.hdf5	both	none
1538.0902	1	Stimulus/S  1	1	15380902	15380910	117	5	30	pips_40_500-8000.hdf5	both	none
1539.1462	1	Stimulus/S  1	1	15391462	15391470	118	0	20	pips_40_500-8000.hdf5	both	none
1540.2128	1	Stimulus/S  1	1	15402128	15402136	118	1	40	pips_40_500-8000.hdf5	both	none
1541.2582	1	Stimulus/S  1	1	15412582	15412590	118	2	60	pips_40_500-8000.hdf5	both	none
1542.3249	1	Stimulus/S  1	1	15423249	15423257	118	3	70	pips_40_500-8000.hdf5	both	none
1543.3702	1	Stimulus/S  1	1	15433702	15433710	118	4	50	pips_40_500-8000.hdf5	both	none
1544.4476	1	Stimulus/S  1	1	15444476	15444484	118	5	30	pips_40_500-8000.hdf5	both	none
1545.5142	1	Stimulus/S  1	1	15455142	15455150	119	0	20	pips_40_500-8000.hdf5	both	none
1546.5809	1	Stimulus/S  1	1	15465809	15465817	119	1	40	pips_40_500-8000.hdf5	both	none
1547.6476	1	Stimulus/S  1	1	15476476	15476484	119	2	60	pips_40_500-8000.hdf5	both	none
1548.7143	1	Stimulus/S  1	1	15487143	15487151	119	3	70	pips_40_500-8000.hdf5	both	none
1549.7809	1	Stimulus/S  1	1	15497809	15497817	119	4	50	pips_40_500-8000.hdf5	both	none
1550.8476	1	Stimulus/S  1	1	15508476	15508484	119	5	30	pips_40_500-8000.hdf5	both	none
1551.9143	1	Stimulus/S  1	1	15519143	15519151	0	0	20	pips_40_500-8000.hdf5	both	none
1552.981	1	Stimulus/S  1	1	15529810	15529818	0	1	40	pips_40_500-8000.hdf5	both	none
1554.0263	1	Stimulus/S  1	1	15540263	15540271	0	2	60	pips_40_500-8000.hdf5	both	none
1555.093	1	Stimulus/S  1	1	15550930	15550938	0	3	70	pips_40_500-8000.hdf5	both	none
1556.1383	1	Stimulus/S  1	1	15561383	15561391	0	4	50	pips_40_500-8000.hdf5	both	none
1557.1943	1	Stimulus/S  1	1	15571943	15571951	0	5	30	pips_40_500-8000.hdf5	both	none
1558.2397	1	Stimulus/S  1	1	15582397	15582405	1	0	20	pips_40_500-8000.hdf5	both	none
1559.2957	1	Stimulus/S  1	1	15592957	15592965	1	1	40	pips_40_500-8000.hdf5	both	none
1560.341	1	Stimulus/S  1	1	15603410	15603418	1	2	60	pips_40_500-8000.hdf5	both	none
1561.397	1	Stimulus/S  1	1	15613970	15613978	1	3	70	pips_40_500-8000.hdf5	both	none
1562.4424	1	Stimulus/S  1	1	15624424	15624432	1	4	50	pips_40_500-8000.hdf5	both	none
1563.4877	1	Stimulus/S  1	1	15634877	15634885	1	5	30	pips_40_500-8000.hdf5	both	none
1564.5437	1	Stimulus/S  1	1	15645437	15645445	2	0	20	pips_40_500-8000.hdf5	both	none
1565.5891	1	Stimulus/S  1	1	15655891	15655899	2	1	40	pips_40_500-8000.hdf5	both	none
1566.6558	1	Stimulus/S  1	1	15666558	15666566	2	2	60	pips_40_500-8000.hdf5	both	none
1567.7224	1	Stimulus/S  1	1	15677224	15677232	2	3	70	pips_40_500-8000.hdf5	both	none
1568.7785	1	Stimulus/S  1	1	15687785	15687793	2	4	50	pips_40_500-8000.hdf5	both	none
1569.8451	1	Stimulus/S  1	1	15698451	15698459	2	5	30	pips_40_500-8000.hdf5	both	none
1570.9118	1	Stimulus/S  1	1	15709118	15709126	3	0	20	pips_40_500-8000.hdf5	both	none
1571.9785	1	Stimulus/S  1	1	15719785	15719793	3	1	40	pips_40_500-8000.hdf5	both	none
1573.0452	1	Stimulus/S  1	1	15730452	15730460	3	2	60	pips_40_500-8000.hdf5	both	none
1574.1118	1	Stimulus/S  1	1	15741118	15741126	3	3	70	pips_40_500-8000.hdf5	both	none
1575.1785	1	Stimulus/S  1	1	15751785	15751793	3	4	50	pips_40_500-8000.hdf5	both	none
1576.2239	1	Stimulus/S  1	1	15762239	15762247	3	5	30	pips_40_500-8000.hdf5	both	none
1577.2905	1	Stimulus/S  1	1	15772905	15772913	4	0	20	pips_40_500-8000.hdf5	both	none
1578.3465	1	Stimulus/S  1	1	15783465	15783473	4	1	40	pips_40_500-8000.hdf5	both	none
1579.4132	1	Stimulus/S  1	1	15794132	15794140	4	2	60	pips_40_500-8000.hdf5	both	none
1580.4586	1	Stimulus/S  1	1	15804586	15804594	4	3	70	pips_40_500-8000.hdf5	both	none
1581.5252	1	Stimulus/S  1	1	15815252	15815260	4	4	50	pips_40_500-8000.hdf5	both	none
1582.5813	1	Stimulus/S  1	1	15825813	15825821	4	5	30	pips_40_500-8000.hdf5	both	none
1583.6266	1	Stimulus/S  1	1	15836266	15836274	5	0	20	pips_40_500-8000.hdf5	both	none
1584.6719	1	Stimulus/S  1	1	15846719	15846727	5	1	40	pips_40_500-8000.hdf5	both	none
1585.728	1	Stimulus/S  1	1	15857280	15857288	5	2	60	pips_40_500-8000.hdf5	both	none
1586.7733	1	Stimulus/S  1	1	15867733	15867741	5	3	70	pips_40_500-8000.hdf5	both	none
1587.8293	1	Stimulus/S  1	1	15878293	15878301	5	4	50	pips_40_500-8000.hdf5	both	none
1588.8747	1	Stimulus/S  1	1	15888747	15888755	5	5	30	pips_40_500-8000.hdf5	both	none
1589.9307	1	Stimulus/S  1	1	15899307	15899315	6	0	20	pips_40_500-8000.hdf5	both	none
1590.976	1	Stimulus/S  1	1	15909760	15909768	6	1	40	pips_40_500-8000.hdf5	both	none
1592.0213	1	Stimulus/S  1	1	15920213	15920221	6	2	60	pips_40_500-8000.hdf5	both	none
1593.0774	1	Stimulus/S  1	1	15930774	15930782	6	3	70	pips_40_500-8000.hdf5	both	none
1594.144	1	Stimulus/S  1	1	15941440	15941448	6	4	50	pips_40_500-8000.hdf5	both	none
1595.1894	1	Stimulus/S  1	1	15951894	15951902	6	5	30	pips_40_500-8000.hdf5	both	none
1596.2561	1	Stimulus/S  1	1	15962561	15962569	7	0	20	pips_40_500-8000.hdf5	both	none
1597.3121	1	Stimulus/S  1	1	15973121	15973129	7	1	40	pips_40_500-8000.hdf5	both	none
1598.3787	1	Stimulus/S  1	1	15983787	15983795	7	2	60	pips_40_500-8000.hdf5	both	none
1599.4454	1	Stimulus/S  1	1	15994454	15994462	7	3	70	pips_40_500-8000.hdf5	both	none
1600.5121	1	Stimulus/S  1	1	16005121	16005129	7	4	50	pips_40_500-8000.hdf5	both	none
1601.5788	1	Stimulus/S  1	1	16015788	16015796	7	5	30	pips_40_500-8000.hdf5	both	none
1602.6455	1	Stimulus/S  1	1	16026455	16026463	8	0	20	pips_40_500-8000.hdf5	both	none
1603.7121	1	Stimulus/S  1	1	16037121	16037129	8	1	40	pips_40_500-8000.hdf5	both	none
1604.7788	1	Stimulus/S  1	1	16047788	16047796	8	2	60	pips_40_500-8000.hdf5	both	none
1605.8455	1	Stimulus/S  1	1	16058455	16058463	8	3	70	pips_40_500-8000.hdf5	both	none
1606.9122	1	Stimulus/S  1	1	16069122	16069130	8	4	50	pips_40_500-8000.hdf5	both	none
1607.9788	1	Stimulus/S  1	1	16079788	16079796	8	5	30	pips_40_500-8000.hdf5	both	none
1609.0455	1	Stimulus/S  1	1	16090455	16090463	9	0	20	pips_40_500-8000.hdf5	both	none
1610.1122	1	Stimulus/S  1	1	16101122	16101130	9	1	40	pips_40_500-8000.hdf5	both	none
1611.1789	1	Stimulus/S  1	1	16111789	16111797	9	2	60	pips_40_500-8000.hdf5	both	none
1612.2455	1	Stimulus/S  1	1	16122455	16122463	9	3	70	pips_40_500-8000.hdf5	both	none
1613.3122	1	Stimulus/S  1	1	16133122	16133130	9	4	50	pips_40_500-8000.hdf5	both	none
1614.3789	1	Stimulus/S  1	1	16143789	16143797	9	5	30	pips_40_500-8000.hdf5	both	none
1615.4456	1	Stimulus/S  1	1	16154456	16154464	10	0	20	pips_40_500-8000.hdf5	both	none
1616.5123	1	Stimulus/S  1	1	16165123	16165131	10	1	40	pips_40_500-8000.hdf5	both	none
1617.5576	1	Stimulus/S  1	1	16175576	16175584	10	2	60	pips_40_500-8000.hdf5	both	none
1618.6243	1	Stimulus/S  1	1	16186243	16186251	10	3	70	pips_40_500-8000.hdf5	both	none
1619.691	1	Stimulus/S  1	1	16196910	16196918	10	4	50	pips_40_500-8000.hdf5	both	none
1620.747	1	Stimulus/S  1	1	16207470	16207478	10	5	30	pips_40_500-8000.hdf5	both	none
1621.8136	1	Stimulus/S  1	1	16218136	16218144	11	0	20	pips_40_500-8000.hdf5	both	none
1622.8803	1	Stimulus/S  1	1	16228803	16228811	11	1	40	pips_40_500-8000.hdf5	both	none
1623.947	1	Stimulus/S  1	1	16239470	16239478	11	2	60	pips_40_500-8000.hdf5	both	none
1625.0137	1	Stimulus/S  1	1	16250137	16250145	11	3	70	pips_40_500-8000.hdf5	both	none
1626.0803	1	Stimulus/S  1	1	16260803	16260811	11	4	50	pips_40_500-8000.hdf5	both	none
1627.147	1	Stimulus/S  1	1	16271470	16271478	11	5	30	pips_40_500-8000.hdf5	both	none
1628.2137	1	Stimulus/S  1	1	16282137	16282145	12	0	20	pips_40_500-8000.hdf5	both	none
1629.2804	1	Stimulus/S  1	1	16292804	16292812	12	1	40	pips_40_500-8000.hdf5	both	none
1630.3471	1	Stimulus/S  1	1	16303471	16303479	12	2	60	pips_40_500-8000.hdf5	both	none
1631.4137	1	Stimulus/S  1	1	16314137	16314145	12	3	70	pips_40_500-8000.hdf5	both	none
1632.4804	1	Stimulus/S  1	1	16324804	16324812	12	4	50	pips_40_500-8000.hdf5	both	none
1633.5471	1	Stimulus/S  1	1	16335471	16335479	12	5	30	pips_40_500-8000.hdf5	both	none
1634.6138	1	Stimulus/S  1	1	16346138	16346146	13	0	20	pips_40_500-8000.hdf5	both	none
1635.6804	1	Stimulus/S  1	1	16356804	16356812	13	1	40	pips_40_500-8000.hdf5	both	none
1636.7471	1	Stimulus/S  1	1	16367471	16367479	13	2	60	pips_40_500-8000.hdf5	both	none
1637.8138	1	Stimulus/S  1	1	16378138	16378146	13	3	70	pips_40_500-8000.hdf5	both	none
1638.8805	1	Stimulus/S  1	1	16388805	16388813	13	4	50	pips_40_500-8000.hdf5	both	none
1639.9471	1	Stimulus/S  1	1	16399471	16399479	13	5	30	pips_40_500-8000.hdf5	both	none
1640.9925	1	Stimulus/S  1	1	16409925	16409933	14	0	20	pips_40_500-8000.hdf5	both	none
1642.0485	1	Stimulus/S  1	1	16420485	16420493	14	1	40	pips_40_500-8000.hdf5	both	none
1643.1152	1	Stimulus/S  1	1	16431152	16431160	14	2	60	pips_40_500-8000.hdf5	both	none
1644.1605	1	Stimulus/S  1	1	16441605	16441613	14	3	70	pips_40_500-8000.hdf5	both	none
1645.2272	1	Stimulus/S  1	1	16452272	16452280	14	4	50	pips_40_500-8000.hdf5	both	none
1646.2725	1	Stimulus/S  1	1	16462725	16462733	14	5	30	pips_40_500-8000.hdf5	both	none
1647.3392	1	Stimulus/S  1	1	16473392	16473400	15	0	20	pips_40_500-8000.hdf5	both	none
1648.3952	1	Stimulus/S  1	1	16483952	16483960	15	1	40	pips_40_500-8000.hdf5	both	none
1649.4406	1	Stimulus/S  1	1	16494406	16494414	15	2	60	pips_40_500-8000.hdf5	both	none
1650.4966	1	Stimulus/S  1	1	16504966	16504974	15	3	70	pips_40_500-8000.hdf5	both	none
1651.5633	1	Stimulus/S  1	1	16515633	16515641	15	4	50	pips_40_500-8000.hdf5	both	none
1652.6086	1	Stimulus/S  1	1	16526086	16526094	15	5	30	pips_40_500-8000.hdf5	both	none
1653.6753	1	Stimulus/S  1	1	16536753	16536761	16	0	20	pips_40_500-8000.hdf5	both	none
1654.7313	1	Stimulus/S  1	1	16547313	16547321	16	1	40	pips_40_500-8000.hdf5	both	none
1655.798	1	Stimulus/S  1	1	16557980	16557988	16	2	60	pips_40_500-8000.hdf5	both	none
1656.8646	1	Stimulus/S  1	1	16568646	16568654	16	3	70	pips_40_500-8000.hdf5	both	none
1657.9313	1	Stimulus/S  1	1	16579313	16579321	16	4	50	pips_40_500-8000.hdf5	both	none
1658.998	1	Stimulus/S  1	1	16589980	16589988	16	5	30	pips_40_500-8000.hdf5	both	none
1660.0647	1	Stimulus/S  1	1	16600647	16600655	17	0	20	pips_40_500-8000.hdf5	both	none
1661.1314	1	Stimulus/S  1	1	16611314	16611322	17	1	40	pips_40_500-8000.hdf5	both	none
1662.198	1	Stimulus/S  1	1	16621980	16621988	17	2	60	pips_40_500-8000.hdf5	both	none
1663.2647	1	Stimulus/S  1	1	16632647	16632655	17	3	70	pips_40_500-8000.hdf5	both	none
1664.3314	1	Stimulus/S  1	1	16643314	16643322	17	4	50	pips_40_500-8000.hdf5	both	none
1665.3767	1	Stimulus/S  1	1	16653767	16653775	17	5	30	pips_40_500-8000.hdf5	both	none
1666.4434	1	Stimulus/S  1	1	16664434	16664442	18	0	20	pips_40_500-8000.hdf5	both	none
1667.4994	1	Stimulus/S  1	1	16674994	16675002	18	1	40	pips_40_500-8000.hdf5	both	none
1668.5661	1	Stimulus/S  1	1	16685661	16685669	18	2	60	pips_40_500-8000.hdf5	both	none
1669.6114	1	Stimulus/S  1	1	16696114	16696122	18	3	70	pips_40_500-8000.hdf5	both	none
1670.6568	1	Stimulus/S  1	1	16706568	16706576	18	4	50	pips_40_500-8000.hdf5	both	none
1671.7128	1	Stimulus/S  1	1	16717128	16717136	18	5	30	pips_40_500-8000.hdf5	both	none
1672.7581	1	Stimulus/S  1	1	16727581	16727589	19	0	20	pips_40_500-8000.hdf5	both	none
1673.8141	1	Stimulus/S  1	1	16738141	16738149	19	1	40	pips_40_500-8000.hdf5	both	none
1674.8595	1	Stimulus/S  1	1	16748595	16748603	19	2	60	pips_40_500-8000.hdf5	both	none
1675.9155	1	Stimulus/S  1	1	16759155	16759163	19	3	70	pips_40_500-8000.hdf5	both	none
1676.9822	1	Stimulus/S  1	1	16769822	16769830	19	4	50	pips_40_500-8000.hdf5	both	none
1678.0275	1	Stimulus/S  1	1	16780275	16780283	19	5	30	pips_40_500-8000.hdf5	both	none
1679.0942	1	Stimulus/S  1	1	16790942	16790950	20	0	20	pips_40_500-8000.hdf5	both	none
1680.1395	1	Stimulus/S  1	1	16801395	16801403	20	1	40	pips_40_500-8000.hdf5	both	none
1681.2062	1	Stimulus/S  1	1	16812062	16812070	20	2	60	pips_40_500-8000.hdf5	both	none
1682.2836	1	Stimulus/S  1	1	16822836	16822844	20	3	70	pips_40_500-8000.hdf5	both	none
1683.3396	1	Stimulus/S  1	1	16833396	16833404	20	4	50	pips_40_500-8000.hdf5	both	none
1684.4169	1	Stimulus/S  1	1	16844169	16844177	20	5	30	pips_40_500-8000.hdf5	both	none
1685.4836	1	Stimulus/S  1	1	16854836	16854844	21	0	20	pips_40_500-8000.hdf5	both	none
1686.5396	1	Stimulus/S  1	1	16865396	16865404	21	1	40	pips_40_500-8000.hdf5	both	none
1687.6063	1	Stimulus/S  1	1	16876063	16876071	21	2	60	pips_40_500-8000.hdf5	both	none
1688.6836	1	Stimulus/S  1	1	16886836	16886844	21	3	70	pips_40_500-8000.hdf5	both	none
1689.7396	1	Stimulus/S  1	1	16897396	16897404	21	4	50	pips_40_500-8000.hdf5	both	none
1690.7956	1	Stimulus/S  1	1	16907956	16907964	21	5	30	pips_40_500-8000.hdf5	both	none
1691.8623	1	Stimulus/S  1	1	16918623	16918631	22	0	20	pips_40_500-8000.hdf5	both	none
1692.9077	1	Stimulus/S  1	1	16929077	16929085	22	1	40	pips_40_500-8000.hdf5	both	none
1693.9743	1	Stimulus/S  1	1	16939743	16939751	22	2	60	pips_40_500-8000.hdf5	both	none
1695.0304	1	Stimulus/S  1	1	16950304	16950312	22	3	70	pips_40_500-8000.hdf5	both	none
1696.0757	1	Stimulus/S  1	1	16960757	16960765	22	4	50	pips_40_500-8000.hdf5	both	none
1697.1317	1	Stimulus/S  1	1	16971317	16971325	22	5	30	pips_40_500-8000.hdf5	both	none
1698.177	1	Stimulus/S  1	1	16981770	16981778	23	0	20	pips_40_500-8000.hdf5	both	none
1699.2331	1	Stimulus/S  1	1	16992331	16992339	23	1	40	pips_40_500-8000.hdf5	both	none
1700.2784	1	Stimulus/S  1	1	17002784	17002792	23	2	60	pips_40_500-8000.hdf5	both	none
1701.3237	1	Stimulus/S  1	1	17013237	17013245	23	3	70	pips_40_500-8000.hdf5	both	none
1702.3798	1	Stimulus/S  1	1	17023798	17023806	23	4	50	pips_40_500-8000.hdf5	both	none
1703.4251	1	Stimulus/S  1	1	17034251	17034259	23	5	30	pips_40_500-8000.hdf5	both	none
1704.4918	1	Stimulus/S  1	1	17044918	17044926	24	0	20	pips_40_500-8000.hdf5	both	none
1705.5478	1	Stimulus/S  1	1	17055478	17055486	24	1	40	pips_40_500-8000.hdf5	both	none
1706.6145	1	Stimulus/S  1	1	17066145	17066153	24	2	60	pips_40_500-8000.hdf5	both	none
1707.6598	1	Stimulus/S  1	1	17076598	17076606	24	3	70	pips_40_500-8000.hdf5	both	none
1708.7265	1	Stimulus/S  1	1	17087265	17087273	24	4	50	pips_40_500-8000.hdf5	both	none
1709.7932	1	Stimulus/S  1	1	17097932	17097940	24	5	30	pips_40_500-8000.hdf5	both	none
1710.8598	1	Stimulus/S  1	1	17108598	17108606	25	0	20	pips_40_500-8000.hdf5	both	none
1711.9265	1	Stimulus/S  1	1	17119265	17119273	25	1	40	pips_40_500-8000.hdf5	both	none
1712.9932	1	Stimulus/S  1	1	17129932	17129940	25	2	60	pips_40_500-8000.hdf5	both	none
1714.0599	1	Stimulus/S  1	1	17140599	17140607	25	3	70	pips_40_500-8000.hdf5	both	none
1715.1265	1	Stimulus/S  1	1	17151265	17151273	25	4	50	pips_40_500-8000.hdf5	both	none
1716.1932	1	Stimulus/S  1	1	17161932	17161940	25	5	30	pips_40_500-8000.hdf5	both	none
1717.2599	1	Stimulus/S  1	1	17172599	17172607	26	0	20	pips_40_500-8000.hdf5	both	none
1718.3266	1	Stimulus/S  1	1	17183266	17183274	26	1	40	pips_40_500-8000.hdf5	both	none
1719.3933	1	Stimulus/S  1	1	17193933	17193941	26	2	60	pips_40_500-8000.hdf5	both	none
1720.4599	1	Stimulus/S  1	1	17204599	17204607	26	3	70	pips_40_500-8000.hdf5	both	none
1721.5266	1	Stimulus/S  1	1	17215266	17215274	26	4	50	pips_40_500-8000.hdf5	both	none
1722.5933	1	Stimulus/S  1	1	17225933	17225941	26	5	30	pips_40_500-8000.hdf5	both	none
1723.66	1	Stimulus/S  1	1	17236600	17236608	27	0	20	pips_40_500-8000.hdf5	both	none
1724.7266	1	Stimulus/S  1	1	17247266	17247274	27	1	40	pips_40_500-8000.hdf5	both	none
1725.7933	1	Stimulus/S  1	1	17257933	17257941	27	2	60	pips_40_500-8000.hdf5	both	none
1726.86	1	Stimulus/S  1	1	17268600	17268608	27	3	70	pips_40_500-8000.hdf5	both	none
1727.9267	1	Stimulus/S  1	1	17279267	17279275	27	4	50	pips_40_500-8000.hdf5	both	none
1728.9933	1	Stimulus/S  1	1	17289933	17289941	27	5	30	pips_40_500-8000.hdf5	both	none
1730.06	1	Stimulus/S  1	1	17300600	17300608	28	0	20	pips_40_500-8000.hdf5	both	none
1731.1267	1	Stimulus/S  1	1	17311267	17311275	28	1	40	pips_40_500-8000.hdf5	both	none
1732.1934	1	Stimulus/S  1	1	17321934	17321942	28	2	60	pips_40_500-8000.hdf5	both	none
1733.2601	1	Stimulus/S  1	1	17332601	17332609	28	3	70	pips_40_500-8000.hdf5	both	none
1734.3161	1	Stimulus/S  1	1	17343161	17343169	28	4	50	pips_40_500-8000.hdf5	both	none
1735.3827	1	Stimulus/S  1	1	17353827	17353835	28	5	30	pips_40_500-8000.hdf5	both	none
1736.4281	1	Stimulus/S  1	1	17364281	17364289	29	0	20	pips_40_500-8000.hdf5	both	none
1737.4948	1	Stimulus/S  1	1	17374948	17374956	29	1	40	pips_40_500-8000.hdf5	both	none
1738.5508	1	Stimulus/S  1	1	17385508	17385516	29	2	60	pips_40_500-8000.hdf5	both	none
1739.5961	1	Stimulus/S  1	1	17395961	17395969	29	3	70	pips_40_500-8000.hdf5	both	none
1740.6415	1	Stimulus/S  1	1	17406415	17406423	29	4	50	pips_40_500-8000.hdf5	both	none
1741.6975	1	Stimulus/S  1	1	17416975	17416983	29	5	30	pips_40_500-8000.hdf5	both	none
1742.7428	1	Stimulus/S  1	1	17427428	17427436	30	0	20	pips_40_500-8000.hdf5	both	none
1743.7988	1	Stimulus/S  1	1	17437988	17437996	30	1	40	pips_40_500-8000.hdf5	both	none
1744.8442	1	Stimulus/S  1	1	17448442	17448450	30	2	60	pips_40_500-8000.hdf5	both	none
1745.9108	1	Stimulus/S  1	1	17459108	17459116	30	3	70	pips_40_500-8000.hdf5	both	none
1746.9669	1	Stimulus/S  1	1	17469669	17469677	30	4	50	pips_40_500-8000.hdf5	both	none
1748.0335	1	Stimulus/S  1	1	17480335	17480343	30	5	30	pips_40_500-8000.hdf5	both	none
1749.0789	1	Stimulus/S  1	1	17490789	17490797	31	0	20	pips_40_500-8000.hdf5	both	none
1750.1456	1	Stimulus/S  1	1	17501456	17501464	31	1	40	pips_40_500-8000.hdf5	both	none
1751.2122	1	Stimulus/S  1	1	17512122	17512130	31	2	60	pips_40_500-8000.hdf5	both	none
1752.2789	1	Stimulus/S  1	1	17522789	17522797	31	3	70	pips_40_500-8000.hdf5	both	none
1753.3456	1	Stimulus/S  1	1	17533456	17533464	31	4	50	pips_40_500-8000.hdf5	both	none
1754.4123	1	Stimulus/S  1	1	17544123	17544131	31	5	30	pips_40_500-8000.hdf5	both	none
1755.4789	1	Stimulus/S  1	1	17554789	17554797	32	0	20	pips_40_500-8000.hdf5	both	none
1756.5243	1	Stimulus/S  1	1	17565243	17565251	32	1	40	pips_40_500-8000.hdf5	both	none
1757.591	1	Stimulus/S  1	1	17575910	17575918	32	2	60	pips_40_500-8000.hdf5	both	none
1758.6683	1	Stimulus/S  1	1	17586683	17586691	32	3	70	pips_40_500-8000.hdf5	both	none
1759.7136	1	Stimulus/S  1	1	17597136	17597144	32	4	50	pips_40_500-8000.hdf5	both	none
1760.7803	1	Stimulus/S  1	1	17607803	17607811	32	5	30	pips_40_500-8000.hdf5	both	none
1761.8257	1	Stimulus/S  1	1	17618257	17618265	33	0	20	pips_40_500-8000.hdf5	both	none
1762.8923	1	Stimulus/S  1	1	17628923	17628931	33	1	40	pips_40_500-8000.hdf5	both	none
1763.9484	1	Stimulus/S  1	1	17639484	17639492	33	2	60	pips_40_500-8000.hdf5	both	none
1765.015	1	Stimulus/S  1	1	17650150	17650158	33	3	70	pips_40_500-8000.hdf5	both	none
1766.0604	1	Stimulus/S  1	1	17660604	17660612	33	4	50	pips_40_500-8000.hdf5	both	none
1767.1164	1	Stimulus/S  1	1	17671164	17671172	33	5	30	pips_40_500-8000.hdf5	both	none
1768.1617	1	Stimulus/S  1	1	17681617	17681625	34	0	20	pips_40_500-8000.hdf5	both	none
1769.2177	1	Stimulus/S  1	1	17692177	17692185	34	1	40	pips_40_500-8000.hdf5	both	none
1770.2631	1	Stimulus/S  1	1	17702631	17702639	34	2	60	pips_40_500-8000.hdf5	both	none
1771.3298	1	Stimulus/S  1	1	17713298	17713306	34	3	70	pips_40_500-8000.hdf5	both	none
1772.3751	1	Stimulus/S  1	1	17723751	17723759	34	4	50	pips_40_500-8000.hdf5	both	none
1773.4418	1	Stimulus/S  1	1	17734418	17734426	34	5	30	pips_40_500-8000.hdf5	both	none
1774.4978	1	Stimulus/S  1	1	17744978	17744986	35	0	20	pips_40_500-8000.hdf5	both	none
1775.5645	1	Stimulus/S  1	1	17755645	17755653	35	1	40	pips_40_500-8000.hdf5	both	none
1776.6311	1	Stimulus/S  1	1	17766311	17766319	35	2	60	pips_40_500-8000.hdf5	both	none
1777.6765	1	Stimulus/S  1	1	17776765	17776773	35	3	70	pips_40_500-8000.hdf5	both	none
1778.7432	1	Stimulus/S  1	1	17787432	17787440	35	4	50	pips_40_500-8000.hdf5	both	none
1779.7992	1	Stimulus/S  1	1	17797992	17798000	35	5	30	pips_40_500-8000.hdf5	both	none
1780.8659	1	Stimulus/S  1	1	17808659	17808667	36	0	20	pips_40_500-8000.hdf5	both	none
1781.9325	1	Stimulus/S  1	1	17819325	17819333	36	1	40	pips_40_500-8000.hdf5	both	none
1782.9992	1	Stimulus/S  1	1	17829992	17830000	36	2	60	pips_40_500-8000.hdf5	both	none
1784.0659	1	Stimulus/S  1	1	17840659	17840667	36	3	70	pips_40_500-8000.hdf5	both	none
1785.1326	1	Stimulus/S  1	1	17851326	17851334	36	4	50	pips_40_500-8000.hdf5	both	none
1786.1992	1	Stimulus/S  1	1	17861992	17862000	36	5	30	pips_40_500-8000.hdf5	both	none
1787.2446	1	Stimulus/S  1	1	17872446	17872454	37	0	20	pips_40_500-8000.hdf5	both	none
1788.3113	1	Stimulus/S  1	1	17883113	17883121	37	1	40	pips_40_500-8000.hdf5	both	none
1789.3673	1	Stimulus/S  1	1	17893673	17893681	37	2	60	pips_40_500-8000.hdf5	both	none
1790.4339	1	Stimulus/S  1	1	17904339	17904347	37	3	70	pips_40_500-8000.hdf5	both	none
1791.4793	1	Stimulus/S  1	1	17914793	17914801	37	4	50	pips_40_500-8000.hdf5	both	none
1792.5246	1	Stimulus/S  1	1	17925246	17925254	37	5	30	pips_40_500-8000.hdf5	both	none
1793.5806	1	Stimulus/S  1	1	17935806	17935814	38	0	20	pips_40_500-8000.hdf5	both	none
1794.626	1	Stimulus/S  1	1	17946260	17946268	38	1	40	pips_40_500-8000.hdf5	both	none
1795.682	1	Stimulus/S  1	1	17956820	17956828	38	2	60	pips_40_500-8000.hdf5	both	none
1796.7487	1	Stimulus/S  1	1	17967487	17967495	38	3	70	pips_40_500-8000.hdf5	both	none
1797.794	1	Stimulus/S  1	1	17977940	17977948	38	4	50	pips_40_500-8000.hdf5	both	none
1798.8607	1	Stimulus/S  1	1	17988607	17988615	38	5	30	pips_40_500-8000.hdf5	both	none
1799.9167	1	Stimulus/S  1	1	17999167	17999175	39	0	20	pips_40_500-8000.hdf5	both	none
1800.9834	1	Stimulus/S  1	1	18009834	18009842	39	1	40	pips_40_500-8000.hdf5	both	none
1802.0501	1	Stimulus/S  1	1	18020501	18020509	39	2	60	pips_40_500-8000.hdf5	both	none
1803.1167	1	Stimulus/S  1	1	18031167	18031175	39	3	70	pips_40_500-8000.hdf5	both	none
1804.1834	1	Stimulus/S  1	1	18041834	18041842	39	4	50	pips_40_500-8000.hdf5	both	none
1805.2501	1	Stimulus/S  1	1	18052501	18052509	39	5	30	pips_40_500-8000.hdf5	both	none
1806.3168	1	Stimulus/S  1	1	18063168	18063176	40	0	20	pips_40_500-8000.hdf5	both	none
1807.3834	1	Stimulus/S  1	1	18073834	18073842	40	1	40	pips_40_500-8000.hdf5	both	none
1808.4501	1	Stimulus/S  1	1	18084501	18084509	40	2	60	pips_40_500-8000.hdf5	both	none
1809.5168	1	Stimulus/S  1	1	18095168	18095176	40	3	70	pips_40_500-8000.hdf5	both	none
1810.5835	1	Stimulus/S  1	1	18105835	18105843	40	4	50	pips_40_500-8000.hdf5	both	none
1811.6502	1	Stimulus/S  1	1	18116502	18116510	40	5	30	pips_40_500-8000.hdf5	both	none
1812.7168	1	Stimulus/S  1	1	18127168	18127176	41	0	20	pips_40_500-8000.hdf5	both	none
1813.7835	1	Stimulus/S  1	1	18137835	18137843	41	1	40	pips_40_500-8000.hdf5	both	none
1814.8502	1	Stimulus/S  1	1	18148502	18148510	41	2	60	pips_40_500-8000.hdf5	both	none
1815.9169	1	Stimulus/S  1	1	18159169	18159177	41	3	70	pips_40_500-8000.hdf5	both	none
1816.9622	1	Stimulus/S  1	1	18169622	18169630	41	4	50	pips_40_500-8000.hdf5	both	none
1818.0289	1	Stimulus/S  1	1	18180289	18180297	41	5	30	pips_40_500-8000.hdf5	both	none
1819.0956	1	Stimulus/S  1	1	18190956	18190964	42	0	20	pips_40_500-8000.hdf5	both	none
1820.1516	1	Stimulus/S  1	1	18201516	18201524	42	1	40	pips_40_500-8000.hdf5	both	none
1821.1969	1	Stimulus/S  1	1	18211969	18211977	42	2	60	pips_40_500-8000.hdf5	both	none
1822.2423	1	Stimulus/S  1	1	18222423	18222431	42	3	70	pips_40_500-8000.hdf5	both	none
1823.2983	1	Stimulus/S  1	1	18232983	18232991	42	4	50	pips_40_500-8000.hdf5	both	none
1824.3436	1	Stimulus/S  1	1	18243436	18243444	42	5	30	pips_40_500-8000.hdf5	both	none
1825.3996	1	Stimulus/S  1	1	18253996	18254004	43	0	20	pips_40_500-8000.hdf5	both	none
1826.445	1	Stimulus/S  1	1	18264450	18264458	43	1	40	pips_40_500-8000.hdf5	both	none
1827.501	1	Stimulus/S  1	1	18275010	18275018	43	2	60	pips_40_500-8000.hdf5	both	none
1828.5677	1	Stimulus/S  1	1	18285677	18285685	43	3	70	pips_40_500-8000.hdf5	both	none
1829.613	1	Stimulus/S  1	1	18296130	18296138	43	4	50	pips_40_500-8000.hdf5	both	none
1830.6797	1	Stimulus/S  1	1	18306797	18306805	43	5	30	pips_40_500-8000.hdf5	both	none
1831.7357	1	Stimulus/S  1	1	18317357	18317365	44	0	20	pips_40_500-8000.hdf5	both	none
1832.8024	1	Stimulus/S  1	1	18328024	18328032	44	1	40	pips_40_500-8000.hdf5	both	none
1833.869	1	Stimulus/S  1	1	18338690	18338698	44	2	60	pips_40_500-8000.hdf5	both	none
1834.9357	1	Stimulus/S  1	1	18349357	18349365	44	3	70	pips_40_500-8000.hdf5	both	none
1836.0024	1	Stimulus/S  1	1	18360024	18360032	44	4	50	pips_40_500-8000.hdf5	both	none
1837.0691	1	Stimulus/S  1	1	18370691	18370699	44	5	30	pips_40_500-8000.hdf5	both	none
1838.1357	1	Stimulus/S  1	1	18381357	18381365	45	0	20	pips_40_500-8000.hdf5	both	none
1839.2024	1	Stimulus/S  1	1	18392024	18392032	45	1	40	pips_40_500-8000.hdf5	both	none
1840.2691	1	Stimulus/S  1	1	18402691	18402699	45	2	60	pips_40_500-8000.hdf5	both	none
1841.3358	1	Stimulus/S  1	1	18413358	18413366	45	3	70	pips_40_500-8000.hdf5	both	none
1842.4025	1	Stimulus/S  1	1	18424025	18424033	45	4	50	pips_40_500-8000.hdf5	both	none
1843.4691	1	Stimulus/S  1	1	18434691	18434699	45	5	30	pips_40_500-8000.hdf5	both	none
1844.5358	1	Stimulus/S  1	1	18445358	18445366	46	0	20	pips_40_500-8000.hdf5	both	none
1845.5812	1	Stimulus/S  1	1	18455812	18455820	46	1	40	pips_40_500-8000.hdf5	both	none
1846.6478	1	Stimulus/S  1	1	18466478	18466486	46	2	60	pips_40_500-8000.hdf5	both	none
1847.6932	1	Stimulus/S  1	1	18476932	18476940	46	3	70	pips_40_500-8000.hdf5	both	none
1848.7598	1	Stimulus/S  1	1	18487598	18487606	46	4	50	pips_40_500-8000.hdf5	both	none
1849.8159	1	Stimulus/S  1	1	18498159	18498167	46	5	30	pips_40_500-8000.hdf5	both	none
1850.8612	1	Stimulus/S  1	1	18508612	18508620	47	0	20	pips_40_500-8000.hdf5	both	none
1851.9172	1	Stimulus/S  1	1	18519172	18519180	47	1	40	pips_40_500-8000.hdf5	both	none
1852.9626	1	Stimulus/S  1	1	18529626	18529634	47	2	60	pips_40_500-8000.hdf5	both	none
1854.0186	1	Stimulus/S  1	1	18540186	18540194	47	3	70	pips_40_500-8000.hdf5	both	none
1855.0852	1	Stimulus/S  1	1	18550852	18550860	47	4	50	pips_40_500-8000.hdf5	both	none
1856.1306	1	Stimulus/S  1	1	18561306	18561314	47	5	30	pips_40_500-8000.hdf5	both	none
1857.1973	1	Stimulus/S  1	1	18571973	18571981	48	0	20	pips_40_500-8000.hdf5	both	none
1858.2426	1	Stimulus/S  1	1	18582426	18582434	48	1	40	pips_40_500-8000.hdf5	both	none
1859.32	1	Stimulus/S  1	1	18593200	18593208	48	2	60	pips_40_500-8000.hdf5	both	none
1860.3866	1	Stimulus/S  1	1	18603866	18603874	48	3	70	pips_40_500-8000.hdf5	both	none
1861.4426	1	Stimulus/S  1	1	18614426	18614434	48	4	50	pips_40_500-8000.hdf5	both	none
1862.52	1	Stimulus/S  1	1	18625200	18625208	48	5	30	pips_40_500-8000.hdf5	both	none
1863.5867	1	Stimulus/S  1	1	18635867	18635875	49	0	20	pips_40_500-8000.hdf5	both	none
1864.6427	1	Stimulus/S  1	1	18646427	18646435	49	1	40	pips_40_500-8000.hdf5	both	none
1865.72	1	Stimulus/S  1	1	18657200	18657208	49	2	60	pips_40_500-8000.hdf5	both	none
1866.776	1	Stimulus/S  1	1	18667760	18667768	49	3	70	pips_40_500-8000.hdf5	both	none
1867.8427	1	Stimulus/S  1	1	18678427	18678435	49	4	50	pips_40_500-8000.hdf5	both	none
1868.8987	1	Stimulus/S  1	1	18688987	18688995	49	5	30	pips_40_500-8000.hdf5	both	none
1869.9654	1	Stimulus/S  1	1	18699654	18699662	50	0	20	pips_40_500-8000.hdf5	both	none
1871.0107	1	Stimulus/S  1	1	18710107	18710115	50	1	40	pips_40_500-8000.hdf5	both	none
1872.0774	1	Stimulus/S  1	1	18720774	18720782	50	2	60	pips_40_500-8000.hdf5	both	none
1873.1334	1	Stimulus/S  1	1	18731334	18731342	50	3	70	pips_40_500-8000.hdf5	both	none
1874.1788	1	Stimulus/S  1	1	18741788	18741796	50	4	50	pips_40_500-8000.hdf5	both	none
1875.2348	1	Stimulus/S  1	1	18752348	18752356	50	5	30	pips_40_500-8000.hdf5	both	none
1876.2801	1	Stimulus/S  1	1	18762801	18762809	51	0	20	pips_40_500-8000.hdf5	both	none
1877.3361	1	Stimulus/S  1	1	18773361	18773369	51	1	40	pips_40_500-8000.hdf5	both	none
1878.3815	1	Stimulus/S  1	1	18783815	18783823	51	2	60	pips_40_500-8000.hdf5	both	none
1879.4268	1	Stimulus/S  1	1	18794268	18794276	51	3	70	pips_40_500-8000.hdf5	both	none
1880.4935	1	Stimulus/S  1	1	18804935	18804943	51	4	50	pips_40_500-8000.hdf5	both	none
1881.5495	1	Stimulus/S  1	1	18815495	18815503	51	5	30	pips_40_500-8000.hdf5	both	none
1882.6162	1	Stimulus/S  1	1	18826162	18826170	52	0	20	pips_40_500-8000.hdf5	both	none
1883.6615	1	Stimulus/S  1	1	18836615	18836623	52	1	40	pips_40_500-8000.hdf5	both	none
1884.7282	1	Stimulus/S  1	1	18847282	18847290	52	2	60	pips_40_500-8000.hdf5	both	none
1885.7949	1	Stimulus/S  1	1	18857949	18857957	52	3	70	pips_40_500-8000.hdf5	both	none
1886.8616	1	Stimulus/S  1	1	18868616	18868624	52	4	50	pips_40_500-8000.hdf5	both	none
1887.9282	1	Stimulus/S  1	1	18879282	18879290	52	5	30	pips_40_500-8000.hdf5	both	none
1888.9949	1	Stimulus/S  1	1	18889949	18889957	53	0	20	pips_40_500-8000.hdf5	both	none
1890.0616	1	Stimulus/S  1	1	18900616	18900624	53	1	40	pips_40_500-8000.hdf5	both	none
1891.1283	1	Stimulus/S  1	1	18911283	18911291	53	2	60	pips_40_500-8000.hdf5	both	none
1892.1949	1	Stimulus/S  1	1	18921949	18921957	53	3	70	pips_40_500-8000.hdf5	both	none
1893.2616	1	Stimulus/S  1	1	18932616	18932624	53	4	50	pips_40_500-8000.hdf5	both	none
1894.3283	1	Stimulus/S  1	1	18943283	18943291	53	5	30	pips_40_500-8000.hdf5	both	none
1895.395	1	Stimulus/S  1	1	18953950	18953958	54	0	20	pips_40_500-8000.hdf5	both	none
1896.4616	1	Stimulus/S  1	1	18964616	18964624	54	1	40	pips_40_500-8000.hdf5	both	none
1897.5177	1	Stimulus/S  1	1	18975177	18975185	54	2	60	pips_40_500-8000.hdf5	both	none
1898.5843	1	Stimulus/S  1	1	18985843	18985851	54	3	70	pips_40_500-8000.hdf5	both	none
1899.6297	1	Stimulus/S  1	1	18996297	18996305	54	4	50	pips_40_500-8000.hdf5	both	none
1900.6964	1	Stimulus/S  1	1	19006964	19006972	54	5	30	pips_40_500-8000.hdf5	both	none
1901.7524	1	Stimulus/S  1	1	19017524	19017532	55	0	20	pips_40_500-8000.hdf5	both	none
1902.7977	1	Stimulus/S  1	1	19027977	19027985	55	1	40	pips_40_500-8000.hdf5	both	none
1903.8537	1	Stimulus/S  1	1	19038537	19038545	55	2	60	pips_40_500-8000.hdf5	both	none
1904.8991	1	Stimulus/S  1	1	19048991	19048999	55	3	70	pips_40_500-8000.hdf5	both	none
1905.9444	1	Stimulus/S  1	1	19059444	19059452	55	4	50	pips_40_500-8000.hdf5	both	none
1907.0111	1	Stimulus/S  1	1	19070111	19070119	55	5	30	pips_40_500-8000.hdf5	both	none
1908.0671	1	Stimulus/S  1	1	19080671	19080679	56	0	20	pips_40_500-8000.hdf5	both	none
1909.1338	1	Stimulus/S  1	1	19091338	19091346	56	1	40	pips_40_500-8000.hdf5	both	none
1910.1791	1	Stimulus/S  1	1	19101791	19101799	56	2	60	pips_40_500-8000.hdf5	both	none
1911.2458	1	Stimulus/S  1	1	19112458	19112466	56	3	70	pips_40_500-8000.hdf5	both	none
1912.3125	1	Stimulus/S  1	1	19123125	19123133	56	4	50	pips_40_500-8000.hdf5	both	none
1913.3791	1	Stimulus/S  1	1	19133791	19133799	56	5	30	pips_40_500-8000.hdf5	both	none
1914.4458	1	Stimulus/S  1	1	19144458	19144466	57	0	20	pips_40_500-8000.hdf5	both	none
1915.5125	1	Stimulus/S  1	1	19155125	19155133	57	1	40	pips_40_500-8000.hdf5	both	none
1916.5792	1	Stimulus/S  1	1	19165792	19165800	57	2	60	pips_40_500-8000.hdf5	both	none
1917.6459	1	Stimulus/S  1	1	19176459	19176467	57	3	70	pips_40_500-8000.hdf5	both	none
1918.7125	1	Stimulus/S  1	1	19187125	19187133	57	4	50	pips_40_500-8000.hdf5	both	none
1919.7792	1	Stimulus/S  1	1	19197792	19197800	57	5	30	pips_40_500-8000.hdf5	both	none
1920.8352	1	Stimulus/S  1	1	19208352	19208360	58	0	20	pips_40_500-8000.hdf5	both	none
1921.9019	1	Stimulus/S  1	1	19219019	19219027	58	1	40	pips_40_500-8000.hdf5	both	none
1922.9472	1	Stimulus/S  1	1	19229472	19229480	58	2	60	pips_40_500-8000.hdf5	both	none
1924.0139	1	Stimulus/S  1	1	19240139	19240147	58	3	70	pips_40_500-8000.hdf5	both	none
1925.0806	1	Stimulus/S  1	1	19250806	19250814	58	4	50	pips_40_500-8000.hdf5	both	none
1926.1366	1	Stimulus/S  1	1	19261366	19261374	58	5	30	pips_40_500-8000.hdf5	both	none
1927.1819	1	Stimulus/S  1	1	19271819	19271827	59	0	20	pips_40_500-8000.hdf5	both	none
1928.2273	1	Stimulus/S  1	1	19282273	19282281	59	1	40	pips_40_500-8000.hdf5	both	none
1929.2833	1	Stimulus/S  1	1	19292833	19292841	59	2	60	pips_40_500-8000.hdf5	both	none
1930.3286	1	Stimulus/S  1	1	19303286	19303294	59	3	70	pips_40_500-8000.hdf5	both	none
1931.3847	1	Stimulus/S  1	1	19313847	19313855	59	4	50	pips_40_500-8000.hdf5	both	none
1932.43	1	Stimulus/S  1	1	19324300	19324308	59	5	30	pips_40_500-8000.hdf5	both	none
1933.486	1	Stimulus/S  1	1	19334860	19334868	60	0	20	pips_40_500-8000.hdf5	both	none
1934.5527	1	Stimulus/S  1	1	19345527	19345535	60	1	40	pips_40_500-8000.hdf5	both	none
1935.598	1	Stimulus/S  1	1	19355980	19355988	60	2	60	pips_40_500-8000.hdf5	both	none
1936.654	1	Stimulus/S  1	1	19366540	19366548	60	3	70	pips_40_500-8000.hdf5	both	none
1937.6994	1	Stimulus/S  1	1	19376994	19377002	60	4	50	pips_40_500-8000.hdf5	both	none
1938.7661	1	Stimulus/S  1	1	19387661	19387669	60	5	30	pips_40_500-8000.hdf5	both	none
1939.8327	1	Stimulus/S  1	1	19398327	19398335	61	0	20	pips_40_500-8000.hdf5	both	none
1940.8994	1	Stimulus/S  1	1	19408994	19409002	61	1	40	pips_40_500-8000.hdf5	both	none
1941.9661	1	Stimulus/S  1	1	19419661	19419669	61	2	60	pips_40_500-8000.hdf5	both	none
1943.0328	1	Stimulus/S  1	1	19430328	19430336	61	3	70	pips_40_500-8000.hdf5	both	none
1944.0994	1	Stimulus/S  1	1	19440994	19441002	61	4	50	pips_40_500-8000.hdf5	both	none
1945.1661	1	Stimulus/S  1	1	19451661	19451669	61	5	30	pips_40_500-8000.hdf5	both	none
1946.2328	1	Stimulus/S  1	1	19462328	19462336	62	0	20	pips_40_500-8000.hdf5	both	none
1947.2995	1	Stimulus/S  1	1	19472995	19473003	62	1	40	pips_40_500-8000.hdf5	both	none
1948.3662	1	Stimulus/S  1	1	19483662	19483670	62	2	60	pips_40_500-8000.hdf5	both	none
1949.4328	1	Stimulus/S  1	1	19494328	19494336	62	3	70	pips_40_500-8000.hdf5	both	none
1950.4995	1	Stimulus/S  1	1	19504995	19505003	62	4	50	pips_40_500-8000.hdf5	both	none
1951.5662	1	Stimulus/S  1	1	19515662	19515670	62	5	30	pips_40_500-8000.hdf5	both	none
1952.6329	1	Stimulus/S  1	1	19526329	19526337	63	0	20	pips_40_500-8000.hdf5	both	none
1953.6995	1	Stimulus/S  1	1	19536995	19537003	63	1	40	pips_40_500-8000.hdf5	both	none
1954.7662	1	Stimulus/S  1	1	19547662	19547670	63	2	60	pips_40_500-8000.hdf5	both	none
1955.8329	1	Stimulus/S  1	1	19558329	19558337	63	3	70	pips_40_500-8000.hdf5	both	none
1956.8996	1	Stimulus/S  1	1	19568996	19569004	63	4	50	pips_40_500-8000.hdf5	both	none
1957.9662	1	Stimulus/S  1	1	19579662	19579670	63	5	30	pips_40_500-8000.hdf5	both	none
1959.0329	1	Stimulus/S  1	1	19590329	19590337	64	0	20	pips_40_500-8000.hdf5	both	none
1960.0996	1	Stimulus/S  1	1	19600996	19601004	64	1	40	pips_40_500-8000.hdf5	both	none
1961.1663	1	Stimulus/S  1	1	19611663	19611671	64	2	60	pips_40_500-8000.hdf5	both	none
1962.233	1	Stimulus/S  1	1	19622330	19622338	64	3	70	pips_40_500-8000.hdf5	both	none
1963.2996	1	Stimulus/S  1	1	19632996	19633004	64	4	50	pips_40_500-8000.hdf5	both	none
1964.3663	1	Stimulus/S  1	1	19643663	19643671	64	5	30	pips_40_500-8000.hdf5	both	none
1965.433	1	Stimulus/S  1	1	19654330	19654338	65	0	20	pips_40_500-8000.hdf5	both	none
1966.4997	1	Stimulus/S  1	1	19664997	19665005	65	1	40	pips_40_500-8000.hdf5	both	none
1967.5663	1	Stimulus/S  1	1	19675663	19675671	65	2	60	pips_40_500-8000.hdf5	both	none
1968.633	1	Stimulus/S  1	1	19686330	19686338	65	3	70	pips_40_500-8000.hdf5	both	none
1969.6997	1	Stimulus/S  1	1	19696997	19697005	65	4	50	pips_40_500-8000.hdf5	both	none
1970.7664	1	Stimulus/S  1	1	19707664	19707672	65	5	30	pips_40_500-8000.hdf5	both	none
1971.833	1	Stimulus/S  1	1	19718330	19718338	66	0	20	pips_40_500-8000.hdf5	both	none
1972.8997	1	Stimulus/S  1	1	19728997	19729005	66	1	40	pips_40_500-8000.hdf5	both	none
1973.9451	1	Stimulus/S  1	1	19739451	19739459	66	2	60	pips_40_500-8000.hdf5	both	none
1975.0117	1	Stimulus/S  1	1	19750117	19750125	66	3	70	pips_40_500-8000.hdf5	both	none
1976.0678	1	Stimulus/S  1	1	19760678	19760686	66	4	50	pips_40_500-8000.hdf5	both	none
1977.1131	1	Stimulus/S  1	1	19771131	19771139	66	5	30	pips_40_500-8000.hdf5	both	none
1978.1691	1	Stimulus/S  1	1	19781691	19781699	67	0	20	pips_40_500-8000.hdf5	both	none
1979.2145	1	Stimulus/S  1	1	19792145	19792153	67	1	40	pips_40_500-8000.hdf5	both	none
1980.2705	1	Stimulus/S  1	1	19802705	19802713	67	2	60	pips_40_500-8000.hdf5	both	none
1981.3158	1	Stimulus/S  1	1	19813158	19813166	67	3	70	pips_40_500-8000.hdf5	both	none
1982.3718	1	Stimulus/S  1	1	19823718	19823726	67	4	50	pips_40_500-8000.hdf5	both	none
1983.4172	1	Stimulus/S  1	1	19834172	19834180	67	5	30	pips_40_500-8000.hdf5	both	none
1984.4625	1	Stimulus/S  1	1	19844625	19844633	68	0	20	pips_40_500-8000.hdf5	both	none
1985.5185	1	Stimulus/S  1	1	19855185	19855193	68	1	40	pips_40_500-8000.hdf5	both	none
1986.5639	1	Stimulus/S  1	1	19865639	19865647	68	2	60	pips_40_500-8000.hdf5	both	none
1987.6199	1	Stimulus/S  1	1	19876199	19876207	68	3	70	pips_40_500-8000.hdf5	both	none
1988.6652	1	Stimulus/S  1	1	19886652	19886660	68	4	50	pips_40_500-8000.hdf5	both	none
1989.7212	1	Stimulus/S  1	1	19897212	19897220	68	5	30	pips_40_500-8000.hdf5	both	none
1990.7879	1	Stimulus/S  1	1	19907879	19907887	69	0	20	pips_40_500-8000.hdf5	both	none
1991.8546	1	Stimulus/S  1	1	19918546	19918554	69	1	40	pips_40_500-8000.hdf5	both	none
1992.8999	1	Stimulus/S  1	1	19928999	19929007	69	2	60	pips_40_500-8000.hdf5	both	none
1993.9666	1	Stimulus/S  1	1	19939666	19939674	69	3	70	pips_40_500-8000.hdf5	both	none
1995.0119	1	Stimulus/S  1	1	19950119	19950127	69	4	50	pips_40_500-8000.hdf5	both	none
1996.0786	1	Stimulus/S  1	1	19960786	19960794	69	5	30	pips_40_500-8000.hdf5	both	none
1997.1453	1	Stimulus/S  1	1	19971453	19971461	70	0	20	pips_40_500-8000.hdf5	both	none
1998.212	1	Stimulus/S  1	1	19982120	19982128	70	1	40	pips_40_500-8000.hdf5	both	none
1999.2786	1	Stimulus/S  1	1	19992786	19992794	70	2	60	pips_40_500-8000.hdf5	both	none
2000.356	1	Stimulus/S  1	1	20003560	20003568	70	3	70	pips_40_500-8000.hdf5	both	none
2001.412	1	Stimulus/S  1	1	20014120	20014128	70	4	50	pips_40_500-8000.hdf5	both	none
2002.4787	1	Stimulus/S  1	1	20024787	20024795	70	5	30	pips_40_500-8000.hdf5	both	none
2003.5454	1	Stimulus/S  1	1	20035454	20035462	71	0	20	pips_40_500-8000.hdf5	both	none
2004.612	1	Stimulus/S  1	1	20046120	20046128	71	1	40	pips_40_500-8000.hdf5	both	none
2005.6787	1	Stimulus/S  1	1	20056787	20056795	71	2	60	pips_40_500-8000.hdf5	both	none
2006.7454	1	Stimulus/S  1	1	20067454	20067462	71	3	70	pips_40_500-8000.hdf5	both	none
2007.8121	1	Stimulus/S  1	1	20078121	20078129	71	4	50	pips_40_500-8000.hdf5	both	none
2008.8787	1	Stimulus/S  1	1	20088787	20088795	71	5	30	pips_40_500-8000.hdf5	both	none
2009.9454	1	Stimulus/S  1	1	20099454	20099462	72	0	20	pips_40_500-8000.hdf5	both	none
2011.0121	1	Stimulus/S  1	1	20110121	20110129	72	1	40	pips_40_500-8000.hdf5	both	none
2012.0681	1	Stimulus/S  1	1	20120681	20120689	72	2	60	pips_40_500-8000.hdf5	both	none
2013.1348	1	Stimulus/S  1	1	20131348	20131356	72	3	70	pips_40_500-8000.hdf5	both	none
2014.2015	1	Stimulus/S  1	1	20142015	20142023	72	4	50	pips_40_500-8000.hdf5	both	none
2015.2468	1	Stimulus/S  1	1	20152468	20152476	72	5	30	pips_40_500-8000.hdf5	both	none
2016.3135	1	Stimulus/S  1	1	20163135	20163143	73	0	20	pips_40_500-8000.hdf5	both	none
2017.3695	1	Stimulus/S  1	1	20173695	20173703	73	1	40	pips_40_500-8000.hdf5	both	none
2018.4362	1	Stimulus/S  1	1	20184362	20184370	73	2	60	pips_40_500-8000.hdf5	both	none
2019.4815	1	Stimulus/S  1	1	20194815	20194823	73	3	70	pips_40_500-8000.hdf5	both	none
2020.5482	1	Stimulus/S  1	1	20205482	20205490	73	4	50	pips_40_500-8000.hdf5	both	none
2021.6042	1	Stimulus/S  1	1	20216042	20216050	73	5	30	pips_40_500-8000.hdf5	both	none
2022.6495	1	Stimulus/S  1	1	20226495	20226503	74	0	20	pips_40_500-8000.hdf5	both	none
2023.7056	1	Stimulus/S  1	1	20237056	20237064	74	1	40	pips_40_500-8000.hdf5	both	none
2024.7509	1	Stimulus/S  1	1	20247509	20247517	74	2	60	pips_40_500-8000.hdf5	both	none
2025.7962	1	Stimulus/S  1	1	20257962	20257970	74	3	70	pips_40_500-8000.hdf5	both	none
2026.8629	1	Stimulus/S  1	1	20268629	20268637	74	4	50	pips_40_500-8000.hdf5	both	none
2027.9189	1	Stimulus/S  1	1	20279189	20279197	74	5	30	pips_40_500-8000.hdf5	both	none
2028.9856	1	Stimulus/S  1	1	20289856	20289864	75	0	20	pips_40_500-8000.hdf5	both	none
2030.0309	1	Stimulus/S  1	1	20300309	20300317	75	1	40	pips_40_500-8000.hdf5	both	none
2031.0976	1	Stimulus/S  1	1	20310976	20310984	75	2	60	pips_40_500-8000.hdf5	both	none
2032.1643	1	Stimulus/S  1	1	20321643	20321651	75	3	70	pips_40_500-8000.hdf5	both	none
2033.231	1	Stimulus/S  1	1	20332310	20332318	75	4	50	pips_40_500-8000.hdf5	both	none
2034.2977	1	Stimulus/S  1	1	20342977	20342985	75	5	30	pips_40_500-8000.hdf5	both	none
2035.3643	1	Stimulus/S  1	1	20353643	20353651	76	0	20	pips_40_500-8000.hdf5	both	none
2036.431	1	Stimulus/S  1	1	20364310	20364318	76	1	40	pips_40_500-8000.hdf5	both	none
2037.4977	1	Stimulus/S  1	1	20374977	20374985	76	2	60	pips_40_500-8000.hdf5	both	none
2038.5644	1	Stimulus/S  1	1	20385644	20385652	76	3	70	pips_40_500-8000.hdf5	both	none
2039.631	1	Stimulus/S  1	1	20396310	20396318	76	4	50	pips_40_500-8000.hdf5	both	none
2040.687	1	Stimulus/S  1	1	20406870	20406878	76	5	30	pips_40_500-8000.hdf5	both	none
2041.7537	1	Stimulus/S  1	1	20417537	20417545	77	0	20	pips_40_500-8000.hdf5	both	none
2042.8204	1	Stimulus/S  1	1	20428204	20428212	77	1	40	pips_40_500-8000.hdf5	both	none
2043.8657	1	Stimulus/S  1	1	20438657	20438665	77	2	60	pips_40_500-8000.hdf5	both	none
2044.9324	1	Stimulus/S  1	1	20449324	20449332	77	3	70	pips_40_500-8000.hdf5	both	none
2045.9884	1	Stimulus/S  1	1	20459884	20459892	77	4	50	pips_40_500-8000.hdf5	both	none
2047.0338	1	Stimulus/S  1	1	20470338	20470346	77	5	30	pips_40_500-8000.hdf5	both	none
2048.0898	1	Stimulus/S  1	1	20480898	20480906	78	0	20	pips_40_500-8000.hdf5	both	none
2049.1351	1	Stimulus/S  1	1	20491351	20491359	78	1	40	pips_40_500-8000.hdf5	both	none
2050.1805	1	Stimulus/S  1	1	20501805	20501813	78	2	60	pips_40_500-8000.hdf5	both	none
2051.2365	1	Stimulus/S  1	1	20512365	20512373	78	3	70	pips_40_500-8000.hdf5	both	none
2052.2818	1	Stimulus/S  1	1	20522818	20522826	78	4	50	pips_40_500-8000.hdf5	both	none
2053.3378	1	Stimulus/S  1	1	20533378	20533386	78	5	30	pips_40_500-8000.hdf5	both	none
2054.4045	1	Stimulus/S  1	1	20544045	20544053	79	0	20	pips_40_500-8000.hdf5	both	none
2055.4499	1	Stimulus/S  1	1	20554499	20554507	79	1	40	pips_40_500-8000.hdf5	both	none
2056.5165	1	Stimulus/S  1	1	20565165	20565173	79	2	60	pips_40_500-8000.hdf5	both	none
2057.5832	1	Stimulus/S  1	1	20575832	20575840	79	3	70	pips_40_500-8000.hdf5	both	none
2058.6499	1	Stimulus/S  1	1	20586499	20586507	79	4	50	pips_40_500-8000.hdf5	both	none
2059.7166	1	Stimulus/S  1	1	20597166	20597174	79	5	30	pips_40_500-8000.hdf5	both	none
2060.7832	1	Stimulus/S  1	1	20607832	20607840	80	0	20	pips_40_500-8000.hdf5	both	none
2061.8499	1	Stimulus/S  1	1	20618499	20618507	80	1	40	pips_40_500-8000.hdf5	both	none
2062.9166	1	Stimulus/S  1	1	20629166	20629174	80	2	60	pips_40_500-8000.hdf5	both	none
2063.9833	1	Stimulus/S  1	1	20639833	20639841	80	3	70	pips_40_500-8000.hdf5	both	none
2065.05	1	Stimulus/S  1	1	20650500	20650508	80	4	50	pips_40_500-8000.hdf5	both	none
2066.106	1	Stimulus/S  1	1	20661060	20661068	80	5	30	pips_40_500-8000.hdf5	both	none
2067.1726	1	Stimulus/S  1	1	20671726	20671734	81	0	20	pips_40_500-8000.hdf5	both	none
2068.218	1	Stimulus/S  1	1	20682180	20682188	81	1	40	pips_40_500-8000.hdf5	both	none
2069.2847	1	Stimulus/S  1	1	20692847	20692855	81	2	60	pips_40_500-8000.hdf5	both	none
2070.33	1	Stimulus/S  1	1	20703300	20703308	81	3	70	pips_40_500-8000.hdf5	both	none
2071.386	1	Stimulus/S  1	1	20713860	20713868	81	4	50	pips_40_500-8000.hdf5	both	none
2072.4314	1	Stimulus/S  1	1	20724314	20724322	81	5	30	pips_40_500-8000.hdf5	both	none
2073.498	1	Stimulus/S  1	1	20734980	20734988	82	0	20	pips_40_500-8000.hdf5	both	none
2074.554	1	Stimulus/S  1	1	20745540	20745548	82	1	40	pips_40_500-8000.hdf5	both	none
2075.6207	1	Stimulus/S  1	1	20756207	20756215	82	2	60	pips_40_500-8000.hdf5	both	none
2076.6661	1	Stimulus/S  1	1	20766661	20766669	82	3	70	pips_40_500-8000.hdf5	both	none
2077.7221	1	Stimulus/S  1	1	20777221	20777229	82	4	50	pips_40_500-8000.hdf5	both	none
2078.7674	1	Stimulus/S  1	1	20787674	20787682	82	5	30	pips_40_500-8000.hdf5	both	none
2079.8341	1	Stimulus/S  1	1	20798341	20798349	83	0	20	pips_40_500-8000.hdf5	both	none
2080.9008	1	Stimulus/S  1	1	20809008	20809016	83	1	40	pips_40_500-8000.hdf5	both	none
2081.9675	1	Stimulus/S  1	1	20819675	20819683	83	2	60	pips_40_500-8000.hdf5	both	none
2083.0341	1	Stimulus/S  1	1	20830341	20830349	83	3	70	pips_40_500-8000.hdf5	both	none
2084.1008	1	Stimulus/S  1	1	20841008	20841016	83	4	50	pips_40_500-8000.hdf5	both	none
2085.1675	1	Stimulus/S  1	1	20851675	20851683	83	5	30	pips_40_500-8000.hdf5	both	none
2086.2342	1	Stimulus/S  1	1	20862342	20862350	84	0	20	pips_40_500-8000.hdf5	both	none
2087.3008	1	Stimulus/S  1	1	20873008	20873016	84	1	40	pips_40_500-8000.hdf5	both	none
2088.3675	1	Stimulus/S  1	1	20883675	20883683	84	2	60	pips_40_500-8000.hdf5	both	none
2089.4342	1	Stimulus/S  1	1	20894342	20894350	84	3	70	pips_40_500-8000.hdf5	both	none
2090.5009	1	Stimulus/S  1	1	20905009	20905017	84	4	50	pips_40_500-8000.hdf5	both	none
2091.5675	1	Stimulus/S  1	1	20915675	20915683	84	5	30	pips_40_500-8000.hdf5	both	none
2092.6342	1	Stimulus/S  1	1	20926342	20926350	85	0	20	pips_40_500-8000.hdf5	both	none
2093.7009	1	Stimulus/S  1	1	20937009	20937017	85	1	40	pips_40_500-8000.hdf5	both	none
2094.7676	1	Stimulus/S  1	1	20947676	20947684	85	2	60	pips_40_500-8000.hdf5	both	none
2095.8236	1	Stimulus/S  1	1	20958236	20958244	85	3	70	pips_40_500-8000.hdf5	both	none
2096.8903	1	Stimulus/S  1	1	20968903	20968911	85	4	50	pips_40_500-8000.hdf5	both	none
2097.9356	1	Stimulus/S  1	1	20979356	20979364	85	5	30	pips_40_500-8000.hdf5	both	none
2099.0023	1	Stimulus/S  1	1	20990023	20990031	86	0	20	pips_40_500-8000.hdf5	both	none
2100.0476	1	Stimulus/S  1	1	21000476	21000484	86	1	40	pips_40_500-8000.hdf5	both	none
2101.1036	1	Stimulus/S  1	1	21011036	21011044	86	2	60	pips_40_500-8000.hdf5	both	none
2102.149	1	Stimulus/S  1	1	21021490	21021498	86	3	70	pips_40_500-8000.hdf5	both	none
2103.205	1	Stimulus/S  1	1	21032050	21032058	86	4	50	pips_40_500-8000.hdf5	both	none
2104.2503	1	Stimulus/S  1	1	21042503	21042511	86	5	30	pips_40_500-8000.hdf5	both	none
2105.3063	1	Stimulus/S  1	1	21053063	21053071	87	0	20	pips_40_500-8000.hdf5	both	none
2106.3517	1	Stimulus/S  1	1	21063517	21063525	87	1	40	pips_40_500-8000.hdf5	both	none
2107.397	1	Stimulus/S  1	1	21073970	21073978	87	2	60	pips_40_500-8000.hdf5	both	none
2108.453	1	Stimulus/S  1	1	21084530	21084538	87	3	70	pips_40_500-8000.hdf5	both	none
2109.5197	1	Stimulus/S  1	1	21095197	21095205	87	4	50	pips_40_500-8000.hdf5	both	none
2110.5651	1	Stimulus/S  1	1	21105651	21105659	87	5	30	pips_40_500-8000.hdf5	both	none
2111.6317	1	Stimulus/S  1	1	21116317	21116325	88	0	20	pips_40_500-8000.hdf5	both	none
2112.6878	1	Stimulus/S  1	1	21126878	21126886	88	1	40	pips_40_500-8000.hdf5	both	none
2113.7331	1	Stimulus/S  1	1	21137331	21137339	88	2	60	pips_40_500-8000.hdf5	both	none
2114.7891	1	Stimulus/S  1	1	21147891	21147899	88	3	70	pips_40_500-8000.hdf5	both	none
2115.8344	1	Stimulus/S  1	1	21158344	21158352	88	4	50	pips_40_500-8000.hdf5	both	none
2116.8905	1	Stimulus/S  1	1	21168905	21168913	88	5	30	pips_40_500-8000.hdf5	both	none
2117.9358	1	Stimulus/S  1	1	21179358	21179366	89	0	20	pips_40_500-8000.hdf5	both	none
2118.9811	1	Stimulus/S  1	1	21189811	21189819	89	1	40	pips_40_500-8000.hdf5	both	none
2120.0372	1	Stimulus/S  1	1	21200372	21200380	89	2	60	pips_40_500-8000.hdf5	both	none
2121.0825	1	Stimulus/S  1	1	21210825	21210833	89	3	70	pips_40_500-8000.hdf5	both	none
2122.1492	1	Stimulus/S  1	1	21221492	21221500	89	4	50	pips_40_500-8000.hdf5	both	none
2123.2052	1	Stimulus/S  1	1	21232052	21232060	89	5	30	pips_40_500-8000.hdf5	both	none
2124.2719	1	Stimulus/S  1	1	21242719	21242727	90	0	20	pips_40_500-8000.hdf5	both	none
2125.3172	1	Stimulus/S  1	1	21253172	21253180	90	1	40	pips_40_500-8000.hdf5	both	none
2126.3839	1	Stimulus/S  1	1	21263839	21263847	90	2	60	pips_40_500-8000.hdf5	both	none
2127.4506	1	Stimulus/S  1	1	21274506	21274514	90	3	70	pips_40_500-8000.hdf5	both	none
2128.5066	1	Stimulus/S  1	1	21285066	21285074	90	4	50	pips_40_500-8000.hdf5	both	none
2129.5732	1	Stimulus/S  1	1	21295732	21295740	90	5	30	pips_40_500-8000.hdf5	both	none
2130.6186	1	Stimulus/S  1	1	21306186	21306194	91	0	20	pips_40_500-8000.hdf5	both	none
2131.6853	1	Stimulus/S  1	1	21316853	21316861	91	1	40	pips_40_500-8000.hdf5	both	none
2132.7519	1	Stimulus/S  1	1	21327519	21327527	91	2	60	pips_40_500-8000.hdf5	both	none
2133.8186	1	Stimulus/S  1	1	21338186	21338194	91	3	70	pips_40_500-8000.hdf5	both	none
2134.8853	1	Stimulus/S  1	1	21348853	21348861	91	4	50	pips_40_500-8000.hdf5	both	none
2135.952	1	Stimulus/S  1	1	21359520	21359528	91	5	30	pips_40_500-8000.hdf5	both	none
2137.0187	1	Stimulus/S  1	1	21370187	21370195	92	0	20	pips_40_500-8000.hdf5	both	none
2138.064	1	Stimulus/S  1	1	21380640	21380648	92	1	40	pips_40_500-8000.hdf5	both	none
2139.1413	1	Stimulus/S  1	1	21391413	21391421	92	2	60	pips_40_500-8000.hdf5	both	none
2140.1867	1	Stimulus/S  1	1	21401867	21401875	92	3	70	pips_40_500-8000.hdf5	both	none
2141.2534	1	Stimulus/S  1	1	21412534	21412542	92	4	50	pips_40_500-8000.hdf5	both	none
2142.2987	1	Stimulus/S  1	1	21422987	21422995	92	5	30	pips_40_500-8000.hdf5	both	none
2143.3547	1	Stimulus/S  1	1	21433547	21433555	93	0	20	pips_40_500-8000.hdf5	both	none
2144.4001	1	Stimulus/S  1	1	21444001	21444009	93	1	40	pips_40_500-8000.hdf5	both	none
2145.4561	1	Stimulus/S  1	1	21454561	21454569	93	2	60	pips_40_500-8000.hdf5	both	none
2146.5014	1	Stimulus/S  1	1	21465014	21465022	93	3	70	pips_40_500-8000.hdf5	both	none
2147.5681	1	Stimulus/S  1	1	21475681	21475689	93	4	50	pips_40_500-8000.hdf5	both	none
2148.6241	1	Stimulus/S  1	1	21486241	21486249	93	5	30	pips_40_500-8000.hdf5	both	none
2149.6908	1	Stimulus/S  1	1	21496908	21496916	94	0	20	pips_40_500-8000.hdf5	both	none
2150.7361	1	Stimulus/S  1	1	21507361	21507369	94	1	40	pips_40_500-8000.hdf5	both	none
2151.8028	1	Stimulus/S  1	1	21518028	21518036	94	2	60	pips_40_500-8000.hdf5	both	none
2152.8695	1	Stimulus/S  1	1	21528695	21528703	94	3	70	pips_40_500-8000.hdf5	both	none
2153.9362	1	Stimulus/S  1	1	21539362	21539370	94	4	50	pips_40_500-8000.hdf5	both	none
2155.0028	1	Stimulus/S  1	1	21550028	21550036	94	5	30	pips_40_500-8000.hdf5	both	none
2156.0695	1	Stimulus/S  1	1	21560695	21560703	95	0	20	pips_40_500-8000.hdf5	both	none
2157.1362	1	Stimulus/S  1	1	21571362	21571370	95	1	40	pips_40_500-8000.hdf5	both	none
2158.2029	1	Stimulus/S  1	1	21582029	21582037	95	2	60	pips_40_500-8000.hdf5	both	none
2159.2695	1	Stimulus/S  1	1	21592695	21592703	95	3	70	pips_40_500-8000.hdf5	both	none
2160.3362	1	Stimulus/S  1	1	21603362	21603370	95	4	50	pips_40_500-8000.hdf5	both	none
2161.3816	1	Stimulus/S  1	1	21613816	21613824	95	5	30	pips_40_500-8000.hdf5	both	none
2162.4482	1	Stimulus/S  1	1	21624482	21624490	96	0	20	pips_40_500-8000.hdf5	both	none
2163.5042	1	Stimulus/S  1	1	21635042	21635050	96	1	40	pips_40_500-8000.hdf5	both	none
2164.5709	1	Stimulus/S  1	1	21645709	21645717	96	2	60	pips_40_500-8000.hdf5	both	none
2165.6163	1	Stimulus/S  1	1	21656163	21656171	96	3	70	pips_40_500-8000.hdf5	both	none
2166.6723	1	Stimulus/S  1	1	21666723	21666731	96	4	50	pips_40_500-8000.hdf5	both	none
2167.7176	1	Stimulus/S  1	1	21677176	21677184	96	5	30	pips_40_500-8000.hdf5	both	none
2168.7736	1	Stimulus/S  1	1	21687736	21687744	97	0	20	pips_40_500-8000.hdf5	both	none
2169.819	1	Stimulus/S  1	1	21698190	21698198	97	1	40	pips_40_500-8000.hdf5	both	none
2170.8856	1	Stimulus/S  1	1	21708856	21708864	97	2	60	pips_40_500-8000.hdf5	both	none
2171.9417	1	Stimulus/S  1	1	21719417	21719425	97	3	70	pips_40_500-8000.hdf5	both	none
2172.987	1	Stimulus/S  1	1	21729870	21729878	97	4	50	pips_40_500-8000.hdf5	both	none
2174.0323	1	Stimulus/S  1	1	21740323	21740331	97	5	30	pips_40_500-8000.hdf5	both	none
2175.099	1	Stimulus/S  1	1	21750990	21750998	98	0	20	pips_40_500-8000.hdf5	both	none
2176.155	1	Stimulus/S  1	1	21761550	21761558	98	1	40	pips_40_500-8000.hdf5	both	none
2177.2217	1	Stimulus/S  1	1	21772217	21772225	98	2	60	pips_40_500-8000.hdf5	both	none
2178.2884	1	Stimulus/S  1	1	21782884	21782892	98	3	70	pips_40_500-8000.hdf5	both	none
2179.3551	1	Stimulus/S  1	1	21793551	21793559	98	4	50	pips_40_500-8000.hdf5	both	none
2180.4217	1	Stimulus/S  1	1	21804217	21804225	98	5	30	pips_40_500-8000.hdf5	both	none
2181.4884	1	Stimulus/S  1	1	21814884	21814892	99	0	20	pips_40_500-8000.hdf5	both	none
2182.5551	1	Stimulus/S  1	1	21825551	21825559	99	1	40	pips_40_500-8000.hdf5	both	none
2183.6218	1	Stimulus/S  1	1	21836218	21836226	99	2	60	pips_40_500-8000.hdf5	both	none
2184.6885	1	Stimulus/S  1	1	21846885	21846893	99	3	70	pips_40_500-8000.hdf5	both	none
2185.7551	1	Stimulus/S  1	1	21857551	21857559	99	4	50	pips_40_500-8000.hdf5	both	none
2186.8218	1	Stimulus/S  1	1	21868218	21868226	99	5	30	pips_40_500-8000.hdf5	both	none
2187.8885	1	Stimulus/S  1	1	21878885	21878893	100	0	20	pips_40_500-8000.hdf5	both	none
2188.9552	1	Stimulus/S  1	1	21889552	21889560	100	1	40	pips_40_500-8000.hdf5	both	none
2190.0218	1	Stimulus/S  1	1	21900218	21900226	100	2	60	pips_40_500-8000.hdf5	both	none
2191.0885	1	Stimulus/S  1	1	21910885	21910893	100	3	70	pips_40_500-8000.hdf5	both	none
2192.1552	1	Stimulus/S  1	1	21921552	21921560	100	4	50	pips_40_500-8000.hdf5	both	none
2193.2005	1	Stimulus/S  1	1	21932005	21932013	100	5	30	pips_40_500-8000.hdf5	both	none
2194.2672	1	Stimulus/S  1	1	21942672	21942680	101	0	20	pips_40_500-8000.hdf5	both	none
2195.3339	1	Stimulus/S  1	1	21953339	21953347	101	1	40	pips_40_500-8000.hdf5	both	none
2196.3899	1	Stimulus/S  1	1	21963899	21963907	101	2	60	pips_40_500-8000.hdf5	both	none
2197.4566	1	Stimulus/S  1	1	21974566	21974574	101	3	70	pips_40_500-8000.hdf5	both	none
2198.5233	1	Stimulus/S  1	1	21985233	21985241	101	4	50	pips_40_500-8000.hdf5	both	none
2199.5899	1	Stimulus/S  1	1	21995899	21995907	101	5	30	pips_40_500-8000.hdf5	both	none
2200.6566	1	Stimulus/S  1	1	22006566	22006574	102	0	20	pips_40_500-8000.hdf5	both	none
2201.7233	1	Stimulus/S  1	1	22017233	22017241	102	1	40	pips_40_500-8000.hdf5	both	none
2202.79	1	Stimulus/S  1	1	22027900	22027908	102	2	60	pips_40_500-8000.hdf5	both	none
2203.8566	1	Stimulus/S  1	1	22038566	22038574	102	3	70	pips_40_500-8000.hdf5	both	none
2204.9233	1	Stimulus/S  1	1	22049233	22049241	102	4	50	pips_40_500-8000.hdf5	both	none
2205.99	1	Stimulus/S  1	1	22059900	22059908	102	5	30	pips_40_500-8000.hdf5	both	none
2207.0567	1	Stimulus/S  1	1	22070567	22070575	103	0	20	pips_40_500-8000.hdf5	both	none
2208.1233	1	Stimulus/S  1	1	22081233	22081241	103	1	40	pips_40_500-8000.hdf5	both	none
2209.19	1	Stimulus/S  1	1	22091900	22091908	103	2	60	pips_40_500-8000.hdf5	both	none
2210.2567	1	Stimulus/S  1	1	22102567	22102575	103	3	70	pips_40_500-8000.hdf5	both	none
2211.3234	1	Stimulus/S  1	1	22113234	22113242	103	4	50	pips_40_500-8000.hdf5	both	none
2212.3901	1	Stimulus/S  1	1	22123901	22123909	103	5	30	pips_40_500-8000.hdf5	both	none
2213.4567	1	Stimulus/S  1	1	22134567	22134575	104	0	20	pips_40_500-8000.hdf5	both	none
2214.5234	1	Stimulus/S  1	1	22145234	22145242	104	1	40	pips_40_500-8000.hdf5	both	none
2215.5901	1	Stimulus/S  1	1	22155901	22155909	104	2	60	pips_40_500-8000.hdf5	both	none
2216.6568	1	Stimulus/S  1	1	22166568	22166576	104	3	70	pips_40_500-8000.hdf5	both	none
2217.7234	1	Stimulus/S  1	1	22177234	22177242	104	4	50	pips_40_500-8000.hdf5	both	none
2218.7901	1	Stimulus/S  1	1	22187901	22187909	104	5	30	pips_40_500-8000.hdf5	both	none
2219.8568	1	Stimulus/S  1	1	22198568	22198576	105	0	20	pips_40_500-8000.hdf5	both	none
2220.9235	1	Stimulus/S  1	1	22209235	22209243	105	1	40	pips_40_500-8000.hdf5	both	none
2221.9901	1	Stimulus/S  1	1	22219901	22219909	105	2	60	pips_40_500-8000.hdf5	both	none
2223.0568	1	Stimulus/S  1	1	22230568	22230576	105	3	70	pips_40_500-8000.hdf5	both	none
2224.1022	1	Stimulus/S  1	1	22241022	22241030	105	4	50	pips_40_500-8000.hdf5	both	none
2225.1688	1	Stimulus/S  1	1	22251688	22251696	105	5	30	pips_40_500-8000.hdf5	both	none
2226.2249	1	Stimulus/S  1	1	22262249	22262257	106	0	20	pips_40_500-8000.hdf5	both	none
2227.2915	1	Stimulus/S  1	1	22272915	22272923	106	1	40	pips_40_500-8000.hdf5	both	none
2228.3369	1	Stimulus/S  1	1	22283369	22283377	106	2	60	pips_40_500-8000.hdf5	both	none
2229.3929	1	Stimulus/S  1	1	22293929	22293937	106	3	70	pips_40_500-8000.hdf5	both	none
2230.4382	1	Stimulus/S  1	1	22304382	22304390	106	4	50	pips_40_500-8000.hdf5	both	none
2231.4836	1	Stimulus/S  1	1	22314836	22314844	106	5	30	pips_40_500-8000.hdf5	both	none
2232.5396	1	Stimulus/S  1	1	22325396	22325404	107	0	20	pips_40_500-8000.hdf5	both	none
2233.5849	1	Stimulus/S  1	1	22335849	22335857	107	1	40	pips_40_500-8000.hdf5	both	none
2234.6409	1	Stimulus/S  1	1	22346409	22346417	107	2	60	pips_40_500-8000.hdf5	both	none
2235.7076	1	Stimulus/S  1	1	22357076	22357084	107	3	70	pips_40_500-8000.hdf5	both	none
2236.753	1	Stimulus/S  1	1	22367530	22367538	107	4	50	pips_40_500-8000.hdf5	both	none
2237.8196	1	Stimulus/S  1	1	22378196	22378204	107	5	30	pips_40_500-8000.hdf5	both	none
2238.8756	1	Stimulus/S  1	1	22388756	22388764	108	0	20	pips_40_500-8000.hdf5	both	none
2239.9423	1	Stimulus/S  1	1	22399423	22399431	108	1	40	pips_40_500-8000.hdf5	both	none
2241.009	1	Stimulus/S  1	1	22410090	22410098	108	2	60	pips_40_500-8000.hdf5	both	none
2242.0757	1	Stimulus/S  1	1	22420757	22420765	108	3	70	pips_40_500-8000.hdf5	both	none
2243.1424	1	Stimulus/S  1	1	22431424	22431432	108	4	50	pips_40_500-8000.hdf5	both	none
2244.209	1	Stimulus/S  1	1	22442090	22442098	108	5	30	pips_40_500-8000.hdf5	both	none
2245.2544	1	Stimulus/S  1	1	22452544	22452552	109	0	20	pips_40_500-8000.hdf5	both	none
2246.3211	1	Stimulus/S  1	1	22463211	22463219	109	1	40	pips_40_500-8000.hdf5	both	none
2247.3664	1	Stimulus/S  1	1	22473664	22473672	109	2	60	pips_40_500-8000.hdf5	both	none
2248.4331	1	Stimulus/S  1	1	22484331	22484339	109	3	70	pips_40_500-8000.hdf5	both	none
2249.4997	1	Stimulus/S  1	1	22494997	22495005	109	4	50	pips_40_500-8000.hdf5	both	none
2250.5558	1	Stimulus/S  1	1	22505558	22505566	109	5	30	pips_40_500-8000.hdf5	both	none
2251.6224	1	Stimulus/S  1	1	22516224	22516232	110	0	20	pips_40_500-8000.hdf5	both	none
2252.6891	1	Stimulus/S  1	1	22526891	22526899	110	1	40	pips_40_500-8000.hdf5	both	none
2253.7345	1	Stimulus/S  1	1	22537345	22537353	110	2	60	pips_40_500-8000.hdf5	both	none
2254.8011	1	Stimulus/S  1	1	22548011	22548019	110	3	70	pips_40_500-8000.hdf5	both	none
2255.8571	1	Stimulus/S  1	1	22558571	22558579	110	4	50	pips_40_500-8000.hdf5	both	none
2256.9238	1	Stimulus/S  1	1	22569238	22569246	110	5	30	pips_40_500-8000.hdf5	both	none
2257.9905	1	Stimulus/S  1	1	22579905	22579913	111	0	20	pips_40_500-8000.hdf5	both	none
2259.0358	1	Stimulus/S  1	1	22590358	22590366	111	1	40	pips_40_500-8000.hdf5	both	none
2260.1025	1	Stimulus/S  1	1	22601025	22601033	111	2	60	pips_40_500-8000.hdf5	both	none
2261.1585	1	Stimulus/S  1	1	22611585	22611593	111	3	70	pips_40_500-8000.hdf5	both	none
2262.2252	1	Stimulus/S  1	1	22622252	22622260	111	4	50	pips_40_500-8000.hdf5	both	none
2263.2705	1	Stimulus/S  1	1	22632705	22632713	111	5	30	pips_40_500-8000.hdf5	both	none
2264.3372	1	Stimulus/S  1	1	22643372	22643380	112	0	20	pips_40_500-8000.hdf5	both	none
2265.4039	1	Stimulus/S  1	1	22654039	22654047	112	1	40	pips_40_500-8000.hdf5	both	none
2266.4492	1	Stimulus/S  1	1	22664492	22664500	112	2	60	pips_40_500-8000.hdf5	both	none
2267.5266	1	Stimulus/S  1	1	22675266	22675274	112	3	70	pips_40_500-8000.hdf5	both	none
2268.5719	1	Stimulus/S  1	1	22685719	22685727	112	4	50	pips_40_500-8000.hdf5	both	none
2269.6386	1	Stimulus/S  1	1	22696386	22696394	112	5	30	pips_40_500-8000.hdf5	both	none
2270.684	1	Stimulus/S  1	1	22706840	22706848	113	0	20	pips_40_500-8000.hdf5	both	none
2271.74	1	Stimulus/S  1	1	22717400	22717408	113	1	40	pips_40_500-8000.hdf5	both	none
2272.7853	1	Stimulus/S  1	1	22727853	22727861	113	2	60	pips_40_500-8000.hdf5	both	none
2273.8413	1	Stimulus/S  1	1	22738413	22738421	113	3	70	pips_40_500-8000.hdf5	both	none
2274.8867	1	Stimulus/S  1	1	22748867	22748875	113	4	50	pips_40_500-8000.hdf5	both	none
2275.9427	1	Stimulus/S  1	1	22759427	22759435	113	5	30	pips_40_500-8000.hdf5	both	none
2276.988	1	Stimulus/S  1	1	22769880	22769888	114	0	20	pips_40_500-8000.hdf5	both	none
2278.0547	1	Stimulus/S  1	1	22780547	22780555	114	1	40	pips_40_500-8000.hdf5	both	none
2279.1	1	Stimulus/S  1	1	22791000	22791008	114	2	60	pips_40_500-8000.hdf5	both	none
2280.1667	1	Stimulus/S  1	1	22801667	22801675	114	3	70	pips_40_500-8000.hdf5	both	none
2281.2227	1	Stimulus/S  1	1	22812227	22812235	114	4	50	pips_40_500-8000.hdf5	both	none
2282.2894	1	Stimulus/S  1	1	22822894	22822902	114	5	30	pips_40_500-8000.hdf5	both	none
2283.3561	1	Stimulus/S  1	1	22833561	22833569	115	0	20	pips_40_500-8000.hdf5	both	none
2284.4228	1	Stimulus/S  1	1	22844228	22844236	115	1	40	pips_40_500-8000.hdf5	both	none
2285.4894	1	Stimulus/S  1	1	22854894	22854902	115	2	60	pips_40_500-8000.hdf5	both	none
2286.5561	1	Stimulus/S  1	1	22865561	22865569	115	3	70	pips_40_500-8000.hdf5	both	none
2287.6228	1	Stimulus/S  1	1	22876228	22876236	115	4	50	pips_40_500-8000.hdf5	both	none
2288.6895	1	Stimulus/S  1	1	22886895	22886903	115	5	30	pips_40_500-8000.hdf5	both	none
2289.7561	1	Stimulus/S  1	1	22897561	22897569	116	0	20	pips_40_500-8000.hdf5	both	none
2290.8228	1	Stimulus/S  1	1	22908228	22908236	116	1	40	pips_40_500-8000.hdf5	both	none
2291.8895	1	Stimulus/S  1	1	22918895	22918903	116	2	60	pips_40_500-8000.hdf5	both	none
2292.9562	1	Stimulus/S  1	1	22929562	22929570	116	3	70	pips_40_500-8000.hdf5	both	none
2294.0228	1	Stimulus/S  1	1	22940228	22940236	116	4	50	pips_40_500-8000.hdf5	both	none
2295.0895	1	Stimulus/S  1	1	22950895	22950903	116	5	30	pips_40_500-8000.hdf5	both	none
2296.1562	1	Stimulus/S  1	1	22961562	22961570	117	0	20	pips_40_500-8000.hdf5	both	none
2297.2229	1	Stimulus/S  1	1	22972229	22972237	117	1	40	pips_40_500-8000.hdf5	both	none
2298.2896	1	Stimulus/S  1	1	22982896	22982904	117	2	60	pips_40_500-8000.hdf5	both	none
2299.3562	1	Stimulus/S  1	1	22993562	22993570	117	3	70	pips_40_500-8000.hdf5	both	none
2300.4229	1	Stimulus/S  1	1	23004229	23004237	117	4	50	pips_40_500-8000.hdf5	both	none
2301.4896	1	Stimulus/S  1	1	23014896	23014904	117	5	30	pips_40_500-8000.hdf5	both	none
2302.5563	1	Stimulus/S  1	1	23025563	23025571	118	0	20	pips_40_500-8000.hdf5	both	none
2303.6229	1	Stimulus/S  1	1	23036229	23036237	118	1	40	pips_40_500-8000.hdf5	both	none
2304.6896	1	Stimulus/S  1	1	23046896	23046904	118	2	60	pips_40_500-8000.hdf5	both	none
2305.7563	1	Stimulus/S  1	1	23057563	23057571	118	3	70	pips_40_500-8000.hdf5	both	none
2306.823	1	Stimulus/S  1	1	23068230	23068238	118	4	50	pips_40_500-8000.hdf5	both	none
2307.8896	1	Stimulus/S  1	1	23078896	23078904	118	5	30	pips_40_500-8000.hdf5	both	none
2308.9563	1	Stimulus/S  1	1	23089563	23089571	119	0	20	pips_40_500-8000.hdf5	both	none
2310.023	1	Stimulus/S  1	1	23100230	23100238	119	1	40	pips_40_500-8000.hdf5	both	none
2311.0897	1	Stimulus/S  1	1	23110897	23110905	119	2	60	pips_40_500-8000.hdf5	both	none
2312.1564	1	Stimulus/S  1	1	23121564	23121572	119	3	70	pips_40_500-8000.hdf5	both	none
2313.223	1	Stimulus/S  1	1	23132230	23132238	119	4	50	pips_40_500-8000.hdf5	both	none
2314.2897	1	Stimulus/S  1	1	23142897	23142905	119	5	30	pips_40_500-8000.hdf5	both	none
2315.3564	1	Stimulus/S  1	1	23153564	23153572	0	0	20	pips_40_500-8000.hdf5	both	none
2316.4231	1	Stimulus/S  1	1	23164231	23164239	0	1	40	pips_40_500-8000.hdf5	both	none
2317.4897	1	Stimulus/S  1	1	23174897	23174905	0	2	60	pips_40_500-8000.hdf5	both	none
2318.5564	1	Stimulus/S  1	1	23185564	23185572	0	3	70	pips_40_500-8000.hdf5	both	none
2319.6231	1	Stimulus/S  1	1	23196231	23196239	0	4	50	pips_40_500-8000.hdf5	both	none
2320.6898	1	Stimulus/S  1	1	23206898	23206906	0	5	30	pips_40_500-8000.hdf5	both	none
2321.7565	1	Stimulus/S  1	1	23217565	23217573	1	0	20	pips_40_500-8000.hdf5	both	none
2322.8231	1	Stimulus/S  1	1	23228231	23228239	1	1	40	pips_40_500-8000.hdf5	both	none
2323.8685	1	Stimulus/S  1	1	23238685	23238693	1	2	60	pips_40_500-8000.hdf5	both	none
2324.9351	1	Stimulus/S  1	1	23249351	23249359	1	3	70	pips_40_500-8000.hdf5	both	none
2326.0018	1	Stimulus/S  1	1	23260018	23260026	1	4	50	pips_40_500-8000.hdf5	both	none
2327.0578	1	Stimulus/S  1	1	23270578	23270586	1	5	30	pips_40_500-8000.hdf5	both	none
2328.1245	1	Stimulus/S  1	1	23281245	23281253	2	0	20	pips_40_500-8000.hdf5	both	none
2329.1912	1	Stimulus/S  1	1	23291912	23291920	2	1	40	pips_40_500-8000.hdf5	both	none
2330.2579	1	Stimulus/S  1	1	23302579	23302587	2	2	60	pips_40_500-8000.hdf5	both	none
2331.3245	1	Stimulus/S  1	1	23313245	23313253	2	3	70	pips_40_500-8000.hdf5	both	none
2332.3912	1	Stimulus/S  1	1	23323912	23323920	2	4	50	pips_40_500-8000.hdf5	both	none
2333.4579	1	Stimulus/S  1	1	23334579	23334587	2	5	30	pips_40_500-8000.hdf5	both	none
2334.5246	1	Stimulus/S  1	1	23345246	23345254	3	0	20	pips_40_500-8000.hdf5	both	none
2335.5913	1	Stimulus/S  1	1	23355913	23355921	3	1	40	pips_40_500-8000.hdf5	both	none
2336.6579	1	Stimulus/S  1	1	23366579	23366587	3	2	60	pips_40_500-8000.hdf5	both	none
2337.7246	1	Stimulus/S  1	1	23377246	23377254	3	3	70	pips_40_500-8000.hdf5	both	none
2338.7699	1	Stimulus/S  1	1	23387699	23387707	3	4	50	pips_40_500-8000.hdf5	both	none
2339.8366	1	Stimulus/S  1	1	23398366	23398374	3	5	30	pips_40_500-8000.hdf5	both	none
2340.8926	1	Stimulus/S  1	1	23408926	23408934	4	0	20	pips_40_500-8000.hdf5	both	none
2341.9593	1	Stimulus/S  1	1	23419593	23419601	4	1	40	pips_40_500-8000.hdf5	both	none
2343.0047	1	Stimulus/S  1	1	23430047	23430055	4	2	60	pips_40_500-8000.hdf5	both	none
2344.0607	1	Stimulus/S  1	1	23440607	23440615	4	3	70	pips_40_500-8000.hdf5	both	none
2345.106	1	Stimulus/S  1	1	23451060	23451068	4	4	50	pips_40_500-8000.hdf5	both	none
2346.1514	1	Stimulus/S  1	1	23461514	23461522	4	5	30	pips_40_500-8000.hdf5	both	none
2347.2074	1	Stimulus/S  1	1	23472074	23472082	5	0	20	pips_40_500-8000.hdf5	both	none
2348.2527	1	Stimulus/S  1	1	23482527	23482535	5	1	40	pips_40_500-8000.hdf5	both	none
2349.3087	1	Stimulus/S  1	1	23493087	23493095	5	2	60	pips_40_500-8000.hdf5	both	none
2350.3541	1	Stimulus/S  1	1	23503541	23503549	5	3	70	pips_40_500-8000.hdf5	both	none
2351.4101	1	Stimulus/S  1	1	23514101	23514109	5	4	50	pips_40_500-8000.hdf5	both	none
2352.4554	1	Stimulus/S  1	1	23524554	23524562	5	5	30	pips_40_500-8000.hdf5	both	none
2353.5008	1	Stimulus/S  1	1	23535008	23535016	6	0	20	pips_40_500-8000.hdf5	both	none
2354.5568	1	Stimulus/S  1	1	23545568	23545576	6	1	40	pips_40_500-8000.hdf5	both	none
2355.6021	1	Stimulus/S  1	1	23556021	23556029	6	2	60	pips_40_500-8000.hdf5	both	none
2356.6581	1	Stimulus/S  1	1	23566581	23566589	6	3	70	pips_40_500-8000.hdf5	both	none
2357.7035	1	Stimulus/S  1	1	23577035	23577043	6	4	50	pips_40_500-8000.hdf5	both	none
2358.7595	1	Stimulus/S  1	1	23587595	23587603	6	5	30	pips_40_500-8000.hdf5	both	none
2359.8048	1	Stimulus/S  1	1	23598048	23598056	7	0	20	pips_40_500-8000.hdf5	both	none
2360.8715	1	Stimulus/S  1	1	23608715	23608723	7	1	40	pips_40_500-8000.hdf5	both	none
2361.9275	1	Stimulus/S  1	1	23619275	23619283	7	2	60	pips_40_500-8000.hdf5	both	none
2362.9942	1	Stimulus/S  1	1	23629942	23629950	7	3	70	pips_40_500-8000.hdf5	both	none
2364.0395	1	Stimulus/S  1	1	23640395	23640403	7	4	50	pips_40_500-8000.hdf5	both	none
2365.1062	1	Stimulus/S  1	1	23651062	23651070	7	5	30	pips_40_500-8000.hdf5	both	none
2366.1729	1	Stimulus/S  1	1	23661729	23661737	8	0	20	pips_40_500-8000.hdf5	both	none
2367.2182	1	Stimulus/S  1	1	23672182	23672190	8	1	40	pips_40_500-8000.hdf5	both	none
2368.2849	1	Stimulus/S  1	1	23682849	23682857	8	2	60	pips_40_500-8000.hdf5	both	none
2369.3409	1	Stimulus/S  1	1	23693409	23693417	8	3	70	pips_40_500-8000.hdf5	both	none
2370.4076	1	Stimulus/S  1	1	23704076	23704084	8	4	50	pips_40_500-8000.hdf5	both	none
2371.4743	1	Stimulus/S  1	1	23714743	23714751	8	5	30	pips_40_500-8000.hdf5	both	none
2372.5409	1	Stimulus/S  1	1	23725409	23725417	9	0	20	pips_40_500-8000.hdf5	both	none
2373.6076	1	Stimulus/S  1	1	23736076	23736084	9	1	40	pips_40_500-8000.hdf5	both	none
2374.6743	1	Stimulus/S  1	1	23746743	23746751	9	2	60	pips_40_500-8000.hdf5	both	none
2375.741	1	Stimulus/S  1	1	23757410	23757418	9	3	70	pips_40_500-8000.hdf5	both	none
2376.8077	1	Stimulus/S  1	1	23768077	23768085	9	4	50	pips_40_500-8000.hdf5	both	none
2377.8743	1	Stimulus/S  1	1	23778743	23778751	9	5	30	pips_40_500-8000.hdf5	both	none
2378.941	1	Stimulus/S  1	1	23789410	23789418	10	0	20	pips_40_500-8000.hdf5	both	none
2380.0077	1	Stimulus/S  1	1	23800077	23800085	10	1	40	pips_40_500-8000.hdf5	both	none
2381.0744	1	Stimulus/S  1	1	23810744	23810752	10	2	60	pips_40_500-8000.hdf5	both	none
2382.141	1	Stimulus/S  1	1	23821410	23821418	10	3	70	pips_40_500-8000.hdf5	both	none
2383.2077	1	Stimulus/S  1	1	23832077	23832085	10	4	50	pips_40_500-8000.hdf5	both	none
2384.2744	1	Stimulus/S  1	1	23842744	23842752	10	5	30	pips_40_500-8000.hdf5	both	none
2385.3411	1	Stimulus/S  1	1	23853411	23853419	11	0	20	pips_40_500-8000.hdf5	both	none
2386.4077	1	Stimulus/S  1	1	23864077	23864085	11	1	40	pips_40_500-8000.hdf5	both	none
2387.4744	1	Stimulus/S  1	1	23874744	23874752	11	2	60	pips_40_500-8000.hdf5	both	none
2388.5411	1	Stimulus/S  1	1	23885411	23885419	11	3	70	pips_40_500-8000.hdf5	both	none
2389.6078	1	Stimulus/S  1	1	23896078	23896086	11	4	50	pips_40_500-8000.hdf5	both	none
2390.6745	1	Stimulus/S  1	1	23906745	23906753	11	5	30	pips_40_500-8000.hdf5	both	none
2391.7411	1	Stimulus/S  1	1	23917411	23917419	12	0	20	pips_40_500-8000.hdf5	both	none
2392.8078	1	Stimulus/S  1	1	23928078	23928086	12	1	40	pips_40_500-8000.hdf5	both	none
2393.8745	1	Stimulus/S  1	1	23938745	23938753	12	2	60	pips_40_500-8000.hdf5	both	none
2394.9412	1	Stimulus/S  1	1	23949412	23949420	12	3	70	pips_40_500-8000.hdf5	both	none
2396.0078	1	Stimulus/S  1	1	23960078	23960086	12	4	50	pips_40_500-8000.hdf5	both	none
2397.0745	1	Stimulus/S  1	1	23970745	23970753	12	5	30	pips_40_500-8000.hdf5	both	none
2398.1412	1	Stimulus/S  1	1	23981412	23981420	13	0	20	pips_40_500-8000.hdf5	both	none
2399.1865	1	Stimulus/S  1	1	23991865	23991873	13	1	40	pips_40_500-8000.hdf5	both	none
2400.2532	1	Stimulus/S  1	1	24002532	24002540	13	2	60	pips_40_500-8000.hdf5	both	none
2401.3092	1	Stimulus/S  1	1	24013092	24013100	13	3	70	pips_40_500-8000.hdf5	both	none
2402.3759	1	Stimulus/S  1	1	24023759	24023767	13	4	50	pips_40_500-8000.hdf5	both	none
2403.4212	1	Stimulus/S  1	1	24034212	24034220	13	5	30	pips_40_500-8000.hdf5	both	none
2404.4773	1	Stimulus/S  1	1	24044773	24044781	14	0	20	pips_40_500-8000.hdf5	both	none
2405.5226	1	Stimulus/S  1	1	24055226	24055234	14	1	40	pips_40_500-8000.hdf5	both	none
2406.5786	1	Stimulus/S  1	1	24065786	24065794	14	2	60	pips_40_500-8000.hdf5	both	none
2407.624	1	Stimulus/S  1	1	24076240	24076248	14	3	70	pips_40_500-8000.hdf5	both	none
2408.6693	1	Stimulus/S  1	1	24086693	24086701	14	4	50	pips_40_500-8000.hdf5	both	none
2409.7253	1	Stimulus/S  1	1	24097253	24097261	14	5	30	pips_40_500-8000.hdf5	both	none
2410.7706	1	Stimulus/S  1	1	24107706	24107714	15	0	20	pips_40_500-8000.hdf5	both	none
2411.8267	1	Stimulus/S  1	1	24118267	24118275	15	1	40	pips_40_500-8000.hdf5	both	none
2412.872	1	Stimulus/S  1	1	24128720	24128728	15	2	60	pips_40_500-8000.hdf5	both	none
2413.928	1	Stimulus/S  1	1	24139280	24139288	15	3	70	pips_40_500-8000.hdf5	both	none
2414.9734	1	Stimulus/S  1	1	24149734	24149742	15	4	50	pips_40_500-8000.hdf5	both	none
2416.0294	1	Stimulus/S  1	1	24160294	24160302	15	5	30	pips_40_500-8000.hdf5	both	none
2417.0747	1	Stimulus/S  1	1	24170747	24170755	16	0	20	pips_40_500-8000.hdf5	both	none
2418.1201	1	Stimulus/S  1	1	24181201	24181209	16	1	40	pips_40_500-8000.hdf5	both	none
2419.1761	1	Stimulus/S  1	1	24191761	24191769	16	2	60	pips_40_500-8000.hdf5	both	none
2420.2214	1	Stimulus/S  1	1	24202214	24202222	16	3	70	pips_40_500-8000.hdf5	both	none
2421.2881	1	Stimulus/S  1	1	24212881	24212889	16	4	50	pips_40_500-8000.hdf5	both	none
2422.3441	1	Stimulus/S  1	1	24223441	24223449	16	5	30	pips_40_500-8000.hdf5	both	none
2423.4108	1	Stimulus/S  1	1	24234108	24234116	17	0	20	pips_40_500-8000.hdf5	both	none
2424.4561	1	Stimulus/S  1	1	24244561	24244569	17	1	40	pips_40_500-8000.hdf5	both	none
2425.5228	1	Stimulus/S  1	1	24255228	24255236	17	2	60	pips_40_500-8000.hdf5	both	none
2426.5895	1	Stimulus/S  1	1	24265895	24265903	17	3	70	pips_40_500-8000.hdf5	both	none
2427.6455	1	Stimulus/S  1	1	24276455	24276463	17	4	50	pips_40_500-8000.hdf5	both	none
2428.7122	1	Stimulus/S  1	1	24287122	24287130	17	5	30	pips_40_500-8000.hdf5	both	none
2429.7575	1	Stimulus/S  1	1	24297575	24297583	18	0	20	pips_40_500-8000.hdf5	both	none
2430.8242	1	Stimulus/S  1	1	24308242	24308250	18	1	40	pips_40_500-8000.hdf5	both	none
2431.8909	1	Stimulus/S  1	1	24318909	24318917	18	2	60	pips_40_500-8000.hdf5	both	none
2432.9362	1	Stimulus/S  1	1	24329362	24329370	18	3	70	pips_40_500-8000.hdf5	both	none
2434.0029	1	Stimulus/S  1	1	24340029	24340037	18	4	50	pips_40_500-8000.hdf5	both	none
2435.0589	1	Stimulus/S  1	1	24350589	24350597	18	5	30	pips_40_500-8000.hdf5	both	none
2436.1256	1	Stimulus/S  1	1	24361256	24361264	19	0	20	pips_40_500-8000.hdf5	both	none
2437.1922	1	Stimulus/S  1	1	24371922	24371930	19	1	40	pips_40_500-8000.hdf5	both	none
2438.2589	1	Stimulus/S  1	1	24382589	24382597	19	2	60	pips_40_500-8000.hdf5	both	none
2439.3256	1	Stimulus/S  1	1	24393256	24393264	19	3	70	pips_40_500-8000.hdf5	both	none
2440.3923	1	Stimulus/S  1	1	24403923	24403931	19	4	50	pips_40_500-8000.hdf5	both	none
2441.4589	1	Stimulus/S  1	1	24414589	24414597	19	5	30	pips_40_500-8000.hdf5	both	none
2442.5256	1	Stimulus/S  1	1	24425256	24425264	20	0	20	pips_40_500-8000.hdf5	both	none
2443.5923	1	Stimulus/S  1	1	24435923	24435931	20	1	40	pips_40_500-8000.hdf5	both	none
2444.659	1	Stimulus/S  1	1	24446590	24446598	20	2	60	pips_40_500-8000.hdf5	both	none
2445.7043	1	Stimulus/S  1	1	24457043	24457051	20	3	70	pips_40_500-8000.hdf5	both	none
2446.771	1	Stimulus/S  1	1	24467710	24467718	20	4	50	pips_40_500-8000.hdf5	both	none
2447.827	1	Stimulus/S  1	1	24478270	24478278	20	5	30	pips_40_500-8000.hdf5	both	none
2448.8937	1	Stimulus/S  1	1	24488937	24488945	21	0	20	pips_40_500-8000.hdf5	both	none
2449.9604	1	Stimulus/S  1	1	24499604	24499612	21	1	40	pips_40_500-8000.hdf5	both	none
2451.0057	1	Stimulus/S  1	1	24510057	24510065	21	2	60	pips_40_500-8000.hdf5	both	none
2452.0724	1	Stimulus/S  1	1	24520724	24520732	21	3	70	pips_40_500-8000.hdf5	both	none
2453.1284	1	Stimulus/S  1	1	24531284	24531292	21	4	50	pips_40_500-8000.hdf5	both	none
2454.1951	1	Stimulus/S  1	1	24541951	24541959	21	5	30	pips_40_500-8000.hdf5	both	none
2455.2617	1	Stimulus/S  1	1	24552617	24552625	22	0	20	pips_40_500-8000.hdf5	both	none
2456.3071	1	Stimulus/S  1	1	24563071	24563079	22	1	40	pips_40_500-8000.hdf5	both	none
2457.3738	1	Stimulus/S  1	1	24573738	24573746	22	2	60	pips_40_500-8000.hdf5	both	none
2458.4298	1	Stimulus/S  1	1	24584298	24584306	22	3	70	pips_40_500-8000.hdf5	both	none
2459.4965	1	Stimulus/S  1	1	24594965	24594973	22	4	50	pips_40_500-8000.hdf5	both	none
2460.5631	1	Stimulus/S  1	1	24605631	24605639	22	5	30	pips_40_500-8000.hdf5	both	none
2461.6085	1	Stimulus/S  1	1	24616085	24616093	23	0	20	pips_40_500-8000.hdf5	both	none
2462.6752	1	Stimulus/S  1	1	24626752	24626760	23	1	40	pips_40_500-8000.hdf5	both	none
2463.7205	1	Stimulus/S  1	1	24637205	24637213	23	2	60	pips_40_500-8000.hdf5	both	none
2464.7872	1	Stimulus/S  1	1	24647872	24647880	23	3	70	pips_40_500-8000.hdf5	both	none
2465.8539	1	Stimulus/S  1	1	24658539	24658547	23	4	50	pips_40_500-8000.hdf5	both	none
2466.9099	1	Stimulus/S  1	1	24669099	24669107	23	5	30	pips_40_500-8000.hdf5	both	none
2467.9765	1	Stimulus/S  1	1	24679765	24679773	24	0	20	pips_40_500-8000.hdf5	both	none
2469.0219	1	Stimulus/S  1	1	24690219	24690227	24	1	40	pips_40_500-8000.hdf5	both	none
2470.0886	1	Stimulus/S  1	1	24700886	24700894	24	2	60	pips_40_500-8000.hdf5	both	none
2471.1446	1	Stimulus/S  1	1	24711446	24711454	24	3	70	pips_40_500-8000.hdf5	both	none
2472.1899	1	Stimulus/S  1	1	24721899	24721907	24	4	50	pips_40_500-8000.hdf5	both	none
2473.2459	1	Stimulus/S  1	1	24732459	24732467	24	5	30	pips_40_500-8000.hdf5	both	none
2474.2913	1	Stimulus/S  1	1	24742913	24742921	25	0	20	pips_40_500-8000.hdf5	both	none
2475.3366	1	Stimulus/S  1	1	24753366	24753374	25	1	40	pips_40_500-8000.hdf5	both	none
2476.3926	1	Stimulus/S  1	1	24763926	24763934	25	2	60	pips_40_500-8000.hdf5	both	none
2477.438	1	Stimulus/S  1	1	24774380	24774388	25	3	70	pips_40_500-8000.hdf5	both	none
2478.494	1	Stimulus/S  1	1	24784940	24784948	25	4	50	pips_40_500-8000.hdf5	both	none
2479.5393	1	Stimulus/S  1	1	24795393	24795401	25	5	30	pips_40_500-8000.hdf5	both	none
2480.5953	1	Stimulus/S  1	1	24805953	24805961	26	0	20	pips_40_500-8000.hdf5	both	none
2481.6407	1	Stimulus/S  1	1	24816407	24816415	26	1	40	pips_40_500-8000.hdf5	both	none
2482.6967	1	Stimulus/S  1	1	24826967	24826975	26	2	60	pips_40_500-8000.hdf5	both	none
2483.742	1	Stimulus/S  1	1	24837420	24837428	26	3	70	pips_40_500-8000.hdf5	both	none
2484.7874	1	Stimulus/S  1	1	24847874	24847882	26	4	50	pips_40_500-8000.hdf5	both	none
2485.8434	1	Stimulus/S  1	1	24858434	24858442	26	5	30	pips_40_500-8000.hdf5	both	none
2486.9101	1	Stimulus/S  1	1	24869101	24869109	27	0	20	pips_40_500-8000.hdf5	both	none
2487.9554	1	Stimulus/S  1	1	24879554	24879562	27	1	40	pips_40_500-8000.hdf5	both	none
2489.0114	1	Stimulus/S  1	1	24890114	24890122	27	2	60	pips_40_500-8000.hdf5	both	none
2490.0568	1	Stimulus/S  1	1	24900568	24900576	27	3	70	pips_40_500-8000.hdf5	both	none
2491.1234	1	Stimulus/S  1	1	24911234	24911242	27	4	50	pips_40_500-8000.hdf5	both	none
2492.1794	1	Stimulus/S  1	1	24921794	24921802	27	5	30	pips_40_500-8000.hdf5	both	none
2493.2248	1	Stimulus/S  1	1	24932248	24932256	28	0	20	pips_40_500-8000.hdf5	both	none
2494.2701	1	Stimulus/S  1	1	24942701	24942709	28	1	40	pips_40_500-8000.hdf5	both	none
2495.3261	1	Stimulus/S  1	1	24953261	24953269	28	2	60	pips_40_500-8000.hdf5	both	none
2496.3715	1	Stimulus/S  1	1	24963715	24963723	28	3	70	pips_40_500-8000.hdf5	both	none
2497.4275	1	Stimulus/S  1	1	24974275	24974283	28	4	50	pips_40_500-8000.hdf5	both	none
2498.4728	1	Stimulus/S  1	1	24984728	24984736	28	5	30	pips_40_500-8000.hdf5	both	none
2499.5288	1	Stimulus/S  1	1	24995288	24995296	29	0	20	pips_40_500-8000.hdf5	both	none
2500.5742	1	Stimulus/S  1	1	25005742	25005750	29	1	40	pips_40_500-8000.hdf5	both	none
2501.6302	1	Stimulus/S  1	1	25016302	25016310	29	2	60	pips_40_500-8000.hdf5	both	none
2502.6755	1	Stimulus/S  1	1	25026755	25026763	29	3	70	pips_40_500-8000.hdf5	both	none
2503.7209	1	Stimulus/S  1	1	25037209	25037217	29	4	50	pips_40_500-8000.hdf5	both	none
2504.7769	1	Stimulus/S  1	1	25047769	25047777	29	5	30	pips_40_500-8000.hdf5	both	none
2505.8222	1	Stimulus/S  1	1	25058222	25058230	30	0	20	pips_40_500-8000.hdf5	both	none
2506.8783	1	Stimulus/S  1	1	25068783	25068791	30	1	40	pips_40_500-8000.hdf5	both	none
2507.9236	1	Stimulus/S  1	1	25079236	25079244	30	2	60	pips_40_500-8000.hdf5	both	none
2508.9796	1	Stimulus/S  1	1	25089796	25089804	30	3	70	pips_40_500-8000.hdf5	both	none
2510.0249	1	Stimulus/S  1	1	25100249	25100257	30	4	50	pips_40_500-8000.hdf5	both	none
2511.0703	1	Stimulus/S  1	1	25110703	25110711	30	5	30	pips_40_500-8000.hdf5	both	none
2512.1476	1	Stimulus/S  1	1	25121476	25121484	31	0	20	pips_40_500-8000.hdf5	both	none
2513.2036	1	Stimulus/S  1	1	25132036	25132044	31	1	40	pips_40_500-8000.hdf5	both	none
2514.2597	1	Stimulus/S  1	1	25142597	25142605	31	2	60	pips_40_500-8000.hdf5	both	none
2515.3263	1	Stimulus/S  1	1	25153263	25153271	31	3	70	pips_40_500-8000.hdf5	both	none
2516.3717	1	Stimulus/S  1	1	25163717	25163725	31	4	50	pips_40_500-8000.hdf5	both	none
2517.4384	1	Stimulus/S  1	1	25174384	25174392	31	5	30	pips_40_500-8000.hdf5	both	none
2518.505	1	Stimulus/S  1	1	25185050	25185058	32	0	20	pips_40_500-8000.hdf5	both	none
2519.5717	1	Stimulus/S  1	1	25195717	25195725	32	1	40	pips_40_500-8000.hdf5	both	none
2520.6384	1	Stimulus/S  1	1	25206384	25206392	32	2	60	pips_40_500-8000.hdf5	both	none
2521.7051	1	Stimulus/S  1	1	25217051	25217059	32	3	70	pips_40_500-8000.hdf5	both	none
2522.7717	1	Stimulus/S  1	1	25227717	25227725	32	4	50	pips_40_500-8000.hdf5	both	none
2523.8384	1	Stimulus/S  1	1	25238384	25238392	32	5	30	pips_40_500-8000.hdf5	both	none
2524.9051	1	Stimulus/S  1	1	25249051	25249059	33	0	20	pips_40_500-8000.hdf5	both	none
2525.9718	1	Stimulus/S  1	1	25259718	25259726	33	1	40	pips_40_500-8000.hdf5	both	none
2527.0278	1	Stimulus/S  1	1	25270278	25270286	33	2	60	pips_40_500-8000.hdf5	both	none
2528.0731	1	Stimulus/S  1	1	25280731	25280739	33	3	70	pips_40_500-8000.hdf5	both	none
2529.1291	1	Stimulus/S  1	1	25291291	25291299	33	4	50	pips_40_500-8000.hdf5	both	none
2530.1745	1	Stimulus/S  1	1	25301745	25301753	33	5	30	pips_40_500-8000.hdf5	both	none
2531.2305	1	Stimulus/S  1	1	25312305	25312313	34	0	20	pips_40_500-8000.hdf5	both	none
2532.2758	1	Stimulus/S  1	1	25322758	25322766	34	1	40	pips_40_500-8000.hdf5	both	none
2533.3212	1	Stimulus/S  1	1	25333212	25333220	34	2	60	pips_40_500-8000.hdf5	both	none
2534.3772	1	Stimulus/S  1	1	25343772	25343780	34	3	70	pips_40_500-8000.hdf5	both	none
2535.4225	1	Stimulus/S  1	1	25354225	25354233	34	4	50	pips_40_500-8000.hdf5	both	none
2536.4785	1	Stimulus/S  1	1	25364785	25364793	34	5	30	pips_40_500-8000.hdf5	both	none
2537.5239	1	Stimulus/S  1	1	25375239	25375247	35	0	20	pips_40_500-8000.hdf5	both	none
2538.5799	1	Stimulus/S  1	1	25385799	25385807	35	1	40	pips_40_500-8000.hdf5	both	none
2539.6252	1	Stimulus/S  1	1	25396252	25396260	35	2	60	pips_40_500-8000.hdf5	both	none
2540.6812	1	Stimulus/S  1	1	25406812	25406820	35	3	70	pips_40_500-8000.hdf5	both	none
2541.7266	1	Stimulus/S  1	1	25417266	25417274	35	4	50	pips_40_500-8000.hdf5	both	none
2542.7719	1	Stimulus/S  1	1	25427719	25427727	35	5	30	pips_40_500-8000.hdf5	both	none
2543.8279	1	Stimulus/S  1	1	25438279	25438287	36	0	20	pips_40_500-8000.hdf5	both	none
2544.8733	1	Stimulus/S  1	1	25448733	25448741	36	1	40	pips_40_500-8000.hdf5	both	none
2545.9293	1	Stimulus/S  1	1	25459293	25459301	36	2	60	pips_40_500-8000.hdf5	both	none
2546.9746	1	Stimulus/S  1	1	25469746	25469754	36	3	70	pips_40_500-8000.hdf5	both	none
2548.0413	1	Stimulus/S  1	1	25480413	25480421	36	4	50	pips_40_500-8000.hdf5	both	none
2549.0973	1	Stimulus/S  1	1	25490973	25490981	36	5	30	pips_40_500-8000.hdf5	both	none
2550.164	1	Stimulus/S  1	1	25501640	25501648	37	0	20	pips_40_500-8000.hdf5	both	none
2551.2307	1	Stimulus/S  1	1	25512307	25512315	37	1	40	pips_40_500-8000.hdf5	both	none
2552.276	1	Stimulus/S  1	1	25522760	25522768	37	2	60	pips_40_500-8000.hdf5	both	none
2553.3427	1	Stimulus/S  1	1	25533427	25533435	37	3	70	pips_40_500-8000.hdf5	both	none
2554.388	1	Stimulus/S  1	1	25543880	25543888	37	4	50	pips_40_500-8000.hdf5	both	none
2555.4547	1	Stimulus/S  1	1	25554547	25554555	37	5	30	pips_40_500-8000.hdf5	both	none
2556.5214	1	Stimulus/S  1	1	25565214	25565222	38	0	20	pips_40_500-8000.hdf5	both	none
2557.5881	1	Stimulus/S  1	1	25575881	25575889	38	1	40	pips_40_500-8000.hdf5	both	none
2558.6548	1	Stimulus/S  1	1	25586548	25586556	38	2	60	pips_40_500-8000.hdf5	both	none
2559.7214	1	Stimulus/S  1	1	25597214	25597222	38	3	70	pips_40_500-8000.hdf5	both	none
2560.7881	1	Stimulus/S  1	1	25607881	25607889	38	4	50	pips_40_500-8000.hdf5	both	none
2561.8548	1	Stimulus/S  1	1	25618548	25618556	38	5	30	pips_40_500-8000.hdf5	both	none
2562.9215	1	Stimulus/S  1	1	25629215	25629223	39	0	20	pips_40_500-8000.hdf5	both	none
2563.9881	1	Stimulus/S  1	1	25639881	25639889	39	1	40	pips_40_500-8000.hdf5	both	none
2565.0548	1	Stimulus/S  1	1	25650548	25650556	39	2	60	pips_40_500-8000.hdf5	both	none
2566.1215	1	Stimulus/S  1	1	25661215	25661223	39	3	70	pips_40_500-8000.hdf5	both	none
2567.1882	1	Stimulus/S  1	1	25671882	25671890	39	4	50	pips_40_500-8000.hdf5	both	none
2568.2548	1	Stimulus/S  1	1	25682548	25682556	39	5	30	pips_40_500-8000.hdf5	both	none
2569.3215	1	Stimulus/S  1	1	25693215	25693223	40	0	20	pips_40_500-8000.hdf5	both	none
2570.3882	1	Stimulus/S  1	1	25703882	25703890	40	1	40	pips_40_500-8000.hdf5	both	none
2571.4549	1	Stimulus/S  1	1	25714549	25714557	40	2	60	pips_40_500-8000.hdf5	both	none
2572.5216	1	Stimulus/S  1	1	25725216	25725224	40	3	70	pips_40_500-8000.hdf5	both	none
2573.5882	1	Stimulus/S  1	1	25735882	25735890	40	4	50	pips_40_500-8000.hdf5	both	none
2574.6442	1	Stimulus/S  1	1	25746442	25746450	40	5	30	pips_40_500-8000.hdf5	both	none
2575.7109	1	Stimulus/S  1	1	25757109	25757117	41	0	20	pips_40_500-8000.hdf5	both	none
2576.7776	1	Stimulus/S  1	1	25767776	25767784	41	1	40	pips_40_500-8000.hdf5	both	none
2577.8229	1	Stimulus/S  1	1	25778229	25778237	41	2	60	pips_40_500-8000.hdf5	both	none
2578.8896	1	Stimulus/S  1	1	25788896	25788904	41	3	70	pips_40_500-8000.hdf5	both	none
2579.9456	1	Stimulus/S  1	1	25799456	25799464	41	4	50	pips_40_500-8000.hdf5	both	none
2580.991	1	Stimulus/S  1	1	25809910	25809918	41	5	30	pips_40_500-8000.hdf5	both	none
2582.047	1	Stimulus/S  1	1	25820470	25820478	42	0	20	pips_40_500-8000.hdf5	both	none
2583.0923	1	Stimulus/S  1	1	25830923	25830931	42	1	40	pips_40_500-8000.hdf5	both	none
2584.1483	1	Stimulus/S  1	1	25841483	25841491	42	2	60	pips_40_500-8000.hdf5	both	none
2585.1937	1	Stimulus/S  1	1	25851937	25851945	42	3	70	pips_40_500-8000.hdf5	both	none
2586.239	1	Stimulus/S  1	1	25862390	25862398	42	4	50	pips_40_500-8000.hdf5	both	none
2587.295	1	Stimulus/S  1	1	25872950	25872958	42	5	30	pips_40_500-8000.hdf5	both	none
2588.3404	1	Stimulus/S  1	1	25883404	25883412	43	0	20	pips_40_500-8000.hdf5	both	none
2589.3964	1	Stimulus/S  1	1	25893964	25893972	43	1	40	pips_40_500-8000.hdf5	both	none
2590.4631	1	Stimulus/S  1	1	25904631	25904639	43	2	60	pips_40_500-8000.hdf5	both	none
2591.5084	1	Stimulus/S  1	1	25915084	25915092	43	3	70	pips_40_500-8000.hdf5	both	none
2592.5751	1	Stimulus/S  1	1	25925751	25925759	43	4	50	pips_40_500-8000.hdf5	both	none
2593.6418	1	Stimulus/S  1	1	25936418	25936426	43	5	30	pips_40_500-8000.hdf5	both	none
2594.6978	1	Stimulus/S  1	1	25946978	25946986	44	0	20	pips_40_500-8000.hdf5	both	none
2595.7644	1	Stimulus/S  1	1	25957644	25957652	44	1	40	pips_40_500-8000.hdf5	both	none
2596.8311	1	Stimulus/S  1	1	25968311	25968319	44	2	60	pips_40_500-8000.hdf5	both	none
2597.8978	1	Stimulus/S  1	1	25978978	25978986	44	3	70	pips_40_500-8000.hdf5	both	none
2598.9645	1	Stimulus/S  1	1	25989645	25989653	44	4	50	pips_40_500-8000.hdf5	both	none
2600.0312	1	Stimulus/S  1	1	26000312	26000320	44	5	30	pips_40_500-8000.hdf5	both	none
2601.0978	1	Stimulus/S  1	1	26010978	26010986	45	0	20	pips_40_500-8000.hdf5	both	none
2602.1432	1	Stimulus/S  1	1	26021432	26021440	45	1	40	pips_40_500-8000.hdf5	both	none
2603.2099	1	Stimulus/S  1	1	26032099	26032107	45	2	60	pips_40_500-8000.hdf5	both	none
2604.2765	1	Stimulus/S  1	1	26042765	26042773	45	3	70	pips_40_500-8000.hdf5	both	none
2605.3432	1	Stimulus/S  1	1	26053432	26053440	45	4	50	pips_40_500-8000.hdf5	both	none
2606.4099	1	Stimulus/S  1	1	26064099	26064107	45	5	30	pips_40_500-8000.hdf5	both	none
2607.4659	1	Stimulus/S  1	1	26074659	26074667	46	0	20	pips_40_500-8000.hdf5	both	none
2608.5326	1	Stimulus/S  1	1	26085326	26085334	46	1	40	pips_40_500-8000.hdf5	both	none
2609.5779	1	Stimulus/S  1	1	26095779	26095787	46	2	60	pips_40_500-8000.hdf5	both	none
2610.6446	1	Stimulus/S  1	1	26106446	26106454	46	3	70	pips_40_500-8000.hdf5	both	none
2611.6899	1	Stimulus/S  1	1	26116899	26116907	46	4	50	pips_40_500-8000.hdf5	both	none
2612.7459	1	Stimulus/S  1	1	26127459	26127467	46	5	30	pips_40_500-8000.hdf5	both	none
2613.7913	1	Stimulus/S  1	1	26137913	26137921	47	0	20	pips_40_500-8000.hdf5	both	none
2614.8473	1	Stimulus/S  1	1	26148473	26148481	47	1	40	pips_40_500-8000.hdf5	both	none
2615.8926	1	Stimulus/S  1	1	26158926	26158934	47	2	60	pips_40_500-8000.hdf5	both	none
2616.9593	1	Stimulus/S  1	1	26169593	26169601	47	3	70	pips_40_500-8000.hdf5	both	none
2618.0153	1	Stimulus/S  1	1	26180153	26180161	47	4	50	pips_40_500-8000.hdf5	both	none
2619.082	1	Stimulus/S  1	1	26190820	26190828	47	5	30	pips_40_500-8000.hdf5	both	none
2620.1274	1	Stimulus/S  1	1	26201274	26201282	48	0	20	pips_40_500-8000.hdf5	both	none
2621.194	1	Stimulus/S  1	1	26211940	26211948	48	1	40	pips_40_500-8000.hdf5	both	none
2622.2607	1	Stimulus/S  1	1	26222607	26222615	48	2	60	pips_40_500-8000.hdf5	both	none
2623.3061	1	Stimulus/S  1	1	26233061	26233069	48	3	70	pips_40_500-8000.hdf5	both	none
2624.3727	1	Stimulus/S  1	1	26243727	26243735	48	4	50	pips_40_500-8000.hdf5	both	none
2625.4287	1	Stimulus/S  1	1	26254287	26254295	48	5	30	pips_40_500-8000.hdf5	both	none
2626.4954	1	Stimulus/S  1	1	26264954	26264962	49	0	20	pips_40_500-8000.hdf5	both	none
2627.5621	1	Stimulus/S  1	1	26275621	26275629	49	1	40	pips_40_500-8000.hdf5	both	none
2628.6288	1	Stimulus/S  1	1	26286288	26286296	49	2	60	pips_40_500-8000.hdf5	both	none
2629.6954	1	Stimulus/S  1	1	26296954	26296962	49	3	70	pips_40_500-8000.hdf5	both	none
2630.7621	1	Stimulus/S  1	1	26307621	26307629	49	4	50	pips_40_500-8000.hdf5	both	none
2631.8288	1	Stimulus/S  1	1	26318288	26318296	49	5	30	pips_40_500-8000.hdf5	both	none
2632.8955	1	Stimulus/S  1	1	26328955	26328963	50	0	20	pips_40_500-8000.hdf5	both	none
2633.9622	1	Stimulus/S  1	1	26339622	26339630	50	1	40	pips_40_500-8000.hdf5	both	none
2635.0288	1	Stimulus/S  1	1	26350288	26350296	50	2	60	pips_40_500-8000.hdf5	both	none
2636.0742	1	Stimulus/S  1	1	26360742	26360750	50	3	70	pips_40_500-8000.hdf5	both	none
2637.1409	1	Stimulus/S  1	1	26371409	26371417	50	4	50	pips_40_500-8000.hdf5	both	none
2638.1969	1	Stimulus/S  1	1	26381969	26381977	50	5	30	pips_40_500-8000.hdf5	both	none
2639.2635	1	Stimulus/S  1	1	26392635	26392643	51	0	20	pips_40_500-8000.hdf5	both	none
2640.3089	1	Stimulus/S  1	1	26403089	26403097	51	1	40	pips_40_500-8000.hdf5	both	none
2641.3649	1	Stimulus/S  1	1	26413649	26413657	51	2	60	pips_40_500-8000.hdf5	both	none
2642.4102	1	Stimulus/S  1	1	26424102	26424110	51	3	70	pips_40_500-8000.hdf5	both	none
2643.4662	1	Stimulus/S  1	1	26434662	26434670	51	4	50	pips_40_500-8000.hdf5	both	none
2644.5116	1	Stimulus/S  1	1	26445116	26445124	51	5	30	pips_40_500-8000.hdf5	both	none
2645.5569	1	Stimulus/S  1	1	26455569	26455577	52	0	20	pips_40_500-8000.hdf5	both	none
2646.6129	1	Stimulus/S  1	1	26466129	26466137	52	1	40	pips_40_500-8000.hdf5	both	none
2647.6796	1	Stimulus/S  1	1	26476796	26476804	52	2	60	pips_40_500-8000.hdf5	both	none
2648.725	1	Stimulus/S  1	1	26487250	26487258	52	3	70	pips_40_500-8000.hdf5	both	none
2649.7916	1	Stimulus/S  1	1	26497916	26497924	52	4	50	pips_40_500-8000.hdf5	both	none
2650.8477	1	Stimulus/S  1	1	26508477	26508485	52	5	30	pips_40_500-8000.hdf5	both	none
2651.9143	1	Stimulus/S  1	1	26519143	26519151	53	0	20	pips_40_500-8000.hdf5	both	none
2652.981	1	Stimulus/S  1	1	26529810	26529818	53	1	40	pips_40_500-8000.hdf5	both	none
2654.0477	1	Stimulus/S  1	1	26540477	26540485	53	2	60	pips_40_500-8000.hdf5	both	none
2655.1144	1	Stimulus/S  1	1	26551144	26551152	53	3	70	pips_40_500-8000.hdf5	both	none
2656.181	1	Stimulus/S  1	1	26561810	26561818	53	4	50	pips_40_500-8000.hdf5	both	none
2657.2477	1	Stimulus/S  1	1	26572477	26572485	53	5	30	pips_40_500-8000.hdf5	both	none
2658.3144	1	Stimulus/S  1	1	26583144	26583152	54	0	20	pips_40_500-8000.hdf5	both	none
2659.3811	1	Stimulus/S  1	1	26593811	26593819	54	1	40	pips_40_500-8000.hdf5	both	none
2660.4477	1	Stimulus/S  1	1	26604477	26604485	54	2	60	pips_40_500-8000.hdf5	both	none
2661.5144	1	Stimulus/S  1	1	26615144	26615152	54	3	70	pips_40_500-8000.hdf5	both	none
2662.5811	1	Stimulus/S  1	1	26625811	26625819	54	4	50	pips_40_500-8000.hdf5	both	none
2663.6478	1	Stimulus/S  1	1	26636478	26636486	54	5	30	pips_40_500-8000.hdf5	both	none
2664.6931	1	Stimulus/S  1	1	26646931	26646939	55	0	20	pips_40_500-8000.hdf5	both	none
2665.7598	1	Stimulus/S  1	1	26657598	26657606	55	1	40	pips_40_500-8000.hdf5	both	none
2666.8158	1	Stimulus/S  1	1	26668158	26668166	55	2	60	pips_40_500-8000.hdf5	both	none
2667.8825	1	Stimulus/S  1	1	26678825	26678833	55	3	70	pips_40_500-8000.hdf5	both	none
2668.9278	1	Stimulus/S  1	1	26689278	26689286	55	4	50	pips_40_500-8000.hdf5	both	none
2669.9732	1	Stimulus/S  1	1	26699732	26699740	55	5	30	pips_40_500-8000.hdf5	both	none
2671.0292	1	Stimulus/S  1	1	26710292	26710300	56	0	20	pips_40_500-8000.hdf5	both	none
2672.0745	1	Stimulus/S  1	1	26720745	26720753	56	1	40	pips_40_500-8000.hdf5	both	none
2673.1305	1	Stimulus/S  1	1	26731305	26731313	56	2	60	pips_40_500-8000.hdf5	both	none
2674.1759	1	Stimulus/S  1	1	26741759	26741767	56	3	70	pips_40_500-8000.hdf5	both	none
2675.2319	1	Stimulus/S  1	1	26752319	26752327	56	4	50	pips_40_500-8000.hdf5	both	none
2676.2986	1	Stimulus/S  1	1	26762986	26762994	56	5	30	pips_40_500-8000.hdf5	both	none
2677.3439	1	Stimulus/S  1	1	26773439	26773447	57	0	20	pips_40_500-8000.hdf5	both	none
2678.4106	1	Stimulus/S  1	1	26784106	26784114	57	1	40	pips_40_500-8000.hdf5	both	none
2679.4666	1	Stimulus/S  1	1	26794666	26794674	57	2	60	pips_40_500-8000.hdf5	both	none
2680.5333	1	Stimulus/S  1	1	26805333	26805341	57	3	70	pips_40_500-8000.hdf5	both	none
2681.6	1	Stimulus/S  1	1	26816000	26816008	57	4	50	pips_40_500-8000.hdf5	both	none
2682.6666	1	Stimulus/S  1	1	26826666	26826674	57	5	30	pips_40_500-8000.hdf5	both	none
2683.7333	1	Stimulus/S  1	1	26837333	26837341	58	0	20	pips_40_500-8000.hdf5	both	none
2684.8	1	Stimulus/S  1	1	26848000	26848008	58	1	40	pips_40_500-8000.hdf5	both	none
2685.8667	1	Stimulus/S  1	1	26858667	26858675	58	2	60	pips_40_500-8000.hdf5	both	none
2686.9333	1	Stimulus/S  1	1	26869333	26869341	58	3	70	pips_40_500-8000.hdf5	both	none
2688.0	1	Stimulus/S  1	1	26880000	26880008	58	4	50	pips_40_500-8000.hdf5	both	none
2689.0667	1	Stimulus/S  1	1	26890667	26890675	58	5	30	pips_40_500-8000.hdf5	both	none
2690.1334	1	Stimulus/S  1	1	26901334	26901342	59	0	20	pips_40_500-8000.hdf5	both	none
2691.2	1	Stimulus/S  1	1	26912000	26912008	59	1	40	pips_40_500-8000.hdf5	both	none
2692.2667	1	Stimulus/S  1	1	26922667	26922675	59	2	60	pips_40_500-8000.hdf5	both	none
2693.3121	1	Stimulus/S  1	1	26933121	26933129	59	3	70	pips_40_500-8000.hdf5	both	none
2694.3787	1	Stimulus/S  1	1	26943787	26943795	59	4	50	pips_40_500-8000.hdf5	both	none
2695.4454	1	Stimulus/S  1	1	26954454	26954462	59	5	30	pips_40_500-8000.hdf5	both	none
2696.4908	1	Stimulus/S  1	1	26964908	26964916	60	0	20	pips_40_500-8000.hdf5	both	none
2697.5574	1	Stimulus/S  1	1	26975574	26975582	60	1	40	pips_40_500-8000.hdf5	both	none
2698.6134	1	Stimulus/S  1	1	26986134	26986142	60	2	60	pips_40_500-8000.hdf5	both	none
2699.6801	1	Stimulus/S  1	1	26996801	26996809	60	3	70	pips_40_500-8000.hdf5	both	none
2700.7255	1	Stimulus/S  1	1	27007255	27007263	60	4	50	pips_40_500-8000.hdf5	both	none
2701.7921	1	Stimulus/S  1	1	27017921	27017929	60	5	30	pips_40_500-8000.hdf5	both	none
2702.8482	1	Stimulus/S  1	1	27028482	27028490	61	0	20	pips_40_500-8000.hdf5	both	none
2703.8935	1	Stimulus/S  1	1	27038935	27038943	61	1	40	pips_40_500-8000.hdf5	both	none
2704.9495	1	Stimulus/S  1	1	27049495	27049503	61	2	60	pips_40_500-8000.hdf5	both	none
2705.9949	1	Stimulus/S  1	1	27059949	27059957	61	3	70	pips_40_500-8000.hdf5	both	none
2707.0402	1	Stimulus/S  1	1	27070402	27070410	61	4	50	pips_40_500-8000.hdf5	both	none
2708.0962	1	Stimulus/S  1	1	27080962	27080970	61	5	30	pips_40_500-8000.hdf5	both	none
2709.1416	1	Stimulus/S  1	1	27091416	27091424	62	0	20	pips_40_500-8000.hdf5	both	none
2710.2082	1	Stimulus/S  1	1	27102082	27102090	62	1	40	pips_40_500-8000.hdf5	both	none
2711.2642	1	Stimulus/S  1	1	27112642	27112650	62	2	60	pips_40_500-8000.hdf5	both	none
2712.3309	1	Stimulus/S  1	1	27123309	27123317	62	3	70	pips_40_500-8000.hdf5	both	none
2713.3976	1	Stimulus/S  1	1	27133976	27133984	62	4	50	pips_40_500-8000.hdf5	both	none
2714.4429	1	Stimulus/S  1	1	27144429	27144437	62	5	30	pips_40_500-8000.hdf5	both	none
2715.5096	1	Stimulus/S  1	1	27155096	27155104	63	0	20	pips_40_500-8000.hdf5	both	none
2716.5656	1	Stimulus/S  1	1	27165656	27165664	63	1	40	pips_40_500-8000.hdf5	both	none
2717.611	1	Stimulus/S  1	1	27176110	27176118	63	2	60	pips_40_500-8000.hdf5	both	none
2718.667	1	Stimulus/S  1	1	27186670	27186678	63	3	70	pips_40_500-8000.hdf5	both	none
2719.7337	1	Stimulus/S  1	1	27197337	27197345	63	4	50	pips_40_500-8000.hdf5	both	none
2720.779	1	Stimulus/S  1	1	27207790	27207798	63	5	30	pips_40_500-8000.hdf5	both	none
2721.8457	1	Stimulus/S  1	1	27218457	27218465	64	0	20	pips_40_500-8000.hdf5	both	none
2722.9124	1	Stimulus/S  1	1	27229124	27229132	64	1	40	pips_40_500-8000.hdf5	both	none
2723.9577	1	Stimulus/S  1	1	27239577	27239585	64	2	60	pips_40_500-8000.hdf5	both	none
2725.0244	1	Stimulus/S  1	1	27250244	27250252	64	3	70	pips_40_500-8000.hdf5	both	none
2726.091	1	Stimulus/S  1	1	27260910	27260918	64	4	50	pips_40_500-8000.hdf5	both	none
2727.1577	1	Stimulus/S  1	1	27271577	27271585	64	5	30	pips_40_500-8000.hdf5	both	none
2728.2244	1	Stimulus/S  1	1	27282244	27282252	65	0	20	pips_40_500-8000.hdf5	both	none
2729.2911	1	Stimulus/S  1	1	27292911	27292919	65	1	40	pips_40_500-8000.hdf5	both	none
2730.3578	1	Stimulus/S  1	1	27303578	27303586	65	2	60	pips_40_500-8000.hdf5	both	none
2731.4138	1	Stimulus/S  1	1	27314138	27314146	65	3	70	pips_40_500-8000.hdf5	both	none
2732.4804	1	Stimulus/S  1	1	27324804	27324812	65	4	50	pips_40_500-8000.hdf5	both	none
2733.5258	1	Stimulus/S  1	1	27335258	27335266	65	5	30	pips_40_500-8000.hdf5	both	none
2734.5925	1	Stimulus/S  1	1	27345925	27345933	66	0	20	pips_40_500-8000.hdf5	both	none
2735.6485	1	Stimulus/S  1	1	27356485	27356493	66	1	40	pips_40_500-8000.hdf5	both	none
2736.6938	1	Stimulus/S  1	1	27366938	27366946	66	2	60	pips_40_500-8000.hdf5	both	none
2737.7498	1	Stimulus/S  1	1	27377498	27377506	66	3	70	pips_40_500-8000.hdf5	both	none
2738.7952	1	Stimulus/S  1	1	27387952	27387960	66	4	50	pips_40_500-8000.hdf5	both	none
2739.8512	1	Stimulus/S  1	1	27398512	27398520	66	5	30	pips_40_500-8000.hdf5	both	none
2740.8965	1	Stimulus/S  1	1	27408965	27408973	67	0	20	pips_40_500-8000.hdf5	both	none
2741.9419	1	Stimulus/S  1	1	27419419	27419427	67	1	40	pips_40_500-8000.hdf5	both	none
2742.9979	1	Stimulus/S  1	1	27429979	27429987	67	2	60	pips_40_500-8000.hdf5	both	none
2744.0646	1	Stimulus/S  1	1	27440646	27440654	67	3	70	pips_40_500-8000.hdf5	both	none
2745.1312	1	Stimulus/S  1	1	27451312	27451320	67	4	50	pips_40_500-8000.hdf5	both	none
2746.1766	1	Stimulus/S  1	1	27461766	27461774	67	5	30	pips_40_500-8000.hdf5	both	none
2747.2433	1	Stimulus/S  1	1	27472433	27472441	68	0	20	pips_40_500-8000.hdf5	both	none
2748.3099	1	Stimulus/S  1	1	27483099	27483107	68	1	40	pips_40_500-8000.hdf5	both	none
2749.3766	1	Stimulus/S  1	1	27493766	27493774	68	2	60	pips_40_500-8000.hdf5	both	none
2750.4433	1	Stimulus/S  1	1	27504433	27504441	68	3	70	pips_40_500-8000.hdf5	both	none
2751.51	1	Stimulus/S  1	1	27515100	27515108	68	4	50	pips_40_500-8000.hdf5	both	none
2752.5766	1	Stimulus/S  1	1	27525766	27525774	68	5	30	pips_40_500-8000.hdf5	both	none
2753.6433	1	Stimulus/S  1	1	27536433	27536441	69	0	20	pips_40_500-8000.hdf5	both	none
2754.71	1	Stimulus/S  1	1	27547100	27547108	69	1	40	pips_40_500-8000.hdf5	both	none
2755.766	1	Stimulus/S  1	1	27557660	27557668	69	2	60	pips_40_500-8000.hdf5	both	none
2756.8327	1	Stimulus/S  1	1	27568327	27568335	69	3	70	pips_40_500-8000.hdf5	both	none
2757.8994	1	Stimulus/S  1	1	27578994	27579002	69	4	50	pips_40_500-8000.hdf5	both	none
2758.9447	1	Stimulus/S  1	1	27589447	27589455	69	5	30	pips_40_500-8000.hdf5	both	none
2760.0007	1	Stimulus/S  1	1	27600007	27600015	70	0	20	pips_40_500-8000.hdf5	both	none
2761.0461	1	Stimulus/S  1	1	27610461	27610469	70	1	40	pips_40_500-8000.hdf5	both	none
2762.0914	1	Stimulus/S  1	1	27620914	27620922	70	2	60	pips_40_500-8000.hdf5	both	none
2763.1474	1	Stimulus/S  1	1	27631474	27631482	70	3	70	pips_40_500-8000.hdf5	both	none
2764.1928	1	Stimulus/S  1	1	27641928	27641936	70	4	50	pips_40_500-8000.hdf5	both	none
2765.2594	1	Stimulus/S  1	1	27652594	27652602	70	5	30	pips_40_500-8000.hdf5	both	none
2766.3154	1	Stimulus/S  1	1	27663154	27663162	71	0	20	pips_40_500-8000.hdf5	both	none
2767.3821	1	Stimulus/S  1	1	27673821	27673829	71	1	40	pips_40_500-8000.hdf5	both	none
2768.4488	1	Stimulus/S  1	1	27684488	27684496	71	2	60	pips_40_500-8000.hdf5	both	none
2769.4941	1	Stimulus/S  1	1	27694941	27694949	71	3	70	pips_40_500-8000.hdf5	both	none
2770.5608	1	Stimulus/S  1	1	27705608	27705616	71	4	50	pips_40_500-8000.hdf5	both	none
2771.6275	1	Stimulus/S  1	1	27716275	27716283	71	5	30	pips_40_500-8000.hdf5	both	none
2772.6942	1	Stimulus/S  1	1	27726942	27726950	72	0	20	pips_40_500-8000.hdf5	both	none
2773.7608	1	Stimulus/S  1	1	27737608	27737616	72	1	40	pips_40_500-8000.hdf5	both	none
2774.8275	1	Stimulus/S  1	1	27748275	27748283	72	2	60	pips_40_500-8000.hdf5	both	none
2775.8942	1	Stimulus/S  1	1	27758942	27758950	72	3	70	pips_40_500-8000.hdf5	both	none
2776.9502	1	Stimulus/S  1	1	27769502	27769510	72	4	50	pips_40_500-8000.hdf5	both	none
2778.0169	1	Stimulus/S  1	1	27780169	27780177	72	5	30	pips_40_500-8000.hdf5	both	none
2779.0836	1	Stimulus/S  1	1	27790836	27790844	73	0	20	pips_40_500-8000.hdf5	both	none
2780.1502	1	Stimulus/S  1	1	27801502	27801510	73	1	40	pips_40_500-8000.hdf5	both	none
2781.2169	1	Stimulus/S  1	1	27812169	27812177	73	2	60	pips_40_500-8000.hdf5	both	none
2782.2836	1	Stimulus/S  1	1	27822836	27822844	73	3	70	pips_40_500-8000.hdf5	both	none
2783.3503	1	Stimulus/S  1	1	27833503	27833511	73	4	50	pips_40_500-8000.hdf5	both	none
2784.4169	1	Stimulus/S  1	1	27844169	27844177	73	5	30	pips_40_500-8000.hdf5	both	none
2785.4836	1	Stimulus/S  1	1	27854836	27854844	74	0	20	pips_40_500-8000.hdf5	both	none
2786.5503	1	Stimulus/S  1	1	27865503	27865511	74	1	40	pips_40_500-8000.hdf5	both	none
2787.617	1	Stimulus/S  1	1	27876170	27876178	74	2	60	pips_40_500-8000.hdf5	both	none
2788.6623	1	Stimulus/S  1	1	27886623	27886631	74	3	70	pips_40_500-8000.hdf5	both	none
2789.729	1	Stimulus/S  1	1	27897290	27897298	74	4	50	pips_40_500-8000.hdf5	both	none
2790.785	1	Stimulus/S  1	1	27907850	27907858	74	5	30	pips_40_500-8000.hdf5	both	none
2791.8517	1	Stimulus/S  1	1	27918517	27918525	75	0	20	pips_40_500-8000.hdf5	both	none
2792.897	1	Stimulus/S  1	1	27928970	27928978	75	1	40	pips_40_500-8000.hdf5	both	none
2793.9424	1	Stimulus/S  1	1	27939424	27939432	75	2	60	pips_40_500-8000.hdf5	both	none
2794.9984	1	Stimulus/S  1	1	27949984	27949992	75	3	70	pips_40_500-8000.hdf5	both	none
2796.0437	1	Stimulus/S  1	1	27960437	27960445	75	4	50	pips_40_500-8000.hdf5	both	none
2797.0997	1	Stimulus/S  1	1	27970997	27971005	75	5	30	pips_40_500-8000.hdf5	both	none
2798.1664	1	Stimulus/S  1	1	27981664	27981672	76	0	20	pips_40_500-8000.hdf5	both	none
2799.2118	1	Stimulus/S  1	1	27992118	27992126	76	1	40	pips_40_500-8000.hdf5	both	none
2800.2678	1	Stimulus/S  1	1	28002678	28002686	76	2	60	pips_40_500-8000.hdf5	both	none
2801.3131	1	Stimulus/S  1	1	28013131	28013139	76	3	70	pips_40_500-8000.hdf5	both	none
2802.3798	1	Stimulus/S  1	1	28023798	28023806	76	4	50	pips_40_500-8000.hdf5	both	none
2803.4251	1	Stimulus/S  1	1	28034251	28034259	76	5	30	pips_40_500-8000.hdf5	both	none
2804.5025	1	Stimulus/S  1	1	28045025	28045033	77	0	20	pips_40_500-8000.hdf5	both	none
2805.5692	1	Stimulus/S  1	1	28055692	28055700	77	1	40	pips_40_500-8000.hdf5	both	none
2806.6358	1	Stimulus/S  1	1	28066358	28066366	77	2	60	pips_40_500-8000.hdf5	both	none
2807.7025	1	Stimulus/S  1	1	28077025	28077033	77	3	70	pips_40_500-8000.hdf5	both	none
2808.7692	1	Stimulus/S  1	1	28087692	28087700	77	4	50	pips_40_500-8000.hdf5	both	none
2809.8252	1	Stimulus/S  1	1	28098252	28098260	77	5	30	pips_40_500-8000.hdf5	both	none
2810.9025	1	Stimulus/S  1	1	28109025	28109033	78	0	20	pips_40_500-8000.hdf5	both	none
2811.9586	1	Stimulus/S  1	1	28119586	28119594	78	1	40	pips_40_500-8000.hdf5	both	none
2813.0359	1	Stimulus/S  1	1	28130359	28130367	78	2	60	pips_40_500-8000.hdf5	both	none
2814.0812	1	Stimulus/S  1	1	28140812	28140820	78	3	70	pips_40_500-8000.hdf5	both	none
2815.1479	1	Stimulus/S  1	1	28151479	28151487	78	4	50	pips_40_500-8000.hdf5	both	none
2816.1933	1	Stimulus/S  1	1	28161933	28161941	78	5	30	pips_40_500-8000.hdf5	both	none
2817.2493	1	Stimulus/S  1	1	28172493	28172501	79	0	20	pips_40_500-8000.hdf5	both	none
2818.2946	1	Stimulus/S  1	1	28182946	28182954	79	1	40	pips_40_500-8000.hdf5	both	none
2819.3506	1	Stimulus/S  1	1	28193506	28193514	79	2	60	pips_40_500-8000.hdf5	both	none
2820.396	1	Stimulus/S  1	1	28203960	28203968	79	3	70	pips_40_500-8000.hdf5	both	none
2821.452	1	Stimulus/S  1	1	28214520	28214528	79	4	50	pips_40_500-8000.hdf5	both	none
2822.4973	1	Stimulus/S  1	1	28224973	28224981	79	5	30	pips_40_500-8000.hdf5	both	none
2823.5427	1	Stimulus/S  1	1	28235427	28235435	80	0	20	pips_40_500-8000.hdf5	both	none
2824.5987	1	Stimulus/S  1	1	28245987	28245995	80	1	40	pips_40_500-8000.hdf5	both	none
2825.644	1	Stimulus/S  1	1	28256440	28256448	80	2	60	pips_40_500-8000.hdf5	both	none
2826.7107	1	Stimulus/S  1	1	28267107	28267115	80	3	70	pips_40_500-8000.hdf5	both	none
2827.7774	1	Stimulus/S  1	1	28277774	28277782	80	4	50	pips_40_500-8000.hdf5	both	none
2828.8334	1	Stimulus/S  1	1	28288334	28288342	80	5	30	pips_40_500-8000.hdf5	both	none
2829.9001	1	Stimulus/S  1	1	28299001	28299009	81	0	20	pips_40_500-8000.hdf5	both	none
2830.9454	1	Stimulus/S  1	1	28309454	28309462	81	1	40	pips_40_500-8000.hdf5	both	none
2832.0121	1	Stimulus/S  1	1	28320121	28320129	81	2	60	pips_40_500-8000.hdf5	both	none
2833.0788	1	Stimulus/S  1	1	28330788	28330796	81	3	70	pips_40_500-8000.hdf5	both	none
2834.1454	1	Stimulus/S  1	1	28341454	28341462	81	4	50	pips_40_500-8000.hdf5	both	none
2835.2014	1	Stimulus/S  1	1	28352014	28352022	81	5	30	pips_40_500-8000.hdf5	both	none
2836.2681	1	Stimulus/S  1	1	28362681	28362689	82	0	20	pips_40_500-8000.hdf5	both	none
2837.3348	1	Stimulus/S  1	1	28373348	28373356	82	1	40	pips_40_500-8000.hdf5	both	none
2838.3801	1	Stimulus/S  1	1	28383801	28383809	82	2	60	pips_40_500-8000.hdf5	both	none
2839.4468	1	Stimulus/S  1	1	28394468	28394476	82	3	70	pips_40_500-8000.hdf5	both	none
2840.5135	1	Stimulus/S  1	1	28405135	28405143	82	4	50	pips_40_500-8000.hdf5	both	none
2841.5802	1	Stimulus/S  1	1	28415802	28415810	82	5	30	pips_40_500-8000.hdf5	both	none
2842.6468	1	Stimulus/S  1	1	28426468	28426476	83	0	20	pips_40_500-8000.hdf5	both	none
2843.7135	1	Stimulus/S  1	1	28437135	28437143	83	1	40	pips_40_500-8000.hdf5	both	none
2844.7802	1	Stimulus/S  1	1	28447802	28447810	83	2	60	pips_40_500-8000.hdf5	both	none
2845.8469	1	Stimulus/S  1	1	28458469	28458477	83	3	70	pips_40_500-8000.hdf5	both	none
2846.9136	1	Stimulus/S  1	1	28469136	28469144	83	4	50	pips_40_500-8000.hdf5	both	none
2847.9802	1	Stimulus/S  1	1	28479802	28479810	83	5	30	pips_40_500-8000.hdf5	both	none
2849.0469	1	Stimulus/S  1	1	28490469	28490477	84	0	20	pips_40_500-8000.hdf5	both	none
2850.1136	1	Stimulus/S  1	1	28501136	28501144	84	1	40	pips_40_500-8000.hdf5	both	none
2851.1803	1	Stimulus/S  1	1	28511803	28511811	84	2	60	pips_40_500-8000.hdf5	both	none
2852.2469	1	Stimulus/S  1	1	28522469	28522477	84	3	70	pips_40_500-8000.hdf5	both	none
2853.3136	1	Stimulus/S  1	1	28533136	28533144	84	4	50	pips_40_500-8000.hdf5	both	none
2854.3803	1	Stimulus/S  1	1	28543803	28543811	84	5	30	pips_40_500-8000.hdf5	both	none
2855.447	1	Stimulus/S  1	1	28554470	28554478	85	0	20	pips_40_500-8000.hdf5	both	none
2856.5137	1	Stimulus/S  1	1	28565137	28565145	85	1	40	pips_40_500-8000.hdf5	both	none
2857.5803	1	Stimulus/S  1	1	28575803	28575811	85	2	60	pips_40_500-8000.hdf5	both	none
2858.6363	1	Stimulus/S  1	1	28586363	28586371	85	3	70	pips_40_500-8000.hdf5	both	none
2859.6817	1	Stimulus/S  1	1	28596817	28596825	85	4	50	pips_40_500-8000.hdf5	both	none
2860.727	1	Stimulus/S  1	1	28607270	28607278	85	5	30	pips_40_500-8000.hdf5	both	none
2861.783	1	Stimulus/S  1	1	28617830	28617838	86	0	20	pips_40_500-8000.hdf5	both	none
2862.8284	1	Stimulus/S  1	1	28628284	28628292	86	1	40	pips_40_500-8000.hdf5	both	none
2863.8844	1	Stimulus/S  1	1	28638844	28638852	86	2	60	pips_40_500-8000.hdf5	both	none
2864.9297	1	Stimulus/S  1	1	28649297	28649305	86	3	70	pips_40_500-8000.hdf5	both	none
2865.9964	1	Stimulus/S  1	1	28659964	28659972	86	4	50	pips_40_500-8000.hdf5	both	none
2867.0524	1	Stimulus/S  1	1	28670524	28670532	86	5	30	pips_40_500-8000.hdf5	both	none
2868.1191	1	Stimulus/S  1	1	28681191	28681199	87	0	20	pips_40_500-8000.hdf5	both	none
2869.1644	1	Stimulus/S  1	1	28691644	28691652	87	1	40	pips_40_500-8000.hdf5	both	none
2870.2311	1	Stimulus/S  1	1	28702311	28702319	87	2	60	pips_40_500-8000.hdf5	both	none
2871.2978	1	Stimulus/S  1	1	28712978	28712986	87	3	70	pips_40_500-8000.hdf5	both	none
2872.3645	1	Stimulus/S  1	1	28723645	28723653	87	4	50	pips_40_500-8000.hdf5	both	none
2873.4311	1	Stimulus/S  1	1	28734311	28734319	87	5	30	pips_40_500-8000.hdf5	both	none
2874.4978	1	Stimulus/S  1	1	28744978	28744986	88	0	20	pips_40_500-8000.hdf5	both	none
2875.5645	1	Stimulus/S  1	1	28755645	28755653	88	1	40	pips_40_500-8000.hdf5	both	none
2876.6312	1	Stimulus/S  1	1	28766312	28766320	88	2	60	pips_40_500-8000.hdf5	both	none
2877.6979	1	Stimulus/S  1	1	28776979	28776987	88	3	70	pips_40_500-8000.hdf5	both	none
2878.7645	1	Stimulus/S  1	1	28787645	28787653	88	4	50	pips_40_500-8000.hdf5	both	none
2879.8099	1	Stimulus/S  1	1	28798099	28798107	88	5	30	pips_40_500-8000.hdf5	both	none
2880.8872	1	Stimulus/S  1	1	28808872	28808880	89	0	20	pips_40_500-8000.hdf5	both	none
2881.9326	1	Stimulus/S  1	1	28819326	28819334	89	1	40	pips_40_500-8000.hdf5	both	none
2882.9992	1	Stimulus/S  1	1	28829992	28830000	89	2	60	pips_40_500-8000.hdf5	both	none
2884.0446	1	Stimulus/S  1	1	28840446	28840454	89	3	70	pips_40_500-8000.hdf5	both	none
2885.1006	1	Stimulus/S  1	1	28851006	28851014	89	4	50	pips_40_500-8000.hdf5	both	none
2886.1459	1	Stimulus/S  1	1	28861459	28861467	89	5	30	pips_40_500-8000.hdf5	both	none
2887.2019	1	Stimulus/S  1	1	28872019	28872027	90	0	20	pips_40_500-8000.hdf5	both	none
2888.2473	1	Stimulus/S  1	1	28882473	28882481	90	1	40	pips_40_500-8000.hdf5	both	none
2889.3033	1	Stimulus/S  1	1	28893033	28893041	90	2	60	pips_40_500-8000.hdf5	both	none
2890.37	1	Stimulus/S  1	1	28903700	28903708	90	3	70	pips_40_500-8000.hdf5	both	none
2891.4367	1	Stimulus/S  1	1	28914367	28914375	90	4	50	pips_40_500-8000.hdf5	both	none
2892.5033	1	Stimulus/S  1	1	28925033	28925041	90	5	30	pips_40_500-8000.hdf5	both	none
2893.57	1	Stimulus/S  1	1	28935700	28935708	91	0	20	pips_40_500-8000.hdf5	both	none
2894.6367	1	Stimulus/S  1	1	28946367	28946375	91	1	40	pips_40_500-8000.hdf5	both	none
2895.7034	1	Stimulus/S  1	1	28957034	28957042	91	2	60	pips_40_500-8000.hdf5	both	none
2896.77	1	Stimulus/S  1	1	28967700	28967708	91	3	70	pips_40_500-8000.hdf5	both	none
2897.8367	1	Stimulus/S  1	1	28978367	28978375	91	4	50	pips_40_500-8000.hdf5	both	none
2898.9034	1	Stimulus/S  1	1	28989034	28989042	91	5	30	pips_40_500-8000.hdf5	both	none
2899.9701	1	Stimulus/S  1	1	28999701	28999709	92	0	20	pips_40_500-8000.hdf5	both	none
2901.0368	1	Stimulus/S  1	1	29010368	29010376	92	1	40	pips_40_500-8000.hdf5	both	none
2902.1034	1	Stimulus/S  1	1	29021034	29021042	92	2	60	pips_40_500-8000.hdf5	both	none
2903.1701	1	Stimulus/S  1	1	29031701	29031709	92	3	70	pips_40_500-8000.hdf5	both	none
2904.2154	1	Stimulus/S  1	1	29042154	29042162	92	4	50	pips_40_500-8000.hdf5	both	none
2905.2608	1	Stimulus/S  1	1	29052608	29052616	92	5	30	pips_40_500-8000.hdf5	both	none
2906.3168	1	Stimulus/S  1	1	29063168	29063176	93	0	20	pips_40_500-8000.hdf5	both	none
2907.3621	1	Stimulus/S  1	1	29073621	29073629	93	1	40	pips_40_500-8000.hdf5	both	none
2908.4182	1	Stimulus/S  1	1	29084182	29084190	93	2	60	pips_40_500-8000.hdf5	both	none
2909.4635	1	Stimulus/S  1	1	29094635	29094643	93	3	70	pips_40_500-8000.hdf5	both	none
2910.5195	1	Stimulus/S  1	1	29105195	29105203	93	4	50	pips_40_500-8000.hdf5	both	none
2911.5862	1	Stimulus/S  1	1	29115862	29115870	93	5	30	pips_40_500-8000.hdf5	both	none
2912.6315	1	Stimulus/S  1	1	29126315	29126323	94	0	20	pips_40_500-8000.hdf5	both	none
2913.6982	1	Stimulus/S  1	1	29136982	29136990	94	1	40	pips_40_500-8000.hdf5	both	none
2914.7649	1	Stimulus/S  1	1	29147649	29147657	94	2	60	pips_40_500-8000.hdf5	both	none
2915.8316	1	Stimulus/S  1	1	29158316	29158324	94	3	70	pips_40_500-8000.hdf5	both	none
2916.8982	1	Stimulus/S  1	1	29168982	29168990	94	4	50	pips_40_500-8000.hdf5	both	none
2917.9649	1	Stimulus/S  1	1	29179649	29179657	94	5	30	pips_40_500-8000.hdf5	both	none
2919.0316	1	Stimulus/S  1	1	29190316	29190324	95	0	20	pips_40_500-8000.hdf5	both	none
2920.0983	1	Stimulus/S  1	1	29200983	29200991	95	1	40	pips_40_500-8000.hdf5	both	none
2921.1649	1	Stimulus/S  1	1	29211649	29211657	95	2	60	pips_40_500-8000.hdf5	both	none
2922.2316	1	Stimulus/S  1	1	29222316	29222324	95	3	70	pips_40_500-8000.hdf5	both	none
2923.2876	1	Stimulus/S  1	1	29232876	29232884	95	4	50	pips_40_500-8000.hdf5	both	none
2924.3543	1	Stimulus/S  1	1	29243543	29243551	95	5	30	pips_40_500-8000.hdf5	both	none
2925.3997	1	Stimulus/S  1	1	29253997	29254005	96	0	20	pips_40_500-8000.hdf5	both	none
2926.4663	1	Stimulus/S  1	1	29264663	29264671	96	1	40	pips_40_500-8000.hdf5	both	none
2927.5117	1	Stimulus/S  1	1	29275117	29275125	96	2	60	pips_40_500-8000.hdf5	both	none
2928.5677	1	Stimulus/S  1	1	29285677	29285685	96	3	70	pips_40_500-8000.hdf5	both	none
2929.613	1	Stimulus/S  1	1	29296130	29296138	96	4	50	pips_40_500-8000.hdf5	both	none
2930.6797	1	Stimulus/S  1	1	29306797	29306805	96	5	30	pips_40_500-8000.hdf5	both	none
2931.7357	1	Stimulus/S  1	1	29317357	29317365	97	0	20	pips_40_500-8000.hdf5	both	none
2932.8024	1	Stimulus/S  1	1	29328024	29328032	97	1	40	pips_40_500-8000.hdf5	both	none
2933.8477	1	Stimulus/S  1	1	29338477	29338485	97	2	60	pips_40_500-8000.hdf5	both	none
2934.9144	1	Stimulus/S  1	1	29349144	29349152	97	3	70	pips_40_500-8000.hdf5	both	none
2935.9811	1	Stimulus/S  1	1	29359811	29359819	97	4	50	pips_40_500-8000.hdf5	both	none
2937.0371	1	Stimulus/S  1	1	29370371	29370379	97	5	30	pips_40_500-8000.hdf5	both	none
2938.1038	1	Stimulus/S  1	1	29381038	29381046	98	0	20	pips_40_500-8000.hdf5	both	none
2939.1705	1	Stimulus/S  1	1	29391705	29391713	98	1	40	pips_40_500-8000.hdf5	both	none
2940.2371	1	Stimulus/S  1	1	29402371	29402379	98	2	60	pips_40_500-8000.hdf5	both	none
2941.3038	1	Stimulus/S  1	1	29413038	29413046	98	3	70	pips_40_500-8000.hdf5	both	none
2942.3705	1	Stimulus/S  1	1	29423705	29423713	98	4	50	pips_40_500-8000.hdf5	both	none
2943.4372	1	Stimulus/S  1	1	29434372	29434380	98	5	30	pips_40_500-8000.hdf5	both	none
2944.4825	1	Stimulus/S  1	1	29444825	29444833	99	0	20	pips_40_500-8000.hdf5	both	none
2945.5492	1	Stimulus/S  1	1	29455492	29455500	99	1	40	pips_40_500-8000.hdf5	both	none
2946.5945	1	Stimulus/S  1	1	29465945	29465953	99	2	60	pips_40_500-8000.hdf5	both	none
2947.6505	1	Stimulus/S  1	1	29476505	29476513	99	3	70	pips_40_500-8000.hdf5	both	none
2948.6959	1	Stimulus/S  1	1	29486959	29486967	99	4	50	pips_40_500-8000.hdf5	both	none
2949.7519	1	Stimulus/S  1	1	29497519	29497527	99	5	30	pips_40_500-8000.hdf5	both	none
2950.7972	1	Stimulus/S  1	1	29507972	29507980	100	0	20	pips_40_500-8000.hdf5	both	none
2951.8532	1	Stimulus/S  1	1	29518532	29518540	100	1	40	pips_40_500-8000.hdf5	both	none
2952.9199	1	Stimulus/S  1	1	29529199	29529207	100	2	60	pips_40_500-8000.hdf5	both	none
2953.9653	1	Stimulus/S  1	1	29539653	29539661	100	3	70	pips_40_500-8000.hdf5	both	none
2955.0319	1	Stimulus/S  1	1	29550319	29550327	100	4	50	pips_40_500-8000.hdf5	both	none
2956.0986	1	Stimulus/S  1	1	29560986	29560994	100	5	30	pips_40_500-8000.hdf5	both	none
2957.1546	1	Stimulus/S  1	1	29571546	29571554	101	0	20	pips_40_500-8000.hdf5	both	none
2958.2213	1	Stimulus/S  1	1	29582213	29582221	101	1	40	pips_40_500-8000.hdf5	both	none
2959.288	1	Stimulus/S  1	1	29592880	29592888	101	2	60	pips_40_500-8000.hdf5	both	none
2960.3547	1	Stimulus/S  1	1	29603547	29603555	101	3	70	pips_40_500-8000.hdf5	both	none
2961.4213	1	Stimulus/S  1	1	29614213	29614221	101	4	50	pips_40_500-8000.hdf5	both	none
2962.488	1	Stimulus/S  1	1	29624880	29624888	101	5	30	pips_40_500-8000.hdf5	both	none
2963.5547	1	Stimulus/S  1	1	29635547	29635555	102	0	20	pips_40_500-8000.hdf5	both	none
2964.6	1	Stimulus/S  1	1	29646000	29646008	102	1	40	pips_40_500-8000.hdf5	both	none
2965.6667	1	Stimulus/S  1	1	29656667	29656675	102	2	60	pips_40_500-8000.hdf5	both	none
2966.7121	1	Stimulus/S  1	1	29667121	29667129	102	3	70	pips_40_500-8000.hdf5	both	none
2967.7787	1	Stimulus/S  1	1	29677787	29677795	102	4	50	pips_40_500-8000.hdf5	both	none
2968.8347	1	Stimulus/S  1	1	29688347	29688355	102	5	30	pips_40_500-8000.hdf5	both	none
2969.9014	1	Stimulus/S  1	1	29699014	29699022	103	0	20	pips_40_500-8000.hdf5	both	none
2970.9468	1	Stimulus/S  1	1	29709468	29709476	103	1	40	pips_40_500-8000.hdf5	both	none
2972.0028	1	Stimulus/S  1	1	29720028	29720036	103	2	60	pips_40_500-8000.hdf5	both	none
2973.0481	1	Stimulus/S  1	1	29730481	29730489	103	3	70	pips_40_500-8000.hdf5	both	none
2974.1148	1	Stimulus/S  1	1	29741148	29741156	103	4	50	pips_40_500-8000.hdf5	both	none
2975.1708	1	Stimulus/S  1	1	29751708	29751716	103	5	30	pips_40_500-8000.hdf5	both	none
2976.2375	1	Stimulus/S  1	1	29762375	29762383	104	0	20	pips_40_500-8000.hdf5	both	none
2977.2828	1	Stimulus/S  1	1	29772828	29772836	104	1	40	pips_40_500-8000.hdf5	both	none
2978.3495	1	Stimulus/S  1	1	29783495	29783503	104	2	60	pips_40_500-8000.hdf5	both	none
2979.4162	1	Stimulus/S  1	1	29794162	29794170	104	3	70	pips_40_500-8000.hdf5	both	none
2980.4829	1	Stimulus/S  1	1	29804829	29804837	104	4	50	pips_40_500-8000.hdf5	both	none
2981.5495	1	Stimulus/S  1	1	29815495	29815503	104	5	30	pips_40_500-8000.hdf5	both	none
2982.6162	1	Stimulus/S  1	1	29826162	29826170	105	0	20	pips_40_500-8000.hdf5	both	none
2983.6829	1	Stimulus/S  1	1	29836829	29836837	105	1	40	pips_40_500-8000.hdf5	both	none
2984.7496	1	Stimulus/S  1	1	29847496	29847504	105	2	60	pips_40_500-8000.hdf5	both	none
2985.8162	1	Stimulus/S  1	1	29858162	29858170	105	3	70	pips_40_500-8000.hdf5	both	none
2986.8616	1	Stimulus/S  1	1	29868616	29868624	105	4	50	pips_40_500-8000.hdf5	both	none
2987.9176	1	Stimulus/S  1	1	29879176	29879184	105	5	30	pips_40_500-8000.hdf5	both	none
2988.9629	1	Stimulus/S  1	1	29889629	29889637	106	0	20	pips_40_500-8000.hdf5	both	none
2990.0189	1	Stimulus/S  1	1	29900189	29900197	106	1	40	pips_40_500-8000.hdf5	both	none
2991.0643	1	Stimulus/S  1	1	29910643	29910651	106	2	60	pips_40_500-8000.hdf5	both	none
2992.1203	1	Stimulus/S  1	1	29921203	29921211	106	3	70	pips_40_500-8000.hdf5	both	none
2993.1656	1	Stimulus/S  1	1	29931656	29931664	106	4	50	pips_40_500-8000.hdf5	both	none
2994.2217	1	Stimulus/S  1	1	29942217	29942225	106	5	30	pips_40_500-8000.hdf5	both	none
2995.2883	1	Stimulus/S  1	1	29952883	29952891	107	0	20	pips_40_500-8000.hdf5	both	none
2996.355	1	Stimulus/S  1	1	29963550	29963558	107	1	40	pips_40_500-8000.hdf5	both	none
2997.4004	1	Stimulus/S  1	1	29974004	29974012	107	2	60	pips_40_500-8000.hdf5	both	none
2998.467	1	Stimulus/S  1	1	29984670	29984678	107	3	70	pips_40_500-8000.hdf5	both	none
2999.5337	1	Stimulus/S  1	1	29995337	29995345	107	4	50	pips_40_500-8000.hdf5	both	none
3000.6004	1	Stimulus/S  1	1	30006004	30006012	107	5	30	pips_40_500-8000.hdf5	both	none
3001.6671	1	Stimulus/S  1	1	30016671	30016679	108	0	20	pips_40_500-8000.hdf5	both	none
3002.7337	1	Stimulus/S  1	1	30027337	30027345	108	1	40	pips_40_500-8000.hdf5	both	none
3003.8004	1	Stimulus/S  1	1	30038004	30038012	108	2	60	pips_40_500-8000.hdf5	both	none
3004.8458	1	Stimulus/S  1	1	30048458	30048466	108	3	70	pips_40_500-8000.hdf5	both	none
3005.9124	1	Stimulus/S  1	1	30059124	30059132	108	4	50	pips_40_500-8000.hdf5	both	none
3006.9791	1	Stimulus/S  1	1	30069791	30069799	108	5	30	pips_40_500-8000.hdf5	both	none
3008.0458	1	Stimulus/S  1	1	30080458	30080466	109	0	20	pips_40_500-8000.hdf5	both	none
3009.1125	1	Stimulus/S  1	1	30091125	30091133	109	1	40	pips_40_500-8000.hdf5	both	none
3010.1685	1	Stimulus/S  1	1	30101685	30101693	109	2	60	pips_40_500-8000.hdf5	both	none
3011.2352	1	Stimulus/S  1	1	30112352	30112360	109	3	70	pips_40_500-8000.hdf5	both	none
3012.2805	1	Stimulus/S  1	1	30122805	30122813	109	4	50	pips_40_500-8000.hdf5	both	none
3013.3472	1	Stimulus/S  1	1	30133472	30133480	109	5	30	pips_40_500-8000.hdf5	both	none
3014.4032	1	Stimulus/S  1	1	30144032	30144040	110	0	20	pips_40_500-8000.hdf5	both	none
3015.4485	1	Stimulus/S  1	1	30154485	30154493	110	1	40	pips_40_500-8000.hdf5	both	none
3016.5045	1	Stimulus/S  1	1	30165045	30165053	110	2	60	pips_40_500-8000.hdf5	both	none
3017.5712	1	Stimulus/S  1	1	30175712	30175720	110	3	70	pips_40_500-8000.hdf5	both	none
3018.6166	1	Stimulus/S  1	1	30186166	30186174	110	4	50	pips_40_500-8000.hdf5	both	none
3019.6832	1	Stimulus/S  1	1	30196832	30196840	110	5	30	pips_40_500-8000.hdf5	both	none
3020.7392	1	Stimulus/S  1	1	30207392	30207400	111	0	20	pips_40_500-8000.hdf5	both	none
3021.8059	1	Stimulus/S  1	1	30218059	30218067	111	1	40	pips_40_500-8000.hdf5	both	none
3022.8726	1	Stimulus/S  1	1	30228726	30228734	111	2	60	pips_40_500-8000.hdf5	both	none
3023.9393	1	Stimulus/S  1	1	30239393	30239401	111	3	70	pips_40_500-8000.hdf5	both	none
3025.006	1	Stimulus/S  1	1	30250060	30250068	111	4	50	pips_40_500-8000.hdf5	both	none
3026.0726	1	Stimulus/S  1	1	30260726	30260734	111	5	30	pips_40_500-8000.hdf5	both	none
3027.1393	1	Stimulus/S  1	1	30271393	30271401	112	0	20	pips_40_500-8000.hdf5	both	none
3028.206	1	Stimulus/S  1	1	30282060	30282068	112	1	40	pips_40_500-8000.hdf5	both	none
3029.2727	1	Stimulus/S  1	1	30292727	30292735	112	2	60	pips_40_500-8000.hdf5	both	none
3030.3393	1	Stimulus/S  1	1	30303393	30303401	112	3	70	pips_40_500-8000.hdf5	both	none
3031.3847	1	Stimulus/S  1	1	30313847	30313855	112	4	50	pips_40_500-8000.hdf5	both	none
3032.4514	1	Stimulus/S  1	1	30324514	30324522	112	5	30	pips_40_500-8000.hdf5	both	none
3033.4967	1	Stimulus/S  1	1	30334967	30334975	113	0	20	pips_40_500-8000.hdf5	both	none
3034.5634	1	Stimulus/S  1	1	30345634	30345642	113	1	40	pips_40_500-8000.hdf5	both	none
3035.6194	1	Stimulus/S  1	1	30356194	30356202	113	2	60	pips_40_500-8000.hdf5	both	none
3036.6647	1	Stimulus/S  1	1	30366647	30366655	113	3	70	pips_40_500-8000.hdf5	both	none
3037.7207	1	Stimulus/S  1	1	30377207	30377215	113	4	50	pips_40_500-8000.hdf5	both	none
3038.7661	1	Stimulus/S  1	1	30387661	30387669	113	5	30	pips_40_500-8000.hdf5	both	none
3039.8221	1	Stimulus/S  1	1	30398221	30398229	114	0	20	pips_40_500-8000.hdf5	both	none
3040.8888	1	Stimulus/S  1	1	30408888	30408896	114	1	40	pips_40_500-8000.hdf5	both	none
3041.9341	1	Stimulus/S  1	1	30419341	30419349	114	2	60	pips_40_500-8000.hdf5	both	none
3043.0008	1	Stimulus/S  1	1	30430008	30430016	114	3	70	pips_40_500-8000.hdf5	both	none
3044.0461	1	Stimulus/S  1	1	30440461	30440469	114	4	50	pips_40_500-8000.hdf5	both	none
3045.1128	1	Stimulus/S  1	1	30451128	30451136	114	5	30	pips_40_500-8000.hdf5	both	none
3046.1795	1	Stimulus/S  1	1	30461795	30461803	115	0	20	pips_40_500-8000.hdf5	both	none
3047.2462	1	Stimulus/S  1	1	30472462	30472470	115	1	40	pips_40_500-8000.hdf5	both	none
3048.3128	1	Stimulus/S  1	1	30483128	30483136	115	2	60	pips_40_500-8000.hdf5	both	none
3049.3902	1	Stimulus/S  1	1	30493902	30493910	115	3	70	pips_40_500-8000.hdf5	both	none
3050.4462	1	Stimulus/S  1	1	30504462	30504470	115	4	50	pips_40_500-8000.hdf5	both	none
3051.5235	1	Stimulus/S  1	1	30515235	30515243	115	5	30	pips_40_500-8000.hdf5	both	none
3052.5902	1	Stimulus/S  1	1	30525902	30525910	116	0	20	pips_40_500-8000.hdf5	both	none
3053.6462	1	Stimulus/S  1	1	30536462	30536470	116	1	40	pips_40_500-8000.hdf5	both	none
3054.7129	1	Stimulus/S  1	1	30547129	30547137	116	2	60	pips_40_500-8000.hdf5	both	none
3055.7796	1	Stimulus/S  1	1	30557796	30557804	116	3	70	pips_40_500-8000.hdf5	both	none
3056.8463	1	Stimulus/S  1	1	30568463	30568471	116	4	50	pips_40_500-8000.hdf5	both	none
3057.9023	1	Stimulus/S  1	1	30579023	30579031	116	5	30	pips_40_500-8000.hdf5	both	none
3058.969	1	Stimulus/S  1	1	30589690	30589698	117	0	20	pips_40_500-8000.hdf5	both	none
3060.0143	1	Stimulus/S  1	1	30600143	30600151	117	1	40	pips_40_500-8000.hdf5	both	none
3061.081	1	Stimulus/S  1	1	30610810	30610818	117	2	60	pips_40_500-8000.hdf5	both	none
3062.137	1	Stimulus/S  1	1	30621370	30621378	117	3	70	pips_40_500-8000.hdf5	both	none
3063.1823	1	Stimulus/S  1	1	30631823	30631831	117	4	50	pips_40_500-8000.hdf5	both	none
3064.2383	1	Stimulus/S  1	1	30642383	30642391	117	5	30	pips_40_500-8000.hdf5	both	none
3065.2837	1	Stimulus/S  1	1	30652837	30652845	118	0	20	pips_40_500-8000.hdf5	both	none
3066.3397	1	Stimulus/S  1	1	30663397	30663405	118	1	40	pips_40_500-8000.hdf5	both	none
3067.4064	1	Stimulus/S  1	1	30674064	30674072	118	2	60	pips_40_500-8000.hdf5	both	none
3068.4517	1	Stimulus/S  1	1	30684517	30684525	118	3	70	pips_40_500-8000.hdf5	both	none
3069.4971	1	Stimulus/S  1	1	30694971	30694979	118	4	50	pips_40_500-8000.hdf5	both	none
3070.5531	1	Stimulus/S  1	1	30705531	30705539	118	5	30	pips_40_500-8000.hdf5	both	none
3071.6197	1	Stimulus/S  1	1	30716197	30716205	119	0	20	pips_40_500-8000.hdf5	both	none
3072.6651	1	Stimulus/S  1	1	30726651	30726659	119	1	40	pips_40_500-8000.hdf5	both	none
3073.7318	1	Stimulus/S  1	1	30737318	30737326	119	2	60	pips_40_500-8000.hdf5	both	none
3074.7984	1	Stimulus/S  1	1	30747984	30747992	119	3	70	pips_40_500-8000.hdf5	both	none
3075.8651	1	Stimulus/S  1	1	30758651	30758659	119	4	50	pips_40_500-8000.hdf5	both	none
3076.9318	1	Stimulus/S  1	1	30769318	30769326	119	5	30	pips_40_500-8000.hdf5	both	none
3077.9985	1	Stimulus/S  1	1	30779985	30779993	0	0	20	pips_40_500-8000.hdf5	both	none
3079.0651	1	Stimulus/S  1	1	30790651	30790659	0	1	40	pips_40_500-8000.hdf5	both	none
3080.1318	1	Stimulus/S  1	1	30801318	30801326	0	2	60	pips_40_500-8000.hdf5	both	none
3081.1985	1	Stimulus/S  1	1	30811985	30811993	0	3	70	pips_40_500-8000.hdf5	both	none
3082.2652	1	Stimulus/S  1	1	30822652	30822660	0	4	50	pips_40_500-8000.hdf5	both	none
3083.3212	1	Stimulus/S  1	1	30833212	30833220	0	5	30	pips_40_500-8000.hdf5	both	none
3084.3879	1	Stimulus/S  1	1	30843879	30843887	1	0	20	pips_40_500-8000.hdf5	both	none
3085.4545	1	Stimulus/S  1	1	30854545	30854553	1	1	40	pips_40_500-8000.hdf5	both	none
3086.4999	1	Stimulus/S  1	1	30864999	30865007	1	2	60	pips_40_500-8000.hdf5	both	none
3087.5666	1	Stimulus/S  1	1	30875666	30875674	1	3	70	pips_40_500-8000.hdf5	both	none
3088.6332	1	Stimulus/S  1	1	30886332	30886340	1	4	50	pips_40_500-8000.hdf5	both	none
3089.6999	1	Stimulus/S  1	1	30896999	30897007	1	5	30	pips_40_500-8000.hdf5	both	none
3090.7666	1	Stimulus/S  1	1	30907666	30907674	2	0	20	pips_40_500-8000.hdf5	both	none
3091.8333	1	Stimulus/S  1	1	30918333	30918341	2	1	40	pips_40_500-8000.hdf5	both	none
3092.8999	1	Stimulus/S  1	1	30928999	30929007	2	2	60	pips_40_500-8000.hdf5	both	none
3093.9666	1	Stimulus/S  1	1	30939666	30939674	2	3	70	pips_40_500-8000.hdf5	both	none
3095.0333	1	Stimulus/S  1	1	30950333	30950341	2	4	50	pips_40_500-8000.hdf5	both	none
3096.1	1	Stimulus/S  1	1	30961000	30961008	2	5	30	pips_40_500-8000.hdf5	both	none
3097.1667	1	Stimulus/S  1	1	30971667	30971675	3	0	20	pips_40_500-8000.hdf5	both	none
3098.2333	1	Stimulus/S  1	1	30982333	30982341	3	1	40	pips_40_500-8000.hdf5	both	none
3099.3	1	Stimulus/S  1	1	30993000	30993008	3	2	60	pips_40_500-8000.hdf5	both	none
3100.3667	1	Stimulus/S  1	1	31003667	31003675	3	3	70	pips_40_500-8000.hdf5	both	none
3101.4334	1	Stimulus/S  1	1	31014334	31014342	3	4	50	pips_40_500-8000.hdf5	both	none
3102.5	1	Stimulus/S  1	1	31025000	31025008	3	5	30	pips_40_500-8000.hdf5	both	none
3103.5667	1	Stimulus/S  1	1	31035667	31035675	4	0	20	pips_40_500-8000.hdf5	both	none
3104.6334	1	Stimulus/S  1	1	31046334	31046342	4	1	40	pips_40_500-8000.hdf5	both	none
3105.7001	1	Stimulus/S  1	1	31057001	31057009	4	2	60	pips_40_500-8000.hdf5	both	none
3106.7667	1	Stimulus/S  1	1	31067667	31067675	4	3	70	pips_40_500-8000.hdf5	both	none
3107.8334	1	Stimulus/S  1	1	31078334	31078342	4	4	50	pips_40_500-8000.hdf5	both	none
3108.9001	1	Stimulus/S  1	1	31089001	31089009	4	5	30	pips_40_500-8000.hdf5	both	none
3109.9668	1	Stimulus/S  1	1	31099668	31099676	5	0	20	pips_40_500-8000.hdf5	both	none
3111.0335	1	Stimulus/S  1	1	31110335	31110343	5	1	40	pips_40_500-8000.hdf5	both	none
3112.1001	1	Stimulus/S  1	1	31121001	31121009	5	2	60	pips_40_500-8000.hdf5	both	none
3113.1668	1	Stimulus/S  1	1	31131668	31131676	5	3	70	pips_40_500-8000.hdf5	both	none
3114.2228	1	Stimulus/S  1	1	31142228	31142236	5	4	50	pips_40_500-8000.hdf5	both	none
3115.2895	1	Stimulus/S  1	1	31152895	31152903	5	5	30	pips_40_500-8000.hdf5	both	none
3116.3348	1	Stimulus/S  1	1	31163348	31163356	6	0	20	pips_40_500-8000.hdf5	both	none
3117.4015	1	Stimulus/S  1	1	31174015	31174023	6	1	40	pips_40_500-8000.hdf5	both	none
3118.4575	1	Stimulus/S  1	1	31184575	31184583	6	2	60	pips_40_500-8000.hdf5	both	none
3119.5029	1	Stimulus/S  1	1	31195029	31195037	6	3	70	pips_40_500-8000.hdf5	both	none
3120.5482	1	Stimulus/S  1	1	31205482	31205490	6	4	50	pips_40_500-8000.hdf5	both	none
3121.6042	1	Stimulus/S  1	1	31216042	31216050	6	5	30	pips_40_500-8000.hdf5	both	none
3122.6496	1	Stimulus/S  1	1	31226496	31226504	7	0	20	pips_40_500-8000.hdf5	both	none
3123.7162	1	Stimulus/S  1	1	31237162	31237170	7	1	40	pips_40_500-8000.hdf5	both	none
3124.7723	1	Stimulus/S  1	1	31247723	31247731	7	2	60	pips_40_500-8000.hdf5	both	none
3125.8389	1	Stimulus/S  1	1	31258389	31258397	7	3	70	pips_40_500-8000.hdf5	both	none
3126.8843	1	Stimulus/S  1	1	31268843	31268851	7	4	50	pips_40_500-8000.hdf5	both	none
3127.951	1	Stimulus/S  1	1	31279510	31279518	7	5	30	pips_40_500-8000.hdf5	both	none
3129.0176	1	Stimulus/S  1	1	31290176	31290184	8	0	20	pips_40_500-8000.hdf5	both	none
3130.0843	1	Stimulus/S  1	1	31300843	31300851	8	1	40	pips_40_500-8000.hdf5	both	none
3131.151	1	Stimulus/S  1	1	31311510	31311518	8	2	60	pips_40_500-8000.hdf5	both	none
3132.2177	1	Stimulus/S  1	1	31322177	31322185	8	3	70	pips_40_500-8000.hdf5	both	none
3133.2843	1	Stimulus/S  1	1	31332843	31332851	8	4	50	pips_40_500-8000.hdf5	both	none
3134.351	1	Stimulus/S  1	1	31343510	31343518	8	5	30	pips_40_500-8000.hdf5	both	none
3135.4177	1	Stimulus/S  1	1	31354177	31354185	9	0	20	pips_40_500-8000.hdf5	both	none
3136.4844	1	Stimulus/S  1	1	31364844	31364852	9	1	40	pips_40_500-8000.hdf5	both	none
3137.5404	1	Stimulus/S  1	1	31375404	31375412	9	2	60	pips_40_500-8000.hdf5	both	none
3138.6071	1	Stimulus/S  1	1	31386071	31386079	9	3	70	pips_40_500-8000.hdf5	both	none
3139.6737	1	Stimulus/S  1	1	31396737	31396745	9	4	50	pips_40_500-8000.hdf5	both	none
3140.7191	1	Stimulus/S  1	1	31407191	31407199	9	5	30	pips_40_500-8000.hdf5	both	none
3141.7858	1	Stimulus/S  1	1	31417858	31417866	10	0	20	pips_40_500-8000.hdf5	both	none
3142.8311	1	Stimulus/S  1	1	31428311	31428319	10	1	40	pips_40_500-8000.hdf5	both	none
3143.9084	1	Stimulus/S  1	1	31439084	31439092	10	2	60	pips_40_500-8000.hdf5	both	none
3144.9538	1	Stimulus/S  1	1	31449538	31449546	10	3	70	pips_40_500-8000.hdf5	both	none
3146.0205	1	Stimulus/S  1	1	31460205	31460213	10	4	50	pips_40_500-8000.hdf5	both	none
3147.0658	1	Stimulus/S  1	1	31470658	31470666	10	5	30	pips_40_500-8000.hdf5	both	none
3148.1218	1	Stimulus/S  1	1	31481218	31481226	11	0	20	pips_40_500-8000.hdf5	both	none
3149.1672	1	Stimulus/S  1	1	31491672	31491680	11	1	40	pips_40_500-8000.hdf5	both	none
3150.2232	1	Stimulus/S  1	1	31502232	31502240	11	2	60	pips_40_500-8000.hdf5	both	none
3151.2685	1	Stimulus/S  1	1	31512685	31512693	11	3	70	pips_40_500-8000.hdf5	both	none
3152.3352	1	Stimulus/S  1	1	31523352	31523360	11	4	50	pips_40_500-8000.hdf5	both	none
3153.3912	1	Stimulus/S  1	1	31533912	31533920	11	5	30	pips_40_500-8000.hdf5	both	none
3154.4579	1	Stimulus/S  1	1	31544579	31544587	12	0	20	pips_40_500-8000.hdf5	both	none
3155.5032	1	Stimulus/S  1	1	31555032	31555040	12	1	40	pips_40_500-8000.hdf5	both	none
3156.5699	1	Stimulus/S  1	1	31565699	31565707	12	2	60	pips_40_500-8000.hdf5	both	none
3157.6366	1	Stimulus/S  1	1	31576366	31576374	12	3	70	pips_40_500-8000.hdf5	both	none
3158.7033	1	Stimulus/S  1	1	31587033	31587041	12	4	50	pips_40_500-8000.hdf5	both	none
3159.7699	1	Stimulus/S  1	1	31597699	31597707	12	5	30	pips_40_500-8000.hdf5	both	none
3160.8366	1	Stimulus/S  1	1	31608366	31608374	13	0	20	pips_40_500-8000.hdf5	both	none
3161.9033	1	Stimulus/S  1	1	31619033	31619041	13	1	40	pips_40_500-8000.hdf5	both	none
3162.97	1	Stimulus/S  1	1	31629700	31629708	13	2	60	pips_40_500-8000.hdf5	both	none
3164.0366	1	Stimulus/S  1	1	31640366	31640374	13	3	70	pips_40_500-8000.hdf5	both	none
3165.1033	1	Stimulus/S  1	1	31651033	31651041	13	4	50	pips_40_500-8000.hdf5	both	none
3166.1487	1	Stimulus/S  1	1	31661487	31661495	13	5	30	pips_40_500-8000.hdf5	both	none
3167.2153	1	Stimulus/S  1	1	31672153	31672161	14	0	20	pips_40_500-8000.hdf5	both	none
3168.2713	1	Stimulus/S  1	1	31682713	31682721	14	1	40	pips_40_500-8000.hdf5	both	none
3169.338	1	Stimulus/S  1	1	31693380	31693388	14	2	60	pips_40_500-8000.hdf5	both	none
3170.3834	1	Stimulus/S  1	1	31703834	31703842	14	3	70	pips_40_500-8000.hdf5	both	none
3171.4394	1	Stimulus/S  1	1	31714394	31714402	14	4	50	pips_40_500-8000.hdf5	both	none
3172.4847	1	Stimulus/S  1	1	31724847	31724855	14	5	30	pips_40_500-8000.hdf5	both	none
3173.5407	1	Stimulus/S  1	1	31735407	31735415	15	0	20	pips_40_500-8000.hdf5	both	none
3174.5861	1	Stimulus/S  1	1	31745861	31745869	15	1	40	pips_40_500-8000.hdf5	both	none
3175.6528	1	Stimulus/S  1	1	31756528	31756536	15	2	60	pips_40_500-8000.hdf5	both	none
3176.7088	1	Stimulus/S  1	1	31767088	31767096	15	3	70	pips_40_500-8000.hdf5	both	none
3177.7541	1	Stimulus/S  1	1	31777541	31777549	15	4	50	pips_40_500-8000.hdf5	both	none
3178.7994	1	Stimulus/S  1	1	31787994	31788002	15	5	30	pips_40_500-8000.hdf5	both	none
3179.8661	1	Stimulus/S  1	1	31798661	31798669	16	0	20	pips_40_500-8000.hdf5	both	none
3180.9221	1	Stimulus/S  1	1	31809221	31809229	16	1	40	pips_40_500-8000.hdf5	both	none
3181.9888	1	Stimulus/S  1	1	31819888	31819896	16	2	60	pips_40_500-8000.hdf5	both	none
3183.0555	1	Stimulus/S  1	1	31830555	31830563	16	3	70	pips_40_500-8000.hdf5	both	none
3184.1222	1	Stimulus/S  1	1	31841222	31841230	16	4	50	pips_40_500-8000.hdf5	both	none
3185.1888	1	Stimulus/S  1	1	31851888	31851896	16	5	30	pips_40_500-8000.hdf5	both	none
3186.2555	1	Stimulus/S  1	1	31862555	31862563	17	0	20	pips_40_500-8000.hdf5	both	none
3187.3222	1	Stimulus/S  1	1	31873222	31873230	17	1	40	pips_40_500-8000.hdf5	both	none
3188.3889	1	Stimulus/S  1	1	31883889	31883897	17	2	60	pips_40_500-8000.hdf5	both	none
3189.4556	1	Stimulus/S  1	1	31894556	31894564	17	3	70	pips_40_500-8000.hdf5	both	none
3190.5222	1	Stimulus/S  1	1	31905222	31905230	17	4	50	pips_40_500-8000.hdf5	both	none
3191.5889	1	Stimulus/S  1	1	31915889	31915897	17	5	30	pips_40_500-8000.hdf5	both	none
3192.6556	1	Stimulus/S  1	1	31926556	31926564	18	0	20	pips_40_500-8000.hdf5	both	none
3193.7223	1	Stimulus/S  1	1	31937223	31937231	18	1	40	pips_40_500-8000.hdf5	both	none
3194.7889	1	Stimulus/S  1	1	31947889	31947897	18	2	60	pips_40_500-8000.hdf5	both	none
3195.8556	1	Stimulus/S  1	1	31958556	31958564	18	3	70	pips_40_500-8000.hdf5	both	none
3196.9223	1	Stimulus/S  1	1	31969223	31969231	18	4	50	pips_40_500-8000.hdf5	both	none
3197.989	1	Stimulus/S  1	1	31979890	31979898	18	5	30	pips_40_500-8000.hdf5	both	none
3199.0556	1	Stimulus/S  1	1	31990556	31990564	19	0	20	pips_40_500-8000.hdf5	both	none
3200.1223	1	Stimulus/S  1	1	32001223	32001231	19	1	40	pips_40_500-8000.hdf5	both	none
3201.189	1	Stimulus/S  1	1	32011890	32011898	19	2	60	pips_40_500-8000.hdf5	both	none
3202.2557	1	Stimulus/S  1	1	32022557	32022565	19	3	70	pips_40_500-8000.hdf5	both	none
3203.3224	1	Stimulus/S  1	1	32033224	32033232	19	4	50	pips_40_500-8000.hdf5	both	none
3204.389	1	Stimulus/S  1	1	32043890	32043898	19	5	30	pips_40_500-8000.hdf5	both	none
3205.4557	1	Stimulus/S  1	1	32054557	32054565	20	0	20	pips_40_500-8000.hdf5	both	none
3206.5224	1	Stimulus/S  1	1	32065224	32065232	20	1	40	pips_40_500-8000.hdf5	both	none
3207.5891	1	Stimulus/S  1	1	32075891	32075899	20	2	60	pips_40_500-8000.hdf5	both	none
3208.6557	1	Stimulus/S  1	1	32086557	32086565	20	3	70	pips_40_500-8000.hdf5	both	none
3209.7224	1	Stimulus/S  1	1	32097224	32097232	20	4	50	pips_40_500-8000.hdf5	both	none
3210.7891	1	Stimulus/S  1	1	32107891	32107899	20	5	30	pips_40_500-8000.hdf5	both	none
3211.8558	1	Stimulus/S  1	1	32118558	32118566	21	0	20	pips_40_500-8000.hdf5	both	none
3212.9224	1	Stimulus/S  1	1	32129224	32129232	21	1	40	pips_40_500-8000.hdf5	both	none
3213.9891	1	Stimulus/S  1	1	32139891	32139899	21	2	60	pips_40_500-8000.hdf5	both	none
3215.0558	1	Stimulus/S  1	1	32150558	32150566	21	3	70	pips_40_500-8000.hdf5	both	none
3216.1225	1	Stimulus/S  1	1	32161225	32161233	21	4	50	pips_40_500-8000.hdf5	both	none
3217.1892	1	Stimulus/S  1	1	32171892	32171900	21	5	30	pips_40_500-8000.hdf5	both	none
3218.2558	1	Stimulus/S  1	1	32182558	32182566	22	0	20	pips_40_500-8000.hdf5	both	none
3219.3225	1	Stimulus/S  1	1	32193225	32193233	22	1	40	pips_40_500-8000.hdf5	both	none
3220.3679	1	Stimulus/S  1	1	32203679	32203687	22	2	60	pips_40_500-8000.hdf5	both	none
3221.4345	1	Stimulus/S  1	1	32214345	32214353	22	3	70	pips_40_500-8000.hdf5	both	none
3222.5012	1	Stimulus/S  1	1	32225012	32225020	22	4	50	pips_40_500-8000.hdf5	both	none
3223.5572	1	Stimulus/S  1	1	32235572	32235580	22	5	30	pips_40_500-8000.hdf5	both	none
3224.6239	1	Stimulus/S  1	1	32246239	32246247	23	0	20	pips_40_500-8000.hdf5	both	none
3225.6906	1	Stimulus/S  1	1	32256906	32256914	23	1	40	pips_40_500-8000.hdf5	both	none
3226.7572	1	Stimulus/S  1	1	32267572	32267580	23	2	60	pips_40_500-8000.hdf5	both	none
3227.8239	1	Stimulus/S  1	1	32278239	32278247	23	3	70	pips_40_500-8000.hdf5	both	none
3228.8693	1	Stimulus/S  1	1	32288693	32288701	23	4	50	pips_40_500-8000.hdf5	both	none
3229.9359	1	Stimulus/S  1	1	32299359	32299367	23	5	30	pips_40_500-8000.hdf5	both	none
3230.992	1	Stimulus/S  1	1	32309920	32309928	24	0	20	pips_40_500-8000.hdf5	both	none
3232.0586	1	Stimulus/S  1	1	32320586	32320594	24	1	40	pips_40_500-8000.hdf5	both	none
3233.104	1	Stimulus/S  1	1	32331040	32331048	24	2	60	pips_40_500-8000.hdf5	both	none
3234.1493	1	Stimulus/S  1	1	32341493	32341501	24	3	70	pips_40_500-8000.hdf5	both	none
3235.2053	1	Stimulus/S  1	1	32352053	32352061	24	4	50	pips_40_500-8000.hdf5	both	none
3236.2507	1	Stimulus/S  1	1	32362507	32362515	24	5	30	pips_40_500-8000.hdf5	both	none
3237.3067	1	Stimulus/S  1	1	32373067	32373075	25	0	20	pips_40_500-8000.hdf5	both	none
3238.3734	1	Stimulus/S  1	1	32383734	32383742	25	1	40	pips_40_500-8000.hdf5	both	none
3239.4187	1	Stimulus/S  1	1	32394187	32394195	25	2	60	pips_40_500-8000.hdf5	both	none
3240.4854	1	Stimulus/S  1	1	32404854	32404862	25	3	70	pips_40_500-8000.hdf5	both	none
3241.5414	1	Stimulus/S  1	1	32415414	32415422	25	4	50	pips_40_500-8000.hdf5	both	none
3242.6081	1	Stimulus/S  1	1	32426081	32426089	25	5	30	pips_40_500-8000.hdf5	both	none
3243.6747	1	Stimulus/S  1	1	32436747	32436755	26	0	20	pips_40_500-8000.hdf5	both	none
3244.7414	1	Stimulus/S  1	1	32447414	32447422	26	1	40	pips_40_500-8000.hdf5	both	none
3245.8081	1	Stimulus/S  1	1	32458081	32458089	26	2	60	pips_40_500-8000.hdf5	both	none
3246.8748	1	Stimulus/S  1	1	32468748	32468756	26	3	70	pips_40_500-8000.hdf5	both	none
3247.9415	1	Stimulus/S  1	1	32479415	32479423	26	4	50	pips_40_500-8000.hdf5	both	none
3249.0081	1	Stimulus/S  1	1	32490081	32490089	26	5	30	pips_40_500-8000.hdf5	both	none
3250.0748	1	Stimulus/S  1	1	32500748	32500756	27	0	20	pips_40_500-8000.hdf5	both	none
3251.1415	1	Stimulus/S  1	1	32511415	32511423	27	1	40	pips_40_500-8000.hdf5	both	none
3252.2082	1	Stimulus/S  1	1	32522082	32522090	27	2	60	pips_40_500-8000.hdf5	both	none
3253.2748	1	Stimulus/S  1	1	32532748	32532756	27	3	70	pips_40_500-8000.hdf5	both	none
3254.3415	1	Stimulus/S  1	1	32543415	32543423	27	4	50	pips_40_500-8000.hdf5	both	none
3255.3869	1	Stimulus/S  1	1	32553869	32553877	27	5	30	pips_40_500-8000.hdf5	both	none
3256.4535	1	Stimulus/S  1	1	32564535	32564543	28	0	20	pips_40_500-8000.hdf5	both	none
3257.5095	1	Stimulus/S  1	1	32575095	32575103	28	1	40	pips_40_500-8000.hdf5	both	none
3258.5762	1	Stimulus/S  1	1	32585762	32585770	28	2	60	pips_40_500-8000.hdf5	both	none
3259.6216	1	Stimulus/S  1	1	32596216	32596224	28	3	70	pips_40_500-8000.hdf5	both	none
3260.6669	1	Stimulus/S  1	1	32606669	32606677	28	4	50	pips_40_500-8000.hdf5	both	none
3261.7229	1	Stimulus/S  1	1	32617229	32617237	28	5	30	pips_40_500-8000.hdf5	both	none
3262.7683	1	Stimulus/S  1	1	32627683	32627691	29	0	20	pips_40_500-8000.hdf5	both	none
3263.8243	1	Stimulus/S  1	1	32638243	32638251	29	1	40	pips_40_500-8000.hdf5	both	none
3264.891	1	Stimulus/S  1	1	32648910	32648918	29	2	60	pips_40_500-8000.hdf5	both	none
3265.9363	1	Stimulus/S  1	1	32659363	32659371	29	3	70	pips_40_500-8000.hdf5	both	none
3267.003	1	Stimulus/S  1	1	32670030	32670038	29	4	50	pips_40_500-8000.hdf5	both	none
3268.059	1	Stimulus/S  1	1	32680590	32680598	29	5	30	pips_40_500-8000.hdf5	both	none
3269.1257	1	Stimulus/S  1	1	32691257	32691265	30	0	20	pips_40_500-8000.hdf5	both	none
3270.1923	1	Stimulus/S  1	1	32701923	32701931	30	1	40	pips_40_500-8000.hdf5	both	none
3271.2377	1	Stimulus/S  1	1	32712377	32712385	30	2	60	pips_40_500-8000.hdf5	both	none
3272.3044	1	Stimulus/S  1	1	32723044	32723052	30	3	70	pips_40_500-8000.hdf5	both	none
3273.371	1	Stimulus/S  1	1	32733710	32733718	30	4	50	pips_40_500-8000.hdf5	both	none
3274.4377	1	Stimulus/S  1	1	32744377	32744385	30	5	30	pips_40_500-8000.hdf5	both	none
3275.5044	1	Stimulus/S  1	1	32755044	32755052	31	0	20	pips_40_500-8000.hdf5	both	none
3276.5711	1	Stimulus/S  1	1	32765711	32765719	31	1	40	pips_40_500-8000.hdf5	both	none
3277.6377	1	Stimulus/S  1	1	32776377	32776385	31	2	60	pips_40_500-8000.hdf5	both	none
3278.6938	1	Stimulus/S  1	1	32786938	32786946	31	3	70	pips_40_500-8000.hdf5	both	none
3279.7604	1	Stimulus/S  1	1	32797604	32797612	31	4	50	pips_40_500-8000.hdf5	both	none
3280.8058	1	Stimulus/S  1	1	32808058	32808066	31	5	30	pips_40_500-8000.hdf5	both	none
3281.8725	1	Stimulus/S  1	1	32818725	32818733	32	0	20	pips_40_500-8000.hdf5	both	none
3282.9178	1	Stimulus/S  1	1	32829178	32829186	32	1	40	pips_40_500-8000.hdf5	both	none
3283.9845	1	Stimulus/S  1	1	32839845	32839853	32	2	60	pips_40_500-8000.hdf5	both	none
3285.0405	1	Stimulus/S  1	1	32850405	32850413	32	3	70	pips_40_500-8000.hdf5	both	none
3286.0858	1	Stimulus/S  1	1	32860858	32860866	32	4	50	pips_40_500-8000.hdf5	both	none
3287.1418	1	Stimulus/S  1	1	32871418	32871426	32	5	30	pips_40_500-8000.hdf5	both	none
3288.1872	1	Stimulus/S  1	1	32881872	32881880	33	0	20	pips_40_500-8000.hdf5	both	none
3289.2432	1	Stimulus/S  1	1	32892432	32892440	33	1	40	pips_40_500-8000.hdf5	both	none
3290.3099	1	Stimulus/S  1	1	32903099	32903107	33	2	60	pips_40_500-8000.hdf5	both	none
3291.3552	1	Stimulus/S  1	1	32913552	32913560	33	3	70	pips_40_500-8000.hdf5	both	none
3292.4219	1	Stimulus/S  1	1	32924219	32924227	33	4	50	pips_40_500-8000.hdf5	both	none
3293.4886	1	Stimulus/S  1	1	32934886	32934894	33	5	30	pips_40_500-8000.hdf5	both	none
3294.5552	1	Stimulus/S  1	1	32945552	32945560	34	0	20	pips_40_500-8000.hdf5	both	none
3295.6006	1	Stimulus/S  1	1	32956006	32956014	34	1	40	pips_40_500-8000.hdf5	both	none
3296.6566	1	Stimulus/S  1	1	32966566	32966574	34	2	60	pips_40_500-8000.hdf5	both	none
3297.7019	1	Stimulus/S  1	1	32977019	32977027	34	3	70	pips_40_500-8000.hdf5	both	none
3298.7579	1	Stimulus/S  1	1	32987579	32987587	34	4	50	pips_40_500-8000.hdf5	both	none
3299.8033	1	Stimulus/S  1	1	32998033	32998041	34	5	30	pips_40_500-8000.hdf5	both	none
3300.8593	1	Stimulus/S  1	1	33008593	33008601	35	0	20	pips_40_500-8000.hdf5	both	none
3301.9046	1	Stimulus/S  1	1	33019046	33019054	35	1	40	pips_40_500-8000.hdf5	both	none
3302.9607	1	Stimulus/S  1	1	33029607	33029615	35	2	60	pips_40_500-8000.hdf5	both	none
3304.006	1	Stimulus/S  1	1	33040060	33040068	35	3	70	pips_40_500-8000.hdf5	both	none
3305.0513	1	Stimulus/S  1	1	33050513	33050521	35	4	50	pips_40_500-8000.hdf5	both	none
3306.118	1	Stimulus/S  1	1	33061180	33061188	35	5	30	pips_40_500-8000.hdf5	both	none
3307.174	1	Stimulus/S  1	1	33071740	33071748	36	0	20	pips_40_500-8000.hdf5	both	none
3308.2407	1	Stimulus/S  1	1	33082407	33082415	36	1	40	pips_40_500-8000.hdf5	both	none
3309.2861	1	Stimulus/S  1	1	33092861	33092869	36	2	60	pips_40_500-8000.hdf5	both	none
3310.3527	1	Stimulus/S  1	1	33103527	33103535	36	3	70	pips_40_500-8000.hdf5	both	none
3311.4194	1	Stimulus/S  1	1	33114194	33114202	36	4	50	pips_40_500-8000.hdf5	both	none
3312.4861	1	Stimulus/S  1	1	33124861	33124869	36	5	30	pips_40_500-8000.hdf5	both	none
3313.5528	1	Stimulus/S  1	1	33135528	33135536	37	0	20	pips_40_500-8000.hdf5	both	none
3314.6194	1	Stimulus/S  1	1	33146194	33146202	37	1	40	pips_40_500-8000.hdf5	both	none
3315.6861	1	Stimulus/S  1	1	33156861	33156869	37	2	60	pips_40_500-8000.hdf5	both	none
3316.7421	1	Stimulus/S  1	1	33167421	33167429	37	3	70	pips_40_500-8000.hdf5	both	none
3317.8088	1	Stimulus/S  1	1	33178088	33178096	37	4	50	pips_40_500-8000.hdf5	both	none
3318.8541	1	Stimulus/S  1	1	33188541	33188549	37	5	30	pips_40_500-8000.hdf5	both	none
3319.9208	1	Stimulus/S  1	1	33199208	33199216	38	0	20	pips_40_500-8000.hdf5	both	none
3320.9768	1	Stimulus/S  1	1	33209768	33209776	38	1	40	pips_40_500-8000.hdf5	both	none
3322.0222	1	Stimulus/S  1	1	33220222	33220230	38	2	60	pips_40_500-8000.hdf5	both	none
3323.0675	1	Stimulus/S  1	1	33230675	33230683	38	3	70	pips_40_500-8000.hdf5	both	none
3324.1342	1	Stimulus/S  1	1	33241342	33241350	38	4	50	pips_40_500-8000.hdf5	both	none
3325.1902	1	Stimulus/S  1	1	33251902	33251910	38	5	30	pips_40_500-8000.hdf5	both	none
3326.2569	1	Stimulus/S  1	1	33262569	33262577	39	0	20	pips_40_500-8000.hdf5	both	none
3327.3022	1	Stimulus/S  1	1	33273022	33273030	39	1	40	pips_40_500-8000.hdf5	both	none
3328.3689	1	Stimulus/S  1	1	33283689	33283697	39	2	60	pips_40_500-8000.hdf5	both	none
3329.4356	1	Stimulus/S  1	1	33294356	33294364	39	3	70	pips_40_500-8000.hdf5	both	none
3330.4916	1	Stimulus/S  1	1	33304916	33304924	39	4	50	pips_40_500-8000.hdf5	both	none
3331.5583	1	Stimulus/S  1	1	33315583	33315591	39	5	30	pips_40_500-8000.hdf5	both	none
3332.6036	1	Stimulus/S  1	1	33326036	33326044	40	0	20	pips_40_500-8000.hdf5	both	none
3333.6703	1	Stimulus/S  1	1	33336703	33336711	40	1	40	pips_40_500-8000.hdf5	both	none
3334.737	1	Stimulus/S  1	1	33347370	33347378	40	2	60	pips_40_500-8000.hdf5	both	none
3335.8036	1	Stimulus/S  1	1	33358036	33358044	40	3	70	pips_40_500-8000.hdf5	both	none
3336.8703	1	Stimulus/S  1	1	33368703	33368711	40	4	50	pips_40_500-8000.hdf5	both	none
3337.937	1	Stimulus/S  1	1	33379370	33379378	40	5	30	pips_40_500-8000.hdf5	both	none
3339.0037	1	Stimulus/S  1	1	33390037	33390045	41	0	20	pips_40_500-8000.hdf5	both	none
3340.0597	1	Stimulus/S  1	1	33400597	33400605	41	1	40	pips_40_500-8000.hdf5	both	none
3341.1264	1	Stimulus/S  1	1	33411264	33411272	41	2	60	pips_40_500-8000.hdf5	both	none
3342.1717	1	Stimulus/S  1	1	33421717	33421725	41	3	70	pips_40_500-8000.hdf5	both	none
3343.2384	1	Stimulus/S  1	1	33432384	33432392	41	4	50	pips_40_500-8000.hdf5	both	none
3344.2944	1	Stimulus/S  1	1	33442944	33442952	41	5	30	pips_40_500-8000.hdf5	both	none
3345.3397	1	Stimulus/S  1	1	33453397	33453405	42	0	20	pips_40_500-8000.hdf5	both	none
3346.3851	1	Stimulus/S  1	1	33463851	33463859	42	1	40	pips_40_500-8000.hdf5	both	none
3347.4411	1	Stimulus/S  1	1	33474411	33474419	42	2	60	pips_40_500-8000.hdf5	both	none
3348.4864	1	Stimulus/S  1	1	33484864	33484872	42	3	70	pips_40_500-8000.hdf5	both	none
3349.5531	1	Stimulus/S  1	1	33495531	33495539	42	4	50	pips_40_500-8000.hdf5	both	none
3350.6091	1	Stimulus/S  1	1	33506091	33506099	42	5	30	pips_40_500-8000.hdf5	both	none
3351.6758	1	Stimulus/S  1	1	33516758	33516766	43	0	20	pips_40_500-8000.hdf5	both	none
3352.7211	1	Stimulus/S  1	1	33527211	33527219	43	1	40	pips_40_500-8000.hdf5	both	none
3353.7878	1	Stimulus/S  1	1	33537878	33537886	43	2	60	pips_40_500-8000.hdf5	both	none
3354.8545	1	Stimulus/S  1	1	33548545	33548553	43	3	70	pips_40_500-8000.hdf5	both	none
3355.9212	1	Stimulus/S  1	1	33559212	33559220	43	4	50	pips_40_500-8000.hdf5	both	none
3356.9878	1	Stimulus/S  1	1	33569878	33569886	43	5	30	pips_40_500-8000.hdf5	both	none
3358.0545	1	Stimulus/S  1	1	33580545	33580553	44	0	20	pips_40_500-8000.hdf5	both	none
3359.1212	1	Stimulus/S  1	1	33591212	33591220	44	1	40	pips_40_500-8000.hdf5	both	none
3360.1879	1	Stimulus/S  1	1	33601879	33601887	44	2	60	pips_40_500-8000.hdf5	both	none
3361.2546	1	Stimulus/S  1	1	33612546	33612554	44	3	70	pips_40_500-8000.hdf5	both	none
3362.3212	1	Stimulus/S  1	1	33623212	33623220	44	4	50	pips_40_500-8000.hdf5	both	none
3363.3879	1	Stimulus/S  1	1	33633879	33633887	44	5	30	pips_40_500-8000.hdf5	both	none
3364.4546	1	Stimulus/S  1	1	33644546	33644554	45	0	20	pips_40_500-8000.hdf5	both	none
3365.5213	1	Stimulus/S  1	1	33655213	33655221	45	1	40	pips_40_500-8000.hdf5	both	none
3366.5773	1	Stimulus/S  1	1	33665773	33665781	45	2	60	pips_40_500-8000.hdf5	both	none
3367.644	1	Stimulus/S  1	1	33676440	33676448	45	3	70	pips_40_500-8000.hdf5	both	none
3368.7106	1	Stimulus/S  1	1	33687106	33687114	45	4	50	pips_40_500-8000.hdf5	both	none
3369.756	1	Stimulus/S  1	1	33697560	33697568	45	5	30	pips_40_500-8000.hdf5	both	none
3370.8226	1	Stimulus/S  1	1	33708226	33708234	46	0	20	pips_40_500-8000.hdf5	both	none
3371.8893	1	Stimulus/S  1	1	33718893	33718901	46	1	40	pips_40_500-8000.hdf5	both	none
3372.956	1	Stimulus/S  1	1	33729560	33729568	46	2	60	pips_40_500-8000.hdf5	both	none
3374.0227	1	Stimulus/S  1	1	33740227	33740235	46	3	70	pips_40_500-8000.hdf5	both	none
3375.0894	1	Stimulus/S  1	1	33750894	33750902	46	4	50	pips_40_500-8000.hdf5	both	none
3376.156	1	Stimulus/S  1	1	33761560	33761568	46	5	30	pips_40_500-8000.hdf5	both	none
3377.2227	1	Stimulus/S  1	1	33772227	33772235	47	0	20	pips_40_500-8000.hdf5	both	none
3378.2894	1	Stimulus/S  1	1	33782894	33782902	47	1	40	pips_40_500-8000.hdf5	both	none
3379.3561	1	Stimulus/S  1	1	33793561	33793569	47	2	60	pips_40_500-8000.hdf5	both	none
3380.4227	1	Stimulus/S  1	1	33804227	33804235	47	3	70	pips_40_500-8000.hdf5	both	none
3381.4894	1	Stimulus/S  1	1	33814894	33814902	47	4	50	pips_40_500-8000.hdf5	both	none
3382.5561	1	Stimulus/S  1	1	33825561	33825569	47	5	30	pips_40_500-8000.hdf5	both	none
3383.6228	1	Stimulus/S  1	1	33836228	33836236	48	0	20	pips_40_500-8000.hdf5	both	none
3384.6894	1	Stimulus/S  1	1	33846894	33846902	48	1	40	pips_40_500-8000.hdf5	both	none
3385.7561	1	Stimulus/S  1	1	33857561	33857569	48	2	60	pips_40_500-8000.hdf5	both	none
3386.8228	1	Stimulus/S  1	1	33868228	33868236	48	3	70	pips_40_500-8000.hdf5	both	none
3387.8895	1	Stimulus/S  1	1	33878895	33878903	48	4	50	pips_40_500-8000.hdf5	both	none
3388.9562	1	Stimulus/S  1	1	33889562	33889570	48	5	30	pips_40_500-8000.hdf5	both	none
3390.0122	1	Stimulus/S  1	1	33900122	33900130	49	0	20	pips_40_500-8000.hdf5	both	none
3391.0575	1	Stimulus/S  1	1	33910575	33910583	49	1	40	pips_40_500-8000.hdf5	both	none
3392.1029	1	Stimulus/S  1	1	33921029	33921037	49	2	60	pips_40_500-8000.hdf5	both	none
3393.1589	1	Stimulus/S  1	1	33931589	33931597	49	3	70	pips_40_500-8000.hdf5	both	none
3394.2255	1	Stimulus/S  1	1	33942255	33942263	49	4	50	pips_40_500-8000.hdf5	both	none
3395.2922	1	Stimulus/S  1	1	33952922	33952930	49	5	30	pips_40_500-8000.hdf5	both	none
3396.3376	1	Stimulus/S  1	1	33963376	33963384	50	0	20	pips_40_500-8000.hdf5	both	none
3397.4042	1	Stimulus/S  1	1	33974042	33974050	50	1	40	pips_40_500-8000.hdf5	both	none
3398.4603	1	Stimulus/S  1	1	33984603	33984611	50	2	60	pips_40_500-8000.hdf5	both	none
3399.5269	1	Stimulus/S  1	1	33995269	33995277	50	3	70	pips_40_500-8000.hdf5	both	none
3400.5936	1	Stimulus/S  1	1	34005936	34005944	50	4	50	pips_40_500-8000.hdf5	both	none
3401.6603	1	Stimulus/S  1	1	34016603	34016611	50	5	30	pips_40_500-8000.hdf5	both	none
3402.727	1	Stimulus/S  1	1	34027270	34027278	51	0	20	pips_40_500-8000.hdf5	both	none
3403.7936	1	Stimulus/S  1	1	34037936	34037944	51	1	40	pips_40_500-8000.hdf5	both	none
3404.8603	1	Stimulus/S  1	1	34048603	34048611	51	2	60	pips_40_500-8000.hdf5	both	none
3405.9057	1	Stimulus/S  1	1	34059057	34059065	51	3	70	pips_40_500-8000.hdf5	both	none
3406.9723	1	Stimulus/S  1	1	34069723	34069731	51	4	50	pips_40_500-8000.hdf5	both	none
3408.0283	1	Stimulus/S  1	1	34080283	34080291	51	5	30	pips_40_500-8000.hdf5	both	none
3409.095	1	Stimulus/S  1	1	34090950	34090958	52	0	20	pips_40_500-8000.hdf5	both	none
3410.1404	1	Stimulus/S  1	1	34101404	34101412	52	1	40	pips_40_500-8000.hdf5	both	none
3411.1964	1	Stimulus/S  1	1	34111964	34111972	52	2	60	pips_40_500-8000.hdf5	both	none
3412.2417	1	Stimulus/S  1	1	34122417	34122425	52	3	70	pips_40_500-8000.hdf5	both	none
3413.2871	1	Stimulus/S  1	1	34132871	34132879	52	4	50	pips_40_500-8000.hdf5	both	none
3414.3431	1	Stimulus/S  1	1	34143431	34143439	52	5	30	pips_40_500-8000.hdf5	both	none
3415.4097	1	Stimulus/S  1	1	34154097	34154105	53	0	20	pips_40_500-8000.hdf5	both	none
3416.4551	1	Stimulus/S  1	1	34164551	34164559	53	1	40	pips_40_500-8000.hdf5	both	none
3417.5111	1	Stimulus/S  1	1	34175111	34175119	53	2	60	pips_40_500-8000.hdf5	both	none
3418.5564	1	Stimulus/S  1	1	34185564	34185572	53	3	70	pips_40_500-8000.hdf5	both	none
3419.6231	1	Stimulus/S  1	1	34196231	34196239	53	4	50	pips_40_500-8000.hdf5	both	none
3420.6791	1	Stimulus/S  1	1	34206791	34206799	53	5	30	pips_40_500-8000.hdf5	both	none
3421.7458	1	Stimulus/S  1	1	34217458	34217466	54	0	20	pips_40_500-8000.hdf5	both	none
3422.8125	1	Stimulus/S  1	1	34228125	34228133	54	1	40	pips_40_500-8000.hdf5	both	none
3423.8792	1	Stimulus/S  1	1	34238792	34238800	54	2	60	pips_40_500-8000.hdf5	both	none
3424.9458	1	Stimulus/S  1	1	34249458	34249466	54	3	70	pips_40_500-8000.hdf5	both	none
3426.0125	1	Stimulus/S  1	1	34260125	34260133	54	4	50	pips_40_500-8000.hdf5	both	none
3427.0792	1	Stimulus/S  1	1	34270792	34270800	54	5	30	pips_40_500-8000.hdf5	both	none
3428.1459	1	Stimulus/S  1	1	34281459	34281467	55	0	20	pips_40_500-8000.hdf5	both	none
3429.2125	1	Stimulus/S  1	1	34292125	34292133	55	1	40	pips_40_500-8000.hdf5	both	none
3430.2792	1	Stimulus/S  1	1	34302792	34302800	55	2	60	pips_40_500-8000.hdf5	both	none
3431.3459	1	Stimulus/S  1	1	34313459	34313467	55	3	70	pips_40_500-8000.hdf5	both	none
3432.4126	1	Stimulus/S  1	1	34324126	34324134	55	4	50	pips_40_500-8000.hdf5	both	none
3433.4793	1	Stimulus/S  1	1	34334793	34334801	55	5	30	pips_40_500-8000.hdf5	both	none
3434.5459	1	Stimulus/S  1	1	34345459	34345467	56	0	20	pips_40_500-8000.hdf5	both	none
3435.6126	1	Stimulus/S  1	1	34356126	34356134	56	1	40	pips_40_500-8000.hdf5	both	none
3436.6793	1	Stimulus/S  1	1	34366793	34366801	56	2	60	pips_40_500-8000.hdf5	both	none
3437.746	1	Stimulus/S  1	1	34377460	34377468	56	3	70	pips_40_500-8000.hdf5	both	none
3438.8126	1	Stimulus/S  1	1	34388126	34388134	56	4	50	pips_40_500-8000.hdf5	both	none
3439.8793	1	Stimulus/S  1	1	34398793	34398801	56	5	30	pips_40_500-8000.hdf5	both	none
3440.9247	1	Stimulus/S  1	1	34409247	34409255	57	0	20	pips_40_500-8000.hdf5	both	none
3441.9913	1	Stimulus/S  1	1	34419913	34419921	57	1	40	pips_40_500-8000.hdf5	both	none
3443.058	1	Stimulus/S  1	1	34430580	34430588	57	2	60	pips_40_500-8000.hdf5	both	none
3444.1034	1	Stimulus/S  1	1	34441034	34441042	57	3	70	pips_40_500-8000.hdf5	both	none
3445.17	1	Stimulus/S  1	1	34451700	34451708	57	4	50	pips_40_500-8000.hdf5	both	none
3446.226	1	Stimulus/S  1	1	34462260	34462268	57	5	30	pips_40_500-8000.hdf5	both	none
3447.2927	1	Stimulus/S  1	1	34472927	34472935	58	0	20	pips_40_500-8000.hdf5	both	none
3448.3381	1	Stimulus/S  1	1	34483381	34483389	58	1	40	pips_40_500-8000.hdf5	both	none
3449.3941	1	Stimulus/S  1	1	34493941	34493949	58	2	60	pips_40_500-8000.hdf5	both	none
3450.4394	1	Stimulus/S  1	1	34504394	34504402	58	3	70	pips_40_500-8000.hdf5	both	none
3451.4954	1	Stimulus/S  1	1	34514954	34514962	58	4	50	pips_40_500-8000.hdf5	both	none
3452.5408	1	Stimulus/S  1	1	34525408	34525416	58	5	30	pips_40_500-8000.hdf5	both	none
3453.5968	1	Stimulus/S  1	1	34535968	34535976	59	0	20	pips_40_500-8000.hdf5	both	none
3454.6421	1	Stimulus/S  1	1	34546421	34546429	59	1	40	pips_40_500-8000.hdf5	both	none
3455.6875	1	Stimulus/S  1	1	34556875	34556883	59	2	60	pips_40_500-8000.hdf5	both	none
3456.7435	1	Stimulus/S  1	1	34567435	34567443	59	3	70	pips_40_500-8000.hdf5	both	none
3457.7888	1	Stimulus/S  1	1	34577888	34577896	59	4	50	pips_40_500-8000.hdf5	both	none
3458.8448	1	Stimulus/S  1	1	34588448	34588456	59	5	30	pips_40_500-8000.hdf5	both	none
3459.8902	1	Stimulus/S  1	1	34598902	34598910	60	0	20	pips_40_500-8000.hdf5	both	none
3460.9569	1	Stimulus/S  1	1	34609569	34609577	60	1	40	pips_40_500-8000.hdf5	both	none
3462.0235	1	Stimulus/S  1	1	34620235	34620243	60	2	60	pips_40_500-8000.hdf5	both	none
3463.0795	1	Stimulus/S  1	1	34630795	34630803	60	3	70	pips_40_500-8000.hdf5	both	none
3464.1462	1	Stimulus/S  1	1	34641462	34641470	60	4	50	pips_40_500-8000.hdf5	both	none
3465.1916	1	Stimulus/S  1	1	34651916	34651924	60	5	30	pips_40_500-8000.hdf5	both	none
3466.2582	1	Stimulus/S  1	1	34662582	34662590	61	0	20	pips_40_500-8000.hdf5	both	none
3467.3249	1	Stimulus/S  1	1	34673249	34673257	61	1	40	pips_40_500-8000.hdf5	both	none
3468.3916	1	Stimulus/S  1	1	34683916	34683924	61	2	60	pips_40_500-8000.hdf5	both	none
3469.4583	1	Stimulus/S  1	1	34694583	34694591	61	3	70	pips_40_500-8000.hdf5	both	none
3470.525	1	Stimulus/S  1	1	34705250	34705258	61	4	50	pips_40_500-8000.hdf5	both	none
3471.5916	1	Stimulus/S  1	1	34715916	34715924	61	5	30	pips_40_500-8000.hdf5	both	none
3472.637	1	Stimulus/S  1	1	34726370	34726378	62	0	20	pips_40_500-8000.hdf5	both	none
3473.7036	1	Stimulus/S  1	1	34737036	34737044	62	1	40	pips_40_500-8000.hdf5	both	none
3474.7597	1	Stimulus/S  1	1	34747597	34747605	62	2	60	pips_40_500-8000.hdf5	both	none
3475.8263	1	Stimulus/S  1	1	34758263	34758271	62	3	70	pips_40_500-8000.hdf5	both	none
3476.8717	1	Stimulus/S  1	1	34768717	34768725	62	4	50	pips_40_500-8000.hdf5	both	none
3477.9277	1	Stimulus/S  1	1	34779277	34779285	62	5	30	pips_40_500-8000.hdf5	both	none
3478.973	1	Stimulus/S  1	1	34789730	34789738	63	0	20	pips_40_500-8000.hdf5	both	none
3480.029	1	Stimulus/S  1	1	34800290	34800298	63	1	40	pips_40_500-8000.hdf5	both	none
3481.0744	1	Stimulus/S  1	1	34810744	34810752	63	2	60	pips_40_500-8000.hdf5	both	none
3482.1304	1	Stimulus/S  1	1	34821304	34821312	63	3	70	pips_40_500-8000.hdf5	both	none
3483.1757	1	Stimulus/S  1	1	34831757	34831765	63	4	50	pips_40_500-8000.hdf5	both	none
3484.2424	1	Stimulus/S  1	1	34842424	34842432	63	5	30	pips_40_500-8000.hdf5	both	none
3485.2878	1	Stimulus/S  1	1	34852878	34852886	64	0	20	pips_40_500-8000.hdf5	both	none
3486.3544	1	Stimulus/S  1	1	34863544	34863552	64	1	40	pips_40_500-8000.hdf5	both	none
3487.4104	1	Stimulus/S  1	1	34874104	34874112	64	2	60	pips_40_500-8000.hdf5	both	none
3488.4771	1	Stimulus/S  1	1	34884771	34884779	64	3	70	pips_40_500-8000.hdf5	both	none
3489.5438	1	Stimulus/S  1	1	34895438	34895446	64	4	50	pips_40_500-8000.hdf5	both	none
3490.5891	1	Stimulus/S  1	1	34905891	34905899	64	5	30	pips_40_500-8000.hdf5	both	none
3491.6558	1	Stimulus/S  1	1	34916558	34916566	65	0	20	pips_40_500-8000.hdf5	both	none
3492.7118	1	Stimulus/S  1	1	34927118	34927126	65	1	40	pips_40_500-8000.hdf5	both	none
3493.7785	1	Stimulus/S  1	1	34937785	34937793	65	2	60	pips_40_500-8000.hdf5	both	none
3494.8452	1	Stimulus/S  1	1	34948452	34948460	65	3	70	pips_40_500-8000.hdf5	both	none
3495.9119	1	Stimulus/S  1	1	34959119	34959127	65	4	50	pips_40_500-8000.hdf5	both	none
3496.9785	1	Stimulus/S  1	1	34969785	34969793	65	5	30	pips_40_500-8000.hdf5	both	none
3498.0452	1	Stimulus/S  1	1	34980452	34980460	66	0	20	pips_40_500-8000.hdf5	both	none
3499.1119	1	Stimulus/S  1	1	34991119	34991127	66	1	40	pips_40_500-8000.hdf5	both	none
3500.1572	1	Stimulus/S  1	1	35001572	35001580	66	2	60	pips_40_500-8000.hdf5	both	none
3501.2239	1	Stimulus/S  1	1	35012239	35012247	66	3	70	pips_40_500-8000.hdf5	both	none
3502.2906	1	Stimulus/S  1	1	35022906	35022914	66	4	50	pips_40_500-8000.hdf5	both	none
3503.3466	1	Stimulus/S  1	1	35033466	35033474	66	5	30	pips_40_500-8000.hdf5	both	none
3504.4133	1	Stimulus/S  1	1	35044133	35044141	67	0	20	pips_40_500-8000.hdf5	both	none
3505.48	1	Stimulus/S  1	1	35054800	35054808	67	1	40	pips_40_500-8000.hdf5	both	none
3506.5466	1	Stimulus/S  1	1	35065466	35065474	67	2	60	pips_40_500-8000.hdf5	both	none
3507.6133	1	Stimulus/S  1	1	35076133	35076141	67	3	70	pips_40_500-8000.hdf5	both	none
3508.68	1	Stimulus/S  1	1	35086800	35086808	67	4	50	pips_40_500-8000.hdf5	both	none
3509.7467	1	Stimulus/S  1	1	35097467	35097475	67	5	30	pips_40_500-8000.hdf5	both	none
3510.8133	1	Stimulus/S  1	1	35108133	35108141	68	0	20	pips_40_500-8000.hdf5	both	none
3511.88	1	Stimulus/S  1	1	35118800	35118808	68	1	40	pips_40_500-8000.hdf5	both	none
3512.9467	1	Stimulus/S  1	1	35129467	35129475	68	2	60	pips_40_500-8000.hdf5	both	none
3514.0134	1	Stimulus/S  1	1	35140134	35140142	68	3	70	pips_40_500-8000.hdf5	both	none
3515.0587	1	Stimulus/S  1	1	35150587	35150595	68	4	50	pips_40_500-8000.hdf5	both	none
3516.1254	1	Stimulus/S  1	1	35161254	35161262	68	5	30	pips_40_500-8000.hdf5	both	none
3517.1814	1	Stimulus/S  1	1	35171814	35171822	69	0	20	pips_40_500-8000.hdf5	both	none
3518.2374	1	Stimulus/S  1	1	35182374	35182382	69	1	40	pips_40_500-8000.hdf5	both	none
3519.2934	1	Stimulus/S  1	1	35192934	35192942	69	2	60	pips_40_500-8000.hdf5	both	none
3520.3388	1	Stimulus/S  1	1	35203388	35203396	69	3	70	pips_40_500-8000.hdf5	both	none
3521.3948	1	Stimulus/S  1	1	35213948	35213956	69	4	50	pips_40_500-8000.hdf5	both	none
3522.4401	1	Stimulus/S  1	1	35224401	35224409	69	5	30	pips_40_500-8000.hdf5	both	none
3523.4961	1	Stimulus/S  1	1	35234961	35234969	70	0	20	pips_40_500-8000.hdf5	both	none
3524.5628	1	Stimulus/S  1	1	35245628	35245636	70	1	40	pips_40_500-8000.hdf5	both	none
3525.6082	1	Stimulus/S  1	1	35256082	35256090	70	2	60	pips_40_500-8000.hdf5	both	none
3526.6748	1	Stimulus/S  1	1	35266748	35266756	70	3	70	pips_40_500-8000.hdf5	both	none
3527.7308	1	Stimulus/S  1	1	35277308	35277316	70	4	50	pips_40_500-8000.hdf5	both	none
3528.7975	1	Stimulus/S  1	1	35287975	35287983	70	5	30	pips_40_500-8000.hdf5	both	none
3529.8642	1	Stimulus/S  1	1	35298642	35298650	71	0	20	pips_40_500-8000.hdf5	both	none
3530.9309	1	Stimulus/S  1	1	35309309	35309317	71	1	40	pips_40_500-8000.hdf5	both	none
3531.9975	1	Stimulus/S  1	1	35319975	35319983	71	2	60	pips_40_500-8000.hdf5	both	none
3533.0642	1	Stimulus/S  1	1	35330642	35330650	71	3	70	pips_40_500-8000.hdf5	both	none
3534.1309	1	Stimulus/S  1	1	35341309	35341317	71	4	50	pips_40_500-8000.hdf5	both	none
3535.1976	1	Stimulus/S  1	1	35351976	35351984	71	5	30	pips_40_500-8000.hdf5	both	none
3536.2643	1	Stimulus/S  1	1	35362643	35362651	72	0	20	pips_40_500-8000.hdf5	both	none
3537.3309	1	Stimulus/S  1	1	35373309	35373317	72	1	40	pips_40_500-8000.hdf5	both	none
3538.3976	1	Stimulus/S  1	1	35383976	35383984	72	2	60	pips_40_500-8000.hdf5	both	none
3539.4643	1	Stimulus/S  1	1	35394643	35394651	72	3	70	pips_40_500-8000.hdf5	both	none
3540.531	1	Stimulus/S  1	1	35405310	35405318	72	4	50	pips_40_500-8000.hdf5	both	none
3541.5763	1	Stimulus/S  1	1	35415763	35415771	72	5	30	pips_40_500-8000.hdf5	both	none
3542.643	1	Stimulus/S  1	1	35426430	35426438	73	0	20	pips_40_500-8000.hdf5	both	none
3543.6883	1	Stimulus/S  1	1	35436883	35436891	73	1	40	pips_40_500-8000.hdf5	both	none
3544.755	1	Stimulus/S  1	1	35447550	35447558	73	2	60	pips_40_500-8000.hdf5	both	none
3545.811	1	Stimulus/S  1	1	35458110	35458118	73	3	70	pips_40_500-8000.hdf5	both	none
3546.8564	1	Stimulus/S  1	1	35468564	35468572	73	4	50	pips_40_500-8000.hdf5	both	none
3547.9124	1	Stimulus/S  1	1	35479124	35479132	73	5	30	pips_40_500-8000.hdf5	both	none
3548.9577	1	Stimulus/S  1	1	35489577	35489585	74	0	20	pips_40_500-8000.hdf5	both	none
3550.0137	1	Stimulus/S  1	1	35500137	35500145	74	1	40	pips_40_500-8000.hdf5	both	none
3551.0804	1	Stimulus/S  1	1	35510804	35510812	74	2	60	pips_40_500-8000.hdf5	both	none
3552.1257	1	Stimulus/S  1	1	35521257	35521265	74	3	70	pips_40_500-8000.hdf5	both	none
3553.1924	1	Stimulus/S  1	1	35531924	35531932	74	4	50	pips_40_500-8000.hdf5	both	none
3554.2484	1	Stimulus/S  1	1	35542484	35542492	74	5	30	pips_40_500-8000.hdf5	both	none
3555.3151	1	Stimulus/S  1	1	35553151	35553159	75	0	20	pips_40_500-8000.hdf5	both	none
3556.3818	1	Stimulus/S  1	1	35563818	35563826	75	1	40	pips_40_500-8000.hdf5	both	none
3557.4271	1	Stimulus/S  1	1	35574271	35574279	75	2	60	pips_40_500-8000.hdf5	both	none
3558.4938	1	Stimulus/S  1	1	35584938	35584946	75	3	70	pips_40_500-8000.hdf5	both	none
3559.5391	1	Stimulus/S  1	1	35595391	35595399	75	4	50	pips_40_500-8000.hdf5	both	none
3560.6058	1	Stimulus/S  1	1	35606058	35606066	75	5	30	pips_40_500-8000.hdf5	both	none
3561.6725	1	Stimulus/S  1	1	35616725	35616733	76	0	20	pips_40_500-8000.hdf5	both	none
3562.7392	1	Stimulus/S  1	1	35627392	35627400	76	1	40	pips_40_500-8000.hdf5	both	none
3563.8059	1	Stimulus/S  1	1	35638059	35638067	76	2	60	pips_40_500-8000.hdf5	both	none
3564.8725	1	Stimulus/S  1	1	35648725	35648733	76	3	70	pips_40_500-8000.hdf5	both	none
3565.9392	1	Stimulus/S  1	1	35659392	35659400	76	4	50	pips_40_500-8000.hdf5	both	none
3566.9952	1	Stimulus/S  1	1	35669952	35669960	76	5	30	pips_40_500-8000.hdf5	both	none
3568.0619	1	Stimulus/S  1	1	35680619	35680627	77	0	20	pips_40_500-8000.hdf5	both	none
3569.1072	1	Stimulus/S  1	1	35691072	35691080	77	1	40	pips_40_500-8000.hdf5	both	none
3570.1739	1	Stimulus/S  1	1	35701739	35701747	77	2	60	pips_40_500-8000.hdf5	both	none
3571.2299	1	Stimulus/S  1	1	35712299	35712307	77	3	70	pips_40_500-8000.hdf5	both	none
3572.2753	1	Stimulus/S  1	1	35722753	35722761	77	4	50	pips_40_500-8000.hdf5	both	none
3573.3313	1	Stimulus/S  1	1	35733313	35733321	77	5	30	pips_40_500-8000.hdf5	both	none
3574.3766	1	Stimulus/S  1	1	35743766	35743774	78	0	20	pips_40_500-8000.hdf5	both	none
3575.422	1	Stimulus/S  1	1	35754220	35754228	78	1	40	pips_40_500-8000.hdf5	both	none
3576.478	1	Stimulus/S  1	1	35764780	35764788	78	2	60	pips_40_500-8000.hdf5	both	none
3577.5233	1	Stimulus/S  1	1	35775233	35775241	78	3	70	pips_40_500-8000.hdf5	both	none
3578.59	1	Stimulus/S  1	1	35785900	35785908	78	4	50	pips_40_500-8000.hdf5	both	none
3579.646	1	Stimulus/S  1	1	35796460	35796468	78	5	30	pips_40_500-8000.hdf5	both	none
3580.7127	1	Stimulus/S  1	1	35807127	35807135	79	0	20	pips_40_500-8000.hdf5	both	none
3581.758	1	Stimulus/S  1	1	35817580	35817588	79	1	40	pips_40_500-8000.hdf5	both	none
3582.8247	1	Stimulus/S  1	1	35828247	35828255	79	2	60	pips_40_500-8000.hdf5	both	none
3583.8914	1	Stimulus/S  1	1	35838914	35838922	79	3	70	pips_40_500-8000.hdf5	both	none
3584.9581	1	Stimulus/S  1	1	35849581	35849589	79	4	50	pips_40_500-8000.hdf5	both	none
3586.0247	1	Stimulus/S  1	1	35860247	35860255	79	5	30	pips_40_500-8000.hdf5	both	none
3587.0914	1	Stimulus/S  1	1	35870914	35870922	80	0	20	pips_40_500-8000.hdf5	both	none
3588.1581	1	Stimulus/S  1	1	35881581	35881589	80	1	40	pips_40_500-8000.hdf5	both	none
3589.2248	1	Stimulus/S  1	1	35892248	35892256	80	2	60	pips_40_500-8000.hdf5	both	none
3590.2914	1	Stimulus/S  1	1	35902914	35902922	80	3	70	pips_40_500-8000.hdf5	both	none
3591.3581	1	Stimulus/S  1	1	35913581	35913589	80	4	50	pips_40_500-8000.hdf5	both	none
3592.4248	1	Stimulus/S  1	1	35924248	35924256	80	5	30	pips_40_500-8000.hdf5	both	none
3593.4915	1	Stimulus/S  1	1	35934915	35934923	81	0	20	pips_40_500-8000.hdf5	both	none
3594.5582	1	Stimulus/S  1	1	35945582	35945590	81	1	40	pips_40_500-8000.hdf5	both	none
3595.6142	1	Stimulus/S  1	1	35956142	35956150	81	2	60	pips_40_500-8000.hdf5	both	none
3596.6808	1	Stimulus/S  1	1	35966808	35966816	81	3	70	pips_40_500-8000.hdf5	both	none
3597.7262	1	Stimulus/S  1	1	35977262	35977270	81	4	50	pips_40_500-8000.hdf5	both	none
3598.7929	1	Stimulus/S  1	1	35987929	35987937	81	5	30	pips_40_500-8000.hdf5	both	none
3599.8489	1	Stimulus/S  1	1	35998489	35998497	82	0	20	pips_40_500-8000.hdf5	both	none
3600.8942	1	Stimulus/S  1	1	36008942	36008950	82	1	40	pips_40_500-8000.hdf5	both	none
3601.9396	1	Stimulus/S  1	1	36019396	36019404	82	2	60	pips_40_500-8000.hdf5	both	none
3602.9956	1	Stimulus/S  1	1	36029956	36029964	82	3	70	pips_40_500-8000.hdf5	both	none
3604.0409	1	Stimulus/S  1	1	36040409	36040417	82	4	50	pips_40_500-8000.hdf5	both	none
3605.1076	1	Stimulus/S  1	1	36051076	36051084	82	5	30	pips_40_500-8000.hdf5	both	none
3606.1636	1	Stimulus/S  1	1	36061636	36061644	83	0	20	pips_40_500-8000.hdf5	both	none
3607.2303	1	Stimulus/S  1	1	36072303	36072311	83	1	40	pips_40_500-8000.hdf5	both	none
3608.2756	1	Stimulus/S  1	1	36082756	36082764	83	2	60	pips_40_500-8000.hdf5	both	none
3609.3423	1	Stimulus/S  1	1	36093423	36093431	83	3	70	pips_40_500-8000.hdf5	both	none
3610.409	1	Stimulus/S  1	1	36104090	36104098	83	4	50	pips_40_500-8000.hdf5	both	none
3611.4757	1	Stimulus/S  1	1	36114757	36114765	83	5	30	pips_40_500-8000.hdf5	both	none
3612.5423	1	Stimulus/S  1	1	36125423	36125431	84	0	20	pips_40_500-8000.hdf5	both	none
3613.609	1	Stimulus/S  1	1	36136090	36136098	84	1	40	pips_40_500-8000.hdf5	both	none
3614.6757	1	Stimulus/S  1	1	36146757	36146765	84	2	60	pips_40_500-8000.hdf5	both	none
3615.7424	1	Stimulus/S  1	1	36157424	36157432	84	3	70	pips_40_500-8000.hdf5	both	none
3616.809	1	Stimulus/S  1	1	36168090	36168098	84	4	50	pips_40_500-8000.hdf5	both	none
3617.8757	1	Stimulus/S  1	1	36178757	36178765	84	5	30	pips_40_500-8000.hdf5	both	none
3618.9317	1	Stimulus/S  1	1	36189317	36189325	85	0	20	pips_40_500-8000.hdf5	both	none
3619.9984	1	Stimulus/S  1	1	36199984	36199992	85	1	40	pips_40_500-8000.hdf5	both	none
3621.0437	1	Stimulus/S  1	1	36210437	36210445	85	2	60	pips_40_500-8000.hdf5	both	none
3622.1104	1	Stimulus/S  1	1	36221104	36221112	85	3	70	pips_40_500-8000.hdf5	both	none
3623.1558	1	Stimulus/S  1	1	36231558	36231566	85	4	50	pips_40_500-8000.hdf5	both	none
3624.2118	1	Stimulus/S  1	1	36242118	36242126	85	5	30	pips_40_500-8000.hdf5	both	none
3625.2571	1	Stimulus/S  1	1	36252571	36252579	86	0	20	pips_40_500-8000.hdf5	both	none
3626.3131	1	Stimulus/S  1	1	36263131	36263139	86	1	40	pips_40_500-8000.hdf5	both	none
3627.3585	1	Stimulus/S  1	1	36273585	36273593	86	2	60	pips_40_500-8000.hdf5	both	none
3628.4251	1	Stimulus/S  1	1	36284251	36284259	86	3	70	pips_40_500-8000.hdf5	both	none
3629.4812	1	Stimulus/S  1	1	36294812	36294820	86	4	50	pips_40_500-8000.hdf5	both	none
3630.5478	1	Stimulus/S  1	1	36305478	36305486	86	5	30	pips_40_500-8000.hdf5	both	none
3631.5932	1	Stimulus/S  1	1	36315932	36315940	87	0	20	pips_40_500-8000.hdf5	both	none
3632.6599	1	Stimulus/S  1	1	36326599	36326607	87	1	40	pips_40_500-8000.hdf5	both	none
3633.7265	1	Stimulus/S  1	1	36337265	36337273	87	2	60	pips_40_500-8000.hdf5	both	none
3634.7932	1	Stimulus/S  1	1	36347932	36347940	87	3	70	pips_40_500-8000.hdf5	both	none
3635.8599	1	Stimulus/S  1	1	36358599	36358607	87	4	50	pips_40_500-8000.hdf5	both	none
3636.9266	1	Stimulus/S  1	1	36369266	36369274	87	5	30	pips_40_500-8000.hdf5	both	none
3637.9932	1	Stimulus/S  1	1	36379932	36379940	88	0	20	pips_40_500-8000.hdf5	both	none
3639.0599	1	Stimulus/S  1	1	36390599	36390607	88	1	40	pips_40_500-8000.hdf5	both	none
3640.1266	1	Stimulus/S  1	1	36401266	36401274	88	2	60	pips_40_500-8000.hdf5	both	none
3641.1933	1	Stimulus/S  1	1	36411933	36411941	88	3	70	pips_40_500-8000.hdf5	both	none
3642.2493	1	Stimulus/S  1	1	36422493	36422501	88	4	50	pips_40_500-8000.hdf5	both	none
3643.316	1	Stimulus/S  1	1	36433160	36433168	88	5	30	pips_40_500-8000.hdf5	both	none
3644.3613	1	Stimulus/S  1	1	36443613	36443621	89	0	20	pips_40_500-8000.hdf5	both	none
3645.428	1	Stimulus/S  1	1	36454280	36454288	89	1	40	pips_40_500-8000.hdf5	both	none
3646.4733	1	Stimulus/S  1	1	36464733	36464741	89	2	60	pips_40_500-8000.hdf5	both	none
3647.5293	1	Stimulus/S  1	1	36475293	36475301	89	3	70	pips_40_500-8000.hdf5	both	none
3648.5747	1	Stimulus/S  1	1	36485747	36485755	89	4	50	pips_40_500-8000.hdf5	both	none
3649.6307	1	Stimulus/S  1	1	36496307	36496315	89	5	30	pips_40_500-8000.hdf5	both	none
3650.676	1	Stimulus/S  1	1	36506760	36506768	90	0	20	pips_40_500-8000.hdf5	both	none
3651.7427	1	Stimulus/S  1	1	36517427	36517435	90	1	40	pips_40_500-8000.hdf5	both	none
3652.7987	1	Stimulus/S  1	1	36527987	36527995	90	2	60	pips_40_500-8000.hdf5	both	none
3653.8654	1	Stimulus/S  1	1	36538654	36538662	90	3	70	pips_40_500-8000.hdf5	both	none
3654.9107	1	Stimulus/S  1	1	36549107	36549115	90	4	50	pips_40_500-8000.hdf5	both	none
3655.9774	1	Stimulus/S  1	1	36559774	36559782	90	5	30	pips_40_500-8000.hdf5	both	none
3657.0441	1	Stimulus/S  1	1	36570441	36570449	91	0	20	pips_40_500-8000.hdf5	both	none
3658.1108	1	Stimulus/S  1	1	36581108	36581116	91	1	40	pips_40_500-8000.hdf5	both	none
3659.1774	1	Stimulus/S  1	1	36591774	36591782	91	2	60	pips_40_500-8000.hdf5	both	none
3660.2441	1	Stimulus/S  1	1	36602441	36602449	91	3	70	pips_40_500-8000.hdf5	both	none
3661.3108	1	Stimulus/S  1	1	36613108	36613116	91	4	50	pips_40_500-8000.hdf5	both	none
3662.3775	1	Stimulus/S  1	1	36623775	36623783	91	5	30	pips_40_500-8000.hdf5	both	none
3663.4442	1	Stimulus/S  1	1	36634442	36634450	92	0	20	pips_40_500-8000.hdf5	both	none
3664.5108	1	Stimulus/S  1	1	36645108	36645116	92	1	40	pips_40_500-8000.hdf5	both	none
3665.5668	1	Stimulus/S  1	1	36655668	36655676	92	2	60	pips_40_500-8000.hdf5	both	none
3666.6335	1	Stimulus/S  1	1	36666335	36666343	92	3	70	pips_40_500-8000.hdf5	both	none
3667.6789	1	Stimulus/S  1	1	36676789	36676797	92	4	50	pips_40_500-8000.hdf5	both	none
3668.7455	1	Stimulus/S  1	1	36687455	36687463	92	5	30	pips_40_500-8000.hdf5	both	none
3669.7909	1	Stimulus/S  1	1	36697909	36697917	93	0	20	pips_40_500-8000.hdf5	both	none
3670.8469	1	Stimulus/S  1	1	36708469	36708477	93	1	40	pips_40_500-8000.hdf5	both	none
3671.8922	1	Stimulus/S  1	1	36718922	36718930	93	2	60	pips_40_500-8000.hdf5	both	none
3672.9482	1	Stimulus/S  1	1	36729482	36729490	93	3	70	pips_40_500-8000.hdf5	both	none
3673.9936	1	Stimulus/S  1	1	36739936	36739944	93	4	50	pips_40_500-8000.hdf5	both	none
3675.0496	1	Stimulus/S  1	1	36750496	36750504	93	5	30	pips_40_500-8000.hdf5	both	none
3676.0949	1	Stimulus/S  1	1	36760949	36760957	94	0	20	pips_40_500-8000.hdf5	both	none
3677.1616	1	Stimulus/S  1	1	36771616	36771624	94	1	40	pips_40_500-8000.hdf5	both	none
3678.207	1	Stimulus/S  1	1	36782070	36782078	94	2	60	pips_40_500-8000.hdf5	both	none
3679.2843	1	Stimulus/S  1	1	36792843	36792851	94	3	70	pips_40_500-8000.hdf5	both	none
3680.3297	1	Stimulus/S  1	1	36803297	36803305	94	4	50	pips_40_500-8000.hdf5	both	none
3681.3963	1	Stimulus/S  1	1	36813963	36813971	94	5	30	pips_40_500-8000.hdf5	both	none
3682.463	1	Stimulus/S  1	1	36824630	36824638	95	0	20	pips_40_500-8000.hdf5	both	none
3683.5297	1	Stimulus/S  1	1	36835297	36835305	95	1	40	pips_40_500-8000.hdf5	both	none
3684.5964	1	Stimulus/S  1	1	36845964	36845972	95	2	60	pips_40_500-8000.hdf5	both	none
3685.663	1	Stimulus/S  1	1	36856630	36856638	95	3	70	pips_40_500-8000.hdf5	both	none
3686.7297	1	Stimulus/S  1	1	36867297	36867305	95	4	50	pips_40_500-8000.hdf5	both	none
3687.7964	1	Stimulus/S  1	1	36877964	36877972	95	5	30	pips_40_500-8000.hdf5	both	none
3688.8631	1	Stimulus/S  1	1	36888631	36888639	96	0	20	pips_40_500-8000.hdf5	both	none
3689.9297	1	Stimulus/S  1	1	36899297	36899305	96	1	40	pips_40_500-8000.hdf5	both	none
3690.9964	1	Stimulus/S  1	1	36909964	36909972	96	2	60	pips_40_500-8000.hdf5	both	none
3692.0631	1	Stimulus/S  1	1	36920631	36920639	96	3	70	pips_40_500-8000.hdf5	both	none
3693.1298	1	Stimulus/S  1	1	36931298	36931306	96	4	50	pips_40_500-8000.hdf5	both	none
3694.1751	1	Stimulus/S  1	1	36941751	36941759	96	5	30	pips_40_500-8000.hdf5	both	none
3695.2418	1	Stimulus/S  1	1	36952418	36952426	97	0	20	pips_40_500-8000.hdf5	both	none
3696.3085	1	Stimulus/S  1	1	36963085	36963093	97	1	40	pips_40_500-8000.hdf5	both	none
3697.3645	1	Stimulus/S  1	1	36973645	36973653	97	2	60	pips_40_500-8000.hdf5	both	none
3698.4312	1	Stimulus/S  1	1	36984312	36984320	97	3	70	pips_40_500-8000.hdf5	both	none
3699.4978	1	Stimulus/S  1	1	36994978	36994986	97	4	50	pips_40_500-8000.hdf5	both	none
3700.5645	1	Stimulus/S  1	1	37005645	37005653	97	5	30	pips_40_500-8000.hdf5	both	none
3701.6312	1	Stimulus/S  1	1	37016312	37016320	98	0	20	pips_40_500-8000.hdf5	both	none
3702.6979	1	Stimulus/S  1	1	37026979	37026987	98	1	40	pips_40_500-8000.hdf5	both	none
3703.7645	1	Stimulus/S  1	1	37037645	37037653	98	2	60	pips_40_500-8000.hdf5	both	none
3704.8312	1	Stimulus/S  1	1	37048312	37048320	98	3	70	pips_40_500-8000.hdf5	both	none
3705.8979	1	Stimulus/S  1	1	37058979	37058987	98	4	50	pips_40_500-8000.hdf5	both	none
3706.9646	1	Stimulus/S  1	1	37069646	37069654	98	5	30	pips_40_500-8000.hdf5	both	none
3708.0313	1	Stimulus/S  1	1	37080313	37080321	99	0	20	pips_40_500-8000.hdf5	both	none
3709.0979	1	Stimulus/S  1	1	37090979	37090987	99	1	40	pips_40_500-8000.hdf5	both	none
3710.1646	1	Stimulus/S  1	1	37101646	37101654	99	2	60	pips_40_500-8000.hdf5	both	none
3711.2313	1	Stimulus/S  1	1	37112313	37112321	99	3	70	pips_40_500-8000.hdf5	both	none
3712.298	1	Stimulus/S  1	1	37122980	37122988	99	4	50	pips_40_500-8000.hdf5	both	none
3713.3646	1	Stimulus/S  1	1	37133646	37133654	99	5	30	pips_40_500-8000.hdf5	both	none
3714.4313	1	Stimulus/S  1	1	37144313	37144321	100	0	20	pips_40_500-8000.hdf5	both	none
3715.498	1	Stimulus/S  1	1	37154980	37154988	100	1	40	pips_40_500-8000.hdf5	both	none
3716.5647	1	Stimulus/S  1	1	37165647	37165655	100	2	60	pips_40_500-8000.hdf5	both	none
3717.6313	1	Stimulus/S  1	1	37176313	37176321	100	3	70	pips_40_500-8000.hdf5	both	none
3718.698	1	Stimulus/S  1	1	37186980	37186988	100	4	50	pips_40_500-8000.hdf5	both	none
3719.7647	1	Stimulus/S  1	1	37197647	37197655	100	5	30	pips_40_500-8000.hdf5	both	none
3720.8314	1	Stimulus/S  1	1	37208314	37208322	101	0	20	pips_40_500-8000.hdf5	both	none
3721.8767	1	Stimulus/S  1	1	37218767	37218775	101	1	40	pips_40_500-8000.hdf5	both	none
3722.9434	1	Stimulus/S  1	1	37229434	37229442	101	2	60	pips_40_500-8000.hdf5	both	none
3723.9994	1	Stimulus/S  1	1	37239994	37240002	101	3	70	pips_40_500-8000.hdf5	both	none
3725.0661	1	Stimulus/S  1	1	37250661	37250669	101	4	50	pips_40_500-8000.hdf5	both	none
3726.1114	1	Stimulus/S  1	1	37261114	37261122	101	5	30	pips_40_500-8000.hdf5	both	none
3727.1674	1	Stimulus/S  1	1	37271674	37271682	102	0	20	pips_40_500-8000.hdf5	both	none
3728.2128	1	Stimulus/S  1	1	37282128	37282136	102	1	40	pips_40_500-8000.hdf5	both	none
3729.2581	1	Stimulus/S  1	1	37292581	37292589	102	2	60	pips_40_500-8000.hdf5	both	none
3730.3141	1	Stimulus/S  1	1	37303141	37303149	102	3	70	pips_40_500-8000.hdf5	both	none
3731.3808	1	Stimulus/S  1	1	37313808	37313816	102	4	50	pips_40_500-8000.hdf5	both	none
3732.4262	1	Stimulus/S  1	1	37324262	37324270	102	5	30	pips_40_500-8000.hdf5	both	none
3733.4928	1	Stimulus/S  1	1	37334928	37334936	103	0	20	pips_40_500-8000.hdf5	both	none
3734.5488	1	Stimulus/S  1	1	37345488	37345496	103	1	40	pips_40_500-8000.hdf5	both	none
3735.6155	1	Stimulus/S  1	1	37356155	37356163	103	2	60	pips_40_500-8000.hdf5	both	none
3736.6822	1	Stimulus/S  1	1	37366822	37366830	103	3	70	pips_40_500-8000.hdf5	both	none
3737.7489	1	Stimulus/S  1	1	37377489	37377497	103	4	50	pips_40_500-8000.hdf5	both	none
3738.8156	1	Stimulus/S  1	1	37388156	37388164	103	5	30	pips_40_500-8000.hdf5	both	none
3739.8822	1	Stimulus/S  1	1	37398822	37398830	104	0	20	pips_40_500-8000.hdf5	both	none
3740.9489	1	Stimulus/S  1	1	37409489	37409497	104	1	40	pips_40_500-8000.hdf5	both	none
3742.0156	1	Stimulus/S  1	1	37420156	37420164	104	2	60	pips_40_500-8000.hdf5	both	none
3743.0823	1	Stimulus/S  1	1	37430823	37430831	104	3	70	pips_40_500-8000.hdf5	both	none
3744.1489	1	Stimulus/S  1	1	37441489	37441497	104	4	50	pips_40_500-8000.hdf5	both	none
3745.1943	1	Stimulus/S  1	1	37451943	37451951	104	5	30	pips_40_500-8000.hdf5	both	none
3746.261	1	Stimulus/S  1	1	37462610	37462618	105	0	20	pips_40_500-8000.hdf5	both	none
3747.317	1	Stimulus/S  1	1	37473170	37473178	105	1	40	pips_40_500-8000.hdf5	both	none
3748.3836	1	Stimulus/S  1	1	37483836	37483844	105	2	60	pips_40_500-8000.hdf5	both	none
3749.429	1	Stimulus/S  1	1	37494290	37494298	105	3	70	pips_40_500-8000.hdf5	both	none
3750.485	1	Stimulus/S  1	1	37504850	37504858	105	4	50	pips_40_500-8000.hdf5	both	none
3751.5303	1	Stimulus/S  1	1	37515303	37515311	105	5	30	pips_40_500-8000.hdf5	both	none
3752.5757	1	Stimulus/S  1	1	37525757	37525765	106	0	20	pips_40_500-8000.hdf5	both	none
3753.6317	1	Stimulus/S  1	1	37536317	37536325	106	1	40	pips_40_500-8000.hdf5	both	none
3754.6984	1	Stimulus/S  1	1	37546984	37546992	106	2	60	pips_40_500-8000.hdf5	both	none
3755.7437	1	Stimulus/S  1	1	37557437	37557445	106	3	70	pips_40_500-8000.hdf5	both	none
3756.8104	1	Stimulus/S  1	1	37568104	37568112	106	4	50	pips_40_500-8000.hdf5	both	none
3757.8664	1	Stimulus/S  1	1	37578664	37578672	106	5	30	pips_40_500-8000.hdf5	both	none
3758.9331	1	Stimulus/S  1	1	37589331	37589339	107	0	20	pips_40_500-8000.hdf5	both	none
3759.9998	1	Stimulus/S  1	1	37599998	37600006	107	1	40	pips_40_500-8000.hdf5	both	none
3761.0664	1	Stimulus/S  1	1	37610664	37610672	107	2	60	pips_40_500-8000.hdf5	both	none
3762.1331	1	Stimulus/S  1	1	37621331	37621339	107	3	70	pips_40_500-8000.hdf5	both	none
3763.1998	1	Stimulus/S  1	1	37631998	37632006	107	4	50	pips_40_500-8000.hdf5	both	none
3764.2665	1	Stimulus/S  1	1	37642665	37642673	107	5	30	pips_40_500-8000.hdf5	both	none
3765.3331	1	Stimulus/S  1	1	37653331	37653339	108	0	20	pips_40_500-8000.hdf5	both	none
3766.3998	1	Stimulus/S  1	1	37663998	37664006	108	1	40	pips_40_500-8000.hdf5	both	none
3767.4665	1	Stimulus/S  1	1	37674665	37674673	108	2	60	pips_40_500-8000.hdf5	both	none
3768.5118	1	Stimulus/S  1	1	37685118	37685126	108	3	70	pips_40_500-8000.hdf5	both	none
3769.5785	1	Stimulus/S  1	1	37695785	37695793	108	4	50	pips_40_500-8000.hdf5	both	none
3770.6345	1	Stimulus/S  1	1	37706345	37706353	108	5	30	pips_40_500-8000.hdf5	both	none
3771.7012	1	Stimulus/S  1	1	37717012	37717020	109	0	20	pips_40_500-8000.hdf5	both	none
3772.7466	1	Stimulus/S  1	1	37727466	37727474	109	1	40	pips_40_500-8000.hdf5	both	none
3773.7919	1	Stimulus/S  1	1	37737919	37737927	109	2	60	pips_40_500-8000.hdf5	both	none
3774.8479	1	Stimulus/S  1	1	37748479	37748487	109	3	70	pips_40_500-8000.hdf5	both	none
3775.9146	1	Stimulus/S  1	1	37759146	37759154	109	4	50	pips_40_500-8000.hdf5	both	none
3776.9599	1	Stimulus/S  1	1	37769599	37769607	109	5	30	pips_40_500-8000.hdf5	both	none
3778.0266	1	Stimulus/S  1	1	37780266	37780274	110	0	20	pips_40_500-8000.hdf5	both	none
3779.0826	1	Stimulus/S  1	1	37790826	37790834	110	1	40	pips_40_500-8000.hdf5	both	none
3780.1493	1	Stimulus/S  1	1	37801493	37801501	110	2	60	pips_40_500-8000.hdf5	both	none
3781.216	1	Stimulus/S  1	1	37812160	37812168	110	3	70	pips_40_500-8000.hdf5	both	none
3782.2826	1	Stimulus/S  1	1	37822826	37822834	110	4	50	pips_40_500-8000.hdf5	both	none
3783.3493	1	Stimulus/S  1	1	37833493	37833501	110	5	30	pips_40_500-8000.hdf5	both	none
3784.416	1	Stimulus/S  1	1	37844160	37844168	111	0	20	pips_40_500-8000.hdf5	both	none
3785.4827	1	Stimulus/S  1	1	37854827	37854835	111	1	40	pips_40_500-8000.hdf5	both	none
3786.528	1	Stimulus/S  1	1	37865280	37865288	111	2	60	pips_40_500-8000.hdf5	both	none
3787.5947	1	Stimulus/S  1	1	37875947	37875955	111	3	70	pips_40_500-8000.hdf5	both	none
3788.6507	1	Stimulus/S  1	1	37886507	37886515	111	4	50	pips_40_500-8000.hdf5	both	none
3789.7174	1	Stimulus/S  1	1	37897174	37897182	111	5	30	pips_40_500-8000.hdf5	both	none
3790.7627	1	Stimulus/S  1	1	37907627	37907635	112	0	20	pips_40_500-8000.hdf5	both	none
3791.8187	1	Stimulus/S  1	1	37918187	37918195	112	1	40	pips_40_500-8000.hdf5	both	none
3792.8641	1	Stimulus/S  1	1	37928641	37928649	112	2	60	pips_40_500-8000.hdf5	both	none
3793.9094	1	Stimulus/S  1	1	37939094	37939102	112	3	70	pips_40_500-8000.hdf5	both	none
3794.9654	1	Stimulus/S  1	1	37949654	37949662	112	4	50	pips_40_500-8000.hdf5	both	none
3796.0321	1	Stimulus/S  1	1	37960321	37960329	112	5	30	pips_40_500-8000.hdf5	both	none
3797.0775	1	Stimulus/S  1	1	37970775	37970783	113	0	20	pips_40_500-8000.hdf5	both	none
3798.1441	1	Stimulus/S  1	1	37981441	37981449	113	1	40	pips_40_500-8000.hdf5	both	none
3799.2001	1	Stimulus/S  1	1	37992001	37992009	113	2	60	pips_40_500-8000.hdf5	both	none
3800.2668	1	Stimulus/S  1	1	38002668	38002676	113	3	70	pips_40_500-8000.hdf5	both	none
3801.3335	1	Stimulus/S  1	1	38013335	38013343	113	4	50	pips_40_500-8000.hdf5	both	none
3802.4002	1	Stimulus/S  1	1	38024002	38024010	113	5	30	pips_40_500-8000.hdf5	both	none
3803.4668	1	Stimulus/S  1	1	38034668	38034676	114	0	20	pips_40_500-8000.hdf5	both	none
3804.5335	1	Stimulus/S  1	1	38045335	38045343	114	1	40	pips_40_500-8000.hdf5	both	none
3805.6002	1	Stimulus/S  1	1	38056002	38056010	114	2	60	pips_40_500-8000.hdf5	both	none
3806.6455	1	Stimulus/S  1	1	38066455	38066463	114	3	70	pips_40_500-8000.hdf5	both	none
3807.7122	1	Stimulus/S  1	1	38077122	38077130	114	4	50	pips_40_500-8000.hdf5	both	none
3808.7789	1	Stimulus/S  1	1	38087789	38087797	114	5	30	pips_40_500-8000.hdf5	both	none
3809.8349	1	Stimulus/S  1	1	38098349	38098357	115	0	20	pips_40_500-8000.hdf5	both	none
3810.9016	1	Stimulus/S  1	1	38109016	38109024	115	1	40	pips_40_500-8000.hdf5	both	none
3811.9469	1	Stimulus/S  1	1	38119469	38119477	115	2	60	pips_40_500-8000.hdf5	both	none
3813.0136	1	Stimulus/S  1	1	38130136	38130144	115	3	70	pips_40_500-8000.hdf5	both	none
3814.0696	1	Stimulus/S  1	1	38140696	38140704	115	4	50	pips_40_500-8000.hdf5	both	none
3815.115	1	Stimulus/S  1	1	38151150	38151158	115	5	30	pips_40_500-8000.hdf5	both	none
3816.1603	1	Stimulus/S  1	1	38161603	38161611	116	0	20	pips_40_500-8000.hdf5	both	none
3817.2163	1	Stimulus/S  1	1	38172163	38172171	116	1	40	pips_40_500-8000.hdf5	both	none
3818.2617	1	Stimulus/S  1	1	38182617	38182625	116	2	60	pips_40_500-8000.hdf5	both	none
3819.3177	1	Stimulus/S  1	1	38193177	38193185	116	3	70	pips_40_500-8000.hdf5	both	none
3820.363	1	Stimulus/S  1	1	38203630	38203638	116	4	50	pips_40_500-8000.hdf5	both	none
3821.419	1	Stimulus/S  1	1	38214190	38214198	116	5	30	pips_40_500-8000.hdf5	both	none
3822.4644	1	Stimulus/S  1	1	38224644	38224652	117	0	20	pips_40_500-8000.hdf5	both	none
3823.5097	1	Stimulus/S  1	1	38235097	38235105	117	1	40	pips_40_500-8000.hdf5	both	none
3824.5657	1	Stimulus/S  1	1	38245657	38245665	117	2	60	pips_40_500-8000.hdf5	both	none
3825.6111	1	Stimulus/S  1	1	38256111	38256119	117	3	70	pips_40_500-8000.hdf5	both	none
3826.6777	1	Stimulus/S  1	1	38266777	38266785	117	4	50	pips_40_500-8000.hdf5	both	none
3827.7444	1	Stimulus/S  1	1	38277444	38277452	117	5	30	pips_40_500-8000.hdf5	both	none
3828.8111	1	Stimulus/S  1	1	38288111	38288119	118	0	20	pips_40_500-8000.hdf5	both	none
3829.8778	1	Stimulus/S  1	1	38298778	38298786	118	1	40	pips_40_500-8000.hdf5	both	none
3830.9444	1	Stimulus/S  1	1	38309444	38309452	118	2	60	pips_40_500-8000.hdf5	both	none
3832.0111	1	Stimulus/S  1	1	38320111	38320119	118	3	70	pips_40_500-8000.hdf5	both	none
3833.0778	1	Stimulus/S  1	1	38330778	38330786	118	4	50	pips_40_500-8000.hdf5	both	none
3834.1445	1	Stimulus/S  1	1	38341445	38341453	118	5	30	pips_40_500-8000.hdf5	both	none
3835.2112	1	Stimulus/S  1	1	38352112	38352120	119	0	20	pips_40_500-8000.hdf5	both	none
3836.2778	1	Stimulus/S  1	1	38362778	38362786	119	1	40	pips_40_500-8000.hdf5	both	none
3837.3445	1	Stimulus/S  1	1	38373445	38373453	119	2	60	pips_40_500-8000.hdf5	both	none
3838.4112	1	Stimulus/S  1	1	38384112	38384120	119	3	70	pips_40_500-8000.hdf5	both	none
3839.4779	1	Stimulus/S  1	1	38394779	38394787	119	4	50	pips_40_500-8000.hdf5	both	none
3840.5445	1	Stimulus/S  1	1	38405445	38405453	119	5	30	pips_40_500-8000.hdf5	both	none
