onset	duration	trial_type	value	sample	sample_corrected	token	run	level	stim_file	ear_ac	ear_bc
5.5828	1	Stimulus/S  1	1	55828	55836	0	0	20	pips_l40_r400_500-8000.hdf5	right	left
6.6282	1	Stimulus/S  1	1	66282	66290	0	1	40	pips_l40_r400_500-8000.hdf5	right	left
7.6948	1	Stimulus/S  1	1	76948	76956	0	2	60	pips_l40_r400_500-8000.hdf5	right	left
8.7402	1	Stimulus/S  1	1	87402	87410	0	3	70	pips_l40_r400_500-8000.hdf5	right	left
9.7962	1	Stimulus/S  1	1	97962	97970	0	4	50	pips_l40_r400_500-8000.hdf5	right	left
10.8415	1	Stimulus/S  1	1	108415	108423	0	5	30	pips_l40_r400_500-8000.hdf5	right	left
11.8975	1	Stimulus/S  1	1	118975	118983	1	0	20	pips_l40_r400_500-8000.hdf5	right	left
12.9429	1	Stimulus/S  1	1	129429	129437	1	1	40	pips_l40_r400_500-8000.hdf5	right	left
14.0096	1	Stimulus/S  1	1	140096	140104	1	2	60	pips_l40_r400_500-8000.hdf5	right	left
15.0656	1	Stimulus/S  1	1	150656	150664	1	3	70	pips_l40_r400_500-8000.hdf5	right	left
16.1323	1	Stimulus/S  1	1	161323	161331	1	4	50	pips_l40_r400_500-8000.hdf5	right	left
17.1776	1	Stimulus/S  1	1	171776	171784	1	5	30	pips_l40_r400_500-8000.hdf5	right	left
18.2443	1	Stimulus/S  1	1	182443	182451	2	0	20	pips_l40_r400_500-8000.hdf5	right	left
19.311	1	Stimulus/S  1	1	193110	193118	2	1	40	pips_l40_r400_500-8000.hdf5	right	left
20.3776	1	Stimulus/S  1	1	203776	203784	2	2	60	pips_l40_r400_500-8000.hdf5	right	left
21.4443	1	Stimulus/S  1	1	214443	214451	2	3	70	pips_l40_r400_500-8000.hdf5	right	left
22.511	1	Stimulus/S  1	1	225110	225118	2	4	50	pips_l40_r400_500-8000.hdf5	right	left
23.5777	1	Stimulus/S  1	1	235777	235785	2	5	30	pips_l40_r400_500-8000.hdf5	right	left
24.6337	1	Stimulus/S  1	1	246337	246345	3	0	20	pips_l40_r400_500-8000.hdf5	right	left
25.679	1	Stimulus/S  1	1	256790	256798	3	1	40	pips_l40_r400_500-8000.hdf5	right	left
26.7244	1	Stimulus/S  1	1	267244	267252	3	2	60	pips_l40_r400_500-8000.hdf5	right	left
27.7804	1	Stimulus/S  1	1	277804	277812	3	3	70	pips_l40_r400_500-8000.hdf5	right	left
28.8257	1	Stimulus/S  1	1	288257	288265	3	4	50	pips_l40_r400_500-8000.hdf5	right	left
29.8817	1	Stimulus/S  1	1	298817	298825	3	5	30	pips_l40_r400_500-8000.hdf5	right	left
30.9484	1	Stimulus/S  1	1	309484	309492	4	0	20	pips_l40_r400_500-8000.hdf5	right	left
31.9937	1	Stimulus/S  1	1	319937	319945	4	1	40	pips_l40_r400_500-8000.hdf5	right	left
33.0604	1	Stimulus/S  1	1	330604	330612	4	2	60	pips_l40_r400_500-8000.hdf5	right	left
34.1271	1	Stimulus/S  1	1	341271	341279	4	3	70	pips_l40_r400_500-8000.hdf5	right	left
35.1938	1	Stimulus/S  1	1	351938	351946	4	4	50	pips_l40_r400_500-8000.hdf5	right	left
36.2605	1	Stimulus/S  1	1	362605	362613	4	5	30	pips_l40_r400_500-8000.hdf5	right	left
37.3271	1	Stimulus/S  1	1	373271	373279	5	0	20	pips_l40_r400_500-8000.hdf5	right	left
38.3938	1	Stimulus/S  1	1	383938	383946	5	1	40	pips_l40_r400_500-8000.hdf5	right	left
39.4498	1	Stimulus/S  1	1	394498	394506	5	2	60	pips_l40_r400_500-8000.hdf5	right	left
40.5165	1	Stimulus/S  1	1	405165	405173	5	3	70	pips_l40_r400_500-8000.hdf5	right	left
41.5618	1	Stimulus/S  1	1	415618	415626	5	4	50	pips_l40_r400_500-8000.hdf5	right	left
42.6072	1	Stimulus/S  1	1	426072	426080	5	5	30	pips_l40_r400_500-8000.hdf5	right	left
43.6632	1	Stimulus/S  1	1	436632	436640	6	0	20	pips_l40_r400_500-8000.hdf5	right	left
44.7085	1	Stimulus/S  1	1	447085	447093	6	1	40	pips_l40_r400_500-8000.hdf5	right	left
45.7646	1	Stimulus/S  1	1	457646	457654	6	2	60	pips_l40_r400_500-8000.hdf5	right	left
46.8099	1	Stimulus/S  1	1	468099	468107	6	3	70	pips_l40_r400_500-8000.hdf5	right	left
47.8659	1	Stimulus/S  1	1	478659	478667	6	4	50	pips_l40_r400_500-8000.hdf5	right	left
48.9113	1	Stimulus/S  1	1	489113	489121	6	5	30	pips_l40_r400_500-8000.hdf5	right	left
49.9779	1	Stimulus/S  1	1	499779	499787	7	0	20	pips_l40_r400_500-8000.hdf5	right	left
51.0446	1	Stimulus/S  1	1	510446	510454	7	1	40	pips_l40_r400_500-8000.hdf5	right	left
52.1113	1	Stimulus/S  1	1	521113	521121	7	2	60	pips_l40_r400_500-8000.hdf5	right	left
53.178	1	Stimulus/S  1	1	531780	531788	7	3	70	pips_l40_r400_500-8000.hdf5	right	left
54.2446	1	Stimulus/S  1	1	542446	542454	7	4	50	pips_l40_r400_500-8000.hdf5	right	left
55.3113	1	Stimulus/S  1	1	553113	553121	7	5	30	pips_l40_r400_500-8000.hdf5	right	left
56.3673	1	Stimulus/S  1	1	563673	563681	8	0	20	pips_l40_r400_500-8000.hdf5	right	left
57.434	1	Stimulus/S  1	1	574340	574348	8	1	40	pips_l40_r400_500-8000.hdf5	right	left
58.4794	1	Stimulus/S  1	1	584794	584802	8	2	60	pips_l40_r400_500-8000.hdf5	right	left
59.5247	1	Stimulus/S  1	1	595247	595255	8	3	70	pips_l40_r400_500-8000.hdf5	right	left
60.5807	1	Stimulus/S  1	1	605807	605815	8	4	50	pips_l40_r400_500-8000.hdf5	right	left
61.6261	1	Stimulus/S  1	1	616261	616269	8	5	30	pips_l40_r400_500-8000.hdf5	right	left
62.6821	1	Stimulus/S  1	1	626821	626829	9	0	20	pips_l40_r400_500-8000.hdf5	right	left
63.7274	1	Stimulus/S  1	1	637274	637282	9	1	40	pips_l40_r400_500-8000.hdf5	right	left
64.7834	1	Stimulus/S  1	1	647834	647842	9	2	60	pips_l40_r400_500-8000.hdf5	right	left
65.8288	1	Stimulus/S  1	1	658288	658296	9	3	70	pips_l40_r400_500-8000.hdf5	right	left
66.8741	1	Stimulus/S  1	1	668741	668749	9	4	50	pips_l40_r400_500-8000.hdf5	right	left
67.9301	1	Stimulus/S  1	1	679301	679309	9	5	30	pips_l40_r400_500-8000.hdf5	right	left
68.9968	1	Stimulus/S  1	1	689968	689976	10	0	20	pips_l40_r400_500-8000.hdf5	right	left
70.0635	1	Stimulus/S  1	1	700635	700643	10	1	40	pips_l40_r400_500-8000.hdf5	right	left
71.1301	1	Stimulus/S  1	1	711301	711309	10	2	60	pips_l40_r400_500-8000.hdf5	right	left
72.1968	1	Stimulus/S  1	1	721968	721976	10	3	70	pips_l40_r400_500-8000.hdf5	right	left
73.2635	1	Stimulus/S  1	1	732635	732643	10	4	50	pips_l40_r400_500-8000.hdf5	right	left
74.3302	1	Stimulus/S  1	1	743302	743310	10	5	30	pips_l40_r400_500-8000.hdf5	right	left
75.3755	1	Stimulus/S  1	1	753755	753763	11	0	20	pips_l40_r400_500-8000.hdf5	right	left
76.4422	1	Stimulus/S  1	1	764422	764430	11	1	40	pips_l40_r400_500-8000.hdf5	right	left
77.4982	1	Stimulus/S  1	1	774982	774990	11	2	60	pips_l40_r400_500-8000.hdf5	right	left
78.5436	1	Stimulus/S  1	1	785436	785444	11	3	70	pips_l40_r400_500-8000.hdf5	right	left
79.5996	1	Stimulus/S  1	1	795996	796004	11	4	50	pips_l40_r400_500-8000.hdf5	right	left
80.6449	1	Stimulus/S  1	1	806449	806457	11	5	30	pips_l40_r400_500-8000.hdf5	right	left
81.7009	1	Stimulus/S  1	1	817009	817017	12	0	20	pips_l40_r400_500-8000.hdf5	right	left
82.7463	1	Stimulus/S  1	1	827463	827471	12	1	40	pips_l40_r400_500-8000.hdf5	right	left
83.8129	1	Stimulus/S  1	1	838129	838137	12	2	60	pips_l40_r400_500-8000.hdf5	right	left
84.8796	1	Stimulus/S  1	1	848796	848804	12	3	70	pips_l40_r400_500-8000.hdf5	right	left
85.9463	1	Stimulus/S  1	1	859463	859471	12	4	50	pips_l40_r400_500-8000.hdf5	right	left
87.013	1	Stimulus/S  1	1	870130	870138	12	5	30	pips_l40_r400_500-8000.hdf5	right	left
88.0797	1	Stimulus/S  1	1	880797	880805	13	0	20	pips_l40_r400_500-8000.hdf5	right	left
89.1463	1	Stimulus/S  1	1	891463	891471	13	1	40	pips_l40_r400_500-8000.hdf5	right	left
90.1917	1	Stimulus/S  1	1	901917	901925	13	2	60	pips_l40_r400_500-8000.hdf5	right	left
91.2584	1	Stimulus/S  1	1	912584	912592	13	3	70	pips_l40_r400_500-8000.hdf5	right	left
92.3144	1	Stimulus/S  1	1	923144	923152	13	4	50	pips_l40_r400_500-8000.hdf5	right	left
93.381	1	Stimulus/S  1	1	933810	933818	13	5	30	pips_l40_r400_500-8000.hdf5	right	left
94.4264	1	Stimulus/S  1	1	944264	944272	14	0	20	pips_l40_r400_500-8000.hdf5	right	left
95.4824	1	Stimulus/S  1	1	954824	954832	14	1	40	pips_l40_r400_500-8000.hdf5	right	left
96.5277	1	Stimulus/S  1	1	965277	965285	14	2	60	pips_l40_r400_500-8000.hdf5	right	left
97.5838	1	Stimulus/S  1	1	975838	975846	14	3	70	pips_l40_r400_500-8000.hdf5	right	left
98.6291	1	Stimulus/S  1	1	986291	986299	14	4	50	pips_l40_r400_500-8000.hdf5	right	left
99.6958	1	Stimulus/S  1	1	996958	996966	14	5	30	pips_l40_r400_500-8000.hdf5	right	left
100.7411	1	Stimulus/S  1	1	1007411	1007419	15	0	20	pips_l40_r400_500-8000.hdf5	right	left
101.8185	1	Stimulus/S  1	1	1018185	1018193	15	1	40	pips_l40_r400_500-8000.hdf5	right	left
102.8638	1	Stimulus/S  1	1	1028638	1028646	15	2	60	pips_l40_r400_500-8000.hdf5	right	left
103.9305	1	Stimulus/S  1	1	1039305	1039313	15	3	70	pips_l40_r400_500-8000.hdf5	right	left
104.9972	1	Stimulus/S  1	1	1049972	1049980	15	4	50	pips_l40_r400_500-8000.hdf5	right	left
106.0638	1	Stimulus/S  1	1	1060638	1060646	15	5	30	pips_l40_r400_500-8000.hdf5	right	left
107.1305	1	Stimulus/S  1	1	1071305	1071313	16	0	20	pips_l40_r400_500-8000.hdf5	right	left
108.1972	1	Stimulus/S  1	1	1081972	1081980	16	1	40	pips_l40_r400_500-8000.hdf5	right	left
109.2639	1	Stimulus/S  1	1	1092639	1092647	16	2	60	pips_l40_r400_500-8000.hdf5	right	left
110.3092	1	Stimulus/S  1	1	1103092	1103100	16	3	70	pips_l40_r400_500-8000.hdf5	right	left
111.3759	1	Stimulus/S  1	1	1113759	1113767	16	4	50	pips_l40_r400_500-8000.hdf5	right	left
112.4319	1	Stimulus/S  1	1	1124319	1124327	16	5	30	pips_l40_r400_500-8000.hdf5	right	left
113.4772	1	Stimulus/S  1	1	1134772	1134780	17	0	20	pips_l40_r400_500-8000.hdf5	right	left
114.5333	1	Stimulus/S  1	1	1145333	1145341	17	1	40	pips_l40_r400_500-8000.hdf5	right	left
115.5786	1	Stimulus/S  1	1	1155786	1155794	17	2	60	pips_l40_r400_500-8000.hdf5	right	left
116.6346	1	Stimulus/S  1	1	1166346	1166354	17	3	70	pips_l40_r400_500-8000.hdf5	right	left
117.68	1	Stimulus/S  1	1	1176800	1176808	17	4	50	pips_l40_r400_500-8000.hdf5	right	left
118.7253	1	Stimulus/S  1	1	1187253	1187261	17	5	30	pips_l40_r400_500-8000.hdf5	right	left
119.7813	1	Stimulus/S  1	1	1197813	1197821	18	0	20	pips_l40_r400_500-8000.hdf5	right	left
120.848	1	Stimulus/S  1	1	1208480	1208488	18	1	40	pips_l40_r400_500-8000.hdf5	right	left
121.9147	1	Stimulus/S  1	1	1219147	1219155	18	2	60	pips_l40_r400_500-8000.hdf5	right	left
122.9813	1	Stimulus/S  1	1	1229813	1229821	18	3	70	pips_l40_r400_500-8000.hdf5	right	left
124.048	1	Stimulus/S  1	1	1240480	1240488	18	4	50	pips_l40_r400_500-8000.hdf5	right	left
125.1147	1	Stimulus/S  1	1	1251147	1251155	18	5	30	pips_l40_r400_500-8000.hdf5	right	left
126.1814	1	Stimulus/S  1	1	1261814	1261822	19	0	20	pips_l40_r400_500-8000.hdf5	right	left
127.2267	1	Stimulus/S  1	1	1272267	1272275	19	1	40	pips_l40_r400_500-8000.hdf5	right	left
128.2934	1	Stimulus/S  1	1	1282934	1282942	19	2	60	pips_l40_r400_500-8000.hdf5	right	left
129.3494	1	Stimulus/S  1	1	1293494	1293502	19	3	70	pips_l40_r400_500-8000.hdf5	right	left
130.4161	1	Stimulus/S  1	1	1304161	1304169	19	4	50	pips_l40_r400_500-8000.hdf5	right	left
131.4614	1	Stimulus/S  1	1	1314614	1314622	19	5	30	pips_l40_r400_500-8000.hdf5	right	left
132.5174	1	Stimulus/S  1	1	1325174	1325182	20	0	20	pips_l40_r400_500-8000.hdf5	right	left
133.5628	1	Stimulus/S  1	1	1335628	1335636	20	1	40	pips_l40_r400_500-8000.hdf5	right	left
134.6081	1	Stimulus/S  1	1	1346081	1346089	20	2	60	pips_l40_r400_500-8000.hdf5	right	left
135.6641	1	Stimulus/S  1	1	1356641	1356649	20	3	70	pips_l40_r400_500-8000.hdf5	right	left
136.7308	1	Stimulus/S  1	1	1367308	1367316	20	4	50	pips_l40_r400_500-8000.hdf5	right	left
137.7762	1	Stimulus/S  1	1	1377762	1377770	20	5	30	pips_l40_r400_500-8000.hdf5	right	left
138.8428	1	Stimulus/S  1	1	1388428	1388436	21	0	20	pips_l40_r400_500-8000.hdf5	right	left
139.8989	1	Stimulus/S  1	1	1398989	1398997	21	1	40	pips_l40_r400_500-8000.hdf5	right	left
140.9655	1	Stimulus/S  1	1	1409655	1409663	21	2	60	pips_l40_r400_500-8000.hdf5	right	left
142.0322	1	Stimulus/S  1	1	1420322	1420330	21	3	70	pips_l40_r400_500-8000.hdf5	right	left
143.0989	1	Stimulus/S  1	1	1430989	1430997	21	4	50	pips_l40_r400_500-8000.hdf5	right	left
144.1442	1	Stimulus/S  1	1	1441442	1441450	21	5	30	pips_l40_r400_500-8000.hdf5	right	left
145.2109	1	Stimulus/S  1	1	1452109	1452117	22	0	20	pips_l40_r400_500-8000.hdf5	right	left
146.2669	1	Stimulus/S  1	1	1462669	1462677	22	1	40	pips_l40_r400_500-8000.hdf5	right	left
147.3336	1	Stimulus/S  1	1	1473336	1473344	22	2	60	pips_l40_r400_500-8000.hdf5	right	left
148.3789	1	Stimulus/S  1	1	1483789	1483797	22	3	70	pips_l40_r400_500-8000.hdf5	right	left
149.4349	1	Stimulus/S  1	1	1494349	1494357	22	4	50	pips_l40_r400_500-8000.hdf5	right	left
150.4803	1	Stimulus/S  1	1	1504803	1504811	22	5	30	pips_l40_r400_500-8000.hdf5	right	left
151.5256	1	Stimulus/S  1	1	1515256	1515264	23	0	20	pips_l40_r400_500-8000.hdf5	right	left
152.5816	1	Stimulus/S  1	1	1525816	1525824	23	1	40	pips_l40_r400_500-8000.hdf5	right	left
153.6483	1	Stimulus/S  1	1	1536483	1536491	23	2	60	pips_l40_r400_500-8000.hdf5	right	left
154.6937	1	Stimulus/S  1	1	1546937	1546945	23	3	70	pips_l40_r400_500-8000.hdf5	right	left
155.7603	1	Stimulus/S  1	1	1557603	1557611	23	4	50	pips_l40_r400_500-8000.hdf5	right	left
156.8164	1	Stimulus/S  1	1	1568164	1568172	23	5	30	pips_l40_r400_500-8000.hdf5	right	left
157.883	1	Stimulus/S  1	1	1578830	1578838	24	0	20	pips_l40_r400_500-8000.hdf5	right	left
158.9497	1	Stimulus/S  1	1	1589497	1589505	24	1	40	pips_l40_r400_500-8000.hdf5	right	left
160.0164	1	Stimulus/S  1	1	1600164	1600172	24	2	60	pips_l40_r400_500-8000.hdf5	right	left
161.0831	1	Stimulus/S  1	1	1610831	1610839	24	3	70	pips_l40_r400_500-8000.hdf5	right	left
162.1497	1	Stimulus/S  1	1	1621497	1621505	24	4	50	pips_l40_r400_500-8000.hdf5	right	left
163.2164	1	Stimulus/S  1	1	1632164	1632172	24	5	30	pips_l40_r400_500-8000.hdf5	right	left
164.2618	1	Stimulus/S  1	1	1642618	1642626	25	0	20	pips_l40_r400_500-8000.hdf5	right	left
165.3284	1	Stimulus/S  1	1	1653284	1653292	25	1	40	pips_l40_r400_500-8000.hdf5	right	left
166.3845	1	Stimulus/S  1	1	1663845	1663853	25	2	60	pips_l40_r400_500-8000.hdf5	right	left
167.4511	1	Stimulus/S  1	1	1674511	1674519	25	3	70	pips_l40_r400_500-8000.hdf5	right	left
168.4965	1	Stimulus/S  1	1	1684965	1684973	25	4	50	pips_l40_r400_500-8000.hdf5	right	left
169.5525	1	Stimulus/S  1	1	1695525	1695533	25	5	30	pips_l40_r400_500-8000.hdf5	right	left
170.5978	1	Stimulus/S  1	1	1705978	1705986	26	0	20	pips_l40_r400_500-8000.hdf5	right	left
171.6432	1	Stimulus/S  1	1	1716432	1716440	26	1	40	pips_l40_r400_500-8000.hdf5	right	left
172.6992	1	Stimulus/S  1	1	1726992	1727000	26	2	60	pips_l40_r400_500-8000.hdf5	right	left
173.7659	1	Stimulus/S  1	1	1737659	1737667	26	3	70	pips_l40_r400_500-8000.hdf5	right	left
174.8112	1	Stimulus/S  1	1	1748112	1748120	26	4	50	pips_l40_r400_500-8000.hdf5	right	left
175.8779	1	Stimulus/S  1	1	1758779	1758787	26	5	30	pips_l40_r400_500-8000.hdf5	right	left
176.9339	1	Stimulus/S  1	1	1769339	1769347	27	0	20	pips_l40_r400_500-8000.hdf5	right	left
178.0006	1	Stimulus/S  1	1	1780006	1780014	27	1	40	pips_l40_r400_500-8000.hdf5	right	left
179.0673	1	Stimulus/S  1	1	1790673	1790681	27	2	60	pips_l40_r400_500-8000.hdf5	right	left
180.1339	1	Stimulus/S  1	1	1801339	1801347	27	3	70	pips_l40_r400_500-8000.hdf5	right	left
181.2006	1	Stimulus/S  1	1	1812006	1812014	27	4	50	pips_l40_r400_500-8000.hdf5	right	left
182.2673	1	Stimulus/S  1	1	1822673	1822681	27	5	30	pips_l40_r400_500-8000.hdf5	right	left
183.334	1	Stimulus/S  1	1	1833340	1833348	28	0	20	pips_l40_r400_500-8000.hdf5	right	left
184.3793	1	Stimulus/S  1	1	1843793	1843801	28	1	40	pips_l40_r400_500-8000.hdf5	right	left
185.4353	1	Stimulus/S  1	1	1854353	1854361	28	2	60	pips_l40_r400_500-8000.hdf5	right	left
186.4807	1	Stimulus/S  1	1	1864807	1864815	28	3	70	pips_l40_r400_500-8000.hdf5	right	left
187.526	1	Stimulus/S  1	1	1875260	1875268	28	4	50	pips_l40_r400_500-8000.hdf5	right	left
188.582	1	Stimulus/S  1	1	1885820	1885828	28	5	30	pips_l40_r400_500-8000.hdf5	right	left
189.6274	1	Stimulus/S  1	1	1896274	1896282	29	0	20	pips_l40_r400_500-8000.hdf5	right	left
190.6834	1	Stimulus/S  1	1	1906834	1906842	29	1	40	pips_l40_r400_500-8000.hdf5	right	left
191.7287	1	Stimulus/S  1	1	1917287	1917295	29	2	60	pips_l40_r400_500-8000.hdf5	right	left
192.7847	1	Stimulus/S  1	1	1927847	1927855	29	3	70	pips_l40_r400_500-8000.hdf5	right	left
193.8301	1	Stimulus/S  1	1	1938301	1938309	29	4	50	pips_l40_r400_500-8000.hdf5	right	left
194.8967	1	Stimulus/S  1	1	1948967	1948975	29	5	30	pips_l40_r400_500-8000.hdf5	right	left
195.9528	1	Stimulus/S  1	1	1959528	1959536	30	0	20	pips_l40_r400_500-8000.hdf5	right	left
197.0194	1	Stimulus/S  1	1	1970194	1970202	30	1	40	pips_l40_r400_500-8000.hdf5	right	left
198.0861	1	Stimulus/S  1	1	1980861	1980869	30	2	60	pips_l40_r400_500-8000.hdf5	right	left
199.1528	1	Stimulus/S  1	1	1991528	1991536	30	3	70	pips_l40_r400_500-8000.hdf5	right	left
200.2195	1	Stimulus/S  1	1	2002195	2002203	30	4	50	pips_l40_r400_500-8000.hdf5	right	left
201.2861	1	Stimulus/S  1	1	2012861	2012869	30	5	30	pips_l40_r400_500-8000.hdf5	right	left
202.3528	1	Stimulus/S  1	1	2023528	2023536	31	0	20	pips_l40_r400_500-8000.hdf5	right	left
203.4195	1	Stimulus/S  1	1	2034195	2034203	31	1	40	pips_l40_r400_500-8000.hdf5	right	left
204.4862	1	Stimulus/S  1	1	2044862	2044870	31	2	60	pips_l40_r400_500-8000.hdf5	right	left
205.5315	1	Stimulus/S  1	1	2055315	2055323	31	3	70	pips_l40_r400_500-8000.hdf5	right	left
206.5769	1	Stimulus/S  1	1	2065769	2065777	31	4	50	pips_l40_r400_500-8000.hdf5	right	left
207.6329	1	Stimulus/S  1	1	2076329	2076337	31	5	30	pips_l40_r400_500-8000.hdf5	right	left
208.6782	1	Stimulus/S  1	1	2086782	2086790	32	0	20	pips_l40_r400_500-8000.hdf5	right	left
209.7342	1	Stimulus/S  1	1	2097342	2097350	32	1	40	pips_l40_r400_500-8000.hdf5	right	left
210.7796	1	Stimulus/S  1	1	2107796	2107804	32	2	60	pips_l40_r400_500-8000.hdf5	right	left
211.8356	1	Stimulus/S  1	1	2118356	2118364	32	3	70	pips_l40_r400_500-8000.hdf5	right	left
212.9023	1	Stimulus/S  1	1	2129023	2129031	32	4	50	pips_l40_r400_500-8000.hdf5	right	left
213.9476	1	Stimulus/S  1	1	2139476	2139484	32	5	30	pips_l40_r400_500-8000.hdf5	right	left
215.0143	1	Stimulus/S  1	1	2150143	2150151	33	0	20	pips_l40_r400_500-8000.hdf5	right	left
216.081	1	Stimulus/S  1	1	2160810	2160818	33	1	40	pips_l40_r400_500-8000.hdf5	right	left
217.1476	1	Stimulus/S  1	1	2171476	2171484	33	2	60	pips_l40_r400_500-8000.hdf5	right	left
218.2143	1	Stimulus/S  1	1	2182143	2182151	33	3	70	pips_l40_r400_500-8000.hdf5	right	left
219.281	1	Stimulus/S  1	1	2192810	2192818	33	4	50	pips_l40_r400_500-8000.hdf5	right	left
220.3477	1	Stimulus/S  1	1	2203477	2203485	33	5	30	pips_l40_r400_500-8000.hdf5	right	left
221.4037	1	Stimulus/S  1	1	2214037	2214045	34	0	20	pips_l40_r400_500-8000.hdf5	right	left
222.4597	1	Stimulus/S  1	1	2224597	2224605	34	1	40	pips_l40_r400_500-8000.hdf5	right	left
223.5157	1	Stimulus/S  1	1	2235157	2235165	34	2	60	pips_l40_r400_500-8000.hdf5	right	left
224.561	1	Stimulus/S  1	1	2245610	2245618	34	3	70	pips_l40_r400_500-8000.hdf5	right	left
225.6171	1	Stimulus/S  1	1	2256171	2256179	34	4	50	pips_l40_r400_500-8000.hdf5	right	left
226.6624	1	Stimulus/S  1	1	2266624	2266632	34	5	30	pips_l40_r400_500-8000.hdf5	right	left
227.7184	1	Stimulus/S  1	1	2277184	2277192	35	0	20	pips_l40_r400_500-8000.hdf5	right	left
228.7638	1	Stimulus/S  1	1	2287638	2287646	35	1	40	pips_l40_r400_500-8000.hdf5	right	left
229.8304	1	Stimulus/S  1	1	2298304	2298312	35	2	60	pips_l40_r400_500-8000.hdf5	right	left
230.8864	1	Stimulus/S  1	1	2308864	2308872	35	3	70	pips_l40_r400_500-8000.hdf5	right	left
231.9318	1	Stimulus/S  1	1	2319318	2319326	35	4	50	pips_l40_r400_500-8000.hdf5	right	left
232.9771	1	Stimulus/S  1	1	2329771	2329779	35	5	30	pips_l40_r400_500-8000.hdf5	right	left
234.0438	1	Stimulus/S  1	1	2340438	2340446	36	0	20	pips_l40_r400_500-8000.hdf5	right	left
235.1105	1	Stimulus/S  1	1	2351105	2351113	36	1	40	pips_l40_r400_500-8000.hdf5	right	left
236.1772	1	Stimulus/S  1	1	2361772	2361780	36	2	60	pips_l40_r400_500-8000.hdf5	right	left
237.2438	1	Stimulus/S  1	1	2372438	2372446	36	3	70	pips_l40_r400_500-8000.hdf5	right	left
238.3105	1	Stimulus/S  1	1	2383105	2383113	36	4	50	pips_l40_r400_500-8000.hdf5	right	left
239.3772	1	Stimulus/S  1	1	2393772	2393780	36	5	30	pips_l40_r400_500-8000.hdf5	right	left
240.4332	1	Stimulus/S  1	1	2404332	2404340	37	0	20	pips_l40_r400_500-8000.hdf5	right	left
241.4999	1	Stimulus/S  1	1	2414999	2415007	37	1	40	pips_l40_r400_500-8000.hdf5	right	left
242.5452	1	Stimulus/S  1	1	2425452	2425460	37	2	60	pips_l40_r400_500-8000.hdf5	right	left
243.6119	1	Stimulus/S  1	1	2436119	2436127	37	3	70	pips_l40_r400_500-8000.hdf5	right	left
244.6679	1	Stimulus/S  1	1	2446679	2446687	37	4	50	pips_l40_r400_500-8000.hdf5	right	left
245.7133	1	Stimulus/S  1	1	2457133	2457141	37	5	30	pips_l40_r400_500-8000.hdf5	right	left
246.7693	1	Stimulus/S  1	1	2467693	2467701	38	0	20	pips_l40_r400_500-8000.hdf5	right	left
247.8146	1	Stimulus/S  1	1	2478146	2478154	38	1	40	pips_l40_r400_500-8000.hdf5	right	left
248.8706	1	Stimulus/S  1	1	2488706	2488714	38	2	60	pips_l40_r400_500-8000.hdf5	right	left
249.9373	1	Stimulus/S  1	1	2499373	2499381	38	3	70	pips_l40_r400_500-8000.hdf5	right	left
250.9826	1	Stimulus/S  1	1	2509826	2509834	38	4	50	pips_l40_r400_500-8000.hdf5	right	left
252.0493	1	Stimulus/S  1	1	2520493	2520501	38	5	30	pips_l40_r400_500-8000.hdf5	right	left
253.0947	1	Stimulus/S  1	1	2530947	2530955	39	0	20	pips_l40_r400_500-8000.hdf5	right	left
254.1613	1	Stimulus/S  1	1	2541613	2541621	39	1	40	pips_l40_r400_500-8000.hdf5	right	left
255.228	1	Stimulus/S  1	1	2552280	2552288	39	2	60	pips_l40_r400_500-8000.hdf5	right	left
256.2947	1	Stimulus/S  1	1	2562947	2562955	39	3	70	pips_l40_r400_500-8000.hdf5	right	left
257.3614	1	Stimulus/S  1	1	2573614	2573622	39	4	50	pips_l40_r400_500-8000.hdf5	right	left
258.4281	1	Stimulus/S  1	1	2584281	2584289	39	5	30	pips_l40_r400_500-8000.hdf5	right	left
259.4947	1	Stimulus/S  1	1	2594947	2594955	40	0	20	pips_l40_r400_500-8000.hdf5	right	left
260.5507	1	Stimulus/S  1	1	2605507	2605515	40	1	40	pips_l40_r400_500-8000.hdf5	right	left
261.6174	1	Stimulus/S  1	1	2616174	2616182	40	2	60	pips_l40_r400_500-8000.hdf5	right	left
262.6628	1	Stimulus/S  1	1	2626628	2626636	40	3	70	pips_l40_r400_500-8000.hdf5	right	left
263.7294	1	Stimulus/S  1	1	2637294	2637302	40	4	50	pips_l40_r400_500-8000.hdf5	right	left
264.7855	1	Stimulus/S  1	1	2647855	2647863	40	5	30	pips_l40_r400_500-8000.hdf5	right	left
265.8308	1	Stimulus/S  1	1	2658308	2658316	41	0	20	pips_l40_r400_500-8000.hdf5	right	left
266.8868	1	Stimulus/S  1	1	2668868	2668876	41	1	40	pips_l40_r400_500-8000.hdf5	right	left
267.9322	1	Stimulus/S  1	1	2679322	2679330	41	2	60	pips_l40_r400_500-8000.hdf5	right	left
268.9882	1	Stimulus/S  1	1	2689882	2689890	41	3	70	pips_l40_r400_500-8000.hdf5	right	left
270.0335	1	Stimulus/S  1	1	2700335	2700343	41	4	50	pips_l40_r400_500-8000.hdf5	right	left
271.0789	1	Stimulus/S  1	1	2710789	2710797	41	5	30	pips_l40_r400_500-8000.hdf5	right	left
272.1455	1	Stimulus/S  1	1	2721455	2721463	42	0	20	pips_l40_r400_500-8000.hdf5	right	left
273.2015	1	Stimulus/S  1	1	2732015	2732023	42	1	40	pips_l40_r400_500-8000.hdf5	right	left
274.2469	1	Stimulus/S  1	1	2742469	2742477	42	2	60	pips_l40_r400_500-8000.hdf5	right	left
275.3029	1	Stimulus/S  1	1	2753029	2753037	42	3	70	pips_l40_r400_500-8000.hdf5	right	left
276.3696	1	Stimulus/S  1	1	2763696	2763704	42	4	50	pips_l40_r400_500-8000.hdf5	right	left
277.4149	1	Stimulus/S  1	1	2774149	2774157	42	5	30	pips_l40_r400_500-8000.hdf5	right	left
278.4816	1	Stimulus/S  1	1	2784816	2784824	43	0	20	pips_l40_r400_500-8000.hdf5	right	left
279.5483	1	Stimulus/S  1	1	2795483	2795491	43	1	40	pips_l40_r400_500-8000.hdf5	right	left
280.6043	1	Stimulus/S  1	1	2806043	2806051	43	2	60	pips_l40_r400_500-8000.hdf5	right	left
281.671	1	Stimulus/S  1	1	2816710	2816718	43	3	70	pips_l40_r400_500-8000.hdf5	right	left
282.7163	1	Stimulus/S  1	1	2827163	2827171	43	4	50	pips_l40_r400_500-8000.hdf5	right	left
283.783	1	Stimulus/S  1	1	2837830	2837838	43	5	30	pips_l40_r400_500-8000.hdf5	right	left
284.8497	1	Stimulus/S  1	1	2848497	2848505	44	0	20	pips_l40_r400_500-8000.hdf5	right	left
285.9163	1	Stimulus/S  1	1	2859163	2859171	44	1	40	pips_l40_r400_500-8000.hdf5	right	left
286.983	1	Stimulus/S  1	1	2869830	2869838	44	2	60	pips_l40_r400_500-8000.hdf5	right	left
288.0497	1	Stimulus/S  1	1	2880497	2880505	44	3	70	pips_l40_r400_500-8000.hdf5	right	left
289.1164	1	Stimulus/S  1	1	2891164	2891172	44	4	50	pips_l40_r400_500-8000.hdf5	right	left
290.183	1	Stimulus/S  1	1	2901830	2901838	44	5	30	pips_l40_r400_500-8000.hdf5	right	left
291.2497	1	Stimulus/S  1	1	2912497	2912505	45	0	20	pips_l40_r400_500-8000.hdf5	right	left
292.3164	1	Stimulus/S  1	1	2923164	2923172	45	1	40	pips_l40_r400_500-8000.hdf5	right	left
293.3617	1	Stimulus/S  1	1	2933617	2933625	45	2	60	pips_l40_r400_500-8000.hdf5	right	left
294.4178	1	Stimulus/S  1	1	2944178	2944186	45	3	70	pips_l40_r400_500-8000.hdf5	right	left
295.4631	1	Stimulus/S  1	1	2954631	2954639	45	4	50	pips_l40_r400_500-8000.hdf5	right	left
296.5191	1	Stimulus/S  1	1	2965191	2965199	45	5	30	pips_l40_r400_500-8000.hdf5	right	left
297.5645	1	Stimulus/S  1	1	2975645	2975653	46	0	20	pips_l40_r400_500-8000.hdf5	right	left
298.6205	1	Stimulus/S  1	1	2986205	2986213	46	1	40	pips_l40_r400_500-8000.hdf5	right	left
299.6658	1	Stimulus/S  1	1	2996658	2996666	46	2	60	pips_l40_r400_500-8000.hdf5	right	left
300.7218	1	Stimulus/S  1	1	3007218	3007226	46	3	70	pips_l40_r400_500-8000.hdf5	right	left
301.7778	1	Stimulus/S  1	1	3017778	3017786	46	4	50	pips_l40_r400_500-8000.hdf5	right	left
302.8338	1	Stimulus/S  1	1	3028338	3028346	46	5	30	pips_l40_r400_500-8000.hdf5	right	left
303.9005	1	Stimulus/S  1	1	3039005	3039013	47	0	20	pips_l40_r400_500-8000.hdf5	right	left
304.9672	1	Stimulus/S  1	1	3049672	3049680	47	1	40	pips_l40_r400_500-8000.hdf5	right	left
306.0125	1	Stimulus/S  1	1	3060125	3060133	47	2	60	pips_l40_r400_500-8000.hdf5	right	left
307.0792	1	Stimulus/S  1	1	3070792	3070800	47	3	70	pips_l40_r400_500-8000.hdf5	right	left
308.1352	1	Stimulus/S  1	1	3081352	3081360	47	4	50	pips_l40_r400_500-8000.hdf5	right	left
309.2019	1	Stimulus/S  1	1	3092019	3092027	47	5	30	pips_l40_r400_500-8000.hdf5	right	left
310.2686	1	Stimulus/S  1	1	3102686	3102694	48	0	20	pips_l40_r400_500-8000.hdf5	right	left
311.3353	1	Stimulus/S  1	1	3113353	3113361	48	1	40	pips_l40_r400_500-8000.hdf5	right	left
312.4019	1	Stimulus/S  1	1	3124019	3124027	48	2	60	pips_l40_r400_500-8000.hdf5	right	left
313.4686	1	Stimulus/S  1	1	3134686	3134694	48	3	70	pips_l40_r400_500-8000.hdf5	right	left
314.5353	1	Stimulus/S  1	1	3145353	3145361	48	4	50	pips_l40_r400_500-8000.hdf5	right	left
315.5806	1	Stimulus/S  1	1	3155806	3155814	48	5	30	pips_l40_r400_500-8000.hdf5	right	left
316.6473	1	Stimulus/S  1	1	3166473	3166481	49	0	20	pips_l40_r400_500-8000.hdf5	right	left
317.7033	1	Stimulus/S  1	1	3177033	3177041	49	1	40	pips_l40_r400_500-8000.hdf5	right	left
318.77	1	Stimulus/S  1	1	3187700	3187708	49	2	60	pips_l40_r400_500-8000.hdf5	right	left
319.8367	1	Stimulus/S  1	1	3198367	3198375	49	3	70	pips_l40_r400_500-8000.hdf5	right	left
320.882	1	Stimulus/S  1	1	3208820	3208828	49	4	50	pips_l40_r400_500-8000.hdf5	right	left
321.9487	1	Stimulus/S  1	1	3219487	3219495	49	5	30	pips_l40_r400_500-8000.hdf5	right	left
323.0047	1	Stimulus/S  1	1	3230047	3230055	50	0	20	pips_l40_r400_500-8000.hdf5	right	left
324.0714	1	Stimulus/S  1	1	3240714	3240722	50	1	40	pips_l40_r400_500-8000.hdf5	right	left
325.1167	1	Stimulus/S  1	1	3251167	3251175	50	2	60	pips_l40_r400_500-8000.hdf5	right	left
326.1621	1	Stimulus/S  1	1	3261621	3261629	50	3	70	pips_l40_r400_500-8000.hdf5	right	left
327.2181	1	Stimulus/S  1	1	3272181	3272189	50	4	50	pips_l40_r400_500-8000.hdf5	right	left
328.2634	1	Stimulus/S  1	1	3282634	3282642	50	5	30	pips_l40_r400_500-8000.hdf5	right	left
329.3194	1	Stimulus/S  1	1	3293194	3293202	51	0	20	pips_l40_r400_500-8000.hdf5	right	left
330.3648	1	Stimulus/S  1	1	3303648	3303656	51	1	40	pips_l40_r400_500-8000.hdf5	right	left
331.4208	1	Stimulus/S  1	1	3314208	3314216	51	2	60	pips_l40_r400_500-8000.hdf5	right	left
332.4661	1	Stimulus/S  1	1	3324661	3324669	51	3	70	pips_l40_r400_500-8000.hdf5	right	left
333.5115	1	Stimulus/S  1	1	3335115	3335123	51	4	50	pips_l40_r400_500-8000.hdf5	right	left
334.5888	1	Stimulus/S  1	1	3345888	3345896	51	5	30	pips_l40_r400_500-8000.hdf5	right	left
335.6342	1	Stimulus/S  1	1	3356342	3356350	52	0	20	pips_l40_r400_500-8000.hdf5	right	left
336.7009	1	Stimulus/S  1	1	3367009	3367017	52	1	40	pips_l40_r400_500-8000.hdf5	right	left
337.7462	1	Stimulus/S  1	1	3377462	3377470	52	2	60	pips_l40_r400_500-8000.hdf5	right	left
338.8022	1	Stimulus/S  1	1	3388022	3388030	52	3	70	pips_l40_r400_500-8000.hdf5	right	left
339.8476	1	Stimulus/S  1	1	3398476	3398484	52	4	50	pips_l40_r400_500-8000.hdf5	right	left
340.9036	1	Stimulus/S  1	1	3409036	3409044	52	5	30	pips_l40_r400_500-8000.hdf5	right	left
341.9489	1	Stimulus/S  1	1	3419489	3419497	53	0	20	pips_l40_r400_500-8000.hdf5	right	left
343.0156	1	Stimulus/S  1	1	3430156	3430164	53	1	40	pips_l40_r400_500-8000.hdf5	right	left
344.0823	1	Stimulus/S  1	1	3440823	3440831	53	2	60	pips_l40_r400_500-8000.hdf5	right	left
345.1383	1	Stimulus/S  1	1	3451383	3451391	53	3	70	pips_l40_r400_500-8000.hdf5	right	left
346.2049	1	Stimulus/S  1	1	3462049	3462057	53	4	50	pips_l40_r400_500-8000.hdf5	right	left
347.2503	1	Stimulus/S  1	1	3472503	3472511	53	5	30	pips_l40_r400_500-8000.hdf5	right	left
348.317	1	Stimulus/S  1	1	3483170	3483178	54	0	20	pips_l40_r400_500-8000.hdf5	right	left
349.3836	1	Stimulus/S  1	1	3493836	3493844	54	1	40	pips_l40_r400_500-8000.hdf5	right	left
350.4503	1	Stimulus/S  1	1	3504503	3504511	54	2	60	pips_l40_r400_500-8000.hdf5	right	left
351.517	1	Stimulus/S  1	1	3515170	3515178	54	3	70	pips_l40_r400_500-8000.hdf5	right	left
352.5837	1	Stimulus/S  1	1	3525837	3525845	54	4	50	pips_l40_r400_500-8000.hdf5	right	left
353.6504	1	Stimulus/S  1	1	3536504	3536512	54	5	30	pips_l40_r400_500-8000.hdf5	right	left
354.6957	1	Stimulus/S  1	1	3546957	3546965	55	0	20	pips_l40_r400_500-8000.hdf5	right	left
355.773	1	Stimulus/S  1	1	3557730	3557738	55	1	40	pips_l40_r400_500-8000.hdf5	right	left
356.8184	1	Stimulus/S  1	1	3568184	3568192	55	2	60	pips_l40_r400_500-8000.hdf5	right	left
357.8851	1	Stimulus/S  1	1	3578851	3578859	55	3	70	pips_l40_r400_500-8000.hdf5	right	left
358.9517	1	Stimulus/S  1	1	3589517	3589525	55	4	50	pips_l40_r400_500-8000.hdf5	right	left
359.9971	1	Stimulus/S  1	1	3599971	3599979	55	5	30	pips_l40_r400_500-8000.hdf5	right	left
361.0531	1	Stimulus/S  1	1	3610531	3610539	56	0	20	pips_l40_r400_500-8000.hdf5	right	left
362.0984	1	Stimulus/S  1	1	3620984	3620992	56	1	40	pips_l40_r400_500-8000.hdf5	right	left
363.1545	1	Stimulus/S  1	1	3631545	3631553	56	2	60	pips_l40_r400_500-8000.hdf5	right	left
364.1998	1	Stimulus/S  1	1	3641998	3642006	56	3	70	pips_l40_r400_500-8000.hdf5	right	left
365.2451	1	Stimulus/S  1	1	3652451	3652459	56	4	50	pips_l40_r400_500-8000.hdf5	right	left
366.3012	1	Stimulus/S  1	1	3663012	3663020	56	5	30	pips_l40_r400_500-8000.hdf5	right	left
367.3465	1	Stimulus/S  1	1	3673465	3673473	57	0	20	pips_l40_r400_500-8000.hdf5	right	left
368.4025	1	Stimulus/S  1	1	3684025	3684033	57	1	40	pips_l40_r400_500-8000.hdf5	right	left
369.4479	1	Stimulus/S  1	1	3694479	3694487	57	2	60	pips_l40_r400_500-8000.hdf5	right	left
370.5039	1	Stimulus/S  1	1	3705039	3705047	57	3	70	pips_l40_r400_500-8000.hdf5	right	left
371.5492	1	Stimulus/S  1	1	3715492	3715500	57	4	50	pips_l40_r400_500-8000.hdf5	right	left
372.6052	1	Stimulus/S  1	1	3726052	3726060	57	5	30	pips_l40_r400_500-8000.hdf5	right	left
373.6506	1	Stimulus/S  1	1	3736506	3736514	58	0	20	pips_l40_r400_500-8000.hdf5	right	left
374.6959	1	Stimulus/S  1	1	3746959	3746967	58	1	40	pips_l40_r400_500-8000.hdf5	right	left
375.7519	1	Stimulus/S  1	1	3757519	3757527	58	2	60	pips_l40_r400_500-8000.hdf5	right	left
376.7973	1	Stimulus/S  1	1	3767973	3767981	58	3	70	pips_l40_r400_500-8000.hdf5	right	left
377.8533	1	Stimulus/S  1	1	3778533	3778541	58	4	50	pips_l40_r400_500-8000.hdf5	right	left
378.9199	1	Stimulus/S  1	1	3789199	3789207	58	5	30	pips_l40_r400_500-8000.hdf5	right	left
379.9653	1	Stimulus/S  1	1	3799653	3799661	59	0	20	pips_l40_r400_500-8000.hdf5	right	left
381.0213	1	Stimulus/S  1	1	3810213	3810221	59	1	40	pips_l40_r400_500-8000.hdf5	right	left
382.0666	1	Stimulus/S  1	1	3820666	3820674	59	2	60	pips_l40_r400_500-8000.hdf5	right	left
383.1333	1	Stimulus/S  1	1	3831333	3831341	59	3	70	pips_l40_r400_500-8000.hdf5	right	left
384.2	1	Stimulus/S  1	1	3842000	3842008	59	4	50	pips_l40_r400_500-8000.hdf5	right	left
385.2667	1	Stimulus/S  1	1	3852667	3852675	59	5	30	pips_l40_r400_500-8000.hdf5	right	left
386.3334	1	Stimulus/S  1	1	3863334	3863342	60	0	20	pips_l40_r400_500-8000.hdf5	right	left
387.4	1	Stimulus/S  1	1	3874000	3874008	60	1	40	pips_l40_r400_500-8000.hdf5	right	left
388.4667	1	Stimulus/S  1	1	3884667	3884675	60	2	60	pips_l40_r400_500-8000.hdf5	right	left
389.5227	1	Stimulus/S  1	1	3895227	3895235	60	3	70	pips_l40_r400_500-8000.hdf5	right	left
390.5894	1	Stimulus/S  1	1	3905894	3905902	60	4	50	pips_l40_r400_500-8000.hdf5	right	left
391.6347	1	Stimulus/S  1	1	3916347	3916355	60	5	30	pips_l40_r400_500-8000.hdf5	right	left
392.6801	1	Stimulus/S  1	1	3926801	3926809	61	0	20	pips_l40_r400_500-8000.hdf5	right	left
393.7361	1	Stimulus/S  1	1	3937361	3937369	61	1	40	pips_l40_r400_500-8000.hdf5	right	left
394.7814	1	Stimulus/S  1	1	3947814	3947822	61	2	60	pips_l40_r400_500-8000.hdf5	right	left
395.8375	1	Stimulus/S  1	1	3958375	3958383	61	3	70	pips_l40_r400_500-8000.hdf5	right	left
396.8828	1	Stimulus/S  1	1	3968828	3968836	61	4	50	pips_l40_r400_500-8000.hdf5	right	left
397.9388	1	Stimulus/S  1	1	3979388	3979396	61	5	30	pips_l40_r400_500-8000.hdf5	right	left
398.9841	1	Stimulus/S  1	1	3989841	3989849	62	0	20	pips_l40_r400_500-8000.hdf5	right	left
400.0508	1	Stimulus/S  1	1	4000508	4000516	62	1	40	pips_l40_r400_500-8000.hdf5	right	left
401.1175	1	Stimulus/S  1	1	4011175	4011183	62	2	60	pips_l40_r400_500-8000.hdf5	right	left
402.1628	1	Stimulus/S  1	1	4021628	4021636	62	3	70	pips_l40_r400_500-8000.hdf5	right	left
403.2295	1	Stimulus/S  1	1	4032295	4032303	62	4	50	pips_l40_r400_500-8000.hdf5	right	left
404.2855	1	Stimulus/S  1	1	4042855	4042863	62	5	30	pips_l40_r400_500-8000.hdf5	right	left
405.3522	1	Stimulus/S  1	1	4053522	4053530	63	0	20	pips_l40_r400_500-8000.hdf5	right	left
406.4189	1	Stimulus/S  1	1	4064189	4064197	63	1	40	pips_l40_r400_500-8000.hdf5	right	left
407.4856	1	Stimulus/S  1	1	4074856	4074864	63	2	60	pips_l40_r400_500-8000.hdf5	right	left
408.5522	1	Stimulus/S  1	1	4085522	4085530	63	3	70	pips_l40_r400_500-8000.hdf5	right	left
409.6189	1	Stimulus/S  1	1	4096189	4096197	63	4	50	pips_l40_r400_500-8000.hdf5	right	left
410.6856	1	Stimulus/S  1	1	4106856	4106864	63	5	30	pips_l40_r400_500-8000.hdf5	right	left
411.7523	1	Stimulus/S  1	1	4117523	4117531	64	0	20	pips_l40_r400_500-8000.hdf5	right	left
412.819	1	Stimulus/S  1	1	4128190	4128198	64	1	40	pips_l40_r400_500-8000.hdf5	right	left
413.8856	1	Stimulus/S  1	1	4138856	4138864	64	2	60	pips_l40_r400_500-8000.hdf5	right	left
414.931	1	Stimulus/S  1	1	4149310	4149318	64	3	70	pips_l40_r400_500-8000.hdf5	right	left
415.9977	1	Stimulus/S  1	1	4159977	4159985	64	4	50	pips_l40_r400_500-8000.hdf5	right	left
417.0537	1	Stimulus/S  1	1	4170537	4170545	64	5	30	pips_l40_r400_500-8000.hdf5	right	left
418.1203	1	Stimulus/S  1	1	4181203	4181211	65	0	20	pips_l40_r400_500-8000.hdf5	right	left
419.1657	1	Stimulus/S  1	1	4191657	4191665	65	1	40	pips_l40_r400_500-8000.hdf5	right	left
420.2217	1	Stimulus/S  1	1	4202217	4202225	65	2	60	pips_l40_r400_500-8000.hdf5	right	left
421.267	1	Stimulus/S  1	1	4212670	4212678	65	3	70	pips_l40_r400_500-8000.hdf5	right	left
422.3337	1	Stimulus/S  1	1	4223337	4223345	65	4	50	pips_l40_r400_500-8000.hdf5	right	left
423.3897	1	Stimulus/S  1	1	4233897	4233905	65	5	30	pips_l40_r400_500-8000.hdf5	right	left
424.4564	1	Stimulus/S  1	1	4244564	4244572	66	0	20	pips_l40_r400_500-8000.hdf5	right	left
425.5018	1	Stimulus/S  1	1	4255018	4255026	66	1	40	pips_l40_r400_500-8000.hdf5	right	left
426.5684	1	Stimulus/S  1	1	4265684	4265692	66	2	60	pips_l40_r400_500-8000.hdf5	right	left
427.6351	1	Stimulus/S  1	1	4276351	4276359	66	3	70	pips_l40_r400_500-8000.hdf5	right	left
428.6804	1	Stimulus/S  1	1	4286804	4286812	66	4	50	pips_l40_r400_500-8000.hdf5	right	left
429.7471	1	Stimulus/S  1	1	4297471	4297479	66	5	30	pips_l40_r400_500-8000.hdf5	right	left
430.8031	1	Stimulus/S  1	1	4308031	4308039	67	0	20	pips_l40_r400_500-8000.hdf5	right	left
431.8698	1	Stimulus/S  1	1	4318698	4318706	67	1	40	pips_l40_r400_500-8000.hdf5	right	left
432.9365	1	Stimulus/S  1	1	4329365	4329373	67	2	60	pips_l40_r400_500-8000.hdf5	right	left
434.0032	1	Stimulus/S  1	1	4340032	4340040	67	3	70	pips_l40_r400_500-8000.hdf5	right	left
435.0698	1	Stimulus/S  1	1	4350698	4350706	67	4	50	pips_l40_r400_500-8000.hdf5	right	left
436.1365	1	Stimulus/S  1	1	4361365	4361373	67	5	30	pips_l40_r400_500-8000.hdf5	right	left
437.2032	1	Stimulus/S  1	1	4372032	4372040	68	0	20	pips_l40_r400_500-8000.hdf5	right	left
438.2699	1	Stimulus/S  1	1	4382699	4382707	68	1	40	pips_l40_r400_500-8000.hdf5	right	left
439.3366	1	Stimulus/S  1	1	4393366	4393374	68	2	60	pips_l40_r400_500-8000.hdf5	right	left
440.4032	1	Stimulus/S  1	1	4404032	4404040	68	3	70	pips_l40_r400_500-8000.hdf5	right	left
441.4699	1	Stimulus/S  1	1	4414699	4414707	68	4	50	pips_l40_r400_500-8000.hdf5	right	left
442.5366	1	Stimulus/S  1	1	4425366	4425374	68	5	30	pips_l40_r400_500-8000.hdf5	right	left
443.6033	1	Stimulus/S  1	1	4436033	4436041	69	0	20	pips_l40_r400_500-8000.hdf5	right	left
444.6699	1	Stimulus/S  1	1	4446699	4446707	69	1	40	pips_l40_r400_500-8000.hdf5	right	left
445.7366	1	Stimulus/S  1	1	4457366	4457374	69	2	60	pips_l40_r400_500-8000.hdf5	right	left
446.8033	1	Stimulus/S  1	1	4468033	4468041	69	3	70	pips_l40_r400_500-8000.hdf5	right	left
447.8486	1	Stimulus/S  1	1	4478486	4478494	69	4	50	pips_l40_r400_500-8000.hdf5	right	left
448.9047	1	Stimulus/S  1	1	4489047	4489055	69	5	30	pips_l40_r400_500-8000.hdf5	right	left
449.95	1	Stimulus/S  1	1	4499500	4499508	70	0	20	pips_l40_r400_500-8000.hdf5	right	left
451.006	1	Stimulus/S  1	1	4510060	4510068	70	1	40	pips_l40_r400_500-8000.hdf5	right	left
452.0514	1	Stimulus/S  1	1	4520514	4520522	70	2	60	pips_l40_r400_500-8000.hdf5	right	left
453.1074	1	Stimulus/S  1	1	4531074	4531082	70	3	70	pips_l40_r400_500-8000.hdf5	right	left
454.1527	1	Stimulus/S  1	1	4541527	4541535	70	4	50	pips_l40_r400_500-8000.hdf5	right	left
455.1981	1	Stimulus/S  1	1	4551981	4551989	70	5	30	pips_l40_r400_500-8000.hdf5	right	left
456.2647	1	Stimulus/S  1	1	4562647	4562655	71	0	20	pips_l40_r400_500-8000.hdf5	right	left
457.3207	1	Stimulus/S  1	1	4573207	4573215	71	1	40	pips_l40_r400_500-8000.hdf5	right	left
458.3661	1	Stimulus/S  1	1	4583661	4583669	71	2	60	pips_l40_r400_500-8000.hdf5	right	left
459.4221	1	Stimulus/S  1	1	4594221	4594229	71	3	70	pips_l40_r400_500-8000.hdf5	right	left
460.4888	1	Stimulus/S  1	1	4604888	4604896	71	4	50	pips_l40_r400_500-8000.hdf5	right	left
461.5554	1	Stimulus/S  1	1	4615554	4615562	71	5	30	pips_l40_r400_500-8000.hdf5	right	left
462.6008	1	Stimulus/S  1	1	4626008	4626016	72	0	20	pips_l40_r400_500-8000.hdf5	right	left
463.6675	1	Stimulus/S  1	1	4636675	4636683	72	1	40	pips_l40_r400_500-8000.hdf5	right	left
464.7235	1	Stimulus/S  1	1	4647235	4647243	72	2	60	pips_l40_r400_500-8000.hdf5	right	left
465.7902	1	Stimulus/S  1	1	4657902	4657910	72	3	70	pips_l40_r400_500-8000.hdf5	right	left
466.8568	1	Stimulus/S  1	1	4668568	4668576	72	4	50	pips_l40_r400_500-8000.hdf5	right	left
467.9022	1	Stimulus/S  1	1	4679022	4679030	72	5	30	pips_l40_r400_500-8000.hdf5	right	left
468.9689	1	Stimulus/S  1	1	4689689	4689697	73	0	20	pips_l40_r400_500-8000.hdf5	right	left
470.0142	1	Stimulus/S  1	1	4700142	4700150	73	1	40	pips_l40_r400_500-8000.hdf5	right	left
471.0809	1	Stimulus/S  1	1	4710809	4710817	73	2	60	pips_l40_r400_500-8000.hdf5	right	left
472.1476	1	Stimulus/S  1	1	4721476	4721484	73	3	70	pips_l40_r400_500-8000.hdf5	right	left
473.2142	1	Stimulus/S  1	1	4732142	4732150	73	4	50	pips_l40_r400_500-8000.hdf5	right	left
474.2809	1	Stimulus/S  1	1	4742809	4742817	73	5	30	pips_l40_r400_500-8000.hdf5	right	left
475.3476	1	Stimulus/S  1	1	4753476	4753484	74	0	20	pips_l40_r400_500-8000.hdf5	right	left
476.4143	1	Stimulus/S  1	1	4764143	4764151	74	1	40	pips_l40_r400_500-8000.hdf5	right	left
477.4703	1	Stimulus/S  1	1	4774703	4774711	74	2	60	pips_l40_r400_500-8000.hdf5	right	left
478.537	1	Stimulus/S  1	1	4785370	4785378	74	3	70	pips_l40_r400_500-8000.hdf5	right	left
479.5823	1	Stimulus/S  1	1	4795823	4795831	74	4	50	pips_l40_r400_500-8000.hdf5	right	left
480.649	1	Stimulus/S  1	1	4806490	4806498	74	5	30	pips_l40_r400_500-8000.hdf5	right	left
481.705	1	Stimulus/S  1	1	4817050	4817058	75	0	20	pips_l40_r400_500-8000.hdf5	right	left
482.7503	1	Stimulus/S  1	1	4827503	4827511	75	1	40	pips_l40_r400_500-8000.hdf5	right	left
483.8063	1	Stimulus/S  1	1	4838063	4838071	75	2	60	pips_l40_r400_500-8000.hdf5	right	left
484.8517	1	Stimulus/S  1	1	4848517	4848525	75	3	70	pips_l40_r400_500-8000.hdf5	right	left
485.9077	1	Stimulus/S  1	1	4859077	4859085	75	4	50	pips_l40_r400_500-8000.hdf5	right	left
486.9744	1	Stimulus/S  1	1	4869744	4869752	75	5	30	pips_l40_r400_500-8000.hdf5	right	left
488.0197	1	Stimulus/S  1	1	4880197	4880205	76	0	20	pips_l40_r400_500-8000.hdf5	right	left
489.0864	1	Stimulus/S  1	1	4890864	4890872	76	1	40	pips_l40_r400_500-8000.hdf5	right	left
490.1317	1	Stimulus/S  1	1	4901317	4901325	76	2	60	pips_l40_r400_500-8000.hdf5	right	left
491.1877	1	Stimulus/S  1	1	4911877	4911885	76	3	70	pips_l40_r400_500-8000.hdf5	right	left
492.2331	1	Stimulus/S  1	1	4922331	4922339	76	4	50	pips_l40_r400_500-8000.hdf5	right	left
493.2891	1	Stimulus/S  1	1	4932891	4932899	76	5	30	pips_l40_r400_500-8000.hdf5	right	left
494.3344	1	Stimulus/S  1	1	4943344	4943352	77	0	20	pips_l40_r400_500-8000.hdf5	right	left
495.3905	1	Stimulus/S  1	1	4953905	4953913	77	1	40	pips_l40_r400_500-8000.hdf5	right	left
496.4358	1	Stimulus/S  1	1	4964358	4964366	77	2	60	pips_l40_r400_500-8000.hdf5	right	left
497.4918	1	Stimulus/S  1	1	4974918	4974926	77	3	70	pips_l40_r400_500-8000.hdf5	right	left
498.5372	1	Stimulus/S  1	1	4985372	4985380	77	4	50	pips_l40_r400_500-8000.hdf5	right	left
499.5825	1	Stimulus/S  1	1	4995825	4995833	77	5	30	pips_l40_r400_500-8000.hdf5	right	left
500.6385	1	Stimulus/S  1	1	5006385	5006393	78	0	20	pips_l40_r400_500-8000.hdf5	right	left
501.6839	1	Stimulus/S  1	1	5016839	5016847	78	1	40	pips_l40_r400_500-8000.hdf5	right	left
502.7399	1	Stimulus/S  1	1	5027399	5027407	78	2	60	pips_l40_r400_500-8000.hdf5	right	left
503.7852	1	Stimulus/S  1	1	5037852	5037860	78	3	70	pips_l40_r400_500-8000.hdf5	right	left
504.8412	1	Stimulus/S  1	1	5048412	5048420	78	4	50	pips_l40_r400_500-8000.hdf5	right	left
505.8866	1	Stimulus/S  1	1	5058866	5058874	78	5	30	pips_l40_r400_500-8000.hdf5	right	left
506.9319	1	Stimulus/S  1	1	5069319	5069327	79	0	20	pips_l40_r400_500-8000.hdf5	right	left
507.9879	1	Stimulus/S  1	1	5079879	5079887	79	1	40	pips_l40_r400_500-8000.hdf5	right	left
509.0333	1	Stimulus/S  1	1	5090333	5090341	79	2	60	pips_l40_r400_500-8000.hdf5	right	left
510.0999	1	Stimulus/S  1	1	5100999	5101007	79	3	70	pips_l40_r400_500-8000.hdf5	right	left
511.1666	1	Stimulus/S  1	1	5111666	5111674	79	4	50	pips_l40_r400_500-8000.hdf5	right	left
512.2333	1	Stimulus/S  1	1	5122333	5122341	79	5	30	pips_l40_r400_500-8000.hdf5	right	left
513.3	1	Stimulus/S  1	1	5133000	5133008	80	0	20	pips_l40_r400_500-8000.hdf5	right	left
514.3666	1	Stimulus/S  1	1	5143666	5143674	80	1	40	pips_l40_r400_500-8000.hdf5	right	left
515.4333	1	Stimulus/S  1	1	5154333	5154341	80	2	60	pips_l40_r400_500-8000.hdf5	right	left
516.5	1	Stimulus/S  1	1	5165000	5165008	80	3	70	pips_l40_r400_500-8000.hdf5	right	left
517.5667	1	Stimulus/S  1	1	5175667	5175675	80	4	50	pips_l40_r400_500-8000.hdf5	right	left
518.6334	1	Stimulus/S  1	1	5186334	5186342	80	5	30	pips_l40_r400_500-8000.hdf5	right	left
519.6894	1	Stimulus/S  1	1	5196894	5196902	81	0	20	pips_l40_r400_500-8000.hdf5	right	left
520.756	1	Stimulus/S  1	1	5207560	5207568	81	1	40	pips_l40_r400_500-8000.hdf5	right	left
521.8227	1	Stimulus/S  1	1	5218227	5218235	81	2	60	pips_l40_r400_500-8000.hdf5	right	left
522.8681	1	Stimulus/S  1	1	5228681	5228689	81	3	70	pips_l40_r400_500-8000.hdf5	right	left
523.9347	1	Stimulus/S  1	1	5239347	5239355	81	4	50	pips_l40_r400_500-8000.hdf5	right	left
525.0014	1	Stimulus/S  1	1	5250014	5250022	81	5	30	pips_l40_r400_500-8000.hdf5	right	left
526.0681	1	Stimulus/S  1	1	5260681	5260689	82	0	20	pips_l40_r400_500-8000.hdf5	right	left
527.1348	1	Stimulus/S  1	1	5271348	5271356	82	1	40	pips_l40_r400_500-8000.hdf5	right	left
528.2015	1	Stimulus/S  1	1	5282015	5282023	82	2	60	pips_l40_r400_500-8000.hdf5	right	left
529.2681	1	Stimulus/S  1	1	5292681	5292689	82	3	70	pips_l40_r400_500-8000.hdf5	right	left
530.3348	1	Stimulus/S  1	1	5303348	5303356	82	4	50	pips_l40_r400_500-8000.hdf5	right	left
531.4015	1	Stimulus/S  1	1	5314015	5314023	82	5	30	pips_l40_r400_500-8000.hdf5	right	left
532.4682	1	Stimulus/S  1	1	5324682	5324690	83	0	20	pips_l40_r400_500-8000.hdf5	right	left
533.5242	1	Stimulus/S  1	1	5335242	5335250	83	1	40	pips_l40_r400_500-8000.hdf5	right	left
534.5695	1	Stimulus/S  1	1	5345695	5345703	83	2	60	pips_l40_r400_500-8000.hdf5	right	left
535.6255	1	Stimulus/S  1	1	5356255	5356263	83	3	70	pips_l40_r400_500-8000.hdf5	right	left
536.6709	1	Stimulus/S  1	1	5366709	5366717	83	4	50	pips_l40_r400_500-8000.hdf5	right	left
537.7162	1	Stimulus/S  1	1	5377162	5377170	83	5	30	pips_l40_r400_500-8000.hdf5	right	left
538.7722	1	Stimulus/S  1	1	5387722	5387730	84	0	20	pips_l40_r400_500-8000.hdf5	right	left
539.8176	1	Stimulus/S  1	1	5398176	5398184	84	1	40	pips_l40_r400_500-8000.hdf5	right	left
540.8736	1	Stimulus/S  1	1	5408736	5408744	84	2	60	pips_l40_r400_500-8000.hdf5	right	left
541.9189	1	Stimulus/S  1	1	5419189	5419197	84	3	70	pips_l40_r400_500-8000.hdf5	right	left
542.9749	1	Stimulus/S  1	1	5429749	5429757	84	4	50	pips_l40_r400_500-8000.hdf5	right	left
544.0203	1	Stimulus/S  1	1	5440203	5440211	84	5	30	pips_l40_r400_500-8000.hdf5	right	left
545.0656	1	Stimulus/S  1	1	5450656	5450664	85	0	20	pips_l40_r400_500-8000.hdf5	right	left
546.1323	1	Stimulus/S  1	1	5461323	5461331	85	1	40	pips_l40_r400_500-8000.hdf5	right	left
547.1883	1	Stimulus/S  1	1	5471883	5471891	85	2	60	pips_l40_r400_500-8000.hdf5	right	left
548.255	1	Stimulus/S  1	1	5482550	5482558	85	3	70	pips_l40_r400_500-8000.hdf5	right	left
549.3217	1	Stimulus/S  1	1	5493217	5493225	85	4	50	pips_l40_r400_500-8000.hdf5	right	left
550.367	1	Stimulus/S  1	1	5503670	5503678	85	5	30	pips_l40_r400_500-8000.hdf5	right	left
551.4337	1	Stimulus/S  1	1	5514337	5514345	86	0	20	pips_l40_r400_500-8000.hdf5	right	left
552.4897	1	Stimulus/S  1	1	5524897	5524905	86	1	40	pips_l40_r400_500-8000.hdf5	right	left
553.5564	1	Stimulus/S  1	1	5535564	5535572	86	2	60	pips_l40_r400_500-8000.hdf5	right	left
554.6231	1	Stimulus/S  1	1	5546231	5546239	86	3	70	pips_l40_r400_500-8000.hdf5	right	left
555.6897	1	Stimulus/S  1	1	5556897	5556905	86	4	50	pips_l40_r400_500-8000.hdf5	right	left
556.7564	1	Stimulus/S  1	1	5567564	5567572	86	5	30	pips_l40_r400_500-8000.hdf5	right	left
557.8231	1	Stimulus/S  1	1	5578231	5578239	87	0	20	pips_l40_r400_500-8000.hdf5	right	left
558.8898	1	Stimulus/S  1	1	5588898	5588906	87	1	40	pips_l40_r400_500-8000.hdf5	right	left
559.9351	1	Stimulus/S  1	1	5599351	5599359	87	2	60	pips_l40_r400_500-8000.hdf5	right	left
561.0018	1	Stimulus/S  1	1	5610018	5610026	87	3	70	pips_l40_r400_500-8000.hdf5	right	left
562.0578	1	Stimulus/S  1	1	5620578	5620586	87	4	50	pips_l40_r400_500-8000.hdf5	right	left
563.1031	1	Stimulus/S  1	1	5631031	5631039	87	5	30	pips_l40_r400_500-8000.hdf5	right	left
564.1592	1	Stimulus/S  1	1	5641592	5641600	88	0	20	pips_l40_r400_500-8000.hdf5	right	left
565.2045	1	Stimulus/S  1	1	5652045	5652053	88	1	40	pips_l40_r400_500-8000.hdf5	right	left
566.2498	1	Stimulus/S  1	1	5662498	5662506	88	2	60	pips_l40_r400_500-8000.hdf5	right	left
567.3058	1	Stimulus/S  1	1	5673058	5673066	88	3	70	pips_l40_r400_500-8000.hdf5	right	left
568.3512	1	Stimulus/S  1	1	5683512	5683520	88	4	50	pips_l40_r400_500-8000.hdf5	right	left
569.4072	1	Stimulus/S  1	1	5694072	5694080	88	5	30	pips_l40_r400_500-8000.hdf5	right	left
570.4739	1	Stimulus/S  1	1	5704739	5704747	89	0	20	pips_l40_r400_500-8000.hdf5	right	left
571.5406	1	Stimulus/S  1	1	5715406	5715414	89	1	40	pips_l40_r400_500-8000.hdf5	right	left
572.6072	1	Stimulus/S  1	1	5726072	5726080	89	2	60	pips_l40_r400_500-8000.hdf5	right	left
573.6739	1	Stimulus/S  1	1	5736739	5736747	89	3	70	pips_l40_r400_500-8000.hdf5	right	left
574.7406	1	Stimulus/S  1	1	5747406	5747414	89	4	50	pips_l40_r400_500-8000.hdf5	right	left
575.8073	1	Stimulus/S  1	1	5758073	5758081	89	5	30	pips_l40_r400_500-8000.hdf5	right	left
576.8526	1	Stimulus/S  1	1	5768526	5768534	90	0	20	pips_l40_r400_500-8000.hdf5	right	left
577.9193	1	Stimulus/S  1	1	5779193	5779201	90	1	40	pips_l40_r400_500-8000.hdf5	right	left
578.9753	1	Stimulus/S  1	1	5789753	5789761	90	2	60	pips_l40_r400_500-8000.hdf5	right	left
580.042	1	Stimulus/S  1	1	5800420	5800428	90	3	70	pips_l40_r400_500-8000.hdf5	right	left
581.0873	1	Stimulus/S  1	1	5810873	5810881	90	4	50	pips_l40_r400_500-8000.hdf5	right	left
582.1327	1	Stimulus/S  1	1	5821327	5821335	90	5	30	pips_l40_r400_500-8000.hdf5	right	left
583.1887	1	Stimulus/S  1	1	5831887	5831895	91	0	20	pips_l40_r400_500-8000.hdf5	right	left
584.2554	1	Stimulus/S  1	1	5842554	5842562	91	1	40	pips_l40_r400_500-8000.hdf5	right	left
585.3007	1	Stimulus/S  1	1	5853007	5853015	91	2	60	pips_l40_r400_500-8000.hdf5	right	left
586.3674	1	Stimulus/S  1	1	5863674	5863682	91	3	70	pips_l40_r400_500-8000.hdf5	right	left
587.4234	1	Stimulus/S  1	1	5874234	5874242	91	4	50	pips_l40_r400_500-8000.hdf5	right	left
588.4901	1	Stimulus/S  1	1	5884901	5884909	91	5	30	pips_l40_r400_500-8000.hdf5	right	left
589.5567	1	Stimulus/S  1	1	5895567	5895575	92	0	20	pips_l40_r400_500-8000.hdf5	right	left
590.6234	1	Stimulus/S  1	1	5906234	5906242	92	1	40	pips_l40_r400_500-8000.hdf5	right	left
591.6901	1	Stimulus/S  1	1	5916901	5916909	92	2	60	pips_l40_r400_500-8000.hdf5	right	left
592.7568	1	Stimulus/S  1	1	5927568	5927576	92	3	70	pips_l40_r400_500-8000.hdf5	right	left
593.8235	1	Stimulus/S  1	1	5938235	5938243	92	4	50	pips_l40_r400_500-8000.hdf5	right	left
594.8688	1	Stimulus/S  1	1	5948688	5948696	92	5	30	pips_l40_r400_500-8000.hdf5	right	left
595.9355	1	Stimulus/S  1	1	5959355	5959363	93	0	20	pips_l40_r400_500-8000.hdf5	right	left
596.9915	1	Stimulus/S  1	1	5969915	5969923	93	1	40	pips_l40_r400_500-8000.hdf5	right	left
598.0368	1	Stimulus/S  1	1	5980368	5980376	93	2	60	pips_l40_r400_500-8000.hdf5	right	left
599.0928	1	Stimulus/S  1	1	5990928	5990936	93	3	70	pips_l40_r400_500-8000.hdf5	right	left
600.1382	1	Stimulus/S  1	1	6001382	6001390	93	4	50	pips_l40_r400_500-8000.hdf5	right	left
601.1835	1	Stimulus/S  1	1	6011835	6011843	93	5	30	pips_l40_r400_500-8000.hdf5	right	left
602.2395	1	Stimulus/S  1	1	6022395	6022403	94	0	20	pips_l40_r400_500-8000.hdf5	right	left
603.2849	1	Stimulus/S  1	1	6032849	6032857	94	1	40	pips_l40_r400_500-8000.hdf5	right	left
604.3409	1	Stimulus/S  1	1	6043409	6043417	94	2	60	pips_l40_r400_500-8000.hdf5	right	left
605.4076	1	Stimulus/S  1	1	6054076	6054084	94	3	70	pips_l40_r400_500-8000.hdf5	right	left
606.4742	1	Stimulus/S  1	1	6064742	6064750	94	4	50	pips_l40_r400_500-8000.hdf5	right	left
607.5409	1	Stimulus/S  1	1	6075409	6075417	94	5	30	pips_l40_r400_500-8000.hdf5	right	left
608.6076	1	Stimulus/S  1	1	6086076	6086084	95	0	20	pips_l40_r400_500-8000.hdf5	right	left
609.6743	1	Stimulus/S  1	1	6096743	6096751	95	1	40	pips_l40_r400_500-8000.hdf5	right	left
610.741	1	Stimulus/S  1	1	6107410	6107418	95	2	60	pips_l40_r400_500-8000.hdf5	right	left
611.7863	1	Stimulus/S  1	1	6117863	6117871	95	3	70	pips_l40_r400_500-8000.hdf5	right	left
612.853	1	Stimulus/S  1	1	6128530	6128538	95	4	50	pips_l40_r400_500-8000.hdf5	right	left
613.909	1	Stimulus/S  1	1	6139090	6139098	95	5	30	pips_l40_r400_500-8000.hdf5	right	left
614.9757	1	Stimulus/S  1	1	6149757	6149765	96	0	20	pips_l40_r400_500-8000.hdf5	right	left
616.021	1	Stimulus/S  1	1	6160210	6160218	96	1	40	pips_l40_r400_500-8000.hdf5	right	left
617.077	1	Stimulus/S  1	1	6170770	6170778	96	2	60	pips_l40_r400_500-8000.hdf5	right	left
618.1224	1	Stimulus/S  1	1	6181224	6181232	96	3	70	pips_l40_r400_500-8000.hdf5	right	left
619.1677	1	Stimulus/S  1	1	6191677	6191685	96	4	50	pips_l40_r400_500-8000.hdf5	right	left
620.2237	1	Stimulus/S  1	1	6202237	6202245	96	5	30	pips_l40_r400_500-8000.hdf5	right	left
621.2904	1	Stimulus/S  1	1	6212904	6212912	97	0	20	pips_l40_r400_500-8000.hdf5	right	left
622.3357	1	Stimulus/S  1	1	6223357	6223365	97	1	40	pips_l40_r400_500-8000.hdf5	right	left
623.4024	1	Stimulus/S  1	1	6234024	6234032	97	2	60	pips_l40_r400_500-8000.hdf5	right	left
624.4584	1	Stimulus/S  1	1	6244584	6244592	97	3	70	pips_l40_r400_500-8000.hdf5	right	left
625.5251	1	Stimulus/S  1	1	6255251	6255259	97	4	50	pips_l40_r400_500-8000.hdf5	right	left
626.5918	1	Stimulus/S  1	1	6265918	6265926	97	5	30	pips_l40_r400_500-8000.hdf5	right	left
627.6585	1	Stimulus/S  1	1	6276585	6276593	98	0	20	pips_l40_r400_500-8000.hdf5	right	left
628.7251	1	Stimulus/S  1	1	6287251	6287259	98	1	40	pips_l40_r400_500-8000.hdf5	right	left
629.7918	1	Stimulus/S  1	1	6297918	6297926	98	2	60	pips_l40_r400_500-8000.hdf5	right	left
630.8585	1	Stimulus/S  1	1	6308585	6308593	98	3	70	pips_l40_r400_500-8000.hdf5	right	left
631.9038	1	Stimulus/S  1	1	6319038	6319046	98	4	50	pips_l40_r400_500-8000.hdf5	right	left
632.9705	1	Stimulus/S  1	1	6329705	6329713	98	5	30	pips_l40_r400_500-8000.hdf5	right	left
634.0265	1	Stimulus/S  1	1	6340265	6340273	99	0	20	pips_l40_r400_500-8000.hdf5	right	left
635.0719	1	Stimulus/S  1	1	6350719	6350727	99	1	40	pips_l40_r400_500-8000.hdf5	right	left
636.1172	1	Stimulus/S  1	1	6361172	6361180	99	2	60	pips_l40_r400_500-8000.hdf5	right	left
637.1732	1	Stimulus/S  1	1	6371732	6371740	99	3	70	pips_l40_r400_500-8000.hdf5	right	left
638.2186	1	Stimulus/S  1	1	6382186	6382194	99	4	50	pips_l40_r400_500-8000.hdf5	right	left
639.2746	1	Stimulus/S  1	1	6392746	6392754	99	5	30	pips_l40_r400_500-8000.hdf5	right	left
640.3199	1	Stimulus/S  1	1	6403199	6403207	100	0	20	pips_l40_r400_500-8000.hdf5	right	left
641.3759	1	Stimulus/S  1	1	6413759	6413767	100	1	40	pips_l40_r400_500-8000.hdf5	right	left
642.4213	1	Stimulus/S  1	1	6424213	6424221	100	2	60	pips_l40_r400_500-8000.hdf5	right	left
643.4773	1	Stimulus/S  1	1	6434773	6434781	100	3	70	pips_l40_r400_500-8000.hdf5	right	left
644.544	1	Stimulus/S  1	1	6445440	6445448	100	4	50	pips_l40_r400_500-8000.hdf5	right	left
645.6106	1	Stimulus/S  1	1	6456106	6456114	100	5	30	pips_l40_r400_500-8000.hdf5	right	left
646.6773	1	Stimulus/S  1	1	6466773	6466781	101	0	20	pips_l40_r400_500-8000.hdf5	right	left
647.7547	1	Stimulus/S  1	1	6477547	6477555	101	1	40	pips_l40_r400_500-8000.hdf5	right	left
648.8107	1	Stimulus/S  1	1	6488107	6488115	101	2	60	pips_l40_r400_500-8000.hdf5	right	left
649.8773	1	Stimulus/S  1	1	6498773	6498781	101	3	70	pips_l40_r400_500-8000.hdf5	right	left
650.9227	1	Stimulus/S  1	1	6509227	6509235	101	4	50	pips_l40_r400_500-8000.hdf5	right	left
651.968	1	Stimulus/S  1	1	6519680	6519688	101	5	30	pips_l40_r400_500-8000.hdf5	right	left
653.024	1	Stimulus/S  1	1	6530240	6530248	102	0	20	pips_l40_r400_500-8000.hdf5	right	left
654.0694	1	Stimulus/S  1	1	6540694	6540702	102	1	40	pips_l40_r400_500-8000.hdf5	right	left
655.1254	1	Stimulus/S  1	1	6551254	6551262	102	2	60	pips_l40_r400_500-8000.hdf5	right	left
656.1707	1	Stimulus/S  1	1	6561707	6561715	102	3	70	pips_l40_r400_500-8000.hdf5	right	left
657.2268	1	Stimulus/S  1	1	6572268	6572276	102	4	50	pips_l40_r400_500-8000.hdf5	right	left
658.2721	1	Stimulus/S  1	1	6582721	6582729	102	5	30	pips_l40_r400_500-8000.hdf5	right	left
659.3388	1	Stimulus/S  1	1	6593388	6593396	103	0	20	pips_l40_r400_500-8000.hdf5	right	left
660.3841	1	Stimulus/S  1	1	6603841	6603849	103	1	40	pips_l40_r400_500-8000.hdf5	right	left
661.4508	1	Stimulus/S  1	1	6614508	6614516	103	2	60	pips_l40_r400_500-8000.hdf5	right	left
662.5281	1	Stimulus/S  1	1	6625281	6625289	103	3	70	pips_l40_r400_500-8000.hdf5	right	left
663.5842	1	Stimulus/S  1	1	6635842	6635850	103	4	50	pips_l40_r400_500-8000.hdf5	right	left
664.6508	1	Stimulus/S  1	1	6646508	6646516	103	5	30	pips_l40_r400_500-8000.hdf5	right	left
665.7175	1	Stimulus/S  1	1	6657175	6657183	104	0	20	pips_l40_r400_500-8000.hdf5	right	left
666.7842	1	Stimulus/S  1	1	6667842	6667850	104	1	40	pips_l40_r400_500-8000.hdf5	right	left
667.8402	1	Stimulus/S  1	1	6678402	6678410	104	2	60	pips_l40_r400_500-8000.hdf5	right	left
668.9069	1	Stimulus/S  1	1	6689069	6689077	104	3	70	pips_l40_r400_500-8000.hdf5	right	left
669.9522	1	Stimulus/S  1	1	6699522	6699530	104	4	50	pips_l40_r400_500-8000.hdf5	right	left
671.0189	1	Stimulus/S  1	1	6710189	6710197	104	5	30	pips_l40_r400_500-8000.hdf5	right	left
672.0749	1	Stimulus/S  1	1	6720749	6720757	105	0	20	pips_l40_r400_500-8000.hdf5	right	left
673.1202	1	Stimulus/S  1	1	6731202	6731210	105	1	40	pips_l40_r400_500-8000.hdf5	right	left
674.1763	1	Stimulus/S  1	1	6741763	6741771	105	2	60	pips_l40_r400_500-8000.hdf5	right	left
675.2216	1	Stimulus/S  1	1	6752216	6752224	105	3	70	pips_l40_r400_500-8000.hdf5	right	left
676.2776	1	Stimulus/S  1	1	6762776	6762784	105	4	50	pips_l40_r400_500-8000.hdf5	right	left
677.3443	1	Stimulus/S  1	1	6773443	6773451	105	5	30	pips_l40_r400_500-8000.hdf5	right	left
678.3896	1	Stimulus/S  1	1	6783896	6783904	106	0	20	pips_l40_r400_500-8000.hdf5	right	left
679.4563	1	Stimulus/S  1	1	6794563	6794571	106	1	40	pips_l40_r400_500-8000.hdf5	right	left
680.5017	1	Stimulus/S  1	1	6805017	6805025	106	2	60	pips_l40_r400_500-8000.hdf5	right	left
681.5683	1	Stimulus/S  1	1	6815683	6815691	106	3	70	pips_l40_r400_500-8000.hdf5	right	left
682.635	1	Stimulus/S  1	1	6826350	6826358	106	4	50	pips_l40_r400_500-8000.hdf5	right	left
683.7017	1	Stimulus/S  1	1	6837017	6837025	106	5	30	pips_l40_r400_500-8000.hdf5	right	left
684.7577	1	Stimulus/S  1	1	6847577	6847585	107	0	20	pips_l40_r400_500-8000.hdf5	right	left
685.8244	1	Stimulus/S  1	1	6858244	6858252	107	1	40	pips_l40_r400_500-8000.hdf5	right	left
686.8911	1	Stimulus/S  1	1	6868911	6868919	107	2	60	pips_l40_r400_500-8000.hdf5	right	left
687.9364	1	Stimulus/S  1	1	6879364	6879372	107	3	70	pips_l40_r400_500-8000.hdf5	right	left
689.0031	1	Stimulus/S  1	1	6890031	6890039	107	4	50	pips_l40_r400_500-8000.hdf5	right	left
690.0591	1	Stimulus/S  1	1	6900591	6900599	107	5	30	pips_l40_r400_500-8000.hdf5	right	left
691.1258	1	Stimulus/S  1	1	6911258	6911266	108	0	20	pips_l40_r400_500-8000.hdf5	right	left
692.1711	1	Stimulus/S  1	1	6921711	6921719	108	1	40	pips_l40_r400_500-8000.hdf5	right	left
693.2271	1	Stimulus/S  1	1	6932271	6932279	108	2	60	pips_l40_r400_500-8000.hdf5	right	left
694.2725	1	Stimulus/S  1	1	6942725	6942733	108	3	70	pips_l40_r400_500-8000.hdf5	right	left
695.3178	1	Stimulus/S  1	1	6953178	6953186	108	4	50	pips_l40_r400_500-8000.hdf5	right	left
696.3738	1	Stimulus/S  1	1	6963738	6963746	108	5	30	pips_l40_r400_500-8000.hdf5	right	left
697.4192	1	Stimulus/S  1	1	6974192	6974200	109	0	20	pips_l40_r400_500-8000.hdf5	right	left
698.4752	1	Stimulus/S  1	1	6984752	6984760	109	1	40	pips_l40_r400_500-8000.hdf5	right	left
699.5205	1	Stimulus/S  1	1	6995205	6995213	109	2	60	pips_l40_r400_500-8000.hdf5	right	left
700.5872	1	Stimulus/S  1	1	7005872	7005880	109	3	70	pips_l40_r400_500-8000.hdf5	right	left
701.6539	1	Stimulus/S  1	1	7016539	7016547	109	4	50	pips_l40_r400_500-8000.hdf5	right	left
702.7205	1	Stimulus/S  1	1	7027205	7027213	109	5	30	pips_l40_r400_500-8000.hdf5	right	left
703.7872	1	Stimulus/S  1	1	7037872	7037880	110	0	20	pips_l40_r400_500-8000.hdf5	right	left
704.8539	1	Stimulus/S  1	1	7048539	7048547	110	1	40	pips_l40_r400_500-8000.hdf5	right	left
705.9206	1	Stimulus/S  1	1	7059206	7059214	110	2	60	pips_l40_r400_500-8000.hdf5	right	left
706.9766	1	Stimulus/S  1	1	7069766	7069774	110	3	70	pips_l40_r400_500-8000.hdf5	right	left
708.0433	1	Stimulus/S  1	1	7080433	7080441	110	4	50	pips_l40_r400_500-8000.hdf5	right	left
709.0886	1	Stimulus/S  1	1	7090886	7090894	110	5	30	pips_l40_r400_500-8000.hdf5	right	left
710.1553	1	Stimulus/S  1	1	7101553	7101561	111	0	20	pips_l40_r400_500-8000.hdf5	right	left
711.2113	1	Stimulus/S  1	1	7112113	7112121	111	1	40	pips_l40_r400_500-8000.hdf5	right	left
712.2566	1	Stimulus/S  1	1	7122566	7122574	111	2	60	pips_l40_r400_500-8000.hdf5	right	left
713.3127	1	Stimulus/S  1	1	7133127	7133135	111	3	70	pips_l40_r400_500-8000.hdf5	right	left
714.358	1	Stimulus/S  1	1	7143580	7143588	111	4	50	pips_l40_r400_500-8000.hdf5	right	left
715.4033	1	Stimulus/S  1	1	7154033	7154041	111	5	30	pips_l40_r400_500-8000.hdf5	right	left
716.47	1	Stimulus/S  1	1	7164700	7164708	112	0	20	pips_l40_r400_500-8000.hdf5	right	left
717.526	1	Stimulus/S  1	1	7175260	7175268	112	1	40	pips_l40_r400_500-8000.hdf5	right	left
718.5927	1	Stimulus/S  1	1	7185927	7185935	112	2	60	pips_l40_r400_500-8000.hdf5	right	left
719.638	1	Stimulus/S  1	1	7196380	7196388	112	3	70	pips_l40_r400_500-8000.hdf5	right	left
720.7047	1	Stimulus/S  1	1	7207047	7207055	112	4	50	pips_l40_r400_500-8000.hdf5	right	left
721.7714	1	Stimulus/S  1	1	7217714	7217722	112	5	30	pips_l40_r400_500-8000.hdf5	right	left
722.8381	1	Stimulus/S  1	1	7228381	7228389	113	0	20	pips_l40_r400_500-8000.hdf5	right	left
723.9048	1	Stimulus/S  1	1	7239048	7239056	113	1	40	pips_l40_r400_500-8000.hdf5	right	left
724.9714	1	Stimulus/S  1	1	7249714	7249722	113	2	60	pips_l40_r400_500-8000.hdf5	right	left
726.0381	1	Stimulus/S  1	1	7260381	7260389	113	3	70	pips_l40_r400_500-8000.hdf5	right	left
727.0941	1	Stimulus/S  1	1	7270941	7270949	113	4	50	pips_l40_r400_500-8000.hdf5	right	left
728.1395	1	Stimulus/S  1	1	7281395	7281403	113	5	30	pips_l40_r400_500-8000.hdf5	right	left
729.1955	1	Stimulus/S  1	1	7291955	7291963	114	0	20	pips_l40_r400_500-8000.hdf5	right	left
730.2408	1	Stimulus/S  1	1	7302408	7302416	114	1	40	pips_l40_r400_500-8000.hdf5	right	left
731.2862	1	Stimulus/S  1	1	7312862	7312870	114	2	60	pips_l40_r400_500-8000.hdf5	right	left
732.3422	1	Stimulus/S  1	1	7323422	7323430	114	3	70	pips_l40_r400_500-8000.hdf5	right	left
733.3875	1	Stimulus/S  1	1	7333875	7333883	114	4	50	pips_l40_r400_500-8000.hdf5	right	left
734.4435	1	Stimulus/S  1	1	7344435	7344443	114	5	30	pips_l40_r400_500-8000.hdf5	right	left
735.5102	1	Stimulus/S  1	1	7355102	7355110	115	0	20	pips_l40_r400_500-8000.hdf5	right	left
736.5556	1	Stimulus/S  1	1	7365556	7365564	115	1	40	pips_l40_r400_500-8000.hdf5	right	left
737.6222	1	Stimulus/S  1	1	7376222	7376230	115	2	60	pips_l40_r400_500-8000.hdf5	right	left
738.6889	1	Stimulus/S  1	1	7386889	7386897	115	3	70	pips_l40_r400_500-8000.hdf5	right	left
739.7556	1	Stimulus/S  1	1	7397556	7397564	115	4	50	pips_l40_r400_500-8000.hdf5	right	left
740.8223	1	Stimulus/S  1	1	7408223	7408231	115	5	30	pips_l40_r400_500-8000.hdf5	right	left
741.8889	1	Stimulus/S  1	1	7418889	7418897	116	0	20	pips_l40_r400_500-8000.hdf5	right	left
742.9556	1	Stimulus/S  1	1	7429556	7429564	116	1	40	pips_l40_r400_500-8000.hdf5	right	left
744.0116	1	Stimulus/S  1	1	7440116	7440124	116	2	60	pips_l40_r400_500-8000.hdf5	right	left
745.0783	1	Stimulus/S  1	1	7450783	7450791	116	3	70	pips_l40_r400_500-8000.hdf5	right	left
746.1236	1	Stimulus/S  1	1	7461236	7461244	116	4	50	pips_l40_r400_500-8000.hdf5	right	left
747.1903	1	Stimulus/S  1	1	7471903	7471911	116	5	30	pips_l40_r400_500-8000.hdf5	right	left
748.2463	1	Stimulus/S  1	1	7482463	7482471	117	0	20	pips_l40_r400_500-8000.hdf5	right	left
749.2917	1	Stimulus/S  1	1	7492917	7492925	117	1	40	pips_l40_r400_500-8000.hdf5	right	left
750.337	1	Stimulus/S  1	1	7503370	7503378	117	2	60	pips_l40_r400_500-8000.hdf5	right	left
751.393	1	Stimulus/S  1	1	7513930	7513938	117	3	70	pips_l40_r400_500-8000.hdf5	right	left
752.4384	1	Stimulus/S  1	1	7524384	7524392	117	4	50	pips_l40_r400_500-8000.hdf5	right	left
753.5051	1	Stimulus/S  1	1	7535051	7535059	117	5	30	pips_l40_r400_500-8000.hdf5	right	left
754.5611	1	Stimulus/S  1	1	7545611	7545619	118	0	20	pips_l40_r400_500-8000.hdf5	right	left
755.6277	1	Stimulus/S  1	1	7556277	7556285	118	1	40	pips_l40_r400_500-8000.hdf5	right	left
756.6731	1	Stimulus/S  1	1	7566731	7566739	118	2	60	pips_l40_r400_500-8000.hdf5	right	left
757.7398	1	Stimulus/S  1	1	7577398	7577406	118	3	70	pips_l40_r400_500-8000.hdf5	right	left
758.8064	1	Stimulus/S  1	1	7588064	7588072	118	4	50	pips_l40_r400_500-8000.hdf5	right	left
759.8731	1	Stimulus/S  1	1	7598731	7598739	118	5	30	pips_l40_r400_500-8000.hdf5	right	left
760.9291	1	Stimulus/S  1	1	7609291	7609299	119	0	20	pips_l40_r400_500-8000.hdf5	right	left
761.9958	1	Stimulus/S  1	1	7619958	7619966	119	1	40	pips_l40_r400_500-8000.hdf5	right	left
763.0412	1	Stimulus/S  1	1	7630412	7630420	119	2	60	pips_l40_r400_500-8000.hdf5	right	left
764.1078	1	Stimulus/S  1	1	7641078	7641086	119	3	70	pips_l40_r400_500-8000.hdf5	right	left
765.1532	1	Stimulus/S  1	1	7651532	7651540	119	4	50	pips_l40_r400_500-8000.hdf5	right	left
766.2092	1	Stimulus/S  1	1	7662092	7662100	119	5	30	pips_l40_r400_500-8000.hdf5	right	left
767.2545	1	Stimulus/S  1	1	7672545	7672553	0	0	20	pips_l40_r400_500-8000.hdf5	right	left
768.3105	1	Stimulus/S  1	1	7683105	7683113	0	1	40	pips_l40_r400_500-8000.hdf5	right	left
769.3559	1	Stimulus/S  1	1	7693559	7693567	0	2	60	pips_l40_r400_500-8000.hdf5	right	left
770.4226	1	Stimulus/S  1	1	7704226	7704234	0	3	70	pips_l40_r400_500-8000.hdf5	right	left
771.4786	1	Stimulus/S  1	1	7714786	7714794	0	4	50	pips_l40_r400_500-8000.hdf5	right	left
772.5452	1	Stimulus/S  1	1	7725452	7725460	0	5	30	pips_l40_r400_500-8000.hdf5	right	left
773.5906	1	Stimulus/S  1	1	7735906	7735914	1	0	20	pips_l40_r400_500-8000.hdf5	right	left
774.6573	1	Stimulus/S  1	1	7746573	7746581	1	1	40	pips_l40_r400_500-8000.hdf5	right	left
775.7239	1	Stimulus/S  1	1	7757239	7757247	1	2	60	pips_l40_r400_500-8000.hdf5	right	left
776.7906	1	Stimulus/S  1	1	7767906	7767914	1	3	70	pips_l40_r400_500-8000.hdf5	right	left
777.8573	1	Stimulus/S  1	1	7778573	7778581	1	4	50	pips_l40_r400_500-8000.hdf5	right	left
778.924	1	Stimulus/S  1	1	7789240	7789248	1	5	30	pips_l40_r400_500-8000.hdf5	right	left
779.9907	1	Stimulus/S  1	1	7799907	7799915	2	0	20	pips_l40_r400_500-8000.hdf5	right	left
781.036	1	Stimulus/S  1	1	7810360	7810368	2	1	40	pips_l40_r400_500-8000.hdf5	right	left
782.1027	1	Stimulus/S  1	1	7821027	7821035	2	2	60	pips_l40_r400_500-8000.hdf5	right	left
783.1587	1	Stimulus/S  1	1	7831587	7831595	2	3	70	pips_l40_r400_500-8000.hdf5	right	left
784.2254	1	Stimulus/S  1	1	7842254	7842262	2	4	50	pips_l40_r400_500-8000.hdf5	right	left
785.2707	1	Stimulus/S  1	1	7852707	7852715	2	5	30	pips_l40_r400_500-8000.hdf5	right	left
786.3267	1	Stimulus/S  1	1	7863267	7863275	3	0	20	pips_l40_r400_500-8000.hdf5	right	left
787.3721	1	Stimulus/S  1	1	7873721	7873729	3	1	40	pips_l40_r400_500-8000.hdf5	right	left
788.4281	1	Stimulus/S  1	1	7884281	7884289	3	2	60	pips_l40_r400_500-8000.hdf5	right	left
789.4734	1	Stimulus/S  1	1	7894734	7894742	3	3	70	pips_l40_r400_500-8000.hdf5	right	left
790.5401	1	Stimulus/S  1	1	7905401	7905409	3	4	50	pips_l40_r400_500-8000.hdf5	right	left
791.5961	1	Stimulus/S  1	1	7915961	7915969	3	5	30	pips_l40_r400_500-8000.hdf5	right	left
792.6628	1	Stimulus/S  1	1	7926628	7926636	4	0	20	pips_l40_r400_500-8000.hdf5	right	left
793.7081	1	Stimulus/S  1	1	7937081	7937089	4	1	40	pips_l40_r400_500-8000.hdf5	right	left
794.7748	1	Stimulus/S  1	1	7947748	7947756	4	2	60	pips_l40_r400_500-8000.hdf5	right	left
795.8415	1	Stimulus/S  1	1	7958415	7958423	4	3	70	pips_l40_r400_500-8000.hdf5	right	left
796.9082	1	Stimulus/S  1	1	7969082	7969090	4	4	50	pips_l40_r400_500-8000.hdf5	right	left
797.9748	1	Stimulus/S  1	1	7979748	7979756	4	5	30	pips_l40_r400_500-8000.hdf5	right	left
799.0415	1	Stimulus/S  1	1	7990415	7990423	5	0	20	pips_l40_r400_500-8000.hdf5	right	left
800.1082	1	Stimulus/S  1	1	8001082	8001090	5	1	40	pips_l40_r400_500-8000.hdf5	right	left
801.1535	1	Stimulus/S  1	1	8011535	8011543	5	2	60	pips_l40_r400_500-8000.hdf5	right	left
802.2202	1	Stimulus/S  1	1	8022202	8022210	5	3	70	pips_l40_r400_500-8000.hdf5	right	left
803.2762	1	Stimulus/S  1	1	8032762	8032770	5	4	50	pips_l40_r400_500-8000.hdf5	right	left
804.3216	1	Stimulus/S  1	1	8043216	8043224	5	5	30	pips_l40_r400_500-8000.hdf5	right	left
805.3776	1	Stimulus/S  1	1	8053776	8053784	6	0	20	pips_l40_r400_500-8000.hdf5	right	left
806.4229	1	Stimulus/S  1	1	8064229	8064237	6	1	40	pips_l40_r400_500-8000.hdf5	right	left
807.4789	1	Stimulus/S  1	1	8074789	8074797	6	2	60	pips_l40_r400_500-8000.hdf5	right	left
808.5243	1	Stimulus/S  1	1	8085243	8085251	6	3	70	pips_l40_r400_500-8000.hdf5	right	left
809.5696	1	Stimulus/S  1	1	8095696	8095704	6	4	50	pips_l40_r400_500-8000.hdf5	right	left
810.6256	1	Stimulus/S  1	1	8106256	8106264	6	5	30	pips_l40_r400_500-8000.hdf5	right	left
811.6923	1	Stimulus/S  1	1	8116923	8116931	7	0	20	pips_l40_r400_500-8000.hdf5	right	left
812.759	1	Stimulus/S  1	1	8127590	8127598	7	1	40	pips_l40_r400_500-8000.hdf5	right	left
813.8257	1	Stimulus/S  1	1	8138257	8138265	7	2	60	pips_l40_r400_500-8000.hdf5	right	left
814.8923	1	Stimulus/S  1	1	8148923	8148931	7	3	70	pips_l40_r400_500-8000.hdf5	right	left
815.959	1	Stimulus/S  1	1	8159590	8159598	7	4	50	pips_l40_r400_500-8000.hdf5	right	left
817.0257	1	Stimulus/S  1	1	8170257	8170265	7	5	30	pips_l40_r400_500-8000.hdf5	right	left
818.071	1	Stimulus/S  1	1	8180710	8180718	8	0	20	pips_l40_r400_500-8000.hdf5	right	left
819.1377	1	Stimulus/S  1	1	8191377	8191385	8	1	40	pips_l40_r400_500-8000.hdf5	right	left
820.1937	1	Stimulus/S  1	1	8201937	8201945	8	2	60	pips_l40_r400_500-8000.hdf5	right	left
821.2604	1	Stimulus/S  1	1	8212604	8212612	8	3	70	pips_l40_r400_500-8000.hdf5	right	left
822.3057	1	Stimulus/S  1	1	8223057	8223065	8	4	50	pips_l40_r400_500-8000.hdf5	right	left
823.3618	1	Stimulus/S  1	1	8233618	8233626	8	5	30	pips_l40_r400_500-8000.hdf5	right	left
824.4071	1	Stimulus/S  1	1	8244071	8244079	9	0	20	pips_l40_r400_500-8000.hdf5	right	left
825.4631	1	Stimulus/S  1	1	8254631	8254639	9	1	40	pips_l40_r400_500-8000.hdf5	right	left
826.5085	1	Stimulus/S  1	1	8265085	8265093	9	2	60	pips_l40_r400_500-8000.hdf5	right	left
827.5538	1	Stimulus/S  1	1	8275538	8275546	9	3	70	pips_l40_r400_500-8000.hdf5	right	left
828.6098	1	Stimulus/S  1	1	8286098	8286106	9	4	50	pips_l40_r400_500-8000.hdf5	right	left
829.6765	1	Stimulus/S  1	1	8296765	8296773	9	5	30	pips_l40_r400_500-8000.hdf5	right	left
830.7218	1	Stimulus/S  1	1	8307218	8307226	10	0	20	pips_l40_r400_500-8000.hdf5	right	left
831.7885	1	Stimulus/S  1	1	8317885	8317893	10	1	40	pips_l40_r400_500-8000.hdf5	right	left
832.8445	1	Stimulus/S  1	1	8328445	8328453	10	2	60	pips_l40_r400_500-8000.hdf5	right	left
833.9112	1	Stimulus/S  1	1	8339112	8339120	10	3	70	pips_l40_r400_500-8000.hdf5	right	left
834.9779	1	Stimulus/S  1	1	8349779	8349787	10	4	50	pips_l40_r400_500-8000.hdf5	right	left
836.0446	1	Stimulus/S  1	1	8360446	8360454	10	5	30	pips_l40_r400_500-8000.hdf5	right	left
837.0899	1	Stimulus/S  1	1	8370899	8370907	11	0	20	pips_l40_r400_500-8000.hdf5	right	left
838.1566	1	Stimulus/S  1	1	8381566	8381574	11	1	40	pips_l40_r400_500-8000.hdf5	right	left
839.2126	1	Stimulus/S  1	1	8392126	8392134	11	2	60	pips_l40_r400_500-8000.hdf5	right	left
840.2793	1	Stimulus/S  1	1	8402793	8402801	11	3	70	pips_l40_r400_500-8000.hdf5	right	left
841.3246	1	Stimulus/S  1	1	8413246	8413254	11	4	50	pips_l40_r400_500-8000.hdf5	right	left
842.3806	1	Stimulus/S  1	1	8423806	8423814	11	5	30	pips_l40_r400_500-8000.hdf5	right	left
843.426	1	Stimulus/S  1	1	8434260	8434268	12	0	20	pips_l40_r400_500-8000.hdf5	right	left
844.4926	1	Stimulus/S  1	1	8444926	8444934	12	1	40	pips_l40_r400_500-8000.hdf5	right	left
845.538	1	Stimulus/S  1	1	8455380	8455388	12	2	60	pips_l40_r400_500-8000.hdf5	right	left
846.6047	1	Stimulus/S  1	1	8466047	8466055	12	3	70	pips_l40_r400_500-8000.hdf5	right	left
847.6607	1	Stimulus/S  1	1	8476607	8476615	12	4	50	pips_l40_r400_500-8000.hdf5	right	left
848.7273	1	Stimulus/S  1	1	8487273	8487281	12	5	30	pips_l40_r400_500-8000.hdf5	right	left
849.794	1	Stimulus/S  1	1	8497940	8497948	13	0	20	pips_l40_r400_500-8000.hdf5	right	left
850.8607	1	Stimulus/S  1	1	8508607	8508615	13	1	40	pips_l40_r400_500-8000.hdf5	right	left
851.9274	1	Stimulus/S  1	1	8519274	8519282	13	2	60	pips_l40_r400_500-8000.hdf5	right	left
852.9941	1	Stimulus/S  1	1	8529941	8529949	13	3	70	pips_l40_r400_500-8000.hdf5	right	left
854.0607	1	Stimulus/S  1	1	8540607	8540615	13	4	50	pips_l40_r400_500-8000.hdf5	right	left
855.1061	1	Stimulus/S  1	1	8551061	8551069	13	5	30	pips_l40_r400_500-8000.hdf5	right	left
856.1728	1	Stimulus/S  1	1	8561728	8561736	14	0	20	pips_l40_r400_500-8000.hdf5	right	left
857.2288	1	Stimulus/S  1	1	8572288	8572296	14	1	40	pips_l40_r400_500-8000.hdf5	right	left
858.2741	1	Stimulus/S  1	1	8582741	8582749	14	2	60	pips_l40_r400_500-8000.hdf5	right	left
859.3301	1	Stimulus/S  1	1	8593301	8593309	14	3	70	pips_l40_r400_500-8000.hdf5	right	left
860.3755	1	Stimulus/S  1	1	8603755	8603763	14	4	50	pips_l40_r400_500-8000.hdf5	right	left
861.4208	1	Stimulus/S  1	1	8614208	8614216	14	5	30	pips_l40_r400_500-8000.hdf5	right	left
862.4768	1	Stimulus/S  1	1	8624768	8624776	15	0	20	pips_l40_r400_500-8000.hdf5	right	left
863.5222	1	Stimulus/S  1	1	8635222	8635230	15	1	40	pips_l40_r400_500-8000.hdf5	right	left
864.5782	1	Stimulus/S  1	1	8645782	8645790	15	2	60	pips_l40_r400_500-8000.hdf5	right	left
865.6448	1	Stimulus/S  1	1	8656448	8656456	15	3	70	pips_l40_r400_500-8000.hdf5	right	left
866.7115	1	Stimulus/S  1	1	8667115	8667123	15	4	50	pips_l40_r400_500-8000.hdf5	right	left
867.7782	1	Stimulus/S  1	1	8677782	8677790	15	5	30	pips_l40_r400_500-8000.hdf5	right	left
868.8449	1	Stimulus/S  1	1	8688449	8688457	16	0	20	pips_l40_r400_500-8000.hdf5	right	left
869.9116	1	Stimulus/S  1	1	8699116	8699124	16	1	40	pips_l40_r400_500-8000.hdf5	right	left
870.9782	1	Stimulus/S  1	1	8709782	8709790	16	2	60	pips_l40_r400_500-8000.hdf5	right	left
872.0236	1	Stimulus/S  1	1	8720236	8720244	16	3	70	pips_l40_r400_500-8000.hdf5	right	left
873.0903	1	Stimulus/S  1	1	8730903	8730911	16	4	50	pips_l40_r400_500-8000.hdf5	right	left
874.1463	1	Stimulus/S  1	1	8741463	8741471	16	5	30	pips_l40_r400_500-8000.hdf5	right	left
875.2129	1	Stimulus/S  1	1	8752129	8752137	17	0	20	pips_l40_r400_500-8000.hdf5	right	left
876.2583	1	Stimulus/S  1	1	8762583	8762591	17	1	40	pips_l40_r400_500-8000.hdf5	right	left
877.3143	1	Stimulus/S  1	1	8773143	8773151	17	2	60	pips_l40_r400_500-8000.hdf5	right	left
878.3596	1	Stimulus/S  1	1	8783596	8783604	17	3	70	pips_l40_r400_500-8000.hdf5	right	left
879.405	1	Stimulus/S  1	1	8794050	8794058	17	4	50	pips_l40_r400_500-8000.hdf5	right	left
880.461	1	Stimulus/S  1	1	8804610	8804618	17	5	30	pips_l40_r400_500-8000.hdf5	right	left
881.5063	1	Stimulus/S  1	1	8815063	8815071	18	0	20	pips_l40_r400_500-8000.hdf5	right	left
882.5624	1	Stimulus/S  1	1	8825624	8825632	18	1	40	pips_l40_r400_500-8000.hdf5	right	left
883.6077	1	Stimulus/S  1	1	8836077	8836085	18	2	60	pips_l40_r400_500-8000.hdf5	right	left
884.6637	1	Stimulus/S  1	1	8846637	8846645	18	3	70	pips_l40_r400_500-8000.hdf5	right	left
885.7304	1	Stimulus/S  1	1	8857304	8857312	18	4	50	pips_l40_r400_500-8000.hdf5	right	left
886.7757	1	Stimulus/S  1	1	8867757	8867765	18	5	30	pips_l40_r400_500-8000.hdf5	right	left
887.8424	1	Stimulus/S  1	1	8878424	8878432	19	0	20	pips_l40_r400_500-8000.hdf5	right	left
888.8877	1	Stimulus/S  1	1	8888877	8888885	19	1	40	pips_l40_r400_500-8000.hdf5	right	left
889.9544	1	Stimulus/S  1	1	8899544	8899552	19	2	60	pips_l40_r400_500-8000.hdf5	right	left
891.0318	1	Stimulus/S  1	1	8910318	8910326	19	3	70	pips_l40_r400_500-8000.hdf5	right	left
892.0878	1	Stimulus/S  1	1	8920878	8920886	19	4	50	pips_l40_r400_500-8000.hdf5	right	left
893.1438	1	Stimulus/S  1	1	8931438	8931446	19	5	30	pips_l40_r400_500-8000.hdf5	right	left
894.2105	1	Stimulus/S  1	1	8942105	8942113	20	0	20	pips_l40_r400_500-8000.hdf5	right	left
895.2558	1	Stimulus/S  1	1	8952558	8952566	20	1	40	pips_l40_r400_500-8000.hdf5	right	left
896.3225	1	Stimulus/S  1	1	8963225	8963233	20	2	60	pips_l40_r400_500-8000.hdf5	right	left
897.3785	1	Stimulus/S  1	1	8973785	8973793	20	3	70	pips_l40_r400_500-8000.hdf5	right	left
898.4238	1	Stimulus/S  1	1	8984238	8984246	20	4	50	pips_l40_r400_500-8000.hdf5	right	left
899.4799	1	Stimulus/S  1	1	8994799	8994807	20	5	30	pips_l40_r400_500-8000.hdf5	right	left
900.5252	1	Stimulus/S  1	1	9005252	9005260	21	0	20	pips_l40_r400_500-8000.hdf5	right	left
901.5812	1	Stimulus/S  1	1	9015812	9015820	21	1	40	pips_l40_r400_500-8000.hdf5	right	left
902.6479	1	Stimulus/S  1	1	9026479	9026487	21	2	60	pips_l40_r400_500-8000.hdf5	right	left
903.6932	1	Stimulus/S  1	1	9036932	9036940	21	3	70	pips_l40_r400_500-8000.hdf5	right	left
904.7599	1	Stimulus/S  1	1	9047599	9047607	21	4	50	pips_l40_r400_500-8000.hdf5	right	left
905.8053	1	Stimulus/S  1	1	9058053	9058061	21	5	30	pips_l40_r400_500-8000.hdf5	right	left
906.8719	1	Stimulus/S  1	1	9068719	9068727	22	0	20	pips_l40_r400_500-8000.hdf5	right	left
907.9386	1	Stimulus/S  1	1	9079386	9079394	22	1	40	pips_l40_r400_500-8000.hdf5	right	left
909.0053	1	Stimulus/S  1	1	9090053	9090061	22	2	60	pips_l40_r400_500-8000.hdf5	right	left
910.072	1	Stimulus/S  1	1	9100720	9100728	22	3	70	pips_l40_r400_500-8000.hdf5	right	left
911.1386	1	Stimulus/S  1	1	9111386	9111394	22	4	50	pips_l40_r400_500-8000.hdf5	right	left
912.2053	1	Stimulus/S  1	1	9122053	9122061	22	5	30	pips_l40_r400_500-8000.hdf5	right	left
913.2613	1	Stimulus/S  1	1	9132613	9132621	23	0	20	pips_l40_r400_500-8000.hdf5	right	left
914.328	1	Stimulus/S  1	1	9143280	9143288	23	1	40	pips_l40_r400_500-8000.hdf5	right	left
915.3733	1	Stimulus/S  1	1	9153733	9153741	23	2	60	pips_l40_r400_500-8000.hdf5	right	left
916.44	1	Stimulus/S  1	1	9164400	9164408	23	3	70	pips_l40_r400_500-8000.hdf5	right	left
917.496	1	Stimulus/S  1	1	9174960	9174968	23	4	50	pips_l40_r400_500-8000.hdf5	right	left
918.5414	1	Stimulus/S  1	1	9185414	9185422	23	5	30	pips_l40_r400_500-8000.hdf5	right	left
919.5974	1	Stimulus/S  1	1	9195974	9195982	24	0	20	pips_l40_r400_500-8000.hdf5	right	left
920.6427	1	Stimulus/S  1	1	9206427	9206435	24	1	40	pips_l40_r400_500-8000.hdf5	right	left
921.6987	1	Stimulus/S  1	1	9216987	9216995	24	2	60	pips_l40_r400_500-8000.hdf5	right	left
922.7654	1	Stimulus/S  1	1	9227654	9227662	24	3	70	pips_l40_r400_500-8000.hdf5	right	left
923.8108	1	Stimulus/S  1	1	9238108	9238116	24	4	50	pips_l40_r400_500-8000.hdf5	right	left
924.8774	1	Stimulus/S  1	1	9248774	9248782	24	5	30	pips_l40_r400_500-8000.hdf5	right	left
925.9228	1	Stimulus/S  1	1	9259228	9259236	25	0	20	pips_l40_r400_500-8000.hdf5	right	left
926.9895	1	Stimulus/S  1	1	9269895	9269903	25	1	40	pips_l40_r400_500-8000.hdf5	right	left
928.0561	1	Stimulus/S  1	1	9280561	9280569	25	2	60	pips_l40_r400_500-8000.hdf5	right	left
929.1228	1	Stimulus/S  1	1	9291228	9291236	25	3	70	pips_l40_r400_500-8000.hdf5	right	left
930.1895	1	Stimulus/S  1	1	9301895	9301903	25	4	50	pips_l40_r400_500-8000.hdf5	right	left
931.2562	1	Stimulus/S  1	1	9312562	9312570	25	5	30	pips_l40_r400_500-8000.hdf5	right	left
932.3229	1	Stimulus/S  1	1	9323229	9323237	26	0	20	pips_l40_r400_500-8000.hdf5	right	left
933.3789	1	Stimulus/S  1	1	9333789	9333797	26	1	40	pips_l40_r400_500-8000.hdf5	right	left
934.4242	1	Stimulus/S  1	1	9344242	9344250	26	2	60	pips_l40_r400_500-8000.hdf5	right	left
935.4802	1	Stimulus/S  1	1	9354802	9354810	26	3	70	pips_l40_r400_500-8000.hdf5	right	left
936.5256	1	Stimulus/S  1	1	9365256	9365264	26	4	50	pips_l40_r400_500-8000.hdf5	right	left
937.5816	1	Stimulus/S  1	1	9375816	9375824	26	5	30	pips_l40_r400_500-8000.hdf5	right	left
938.6269	1	Stimulus/S  1	1	9386269	9386277	27	0	20	pips_l40_r400_500-8000.hdf5	right	left
939.6723	1	Stimulus/S  1	1	9396723	9396731	27	1	40	pips_l40_r400_500-8000.hdf5	right	left
940.7283	1	Stimulus/S  1	1	9407283	9407291	27	2	60	pips_l40_r400_500-8000.hdf5	right	left
941.7736	1	Stimulus/S  1	1	9417736	9417744	27	3	70	pips_l40_r400_500-8000.hdf5	right	left
942.8296	1	Stimulus/S  1	1	9428296	9428304	27	4	50	pips_l40_r400_500-8000.hdf5	right	left
943.8963	1	Stimulus/S  1	1	9438963	9438971	27	5	30	pips_l40_r400_500-8000.hdf5	right	left
944.9416	1	Stimulus/S  1	1	9449416	9449424	28	0	20	pips_l40_r400_500-8000.hdf5	right	left
946.0083	1	Stimulus/S  1	1	9460083	9460091	28	1	40	pips_l40_r400_500-8000.hdf5	right	left
947.075	1	Stimulus/S  1	1	9470750	9470758	28	2	60	pips_l40_r400_500-8000.hdf5	right	left
948.1417	1	Stimulus/S  1	1	9481417	9481425	28	3	70	pips_l40_r400_500-8000.hdf5	right	left
949.2084	1	Stimulus/S  1	1	9492084	9492092	28	4	50	pips_l40_r400_500-8000.hdf5	right	left
950.275	1	Stimulus/S  1	1	9502750	9502758	28	5	30	pips_l40_r400_500-8000.hdf5	right	left
951.3417	1	Stimulus/S  1	1	9513417	9513425	29	0	20	pips_l40_r400_500-8000.hdf5	right	left
952.3977	1	Stimulus/S  1	1	9523977	9523985	29	1	40	pips_l40_r400_500-8000.hdf5	right	left
953.4644	1	Stimulus/S  1	1	9534644	9534652	29	2	60	pips_l40_r400_500-8000.hdf5	right	left
954.5097	1	Stimulus/S  1	1	9545097	9545105	29	3	70	pips_l40_r400_500-8000.hdf5	right	left
955.5658	1	Stimulus/S  1	1	9555658	9555666	29	4	50	pips_l40_r400_500-8000.hdf5	right	left
956.6111	1	Stimulus/S  1	1	9566111	9566119	29	5	30	pips_l40_r400_500-8000.hdf5	right	left
957.6564	1	Stimulus/S  1	1	9576564	9576572	30	0	20	pips_l40_r400_500-8000.hdf5	right	left
958.7124	1	Stimulus/S  1	1	9587124	9587132	30	1	40	pips_l40_r400_500-8000.hdf5	right	left
959.7578	1	Stimulus/S  1	1	9597578	9597586	30	2	60	pips_l40_r400_500-8000.hdf5	right	left
960.8138	1	Stimulus/S  1	1	9608138	9608146	30	3	70	pips_l40_r400_500-8000.hdf5	right	left
961.8591	1	Stimulus/S  1	1	9618591	9618599	30	4	50	pips_l40_r400_500-8000.hdf5	right	left
962.9258	1	Stimulus/S  1	1	9629258	9629266	30	5	30	pips_l40_r400_500-8000.hdf5	right	left
963.9925	1	Stimulus/S  1	1	9639925	9639933	31	0	20	pips_l40_r400_500-8000.hdf5	right	left
965.0592	1	Stimulus/S  1	1	9650592	9650600	31	1	40	pips_l40_r400_500-8000.hdf5	right	left
966.1259	1	Stimulus/S  1	1	9661259	9661267	31	2	60	pips_l40_r400_500-8000.hdf5	right	left
967.1925	1	Stimulus/S  1	1	9671925	9671933	31	3	70	pips_l40_r400_500-8000.hdf5	right	left
968.2592	1	Stimulus/S  1	1	9682592	9682600	31	4	50	pips_l40_r400_500-8000.hdf5	right	left
969.3152	1	Stimulus/S  1	1	9693152	9693160	31	5	30	pips_l40_r400_500-8000.hdf5	right	left
970.3819	1	Stimulus/S  1	1	9703819	9703827	32	0	20	pips_l40_r400_500-8000.hdf5	right	left
971.4272	1	Stimulus/S  1	1	9714272	9714280	32	1	40	pips_l40_r400_500-8000.hdf5	right	left
972.4939	1	Stimulus/S  1	1	9724939	9724947	32	2	60	pips_l40_r400_500-8000.hdf5	right	left
973.5393	1	Stimulus/S  1	1	9735393	9735401	32	3	70	pips_l40_r400_500-8000.hdf5	right	left
974.5953	1	Stimulus/S  1	1	9745953	9745961	32	4	50	pips_l40_r400_500-8000.hdf5	right	left
975.6406	1	Stimulus/S  1	1	9756406	9756414	32	5	30	pips_l40_r400_500-8000.hdf5	right	left
976.6966	1	Stimulus/S  1	1	9766966	9766974	33	0	20	pips_l40_r400_500-8000.hdf5	right	left
977.742	1	Stimulus/S  1	1	9777420	9777428	33	1	40	pips_l40_r400_500-8000.hdf5	right	left
978.8086	1	Stimulus/S  1	1	9788086	9788094	33	2	60	pips_l40_r400_500-8000.hdf5	right	left
979.8647	1	Stimulus/S  1	1	9798647	9798655	33	3	70	pips_l40_r400_500-8000.hdf5	right	left
980.9313	1	Stimulus/S  1	1	9809313	9809321	33	4	50	pips_l40_r400_500-8000.hdf5	right	left
981.9767	1	Stimulus/S  1	1	9819767	9819775	33	5	30	pips_l40_r400_500-8000.hdf5	right	left
983.0434	1	Stimulus/S  1	1	9830434	9830442	34	0	20	pips_l40_r400_500-8000.hdf5	right	left
984.11	1	Stimulus/S  1	1	9841100	9841108	34	1	40	pips_l40_r400_500-8000.hdf5	right	left
985.1767	1	Stimulus/S  1	1	9851767	9851775	34	2	60	pips_l40_r400_500-8000.hdf5	right	left
986.2434	1	Stimulus/S  1	1	9862434	9862442	34	3	70	pips_l40_r400_500-8000.hdf5	right	left
987.3101	1	Stimulus/S  1	1	9873101	9873109	34	4	50	pips_l40_r400_500-8000.hdf5	right	left
988.3767	1	Stimulus/S  1	1	9883767	9883775	34	5	30	pips_l40_r400_500-8000.hdf5	right	left
989.4328	1	Stimulus/S  1	1	9894328	9894336	35	0	20	pips_l40_r400_500-8000.hdf5	right	left
990.4781	1	Stimulus/S  1	1	9904781	9904789	35	1	40	pips_l40_r400_500-8000.hdf5	right	left
991.5234	1	Stimulus/S  1	1	9915234	9915242	35	2	60	pips_l40_r400_500-8000.hdf5	right	left
992.5795	1	Stimulus/S  1	1	9925795	9925803	35	3	70	pips_l40_r400_500-8000.hdf5	right	left
993.6248	1	Stimulus/S  1	1	9936248	9936256	35	4	50	pips_l40_r400_500-8000.hdf5	right	left
994.6808	1	Stimulus/S  1	1	9946808	9946816	35	5	30	pips_l40_r400_500-8000.hdf5	right	left
995.7262	1	Stimulus/S  1	1	9957262	9957270	36	0	20	pips_l40_r400_500-8000.hdf5	right	left
996.7822	1	Stimulus/S  1	1	9967822	9967830	36	1	40	pips_l40_r400_500-8000.hdf5	right	left
997.8488	1	Stimulus/S  1	1	9978488	9978496	36	2	60	pips_l40_r400_500-8000.hdf5	right	left
998.8942	1	Stimulus/S  1	1	9988942	9988950	36	3	70	pips_l40_r400_500-8000.hdf5	right	left
999.9609	1	Stimulus/S  1	1	9999609	9999617	36	4	50	pips_l40_r400_500-8000.hdf5	right	left
1001.0275	1	Stimulus/S  1	1	10010275	10010283	36	5	30	pips_l40_r400_500-8000.hdf5	right	left
1002.0942	1	Stimulus/S  1	1	10020942	10020950	37	0	20	pips_l40_r400_500-8000.hdf5	right	left
1003.1609	1	Stimulus/S  1	1	10031609	10031617	37	1	40	pips_l40_r400_500-8000.hdf5	right	left
1004.2276	1	Stimulus/S  1	1	10042276	10042284	37	2	60	pips_l40_r400_500-8000.hdf5	right	left
1005.2942	1	Stimulus/S  1	1	10052942	10052950	37	3	70	pips_l40_r400_500-8000.hdf5	right	left
1006.3503	1	Stimulus/S  1	1	10063503	10063511	37	4	50	pips_l40_r400_500-8000.hdf5	right	left
1007.4169	1	Stimulus/S  1	1	10074169	10074177	37	5	30	pips_l40_r400_500-8000.hdf5	right	left
1008.4623	1	Stimulus/S  1	1	10084623	10084631	38	0	20	pips_l40_r400_500-8000.hdf5	right	left
1009.529	1	Stimulus/S  1	1	10095290	10095298	38	1	40	pips_l40_r400_500-8000.hdf5	right	left
1010.5743	1	Stimulus/S  1	1	10105743	10105751	38	2	60	pips_l40_r400_500-8000.hdf5	right	left
1011.6303	1	Stimulus/S  1	1	10116303	10116311	38	3	70	pips_l40_r400_500-8000.hdf5	right	left
1012.6757	1	Stimulus/S  1	1	10126757	10126765	38	4	50	pips_l40_r400_500-8000.hdf5	right	left
1013.7317	1	Stimulus/S  1	1	10137317	10137325	38	5	30	pips_l40_r400_500-8000.hdf5	right	left
1014.777	1	Stimulus/S  1	1	10147770	10147778	39	0	20	pips_l40_r400_500-8000.hdf5	right	left
1015.8437	1	Stimulus/S  1	1	10158437	10158445	39	1	40	pips_l40_r400_500-8000.hdf5	right	left
1016.8997	1	Stimulus/S  1	1	10168997	10169005	39	2	60	pips_l40_r400_500-8000.hdf5	right	left
1017.9664	1	Stimulus/S  1	1	10179664	10179672	39	3	70	pips_l40_r400_500-8000.hdf5	right	left
1019.0331	1	Stimulus/S  1	1	10190331	10190339	39	4	50	pips_l40_r400_500-8000.hdf5	right	left
1020.0997	1	Stimulus/S  1	1	10200997	10201005	39	5	30	pips_l40_r400_500-8000.hdf5	right	left
1021.1664	1	Stimulus/S  1	1	10211664	10211672	40	0	20	pips_l40_r400_500-8000.hdf5	right	left
1022.2331	1	Stimulus/S  1	1	10222331	10222339	40	1	40	pips_l40_r400_500-8000.hdf5	right	left
1023.2998	1	Stimulus/S  1	1	10232998	10233006	40	2	60	pips_l40_r400_500-8000.hdf5	right	left
1024.3451	1	Stimulus/S  1	1	10243451	10243459	40	3	70	pips_l40_r400_500-8000.hdf5	right	left
1025.4118	1	Stimulus/S  1	1	10254118	10254126	40	4	50	pips_l40_r400_500-8000.hdf5	right	left
1026.4571	1	Stimulus/S  1	1	10264571	10264579	40	5	30	pips_l40_r400_500-8000.hdf5	right	left
1027.5131	1	Stimulus/S  1	1	10275131	10275139	41	0	20	pips_l40_r400_500-8000.hdf5	right	left
1028.5585	1	Stimulus/S  1	1	10285585	10285593	41	1	40	pips_l40_r400_500-8000.hdf5	right	left
1029.6145	1	Stimulus/S  1	1	10296145	10296153	41	2	60	pips_l40_r400_500-8000.hdf5	right	left
1030.6598	1	Stimulus/S  1	1	10306598	10306606	41	3	70	pips_l40_r400_500-8000.hdf5	right	left
1031.7158	1	Stimulus/S  1	1	10317158	10317166	41	4	50	pips_l40_r400_500-8000.hdf5	right	left
1032.7612	1	Stimulus/S  1	1	10327612	10327620	41	5	30	pips_l40_r400_500-8000.hdf5	right	left
1033.8172	1	Stimulus/S  1	1	10338172	10338180	42	0	20	pips_l40_r400_500-8000.hdf5	right	left
1034.8839	1	Stimulus/S  1	1	10348839	10348847	42	1	40	pips_l40_r400_500-8000.hdf5	right	left
1035.9292	1	Stimulus/S  1	1	10359292	10359300	42	2	60	pips_l40_r400_500-8000.hdf5	right	left
1036.9746	1	Stimulus/S  1	1	10369746	10369754	42	3	70	pips_l40_r400_500-8000.hdf5	right	left
1038.0306	1	Stimulus/S  1	1	10380306	10380314	42	4	50	pips_l40_r400_500-8000.hdf5	right	left
1039.0973	1	Stimulus/S  1	1	10390973	10390981	42	5	30	pips_l40_r400_500-8000.hdf5	right	left
1040.1639	1	Stimulus/S  1	1	10401639	10401647	43	0	20	pips_l40_r400_500-8000.hdf5	right	left
1041.2306	1	Stimulus/S  1	1	10412306	10412314	43	1	40	pips_l40_r400_500-8000.hdf5	right	left
1042.2973	1	Stimulus/S  1	1	10422973	10422981	43	2	60	pips_l40_r400_500-8000.hdf5	right	left
1043.364	1	Stimulus/S  1	1	10433640	10433648	43	3	70	pips_l40_r400_500-8000.hdf5	right	left
1044.4306	1	Stimulus/S  1	1	10444306	10444314	43	4	50	pips_l40_r400_500-8000.hdf5	right	left
1045.4973	1	Stimulus/S  1	1	10454973	10454981	43	5	30	pips_l40_r400_500-8000.hdf5	right	left
1046.564	1	Stimulus/S  1	1	10465640	10465648	44	0	20	pips_l40_r400_500-8000.hdf5	right	left
1047.6307	1	Stimulus/S  1	1	10476307	10476315	44	1	40	pips_l40_r400_500-8000.hdf5	right	left
1048.676	1	Stimulus/S  1	1	10486760	10486768	44	2	60	pips_l40_r400_500-8000.hdf5	right	left
1049.7427	1	Stimulus/S  1	1	10497427	10497435	44	3	70	pips_l40_r400_500-8000.hdf5	right	left
1050.7987	1	Stimulus/S  1	1	10507987	10507995	44	4	50	pips_l40_r400_500-8000.hdf5	right	left
1051.844	1	Stimulus/S  1	1	10518440	10518448	44	5	30	pips_l40_r400_500-8000.hdf5	right	left
1052.9001	1	Stimulus/S  1	1	10529001	10529009	45	0	20	pips_l40_r400_500-8000.hdf5	right	left
1053.9454	1	Stimulus/S  1	1	10539454	10539462	45	1	40	pips_l40_r400_500-8000.hdf5	right	left
1054.9907	1	Stimulus/S  1	1	10549907	10549915	45	2	60	pips_l40_r400_500-8000.hdf5	right	left
1056.0468	1	Stimulus/S  1	1	10560468	10560476	45	3	70	pips_l40_r400_500-8000.hdf5	right	left
1057.0921	1	Stimulus/S  1	1	10570921	10570929	45	4	50	pips_l40_r400_500-8000.hdf5	right	left
1058.1481	1	Stimulus/S  1	1	10581481	10581489	45	5	30	pips_l40_r400_500-8000.hdf5	right	left
1059.1935	1	Stimulus/S  1	1	10591935	10591943	46	0	20	pips_l40_r400_500-8000.hdf5	right	left
1060.2495	1	Stimulus/S  1	1	10602495	10602503	46	1	40	pips_l40_r400_500-8000.hdf5	right	left
1061.2948	1	Stimulus/S  1	1	10612948	10612956	46	2	60	pips_l40_r400_500-8000.hdf5	right	left
1062.3508	1	Stimulus/S  1	1	10623508	10623516	46	3	70	pips_l40_r400_500-8000.hdf5	right	left
1063.4175	1	Stimulus/S  1	1	10634175	10634183	46	4	50	pips_l40_r400_500-8000.hdf5	right	left
1064.4842	1	Stimulus/S  1	1	10644842	10644850	46	5	30	pips_l40_r400_500-8000.hdf5	right	left
1065.5509	1	Stimulus/S  1	1	10655509	10655517	47	0	20	pips_l40_r400_500-8000.hdf5	right	left
1066.6175	1	Stimulus/S  1	1	10666175	10666183	47	1	40	pips_l40_r400_500-8000.hdf5	right	left
1067.6842	1	Stimulus/S  1	1	10676842	10676850	47	2	60	pips_l40_r400_500-8000.hdf5	right	left
1068.7509	1	Stimulus/S  1	1	10687509	10687517	47	3	70	pips_l40_r400_500-8000.hdf5	right	left
1069.8176	1	Stimulus/S  1	1	10698176	10698184	47	4	50	pips_l40_r400_500-8000.hdf5	right	left
1070.8842	1	Stimulus/S  1	1	10708842	10708850	47	5	30	pips_l40_r400_500-8000.hdf5	right	left
1071.9509	1	Stimulus/S  1	1	10719509	10719517	48	0	20	pips_l40_r400_500-8000.hdf5	right	left
1073.0176	1	Stimulus/S  1	1	10730176	10730184	48	1	40	pips_l40_r400_500-8000.hdf5	right	left
1074.0843	1	Stimulus/S  1	1	10740843	10740851	48	2	60	pips_l40_r400_500-8000.hdf5	right	left
1075.1509	1	Stimulus/S  1	1	10751509	10751517	48	3	70	pips_l40_r400_500-8000.hdf5	right	left
1076.1963	1	Stimulus/S  1	1	10761963	10761971	48	4	50	pips_l40_r400_500-8000.hdf5	right	left
1077.263	1	Stimulus/S  1	1	10772630	10772638	48	5	30	pips_l40_r400_500-8000.hdf5	right	left
1078.3083	1	Stimulus/S  1	1	10783083	10783091	49	0	20	pips_l40_r400_500-8000.hdf5	right	left
1079.375	1	Stimulus/S  1	1	10793750	10793758	49	1	40	pips_l40_r400_500-8000.hdf5	right	left
1080.431	1	Stimulus/S  1	1	10804310	10804318	49	2	60	pips_l40_r400_500-8000.hdf5	right	left
1081.4763	1	Stimulus/S  1	1	10814763	10814771	49	3	70	pips_l40_r400_500-8000.hdf5	right	left
1082.5324	1	Stimulus/S  1	1	10825324	10825332	49	4	50	pips_l40_r400_500-8000.hdf5	right	left
1083.5777	1	Stimulus/S  1	1	10835777	10835785	49	5	30	pips_l40_r400_500-8000.hdf5	right	left
1084.6337	1	Stimulus/S  1	1	10846337	10846345	50	0	20	pips_l40_r400_500-8000.hdf5	right	left
1085.6791	1	Stimulus/S  1	1	10856791	10856799	50	1	40	pips_l40_r400_500-8000.hdf5	right	left
1086.7351	1	Stimulus/S  1	1	10867351	10867359	50	2	60	pips_l40_r400_500-8000.hdf5	right	left
1087.7804	1	Stimulus/S  1	1	10877804	10877812	50	3	70	pips_l40_r400_500-8000.hdf5	right	left
1088.8257	1	Stimulus/S  1	1	10888257	10888265	50	4	50	pips_l40_r400_500-8000.hdf5	right	left
1089.8818	1	Stimulus/S  1	1	10898818	10898826	50	5	30	pips_l40_r400_500-8000.hdf5	right	left
1090.9271	1	Stimulus/S  1	1	10909271	10909279	51	0	20	pips_l40_r400_500-8000.hdf5	right	left
1091.9831	1	Stimulus/S  1	1	10919831	10919839	51	1	40	pips_l40_r400_500-8000.hdf5	right	left
1093.0285	1	Stimulus/S  1	1	10930285	10930293	51	2	60	pips_l40_r400_500-8000.hdf5	right	left
1094.0845	1	Stimulus/S  1	1	10940845	10940853	51	3	70	pips_l40_r400_500-8000.hdf5	right	left
1095.1298	1	Stimulus/S  1	1	10951298	10951306	51	4	50	pips_l40_r400_500-8000.hdf5	right	left
1096.1752	1	Stimulus/S  1	1	10961752	10961760	51	5	30	pips_l40_r400_500-8000.hdf5	right	left
1097.2312	1	Stimulus/S  1	1	10972312	10972320	52	0	20	pips_l40_r400_500-8000.hdf5	right	left
1098.2765	1	Stimulus/S  1	1	10982765	10982773	52	1	40	pips_l40_r400_500-8000.hdf5	right	left
1099.3325	1	Stimulus/S  1	1	10993325	10993333	52	2	60	pips_l40_r400_500-8000.hdf5	right	left
1100.3779	1	Stimulus/S  1	1	11003779	11003787	52	3	70	pips_l40_r400_500-8000.hdf5	right	left
1101.4339	1	Stimulus/S  1	1	11014339	11014347	52	4	50	pips_l40_r400_500-8000.hdf5	right	left
1102.4792	1	Stimulus/S  1	1	11024792	11024800	52	5	30	pips_l40_r400_500-8000.hdf5	right	left
1103.5352	1	Stimulus/S  1	1	11035352	11035360	53	0	20	pips_l40_r400_500-8000.hdf5	right	left
1104.5806	1	Stimulus/S  1	1	11045806	11045814	53	1	40	pips_l40_r400_500-8000.hdf5	right	left
1105.6259	1	Stimulus/S  1	1	11056259	11056267	53	2	60	pips_l40_r400_500-8000.hdf5	right	left
1106.6819	1	Stimulus/S  1	1	11066819	11066827	53	3	70	pips_l40_r400_500-8000.hdf5	right	left
1107.7273	1	Stimulus/S  1	1	11077273	11077281	53	4	50	pips_l40_r400_500-8000.hdf5	right	left
1108.7939	1	Stimulus/S  1	1	11087939	11087947	53	5	30	pips_l40_r400_500-8000.hdf5	right	left
1109.85	1	Stimulus/S  1	1	11098500	11098508	54	0	20	pips_l40_r400_500-8000.hdf5	right	left
1110.9166	1	Stimulus/S  1	1	11109166	11109174	54	1	40	pips_l40_r400_500-8000.hdf5	right	left
1111.962	1	Stimulus/S  1	1	11119620	11119628	54	2	60	pips_l40_r400_500-8000.hdf5	right	left
1113.0287	1	Stimulus/S  1	1	11130287	11130295	54	3	70	pips_l40_r400_500-8000.hdf5	right	left
1114.0953	1	Stimulus/S  1	1	11140953	11140961	54	4	50	pips_l40_r400_500-8000.hdf5	right	left
1115.162	1	Stimulus/S  1	1	11151620	11151628	54	5	30	pips_l40_r400_500-8000.hdf5	right	left
1116.2287	1	Stimulus/S  1	1	11162287	11162295	55	0	20	pips_l40_r400_500-8000.hdf5	right	left
1117.2954	1	Stimulus/S  1	1	11172954	11172962	55	1	40	pips_l40_r400_500-8000.hdf5	right	left
1118.362	1	Stimulus/S  1	1	11183620	11183628	55	2	60	pips_l40_r400_500-8000.hdf5	right	left
1119.4181	1	Stimulus/S  1	1	11194181	11194189	55	3	70	pips_l40_r400_500-8000.hdf5	right	left
1120.4847	1	Stimulus/S  1	1	11204847	11204855	55	4	50	pips_l40_r400_500-8000.hdf5	right	left
1121.5301	1	Stimulus/S  1	1	11215301	11215309	55	5	30	pips_l40_r400_500-8000.hdf5	right	left
1122.5754	1	Stimulus/S  1	1	11225754	11225762	56	0	20	pips_l40_r400_500-8000.hdf5	right	left
1123.6314	1	Stimulus/S  1	1	11236314	11236322	56	1	40	pips_l40_r400_500-8000.hdf5	right	left
1124.6768	1	Stimulus/S  1	1	11246768	11246776	56	2	60	pips_l40_r400_500-8000.hdf5	right	left
1125.7328	1	Stimulus/S  1	1	11257328	11257336	56	3	70	pips_l40_r400_500-8000.hdf5	right	left
1126.7781	1	Stimulus/S  1	1	11267781	11267789	56	4	50	pips_l40_r400_500-8000.hdf5	right	left
1127.8341	1	Stimulus/S  1	1	11278341	11278349	56	5	30	pips_l40_r400_500-8000.hdf5	right	left
1128.8795	1	Stimulus/S  1	1	11288795	11288803	57	0	20	pips_l40_r400_500-8000.hdf5	right	left
1129.9355	1	Stimulus/S  1	1	11299355	11299363	57	1	40	pips_l40_r400_500-8000.hdf5	right	left
1130.9808	1	Stimulus/S  1	1	11309808	11309816	57	2	60	pips_l40_r400_500-8000.hdf5	right	left
1132.0262	1	Stimulus/S  1	1	11320262	11320270	57	3	70	pips_l40_r400_500-8000.hdf5	right	left
1133.0822	1	Stimulus/S  1	1	11330822	11330830	57	4	50	pips_l40_r400_500-8000.hdf5	right	left
1134.1275	1	Stimulus/S  1	1	11341275	11341283	57	5	30	pips_l40_r400_500-8000.hdf5	right	left
1135.1835	1	Stimulus/S  1	1	11351835	11351843	58	0	20	pips_l40_r400_500-8000.hdf5	right	left
1136.2502	1	Stimulus/S  1	1	11362502	11362510	58	1	40	pips_l40_r400_500-8000.hdf5	right	left
1137.3169	1	Stimulus/S  1	1	11373169	11373177	58	2	60	pips_l40_r400_500-8000.hdf5	right	left
1138.3836	1	Stimulus/S  1	1	11383836	11383844	58	3	70	pips_l40_r400_500-8000.hdf5	right	left
1139.4503	1	Stimulus/S  1	1	11394503	11394511	58	4	50	pips_l40_r400_500-8000.hdf5	right	left
1140.5169	1	Stimulus/S  1	1	11405169	11405177	58	5	30	pips_l40_r400_500-8000.hdf5	right	left
1141.5836	1	Stimulus/S  1	1	11415836	11415844	59	0	20	pips_l40_r400_500-8000.hdf5	right	left
1142.6503	1	Stimulus/S  1	1	11426503	11426511	59	1	40	pips_l40_r400_500-8000.hdf5	right	left
1143.717	1	Stimulus/S  1	1	11437170	11437178	59	2	60	pips_l40_r400_500-8000.hdf5	right	left
1144.7836	1	Stimulus/S  1	1	11447836	11447844	59	3	70	pips_l40_r400_500-8000.hdf5	right	left
1145.8503	1	Stimulus/S  1	1	11458503	11458511	59	4	50	pips_l40_r400_500-8000.hdf5	right	left
1146.917	1	Stimulus/S  1	1	11469170	11469178	59	5	30	pips_l40_r400_500-8000.hdf5	right	left
1147.9837	1	Stimulus/S  1	1	11479837	11479845	60	0	20	pips_l40_r400_500-8000.hdf5	right	left
1149.029	1	Stimulus/S  1	1	11490290	11490298	60	1	40	pips_l40_r400_500-8000.hdf5	right	left
1150.0957	1	Stimulus/S  1	1	11500957	11500965	60	2	60	pips_l40_r400_500-8000.hdf5	right	left
1151.1517	1	Stimulus/S  1	1	11511517	11511525	60	3	70	pips_l40_r400_500-8000.hdf5	right	left
1152.2184	1	Stimulus/S  1	1	11522184	11522192	60	4	50	pips_l40_r400_500-8000.hdf5	right	left
1153.2851	1	Stimulus/S  1	1	11532851	11532859	60	5	30	pips_l40_r400_500-8000.hdf5	right	left
1154.3304	1	Stimulus/S  1	1	11543304	11543312	61	0	20	pips_l40_r400_500-8000.hdf5	right	left
1155.3971	1	Stimulus/S  1	1	11553971	11553979	61	1	40	pips_l40_r400_500-8000.hdf5	right	left
1156.4424	1	Stimulus/S  1	1	11564424	11564432	61	2	60	pips_l40_r400_500-8000.hdf5	right	left
1157.5198	1	Stimulus/S  1	1	11575198	11575206	61	3	70	pips_l40_r400_500-8000.hdf5	right	left
1158.5864	1	Stimulus/S  1	1	11585864	11585872	61	4	50	pips_l40_r400_500-8000.hdf5	right	left
1159.6318	1	Stimulus/S  1	1	11596318	11596326	61	5	30	pips_l40_r400_500-8000.hdf5	right	left
1160.6985	1	Stimulus/S  1	1	11606985	11606993	62	0	20	pips_l40_r400_500-8000.hdf5	right	left
1161.7438	1	Stimulus/S  1	1	11617438	11617446	62	1	40	pips_l40_r400_500-8000.hdf5	right	left
1162.8105	1	Stimulus/S  1	1	11628105	11628113	62	2	60	pips_l40_r400_500-8000.hdf5	right	left
1163.8665	1	Stimulus/S  1	1	11638665	11638673	62	3	70	pips_l40_r400_500-8000.hdf5	right	left
1164.9118	1	Stimulus/S  1	1	11649118	11649126	62	4	50	pips_l40_r400_500-8000.hdf5	right	left
1165.9679	1	Stimulus/S  1	1	11659679	11659687	62	5	30	pips_l40_r400_500-8000.hdf5	right	left
1167.0132	1	Stimulus/S  1	1	11670132	11670140	63	0	20	pips_l40_r400_500-8000.hdf5	right	left
1168.0692	1	Stimulus/S  1	1	11680692	11680700	63	1	40	pips_l40_r400_500-8000.hdf5	right	left
1169.1359	1	Stimulus/S  1	1	11691359	11691367	63	2	60	pips_l40_r400_500-8000.hdf5	right	left
1170.1812	1	Stimulus/S  1	1	11701812	11701820	63	3	70	pips_l40_r400_500-8000.hdf5	right	left
1171.2479	1	Stimulus/S  1	1	11712479	11712487	63	4	50	pips_l40_r400_500-8000.hdf5	right	left
1172.2932	1	Stimulus/S  1	1	11722932	11722940	63	5	30	pips_l40_r400_500-8000.hdf5	right	left
1173.3493	1	Stimulus/S  1	1	11733493	11733501	64	0	20	pips_l40_r400_500-8000.hdf5	right	left
1174.3946	1	Stimulus/S  1	1	11743946	11743954	64	1	40	pips_l40_r400_500-8000.hdf5	right	left
1175.4613	1	Stimulus/S  1	1	11754613	11754621	64	2	60	pips_l40_r400_500-8000.hdf5	right	left
1176.528	1	Stimulus/S  1	1	11765280	11765288	64	3	70	pips_l40_r400_500-8000.hdf5	right	left
1177.584	1	Stimulus/S  1	1	11775840	11775848	64	4	50	pips_l40_r400_500-8000.hdf5	right	left
1178.6506	1	Stimulus/S  1	1	11786506	11786514	64	5	30	pips_l40_r400_500-8000.hdf5	right	left
1179.696	1	Stimulus/S  1	1	11796960	11796968	65	0	20	pips_l40_r400_500-8000.hdf5	right	left
1180.7627	1	Stimulus/S  1	1	11807627	11807635	65	1	40	pips_l40_r400_500-8000.hdf5	right	left
1181.8293	1	Stimulus/S  1	1	11818293	11818301	65	2	60	pips_l40_r400_500-8000.hdf5	right	left
1182.896	1	Stimulus/S  1	1	11828960	11828968	65	3	70	pips_l40_r400_500-8000.hdf5	right	left
1183.9627	1	Stimulus/S  1	1	11839627	11839635	65	4	50	pips_l40_r400_500-8000.hdf5	right	left
1185.0294	1	Stimulus/S  1	1	11850294	11850302	65	5	30	pips_l40_r400_500-8000.hdf5	right	left
1186.0961	1	Stimulus/S  1	1	11860961	11860969	66	0	20	pips_l40_r400_500-8000.hdf5	right	left
1187.1627	1	Stimulus/S  1	1	11871627	11871635	66	1	40	pips_l40_r400_500-8000.hdf5	right	left
1188.2294	1	Stimulus/S  1	1	11882294	11882302	66	2	60	pips_l40_r400_500-8000.hdf5	right	left
1189.2961	1	Stimulus/S  1	1	11892961	11892969	66	3	70	pips_l40_r400_500-8000.hdf5	right	left
1190.3521	1	Stimulus/S  1	1	11903521	11903529	66	4	50	pips_l40_r400_500-8000.hdf5	right	left
1191.4188	1	Stimulus/S  1	1	11914188	11914196	66	5	30	pips_l40_r400_500-8000.hdf5	right	left
1192.4855	1	Stimulus/S  1	1	11924855	11924863	67	0	20	pips_l40_r400_500-8000.hdf5	right	left
1193.5308	1	Stimulus/S  1	1	11935308	11935316	67	1	40	pips_l40_r400_500-8000.hdf5	right	left
1194.5868	1	Stimulus/S  1	1	11945868	11945876	67	2	60	pips_l40_r400_500-8000.hdf5	right	left
1195.6321	1	Stimulus/S  1	1	11956321	11956329	67	3	70	pips_l40_r400_500-8000.hdf5	right	left
1196.6775	1	Stimulus/S  1	1	11966775	11966783	67	4	50	pips_l40_r400_500-8000.hdf5	right	left
1197.7335	1	Stimulus/S  1	1	11977335	11977343	67	5	30	pips_l40_r400_500-8000.hdf5	right	left
1198.7788	1	Stimulus/S  1	1	11987788	11987796	68	0	20	pips_l40_r400_500-8000.hdf5	right	left
1199.8349	1	Stimulus/S  1	1	11998349	11998357	68	1	40	pips_l40_r400_500-8000.hdf5	right	left
1200.8802	1	Stimulus/S  1	1	12008802	12008810	68	2	60	pips_l40_r400_500-8000.hdf5	right	left
1201.9469	1	Stimulus/S  1	1	12019469	12019477	68	3	70	pips_l40_r400_500-8000.hdf5	right	left
1203.0029	1	Stimulus/S  1	1	12030029	12030037	68	4	50	pips_l40_r400_500-8000.hdf5	right	left
1204.0696	1	Stimulus/S  1	1	12040696	12040704	68	5	30	pips_l40_r400_500-8000.hdf5	right	left
1205.1149	1	Stimulus/S  1	1	12051149	12051157	69	0	20	pips_l40_r400_500-8000.hdf5	right	left
1206.1816	1	Stimulus/S  1	1	12061816	12061824	69	1	40	pips_l40_r400_500-8000.hdf5	right	left
1207.2483	1	Stimulus/S  1	1	12072483	12072491	69	2	60	pips_l40_r400_500-8000.hdf5	right	left
1208.3149	1	Stimulus/S  1	1	12083149	12083157	69	3	70	pips_l40_r400_500-8000.hdf5	right	left
1209.3816	1	Stimulus/S  1	1	12093816	12093824	69	4	50	pips_l40_r400_500-8000.hdf5	right	left
1210.4483	1	Stimulus/S  1	1	12104483	12104491	69	5	30	pips_l40_r400_500-8000.hdf5	right	left
1211.515	1	Stimulus/S  1	1	12115150	12115158	70	0	20	pips_l40_r400_500-8000.hdf5	right	left
1212.5603	1	Stimulus/S  1	1	12125603	12125611	70	1	40	pips_l40_r400_500-8000.hdf5	right	left
1213.627	1	Stimulus/S  1	1	12136270	12136278	70	2	60	pips_l40_r400_500-8000.hdf5	right	left
1214.6937	1	Stimulus/S  1	1	12146937	12146945	70	3	70	pips_l40_r400_500-8000.hdf5	right	left
1215.7497	1	Stimulus/S  1	1	12157497	12157505	70	4	50	pips_l40_r400_500-8000.hdf5	right	left
1216.8164	1	Stimulus/S  1	1	12168164	12168172	70	5	30	pips_l40_r400_500-8000.hdf5	right	left
1217.8617	1	Stimulus/S  1	1	12178617	12178625	71	0	20	pips_l40_r400_500-8000.hdf5	right	left
1218.9284	1	Stimulus/S  1	1	12189284	12189292	71	1	40	pips_l40_r400_500-8000.hdf5	right	left
1219.9844	1	Stimulus/S  1	1	12199844	12199852	71	2	60	pips_l40_r400_500-8000.hdf5	right	left
1221.0297	1	Stimulus/S  1	1	12210297	12210305	71	3	70	pips_l40_r400_500-8000.hdf5	right	left
1222.0857	1	Stimulus/S  1	1	12220857	12220865	71	4	50	pips_l40_r400_500-8000.hdf5	right	left
1223.1311	1	Stimulus/S  1	1	12231311	12231319	71	5	30	pips_l40_r400_500-8000.hdf5	right	left
1224.1871	1	Stimulus/S  1	1	12241871	12241879	72	0	20	pips_l40_r400_500-8000.hdf5	right	left
1225.2324	1	Stimulus/S  1	1	12252324	12252332	72	1	40	pips_l40_r400_500-8000.hdf5	right	left
1226.2778	1	Stimulus/S  1	1	12262778	12262786	72	2	60	pips_l40_r400_500-8000.hdf5	right	left
1227.3445	1	Stimulus/S  1	1	12273445	12273453	72	3	70	pips_l40_r400_500-8000.hdf5	right	left
1228.4111	1	Stimulus/S  1	1	12284111	12284119	72	4	50	pips_l40_r400_500-8000.hdf5	right	left
1229.4778	1	Stimulus/S  1	1	12294778	12294786	72	5	30	pips_l40_r400_500-8000.hdf5	right	left
1230.5445	1	Stimulus/S  1	1	12305445	12305453	73	0	20	pips_l40_r400_500-8000.hdf5	right	left
1231.6112	1	Stimulus/S  1	1	12316112	12316120	73	1	40	pips_l40_r400_500-8000.hdf5	right	left
1232.6779	1	Stimulus/S  1	1	12326779	12326787	73	2	60	pips_l40_r400_500-8000.hdf5	right	left
1233.7445	1	Stimulus/S  1	1	12337445	12337453	73	3	70	pips_l40_r400_500-8000.hdf5	right	left
1234.8112	1	Stimulus/S  1	1	12348112	12348120	73	4	50	pips_l40_r400_500-8000.hdf5	right	left
1235.8779	1	Stimulus/S  1	1	12358779	12358787	73	5	30	pips_l40_r400_500-8000.hdf5	right	left
1236.9339	1	Stimulus/S  1	1	12369339	12369347	74	0	20	pips_l40_r400_500-8000.hdf5	right	left
1238.0006	1	Stimulus/S  1	1	12380006	12380014	74	1	40	pips_l40_r400_500-8000.hdf5	right	left
1239.0672	1	Stimulus/S  1	1	12390672	12390680	74	2	60	pips_l40_r400_500-8000.hdf5	right	left
1240.1126	1	Stimulus/S  1	1	12401126	12401134	74	3	70	pips_l40_r400_500-8000.hdf5	right	left
1241.1793	1	Stimulus/S  1	1	12411793	12411801	74	4	50	pips_l40_r400_500-8000.hdf5	right	left
1242.2353	1	Stimulus/S  1	1	12422353	12422361	74	5	30	pips_l40_r400_500-8000.hdf5	right	left
1243.2806	1	Stimulus/S  1	1	12432806	12432814	75	0	20	pips_l40_r400_500-8000.hdf5	right	left
1244.3366	1	Stimulus/S  1	1	12443366	12443374	75	1	40	pips_l40_r400_500-8000.hdf5	right	left
1245.382	1	Stimulus/S  1	1	12453820	12453828	75	2	60	pips_l40_r400_500-8000.hdf5	right	left
1246.4273	1	Stimulus/S  1	1	12464273	12464281	75	3	70	pips_l40_r400_500-8000.hdf5	right	left
1247.4833	1	Stimulus/S  1	1	12474833	12474841	75	4	50	pips_l40_r400_500-8000.hdf5	right	left
1248.5287	1	Stimulus/S  1	1	12485287	12485295	75	5	30	pips_l40_r400_500-8000.hdf5	right	left
1249.5847	1	Stimulus/S  1	1	12495847	12495855	76	0	20	pips_l40_r400_500-8000.hdf5	right	left
1250.63	1	Stimulus/S  1	1	12506300	12506308	76	1	40	pips_l40_r400_500-8000.hdf5	right	left
1251.686	1	Stimulus/S  1	1	12516860	12516868	76	2	60	pips_l40_r400_500-8000.hdf5	right	left
1252.7314	1	Stimulus/S  1	1	12527314	12527322	76	3	70	pips_l40_r400_500-8000.hdf5	right	left
1253.7874	1	Stimulus/S  1	1	12537874	12537882	76	4	50	pips_l40_r400_500-8000.hdf5	right	left
1254.8327	1	Stimulus/S  1	1	12548327	12548335	76	5	30	pips_l40_r400_500-8000.hdf5	right	left
1255.8781	1	Stimulus/S  1	1	12558781	12558789	77	0	20	pips_l40_r400_500-8000.hdf5	right	left
1256.9448	1	Stimulus/S  1	1	12569448	12569456	77	1	40	pips_l40_r400_500-8000.hdf5	right	left
1258.0008	1	Stimulus/S  1	1	12580008	12580016	77	2	60	pips_l40_r400_500-8000.hdf5	right	left
1259.0674	1	Stimulus/S  1	1	12590674	12590682	77	3	70	pips_l40_r400_500-8000.hdf5	right	left
1260.1128	1	Stimulus/S  1	1	12601128	12601136	77	4	50	pips_l40_r400_500-8000.hdf5	right	left
1261.1795	1	Stimulus/S  1	1	12611795	12611803	77	5	30	pips_l40_r400_500-8000.hdf5	right	left
1262.2355	1	Stimulus/S  1	1	12622355	12622363	78	0	20	pips_l40_r400_500-8000.hdf5	right	left
1263.2808	1	Stimulus/S  1	1	12632808	12632816	78	1	40	pips_l40_r400_500-8000.hdf5	right	left
1264.3368	1	Stimulus/S  1	1	12643368	12643376	78	2	60	pips_l40_r400_500-8000.hdf5	right	left
1265.3822	1	Stimulus/S  1	1	12653822	12653830	78	3	70	pips_l40_r400_500-8000.hdf5	right	left
1266.4382	1	Stimulus/S  1	1	12664382	12664390	78	4	50	pips_l40_r400_500-8000.hdf5	right	left
1267.4835	1	Stimulus/S  1	1	12674835	12674843	78	5	30	pips_l40_r400_500-8000.hdf5	right	left
1268.5289	1	Stimulus/S  1	1	12685289	12685297	79	0	20	pips_l40_r400_500-8000.hdf5	right	left
1269.5956	1	Stimulus/S  1	1	12695956	12695964	79	1	40	pips_l40_r400_500-8000.hdf5	right	left
1270.6516	1	Stimulus/S  1	1	12706516	12706524	79	2	60	pips_l40_r400_500-8000.hdf5	right	left
1271.7182	1	Stimulus/S  1	1	12717182	12717190	79	3	70	pips_l40_r400_500-8000.hdf5	right	left
1272.7636	1	Stimulus/S  1	1	12727636	12727644	79	4	50	pips_l40_r400_500-8000.hdf5	right	left
1273.8303	1	Stimulus/S  1	1	12738303	12738311	79	5	30	pips_l40_r400_500-8000.hdf5	right	left
1274.8969	1	Stimulus/S  1	1	12748969	12748977	80	0	20	pips_l40_r400_500-8000.hdf5	right	left
1275.9636	1	Stimulus/S  1	1	12759636	12759644	80	1	40	pips_l40_r400_500-8000.hdf5	right	left
1277.0303	1	Stimulus/S  1	1	12770303	12770311	80	2	60	pips_l40_r400_500-8000.hdf5	right	left
1278.097	1	Stimulus/S  1	1	12780970	12780978	80	3	70	pips_l40_r400_500-8000.hdf5	right	left
1279.1636	1	Stimulus/S  1	1	12791636	12791644	80	4	50	pips_l40_r400_500-8000.hdf5	right	left
1280.2197	1	Stimulus/S  1	1	12802197	12802205	80	5	30	pips_l40_r400_500-8000.hdf5	right	left
1281.265	1	Stimulus/S  1	1	12812650	12812658	81	0	20	pips_l40_r400_500-8000.hdf5	right	left
1282.321	1	Stimulus/S  1	1	12823210	12823218	81	1	40	pips_l40_r400_500-8000.hdf5	right	left
1283.3664	1	Stimulus/S  1	1	12833664	12833672	81	2	60	pips_l40_r400_500-8000.hdf5	right	left
1284.4117	1	Stimulus/S  1	1	12844117	12844125	81	3	70	pips_l40_r400_500-8000.hdf5	right	left
1285.4677	1	Stimulus/S  1	1	12854677	12854685	81	4	50	pips_l40_r400_500-8000.hdf5	right	left
1286.5131	1	Stimulus/S  1	1	12865131	12865139	81	5	30	pips_l40_r400_500-8000.hdf5	right	left
1287.5691	1	Stimulus/S  1	1	12875691	12875699	82	0	20	pips_l40_r400_500-8000.hdf5	right	left
1288.6144	1	Stimulus/S  1	1	12886144	12886152	82	1	40	pips_l40_r400_500-8000.hdf5	right	left
1289.6704	1	Stimulus/S  1	1	12896704	12896712	82	2	60	pips_l40_r400_500-8000.hdf5	right	left
1290.7371	1	Stimulus/S  1	1	12907371	12907379	82	3	70	pips_l40_r400_500-8000.hdf5	right	left
1291.7824	1	Stimulus/S  1	1	12917824	12917832	82	4	50	pips_l40_r400_500-8000.hdf5	right	left
1292.8491	1	Stimulus/S  1	1	12928491	12928499	82	5	30	pips_l40_r400_500-8000.hdf5	right	left
1293.9158	1	Stimulus/S  1	1	12939158	12939166	83	0	20	pips_l40_r400_500-8000.hdf5	right	left
1294.9825	1	Stimulus/S  1	1	12949825	12949833	83	1	40	pips_l40_r400_500-8000.hdf5	right	left
1296.0491	1	Stimulus/S  1	1	12960491	12960499	83	2	60	pips_l40_r400_500-8000.hdf5	right	left
1297.1158	1	Stimulus/S  1	1	12971158	12971166	83	3	70	pips_l40_r400_500-8000.hdf5	right	left
1298.1825	1	Stimulus/S  1	1	12981825	12981833	83	4	50	pips_l40_r400_500-8000.hdf5	right	left
1299.2492	1	Stimulus/S  1	1	12992492	12992500	83	5	30	pips_l40_r400_500-8000.hdf5	right	left
1300.3159	1	Stimulus/S  1	1	13003159	13003167	84	0	20	pips_l40_r400_500-8000.hdf5	right	left
1301.3825	1	Stimulus/S  1	1	13013825	13013833	84	1	40	pips_l40_r400_500-8000.hdf5	right	left
1302.4385	1	Stimulus/S  1	1	13024385	13024393	84	2	60	pips_l40_r400_500-8000.hdf5	right	left
1303.5052	1	Stimulus/S  1	1	13035052	13035060	84	3	70	pips_l40_r400_500-8000.hdf5	right	left
1304.5719	1	Stimulus/S  1	1	13045719	13045727	84	4	50	pips_l40_r400_500-8000.hdf5	right	left
1305.6172	1	Stimulus/S  1	1	13056172	13056180	84	5	30	pips_l40_r400_500-8000.hdf5	right	left
1306.6839	1	Stimulus/S  1	1	13066839	13066847	85	0	20	pips_l40_r400_500-8000.hdf5	right	left
1307.7293	1	Stimulus/S  1	1	13077293	13077301	85	1	40	pips_l40_r400_500-8000.hdf5	right	left
1308.7853	1	Stimulus/S  1	1	13087853	13087861	85	2	60	pips_l40_r400_500-8000.hdf5	right	left
1309.8306	1	Stimulus/S  1	1	13098306	13098314	85	3	70	pips_l40_r400_500-8000.hdf5	right	left
1310.8866	1	Stimulus/S  1	1	13108866	13108874	85	4	50	pips_l40_r400_500-8000.hdf5	right	left
1311.932	1	Stimulus/S  1	1	13119320	13119328	85	5	30	pips_l40_r400_500-8000.hdf5	right	left
1312.988	1	Stimulus/S  1	1	13129880	13129888	86	0	20	pips_l40_r400_500-8000.hdf5	right	left
1314.0547	1	Stimulus/S  1	1	13140547	13140555	86	1	40	pips_l40_r400_500-8000.hdf5	right	left
1315.1	1	Stimulus/S  1	1	13151000	13151008	86	2	60	pips_l40_r400_500-8000.hdf5	right	left
1316.1667	1	Stimulus/S  1	1	13161667	13161675	86	3	70	pips_l40_r400_500-8000.hdf5	right	left
1317.2334	1	Stimulus/S  1	1	13172334	13172342	86	4	50	pips_l40_r400_500-8000.hdf5	right	left
1318.3	1	Stimulus/S  1	1	13183000	13183008	86	5	30	pips_l40_r400_500-8000.hdf5	right	left
1319.3667	1	Stimulus/S  1	1	13193667	13193675	87	0	20	pips_l40_r400_500-8000.hdf5	right	left
1320.4334	1	Stimulus/S  1	1	13204334	13204342	87	1	40	pips_l40_r400_500-8000.hdf5	right	left
1321.5001	1	Stimulus/S  1	1	13215001	13215009	87	2	60	pips_l40_r400_500-8000.hdf5	right	left
1322.5454	1	Stimulus/S  1	1	13225454	13225462	87	3	70	pips_l40_r400_500-8000.hdf5	right	left
1323.6121	1	Stimulus/S  1	1	13236121	13236129	87	4	50	pips_l40_r400_500-8000.hdf5	right	left
1324.6681	1	Stimulus/S  1	1	13246681	13246689	87	5	30	pips_l40_r400_500-8000.hdf5	right	left
1325.7348	1	Stimulus/S  1	1	13257348	13257356	88	0	20	pips_l40_r400_500-8000.hdf5	right	left
1326.7801	1	Stimulus/S  1	1	13267801	13267809	88	1	40	pips_l40_r400_500-8000.hdf5	right	left
1327.8361	1	Stimulus/S  1	1	13278361	13278369	88	2	60	pips_l40_r400_500-8000.hdf5	right	left
1328.8815	1	Stimulus/S  1	1	13288815	13288823	88	3	70	pips_l40_r400_500-8000.hdf5	right	left
1329.9375	1	Stimulus/S  1	1	13299375	13299383	88	4	50	pips_l40_r400_500-8000.hdf5	right	left
1330.9828	1	Stimulus/S  1	1	13309828	13309836	88	5	30	pips_l40_r400_500-8000.hdf5	right	left
1332.0495	1	Stimulus/S  1	1	13320495	13320503	89	0	20	pips_l40_r400_500-8000.hdf5	right	left
1333.1055	1	Stimulus/S  1	1	13331055	13331063	89	1	40	pips_l40_r400_500-8000.hdf5	right	left
1334.1722	1	Stimulus/S  1	1	13341722	13341730	89	2	60	pips_l40_r400_500-8000.hdf5	right	left
1335.2175	1	Stimulus/S  1	1	13352175	13352183	89	3	70	pips_l40_r400_500-8000.hdf5	right	left
1336.2842	1	Stimulus/S  1	1	13362842	13362850	89	4	50	pips_l40_r400_500-8000.hdf5	right	left
1337.3509	1	Stimulus/S  1	1	13373509	13373517	89	5	30	pips_l40_r400_500-8000.hdf5	right	left
1338.4176	1	Stimulus/S  1	1	13384176	13384184	90	0	20	pips_l40_r400_500-8000.hdf5	right	left
1339.4842	1	Stimulus/S  1	1	13394842	13394850	90	1	40	pips_l40_r400_500-8000.hdf5	right	left
1340.5509	1	Stimulus/S  1	1	13405509	13405517	90	2	60	pips_l40_r400_500-8000.hdf5	right	left
1341.6176	1	Stimulus/S  1	1	13416176	13416184	90	3	70	pips_l40_r400_500-8000.hdf5	right	left
1342.6629	1	Stimulus/S  1	1	13426629	13426637	90	4	50	pips_l40_r400_500-8000.hdf5	right	left
1343.7296	1	Stimulus/S  1	1	13437296	13437304	90	5	30	pips_l40_r400_500-8000.hdf5	right	left
1344.7856	1	Stimulus/S  1	1	13447856	13447864	91	0	20	pips_l40_r400_500-8000.hdf5	right	left
1345.831	1	Stimulus/S  1	1	13458310	13458318	91	1	40	pips_l40_r400_500-8000.hdf5	right	left
1346.887	1	Stimulus/S  1	1	13468870	13468878	91	2	60	pips_l40_r400_500-8000.hdf5	right	left
1347.9323	1	Stimulus/S  1	1	13479323	13479331	91	3	70	pips_l40_r400_500-8000.hdf5	right	left
1348.9883	1	Stimulus/S  1	1	13489883	13489891	91	4	50	pips_l40_r400_500-8000.hdf5	right	left
1350.0337	1	Stimulus/S  1	1	13500337	13500345	91	5	30	pips_l40_r400_500-8000.hdf5	right	left
1351.079	1	Stimulus/S  1	1	13510790	13510798	92	0	20	pips_l40_r400_500-8000.hdf5	right	left
1352.135	1	Stimulus/S  1	1	13521350	13521358	92	1	40	pips_l40_r400_500-8000.hdf5	right	left
1353.2017	1	Stimulus/S  1	1	13532017	13532025	92	2	60	pips_l40_r400_500-8000.hdf5	right	left
1354.2684	1	Stimulus/S  1	1	13542684	13542692	92	3	70	pips_l40_r400_500-8000.hdf5	right	left
1355.3351	1	Stimulus/S  1	1	13553351	13553359	92	4	50	pips_l40_r400_500-8000.hdf5	right	left
1356.4018	1	Stimulus/S  1	1	13564018	13564026	92	5	30	pips_l40_r400_500-8000.hdf5	right	left
1357.4684	1	Stimulus/S  1	1	13574684	13574692	93	0	20	pips_l40_r400_500-8000.hdf5	right	left
1358.5351	1	Stimulus/S  1	1	13585351	13585359	93	1	40	pips_l40_r400_500-8000.hdf5	right	left
1359.5804	1	Stimulus/S  1	1	13595804	13595812	93	2	60	pips_l40_r400_500-8000.hdf5	right	left
1360.6471	1	Stimulus/S  1	1	13606471	13606479	93	3	70	pips_l40_r400_500-8000.hdf5	right	left
1361.7138	1	Stimulus/S  1	1	13617138	13617146	93	4	50	pips_l40_r400_500-8000.hdf5	right	left
1362.7698	1	Stimulus/S  1	1	13627698	13627706	93	5	30	pips_l40_r400_500-8000.hdf5	right	left
1363.8152	1	Stimulus/S  1	1	13638152	13638160	94	0	20	pips_l40_r400_500-8000.hdf5	right	left
1364.8712	1	Stimulus/S  1	1	13648712	13648720	94	1	40	pips_l40_r400_500-8000.hdf5	right	left
1365.9165	1	Stimulus/S  1	1	13659165	13659173	94	2	60	pips_l40_r400_500-8000.hdf5	right	left
1366.9725	1	Stimulus/S  1	1	13669725	13669733	94	3	70	pips_l40_r400_500-8000.hdf5	right	left
1368.0179	1	Stimulus/S  1	1	13680179	13680187	94	4	50	pips_l40_r400_500-8000.hdf5	right	left
1369.0632	1	Stimulus/S  1	1	13690632	13690640	94	5	30	pips_l40_r400_500-8000.hdf5	right	left
1370.1192	1	Stimulus/S  1	1	13701192	13701200	95	0	20	pips_l40_r400_500-8000.hdf5	right	left
1371.1859	1	Stimulus/S  1	1	13711859	13711867	95	1	40	pips_l40_r400_500-8000.hdf5	right	left
1372.2312	1	Stimulus/S  1	1	13722312	13722320	95	2	60	pips_l40_r400_500-8000.hdf5	right	left
1373.2979	1	Stimulus/S  1	1	13732979	13732987	95	3	70	pips_l40_r400_500-8000.hdf5	right	left
1374.3539	1	Stimulus/S  1	1	13743539	13743547	95	4	50	pips_l40_r400_500-8000.hdf5	right	left
1375.4206	1	Stimulus/S  1	1	13754206	13754214	95	5	30	pips_l40_r400_500-8000.hdf5	right	left
1376.4873	1	Stimulus/S  1	1	13764873	13764881	96	0	20	pips_l40_r400_500-8000.hdf5	right	left
1377.554	1	Stimulus/S  1	1	13775540	13775548	96	1	40	pips_l40_r400_500-8000.hdf5	right	left
1378.6206	1	Stimulus/S  1	1	13786206	13786214	96	2	60	pips_l40_r400_500-8000.hdf5	right	left
1379.6873	1	Stimulus/S  1	1	13796873	13796881	96	3	70	pips_l40_r400_500-8000.hdf5	right	left
1380.754	1	Stimulus/S  1	1	13807540	13807548	96	4	50	pips_l40_r400_500-8000.hdf5	right	left
1381.7993	1	Stimulus/S  1	1	13817993	13818001	96	5	30	pips_l40_r400_500-8000.hdf5	right	left
1382.866	1	Stimulus/S  1	1	13828660	13828668	97	0	20	pips_l40_r400_500-8000.hdf5	right	left
1383.922	1	Stimulus/S  1	1	13839220	13839228	97	1	40	pips_l40_r400_500-8000.hdf5	right	left
1384.9674	1	Stimulus/S  1	1	13849674	13849682	97	2	60	pips_l40_r400_500-8000.hdf5	right	left
1386.0234	1	Stimulus/S  1	1	13860234	13860242	97	3	70	pips_l40_r400_500-8000.hdf5	right	left
1387.0687	1	Stimulus/S  1	1	13870687	13870695	97	4	50	pips_l40_r400_500-8000.hdf5	right	left
1388.1141	1	Stimulus/S  1	1	13881141	13881149	97	5	30	pips_l40_r400_500-8000.hdf5	right	left
1389.1701	1	Stimulus/S  1	1	13891701	13891709	98	0	20	pips_l40_r400_500-8000.hdf5	right	left
1390.2154	1	Stimulus/S  1	1	13902154	13902162	98	1	40	pips_l40_r400_500-8000.hdf5	right	left
1391.2714	1	Stimulus/S  1	1	13912714	13912722	98	2	60	pips_l40_r400_500-8000.hdf5	right	left
1392.3168	1	Stimulus/S  1	1	13923168	13923176	98	3	70	pips_l40_r400_500-8000.hdf5	right	left
1393.3728	1	Stimulus/S  1	1	13933728	13933736	98	4	50	pips_l40_r400_500-8000.hdf5	right	left
1394.4395	1	Stimulus/S  1	1	13944395	13944403	98	5	30	pips_l40_r400_500-8000.hdf5	right	left
1395.5061	1	Stimulus/S  1	1	13955061	13955069	99	0	20	pips_l40_r400_500-8000.hdf5	right	left
1396.5728	1	Stimulus/S  1	1	13965728	13965736	99	1	40	pips_l40_r400_500-8000.hdf5	right	left
1397.6395	1	Stimulus/S  1	1	13976395	13976403	99	2	60	pips_l40_r400_500-8000.hdf5	right	left
1398.7062	1	Stimulus/S  1	1	13987062	13987070	99	3	70	pips_l40_r400_500-8000.hdf5	right	left
1399.7728	1	Stimulus/S  1	1	13997728	13997736	99	4	50	pips_l40_r400_500-8000.hdf5	right	left
1400.8182	1	Stimulus/S  1	1	14008182	14008190	99	5	30	pips_l40_r400_500-8000.hdf5	right	left
1401.8849	1	Stimulus/S  1	1	14018849	14018857	100	0	20	pips_l40_r400_500-8000.hdf5	right	left
1402.9302	1	Stimulus/S  1	1	14029302	14029310	100	1	40	pips_l40_r400_500-8000.hdf5	right	left
1403.9969	1	Stimulus/S  1	1	14039969	14039977	100	2	60	pips_l40_r400_500-8000.hdf5	right	left
1405.0529	1	Stimulus/S  1	1	14050529	14050537	100	3	70	pips_l40_r400_500-8000.hdf5	right	left
1406.0982	1	Stimulus/S  1	1	14060982	14060990	100	4	50	pips_l40_r400_500-8000.hdf5	right	left
1407.1543	1	Stimulus/S  1	1	14071543	14071551	100	5	30	pips_l40_r400_500-8000.hdf5	right	left
1408.1996	1	Stimulus/S  1	1	14081996	14082004	101	0	20	pips_l40_r400_500-8000.hdf5	right	left
1409.2556	1	Stimulus/S  1	1	14092556	14092564	101	1	40	pips_l40_r400_500-8000.hdf5	right	left
1410.3223	1	Stimulus/S  1	1	14103223	14103231	101	2	60	pips_l40_r400_500-8000.hdf5	right	left
1411.3676	1	Stimulus/S  1	1	14113676	14113684	101	3	70	pips_l40_r400_500-8000.hdf5	right	left
1412.4343	1	Stimulus/S  1	1	14124343	14124351	101	4	50	pips_l40_r400_500-8000.hdf5	right	left
1413.4903	1	Stimulus/S  1	1	14134903	14134911	101	5	30	pips_l40_r400_500-8000.hdf5	right	left
1414.557	1	Stimulus/S  1	1	14145570	14145578	102	0	20	pips_l40_r400_500-8000.hdf5	right	left
1415.6237	1	Stimulus/S  1	1	14156237	14156245	102	1	40	pips_l40_r400_500-8000.hdf5	right	left
1416.6903	1	Stimulus/S  1	1	14166903	14166911	102	2	60	pips_l40_r400_500-8000.hdf5	right	left
1417.7357	1	Stimulus/S  1	1	14177357	14177365	102	3	70	pips_l40_r400_500-8000.hdf5	right	left
1418.8024	1	Stimulus/S  1	1	14188024	14188032	102	4	50	pips_l40_r400_500-8000.hdf5	right	left
1419.8477	1	Stimulus/S  1	1	14198477	14198485	102	5	30	pips_l40_r400_500-8000.hdf5	right	left
1420.9037	1	Stimulus/S  1	1	14209037	14209045	103	0	20	pips_l40_r400_500-8000.hdf5	right	left
1421.9491	1	Stimulus/S  1	1	14219491	14219499	103	1	40	pips_l40_r400_500-8000.hdf5	right	left
1423.0051	1	Stimulus/S  1	1	14230051	14230059	103	2	60	pips_l40_r400_500-8000.hdf5	right	left
1424.0504	1	Stimulus/S  1	1	14240504	14240512	103	3	70	pips_l40_r400_500-8000.hdf5	right	left
1425.1064	1	Stimulus/S  1	1	14251064	14251072	103	4	50	pips_l40_r400_500-8000.hdf5	right	left
1426.1518	1	Stimulus/S  1	1	14261518	14261526	103	5	30	pips_l40_r400_500-8000.hdf5	right	left
1427.1971	1	Stimulus/S  1	1	14271971	14271979	104	0	20	pips_l40_r400_500-8000.hdf5	right	left
1428.2531	1	Stimulus/S  1	1	14282531	14282539	104	1	40	pips_l40_r400_500-8000.hdf5	right	left
1429.2985	1	Stimulus/S  1	1	14292985	14292993	104	2	60	pips_l40_r400_500-8000.hdf5	right	left
1430.3652	1	Stimulus/S  1	1	14303652	14303660	104	3	70	pips_l40_r400_500-8000.hdf5	right	left
1431.4318	1	Stimulus/S  1	1	14314318	14314326	104	4	50	pips_l40_r400_500-8000.hdf5	right	left
1432.4985	1	Stimulus/S  1	1	14324985	14324993	104	5	30	pips_l40_r400_500-8000.hdf5	right	left
1433.5652	1	Stimulus/S  1	1	14335652	14335660	105	0	20	pips_l40_r400_500-8000.hdf5	right	left
1434.6319	1	Stimulus/S  1	1	14346319	14346327	105	1	40	pips_l40_r400_500-8000.hdf5	right	left
1435.6985	1	Stimulus/S  1	1	14356985	14356993	105	2	60	pips_l40_r400_500-8000.hdf5	right	left
1436.7545	1	Stimulus/S  1	1	14367545	14367553	105	3	70	pips_l40_r400_500-8000.hdf5	right	left
1437.8212	1	Stimulus/S  1	1	14378212	14378220	105	4	50	pips_l40_r400_500-8000.hdf5	right	left
1438.8666	1	Stimulus/S  1	1	14388666	14388674	105	5	30	pips_l40_r400_500-8000.hdf5	right	left
1439.9332	1	Stimulus/S  1	1	14399332	14399340	106	0	20	pips_l40_r400_500-8000.hdf5	right	left
1440.9893	1	Stimulus/S  1	1	14409893	14409901	106	1	40	pips_l40_r400_500-8000.hdf5	right	left
1442.0346	1	Stimulus/S  1	1	14420346	14420354	106	2	60	pips_l40_r400_500-8000.hdf5	right	left
1443.0906	1	Stimulus/S  1	1	14430906	14430914	106	3	70	pips_l40_r400_500-8000.hdf5	right	left
1444.136	1	Stimulus/S  1	1	14441360	14441368	106	4	50	pips_l40_r400_500-8000.hdf5	right	left
1445.1813	1	Stimulus/S  1	1	14451813	14451821	106	5	30	pips_l40_r400_500-8000.hdf5	right	left
1446.248	1	Stimulus/S  1	1	14462480	14462488	107	0	20	pips_l40_r400_500-8000.hdf5	right	left
1447.304	1	Stimulus/S  1	1	14473040	14473048	107	1	40	pips_l40_r400_500-8000.hdf5	right	left
1448.3707	1	Stimulus/S  1	1	14483707	14483715	107	2	60	pips_l40_r400_500-8000.hdf5	right	left
1449.416	1	Stimulus/S  1	1	14494160	14494168	107	3	70	pips_l40_r400_500-8000.hdf5	right	left
1450.4827	1	Stimulus/S  1	1	14504827	14504835	107	4	50	pips_l40_r400_500-8000.hdf5	right	left
1451.5494	1	Stimulus/S  1	1	14515494	14515502	107	5	30	pips_l40_r400_500-8000.hdf5	right	left
1452.616	1	Stimulus/S  1	1	14526160	14526168	108	0	20	pips_l40_r400_500-8000.hdf5	right	left
1453.6827	1	Stimulus/S  1	1	14536827	14536835	108	1	40	pips_l40_r400_500-8000.hdf5	right	left
1454.7494	1	Stimulus/S  1	1	14547494	14547502	108	2	60	pips_l40_r400_500-8000.hdf5	right	left
1455.8161	1	Stimulus/S  1	1	14558161	14558169	108	3	70	pips_l40_r400_500-8000.hdf5	right	left
1456.8721	1	Stimulus/S  1	1	14568721	14568729	108	4	50	pips_l40_r400_500-8000.hdf5	right	left
1457.9174	1	Stimulus/S  1	1	14579174	14579182	108	5	30	pips_l40_r400_500-8000.hdf5	right	left
1458.9734	1	Stimulus/S  1	1	14589734	14589742	109	0	20	pips_l40_r400_500-8000.hdf5	right	left
1460.0188	1	Stimulus/S  1	1	14600188	14600196	109	1	40	pips_l40_r400_500-8000.hdf5	right	left
1461.0748	1	Stimulus/S  1	1	14610748	14610756	109	2	60	pips_l40_r400_500-8000.hdf5	right	left
1462.1201	1	Stimulus/S  1	1	14621201	14621209	109	3	70	pips_l40_r400_500-8000.hdf5	right	left
1463.1655	1	Stimulus/S  1	1	14631655	14631663	109	4	50	pips_l40_r400_500-8000.hdf5	right	left
1464.2215	1	Stimulus/S  1	1	14642215	14642223	109	5	30	pips_l40_r400_500-8000.hdf5	right	left
1465.2882	1	Stimulus/S  1	1	14652882	14652890	110	0	20	pips_l40_r400_500-8000.hdf5	right	left
1466.3335	1	Stimulus/S  1	1	14663335	14663343	110	1	40	pips_l40_r400_500-8000.hdf5	right	left
1467.4002	1	Stimulus/S  1	1	14674002	14674010	110	2	60	pips_l40_r400_500-8000.hdf5	right	left
1468.4669	1	Stimulus/S  1	1	14684669	14684677	110	3	70	pips_l40_r400_500-8000.hdf5	right	left
1469.5335	1	Stimulus/S  1	1	14695335	14695343	110	4	50	pips_l40_r400_500-8000.hdf5	right	left
1470.6002	1	Stimulus/S  1	1	14706002	14706010	110	5	30	pips_l40_r400_500-8000.hdf5	right	left
1471.6669	1	Stimulus/S  1	1	14716669	14716677	111	0	20	pips_l40_r400_500-8000.hdf5	right	left
1472.7336	1	Stimulus/S  1	1	14727336	14727344	111	1	40	pips_l40_r400_500-8000.hdf5	right	left
1473.7896	1	Stimulus/S  1	1	14737896	14737904	111	2	60	pips_l40_r400_500-8000.hdf5	right	left
1474.8563	1	Stimulus/S  1	1	14748563	14748571	111	3	70	pips_l40_r400_500-8000.hdf5	right	left
1475.9016	1	Stimulus/S  1	1	14759016	14759024	111	4	50	pips_l40_r400_500-8000.hdf5	right	left
1476.9683	1	Stimulus/S  1	1	14769683	14769691	111	5	30	pips_l40_r400_500-8000.hdf5	right	left
1478.0243	1	Stimulus/S  1	1	14780243	14780251	112	0	20	pips_l40_r400_500-8000.hdf5	right	left
1479.0696	1	Stimulus/S  1	1	14790696	14790704	112	1	40	pips_l40_r400_500-8000.hdf5	right	left
1480.115	1	Stimulus/S  1	1	14801150	14801158	112	2	60	pips_l40_r400_500-8000.hdf5	right	left
1481.171	1	Stimulus/S  1	1	14811710	14811718	112	3	70	pips_l40_r400_500-8000.hdf5	right	left
1482.2163	1	Stimulus/S  1	1	14822163	14822171	112	4	50	pips_l40_r400_500-8000.hdf5	right	left
1483.2723	1	Stimulus/S  1	1	14832723	14832731	112	5	30	pips_l40_r400_500-8000.hdf5	right	left
1484.3177	1	Stimulus/S  1	1	14843177	14843185	113	0	20	pips_l40_r400_500-8000.hdf5	right	left
1485.3844	1	Stimulus/S  1	1	14853844	14853852	113	1	40	pips_l40_r400_500-8000.hdf5	right	left
1486.4404	1	Stimulus/S  1	1	14864404	14864412	113	2	60	pips_l40_r400_500-8000.hdf5	right	left
1487.5071	1	Stimulus/S  1	1	14875071	14875079	113	3	70	pips_l40_r400_500-8000.hdf5	right	left
1488.5524	1	Stimulus/S  1	1	14885524	14885532	113	4	50	pips_l40_r400_500-8000.hdf5	right	left
1489.6191	1	Stimulus/S  1	1	14896191	14896199	113	5	30	pips_l40_r400_500-8000.hdf5	right	left
1490.6858	1	Stimulus/S  1	1	14906858	14906866	114	0	20	pips_l40_r400_500-8000.hdf5	right	left
1491.7524	1	Stimulus/S  1	1	14917524	14917532	114	1	40	pips_l40_r400_500-8000.hdf5	right	left
1492.8191	1	Stimulus/S  1	1	14928191	14928199	114	2	60	pips_l40_r400_500-8000.hdf5	right	left
1493.8858	1	Stimulus/S  1	1	14938858	14938866	114	3	70	pips_l40_r400_500-8000.hdf5	right	left
1494.9525	1	Stimulus/S  1	1	14949525	14949533	114	4	50	pips_l40_r400_500-8000.hdf5	right	left
1496.0085	1	Stimulus/S  1	1	14960085	14960093	114	5	30	pips_l40_r400_500-8000.hdf5	right	left
1497.0751	1	Stimulus/S  1	1	14970751	14970759	115	0	20	pips_l40_r400_500-8000.hdf5	right	left
1498.1205	1	Stimulus/S  1	1	14981205	14981213	115	1	40	pips_l40_r400_500-8000.hdf5	right	left
1499.1658	1	Stimulus/S  1	1	14991658	14991666	115	2	60	pips_l40_r400_500-8000.hdf5	right	left
1500.2218	1	Stimulus/S  1	1	15002218	15002226	115	3	70	pips_l40_r400_500-8000.hdf5	right	left
1501.2672	1	Stimulus/S  1	1	15012672	15012680	115	4	50	pips_l40_r400_500-8000.hdf5	right	left
1502.3232	1	Stimulus/S  1	1	15023232	15023240	115	5	30	pips_l40_r400_500-8000.hdf5	right	left
1503.3685	1	Stimulus/S  1	1	15033685	15033693	116	0	20	pips_l40_r400_500-8000.hdf5	right	left
1504.4246	1	Stimulus/S  1	1	15044246	15044254	116	1	40	pips_l40_r400_500-8000.hdf5	right	left
1505.4699	1	Stimulus/S  1	1	15054699	15054707	116	2	60	pips_l40_r400_500-8000.hdf5	right	left
1506.5366	1	Stimulus/S  1	1	15065366	15065374	116	3	70	pips_l40_r400_500-8000.hdf5	right	left
1507.6033	1	Stimulus/S  1	1	15076033	15076041	116	4	50	pips_l40_r400_500-8000.hdf5	right	left
1508.6699	1	Stimulus/S  1	1	15086699	15086707	116	5	30	pips_l40_r400_500-8000.hdf5	right	left
1509.7366	1	Stimulus/S  1	1	15097366	15097374	117	0	20	pips_l40_r400_500-8000.hdf5	right	left
1510.8033	1	Stimulus/S  1	1	15108033	15108041	117	1	40	pips_l40_r400_500-8000.hdf5	right	left
1511.8486	1	Stimulus/S  1	1	15118486	15118494	117	2	60	pips_l40_r400_500-8000.hdf5	right	left
1512.9046	1	Stimulus/S  1	1	15129046	15129054	117	3	70	pips_l40_r400_500-8000.hdf5	right	left
1513.95	1	Stimulus/S  1	1	15139500	15139508	117	4	50	pips_l40_r400_500-8000.hdf5	right	left
1515.006	1	Stimulus/S  1	1	15150060	15150068	117	5	30	pips_l40_r400_500-8000.hdf5	right	left
1516.0513	1	Stimulus/S  1	1	15160513	15160521	118	0	20	pips_l40_r400_500-8000.hdf5	right	left
1517.118	1	Stimulus/S  1	1	15171180	15171188	118	1	40	pips_l40_r400_500-8000.hdf5	right	left
1518.174	1	Stimulus/S  1	1	15181740	15181748	118	2	60	pips_l40_r400_500-8000.hdf5	right	left
1519.2407	1	Stimulus/S  1	1	15192407	15192415	118	3	70	pips_l40_r400_500-8000.hdf5	right	left
1520.286	1	Stimulus/S  1	1	15202860	15202868	118	4	50	pips_l40_r400_500-8000.hdf5	right	left
1521.3527	1	Stimulus/S  1	1	15213527	15213535	118	5	30	pips_l40_r400_500-8000.hdf5	right	left
1522.4194	1	Stimulus/S  1	1	15224194	15224202	119	0	20	pips_l40_r400_500-8000.hdf5	right	left
1523.4861	1	Stimulus/S  1	1	15234861	15234869	119	1	40	pips_l40_r400_500-8000.hdf5	right	left
1524.5528	1	Stimulus/S  1	1	15245528	15245536	119	2	60	pips_l40_r400_500-8000.hdf5	right	left
1525.6194	1	Stimulus/S  1	1	15256194	15256202	119	3	70	pips_l40_r400_500-8000.hdf5	right	left
1526.6861	1	Stimulus/S  1	1	15266861	15266869	119	4	50	pips_l40_r400_500-8000.hdf5	right	left
1527.7421	1	Stimulus/S  1	1	15277421	15277429	119	5	30	pips_l40_r400_500-8000.hdf5	right	left
1528.8088	1	Stimulus/S  1	1	15288088	15288096	0	0	20	pips_l40_r400_500-8000.hdf5	right	left
1529.8541	1	Stimulus/S  1	1	15298541	15298549	0	1	40	pips_l40_r400_500-8000.hdf5	right	left
1530.8995	1	Stimulus/S  1	1	15308995	15309003	0	2	60	pips_l40_r400_500-8000.hdf5	right	left
1531.9555	1	Stimulus/S  1	1	15319555	15319563	0	3	70	pips_l40_r400_500-8000.hdf5	right	left
1533.0008	1	Stimulus/S  1	1	15330008	15330016	0	4	50	pips_l40_r400_500-8000.hdf5	right	left
1534.0568	1	Stimulus/S  1	1	15340568	15340576	0	5	30	pips_l40_r400_500-8000.hdf5	right	left
1535.1022	1	Stimulus/S  1	1	15351022	15351030	1	0	20	pips_l40_r400_500-8000.hdf5	right	left
1536.1582	1	Stimulus/S  1	1	15361582	15361590	1	1	40	pips_l40_r400_500-8000.hdf5	right	left
1537.2035	1	Stimulus/S  1	1	15372035	15372043	1	2	60	pips_l40_r400_500-8000.hdf5	right	left
1538.2702	1	Stimulus/S  1	1	15382702	15382710	1	3	70	pips_l40_r400_500-8000.hdf5	right	left
1539.3156	1	Stimulus/S  1	1	15393156	15393164	1	4	50	pips_l40_r400_500-8000.hdf5	right	left
1540.3716	1	Stimulus/S  1	1	15403716	15403724	1	5	30	pips_l40_r400_500-8000.hdf5	right	left
1541.4169	1	Stimulus/S  1	1	15414169	15414177	2	0	20	pips_l40_r400_500-8000.hdf5	right	left
1542.4729	1	Stimulus/S  1	1	15424729	15424737	2	1	40	pips_l40_r400_500-8000.hdf5	right	left
1543.5183	1	Stimulus/S  1	1	15435183	15435191	2	2	60	pips_l40_r400_500-8000.hdf5	right	left
1544.5743	1	Stimulus/S  1	1	15445743	15445751	2	3	70	pips_l40_r400_500-8000.hdf5	right	left
1545.641	1	Stimulus/S  1	1	15456410	15456418	2	4	50	pips_l40_r400_500-8000.hdf5	right	left
1546.6863	1	Stimulus/S  1	1	15466863	15466871	2	5	30	pips_l40_r400_500-8000.hdf5	right	left
1547.753	1	Stimulus/S  1	1	15477530	15477538	3	0	20	pips_l40_r400_500-8000.hdf5	right	left
1548.809	1	Stimulus/S  1	1	15488090	15488098	3	1	40	pips_l40_r400_500-8000.hdf5	right	left
1549.8757	1	Stimulus/S  1	1	15498757	15498765	3	2	60	pips_l40_r400_500-8000.hdf5	right	left
1550.9424	1	Stimulus/S  1	1	15509424	15509432	3	3	70	pips_l40_r400_500-8000.hdf5	right	left
1552.009	1	Stimulus/S  1	1	15520090	15520098	3	4	50	pips_l40_r400_500-8000.hdf5	right	left
1553.0757	1	Stimulus/S  1	1	15530757	15530765	3	5	30	pips_l40_r400_500-8000.hdf5	right	left
1554.1424	1	Stimulus/S  1	1	15541424	15541432	4	0	20	pips_l40_r400_500-8000.hdf5	right	left
1555.2091	1	Stimulus/S  1	1	15552091	15552099	4	1	40	pips_l40_r400_500-8000.hdf5	right	left
1556.2544	1	Stimulus/S  1	1	15562544	15562552	4	2	60	pips_l40_r400_500-8000.hdf5	right	left
1557.3211	1	Stimulus/S  1	1	15573211	15573219	4	3	70	pips_l40_r400_500-8000.hdf5	right	left
1558.3664	1	Stimulus/S  1	1	15583664	15583672	4	4	50	pips_l40_r400_500-8000.hdf5	right	left
1559.4224	1	Stimulus/S  1	1	15594224	15594232	4	5	30	pips_l40_r400_500-8000.hdf5	right	left
1560.4678	1	Stimulus/S  1	1	15604678	15604686	5	0	20	pips_l40_r400_500-8000.hdf5	right	left
1561.5238	1	Stimulus/S  1	1	15615238	15615246	5	1	40	pips_l40_r400_500-8000.hdf5	right	left
1562.5691	1	Stimulus/S  1	1	15625691	15625699	5	2	60	pips_l40_r400_500-8000.hdf5	right	left
1563.6251	1	Stimulus/S  1	1	15636251	15636259	5	3	70	pips_l40_r400_500-8000.hdf5	right	left
1564.6705	1	Stimulus/S  1	1	15646705	15646713	5	4	50	pips_l40_r400_500-8000.hdf5	right	left
1565.7265	1	Stimulus/S  1	1	15657265	15657273	5	5	30	pips_l40_r400_500-8000.hdf5	right	left
1566.7718	1	Stimulus/S  1	1	15667718	15667726	6	0	20	pips_l40_r400_500-8000.hdf5	right	left
1567.8172	1	Stimulus/S  1	1	15678172	15678180	6	1	40	pips_l40_r400_500-8000.hdf5	right	left
1568.8839	1	Stimulus/S  1	1	15688839	15688847	6	2	60	pips_l40_r400_500-8000.hdf5	right	left
1569.9505	1	Stimulus/S  1	1	15699505	15699513	6	3	70	pips_l40_r400_500-8000.hdf5	right	left
1571.0172	1	Stimulus/S  1	1	15710172	15710180	6	4	50	pips_l40_r400_500-8000.hdf5	right	left
1572.0839	1	Stimulus/S  1	1	15720839	15720847	6	5	30	pips_l40_r400_500-8000.hdf5	right	left
1578.133	1	Stimulus/S  1	1	15781330	15781338	7	0	20	pips_l40_r400_500-8000.hdf5	right	left
1579.1783	1	Stimulus/S  1	1	15791783	15791791	7	1	40	pips_l40_r400_500-8000.hdf5	right	left
1580.245	1	Stimulus/S  1	1	15802450	15802458	7	2	60	pips_l40_r400_500-8000.hdf5	right	left
1581.301	1	Stimulus/S  1	1	15813010	15813018	7	3	70	pips_l40_r400_500-8000.hdf5	right	left
1582.3677	1	Stimulus/S  1	1	15823677	15823685	7	4	50	pips_l40_r400_500-8000.hdf5	right	left
1583.4344	1	Stimulus/S  1	1	15834344	15834352	7	5	30	pips_l40_r400_500-8000.hdf5	right	left
1584.5011	1	Stimulus/S  1	1	15845011	15845019	8	0	20	pips_l40_r400_500-8000.hdf5	right	left
1585.5677	1	Stimulus/S  1	1	15855677	15855685	8	1	40	pips_l40_r400_500-8000.hdf5	right	left
1586.6344	1	Stimulus/S  1	1	15866344	15866352	8	2	60	pips_l40_r400_500-8000.hdf5	right	left
1587.7011	1	Stimulus/S  1	1	15877011	15877019	8	3	70	pips_l40_r400_500-8000.hdf5	right	left
1588.7464	1	Stimulus/S  1	1	15887464	15887472	8	4	50	pips_l40_r400_500-8000.hdf5	right	left
1589.7918	1	Stimulus/S  1	1	15897918	15897926	8	5	30	pips_l40_r400_500-8000.hdf5	right	left
1590.8478	1	Stimulus/S  1	1	15908478	15908486	9	0	20	pips_l40_r400_500-8000.hdf5	right	left
1591.8931	1	Stimulus/S  1	1	15918931	15918939	9	1	40	pips_l40_r400_500-8000.hdf5	right	left
1592.9491	1	Stimulus/S  1	1	15929491	15929499	9	2	60	pips_l40_r400_500-8000.hdf5	right	left
1593.9945	1	Stimulus/S  1	1	15939945	15939953	9	3	70	pips_l40_r400_500-8000.hdf5	right	left
1595.0612	1	Stimulus/S  1	1	15950612	15950620	9	4	50	pips_l40_r400_500-8000.hdf5	right	left
1596.1172	1	Stimulus/S  1	1	15961172	15961180	9	5	30	pips_l40_r400_500-8000.hdf5	right	left
1597.1839	1	Stimulus/S  1	1	15971839	15971847	10	0	20	pips_l40_r400_500-8000.hdf5	right	left
1598.2292	1	Stimulus/S  1	1	15982292	15982300	10	1	40	pips_l40_r400_500-8000.hdf5	right	left
1599.2959	1	Stimulus/S  1	1	15992959	15992967	10	2	60	pips_l40_r400_500-8000.hdf5	right	left
1600.3626	1	Stimulus/S  1	1	16003626	16003634	10	3	70	pips_l40_r400_500-8000.hdf5	right	left
1601.4292	1	Stimulus/S  1	1	16014292	16014300	10	4	50	pips_l40_r400_500-8000.hdf5	right	left
1602.4959	1	Stimulus/S  1	1	16024959	16024967	10	5	30	pips_l40_r400_500-8000.hdf5	right	left
1603.5626	1	Stimulus/S  1	1	16035626	16035634	11	0	20	pips_l40_r400_500-8000.hdf5	right	left
1604.6293	1	Stimulus/S  1	1	16046293	16046301	11	1	40	pips_l40_r400_500-8000.hdf5	right	left
1605.6746	1	Stimulus/S  1	1	16056746	16056754	11	2	60	pips_l40_r400_500-8000.hdf5	right	left
1606.7519	1	Stimulus/S  1	1	16067519	16067527	11	3	70	pips_l40_r400_500-8000.hdf5	right	left
1607.7973	1	Stimulus/S  1	1	16077973	16077981	11	4	50	pips_l40_r400_500-8000.hdf5	right	left
1608.8426	1	Stimulus/S  1	1	16088426	16088434	11	5	30	pips_l40_r400_500-8000.hdf5	right	left
1609.8986	1	Stimulus/S  1	1	16098986	16098994	12	0	20	pips_l40_r400_500-8000.hdf5	right	left
1610.944	1	Stimulus/S  1	1	16109440	16109448	12	1	40	pips_l40_r400_500-8000.hdf5	right	left
1612.0	1	Stimulus/S  1	1	16120000	16120008	12	2	60	pips_l40_r400_500-8000.hdf5	right	left
1613.0453	1	Stimulus/S  1	1	16130453	16130461	12	3	70	pips_l40_r400_500-8000.hdf5	right	left
1614.1014	1	Stimulus/S  1	1	16141014	16141022	12	4	50	pips_l40_r400_500-8000.hdf5	right	left
1615.1467	1	Stimulus/S  1	1	16151467	16151475	12	5	30	pips_l40_r400_500-8000.hdf5	right	left
1616.2134	1	Stimulus/S  1	1	16162134	16162142	13	0	20	pips_l40_r400_500-8000.hdf5	right	left
1617.2801	1	Stimulus/S  1	1	16172801	16172809	13	1	40	pips_l40_r400_500-8000.hdf5	right	left
1618.3467	1	Stimulus/S  1	1	16183467	16183475	13	2	60	pips_l40_r400_500-8000.hdf5	right	left
1619.4134	1	Stimulus/S  1	1	16194134	16194142	13	3	70	pips_l40_r400_500-8000.hdf5	right	left
1620.4801	1	Stimulus/S  1	1	16204801	16204809	13	4	50	pips_l40_r400_500-8000.hdf5	right	left
1621.5468	1	Stimulus/S  1	1	16215468	16215476	13	5	30	pips_l40_r400_500-8000.hdf5	right	left
1622.5921	1	Stimulus/S  1	1	16225921	16225929	14	0	20	pips_l40_r400_500-8000.hdf5	right	left
1623.6588	1	Stimulus/S  1	1	16236588	16236596	14	1	40	pips_l40_r400_500-8000.hdf5	right	left
1624.7148	1	Stimulus/S  1	1	16247148	16247156	14	2	60	pips_l40_r400_500-8000.hdf5	right	left
1625.7815	1	Stimulus/S  1	1	16257815	16257823	14	3	70	pips_l40_r400_500-8000.hdf5	right	left
1626.8268	1	Stimulus/S  1	1	16268268	16268276	14	4	50	pips_l40_r400_500-8000.hdf5	right	left
1627.8828	1	Stimulus/S  1	1	16278828	16278836	14	5	30	pips_l40_r400_500-8000.hdf5	right	left
1628.9282	1	Stimulus/S  1	1	16289282	16289290	15	0	20	pips_l40_r400_500-8000.hdf5	right	left
1629.9842	1	Stimulus/S  1	1	16299842	16299850	15	1	40	pips_l40_r400_500-8000.hdf5	right	left
1631.0295	1	Stimulus/S  1	1	16310295	16310303	15	2	60	pips_l40_r400_500-8000.hdf5	right	left
1632.0962	1	Stimulus/S  1	1	16320962	16320970	15	3	70	pips_l40_r400_500-8000.hdf5	right	left
1633.1522	1	Stimulus/S  1	1	16331522	16331530	15	4	50	pips_l40_r400_500-8000.hdf5	right	left
1634.2189	1	Stimulus/S  1	1	16342189	16342197	15	5	30	pips_l40_r400_500-8000.hdf5	right	left
1635.2642	1	Stimulus/S  1	1	16352642	16352650	16	0	20	pips_l40_r400_500-8000.hdf5	right	left
1636.3309	1	Stimulus/S  1	1	16363309	16363317	16	1	40	pips_l40_r400_500-8000.hdf5	right	left
1637.3976	1	Stimulus/S  1	1	16373976	16373984	16	2	60	pips_l40_r400_500-8000.hdf5	right	left
1638.4643	1	Stimulus/S  1	1	16384643	16384651	16	3	70	pips_l40_r400_500-8000.hdf5	right	left
1639.5309	1	Stimulus/S  1	1	16395309	16395317	16	4	50	pips_l40_r400_500-8000.hdf5	right	left
1640.5976	1	Stimulus/S  1	1	16405976	16405984	16	5	30	pips_l40_r400_500-8000.hdf5	right	left
1641.6643	1	Stimulus/S  1	1	16416643	16416651	17	0	20	pips_l40_r400_500-8000.hdf5	right	left
1642.7096	1	Stimulus/S  1	1	16427096	16427104	17	1	40	pips_l40_r400_500-8000.hdf5	right	left
1643.7763	1	Stimulus/S  1	1	16437763	16437771	17	2	60	pips_l40_r400_500-8000.hdf5	right	left
1644.8323	1	Stimulus/S  1	1	16448323	16448331	17	3	70	pips_l40_r400_500-8000.hdf5	right	left
1645.8777	1	Stimulus/S  1	1	16458777	16458785	17	4	50	pips_l40_r400_500-8000.hdf5	right	left
1646.9337	1	Stimulus/S  1	1	16469337	16469345	17	5	30	pips_l40_r400_500-8000.hdf5	right	left
1647.979	1	Stimulus/S  1	1	16479790	16479798	18	0	20	pips_l40_r400_500-8000.hdf5	right	left
1649.035	1	Stimulus/S  1	1	16490350	16490358	18	1	40	pips_l40_r400_500-8000.hdf5	right	left
1650.0804	1	Stimulus/S  1	1	16500804	16500812	18	2	60	pips_l40_r400_500-8000.hdf5	right	left
1651.1471	1	Stimulus/S  1	1	16511471	16511479	18	3	70	pips_l40_r400_500-8000.hdf5	right	left
1652.2137	1	Stimulus/S  1	1	16522137	16522145	18	4	50	pips_l40_r400_500-8000.hdf5	right	left
1653.2804	1	Stimulus/S  1	1	16532804	16532812	18	5	30	pips_l40_r400_500-8000.hdf5	right	left
1654.3471	1	Stimulus/S  1	1	16543471	16543479	19	0	20	pips_l40_r400_500-8000.hdf5	right	left
1655.4138	1	Stimulus/S  1	1	16554138	16554146	19	1	40	pips_l40_r400_500-8000.hdf5	right	left
1656.4804	1	Stimulus/S  1	1	16564804	16564812	19	2	60	pips_l40_r400_500-8000.hdf5	right	left
1657.5471	1	Stimulus/S  1	1	16575471	16575479	19	3	70	pips_l40_r400_500-8000.hdf5	right	left
1658.6138	1	Stimulus/S  1	1	16586138	16586146	19	4	50	pips_l40_r400_500-8000.hdf5	right	left
1659.6805	1	Stimulus/S  1	1	16596805	16596813	19	5	30	pips_l40_r400_500-8000.hdf5	right	left
1660.7258	1	Stimulus/S  1	1	16607258	16607266	20	0	20	pips_l40_r400_500-8000.hdf5	right	left
1661.7925	1	Stimulus/S  1	1	16617925	16617933	20	1	40	pips_l40_r400_500-8000.hdf5	right	left
1662.8485	1	Stimulus/S  1	1	16628485	16628493	20	2	60	pips_l40_r400_500-8000.hdf5	right	left
1663.9152	1	Stimulus/S  1	1	16639152	16639160	20	3	70	pips_l40_r400_500-8000.hdf5	right	left
1664.9605	1	Stimulus/S  1	1	16649605	16649613	20	4	50	pips_l40_r400_500-8000.hdf5	right	left
1666.0165	1	Stimulus/S  1	1	16660165	16660173	20	5	30	pips_l40_r400_500-8000.hdf5	right	left
1667.0619	1	Stimulus/S  1	1	16670619	16670627	21	0	20	pips_l40_r400_500-8000.hdf5	right	left
1668.1286	1	Stimulus/S  1	1	16681286	16681294	21	1	40	pips_l40_r400_500-8000.hdf5	right	left
1669.1846	1	Stimulus/S  1	1	16691846	16691854	21	2	60	pips_l40_r400_500-8000.hdf5	right	left
1670.2512	1	Stimulus/S  1	1	16702512	16702520	21	3	70	pips_l40_r400_500-8000.hdf5	right	left
1671.2966	1	Stimulus/S  1	1	16712966	16712974	21	4	50	pips_l40_r400_500-8000.hdf5	right	left
1672.3633	1	Stimulus/S  1	1	16723633	16723641	21	5	30	pips_l40_r400_500-8000.hdf5	right	left
1673.4299	1	Stimulus/S  1	1	16734299	16734307	22	0	20	pips_l40_r400_500-8000.hdf5	right	left
1674.4966	1	Stimulus/S  1	1	16744966	16744974	22	1	40	pips_l40_r400_500-8000.hdf5	right	left
1675.5633	1	Stimulus/S  1	1	16755633	16755641	22	2	60	pips_l40_r400_500-8000.hdf5	right	left
1676.63	1	Stimulus/S  1	1	16766300	16766308	22	3	70	pips_l40_r400_500-8000.hdf5	right	left
1677.6967	1	Stimulus/S  1	1	16776967	16776975	22	4	50	pips_l40_r400_500-8000.hdf5	right	left
1678.7527	1	Stimulus/S  1	1	16787527	16787535	22	5	30	pips_l40_r400_500-8000.hdf5	right	left
1679.8193	1	Stimulus/S  1	1	16798193	16798201	23	0	20	pips_l40_r400_500-8000.hdf5	right	left
1680.8647	1	Stimulus/S  1	1	16808647	16808655	23	1	40	pips_l40_r400_500-8000.hdf5	right	left
1681.9314	1	Stimulus/S  1	1	16819314	16819322	23	2	60	pips_l40_r400_500-8000.hdf5	right	left
1682.9767	1	Stimulus/S  1	1	16829767	16829775	23	3	70	pips_l40_r400_500-8000.hdf5	right	left
1684.0327	1	Stimulus/S  1	1	16840327	16840335	23	4	50	pips_l40_r400_500-8000.hdf5	right	left
1685.0994	1	Stimulus/S  1	1	16850994	16851002	23	5	30	pips_l40_r400_500-8000.hdf5	right	left
1686.1447	1	Stimulus/S  1	1	16861447	16861455	24	0	20	pips_l40_r400_500-8000.hdf5	right	left
1687.2114	1	Stimulus/S  1	1	16872114	16872122	24	1	40	pips_l40_r400_500-8000.hdf5	right	left
1688.2781	1	Stimulus/S  1	1	16882781	16882789	24	2	60	pips_l40_r400_500-8000.hdf5	right	left
1689.3341	1	Stimulus/S  1	1	16893341	16893349	24	3	70	pips_l40_r400_500-8000.hdf5	right	left
1690.4008	1	Stimulus/S  1	1	16904008	16904016	24	4	50	pips_l40_r400_500-8000.hdf5	right	left
1691.4461	1	Stimulus/S  1	1	16914461	16914469	24	5	30	pips_l40_r400_500-8000.hdf5	right	left
1692.5021	1	Stimulus/S  1	1	16925021	16925029	25	0	20	pips_l40_r400_500-8000.hdf5	right	left
1693.5475	1	Stimulus/S  1	1	16935475	16935483	25	1	40	pips_l40_r400_500-8000.hdf5	right	left
1694.6035	1	Stimulus/S  1	1	16946035	16946043	25	2	60	pips_l40_r400_500-8000.hdf5	right	left
1695.6488	1	Stimulus/S  1	1	16956488	16956496	25	3	70	pips_l40_r400_500-8000.hdf5	right	left
1696.6942	1	Stimulus/S  1	1	16966942	16966950	25	4	50	pips_l40_r400_500-8000.hdf5	right	left
1697.7502	1	Stimulus/S  1	1	16977502	16977510	25	5	30	pips_l40_r400_500-8000.hdf5	right	left
1698.7955	1	Stimulus/S  1	1	16987955	16987963	26	0	20	pips_l40_r400_500-8000.hdf5	right	left
1699.8622	1	Stimulus/S  1	1	16998622	16998630	26	1	40	pips_l40_r400_500-8000.hdf5	right	left
1700.9182	1	Stimulus/S  1	1	17009182	17009190	26	2	60	pips_l40_r400_500-8000.hdf5	right	left
1701.9849	1	Stimulus/S  1	1	17019849	17019857	26	3	70	pips_l40_r400_500-8000.hdf5	right	left
1703.0516	1	Stimulus/S  1	1	17030516	17030524	26	4	50	pips_l40_r400_500-8000.hdf5	right	left
1704.1182	1	Stimulus/S  1	1	17041182	17041190	26	5	30	pips_l40_r400_500-8000.hdf5	right	left
1705.1636	1	Stimulus/S  1	1	17051636	17051644	27	0	20	pips_l40_r400_500-8000.hdf5	right	left
1706.2303	1	Stimulus/S  1	1	17062303	17062311	27	1	40	pips_l40_r400_500-8000.hdf5	right	left
1707.2969	1	Stimulus/S  1	1	17072969	17072977	27	2	60	pips_l40_r400_500-8000.hdf5	right	left
1708.353	1	Stimulus/S  1	1	17083530	17083538	27	3	70	pips_l40_r400_500-8000.hdf5	right	left
1709.3983	1	Stimulus/S  1	1	17093983	17093991	27	4	50	pips_l40_r400_500-8000.hdf5	right	left
1710.4436	1	Stimulus/S  1	1	17104436	17104444	27	5	30	pips_l40_r400_500-8000.hdf5	right	left
1711.4997	1	Stimulus/S  1	1	17114997	17115005	28	0	20	pips_l40_r400_500-8000.hdf5	right	left
1712.545	1	Stimulus/S  1	1	17125450	17125458	28	1	40	pips_l40_r400_500-8000.hdf5	right	left
1713.601	1	Stimulus/S  1	1	17136010	17136018	28	2	60	pips_l40_r400_500-8000.hdf5	right	left
1714.6677	1	Stimulus/S  1	1	17146677	17146685	28	3	70	pips_l40_r400_500-8000.hdf5	right	left
1715.713	1	Stimulus/S  1	1	17157130	17157138	28	4	50	pips_l40_r400_500-8000.hdf5	right	left
1716.7797	1	Stimulus/S  1	1	17167797	17167805	28	5	30	pips_l40_r400_500-8000.hdf5	right	left
1717.8357	1	Stimulus/S  1	1	17178357	17178365	29	0	20	pips_l40_r400_500-8000.hdf5	right	left
1718.9024	1	Stimulus/S  1	1	17189024	17189032	29	1	40	pips_l40_r400_500-8000.hdf5	right	left
1719.9691	1	Stimulus/S  1	1	17199691	17199699	29	2	60	pips_l40_r400_500-8000.hdf5	right	left
1721.0357	1	Stimulus/S  1	1	17210357	17210365	29	3	70	pips_l40_r400_500-8000.hdf5	right	left
1722.1024	1	Stimulus/S  1	1	17221024	17221032	29	4	50	pips_l40_r400_500-8000.hdf5	right	left
1723.1691	1	Stimulus/S  1	1	17231691	17231699	29	5	30	pips_l40_r400_500-8000.hdf5	right	left
1724.2358	1	Stimulus/S  1	1	17242358	17242366	30	0	20	pips_l40_r400_500-8000.hdf5	right	left
1725.2811	1	Stimulus/S  1	1	17252811	17252819	30	1	40	pips_l40_r400_500-8000.hdf5	right	left
1726.3478	1	Stimulus/S  1	1	17263478	17263486	30	2	60	pips_l40_r400_500-8000.hdf5	right	left
1727.4038	1	Stimulus/S  1	1	17274038	17274046	30	3	70	pips_l40_r400_500-8000.hdf5	right	left
1728.4705	1	Stimulus/S  1	1	17284705	17284713	30	4	50	pips_l40_r400_500-8000.hdf5	right	left
1729.5158	1	Stimulus/S  1	1	17295158	17295166	30	5	30	pips_l40_r400_500-8000.hdf5	right	left
1730.5612	1	Stimulus/S  1	1	17305612	17305620	31	0	20	pips_l40_r400_500-8000.hdf5	right	left
1731.6172	1	Stimulus/S  1	1	17316172	17316180	31	1	40	pips_l40_r400_500-8000.hdf5	right	left
1732.6625	1	Stimulus/S  1	1	17326625	17326633	31	2	60	pips_l40_r400_500-8000.hdf5	right	left
1733.7185	1	Stimulus/S  1	1	17337185	17337193	31	3	70	pips_l40_r400_500-8000.hdf5	right	left
1734.7852	1	Stimulus/S  1	1	17347852	17347860	31	4	50	pips_l40_r400_500-8000.hdf5	right	left
1735.8306	1	Stimulus/S  1	1	17358306	17358314	31	5	30	pips_l40_r400_500-8000.hdf5	right	left
1736.8972	1	Stimulus/S  1	1	17368972	17368980	32	0	20	pips_l40_r400_500-8000.hdf5	right	left
1737.9532	1	Stimulus/S  1	1	17379532	17379540	32	1	40	pips_l40_r400_500-8000.hdf5	right	left
1739.0199	1	Stimulus/S  1	1	17390199	17390207	32	2	60	pips_l40_r400_500-8000.hdf5	right	left
1740.0866	1	Stimulus/S  1	1	17400866	17400874	32	3	70	pips_l40_r400_500-8000.hdf5	right	left
1741.1533	1	Stimulus/S  1	1	17411533	17411541	32	4	50	pips_l40_r400_500-8000.hdf5	right	left
1742.22	1	Stimulus/S  1	1	17422200	17422208	32	5	30	pips_l40_r400_500-8000.hdf5	right	left
1743.2866	1	Stimulus/S  1	1	17432866	17432874	33	0	20	pips_l40_r400_500-8000.hdf5	right	left
1744.3533	1	Stimulus/S  1	1	17443533	17443541	33	1	40	pips_l40_r400_500-8000.hdf5	right	left
1745.3987	1	Stimulus/S  1	1	17453987	17453995	33	2	60	pips_l40_r400_500-8000.hdf5	right	left
1746.4547	1	Stimulus/S  1	1	17464547	17464555	33	3	70	pips_l40_r400_500-8000.hdf5	right	left
1747.5	1	Stimulus/S  1	1	17475000	17475008	33	4	50	pips_l40_r400_500-8000.hdf5	right	left
1748.5454	1	Stimulus/S  1	1	17485454	17485462	33	5	30	pips_l40_r400_500-8000.hdf5	right	left
1749.6014	1	Stimulus/S  1	1	17496014	17496022	34	0	20	pips_l40_r400_500-8000.hdf5	right	left
1750.6467	1	Stimulus/S  1	1	17506467	17506475	34	1	40	pips_l40_r400_500-8000.hdf5	right	left
1751.7027	1	Stimulus/S  1	1	17517027	17517035	34	2	60	pips_l40_r400_500-8000.hdf5	right	left
1752.7481	1	Stimulus/S  1	1	17527481	17527489	34	3	70	pips_l40_r400_500-8000.hdf5	right	left
1753.8041	1	Stimulus/S  1	1	17538041	17538049	34	4	50	pips_l40_r400_500-8000.hdf5	right	left
1754.8494	1	Stimulus/S  1	1	17548494	17548502	34	5	30	pips_l40_r400_500-8000.hdf5	right	left
1755.9161	1	Stimulus/S  1	1	17559161	17559169	35	0	20	pips_l40_r400_500-8000.hdf5	right	left
1756.9614	1	Stimulus/S  1	1	17569614	17569622	35	1	40	pips_l40_r400_500-8000.hdf5	right	left
1758.0281	1	Stimulus/S  1	1	17580281	17580289	35	2	60	pips_l40_r400_500-8000.hdf5	right	left
1759.0948	1	Stimulus/S  1	1	17590948	17590956	35	3	70	pips_l40_r400_500-8000.hdf5	right	left
1760.1615	1	Stimulus/S  1	1	17601615	17601623	35	4	50	pips_l40_r400_500-8000.hdf5	right	left
1761.2281	1	Stimulus/S  1	1	17612281	17612289	35	5	30	pips_l40_r400_500-8000.hdf5	right	left
1762.2948	1	Stimulus/S  1	1	17622948	17622956	36	0	20	pips_l40_r400_500-8000.hdf5	right	left
1763.3615	1	Stimulus/S  1	1	17633615	17633623	36	1	40	pips_l40_r400_500-8000.hdf5	right	left
1764.4175	1	Stimulus/S  1	1	17644175	17644183	36	2	60	pips_l40_r400_500-8000.hdf5	right	left
1765.4842	1	Stimulus/S  1	1	17654842	17654850	36	3	70	pips_l40_r400_500-8000.hdf5	right	left
1766.5295	1	Stimulus/S  1	1	17665295	17665303	36	4	50	pips_l40_r400_500-8000.hdf5	right	left
1767.5962	1	Stimulus/S  1	1	17675962	17675970	36	5	30	pips_l40_r400_500-8000.hdf5	right	left
1768.6522	1	Stimulus/S  1	1	17686522	17686530	37	0	20	pips_l40_r400_500-8000.hdf5	right	left
1769.6976	1	Stimulus/S  1	1	17696976	17696984	37	1	40	pips_l40_r400_500-8000.hdf5	right	left
1770.7536	1	Stimulus/S  1	1	17707536	17707544	37	2	60	pips_l40_r400_500-8000.hdf5	right	left
1771.7989	1	Stimulus/S  1	1	17717989	17717997	37	3	70	pips_l40_r400_500-8000.hdf5	right	left
1772.8443	1	Stimulus/S  1	1	17728443	17728451	37	4	50	pips_l40_r400_500-8000.hdf5	right	left
1773.9216	1	Stimulus/S  1	1	17739216	17739224	37	5	30	pips_l40_r400_500-8000.hdf5	right	left
1774.9669	1	Stimulus/S  1	1	17749669	17749677	38	0	20	pips_l40_r400_500-8000.hdf5	right	left
1776.0336	1	Stimulus/S  1	1	17760336	17760344	38	1	40	pips_l40_r400_500-8000.hdf5	right	left
1777.079	1	Stimulus/S  1	1	17770790	17770798	38	2	60	pips_l40_r400_500-8000.hdf5	right	left
1778.1456	1	Stimulus/S  1	1	17781456	17781464	38	3	70	pips_l40_r400_500-8000.hdf5	right	left
1779.2123	1	Stimulus/S  1	1	17792123	17792131	38	4	50	pips_l40_r400_500-8000.hdf5	right	left
1780.279	1	Stimulus/S  1	1	17802790	17802798	38	5	30	pips_l40_r400_500-8000.hdf5	right	left
1781.3457	1	Stimulus/S  1	1	17813457	17813465	39	0	20	pips_l40_r400_500-8000.hdf5	right	left
1782.4124	1	Stimulus/S  1	1	17824124	17824132	39	1	40	pips_l40_r400_500-8000.hdf5	right	left
1783.479	1	Stimulus/S  1	1	17834790	17834798	39	2	60	pips_l40_r400_500-8000.hdf5	right	left
1784.535	1	Stimulus/S  1	1	17845350	17845358	39	3	70	pips_l40_r400_500-8000.hdf5	right	left
1785.6017	1	Stimulus/S  1	1	17856017	17856025	39	4	50	pips_l40_r400_500-8000.hdf5	right	left
1786.6471	1	Stimulus/S  1	1	17866471	17866479	39	5	30	pips_l40_r400_500-8000.hdf5	right	left
1787.7031	1	Stimulus/S  1	1	17877031	17877039	40	0	20	pips_l40_r400_500-8000.hdf5	right	left
1788.7484	1	Stimulus/S  1	1	17887484	17887492	40	1	40	pips_l40_r400_500-8000.hdf5	right	left
1789.8044	1	Stimulus/S  1	1	17898044	17898052	40	2	60	pips_l40_r400_500-8000.hdf5	right	left
1790.8498	1	Stimulus/S  1	1	17908498	17908506	40	3	70	pips_l40_r400_500-8000.hdf5	right	left
1791.8951	1	Stimulus/S  1	1	17918951	17918959	40	4	50	pips_l40_r400_500-8000.hdf5	right	left
1792.9618	1	Stimulus/S  1	1	17929618	17929626	40	5	30	pips_l40_r400_500-8000.hdf5	right	left
1794.0285	1	Stimulus/S  1	1	17940285	17940293	41	0	20	pips_l40_r400_500-8000.hdf5	right	left
1795.0951	1	Stimulus/S  1	1	17950951	17950959	41	1	40	pips_l40_r400_500-8000.hdf5	right	left
1796.1618	1	Stimulus/S  1	1	17961618	17961626	41	2	60	pips_l40_r400_500-8000.hdf5	right	left
1797.2285	1	Stimulus/S  1	1	17972285	17972293	41	3	70	pips_l40_r400_500-8000.hdf5	right	left
1798.2952	1	Stimulus/S  1	1	17982952	17982960	41	4	50	pips_l40_r400_500-8000.hdf5	right	left
1799.3512	1	Stimulus/S  1	1	17993512	17993520	41	5	30	pips_l40_r400_500-8000.hdf5	right	left
1800.4179	1	Stimulus/S  1	1	18004179	18004187	42	0	20	pips_l40_r400_500-8000.hdf5	right	left
1801.4632	1	Stimulus/S  1	1	18014632	18014640	42	1	40	pips_l40_r400_500-8000.hdf5	right	left
1802.5299	1	Stimulus/S  1	1	18025299	18025307	42	2	60	pips_l40_r400_500-8000.hdf5	right	left
1803.5859	1	Stimulus/S  1	1	18035859	18035867	42	3	70	pips_l40_r400_500-8000.hdf5	right	left
1804.6312	1	Stimulus/S  1	1	18046312	18046320	42	4	50	pips_l40_r400_500-8000.hdf5	right	left
1805.6873	1	Stimulus/S  1	1	18056873	18056881	42	5	30	pips_l40_r400_500-8000.hdf5	right	left
1806.7326	1	Stimulus/S  1	1	18067326	18067334	43	0	20	pips_l40_r400_500-8000.hdf5	right	left
1807.7886	1	Stimulus/S  1	1	18077886	18077894	43	1	40	pips_l40_r400_500-8000.hdf5	right	left
1808.8553	1	Stimulus/S  1	1	18088553	18088561	43	2	60	pips_l40_r400_500-8000.hdf5	right	left
1809.9006	1	Stimulus/S  1	1	18099006	18099014	43	3	70	pips_l40_r400_500-8000.hdf5	right	left
1810.9673	1	Stimulus/S  1	1	18109673	18109681	43	4	50	pips_l40_r400_500-8000.hdf5	right	left
1812.0126	1	Stimulus/S  1	1	18120126	18120134	43	5	30	pips_l40_r400_500-8000.hdf5	right	left
1813.0793	1	Stimulus/S  1	1	18130793	18130801	44	0	20	pips_l40_r400_500-8000.hdf5	right	left
1814.146	1	Stimulus/S  1	1	18141460	18141468	44	1	40	pips_l40_r400_500-8000.hdf5	right	left
1815.2127	1	Stimulus/S  1	1	18152127	18152135	44	2	60	pips_l40_r400_500-8000.hdf5	right	left
1816.2687	1	Stimulus/S  1	1	18162687	18162695	44	3	70	pips_l40_r400_500-8000.hdf5	right	left
1817.3354	1	Stimulus/S  1	1	18173354	18173362	44	4	50	pips_l40_r400_500-8000.hdf5	right	left
1818.3807	1	Stimulus/S  1	1	18183807	18183815	44	5	30	pips_l40_r400_500-8000.hdf5	right	left
1819.4474	1	Stimulus/S  1	1	18194474	18194482	45	0	20	pips_l40_r400_500-8000.hdf5	right	left
1820.5141	1	Stimulus/S  1	1	18205141	18205149	45	1	40	pips_l40_r400_500-8000.hdf5	right	left
1821.5701	1	Stimulus/S  1	1	18215701	18215709	45	2	60	pips_l40_r400_500-8000.hdf5	right	left
1822.6368	1	Stimulus/S  1	1	18226368	18226376	45	3	70	pips_l40_r400_500-8000.hdf5	right	left
1823.6821	1	Stimulus/S  1	1	18236821	18236829	45	4	50	pips_l40_r400_500-8000.hdf5	right	left
1824.7381	1	Stimulus/S  1	1	18247381	18247389	45	5	30	pips_l40_r400_500-8000.hdf5	right	left
1825.7835	1	Stimulus/S  1	1	18257835	18257843	46	0	20	pips_l40_r400_500-8000.hdf5	right	left
1826.8288	1	Stimulus/S  1	1	18268288	18268296	46	1	40	pips_l40_r400_500-8000.hdf5	right	left
1827.8848	1	Stimulus/S  1	1	18278848	18278856	46	2	60	pips_l40_r400_500-8000.hdf5	right	left
1828.9301	1	Stimulus/S  1	1	18289301	18289309	46	3	70	pips_l40_r400_500-8000.hdf5	right	left
1829.9968	1	Stimulus/S  1	1	18299968	18299976	46	4	50	pips_l40_r400_500-8000.hdf5	right	left
1831.0528	1	Stimulus/S  1	1	18310528	18310536	46	5	30	pips_l40_r400_500-8000.hdf5	right	left
1832.1195	1	Stimulus/S  1	1	18321195	18321203	47	0	20	pips_l40_r400_500-8000.hdf5	right	left
1833.1862	1	Stimulus/S  1	1	18331862	18331870	47	1	40	pips_l40_r400_500-8000.hdf5	right	left
1834.2315	1	Stimulus/S  1	1	18342315	18342323	47	2	60	pips_l40_r400_500-8000.hdf5	right	left
1835.2982	1	Stimulus/S  1	1	18352982	18352990	47	3	70	pips_l40_r400_500-8000.hdf5	right	left
1836.3649	1	Stimulus/S  1	1	18363649	18363657	47	4	50	pips_l40_r400_500-8000.hdf5	right	left
1837.4316	1	Stimulus/S  1	1	18374316	18374324	47	5	30	pips_l40_r400_500-8000.hdf5	right	left
1838.4876	1	Stimulus/S  1	1	18384876	18384884	48	0	20	pips_l40_r400_500-8000.hdf5	right	left
1839.5543	1	Stimulus/S  1	1	18395543	18395551	48	1	40	pips_l40_r400_500-8000.hdf5	right	left
1840.5996	1	Stimulus/S  1	1	18405996	18406004	48	2	60	pips_l40_r400_500-8000.hdf5	right	left
1841.6663	1	Stimulus/S  1	1	18416663	18416671	48	3	70	pips_l40_r400_500-8000.hdf5	right	left
1842.7223	1	Stimulus/S  1	1	18427223	18427231	48	4	50	pips_l40_r400_500-8000.hdf5	right	left
1843.7676	1	Stimulus/S  1	1	18437676	18437684	48	5	30	pips_l40_r400_500-8000.hdf5	right	left
1844.813	1	Stimulus/S  1	1	18448130	18448138	49	0	20	pips_l40_r400_500-8000.hdf5	right	left
1845.869	1	Stimulus/S  1	1	18458690	18458698	49	1	40	pips_l40_r400_500-8000.hdf5	right	left
1846.9143	1	Stimulus/S  1	1	18469143	18469151	49	2	60	pips_l40_r400_500-8000.hdf5	right	left
1847.9703	1	Stimulus/S  1	1	18479703	18479711	49	3	70	pips_l40_r400_500-8000.hdf5	right	left
1849.0157	1	Stimulus/S  1	1	18490157	18490165	49	4	50	pips_l40_r400_500-8000.hdf5	right	left
1850.0717	1	Stimulus/S  1	1	18500717	18500725	49	5	30	pips_l40_r400_500-8000.hdf5	right	left
1851.1384	1	Stimulus/S  1	1	18511384	18511392	50	0	20	pips_l40_r400_500-8000.hdf5	right	left
1852.205	1	Stimulus/S  1	1	18522050	18522058	50	1	40	pips_l40_r400_500-8000.hdf5	right	left
1853.2504	1	Stimulus/S  1	1	18532504	18532512	50	2	60	pips_l40_r400_500-8000.hdf5	right	left
1854.3171	1	Stimulus/S  1	1	18543171	18543179	50	3	70	pips_l40_r400_500-8000.hdf5	right	left
1855.3624	1	Stimulus/S  1	1	18553624	18553632	50	4	50	pips_l40_r400_500-8000.hdf5	right	left
1856.4398	1	Stimulus/S  1	1	18564398	18564406	50	5	30	pips_l40_r400_500-8000.hdf5	right	left
1857.5064	1	Stimulus/S  1	1	18575064	18575072	51	0	20	pips_l40_r400_500-8000.hdf5	right	left
1858.5624	1	Stimulus/S  1	1	18585624	18585632	51	1	40	pips_l40_r400_500-8000.hdf5	right	left
1859.6398	1	Stimulus/S  1	1	18596398	18596406	51	2	60	pips_l40_r400_500-8000.hdf5	right	left
1860.7065	1	Stimulus/S  1	1	18607065	18607073	51	3	70	pips_l40_r400_500-8000.hdf5	right	left
1861.7625	1	Stimulus/S  1	1	18617625	18617633	51	4	50	pips_l40_r400_500-8000.hdf5	right	left
1862.8398	1	Stimulus/S  1	1	18628398	18628406	51	5	30	pips_l40_r400_500-8000.hdf5	right	left
1863.9065	1	Stimulus/S  1	1	18639065	18639073	52	0	20	pips_l40_r400_500-8000.hdf5	right	left
1864.9625	1	Stimulus/S  1	1	18649625	18649633	52	1	40	pips_l40_r400_500-8000.hdf5	right	left
1866.0185	1	Stimulus/S  1	1	18660185	18660193	52	2	60	pips_l40_r400_500-8000.hdf5	right	left
1867.0639	1	Stimulus/S  1	1	18670639	18670647	52	3	70	pips_l40_r400_500-8000.hdf5	right	left
1868.1199	1	Stimulus/S  1	1	18681199	18681207	52	4	50	pips_l40_r400_500-8000.hdf5	right	left
1869.1652	1	Stimulus/S  1	1	18691652	18691660	52	5	30	pips_l40_r400_500-8000.hdf5	right	left
1870.2212	1	Stimulus/S  1	1	18702212	18702220	53	0	20	pips_l40_r400_500-8000.hdf5	right	left
1871.2666	1	Stimulus/S  1	1	18712666	18712674	53	1	40	pips_l40_r400_500-8000.hdf5	right	left
1872.3226	1	Stimulus/S  1	1	18723226	18723234	53	2	60	pips_l40_r400_500-8000.hdf5	right	left
1873.3679	1	Stimulus/S  1	1	18733679	18733687	53	3	70	pips_l40_r400_500-8000.hdf5	right	left
1874.4346	1	Stimulus/S  1	1	18744346	18744354	53	4	50	pips_l40_r400_500-8000.hdf5	right	left
1875.4799	1	Stimulus/S  1	1	18754799	18754807	53	5	30	pips_l40_r400_500-8000.hdf5	right	left
1876.536	1	Stimulus/S  1	1	18765360	18765368	54	0	20	pips_l40_r400_500-8000.hdf5	right	left
1877.5813	1	Stimulus/S  1	1	18775813	18775821	54	1	40	pips_l40_r400_500-8000.hdf5	right	left
1878.648	1	Stimulus/S  1	1	18786480	18786488	54	2	60	pips_l40_r400_500-8000.hdf5	right	left
1879.7147	1	Stimulus/S  1	1	18797147	18797155	54	3	70	pips_l40_r400_500-8000.hdf5	right	left
1880.7813	1	Stimulus/S  1	1	18807813	18807821	54	4	50	pips_l40_r400_500-8000.hdf5	right	left
1881.848	1	Stimulus/S  1	1	18818480	18818488	54	5	30	pips_l40_r400_500-8000.hdf5	right	left
1882.9147	1	Stimulus/S  1	1	18829147	18829155	55	0	20	pips_l40_r400_500-8000.hdf5	right	left
1883.9814	1	Stimulus/S  1	1	18839814	18839822	55	1	40	pips_l40_r400_500-8000.hdf5	right	left
1885.0374	1	Stimulus/S  1	1	18850374	18850382	55	2	60	pips_l40_r400_500-8000.hdf5	right	left
1886.104	1	Stimulus/S  1	1	18861040	18861048	55	3	70	pips_l40_r400_500-8000.hdf5	right	left
1887.1707	1	Stimulus/S  1	1	18871707	18871715	55	4	50	pips_l40_r400_500-8000.hdf5	right	left
1888.2161	1	Stimulus/S  1	1	18882161	18882169	55	5	30	pips_l40_r400_500-8000.hdf5	right	left
1889.2721	1	Stimulus/S  1	1	18892721	18892729	56	0	20	pips_l40_r400_500-8000.hdf5	right	left
1890.3174	1	Stimulus/S  1	1	18903174	18903182	56	1	40	pips_l40_r400_500-8000.hdf5	right	left
1891.3734	1	Stimulus/S  1	1	18913734	18913742	56	2	60	pips_l40_r400_500-8000.hdf5	right	left
1892.4188	1	Stimulus/S  1	1	18924188	18924196	56	3	70	pips_l40_r400_500-8000.hdf5	right	left
1893.4641	1	Stimulus/S  1	1	18934641	18934649	56	4	50	pips_l40_r400_500-8000.hdf5	right	left
1894.5201	1	Stimulus/S  1	1	18945201	18945209	56	5	30	pips_l40_r400_500-8000.hdf5	right	left
1895.5655	1	Stimulus/S  1	1	18955655	18955663	57	0	20	pips_l40_r400_500-8000.hdf5	right	left
1896.6215	1	Stimulus/S  1	1	18966215	18966223	57	1	40	pips_l40_r400_500-8000.hdf5	right	left
1897.6668	1	Stimulus/S  1	1	18976668	18976676	57	2	60	pips_l40_r400_500-8000.hdf5	right	left
1898.7335	1	Stimulus/S  1	1	18987335	18987343	57	3	70	pips_l40_r400_500-8000.hdf5	right	left
1899.7895	1	Stimulus/S  1	1	18997895	18997903	57	4	50	pips_l40_r400_500-8000.hdf5	right	left
1900.8349	1	Stimulus/S  1	1	19008349	19008357	57	5	30	pips_l40_r400_500-8000.hdf5	right	left
1901.8802	1	Stimulus/S  1	1	19018802	19018810	58	0	20	pips_l40_r400_500-8000.hdf5	right	left
1902.9362	1	Stimulus/S  1	1	19029362	19029370	58	1	40	pips_l40_r400_500-8000.hdf5	right	left
1903.9816	1	Stimulus/S  1	1	19039816	19039824	58	2	60	pips_l40_r400_500-8000.hdf5	right	left
1905.0376	1	Stimulus/S  1	1	19050376	19050384	58	3	70	pips_l40_r400_500-8000.hdf5	right	left
1906.0829	1	Stimulus/S  1	1	19060829	19060837	58	4	50	pips_l40_r400_500-8000.hdf5	right	left
1907.1496	1	Stimulus/S  1	1	19071496	19071504	58	5	30	pips_l40_r400_500-8000.hdf5	right	left
1908.2056	1	Stimulus/S  1	1	19082056	19082064	59	0	20	pips_l40_r400_500-8000.hdf5	right	left
1909.2723	1	Stimulus/S  1	1	19092723	19092731	59	1	40	pips_l40_r400_500-8000.hdf5	right	left
1910.339	1	Stimulus/S  1	1	19103390	19103398	59	2	60	pips_l40_r400_500-8000.hdf5	right	left
1911.4056	1	Stimulus/S  1	1	19114056	19114064	59	3	70	pips_l40_r400_500-8000.hdf5	right	left
1912.4723	1	Stimulus/S  1	1	19124723	19124731	59	4	50	pips_l40_r400_500-8000.hdf5	right	left
1913.539	1	Stimulus/S  1	1	19135390	19135398	59	5	30	pips_l40_r400_500-8000.hdf5	right	left
1914.6057	1	Stimulus/S  1	1	19146057	19146065	60	0	20	pips_l40_r400_500-8000.hdf5	right	left
1915.6723	1	Stimulus/S  1	1	19156723	19156731	60	1	40	pips_l40_r400_500-8000.hdf5	right	left
1916.739	1	Stimulus/S  1	1	19167390	19167398	60	2	60	pips_l40_r400_500-8000.hdf5	right	left
1917.8057	1	Stimulus/S  1	1	19178057	19178065	60	3	70	pips_l40_r400_500-8000.hdf5	right	left
1918.8724	1	Stimulus/S  1	1	19188724	19188732	60	4	50	pips_l40_r400_500-8000.hdf5	right	left
1919.9391	1	Stimulus/S  1	1	19199391	19199399	60	5	30	pips_l40_r400_500-8000.hdf5	right	left
1920.9844	1	Stimulus/S  1	1	19209844	19209852	61	0	20	pips_l40_r400_500-8000.hdf5	right	left
1922.0404	1	Stimulus/S  1	1	19220404	19220412	61	1	40	pips_l40_r400_500-8000.hdf5	right	left
1923.0857	1	Stimulus/S  1	1	19230857	19230865	61	2	60	pips_l40_r400_500-8000.hdf5	right	left
1924.1311	1	Stimulus/S  1	1	19241311	19241319	61	3	70	pips_l40_r400_500-8000.hdf5	right	left
1925.1871	1	Stimulus/S  1	1	19251871	19251879	61	4	50	pips_l40_r400_500-8000.hdf5	right	left
1926.2324	1	Stimulus/S  1	1	19262324	19262332	61	5	30	pips_l40_r400_500-8000.hdf5	right	left
1927.2885	1	Stimulus/S  1	1	19272885	19272893	62	0	20	pips_l40_r400_500-8000.hdf5	right	left
1928.3338	1	Stimulus/S  1	1	19283338	19283346	62	1	40	pips_l40_r400_500-8000.hdf5	right	left
1929.3898	1	Stimulus/S  1	1	19293898	19293906	62	2	60	pips_l40_r400_500-8000.hdf5	right	left
1930.4352	1	Stimulus/S  1	1	19304352	19304360	62	3	70	pips_l40_r400_500-8000.hdf5	right	left
1931.4805	1	Stimulus/S  1	1	19314805	19314813	62	4	50	pips_l40_r400_500-8000.hdf5	right	left
1932.5365	1	Stimulus/S  1	1	19325365	19325373	62	5	30	pips_l40_r400_500-8000.hdf5	right	left
1933.5819	1	Stimulus/S  1	1	19335819	19335827	63	0	20	pips_l40_r400_500-8000.hdf5	right	left
1934.6379	1	Stimulus/S  1	1	19346379	19346387	63	1	40	pips_l40_r400_500-8000.hdf5	right	left
1935.6832	1	Stimulus/S  1	1	19356832	19356840	63	2	60	pips_l40_r400_500-8000.hdf5	right	left
1936.7392	1	Stimulus/S  1	1	19367392	19367400	63	3	70	pips_l40_r400_500-8000.hdf5	right	left
1937.7846	1	Stimulus/S  1	1	19377846	19377854	63	4	50	pips_l40_r400_500-8000.hdf5	right	left
1938.8406	1	Stimulus/S  1	1	19388406	19388414	63	5	30	pips_l40_r400_500-8000.hdf5	right	left
1939.8859	1	Stimulus/S  1	1	19398859	19398867	64	0	20	pips_l40_r400_500-8000.hdf5	right	left
1940.9313	1	Stimulus/S  1	1	19409313	19409321	64	1	40	pips_l40_r400_500-8000.hdf5	right	left
1941.9873	1	Stimulus/S  1	1	19419873	19419881	64	2	60	pips_l40_r400_500-8000.hdf5	right	left
1943.0539	1	Stimulus/S  1	1	19430539	19430547	64	3	70	pips_l40_r400_500-8000.hdf5	right	left
1944.0993	1	Stimulus/S  1	1	19440993	19441001	64	4	50	pips_l40_r400_500-8000.hdf5	right	left
1945.1553	1	Stimulus/S  1	1	19451553	19451561	64	5	30	pips_l40_r400_500-8000.hdf5	right	left
1946.2006	1	Stimulus/S  1	1	19462006	19462014	65	0	20	pips_l40_r400_500-8000.hdf5	right	left
1947.2567	1	Stimulus/S  1	1	19472567	19472575	65	1	40	pips_l40_r400_500-8000.hdf5	right	left
1948.302	1	Stimulus/S  1	1	19483020	19483028	65	2	60	pips_l40_r400_500-8000.hdf5	right	left
1949.3687	1	Stimulus/S  1	1	19493687	19493695	65	3	70	pips_l40_r400_500-8000.hdf5	right	left
1950.414	1	Stimulus/S  1	1	19504140	19504148	65	4	50	pips_l40_r400_500-8000.hdf5	right	left
1951.4914	1	Stimulus/S  1	1	19514914	19514922	65	5	30	pips_l40_r400_500-8000.hdf5	right	left
1952.558	1	Stimulus/S  1	1	19525580	19525588	66	0	20	pips_l40_r400_500-8000.hdf5	right	left
1953.6034	1	Stimulus/S  1	1	19536034	19536042	66	1	40	pips_l40_r400_500-8000.hdf5	right	left
1954.6701	1	Stimulus/S  1	1	19546701	19546709	66	2	60	pips_l40_r400_500-8000.hdf5	right	left
1955.7154	1	Stimulus/S  1	1	19557154	19557162	66	3	70	pips_l40_r400_500-8000.hdf5	right	left
1956.7821	1	Stimulus/S  1	1	19567821	19567829	66	4	50	pips_l40_r400_500-8000.hdf5	right	left
1957.8488	1	Stimulus/S  1	1	19578488	19578496	66	5	30	pips_l40_r400_500-8000.hdf5	right	left
1958.9048	1	Stimulus/S  1	1	19589048	19589056	67	0	20	pips_l40_r400_500-8000.hdf5	right	left
1959.9714	1	Stimulus/S  1	1	19599714	19599722	67	1	40	pips_l40_r400_500-8000.hdf5	right	left
1961.0168	1	Stimulus/S  1	1	19610168	19610176	67	2	60	pips_l40_r400_500-8000.hdf5	right	left
1962.0835	1	Stimulus/S  1	1	19620835	19620843	67	3	70	pips_l40_r400_500-8000.hdf5	right	left
1963.1501	1	Stimulus/S  1	1	19631501	19631509	67	4	50	pips_l40_r400_500-8000.hdf5	right	left
1964.2062	1	Stimulus/S  1	1	19642062	19642070	67	5	30	pips_l40_r400_500-8000.hdf5	right	left
1965.2728	1	Stimulus/S  1	1	19652728	19652736	68	0	20	pips_l40_r400_500-8000.hdf5	right	left
1966.3182	1	Stimulus/S  1	1	19663182	19663190	68	1	40	pips_l40_r400_500-8000.hdf5	right	left
1967.3849	1	Stimulus/S  1	1	19673849	19673857	68	2	60	pips_l40_r400_500-8000.hdf5	right	left
1968.4515	1	Stimulus/S  1	1	19684515	19684523	68	3	70	pips_l40_r400_500-8000.hdf5	right	left
1969.5182	1	Stimulus/S  1	1	19695182	19695190	68	4	50	pips_l40_r400_500-8000.hdf5	right	left
1970.5742	1	Stimulus/S  1	1	19705742	19705750	68	5	30	pips_l40_r400_500-8000.hdf5	right	left
1971.6409	1	Stimulus/S  1	1	19716409	19716417	69	0	20	pips_l40_r400_500-8000.hdf5	right	left
1972.6862	1	Stimulus/S  1	1	19726862	19726870	69	1	40	pips_l40_r400_500-8000.hdf5	right	left
1973.7529	1	Stimulus/S  1	1	19737529	19737537	69	2	60	pips_l40_r400_500-8000.hdf5	right	left
1974.7983	1	Stimulus/S  1	1	19747983	19747991	69	3	70	pips_l40_r400_500-8000.hdf5	right	left
1975.8543	1	Stimulus/S  1	1	19758543	19758551	69	4	50	pips_l40_r400_500-8000.hdf5	right	left
1976.8996	1	Stimulus/S  1	1	19768996	19769004	69	5	30	pips_l40_r400_500-8000.hdf5	right	left
1977.9556	1	Stimulus/S  1	1	19779556	19779564	70	0	20	pips_l40_r400_500-8000.hdf5	right	left
1979.001	1	Stimulus/S  1	1	19790010	19790018	70	1	40	pips_l40_r400_500-8000.hdf5	right	left
1980.057	1	Stimulus/S  1	1	19800570	19800578	70	2	60	pips_l40_r400_500-8000.hdf5	right	left
1981.1023	1	Stimulus/S  1	1	19811023	19811031	70	3	70	pips_l40_r400_500-8000.hdf5	right	left
1982.169	1	Stimulus/S  1	1	19821690	19821698	70	4	50	pips_l40_r400_500-8000.hdf5	right	left
1983.225	1	Stimulus/S  1	1	19832250	19832258	70	5	30	pips_l40_r400_500-8000.hdf5	right	left
1984.2917	1	Stimulus/S  1	1	19842917	19842925	71	0	20	pips_l40_r400_500-8000.hdf5	right	left
1985.337	1	Stimulus/S  1	1	19853370	19853378	71	1	40	pips_l40_r400_500-8000.hdf5	right	left
1986.4037	1	Stimulus/S  1	1	19864037	19864045	71	2	60	pips_l40_r400_500-8000.hdf5	right	left
1987.4704	1	Stimulus/S  1	1	19874704	19874712	71	3	70	pips_l40_r400_500-8000.hdf5	right	left
1988.5157	1	Stimulus/S  1	1	19885157	19885165	71	4	50	pips_l40_r400_500-8000.hdf5	right	left
1989.5824	1	Stimulus/S  1	1	19895824	19895832	71	5	30	pips_l40_r400_500-8000.hdf5	right	left
1990.6384	1	Stimulus/S  1	1	19906384	19906392	72	0	20	pips_l40_r400_500-8000.hdf5	right	left
1991.7051	1	Stimulus/S  1	1	19917051	19917059	72	1	40	pips_l40_r400_500-8000.hdf5	right	left
1992.7718	1	Stimulus/S  1	1	19927718	19927726	72	2	60	pips_l40_r400_500-8000.hdf5	right	left
1993.8171	1	Stimulus/S  1	1	19938171	19938179	72	3	70	pips_l40_r400_500-8000.hdf5	right	left
1994.8838	1	Stimulus/S  1	1	19948838	19948846	72	4	50	pips_l40_r400_500-8000.hdf5	right	left
1995.9398	1	Stimulus/S  1	1	19959398	19959406	72	5	30	pips_l40_r400_500-8000.hdf5	right	left
1997.0065	1	Stimulus/S  1	1	19970065	19970073	73	0	20	pips_l40_r400_500-8000.hdf5	right	left
1998.0732	1	Stimulus/S  1	1	19980732	19980740	73	1	40	pips_l40_r400_500-8000.hdf5	right	left
1999.1398	1	Stimulus/S  1	1	19991398	19991406	73	2	60	pips_l40_r400_500-8000.hdf5	right	left
2000.2065	1	Stimulus/S  1	1	20002065	20002073	73	3	70	pips_l40_r400_500-8000.hdf5	right	left
2001.2732	1	Stimulus/S  1	1	20012732	20012740	73	4	50	pips_l40_r400_500-8000.hdf5	right	left
2002.3399	1	Stimulus/S  1	1	20023399	20023407	73	5	30	pips_l40_r400_500-8000.hdf5	right	left
2003.4065	1	Stimulus/S  1	1	20034065	20034073	74	0	20	pips_l40_r400_500-8000.hdf5	right	left
2004.4732	1	Stimulus/S  1	1	20044732	20044740	74	1	40	pips_l40_r400_500-8000.hdf5	right	left
2005.5399	1	Stimulus/S  1	1	20055399	20055407	74	2	60	pips_l40_r400_500-8000.hdf5	right	left
2006.6066	1	Stimulus/S  1	1	20066066	20066074	74	3	70	pips_l40_r400_500-8000.hdf5	right	left
2007.6733	1	Stimulus/S  1	1	20076733	20076741	74	4	50	pips_l40_r400_500-8000.hdf5	right	left
2008.7399	1	Stimulus/S  1	1	20087399	20087407	74	5	30	pips_l40_r400_500-8000.hdf5	right	left
2009.8066	1	Stimulus/S  1	1	20098066	20098074	75	0	20	pips_l40_r400_500-8000.hdf5	right	left
2010.8733	1	Stimulus/S  1	1	20108733	20108741	75	1	40	pips_l40_r400_500-8000.hdf5	right	left
2011.94	1	Stimulus/S  1	1	20119400	20119408	75	2	60	pips_l40_r400_500-8000.hdf5	right	left
2012.9853	1	Stimulus/S  1	1	20129853	20129861	75	3	70	pips_l40_r400_500-8000.hdf5	right	left
2014.0413	1	Stimulus/S  1	1	20140413	20140421	75	4	50	pips_l40_r400_500-8000.hdf5	right	left
2015.108	1	Stimulus/S  1	1	20151080	20151088	75	5	30	pips_l40_r400_500-8000.hdf5	right	left
2016.1533	1	Stimulus/S  1	1	20161533	20161541	76	0	20	pips_l40_r400_500-8000.hdf5	right	left
2017.22	1	Stimulus/S  1	1	20172200	20172208	76	1	40	pips_l40_r400_500-8000.hdf5	right	left
2018.2654	1	Stimulus/S  1	1	20182654	20182662	76	2	60	pips_l40_r400_500-8000.hdf5	right	left
2019.3214	1	Stimulus/S  1	1	20193214	20193222	76	3	70	pips_l40_r400_500-8000.hdf5	right	left
2020.3667	1	Stimulus/S  1	1	20203667	20203675	76	4	50	pips_l40_r400_500-8000.hdf5	right	left
2021.4227	1	Stimulus/S  1	1	20214227	20214235	76	5	30	pips_l40_r400_500-8000.hdf5	right	left
2022.4681	1	Stimulus/S  1	1	20224681	20224689	77	0	20	pips_l40_r400_500-8000.hdf5	right	left
2023.5241	1	Stimulus/S  1	1	20235241	20235249	77	1	40	pips_l40_r400_500-8000.hdf5	right	left
2024.5694	1	Stimulus/S  1	1	20245694	20245702	77	2	60	pips_l40_r400_500-8000.hdf5	right	left
2025.6361	1	Stimulus/S  1	1	20256361	20256369	77	3	70	pips_l40_r400_500-8000.hdf5	right	left
2026.7028	1	Stimulus/S  1	1	20267028	20267036	77	4	50	pips_l40_r400_500-8000.hdf5	right	left
2027.7694	1	Stimulus/S  1	1	20277694	20277702	77	5	30	pips_l40_r400_500-8000.hdf5	right	left
2028.8361	1	Stimulus/S  1	1	20288361	20288369	78	0	20	pips_l40_r400_500-8000.hdf5	right	left
2029.9028	1	Stimulus/S  1	1	20299028	20299036	78	1	40	pips_l40_r400_500-8000.hdf5	right	left
2030.9695	1	Stimulus/S  1	1	20309695	20309703	78	2	60	pips_l40_r400_500-8000.hdf5	right	left
2032.0362	1	Stimulus/S  1	1	20320362	20320370	78	3	70	pips_l40_r400_500-8000.hdf5	right	left
2033.1028	1	Stimulus/S  1	1	20331028	20331036	78	4	50	pips_l40_r400_500-8000.hdf5	right	left
2034.1695	1	Stimulus/S  1	1	20341695	20341703	78	5	30	pips_l40_r400_500-8000.hdf5	right	left
2035.2362	1	Stimulus/S  1	1	20352362	20352370	79	0	20	pips_l40_r400_500-8000.hdf5	right	left
2036.3029	1	Stimulus/S  1	1	20363029	20363037	79	1	40	pips_l40_r400_500-8000.hdf5	right	left
2037.3695	1	Stimulus/S  1	1	20373695	20373703	79	2	60	pips_l40_r400_500-8000.hdf5	right	left
2038.4362	1	Stimulus/S  1	1	20384362	20384370	79	3	70	pips_l40_r400_500-8000.hdf5	right	left
2039.5029	1	Stimulus/S  1	1	20395029	20395037	79	4	50	pips_l40_r400_500-8000.hdf5	right	left
2040.5696	1	Stimulus/S  1	1	20405696	20405704	79	5	30	pips_l40_r400_500-8000.hdf5	right	left
2041.6363	1	Stimulus/S  1	1	20416363	20416371	80	0	20	pips_l40_r400_500-8000.hdf5	right	left
2042.7029	1	Stimulus/S  1	1	20427029	20427037	80	1	40	pips_l40_r400_500-8000.hdf5	right	left
2043.7696	1	Stimulus/S  1	1	20437696	20437704	80	2	60	pips_l40_r400_500-8000.hdf5	right	left
2044.8256	1	Stimulus/S  1	1	20448256	20448264	80	3	70	pips_l40_r400_500-8000.hdf5	right	left
2045.8923	1	Stimulus/S  1	1	20458923	20458931	80	4	50	pips_l40_r400_500-8000.hdf5	right	left
2046.959	1	Stimulus/S  1	1	20469590	20469598	80	5	30	pips_l40_r400_500-8000.hdf5	right	left
2048.0043	1	Stimulus/S  1	1	20480043	20480051	81	0	20	pips_l40_r400_500-8000.hdf5	right	left
2049.071	1	Stimulus/S  1	1	20490710	20490718	81	1	40	pips_l40_r400_500-8000.hdf5	right	left
2050.1163	1	Stimulus/S  1	1	20501163	20501171	81	2	60	pips_l40_r400_500-8000.hdf5	right	left
2051.183	1	Stimulus/S  1	1	20511830	20511838	81	3	70	pips_l40_r400_500-8000.hdf5	right	left
2052.2497	1	Stimulus/S  1	1	20522497	20522505	81	4	50	pips_l40_r400_500-8000.hdf5	right	left
2053.3057	1	Stimulus/S  1	1	20533057	20533065	81	5	30	pips_l40_r400_500-8000.hdf5	right	left
2054.3724	1	Stimulus/S  1	1	20543724	20543732	82	0	20	pips_l40_r400_500-8000.hdf5	right	left
2055.4177	1	Stimulus/S  1	1	20554177	20554185	82	1	40	pips_l40_r400_500-8000.hdf5	right	left
2056.4844	1	Stimulus/S  1	1	20564844	20564852	82	2	60	pips_l40_r400_500-8000.hdf5	right	left
2057.5511	1	Stimulus/S  1	1	20575511	20575519	82	3	70	pips_l40_r400_500-8000.hdf5	right	left
2058.6071	1	Stimulus/S  1	1	20586071	20586079	82	4	50	pips_l40_r400_500-8000.hdf5	right	left
2059.6738	1	Stimulus/S  1	1	20596738	20596746	82	5	30	pips_l40_r400_500-8000.hdf5	right	left
2060.7191	1	Stimulus/S  1	1	20607191	20607199	83	0	20	pips_l40_r400_500-8000.hdf5	right	left
2061.7858	1	Stimulus/S  1	1	20617858	20617866	83	1	40	pips_l40_r400_500-8000.hdf5	right	left
2062.8418	1	Stimulus/S  1	1	20628418	20628426	83	2	60	pips_l40_r400_500-8000.hdf5	right	left
2063.9085	1	Stimulus/S  1	1	20639085	20639093	83	3	70	pips_l40_r400_500-8000.hdf5	right	left
2064.9538	1	Stimulus/S  1	1	20649538	20649546	83	4	50	pips_l40_r400_500-8000.hdf5	right	left
2066.0098	1	Stimulus/S  1	1	20660098	20660106	83	5	30	pips_l40_r400_500-8000.hdf5	right	left
2067.0552	1	Stimulus/S  1	1	20670552	20670560	84	0	20	pips_l40_r400_500-8000.hdf5	right	left
2068.1005	1	Stimulus/S  1	1	20681005	20681013	84	1	40	pips_l40_r400_500-8000.hdf5	right	left
2069.1565	1	Stimulus/S  1	1	20691565	20691573	84	2	60	pips_l40_r400_500-8000.hdf5	right	left
2070.2019	1	Stimulus/S  1	1	20702019	20702027	84	3	70	pips_l40_r400_500-8000.hdf5	right	left
2071.2579	1	Stimulus/S  1	1	20712579	20712587	84	4	50	pips_l40_r400_500-8000.hdf5	right	left
2072.3032	1	Stimulus/S  1	1	20723032	20723040	84	5	30	pips_l40_r400_500-8000.hdf5	right	left
2073.3592	1	Stimulus/S  1	1	20733592	20733600	85	0	20	pips_l40_r400_500-8000.hdf5	right	left
2074.4046	1	Stimulus/S  1	1	20744046	20744054	85	1	40	pips_l40_r400_500-8000.hdf5	right	left
2075.4499	1	Stimulus/S  1	1	20754499	20754507	85	2	60	pips_l40_r400_500-8000.hdf5	right	left
2076.5166	1	Stimulus/S  1	1	20765166	20765174	85	3	70	pips_l40_r400_500-8000.hdf5	right	left
2077.5726	1	Stimulus/S  1	1	20775726	20775734	85	4	50	pips_l40_r400_500-8000.hdf5	right	left
2078.618	1	Stimulus/S  1	1	20786180	20786188	85	5	30	pips_l40_r400_500-8000.hdf5	right	left
2079.674	1	Stimulus/S  1	1	20796740	20796748	86	0	20	pips_l40_r400_500-8000.hdf5	right	left
2080.7406	1	Stimulus/S  1	1	20807406	20807414	86	1	40	pips_l40_r400_500-8000.hdf5	right	left
2081.786	1	Stimulus/S  1	1	20817860	20817868	86	2	60	pips_l40_r400_500-8000.hdf5	right	left
2082.8527	1	Stimulus/S  1	1	20828527	20828535	86	3	70	pips_l40_r400_500-8000.hdf5	right	left
2083.9193	1	Stimulus/S  1	1	20839193	20839201	86	4	50	pips_l40_r400_500-8000.hdf5	right	left
2084.9753	1	Stimulus/S  1	1	20849753	20849761	86	5	30	pips_l40_r400_500-8000.hdf5	right	left
2086.042	1	Stimulus/S  1	1	20860420	20860428	87	0	20	pips_l40_r400_500-8000.hdf5	right	left
2087.0874	1	Stimulus/S  1	1	20870874	20870882	87	1	40	pips_l40_r400_500-8000.hdf5	right	left
2088.154	1	Stimulus/S  1	1	20881540	20881548	87	2	60	pips_l40_r400_500-8000.hdf5	right	left
2089.2207	1	Stimulus/S  1	1	20892207	20892215	87	3	70	pips_l40_r400_500-8000.hdf5	right	left
2090.2874	1	Stimulus/S  1	1	20902874	20902882	87	4	50	pips_l40_r400_500-8000.hdf5	right	left
2091.3541	1	Stimulus/S  1	1	20913541	20913549	87	5	30	pips_l40_r400_500-8000.hdf5	right	left
2092.4208	1	Stimulus/S  1	1	20924208	20924216	88	0	20	pips_l40_r400_500-8000.hdf5	right	left
2093.4874	1	Stimulus/S  1	1	20934874	20934882	88	1	40	pips_l40_r400_500-8000.hdf5	right	left
2094.5541	1	Stimulus/S  1	1	20945541	20945549	88	2	60	pips_l40_r400_500-8000.hdf5	right	left
2095.6208	1	Stimulus/S  1	1	20956208	20956216	88	3	70	pips_l40_r400_500-8000.hdf5	right	left
2096.6875	1	Stimulus/S  1	1	20966875	20966883	88	4	50	pips_l40_r400_500-8000.hdf5	right	left
2097.7541	1	Stimulus/S  1	1	20977541	20977549	88	5	30	pips_l40_r400_500-8000.hdf5	right	left
2098.8208	1	Stimulus/S  1	1	20988208	20988216	89	0	20	pips_l40_r400_500-8000.hdf5	right	left
2099.8875	1	Stimulus/S  1	1	20998875	20998883	89	1	40	pips_l40_r400_500-8000.hdf5	right	left
2100.9542	1	Stimulus/S  1	1	21009542	21009550	89	2	60	pips_l40_r400_500-8000.hdf5	right	left
2102.0208	1	Stimulus/S  1	1	21020208	21020216	89	3	70	pips_l40_r400_500-8000.hdf5	right	left
2103.0875	1	Stimulus/S  1	1	21030875	21030883	89	4	50	pips_l40_r400_500-8000.hdf5	right	left
2104.1542	1	Stimulus/S  1	1	21041542	21041550	89	5	30	pips_l40_r400_500-8000.hdf5	right	left
2105.2209	1	Stimulus/S  1	1	21052209	21052217	90	0	20	pips_l40_r400_500-8000.hdf5	right	left
2106.2876	1	Stimulus/S  1	1	21062876	21062884	90	1	40	pips_l40_r400_500-8000.hdf5	right	left
2107.3436	1	Stimulus/S  1	1	21073436	21073444	90	2	60	pips_l40_r400_500-8000.hdf5	right	left
2108.4102	1	Stimulus/S  1	1	21084102	21084110	90	3	70	pips_l40_r400_500-8000.hdf5	right	left
2109.4556	1	Stimulus/S  1	1	21094556	21094564	90	4	50	pips_l40_r400_500-8000.hdf5	right	left
2110.5223	1	Stimulus/S  1	1	21105223	21105231	90	5	30	pips_l40_r400_500-8000.hdf5	right	left
2111.5676	1	Stimulus/S  1	1	21115676	21115684	91	0	20	pips_l40_r400_500-8000.hdf5	right	left
2112.6236	1	Stimulus/S  1	1	21126236	21126244	91	1	40	pips_l40_r400_500-8000.hdf5	right	left
2113.669	1	Stimulus/S  1	1	21136690	21136698	91	2	60	pips_l40_r400_500-8000.hdf5	right	left
2114.725	1	Stimulus/S  1	1	21147250	21147258	91	3	70	pips_l40_r400_500-8000.hdf5	right	left
2115.7703	1	Stimulus/S  1	1	21157703	21157711	91	4	50	pips_l40_r400_500-8000.hdf5	right	left
2116.8263	1	Stimulus/S  1	1	21168263	21168271	91	5	30	pips_l40_r400_500-8000.hdf5	right	left
2117.8717	1	Stimulus/S  1	1	21178717	21178725	92	0	20	pips_l40_r400_500-8000.hdf5	right	left
2118.917	1	Stimulus/S  1	1	21189170	21189178	92	1	40	pips_l40_r400_500-8000.hdf5	right	left
2119.973	1	Stimulus/S  1	1	21199730	21199738	92	2	60	pips_l40_r400_500-8000.hdf5	right	left
2121.0184	1	Stimulus/S  1	1	21210184	21210192	92	3	70	pips_l40_r400_500-8000.hdf5	right	left
2122.0744	1	Stimulus/S  1	1	21220744	21220752	92	4	50	pips_l40_r400_500-8000.hdf5	right	left
2123.1197	1	Stimulus/S  1	1	21231197	21231205	92	5	30	pips_l40_r400_500-8000.hdf5	right	left
2124.1757	1	Stimulus/S  1	1	21241757	21241765	93	0	20	pips_l40_r400_500-8000.hdf5	right	left
2125.2424	1	Stimulus/S  1	1	21252424	21252432	93	1	40	pips_l40_r400_500-8000.hdf5	right	left
2126.2878	1	Stimulus/S  1	1	21262878	21262886	93	2	60	pips_l40_r400_500-8000.hdf5	right	left
2127.3544	1	Stimulus/S  1	1	21273544	21273552	93	3	70	pips_l40_r400_500-8000.hdf5	right	left
2128.4104	1	Stimulus/S  1	1	21284104	21284112	93	4	50	pips_l40_r400_500-8000.hdf5	right	left
2129.4771	1	Stimulus/S  1	1	21294771	21294779	93	5	30	pips_l40_r400_500-8000.hdf5	right	left
2130.5438	1	Stimulus/S  1	1	21305438	21305446	94	0	20	pips_l40_r400_500-8000.hdf5	right	left
2131.6105	1	Stimulus/S  1	1	21316105	21316113	94	1	40	pips_l40_r400_500-8000.hdf5	right	left
2132.6772	1	Stimulus/S  1	1	21326772	21326780	94	2	60	pips_l40_r400_500-8000.hdf5	right	left
2133.7438	1	Stimulus/S  1	1	21337438	21337446	94	3	70	pips_l40_r400_500-8000.hdf5	right	left
2134.8105	1	Stimulus/S  1	1	21348105	21348113	94	4	50	pips_l40_r400_500-8000.hdf5	right	left
2135.8772	1	Stimulus/S  1	1	21358772	21358780	94	5	30	pips_l40_r400_500-8000.hdf5	right	left
2136.9439	1	Stimulus/S  1	1	21369439	21369447	95	0	20	pips_l40_r400_500-8000.hdf5	right	left
2138.0105	1	Stimulus/S  1	1	21380105	21380113	95	1	40	pips_l40_r400_500-8000.hdf5	right	left
2139.0559	1	Stimulus/S  1	1	21390559	21390567	95	2	60	pips_l40_r400_500-8000.hdf5	right	left
2140.1226	1	Stimulus/S  1	1	21401226	21401234	95	3	70	pips_l40_r400_500-8000.hdf5	right	left
2141.1679	1	Stimulus/S  1	1	21411679	21411687	95	4	50	pips_l40_r400_500-8000.hdf5	right	left
2142.2346	1	Stimulus/S  1	1	21422346	21422354	95	5	30	pips_l40_r400_500-8000.hdf5	right	left
2143.2906	1	Stimulus/S  1	1	21432906	21432914	96	0	20	pips_l40_r400_500-8000.hdf5	right	left
2144.3359	1	Stimulus/S  1	1	21443359	21443367	96	1	40	pips_l40_r400_500-8000.hdf5	right	left
2145.3919	1	Stimulus/S  1	1	21453919	21453927	96	2	60	pips_l40_r400_500-8000.hdf5	right	left
2146.4373	1	Stimulus/S  1	1	21464373	21464381	96	3	70	pips_l40_r400_500-8000.hdf5	right	left
2147.4933	1	Stimulus/S  1	1	21474933	21474941	96	4	50	pips_l40_r400_500-8000.hdf5	right	left
2148.5386	1	Stimulus/S  1	1	21485386	21485394	96	5	30	pips_l40_r400_500-8000.hdf5	right	left
2149.584	1	Stimulus/S  1	1	21495840	21495848	97	0	20	pips_l40_r400_500-8000.hdf5	right	left
2150.64	1	Stimulus/S  1	1	21506400	21506408	97	1	40	pips_l40_r400_500-8000.hdf5	right	left
2151.6853	1	Stimulus/S  1	1	21516853	21516861	97	2	60	pips_l40_r400_500-8000.hdf5	right	left
2152.7413	1	Stimulus/S  1	1	21527413	21527421	97	3	70	pips_l40_r400_500-8000.hdf5	right	left
2153.7867	1	Stimulus/S  1	1	21537867	21537875	97	4	50	pips_l40_r400_500-8000.hdf5	right	left
2154.8534	1	Stimulus/S  1	1	21548534	21548542	97	5	30	pips_l40_r400_500-8000.hdf5	right	left
2155.9094	1	Stimulus/S  1	1	21559094	21559102	98	0	20	pips_l40_r400_500-8000.hdf5	right	left
2156.9761	1	Stimulus/S  1	1	21569761	21569769	98	1	40	pips_l40_r400_500-8000.hdf5	right	left
2158.0214	1	Stimulus/S  1	1	21580214	21580222	98	2	60	pips_l40_r400_500-8000.hdf5	right	left
2159.0881	1	Stimulus/S  1	1	21590881	21590889	98	3	70	pips_l40_r400_500-8000.hdf5	right	left
2160.1548	1	Stimulus/S  1	1	21601548	21601556	98	4	50	pips_l40_r400_500-8000.hdf5	right	left
2161.2214	1	Stimulus/S  1	1	21612214	21612222	98	5	30	pips_l40_r400_500-8000.hdf5	right	left
2162.2881	1	Stimulus/S  1	1	21622881	21622889	99	0	20	pips_l40_r400_500-8000.hdf5	right	left
2163.3548	1	Stimulus/S  1	1	21633548	21633556	99	1	40	pips_l40_r400_500-8000.hdf5	right	left
2164.4215	1	Stimulus/S  1	1	21644215	21644223	99	2	60	pips_l40_r400_500-8000.hdf5	right	left
2165.4881	1	Stimulus/S  1	1	21654881	21654889	99	3	70	pips_l40_r400_500-8000.hdf5	right	left
2166.5548	1	Stimulus/S  1	1	21665548	21665556	99	4	50	pips_l40_r400_500-8000.hdf5	right	left
2167.6215	1	Stimulus/S  1	1	21676215	21676223	99	5	30	pips_l40_r400_500-8000.hdf5	right	left
2168.6775	1	Stimulus/S  1	1	21686775	21686783	100	0	20	pips_l40_r400_500-8000.hdf5	right	left
2169.7442	1	Stimulus/S  1	1	21697442	21697450	100	1	40	pips_l40_r400_500-8000.hdf5	right	left
2170.7895	1	Stimulus/S  1	1	21707895	21707903	100	2	60	pips_l40_r400_500-8000.hdf5	right	left
2171.8562	1	Stimulus/S  1	1	21718562	21718570	100	3	70	pips_l40_r400_500-8000.hdf5	right	left
2172.9015	1	Stimulus/S  1	1	21729015	21729023	100	4	50	pips_l40_r400_500-8000.hdf5	right	left
2173.9576	1	Stimulus/S  1	1	21739576	21739584	100	5	30	pips_l40_r400_500-8000.hdf5	right	left
2175.0029	1	Stimulus/S  1	1	21750029	21750037	101	0	20	pips_l40_r400_500-8000.hdf5	right	left
2176.0696	1	Stimulus/S  1	1	21760696	21760704	101	1	40	pips_l40_r400_500-8000.hdf5	right	left
2177.1256	1	Stimulus/S  1	1	21771256	21771264	101	2	60	pips_l40_r400_500-8000.hdf5	right	left
2178.1709	1	Stimulus/S  1	1	21781709	21781717	101	3	70	pips_l40_r400_500-8000.hdf5	right	left
2179.2269	1	Stimulus/S  1	1	21792269	21792277	101	4	50	pips_l40_r400_500-8000.hdf5	right	left
2180.2723	1	Stimulus/S  1	1	21802723	21802731	101	5	30	pips_l40_r400_500-8000.hdf5	right	left
2181.3283	1	Stimulus/S  1	1	21813283	21813291	102	0	20	pips_l40_r400_500-8000.hdf5	right	left
2182.395	1	Stimulus/S  1	1	21823950	21823958	102	1	40	pips_l40_r400_500-8000.hdf5	right	left
2183.4403	1	Stimulus/S  1	1	21834403	21834411	102	2	60	pips_l40_r400_500-8000.hdf5	right	left
2184.507	1	Stimulus/S  1	1	21845070	21845078	102	3	70	pips_l40_r400_500-8000.hdf5	right	left
2185.5737	1	Stimulus/S  1	1	21855737	21855745	102	4	50	pips_l40_r400_500-8000.hdf5	right	left
2186.6404	1	Stimulus/S  1	1	21866404	21866412	102	5	30	pips_l40_r400_500-8000.hdf5	right	left
2187.707	1	Stimulus/S  1	1	21877070	21877078	103	0	20	pips_l40_r400_500-8000.hdf5	right	left
2188.7737	1	Stimulus/S  1	1	21887737	21887745	103	1	40	pips_l40_r400_500-8000.hdf5	right	left
2189.8404	1	Stimulus/S  1	1	21898404	21898412	103	2	60	pips_l40_r400_500-8000.hdf5	right	left
2190.8857	1	Stimulus/S  1	1	21908857	21908865	103	3	70	pips_l40_r400_500-8000.hdf5	right	left
2191.9524	1	Stimulus/S  1	1	21919524	21919532	103	4	50	pips_l40_r400_500-8000.hdf5	right	left
2193.0191	1	Stimulus/S  1	1	21930191	21930199	103	5	30	pips_l40_r400_500-8000.hdf5	right	left
2194.0751	1	Stimulus/S  1	1	21940751	21940759	104	0	20	pips_l40_r400_500-8000.hdf5	right	left
2195.1204	1	Stimulus/S  1	1	21951204	21951212	104	1	40	pips_l40_r400_500-8000.hdf5	right	left
2196.1764	1	Stimulus/S  1	1	21961764	21961772	104	2	60	pips_l40_r400_500-8000.hdf5	right	left
2197.2218	1	Stimulus/S  1	1	21972218	21972226	104	3	70	pips_l40_r400_500-8000.hdf5	right	left
2198.2778	1	Stimulus/S  1	1	21982778	21982786	104	4	50	pips_l40_r400_500-8000.hdf5	right	left
2199.3231	1	Stimulus/S  1	1	21993231	21993239	104	5	30	pips_l40_r400_500-8000.hdf5	right	left
2200.3685	1	Stimulus/S  1	1	22003685	22003693	105	0	20	pips_l40_r400_500-8000.hdf5	right	left
2201.4245	1	Stimulus/S  1	1	22014245	22014253	105	1	40	pips_l40_r400_500-8000.hdf5	right	left
2202.4912	1	Stimulus/S  1	1	22024912	22024920	105	2	60	pips_l40_r400_500-8000.hdf5	right	left
2203.5365	1	Stimulus/S  1	1	22035365	22035373	105	3	70	pips_l40_r400_500-8000.hdf5	right	left
2204.6032	1	Stimulus/S  1	1	22046032	22046040	105	4	50	pips_l40_r400_500-8000.hdf5	right	left
2205.6592	1	Stimulus/S  1	1	22056592	22056600	105	5	30	pips_l40_r400_500-8000.hdf5	right	left
2206.7259	1	Stimulus/S  1	1	22067259	22067267	106	0	20	pips_l40_r400_500-8000.hdf5	right	left
2207.7926	1	Stimulus/S  1	1	22077926	22077934	106	1	40	pips_l40_r400_500-8000.hdf5	right	left
2208.8592	1	Stimulus/S  1	1	22088592	22088600	106	2	60	pips_l40_r400_500-8000.hdf5	right	left
2209.9259	1	Stimulus/S  1	1	22099259	22099267	106	3	70	pips_l40_r400_500-8000.hdf5	right	left
2210.9926	1	Stimulus/S  1	1	22109926	22109934	106	4	50	pips_l40_r400_500-8000.hdf5	right	left
2212.0593	1	Stimulus/S  1	1	22120593	22120601	106	5	30	pips_l40_r400_500-8000.hdf5	right	left
2213.1046	1	Stimulus/S  1	1	22131046	22131054	107	0	20	pips_l40_r400_500-8000.hdf5	right	left
2214.1713	1	Stimulus/S  1	1	22141713	22141721	107	1	40	pips_l40_r400_500-8000.hdf5	right	left
2215.2273	1	Stimulus/S  1	1	22152273	22152281	107	2	60	pips_l40_r400_500-8000.hdf5	right	left
2216.294	1	Stimulus/S  1	1	22162940	22162948	107	3	70	pips_l40_r400_500-8000.hdf5	right	left
2217.3393	1	Stimulus/S  1	1	22173393	22173401	107	4	50	pips_l40_r400_500-8000.hdf5	right	left
2218.3953	1	Stimulus/S  1	1	22183953	22183961	107	5	30	pips_l40_r400_500-8000.hdf5	right	left
2219.4407	1	Stimulus/S  1	1	22194407	22194415	108	0	20	pips_l40_r400_500-8000.hdf5	right	left
2220.486	1	Stimulus/S  1	1	22204860	22204868	108	1	40	pips_l40_r400_500-8000.hdf5	right	left
2221.542	1	Stimulus/S  1	1	22215420	22215428	108	2	60	pips_l40_r400_500-8000.hdf5	right	left
2222.6087	1	Stimulus/S  1	1	22226087	22226095	108	3	70	pips_l40_r400_500-8000.hdf5	right	left
2223.654	1	Stimulus/S  1	1	22236540	22236548	108	4	50	pips_l40_r400_500-8000.hdf5	right	left
2224.7207	1	Stimulus/S  1	1	22247207	22247215	108	5	30	pips_l40_r400_500-8000.hdf5	right	left
2225.7767	1	Stimulus/S  1	1	22257767	22257775	109	0	20	pips_l40_r400_500-8000.hdf5	right	left
2226.8434	1	Stimulus/S  1	1	22268434	22268442	109	1	40	pips_l40_r400_500-8000.hdf5	right	left
2227.9101	1	Stimulus/S  1	1	22279101	22279109	109	2	60	pips_l40_r400_500-8000.hdf5	right	left
2228.9768	1	Stimulus/S  1	1	22289768	22289776	109	3	70	pips_l40_r400_500-8000.hdf5	right	left
2230.0434	1	Stimulus/S  1	1	22300434	22300442	109	4	50	pips_l40_r400_500-8000.hdf5	right	left
2231.1101	1	Stimulus/S  1	1	22311101	22311109	109	5	30	pips_l40_r400_500-8000.hdf5	right	left
2232.1768	1	Stimulus/S  1	1	22321768	22321776	110	0	20	pips_l40_r400_500-8000.hdf5	right	left
2233.2221	1	Stimulus/S  1	1	22332221	22332229	110	1	40	pips_l40_r400_500-8000.hdf5	right	left
2234.2888	1	Stimulus/S  1	1	22342888	22342896	110	2	60	pips_l40_r400_500-8000.hdf5	right	left
2235.3448	1	Stimulus/S  1	1	22353448	22353456	110	3	70	pips_l40_r400_500-8000.hdf5	right	left
2236.4115	1	Stimulus/S  1	1	22364115	22364123	110	4	50	pips_l40_r400_500-8000.hdf5	right	left
2237.4569	1	Stimulus/S  1	1	22374569	22374577	110	5	30	pips_l40_r400_500-8000.hdf5	right	left
2238.5129	1	Stimulus/S  1	1	22385129	22385137	111	0	20	pips_l40_r400_500-8000.hdf5	right	left
2239.5582	1	Stimulus/S  1	1	22395582	22395590	111	1	40	pips_l40_r400_500-8000.hdf5	right	left
2240.6035	1	Stimulus/S  1	1	22406035	22406043	111	2	60	pips_l40_r400_500-8000.hdf5	right	left
2241.6596	1	Stimulus/S  1	1	22416596	22416604	111	3	70	pips_l40_r400_500-8000.hdf5	right	left
2242.7262	1	Stimulus/S  1	1	22427262	22427270	111	4	50	pips_l40_r400_500-8000.hdf5	right	left
2243.7716	1	Stimulus/S  1	1	22437716	22437724	111	5	30	pips_l40_r400_500-8000.hdf5	right	left
2244.8383	1	Stimulus/S  1	1	22448383	22448391	112	0	20	pips_l40_r400_500-8000.hdf5	right	left
2245.8943	1	Stimulus/S  1	1	22458943	22458951	112	1	40	pips_l40_r400_500-8000.hdf5	right	left
2246.9609	1	Stimulus/S  1	1	22469609	22469617	112	2	60	pips_l40_r400_500-8000.hdf5	right	left
2248.0276	1	Stimulus/S  1	1	22480276	22480284	112	3	70	pips_l40_r400_500-8000.hdf5	right	left
2249.0943	1	Stimulus/S  1	1	22490943	22490951	112	4	50	pips_l40_r400_500-8000.hdf5	right	left
2250.161	1	Stimulus/S  1	1	22501610	22501618	112	5	30	pips_l40_r400_500-8000.hdf5	right	left
2251.2277	1	Stimulus/S  1	1	22512277	22512285	113	0	20	pips_l40_r400_500-8000.hdf5	right	left
2252.2943	1	Stimulus/S  1	1	22522943	22522951	113	1	40	pips_l40_r400_500-8000.hdf5	right	left
2253.3397	1	Stimulus/S  1	1	22533397	22533405	113	2	60	pips_l40_r400_500-8000.hdf5	right	left
2254.4064	1	Stimulus/S  1	1	22544064	22544072	113	3	70	pips_l40_r400_500-8000.hdf5	right	left
2255.4624	1	Stimulus/S  1	1	22554624	22554632	113	4	50	pips_l40_r400_500-8000.hdf5	right	left
2256.529	1	Stimulus/S  1	1	22565290	22565298	113	5	30	pips_l40_r400_500-8000.hdf5	right	left
2257.5744	1	Stimulus/S  1	1	22575744	22575752	114	0	20	pips_l40_r400_500-8000.hdf5	right	left
2258.6197	1	Stimulus/S  1	1	22586197	22586205	114	1	40	pips_l40_r400_500-8000.hdf5	right	left
2259.6757	1	Stimulus/S  1	1	22596757	22596765	114	2	60	pips_l40_r400_500-8000.hdf5	right	left
2260.7211	1	Stimulus/S  1	1	22607211	22607219	114	3	70	pips_l40_r400_500-8000.hdf5	right	left
2261.7771	1	Stimulus/S  1	1	22617771	22617779	114	4	50	pips_l40_r400_500-8000.hdf5	right	left
2262.8438	1	Stimulus/S  1	1	22628438	22628446	114	5	30	pips_l40_r400_500-8000.hdf5	right	left
2263.8891	1	Stimulus/S  1	1	22638891	22638899	115	0	20	pips_l40_r400_500-8000.hdf5	right	left
2264.9558	1	Stimulus/S  1	1	22649558	22649566	115	1	40	pips_l40_r400_500-8000.hdf5	right	left
2266.0118	1	Stimulus/S  1	1	22660118	22660126	115	2	60	pips_l40_r400_500-8000.hdf5	right	left
2267.0785	1	Stimulus/S  1	1	22670785	22670793	115	3	70	pips_l40_r400_500-8000.hdf5	right	left
2268.1452	1	Stimulus/S  1	1	22681452	22681460	115	4	50	pips_l40_r400_500-8000.hdf5	right	left
2269.2118	1	Stimulus/S  1	1	22692118	22692126	115	5	30	pips_l40_r400_500-8000.hdf5	right	left
2270.2785	1	Stimulus/S  1	1	22702785	22702793	116	0	20	pips_l40_r400_500-8000.hdf5	right	left
2271.3452	1	Stimulus/S  1	1	22713452	22713460	116	1	40	pips_l40_r400_500-8000.hdf5	right	left
2272.4119	1	Stimulus/S  1	1	22724119	22724127	116	2	60	pips_l40_r400_500-8000.hdf5	right	left
2273.4572	1	Stimulus/S  1	1	22734572	22734580	116	3	70	pips_l40_r400_500-8000.hdf5	right	left
2274.5239	1	Stimulus/S  1	1	22745239	22745247	116	4	50	pips_l40_r400_500-8000.hdf5	right	left
2275.5799	1	Stimulus/S  1	1	22755799	22755807	116	5	30	pips_l40_r400_500-8000.hdf5	right	left
2276.6466	1	Stimulus/S  1	1	22766466	22766474	117	0	20	pips_l40_r400_500-8000.hdf5	right	left
2277.6919	1	Stimulus/S  1	1	22776919	22776927	117	1	40	pips_l40_r400_500-8000.hdf5	right	left
2278.7373	1	Stimulus/S  1	1	22787373	22787381	117	2	60	pips_l40_r400_500-8000.hdf5	right	left
2279.7933	1	Stimulus/S  1	1	22797933	22797941	117	3	70	pips_l40_r400_500-8000.hdf5	right	left
2280.8386	1	Stimulus/S  1	1	22808386	22808394	117	4	50	pips_l40_r400_500-8000.hdf5	right	left
2281.8946	1	Stimulus/S  1	1	22818946	22818954	117	5	30	pips_l40_r400_500-8000.hdf5	right	left
2282.9613	1	Stimulus/S  1	1	22829613	22829621	118	0	20	pips_l40_r400_500-8000.hdf5	right	left
2284.0066	1	Stimulus/S  1	1	22840066	22840074	118	1	40	pips_l40_r400_500-8000.hdf5	right	left
2285.0627	1	Stimulus/S  1	1	22850627	22850635	118	2	60	pips_l40_r400_500-8000.hdf5	right	left
2286.108	1	Stimulus/S  1	1	22861080	22861088	118	3	70	pips_l40_r400_500-8000.hdf5	right	left
2287.1747	1	Stimulus/S  1	1	22871747	22871755	118	4	50	pips_l40_r400_500-8000.hdf5	right	left
2288.22	1	Stimulus/S  1	1	22882200	22882208	118	5	30	pips_l40_r400_500-8000.hdf5	right	left
2289.2974	1	Stimulus/S  1	1	22892974	22892982	119	0	20	pips_l40_r400_500-8000.hdf5	right	left
2290.3534	1	Stimulus/S  1	1	22903534	22903542	119	1	40	pips_l40_r400_500-8000.hdf5	right	left
2291.4201	1	Stimulus/S  1	1	22914201	22914209	119	2	60	pips_l40_r400_500-8000.hdf5	right	left
2292.4867	1	Stimulus/S  1	1	22924867	22924875	119	3	70	pips_l40_r400_500-8000.hdf5	right	left
2293.5534	1	Stimulus/S  1	1	22935534	22935542	119	4	50	pips_l40_r400_500-8000.hdf5	right	left
2294.6201	1	Stimulus/S  1	1	22946201	22946209	119	5	30	pips_l40_r400_500-8000.hdf5	right	left
2295.6761	1	Stimulus/S  1	1	22956761	22956769	0	0	20	pips_l40_r400_500-8000.hdf5	right	left
2296.7428	1	Stimulus/S  1	1	22967428	22967436	0	1	40	pips_l40_r400_500-8000.hdf5	right	left
2297.7881	1	Stimulus/S  1	1	22977881	22977889	0	2	60	pips_l40_r400_500-8000.hdf5	right	left
2298.8441	1	Stimulus/S  1	1	22988441	22988449	0	3	70	pips_l40_r400_500-8000.hdf5	right	left
2299.8895	1	Stimulus/S  1	1	22998895	22998903	0	4	50	pips_l40_r400_500-8000.hdf5	right	left
2300.9455	1	Stimulus/S  1	1	23009455	23009463	0	5	30	pips_l40_r400_500-8000.hdf5	right	left
2301.9908	1	Stimulus/S  1	1	23019908	23019916	1	0	20	pips_l40_r400_500-8000.hdf5	right	left
2303.0468	1	Stimulus/S  1	1	23030468	23030476	1	1	40	pips_l40_r400_500-8000.hdf5	right	left
2304.0922	1	Stimulus/S  1	1	23040922	23040930	1	2	60	pips_l40_r400_500-8000.hdf5	right	left
2305.1589	1	Stimulus/S  1	1	23051589	23051597	1	3	70	pips_l40_r400_500-8000.hdf5	right	left
2306.2042	1	Stimulus/S  1	1	23062042	23062050	1	4	50	pips_l40_r400_500-8000.hdf5	right	left
2307.2709	1	Stimulus/S  1	1	23072709	23072717	1	5	30	pips_l40_r400_500-8000.hdf5	right	left
2308.3376	1	Stimulus/S  1	1	23083376	23083384	2	0	20	pips_l40_r400_500-8000.hdf5	right	left
2309.4042	1	Stimulus/S  1	1	23094042	23094050	2	1	40	pips_l40_r400_500-8000.hdf5	right	left
2310.4709	1	Stimulus/S  1	1	23104709	23104717	2	2	60	pips_l40_r400_500-8000.hdf5	right	left
2311.5376	1	Stimulus/S  1	1	23115376	23115384	2	3	70	pips_l40_r400_500-8000.hdf5	right	left
2312.5936	1	Stimulus/S  1	1	23125936	23125944	2	4	50	pips_l40_r400_500-8000.hdf5	right	left
2313.6603	1	Stimulus/S  1	1	23136603	23136611	2	5	30	pips_l40_r400_500-8000.hdf5	right	left
2314.7269	1	Stimulus/S  1	1	23147269	23147277	3	0	20	pips_l40_r400_500-8000.hdf5	right	left
2315.7723	1	Stimulus/S  1	1	23157723	23157731	3	1	40	pips_l40_r400_500-8000.hdf5	right	left
2316.839	1	Stimulus/S  1	1	23168390	23168398	3	2	60	pips_l40_r400_500-8000.hdf5	right	left
2317.895	1	Stimulus/S  1	1	23178950	23178958	3	3	70	pips_l40_r400_500-8000.hdf5	right	left
2318.9617	1	Stimulus/S  1	1	23189617	23189625	3	4	50	pips_l40_r400_500-8000.hdf5	right	left
2320.007	1	Stimulus/S  1	1	23200070	23200078	3	5	30	pips_l40_r400_500-8000.hdf5	right	left
2321.0737	1	Stimulus/S  1	1	23210737	23210745	4	0	20	pips_l40_r400_500-8000.hdf5	right	left
2322.1297	1	Stimulus/S  1	1	23221297	23221305	4	1	40	pips_l40_r400_500-8000.hdf5	right	left
2323.175	1	Stimulus/S  1	1	23231750	23231758	4	2	60	pips_l40_r400_500-8000.hdf5	right	left
2324.231	1	Stimulus/S  1	1	23242310	23242318	4	3	70	pips_l40_r400_500-8000.hdf5	right	left
2325.2977	1	Stimulus/S  1	1	23252977	23252985	4	4	50	pips_l40_r400_500-8000.hdf5	right	left
2326.3431	1	Stimulus/S  1	1	23263431	23263439	4	5	30	pips_l40_r400_500-8000.hdf5	right	left
2327.4097	1	Stimulus/S  1	1	23274097	23274105	5	0	20	pips_l40_r400_500-8000.hdf5	right	left
2328.4551	1	Stimulus/S  1	1	23284551	23284559	5	1	40	pips_l40_r400_500-8000.hdf5	right	left
2329.5218	1	Stimulus/S  1	1	23295218	23295226	5	2	60	pips_l40_r400_500-8000.hdf5	right	left
2330.5884	1	Stimulus/S  1	1	23305884	23305892	5	3	70	pips_l40_r400_500-8000.hdf5	right	left
2331.6551	1	Stimulus/S  1	1	23316551	23316559	5	4	50	pips_l40_r400_500-8000.hdf5	right	left
2332.7218	1	Stimulus/S  1	1	23327218	23327226	5	5	30	pips_l40_r400_500-8000.hdf5	right	left
2333.7885	1	Stimulus/S  1	1	23337885	23337893	6	0	20	pips_l40_r400_500-8000.hdf5	right	left
2334.8551	1	Stimulus/S  1	1	23348551	23348559	6	1	40	pips_l40_r400_500-8000.hdf5	right	left
2335.9112	1	Stimulus/S  1	1	23359112	23359120	6	2	60	pips_l40_r400_500-8000.hdf5	right	left
2336.9778	1	Stimulus/S  1	1	23369778	23369786	6	3	70	pips_l40_r400_500-8000.hdf5	right	left
2338.0232	1	Stimulus/S  1	1	23380232	23380240	6	4	50	pips_l40_r400_500-8000.hdf5	right	left
2339.0899	1	Stimulus/S  1	1	23390899	23390907	6	5	30	pips_l40_r400_500-8000.hdf5	right	left
2340.1459	1	Stimulus/S  1	1	23401459	23401467	7	0	20	pips_l40_r400_500-8000.hdf5	right	left
2341.1912	1	Stimulus/S  1	1	23411912	23411920	7	1	40	pips_l40_r400_500-8000.hdf5	right	left
2342.2472	1	Stimulus/S  1	1	23422472	23422480	7	2	60	pips_l40_r400_500-8000.hdf5	right	left
2343.2926	1	Stimulus/S  1	1	23432926	23432934	7	3	70	pips_l40_r400_500-8000.hdf5	right	left
2344.3379	1	Stimulus/S  1	1	23443379	23443387	7	4	50	pips_l40_r400_500-8000.hdf5	right	left
2345.4046	1	Stimulus/S  1	1	23454046	23454054	7	5	30	pips_l40_r400_500-8000.hdf5	right	left
2346.4606	1	Stimulus/S  1	1	23464606	23464614	8	0	20	pips_l40_r400_500-8000.hdf5	right	left
2347.5273	1	Stimulus/S  1	1	23475273	23475281	8	1	40	pips_l40_r400_500-8000.hdf5	right	left
2348.5726	1	Stimulus/S  1	1	23485726	23485734	8	2	60	pips_l40_r400_500-8000.hdf5	right	left
2349.6393	1	Stimulus/S  1	1	23496393	23496401	8	3	70	pips_l40_r400_500-8000.hdf5	right	left
2350.706	1	Stimulus/S  1	1	23507060	23507068	8	4	50	pips_l40_r400_500-8000.hdf5	right	left
2351.7726	1	Stimulus/S  1	1	23517726	23517734	8	5	30	pips_l40_r400_500-8000.hdf5	right	left
2352.8393	1	Stimulus/S  1	1	23528393	23528401	9	0	20	pips_l40_r400_500-8000.hdf5	right	left
2353.906	1	Stimulus/S  1	1	23539060	23539068	9	1	40	pips_l40_r400_500-8000.hdf5	right	left
2354.9727	1	Stimulus/S  1	1	23549727	23549735	9	2	60	pips_l40_r400_500-8000.hdf5	right	left
2356.0287	1	Stimulus/S  1	1	23560287	23560295	9	3	70	pips_l40_r400_500-8000.hdf5	right	left
2357.0954	1	Stimulus/S  1	1	23570954	23570962	9	4	50	pips_l40_r400_500-8000.hdf5	right	left
2358.1407	1	Stimulus/S  1	1	23581407	23581415	9	5	30	pips_l40_r400_500-8000.hdf5	right	left
2359.2074	1	Stimulus/S  1	1	23592074	23592082	10	0	20	pips_l40_r400_500-8000.hdf5	right	left
2360.2634	1	Stimulus/S  1	1	23602634	23602642	10	1	40	pips_l40_r400_500-8000.hdf5	right	left
2361.3087	1	Stimulus/S  1	1	23613087	23613095	10	2	60	pips_l40_r400_500-8000.hdf5	right	left
2362.3647	1	Stimulus/S  1	1	23623647	23623655	10	3	70	pips_l40_r400_500-8000.hdf5	right	left
2363.4314	1	Stimulus/S  1	1	23634314	23634322	10	4	50	pips_l40_r400_500-8000.hdf5	right	left
2364.4768	1	Stimulus/S  1	1	23644768	23644776	10	5	30	pips_l40_r400_500-8000.hdf5	right	left
2365.5434	1	Stimulus/S  1	1	23655434	23655442	11	0	20	pips_l40_r400_500-8000.hdf5	right	left
2366.5888	1	Stimulus/S  1	1	23665888	23665896	11	1	40	pips_l40_r400_500-8000.hdf5	right	left
2367.6555	1	Stimulus/S  1	1	23676555	23676563	11	2	60	pips_l40_r400_500-8000.hdf5	right	left
2368.7221	1	Stimulus/S  1	1	23687221	23687229	11	3	70	pips_l40_r400_500-8000.hdf5	right	left
2369.7888	1	Stimulus/S  1	1	23697888	23697896	11	4	50	pips_l40_r400_500-8000.hdf5	right	left
2370.8448	1	Stimulus/S  1	1	23708448	23708456	11	5	30	pips_l40_r400_500-8000.hdf5	right	left
2371.9115	1	Stimulus/S  1	1	23719115	23719123	12	0	20	pips_l40_r400_500-8000.hdf5	right	left
2372.9569	1	Stimulus/S  1	1	23729569	23729577	12	1	40	pips_l40_r400_500-8000.hdf5	right	left
2374.0235	1	Stimulus/S  1	1	23740235	23740243	12	2	60	pips_l40_r400_500-8000.hdf5	right	left
2375.0795	1	Stimulus/S  1	1	23750795	23750803	12	3	70	pips_l40_r400_500-8000.hdf5	right	left
2376.1249	1	Stimulus/S  1	1	23761249	23761257	12	4	50	pips_l40_r400_500-8000.hdf5	right	left
2377.1809	1	Stimulus/S  1	1	23771809	23771817	12	5	30	pips_l40_r400_500-8000.hdf5	right	left
2378.2262	1	Stimulus/S  1	1	23782262	23782270	13	0	20	pips_l40_r400_500-8000.hdf5	right	left
2379.2716	1	Stimulus/S  1	1	23792716	23792724	13	1	40	pips_l40_r400_500-8000.hdf5	right	left
2380.3383	1	Stimulus/S  1	1	23803383	23803391	13	2	60	pips_l40_r400_500-8000.hdf5	right	left
2381.3943	1	Stimulus/S  1	1	23813943	23813951	13	3	70	pips_l40_r400_500-8000.hdf5	right	left
2382.4396	1	Stimulus/S  1	1	23824396	23824404	13	4	50	pips_l40_r400_500-8000.hdf5	right	left
2383.4956	1	Stimulus/S  1	1	23834956	23834964	13	5	30	pips_l40_r400_500-8000.hdf5	right	left
2384.5623	1	Stimulus/S  1	1	23845623	23845631	14	0	20	pips_l40_r400_500-8000.hdf5	right	left
2385.6076	1	Stimulus/S  1	1	23856076	23856084	14	1	40	pips_l40_r400_500-8000.hdf5	right	left
2386.6743	1	Stimulus/S  1	1	23866743	23866751	14	2	60	pips_l40_r400_500-8000.hdf5	right	left
2387.741	1	Stimulus/S  1	1	23877410	23877418	14	3	70	pips_l40_r400_500-8000.hdf5	right	left
2388.8077	1	Stimulus/S  1	1	23888077	23888085	14	4	50	pips_l40_r400_500-8000.hdf5	right	left
2389.8744	1	Stimulus/S  1	1	23898744	23898752	14	5	30	pips_l40_r400_500-8000.hdf5	right	left
2390.941	1	Stimulus/S  1	1	23909410	23909418	15	0	20	pips_l40_r400_500-8000.hdf5	right	left
2392.0077	1	Stimulus/S  1	1	23920077	23920085	15	1	40	pips_l40_r400_500-8000.hdf5	right	left
2393.0637	1	Stimulus/S  1	1	23930637	23930645	15	2	60	pips_l40_r400_500-8000.hdf5	right	left
2394.1304	1	Stimulus/S  1	1	23941304	23941312	15	3	70	pips_l40_r400_500-8000.hdf5	right	left
2395.1757	1	Stimulus/S  1	1	23951757	23951765	15	4	50	pips_l40_r400_500-8000.hdf5	right	left
2396.2424	1	Stimulus/S  1	1	23962424	23962432	15	5	30	pips_l40_r400_500-8000.hdf5	right	left
2397.2984	1	Stimulus/S  1	1	23972984	23972992	16	0	20	pips_l40_r400_500-8000.hdf5	right	left
2398.3438	1	Stimulus/S  1	1	23983438	23983446	16	1	40	pips_l40_r400_500-8000.hdf5	right	left
2399.3891	1	Stimulus/S  1	1	23993891	23993899	16	2	60	pips_l40_r400_500-8000.hdf5	right	left
2400.4558	1	Stimulus/S  1	1	24004558	24004566	16	3	70	pips_l40_r400_500-8000.hdf5	right	left
2401.5118	1	Stimulus/S  1	1	24015118	24015126	16	4	50	pips_l40_r400_500-8000.hdf5	right	left
2402.5785	1	Stimulus/S  1	1	24025785	24025793	16	5	30	pips_l40_r400_500-8000.hdf5	right	left
2403.6238	1	Stimulus/S  1	1	24036238	24036246	17	0	20	pips_l40_r400_500-8000.hdf5	right	left
2404.6905	1	Stimulus/S  1	1	24046905	24046913	17	1	40	pips_l40_r400_500-8000.hdf5	right	left
2405.7572	1	Stimulus/S  1	1	24057572	24057580	17	2	60	pips_l40_r400_500-8000.hdf5	right	left
2406.8239	1	Stimulus/S  1	1	24068239	24068247	17	3	70	pips_l40_r400_500-8000.hdf5	right	left
2407.8905	1	Stimulus/S  1	1	24078905	24078913	17	4	50	pips_l40_r400_500-8000.hdf5	right	left
2408.9572	1	Stimulus/S  1	1	24089572	24089580	17	5	30	pips_l40_r400_500-8000.hdf5	right	left
2410.0239	1	Stimulus/S  1	1	24100239	24100247	18	0	20	pips_l40_r400_500-8000.hdf5	right	left
2411.0799	1	Stimulus/S  1	1	24110799	24110807	18	1	40	pips_l40_r400_500-8000.hdf5	right	left
2412.1466	1	Stimulus/S  1	1	24121466	24121474	18	2	60	pips_l40_r400_500-8000.hdf5	right	left
2413.1919	1	Stimulus/S  1	1	24131919	24131927	18	3	70	pips_l40_r400_500-8000.hdf5	right	left
2414.2586	1	Stimulus/S  1	1	24142586	24142594	18	4	50	pips_l40_r400_500-8000.hdf5	right	left
2415.3146	1	Stimulus/S  1	1	24153146	24153154	18	5	30	pips_l40_r400_500-8000.hdf5	right	left
2416.3599	1	Stimulus/S  1	1	24163599	24163607	19	0	20	pips_l40_r400_500-8000.hdf5	right	left
2417.4053	1	Stimulus/S  1	1	24174053	24174061	19	1	40	pips_l40_r400_500-8000.hdf5	right	left
2418.4613	1	Stimulus/S  1	1	24184613	24184621	19	2	60	pips_l40_r400_500-8000.hdf5	right	left
2419.5066	1	Stimulus/S  1	1	24195066	24195074	19	3	70	pips_l40_r400_500-8000.hdf5	right	left
2420.5733	1	Stimulus/S  1	1	24205733	24205741	19	4	50	pips_l40_r400_500-8000.hdf5	right	left
2421.6293	1	Stimulus/S  1	1	24216293	24216301	19	5	30	pips_l40_r400_500-8000.hdf5	right	left
2422.696	1	Stimulus/S  1	1	24226960	24226968	20	0	20	pips_l40_r400_500-8000.hdf5	right	left
2423.7414	1	Stimulus/S  1	1	24237414	24237422	20	1	40	pips_l40_r400_500-8000.hdf5	right	left
2424.808	1	Stimulus/S  1	1	24248080	24248088	20	2	60	pips_l40_r400_500-8000.hdf5	right	left
2425.8747	1	Stimulus/S  1	1	24258747	24258755	20	3	70	pips_l40_r400_500-8000.hdf5	right	left
2426.9414	1	Stimulus/S  1	1	24269414	24269422	20	4	50	pips_l40_r400_500-8000.hdf5	right	left
2428.0081	1	Stimulus/S  1	1	24280081	24280089	20	5	30	pips_l40_r400_500-8000.hdf5	right	left
2429.0747	1	Stimulus/S  1	1	24290747	24290755	21	0	20	pips_l40_r400_500-8000.hdf5	right	left
2430.1307	1	Stimulus/S  1	1	24301307	24301315	21	1	40	pips_l40_r400_500-8000.hdf5	right	left
2431.1761	1	Stimulus/S  1	1	24311761	24311769	21	2	60	pips_l40_r400_500-8000.hdf5	right	left
2432.2321	1	Stimulus/S  1	1	24322321	24322329	21	3	70	pips_l40_r400_500-8000.hdf5	right	left
2433.2774	1	Stimulus/S  1	1	24332774	24332782	21	4	50	pips_l40_r400_500-8000.hdf5	right	left
2434.3228	1	Stimulus/S  1	1	24343228	24343236	21	5	30	pips_l40_r400_500-8000.hdf5	right	left
2435.3895	1	Stimulus/S  1	1	24353895	24353903	22	0	20	pips_l40_r400_500-8000.hdf5	right	left
2436.4455	1	Stimulus/S  1	1	24364455	24364463	22	1	40	pips_l40_r400_500-8000.hdf5	right	left
2437.5122	1	Stimulus/S  1	1	24375122	24375130	22	2	60	pips_l40_r400_500-8000.hdf5	right	left
2438.5575	1	Stimulus/S  1	1	24385575	24385583	22	3	70	pips_l40_r400_500-8000.hdf5	right	left
2439.6242	1	Stimulus/S  1	1	24396242	24396250	22	4	50	pips_l40_r400_500-8000.hdf5	right	left
2440.6909	1	Stimulus/S  1	1	24406909	24406917	22	5	30	pips_l40_r400_500-8000.hdf5	right	left
2441.7575	1	Stimulus/S  1	1	24417575	24417583	23	0	20	pips_l40_r400_500-8000.hdf5	right	left
2442.8242	1	Stimulus/S  1	1	24428242	24428250	23	1	40	pips_l40_r400_500-8000.hdf5	right	left
2443.8909	1	Stimulus/S  1	1	24438909	24438917	23	2	60	pips_l40_r400_500-8000.hdf5	right	left
2444.9576	1	Stimulus/S  1	1	24449576	24449584	23	3	70	pips_l40_r400_500-8000.hdf5	right	left
2446.0136	1	Stimulus/S  1	1	24460136	24460144	23	4	50	pips_l40_r400_500-8000.hdf5	right	left
2447.0589	1	Stimulus/S  1	1	24470589	24470597	23	5	30	pips_l40_r400_500-8000.hdf5	right	left
2448.1149	1	Stimulus/S  1	1	24481149	24481157	24	0	20	pips_l40_r400_500-8000.hdf5	right	left
2449.1603	1	Stimulus/S  1	1	24491603	24491611	24	1	40	pips_l40_r400_500-8000.hdf5	right	left
2450.2163	1	Stimulus/S  1	1	24502163	24502171	24	2	60	pips_l40_r400_500-8000.hdf5	right	left
2451.2616	1	Stimulus/S  1	1	24512616	24512624	24	3	70	pips_l40_r400_500-8000.hdf5	right	left
2452.307	1	Stimulus/S  1	1	24523070	24523078	24	4	50	pips_l40_r400_500-8000.hdf5	right	left
2453.363	1	Stimulus/S  1	1	24533630	24533638	24	5	30	pips_l40_r400_500-8000.hdf5	right	left
2454.4297	1	Stimulus/S  1	1	24544297	24544305	25	0	20	pips_l40_r400_500-8000.hdf5	right	left
2455.475	1	Stimulus/S  1	1	24554750	24554758	25	1	40	pips_l40_r400_500-8000.hdf5	right	left
2456.5417	1	Stimulus/S  1	1	24565417	24565425	25	2	60	pips_l40_r400_500-8000.hdf5	right	left
2457.6084	1	Stimulus/S  1	1	24576084	24576092	25	3	70	pips_l40_r400_500-8000.hdf5	right	left
2458.675	1	Stimulus/S  1	1	24586750	24586758	25	4	50	pips_l40_r400_500-8000.hdf5	right	left
2459.7417	1	Stimulus/S  1	1	24597417	24597425	25	5	30	pips_l40_r400_500-8000.hdf5	right	left
2460.8084	1	Stimulus/S  1	1	24608084	24608092	26	0	20	pips_l40_r400_500-8000.hdf5	right	left
2461.8751	1	Stimulus/S  1	1	24618751	24618759	26	1	40	pips_l40_r400_500-8000.hdf5	right	left
2462.9311	1	Stimulus/S  1	1	24629311	24629319	26	2	60	pips_l40_r400_500-8000.hdf5	right	left
2463.9977	1	Stimulus/S  1	1	24639977	24639985	26	3	70	pips_l40_r400_500-8000.hdf5	right	left
2465.0431	1	Stimulus/S  1	1	24650431	24650439	26	4	50	pips_l40_r400_500-8000.hdf5	right	left
2466.0991	1	Stimulus/S  1	1	24660991	24660999	26	5	30	pips_l40_r400_500-8000.hdf5	right	left
2467.1444	1	Stimulus/S  1	1	24671444	24671452	27	0	20	pips_l40_r400_500-8000.hdf5	right	left
2468.1898	1	Stimulus/S  1	1	24681898	24681906	27	1	40	pips_l40_r400_500-8000.hdf5	right	left
2469.2458	1	Stimulus/S  1	1	24692458	24692466	27	2	60	pips_l40_r400_500-8000.hdf5	right	left
2470.2911	1	Stimulus/S  1	1	24702911	24702919	27	3	70	pips_l40_r400_500-8000.hdf5	right	left
2471.3472	1	Stimulus/S  1	1	24713472	24713480	27	4	50	pips_l40_r400_500-8000.hdf5	right	left
2472.3925	1	Stimulus/S  1	1	24723925	24723933	27	5	30	pips_l40_r400_500-8000.hdf5	right	left
2473.4485	1	Stimulus/S  1	1	24734485	24734493	28	0	20	pips_l40_r400_500-8000.hdf5	right	left
2474.4939	1	Stimulus/S  1	1	24744939	24744947	28	1	40	pips_l40_r400_500-8000.hdf5	right	left
2475.5605	1	Stimulus/S  1	1	24755605	24755613	28	2	60	pips_l40_r400_500-8000.hdf5	right	left
2476.6272	1	Stimulus/S  1	1	24766272	24766280	28	3	70	pips_l40_r400_500-8000.hdf5	right	left
2477.6939	1	Stimulus/S  1	1	24776939	24776947	28	4	50	pips_l40_r400_500-8000.hdf5	right	left
2478.7606	1	Stimulus/S  1	1	24787606	24787614	28	5	30	pips_l40_r400_500-8000.hdf5	right	left
2479.8272	1	Stimulus/S  1	1	24798272	24798280	29	0	20	pips_l40_r400_500-8000.hdf5	right	left
2480.8939	1	Stimulus/S  1	1	24808939	24808947	29	1	40	pips_l40_r400_500-8000.hdf5	right	left
2481.9499	1	Stimulus/S  1	1	24819499	24819507	29	2	60	pips_l40_r400_500-8000.hdf5	right	left
2483.0166	1	Stimulus/S  1	1	24830166	24830174	29	3	70	pips_l40_r400_500-8000.hdf5	right	left
2484.0619	1	Stimulus/S  1	1	24840619	24840627	29	4	50	pips_l40_r400_500-8000.hdf5	right	left
2485.1286	1	Stimulus/S  1	1	24851286	24851294	29	5	30	pips_l40_r400_500-8000.hdf5	right	left
2486.174	1	Stimulus/S  1	1	24861740	24861748	30	0	20	pips_l40_r400_500-8000.hdf5	right	left
2487.23	1	Stimulus/S  1	1	24872300	24872308	30	1	40	pips_l40_r400_500-8000.hdf5	right	left
2488.2753	1	Stimulus/S  1	1	24882753	24882761	30	2	60	pips_l40_r400_500-8000.hdf5	right	left
2489.342	1	Stimulus/S  1	1	24893420	24893428	30	3	70	pips_l40_r400_500-8000.hdf5	right	left
2490.398	1	Stimulus/S  1	1	24903980	24903988	30	4	50	pips_l40_r400_500-8000.hdf5	right	left
2491.4647	1	Stimulus/S  1	1	24914647	24914655	30	5	30	pips_l40_r400_500-8000.hdf5	right	left
2492.51	1	Stimulus/S  1	1	24925100	24925108	31	0	20	pips_l40_r400_500-8000.hdf5	right	left
2493.5767	1	Stimulus/S  1	1	24935767	24935775	31	1	40	pips_l40_r400_500-8000.hdf5	right	left
2494.6434	1	Stimulus/S  1	1	24946434	24946442	31	2	60	pips_l40_r400_500-8000.hdf5	right	left
2495.7101	1	Stimulus/S  1	1	24957101	24957109	31	3	70	pips_l40_r400_500-8000.hdf5	right	left
2496.7767	1	Stimulus/S  1	1	24967767	24967775	31	4	50	pips_l40_r400_500-8000.hdf5	right	left
2497.8434	1	Stimulus/S  1	1	24978434	24978442	31	5	30	pips_l40_r400_500-8000.hdf5	right	left
2498.9101	1	Stimulus/S  1	1	24989101	24989109	32	0	20	pips_l40_r400_500-8000.hdf5	right	left
2499.9661	1	Stimulus/S  1	1	24999661	24999669	32	1	40	pips_l40_r400_500-8000.hdf5	right	left
2501.0328	1	Stimulus/S  1	1	25010328	25010336	32	2	60	pips_l40_r400_500-8000.hdf5	right	left
2502.0781	1	Stimulus/S  1	1	25020781	25020789	32	3	70	pips_l40_r400_500-8000.hdf5	right	left
2503.1448	1	Stimulus/S  1	1	25031448	25031456	32	4	50	pips_l40_r400_500-8000.hdf5	right	left
2504.1901	1	Stimulus/S  1	1	25041901	25041909	32	5	30	pips_l40_r400_500-8000.hdf5	right	left
2505.2462	1	Stimulus/S  1	1	25052462	25052470	33	0	20	pips_l40_r400_500-8000.hdf5	right	left
2506.2915	1	Stimulus/S  1	1	25062915	25062923	33	1	40	pips_l40_r400_500-8000.hdf5	right	left
2507.3475	1	Stimulus/S  1	1	25073475	25073483	33	2	60	pips_l40_r400_500-8000.hdf5	right	left
2508.3929	1	Stimulus/S  1	1	25083929	25083937	33	3	70	pips_l40_r400_500-8000.hdf5	right	left
2509.4595	1	Stimulus/S  1	1	25094595	25094603	33	4	50	pips_l40_r400_500-8000.hdf5	right	left
2510.5155	1	Stimulus/S  1	1	25105155	25105163	33	5	30	pips_l40_r400_500-8000.hdf5	right	left
2511.5822	1	Stimulus/S  1	1	25115822	25115830	34	0	20	pips_l40_r400_500-8000.hdf5	right	left
2512.6276	1	Stimulus/S  1	1	25126276	25126284	34	1	40	pips_l40_r400_500-8000.hdf5	right	left
2513.6942	1	Stimulus/S  1	1	25136942	25136950	34	2	60	pips_l40_r400_500-8000.hdf5	right	left
2514.7609	1	Stimulus/S  1	1	25147609	25147617	34	3	70	pips_l40_r400_500-8000.hdf5	right	left
2515.8276	1	Stimulus/S  1	1	25158276	25158284	34	4	50	pips_l40_r400_500-8000.hdf5	right	left
2516.8836	1	Stimulus/S  1	1	25168836	25168844	34	5	30	pips_l40_r400_500-8000.hdf5	right	left
2517.9503	1	Stimulus/S  1	1	25179503	25179511	35	0	20	pips_l40_r400_500-8000.hdf5	right	left
2518.9956	1	Stimulus/S  1	1	25189956	25189964	35	1	40	pips_l40_r400_500-8000.hdf5	right	left
2520.0623	1	Stimulus/S  1	1	25200623	25200631	35	2	60	pips_l40_r400_500-8000.hdf5	right	left
2521.1076	1	Stimulus/S  1	1	25211076	25211084	35	3	70	pips_l40_r400_500-8000.hdf5	right	left
2522.1637	1	Stimulus/S  1	1	25221637	25221645	35	4	50	pips_l40_r400_500-8000.hdf5	right	left
2523.209	1	Stimulus/S  1	1	25232090	25232098	35	5	30	pips_l40_r400_500-8000.hdf5	right	left
2524.265	1	Stimulus/S  1	1	25242650	25242658	36	0	20	pips_l40_r400_500-8000.hdf5	right	left
2525.3104	1	Stimulus/S  1	1	25253104	25253112	36	1	40	pips_l40_r400_500-8000.hdf5	right	left
2526.377	1	Stimulus/S  1	1	25263770	25263778	36	2	60	pips_l40_r400_500-8000.hdf5	right	left
2527.433	1	Stimulus/S  1	1	25274330	25274338	36	3	70	pips_l40_r400_500-8000.hdf5	right	left
2528.4997	1	Stimulus/S  1	1	25284997	25285005	36	4	50	pips_l40_r400_500-8000.hdf5	right	left
2529.5451	1	Stimulus/S  1	1	25295451	25295459	36	5	30	pips_l40_r400_500-8000.hdf5	right	left
2530.6117	1	Stimulus/S  1	1	25306117	25306125	37	0	20	pips_l40_r400_500-8000.hdf5	right	left
2531.6784	1	Stimulus/S  1	1	25316784	25316792	37	1	40	pips_l40_r400_500-8000.hdf5	right	left
2532.7451	1	Stimulus/S  1	1	25327451	25327459	37	2	60	pips_l40_r400_500-8000.hdf5	right	left
2533.8011	1	Stimulus/S  1	1	25338011	25338019	37	3	70	pips_l40_r400_500-8000.hdf5	right	left
2534.8678	1	Stimulus/S  1	1	25348678	25348686	37	4	50	pips_l40_r400_500-8000.hdf5	right	left
2535.9131	1	Stimulus/S  1	1	25359131	25359139	37	5	30	pips_l40_r400_500-8000.hdf5	right	left
2536.9798	1	Stimulus/S  1	1	25369798	25369806	38	0	20	pips_l40_r400_500-8000.hdf5	right	left
2538.0251	1	Stimulus/S  1	1	25380251	25380259	38	1	40	pips_l40_r400_500-8000.hdf5	right	left
2539.0812	1	Stimulus/S  1	1	25390812	25390820	38	2	60	pips_l40_r400_500-8000.hdf5	right	left
2540.1265	1	Stimulus/S  1	1	25401265	25401273	38	3	70	pips_l40_r400_500-8000.hdf5	right	left
2541.1825	1	Stimulus/S  1	1	25411825	25411833	38	4	50	pips_l40_r400_500-8000.hdf5	right	left
2542.2279	1	Stimulus/S  1	1	25422279	25422287	38	5	30	pips_l40_r400_500-8000.hdf5	right	left
2543.2945	1	Stimulus/S  1	1	25432945	25432953	39	0	20	pips_l40_r400_500-8000.hdf5	right	left
2544.3505	1	Stimulus/S  1	1	25443505	25443513	39	1	40	pips_l40_r400_500-8000.hdf5	right	left
2545.4172	1	Stimulus/S  1	1	25454172	25454180	39	2	60	pips_l40_r400_500-8000.hdf5	right	left
2546.4626	1	Stimulus/S  1	1	25464626	25464634	39	3	70	pips_l40_r400_500-8000.hdf5	right	left
2547.5292	1	Stimulus/S  1	1	25475292	25475300	39	4	50	pips_l40_r400_500-8000.hdf5	right	left
2548.5959	1	Stimulus/S  1	1	25485959	25485967	39	5	30	pips_l40_r400_500-8000.hdf5	right	left
2549.6626	1	Stimulus/S  1	1	25496626	25496634	40	0	20	pips_l40_r400_500-8000.hdf5	right	left
2550.7079	1	Stimulus/S  1	1	25507079	25507087	40	1	40	pips_l40_r400_500-8000.hdf5	right	left
2551.7853	1	Stimulus/S  1	1	25517853	25517861	40	2	60	pips_l40_r400_500-8000.hdf5	right	left
2552.8306	1	Stimulus/S  1	1	25528306	25528314	40	3	70	pips_l40_r400_500-8000.hdf5	right	left
2553.8973	1	Stimulus/S  1	1	25538973	25538981	40	4	50	pips_l40_r400_500-8000.hdf5	right	left
2554.9426	1	Stimulus/S  1	1	25549426	25549434	40	5	30	pips_l40_r400_500-8000.hdf5	right	left
2555.9987	1	Stimulus/S  1	1	25559987	25559995	41	0	20	pips_l40_r400_500-8000.hdf5	right	left
2557.044	1	Stimulus/S  1	1	25570440	25570448	41	1	40	pips_l40_r400_500-8000.hdf5	right	left
2558.1	1	Stimulus/S  1	1	25581000	25581008	41	2	60	pips_l40_r400_500-8000.hdf5	right	left
2559.1454	1	Stimulus/S  1	1	25591454	25591462	41	3	70	pips_l40_r400_500-8000.hdf5	right	left
2560.212	1	Stimulus/S  1	1	25602120	25602128	41	4	50	pips_l40_r400_500-8000.hdf5	right	left
2561.268	1	Stimulus/S  1	1	25612680	25612688	41	5	30	pips_l40_r400_500-8000.hdf5	right	left
2562.3347	1	Stimulus/S  1	1	25623347	25623355	42	0	20	pips_l40_r400_500-8000.hdf5	right	left
2563.3801	1	Stimulus/S  1	1	25633801	25633809	42	1	40	pips_l40_r400_500-8000.hdf5	right	left
2564.4467	1	Stimulus/S  1	1	25644467	25644475	42	2	60	pips_l40_r400_500-8000.hdf5	right	left
2565.5134	1	Stimulus/S  1	1	25655134	25655142	42	3	70	pips_l40_r400_500-8000.hdf5	right	left
2566.5801	1	Stimulus/S  1	1	25665801	25665809	42	4	50	pips_l40_r400_500-8000.hdf5	right	left
2567.6254	1	Stimulus/S  1	1	25676254	25676262	42	5	30	pips_l40_r400_500-8000.hdf5	right	left
2568.6921	1	Stimulus/S  1	1	25686921	25686929	43	0	20	pips_l40_r400_500-8000.hdf5	right	left
2569.7588	1	Stimulus/S  1	1	25697588	25697596	43	1	40	pips_l40_r400_500-8000.hdf5	right	left
2570.8148	1	Stimulus/S  1	1	25708148	25708156	43	2	60	pips_l40_r400_500-8000.hdf5	right	left
2571.8601	1	Stimulus/S  1	1	25718601	25718609	43	3	70	pips_l40_r400_500-8000.hdf5	right	left
2572.9162	1	Stimulus/S  1	1	25729162	25729170	43	4	50	pips_l40_r400_500-8000.hdf5	right	left
2573.9615	1	Stimulus/S  1	1	25739615	25739623	43	5	30	pips_l40_r400_500-8000.hdf5	right	left
2575.0175	1	Stimulus/S  1	1	25750175	25750183	44	0	20	pips_l40_r400_500-8000.hdf5	right	left
2576.0629	1	Stimulus/S  1	1	25760629	25760637	44	1	40	pips_l40_r400_500-8000.hdf5	right	left
2577.1082	1	Stimulus/S  1	1	25771082	25771090	44	2	60	pips_l40_r400_500-8000.hdf5	right	left
2578.1642	1	Stimulus/S  1	1	25781642	25781650	44	3	70	pips_l40_r400_500-8000.hdf5	right	left
2579.2309	1	Stimulus/S  1	1	25792309	25792317	44	4	50	pips_l40_r400_500-8000.hdf5	right	left
2580.2762	1	Stimulus/S  1	1	25802762	25802770	44	5	30	pips_l40_r400_500-8000.hdf5	right	left
2581.3429	1	Stimulus/S  1	1	25813429	25813437	45	0	20	pips_l40_r400_500-8000.hdf5	right	left
2582.3989	1	Stimulus/S  1	1	25823989	25823997	45	1	40	pips_l40_r400_500-8000.hdf5	right	left
2583.4656	1	Stimulus/S  1	1	25834656	25834664	45	2	60	pips_l40_r400_500-8000.hdf5	right	left
2584.5323	1	Stimulus/S  1	1	25845323	25845331	45	3	70	pips_l40_r400_500-8000.hdf5	right	left
2585.5989	1	Stimulus/S  1	1	25855989	25855997	45	4	50	pips_l40_r400_500-8000.hdf5	right	left
2586.6656	1	Stimulus/S  1	1	25866656	25866664	45	5	30	pips_l40_r400_500-8000.hdf5	right	left
2587.7323	1	Stimulus/S  1	1	25877323	25877331	46	0	20	pips_l40_r400_500-8000.hdf5	right	left
2588.799	1	Stimulus/S  1	1	25887990	25887998	46	1	40	pips_l40_r400_500-8000.hdf5	right	left
2589.8443	1	Stimulus/S  1	1	25898443	25898451	46	2	60	pips_l40_r400_500-8000.hdf5	right	left
2590.911	1	Stimulus/S  1	1	25909110	25909118	46	3	70	pips_l40_r400_500-8000.hdf5	right	left
2591.967	1	Stimulus/S  1	1	25919670	25919678	46	4	50	pips_l40_r400_500-8000.hdf5	right	left
2593.0337	1	Stimulus/S  1	1	25930337	25930345	46	5	30	pips_l40_r400_500-8000.hdf5	right	left
2594.079	1	Stimulus/S  1	1	25940790	25940798	47	0	20	pips_l40_r400_500-8000.hdf5	right	left
2595.135	1	Stimulus/S  1	1	25951350	25951358	47	1	40	pips_l40_r400_500-8000.hdf5	right	left
2596.1804	1	Stimulus/S  1	1	25961804	25961812	47	2	60	pips_l40_r400_500-8000.hdf5	right	left
2597.2257	1	Stimulus/S  1	1	25972257	25972265	47	3	70	pips_l40_r400_500-8000.hdf5	right	left
2598.2817	1	Stimulus/S  1	1	25982817	25982825	47	4	50	pips_l40_r400_500-8000.hdf5	right	left
2599.3484	1	Stimulus/S  1	1	25993484	25993492	47	5	30	pips_l40_r400_500-8000.hdf5	right	left
2600.3938	1	Stimulus/S  1	1	26003938	26003946	48	0	20	pips_l40_r400_500-8000.hdf5	right	left
2601.4604	1	Stimulus/S  1	1	26014604	26014612	48	1	40	pips_l40_r400_500-8000.hdf5	right	left
2602.5164	1	Stimulus/S  1	1	26025164	26025172	48	2	60	pips_l40_r400_500-8000.hdf5	right	left
2603.5831	1	Stimulus/S  1	1	26035831	26035839	48	3	70	pips_l40_r400_500-8000.hdf5	right	left
2604.6498	1	Stimulus/S  1	1	26046498	26046506	48	4	50	pips_l40_r400_500-8000.hdf5	right	left
2605.7165	1	Stimulus/S  1	1	26057165	26057173	48	5	30	pips_l40_r400_500-8000.hdf5	right	left
2606.7832	1	Stimulus/S  1	1	26067832	26067840	49	0	20	pips_l40_r400_500-8000.hdf5	right	left
2607.8498	1	Stimulus/S  1	1	26078498	26078506	49	1	40	pips_l40_r400_500-8000.hdf5	right	left
2608.9165	1	Stimulus/S  1	1	26089165	26089173	49	2	60	pips_l40_r400_500-8000.hdf5	right	left
2609.9619	1	Stimulus/S  1	1	26099619	26099627	49	3	70	pips_l40_r400_500-8000.hdf5	right	left
2611.0179	1	Stimulus/S  1	1	26110179	26110187	49	4	50	pips_l40_r400_500-8000.hdf5	right	left
2612.0632	1	Stimulus/S  1	1	26120632	26120640	49	5	30	pips_l40_r400_500-8000.hdf5	right	left
2613.1192	1	Stimulus/S  1	1	26131192	26131200	50	0	20	pips_l40_r400_500-8000.hdf5	right	left
2614.1646	1	Stimulus/S  1	1	26141646	26141654	50	1	40	pips_l40_r400_500-8000.hdf5	right	left
2615.2099	1	Stimulus/S  1	1	26152099	26152107	50	2	60	pips_l40_r400_500-8000.hdf5	right	left
2616.2659	1	Stimulus/S  1	1	26162659	26162667	50	3	70	pips_l40_r400_500-8000.hdf5	right	left
2617.3113	1	Stimulus/S  1	1	26173113	26173121	50	4	50	pips_l40_r400_500-8000.hdf5	right	left
2618.3779	1	Stimulus/S  1	1	26183779	26183787	50	5	30	pips_l40_r400_500-8000.hdf5	right	left
2619.4339	1	Stimulus/S  1	1	26194339	26194347	51	0	20	pips_l40_r400_500-8000.hdf5	right	left
2620.5006	1	Stimulus/S  1	1	26205006	26205014	51	1	40	pips_l40_r400_500-8000.hdf5	right	left
2621.5673	1	Stimulus/S  1	1	26215673	26215681	51	2	60	pips_l40_r400_500-8000.hdf5	right	left
2622.634	1	Stimulus/S  1	1	26226340	26226348	51	3	70	pips_l40_r400_500-8000.hdf5	right	left
2623.7007	1	Stimulus/S  1	1	26237007	26237015	51	4	50	pips_l40_r400_500-8000.hdf5	right	left
2624.7673	1	Stimulus/S  1	1	26247673	26247681	51	5	30	pips_l40_r400_500-8000.hdf5	right	left
2625.834	1	Stimulus/S  1	1	26258340	26258348	52	0	20	pips_l40_r400_500-8000.hdf5	right	left
2626.9007	1	Stimulus/S  1	1	26269007	26269015	52	1	40	pips_l40_r400_500-8000.hdf5	right	left
2627.9674	1	Stimulus/S  1	1	26279674	26279682	52	2	60	pips_l40_r400_500-8000.hdf5	right	left
2629.034	1	Stimulus/S  1	1	26290340	26290348	52	3	70	pips_l40_r400_500-8000.hdf5	right	left
2630.1007	1	Stimulus/S  1	1	26301007	26301015	52	4	50	pips_l40_r400_500-8000.hdf5	right	left
2631.1674	1	Stimulus/S  1	1	26311674	26311682	52	5	30	pips_l40_r400_500-8000.hdf5	right	left
2632.2127	1	Stimulus/S  1	1	26322127	26322135	53	0	20	pips_l40_r400_500-8000.hdf5	right	left
2633.2794	1	Stimulus/S  1	1	26332794	26332802	53	1	40	pips_l40_r400_500-8000.hdf5	right	left
2634.3354	1	Stimulus/S  1	1	26343354	26343362	53	2	60	pips_l40_r400_500-8000.hdf5	right	left
2635.4021	1	Stimulus/S  1	1	26354021	26354029	53	3	70	pips_l40_r400_500-8000.hdf5	right	left
2636.4474	1	Stimulus/S  1	1	26364474	26364482	53	4	50	pips_l40_r400_500-8000.hdf5	right	left
2637.5141	1	Stimulus/S  1	1	26375141	26375149	53	5	30	pips_l40_r400_500-8000.hdf5	right	left
2638.5595	1	Stimulus/S  1	1	26385595	26385603	54	0	20	pips_l40_r400_500-8000.hdf5	right	left
2639.6155	1	Stimulus/S  1	1	26396155	26396163	54	1	40	pips_l40_r400_500-8000.hdf5	right	left
2640.6608	1	Stimulus/S  1	1	26406608	26406616	54	2	60	pips_l40_r400_500-8000.hdf5	right	left
2641.7168	1	Stimulus/S  1	1	26417168	26417176	54	3	70	pips_l40_r400_500-8000.hdf5	right	left
2642.7622	1	Stimulus/S  1	1	26427622	26427630	54	4	50	pips_l40_r400_500-8000.hdf5	right	left
2643.8289	1	Stimulus/S  1	1	26438289	26438297	54	5	30	pips_l40_r400_500-8000.hdf5	right	left
2644.8849	1	Stimulus/S  1	1	26448849	26448857	55	0	20	pips_l40_r400_500-8000.hdf5	right	left
2645.9515	1	Stimulus/S  1	1	26459515	26459523	55	1	40	pips_l40_r400_500-8000.hdf5	right	left
2647.0182	1	Stimulus/S  1	1	26470182	26470190	55	2	60	pips_l40_r400_500-8000.hdf5	right	left
2648.0849	1	Stimulus/S  1	1	26480849	26480857	55	3	70	pips_l40_r400_500-8000.hdf5	right	left
2649.1516	1	Stimulus/S  1	1	26491516	26491524	55	4	50	pips_l40_r400_500-8000.hdf5	right	left
2650.2182	1	Stimulus/S  1	1	26502182	26502190	55	5	30	pips_l40_r400_500-8000.hdf5	right	left
2651.2636	1	Stimulus/S  1	1	26512636	26512644	56	0	20	pips_l40_r400_500-8000.hdf5	right	left
2652.3303	1	Stimulus/S  1	1	26523303	26523311	56	1	40	pips_l40_r400_500-8000.hdf5	right	left
2653.3863	1	Stimulus/S  1	1	26533863	26533871	56	2	60	pips_l40_r400_500-8000.hdf5	right	left
2654.4316	1	Stimulus/S  1	1	26544316	26544324	56	3	70	pips_l40_r400_500-8000.hdf5	right	left
2655.477	1	Stimulus/S  1	1	26554770	26554778	56	4	50	pips_l40_r400_500-8000.hdf5	right	left
2656.533	1	Stimulus/S  1	1	26565330	26565338	56	5	30	pips_l40_r400_500-8000.hdf5	right	left
2657.5783	1	Stimulus/S  1	1	26575783	26575791	57	0	20	pips_l40_r400_500-8000.hdf5	right	left
2658.645	1	Stimulus/S  1	1	26586450	26586458	57	1	40	pips_l40_r400_500-8000.hdf5	right	left
2659.701	1	Stimulus/S  1	1	26597010	26597018	57	2	60	pips_l40_r400_500-8000.hdf5	right	left
2660.7677	1	Stimulus/S  1	1	26607677	26607685	57	3	70	pips_l40_r400_500-8000.hdf5	right	left
2661.813	1	Stimulus/S  1	1	26618130	26618138	57	4	50	pips_l40_r400_500-8000.hdf5	right	left
2662.8797	1	Stimulus/S  1	1	26628797	26628805	57	5	30	pips_l40_r400_500-8000.hdf5	right	left
2663.9464	1	Stimulus/S  1	1	26639464	26639472	58	0	20	pips_l40_r400_500-8000.hdf5	right	left
2665.0131	1	Stimulus/S  1	1	26650131	26650139	58	1	40	pips_l40_r400_500-8000.hdf5	right	left
2666.0797	1	Stimulus/S  1	1	26660797	26660805	58	2	60	pips_l40_r400_500-8000.hdf5	right	left
2667.1464	1	Stimulus/S  1	1	26671464	26671472	58	3	70	pips_l40_r400_500-8000.hdf5	right	left
2668.2131	1	Stimulus/S  1	1	26682131	26682139	58	4	50	pips_l40_r400_500-8000.hdf5	right	left
2669.2691	1	Stimulus/S  1	1	26692691	26692699	58	5	30	pips_l40_r400_500-8000.hdf5	right	left
2670.3358	1	Stimulus/S  1	1	26703358	26703366	59	0	20	pips_l40_r400_500-8000.hdf5	right	left
2671.3811	1	Stimulus/S  1	1	26713811	26713819	59	1	40	pips_l40_r400_500-8000.hdf5	right	left
2672.4265	1	Stimulus/S  1	1	26724265	26724273	59	2	60	pips_l40_r400_500-8000.hdf5	right	left
2673.4825	1	Stimulus/S  1	1	26734825	26734833	59	3	70	pips_l40_r400_500-8000.hdf5	right	left
2674.5278	1	Stimulus/S  1	1	26745278	26745286	59	4	50	pips_l40_r400_500-8000.hdf5	right	left
2675.5838	1	Stimulus/S  1	1	26755838	26755846	59	5	30	pips_l40_r400_500-8000.hdf5	right	left
2676.6292	1	Stimulus/S  1	1	26766292	26766300	60	0	20	pips_l40_r400_500-8000.hdf5	right	left
2677.6852	1	Stimulus/S  1	1	26776852	26776860	60	1	40	pips_l40_r400_500-8000.hdf5	right	left
2678.7305	1	Stimulus/S  1	1	26787305	26787313	60	2	60	pips_l40_r400_500-8000.hdf5	right	left
2679.7972	1	Stimulus/S  1	1	26797972	26797980	60	3	70	pips_l40_r400_500-8000.hdf5	right	left
2680.8639	1	Stimulus/S  1	1	26808639	26808647	60	4	50	pips_l40_r400_500-8000.hdf5	right	left
2681.9306	1	Stimulus/S  1	1	26819306	26819314	60	5	30	pips_l40_r400_500-8000.hdf5	right	left
2682.9972	1	Stimulus/S  1	1	26829972	26829980	61	0	20	pips_l40_r400_500-8000.hdf5	right	left
2684.0639	1	Stimulus/S  1	1	26840639	26840647	61	1	40	pips_l40_r400_500-8000.hdf5	right	left
2685.1306	1	Stimulus/S  1	1	26851306	26851314	61	2	60	pips_l40_r400_500-8000.hdf5	right	left
2686.1866	1	Stimulus/S  1	1	26861866	26861874	61	3	70	pips_l40_r400_500-8000.hdf5	right	left
2687.2533	1	Stimulus/S  1	1	26872533	26872541	61	4	50	pips_l40_r400_500-8000.hdf5	right	left
2688.2986	1	Stimulus/S  1	1	26882986	26882994	61	5	30	pips_l40_r400_500-8000.hdf5	right	left
2689.3653	1	Stimulus/S  1	1	26893653	26893661	62	0	20	pips_l40_r400_500-8000.hdf5	right	left
2690.4106	1	Stimulus/S  1	1	26904106	26904114	62	1	40	pips_l40_r400_500-8000.hdf5	right	left
2691.4667	1	Stimulus/S  1	1	26914667	26914675	62	2	60	pips_l40_r400_500-8000.hdf5	right	left
2692.512	1	Stimulus/S  1	1	26925120	26925128	62	3	70	pips_l40_r400_500-8000.hdf5	right	left
2693.568	1	Stimulus/S  1	1	26935680	26935688	62	4	50	pips_l40_r400_500-8000.hdf5	right	left
2694.6347	1	Stimulus/S  1	1	26946347	26946355	62	5	30	pips_l40_r400_500-8000.hdf5	right	left
2695.7014	1	Stimulus/S  1	1	26957014	26957022	63	0	20	pips_l40_r400_500-8000.hdf5	right	left
2696.768	1	Stimulus/S  1	1	26967680	26967688	63	1	40	pips_l40_r400_500-8000.hdf5	right	left
2697.8134	1	Stimulus/S  1	1	26978134	26978142	63	2	60	pips_l40_r400_500-8000.hdf5	right	left
2698.8801	1	Stimulus/S  1	1	26988801	26988809	63	3	70	pips_l40_r400_500-8000.hdf5	right	left
2699.9361	1	Stimulus/S  1	1	26999361	26999369	63	4	50	pips_l40_r400_500-8000.hdf5	right	left
2701.0027	1	Stimulus/S  1	1	27010027	27010035	63	5	30	pips_l40_r400_500-8000.hdf5	right	left
2702.0481	1	Stimulus/S  1	1	27020481	27020489	64	0	20	pips_l40_r400_500-8000.hdf5	right	left
2703.0934	1	Stimulus/S  1	1	27030934	27030942	64	1	40	pips_l40_r400_500-8000.hdf5	right	left
2704.1494	1	Stimulus/S  1	1	27041494	27041502	64	2	60	pips_l40_r400_500-8000.hdf5	right	left
2705.1948	1	Stimulus/S  1	1	27051948	27051956	64	3	70	pips_l40_r400_500-8000.hdf5	right	left
2706.2508	1	Stimulus/S  1	1	27062508	27062516	64	4	50	pips_l40_r400_500-8000.hdf5	right	left
2707.3175	1	Stimulus/S  1	1	27073175	27073183	64	5	30	pips_l40_r400_500-8000.hdf5	right	left
2708.3628	1	Stimulus/S  1	1	27083628	27083636	65	0	20	pips_l40_r400_500-8000.hdf5	right	left
2709.4295	1	Stimulus/S  1	1	27094295	27094303	65	1	40	pips_l40_r400_500-8000.hdf5	right	left
2710.4855	1	Stimulus/S  1	1	27104855	27104863	65	2	60	pips_l40_r400_500-8000.hdf5	right	left
2711.5522	1	Stimulus/S  1	1	27115522	27115530	65	3	70	pips_l40_r400_500-8000.hdf5	right	left
2712.6189	1	Stimulus/S  1	1	27126189	27126197	65	4	50	pips_l40_r400_500-8000.hdf5	right	left
2713.6855	1	Stimulus/S  1	1	27136855	27136863	65	5	30	pips_l40_r400_500-8000.hdf5	right	left
2714.7522	1	Stimulus/S  1	1	27147522	27147530	66	0	20	pips_l40_r400_500-8000.hdf5	right	left
2715.8189	1	Stimulus/S  1	1	27158189	27158197	66	1	40	pips_l40_r400_500-8000.hdf5	right	left
2716.8856	1	Stimulus/S  1	1	27168856	27168864	66	2	60	pips_l40_r400_500-8000.hdf5	right	left
2717.9309	1	Stimulus/S  1	1	27179309	27179317	66	3	70	pips_l40_r400_500-8000.hdf5	right	left
2718.9976	1	Stimulus/S  1	1	27189976	27189984	66	4	50	pips_l40_r400_500-8000.hdf5	right	left
2720.0536	1	Stimulus/S  1	1	27200536	27200544	66	5	30	pips_l40_r400_500-8000.hdf5	right	left
2721.1203	1	Stimulus/S  1	1	27211203	27211211	67	0	20	pips_l40_r400_500-8000.hdf5	right	left
2722.1656	1	Stimulus/S  1	1	27221656	27221664	67	1	40	pips_l40_r400_500-8000.hdf5	right	left
2723.211	1	Stimulus/S  1	1	27232110	27232118	67	2	60	pips_l40_r400_500-8000.hdf5	right	left
2724.267	1	Stimulus/S  1	1	27242670	27242678	67	3	70	pips_l40_r400_500-8000.hdf5	right	left
2725.3123	1	Stimulus/S  1	1	27253123	27253131	67	4	50	pips_l40_r400_500-8000.hdf5	right	left
2726.3683	1	Stimulus/S  1	1	27263683	27263691	67	5	30	pips_l40_r400_500-8000.hdf5	right	left
2727.435	1	Stimulus/S  1	1	27274350	27274358	68	0	20	pips_l40_r400_500-8000.hdf5	right	left
2728.4804	1	Stimulus/S  1	1	27284804	27284812	68	1	40	pips_l40_r400_500-8000.hdf5	right	left
2729.547	1	Stimulus/S  1	1	27295470	27295478	68	2	60	pips_l40_r400_500-8000.hdf5	right	left
2730.603	1	Stimulus/S  1	1	27306030	27306038	68	3	70	pips_l40_r400_500-8000.hdf5	right	left
2731.6697	1	Stimulus/S  1	1	27316697	27316705	68	4	50	pips_l40_r400_500-8000.hdf5	right	left
2732.7364	1	Stimulus/S  1	1	27327364	27327372	68	5	30	pips_l40_r400_500-8000.hdf5	right	left
2733.8031	1	Stimulus/S  1	1	27338031	27338039	69	0	20	pips_l40_r400_500-8000.hdf5	right	left
2734.8697	1	Stimulus/S  1	1	27348697	27348705	69	1	40	pips_l40_r400_500-8000.hdf5	right	left
2735.9364	1	Stimulus/S  1	1	27359364	27359372	69	2	60	pips_l40_r400_500-8000.hdf5	right	left
2737.0031	1	Stimulus/S  1	1	27370031	27370039	69	3	70	pips_l40_r400_500-8000.hdf5	right	left
2738.0484	1	Stimulus/S  1	1	27380484	27380492	69	4	50	pips_l40_r400_500-8000.hdf5	right	left
2739.1151	1	Stimulus/S  1	1	27391151	27391159	69	5	30	pips_l40_r400_500-8000.hdf5	right	left
2740.1711	1	Stimulus/S  1	1	27401711	27401719	70	0	20	pips_l40_r400_500-8000.hdf5	right	left
2741.2378	1	Stimulus/S  1	1	27412378	27412386	70	1	40	pips_l40_r400_500-8000.hdf5	right	left
2742.2832	1	Stimulus/S  1	1	27422832	27422840	70	2	60	pips_l40_r400_500-8000.hdf5	right	left
2743.3285	1	Stimulus/S  1	1	27433285	27433293	70	3	70	pips_l40_r400_500-8000.hdf5	right	left
2744.3845	1	Stimulus/S  1	1	27443845	27443853	70	4	50	pips_l40_r400_500-8000.hdf5	right	left
2745.4299	1	Stimulus/S  1	1	27454299	27454307	70	5	30	pips_l40_r400_500-8000.hdf5	right	left
2746.4859	1	Stimulus/S  1	1	27464859	27464867	71	0	20	pips_l40_r400_500-8000.hdf5	right	left
2747.5525	1	Stimulus/S  1	1	27475525	27475533	71	1	40	pips_l40_r400_500-8000.hdf5	right	left
2748.5979	1	Stimulus/S  1	1	27485979	27485987	71	2	60	pips_l40_r400_500-8000.hdf5	right	left
2749.6646	1	Stimulus/S  1	1	27496646	27496654	71	3	70	pips_l40_r400_500-8000.hdf5	right	left
2750.7206	1	Stimulus/S  1	1	27507206	27507214	71	4	50	pips_l40_r400_500-8000.hdf5	right	left
2751.7872	1	Stimulus/S  1	1	27517872	27517880	71	5	30	pips_l40_r400_500-8000.hdf5	right	left
2752.8539	1	Stimulus/S  1	1	27528539	27528547	72	0	20	pips_l40_r400_500-8000.hdf5	right	left
2753.9206	1	Stimulus/S  1	1	27539206	27539214	72	1	40	pips_l40_r400_500-8000.hdf5	right	left
2754.9659	1	Stimulus/S  1	1	27549659	27549667	72	2	60	pips_l40_r400_500-8000.hdf5	right	left
2756.022	1	Stimulus/S  1	1	27560220	27560228	72	3	70	pips_l40_r400_500-8000.hdf5	right	left
2757.0673	1	Stimulus/S  1	1	27570673	27570681	72	4	50	pips_l40_r400_500-8000.hdf5	right	left
2758.1126	1	Stimulus/S  1	1	27581126	27581134	72	5	30	pips_l40_r400_500-8000.hdf5	right	left
2759.1687	1	Stimulus/S  1	1	27591687	27591695	73	0	20	pips_l40_r400_500-8000.hdf5	right	left
2760.214	1	Stimulus/S  1	1	27602140	27602148	73	1	40	pips_l40_r400_500-8000.hdf5	right	left
2761.27	1	Stimulus/S  1	1	27612700	27612708	73	2	60	pips_l40_r400_500-8000.hdf5	right	left
2762.3153	1	Stimulus/S  1	1	27623153	27623161	73	3	70	pips_l40_r400_500-8000.hdf5	right	left
2763.382	1	Stimulus/S  1	1	27633820	27633828	73	4	50	pips_l40_r400_500-8000.hdf5	right	left
2764.438	1	Stimulus/S  1	1	27644380	27644388	73	5	30	pips_l40_r400_500-8000.hdf5	right	left
2765.5047	1	Stimulus/S  1	1	27655047	27655055	74	0	20	pips_l40_r400_500-8000.hdf5	right	left
2766.5714	1	Stimulus/S  1	1	27665714	27665722	74	1	40	pips_l40_r400_500-8000.hdf5	right	left
2767.6381	1	Stimulus/S  1	1	27676381	27676389	74	2	60	pips_l40_r400_500-8000.hdf5	right	left
2768.7047	1	Stimulus/S  1	1	27687047	27687055	74	3	70	pips_l40_r400_500-8000.hdf5	right	left
2769.7714	1	Stimulus/S  1	1	27697714	27697722	74	4	50	pips_l40_r400_500-8000.hdf5	right	left
2770.8381	1	Stimulus/S  1	1	27708381	27708389	74	5	30	pips_l40_r400_500-8000.hdf5	right	left
2771.8834	1	Stimulus/S  1	1	27718834	27718842	75	0	20	pips_l40_r400_500-8000.hdf5	right	left
2772.9501	1	Stimulus/S  1	1	27729501	27729509	75	1	40	pips_l40_r400_500-8000.hdf5	right	left
2773.9955	1	Stimulus/S  1	1	27739955	27739963	75	2	60	pips_l40_r400_500-8000.hdf5	right	left
2775.0621	1	Stimulus/S  1	1	27750621	27750629	75	3	70	pips_l40_r400_500-8000.hdf5	right	left
2776.1182	1	Stimulus/S  1	1	27761182	27761190	75	4	50	pips_l40_r400_500-8000.hdf5	right	left
2777.1635	1	Stimulus/S  1	1	27771635	27771643	75	5	30	pips_l40_r400_500-8000.hdf5	right	left
2778.2195	1	Stimulus/S  1	1	27782195	27782203	76	0	20	pips_l40_r400_500-8000.hdf5	right	left
2779.2648	1	Stimulus/S  1	1	27792648	27792656	76	1	40	pips_l40_r400_500-8000.hdf5	right	left
2780.3209	1	Stimulus/S  1	1	27803209	27803217	76	2	60	pips_l40_r400_500-8000.hdf5	right	left
2781.3875	1	Stimulus/S  1	1	27813875	27813883	76	3	70	pips_l40_r400_500-8000.hdf5	right	left
2782.4329	1	Stimulus/S  1	1	27824329	27824337	76	4	50	pips_l40_r400_500-8000.hdf5	right	left
2783.4996	1	Stimulus/S  1	1	27834996	27835004	76	5	30	pips_l40_r400_500-8000.hdf5	right	left
2784.5556	1	Stimulus/S  1	1	27845556	27845564	77	0	20	pips_l40_r400_500-8000.hdf5	right	left
2785.6222	1	Stimulus/S  1	1	27856222	27856230	77	1	40	pips_l40_r400_500-8000.hdf5	right	left
2786.6889	1	Stimulus/S  1	1	27866889	27866897	77	2	60	pips_l40_r400_500-8000.hdf5	right	left
2787.7556	1	Stimulus/S  1	1	27877556	27877564	77	3	70	pips_l40_r400_500-8000.hdf5	right	left
2788.8223	1	Stimulus/S  1	1	27888223	27888231	77	4	50	pips_l40_r400_500-8000.hdf5	right	left
2789.8783	1	Stimulus/S  1	1	27898783	27898791	77	5	30	pips_l40_r400_500-8000.hdf5	right	left
2790.9556	1	Stimulus/S  1	1	27909556	27909564	78	0	20	pips_l40_r400_500-8000.hdf5	right	left
2792.001	1	Stimulus/S  1	1	27920010	27920018	78	1	40	pips_l40_r400_500-8000.hdf5	right	left
2793.0463	1	Stimulus/S  1	1	27930463	27930471	78	2	60	pips_l40_r400_500-8000.hdf5	right	left
2794.1023	1	Stimulus/S  1	1	27941023	27941031	78	3	70	pips_l40_r400_500-8000.hdf5	right	left
2795.1477	1	Stimulus/S  1	1	27951477	27951485	78	4	50	pips_l40_r400_500-8000.hdf5	right	left
2796.2037	1	Stimulus/S  1	1	27962037	27962045	78	5	30	pips_l40_r400_500-8000.hdf5	right	left
2797.249	1	Stimulus/S  1	1	27972490	27972498	79	0	20	pips_l40_r400_500-8000.hdf5	right	left
2798.305	1	Stimulus/S  1	1	27983050	27983058	79	1	40	pips_l40_r400_500-8000.hdf5	right	left
2799.3504	1	Stimulus/S  1	1	27993504	27993512	79	2	60	pips_l40_r400_500-8000.hdf5	right	left
2800.4171	1	Stimulus/S  1	1	28004171	28004179	79	3	70	pips_l40_r400_500-8000.hdf5	right	left
2801.4624	1	Stimulus/S  1	1	28014624	28014632	79	4	50	pips_l40_r400_500-8000.hdf5	right	left
2802.5291	1	Stimulus/S  1	1	28025291	28025299	79	5	30	pips_l40_r400_500-8000.hdf5	right	left
2803.5958	1	Stimulus/S  1	1	28035958	28035966	80	0	20	pips_l40_r400_500-8000.hdf5	right	left
2804.6624	1	Stimulus/S  1	1	28046624	28046632	80	1	40	pips_l40_r400_500-8000.hdf5	right	left
2805.7291	1	Stimulus/S  1	1	28057291	28057299	80	2	60	pips_l40_r400_500-8000.hdf5	right	left
2806.7958	1	Stimulus/S  1	1	28067958	28067966	80	3	70	pips_l40_r400_500-8000.hdf5	right	left
2807.8625	1	Stimulus/S  1	1	28078625	28078633	80	4	50	pips_l40_r400_500-8000.hdf5	right	left
2808.9185	1	Stimulus/S  1	1	28089185	28089193	80	5	30	pips_l40_r400_500-8000.hdf5	right	left
2809.9852	1	Stimulus/S  1	1	28099852	28099860	81	0	20	pips_l40_r400_500-8000.hdf5	right	left
2811.0305	1	Stimulus/S  1	1	28110305	28110313	81	1	40	pips_l40_r400_500-8000.hdf5	right	left
2812.0972	1	Stimulus/S  1	1	28120972	28120980	81	2	60	pips_l40_r400_500-8000.hdf5	right	left
2813.1532	1	Stimulus/S  1	1	28131532	28131540	81	3	70	pips_l40_r400_500-8000.hdf5	right	left
2814.1985	1	Stimulus/S  1	1	28141985	28141993	81	4	50	pips_l40_r400_500-8000.hdf5	right	left
2815.2545	1	Stimulus/S  1	1	28152545	28152553	81	5	30	pips_l40_r400_500-8000.hdf5	right	left
2816.2999	1	Stimulus/S  1	1	28162999	28163007	82	0	20	pips_l40_r400_500-8000.hdf5	right	left
2817.3559	1	Stimulus/S  1	1	28173559	28173567	82	1	40	pips_l40_r400_500-8000.hdf5	right	left
2818.4226	1	Stimulus/S  1	1	28184226	28184234	82	2	60	pips_l40_r400_500-8000.hdf5	right	left
2819.4679	1	Stimulus/S  1	1	28194679	28194687	82	3	70	pips_l40_r400_500-8000.hdf5	right	left
2820.5346	1	Stimulus/S  1	1	28205346	28205354	82	4	50	pips_l40_r400_500-8000.hdf5	right	left
2821.6013	1	Stimulus/S  1	1	28216013	28216021	82	5	30	pips_l40_r400_500-8000.hdf5	right	left
2822.6466	1	Stimulus/S  1	1	28226466	28226474	83	0	20	pips_l40_r400_500-8000.hdf5	right	left
2823.7026	1	Stimulus/S  1	1	28237026	28237034	83	1	40	pips_l40_r400_500-8000.hdf5	right	left
2824.748	1	Stimulus/S  1	1	28247480	28247488	83	2	60	pips_l40_r400_500-8000.hdf5	right	left
2825.8146	1	Stimulus/S  1	1	28258146	28258154	83	3	70	pips_l40_r400_500-8000.hdf5	right	left
2826.8813	1	Stimulus/S  1	1	28268813	28268821	83	4	50	pips_l40_r400_500-8000.hdf5	right	left
2827.9373	1	Stimulus/S  1	1	28279373	28279381	83	5	30	pips_l40_r400_500-8000.hdf5	right	left
2828.9827	1	Stimulus/S  1	1	28289827	28289835	84	0	20	pips_l40_r400_500-8000.hdf5	right	left
2830.0387	1	Stimulus/S  1	1	28300387	28300395	84	1	40	pips_l40_r400_500-8000.hdf5	right	left
2831.084	1	Stimulus/S  1	1	28310840	28310848	84	2	60	pips_l40_r400_500-8000.hdf5	right	left
2832.1294	1	Stimulus/S  1	1	28321294	28321302	84	3	70	pips_l40_r400_500-8000.hdf5	right	left
2833.1854	1	Stimulus/S  1	1	28331854	28331862	84	4	50	pips_l40_r400_500-8000.hdf5	right	left
2834.2307	1	Stimulus/S  1	1	28342307	28342315	84	5	30	pips_l40_r400_500-8000.hdf5	right	left
2835.2867	1	Stimulus/S  1	1	28352867	28352875	85	0	20	pips_l40_r400_500-8000.hdf5	right	left
2836.3321	1	Stimulus/S  1	1	28363321	28363329	85	1	40	pips_l40_r400_500-8000.hdf5	right	left
2837.3881	1	Stimulus/S  1	1	28373881	28373889	85	2	60	pips_l40_r400_500-8000.hdf5	right	left
2838.4548	1	Stimulus/S  1	1	28384548	28384556	85	3	70	pips_l40_r400_500-8000.hdf5	right	left
2839.5214	1	Stimulus/S  1	1	28395214	28395222	85	4	50	pips_l40_r400_500-8000.hdf5	right	left
2840.5881	1	Stimulus/S  1	1	28405881	28405889	85	5	30	pips_l40_r400_500-8000.hdf5	right	left
2841.6548	1	Stimulus/S  1	1	28416548	28416556	86	0	20	pips_l40_r400_500-8000.hdf5	right	left
2842.7215	1	Stimulus/S  1	1	28427215	28427223	86	1	40	pips_l40_r400_500-8000.hdf5	right	left
2843.7881	1	Stimulus/S  1	1	28437881	28437889	86	2	60	pips_l40_r400_500-8000.hdf5	right	left
2844.8335	1	Stimulus/S  1	1	28448335	28448343	86	3	70	pips_l40_r400_500-8000.hdf5	right	left
2845.9002	1	Stimulus/S  1	1	28459002	28459010	86	4	50	pips_l40_r400_500-8000.hdf5	right	left
2846.9562	1	Stimulus/S  1	1	28469562	28469570	86	5	30	pips_l40_r400_500-8000.hdf5	right	left
2848.0015	1	Stimulus/S  1	1	28480015	28480023	87	0	20	pips_l40_r400_500-8000.hdf5	right	left
2849.0469	1	Stimulus/S  1	1	28490469	28490477	87	1	40	pips_l40_r400_500-8000.hdf5	right	left
2850.1029	1	Stimulus/S  1	1	28501029	28501037	87	2	60	pips_l40_r400_500-8000.hdf5	right	left
2851.1482	1	Stimulus/S  1	1	28511482	28511490	87	3	70	pips_l40_r400_500-8000.hdf5	right	left
2852.2042	1	Stimulus/S  1	1	28522042	28522050	87	4	50	pips_l40_r400_500-8000.hdf5	right	left
2853.2496	1	Stimulus/S  1	1	28532496	28532504	87	5	30	pips_l40_r400_500-8000.hdf5	right	left
2854.3056	1	Stimulus/S  1	1	28543056	28543064	88	0	20	pips_l40_r400_500-8000.hdf5	right	left
2855.3723	1	Stimulus/S  1	1	28553723	28553731	88	1	40	pips_l40_r400_500-8000.hdf5	right	left
2856.4389	1	Stimulus/S  1	1	28564389	28564397	88	2	60	pips_l40_r400_500-8000.hdf5	right	left
2857.4843	1	Stimulus/S  1	1	28574843	28574851	88	3	70	pips_l40_r400_500-8000.hdf5	right	left
2858.551	1	Stimulus/S  1	1	28585510	28585518	88	4	50	pips_l40_r400_500-8000.hdf5	right	left
2859.6176	1	Stimulus/S  1	1	28596176	28596184	88	5	30	pips_l40_r400_500-8000.hdf5	right	left
2860.6843	1	Stimulus/S  1	1	28606843	28606851	89	0	20	pips_l40_r400_500-8000.hdf5	right	left
2861.7297	1	Stimulus/S  1	1	28617297	28617305	89	1	40	pips_l40_r400_500-8000.hdf5	right	left
2862.807	1	Stimulus/S  1	1	28628070	28628078	89	2	60	pips_l40_r400_500-8000.hdf5	right	left
2863.8523	1	Stimulus/S  1	1	28638523	28638531	89	3	70	pips_l40_r400_500-8000.hdf5	right	left
2864.919	1	Stimulus/S  1	1	28649190	28649198	89	4	50	pips_l40_r400_500-8000.hdf5	right	left
2865.9644	1	Stimulus/S  1	1	28659644	28659652	89	5	30	pips_l40_r400_500-8000.hdf5	right	left
2867.031	1	Stimulus/S  1	1	28670310	28670318	90	0	20	pips_l40_r400_500-8000.hdf5	right	left
2868.0871	1	Stimulus/S  1	1	28680871	28680879	90	1	40	pips_l40_r400_500-8000.hdf5	right	left
2869.1324	1	Stimulus/S  1	1	28691324	28691332	90	2	60	pips_l40_r400_500-8000.hdf5	right	left
2870.1884	1	Stimulus/S  1	1	28701884	28701892	90	3	70	pips_l40_r400_500-8000.hdf5	right	left
2871.2338	1	Stimulus/S  1	1	28712338	28712346	90	4	50	pips_l40_r400_500-8000.hdf5	right	left
2872.2898	1	Stimulus/S  1	1	28722898	28722906	90	5	30	pips_l40_r400_500-8000.hdf5	right	left
2873.3564	1	Stimulus/S  1	1	28733564	28733572	91	0	20	pips_l40_r400_500-8000.hdf5	right	left
2874.4018	1	Stimulus/S  1	1	28744018	28744026	91	1	40	pips_l40_r400_500-8000.hdf5	right	left
2875.4685	1	Stimulus/S  1	1	28754685	28754693	91	2	60	pips_l40_r400_500-8000.hdf5	right	left
2876.5138	1	Stimulus/S  1	1	28765138	28765146	91	3	70	pips_l40_r400_500-8000.hdf5	right	left
2877.5805	1	Stimulus/S  1	1	28775805	28775813	91	4	50	pips_l40_r400_500-8000.hdf5	right	left
2878.6472	1	Stimulus/S  1	1	28786472	28786480	91	5	30	pips_l40_r400_500-8000.hdf5	right	left
2879.7138	1	Stimulus/S  1	1	28797138	28797146	92	0	20	pips_l40_r400_500-8000.hdf5	right	left
2880.7805	1	Stimulus/S  1	1	28807805	28807813	92	1	40	pips_l40_r400_500-8000.hdf5	right	left
2881.8472	1	Stimulus/S  1	1	28818472	28818480	92	2	60	pips_l40_r400_500-8000.hdf5	right	left
2882.9139	1	Stimulus/S  1	1	28829139	28829147	92	3	70	pips_l40_r400_500-8000.hdf5	right	left
2883.9699	1	Stimulus/S  1	1	28839699	28839707	92	4	50	pips_l40_r400_500-8000.hdf5	right	left
2885.0152	1	Stimulus/S  1	1	28850152	28850160	92	5	30	pips_l40_r400_500-8000.hdf5	right	left
2886.0712	1	Stimulus/S  1	1	28860712	28860720	93	0	20	pips_l40_r400_500-8000.hdf5	right	left
2887.1166	1	Stimulus/S  1	1	28871166	28871174	93	1	40	pips_l40_r400_500-8000.hdf5	right	left
2888.1726	1	Stimulus/S  1	1	28881726	28881734	93	2	60	pips_l40_r400_500-8000.hdf5	right	left
2889.2179	1	Stimulus/S  1	1	28892179	28892187	93	3	70	pips_l40_r400_500-8000.hdf5	right	left
2890.2633	1	Stimulus/S  1	1	28902633	28902641	93	4	50	pips_l40_r400_500-8000.hdf5	right	left
2891.3193	1	Stimulus/S  1	1	28913193	28913201	93	5	30	pips_l40_r400_500-8000.hdf5	right	left
2892.386	1	Stimulus/S  1	1	28923860	28923868	94	0	20	pips_l40_r400_500-8000.hdf5	right	left
2893.4313	1	Stimulus/S  1	1	28934313	28934321	94	1	40	pips_l40_r400_500-8000.hdf5	right	left
2894.498	1	Stimulus/S  1	1	28944980	28944988	94	2	60	pips_l40_r400_500-8000.hdf5	right	left
2895.5647	1	Stimulus/S  1	1	28955647	28955655	94	3	70	pips_l40_r400_500-8000.hdf5	right	left
2896.6313	1	Stimulus/S  1	1	28966313	28966321	94	4	50	pips_l40_r400_500-8000.hdf5	right	left
2897.698	1	Stimulus/S  1	1	28976980	28976988	94	5	30	pips_l40_r400_500-8000.hdf5	right	left
2898.7647	1	Stimulus/S  1	1	28987647	28987655	95	0	20	pips_l40_r400_500-8000.hdf5	right	left
2899.8314	1	Stimulus/S  1	1	28998314	28998322	95	1	40	pips_l40_r400_500-8000.hdf5	right	left
2900.8874	1	Stimulus/S  1	1	29008874	29008882	95	2	60	pips_l40_r400_500-8000.hdf5	right	left
2901.9541	1	Stimulus/S  1	1	29019541	29019549	95	3	70	pips_l40_r400_500-8000.hdf5	right	left
2902.9994	1	Stimulus/S  1	1	29029994	29030002	95	4	50	pips_l40_r400_500-8000.hdf5	right	left
2904.0661	1	Stimulus/S  1	1	29040661	29040669	95	5	30	pips_l40_r400_500-8000.hdf5	right	left
2905.1221	1	Stimulus/S  1	1	29051221	29051229	96	0	20	pips_l40_r400_500-8000.hdf5	right	left
2906.1888	1	Stimulus/S  1	1	29061888	29061896	96	1	40	pips_l40_r400_500-8000.hdf5	right	left
2907.2341	1	Stimulus/S  1	1	29072341	29072349	96	2	60	pips_l40_r400_500-8000.hdf5	right	left
2908.3008	1	Stimulus/S  1	1	29083008	29083016	96	3	70	pips_l40_r400_500-8000.hdf5	right	left
2909.3568	1	Stimulus/S  1	1	29093568	29093576	96	4	50	pips_l40_r400_500-8000.hdf5	right	left
2910.4021	1	Stimulus/S  1	1	29104021	29104029	96	5	30	pips_l40_r400_500-8000.hdf5	right	left
2911.4475	1	Stimulus/S  1	1	29114475	29114483	97	0	20	pips_l40_r400_500-8000.hdf5	right	left
2912.5035	1	Stimulus/S  1	1	29125035	29125043	97	1	40	pips_l40_r400_500-8000.hdf5	right	left
2913.5488	1	Stimulus/S  1	1	29135488	29135496	97	2	60	pips_l40_r400_500-8000.hdf5	right	left
2914.6155	1	Stimulus/S  1	1	29146155	29146163	97	3	70	pips_l40_r400_500-8000.hdf5	right	left
2915.6715	1	Stimulus/S  1	1	29156715	29156723	97	4	50	pips_l40_r400_500-8000.hdf5	right	left
2916.7382	1	Stimulus/S  1	1	29167382	29167390	97	5	30	pips_l40_r400_500-8000.hdf5	right	left
2917.7835	1	Stimulus/S  1	1	29177835	29177843	98	0	20	pips_l40_r400_500-8000.hdf5	right	left
2918.8502	1	Stimulus/S  1	1	29188502	29188510	98	1	40	pips_l40_r400_500-8000.hdf5	right	left
2919.9169	1	Stimulus/S  1	1	29199169	29199177	98	2	60	pips_l40_r400_500-8000.hdf5	right	left
2920.9836	1	Stimulus/S  1	1	29209836	29209844	98	3	70	pips_l40_r400_500-8000.hdf5	right	left
2922.0503	1	Stimulus/S  1	1	29220503	29220511	98	4	50	pips_l40_r400_500-8000.hdf5	right	left
2923.1169	1	Stimulus/S  1	1	29231169	29231177	98	5	30	pips_l40_r400_500-8000.hdf5	right	left
2924.1836	1	Stimulus/S  1	1	29241836	29241844	99	0	20	pips_l40_r400_500-8000.hdf5	right	left
2925.2396	1	Stimulus/S  1	1	29252396	29252404	99	1	40	pips_l40_r400_500-8000.hdf5	right	left
2926.285	1	Stimulus/S  1	1	29262850	29262858	99	2	60	pips_l40_r400_500-8000.hdf5	right	left
2927.341	1	Stimulus/S  1	1	29273410	29273418	99	3	70	pips_l40_r400_500-8000.hdf5	right	left
2928.3863	1	Stimulus/S  1	1	29283863	29283871	99	4	50	pips_l40_r400_500-8000.hdf5	right	left
2929.4317	1	Stimulus/S  1	1	29294317	29294325	99	5	30	pips_l40_r400_500-8000.hdf5	right	left
2930.4877	1	Stimulus/S  1	1	29304877	29304885	100	0	20	pips_l40_r400_500-8000.hdf5	right	left
2931.533	1	Stimulus/S  1	1	29315330	29315338	100	1	40	pips_l40_r400_500-8000.hdf5	right	left
2932.589	1	Stimulus/S  1	1	29325890	29325898	100	2	60	pips_l40_r400_500-8000.hdf5	right	left
2933.6557	1	Stimulus/S  1	1	29336557	29336565	100	3	70	pips_l40_r400_500-8000.hdf5	right	left
2934.701	1	Stimulus/S  1	1	29347010	29347018	100	4	50	pips_l40_r400_500-8000.hdf5	right	left
2935.7677	1	Stimulus/S  1	1	29357677	29357685	100	5	30	pips_l40_r400_500-8000.hdf5	right	left
2936.8344	1	Stimulus/S  1	1	29368344	29368352	101	0	20	pips_l40_r400_500-8000.hdf5	right	left
2937.9011	1	Stimulus/S  1	1	29379011	29379019	101	1	40	pips_l40_r400_500-8000.hdf5	right	left
2938.9678	1	Stimulus/S  1	1	29389678	29389686	101	2	60	pips_l40_r400_500-8000.hdf5	right	left
2940.0344	1	Stimulus/S  1	1	29400344	29400352	101	3	70	pips_l40_r400_500-8000.hdf5	right	left
2941.1011	1	Stimulus/S  1	1	29411011	29411019	101	4	50	pips_l40_r400_500-8000.hdf5	right	left
2942.1571	1	Stimulus/S  1	1	29421571	29421579	101	5	30	pips_l40_r400_500-8000.hdf5	right	left
2943.2238	1	Stimulus/S  1	1	29432238	29432246	102	0	20	pips_l40_r400_500-8000.hdf5	right	left
2944.2691	1	Stimulus/S  1	1	29442691	29442699	102	1	40	pips_l40_r400_500-8000.hdf5	right	left
2945.3358	1	Stimulus/S  1	1	29453358	29453366	102	2	60	pips_l40_r400_500-8000.hdf5	right	left
2946.3812	1	Stimulus/S  1	1	29463812	29463820	102	3	70	pips_l40_r400_500-8000.hdf5	right	left
2947.4372	1	Stimulus/S  1	1	29474372	29474380	102	4	50	pips_l40_r400_500-8000.hdf5	right	left
2948.4825	1	Stimulus/S  1	1	29484825	29484833	102	5	30	pips_l40_r400_500-8000.hdf5	right	left
2949.5385	1	Stimulus/S  1	1	29495385	29495393	103	0	20	pips_l40_r400_500-8000.hdf5	right	left
2950.5839	1	Stimulus/S  1	1	29505839	29505847	103	1	40	pips_l40_r400_500-8000.hdf5	right	left
2951.6505	1	Stimulus/S  1	1	29516505	29516513	103	2	60	pips_l40_r400_500-8000.hdf5	right	left
2952.7066	1	Stimulus/S  1	1	29527066	29527074	103	3	70	pips_l40_r400_500-8000.hdf5	right	left
2953.7732	1	Stimulus/S  1	1	29537732	29537740	103	4	50	pips_l40_r400_500-8000.hdf5	right	left
2954.8186	1	Stimulus/S  1	1	29548186	29548194	103	5	30	pips_l40_r400_500-8000.hdf5	right	left
2955.8852	1	Stimulus/S  1	1	29558852	29558860	104	0	20	pips_l40_r400_500-8000.hdf5	right	left
2956.9519	1	Stimulus/S  1	1	29569519	29569527	104	1	40	pips_l40_r400_500-8000.hdf5	right	left
2958.0186	1	Stimulus/S  1	1	29580186	29580194	104	2	60	pips_l40_r400_500-8000.hdf5	right	left
2959.0853	1	Stimulus/S  1	1	29590853	29590861	104	3	70	pips_l40_r400_500-8000.hdf5	right	left
2960.152	1	Stimulus/S  1	1	29601520	29601528	104	4	50	pips_l40_r400_500-8000.hdf5	right	left
2961.2186	1	Stimulus/S  1	1	29612186	29612194	104	5	30	pips_l40_r400_500-8000.hdf5	right	left
2962.2746	1	Stimulus/S  1	1	29622746	29622754	105	0	20	pips_l40_r400_500-8000.hdf5	right	left
2963.3413	1	Stimulus/S  1	1	29633413	29633421	105	1	40	pips_l40_r400_500-8000.hdf5	right	left
2964.3867	1	Stimulus/S  1	1	29643867	29643875	105	2	60	pips_l40_r400_500-8000.hdf5	right	left
2965.432	1	Stimulus/S  1	1	29654320	29654328	105	3	70	pips_l40_r400_500-8000.hdf5	right	left
2966.488	1	Stimulus/S  1	1	29664880	29664888	105	4	50	pips_l40_r400_500-8000.hdf5	right	left
2967.5334	1	Stimulus/S  1	1	29675334	29675342	105	5	30	pips_l40_r400_500-8000.hdf5	right	left
2968.5894	1	Stimulus/S  1	1	29685894	29685902	106	0	20	pips_l40_r400_500-8000.hdf5	right	left
2969.6347	1	Stimulus/S  1	1	29696347	29696355	106	1	40	pips_l40_r400_500-8000.hdf5	right	left
2970.6907	1	Stimulus/S  1	1	29706907	29706915	106	2	60	pips_l40_r400_500-8000.hdf5	right	left
2971.7361	1	Stimulus/S  1	1	29717361	29717369	106	3	70	pips_l40_r400_500-8000.hdf5	right	left
2972.7814	1	Stimulus/S  1	1	29727814	29727822	106	4	50	pips_l40_r400_500-8000.hdf5	right	left
2973.8374	1	Stimulus/S  1	1	29738374	29738382	106	5	30	pips_l40_r400_500-8000.hdf5	right	left
2974.9041	1	Stimulus/S  1	1	29749041	29749049	107	0	20	pips_l40_r400_500-8000.hdf5	right	left
2975.9708	1	Stimulus/S  1	1	29759708	29759716	107	1	40	pips_l40_r400_500-8000.hdf5	right	left
2977.0375	1	Stimulus/S  1	1	29770375	29770383	107	2	60	pips_l40_r400_500-8000.hdf5	right	left
2978.1041	1	Stimulus/S  1	1	29781041	29781049	107	3	70	pips_l40_r400_500-8000.hdf5	right	left
2979.1708	1	Stimulus/S  1	1	29791708	29791716	107	4	50	pips_l40_r400_500-8000.hdf5	right	left
2980.2375	1	Stimulus/S  1	1	29802375	29802383	107	5	30	pips_l40_r400_500-8000.hdf5	right	left
2981.3042	1	Stimulus/S  1	1	29813042	29813050	108	0	20	pips_l40_r400_500-8000.hdf5	right	left
2982.3708	1	Stimulus/S  1	1	29823708	29823716	108	1	40	pips_l40_r400_500-8000.hdf5	right	left
2983.4375	1	Stimulus/S  1	1	29834375	29834383	108	2	60	pips_l40_r400_500-8000.hdf5	right	left
2984.4829	1	Stimulus/S  1	1	29844829	29844837	108	3	70	pips_l40_r400_500-8000.hdf5	right	left
2985.5495	1	Stimulus/S  1	1	29855495	29855503	108	4	50	pips_l40_r400_500-8000.hdf5	right	left
2986.6056	1	Stimulus/S  1	1	29866056	29866064	108	5	30	pips_l40_r400_500-8000.hdf5	right	left
2987.6722	1	Stimulus/S  1	1	29876722	29876730	109	0	20	pips_l40_r400_500-8000.hdf5	right	left
2988.7176	1	Stimulus/S  1	1	29887176	29887184	109	1	40	pips_l40_r400_500-8000.hdf5	right	left
2989.7736	1	Stimulus/S  1	1	29897736	29897744	109	2	60	pips_l40_r400_500-8000.hdf5	right	left
2990.8189	1	Stimulus/S  1	1	29908189	29908197	109	3	70	pips_l40_r400_500-8000.hdf5	right	left
2991.8749	1	Stimulus/S  1	1	29918749	29918757	109	4	50	pips_l40_r400_500-8000.hdf5	right	left
2992.9203	1	Stimulus/S  1	1	29929203	29929211	109	5	30	pips_l40_r400_500-8000.hdf5	right	left
2993.987	1	Stimulus/S  1	1	29939870	29939878	110	0	20	pips_l40_r400_500-8000.hdf5	right	left
2995.0323	1	Stimulus/S  1	1	29950323	29950331	110	1	40	pips_l40_r400_500-8000.hdf5	right	left
2996.099	1	Stimulus/S  1	1	29960990	29960998	110	2	60	pips_l40_r400_500-8000.hdf5	right	left
2997.155	1	Stimulus/S  1	1	29971550	29971558	110	3	70	pips_l40_r400_500-8000.hdf5	right	left
2998.2217	1	Stimulus/S  1	1	29982217	29982225	110	4	50	pips_l40_r400_500-8000.hdf5	right	left
2999.2883	1	Stimulus/S  1	1	29992883	29992891	110	5	30	pips_l40_r400_500-8000.hdf5	right	left
3000.355	1	Stimulus/S  1	1	30003550	30003558	111	0	20	pips_l40_r400_500-8000.hdf5	right	left
3001.4217	1	Stimulus/S  1	1	30014217	30014225	111	1	40	pips_l40_r400_500-8000.hdf5	right	left
3002.4884	1	Stimulus/S  1	1	30024884	30024892	111	2	60	pips_l40_r400_500-8000.hdf5	right	left
3003.5551	1	Stimulus/S  1	1	30035551	30035559	111	3	70	pips_l40_r400_500-8000.hdf5	right	left
3004.6004	1	Stimulus/S  1	1	30046004	30046012	111	4	50	pips_l40_r400_500-8000.hdf5	right	left
3005.6564	1	Stimulus/S  1	1	30056564	30056572	111	5	30	pips_l40_r400_500-8000.hdf5	right	left
3006.7017	1	Stimulus/S  1	1	30067017	30067025	112	0	20	pips_l40_r400_500-8000.hdf5	right	left
3007.7578	1	Stimulus/S  1	1	30077578	30077586	112	1	40	pips_l40_r400_500-8000.hdf5	right	left
3008.8031	1	Stimulus/S  1	1	30088031	30088039	112	2	60	pips_l40_r400_500-8000.hdf5	right	left
3009.8591	1	Stimulus/S  1	1	30098591	30098599	112	3	70	pips_l40_r400_500-8000.hdf5	right	left
3010.9045	1	Stimulus/S  1	1	30109045	30109053	112	4	50	pips_l40_r400_500-8000.hdf5	right	left
3011.9498	1	Stimulus/S  1	1	30119498	30119506	112	5	30	pips_l40_r400_500-8000.hdf5	right	left
3013.0165	1	Stimulus/S  1	1	30130165	30130173	113	0	20	pips_l40_r400_500-8000.hdf5	right	left
3014.0725	1	Stimulus/S  1	1	30140725	30140733	113	1	40	pips_l40_r400_500-8000.hdf5	right	left
3015.1392	1	Stimulus/S  1	1	30151392	30151400	113	2	60	pips_l40_r400_500-8000.hdf5	right	left
3016.2058	1	Stimulus/S  1	1	30162058	30162066	113	3	70	pips_l40_r400_500-8000.hdf5	right	left
3017.2725	1	Stimulus/S  1	1	30172725	30172733	113	4	50	pips_l40_r400_500-8000.hdf5	right	left
3018.3392	1	Stimulus/S  1	1	30183392	30183400	113	5	30	pips_l40_r400_500-8000.hdf5	right	left
3019.4059	1	Stimulus/S  1	1	30194059	30194067	114	0	20	pips_l40_r400_500-8000.hdf5	right	left
3020.4725	1	Stimulus/S  1	1	30204725	30204733	114	1	40	pips_l40_r400_500-8000.hdf5	right	left
3021.5179	1	Stimulus/S  1	1	30215179	30215187	114	2	60	pips_l40_r400_500-8000.hdf5	right	left
3022.5846	1	Stimulus/S  1	1	30225846	30225854	114	3	70	pips_l40_r400_500-8000.hdf5	right	left
3023.6406	1	Stimulus/S  1	1	30236406	30236414	114	4	50	pips_l40_r400_500-8000.hdf5	right	left
3024.7073	1	Stimulus/S  1	1	30247073	30247081	114	5	30	pips_l40_r400_500-8000.hdf5	right	left
3025.7526	1	Stimulus/S  1	1	30257526	30257534	115	0	20	pips_l40_r400_500-8000.hdf5	right	left
3026.8086	1	Stimulus/S  1	1	30268086	30268094	115	1	40	pips_l40_r400_500-8000.hdf5	right	left
3027.854	1	Stimulus/S  1	1	30278540	30278548	115	2	60	pips_l40_r400_500-8000.hdf5	right	left
3028.8993	1	Stimulus/S  1	1	30288993	30289001	115	3	70	pips_l40_r400_500-8000.hdf5	right	left
3029.9553	1	Stimulus/S  1	1	30299553	30299561	115	4	50	pips_l40_r400_500-8000.hdf5	right	left
3031.022	1	Stimulus/S  1	1	30310220	30310228	115	5	30	pips_l40_r400_500-8000.hdf5	right	left
3032.0673	1	Stimulus/S  1	1	30320673	30320681	116	0	20	pips_l40_r400_500-8000.hdf5	right	left
3033.134	1	Stimulus/S  1	1	30331340	30331348	116	1	40	pips_l40_r400_500-8000.hdf5	right	left
3034.19	1	Stimulus/S  1	1	30341900	30341908	116	2	60	pips_l40_r400_500-8000.hdf5	right	left
3035.2567	1	Stimulus/S  1	1	30352567	30352575	116	3	70	pips_l40_r400_500-8000.hdf5	right	left
3036.3234	1	Stimulus/S  1	1	30363234	30363242	116	4	50	pips_l40_r400_500-8000.hdf5	right	left
3037.39	1	Stimulus/S  1	1	30373900	30373908	116	5	30	pips_l40_r400_500-8000.hdf5	right	left
3038.4567	1	Stimulus/S  1	1	30384567	30384575	117	0	20	pips_l40_r400_500-8000.hdf5	right	left
3039.5234	1	Stimulus/S  1	1	30395234	30395242	117	1	40	pips_l40_r400_500-8000.hdf5	right	left
3040.5901	1	Stimulus/S  1	1	30405901	30405909	117	2	60	pips_l40_r400_500-8000.hdf5	right	left
3041.6354	1	Stimulus/S  1	1	30416354	30416362	117	3	70	pips_l40_r400_500-8000.hdf5	right	left
3042.7021	1	Stimulus/S  1	1	30427021	30427029	117	4	50	pips_l40_r400_500-8000.hdf5	right	left
3043.7581	1	Stimulus/S  1	1	30437581	30437589	117	5	30	pips_l40_r400_500-8000.hdf5	right	left
3044.8248	1	Stimulus/S  1	1	30448248	30448256	118	0	20	pips_l40_r400_500-8000.hdf5	right	left
3045.8701	1	Stimulus/S  1	1	30458701	30458709	118	1	40	pips_l40_r400_500-8000.hdf5	right	left
3046.9261	1	Stimulus/S  1	1	30469261	30469269	118	2	60	pips_l40_r400_500-8000.hdf5	right	left
3047.9715	1	Stimulus/S  1	1	30479715	30479723	118	3	70	pips_l40_r400_500-8000.hdf5	right	left
3049.0168	1	Stimulus/S  1	1	30490168	30490176	118	4	50	pips_l40_r400_500-8000.hdf5	right	left
3050.0728	1	Stimulus/S  1	1	30500728	30500736	118	5	30	pips_l40_r400_500-8000.hdf5	right	left
3051.1395	1	Stimulus/S  1	1	30511395	30511403	119	0	20	pips_l40_r400_500-8000.hdf5	right	left
3052.1849	1	Stimulus/S  1	1	30521849	30521857	119	1	40	pips_l40_r400_500-8000.hdf5	right	left
3053.2515	1	Stimulus/S  1	1	30532515	30532523	119	2	60	pips_l40_r400_500-8000.hdf5	right	left
3054.3075	1	Stimulus/S  1	1	30543075	30543083	119	3	70	pips_l40_r400_500-8000.hdf5	right	left
3055.3742	1	Stimulus/S  1	1	30553742	30553750	119	4	50	pips_l40_r400_500-8000.hdf5	right	left
3056.4409	1	Stimulus/S  1	1	30564409	30564417	119	5	30	pips_l40_r400_500-8000.hdf5	right	left
3057.5076	1	Stimulus/S  1	1	30575076	30575084	0	0	20	pips_l40_r400_500-8000.hdf5	right	left
3058.5743	1	Stimulus/S  1	1	30585743	30585751	0	1	40	pips_l40_r400_500-8000.hdf5	right	left
3059.6409	1	Stimulus/S  1	1	30596409	30596417	0	2	60	pips_l40_r400_500-8000.hdf5	right	left
3060.7076	1	Stimulus/S  1	1	30607076	30607084	0	3	70	pips_l40_r400_500-8000.hdf5	right	left
3061.753	1	Stimulus/S  1	1	30617530	30617538	0	4	50	pips_l40_r400_500-8000.hdf5	right	left
3062.8196	1	Stimulus/S  1	1	30628196	30628204	0	5	30	pips_l40_r400_500-8000.hdf5	right	left
3063.8756	1	Stimulus/S  1	1	30638756	30638764	1	0	20	pips_l40_r400_500-8000.hdf5	right	left
3064.9423	1	Stimulus/S  1	1	30649423	30649431	1	1	40	pips_l40_r400_500-8000.hdf5	right	left
3065.9877	1	Stimulus/S  1	1	30659877	30659885	1	2	60	pips_l40_r400_500-8000.hdf5	right	left
3067.0437	1	Stimulus/S  1	1	30670437	30670445	1	3	70	pips_l40_r400_500-8000.hdf5	right	left
3068.089	1	Stimulus/S  1	1	30680890	30680898	1	4	50	pips_l40_r400_500-8000.hdf5	right	left
3069.1557	1	Stimulus/S  1	1	30691557	30691565	1	5	30	pips_l40_r400_500-8000.hdf5	right	left
3070.201	1	Stimulus/S  1	1	30702010	30702018	2	0	20	pips_l40_r400_500-8000.hdf5	right	left
3071.2677	1	Stimulus/S  1	1	30712677	30712685	2	1	40	pips_l40_r400_500-8000.hdf5	right	left
3072.3237	1	Stimulus/S  1	1	30723237	30723245	2	2	60	pips_l40_r400_500-8000.hdf5	right	left
3073.3904	1	Stimulus/S  1	1	30733904	30733912	2	3	70	pips_l40_r400_500-8000.hdf5	right	left
3074.4571	1	Stimulus/S  1	1	30744571	30744579	2	4	50	pips_l40_r400_500-8000.hdf5	right	left
3075.5238	1	Stimulus/S  1	1	30755238	30755246	2	5	30	pips_l40_r400_500-8000.hdf5	right	left
3076.5904	1	Stimulus/S  1	1	30765904	30765912	3	0	20	pips_l40_r400_500-8000.hdf5	right	left
3077.6571	1	Stimulus/S  1	1	30776571	30776579	3	1	40	pips_l40_r400_500-8000.hdf5	right	left
3078.7238	1	Stimulus/S  1	1	30787238	30787246	3	2	60	pips_l40_r400_500-8000.hdf5	right	left
3079.7691	1	Stimulus/S  1	1	30797691	30797699	3	3	70	pips_l40_r400_500-8000.hdf5	right	left
3080.8358	1	Stimulus/S  1	1	30808358	30808366	3	4	50	pips_l40_r400_500-8000.hdf5	right	left
3081.8918	1	Stimulus/S  1	1	30818918	30818926	3	5	30	pips_l40_r400_500-8000.hdf5	right	left
3082.9585	1	Stimulus/S  1	1	30829585	30829593	4	0	20	pips_l40_r400_500-8000.hdf5	right	left
3084.0038	1	Stimulus/S  1	1	30840038	30840046	4	1	40	pips_l40_r400_500-8000.hdf5	right	left
3085.0598	1	Stimulus/S  1	1	30850598	30850606	4	2	60	pips_l40_r400_500-8000.hdf5	right	left
3086.1052	1	Stimulus/S  1	1	30861052	30861060	4	3	70	pips_l40_r400_500-8000.hdf5	right	left
3087.1505	1	Stimulus/S  1	1	30871505	30871513	4	4	50	pips_l40_r400_500-8000.hdf5	right	left
3088.2065	1	Stimulus/S  1	1	30882065	30882073	4	5	30	pips_l40_r400_500-8000.hdf5	right	left
3089.2732	1	Stimulus/S  1	1	30892732	30892740	5	0	20	pips_l40_r400_500-8000.hdf5	right	left
3090.3186	1	Stimulus/S  1	1	30903186	30903194	5	1	40	pips_l40_r400_500-8000.hdf5	right	left
3091.3852	1	Stimulus/S  1	1	30913852	30913860	5	2	60	pips_l40_r400_500-8000.hdf5	right	left
3092.4413	1	Stimulus/S  1	1	30924413	30924421	5	3	70	pips_l40_r400_500-8000.hdf5	right	left
3093.5079	1	Stimulus/S  1	1	30935079	30935087	5	4	50	pips_l40_r400_500-8000.hdf5	right	left
3094.5746	1	Stimulus/S  1	1	30945746	30945754	5	5	30	pips_l40_r400_500-8000.hdf5	right	left
3095.6413	1	Stimulus/S  1	1	30956413	30956421	6	0	20	pips_l40_r400_500-8000.hdf5	right	left
3096.708	1	Stimulus/S  1	1	30967080	30967088	6	1	40	pips_l40_r400_500-8000.hdf5	right	left
3097.7746	1	Stimulus/S  1	1	30977746	30977754	6	2	60	pips_l40_r400_500-8000.hdf5	right	left
3098.8413	1	Stimulus/S  1	1	30988413	30988421	6	3	70	pips_l40_r400_500-8000.hdf5	right	left
3099.8867	1	Stimulus/S  1	1	30998867	30998875	6	4	50	pips_l40_r400_500-8000.hdf5	right	left
3100.9533	1	Stimulus/S  1	1	31009533	31009541	6	5	30	pips_l40_r400_500-8000.hdf5	right	left
3102.0093	1	Stimulus/S  1	1	31020093	31020101	7	0	20	pips_l40_r400_500-8000.hdf5	right	left
3103.076	1	Stimulus/S  1	1	31030760	31030768	7	1	40	pips_l40_r400_500-8000.hdf5	right	left
3104.1214	1	Stimulus/S  1	1	31041214	31041222	7	2	60	pips_l40_r400_500-8000.hdf5	right	left
3105.1774	1	Stimulus/S  1	1	31051774	31051782	7	3	70	pips_l40_r400_500-8000.hdf5	right	left
3106.2227	1	Stimulus/S  1	1	31062227	31062235	7	4	50	pips_l40_r400_500-8000.hdf5	right	left
3107.2681	1	Stimulus/S  1	1	31072681	31072689	7	5	30	pips_l40_r400_500-8000.hdf5	right	left
3108.3241	1	Stimulus/S  1	1	31083241	31083249	8	0	20	pips_l40_r400_500-8000.hdf5	right	left
3109.3908	1	Stimulus/S  1	1	31093908	31093916	8	1	40	pips_l40_r400_500-8000.hdf5	right	left
3110.4361	1	Stimulus/S  1	1	31104361	31104369	8	2	60	pips_l40_r400_500-8000.hdf5	right	left
3111.5028	1	Stimulus/S  1	1	31115028	31115036	8	3	70	pips_l40_r400_500-8000.hdf5	right	left
3112.5588	1	Stimulus/S  1	1	31125588	31125596	8	4	50	pips_l40_r400_500-8000.hdf5	right	left
3113.6255	1	Stimulus/S  1	1	31136255	31136263	8	5	30	pips_l40_r400_500-8000.hdf5	right	left
3114.6921	1	Stimulus/S  1	1	31146921	31146929	9	0	20	pips_l40_r400_500-8000.hdf5	right	left
3115.7588	1	Stimulus/S  1	1	31157588	31157596	9	1	40	pips_l40_r400_500-8000.hdf5	right	left
3116.8255	1	Stimulus/S  1	1	31168255	31168263	9	2	60	pips_l40_r400_500-8000.hdf5	right	left
3117.8922	1	Stimulus/S  1	1	31178922	31178930	9	3	70	pips_l40_r400_500-8000.hdf5	right	left
3118.9588	1	Stimulus/S  1	1	31189588	31189596	9	4	50	pips_l40_r400_500-8000.hdf5	right	left
3120.0042	1	Stimulus/S  1	1	31200042	31200050	9	5	30	pips_l40_r400_500-8000.hdf5	right	left
3121.0602	1	Stimulus/S  1	1	31210602	31210610	10	0	20	pips_l40_r400_500-8000.hdf5	right	left
3122.1055	1	Stimulus/S  1	1	31221055	31221063	10	1	40	pips_l40_r400_500-8000.hdf5	right	left
3123.1509	1	Stimulus/S  1	1	31231509	31231517	10	2	60	pips_l40_r400_500-8000.hdf5	right	left
3124.2069	1	Stimulus/S  1	1	31242069	31242077	10	3	70	pips_l40_r400_500-8000.hdf5	right	left
3125.2522	1	Stimulus/S  1	1	31252522	31252530	10	4	50	pips_l40_r400_500-8000.hdf5	right	left
3126.3083	1	Stimulus/S  1	1	31263083	31263091	10	5	30	pips_l40_r400_500-8000.hdf5	right	left
3127.3536	1	Stimulus/S  1	1	31273536	31273544	11	0	20	pips_l40_r400_500-8000.hdf5	right	left
3128.4203	1	Stimulus/S  1	1	31284203	31284211	11	1	40	pips_l40_r400_500-8000.hdf5	right	left
3129.4763	1	Stimulus/S  1	1	31294763	31294771	11	2	60	pips_l40_r400_500-8000.hdf5	right	left
3130.543	1	Stimulus/S  1	1	31305430	31305438	11	3	70	pips_l40_r400_500-8000.hdf5	right	left
3131.6096	1	Stimulus/S  1	1	31316096	31316104	11	4	50	pips_l40_r400_500-8000.hdf5	right	left
3132.6763	1	Stimulus/S  1	1	31326763	31326771	11	5	30	pips_l40_r400_500-8000.hdf5	right	left
3133.743	1	Stimulus/S  1	1	31337430	31337438	12	0	20	pips_l40_r400_500-8000.hdf5	right	left
3134.8097	1	Stimulus/S  1	1	31348097	31348105	12	1	40	pips_l40_r400_500-8000.hdf5	right	left
3135.8763	1	Stimulus/S  1	1	31358763	31358771	12	2	60	pips_l40_r400_500-8000.hdf5	right	left
3136.9217	1	Stimulus/S  1	1	31369217	31369225	12	3	70	pips_l40_r400_500-8000.hdf5	right	left
3137.9777	1	Stimulus/S  1	1	31379777	31379785	12	4	50	pips_l40_r400_500-8000.hdf5	right	left
3139.023	1	Stimulus/S  1	1	31390230	31390238	12	5	30	pips_l40_r400_500-8000.hdf5	right	left
3140.0897	1	Stimulus/S  1	1	31400897	31400905	13	0	20	pips_l40_r400_500-8000.hdf5	right	left
3141.1351	1	Stimulus/S  1	1	31411351	31411359	13	1	40	pips_l40_r400_500-8000.hdf5	right	left
3149.5231	1	Stimulus/S  1	1	31495231	31495239	13	2	60	pips_l40_r400_500-8000.hdf5	right	left
3150.5685	1	Stimulus/S  1	1	31505685	31505693	13	3	70	pips_l40_r400_500-8000.hdf5	right	left
3151.6138	1	Stimulus/S  1	1	31516138	31516146	13	4	50	pips_l40_r400_500-8000.hdf5	right	left
3152.6698	1	Stimulus/S  1	1	31526698	31526706	13	5	30	pips_l40_r400_500-8000.hdf5	right	left
3153.7152	1	Stimulus/S  1	1	31537152	31537160	14	0	20	pips_l40_r400_500-8000.hdf5	right	left
3154.7712	1	Stimulus/S  1	1	31547712	31547720	14	1	40	pips_l40_r400_500-8000.hdf5	right	left
3155.8165	1	Stimulus/S  1	1	31558165	31558173	14	2	60	pips_l40_r400_500-8000.hdf5	right	left
3156.8832	1	Stimulus/S  1	1	31568832	31568840	14	3	70	pips_l40_r400_500-8000.hdf5	right	left
3157.9392	1	Stimulus/S  1	1	31579392	31579400	14	4	50	pips_l40_r400_500-8000.hdf5	right	left
3159.0059	1	Stimulus/S  1	1	31590059	31590067	14	5	30	pips_l40_r400_500-8000.hdf5	right	left
3160.0726	1	Stimulus/S  1	1	31600726	31600734	15	0	20	pips_l40_r400_500-8000.hdf5	right	left
3161.1392	1	Stimulus/S  1	1	31611392	31611400	15	1	40	pips_l40_r400_500-8000.hdf5	right	left
3162.1846	1	Stimulus/S  1	1	31621846	31621854	15	2	60	pips_l40_r400_500-8000.hdf5	right	left
3163.2513	1	Stimulus/S  1	1	31632513	31632521	15	3	70	pips_l40_r400_500-8000.hdf5	right	left
3164.3073	1	Stimulus/S  1	1	31643073	31643081	15	4	50	pips_l40_r400_500-8000.hdf5	right	left
3165.3739	1	Stimulus/S  1	1	31653739	31653747	15	5	30	pips_l40_r400_500-8000.hdf5	right	left
3166.4193	1	Stimulus/S  1	1	31664193	31664201	16	0	20	pips_l40_r400_500-8000.hdf5	right	left
3167.4646	1	Stimulus/S  1	1	31674646	31674654	16	1	40	pips_l40_r400_500-8000.hdf5	right	left
3168.5206	1	Stimulus/S  1	1	31685206	31685214	16	2	60	pips_l40_r400_500-8000.hdf5	right	left
3169.566	1	Stimulus/S  1	1	31695660	31695668	16	3	70	pips_l40_r400_500-8000.hdf5	right	left
3170.622	1	Stimulus/S  1	1	31706220	31706228	16	4	50	pips_l40_r400_500-8000.hdf5	right	left
3171.6887	1	Stimulus/S  1	1	31716887	31716895	16	5	30	pips_l40_r400_500-8000.hdf5	right	left
3172.734	1	Stimulus/S  1	1	31727340	31727348	17	0	20	pips_l40_r400_500-8000.hdf5	right	left
3173.8007	1	Stimulus/S  1	1	31738007	31738015	17	1	40	pips_l40_r400_500-8000.hdf5	right	left
3174.8567	1	Stimulus/S  1	1	31748567	31748575	17	2	60	pips_l40_r400_500-8000.hdf5	right	left
3175.9234	1	Stimulus/S  1	1	31759234	31759242	17	3	70	pips_l40_r400_500-8000.hdf5	right	left
3176.9901	1	Stimulus/S  1	1	31769901	31769909	17	4	50	pips_l40_r400_500-8000.hdf5	right	left
3178.0354	1	Stimulus/S  1	1	31780354	31780362	17	5	30	pips_l40_r400_500-8000.hdf5	right	left
3179.1021	1	Stimulus/S  1	1	31791021	31791029	18	0	20	pips_l40_r400_500-8000.hdf5	right	left
3180.1474	1	Stimulus/S  1	1	31801474	31801482	18	1	40	pips_l40_r400_500-8000.hdf5	right	left
3181.2034	1	Stimulus/S  1	1	31812034	31812042	18	2	60	pips_l40_r400_500-8000.hdf5	right	left
3182.2488	1	Stimulus/S  1	1	31822488	31822496	18	3	70	pips_l40_r400_500-8000.hdf5	right	left
3183.3048	1	Stimulus/S  1	1	31833048	31833056	18	4	50	pips_l40_r400_500-8000.hdf5	right	left
3184.3501	1	Stimulus/S  1	1	31843501	31843509	18	5	30	pips_l40_r400_500-8000.hdf5	right	left
3185.4168	1	Stimulus/S  1	1	31854168	31854176	19	0	20	pips_l40_r400_500-8000.hdf5	right	left
3186.4728	1	Stimulus/S  1	1	31864728	31864736	19	1	40	pips_l40_r400_500-8000.hdf5	right	left
3187.5395	1	Stimulus/S  1	1	31875395	31875403	19	2	60	pips_l40_r400_500-8000.hdf5	right	left
3188.5848	1	Stimulus/S  1	1	31885848	31885856	19	3	70	pips_l40_r400_500-8000.hdf5	right	left
3189.6515	1	Stimulus/S  1	1	31896515	31896523	19	4	50	pips_l40_r400_500-8000.hdf5	right	left
3190.7182	1	Stimulus/S  1	1	31907182	31907190	19	5	30	pips_l40_r400_500-8000.hdf5	right	left
3191.7849	1	Stimulus/S  1	1	31917849	31917857	20	0	20	pips_l40_r400_500-8000.hdf5	right	left
3192.8515	1	Stimulus/S  1	1	31928515	31928523	20	1	40	pips_l40_r400_500-8000.hdf5	right	left
3193.9182	1	Stimulus/S  1	1	31939182	31939190	20	2	60	pips_l40_r400_500-8000.hdf5	right	left
3194.9849	1	Stimulus/S  1	1	31949849	31949857	20	3	70	pips_l40_r400_500-8000.hdf5	right	left
3196.0409	1	Stimulus/S  1	1	31960409	31960417	20	4	50	pips_l40_r400_500-8000.hdf5	right	left
3197.1076	1	Stimulus/S  1	1	31971076	31971084	20	5	30	pips_l40_r400_500-8000.hdf5	right	left
3198.1529	1	Stimulus/S  1	1	31981529	31981537	21	0	20	pips_l40_r400_500-8000.hdf5	right	left
3199.1983	1	Stimulus/S  1	1	31991983	31991991	21	1	40	pips_l40_r400_500-8000.hdf5	right	left
3200.2543	1	Stimulus/S  1	1	32002543	32002551	21	2	60	pips_l40_r400_500-8000.hdf5	right	left
3201.2996	1	Stimulus/S  1	1	32012996	32013004	21	3	70	pips_l40_r400_500-8000.hdf5	right	left
3202.3556	1	Stimulus/S  1	1	32023556	32023564	21	4	50	pips_l40_r400_500-8000.hdf5	right	left
3203.401	1	Stimulus/S  1	1	32034010	32034018	21	5	30	pips_l40_r400_500-8000.hdf5	right	left
3204.457	1	Stimulus/S  1	1	32044570	32044578	22	0	20	pips_l40_r400_500-8000.hdf5	right	left
3205.5023	1	Stimulus/S  1	1	32055023	32055031	22	1	40	pips_l40_r400_500-8000.hdf5	right	left
3206.569	1	Stimulus/S  1	1	32065690	32065698	22	2	60	pips_l40_r400_500-8000.hdf5	right	left
3207.6357	1	Stimulus/S  1	1	32076357	32076365	22	3	70	pips_l40_r400_500-8000.hdf5	right	left
3208.6917	1	Stimulus/S  1	1	32086917	32086925	22	4	50	pips_l40_r400_500-8000.hdf5	right	left
3209.7584	1	Stimulus/S  1	1	32097584	32097592	22	5	30	pips_l40_r400_500-8000.hdf5	right	left
3210.8144	1	Stimulus/S  1	1	32108144	32108152	23	0	20	pips_l40_r400_500-8000.hdf5	right	left
3211.8811	1	Stimulus/S  1	1	32118811	32118819	23	1	40	pips_l40_r400_500-8000.hdf5	right	left
3212.9371	1	Stimulus/S  1	1	32129371	32129379	23	2	60	pips_l40_r400_500-8000.hdf5	right	left
3214.0037	1	Stimulus/S  1	1	32140037	32140045	23	3	70	pips_l40_r400_500-8000.hdf5	right	left
3215.0491	1	Stimulus/S  1	1	32150491	32150499	23	4	50	pips_l40_r400_500-8000.hdf5	right	left
3216.1158	1	Stimulus/S  1	1	32161158	32161166	23	5	30	pips_l40_r400_500-8000.hdf5	right	left
3217.1718	1	Stimulus/S  1	1	32171718	32171726	24	0	20	pips_l40_r400_500-8000.hdf5	right	left
3218.2385	1	Stimulus/S  1	1	32182385	32182393	24	1	40	pips_l40_r400_500-8000.hdf5	right	left
3219.2838	1	Stimulus/S  1	1	32192838	32192846	24	2	60	pips_l40_r400_500-8000.hdf5	right	left
3220.3398	1	Stimulus/S  1	1	32203398	32203406	24	3	70	pips_l40_r400_500-8000.hdf5	right	left
3221.3852	1	Stimulus/S  1	1	32213852	32213860	24	4	50	pips_l40_r400_500-8000.hdf5	right	left
3222.4518	1	Stimulus/S  1	1	32224518	32224526	24	5	30	pips_l40_r400_500-8000.hdf5	right	left
3223.5078	1	Stimulus/S  1	1	32235078	32235086	25	0	20	pips_l40_r400_500-8000.hdf5	right	left
3224.5745	1	Stimulus/S  1	1	32245745	32245753	25	1	40	pips_l40_r400_500-8000.hdf5	right	left
3225.6199	1	Stimulus/S  1	1	32256199	32256207	25	2	60	pips_l40_r400_500-8000.hdf5	right	left
3226.6865	1	Stimulus/S  1	1	32266865	32266873	25	3	70	pips_l40_r400_500-8000.hdf5	right	left
3227.7532	1	Stimulus/S  1	1	32277532	32277540	25	4	50	pips_l40_r400_500-8000.hdf5	right	left
3228.8199	1	Stimulus/S  1	1	32288199	32288207	25	5	30	pips_l40_r400_500-8000.hdf5	right	left
3229.8866	1	Stimulus/S  1	1	32298866	32298874	26	0	20	pips_l40_r400_500-8000.hdf5	right	left
3230.9532	1	Stimulus/S  1	1	32309532	32309540	26	1	40	pips_l40_r400_500-8000.hdf5	right	left
3232.0199	1	Stimulus/S  1	1	32320199	32320207	26	2	60	pips_l40_r400_500-8000.hdf5	right	left
3233.0653	1	Stimulus/S  1	1	32330653	32330661	26	3	70	pips_l40_r400_500-8000.hdf5	right	left
3234.1213	1	Stimulus/S  1	1	32341213	32341221	26	4	50	pips_l40_r400_500-8000.hdf5	right	left
3235.1666	1	Stimulus/S  1	1	32351666	32351674	26	5	30	pips_l40_r400_500-8000.hdf5	right	left
3236.2226	1	Stimulus/S  1	1	32362226	32362234	27	0	20	pips_l40_r400_500-8000.hdf5	right	left
3237.268	1	Stimulus/S  1	1	32372680	32372688	27	1	40	pips_l40_r400_500-8000.hdf5	right	left
3238.324	1	Stimulus/S  1	1	32383240	32383248	27	2	60	pips_l40_r400_500-8000.hdf5	right	left
3239.3693	1	Stimulus/S  1	1	32393693	32393701	27	3	70	pips_l40_r400_500-8000.hdf5	right	left
3240.4253	1	Stimulus/S  1	1	32404253	32404261	27	4	50	pips_l40_r400_500-8000.hdf5	right	left
3241.492	1	Stimulus/S  1	1	32414920	32414928	27	5	30	pips_l40_r400_500-8000.hdf5	right	left
3242.5374	1	Stimulus/S  1	1	32425374	32425382	28	0	20	pips_l40_r400_500-8000.hdf5	right	left
3243.604	1	Stimulus/S  1	1	32436040	32436048	28	1	40	pips_l40_r400_500-8000.hdf5	right	left
3244.6707	1	Stimulus/S  1	1	32446707	32446715	28	2	60	pips_l40_r400_500-8000.hdf5	right	left
3245.7374	1	Stimulus/S  1	1	32457374	32457382	28	3	70	pips_l40_r400_500-8000.hdf5	right	left
3246.8041	1	Stimulus/S  1	1	32468041	32468049	28	4	50	pips_l40_r400_500-8000.hdf5	right	left
3247.8707	1	Stimulus/S  1	1	32478707	32478715	28	5	30	pips_l40_r400_500-8000.hdf5	right	left
3248.9374	1	Stimulus/S  1	1	32489374	32489382	29	0	20	pips_l40_r400_500-8000.hdf5	right	left
3249.9828	1	Stimulus/S  1	1	32499828	32499836	29	1	40	pips_l40_r400_500-8000.hdf5	right	left
3251.0494	1	Stimulus/S  1	1	32510494	32510502	29	2	60	pips_l40_r400_500-8000.hdf5	right	left
3252.1055	1	Stimulus/S  1	1	32521055	32521063	29	3	70	pips_l40_r400_500-8000.hdf5	right	left
3253.1721	1	Stimulus/S  1	1	32531721	32531729	29	4	50	pips_l40_r400_500-8000.hdf5	right	left
3254.2175	1	Stimulus/S  1	1	32542175	32542183	29	5	30	pips_l40_r400_500-8000.hdf5	right	left
3255.2735	1	Stimulus/S  1	1	32552735	32552743	30	0	20	pips_l40_r400_500-8000.hdf5	right	left
3256.3188	1	Stimulus/S  1	1	32563188	32563196	30	1	40	pips_l40_r400_500-8000.hdf5	right	left
3257.3748	1	Stimulus/S  1	1	32573748	32573756	30	2	60	pips_l40_r400_500-8000.hdf5	right	left
3258.4202	1	Stimulus/S  1	1	32584202	32584210	30	3	70	pips_l40_r400_500-8000.hdf5	right	left
3259.4869	1	Stimulus/S  1	1	32594869	32594877	30	4	50	pips_l40_r400_500-8000.hdf5	right	left
3260.5322	1	Stimulus/S  1	1	32605322	32605330	30	5	30	pips_l40_r400_500-8000.hdf5	right	left
3261.5989	1	Stimulus/S  1	1	32615989	32615997	31	0	20	pips_l40_r400_500-8000.hdf5	right	left
3262.6549	1	Stimulus/S  1	1	32626549	32626557	31	1	40	pips_l40_r400_500-8000.hdf5	right	left
3263.7216	1	Stimulus/S  1	1	32637216	32637224	31	2	60	pips_l40_r400_500-8000.hdf5	right	left
3264.7882	1	Stimulus/S  1	1	32647882	32647890	31	3	70	pips_l40_r400_500-8000.hdf5	right	left
3265.8549	1	Stimulus/S  1	1	32658549	32658557	31	4	50	pips_l40_r400_500-8000.hdf5	right	left
3266.9003	1	Stimulus/S  1	1	32669003	32669011	31	5	30	pips_l40_r400_500-8000.hdf5	right	left
3267.9669	1	Stimulus/S  1	1	32679669	32679677	32	0	20	pips_l40_r400_500-8000.hdf5	right	left
3269.023	1	Stimulus/S  1	1	32690230	32690238	32	1	40	pips_l40_r400_500-8000.hdf5	right	left
3270.0896	1	Stimulus/S  1	1	32700896	32700904	32	2	60	pips_l40_r400_500-8000.hdf5	right	left
3271.135	1	Stimulus/S  1	1	32711350	32711358	32	3	70	pips_l40_r400_500-8000.hdf5	right	left
3272.191	1	Stimulus/S  1	1	32721910	32721918	32	4	50	pips_l40_r400_500-8000.hdf5	right	left
3273.2363	1	Stimulus/S  1	1	32732363	32732371	32	5	30	pips_l40_r400_500-8000.hdf5	right	left
3274.2923	1	Stimulus/S  1	1	32742923	32742931	33	0	20	pips_l40_r400_500-8000.hdf5	right	left
3275.3377	1	Stimulus/S  1	1	32753377	32753385	33	1	40	pips_l40_r400_500-8000.hdf5	right	left
3276.4044	1	Stimulus/S  1	1	32764044	32764052	33	2	60	pips_l40_r400_500-8000.hdf5	right	left
3277.4497	1	Stimulus/S  1	1	32774497	32774505	33	3	70	pips_l40_r400_500-8000.hdf5	right	left
3278.5164	1	Stimulus/S  1	1	32785164	32785172	33	4	50	pips_l40_r400_500-8000.hdf5	right	left
3279.5724	1	Stimulus/S  1	1	32795724	32795732	33	5	30	pips_l40_r400_500-8000.hdf5	right	left
3280.6391	1	Stimulus/S  1	1	32806391	32806399	34	0	20	pips_l40_r400_500-8000.hdf5	right	left
3281.7057	1	Stimulus/S  1	1	32817057	32817065	34	1	40	pips_l40_r400_500-8000.hdf5	right	left
3282.7724	1	Stimulus/S  1	1	32827724	32827732	34	2	60	pips_l40_r400_500-8000.hdf5	right	left
3283.8391	1	Stimulus/S  1	1	32838391	32838399	34	3	70	pips_l40_r400_500-8000.hdf5	right	left
3284.9058	1	Stimulus/S  1	1	32849058	32849066	34	4	50	pips_l40_r400_500-8000.hdf5	right	left
3285.9725	1	Stimulus/S  1	1	32859725	32859733	34	5	30	pips_l40_r400_500-8000.hdf5	right	left
3287.0178	1	Stimulus/S  1	1	32870178	32870186	35	0	20	pips_l40_r400_500-8000.hdf5	right	left
3288.0845	1	Stimulus/S  1	1	32880845	32880853	35	1	40	pips_l40_r400_500-8000.hdf5	right	left
3289.1405	1	Stimulus/S  1	1	32891405	32891413	35	2	60	pips_l40_r400_500-8000.hdf5	right	left
3290.2072	1	Stimulus/S  1	1	32902072	32902080	35	3	70	pips_l40_r400_500-8000.hdf5	right	left
3291.2525	1	Stimulus/S  1	1	32912525	32912533	35	4	50	pips_l40_r400_500-8000.hdf5	right	left
3292.3085	1	Stimulus/S  1	1	32923085	32923093	35	5	30	pips_l40_r400_500-8000.hdf5	right	left
3293.3539	1	Stimulus/S  1	1	32933539	32933547	36	0	20	pips_l40_r400_500-8000.hdf5	right	left
3294.3992	1	Stimulus/S  1	1	32943992	32944000	36	1	40	pips_l40_r400_500-8000.hdf5	right	left
3295.4552	1	Stimulus/S  1	1	32954552	32954560	36	2	60	pips_l40_r400_500-8000.hdf5	right	left
3296.5219	1	Stimulus/S  1	1	32965219	32965227	36	3	70	pips_l40_r400_500-8000.hdf5	right	left
3297.5672	1	Stimulus/S  1	1	32975672	32975680	36	4	50	pips_l40_r400_500-8000.hdf5	right	left
3298.6339	1	Stimulus/S  1	1	32986339	32986347	36	5	30	pips_l40_r400_500-8000.hdf5	right	left
3299.6899	1	Stimulus/S  1	1	32996899	32996907	37	0	20	pips_l40_r400_500-8000.hdf5	right	left
3300.7566	1	Stimulus/S  1	1	33007566	33007574	37	1	40	pips_l40_r400_500-8000.hdf5	right	left
3301.8233	1	Stimulus/S  1	1	33018233	33018241	37	2	60	pips_l40_r400_500-8000.hdf5	right	left
3302.89	1	Stimulus/S  1	1	33028900	33028908	37	3	70	pips_l40_r400_500-8000.hdf5	right	left
3303.9566	1	Stimulus/S  1	1	33039566	33039574	37	4	50	pips_l40_r400_500-8000.hdf5	right	left
3305.0233	1	Stimulus/S  1	1	33050233	33050241	37	5	30	pips_l40_r400_500-8000.hdf5	right	left
3306.09	1	Stimulus/S  1	1	33060900	33060908	38	0	20	pips_l40_r400_500-8000.hdf5	right	left
3307.1567	1	Stimulus/S  1	1	33071567	33071575	38	1	40	pips_l40_r400_500-8000.hdf5	right	left
3308.2233	1	Stimulus/S  1	1	33082233	33082241	38	2	60	pips_l40_r400_500-8000.hdf5	right	left
3309.2687	1	Stimulus/S  1	1	33092687	33092695	38	3	70	pips_l40_r400_500-8000.hdf5	right	left
3310.3247	1	Stimulus/S  1	1	33103247	33103255	38	4	50	pips_l40_r400_500-8000.hdf5	right	left
3311.37	1	Stimulus/S  1	1	33113700	33113708	38	5	30	pips_l40_r400_500-8000.hdf5	right	left
3312.426	1	Stimulus/S  1	1	33124260	33124268	39	0	20	pips_l40_r400_500-8000.hdf5	right	left
3313.4714	1	Stimulus/S  1	1	33134714	33134722	39	1	40	pips_l40_r400_500-8000.hdf5	right	left
3314.5167	1	Stimulus/S  1	1	33145167	33145175	39	2	60	pips_l40_r400_500-8000.hdf5	right	left
3315.5727	1	Stimulus/S  1	1	33155727	33155735	39	3	70	pips_l40_r400_500-8000.hdf5	right	left
3316.6181	1	Stimulus/S  1	1	33166181	33166189	39	4	50	pips_l40_r400_500-8000.hdf5	right	left
3317.6848	1	Stimulus/S  1	1	33176848	33176856	39	5	30	pips_l40_r400_500-8000.hdf5	right	left
3318.7408	1	Stimulus/S  1	1	33187408	33187416	40	0	20	pips_l40_r400_500-8000.hdf5	right	left
3319.8075	1	Stimulus/S  1	1	33198075	33198083	40	1	40	pips_l40_r400_500-8000.hdf5	right	left
3320.8741	1	Stimulus/S  1	1	33208741	33208749	40	2	60	pips_l40_r400_500-8000.hdf5	right	left
3321.9408	1	Stimulus/S  1	1	33219408	33219416	40	3	70	pips_l40_r400_500-8000.hdf5	right	left
3323.0075	1	Stimulus/S  1	1	33230075	33230083	40	4	50	pips_l40_r400_500-8000.hdf5	right	left
3324.0742	1	Stimulus/S  1	1	33240742	33240750	40	5	30	pips_l40_r400_500-8000.hdf5	right	left
3325.1408	1	Stimulus/S  1	1	33251408	33251416	41	0	20	pips_l40_r400_500-8000.hdf5	right	left
3326.1862	1	Stimulus/S  1	1	33261862	33261870	41	1	40	pips_l40_r400_500-8000.hdf5	right	left
3327.2422	1	Stimulus/S  1	1	33272422	33272430	41	2	60	pips_l40_r400_500-8000.hdf5	right	left
3328.2875	1	Stimulus/S  1	1	33282875	33282883	41	3	70	pips_l40_r400_500-8000.hdf5	right	left
3329.3329	1	Stimulus/S  1	1	33293329	33293337	41	4	50	pips_l40_r400_500-8000.hdf5	right	left
3330.3889	1	Stimulus/S  1	1	33303889	33303897	41	5	30	pips_l40_r400_500-8000.hdf5	right	left
3331.4342	1	Stimulus/S  1	1	33314342	33314350	42	0	20	pips_l40_r400_500-8000.hdf5	right	left
3332.4902	1	Stimulus/S  1	1	33324902	33324910	42	1	40	pips_l40_r400_500-8000.hdf5	right	left
3333.5356	1	Stimulus/S  1	1	33335356	33335364	42	2	60	pips_l40_r400_500-8000.hdf5	right	left
3334.6023	1	Stimulus/S  1	1	33346023	33346031	42	3	70	pips_l40_r400_500-8000.hdf5	right	left
3335.6583	1	Stimulus/S  1	1	33356583	33356591	42	4	50	pips_l40_r400_500-8000.hdf5	right	left
3336.725	1	Stimulus/S  1	1	33367250	33367258	42	5	30	pips_l40_r400_500-8000.hdf5	right	left
3337.7916	1	Stimulus/S  1	1	33377916	33377924	43	0	20	pips_l40_r400_500-8000.hdf5	right	left
3338.8583	1	Stimulus/S  1	1	33388583	33388591	43	1	40	pips_l40_r400_500-8000.hdf5	right	left
3339.925	1	Stimulus/S  1	1	33399250	33399258	43	2	60	pips_l40_r400_500-8000.hdf5	right	left
3340.9917	1	Stimulus/S  1	1	33409917	33409925	43	3	70	pips_l40_r400_500-8000.hdf5	right	left
3342.0583	1	Stimulus/S  1	1	33420583	33420591	43	4	50	pips_l40_r400_500-8000.hdf5	right	left
3343.1037	1	Stimulus/S  1	1	33431037	33431045	43	5	30	pips_l40_r400_500-8000.hdf5	right	left
3344.1704	1	Stimulus/S  1	1	33441704	33441712	44	0	20	pips_l40_r400_500-8000.hdf5	right	left
3345.2264	1	Stimulus/S  1	1	33452264	33452272	44	1	40	pips_l40_r400_500-8000.hdf5	right	left
3346.2717	1	Stimulus/S  1	1	33462717	33462725	44	2	60	pips_l40_r400_500-8000.hdf5	right	left
3347.3171	1	Stimulus/S  1	1	33473171	33473179	44	3	70	pips_l40_r400_500-8000.hdf5	right	left
3348.3731	1	Stimulus/S  1	1	33483731	33483739	44	4	50	pips_l40_r400_500-8000.hdf5	right	left
3349.4184	1	Stimulus/S  1	1	33494184	33494192	44	5	30	pips_l40_r400_500-8000.hdf5	right	left
3350.4744	1	Stimulus/S  1	1	33504744	33504752	45	0	20	pips_l40_r400_500-8000.hdf5	right	left
3351.5198	1	Stimulus/S  1	1	33515198	33515206	45	1	40	pips_l40_r400_500-8000.hdf5	right	left
3352.5758	1	Stimulus/S  1	1	33525758	33525766	45	2	60	pips_l40_r400_500-8000.hdf5	right	left
3353.6425	1	Stimulus/S  1	1	33536425	33536433	45	3	70	pips_l40_r400_500-8000.hdf5	right	left
3354.7091	1	Stimulus/S  1	1	33547091	33547099	45	4	50	pips_l40_r400_500-8000.hdf5	right	left
3355.7545	1	Stimulus/S  1	1	33557545	33557553	45	5	30	pips_l40_r400_500-8000.hdf5	right	left
3356.8211	1	Stimulus/S  1	1	33568211	33568219	46	0	20	pips_l40_r400_500-8000.hdf5	right	left
3357.8878	1	Stimulus/S  1	1	33578878	33578886	46	1	40	pips_l40_r400_500-8000.hdf5	right	left
3358.9545	1	Stimulus/S  1	1	33589545	33589553	46	2	60	pips_l40_r400_500-8000.hdf5	right	left
3360.0105	1	Stimulus/S  1	1	33600105	33600113	46	3	70	pips_l40_r400_500-8000.hdf5	right	left
3361.0772	1	Stimulus/S  1	1	33610772	33610780	46	4	50	pips_l40_r400_500-8000.hdf5	right	left
3362.1225	1	Stimulus/S  1	1	33621225	33621233	46	5	30	pips_l40_r400_500-8000.hdf5	right	left
3363.1892	1	Stimulus/S  1	1	33631892	33631900	47	0	20	pips_l40_r400_500-8000.hdf5	right	left
3364.2346	1	Stimulus/S  1	1	33642346	33642354	47	1	40	pips_l40_r400_500-8000.hdf5	right	left
3365.2906	1	Stimulus/S  1	1	33652906	33652914	47	2	60	pips_l40_r400_500-8000.hdf5	right	left
3366.3359	1	Stimulus/S  1	1	33663359	33663367	47	3	70	pips_l40_r400_500-8000.hdf5	right	left
3367.3919	1	Stimulus/S  1	1	33673919	33673927	47	4	50	pips_l40_r400_500-8000.hdf5	right	left
3368.4373	1	Stimulus/S  1	1	33684373	33684381	47	5	30	pips_l40_r400_500-8000.hdf5	right	left
3369.4933	1	Stimulus/S  1	1	33694933	33694941	48	0	20	pips_l40_r400_500-8000.hdf5	right	left
3370.5386	1	Stimulus/S  1	1	33705386	33705394	48	1	40	pips_l40_r400_500-8000.hdf5	right	left
3371.5946	1	Stimulus/S  1	1	33715946	33715954	48	2	60	pips_l40_r400_500-8000.hdf5	right	left
3372.6506	1	Stimulus/S  1	1	33726506	33726514	48	3	70	pips_l40_r400_500-8000.hdf5	right	left
3373.7173	1	Stimulus/S  1	1	33737173	33737181	48	4	50	pips_l40_r400_500-8000.hdf5	right	left
3374.784	1	Stimulus/S  1	1	33747840	33747848	48	5	30	pips_l40_r400_500-8000.hdf5	right	left
3375.8507	1	Stimulus/S  1	1	33758507	33758515	49	0	20	pips_l40_r400_500-8000.hdf5	right	left
3376.9173	1	Stimulus/S  1	1	33769173	33769181	49	1	40	pips_l40_r400_500-8000.hdf5	right	left
3377.984	1	Stimulus/S  1	1	33779840	33779848	49	2	60	pips_l40_r400_500-8000.hdf5	right	left
3379.04	1	Stimulus/S  1	1	33790400	33790408	49	3	70	pips_l40_r400_500-8000.hdf5	right	left
3380.1067	1	Stimulus/S  1	1	33801067	33801075	49	4	50	pips_l40_r400_500-8000.hdf5	right	left
3381.1521	1	Stimulus/S  1	1	33811521	33811529	49	5	30	pips_l40_r400_500-8000.hdf5	right	left
3382.2081	1	Stimulus/S  1	1	33822081	33822089	50	0	20	pips_l40_r400_500-8000.hdf5	right	left
3383.2534	1	Stimulus/S  1	1	33832534	33832542	50	1	40	pips_l40_r400_500-8000.hdf5	right	left
3384.3094	1	Stimulus/S  1	1	33843094	33843102	50	2	60	pips_l40_r400_500-8000.hdf5	right	left
3385.3548	1	Stimulus/S  1	1	33853548	33853556	50	3	70	pips_l40_r400_500-8000.hdf5	right	left
3386.4108	1	Stimulus/S  1	1	33864108	33864116	50	4	50	pips_l40_r400_500-8000.hdf5	right	left
3387.4561	1	Stimulus/S  1	1	33874561	33874569	50	5	30	pips_l40_r400_500-8000.hdf5	right	left
3388.5015	1	Stimulus/S  1	1	33885015	33885023	51	0	20	pips_l40_r400_500-8000.hdf5	right	left
3389.5681	1	Stimulus/S  1	1	33895681	33895689	51	1	40	pips_l40_r400_500-8000.hdf5	right	left
3390.6348	1	Stimulus/S  1	1	33906348	33906356	51	2	60	pips_l40_r400_500-8000.hdf5	right	left
3391.7015	1	Stimulus/S  1	1	33917015	33917023	51	3	70	pips_l40_r400_500-8000.hdf5	right	left
3392.7682	1	Stimulus/S  1	1	33927682	33927690	51	4	50	pips_l40_r400_500-8000.hdf5	right	left
3393.8348	1	Stimulus/S  1	1	33938348	33938356	51	5	30	pips_l40_r400_500-8000.hdf5	right	left
3394.9015	1	Stimulus/S  1	1	33949015	33949023	52	0	20	pips_l40_r400_500-8000.hdf5	right	left
3395.9575	1	Stimulus/S  1	1	33959575	33959583	52	1	40	pips_l40_r400_500-8000.hdf5	right	left
3397.0242	1	Stimulus/S  1	1	33970242	33970250	52	2	60	pips_l40_r400_500-8000.hdf5	right	left
3398.0696	1	Stimulus/S  1	1	33980696	33980704	52	3	70	pips_l40_r400_500-8000.hdf5	right	left
3399.1256	1	Stimulus/S  1	1	33991256	33991264	52	4	50	pips_l40_r400_500-8000.hdf5	right	left
3400.1709	1	Stimulus/S  1	1	34001709	34001717	52	5	30	pips_l40_r400_500-8000.hdf5	right	left
3401.2269	1	Stimulus/S  1	1	34012269	34012277	53	0	20	pips_l40_r400_500-8000.hdf5	right	left
3402.2723	1	Stimulus/S  1	1	34022723	34022731	53	1	40	pips_l40_r400_500-8000.hdf5	right	left
3403.3283	1	Stimulus/S  1	1	34033283	34033291	53	2	60	pips_l40_r400_500-8000.hdf5	right	left
3404.3736	1	Stimulus/S  1	1	34043736	34043744	53	3	70	pips_l40_r400_500-8000.hdf5	right	left
3405.419	1	Stimulus/S  1	1	34054190	34054198	53	4	50	pips_l40_r400_500-8000.hdf5	right	left
3406.4856	1	Stimulus/S  1	1	34064856	34064864	53	5	30	pips_l40_r400_500-8000.hdf5	right	left
3407.5523	1	Stimulus/S  1	1	34075523	34075531	54	0	20	pips_l40_r400_500-8000.hdf5	right	left
3408.619	1	Stimulus/S  1	1	34086190	34086198	54	1	40	pips_l40_r400_500-8000.hdf5	right	left
3409.6857	1	Stimulus/S  1	1	34096857	34096865	54	2	60	pips_l40_r400_500-8000.hdf5	right	left
3410.7523	1	Stimulus/S  1	1	34107523	34107531	54	3	70	pips_l40_r400_500-8000.hdf5	right	left
3411.819	1	Stimulus/S  1	1	34118190	34118198	54	4	50	pips_l40_r400_500-8000.hdf5	right	left
3412.875	1	Stimulus/S  1	1	34128750	34128758	54	5	30	pips_l40_r400_500-8000.hdf5	right	left
3413.9417	1	Stimulus/S  1	1	34139417	34139425	55	0	20	pips_l40_r400_500-8000.hdf5	right	left
3414.9871	1	Stimulus/S  1	1	34149871	34149879	55	1	40	pips_l40_r400_500-8000.hdf5	right	left
3416.0537	1	Stimulus/S  1	1	34160537	34160545	55	2	60	pips_l40_r400_500-8000.hdf5	right	left
3417.1097	1	Stimulus/S  1	1	34171097	34171105	55	3	70	pips_l40_r400_500-8000.hdf5	right	left
3418.1551	1	Stimulus/S  1	1	34181551	34181559	55	4	50	pips_l40_r400_500-8000.hdf5	right	left
3419.2111	1	Stimulus/S  1	1	34192111	34192119	55	5	30	pips_l40_r400_500-8000.hdf5	right	left
3420.2564	1	Stimulus/S  1	1	34202564	34202572	56	0	20	pips_l40_r400_500-8000.hdf5	right	left
3421.3018	1	Stimulus/S  1	1	34213018	34213026	56	1	40	pips_l40_r400_500-8000.hdf5	right	left
3422.3791	1	Stimulus/S  1	1	34223791	34223799	56	2	60	pips_l40_r400_500-8000.hdf5	right	left
3423.4245	1	Stimulus/S  1	1	34234245	34234253	56	3	70	pips_l40_r400_500-8000.hdf5	right	left
3424.4911	1	Stimulus/S  1	1	34244911	34244919	56	4	50	pips_l40_r400_500-8000.hdf5	right	left
3425.5365	1	Stimulus/S  1	1	34255365	34255373	56	5	30	pips_l40_r400_500-8000.hdf5	right	left
3426.6032	1	Stimulus/S  1	1	34266032	34266040	57	0	20	pips_l40_r400_500-8000.hdf5	right	left
3427.6698	1	Stimulus/S  1	1	34276698	34276706	57	1	40	pips_l40_r400_500-8000.hdf5	right	left
3428.7365	1	Stimulus/S  1	1	34287365	34287373	57	2	60	pips_l40_r400_500-8000.hdf5	right	left
3429.8032	1	Stimulus/S  1	1	34298032	34298040	57	3	70	pips_l40_r400_500-8000.hdf5	right	left
3430.8699	1	Stimulus/S  1	1	34308699	34308707	57	4	50	pips_l40_r400_500-8000.hdf5	right	left
3431.9366	1	Stimulus/S  1	1	34319366	34319374	57	5	30	pips_l40_r400_500-8000.hdf5	right	left
3433.0032	1	Stimulus/S  1	1	34330032	34330040	58	0	20	pips_l40_r400_500-8000.hdf5	right	left
3434.0699	1	Stimulus/S  1	1	34340699	34340707	58	1	40	pips_l40_r400_500-8000.hdf5	right	left
3435.1259	1	Stimulus/S  1	1	34351259	34351267	58	2	60	pips_l40_r400_500-8000.hdf5	right	left
3436.1713	1	Stimulus/S  1	1	34361713	34361721	58	3	70	pips_l40_r400_500-8000.hdf5	right	left
3437.2273	1	Stimulus/S  1	1	34372273	34372281	58	4	50	pips_l40_r400_500-8000.hdf5	right	left
3438.2726	1	Stimulus/S  1	1	34382726	34382734	58	5	30	pips_l40_r400_500-8000.hdf5	right	left
3439.3286	1	Stimulus/S  1	1	34393286	34393294	59	0	20	pips_l40_r400_500-8000.hdf5	right	left
3440.374	1	Stimulus/S  1	1	34403740	34403748	59	1	40	pips_l40_r400_500-8000.hdf5	right	left
3441.4193	1	Stimulus/S  1	1	34414193	34414201	59	2	60	pips_l40_r400_500-8000.hdf5	right	left
3442.4753	1	Stimulus/S  1	1	34424753	34424761	59	3	70	pips_l40_r400_500-8000.hdf5	right	left
3443.5207	1	Stimulus/S  1	1	34435207	34435215	59	4	50	pips_l40_r400_500-8000.hdf5	right	left
3444.5873	1	Stimulus/S  1	1	34445873	34445881	59	5	30	pips_l40_r400_500-8000.hdf5	right	left
3445.6434	1	Stimulus/S  1	1	34456434	34456442	60	0	20	pips_l40_r400_500-8000.hdf5	right	left
3446.71	1	Stimulus/S  1	1	34467100	34467108	60	1	40	pips_l40_r400_500-8000.hdf5	right	left
3447.7767	1	Stimulus/S  1	1	34477767	34477775	60	2	60	pips_l40_r400_500-8000.hdf5	right	left
3448.8434	1	Stimulus/S  1	1	34488434	34488442	60	3	70	pips_l40_r400_500-8000.hdf5	right	left
3449.8887	1	Stimulus/S  1	1	34498887	34498895	60	4	50	pips_l40_r400_500-8000.hdf5	right	left
3450.9554	1	Stimulus/S  1	1	34509554	34509562	60	5	30	pips_l40_r400_500-8000.hdf5	right	left
3452.0114	1	Stimulus/S  1	1	34520114	34520122	61	0	20	pips_l40_r400_500-8000.hdf5	right	left
3453.0781	1	Stimulus/S  1	1	34530781	34530789	61	1	40	pips_l40_r400_500-8000.hdf5	right	left
3454.1234	1	Stimulus/S  1	1	34541234	34541242	61	2	60	pips_l40_r400_500-8000.hdf5	right	left
3455.1901	1	Stimulus/S  1	1	34551901	34551909	61	3	70	pips_l40_r400_500-8000.hdf5	right	left
3456.2355	1	Stimulus/S  1	1	34562355	34562363	61	4	50	pips_l40_r400_500-8000.hdf5	right	left
3457.2915	1	Stimulus/S  1	1	34572915	34572923	61	5	30	pips_l40_r400_500-8000.hdf5	right	left
3458.3368	1	Stimulus/S  1	1	34583368	34583376	62	0	20	pips_l40_r400_500-8000.hdf5	right	left
3459.3928	1	Stimulus/S  1	1	34593928	34593936	62	1	40	pips_l40_r400_500-8000.hdf5	right	left
3460.4382	1	Stimulus/S  1	1	34604382	34604390	62	2	60	pips_l40_r400_500-8000.hdf5	right	left
3461.5048	1	Stimulus/S  1	1	34615048	34615056	62	3	70	pips_l40_r400_500-8000.hdf5	right	left
3462.5609	1	Stimulus/S  1	1	34625609	34625617	62	4	50	pips_l40_r400_500-8000.hdf5	right	left
3463.6275	1	Stimulus/S  1	1	34636275	34636283	62	5	30	pips_l40_r400_500-8000.hdf5	right	left
3464.6729	1	Stimulus/S  1	1	34646729	34646737	63	0	20	pips_l40_r400_500-8000.hdf5	right	left
3465.7395	1	Stimulus/S  1	1	34657395	34657403	63	1	40	pips_l40_r400_500-8000.hdf5	right	left
3466.8062	1	Stimulus/S  1	1	34668062	34668070	63	2	60	pips_l40_r400_500-8000.hdf5	right	left
3467.8729	1	Stimulus/S  1	1	34678729	34678737	63	3	70	pips_l40_r400_500-8000.hdf5	right	left
3468.9289	1	Stimulus/S  1	1	34689289	34689297	63	4	50	pips_l40_r400_500-8000.hdf5	right	left
3469.9956	1	Stimulus/S  1	1	34699956	34699964	63	5	30	pips_l40_r400_500-8000.hdf5	right	left
3471.0409	1	Stimulus/S  1	1	34710409	34710417	64	0	20	pips_l40_r400_500-8000.hdf5	right	left
3472.1076	1	Stimulus/S  1	1	34721076	34721084	64	1	40	pips_l40_r400_500-8000.hdf5	right	left
3473.153	1	Stimulus/S  1	1	34731530	34731538	64	2	60	pips_l40_r400_500-8000.hdf5	right	left
3474.209	1	Stimulus/S  1	1	34742090	34742098	64	3	70	pips_l40_r400_500-8000.hdf5	right	left
3475.2543	1	Stimulus/S  1	1	34752543	34752551	64	4	50	pips_l40_r400_500-8000.hdf5	right	left
3476.321	1	Stimulus/S  1	1	34763210	34763218	64	5	30	pips_l40_r400_500-8000.hdf5	right	left
3477.377	1	Stimulus/S  1	1	34773770	34773778	65	0	20	pips_l40_r400_500-8000.hdf5	right	left
3478.4437	1	Stimulus/S  1	1	34784437	34784445	65	1	40	pips_l40_r400_500-8000.hdf5	right	left
3479.489	1	Stimulus/S  1	1	34794890	34794898	65	2	60	pips_l40_r400_500-8000.hdf5	right	left
3480.5557	1	Stimulus/S  1	1	34805557	34805565	65	3	70	pips_l40_r400_500-8000.hdf5	right	left
3481.6224	1	Stimulus/S  1	1	34816224	34816232	65	4	50	pips_l40_r400_500-8000.hdf5	right	left
3482.689	1	Stimulus/S  1	1	34826890	34826898	65	5	30	pips_l40_r400_500-8000.hdf5	right	left
3483.7557	1	Stimulus/S  1	1	34837557	34837565	66	0	20	pips_l40_r400_500-8000.hdf5	right	left
3484.8224	1	Stimulus/S  1	1	34848224	34848232	66	1	40	pips_l40_r400_500-8000.hdf5	right	left
3485.8891	1	Stimulus/S  1	1	34858891	34858899	66	2	60	pips_l40_r400_500-8000.hdf5	right	left
3486.9451	1	Stimulus/S  1	1	34869451	34869459	66	3	70	pips_l40_r400_500-8000.hdf5	right	left
3487.9904	1	Stimulus/S  1	1	34879904	34879912	66	4	50	pips_l40_r400_500-8000.hdf5	right	left
3489.0464	1	Stimulus/S  1	1	34890464	34890472	66	5	30	pips_l40_r400_500-8000.hdf5	right	left
3490.0918	1	Stimulus/S  1	1	34900918	34900926	67	0	20	pips_l40_r400_500-8000.hdf5	right	left
3491.1371	1	Stimulus/S  1	1	34911371	34911379	67	1	40	pips_l40_r400_500-8000.hdf5	right	left
3492.1931	1	Stimulus/S  1	1	34921931	34921939	67	2	60	pips_l40_r400_500-8000.hdf5	right	left
3493.2385	1	Stimulus/S  1	1	34932385	34932393	67	3	70	pips_l40_r400_500-8000.hdf5	right	left
3494.2945	1	Stimulus/S  1	1	34942945	34942953	67	4	50	pips_l40_r400_500-8000.hdf5	right	left
3495.3612	1	Stimulus/S  1	1	34953612	34953620	67	5	30	pips_l40_r400_500-8000.hdf5	right	left
3496.4065	1	Stimulus/S  1	1	34964065	34964073	68	0	20	pips_l40_r400_500-8000.hdf5	right	left
3497.4732	1	Stimulus/S  1	1	34974732	34974740	68	1	40	pips_l40_r400_500-8000.hdf5	right	left
3498.5399	1	Stimulus/S  1	1	34985399	34985407	68	2	60	pips_l40_r400_500-8000.hdf5	right	left
3499.6065	1	Stimulus/S  1	1	34996065	34996073	68	3	70	pips_l40_r400_500-8000.hdf5	right	left
3500.6732	1	Stimulus/S  1	1	35006732	35006740	68	4	50	pips_l40_r400_500-8000.hdf5	right	left
3501.7399	1	Stimulus/S  1	1	35017399	35017407	68	5	30	pips_l40_r400_500-8000.hdf5	right	left
3502.8066	1	Stimulus/S  1	1	35028066	35028074	69	0	20	pips_l40_r400_500-8000.hdf5	right	left
3503.8626	1	Stimulus/S  1	1	35038626	35038634	69	1	40	pips_l40_r400_500-8000.hdf5	right	left
3504.9293	1	Stimulus/S  1	1	35049293	35049301	69	2	60	pips_l40_r400_500-8000.hdf5	right	left
3505.9746	1	Stimulus/S  1	1	35059746	35059754	69	3	70	pips_l40_r400_500-8000.hdf5	right	left
3507.0413	1	Stimulus/S  1	1	35070413	35070421	69	4	50	pips_l40_r400_500-8000.hdf5	right	left
3508.0866	1	Stimulus/S  1	1	35080866	35080874	69	5	30	pips_l40_r400_500-8000.hdf5	right	left
3509.1426	1	Stimulus/S  1	1	35091426	35091434	70	0	20	pips_l40_r400_500-8000.hdf5	right	left
3510.188	1	Stimulus/S  1	1	35101880	35101888	70	1	40	pips_l40_r400_500-8000.hdf5	right	left
3511.2547	1	Stimulus/S  1	1	35112547	35112555	70	2	60	pips_l40_r400_500-8000.hdf5	right	left
3512.3107	1	Stimulus/S  1	1	35123107	35123115	70	3	70	pips_l40_r400_500-8000.hdf5	right	left
3513.356	1	Stimulus/S  1	1	35133560	35133568	70	4	50	pips_l40_r400_500-8000.hdf5	right	left
3514.412	1	Stimulus/S  1	1	35144120	35144128	70	5	30	pips_l40_r400_500-8000.hdf5	right	left
3515.4787	1	Stimulus/S  1	1	35154787	35154795	71	0	20	pips_l40_r400_500-8000.hdf5	right	left
3516.524	1	Stimulus/S  1	1	35165240	35165248	71	1	40	pips_l40_r400_500-8000.hdf5	right	left
3517.5907	1	Stimulus/S  1	1	35175907	35175915	71	2	60	pips_l40_r400_500-8000.hdf5	right	left
3518.6574	1	Stimulus/S  1	1	35186574	35186582	71	3	70	pips_l40_r400_500-8000.hdf5	right	left
3519.7241	1	Stimulus/S  1	1	35197241	35197249	71	4	50	pips_l40_r400_500-8000.hdf5	right	left
3520.7801	1	Stimulus/S  1	1	35207801	35207809	71	5	30	pips_l40_r400_500-8000.hdf5	right	left
3521.8468	1	Stimulus/S  1	1	35218468	35218476	72	0	20	pips_l40_r400_500-8000.hdf5	right	left
3522.8921	1	Stimulus/S  1	1	35228921	35228929	72	1	40	pips_l40_r400_500-8000.hdf5	right	left
3523.9588	1	Stimulus/S  1	1	35239588	35239596	72	2	60	pips_l40_r400_500-8000.hdf5	right	left
3525.0041	1	Stimulus/S  1	1	35250041	35250049	72	3	70	pips_l40_r400_500-8000.hdf5	right	left
3526.0601	1	Stimulus/S  1	1	35260601	35260609	72	4	50	pips_l40_r400_500-8000.hdf5	right	left
3527.1055	1	Stimulus/S  1	1	35271055	35271063	72	5	30	pips_l40_r400_500-8000.hdf5	right	left
3528.1615	1	Stimulus/S  1	1	35281615	35281623	73	0	20	pips_l40_r400_500-8000.hdf5	right	left
3529.2068	1	Stimulus/S  1	1	35292068	35292076	73	1	40	pips_l40_r400_500-8000.hdf5	right	left
3530.2735	1	Stimulus/S  1	1	35302735	35302743	73	2	60	pips_l40_r400_500-8000.hdf5	right	left
3531.3295	1	Stimulus/S  1	1	35313295	35313303	73	3	70	pips_l40_r400_500-8000.hdf5	right	left
3532.3962	1	Stimulus/S  1	1	35323962	35323970	73	4	50	pips_l40_r400_500-8000.hdf5	right	left
3533.4415	1	Stimulus/S  1	1	35334415	35334423	73	5	30	pips_l40_r400_500-8000.hdf5	right	left
3534.5082	1	Stimulus/S  1	1	35345082	35345090	74	0	20	pips_l40_r400_500-8000.hdf5	right	left
3535.5749	1	Stimulus/S  1	1	35355749	35355757	74	1	40	pips_l40_r400_500-8000.hdf5	right	left
3536.6416	1	Stimulus/S  1	1	35366416	35366424	74	2	60	pips_l40_r400_500-8000.hdf5	right	left
3537.7083	1	Stimulus/S  1	1	35377083	35377091	74	3	70	pips_l40_r400_500-8000.hdf5	right	left
3538.7749	1	Stimulus/S  1	1	35387749	35387757	74	4	50	pips_l40_r400_500-8000.hdf5	right	left
3539.8416	1	Stimulus/S  1	1	35398416	35398424	74	5	30	pips_l40_r400_500-8000.hdf5	right	left
3540.9083	1	Stimulus/S  1	1	35409083	35409091	75	0	20	pips_l40_r400_500-8000.hdf5	right	left
3541.975	1	Stimulus/S  1	1	35419750	35419758	75	1	40	pips_l40_r400_500-8000.hdf5	right	left
3543.0203	1	Stimulus/S  1	1	35430203	35430211	75	2	60	pips_l40_r400_500-8000.hdf5	right	left
3544.0763	1	Stimulus/S  1	1	35440763	35440771	75	3	70	pips_l40_r400_500-8000.hdf5	right	left
3545.1217	1	Stimulus/S  1	1	35451217	35451225	75	4	50	pips_l40_r400_500-8000.hdf5	right	left
3546.1777	1	Stimulus/S  1	1	35461777	35461785	75	5	30	pips_l40_r400_500-8000.hdf5	right	left
3547.223	1	Stimulus/S  1	1	35472230	35472238	76	0	20	pips_l40_r400_500-8000.hdf5	right	left
3548.279	1	Stimulus/S  1	1	35482790	35482798	76	1	40	pips_l40_r400_500-8000.hdf5	right	left
3549.3244	1	Stimulus/S  1	1	35493244	35493252	76	2	60	pips_l40_r400_500-8000.hdf5	right	left
3550.391	1	Stimulus/S  1	1	35503910	35503918	76	3	70	pips_l40_r400_500-8000.hdf5	right	left
3551.4471	1	Stimulus/S  1	1	35514471	35514479	76	4	50	pips_l40_r400_500-8000.hdf5	right	left
3552.5137	1	Stimulus/S  1	1	35525137	35525145	76	5	30	pips_l40_r400_500-8000.hdf5	right	left
3553.5591	1	Stimulus/S  1	1	35535591	35535599	77	0	20	pips_l40_r400_500-8000.hdf5	right	left
3554.6258	1	Stimulus/S  1	1	35546258	35546266	77	1	40	pips_l40_r400_500-8000.hdf5	right	left
3555.6924	1	Stimulus/S  1	1	35556924	35556932	77	2	60	pips_l40_r400_500-8000.hdf5	right	left
3556.7591	1	Stimulus/S  1	1	35567591	35567599	77	3	70	pips_l40_r400_500-8000.hdf5	right	left
3557.8044	1	Stimulus/S  1	1	35578044	35578052	77	4	50	pips_l40_r400_500-8000.hdf5	right	left
3558.8711	1	Stimulus/S  1	1	35588711	35588719	77	5	30	pips_l40_r400_500-8000.hdf5	right	left
3559.9271	1	Stimulus/S  1	1	35599271	35599279	78	0	20	pips_l40_r400_500-8000.hdf5	right	left
3560.9938	1	Stimulus/S  1	1	35609938	35609946	78	1	40	pips_l40_r400_500-8000.hdf5	right	left
3562.0392	1	Stimulus/S  1	1	35620392	35620400	78	2	60	pips_l40_r400_500-8000.hdf5	right	left
3563.0952	1	Stimulus/S  1	1	35630952	35630960	78	3	70	pips_l40_r400_500-8000.hdf5	right	left
3564.1405	1	Stimulus/S  1	1	35641405	35641413	78	4	50	pips_l40_r400_500-8000.hdf5	right	left
3565.1965	1	Stimulus/S  1	1	35651965	35651973	78	5	30	pips_l40_r400_500-8000.hdf5	right	left
3566.2419	1	Stimulus/S  1	1	35662419	35662427	79	0	20	pips_l40_r400_500-8000.hdf5	right	left
3567.3085	1	Stimulus/S  1	1	35673085	35673093	79	1	40	pips_l40_r400_500-8000.hdf5	right	left
3568.3539	1	Stimulus/S  1	1	35683539	35683547	79	2	60	pips_l40_r400_500-8000.hdf5	right	left
3569.4312	1	Stimulus/S  1	1	35694312	35694320	79	3	70	pips_l40_r400_500-8000.hdf5	right	left
3570.4766	1	Stimulus/S  1	1	35704766	35704774	79	4	50	pips_l40_r400_500-8000.hdf5	right	left
3571.5433	1	Stimulus/S  1	1	35715433	35715441	79	5	30	pips_l40_r400_500-8000.hdf5	right	left
3572.6099	1	Stimulus/S  1	1	35726099	35726107	80	0	20	pips_l40_r400_500-8000.hdf5	right	left
3573.6766	1	Stimulus/S  1	1	35736766	35736774	80	1	40	pips_l40_r400_500-8000.hdf5	right	left
3574.7433	1	Stimulus/S  1	1	35747433	35747441	80	2	60	pips_l40_r400_500-8000.hdf5	right	left
3575.81	1	Stimulus/S  1	1	35758100	35758108	80	3	70	pips_l40_r400_500-8000.hdf5	right	left
3576.8766	1	Stimulus/S  1	1	35768766	35768774	80	4	50	pips_l40_r400_500-8000.hdf5	right	left
3577.922	1	Stimulus/S  1	1	35779220	35779228	80	5	30	pips_l40_r400_500-8000.hdf5	right	left
3578.9887	1	Stimulus/S  1	1	35789887	35789895	81	0	20	pips_l40_r400_500-8000.hdf5	right	left
3580.0447	1	Stimulus/S  1	1	35800447	35800455	81	1	40	pips_l40_r400_500-8000.hdf5	right	left
3581.09	1	Stimulus/S  1	1	35810900	35810908	81	2	60	pips_l40_r400_500-8000.hdf5	right	left
3582.146	1	Stimulus/S  1	1	35821460	35821468	81	3	70	pips_l40_r400_500-8000.hdf5	right	left
3583.1914	1	Stimulus/S  1	1	35831914	35831922	81	4	50	pips_l40_r400_500-8000.hdf5	right	left
3584.2474	1	Stimulus/S  1	1	35842474	35842482	81	5	30	pips_l40_r400_500-8000.hdf5	right	left
3585.2927	1	Stimulus/S  1	1	35852927	35852935	82	0	20	pips_l40_r400_500-8000.hdf5	right	left
3586.3381	1	Stimulus/S  1	1	35863381	35863389	82	1	40	pips_l40_r400_500-8000.hdf5	right	left
3587.3941	1	Stimulus/S  1	1	35873941	35873949	82	2	60	pips_l40_r400_500-8000.hdf5	right	left
3588.4394	1	Stimulus/S  1	1	35884394	35884402	82	3	70	pips_l40_r400_500-8000.hdf5	right	left
3589.4954	1	Stimulus/S  1	1	35894954	35894962	82	4	50	pips_l40_r400_500-8000.hdf5	right	left
3590.5621	1	Stimulus/S  1	1	35905621	35905629	82	5	30	pips_l40_r400_500-8000.hdf5	right	left
3591.6288	1	Stimulus/S  1	1	35916288	35916296	83	0	20	pips_l40_r400_500-8000.hdf5	right	left
3592.6955	1	Stimulus/S  1	1	35926955	35926963	83	1	40	pips_l40_r400_500-8000.hdf5	right	left
3593.7621	1	Stimulus/S  1	1	35937621	35937629	83	2	60	pips_l40_r400_500-8000.hdf5	right	left
3594.8288	1	Stimulus/S  1	1	35948288	35948296	83	3	70	pips_l40_r400_500-8000.hdf5	right	left
3595.8955	1	Stimulus/S  1	1	35958955	35958963	83	4	50	pips_l40_r400_500-8000.hdf5	right	left
3596.9408	1	Stimulus/S  1	1	35969408	35969416	83	5	30	pips_l40_r400_500-8000.hdf5	right	left
3598.0075	1	Stimulus/S  1	1	35980075	35980083	84	0	20	pips_l40_r400_500-8000.hdf5	right	left
3599.0635	1	Stimulus/S  1	1	35990635	35990643	84	1	40	pips_l40_r400_500-8000.hdf5	right	left
3600.1089	1	Stimulus/S  1	1	36001089	36001097	84	2	60	pips_l40_r400_500-8000.hdf5	right	left
3601.1542	1	Stimulus/S  1	1	36011542	36011550	84	3	70	pips_l40_r400_500-8000.hdf5	right	left
3602.2102	1	Stimulus/S  1	1	36022102	36022110	84	4	50	pips_l40_r400_500-8000.hdf5	right	left
3603.2556	1	Stimulus/S  1	1	36032556	36032564	84	5	30	pips_l40_r400_500-8000.hdf5	right	left
3604.3116	1	Stimulus/S  1	1	36043116	36043124	85	0	20	pips_l40_r400_500-8000.hdf5	right	left
3605.3569	1	Stimulus/S  1	1	36053569	36053577	85	1	40	pips_l40_r400_500-8000.hdf5	right	left
3606.4129	1	Stimulus/S  1	1	36064129	36064137	85	2	60	pips_l40_r400_500-8000.hdf5	right	left
3607.4796	1	Stimulus/S  1	1	36074796	36074804	85	3	70	pips_l40_r400_500-8000.hdf5	right	left
3608.5463	1	Stimulus/S  1	1	36085463	36085471	85	4	50	pips_l40_r400_500-8000.hdf5	right	left
3609.613	1	Stimulus/S  1	1	36096130	36096138	85	5	30	pips_l40_r400_500-8000.hdf5	right	left
3610.6796	1	Stimulus/S  1	1	36106796	36106804	86	0	20	pips_l40_r400_500-8000.hdf5	right	left
3611.7463	1	Stimulus/S  1	1	36117463	36117471	86	1	40	pips_l40_r400_500-8000.hdf5	right	left
3612.813	1	Stimulus/S  1	1	36128130	36128138	86	2	60	pips_l40_r400_500-8000.hdf5	right	left
3613.8583	1	Stimulus/S  1	1	36138583	36138591	86	3	70	pips_l40_r400_500-8000.hdf5	right	left
3614.925	1	Stimulus/S  1	1	36149250	36149258	86	4	50	pips_l40_r400_500-8000.hdf5	right	left
3615.981	1	Stimulus/S  1	1	36159810	36159818	86	5	30	pips_l40_r400_500-8000.hdf5	right	left
3617.0477	1	Stimulus/S  1	1	36170477	36170485	87	0	20	pips_l40_r400_500-8000.hdf5	right	left
3618.093	1	Stimulus/S  1	1	36180930	36180938	87	1	40	pips_l40_r400_500-8000.hdf5	right	left
3619.1384	1	Stimulus/S  1	1	36191384	36191392	87	2	60	pips_l40_r400_500-8000.hdf5	right	left
3620.1944	1	Stimulus/S  1	1	36201944	36201952	87	3	70	pips_l40_r400_500-8000.hdf5	right	left
3621.2397	1	Stimulus/S  1	1	36212397	36212405	87	4	50	pips_l40_r400_500-8000.hdf5	right	left
3622.2957	1	Stimulus/S  1	1	36222957	36222965	87	5	30	pips_l40_r400_500-8000.hdf5	right	left
3623.3411	1	Stimulus/S  1	1	36233411	36233419	88	0	20	pips_l40_r400_500-8000.hdf5	right	left
3624.3971	1	Stimulus/S  1	1	36243971	36243979	88	1	40	pips_l40_r400_500-8000.hdf5	right	left
3625.4638	1	Stimulus/S  1	1	36254638	36254646	88	2	60	pips_l40_r400_500-8000.hdf5	right	left
3626.5091	1	Stimulus/S  1	1	36265091	36265099	88	3	70	pips_l40_r400_500-8000.hdf5	right	left
3627.5758	1	Stimulus/S  1	1	36275758	36275766	88	4	50	pips_l40_r400_500-8000.hdf5	right	left
3628.6318	1	Stimulus/S  1	1	36286318	36286326	88	5	30	pips_l40_r400_500-8000.hdf5	right	left
3629.6985	1	Stimulus/S  1	1	36296985	36296993	89	0	20	pips_l40_r400_500-8000.hdf5	right	left
3630.7652	1	Stimulus/S  1	1	36307652	36307660	89	1	40	pips_l40_r400_500-8000.hdf5	right	left
3631.8318	1	Stimulus/S  1	1	36318318	36318326	89	2	60	pips_l40_r400_500-8000.hdf5	right	left
3632.8985	1	Stimulus/S  1	1	36328985	36328993	89	3	70	pips_l40_r400_500-8000.hdf5	right	left
3633.9652	1	Stimulus/S  1	1	36339652	36339660	89	4	50	pips_l40_r400_500-8000.hdf5	right	left
3635.0319	1	Stimulus/S  1	1	36350319	36350327	89	5	30	pips_l40_r400_500-8000.hdf5	right	left
3636.0772	1	Stimulus/S  1	1	36360772	36360780	90	0	20	pips_l40_r400_500-8000.hdf5	right	left
3637.1226	1	Stimulus/S  1	1	36371226	36371234	90	1	40	pips_l40_r400_500-8000.hdf5	right	left
3638.1786	1	Stimulus/S  1	1	36381786	36381794	90	2	60	pips_l40_r400_500-8000.hdf5	right	left
3639.2239	1	Stimulus/S  1	1	36392239	36392247	90	3	70	pips_l40_r400_500-8000.hdf5	right	left
3640.2799	1	Stimulus/S  1	1	36402799	36402807	90	4	50	pips_l40_r400_500-8000.hdf5	right	left
3641.3253	1	Stimulus/S  1	1	36413253	36413261	90	5	30	pips_l40_r400_500-8000.hdf5	right	left
3642.3813	1	Stimulus/S  1	1	36423813	36423821	91	0	20	pips_l40_r400_500-8000.hdf5	right	left
3643.4266	1	Stimulus/S  1	1	36434266	36434274	91	1	40	pips_l40_r400_500-8000.hdf5	right	left
3644.4933	1	Stimulus/S  1	1	36444933	36444941	91	2	60	pips_l40_r400_500-8000.hdf5	right	left
3645.5386	1	Stimulus/S  1	1	36455386	36455394	91	3	70	pips_l40_r400_500-8000.hdf5	right	left
3646.6053	1	Stimulus/S  1	1	36466053	36466061	91	4	50	pips_l40_r400_500-8000.hdf5	right	left
3647.672	1	Stimulus/S  1	1	36476720	36476728	91	5	30	pips_l40_r400_500-8000.hdf5	right	left
3648.7387	1	Stimulus/S  1	1	36487387	36487395	92	0	20	pips_l40_r400_500-8000.hdf5	right	left
3649.8053	1	Stimulus/S  1	1	36498053	36498061	92	1	40	pips_l40_r400_500-8000.hdf5	right	left
3650.8827	1	Stimulus/S  1	1	36508827	36508835	92	2	60	pips_l40_r400_500-8000.hdf5	right	left
3651.9387	1	Stimulus/S  1	1	36519387	36519395	92	3	70	pips_l40_r400_500-8000.hdf5	right	left
3652.9947	1	Stimulus/S  1	1	36529947	36529955	92	4	50	pips_l40_r400_500-8000.hdf5	right	left
3654.0614	1	Stimulus/S  1	1	36540614	36540622	92	5	30	pips_l40_r400_500-8000.hdf5	right	left
3655.1067	1	Stimulus/S  1	1	36551067	36551075	93	0	20	pips_l40_r400_500-8000.hdf5	right	left
3656.1734	1	Stimulus/S  1	1	36561734	36561742	93	1	40	pips_l40_r400_500-8000.hdf5	right	left
3657.2294	1	Stimulus/S  1	1	36572294	36572302	93	2	60	pips_l40_r400_500-8000.hdf5	right	left
3658.2748	1	Stimulus/S  1	1	36582748	36582756	93	3	70	pips_l40_r400_500-8000.hdf5	right	left
3659.3308	1	Stimulus/S  1	1	36593308	36593316	93	4	50	pips_l40_r400_500-8000.hdf5	right	left
3660.3761	1	Stimulus/S  1	1	36603761	36603769	93	5	30	pips_l40_r400_500-8000.hdf5	right	left
3661.4215	1	Stimulus/S  1	1	36614215	36614223	94	0	20	pips_l40_r400_500-8000.hdf5	right	left
3662.4988	1	Stimulus/S  1	1	36624988	36624996	94	1	40	pips_l40_r400_500-8000.hdf5	right	left
3663.5442	1	Stimulus/S  1	1	36635442	36635450	94	2	60	pips_l40_r400_500-8000.hdf5	right	left
3664.6108	1	Stimulus/S  1	1	36646108	36646116	94	3	70	pips_l40_r400_500-8000.hdf5	right	left
3665.6562	1	Stimulus/S  1	1	36656562	36656570	94	4	50	pips_l40_r400_500-8000.hdf5	right	left
3666.7228	1	Stimulus/S  1	1	36667228	36667236	94	5	30	pips_l40_r400_500-8000.hdf5	right	left
3667.7895	1	Stimulus/S  1	1	36677895	36677903	95	0	20	pips_l40_r400_500-8000.hdf5	right	left
3668.8562	1	Stimulus/S  1	1	36688562	36688570	95	1	40	pips_l40_r400_500-8000.hdf5	right	left
3669.9229	1	Stimulus/S  1	1	36699229	36699237	95	2	60	pips_l40_r400_500-8000.hdf5	right	left
3670.9896	1	Stimulus/S  1	1	36709896	36709904	95	3	70	pips_l40_r400_500-8000.hdf5	right	left
3672.0562	1	Stimulus/S  1	1	36720562	36720570	95	4	50	pips_l40_r400_500-8000.hdf5	right	left
3673.1122	1	Stimulus/S  1	1	36731122	36731130	95	5	30	pips_l40_r400_500-8000.hdf5	right	left
3674.1789	1	Stimulus/S  1	1	36741789	36741797	96	0	20	pips_l40_r400_500-8000.hdf5	right	left
3675.2243	1	Stimulus/S  1	1	36752243	36752251	96	1	40	pips_l40_r400_500-8000.hdf5	right	left
3676.2909	1	Stimulus/S  1	1	36762909	36762917	96	2	60	pips_l40_r400_500-8000.hdf5	right	left
3677.347	1	Stimulus/S  1	1	36773470	36773478	96	3	70	pips_l40_r400_500-8000.hdf5	right	left
3678.3923	1	Stimulus/S  1	1	36783923	36783931	96	4	50	pips_l40_r400_500-8000.hdf5	right	left
3679.4483	1	Stimulus/S  1	1	36794483	36794491	96	5	30	pips_l40_r400_500-8000.hdf5	right	left
3680.4936	1	Stimulus/S  1	1	36804936	36804944	97	0	20	pips_l40_r400_500-8000.hdf5	right	left
3681.539	1	Stimulus/S  1	1	36815390	36815398	97	1	40	pips_l40_r400_500-8000.hdf5	right	left
3682.6163	1	Stimulus/S  1	1	36826163	36826171	97	2	60	pips_l40_r400_500-8000.hdf5	right	left
3683.6617	1	Stimulus/S  1	1	36836617	36836625	97	3	70	pips_l40_r400_500-8000.hdf5	right	left
3684.7284	1	Stimulus/S  1	1	36847284	36847292	97	4	50	pips_l40_r400_500-8000.hdf5	right	left
3685.7737	1	Stimulus/S  1	1	36857737	36857745	97	5	30	pips_l40_r400_500-8000.hdf5	right	left
3686.8404	1	Stimulus/S  1	1	36868404	36868412	98	0	20	pips_l40_r400_500-8000.hdf5	right	left
3687.9071	1	Stimulus/S  1	1	36879071	36879079	98	1	40	pips_l40_r400_500-8000.hdf5	right	left
3688.9737	1	Stimulus/S  1	1	36889737	36889745	98	2	60	pips_l40_r400_500-8000.hdf5	right	left
3690.0404	1	Stimulus/S  1	1	36900404	36900412	98	3	70	pips_l40_r400_500-8000.hdf5	right	left
3691.1071	1	Stimulus/S  1	1	36911071	36911079	98	4	50	pips_l40_r400_500-8000.hdf5	right	left
3692.1738	1	Stimulus/S  1	1	36921738	36921746	98	5	30	pips_l40_r400_500-8000.hdf5	right	left
3693.2298	1	Stimulus/S  1	1	36932298	36932306	99	0	20	pips_l40_r400_500-8000.hdf5	right	left
3694.2965	1	Stimulus/S  1	1	36942965	36942973	99	1	40	pips_l40_r400_500-8000.hdf5	right	left
3695.3418	1	Stimulus/S  1	1	36953418	36953426	99	2	60	pips_l40_r400_500-8000.hdf5	right	left
3696.4085	1	Stimulus/S  1	1	36964085	36964093	99	3	70	pips_l40_r400_500-8000.hdf5	right	left
3697.4645	1	Stimulus/S  1	1	36974645	36974653	99	4	50	pips_l40_r400_500-8000.hdf5	right	left
3698.5098	1	Stimulus/S  1	1	36985098	36985106	99	5	30	pips_l40_r400_500-8000.hdf5	right	left
3699.5658	1	Stimulus/S  1	1	36995658	36995666	100	0	20	pips_l40_r400_500-8000.hdf5	right	left
3700.6112	1	Stimulus/S  1	1	37006112	37006120	100	1	40	pips_l40_r400_500-8000.hdf5	right	left
3701.6565	1	Stimulus/S  1	1	37016565	37016573	100	2	60	pips_l40_r400_500-8000.hdf5	right	left
3702.7232	1	Stimulus/S  1	1	37027232	37027240	100	3	70	pips_l40_r400_500-8000.hdf5	right	left
3703.7792	1	Stimulus/S  1	1	37037792	37037800	100	4	50	pips_l40_r400_500-8000.hdf5	right	left
3704.8459	1	Stimulus/S  1	1	37048459	37048467	100	5	30	pips_l40_r400_500-8000.hdf5	right	left
3705.8912	1	Stimulus/S  1	1	37058912	37058920	101	0	20	pips_l40_r400_500-8000.hdf5	right	left
3706.9579	1	Stimulus/S  1	1	37069579	37069587	101	1	40	pips_l40_r400_500-8000.hdf5	right	left
3708.0246	1	Stimulus/S  1	1	37080246	37080254	101	2	60	pips_l40_r400_500-8000.hdf5	right	left
3709.0913	1	Stimulus/S  1	1	37090913	37090921	101	3	70	pips_l40_r400_500-8000.hdf5	right	left
3710.1579	1	Stimulus/S  1	1	37101579	37101587	101	4	50	pips_l40_r400_500-8000.hdf5	right	left
3711.2246	1	Stimulus/S  1	1	37112246	37112254	101	5	30	pips_l40_r400_500-8000.hdf5	right	left
3712.2913	1	Stimulus/S  1	1	37122913	37122921	102	0	20	pips_l40_r400_500-8000.hdf5	right	left
3713.3473	1	Stimulus/S  1	1	37133473	37133481	102	1	40	pips_l40_r400_500-8000.hdf5	right	left
3714.414	1	Stimulus/S  1	1	37144140	37144148	102	2	60	pips_l40_r400_500-8000.hdf5	right	left
3715.4807	1	Stimulus/S  1	1	37154807	37154815	102	3	70	pips_l40_r400_500-8000.hdf5	right	left
3716.526	1	Stimulus/S  1	1	37165260	37165268	102	4	50	pips_l40_r400_500-8000.hdf5	right	left
3717.582	1	Stimulus/S  1	1	37175820	37175828	102	5	30	pips_l40_r400_500-8000.hdf5	right	left
3718.6274	1	Stimulus/S  1	1	37186274	37186282	103	0	20	pips_l40_r400_500-8000.hdf5	right	left
3719.6834	1	Stimulus/S  1	1	37196834	37196842	103	1	40	pips_l40_r400_500-8000.hdf5	right	left
3720.7287	1	Stimulus/S  1	1	37207287	37207295	103	2	60	pips_l40_r400_500-8000.hdf5	right	left
3721.7741	1	Stimulus/S  1	1	37217741	37217749	103	3	70	pips_l40_r400_500-8000.hdf5	right	left
3722.8301	1	Stimulus/S  1	1	37228301	37228309	103	4	50	pips_l40_r400_500-8000.hdf5	right	left
3723.8754	1	Stimulus/S  1	1	37238754	37238762	103	5	30	pips_l40_r400_500-8000.hdf5	right	left
3724.9421	1	Stimulus/S  1	1	37249421	37249429	104	0	20	pips_l40_r400_500-8000.hdf5	right	left
3725.9981	1	Stimulus/S  1	1	37259981	37259989	104	1	40	pips_l40_r400_500-8000.hdf5	right	left
3727.0648	1	Stimulus/S  1	1	37270648	37270656	104	2	60	pips_l40_r400_500-8000.hdf5	right	left
3728.1101	1	Stimulus/S  1	1	37281101	37281109	104	3	70	pips_l40_r400_500-8000.hdf5	right	left
3729.1768	1	Stimulus/S  1	1	37291768	37291776	104	4	50	pips_l40_r400_500-8000.hdf5	right	left
3730.2435	1	Stimulus/S  1	1	37302435	37302443	104	5	30	pips_l40_r400_500-8000.hdf5	right	left
3731.3101	1	Stimulus/S  1	1	37313101	37313109	105	0	20	pips_l40_r400_500-8000.hdf5	right	left
3732.3768	1	Stimulus/S  1	1	37323768	37323776	105	1	40	pips_l40_r400_500-8000.hdf5	right	left
3733.4435	1	Stimulus/S  1	1	37334435	37334443	105	2	60	pips_l40_r400_500-8000.hdf5	right	left
3734.5102	1	Stimulus/S  1	1	37345102	37345110	105	3	70	pips_l40_r400_500-8000.hdf5	right	left
3735.5662	1	Stimulus/S  1	1	37355662	37355670	105	4	50	pips_l40_r400_500-8000.hdf5	right	left
3736.6115	1	Stimulus/S  1	1	37366115	37366123	105	5	30	pips_l40_r400_500-8000.hdf5	right	left
3737.6569	1	Stimulus/S  1	1	37376569	37376577	106	0	20	pips_l40_r400_500-8000.hdf5	right	left
3738.7129	1	Stimulus/S  1	1	37387129	37387137	106	1	40	pips_l40_r400_500-8000.hdf5	right	left
3739.7796	1	Stimulus/S  1	1	37397796	37397804	106	2	60	pips_l40_r400_500-8000.hdf5	right	left
3740.8462	1	Stimulus/S  1	1	37408462	37408470	106	3	70	pips_l40_r400_500-8000.hdf5	right	left
3741.8916	1	Stimulus/S  1	1	37418916	37418924	106	4	50	pips_l40_r400_500-8000.hdf5	right	left
3742.9583	1	Stimulus/S  1	1	37429583	37429591	106	5	30	pips_l40_r400_500-8000.hdf5	right	left
3744.0249	1	Stimulus/S  1	1	37440249	37440257	107	0	20	pips_l40_r400_500-8000.hdf5	right	left
3745.0916	1	Stimulus/S  1	1	37450916	37450924	107	1	40	pips_l40_r400_500-8000.hdf5	right	left
3746.1583	1	Stimulus/S  1	1	37461583	37461591	107	2	60	pips_l40_r400_500-8000.hdf5	right	left
3747.225	1	Stimulus/S  1	1	37472250	37472258	107	3	70	pips_l40_r400_500-8000.hdf5	right	left
3748.2916	1	Stimulus/S  1	1	37482916	37482924	107	4	50	pips_l40_r400_500-8000.hdf5	right	left
3749.3477	1	Stimulus/S  1	1	37493477	37493485	107	5	30	pips_l40_r400_500-8000.hdf5	right	left
3750.4143	1	Stimulus/S  1	1	37504143	37504151	108	0	20	pips_l40_r400_500-8000.hdf5	right	left
3751.4597	1	Stimulus/S  1	1	37514597	37514605	108	1	40	pips_l40_r400_500-8000.hdf5	right	left
3752.5264	1	Stimulus/S  1	1	37525264	37525272	108	2	60	pips_l40_r400_500-8000.hdf5	right	left
3753.5824	1	Stimulus/S  1	1	37535824	37535832	108	3	70	pips_l40_r400_500-8000.hdf5	right	left
3754.649	1	Stimulus/S  1	1	37546490	37546498	108	4	50	pips_l40_r400_500-8000.hdf5	right	left
3755.6944	1	Stimulus/S  1	1	37556944	37556952	108	5	30	pips_l40_r400_500-8000.hdf5	right	left
3756.7504	1	Stimulus/S  1	1	37567504	37567512	109	0	20	pips_l40_r400_500-8000.hdf5	right	left
3757.7957	1	Stimulus/S  1	1	37577957	37577965	109	1	40	pips_l40_r400_500-8000.hdf5	right	left
3758.8624	1	Stimulus/S  1	1	37588624	37588632	109	2	60	pips_l40_r400_500-8000.hdf5	right	left
3759.9078	1	Stimulus/S  1	1	37599078	37599086	109	3	70	pips_l40_r400_500-8000.hdf5	right	left
3760.9744	1	Stimulus/S  1	1	37609744	37609752	109	4	50	pips_l40_r400_500-8000.hdf5	right	left
3762.0304	1	Stimulus/S  1	1	37620304	37620312	109	5	30	pips_l40_r400_500-8000.hdf5	right	left
3763.0971	1	Stimulus/S  1	1	37630971	37630979	110	0	20	pips_l40_r400_500-8000.hdf5	right	left
3764.1638	1	Stimulus/S  1	1	37641638	37641646	110	1	40	pips_l40_r400_500-8000.hdf5	right	left
3765.2305	1	Stimulus/S  1	1	37652305	37652313	110	2	60	pips_l40_r400_500-8000.hdf5	right	left
3766.2972	1	Stimulus/S  1	1	37662972	37662980	110	3	70	pips_l40_r400_500-8000.hdf5	right	left
3767.3638	1	Stimulus/S  1	1	37673638	37673646	110	4	50	pips_l40_r400_500-8000.hdf5	right	left
3768.4305	1	Stimulus/S  1	1	37684305	37684313	110	5	30	pips_l40_r400_500-8000.hdf5	right	left
3769.4759	1	Stimulus/S  1	1	37694759	37694767	111	0	20	pips_l40_r400_500-8000.hdf5	right	left
3770.5425	1	Stimulus/S  1	1	37705425	37705433	111	1	40	pips_l40_r400_500-8000.hdf5	right	left
3771.5985	1	Stimulus/S  1	1	37715985	37715993	111	2	60	pips_l40_r400_500-8000.hdf5	right	left
3772.6652	1	Stimulus/S  1	1	37726652	37726660	111	3	70	pips_l40_r400_500-8000.hdf5	right	left
3773.7106	1	Stimulus/S  1	1	37737106	37737114	111	4	50	pips_l40_r400_500-8000.hdf5	right	left
3774.7666	1	Stimulus/S  1	1	37747666	37747674	111	5	30	pips_l40_r400_500-8000.hdf5	right	left
3775.8119	1	Stimulus/S  1	1	37758119	37758127	112	0	20	pips_l40_r400_500-8000.hdf5	right	left
3776.8786	1	Stimulus/S  1	1	37768786	37768794	112	1	40	pips_l40_r400_500-8000.hdf5	right	left
3777.9346	1	Stimulus/S  1	1	37779346	37779354	112	2	60	pips_l40_r400_500-8000.hdf5	right	left
3778.9906	1	Stimulus/S  1	1	37789906	37789914	112	3	70	pips_l40_r400_500-8000.hdf5	right	left
3780.0466	1	Stimulus/S  1	1	37800466	37800474	112	4	50	pips_l40_r400_500-8000.hdf5	right	left
3781.092	1	Stimulus/S  1	1	37810920	37810928	112	5	30	pips_l40_r400_500-8000.hdf5	right	left
3782.148	1	Stimulus/S  1	1	37821480	37821488	113	0	20	pips_l40_r400_500-8000.hdf5	right	left
3783.2147	1	Stimulus/S  1	1	37832147	37832155	113	1	40	pips_l40_r400_500-8000.hdf5	right	left
3784.2813	1	Stimulus/S  1	1	37842813	37842821	113	2	60	pips_l40_r400_500-8000.hdf5	right	left
3785.348	1	Stimulus/S  1	1	37853480	37853488	113	3	70	pips_l40_r400_500-8000.hdf5	right	left
3786.4147	1	Stimulus/S  1	1	37864147	37864155	113	4	50	pips_l40_r400_500-8000.hdf5	right	left
3787.4814	1	Stimulus/S  1	1	37874814	37874822	113	5	30	pips_l40_r400_500-8000.hdf5	right	left
3788.548	1	Stimulus/S  1	1	37885480	37885488	114	0	20	pips_l40_r400_500-8000.hdf5	right	left
3789.5934	1	Stimulus/S  1	1	37895934	37895942	114	1	40	pips_l40_r400_500-8000.hdf5	right	left
3790.6601	1	Stimulus/S  1	1	37906601	37906609	114	2	60	pips_l40_r400_500-8000.hdf5	right	left
3791.7267	1	Stimulus/S  1	1	37917267	37917275	114	3	70	pips_l40_r400_500-8000.hdf5	right	left
3792.7827	1	Stimulus/S  1	1	37927827	37927835	114	4	50	pips_l40_r400_500-8000.hdf5	right	left
3793.8494	1	Stimulus/S  1	1	37938494	37938502	114	5	30	pips_l40_r400_500-8000.hdf5	right	left
3794.8948	1	Stimulus/S  1	1	37948948	37948956	115	0	20	pips_l40_r400_500-8000.hdf5	right	left
3795.9614	1	Stimulus/S  1	1	37959614	37959622	115	1	40	pips_l40_r400_500-8000.hdf5	right	left
3797.0175	1	Stimulus/S  1	1	37970175	37970183	115	2	60	pips_l40_r400_500-8000.hdf5	right	left
3798.0628	1	Stimulus/S  1	1	37980628	37980636	115	3	70	pips_l40_r400_500-8000.hdf5	right	left
3799.1081	1	Stimulus/S  1	1	37991081	37991089	115	4	50	pips_l40_r400_500-8000.hdf5	right	left
3800.1642	1	Stimulus/S  1	1	38001642	38001650	115	5	30	pips_l40_r400_500-8000.hdf5	right	left
3801.2095	1	Stimulus/S  1	1	38012095	38012103	116	0	20	pips_l40_r400_500-8000.hdf5	right	left
3802.2655	1	Stimulus/S  1	1	38022655	38022663	116	1	40	pips_l40_r400_500-8000.hdf5	right	left
3803.3108	1	Stimulus/S  1	1	38033108	38033116	116	2	60	pips_l40_r400_500-8000.hdf5	right	left
3804.3669	1	Stimulus/S  1	1	38043669	38043677	116	3	70	pips_l40_r400_500-8000.hdf5	right	left
3805.4122	1	Stimulus/S  1	1	38054122	38054130	116	4	50	pips_l40_r400_500-8000.hdf5	right	left
3806.4682	1	Stimulus/S  1	1	38064682	38064690	116	5	30	pips_l40_r400_500-8000.hdf5	right	left
3807.5136	1	Stimulus/S  1	1	38075136	38075144	117	0	20	pips_l40_r400_500-8000.hdf5	right	left
3808.5589	1	Stimulus/S  1	1	38085589	38085597	117	1	40	pips_l40_r400_500-8000.hdf5	right	left
3809.6149	1	Stimulus/S  1	1	38096149	38096157	117	2	60	pips_l40_r400_500-8000.hdf5	right	left
3810.6603	1	Stimulus/S  1	1	38106603	38106611	117	3	70	pips_l40_r400_500-8000.hdf5	right	left
3811.7269	1	Stimulus/S  1	1	38117269	38117277	117	4	50	pips_l40_r400_500-8000.hdf5	right	left
3812.7936	1	Stimulus/S  1	1	38127936	38127944	117	5	30	pips_l40_r400_500-8000.hdf5	right	left
3813.8603	1	Stimulus/S  1	1	38138603	38138611	118	0	20	pips_l40_r400_500-8000.hdf5	right	left
3814.927	1	Stimulus/S  1	1	38149270	38149278	118	1	40	pips_l40_r400_500-8000.hdf5	right	left
3815.9936	1	Stimulus/S  1	1	38159936	38159944	118	2	60	pips_l40_r400_500-8000.hdf5	right	left
3817.0603	1	Stimulus/S  1	1	38170603	38170611	118	3	70	pips_l40_r400_500-8000.hdf5	right	left
3818.127	1	Stimulus/S  1	1	38181270	38181278	118	4	50	pips_l40_r400_500-8000.hdf5	right	left
3819.1937	1	Stimulus/S  1	1	38191937	38191945	118	5	30	pips_l40_r400_500-8000.hdf5	right	left
3820.2603	1	Stimulus/S  1	1	38202603	38202611	119	0	20	pips_l40_r400_500-8000.hdf5	right	left
3821.327	1	Stimulus/S  1	1	38213270	38213278	119	1	40	pips_l40_r400_500-8000.hdf5	right	left
3822.3937	1	Stimulus/S  1	1	38223937	38223945	119	2	60	pips_l40_r400_500-8000.hdf5	right	left
3823.4604	1	Stimulus/S  1	1	38234604	38234612	119	3	70	pips_l40_r400_500-8000.hdf5	right	left
3824.5164	1	Stimulus/S  1	1	38245164	38245172	119	4	50	pips_l40_r400_500-8000.hdf5	right	left
3825.5831	1	Stimulus/S  1	1	38255831	38255839	119	5	30	pips_l40_r400_500-8000.hdf5	right	left
