onset	duration	trial_type	value	sample	sample_corrected	token	run	level	stim_file	ear_ac	ear_bc
12.1655	1	Stimulus/S  1	1	121655	121663	0	0	20	pips_40_500-8000.hdf5	both	none
13.2322	1	Stimulus/S  1	1	132322	132330	0	1	40	pips_40_500-8000.hdf5	both	none
14.2776	1	Stimulus/S  1	1	142776	142784	0	2	60	pips_40_500-8000.hdf5	both	none
15.3336	1	Stimulus/S  1	1	153336	153344	0	3	70	pips_40_500-8000.hdf5	both	none
16.3789	1	Stimulus/S  1	1	163789	163797	0	4	50	pips_40_500-8000.hdf5	both	none
17.4456	1	Stimulus/S  1	1	174456	174464	0	5	30	pips_40_500-8000.hdf5	both	none
18.5123	1	Stimulus/S  1	1	185123	185131	1	0	20	pips_40_500-8000.hdf5	both	none
19.5576	1	Stimulus/S  1	1	195576	195584	1	1	40	pips_40_500-8000.hdf5	both	none
20.6136	1	Stimulus/S  1	1	206136	206144	1	2	60	pips_40_500-8000.hdf5	both	none
21.6803	1	Stimulus/S  1	1	216803	216811	1	3	70	pips_40_500-8000.hdf5	both	none
22.7257	1	Stimulus/S  1	1	227257	227265	1	4	50	pips_40_500-8000.hdf5	both	none
23.7923	1	Stimulus/S  1	1	237923	237931	1	5	30	pips_40_500-8000.hdf5	both	none
24.8483	1	Stimulus/S  1	1	248483	248491	2	0	20	pips_40_500-8000.hdf5	both	none
25.915	1	Stimulus/S  1	1	259150	259158	2	1	40	pips_40_500-8000.hdf5	both	none
26.9604	1	Stimulus/S  1	1	269604	269612	2	2	60	pips_40_500-8000.hdf5	both	none
28.0164	1	Stimulus/S  1	1	280164	280172	2	3	70	pips_40_500-8000.hdf5	both	none
29.0831	1	Stimulus/S  1	1	290831	290839	2	4	50	pips_40_500-8000.hdf5	both	none
30.1284	1	Stimulus/S  1	1	301284	301292	2	5	30	pips_40_500-8000.hdf5	both	none
31.1951	1	Stimulus/S  1	1	311951	311959	3	0	20	pips_40_500-8000.hdf5	both	none
32.2618	1	Stimulus/S  1	1	322618	322626	3	1	40	pips_40_500-8000.hdf5	both	none
33.3178	1	Stimulus/S  1	1	333178	333186	3	2	60	pips_40_500-8000.hdf5	both	none
34.3631	1	Stimulus/S  1	1	343631	343639	3	3	70	pips_40_500-8000.hdf5	both	none
35.4298	1	Stimulus/S  1	1	354298	354306	3	4	50	pips_40_500-8000.hdf5	both	none
36.4751	1	Stimulus/S  1	1	364751	364759	3	5	30	pips_40_500-8000.hdf5	both	none
37.5418	1	Stimulus/S  1	1	375418	375426	4	0	20	pips_40_500-8000.hdf5	both	none
38.5978	1	Stimulus/S  1	1	385978	385986	4	1	40	pips_40_500-8000.hdf5	both	none
39.6645	1	Stimulus/S  1	1	396645	396653	4	2	60	pips_40_500-8000.hdf5	both	none
40.7312	1	Stimulus/S  1	1	407312	407320	4	3	70	pips_40_500-8000.hdf5	both	none
41.7765	1	Stimulus/S  1	1	417765	417773	4	4	50	pips_40_500-8000.hdf5	both	none
42.8325	1	Stimulus/S  1	1	428325	428333	4	5	30	pips_40_500-8000.hdf5	both	none
43.8779	1	Stimulus/S  1	1	438779	438787	5	0	20	pips_40_500-8000.hdf5	both	none
44.9339	1	Stimulus/S  1	1	449339	449347	5	1	40	pips_40_500-8000.hdf5	both	none
46.0006	1	Stimulus/S  1	1	460006	460014	5	2	60	pips_40_500-8000.hdf5	both	none
47.0459	1	Stimulus/S  1	1	470459	470467	5	3	70	pips_40_500-8000.hdf5	both	none
48.0912	1	Stimulus/S  1	1	480912	480920	5	4	50	pips_40_500-8000.hdf5	both	none
49.1686	1	Stimulus/S  1	1	491686	491694	5	5	30	pips_40_500-8000.hdf5	both	none
50.2139	1	Stimulus/S  1	1	502139	502147	6	0	20	pips_40_500-8000.hdf5	both	none
51.2806	1	Stimulus/S  1	1	512806	512814	6	1	40	pips_40_500-8000.hdf5	both	none
52.326	1	Stimulus/S  1	1	523260	523268	6	2	60	pips_40_500-8000.hdf5	both	none
53.382	1	Stimulus/S  1	1	533820	533828	6	3	70	pips_40_500-8000.hdf5	both	none
54.4273	1	Stimulus/S  1	1	544273	544281	6	4	50	pips_40_500-8000.hdf5	both	none
55.494	1	Stimulus/S  1	1	554940	554948	6	5	30	pips_40_500-8000.hdf5	both	none
56.55	1	Stimulus/S  1	1	565500	565508	7	0	20	pips_40_500-8000.hdf5	both	none
57.5953	1	Stimulus/S  1	1	575953	575961	7	1	40	pips_40_500-8000.hdf5	both	none
58.6514	1	Stimulus/S  1	1	586514	586522	7	2	60	pips_40_500-8000.hdf5	both	none
59.6967	1	Stimulus/S  1	1	596967	596975	7	3	70	pips_40_500-8000.hdf5	both	none
60.7634	1	Stimulus/S  1	1	607634	607642	7	4	50	pips_40_500-8000.hdf5	both	none
61.8194	1	Stimulus/S  1	1	618194	618202	7	5	30	pips_40_500-8000.hdf5	both	none
62.8754	1	Stimulus/S  1	1	628754	628762	8	0	20	pips_40_500-8000.hdf5	both	none
63.9314	1	Stimulus/S  1	1	639314	639322	8	1	40	pips_40_500-8000.hdf5	both	none
64.9981	1	Stimulus/S  1	1	649981	649989	8	2	60	pips_40_500-8000.hdf5	both	none
66.0648	1	Stimulus/S  1	1	660648	660656	8	3	70	pips_40_500-8000.hdf5	both	none
67.1101	1	Stimulus/S  1	1	671101	671109	8	4	50	pips_40_500-8000.hdf5	both	none
68.1768	1	Stimulus/S  1	1	681768	681776	8	5	30	pips_40_500-8000.hdf5	both	none
69.2435	1	Stimulus/S  1	1	692435	692443	9	0	20	pips_40_500-8000.hdf5	both	none
70.2995	1	Stimulus/S  1	1	702995	703003	9	1	40	pips_40_500-8000.hdf5	both	none
71.3662	1	Stimulus/S  1	1	713662	713670	9	2	60	pips_40_500-8000.hdf5	both	none
72.4115	1	Stimulus/S  1	1	724115	724123	9	3	70	pips_40_500-8000.hdf5	both	none
73.4675	1	Stimulus/S  1	1	734675	734683	9	4	50	pips_40_500-8000.hdf5	both	none
74.5342	1	Stimulus/S  1	1	745342	745350	9	5	30	pips_40_500-8000.hdf5	both	none
75.5795	1	Stimulus/S  1	1	755795	755803	10	0	20	pips_40_500-8000.hdf5	both	none
76.6462	1	Stimulus/S  1	1	766462	766470	10	1	40	pips_40_500-8000.hdf5	both	none
77.6916	1	Stimulus/S  1	1	776916	776924	10	2	60	pips_40_500-8000.hdf5	both	none
78.7476	1	Stimulus/S  1	1	787476	787484	10	3	70	pips_40_500-8000.hdf5	both	none
79.8142	1	Stimulus/S  1	1	798142	798150	10	4	50	pips_40_500-8000.hdf5	both	none
80.8596	1	Stimulus/S  1	1	808596	808604	10	5	30	pips_40_500-8000.hdf5	both	none
81.9263	1	Stimulus/S  1	1	819263	819271	11	0	20	pips_40_500-8000.hdf5	both	none
82.9823	1	Stimulus/S  1	1	829823	829831	11	1	40	pips_40_500-8000.hdf5	both	none
84.0276	1	Stimulus/S  1	1	840276	840284	11	2	60	pips_40_500-8000.hdf5	both	none
85.0943	1	Stimulus/S  1	1	850943	850951	11	3	70	pips_40_500-8000.hdf5	both	none
86.161	1	Stimulus/S  1	1	861610	861618	11	4	50	pips_40_500-8000.hdf5	both	none
87.217	1	Stimulus/S  1	1	872170	872178	11	5	30	pips_40_500-8000.hdf5	both	none
88.2623	1	Stimulus/S  1	1	882623	882631	12	0	20	pips_40_500-8000.hdf5	both	none
89.3183	1	Stimulus/S  1	1	893183	893191	12	1	40	pips_40_500-8000.hdf5	both	none
90.3637	1	Stimulus/S  1	1	903637	903645	12	2	60	pips_40_500-8000.hdf5	both	none
91.409	1	Stimulus/S  1	1	914090	914098	12	3	70	pips_40_500-8000.hdf5	both	none
92.465	1	Stimulus/S  1	1	924650	924658	12	4	50	pips_40_500-8000.hdf5	both	none
93.5317	1	Stimulus/S  1	1	935317	935325	12	5	30	pips_40_500-8000.hdf5	both	none
94.5771	1	Stimulus/S  1	1	945771	945779	13	0	20	pips_40_500-8000.hdf5	both	none
95.6437	1	Stimulus/S  1	1	956437	956445	13	1	40	pips_40_500-8000.hdf5	both	none
96.6997	1	Stimulus/S  1	1	966997	967005	13	2	60	pips_40_500-8000.hdf5	both	none
97.7451	1	Stimulus/S  1	1	977451	977459	13	3	70	pips_40_500-8000.hdf5	both	none
98.8118	1	Stimulus/S  1	1	988118	988126	13	4	50	pips_40_500-8000.hdf5	both	none
99.8678	1	Stimulus/S  1	1	998678	998686	13	5	30	pips_40_500-8000.hdf5	both	none
100.9345	1	Stimulus/S  1	1	1009345	1009353	14	0	20	pips_40_500-8000.hdf5	both	none
101.9798	1	Stimulus/S  1	1	1019798	1019806	14	1	40	pips_40_500-8000.hdf5	both	none
103.0358	1	Stimulus/S  1	1	1030358	1030366	14	2	60	pips_40_500-8000.hdf5	both	none
104.1025	1	Stimulus/S  1	1	1041025	1041033	14	3	70	pips_40_500-8000.hdf5	both	none
105.1478	1	Stimulus/S  1	1	1051478	1051486	14	4	50	pips_40_500-8000.hdf5	both	none
106.1932	1	Stimulus/S  1	1	1061932	1061940	14	5	30	pips_40_500-8000.hdf5	both	none
107.2599	1	Stimulus/S  1	1	1072599	1072607	15	0	20	pips_40_500-8000.hdf5	both	none
108.3159	1	Stimulus/S  1	1	1083159	1083167	15	1	40	pips_40_500-8000.hdf5	both	none
109.3612	1	Stimulus/S  1	1	1093612	1093620	15	2	60	pips_40_500-8000.hdf5	both	none
110.4279	1	Stimulus/S  1	1	1104279	1104287	15	3	70	pips_40_500-8000.hdf5	both	none
111.4946	1	Stimulus/S  1	1	1114946	1114954	15	4	50	pips_40_500-8000.hdf5	both	none
112.5506	1	Stimulus/S  1	1	1125506	1125514	15	5	30	pips_40_500-8000.hdf5	both	none
113.5959	1	Stimulus/S  1	1	1135959	1135967	16	0	20	pips_40_500-8000.hdf5	both	none
114.6519	1	Stimulus/S  1	1	1146519	1146527	16	1	40	pips_40_500-8000.hdf5	both	none
115.6973	1	Stimulus/S  1	1	1156973	1156981	16	2	60	pips_40_500-8000.hdf5	both	none
116.764	1	Stimulus/S  1	1	1167640	1167648	16	3	70	pips_40_500-8000.hdf5	both	none
117.8093	1	Stimulus/S  1	1	1178093	1178101	16	4	50	pips_40_500-8000.hdf5	both	none
118.8653	1	Stimulus/S  1	1	1188653	1188661	16	5	30	pips_40_500-8000.hdf5	both	none
119.932	1	Stimulus/S  1	1	1199320	1199328	17	0	20	pips_40_500-8000.hdf5	both	none
120.9773	1	Stimulus/S  1	1	1209773	1209781	17	1	40	pips_40_500-8000.hdf5	both	none
122.044	1	Stimulus/S  1	1	1220440	1220448	17	2	60	pips_40_500-8000.hdf5	both	none
123.1	1	Stimulus/S  1	1	1231000	1231008	17	3	70	pips_40_500-8000.hdf5	both	none
124.1454	1	Stimulus/S  1	1	1241454	1241462	17	4	50	pips_40_500-8000.hdf5	both	none
125.2014	1	Stimulus/S  1	1	1252014	1252022	17	5	30	pips_40_500-8000.hdf5	both	none
126.2467	1	Stimulus/S  1	1	1262467	1262475	18	0	20	pips_40_500-8000.hdf5	both	none
127.3134	1	Stimulus/S  1	1	1273134	1273142	18	1	40	pips_40_500-8000.hdf5	both	none
128.3694	1	Stimulus/S  1	1	1283694	1283702	18	2	60	pips_40_500-8000.hdf5	both	none
129.4361	1	Stimulus/S  1	1	1294361	1294369	18	3	70	pips_40_500-8000.hdf5	both	none
130.4814	1	Stimulus/S  1	1	1304814	1304822	18	4	50	pips_40_500-8000.hdf5	both	none
131.5268	1	Stimulus/S  1	1	1315268	1315276	18	5	30	pips_40_500-8000.hdf5	both	none
132.5934	1	Stimulus/S  1	1	1325934	1325942	19	0	20	pips_40_500-8000.hdf5	both	none
133.6495	1	Stimulus/S  1	1	1336495	1336503	19	1	40	pips_40_500-8000.hdf5	both	none
134.6948	1	Stimulus/S  1	1	1346948	1346956	19	2	60	pips_40_500-8000.hdf5	both	none
135.7615	1	Stimulus/S  1	1	1357615	1357623	19	3	70	pips_40_500-8000.hdf5	both	none
136.8175	1	Stimulus/S  1	1	1368175	1368183	19	4	50	pips_40_500-8000.hdf5	both	none
137.8842	1	Stimulus/S  1	1	1378842	1378850	19	5	30	pips_40_500-8000.hdf5	both	none
138.9295	1	Stimulus/S  1	1	1389295	1389303	20	0	20	pips_40_500-8000.hdf5	both	none
139.9962	1	Stimulus/S  1	1	1399962	1399970	20	1	40	pips_40_500-8000.hdf5	both	none
141.0522	1	Stimulus/S  1	1	1410522	1410530	20	2	60	pips_40_500-8000.hdf5	both	none
142.1189	1	Stimulus/S  1	1	1421189	1421197	20	3	70	pips_40_500-8000.hdf5	both	none
143.1642	1	Stimulus/S  1	1	1431642	1431650	20	4	50	pips_40_500-8000.hdf5	both	none
144.2096	1	Stimulus/S  1	1	1442096	1442104	20	5	30	pips_40_500-8000.hdf5	both	none
145.2869	1	Stimulus/S  1	1	1452869	1452877	21	0	20	pips_40_500-8000.hdf5	both	none
146.3429	1	Stimulus/S  1	1	1463429	1463437	21	1	40	pips_40_500-8000.hdf5	both	none
147.3989	1	Stimulus/S  1	1	1473989	1473997	21	2	60	pips_40_500-8000.hdf5	both	none
148.4656	1	Stimulus/S  1	1	1484656	1484664	21	3	70	pips_40_500-8000.hdf5	both	none
149.511	1	Stimulus/S  1	1	1495110	1495118	21	4	50	pips_40_500-8000.hdf5	both	none
150.567	1	Stimulus/S  1	1	1505670	1505678	21	5	30	pips_40_500-8000.hdf5	both	none
151.6336	1	Stimulus/S  1	1	1516336	1516344	22	0	20	pips_40_500-8000.hdf5	both	none
152.679	1	Stimulus/S  1	1	1526790	1526798	22	1	40	pips_40_500-8000.hdf5	both	none
153.7457	1	Stimulus/S  1	1	1537457	1537465	22	2	60	pips_40_500-8000.hdf5	both	none
154.8017	1	Stimulus/S  1	1	1548017	1548025	22	3	70	pips_40_500-8000.hdf5	both	none
155.847	1	Stimulus/S  1	1	1558470	1558478	22	4	50	pips_40_500-8000.hdf5	both	none
156.9137	1	Stimulus/S  1	1	1569137	1569145	22	5	30	pips_40_500-8000.hdf5	both	none
157.9697	1	Stimulus/S  1	1	1579697	1579705	23	0	20	pips_40_500-8000.hdf5	both	none
159.0151	1	Stimulus/S  1	1	1590151	1590159	23	1	40	pips_40_500-8000.hdf5	both	none
160.0817	1	Stimulus/S  1	1	1600817	1600825	23	2	60	pips_40_500-8000.hdf5	both	none
161.1377	1	Stimulus/S  1	1	1611377	1611385	23	3	70	pips_40_500-8000.hdf5	both	none
162.1831	1	Stimulus/S  1	1	1621831	1621839	23	4	50	pips_40_500-8000.hdf5	both	none
163.2498	1	Stimulus/S  1	1	1632498	1632506	23	5	30	pips_40_500-8000.hdf5	both	none
164.2951	1	Stimulus/S  1	1	1642951	1642959	24	0	20	pips_40_500-8000.hdf5	both	none
165.3618	1	Stimulus/S  1	1	1653618	1653626	24	1	40	pips_40_500-8000.hdf5	both	none
166.4285	1	Stimulus/S  1	1	1664285	1664293	24	2	60	pips_40_500-8000.hdf5	both	none
167.4845	1	Stimulus/S  1	1	1674845	1674853	24	3	70	pips_40_500-8000.hdf5	both	none
168.5511	1	Stimulus/S  1	1	1685511	1685519	24	4	50	pips_40_500-8000.hdf5	both	none
169.5965	1	Stimulus/S  1	1	1695965	1695973	24	5	30	pips_40_500-8000.hdf5	both	none
170.6525	1	Stimulus/S  1	1	1706525	1706533	25	0	20	pips_40_500-8000.hdf5	both	none
171.7192	1	Stimulus/S  1	1	1717192	1717200	25	1	40	pips_40_500-8000.hdf5	both	none
172.7645	1	Stimulus/S  1	1	1727645	1727653	25	2	60	pips_40_500-8000.hdf5	both	none
173.8312	1	Stimulus/S  1	1	1738312	1738320	25	3	70	pips_40_500-8000.hdf5	both	none
174.8979	1	Stimulus/S  1	1	1748979	1748987	25	4	50	pips_40_500-8000.hdf5	both	none
175.9432	1	Stimulus/S  1	1	1759432	1759440	25	5	30	pips_40_500-8000.hdf5	both	none
177.0206	1	Stimulus/S  1	1	1770206	1770214	26	0	20	pips_40_500-8000.hdf5	both	none
178.0659	1	Stimulus/S  1	1	1780659	1780667	26	1	40	pips_40_500-8000.hdf5	both	none
179.1326	1	Stimulus/S  1	1	1791326	1791334	26	2	60	pips_40_500-8000.hdf5	both	none
180.1779	1	Stimulus/S  1	1	1801779	1801787	26	3	70	pips_40_500-8000.hdf5	both	none
181.2446	1	Stimulus/S  1	1	1812446	1812454	26	4	50	pips_40_500-8000.hdf5	both	none
182.3113	1	Stimulus/S  1	1	1823113	1823121	26	5	30	pips_40_500-8000.hdf5	both	none
183.3673	1	Stimulus/S  1	1	1833673	1833681	27	0	20	pips_40_500-8000.hdf5	both	none
184.434	1	Stimulus/S  1	1	1844340	1844348	27	1	40	pips_40_500-8000.hdf5	both	none
185.5007	1	Stimulus/S  1	1	1855007	1855015	27	2	60	pips_40_500-8000.hdf5	both	none
186.546	1	Stimulus/S  1	1	1865460	1865468	27	3	70	pips_40_500-8000.hdf5	both	none
187.602	1	Stimulus/S  1	1	1876020	1876028	27	4	50	pips_40_500-8000.hdf5	both	none
188.6687	1	Stimulus/S  1	1	1886687	1886695	27	5	30	pips_40_500-8000.hdf5	both	none
189.714	1	Stimulus/S  1	1	1897140	1897148	28	0	20	pips_40_500-8000.hdf5	both	none
190.7807	1	Stimulus/S  1	1	1907807	1907815	28	1	40	pips_40_500-8000.hdf5	both	none
191.8367	1	Stimulus/S  1	1	1918367	1918375	28	2	60	pips_40_500-8000.hdf5	both	none
192.8821	1	Stimulus/S  1	1	1928821	1928829	28	3	70	pips_40_500-8000.hdf5	both	none
193.9487	1	Stimulus/S  1	1	1939487	1939495	28	4	50	pips_40_500-8000.hdf5	both	none
195.0154	1	Stimulus/S  1	1	1950154	1950162	28	5	30	pips_40_500-8000.hdf5	both	none
196.0714	1	Stimulus/S  1	1	1960714	1960722	29	0	20	pips_40_500-8000.hdf5	both	none
197.1168	1	Stimulus/S  1	1	1971168	1971176	29	1	40	pips_40_500-8000.hdf5	both	none
198.1835	1	Stimulus/S  1	1	1981835	1981843	29	2	60	pips_40_500-8000.hdf5	both	none
199.2288	1	Stimulus/S  1	1	1992288	1992296	29	3	70	pips_40_500-8000.hdf5	both	none
200.2955	1	Stimulus/S  1	1	2002955	2002963	29	4	50	pips_40_500-8000.hdf5	both	none
201.3515	1	Stimulus/S  1	1	2013515	2013523	29	5	30	pips_40_500-8000.hdf5	both	none
202.3968	1	Stimulus/S  1	1	2023968	2023976	30	0	20	pips_40_500-8000.hdf5	both	none
203.4635	1	Stimulus/S  1	1	2034635	2034643	30	1	40	pips_40_500-8000.hdf5	both	none
204.5195	1	Stimulus/S  1	1	2045195	2045203	30	2	60	pips_40_500-8000.hdf5	both	none
205.5649	1	Stimulus/S  1	1	2055649	2055657	30	3	70	pips_40_500-8000.hdf5	both	none
206.6315	1	Stimulus/S  1	1	2066315	2066323	30	4	50	pips_40_500-8000.hdf5	both	none
207.6875	1	Stimulus/S  1	1	2076875	2076883	30	5	30	pips_40_500-8000.hdf5	both	none
208.7329	1	Stimulus/S  1	1	2087329	2087337	31	0	20	pips_40_500-8000.hdf5	both	none
209.7782	1	Stimulus/S  1	1	2097782	2097790	31	1	40	pips_40_500-8000.hdf5	both	none
210.8342	1	Stimulus/S  1	1	2108342	2108350	31	2	60	pips_40_500-8000.hdf5	both	none
211.8796	1	Stimulus/S  1	1	2118796	2118804	31	3	70	pips_40_500-8000.hdf5	both	none
212.9463	1	Stimulus/S  1	1	2129463	2129471	31	4	50	pips_40_500-8000.hdf5	both	none
214.0129	1	Stimulus/S  1	1	2140129	2140137	31	5	30	pips_40_500-8000.hdf5	both	none
215.0796	1	Stimulus/S  1	1	2150796	2150804	32	0	20	pips_40_500-8000.hdf5	both	none
216.1356	1	Stimulus/S  1	1	2161356	2161364	32	1	40	pips_40_500-8000.hdf5	both	none
217.181	1	Stimulus/S  1	1	2171810	2171818	32	2	60	pips_40_500-8000.hdf5	both	none
218.237	1	Stimulus/S  1	1	2182370	2182378	32	3	70	pips_40_500-8000.hdf5	both	none
219.2823	1	Stimulus/S  1	1	2192823	2192831	32	4	50	pips_40_500-8000.hdf5	both	none
220.349	1	Stimulus/S  1	1	2203490	2203498	32	5	30	pips_40_500-8000.hdf5	both	none
221.3944	1	Stimulus/S  1	1	2213944	2213952	33	0	20	pips_40_500-8000.hdf5	both	none
222.4504	1	Stimulus/S  1	1	2224504	2224512	33	1	40	pips_40_500-8000.hdf5	both	none
223.517	1	Stimulus/S  1	1	2235170	2235178	33	2	60	pips_40_500-8000.hdf5	both	none
224.5624	1	Stimulus/S  1	1	2245624	2245632	33	3	70	pips_40_500-8000.hdf5	both	none
225.6184	1	Stimulus/S  1	1	2256184	2256192	33	4	50	pips_40_500-8000.hdf5	both	none
226.6851	1	Stimulus/S  1	1	2266851	2266859	33	5	30	pips_40_500-8000.hdf5	both	none
227.7304	1	Stimulus/S  1	1	2277304	2277312	34	0	20	pips_40_500-8000.hdf5	both	none
228.7864	1	Stimulus/S  1	1	2287864	2287872	34	1	40	pips_40_500-8000.hdf5	both	none
229.8531	1	Stimulus/S  1	1	2298531	2298539	34	2	60	pips_40_500-8000.hdf5	both	none
230.9198	1	Stimulus/S  1	1	2309198	2309206	34	3	70	pips_40_500-8000.hdf5	both	none
231.9651	1	Stimulus/S  1	1	2319651	2319659	34	4	50	pips_40_500-8000.hdf5	both	none
233.0211	1	Stimulus/S  1	1	2330211	2330219	34	5	30	pips_40_500-8000.hdf5	both	none
234.0665	1	Stimulus/S  1	1	2340665	2340673	35	0	20	pips_40_500-8000.hdf5	both	none
235.1118	1	Stimulus/S  1	1	2351118	2351126	35	1	40	pips_40_500-8000.hdf5	both	none
236.1785	1	Stimulus/S  1	1	2361785	2361793	35	2	60	pips_40_500-8000.hdf5	both	none
237.2452	1	Stimulus/S  1	1	2372452	2372460	35	3	70	pips_40_500-8000.hdf5	both	none
238.3119	1	Stimulus/S  1	1	2383119	2383127	35	4	50	pips_40_500-8000.hdf5	both	none
239.3679	1	Stimulus/S  1	1	2393679	2393687	35	5	30	pips_40_500-8000.hdf5	both	none
240.4345	1	Stimulus/S  1	1	2404345	2404353	36	0	20	pips_40_500-8000.hdf5	both	none
241.5012	1	Stimulus/S  1	1	2415012	2415020	36	1	40	pips_40_500-8000.hdf5	both	none
242.5466	1	Stimulus/S  1	1	2425466	2425474	36	2	60	pips_40_500-8000.hdf5	both	none
243.6132	1	Stimulus/S  1	1	2436132	2436140	36	3	70	pips_40_500-8000.hdf5	both	none
244.6693	1	Stimulus/S  1	1	2446693	2446701	36	4	50	pips_40_500-8000.hdf5	both	none
245.7359	1	Stimulus/S  1	1	2457359	2457367	36	5	30	pips_40_500-8000.hdf5	both	none
246.8026	1	Stimulus/S  1	1	2468026	2468034	37	0	20	pips_40_500-8000.hdf5	both	none
247.848	1	Stimulus/S  1	1	2478480	2478488	37	1	40	pips_40_500-8000.hdf5	both	none
248.904	1	Stimulus/S  1	1	2489040	2489048	37	2	60	pips_40_500-8000.hdf5	both	none
249.9493	1	Stimulus/S  1	1	2499493	2499501	37	3	70	pips_40_500-8000.hdf5	both	none
251.016	1	Stimulus/S  1	1	2510160	2510168	37	4	50	pips_40_500-8000.hdf5	both	none
252.0613	1	Stimulus/S  1	1	2520613	2520621	37	5	30	pips_40_500-8000.hdf5	both	none
253.1387	1	Stimulus/S  1	1	2531387	2531395	38	0	20	pips_40_500-8000.hdf5	both	none
254.184	1	Stimulus/S  1	1	2541840	2541848	38	1	40	pips_40_500-8000.hdf5	both	none
255.2294	1	Stimulus/S  1	1	2552294	2552302	38	2	60	pips_40_500-8000.hdf5	both	none
256.2854	1	Stimulus/S  1	1	2562854	2562862	38	3	70	pips_40_500-8000.hdf5	both	none
257.3307	1	Stimulus/S  1	1	2573307	2573315	38	4	50	pips_40_500-8000.hdf5	both	none
258.3974	1	Stimulus/S  1	1	2583974	2583982	38	5	30	pips_40_500-8000.hdf5	both	none
259.4534	1	Stimulus/S  1	1	2594534	2594542	39	0	20	pips_40_500-8000.hdf5	both	none
260.4988	1	Stimulus/S  1	1	2604988	2604996	39	1	40	pips_40_500-8000.hdf5	both	none
261.5548	1	Stimulus/S  1	1	2615548	2615556	39	2	60	pips_40_500-8000.hdf5	both	none
262.6001	1	Stimulus/S  1	1	2626001	2626009	39	3	70	pips_40_500-8000.hdf5	both	none
263.6668	1	Stimulus/S  1	1	2636668	2636676	39	4	50	pips_40_500-8000.hdf5	both	none
264.7121	1	Stimulus/S  1	1	2647121	2647129	39	5	30	pips_40_500-8000.hdf5	both	none
265.7681	1	Stimulus/S  1	1	2657681	2657689	40	0	20	pips_40_500-8000.hdf5	both	none
266.8348	1	Stimulus/S  1	1	2668348	2668356	40	1	40	pips_40_500-8000.hdf5	both	none
267.9015	1	Stimulus/S  1	1	2679015	2679023	40	2	60	pips_40_500-8000.hdf5	both	none
268.9468	1	Stimulus/S  1	1	2689468	2689476	40	3	70	pips_40_500-8000.hdf5	both	none
270.0029	1	Stimulus/S  1	1	2700029	2700037	40	4	50	pips_40_500-8000.hdf5	both	none
271.0482	1	Stimulus/S  1	1	2710482	2710490	40	5	30	pips_40_500-8000.hdf5	both	none
272.1042	1	Stimulus/S  1	1	2721042	2721050	41	0	20	pips_40_500-8000.hdf5	both	none
273.1709	1	Stimulus/S  1	1	2731709	2731717	41	1	40	pips_40_500-8000.hdf5	both	none
274.2162	1	Stimulus/S  1	1	2742162	2742170	41	2	60	pips_40_500-8000.hdf5	both	none
275.2722	1	Stimulus/S  1	1	2752722	2752730	41	3	70	pips_40_500-8000.hdf5	both	none
276.3176	1	Stimulus/S  1	1	2763176	2763184	41	4	50	pips_40_500-8000.hdf5	both	none
277.3843	1	Stimulus/S  1	1	2773843	2773851	41	5	30	pips_40_500-8000.hdf5	both	none
278.4296	1	Stimulus/S  1	1	2784296	2784304	42	0	20	pips_40_500-8000.hdf5	both	none
279.4856	1	Stimulus/S  1	1	2794856	2794864	42	1	40	pips_40_500-8000.hdf5	both	none
280.5523	1	Stimulus/S  1	1	2805523	2805531	42	2	60	pips_40_500-8000.hdf5	both	none
281.619	1	Stimulus/S  1	1	2816190	2816198	42	3	70	pips_40_500-8000.hdf5	both	none
282.6856	1	Stimulus/S  1	1	2826856	2826864	42	4	50	pips_40_500-8000.hdf5	both	none
283.731	1	Stimulus/S  1	1	2837310	2837318	42	5	30	pips_40_500-8000.hdf5	both	none
284.7977	1	Stimulus/S  1	1	2847977	2847985	43	0	20	pips_40_500-8000.hdf5	both	none
285.8643	1	Stimulus/S  1	1	2858643	2858651	43	1	40	pips_40_500-8000.hdf5	both	none
286.9204	1	Stimulus/S  1	1	2869204	2869212	43	2	60	pips_40_500-8000.hdf5	both	none
287.9657	1	Stimulus/S  1	1	2879657	2879665	43	3	70	pips_40_500-8000.hdf5	both	none
289.0217	1	Stimulus/S  1	1	2890217	2890225	43	4	50	pips_40_500-8000.hdf5	both	none
290.0884	1	Stimulus/S  1	1	2900884	2900892	43	5	30	pips_40_500-8000.hdf5	both	none
291.1337	1	Stimulus/S  1	1	2911337	2911345	44	0	20	pips_40_500-8000.hdf5	both	none
292.1791	1	Stimulus/S  1	1	2921791	2921799	44	1	40	pips_40_500-8000.hdf5	both	none
293.2351	1	Stimulus/S  1	1	2932351	2932359	44	2	60	pips_40_500-8000.hdf5	both	none
294.3018	1	Stimulus/S  1	1	2943018	2943026	44	3	70	pips_40_500-8000.hdf5	both	none
295.3684	1	Stimulus/S  1	1	2953684	2953692	44	4	50	pips_40_500-8000.hdf5	both	none
296.4351	1	Stimulus/S  1	1	2964351	2964359	44	5	30	pips_40_500-8000.hdf5	both	none
297.5018	1	Stimulus/S  1	1	2975018	2975026	45	0	20	pips_40_500-8000.hdf5	both	none
298.5471	1	Stimulus/S  1	1	2985471	2985479	45	1	40	pips_40_500-8000.hdf5	both	none
299.6032	1	Stimulus/S  1	1	2996032	2996040	45	2	60	pips_40_500-8000.hdf5	both	none
300.6698	1	Stimulus/S  1	1	3006698	3006706	45	3	70	pips_40_500-8000.hdf5	both	none
301.7152	1	Stimulus/S  1	1	3017152	3017160	45	4	50	pips_40_500-8000.hdf5	both	none
302.7819	1	Stimulus/S  1	1	3027819	3027827	45	5	30	pips_40_500-8000.hdf5	both	none
303.8379	1	Stimulus/S  1	1	3038379	3038387	46	0	20	pips_40_500-8000.hdf5	both	none
304.9045	1	Stimulus/S  1	1	3049045	3049053	46	1	40	pips_40_500-8000.hdf5	both	none
305.9499	1	Stimulus/S  1	1	3059499	3059507	46	2	60	pips_40_500-8000.hdf5	both	none
307.0059	1	Stimulus/S  1	1	3070059	3070067	46	3	70	pips_40_500-8000.hdf5	both	none
308.0512	1	Stimulus/S  1	1	3080512	3080520	46	4	50	pips_40_500-8000.hdf5	both	none
309.1179	1	Stimulus/S  1	1	3091179	3091187	46	5	30	pips_40_500-8000.hdf5	both	none
310.1633	1	Stimulus/S  1	1	3101633	3101641	47	0	20	pips_40_500-8000.hdf5	both	none
311.2193	1	Stimulus/S  1	1	3112193	3112201	47	1	40	pips_40_500-8000.hdf5	both	none
312.2859	1	Stimulus/S  1	1	3122859	3122867	47	2	60	pips_40_500-8000.hdf5	both	none
313.3313	1	Stimulus/S  1	1	3133313	3133321	47	3	70	pips_40_500-8000.hdf5	both	none
314.3873	1	Stimulus/S  1	1	3143873	3143881	47	4	50	pips_40_500-8000.hdf5	both	none
315.454	1	Stimulus/S  1	1	3154540	3154548	47	5	30	pips_40_500-8000.hdf5	both	none
316.4993	1	Stimulus/S  1	1	3164993	3165001	48	0	20	pips_40_500-8000.hdf5	both	none
317.5553	1	Stimulus/S  1	1	3175553	3175561	48	1	40	pips_40_500-8000.hdf5	both	none
318.622	1	Stimulus/S  1	1	3186220	3186228	48	2	60	pips_40_500-8000.hdf5	both	none
319.6674	1	Stimulus/S  1	1	3196674	3196682	48	3	70	pips_40_500-8000.hdf5	both	none
320.7127	1	Stimulus/S  1	1	3207127	3207135	48	4	50	pips_40_500-8000.hdf5	both	none
321.7794	1	Stimulus/S  1	1	3217794	3217802	48	5	30	pips_40_500-8000.hdf5	both	none
322.8354	1	Stimulus/S  1	1	3228354	3228362	49	0	20	pips_40_500-8000.hdf5	both	none
323.8807	1	Stimulus/S  1	1	3238807	3238815	49	1	40	pips_40_500-8000.hdf5	both	none
324.9367	1	Stimulus/S  1	1	3249367	3249375	49	2	60	pips_40_500-8000.hdf5	both	none
325.9821	1	Stimulus/S  1	1	3259821	3259829	49	3	70	pips_40_500-8000.hdf5	both	none
327.0381	1	Stimulus/S  1	1	3270381	3270389	49	4	50	pips_40_500-8000.hdf5	both	none
328.1048	1	Stimulus/S  1	1	3281048	3281056	49	5	30	pips_40_500-8000.hdf5	both	none
329.1715	1	Stimulus/S  1	1	3291715	3291723	50	0	20	pips_40_500-8000.hdf5	both	none
330.2168	1	Stimulus/S  1	1	3302168	3302176	50	1	40	pips_40_500-8000.hdf5	both	none
331.2728	1	Stimulus/S  1	1	3312728	3312736	50	2	60	pips_40_500-8000.hdf5	both	none
332.3182	1	Stimulus/S  1	1	3323182	3323190	50	3	70	pips_40_500-8000.hdf5	both	none
333.3848	1	Stimulus/S  1	1	3333848	3333856	50	4	50	pips_40_500-8000.hdf5	both	none
334.4515	1	Stimulus/S  1	1	3344515	3344523	50	5	30	pips_40_500-8000.hdf5	both	none
335.5182	1	Stimulus/S  1	1	3355182	3355190	51	0	20	pips_40_500-8000.hdf5	both	none
336.5849	1	Stimulus/S  1	1	3365849	3365857	51	1	40	pips_40_500-8000.hdf5	both	none
337.6302	1	Stimulus/S  1	1	3376302	3376310	51	2	60	pips_40_500-8000.hdf5	both	none
338.6969	1	Stimulus/S  1	1	3386969	3386977	51	3	70	pips_40_500-8000.hdf5	both	none
339.7636	1	Stimulus/S  1	1	3397636	3397644	51	4	50	pips_40_500-8000.hdf5	both	none
340.8302	1	Stimulus/S  1	1	3408302	3408310	51	5	30	pips_40_500-8000.hdf5	both	none
341.8969	1	Stimulus/S  1	1	3418969	3418977	52	0	20	pips_40_500-8000.hdf5	both	none
342.9529	1	Stimulus/S  1	1	3429529	3429537	52	1	40	pips_40_500-8000.hdf5	both	none
343.9983	1	Stimulus/S  1	1	3439983	3439991	52	2	60	pips_40_500-8000.hdf5	both	none
345.0649	1	Stimulus/S  1	1	3450649	3450657	52	3	70	pips_40_500-8000.hdf5	both	none
346.1316	1	Stimulus/S  1	1	3461316	3461324	52	4	50	pips_40_500-8000.hdf5	both	none
347.1876	1	Stimulus/S  1	1	3471876	3471884	52	5	30	pips_40_500-8000.hdf5	both	none
348.2543	1	Stimulus/S  1	1	3482543	3482551	53	0	20	pips_40_500-8000.hdf5	both	none
349.321	1	Stimulus/S  1	1	3493210	3493218	53	1	40	pips_40_500-8000.hdf5	both	none
350.3877	1	Stimulus/S  1	1	3503877	3503885	53	2	60	pips_40_500-8000.hdf5	both	none
351.4543	1	Stimulus/S  1	1	3514543	3514551	53	3	70	pips_40_500-8000.hdf5	both	none
352.521	1	Stimulus/S  1	1	3525210	3525218	53	4	50	pips_40_500-8000.hdf5	both	none
353.5664	1	Stimulus/S  1	1	3535664	3535672	53	5	30	pips_40_500-8000.hdf5	both	none
354.6224	1	Stimulus/S  1	1	3546224	3546232	54	0	20	pips_40_500-8000.hdf5	both	none
355.6891	1	Stimulus/S  1	1	3556891	3556899	54	1	40	pips_40_500-8000.hdf5	both	none
356.7557	1	Stimulus/S  1	1	3567557	3567565	54	2	60	pips_40_500-8000.hdf5	both	none
357.8011	1	Stimulus/S  1	1	3578011	3578019	54	3	70	pips_40_500-8000.hdf5	both	none
358.8464	1	Stimulus/S  1	1	3588464	3588472	54	4	50	pips_40_500-8000.hdf5	both	none
359.9024	1	Stimulus/S  1	1	3599024	3599032	54	5	30	pips_40_500-8000.hdf5	both	none
360.9691	1	Stimulus/S  1	1	3609691	3609699	55	0	20	pips_40_500-8000.hdf5	both	none
362.0358	1	Stimulus/S  1	1	3620358	3620366	55	1	40	pips_40_500-8000.hdf5	both	none
363.1025	1	Stimulus/S  1	1	3631025	3631033	55	2	60	pips_40_500-8000.hdf5	both	none
364.1691	1	Stimulus/S  1	1	3641691	3641699	55	3	70	pips_40_500-8000.hdf5	both	none
365.2145	1	Stimulus/S  1	1	3652145	3652153	55	4	50	pips_40_500-8000.hdf5	both	none
366.2705	1	Stimulus/S  1	1	3662705	3662713	55	5	30	pips_40_500-8000.hdf5	both	none
367.3372	1	Stimulus/S  1	1	3673372	3673380	56	0	20	pips_40_500-8000.hdf5	both	none
368.4039	1	Stimulus/S  1	1	3684039	3684047	56	1	40	pips_40_500-8000.hdf5	both	none
369.4705	1	Stimulus/S  1	1	3694705	3694713	56	2	60	pips_40_500-8000.hdf5	both	none
370.5372	1	Stimulus/S  1	1	3705372	3705380	56	3	70	pips_40_500-8000.hdf5	both	none
371.5826	1	Stimulus/S  1	1	3715826	3715834	56	4	50	pips_40_500-8000.hdf5	both	none
372.6386	1	Stimulus/S  1	1	3726386	3726394	56	5	30	pips_40_500-8000.hdf5	both	none
373.6839	1	Stimulus/S  1	1	3736839	3736847	57	0	20	pips_40_500-8000.hdf5	both	none
374.7506	1	Stimulus/S  1	1	3747506	3747514	57	1	40	pips_40_500-8000.hdf5	both	none
375.8066	1	Stimulus/S  1	1	3758066	3758074	57	2	60	pips_40_500-8000.hdf5	both	none
376.8519	1	Stimulus/S  1	1	3768519	3768527	57	3	70	pips_40_500-8000.hdf5	both	none
377.9186	1	Stimulus/S  1	1	3779186	3779194	57	4	50	pips_40_500-8000.hdf5	both	none
378.964	1	Stimulus/S  1	1	3789640	3789648	57	5	30	pips_40_500-8000.hdf5	both	none
380.02	1	Stimulus/S  1	1	3800200	3800208	58	0	20	pips_40_500-8000.hdf5	both	none
381.0653	1	Stimulus/S  1	1	3810653	3810661	58	1	40	pips_40_500-8000.hdf5	both	none
382.132	1	Stimulus/S  1	1	3821320	3821328	58	2	60	pips_40_500-8000.hdf5	both	none
383.188	1	Stimulus/S  1	1	3831880	3831888	58	3	70	pips_40_500-8000.hdf5	both	none
384.2333	1	Stimulus/S  1	1	3842333	3842341	58	4	50	pips_40_500-8000.hdf5	both	none
385.3	1	Stimulus/S  1	1	3853000	3853008	58	5	30	pips_40_500-8000.hdf5	both	none
386.356	1	Stimulus/S  1	1	3863560	3863568	59	0	20	pips_40_500-8000.hdf5	both	none
387.4227	1	Stimulus/S  1	1	3874227	3874235	59	1	40	pips_40_500-8000.hdf5	both	none
388.4894	1	Stimulus/S  1	1	3884894	3884902	59	2	60	pips_40_500-8000.hdf5	both	none
389.5347	1	Stimulus/S  1	1	3895347	3895355	59	3	70	pips_40_500-8000.hdf5	both	none
390.5801	1	Stimulus/S  1	1	3905801	3905809	59	4	50	pips_40_500-8000.hdf5	both	none
391.6574	1	Stimulus/S  1	1	3916574	3916582	59	5	30	pips_40_500-8000.hdf5	both	none
392.7028	1	Stimulus/S  1	1	3927028	3927036	60	0	20	pips_40_500-8000.hdf5	both	none
393.7481	1	Stimulus/S  1	1	3937481	3937489	60	1	40	pips_40_500-8000.hdf5	both	none
394.8148	1	Stimulus/S  1	1	3948148	3948156	60	2	60	pips_40_500-8000.hdf5	both	none
395.8815	1	Stimulus/S  1	1	3958815	3958823	60	3	70	pips_40_500-8000.hdf5	both	none
396.9375	1	Stimulus/S  1	1	3969375	3969383	60	4	50	pips_40_500-8000.hdf5	both	none
397.9828	1	Stimulus/S  1	1	3979828	3979836	60	5	30	pips_40_500-8000.hdf5	both	none
399.0495	1	Stimulus/S  1	1	3990495	3990503	61	0	20	pips_40_500-8000.hdf5	both	none
400.1055	1	Stimulus/S  1	1	4001055	4001063	61	1	40	pips_40_500-8000.hdf5	both	none
401.1509	1	Stimulus/S  1	1	4011509	4011517	61	2	60	pips_40_500-8000.hdf5	both	none
402.2069	1	Stimulus/S  1	1	4022069	4022077	61	3	70	pips_40_500-8000.hdf5	both	none
403.2735	1	Stimulus/S  1	1	4032735	4032743	61	4	50	pips_40_500-8000.hdf5	both	none
404.3402	1	Stimulus/S  1	1	4043402	4043410	61	5	30	pips_40_500-8000.hdf5	both	none
405.3856	1	Stimulus/S  1	1	4053856	4053864	62	0	20	pips_40_500-8000.hdf5	both	none
406.4309	1	Stimulus/S  1	1	4064309	4064317	62	1	40	pips_40_500-8000.hdf5	both	none
407.4976	1	Stimulus/S  1	1	4074976	4074984	62	2	60	pips_40_500-8000.hdf5	both	none
408.5749	1	Stimulus/S  1	1	4085749	4085757	62	3	70	pips_40_500-8000.hdf5	both	none
409.6309	1	Stimulus/S  1	1	4096309	4096317	62	4	50	pips_40_500-8000.hdf5	both	none
410.6976	1	Stimulus/S  1	1	4106976	4106984	62	5	30	pips_40_500-8000.hdf5	both	none
411.7643	1	Stimulus/S  1	1	4117643	4117651	63	0	20	pips_40_500-8000.hdf5	both	none
412.831	1	Stimulus/S  1	1	4128310	4128318	63	1	40	pips_40_500-8000.hdf5	both	none
413.8976	1	Stimulus/S  1	1	4138976	4138984	63	2	60	pips_40_500-8000.hdf5	both	none
414.9537	1	Stimulus/S  1	1	4149537	4149545	63	3	70	pips_40_500-8000.hdf5	both	none
415.999	1	Stimulus/S  1	1	4159990	4159998	63	4	50	pips_40_500-8000.hdf5	both	none
417.0657	1	Stimulus/S  1	1	4170657	4170665	63	5	30	pips_40_500-8000.hdf5	both	none
418.1324	1	Stimulus/S  1	1	4181324	4181332	64	0	20	pips_40_500-8000.hdf5	both	none
419.199	1	Stimulus/S  1	1	4191990	4191998	64	1	40	pips_40_500-8000.hdf5	both	none
420.2657	1	Stimulus/S  1	1	4202657	4202665	64	2	60	pips_40_500-8000.hdf5	both	none
421.3217	1	Stimulus/S  1	1	4213217	4213225	64	3	70	pips_40_500-8000.hdf5	both	none
422.3671	1	Stimulus/S  1	1	4223671	4223679	64	4	50	pips_40_500-8000.hdf5	both	none
423.4231	1	Stimulus/S  1	1	4234231	4234239	64	5	30	pips_40_500-8000.hdf5	both	none
424.4684	1	Stimulus/S  1	1	4244684	4244692	65	0	20	pips_40_500-8000.hdf5	both	none
425.5351	1	Stimulus/S  1	1	4255351	4255359	65	1	40	pips_40_500-8000.hdf5	both	none
426.6018	1	Stimulus/S  1	1	4266018	4266026	65	2	60	pips_40_500-8000.hdf5	both	none
427.6685	1	Stimulus/S  1	1	4276685	4276693	65	3	70	pips_40_500-8000.hdf5	both	none
428.7351	1	Stimulus/S  1	1	4287351	4287359	65	4	50	pips_40_500-8000.hdf5	both	none
429.8018	1	Stimulus/S  1	1	4298018	4298026	65	5	30	pips_40_500-8000.hdf5	both	none
430.8578	1	Stimulus/S  1	1	4308578	4308586	66	0	20	pips_40_500-8000.hdf5	both	none
431.9032	1	Stimulus/S  1	1	4319032	4319040	66	1	40	pips_40_500-8000.hdf5	both	none
432.9485	1	Stimulus/S  1	1	4329485	4329493	66	2	60	pips_40_500-8000.hdf5	both	none
434.0152	1	Stimulus/S  1	1	4340152	4340160	66	3	70	pips_40_500-8000.hdf5	both	none
435.0819	1	Stimulus/S  1	1	4350819	4350827	66	4	50	pips_40_500-8000.hdf5	both	none
436.1485	1	Stimulus/S  1	1	4361485	4361493	66	5	30	pips_40_500-8000.hdf5	both	none
437.2045	1	Stimulus/S  1	1	4372045	4372053	67	0	20	pips_40_500-8000.hdf5	both	none
438.2499	1	Stimulus/S  1	1	4382499	4382507	67	1	40	pips_40_500-8000.hdf5	both	none
439.3166	1	Stimulus/S  1	1	4393166	4393174	67	2	60	pips_40_500-8000.hdf5	both	none
440.3832	1	Stimulus/S  1	1	4403832	4403840	67	3	70	pips_40_500-8000.hdf5	both	none
441.4393	1	Stimulus/S  1	1	4414393	4414401	67	4	50	pips_40_500-8000.hdf5	both	none
442.4846	1	Stimulus/S  1	1	4424846	4424854	67	5	30	pips_40_500-8000.hdf5	both	none
443.5406	1	Stimulus/S  1	1	4435406	4435414	68	0	20	pips_40_500-8000.hdf5	both	none
444.6073	1	Stimulus/S  1	1	4446073	4446081	68	1	40	pips_40_500-8000.hdf5	both	none
445.674	1	Stimulus/S  1	1	4456740	4456748	68	2	60	pips_40_500-8000.hdf5	both	none
446.7406	1	Stimulus/S  1	1	4467406	4467414	68	3	70	pips_40_500-8000.hdf5	both	none
447.8073	1	Stimulus/S  1	1	4478073	4478081	68	4	50	pips_40_500-8000.hdf5	both	none
448.874	1	Stimulus/S  1	1	4488740	4488748	68	5	30	pips_40_500-8000.hdf5	both	none
449.9407	1	Stimulus/S  1	1	4499407	4499415	69	0	20	pips_40_500-8000.hdf5	both	none
450.986	1	Stimulus/S  1	1	4509860	4509868	69	1	40	pips_40_500-8000.hdf5	both	none
452.042	1	Stimulus/S  1	1	4520420	4520428	69	2	60	pips_40_500-8000.hdf5	both	none
453.1087	1	Stimulus/S  1	1	4531087	4531095	69	3	70	pips_40_500-8000.hdf5	both	none
454.1541	1	Stimulus/S  1	1	4541541	4541549	69	4	50	pips_40_500-8000.hdf5	both	none
455.1994	1	Stimulus/S  1	1	4551994	4552002	69	5	30	pips_40_500-8000.hdf5	both	none
456.2661	1	Stimulus/S  1	1	4562661	4562669	70	0	20	pips_40_500-8000.hdf5	both	none
457.3328	1	Stimulus/S  1	1	4573328	4573336	70	1	40	pips_40_500-8000.hdf5	both	none
458.3994	1	Stimulus/S  1	1	4583994	4584002	70	2	60	pips_40_500-8000.hdf5	both	none
459.4554	1	Stimulus/S  1	1	4594554	4594562	70	3	70	pips_40_500-8000.hdf5	both	none
460.5008	1	Stimulus/S  1	1	4605008	4605016	70	4	50	pips_40_500-8000.hdf5	both	none
461.5675	1	Stimulus/S  1	1	4615675	4615683	70	5	30	pips_40_500-8000.hdf5	both	none
462.6235	1	Stimulus/S  1	1	4626235	4626243	71	0	20	pips_40_500-8000.hdf5	both	none
463.6902	1	Stimulus/S  1	1	4636902	4636910	71	1	40	pips_40_500-8000.hdf5	both	none
464.7568	1	Stimulus/S  1	1	4647568	4647576	71	2	60	pips_40_500-8000.hdf5	both	none
465.8022	1	Stimulus/S  1	1	4658022	4658030	71	3	70	pips_40_500-8000.hdf5	both	none
466.8582	1	Stimulus/S  1	1	4668582	4668590	71	4	50	pips_40_500-8000.hdf5	both	none
467.9035	1	Stimulus/S  1	1	4679035	4679043	71	5	30	pips_40_500-8000.hdf5	both	none
468.9489	1	Stimulus/S  1	1	4689489	4689497	72	0	20	pips_40_500-8000.hdf5	both	none
470.0155	1	Stimulus/S  1	1	4700155	4700163	72	1	40	pips_40_500-8000.hdf5	both	none
471.0822	1	Stimulus/S  1	1	4710822	4710830	72	2	60	pips_40_500-8000.hdf5	both	none
472.1382	1	Stimulus/S  1	1	4721382	4721390	72	3	70	pips_40_500-8000.hdf5	both	none
473.1836	1	Stimulus/S  1	1	4731836	4731844	72	4	50	pips_40_500-8000.hdf5	both	none
474.2396	1	Stimulus/S  1	1	4742396	4742404	72	5	30	pips_40_500-8000.hdf5	both	none
475.2849	1	Stimulus/S  1	1	4752849	4752857	73	0	20	pips_40_500-8000.hdf5	both	none
476.3409	1	Stimulus/S  1	1	4763409	4763417	73	1	40	pips_40_500-8000.hdf5	both	none
477.4076	1	Stimulus/S  1	1	4774076	4774084	73	2	60	pips_40_500-8000.hdf5	both	none
478.4743	1	Stimulus/S  1	1	4784743	4784751	73	3	70	pips_40_500-8000.hdf5	both	none
479.541	1	Stimulus/S  1	1	4795410	4795418	73	4	50	pips_40_500-8000.hdf5	both	none
480.6077	1	Stimulus/S  1	1	4806077	4806085	73	5	30	pips_40_500-8000.hdf5	both	none
481.6743	1	Stimulus/S  1	1	4816743	4816751	74	0	20	pips_40_500-8000.hdf5	both	none
482.741	1	Stimulus/S  1	1	4827410	4827418	74	1	40	pips_40_500-8000.hdf5	both	none
483.8077	1	Stimulus/S  1	1	4838077	4838085	74	2	60	pips_40_500-8000.hdf5	both	none
484.853	1	Stimulus/S  1	1	4848530	4848538	74	3	70	pips_40_500-8000.hdf5	both	none
485.9197	1	Stimulus/S  1	1	4859197	4859205	74	4	50	pips_40_500-8000.hdf5	both	none
486.9757	1	Stimulus/S  1	1	4869757	4869765	74	5	30	pips_40_500-8000.hdf5	both	none
488.0424	1	Stimulus/S  1	1	4880424	4880432	75	0	20	pips_40_500-8000.hdf5	both	none
489.1091	1	Stimulus/S  1	1	4891091	4891099	75	1	40	pips_40_500-8000.hdf5	both	none
490.1544	1	Stimulus/S  1	1	4901544	4901552	75	2	60	pips_40_500-8000.hdf5	both	none
491.1998	1	Stimulus/S  1	1	4911998	4912006	75	3	70	pips_40_500-8000.hdf5	both	none
492.2664	1	Stimulus/S  1	1	4922664	4922672	75	4	50	pips_40_500-8000.hdf5	both	none
493.3331	1	Stimulus/S  1	1	4933331	4933339	75	5	30	pips_40_500-8000.hdf5	both	none
494.3998	1	Stimulus/S  1	1	4943998	4944006	76	0	20	pips_40_500-8000.hdf5	both	none
495.4665	1	Stimulus/S  1	1	4954665	4954673	76	1	40	pips_40_500-8000.hdf5	both	none
496.5225	1	Stimulus/S  1	1	4965225	4965233	76	2	60	pips_40_500-8000.hdf5	both	none
497.5678	1	Stimulus/S  1	1	4975678	4975686	76	3	70	pips_40_500-8000.hdf5	both	none
498.6238	1	Stimulus/S  1	1	4986238	4986246	76	4	50	pips_40_500-8000.hdf5	both	none
499.6692	1	Stimulus/S  1	1	4996692	4996700	76	5	30	pips_40_500-8000.hdf5	both	none
500.7252	1	Stimulus/S  1	1	5007252	5007260	77	0	20	pips_40_500-8000.hdf5	both	none
501.7705	1	Stimulus/S  1	1	5017705	5017713	77	1	40	pips_40_500-8000.hdf5	both	none
502.8372	1	Stimulus/S  1	1	5028372	5028380	77	2	60	pips_40_500-8000.hdf5	both	none
503.8826	1	Stimulus/S  1	1	5038826	5038834	77	3	70	pips_40_500-8000.hdf5	both	none
504.9386	1	Stimulus/S  1	1	5049386	5049394	77	4	50	pips_40_500-8000.hdf5	both	none
505.9839	1	Stimulus/S  1	1	5059839	5059847	77	5	30	pips_40_500-8000.hdf5	both	none
507.0399	1	Stimulus/S  1	1	5070399	5070407	78	0	20	pips_40_500-8000.hdf5	both	none
508.1066	1	Stimulus/S  1	1	5081066	5081074	78	1	40	pips_40_500-8000.hdf5	both	none
509.1733	1	Stimulus/S  1	1	5091733	5091741	78	2	60	pips_40_500-8000.hdf5	both	none
510.2186	1	Stimulus/S  1	1	5102186	5102194	78	3	70	pips_40_500-8000.hdf5	both	none
511.2746	1	Stimulus/S  1	1	5112746	5112754	78	4	50	pips_40_500-8000.hdf5	both	none
512.32	1	Stimulus/S  1	1	5123200	5123208	78	5	30	pips_40_500-8000.hdf5	both	none
513.3867	1	Stimulus/S  1	1	5133867	5133875	79	0	20	pips_40_500-8000.hdf5	both	none
514.4533	1	Stimulus/S  1	1	5144533	5144541	79	1	40	pips_40_500-8000.hdf5	both	none
515.52	1	Stimulus/S  1	1	5155200	5155208	79	2	60	pips_40_500-8000.hdf5	both	none
516.5867	1	Stimulus/S  1	1	5165867	5165875	79	3	70	pips_40_500-8000.hdf5	both	none
517.632	1	Stimulus/S  1	1	5176320	5176328	79	4	50	pips_40_500-8000.hdf5	both	none
518.688	1	Stimulus/S  1	1	5186880	5186888	79	5	30	pips_40_500-8000.hdf5	both	none
519.7334	1	Stimulus/S  1	1	5197334	5197342	80	0	20	pips_40_500-8000.hdf5	both	none
520.8001	1	Stimulus/S  1	1	5208001	5208009	80	1	40	pips_40_500-8000.hdf5	both	none
521.8667	1	Stimulus/S  1	1	5218667	5218675	80	2	60	pips_40_500-8000.hdf5	both	none
522.9334	1	Stimulus/S  1	1	5229334	5229342	80	3	70	pips_40_500-8000.hdf5	both	none
523.9894	1	Stimulus/S  1	1	5239894	5239902	80	4	50	pips_40_500-8000.hdf5	both	none
525.0348	1	Stimulus/S  1	1	5250348	5250356	80	5	30	pips_40_500-8000.hdf5	both	none
526.0908	1	Stimulus/S  1	1	5260908	5260916	81	0	20	pips_40_500-8000.hdf5	both	none
527.1361	1	Stimulus/S  1	1	5271361	5271369	81	1	40	pips_40_500-8000.hdf5	both	none
528.1921	1	Stimulus/S  1	1	5281921	5281929	81	2	60	pips_40_500-8000.hdf5	both	none
529.2375	1	Stimulus/S  1	1	5292375	5292383	81	3	70	pips_40_500-8000.hdf5	both	none
530.3042	1	Stimulus/S  1	1	5303042	5303050	81	4	50	pips_40_500-8000.hdf5	both	none
531.3708	1	Stimulus/S  1	1	5313708	5313716	81	5	30	pips_40_500-8000.hdf5	both	none
532.4162	1	Stimulus/S  1	1	5324162	5324170	82	0	20	pips_40_500-8000.hdf5	both	none
533.4829	1	Stimulus/S  1	1	5334829	5334837	82	1	40	pips_40_500-8000.hdf5	both	none
534.5389	1	Stimulus/S  1	1	5345389	5345397	82	2	60	pips_40_500-8000.hdf5	both	none
535.5842	1	Stimulus/S  1	1	5355842	5355850	82	3	70	pips_40_500-8000.hdf5	both	none
536.6509	1	Stimulus/S  1	1	5366509	5366517	82	4	50	pips_40_500-8000.hdf5	both	none
537.7069	1	Stimulus/S  1	1	5377069	5377077	82	5	30	pips_40_500-8000.hdf5	both	none
538.7736	1	Stimulus/S  1	1	5387736	5387744	83	0	20	pips_40_500-8000.hdf5	both	none
539.8403	1	Stimulus/S  1	1	5398403	5398411	83	1	40	pips_40_500-8000.hdf5	both	none
540.8856	1	Stimulus/S  1	1	5408856	5408864	83	2	60	pips_40_500-8000.hdf5	both	none
541.9416	1	Stimulus/S  1	1	5419416	5419424	83	3	70	pips_40_500-8000.hdf5	both	none
543.0083	1	Stimulus/S  1	1	5430083	5430091	83	4	50	pips_40_500-8000.hdf5	both	none
544.075	1	Stimulus/S  1	1	5440750	5440758	83	5	30	pips_40_500-8000.hdf5	both	none
545.1203	1	Stimulus/S  1	1	5451203	5451211	84	0	20	pips_40_500-8000.hdf5	both	none
546.1763	1	Stimulus/S  1	1	5461763	5461771	84	1	40	pips_40_500-8000.hdf5	both	none
547.243	1	Stimulus/S  1	1	5472430	5472438	84	2	60	pips_40_500-8000.hdf5	both	none
548.2883	1	Stimulus/S  1	1	5482883	5482891	84	3	70	pips_40_500-8000.hdf5	both	none
549.3337	1	Stimulus/S  1	1	5493337	5493345	84	4	50	pips_40_500-8000.hdf5	both	none
550.4004	1	Stimulus/S  1	1	5504004	5504012	84	5	30	pips_40_500-8000.hdf5	both	none
551.4564	1	Stimulus/S  1	1	5514564	5514572	85	0	20	pips_40_500-8000.hdf5	both	none
552.5017	1	Stimulus/S  1	1	5525017	5525025	85	1	40	pips_40_500-8000.hdf5	both	none
553.5684	1	Stimulus/S  1	1	5535684	5535692	85	2	60	pips_40_500-8000.hdf5	both	none
554.6244	1	Stimulus/S  1	1	5546244	5546252	85	3	70	pips_40_500-8000.hdf5	both	none
555.6697	1	Stimulus/S  1	1	5556697	5556705	85	4	50	pips_40_500-8000.hdf5	both	none
556.7364	1	Stimulus/S  1	1	5567364	5567372	85	5	30	pips_40_500-8000.hdf5	both	none
557.7924	1	Stimulus/S  1	1	5577924	5577932	86	0	20	pips_40_500-8000.hdf5	both	none
558.8378	1	Stimulus/S  1	1	5588378	5588386	86	1	40	pips_40_500-8000.hdf5	both	none
559.8938	1	Stimulus/S  1	1	5598938	5598946	86	2	60	pips_40_500-8000.hdf5	both	none
560.9605	1	Stimulus/S  1	1	5609605	5609613	86	3	70	pips_40_500-8000.hdf5	both	none
562.0271	1	Stimulus/S  1	1	5620271	5620279	86	4	50	pips_40_500-8000.hdf5	both	none
563.0725	1	Stimulus/S  1	1	5630725	5630733	86	5	30	pips_40_500-8000.hdf5	both	none
564.1178	1	Stimulus/S  1	1	5641178	5641186	87	0	20	pips_40_500-8000.hdf5	both	none
565.1738	1	Stimulus/S  1	1	5651738	5651746	87	1	40	pips_40_500-8000.hdf5	both	none
566.2192	1	Stimulus/S  1	1	5662192	5662200	87	2	60	pips_40_500-8000.hdf5	both	none
567.2859	1	Stimulus/S  1	1	5672859	5672867	87	3	70	pips_40_500-8000.hdf5	both	none
568.3525	1	Stimulus/S  1	1	5683525	5683533	87	4	50	pips_40_500-8000.hdf5	both	none
569.4192	1	Stimulus/S  1	1	5694192	5694200	87	5	30	pips_40_500-8000.hdf5	both	none
570.4752	1	Stimulus/S  1	1	5704752	5704760	88	0	20	pips_40_500-8000.hdf5	both	none
571.5206	1	Stimulus/S  1	1	5715206	5715214	88	1	40	pips_40_500-8000.hdf5	both	none
572.5766	1	Stimulus/S  1	1	5725766	5725774	88	2	60	pips_40_500-8000.hdf5	both	none
573.6219	1	Stimulus/S  1	1	5736219	5736227	88	3	70	pips_40_500-8000.hdf5	both	none
574.6886	1	Stimulus/S  1	1	5746886	5746894	88	4	50	pips_40_500-8000.hdf5	both	none
575.734	1	Stimulus/S  1	1	5757340	5757348	88	5	30	pips_40_500-8000.hdf5	both	none
576.8006	1	Stimulus/S  1	1	5768006	5768014	89	0	20	pips_40_500-8000.hdf5	both	none
577.8673	1	Stimulus/S  1	1	5778673	5778681	89	1	40	pips_40_500-8000.hdf5	both	none
578.934	1	Stimulus/S  1	1	5789340	5789348	89	2	60	pips_40_500-8000.hdf5	both	none
580.0007	1	Stimulus/S  1	1	5800007	5800015	89	3	70	pips_40_500-8000.hdf5	both	none
581.0567	1	Stimulus/S  1	1	5810567	5810575	89	4	50	pips_40_500-8000.hdf5	both	none
582.102	1	Stimulus/S  1	1	5821020	5821028	89	5	30	pips_40_500-8000.hdf5	both	none
583.1687	1	Stimulus/S  1	1	5831687	5831695	90	0	20	pips_40_500-8000.hdf5	both	none
584.2354	1	Stimulus/S  1	1	5842354	5842362	90	1	40	pips_40_500-8000.hdf5	both	none
585.302	1	Stimulus/S  1	1	5853020	5853028	90	2	60	pips_40_500-8000.hdf5	both	none
586.3687	1	Stimulus/S  1	1	5863687	5863695	90	3	70	pips_40_500-8000.hdf5	both	none
587.4247	1	Stimulus/S  1	1	5874247	5874255	90	4	50	pips_40_500-8000.hdf5	both	none
588.4914	1	Stimulus/S  1	1	5884914	5884922	90	5	30	pips_40_500-8000.hdf5	both	none
589.5581	1	Stimulus/S  1	1	5895581	5895589	91	0	20	pips_40_500-8000.hdf5	both	none
590.6248	1	Stimulus/S  1	1	5906248	5906256	91	1	40	pips_40_500-8000.hdf5	both	none
591.6701	1	Stimulus/S  1	1	5916701	5916709	91	2	60	pips_40_500-8000.hdf5	both	none
592.7261	1	Stimulus/S  1	1	5927261	5927269	91	3	70	pips_40_500-8000.hdf5	both	none
593.7715	1	Stimulus/S  1	1	5937715	5937723	91	4	50	pips_40_500-8000.hdf5	both	none
594.8381	1	Stimulus/S  1	1	5948381	5948389	91	5	30	pips_40_500-8000.hdf5	both	none
595.9048	1	Stimulus/S  1	1	5959048	5959056	92	0	20	pips_40_500-8000.hdf5	both	none
596.9715	1	Stimulus/S  1	1	5969715	5969723	92	1	40	pips_40_500-8000.hdf5	both	none
598.0168	1	Stimulus/S  1	1	5980168	5980176	92	2	60	pips_40_500-8000.hdf5	both	none
599.0729	1	Stimulus/S  1	1	5990729	5990737	92	3	70	pips_40_500-8000.hdf5	both	none
600.1395	1	Stimulus/S  1	1	6001395	6001403	92	4	50	pips_40_500-8000.hdf5	both	none
601.2062	1	Stimulus/S  1	1	6012062	6012070	92	5	30	pips_40_500-8000.hdf5	both	none
602.2729	1	Stimulus/S  1	1	6022729	6022737	93	0	20	pips_40_500-8000.hdf5	both	none
603.3396	1	Stimulus/S  1	1	6033396	6033404	93	1	40	pips_40_500-8000.hdf5	both	none
604.4062	1	Stimulus/S  1	1	6044062	6044070	93	2	60	pips_40_500-8000.hdf5	both	none
605.4516	1	Stimulus/S  1	1	6054516	6054524	93	3	70	pips_40_500-8000.hdf5	both	none
606.5076	1	Stimulus/S  1	1	6065076	6065084	93	4	50	pips_40_500-8000.hdf5	both	none
607.5743	1	Stimulus/S  1	1	6075743	6075751	93	5	30	pips_40_500-8000.hdf5	both	none
608.6196	1	Stimulus/S  1	1	6086196	6086204	94	0	20	pips_40_500-8000.hdf5	both	none
609.6756	1	Stimulus/S  1	1	6096756	6096764	94	1	40	pips_40_500-8000.hdf5	both	none
610.7423	1	Stimulus/S  1	1	6107423	6107431	94	2	60	pips_40_500-8000.hdf5	both	none
611.809	1	Stimulus/S  1	1	6118090	6118098	94	3	70	pips_40_500-8000.hdf5	both	none
612.8543	1	Stimulus/S  1	1	6128543	6128551	94	4	50	pips_40_500-8000.hdf5	both	none
613.9103	1	Stimulus/S  1	1	6139103	6139111	94	5	30	pips_40_500-8000.hdf5	both	none
614.977	1	Stimulus/S  1	1	6149770	6149778	95	0	20	pips_40_500-8000.hdf5	both	none
616.0437	1	Stimulus/S  1	1	6160437	6160445	95	1	40	pips_40_500-8000.hdf5	both	none
617.1104	1	Stimulus/S  1	1	6171104	6171112	95	2	60	pips_40_500-8000.hdf5	both	none
618.1557	1	Stimulus/S  1	1	6181557	6181565	95	3	70	pips_40_500-8000.hdf5	both	none
619.2224	1	Stimulus/S  1	1	6192224	6192232	95	4	50	pips_40_500-8000.hdf5	both	none
620.2891	1	Stimulus/S  1	1	6202891	6202899	95	5	30	pips_40_500-8000.hdf5	both	none
621.3344	1	Stimulus/S  1	1	6213344	6213352	96	0	20	pips_40_500-8000.hdf5	both	none
622.3904	1	Stimulus/S  1	1	6223904	6223912	96	1	40	pips_40_500-8000.hdf5	both	none
623.4571	1	Stimulus/S  1	1	6234571	6234579	96	2	60	pips_40_500-8000.hdf5	both	none
624.5024	1	Stimulus/S  1	1	6245024	6245032	96	3	70	pips_40_500-8000.hdf5	both	none
625.5585	1	Stimulus/S  1	1	6255585	6255593	96	4	50	pips_40_500-8000.hdf5	both	none
626.6251	1	Stimulus/S  1	1	6266251	6266259	96	5	30	pips_40_500-8000.hdf5	both	none
627.6918	1	Stimulus/S  1	1	6276918	6276926	97	0	20	pips_40_500-8000.hdf5	both	none
628.7372	1	Stimulus/S  1	1	6287372	6287380	97	1	40	pips_40_500-8000.hdf5	both	none
629.7932	1	Stimulus/S  1	1	6297932	6297940	97	2	60	pips_40_500-8000.hdf5	both	none
630.8598	1	Stimulus/S  1	1	6308598	6308606	97	3	70	pips_40_500-8000.hdf5	both	none
631.9265	1	Stimulus/S  1	1	6319265	6319273	97	4	50	pips_40_500-8000.hdf5	both	none
632.9719	1	Stimulus/S  1	1	6329719	6329727	97	5	30	pips_40_500-8000.hdf5	both	none
634.0279	1	Stimulus/S  1	1	6340279	6340287	98	0	20	pips_40_500-8000.hdf5	both	none
635.0946	1	Stimulus/S  1	1	6350946	6350954	98	1	40	pips_40_500-8000.hdf5	both	none
636.1399	1	Stimulus/S  1	1	6361399	6361407	98	2	60	pips_40_500-8000.hdf5	both	none
637.1852	1	Stimulus/S  1	1	6371852	6371860	98	3	70	pips_40_500-8000.hdf5	both	none
638.2519	1	Stimulus/S  1	1	6382519	6382527	98	4	50	pips_40_500-8000.hdf5	both	none
639.3186	1	Stimulus/S  1	1	6393186	6393194	98	5	30	pips_40_500-8000.hdf5	both	none
640.3853	1	Stimulus/S  1	1	6403853	6403861	99	0	20	pips_40_500-8000.hdf5	both	none
641.452	1	Stimulus/S  1	1	6414520	6414528	99	1	40	pips_40_500-8000.hdf5	both	none
642.5186	1	Stimulus/S  1	1	6425186	6425194	99	2	60	pips_40_500-8000.hdf5	both	none
643.5853	1	Stimulus/S  1	1	6435853	6435861	99	3	70	pips_40_500-8000.hdf5	both	none
644.6413	1	Stimulus/S  1	1	6446413	6446421	99	4	50	pips_40_500-8000.hdf5	both	none
645.6867	1	Stimulus/S  1	1	6456867	6456875	99	5	30	pips_40_500-8000.hdf5	both	none
646.7533	1	Stimulus/S  1	1	6467533	6467541	100	0	20	pips_40_500-8000.hdf5	both	none
647.8093	1	Stimulus/S  1	1	6478093	6478101	100	1	40	pips_40_500-8000.hdf5	both	none
648.8547	1	Stimulus/S  1	1	6488547	6488555	100	2	60	pips_40_500-8000.hdf5	both	none
649.9107	1	Stimulus/S  1	1	6499107	6499115	100	3	70	pips_40_500-8000.hdf5	both	none
650.956	1	Stimulus/S  1	1	6509560	6509568	100	4	50	pips_40_500-8000.hdf5	both	none
652.0227	1	Stimulus/S  1	1	6520227	6520235	100	5	30	pips_40_500-8000.hdf5	both	none
653.0894	1	Stimulus/S  1	1	6530894	6530902	101	0	20	pips_40_500-8000.hdf5	both	none
654.1774	1	Stimulus/S  1	1	6541774	6541782	101	1	40	pips_40_500-8000.hdf5	both	none
655.2441	1	Stimulus/S  1	1	6552441	6552449	101	2	60	pips_40_500-8000.hdf5	both	none
656.3108	1	Stimulus/S  1	1	6563108	6563116	101	3	70	pips_40_500-8000.hdf5	both	none
657.3774	1	Stimulus/S  1	1	6573774	6573782	101	4	50	pips_40_500-8000.hdf5	both	none
658.4228	1	Stimulus/S  1	1	6584228	6584236	101	5	30	pips_40_500-8000.hdf5	both	none
659.4788	1	Stimulus/S  1	1	6594788	6594796	102	0	20	pips_40_500-8000.hdf5	both	none
660.5241	1	Stimulus/S  1	1	6605241	6605249	102	1	40	pips_40_500-8000.hdf5	both	none
661.5908	1	Stimulus/S  1	1	6615908	6615916	102	2	60	pips_40_500-8000.hdf5	both	none
662.6362	1	Stimulus/S  1	1	6626362	6626370	102	3	70	pips_40_500-8000.hdf5	both	none
663.6922	1	Stimulus/S  1	1	6636922	6636930	102	4	50	pips_40_500-8000.hdf5	both	none
664.7375	1	Stimulus/S  1	1	6647375	6647383	102	5	30	pips_40_500-8000.hdf5	both	none
665.8042	1	Stimulus/S  1	1	6658042	6658050	103	0	20	pips_40_500-8000.hdf5	both	none
666.8709	1	Stimulus/S  1	1	6668709	6668717	103	1	40	pips_40_500-8000.hdf5	both	none
667.9269	1	Stimulus/S  1	1	6679269	6679277	103	2	60	pips_40_500-8000.hdf5	both	none
668.9722	1	Stimulus/S  1	1	6689722	6689730	103	3	70	pips_40_500-8000.hdf5	both	none
670.0389	1	Stimulus/S  1	1	6700389	6700397	103	4	50	pips_40_500-8000.hdf5	both	none
671.0949	1	Stimulus/S  1	1	6710949	6710957	103	5	30	pips_40_500-8000.hdf5	both	none
672.1403	1	Stimulus/S  1	1	6721403	6721411	104	0	20	pips_40_500-8000.hdf5	both	none
673.2069	1	Stimulus/S  1	1	6732069	6732077	104	1	40	pips_40_500-8000.hdf5	both	none
674.2523	1	Stimulus/S  1	1	6742523	6742531	104	2	60	pips_40_500-8000.hdf5	both	none
675.3083	1	Stimulus/S  1	1	6753083	6753091	104	3	70	pips_40_500-8000.hdf5	both	none
676.375	1	Stimulus/S  1	1	6763750	6763758	104	4	50	pips_40_500-8000.hdf5	both	none
677.4416	1	Stimulus/S  1	1	6774416	6774424	104	5	30	pips_40_500-8000.hdf5	both	none
678.487	1	Stimulus/S  1	1	6784870	6784878	105	0	20	pips_40_500-8000.hdf5	both	none
679.5537	1	Stimulus/S  1	1	6795537	6795545	105	1	40	pips_40_500-8000.hdf5	both	none
680.6097	1	Stimulus/S  1	1	6806097	6806105	105	2	60	pips_40_500-8000.hdf5	both	none
681.6764	1	Stimulus/S  1	1	6816764	6816772	105	3	70	pips_40_500-8000.hdf5	both	none
682.743	1	Stimulus/S  1	1	6827430	6827438	105	4	50	pips_40_500-8000.hdf5	both	none
683.7884	1	Stimulus/S  1	1	6837884	6837892	105	5	30	pips_40_500-8000.hdf5	both	none
684.8551	1	Stimulus/S  1	1	6848551	6848559	106	0	20	pips_40_500-8000.hdf5	both	none
685.9111	1	Stimulus/S  1	1	6859111	6859119	106	1	40	pips_40_500-8000.hdf5	both	none
686.9564	1	Stimulus/S  1	1	6869564	6869572	106	2	60	pips_40_500-8000.hdf5	both	none
688.0231	1	Stimulus/S  1	1	6880231	6880239	106	3	70	pips_40_500-8000.hdf5	both	none
689.0791	1	Stimulus/S  1	1	6890791	6890799	106	4	50	pips_40_500-8000.hdf5	both	none
690.1244	1	Stimulus/S  1	1	6901244	6901252	106	5	30	pips_40_500-8000.hdf5	both	none
691.1911	1	Stimulus/S  1	1	6911911	6911919	107	0	20	pips_40_500-8000.hdf5	both	none
692.2578	1	Stimulus/S  1	1	6922578	6922586	107	1	40	pips_40_500-8000.hdf5	both	none
693.3031	1	Stimulus/S  1	1	6933031	6933039	107	2	60	pips_40_500-8000.hdf5	both	none
694.3698	1	Stimulus/S  1	1	6943698	6943706	107	3	70	pips_40_500-8000.hdf5	both	none
695.4258	1	Stimulus/S  1	1	6954258	6954266	107	4	50	pips_40_500-8000.hdf5	both	none
696.4712	1	Stimulus/S  1	1	6964712	6964720	107	5	30	pips_40_500-8000.hdf5	both	none
697.5378	1	Stimulus/S  1	1	6975378	6975386	108	0	20	pips_40_500-8000.hdf5	both	none
698.6045	1	Stimulus/S  1	1	6986045	6986053	108	1	40	pips_40_500-8000.hdf5	both	none
699.6712	1	Stimulus/S  1	1	6996712	6996720	108	2	60	pips_40_500-8000.hdf5	both	none
700.7379	1	Stimulus/S  1	1	7007379	7007387	108	3	70	pips_40_500-8000.hdf5	both	none
701.8046	1	Stimulus/S  1	1	7018046	7018054	108	4	50	pips_40_500-8000.hdf5	both	none
702.8712	1	Stimulus/S  1	1	7028712	7028720	108	5	30	pips_40_500-8000.hdf5	both	none
703.9379	1	Stimulus/S  1	1	7039379	7039387	109	0	20	pips_40_500-8000.hdf5	both	none
704.9939	1	Stimulus/S  1	1	7049939	7049947	109	1	40	pips_40_500-8000.hdf5	both	none
706.0393	1	Stimulus/S  1	1	7060393	7060401	109	2	60	pips_40_500-8000.hdf5	both	none
707.1059	1	Stimulus/S  1	1	7071059	7071067	109	3	70	pips_40_500-8000.hdf5	both	none
708.162	1	Stimulus/S  1	1	7081620	7081628	109	4	50	pips_40_500-8000.hdf5	both	none
709.2073	1	Stimulus/S  1	1	7092073	7092081	109	5	30	pips_40_500-8000.hdf5	both	none
710.2633	1	Stimulus/S  1	1	7102633	7102641	110	0	20	pips_40_500-8000.hdf5	both	none
711.3087	1	Stimulus/S  1	1	7113087	7113095	110	1	40	pips_40_500-8000.hdf5	both	none
712.354	1	Stimulus/S  1	1	7123540	7123548	110	2	60	pips_40_500-8000.hdf5	both	none
713.4207	1	Stimulus/S  1	1	7134207	7134215	110	3	70	pips_40_500-8000.hdf5	both	none
714.4767	1	Stimulus/S  1	1	7144767	7144775	110	4	50	pips_40_500-8000.hdf5	both	none
715.522	1	Stimulus/S  1	1	7155220	7155228	110	5	30	pips_40_500-8000.hdf5	both	none
716.5887	1	Stimulus/S  1	1	7165887	7165895	111	0	20	pips_40_500-8000.hdf5	both	none
717.6447	1	Stimulus/S  1	1	7176447	7176455	111	1	40	pips_40_500-8000.hdf5	both	none
718.6901	1	Stimulus/S  1	1	7186901	7186909	111	2	60	pips_40_500-8000.hdf5	both	none
719.7567	1	Stimulus/S  1	1	7197567	7197575	111	3	70	pips_40_500-8000.hdf5	both	none
720.8128	1	Stimulus/S  1	1	7208128	7208136	111	4	50	pips_40_500-8000.hdf5	both	none
721.8581	1	Stimulus/S  1	1	7218581	7218589	111	5	30	pips_40_500-8000.hdf5	both	none
722.9034	1	Stimulus/S  1	1	7229034	7229042	112	0	20	pips_40_500-8000.hdf5	both	none
723.9594	1	Stimulus/S  1	1	7239594	7239602	112	1	40	pips_40_500-8000.hdf5	both	none
725.0261	1	Stimulus/S  1	1	7250261	7250269	112	2	60	pips_40_500-8000.hdf5	both	none
726.0928	1	Stimulus/S  1	1	7260928	7260936	112	3	70	pips_40_500-8000.hdf5	both	none
727.1381	1	Stimulus/S  1	1	7271381	7271389	112	4	50	pips_40_500-8000.hdf5	both	none
728.1942	1	Stimulus/S  1	1	7281942	7281950	112	5	30	pips_40_500-8000.hdf5	both	none
729.2395	1	Stimulus/S  1	1	7292395	7292403	113	0	20	pips_40_500-8000.hdf5	both	none
730.2955	1	Stimulus/S  1	1	7302955	7302963	113	1	40	pips_40_500-8000.hdf5	both	none
731.3409	1	Stimulus/S  1	1	7313409	7313417	113	2	60	pips_40_500-8000.hdf5	both	none
732.4075	1	Stimulus/S  1	1	7324075	7324083	113	3	70	pips_40_500-8000.hdf5	both	none
733.4742	1	Stimulus/S  1	1	7334742	7334750	113	4	50	pips_40_500-8000.hdf5	both	none
734.5409	1	Stimulus/S  1	1	7345409	7345417	113	5	30	pips_40_500-8000.hdf5	both	none
735.5969	1	Stimulus/S  1	1	7355969	7355977	114	0	20	pips_40_500-8000.hdf5	both	none
736.6422	1	Stimulus/S  1	1	7366422	7366430	114	1	40	pips_40_500-8000.hdf5	both	none
737.7089	1	Stimulus/S  1	1	7377089	7377097	114	2	60	pips_40_500-8000.hdf5	both	none
738.7543	1	Stimulus/S  1	1	7387543	7387551	114	3	70	pips_40_500-8000.hdf5	both	none
739.8103	1	Stimulus/S  1	1	7398103	7398111	114	4	50	pips_40_500-8000.hdf5	both	none
740.877	1	Stimulus/S  1	1	7408770	7408778	114	5	30	pips_40_500-8000.hdf5	both	none
741.9436	1	Stimulus/S  1	1	7419436	7419444	115	0	20	pips_40_500-8000.hdf5	both	none
743.0103	1	Stimulus/S  1	1	7430103	7430111	115	1	40	pips_40_500-8000.hdf5	both	none
744.0557	1	Stimulus/S  1	1	7440557	7440565	115	2	60	pips_40_500-8000.hdf5	both	none
745.1117	1	Stimulus/S  1	1	7451117	7451125	115	3	70	pips_40_500-8000.hdf5	both	none
746.157	1	Stimulus/S  1	1	7461570	7461578	115	4	50	pips_40_500-8000.hdf5	both	none
747.213	1	Stimulus/S  1	1	7472130	7472138	115	5	30	pips_40_500-8000.hdf5	both	none
748.2584	1	Stimulus/S  1	1	7482584	7482592	116	0	20	pips_40_500-8000.hdf5	both	none
749.325	1	Stimulus/S  1	1	7493250	7493258	116	1	40	pips_40_500-8000.hdf5	both	none
750.3704	1	Stimulus/S  1	1	7503704	7503712	116	2	60	pips_40_500-8000.hdf5	both	none
751.4264	1	Stimulus/S  1	1	7514264	7514272	116	3	70	pips_40_500-8000.hdf5	both	none
752.4931	1	Stimulus/S  1	1	7524931	7524939	116	4	50	pips_40_500-8000.hdf5	both	none
753.5384	1	Stimulus/S  1	1	7535384	7535392	116	5	30	pips_40_500-8000.hdf5	both	none
754.5944	1	Stimulus/S  1	1	7545944	7545952	117	0	20	pips_40_500-8000.hdf5	both	none
755.6611	1	Stimulus/S  1	1	7556611	7556619	117	1	40	pips_40_500-8000.hdf5	both	none
756.7278	1	Stimulus/S  1	1	7567278	7567286	117	2	60	pips_40_500-8000.hdf5	both	none
757.7731	1	Stimulus/S  1	1	7577731	7577739	117	3	70	pips_40_500-8000.hdf5	both	none
758.8291	1	Stimulus/S  1	1	7588291	7588299	117	4	50	pips_40_500-8000.hdf5	both	none
759.8958	1	Stimulus/S  1	1	7598958	7598966	117	5	30	pips_40_500-8000.hdf5	both	none
760.9412	1	Stimulus/S  1	1	7609412	7609420	118	0	20	pips_40_500-8000.hdf5	both	none
761.9972	1	Stimulus/S  1	1	7619972	7619980	118	1	40	pips_40_500-8000.hdf5	both	none
763.0425	1	Stimulus/S  1	1	7630425	7630433	118	2	60	pips_40_500-8000.hdf5	both	none
764.0879	1	Stimulus/S  1	1	7640879	7640887	118	3	70	pips_40_500-8000.hdf5	both	none
765.1545	1	Stimulus/S  1	1	7651545	7651553	118	4	50	pips_40_500-8000.hdf5	both	none
766.2105	1	Stimulus/S  1	1	7662105	7662113	118	5	30	pips_40_500-8000.hdf5	both	none
767.2559	1	Stimulus/S  1	1	7672559	7672567	119	0	20	pips_40_500-8000.hdf5	both	none
768.3119	1	Stimulus/S  1	1	7683119	7683127	119	1	40	pips_40_500-8000.hdf5	both	none
769.3572	1	Stimulus/S  1	1	7693572	7693580	119	2	60	pips_40_500-8000.hdf5	both	none
770.4239	1	Stimulus/S  1	1	7704239	7704247	119	3	70	pips_40_500-8000.hdf5	both	none
771.4906	1	Stimulus/S  1	1	7714906	7714914	119	4	50	pips_40_500-8000.hdf5	both	none
772.5573	1	Stimulus/S  1	1	7725573	7725581	119	5	30	pips_40_500-8000.hdf5	both	none
773.6133	1	Stimulus/S  1	1	7736133	7736141	0	0	20	pips_40_500-8000.hdf5	both	none
774.6586	1	Stimulus/S  1	1	7746586	7746594	0	1	40	pips_40_500-8000.hdf5	both	none
775.7146	1	Stimulus/S  1	1	7757146	7757154	0	2	60	pips_40_500-8000.hdf5	both	none
776.76	1	Stimulus/S  1	1	7767600	7767608	0	3	70	pips_40_500-8000.hdf5	both	none
777.8267	1	Stimulus/S  1	1	7778267	7778275	0	4	50	pips_40_500-8000.hdf5	both	none
778.8933	1	Stimulus/S  1	1	7788933	7788941	0	5	30	pips_40_500-8000.hdf5	both	none
779.9387	1	Stimulus/S  1	1	7799387	7799395	1	0	20	pips_40_500-8000.hdf5	both	none
781.0054	1	Stimulus/S  1	1	7810054	7810062	1	1	40	pips_40_500-8000.hdf5	both	none
782.0614	1	Stimulus/S  1	1	7820614	7820622	1	2	60	pips_40_500-8000.hdf5	both	none
783.1067	1	Stimulus/S  1	1	7831067	7831075	1	3	70	pips_40_500-8000.hdf5	both	none
784.1734	1	Stimulus/S  1	1	7841734	7841742	1	4	50	pips_40_500-8000.hdf5	both	none
785.2401	1	Stimulus/S  1	1	7852401	7852409	1	5	30	pips_40_500-8000.hdf5	both	none
786.2961	1	Stimulus/S  1	1	7862961	7862969	2	0	20	pips_40_500-8000.hdf5	both	none
787.3414	1	Stimulus/S  1	1	7873414	7873422	2	1	40	pips_40_500-8000.hdf5	both	none
788.3974	1	Stimulus/S  1	1	7883974	7883982	2	2	60	pips_40_500-8000.hdf5	both	none
789.4428	1	Stimulus/S  1	1	7894428	7894436	2	3	70	pips_40_500-8000.hdf5	both	none
790.4881	1	Stimulus/S  1	1	7904881	7904889	2	4	50	pips_40_500-8000.hdf5	both	none
791.5548	1	Stimulus/S  1	1	7915548	7915556	2	5	30	pips_40_500-8000.hdf5	both	none
792.6215	1	Stimulus/S  1	1	7926215	7926223	3	0	20	pips_40_500-8000.hdf5	both	none
793.6775	1	Stimulus/S  1	1	7936775	7936783	3	1	40	pips_40_500-8000.hdf5	both	none
794.7228	1	Stimulus/S  1	1	7947228	7947236	3	2	60	pips_40_500-8000.hdf5	both	none
795.7895	1	Stimulus/S  1	1	7957895	7957903	3	3	70	pips_40_500-8000.hdf5	both	none
796.8562	1	Stimulus/S  1	1	7968562	7968570	3	4	50	pips_40_500-8000.hdf5	both	none
797.9122	1	Stimulus/S  1	1	7979122	7979130	3	5	30	pips_40_500-8000.hdf5	both	none
798.9789	1	Stimulus/S  1	1	7989789	7989797	4	0	20	pips_40_500-8000.hdf5	both	none
800.0242	1	Stimulus/S  1	1	8000242	8000250	4	1	40	pips_40_500-8000.hdf5	both	none
801.0802	1	Stimulus/S  1	1	8010802	8010810	4	2	60	pips_40_500-8000.hdf5	both	none
802.1469	1	Stimulus/S  1	1	8021469	8021477	4	3	70	pips_40_500-8000.hdf5	both	none
803.2136	1	Stimulus/S  1	1	8032136	8032144	4	4	50	pips_40_500-8000.hdf5	both	none
804.2589	1	Stimulus/S  1	1	8042589	8042597	4	5	30	pips_40_500-8000.hdf5	both	none
805.3043	1	Stimulus/S  1	1	8053043	8053051	5	0	20	pips_40_500-8000.hdf5	both	none
806.3709	1	Stimulus/S  1	1	8063709	8063717	5	1	40	pips_40_500-8000.hdf5	both	none
807.427	1	Stimulus/S  1	1	8074270	8074278	5	2	60	pips_40_500-8000.hdf5	both	none
808.4723	1	Stimulus/S  1	1	8084723	8084731	5	3	70	pips_40_500-8000.hdf5	both	none
809.539	1	Stimulus/S  1	1	8095390	8095398	5	4	50	pips_40_500-8000.hdf5	both	none
810.595	1	Stimulus/S  1	1	8105950	8105958	5	5	30	pips_40_500-8000.hdf5	both	none
811.6403	1	Stimulus/S  1	1	8116403	8116411	6	0	20	pips_40_500-8000.hdf5	both	none
812.707	1	Stimulus/S  1	1	8127070	8127078	6	1	40	pips_40_500-8000.hdf5	both	none
813.763	1	Stimulus/S  1	1	8137630	8137638	6	2	60	pips_40_500-8000.hdf5	both	none
814.8084	1	Stimulus/S  1	1	8148084	8148092	6	3	70	pips_40_500-8000.hdf5	both	none
815.8644	1	Stimulus/S  1	1	8158644	8158652	6	4	50	pips_40_500-8000.hdf5	both	none
816.9097	1	Stimulus/S  1	1	8169097	8169105	6	5	30	pips_40_500-8000.hdf5	both	none
817.9657	1	Stimulus/S  1	1	8179657	8179665	7	0	20	pips_40_500-8000.hdf5	both	none
819.0111	1	Stimulus/S  1	1	8190111	8190119	7	1	40	pips_40_500-8000.hdf5	both	none
820.0564	1	Stimulus/S  1	1	8200564	8200572	7	2	60	pips_40_500-8000.hdf5	both	none
821.1124	1	Stimulus/S  1	1	8211124	8211132	7	3	70	pips_40_500-8000.hdf5	both	none
822.1791	1	Stimulus/S  1	1	8221791	8221799	7	4	50	pips_40_500-8000.hdf5	both	none
823.2244	1	Stimulus/S  1	1	8232244	8232252	7	5	30	pips_40_500-8000.hdf5	both	none
824.2911	1	Stimulus/S  1	1	8242911	8242919	8	0	20	pips_40_500-8000.hdf5	both	none
825.3578	1	Stimulus/S  1	1	8253578	8253586	8	1	40	pips_40_500-8000.hdf5	both	none
826.4138	1	Stimulus/S  1	1	8264138	8264146	8	2	60	pips_40_500-8000.hdf5	both	none
827.4592	1	Stimulus/S  1	1	8274592	8274600	8	3	70	pips_40_500-8000.hdf5	both	none
828.5258	1	Stimulus/S  1	1	8285258	8285266	8	4	50	pips_40_500-8000.hdf5	both	none
829.5925	1	Stimulus/S  1	1	8295925	8295933	8	5	30	pips_40_500-8000.hdf5	both	none
830.6485	1	Stimulus/S  1	1	8306485	8306493	9	0	20	pips_40_500-8000.hdf5	both	none
831.6939	1	Stimulus/S  1	1	8316939	8316947	9	1	40	pips_40_500-8000.hdf5	both	none
832.7392	1	Stimulus/S  1	1	8327392	8327400	9	2	60	pips_40_500-8000.hdf5	both	none
833.8059	1	Stimulus/S  1	1	8338059	8338067	9	3	70	pips_40_500-8000.hdf5	both	none
834.8619	1	Stimulus/S  1	1	8348619	8348627	9	4	50	pips_40_500-8000.hdf5	both	none
835.9072	1	Stimulus/S  1	1	8359072	8359080	9	5	30	pips_40_500-8000.hdf5	both	none
836.9739	1	Stimulus/S  1	1	8369739	8369747	10	0	20	pips_40_500-8000.hdf5	both	none
838.0406	1	Stimulus/S  1	1	8380406	8380414	10	1	40	pips_40_500-8000.hdf5	both	none
839.1073	1	Stimulus/S  1	1	8391073	8391081	10	2	60	pips_40_500-8000.hdf5	both	none
840.1633	1	Stimulus/S  1	1	8401633	8401641	10	3	70	pips_40_500-8000.hdf5	both	none
841.2086	1	Stimulus/S  1	1	8412086	8412094	10	4	50	pips_40_500-8000.hdf5	both	none
842.2646	1	Stimulus/S  1	1	8422646	8422654	10	5	30	pips_40_500-8000.hdf5	both	none
843.3313	1	Stimulus/S  1	1	8433313	8433321	11	0	20	pips_40_500-8000.hdf5	both	none
844.3767	1	Stimulus/S  1	1	8443767	8443775	11	1	40	pips_40_500-8000.hdf5	both	none
845.422	1	Stimulus/S  1	1	8454220	8454228	11	2	60	pips_40_500-8000.hdf5	both	none
846.478	1	Stimulus/S  1	1	8464780	8464788	11	3	70	pips_40_500-8000.hdf5	both	none
847.5447	1	Stimulus/S  1	1	8475447	8475455	11	4	50	pips_40_500-8000.hdf5	both	none
848.59	1	Stimulus/S  1	1	8485900	8485908	11	5	30	pips_40_500-8000.hdf5	both	none
849.646	1	Stimulus/S  1	1	8496460	8496468	12	0	20	pips_40_500-8000.hdf5	both	none
850.6914	1	Stimulus/S  1	1	8506914	8506922	12	1	40	pips_40_500-8000.hdf5	both	none
851.7581	1	Stimulus/S  1	1	8517581	8517589	12	2	60	pips_40_500-8000.hdf5	both	none
852.8247	1	Stimulus/S  1	1	8528247	8528255	12	3	70	pips_40_500-8000.hdf5	both	none
853.8808	1	Stimulus/S  1	1	8538808	8538816	12	4	50	pips_40_500-8000.hdf5	both	none
854.9261	1	Stimulus/S  1	1	8549261	8549269	12	5	30	pips_40_500-8000.hdf5	both	none
855.9928	1	Stimulus/S  1	1	8559928	8559936	13	0	20	pips_40_500-8000.hdf5	both	none
857.0595	1	Stimulus/S  1	1	8570595	8570603	13	1	40	pips_40_500-8000.hdf5	both	none
858.1155	1	Stimulus/S  1	1	8581155	8581163	13	2	60	pips_40_500-8000.hdf5	both	none
859.1608	1	Stimulus/S  1	1	8591608	8591616	13	3	70	pips_40_500-8000.hdf5	both	none
860.2062	1	Stimulus/S  1	1	8602062	8602070	13	4	50	pips_40_500-8000.hdf5	both	none
861.2622	1	Stimulus/S  1	1	8612622	8612630	13	5	30	pips_40_500-8000.hdf5	both	none
862.3288	1	Stimulus/S  1	1	8623288	8623296	14	0	20	pips_40_500-8000.hdf5	both	none
863.3742	1	Stimulus/S  1	1	8633742	8633750	14	1	40	pips_40_500-8000.hdf5	both	none
864.4409	1	Stimulus/S  1	1	8644409	8644417	14	2	60	pips_40_500-8000.hdf5	both	none
865.5075	1	Stimulus/S  1	1	8655075	8655083	14	3	70	pips_40_500-8000.hdf5	both	none
866.5742	1	Stimulus/S  1	1	8665742	8665750	14	4	50	pips_40_500-8000.hdf5	both	none
867.6302	1	Stimulus/S  1	1	8676302	8676310	14	5	30	pips_40_500-8000.hdf5	both	none
868.6756	1	Stimulus/S  1	1	8686756	8686764	15	0	20	pips_40_500-8000.hdf5	both	none
869.7316	1	Stimulus/S  1	1	8697316	8697324	15	1	40	pips_40_500-8000.hdf5	both	none
870.7769	1	Stimulus/S  1	1	8707769	8707777	15	2	60	pips_40_500-8000.hdf5	both	none
871.8436	1	Stimulus/S  1	1	8718436	8718444	15	3	70	pips_40_500-8000.hdf5	both	none
872.9103	1	Stimulus/S  1	1	8729103	8729111	15	4	50	pips_40_500-8000.hdf5	both	none
873.9556	1	Stimulus/S  1	1	8739556	8739564	15	5	30	pips_40_500-8000.hdf5	both	none
875.0116	1	Stimulus/S  1	1	8750116	8750124	16	0	20	pips_40_500-8000.hdf5	both	none
876.0783	1	Stimulus/S  1	1	8760783	8760791	16	1	40	pips_40_500-8000.hdf5	both	none
877.1237	1	Stimulus/S  1	1	8771237	8771245	16	2	60	pips_40_500-8000.hdf5	both	none
878.1903	1	Stimulus/S  1	1	8781903	8781911	16	3	70	pips_40_500-8000.hdf5	both	none
879.257	1	Stimulus/S  1	1	8792570	8792578	16	4	50	pips_40_500-8000.hdf5	both	none
880.313	1	Stimulus/S  1	1	8803130	8803138	16	5	30	pips_40_500-8000.hdf5	both	none
881.3584	1	Stimulus/S  1	1	8813584	8813592	17	0	20	pips_40_500-8000.hdf5	both	none
882.4144	1	Stimulus/S  1	1	8824144	8824152	17	1	40	pips_40_500-8000.hdf5	both	none
883.4597	1	Stimulus/S  1	1	8834597	8834605	17	2	60	pips_40_500-8000.hdf5	both	none
884.5264	1	Stimulus/S  1	1	8845264	8845272	17	3	70	pips_40_500-8000.hdf5	both	none
885.5824	1	Stimulus/S  1	1	8855824	8855832	17	4	50	pips_40_500-8000.hdf5	both	none
886.6278	1	Stimulus/S  1	1	8866278	8866286	17	5	30	pips_40_500-8000.hdf5	both	none
887.6944	1	Stimulus/S  1	1	8876944	8876952	18	0	20	pips_40_500-8000.hdf5	both	none
888.7611	1	Stimulus/S  1	1	8887611	8887619	18	1	40	pips_40_500-8000.hdf5	both	none
889.8278	1	Stimulus/S  1	1	8898278	8898286	18	2	60	pips_40_500-8000.hdf5	both	none
890.8945	1	Stimulus/S  1	1	8908945	8908953	18	3	70	pips_40_500-8000.hdf5	both	none
891.9398	1	Stimulus/S  1	1	8919398	8919406	18	4	50	pips_40_500-8000.hdf5	both	none
892.9958	1	Stimulus/S  1	1	8929958	8929966	18	5	30	pips_40_500-8000.hdf5	both	none
894.0625	1	Stimulus/S  1	1	8940625	8940633	19	0	20	pips_40_500-8000.hdf5	both	none
895.1292	1	Stimulus/S  1	1	8951292	8951300	19	1	40	pips_40_500-8000.hdf5	both	none
896.1958	1	Stimulus/S  1	1	8961958	8961966	19	2	60	pips_40_500-8000.hdf5	both	none
897.2412	1	Stimulus/S  1	1	8972412	8972420	19	3	70	pips_40_500-8000.hdf5	both	none
898.2972	1	Stimulus/S  1	1	8982972	8982980	19	4	50	pips_40_500-8000.hdf5	both	none
899.3425	1	Stimulus/S  1	1	8993425	8993433	19	5	30	pips_40_500-8000.hdf5	both	none
900.4092	1	Stimulus/S  1	1	9004092	9004100	20	0	20	pips_40_500-8000.hdf5	both	none
901.4759	1	Stimulus/S  1	1	9014759	9014767	20	1	40	pips_40_500-8000.hdf5	both	none
902.5426	1	Stimulus/S  1	1	9025426	9025434	20	2	60	pips_40_500-8000.hdf5	both	none
903.5986	1	Stimulus/S  1	1	9035986	9035994	20	3	70	pips_40_500-8000.hdf5	both	none
904.6439	1	Stimulus/S  1	1	9046439	9046447	20	4	50	pips_40_500-8000.hdf5	both	none
905.6893	1	Stimulus/S  1	1	9056893	9056901	20	5	30	pips_40_500-8000.hdf5	both	none
906.7666	1	Stimulus/S  1	1	9067666	9067674	21	0	20	pips_40_500-8000.hdf5	both	none
907.8226	1	Stimulus/S  1	1	9078226	9078234	21	1	40	pips_40_500-8000.hdf5	both	none
908.8786	1	Stimulus/S  1	1	9088786	9088794	21	2	60	pips_40_500-8000.hdf5	both	none
909.924	1	Stimulus/S  1	1	9099240	9099248	21	3	70	pips_40_500-8000.hdf5	both	none
910.9907	1	Stimulus/S  1	1	9109907	9109915	21	4	50	pips_40_500-8000.hdf5	both	none
912.0467	1	Stimulus/S  1	1	9120467	9120475	21	5	30	pips_40_500-8000.hdf5	both	none
913.1134	1	Stimulus/S  1	1	9131134	9131142	22	0	20	pips_40_500-8000.hdf5	both	none
914.18	1	Stimulus/S  1	1	9141800	9141808	22	1	40	pips_40_500-8000.hdf5	both	none
915.2254	1	Stimulus/S  1	1	9152254	9152262	22	2	60	pips_40_500-8000.hdf5	both	none
916.2814	1	Stimulus/S  1	1	9162814	9162822	22	3	70	pips_40_500-8000.hdf5	both	none
917.3267	1	Stimulus/S  1	1	9173267	9173275	22	4	50	pips_40_500-8000.hdf5	both	none
918.3934	1	Stimulus/S  1	1	9183934	9183942	22	5	30	pips_40_500-8000.hdf5	both	none
919.4601	1	Stimulus/S  1	1	9194601	9194609	23	0	20	pips_40_500-8000.hdf5	both	none
920.5161	1	Stimulus/S  1	1	9205161	9205169	23	1	40	pips_40_500-8000.hdf5	both	none
921.5828	1	Stimulus/S  1	1	9215828	9215836	23	2	60	pips_40_500-8000.hdf5	both	none
922.6494	1	Stimulus/S  1	1	9226494	9226502	23	3	70	pips_40_500-8000.hdf5	both	none
923.6948	1	Stimulus/S  1	1	9236948	9236956	23	4	50	pips_40_500-8000.hdf5	both	none
924.7401	1	Stimulus/S  1	1	9247401	9247409	23	5	30	pips_40_500-8000.hdf5	both	none
925.8068	1	Stimulus/S  1	1	9258068	9258076	24	0	20	pips_40_500-8000.hdf5	both	none
926.8628	1	Stimulus/S  1	1	9268628	9268636	24	1	40	pips_40_500-8000.hdf5	both	none
927.9082	1	Stimulus/S  1	1	9279082	9279090	24	2	60	pips_40_500-8000.hdf5	both	none
928.9642	1	Stimulus/S  1	1	9289642	9289650	24	3	70	pips_40_500-8000.hdf5	both	none
930.0095	1	Stimulus/S  1	1	9300095	9300103	24	4	50	pips_40_500-8000.hdf5	both	none
931.0655	1	Stimulus/S  1	1	9310655	9310663	24	5	30	pips_40_500-8000.hdf5	both	none
932.1109	1	Stimulus/S  1	1	9321109	9321117	25	0	20	pips_40_500-8000.hdf5	both	none
933.1562	1	Stimulus/S  1	1	9331562	9331570	25	1	40	pips_40_500-8000.hdf5	both	none
934.2122	1	Stimulus/S  1	1	9342122	9342130	25	2	60	pips_40_500-8000.hdf5	both	none
935.2789	1	Stimulus/S  1	1	9352789	9352797	25	3	70	pips_40_500-8000.hdf5	both	none
936.3456	1	Stimulus/S  1	1	9363456	9363464	25	4	50	pips_40_500-8000.hdf5	both	none
937.3909	1	Stimulus/S  1	1	9373909	9373917	25	5	30	pips_40_500-8000.hdf5	both	none
938.4469	1	Stimulus/S  1	1	9384469	9384477	26	0	20	pips_40_500-8000.hdf5	both	none
939.4923	1	Stimulus/S  1	1	9394923	9394931	26	1	40	pips_40_500-8000.hdf5	both	none
940.559	1	Stimulus/S  1	1	9405590	9405598	26	2	60	pips_40_500-8000.hdf5	both	none
941.615	1	Stimulus/S  1	1	9416150	9416158	26	3	70	pips_40_500-8000.hdf5	both	none
942.6603	1	Stimulus/S  1	1	9426603	9426611	26	4	50	pips_40_500-8000.hdf5	both	none
943.727	1	Stimulus/S  1	1	9437270	9437278	26	5	30	pips_40_500-8000.hdf5	both	none
944.7937	1	Stimulus/S  1	1	9447937	9447945	27	0	20	pips_40_500-8000.hdf5	both	none
945.8603	1	Stimulus/S  1	1	9458603	9458611	27	1	40	pips_40_500-8000.hdf5	both	none
946.9164	1	Stimulus/S  1	1	9469164	9469172	27	2	60	pips_40_500-8000.hdf5	both	none
947.9617	1	Stimulus/S  1	1	9479617	9479625	27	3	70	pips_40_500-8000.hdf5	both	none
949.0284	1	Stimulus/S  1	1	9490284	9490292	27	4	50	pips_40_500-8000.hdf5	both	none
950.0737	1	Stimulus/S  1	1	9500737	9500745	27	5	30	pips_40_500-8000.hdf5	both	none
951.1404	1	Stimulus/S  1	1	9511404	9511412	28	0	20	pips_40_500-8000.hdf5	both	none
952.1964	1	Stimulus/S  1	1	9521964	9521972	28	1	40	pips_40_500-8000.hdf5	both	none
953.2418	1	Stimulus/S  1	1	9532418	9532426	28	2	60	pips_40_500-8000.hdf5	both	none
954.3084	1	Stimulus/S  1	1	9543084	9543092	28	3	70	pips_40_500-8000.hdf5	both	none
955.3751	1	Stimulus/S  1	1	9553751	9553759	28	4	50	pips_40_500-8000.hdf5	both	none
956.4311	1	Stimulus/S  1	1	9564311	9564319	28	5	30	pips_40_500-8000.hdf5	both	none
957.4978	1	Stimulus/S  1	1	9574978	9574986	29	0	20	pips_40_500-8000.hdf5	both	none
958.5431	1	Stimulus/S  1	1	9585431	9585439	29	1	40	pips_40_500-8000.hdf5	both	none
959.5992	1	Stimulus/S  1	1	9595992	9596000	29	2	60	pips_40_500-8000.hdf5	both	none
960.6658	1	Stimulus/S  1	1	9606658	9606666	29	3	70	pips_40_500-8000.hdf5	both	none
961.7112	1	Stimulus/S  1	1	9617112	9617120	29	4	50	pips_40_500-8000.hdf5	both	none
962.7672	1	Stimulus/S  1	1	9627672	9627680	29	5	30	pips_40_500-8000.hdf5	both	none
963.8339	1	Stimulus/S  1	1	9638339	9638347	30	0	20	pips_40_500-8000.hdf5	both	none
964.8792	1	Stimulus/S  1	1	9648792	9648800	30	1	40	pips_40_500-8000.hdf5	both	none
965.9245	1	Stimulus/S  1	1	9659245	9659253	30	2	60	pips_40_500-8000.hdf5	both	none
966.9806	1	Stimulus/S  1	1	9669806	9669814	30	3	70	pips_40_500-8000.hdf5	both	none
968.0259	1	Stimulus/S  1	1	9680259	9680267	30	4	50	pips_40_500-8000.hdf5	both	none
969.0819	1	Stimulus/S  1	1	9690819	9690827	30	5	30	pips_40_500-8000.hdf5	both	none
970.1273	1	Stimulus/S  1	1	9701273	9701281	31	0	20	pips_40_500-8000.hdf5	both	none
971.1939	1	Stimulus/S  1	1	9711939	9711947	31	1	40	pips_40_500-8000.hdf5	both	none
972.2499	1	Stimulus/S  1	1	9722499	9722507	31	2	60	pips_40_500-8000.hdf5	both	none
973.2953	1	Stimulus/S  1	1	9732953	9732961	31	3	70	pips_40_500-8000.hdf5	both	none
974.3406	1	Stimulus/S  1	1	9743406	9743414	31	4	50	pips_40_500-8000.hdf5	both	none
975.3966	1	Stimulus/S  1	1	9753966	9753974	31	5	30	pips_40_500-8000.hdf5	both	none
976.4633	1	Stimulus/S  1	1	9764633	9764641	32	0	20	pips_40_500-8000.hdf5	both	none
977.53	1	Stimulus/S  1	1	9775300	9775308	32	1	40	pips_40_500-8000.hdf5	both	none
978.5753	1	Stimulus/S  1	1	9785753	9785761	32	2	60	pips_40_500-8000.hdf5	both	none
979.6314	1	Stimulus/S  1	1	9796314	9796322	32	3	70	pips_40_500-8000.hdf5	both	none
980.6767	1	Stimulus/S  1	1	9806767	9806775	32	4	50	pips_40_500-8000.hdf5	both	none
981.7434	1	Stimulus/S  1	1	9817434	9817442	32	5	30	pips_40_500-8000.hdf5	both	none
982.8101	1	Stimulus/S  1	1	9828101	9828109	33	0	20	pips_40_500-8000.hdf5	both	none
983.8767	1	Stimulus/S  1	1	9838767	9838775	33	1	40	pips_40_500-8000.hdf5	both	none
984.9327	1	Stimulus/S  1	1	9849327	9849335	33	2	60	pips_40_500-8000.hdf5	both	none
985.9994	1	Stimulus/S  1	1	9859994	9860002	33	3	70	pips_40_500-8000.hdf5	both	none
987.0661	1	Stimulus/S  1	1	9870661	9870669	33	4	50	pips_40_500-8000.hdf5	both	none
988.1328	1	Stimulus/S  1	1	9881328	9881336	33	5	30	pips_40_500-8000.hdf5	both	none
989.1781	1	Stimulus/S  1	1	9891781	9891789	34	0	20	pips_40_500-8000.hdf5	both	none
990.2341	1	Stimulus/S  1	1	9902341	9902349	34	1	40	pips_40_500-8000.hdf5	both	none
991.2795	1	Stimulus/S  1	1	9912795	9912803	34	2	60	pips_40_500-8000.hdf5	both	none
992.3461	1	Stimulus/S  1	1	9923461	9923469	34	3	70	pips_40_500-8000.hdf5	both	none
993.4128	1	Stimulus/S  1	1	9934128	9934136	34	4	50	pips_40_500-8000.hdf5	both	none
994.4795	1	Stimulus/S  1	1	9944795	9944803	34	5	30	pips_40_500-8000.hdf5	both	none
995.5462	1	Stimulus/S  1	1	9955462	9955470	35	0	20	pips_40_500-8000.hdf5	both	none
996.5915	1	Stimulus/S  1	1	9965915	9965923	35	1	40	pips_40_500-8000.hdf5	both	none
997.6475	1	Stimulus/S  1	1	9976475	9976483	35	2	60	pips_40_500-8000.hdf5	both	none
998.6929	1	Stimulus/S  1	1	9986929	9986937	35	3	70	pips_40_500-8000.hdf5	both	none
999.7596	1	Stimulus/S  1	1	9997596	9997604	35	4	50	pips_40_500-8000.hdf5	both	none
1000.8262	1	Stimulus/S  1	1	10008262	10008270	35	5	30	pips_40_500-8000.hdf5	both	none
1001.8822	1	Stimulus/S  1	1	10018822	10018830	36	0	20	pips_40_500-8000.hdf5	both	none
1002.9489	1	Stimulus/S  1	1	10029489	10029497	36	1	40	pips_40_500-8000.hdf5	both	none
1003.9943	1	Stimulus/S  1	1	10039943	10039951	36	2	60	pips_40_500-8000.hdf5	both	none
1005.0503	1	Stimulus/S  1	1	10050503	10050511	36	3	70	pips_40_500-8000.hdf5	both	none
1006.0956	1	Stimulus/S  1	1	10060956	10060964	36	4	50	pips_40_500-8000.hdf5	both	none
1007.1623	1	Stimulus/S  1	1	10071623	10071631	36	5	30	pips_40_500-8000.hdf5	both	none
1008.2183	1	Stimulus/S  1	1	10082183	10082191	37	0	20	pips_40_500-8000.hdf5	both	none
1009.2637	1	Stimulus/S  1	1	10092637	10092645	37	1	40	pips_40_500-8000.hdf5	both	none
1010.309	1	Stimulus/S  1	1	10103090	10103098	37	2	60	pips_40_500-8000.hdf5	both	none
1011.3757	1	Stimulus/S  1	1	10113757	10113765	37	3	70	pips_40_500-8000.hdf5	both	none
1012.4423	1	Stimulus/S  1	1	10124423	10124431	37	4	50	pips_40_500-8000.hdf5	both	none
1013.4984	1	Stimulus/S  1	1	10134984	10134992	37	5	30	pips_40_500-8000.hdf5	both	none
1014.5437	1	Stimulus/S  1	1	10145437	10145445	38	0	20	pips_40_500-8000.hdf5	both	none
1015.5997	1	Stimulus/S  1	1	10155997	10156005	38	1	40	pips_40_500-8000.hdf5	both	none
1016.6451	1	Stimulus/S  1	1	10166451	10166459	38	2	60	pips_40_500-8000.hdf5	both	none
1017.7117	1	Stimulus/S  1	1	10177117	10177125	38	3	70	pips_40_500-8000.hdf5	both	none
1018.7784	1	Stimulus/S  1	1	10187784	10187792	38	4	50	pips_40_500-8000.hdf5	both	none
1019.8344	1	Stimulus/S  1	1	10198344	10198352	38	5	30	pips_40_500-8000.hdf5	both	none
1020.8798	1	Stimulus/S  1	1	10208798	10208806	39	0	20	pips_40_500-8000.hdf5	both	none
1021.9251	1	Stimulus/S  1	1	10219251	10219259	39	1	40	pips_40_500-8000.hdf5	both	none
1022.9811	1	Stimulus/S  1	1	10229811	10229819	39	2	60	pips_40_500-8000.hdf5	both	none
1024.0478	1	Stimulus/S  1	1	10240478	10240486	39	3	70	pips_40_500-8000.hdf5	both	none
1025.0931	1	Stimulus/S  1	1	10250931	10250939	39	4	50	pips_40_500-8000.hdf5	both	none
1026.1492	1	Stimulus/S  1	1	10261492	10261500	39	5	30	pips_40_500-8000.hdf5	both	none
1027.2158	1	Stimulus/S  1	1	10272158	10272166	40	0	20	pips_40_500-8000.hdf5	both	none
1028.2612	1	Stimulus/S  1	1	10282612	10282620	40	1	40	pips_40_500-8000.hdf5	both	none
1029.3172	1	Stimulus/S  1	1	10293172	10293180	40	2	60	pips_40_500-8000.hdf5	both	none
1030.3625	1	Stimulus/S  1	1	10303625	10303633	40	3	70	pips_40_500-8000.hdf5	both	none
1031.4185	1	Stimulus/S  1	1	10314185	10314193	40	4	50	pips_40_500-8000.hdf5	both	none
1032.4639	1	Stimulus/S  1	1	10324639	10324647	40	5	30	pips_40_500-8000.hdf5	both	none
1033.5306	1	Stimulus/S  1	1	10335306	10335314	41	0	20	pips_40_500-8000.hdf5	both	none
1034.5759	1	Stimulus/S  1	1	10345759	10345767	41	1	40	pips_40_500-8000.hdf5	both	none
1035.6319	1	Stimulus/S  1	1	10356319	10356327	41	2	60	pips_40_500-8000.hdf5	both	none
1036.6986	1	Stimulus/S  1	1	10366986	10366994	41	3	70	pips_40_500-8000.hdf5	both	none
1037.7439	1	Stimulus/S  1	1	10377439	10377447	41	4	50	pips_40_500-8000.hdf5	both	none
1038.7999	1	Stimulus/S  1	1	10387999	10388007	41	5	30	pips_40_500-8000.hdf5	both	none
1039.8453	1	Stimulus/S  1	1	10398453	10398461	42	0	20	pips_40_500-8000.hdf5	both	none
1040.9013	1	Stimulus/S  1	1	10409013	10409021	42	1	40	pips_40_500-8000.hdf5	both	none
1041.968	1	Stimulus/S  1	1	10419680	10419688	42	2	60	pips_40_500-8000.hdf5	both	none
1043.0347	1	Stimulus/S  1	1	10430347	10430355	42	3	70	pips_40_500-8000.hdf5	both	none
1044.08	1	Stimulus/S  1	1	10440800	10440808	42	4	50	pips_40_500-8000.hdf5	both	none
1045.1253	1	Stimulus/S  1	1	10451253	10451261	42	5	30	pips_40_500-8000.hdf5	both	none
1046.1814	1	Stimulus/S  1	1	10461814	10461822	43	0	20	pips_40_500-8000.hdf5	both	none
1047.2267	1	Stimulus/S  1	1	10472267	10472275	43	1	40	pips_40_500-8000.hdf5	both	none
1048.2934	1	Stimulus/S  1	1	10482934	10482942	43	2	60	pips_40_500-8000.hdf5	both	none
1049.3494	1	Stimulus/S  1	1	10493494	10493502	43	3	70	pips_40_500-8000.hdf5	both	none
1050.4161	1	Stimulus/S  1	1	10504161	10504169	43	4	50	pips_40_500-8000.hdf5	both	none
1051.4614	1	Stimulus/S  1	1	10514614	10514622	43	5	30	pips_40_500-8000.hdf5	both	none
1052.5174	1	Stimulus/S  1	1	10525174	10525182	44	0	20	pips_40_500-8000.hdf5	both	none
1053.5841	1	Stimulus/S  1	1	10535841	10535849	44	1	40	pips_40_500-8000.hdf5	both	none
1054.6508	1	Stimulus/S  1	1	10546508	10546516	44	2	60	pips_40_500-8000.hdf5	both	none
1055.6961	1	Stimulus/S  1	1	10556961	10556969	44	3	70	pips_40_500-8000.hdf5	both	none
1056.7628	1	Stimulus/S  1	1	10567628	10567636	44	4	50	pips_40_500-8000.hdf5	both	none
1057.8295	1	Stimulus/S  1	1	10578295	10578303	44	5	30	pips_40_500-8000.hdf5	both	none
1058.8855	1	Stimulus/S  1	1	10588855	10588863	45	0	20	pips_40_500-8000.hdf5	both	none
1059.9308	1	Stimulus/S  1	1	10599308	10599316	45	1	40	pips_40_500-8000.hdf5	both	none
1060.9762	1	Stimulus/S  1	1	10609762	10609770	45	2	60	pips_40_500-8000.hdf5	both	none
1062.0428	1	Stimulus/S  1	1	10620428	10620436	45	3	70	pips_40_500-8000.hdf5	both	none
1063.1095	1	Stimulus/S  1	1	10631095	10631103	45	4	50	pips_40_500-8000.hdf5	both	none
1064.1655	1	Stimulus/S  1	1	10641655	10641663	45	5	30	pips_40_500-8000.hdf5	both	none
1065.2109	1	Stimulus/S  1	1	10652109	10652117	46	0	20	pips_40_500-8000.hdf5	both	none
1066.2669	1	Stimulus/S  1	1	10662669	10662677	46	1	40	pips_40_500-8000.hdf5	both	none
1067.3336	1	Stimulus/S  1	1	10673336	10673344	46	2	60	pips_40_500-8000.hdf5	both	none
1068.4002	1	Stimulus/S  1	1	10684002	10684010	46	3	70	pips_40_500-8000.hdf5	both	none
1069.4669	1	Stimulus/S  1	1	10694669	10694677	46	4	50	pips_40_500-8000.hdf5	both	none
1070.5123	1	Stimulus/S  1	1	10705123	10705131	46	5	30	pips_40_500-8000.hdf5	both	none
1071.5683	1	Stimulus/S  1	1	10715683	10715691	47	0	20	pips_40_500-8000.hdf5	both	none
1072.6136	1	Stimulus/S  1	1	10726136	10726144	47	1	40	pips_40_500-8000.hdf5	both	none
1073.6803	1	Stimulus/S  1	1	10736803	10736811	47	2	60	pips_40_500-8000.hdf5	both	none
1074.747	1	Stimulus/S  1	1	10747470	10747478	47	3	70	pips_40_500-8000.hdf5	both	none
1075.7923	1	Stimulus/S  1	1	10757923	10757931	47	4	50	pips_40_500-8000.hdf5	both	none
1076.8483	1	Stimulus/S  1	1	10768483	10768491	47	5	30	pips_40_500-8000.hdf5	both	none
1077.8937	1	Stimulus/S  1	1	10778937	10778945	48	0	20	pips_40_500-8000.hdf5	both	none
1078.9603	1	Stimulus/S  1	1	10789603	10789611	48	1	40	pips_40_500-8000.hdf5	both	none
1080.0164	1	Stimulus/S  1	1	10800164	10800172	48	2	60	pips_40_500-8000.hdf5	both	none
1081.0617	1	Stimulus/S  1	1	10810617	10810625	48	3	70	pips_40_500-8000.hdf5	both	none
1082.1284	1	Stimulus/S  1	1	10821284	10821292	48	4	50	pips_40_500-8000.hdf5	both	none
1083.1844	1	Stimulus/S  1	1	10831844	10831852	48	5	30	pips_40_500-8000.hdf5	both	none
1084.2297	1	Stimulus/S  1	1	10842297	10842305	49	0	20	pips_40_500-8000.hdf5	both	none
1085.2964	1	Stimulus/S  1	1	10852964	10852972	49	1	40	pips_40_500-8000.hdf5	both	none
1086.3631	1	Stimulus/S  1	1	10863631	10863639	49	2	60	pips_40_500-8000.hdf5	both	none
1087.4191	1	Stimulus/S  1	1	10874191	10874199	49	3	70	pips_40_500-8000.hdf5	both	none
1088.4644	1	Stimulus/S  1	1	10884644	10884652	49	4	50	pips_40_500-8000.hdf5	both	none
1089.5205	1	Stimulus/S  1	1	10895205	10895213	49	5	30	pips_40_500-8000.hdf5	both	none
1090.5658	1	Stimulus/S  1	1	10905658	10905666	50	0	20	pips_40_500-8000.hdf5	both	none
1091.6111	1	Stimulus/S  1	1	10916111	10916119	50	1	40	pips_40_500-8000.hdf5	both	none
1092.6778	1	Stimulus/S  1	1	10926778	10926786	50	2	60	pips_40_500-8000.hdf5	both	none
1093.7338	1	Stimulus/S  1	1	10937338	10937346	50	3	70	pips_40_500-8000.hdf5	both	none
1094.7792	1	Stimulus/S  1	1	10947792	10947800	50	4	50	pips_40_500-8000.hdf5	both	none
1095.8352	1	Stimulus/S  1	1	10958352	10958360	50	5	30	pips_40_500-8000.hdf5	both	none
1096.9019	1	Stimulus/S  1	1	10969019	10969027	51	0	20	pips_40_500-8000.hdf5	both	none
1097.9685	1	Stimulus/S  1	1	10979685	10979693	51	1	40	pips_40_500-8000.hdf5	both	none
1099.0139	1	Stimulus/S  1	1	10990139	10990147	51	2	60	pips_40_500-8000.hdf5	both	none
1100.0806	1	Stimulus/S  1	1	11000806	11000814	51	3	70	pips_40_500-8000.hdf5	both	none
1101.1472	1	Stimulus/S  1	1	11011472	11011480	51	4	50	pips_40_500-8000.hdf5	both	none
1102.2139	1	Stimulus/S  1	1	11022139	11022147	51	5	30	pips_40_500-8000.hdf5	both	none
1103.2699	1	Stimulus/S  1	1	11032699	11032707	52	0	20	pips_40_500-8000.hdf5	both	none
1104.3153	1	Stimulus/S  1	1	11043153	11043161	52	1	40	pips_40_500-8000.hdf5	both	none
1105.3606	1	Stimulus/S  1	1	11053606	11053614	52	2	60	pips_40_500-8000.hdf5	both	none
1106.4166	1	Stimulus/S  1	1	11064166	11064174	52	3	70	pips_40_500-8000.hdf5	both	none
1107.4833	1	Stimulus/S  1	1	11074833	11074841	52	4	50	pips_40_500-8000.hdf5	both	none
1108.5286	1	Stimulus/S  1	1	11085286	11085294	52	5	30	pips_40_500-8000.hdf5	both	none
1109.5953	1	Stimulus/S  1	1	11095953	11095961	53	0	20	pips_40_500-8000.hdf5	both	none
1110.662	1	Stimulus/S  1	1	11106620	11106628	53	1	40	pips_40_500-8000.hdf5	both	none
1111.7287	1	Stimulus/S  1	1	11117287	11117295	53	2	60	pips_40_500-8000.hdf5	both	none
1112.7847	1	Stimulus/S  1	1	11127847	11127855	53	3	70	pips_40_500-8000.hdf5	both	none
1113.83	1	Stimulus/S  1	1	11138300	11138308	53	4	50	pips_40_500-8000.hdf5	both	none
1114.8967	1	Stimulus/S  1	1	11148967	11148975	53	5	30	pips_40_500-8000.hdf5	both	none
1115.9634	1	Stimulus/S  1	1	11159634	11159642	54	0	20	pips_40_500-8000.hdf5	both	none
1117.0194	1	Stimulus/S  1	1	11170194	11170202	54	1	40	pips_40_500-8000.hdf5	both	none
1118.0647	1	Stimulus/S  1	1	11180647	11180655	54	2	60	pips_40_500-8000.hdf5	both	none
1119.1314	1	Stimulus/S  1	1	11191314	11191322	54	3	70	pips_40_500-8000.hdf5	both	none
1120.1768	1	Stimulus/S  1	1	11201768	11201776	54	4	50	pips_40_500-8000.hdf5	both	none
1121.2434	1	Stimulus/S  1	1	11212434	11212442	54	5	30	pips_40_500-8000.hdf5	both	none
1122.3101	1	Stimulus/S  1	1	11223101	11223109	55	0	20	pips_40_500-8000.hdf5	both	none
1123.3661	1	Stimulus/S  1	1	11233661	11233669	55	1	40	pips_40_500-8000.hdf5	both	none
1124.4328	1	Stimulus/S  1	1	11244328	11244336	55	2	60	pips_40_500-8000.hdf5	both	none
1125.4781	1	Stimulus/S  1	1	11254781	11254789	55	3	70	pips_40_500-8000.hdf5	both	none
1126.5342	1	Stimulus/S  1	1	11265342	11265350	55	4	50	pips_40_500-8000.hdf5	both	none
1127.6008	1	Stimulus/S  1	1	11276008	11276016	55	5	30	pips_40_500-8000.hdf5	both	none
1128.6462	1	Stimulus/S  1	1	11286462	11286470	56	0	20	pips_40_500-8000.hdf5	both	none
1129.7129	1	Stimulus/S  1	1	11297129	11297137	56	1	40	pips_40_500-8000.hdf5	both	none
1130.7689	1	Stimulus/S  1	1	11307689	11307697	56	2	60	pips_40_500-8000.hdf5	both	none
1131.8142	1	Stimulus/S  1	1	11318142	11318150	56	3	70	pips_40_500-8000.hdf5	both	none
1132.8809	1	Stimulus/S  1	1	11328809	11328817	56	4	50	pips_40_500-8000.hdf5	both	none
1133.9369	1	Stimulus/S  1	1	11339369	11339377	56	5	30	pips_40_500-8000.hdf5	both	none
1134.9822	1	Stimulus/S  1	1	11349822	11349830	57	0	20	pips_40_500-8000.hdf5	both	none
1136.0489	1	Stimulus/S  1	1	11360489	11360497	57	1	40	pips_40_500-8000.hdf5	both	none
1137.0943	1	Stimulus/S  1	1	11370943	11370951	57	2	60	pips_40_500-8000.hdf5	both	none
1138.1503	1	Stimulus/S  1	1	11381503	11381511	57	3	70	pips_40_500-8000.hdf5	both	none
1139.217	1	Stimulus/S  1	1	11392170	11392178	57	4	50	pips_40_500-8000.hdf5	both	none
1140.2623	1	Stimulus/S  1	1	11402623	11402631	57	5	30	pips_40_500-8000.hdf5	both	none
1141.329	1	Stimulus/S  1	1	11413290	11413298	58	0	20	pips_40_500-8000.hdf5	both	none
1142.3957	1	Stimulus/S  1	1	11423957	11423965	58	1	40	pips_40_500-8000.hdf5	both	none
1143.4623	1	Stimulus/S  1	1	11434623	11434631	58	2	60	pips_40_500-8000.hdf5	both	none
1144.5183	1	Stimulus/S  1	1	11445183	11445191	58	3	70	pips_40_500-8000.hdf5	both	none
1145.5637	1	Stimulus/S  1	1	11455637	11455645	58	4	50	pips_40_500-8000.hdf5	both	none
1146.6304	1	Stimulus/S  1	1	11466304	11466312	58	5	30	pips_40_500-8000.hdf5	both	none
1147.6864	1	Stimulus/S  1	1	11476864	11476872	59	0	20	pips_40_500-8000.hdf5	both	none
1148.753	1	Stimulus/S  1	1	11487530	11487538	59	1	40	pips_40_500-8000.hdf5	both	none
1149.7984	1	Stimulus/S  1	1	11497984	11497992	59	2	60	pips_40_500-8000.hdf5	both	none
1150.8651	1	Stimulus/S  1	1	11508651	11508659	59	3	70	pips_40_500-8000.hdf5	both	none
1151.9104	1	Stimulus/S  1	1	11519104	11519112	59	4	50	pips_40_500-8000.hdf5	both	none
1152.9664	1	Stimulus/S  1	1	11529664	11529672	59	5	30	pips_40_500-8000.hdf5	both	none
1154.0118	1	Stimulus/S  1	1	11540118	11540126	60	0	20	pips_40_500-8000.hdf5	both	none
1155.0678	1	Stimulus/S  1	1	11550678	11550686	60	1	40	pips_40_500-8000.hdf5	both	none
1156.1131	1	Stimulus/S  1	1	11561131	11561139	60	2	60	pips_40_500-8000.hdf5	both	none
1157.1691	1	Stimulus/S  1	1	11571691	11571699	60	3	70	pips_40_500-8000.hdf5	both	none
1158.2358	1	Stimulus/S  1	1	11582358	11582366	60	4	50	pips_40_500-8000.hdf5	both	none
1159.2812	1	Stimulus/S  1	1	11592812	11592820	60	5	30	pips_40_500-8000.hdf5	both	none
1160.3478	1	Stimulus/S  1	1	11603478	11603486	61	0	20	pips_40_500-8000.hdf5	both	none
1161.4145	1	Stimulus/S  1	1	11614145	11614153	61	1	40	pips_40_500-8000.hdf5	both	none
1162.4705	1	Stimulus/S  1	1	11624705	11624713	61	2	60	pips_40_500-8000.hdf5	both	none
1163.5372	1	Stimulus/S  1	1	11635372	11635380	61	3	70	pips_40_500-8000.hdf5	both	none
1164.5825	1	Stimulus/S  1	1	11645825	11645833	61	4	50	pips_40_500-8000.hdf5	both	none
1165.6279	1	Stimulus/S  1	1	11656279	11656287	61	5	30	pips_40_500-8000.hdf5	both	none
1166.6839	1	Stimulus/S  1	1	11666839	11666847	62	0	20	pips_40_500-8000.hdf5	both	none
1167.7292	1	Stimulus/S  1	1	11677292	11677300	62	1	40	pips_40_500-8000.hdf5	both	none
1168.7852	1	Stimulus/S  1	1	11687852	11687860	62	2	60	pips_40_500-8000.hdf5	both	none
1169.8519	1	Stimulus/S  1	1	11698519	11698527	62	3	70	pips_40_500-8000.hdf5	both	none
1170.9186	1	Stimulus/S  1	1	11709186	11709194	62	4	50	pips_40_500-8000.hdf5	both	none
1171.9639	1	Stimulus/S  1	1	11719639	11719647	62	5	30	pips_40_500-8000.hdf5	both	none
1173.0306	1	Stimulus/S  1	1	11730306	11730314	63	0	20	pips_40_500-8000.hdf5	both	none
1174.0866	1	Stimulus/S  1	1	11740866	11740874	63	1	40	pips_40_500-8000.hdf5	both	none
1175.132	1	Stimulus/S  1	1	11751320	11751328	63	2	60	pips_40_500-8000.hdf5	both	none
1176.1987	1	Stimulus/S  1	1	11761987	11761995	63	3	70	pips_40_500-8000.hdf5	both	none
1177.244	1	Stimulus/S  1	1	11772440	11772448	63	4	50	pips_40_500-8000.hdf5	both	none
1178.3107	1	Stimulus/S  1	1	11783107	11783115	63	5	30	pips_40_500-8000.hdf5	both	none
1179.3667	1	Stimulus/S  1	1	11793667	11793675	64	0	20	pips_40_500-8000.hdf5	both	none
1180.4334	1	Stimulus/S  1	1	11804334	11804342	64	1	40	pips_40_500-8000.hdf5	both	none
1181.4787	1	Stimulus/S  1	1	11814787	11814795	64	2	60	pips_40_500-8000.hdf5	both	none
1182.5454	1	Stimulus/S  1	1	11825454	11825462	64	3	70	pips_40_500-8000.hdf5	both	none
1183.6014	1	Stimulus/S  1	1	11836014	11836022	64	4	50	pips_40_500-8000.hdf5	both	none
1184.6467	1	Stimulus/S  1	1	11846467	11846475	64	5	30	pips_40_500-8000.hdf5	both	none
1185.7134	1	Stimulus/S  1	1	11857134	11857142	65	0	20	pips_40_500-8000.hdf5	both	none
1186.7694	1	Stimulus/S  1	1	11867694	11867702	65	1	40	pips_40_500-8000.hdf5	both	none
1187.8148	1	Stimulus/S  1	1	11878148	11878156	65	2	60	pips_40_500-8000.hdf5	both	none
1188.8708	1	Stimulus/S  1	1	11888708	11888716	65	3	70	pips_40_500-8000.hdf5	both	none
1189.9375	1	Stimulus/S  1	1	11899375	11899383	65	4	50	pips_40_500-8000.hdf5	both	none
1191.0041	1	Stimulus/S  1	1	11910041	11910049	65	5	30	pips_40_500-8000.hdf5	both	none
1192.0495	1	Stimulus/S  1	1	11920495	11920503	66	0	20	pips_40_500-8000.hdf5	both	none
1193.0948	1	Stimulus/S  1	1	11930948	11930956	66	1	40	pips_40_500-8000.hdf5	both	none
1194.1615	1	Stimulus/S  1	1	11941615	11941623	66	2	60	pips_40_500-8000.hdf5	both	none
1195.2175	1	Stimulus/S  1	1	11952175	11952183	66	3	70	pips_40_500-8000.hdf5	both	none
1196.2842	1	Stimulus/S  1	1	11962842	11962850	66	4	50	pips_40_500-8000.hdf5	both	none
1197.3509	1	Stimulus/S  1	1	11973509	11973517	66	5	30	pips_40_500-8000.hdf5	both	none
1198.3962	1	Stimulus/S  1	1	11983962	11983970	67	0	20	pips_40_500-8000.hdf5	both	none
1199.4522	1	Stimulus/S  1	1	11994522	11994530	67	1	40	pips_40_500-8000.hdf5	both	none
1200.4976	1	Stimulus/S  1	1	12004976	12004984	67	2	60	pips_40_500-8000.hdf5	both	none
1201.5536	1	Stimulus/S  1	1	12015536	12015544	67	3	70	pips_40_500-8000.hdf5	both	none
1202.6203	1	Stimulus/S  1	1	12026203	12026211	67	4	50	pips_40_500-8000.hdf5	both	none
1203.6656	1	Stimulus/S  1	1	12036656	12036664	67	5	30	pips_40_500-8000.hdf5	both	none
1204.7216	1	Stimulus/S  1	1	12047216	12047224	68	0	20	pips_40_500-8000.hdf5	both	none
1205.767	1	Stimulus/S  1	1	12057670	12057678	68	1	40	pips_40_500-8000.hdf5	both	none
1206.8123	1	Stimulus/S  1	1	12068123	12068131	68	2	60	pips_40_500-8000.hdf5	both	none
1207.8683	1	Stimulus/S  1	1	12078683	12078691	68	3	70	pips_40_500-8000.hdf5	both	none
1208.935	1	Stimulus/S  1	1	12089350	12089358	68	4	50	pips_40_500-8000.hdf5	both	none
1209.9803	1	Stimulus/S  1	1	12099803	12099811	68	5	30	pips_40_500-8000.hdf5	both	none
1211.047	1	Stimulus/S  1	1	12110470	12110478	69	0	20	pips_40_500-8000.hdf5	both	none
1212.103	1	Stimulus/S  1	1	12121030	12121038	69	1	40	pips_40_500-8000.hdf5	both	none
1213.1697	1	Stimulus/S  1	1	12131697	12131705	69	2	60	pips_40_500-8000.hdf5	both	none
1214.215	1	Stimulus/S  1	1	12142150	12142158	69	3	70	pips_40_500-8000.hdf5	both	none
1215.2817	1	Stimulus/S  1	1	12152817	12152825	69	4	50	pips_40_500-8000.hdf5	both	none
1216.3377	1	Stimulus/S  1	1	12163377	12163385	69	5	30	pips_40_500-8000.hdf5	both	none
1217.3831	1	Stimulus/S  1	1	12173831	12173839	70	0	20	pips_40_500-8000.hdf5	both	none
1218.4391	1	Stimulus/S  1	1	12184391	12184399	70	1	40	pips_40_500-8000.hdf5	both	none
1219.4951	1	Stimulus/S  1	1	12194951	12194959	70	2	60	pips_40_500-8000.hdf5	both	none
1220.5511	1	Stimulus/S  1	1	12205511	12205519	70	3	70	pips_40_500-8000.hdf5	both	none
1221.6178	1	Stimulus/S  1	1	12216178	12216186	70	4	50	pips_40_500-8000.hdf5	both	none
1222.6845	1	Stimulus/S  1	1	12226845	12226853	70	5	30	pips_40_500-8000.hdf5	both	none
1223.7298	1	Stimulus/S  1	1	12237298	12237306	71	0	20	pips_40_500-8000.hdf5	both	none
1224.7965	1	Stimulus/S  1	1	12247965	12247973	71	1	40	pips_40_500-8000.hdf5	both	none
1225.8525	1	Stimulus/S  1	1	12258525	12258533	71	2	60	pips_40_500-8000.hdf5	both	none
1226.9192	1	Stimulus/S  1	1	12269192	12269200	71	3	70	pips_40_500-8000.hdf5	both	none
1227.9645	1	Stimulus/S  1	1	12279645	12279653	71	4	50	pips_40_500-8000.hdf5	both	none
1229.0205	1	Stimulus/S  1	1	12290205	12290213	71	5	30	pips_40_500-8000.hdf5	both	none
1230.0659	1	Stimulus/S  1	1	12300659	12300667	72	0	20	pips_40_500-8000.hdf5	both	none
1231.1325	1	Stimulus/S  1	1	12311325	12311333	72	1	40	pips_40_500-8000.hdf5	both	none
1232.1992	1	Stimulus/S  1	1	12321992	12322000	72	2	60	pips_40_500-8000.hdf5	both	none
1233.2552	1	Stimulus/S  1	1	12332552	12332560	72	3	70	pips_40_500-8000.hdf5	both	none
1234.3219	1	Stimulus/S  1	1	12343219	12343227	72	4	50	pips_40_500-8000.hdf5	both	none
1235.3672	1	Stimulus/S  1	1	12353672	12353680	72	5	30	pips_40_500-8000.hdf5	both	none
1236.4126	1	Stimulus/S  1	1	12364126	12364134	73	0	20	pips_40_500-8000.hdf5	both	none
1237.4686	1	Stimulus/S  1	1	12374686	12374694	73	1	40	pips_40_500-8000.hdf5	both	none
1238.5353	1	Stimulus/S  1	1	12385353	12385361	73	2	60	pips_40_500-8000.hdf5	both	none
1239.5806	1	Stimulus/S  1	1	12395806	12395814	73	3	70	pips_40_500-8000.hdf5	both	none
1240.6473	1	Stimulus/S  1	1	12406473	12406481	73	4	50	pips_40_500-8000.hdf5	both	none
1241.7033	1	Stimulus/S  1	1	12417033	12417041	73	5	30	pips_40_500-8000.hdf5	both	none
1242.77	1	Stimulus/S  1	1	12427700	12427708	74	0	20	pips_40_500-8000.hdf5	both	none
1243.8367	1	Stimulus/S  1	1	12438367	12438375	74	1	40	pips_40_500-8000.hdf5	both	none
1244.882	1	Stimulus/S  1	1	12448820	12448828	74	2	60	pips_40_500-8000.hdf5	both	none
1245.9487	1	Stimulus/S  1	1	12459487	12459495	74	3	70	pips_40_500-8000.hdf5	both	none
1247.0047	1	Stimulus/S  1	1	12470047	12470055	74	4	50	pips_40_500-8000.hdf5	both	none
1248.05	1	Stimulus/S  1	1	12480500	12480508	74	5	30	pips_40_500-8000.hdf5	both	none
1249.1167	1	Stimulus/S  1	1	12491167	12491175	75	0	20	pips_40_500-8000.hdf5	both	none
1250.1621	1	Stimulus/S  1	1	12501621	12501629	75	1	40	pips_40_500-8000.hdf5	both	none
1251.2181	1	Stimulus/S  1	1	12512181	12512189	75	2	60	pips_40_500-8000.hdf5	both	none
1252.2634	1	Stimulus/S  1	1	12522634	12522642	75	3	70	pips_40_500-8000.hdf5	both	none
1253.3194	1	Stimulus/S  1	1	12533194	12533202	75	4	50	pips_40_500-8000.hdf5	both	none
1254.3648	1	Stimulus/S  1	1	12543648	12543656	75	5	30	pips_40_500-8000.hdf5	both	none
1255.4208	1	Stimulus/S  1	1	12554208	12554216	76	0	20	pips_40_500-8000.hdf5	both	none
1256.4875	1	Stimulus/S  1	1	12564875	12564883	76	1	40	pips_40_500-8000.hdf5	both	none
1257.5328	1	Stimulus/S  1	1	12575328	12575336	76	2	60	pips_40_500-8000.hdf5	both	none
1258.5995	1	Stimulus/S  1	1	12585995	12586003	76	3	70	pips_40_500-8000.hdf5	both	none
1259.6662	1	Stimulus/S  1	1	12596662	12596670	76	4	50	pips_40_500-8000.hdf5	both	none
1260.7222	1	Stimulus/S  1	1	12607222	12607230	76	5	30	pips_40_500-8000.hdf5	both	none
1261.7675	1	Stimulus/S  1	1	12617675	12617683	77	0	20	pips_40_500-8000.hdf5	both	none
1262.8129	1	Stimulus/S  1	1	12628129	12628137	77	1	40	pips_40_500-8000.hdf5	both	none
1263.8795	1	Stimulus/S  1	1	12638795	12638803	77	2	60	pips_40_500-8000.hdf5	both	none
1264.9355	1	Stimulus/S  1	1	12649355	12649363	77	3	70	pips_40_500-8000.hdf5	both	none
1266.0022	1	Stimulus/S  1	1	12660022	12660030	77	4	50	pips_40_500-8000.hdf5	both	none
1267.0689	1	Stimulus/S  1	1	12670689	12670697	77	5	30	pips_40_500-8000.hdf5	both	none
1268.1142	1	Stimulus/S  1	1	12681142	12681150	78	0	20	pips_40_500-8000.hdf5	both	none
1269.1809	1	Stimulus/S  1	1	12691809	12691817	78	1	40	pips_40_500-8000.hdf5	both	none
1270.2369	1	Stimulus/S  1	1	12702369	12702377	78	2	60	pips_40_500-8000.hdf5	both	none
1271.3036	1	Stimulus/S  1	1	12713036	12713044	78	3	70	pips_40_500-8000.hdf5	both	none
1272.3703	1	Stimulus/S  1	1	12723703	12723711	78	4	50	pips_40_500-8000.hdf5	both	none
1273.4156	1	Stimulus/S  1	1	12734156	12734164	78	5	30	pips_40_500-8000.hdf5	both	none
1274.4716	1	Stimulus/S  1	1	12744716	12744724	79	0	20	pips_40_500-8000.hdf5	both	none
1275.5383	1	Stimulus/S  1	1	12755383	12755391	79	1	40	pips_40_500-8000.hdf5	both	none
1276.5837	1	Stimulus/S  1	1	12765837	12765845	79	2	60	pips_40_500-8000.hdf5	both	none
1277.6503	1	Stimulus/S  1	1	12776503	12776511	79	3	70	pips_40_500-8000.hdf5	both	none
1278.6957	1	Stimulus/S  1	1	12786957	12786965	79	4	50	pips_40_500-8000.hdf5	both	none
1279.7517	1	Stimulus/S  1	1	12797517	12797525	79	5	30	pips_40_500-8000.hdf5	both	none
1280.8184	1	Stimulus/S  1	1	12808184	12808192	80	0	20	pips_40_500-8000.hdf5	both	none
1281.885	1	Stimulus/S  1	1	12818850	12818858	80	1	40	pips_40_500-8000.hdf5	both	none
1282.9304	1	Stimulus/S  1	1	12829304	12829312	80	2	60	pips_40_500-8000.hdf5	both	none
1283.9971	1	Stimulus/S  1	1	12839971	12839979	80	3	70	pips_40_500-8000.hdf5	both	none
1285.0531	1	Stimulus/S  1	1	12850531	12850539	80	4	50	pips_40_500-8000.hdf5	both	none
1286.1198	1	Stimulus/S  1	1	12861198	12861206	80	5	30	pips_40_500-8000.hdf5	both	none
1287.1651	1	Stimulus/S  1	1	12871651	12871659	81	0	20	pips_40_500-8000.hdf5	both	none
1288.2211	1	Stimulus/S  1	1	12882211	12882219	81	1	40	pips_40_500-8000.hdf5	both	none
1289.2665	1	Stimulus/S  1	1	12892665	12892673	81	2	60	pips_40_500-8000.hdf5	both	none
1290.3225	1	Stimulus/S  1	1	12903225	12903233	81	3	70	pips_40_500-8000.hdf5	both	none
1291.3891	1	Stimulus/S  1	1	12913891	12913899	81	4	50	pips_40_500-8000.hdf5	both	none
1292.4345	1	Stimulus/S  1	1	12924345	12924353	81	5	30	pips_40_500-8000.hdf5	both	none
1293.5012	1	Stimulus/S  1	1	12935012	12935020	82	0	20	pips_40_500-8000.hdf5	both	none
1294.5465	1	Stimulus/S  1	1	12945465	12945473	82	1	40	pips_40_500-8000.hdf5	both	none
1295.6025	1	Stimulus/S  1	1	12956025	12956033	82	2	60	pips_40_500-8000.hdf5	both	none
1296.6692	1	Stimulus/S  1	1	12966692	12966700	82	3	70	pips_40_500-8000.hdf5	both	none
1297.7145	1	Stimulus/S  1	1	12977145	12977153	82	4	50	pips_40_500-8000.hdf5	both	none
1298.7812	1	Stimulus/S  1	1	12987812	12987820	82	5	30	pips_40_500-8000.hdf5	both	none
1299.8479	1	Stimulus/S  1	1	12998479	12998487	83	0	20	pips_40_500-8000.hdf5	both	none
1300.9039	1	Stimulus/S  1	1	13009039	13009047	83	1	40	pips_40_500-8000.hdf5	both	none
1301.9706	1	Stimulus/S  1	1	13019706	13019714	83	2	60	pips_40_500-8000.hdf5	both	none
1303.0159	1	Stimulus/S  1	1	13030159	13030167	83	3	70	pips_40_500-8000.hdf5	both	none
1304.0826	1	Stimulus/S  1	1	13040826	13040834	83	4	50	pips_40_500-8000.hdf5	both	none
1305.1386	1	Stimulus/S  1	1	13051386	13051394	83	5	30	pips_40_500-8000.hdf5	both	none
1306.184	1	Stimulus/S  1	1	13061840	13061848	84	0	20	pips_40_500-8000.hdf5	both	none
1307.24	1	Stimulus/S  1	1	13072400	13072408	84	1	40	pips_40_500-8000.hdf5	both	none
1308.3066	1	Stimulus/S  1	1	13083066	13083074	84	2	60	pips_40_500-8000.hdf5	both	none
1309.3733	1	Stimulus/S  1	1	13093733	13093741	84	3	70	pips_40_500-8000.hdf5	both	none
1310.4187	1	Stimulus/S  1	1	13104187	13104195	84	4	50	pips_40_500-8000.hdf5	both	none
1311.464	1	Stimulus/S  1	1	13114640	13114648	84	5	30	pips_40_500-8000.hdf5	both	none
1312.52	1	Stimulus/S  1	1	13125200	13125208	85	0	20	pips_40_500-8000.hdf5	both	none
1313.5654	1	Stimulus/S  1	1	13135654	13135662	85	1	40	pips_40_500-8000.hdf5	both	none
1314.632	1	Stimulus/S  1	1	13146320	13146328	85	2	60	pips_40_500-8000.hdf5	both	none
1315.688	1	Stimulus/S  1	1	13156880	13156888	85	3	70	pips_40_500-8000.hdf5	both	none
1316.7547	1	Stimulus/S  1	1	13167547	13167555	85	4	50	pips_40_500-8000.hdf5	both	none
1317.8001	1	Stimulus/S  1	1	13178001	13178009	85	5	30	pips_40_500-8000.hdf5	both	none
1318.8667	1	Stimulus/S  1	1	13188667	13188675	86	0	20	pips_40_500-8000.hdf5	both	none
1319.9228	1	Stimulus/S  1	1	13199228	13199236	86	1	40	pips_40_500-8000.hdf5	both	none
1320.9681	1	Stimulus/S  1	1	13209681	13209689	86	2	60	pips_40_500-8000.hdf5	both	none
1322.0348	1	Stimulus/S  1	1	13220348	13220356	86	3	70	pips_40_500-8000.hdf5	both	none
1323.0801	1	Stimulus/S  1	1	13230801	13230809	86	4	50	pips_40_500-8000.hdf5	both	none
1324.1468	1	Stimulus/S  1	1	13241468	13241476	86	5	30	pips_40_500-8000.hdf5	both	none
1325.2028	1	Stimulus/S  1	1	13252028	13252036	87	0	20	pips_40_500-8000.hdf5	both	none
1326.2695	1	Stimulus/S  1	1	13262695	13262703	87	1	40	pips_40_500-8000.hdf5	both	none
1327.3362	1	Stimulus/S  1	1	13273362	13273370	87	2	60	pips_40_500-8000.hdf5	both	none
1328.3815	1	Stimulus/S  1	1	13283815	13283823	87	3	70	pips_40_500-8000.hdf5	both	none
1329.4375	1	Stimulus/S  1	1	13294375	13294383	87	4	50	pips_40_500-8000.hdf5	both	none
1330.4829	1	Stimulus/S  1	1	13304829	13304837	87	5	30	pips_40_500-8000.hdf5	both	none
1331.5389	1	Stimulus/S  1	1	13315389	13315397	88	0	20	pips_40_500-8000.hdf5	both	none
1332.6056	1	Stimulus/S  1	1	13326056	13326064	88	1	40	pips_40_500-8000.hdf5	both	none
1333.6509	1	Stimulus/S  1	1	13336509	13336517	88	2	60	pips_40_500-8000.hdf5	both	none
1334.7176	1	Stimulus/S  1	1	13347176	13347184	88	3	70	pips_40_500-8000.hdf5	both	none
1335.7842	1	Stimulus/S  1	1	13357842	13357850	88	4	50	pips_40_500-8000.hdf5	both	none
1336.8403	1	Stimulus/S  1	1	13368403	13368411	88	5	30	pips_40_500-8000.hdf5	both	none
1337.9069	1	Stimulus/S  1	1	13379069	13379077	89	0	20	pips_40_500-8000.hdf5	both	none
1338.9523	1	Stimulus/S  1	1	13389523	13389531	89	1	40	pips_40_500-8000.hdf5	both	none
1339.9976	1	Stimulus/S  1	1	13399976	13399984	89	2	60	pips_40_500-8000.hdf5	both	none
1341.0643	1	Stimulus/S  1	1	13410643	13410651	89	3	70	pips_40_500-8000.hdf5	both	none
1342.1203	1	Stimulus/S  1	1	13421203	13421211	89	4	50	pips_40_500-8000.hdf5	both	none
1343.1657	1	Stimulus/S  1	1	13431657	13431665	89	5	30	pips_40_500-8000.hdf5	both	none
1344.2323	1	Stimulus/S  1	1	13442323	13442331	90	0	20	pips_40_500-8000.hdf5	both	none
1345.299	1	Stimulus/S  1	1	13452990	13452998	90	1	40	pips_40_500-8000.hdf5	both	none
1346.355	1	Stimulus/S  1	1	13463550	13463558	90	2	60	pips_40_500-8000.hdf5	both	none
1347.4217	1	Stimulus/S  1	1	13474217	13474225	90	3	70	pips_40_500-8000.hdf5	both	none
1348.4884	1	Stimulus/S  1	1	13484884	13484892	90	4	50	pips_40_500-8000.hdf5	both	none
1349.5337	1	Stimulus/S  1	1	13495337	13495345	90	5	30	pips_40_500-8000.hdf5	both	none
1350.6004	1	Stimulus/S  1	1	13506004	13506012	91	0	20	pips_40_500-8000.hdf5	both	none
1351.6564	1	Stimulus/S  1	1	13516564	13516572	91	1	40	pips_40_500-8000.hdf5	both	none
1352.7018	1	Stimulus/S  1	1	13527018	13527026	91	2	60	pips_40_500-8000.hdf5	both	none
1353.7684	1	Stimulus/S  1	1	13537684	13537692	91	3	70	pips_40_500-8000.hdf5	both	none
1354.8244	1	Stimulus/S  1	1	13548244	13548252	91	4	50	pips_40_500-8000.hdf5	both	none
1355.8805	1	Stimulus/S  1	1	13558805	13558813	91	5	30	pips_40_500-8000.hdf5	both	none
1356.9365	1	Stimulus/S  1	1	13569365	13569373	92	0	20	pips_40_500-8000.hdf5	both	none
1357.9818	1	Stimulus/S  1	1	13579818	13579826	92	1	40	pips_40_500-8000.hdf5	both	none
1359.0485	1	Stimulus/S  1	1	13590485	13590493	92	2	60	pips_40_500-8000.hdf5	both	none
1360.1045	1	Stimulus/S  1	1	13601045	13601053	92	3	70	pips_40_500-8000.hdf5	both	none
1361.1712	1	Stimulus/S  1	1	13611712	13611720	92	4	50	pips_40_500-8000.hdf5	both	none
1362.2165	1	Stimulus/S  1	1	13622165	13622173	92	5	30	pips_40_500-8000.hdf5	both	none
1363.2832	1	Stimulus/S  1	1	13632832	13632840	93	0	20	pips_40_500-8000.hdf5	both	none
1364.3499	1	Stimulus/S  1	1	13643499	13643507	93	1	40	pips_40_500-8000.hdf5	both	none
1365.4059	1	Stimulus/S  1	1	13654059	13654067	93	2	60	pips_40_500-8000.hdf5	both	none
1366.4726	1	Stimulus/S  1	1	13664726	13664734	93	3	70	pips_40_500-8000.hdf5	both	none
1367.5179	1	Stimulus/S  1	1	13675179	13675187	93	4	50	pips_40_500-8000.hdf5	both	none
1368.5739	1	Stimulus/S  1	1	13685739	13685747	93	5	30	pips_40_500-8000.hdf5	both	none
1369.6406	1	Stimulus/S  1	1	13696406	13696414	94	0	20	pips_40_500-8000.hdf5	both	none
1370.6859	1	Stimulus/S  1	1	13706859	13706867	94	1	40	pips_40_500-8000.hdf5	both	none
1371.7526	1	Stimulus/S  1	1	13717526	13717534	94	2	60	pips_40_500-8000.hdf5	both	none
1372.798	1	Stimulus/S  1	1	13727980	13727988	94	3	70	pips_40_500-8000.hdf5	both	none
1373.854	1	Stimulus/S  1	1	13738540	13738548	94	4	50	pips_40_500-8000.hdf5	both	none
1374.9206	1	Stimulus/S  1	1	13749206	13749214	94	5	30	pips_40_500-8000.hdf5	both	none
1375.966	1	Stimulus/S  1	1	13759660	13759668	95	0	20	pips_40_500-8000.hdf5	both	none
1377.0327	1	Stimulus/S  1	1	13770327	13770335	95	1	40	pips_40_500-8000.hdf5	both	none
1378.0993	1	Stimulus/S  1	1	13780993	13781001	95	2	60	pips_40_500-8000.hdf5	both	none
1379.1553	1	Stimulus/S  1	1	13791553	13791561	95	3	70	pips_40_500-8000.hdf5	both	none
1380.222	1	Stimulus/S  1	1	13802220	13802228	95	4	50	pips_40_500-8000.hdf5	both	none
1381.2674	1	Stimulus/S  1	1	13812674	13812682	95	5	30	pips_40_500-8000.hdf5	both	none
1382.3234	1	Stimulus/S  1	1	13823234	13823242	96	0	20	pips_40_500-8000.hdf5	both	none
1383.3901	1	Stimulus/S  1	1	13833901	13833909	96	1	40	pips_40_500-8000.hdf5	both	none
1384.4354	1	Stimulus/S  1	1	13844354	13844362	96	2	60	pips_40_500-8000.hdf5	both	none
1385.4914	1	Stimulus/S  1	1	13854914	13854922	96	3	70	pips_40_500-8000.hdf5	both	none
1386.5368	1	Stimulus/S  1	1	13865368	13865376	96	4	50	pips_40_500-8000.hdf5	both	none
1387.6034	1	Stimulus/S  1	1	13876034	13876042	96	5	30	pips_40_500-8000.hdf5	both	none
1388.6701	1	Stimulus/S  1	1	13886701	13886709	97	0	20	pips_40_500-8000.hdf5	both	none
1389.7155	1	Stimulus/S  1	1	13897155	13897163	97	1	40	pips_40_500-8000.hdf5	both	none
1390.7821	1	Stimulus/S  1	1	13907821	13907829	97	2	60	pips_40_500-8000.hdf5	both	none
1391.8381	1	Stimulus/S  1	1	13918381	13918389	97	3	70	pips_40_500-8000.hdf5	both	none
1392.9048	1	Stimulus/S  1	1	13929048	13929056	97	4	50	pips_40_500-8000.hdf5	both	none
1393.9715	1	Stimulus/S  1	1	13939715	13939723	97	5	30	pips_40_500-8000.hdf5	both	none
1395.0168	1	Stimulus/S  1	1	13950168	13950176	98	0	20	pips_40_500-8000.hdf5	both	none
1396.0835	1	Stimulus/S  1	1	13960835	13960843	98	1	40	pips_40_500-8000.hdf5	both	none
1397.1395	1	Stimulus/S  1	1	13971395	13971403	98	2	60	pips_40_500-8000.hdf5	both	none
1398.2062	1	Stimulus/S  1	1	13982062	13982070	98	3	70	pips_40_500-8000.hdf5	both	none
1399.2515	1	Stimulus/S  1	1	13992515	13992523	98	4	50	pips_40_500-8000.hdf5	both	none
1400.3182	1	Stimulus/S  1	1	14003182	14003190	98	5	30	pips_40_500-8000.hdf5	both	none
1401.3742	1	Stimulus/S  1	1	14013742	14013750	99	0	20	pips_40_500-8000.hdf5	both	none
1402.4409	1	Stimulus/S  1	1	14024409	14024417	99	1	40	pips_40_500-8000.hdf5	both	none
1403.4863	1	Stimulus/S  1	1	14034863	14034871	99	2	60	pips_40_500-8000.hdf5	both	none
1404.5316	1	Stimulus/S  1	1	14045316	14045324	99	3	70	pips_40_500-8000.hdf5	both	none
1405.5876	1	Stimulus/S  1	1	14055876	14055884	99	4	50	pips_40_500-8000.hdf5	both	none
1406.6543	1	Stimulus/S  1	1	14066543	14066551	99	5	30	pips_40_500-8000.hdf5	both	none
1407.6996	1	Stimulus/S  1	1	14076996	14077004	100	0	20	pips_40_500-8000.hdf5	both	none
1408.7663	1	Stimulus/S  1	1	14087663	14087671	100	1	40	pips_40_500-8000.hdf5	both	none
1409.8223	1	Stimulus/S  1	1	14098223	14098231	100	2	60	pips_40_500-8000.hdf5	both	none
1410.889	1	Stimulus/S  1	1	14108890	14108898	100	3	70	pips_40_500-8000.hdf5	both	none
1411.9343	1	Stimulus/S  1	1	14119343	14119351	100	4	50	pips_40_500-8000.hdf5	both	none
1413.001	1	Stimulus/S  1	1	14130010	14130018	100	5	30	pips_40_500-8000.hdf5	both	none
1414.0677	1	Stimulus/S  1	1	14140677	14140685	101	0	20	pips_40_500-8000.hdf5	both	none
1415.1237	1	Stimulus/S  1	1	14151237	14151245	101	1	40	pips_40_500-8000.hdf5	both	none
1416.1691	1	Stimulus/S  1	1	14161691	14161699	101	2	60	pips_40_500-8000.hdf5	both	none
1417.2357	1	Stimulus/S  1	1	14172357	14172365	101	3	70	pips_40_500-8000.hdf5	both	none
1418.2917	1	Stimulus/S  1	1	14182917	14182925	101	4	50	pips_40_500-8000.hdf5	both	none
1419.3371	1	Stimulus/S  1	1	14193371	14193379	101	5	30	pips_40_500-8000.hdf5	both	none
1420.4038	1	Stimulus/S  1	1	14204038	14204046	102	0	20	pips_40_500-8000.hdf5	both	none
1421.4491	1	Stimulus/S  1	1	14214491	14214499	102	1	40	pips_40_500-8000.hdf5	both	none
1422.5051	1	Stimulus/S  1	1	14225051	14225059	102	2	60	pips_40_500-8000.hdf5	both	none
1423.5718	1	Stimulus/S  1	1	14235718	14235726	102	3	70	pips_40_500-8000.hdf5	both	none
1424.6171	1	Stimulus/S  1	1	14246171	14246179	102	4	50	pips_40_500-8000.hdf5	both	none
1425.6731	1	Stimulus/S  1	1	14256731	14256739	102	5	30	pips_40_500-8000.hdf5	both	none
1426.7398	1	Stimulus/S  1	1	14267398	14267406	103	0	20	pips_40_500-8000.hdf5	both	none
1427.7852	1	Stimulus/S  1	1	14277852	14277860	103	1	40	pips_40_500-8000.hdf5	both	none
1428.8412	1	Stimulus/S  1	1	14288412	14288420	103	2	60	pips_40_500-8000.hdf5	both	none
1429.9079	1	Stimulus/S  1	1	14299079	14299087	103	3	70	pips_40_500-8000.hdf5	both	none
1430.9532	1	Stimulus/S  1	1	14309532	14309540	103	4	50	pips_40_500-8000.hdf5	both	none
1431.9985	1	Stimulus/S  1	1	14319985	14319993	103	5	30	pips_40_500-8000.hdf5	both	none
1433.0759	1	Stimulus/S  1	1	14330759	14330767	104	0	20	pips_40_500-8000.hdf5	both	none
1434.1319	1	Stimulus/S  1	1	14341319	14341327	104	1	40	pips_40_500-8000.hdf5	both	none
1435.1986	1	Stimulus/S  1	1	14351986	14351994	104	2	60	pips_40_500-8000.hdf5	both	none
1436.2546	1	Stimulus/S  1	1	14362546	14362554	104	3	70	pips_40_500-8000.hdf5	both	none
1437.2999	1	Stimulus/S  1	1	14372999	14373007	104	4	50	pips_40_500-8000.hdf5	both	none
1438.3559	1	Stimulus/S  1	1	14383559	14383567	104	5	30	pips_40_500-8000.hdf5	both	none
1439.4013	1	Stimulus/S  1	1	14394013	14394021	105	0	20	pips_40_500-8000.hdf5	both	none
1440.468	1	Stimulus/S  1	1	14404680	14404688	105	1	40	pips_40_500-8000.hdf5	both	none
1441.524	1	Stimulus/S  1	1	14415240	14415248	105	2	60	pips_40_500-8000.hdf5	both	none
1442.5693	1	Stimulus/S  1	1	14425693	14425701	105	3	70	pips_40_500-8000.hdf5	both	none
1443.636	1	Stimulus/S  1	1	14436360	14436368	105	4	50	pips_40_500-8000.hdf5	both	none
1444.692	1	Stimulus/S  1	1	14446920	14446928	105	5	30	pips_40_500-8000.hdf5	both	none
1445.7587	1	Stimulus/S  1	1	14457587	14457595	106	0	20	pips_40_500-8000.hdf5	both	none
1446.804	1	Stimulus/S  1	1	14468040	14468048	106	1	40	pips_40_500-8000.hdf5	both	none
1447.8494	1	Stimulus/S  1	1	14478494	14478502	106	2	60	pips_40_500-8000.hdf5	both	none
1448.916	1	Stimulus/S  1	1	14489160	14489168	106	3	70	pips_40_500-8000.hdf5	both	none
1449.9827	1	Stimulus/S  1	1	14499827	14499835	106	4	50	pips_40_500-8000.hdf5	both	none
1451.0387	1	Stimulus/S  1	1	14510387	14510395	106	5	30	pips_40_500-8000.hdf5	both	none
1452.1054	1	Stimulus/S  1	1	14521054	14521062	107	0	20	pips_40_500-8000.hdf5	both	none
1453.1508	1	Stimulus/S  1	1	14531508	14531516	107	1	40	pips_40_500-8000.hdf5	both	none
1454.2174	1	Stimulus/S  1	1	14542174	14542182	107	2	60	pips_40_500-8000.hdf5	both	none
1455.2841	1	Stimulus/S  1	1	14552841	14552849	107	3	70	pips_40_500-8000.hdf5	both	none
1456.3401	1	Stimulus/S  1	1	14563401	14563409	107	4	50	pips_40_500-8000.hdf5	both	none
1457.4068	1	Stimulus/S  1	1	14574068	14574076	107	5	30	pips_40_500-8000.hdf5	both	none
1458.4521	1	Stimulus/S  1	1	14584521	14584529	108	0	20	pips_40_500-8000.hdf5	both	none
1459.5188	1	Stimulus/S  1	1	14595188	14595196	108	1	40	pips_40_500-8000.hdf5	both	none
1460.5748	1	Stimulus/S  1	1	14605748	14605756	108	2	60	pips_40_500-8000.hdf5	both	none
1461.6202	1	Stimulus/S  1	1	14616202	14616210	108	3	70	pips_40_500-8000.hdf5	both	none
1462.6868	1	Stimulus/S  1	1	14626868	14626876	108	4	50	pips_40_500-8000.hdf5	both	none
1463.7322	1	Stimulus/S  1	1	14637322	14637330	108	5	30	pips_40_500-8000.hdf5	both	none
1464.7882	1	Stimulus/S  1	1	14647882	14647890	109	0	20	pips_40_500-8000.hdf5	both	none
1465.8335	1	Stimulus/S  1	1	14658335	14658343	109	1	40	pips_40_500-8000.hdf5	both	none
1466.8896	1	Stimulus/S  1	1	14668896	14668904	109	2	60	pips_40_500-8000.hdf5	both	none
1467.9349	1	Stimulus/S  1	1	14679349	14679357	109	3	70	pips_40_500-8000.hdf5	both	none
1468.9909	1	Stimulus/S  1	1	14689909	14689917	109	4	50	pips_40_500-8000.hdf5	both	none
1470.0576	1	Stimulus/S  1	1	14700576	14700584	109	5	30	pips_40_500-8000.hdf5	both	none
1471.1029	1	Stimulus/S  1	1	14711029	14711037	110	0	20	pips_40_500-8000.hdf5	both	none
1472.1696	1	Stimulus/S  1	1	14721696	14721704	110	1	40	pips_40_500-8000.hdf5	both	none
1473.2256	1	Stimulus/S  1	1	14732256	14732264	110	2	60	pips_40_500-8000.hdf5	both	none
1474.271	1	Stimulus/S  1	1	14742710	14742718	110	3	70	pips_40_500-8000.hdf5	both	none
1475.3376	1	Stimulus/S  1	1	14753376	14753384	110	4	50	pips_40_500-8000.hdf5	both	none
1476.383	1	Stimulus/S  1	1	14763830	14763838	110	5	30	pips_40_500-8000.hdf5	both	none
1477.4497	1	Stimulus/S  1	1	14774497	14774505	111	0	20	pips_40_500-8000.hdf5	both	none
1478.5057	1	Stimulus/S  1	1	14785057	14785065	111	1	40	pips_40_500-8000.hdf5	both	none
1479.551	1	Stimulus/S  1	1	14795510	14795518	111	2	60	pips_40_500-8000.hdf5	both	none
1480.607	1	Stimulus/S  1	1	14806070	14806078	111	3	70	pips_40_500-8000.hdf5	both	none
1481.6737	1	Stimulus/S  1	1	14816737	14816745	111	4	50	pips_40_500-8000.hdf5	both	none
1482.719	1	Stimulus/S  1	1	14827190	14827198	111	5	30	pips_40_500-8000.hdf5	both	none
1483.7751	1	Stimulus/S  1	1	14837751	14837759	112	0	20	pips_40_500-8000.hdf5	both	none
1484.8204	1	Stimulus/S  1	1	14848204	14848212	112	1	40	pips_40_500-8000.hdf5	both	none
1485.8871	1	Stimulus/S  1	1	14858871	14858879	112	2	60	pips_40_500-8000.hdf5	both	none
1486.9431	1	Stimulus/S  1	1	14869431	14869439	112	3	70	pips_40_500-8000.hdf5	both	none
1487.9884	1	Stimulus/S  1	1	14879884	14879892	112	4	50	pips_40_500-8000.hdf5	both	none
1489.0551	1	Stimulus/S  1	1	14890551	14890559	112	5	30	pips_40_500-8000.hdf5	both	none
1490.1005	1	Stimulus/S  1	1	14901005	14901013	113	0	20	pips_40_500-8000.hdf5	both	none
1491.1671	1	Stimulus/S  1	1	14911671	14911679	113	1	40	pips_40_500-8000.hdf5	both	none
1492.2231	1	Stimulus/S  1	1	14922231	14922239	113	2	60	pips_40_500-8000.hdf5	both	none
1493.2898	1	Stimulus/S  1	1	14932898	14932906	113	3	70	pips_40_500-8000.hdf5	both	none
1494.3352	1	Stimulus/S  1	1	14943352	14943360	113	4	50	pips_40_500-8000.hdf5	both	none
1495.4018	1	Stimulus/S  1	1	14954018	14954026	113	5	30	pips_40_500-8000.hdf5	both	none
1496.4579	1	Stimulus/S  1	1	14964579	14964587	114	0	20	pips_40_500-8000.hdf5	both	none
1497.5032	1	Stimulus/S  1	1	14975032	14975040	114	1	40	pips_40_500-8000.hdf5	both	none
1498.5592	1	Stimulus/S  1	1	14985592	14985600	114	2	60	pips_40_500-8000.hdf5	both	none
1499.6046	1	Stimulus/S  1	1	14996046	14996054	114	3	70	pips_40_500-8000.hdf5	both	none
1500.6499	1	Stimulus/S  1	1	15006499	15006507	114	4	50	pips_40_500-8000.hdf5	both	none
1501.7059	1	Stimulus/S  1	1	15017059	15017067	114	5	30	pips_40_500-8000.hdf5	both	none
1502.7726	1	Stimulus/S  1	1	15027726	15027734	115	0	20	pips_40_500-8000.hdf5	both	none
1503.8179	1	Stimulus/S  1	1	15038179	15038187	115	1	40	pips_40_500-8000.hdf5	both	none
1504.8739	1	Stimulus/S  1	1	15048739	15048747	115	2	60	pips_40_500-8000.hdf5	both	none
1505.9406	1	Stimulus/S  1	1	15059406	15059414	115	3	70	pips_40_500-8000.hdf5	both	none
1506.986	1	Stimulus/S  1	1	15069860	15069868	115	4	50	pips_40_500-8000.hdf5	both	none
1508.042	1	Stimulus/S  1	1	15080420	15080428	115	5	30	pips_40_500-8000.hdf5	both	none
1509.1086	1	Stimulus/S  1	1	15091086	15091094	116	0	20	pips_40_500-8000.hdf5	both	none
1510.1753	1	Stimulus/S  1	1	15101753	15101761	116	1	40	pips_40_500-8000.hdf5	both	none
1511.2207	1	Stimulus/S  1	1	15112207	15112215	116	2	60	pips_40_500-8000.hdf5	both	none
1512.2767	1	Stimulus/S  1	1	15122767	15122775	116	3	70	pips_40_500-8000.hdf5	both	none
1513.3434	1	Stimulus/S  1	1	15133434	15133442	116	4	50	pips_40_500-8000.hdf5	both	none
1514.3887	1	Stimulus/S  1	1	15143887	15143895	116	5	30	pips_40_500-8000.hdf5	both	none
1515.4554	1	Stimulus/S  1	1	15154554	15154562	117	0	20	pips_40_500-8000.hdf5	both	none
1516.5221	1	Stimulus/S  1	1	15165221	15165229	117	1	40	pips_40_500-8000.hdf5	both	none
1517.5674	1	Stimulus/S  1	1	15175674	15175682	117	2	60	pips_40_500-8000.hdf5	both	none
1518.6341	1	Stimulus/S  1	1	15186341	15186349	117	3	70	pips_40_500-8000.hdf5	both	none
1519.7008	1	Stimulus/S  1	1	15197008	15197016	117	4	50	pips_40_500-8000.hdf5	both	none
1520.7568	1	Stimulus/S  1	1	15207568	15207576	117	5	30	pips_40_500-8000.hdf5	both	none
1521.8021	1	Stimulus/S  1	1	15218021	15218029	118	0	20	pips_40_500-8000.hdf5	both	none
1522.8688	1	Stimulus/S  1	1	15228688	15228696	118	1	40	pips_40_500-8000.hdf5	both	none
1523.9248	1	Stimulus/S  1	1	15239248	15239256	118	2	60	pips_40_500-8000.hdf5	both	none
1524.9701	1	Stimulus/S  1	1	15249701	15249709	118	3	70	pips_40_500-8000.hdf5	both	none
1526.0261	1	Stimulus/S  1	1	15260261	15260269	118	4	50	pips_40_500-8000.hdf5	both	none
1527.0928	1	Stimulus/S  1	1	15270928	15270936	118	5	30	pips_40_500-8000.hdf5	both	none
1528.1382	1	Stimulus/S  1	1	15281382	15281390	119	0	20	pips_40_500-8000.hdf5	both	none
1529.1835	1	Stimulus/S  1	1	15291835	15291843	119	1	40	pips_40_500-8000.hdf5	both	none
1530.2502	1	Stimulus/S  1	1	15302502	15302510	119	2	60	pips_40_500-8000.hdf5	both	none
1531.3062	1	Stimulus/S  1	1	15313062	15313070	119	3	70	pips_40_500-8000.hdf5	both	none
1532.3515	1	Stimulus/S  1	1	15323515	15323523	119	4	50	pips_40_500-8000.hdf5	both	none
1533.4076	1	Stimulus/S  1	1	15334076	15334084	119	5	30	pips_40_500-8000.hdf5	both	none
1534.4529	1	Stimulus/S  1	1	15344529	15344537	0	0	20	pips_40_500-8000.hdf5	both	none
1535.5196	1	Stimulus/S  1	1	15355196	15355204	0	1	40	pips_40_500-8000.hdf5	both	none
1536.5756	1	Stimulus/S  1	1	15365756	15365764	0	2	60	pips_40_500-8000.hdf5	both	none
1537.6423	1	Stimulus/S  1	1	15376423	15376431	0	3	70	pips_40_500-8000.hdf5	both	none
1538.6876	1	Stimulus/S  1	1	15386876	15386884	0	4	50	pips_40_500-8000.hdf5	both	none
1539.7436	1	Stimulus/S  1	1	15397436	15397444	0	5	30	pips_40_500-8000.hdf5	both	none
1540.8103	1	Stimulus/S  1	1	15408103	15408111	1	0	20	pips_40_500-8000.hdf5	both	none
1541.877	1	Stimulus/S  1	1	15418770	15418778	1	1	40	pips_40_500-8000.hdf5	both	none
1542.9223	1	Stimulus/S  1	1	15429223	15429231	1	2	60	pips_40_500-8000.hdf5	both	none
1543.989	1	Stimulus/S  1	1	15439890	15439898	1	3	70	pips_40_500-8000.hdf5	both	none
1545.0557	1	Stimulus/S  1	1	15450557	15450565	1	4	50	pips_40_500-8000.hdf5	both	none
1546.101	1	Stimulus/S  1	1	15461010	15461018	1	5	30	pips_40_500-8000.hdf5	both	none
1547.1677	1	Stimulus/S  1	1	15471677	15471685	2	0	20	pips_40_500-8000.hdf5	both	none
1548.2344	1	Stimulus/S  1	1	15482344	15482352	2	1	40	pips_40_500-8000.hdf5	both	none
1549.2904	1	Stimulus/S  1	1	15492904	15492912	2	2	60	pips_40_500-8000.hdf5	both	none
1550.3357	1	Stimulus/S  1	1	15503357	15503365	2	3	70	pips_40_500-8000.hdf5	both	none
1551.3917	1	Stimulus/S  1	1	15513917	15513925	2	4	50	pips_40_500-8000.hdf5	both	none
1552.4371	1	Stimulus/S  1	1	15524371	15524379	2	5	30	pips_40_500-8000.hdf5	both	none
1553.5038	1	Stimulus/S  1	1	15535038	15535046	3	0	20	pips_40_500-8000.hdf5	both	none
1554.5704	1	Stimulus/S  1	1	15545704	15545712	3	1	40	pips_40_500-8000.hdf5	both	none
1555.6264	1	Stimulus/S  1	1	15556264	15556272	3	2	60	pips_40_500-8000.hdf5	both	none
1556.6718	1	Stimulus/S  1	1	15566718	15566726	3	3	70	pips_40_500-8000.hdf5	both	none
1557.7171	1	Stimulus/S  1	1	15577171	15577179	3	4	50	pips_40_500-8000.hdf5	both	none
1558.7945	1	Stimulus/S  1	1	15587945	15587953	3	5	30	pips_40_500-8000.hdf5	both	none
1559.8398	1	Stimulus/S  1	1	15598398	15598406	4	0	20	pips_40_500-8000.hdf5	both	none
1560.9065	1	Stimulus/S  1	1	15609065	15609073	4	1	40	pips_40_500-8000.hdf5	both	none
1561.9732	1	Stimulus/S  1	1	15619732	15619740	4	2	60	pips_40_500-8000.hdf5	both	none
1563.0185	1	Stimulus/S  1	1	15630185	15630193	4	3	70	pips_40_500-8000.hdf5	both	none
1564.0745	1	Stimulus/S  1	1	15640745	15640753	4	4	50	pips_40_500-8000.hdf5	both	none
1565.1412	1	Stimulus/S  1	1	15651412	15651420	4	5	30	pips_40_500-8000.hdf5	both	none
1566.2079	1	Stimulus/S  1	1	15662079	15662087	5	0	20	pips_40_500-8000.hdf5	both	none
1567.2532	1	Stimulus/S  1	1	15672532	15672540	5	1	40	pips_40_500-8000.hdf5	both	none
1568.3199	1	Stimulus/S  1	1	15683199	15683207	5	2	60	pips_40_500-8000.hdf5	both	none
1569.3866	1	Stimulus/S  1	1	15693866	15693874	5	3	70	pips_40_500-8000.hdf5	both	none
1570.4533	1	Stimulus/S  1	1	15704533	15704541	5	4	50	pips_40_500-8000.hdf5	both	none
1571.5093	1	Stimulus/S  1	1	15715093	15715101	5	5	30	pips_40_500-8000.hdf5	both	none
1572.5546	1	Stimulus/S  1	1	15725546	15725554	6	0	20	pips_40_500-8000.hdf5	both	none
1573.6106	1	Stimulus/S  1	1	15736106	15736114	6	1	40	pips_40_500-8000.hdf5	both	none
1574.656	1	Stimulus/S  1	1	15746560	15746568	6	2	60	pips_40_500-8000.hdf5	both	none
1575.7013	1	Stimulus/S  1	1	15757013	15757021	6	3	70	pips_40_500-8000.hdf5	both	none
1576.7573	1	Stimulus/S  1	1	15767573	15767581	6	4	50	pips_40_500-8000.hdf5	both	none
1577.8027	1	Stimulus/S  1	1	15778027	15778035	6	5	30	pips_40_500-8000.hdf5	both	none
1578.8587	1	Stimulus/S  1	1	15788587	15788595	7	0	20	pips_40_500-8000.hdf5	both	none
1579.9254	1	Stimulus/S  1	1	15799254	15799262	7	1	40	pips_40_500-8000.hdf5	both	none
1580.9707	1	Stimulus/S  1	1	15809707	15809715	7	2	60	pips_40_500-8000.hdf5	both	none
1582.0267	1	Stimulus/S  1	1	15820267	15820275	7	3	70	pips_40_500-8000.hdf5	both	none
1583.0934	1	Stimulus/S  1	1	15830934	15830942	7	4	50	pips_40_500-8000.hdf5	both	none
1584.1601	1	Stimulus/S  1	1	15841601	15841609	7	5	30	pips_40_500-8000.hdf5	both	none
1585.2267	1	Stimulus/S  1	1	15852267	15852275	8	0	20	pips_40_500-8000.hdf5	both	none
1586.2721	1	Stimulus/S  1	1	15862721	15862729	8	1	40	pips_40_500-8000.hdf5	both	none
1587.3281	1	Stimulus/S  1	1	15873281	15873289	8	2	60	pips_40_500-8000.hdf5	both	none
1588.3948	1	Stimulus/S  1	1	15883948	15883956	8	3	70	pips_40_500-8000.hdf5	both	none
1589.4614	1	Stimulus/S  1	1	15894614	15894622	8	4	50	pips_40_500-8000.hdf5	both	none
1590.5281	1	Stimulus/S  1	1	15905281	15905289	8	5	30	pips_40_500-8000.hdf5	both	none
1591.5735	1	Stimulus/S  1	1	15915735	15915743	9	0	20	pips_40_500-8000.hdf5	both	none
1592.6188	1	Stimulus/S  1	1	15926188	15926196	9	1	40	pips_40_500-8000.hdf5	both	none
1593.6855	1	Stimulus/S  1	1	15936855	15936863	9	2	60	pips_40_500-8000.hdf5	both	none
1594.7522	1	Stimulus/S  1	1	15947522	15947530	9	3	70	pips_40_500-8000.hdf5	both	none
1595.8188	1	Stimulus/S  1	1	15958188	15958196	9	4	50	pips_40_500-8000.hdf5	both	none
1596.8855	1	Stimulus/S  1	1	15968855	15968863	9	5	30	pips_40_500-8000.hdf5	both	none
1597.9522	1	Stimulus/S  1	1	15979522	15979530	10	0	20	pips_40_500-8000.hdf5	both	none
1599.0189	1	Stimulus/S  1	1	15990189	15990197	10	1	40	pips_40_500-8000.hdf5	both	none
1600.0856	1	Stimulus/S  1	1	16000856	16000864	10	2	60	pips_40_500-8000.hdf5	both	none
1601.1522	1	Stimulus/S  1	1	16011522	16011530	10	3	70	pips_40_500-8000.hdf5	both	none
1602.2189	1	Stimulus/S  1	1	16022189	16022197	10	4	50	pips_40_500-8000.hdf5	both	none
1603.2856	1	Stimulus/S  1	1	16032856	16032864	10	5	30	pips_40_500-8000.hdf5	both	none
1604.3523	1	Stimulus/S  1	1	16043523	16043531	11	0	20	pips_40_500-8000.hdf5	both	none
1605.4189	1	Stimulus/S  1	1	16054189	16054197	11	1	40	pips_40_500-8000.hdf5	both	none
1606.4856	1	Stimulus/S  1	1	16064856	16064864	11	2	60	pips_40_500-8000.hdf5	both	none
1607.5416	1	Stimulus/S  1	1	16075416	16075424	11	3	70	pips_40_500-8000.hdf5	both	none
1608.6083	1	Stimulus/S  1	1	16086083	16086091	11	4	50	pips_40_500-8000.hdf5	both	none
1609.675	1	Stimulus/S  1	1	16096750	16096758	11	5	30	pips_40_500-8000.hdf5	both	none
1610.7203	1	Stimulus/S  1	1	16107203	16107211	12	0	20	pips_40_500-8000.hdf5	both	none
1611.7763	1	Stimulus/S  1	1	16117763	16117771	12	1	40	pips_40_500-8000.hdf5	both	none
1612.8217	1	Stimulus/S  1	1	16128217	16128225	12	2	60	pips_40_500-8000.hdf5	both	none
1613.8777	1	Stimulus/S  1	1	16138777	16138785	12	3	70	pips_40_500-8000.hdf5	both	none
1614.923	1	Stimulus/S  1	1	16149230	16149238	12	4	50	pips_40_500-8000.hdf5	both	none
1615.9897	1	Stimulus/S  1	1	16159897	16159905	12	5	30	pips_40_500-8000.hdf5	both	none
1617.0564	1	Stimulus/S  1	1	16170564	16170572	13	0	20	pips_40_500-8000.hdf5	both	none
1618.1231	1	Stimulus/S  1	1	16181231	16181239	13	1	40	pips_40_500-8000.hdf5	both	none
1619.1897	1	Stimulus/S  1	1	16191897	16191905	13	2	60	pips_40_500-8000.hdf5	both	none
1620.2564	1	Stimulus/S  1	1	16202564	16202572	13	3	70	pips_40_500-8000.hdf5	both	none
1621.3231	1	Stimulus/S  1	1	16213231	16213239	13	4	50	pips_40_500-8000.hdf5	both	none
1622.3684	1	Stimulus/S  1	1	16223684	16223692	13	5	30	pips_40_500-8000.hdf5	both	none
1623.4244	1	Stimulus/S  1	1	16234244	16234252	14	0	20	pips_40_500-8000.hdf5	both	none
1624.4698	1	Stimulus/S  1	1	16244698	16244706	14	1	40	pips_40_500-8000.hdf5	both	none
1625.5258	1	Stimulus/S  1	1	16255258	16255266	14	2	60	pips_40_500-8000.hdf5	both	none
1626.5925	1	Stimulus/S  1	1	16265925	16265933	14	3	70	pips_40_500-8000.hdf5	both	none
1627.6592	1	Stimulus/S  1	1	16276592	16276600	14	4	50	pips_40_500-8000.hdf5	both	none
1628.7045	1	Stimulus/S  1	1	16287045	16287053	14	5	30	pips_40_500-8000.hdf5	both	none
1629.7605	1	Stimulus/S  1	1	16297605	16297613	15	0	20	pips_40_500-8000.hdf5	both	none
1630.8272	1	Stimulus/S  1	1	16308272	16308280	15	1	40	pips_40_500-8000.hdf5	both	none
1631.8939	1	Stimulus/S  1	1	16318939	16318947	15	2	60	pips_40_500-8000.hdf5	both	none
1632.9605	1	Stimulus/S  1	1	16329605	16329613	15	3	70	pips_40_500-8000.hdf5	both	none
1634.0272	1	Stimulus/S  1	1	16340272	16340280	15	4	50	pips_40_500-8000.hdf5	both	none
1635.0726	1	Stimulus/S  1	1	16350726	16350734	15	5	30	pips_40_500-8000.hdf5	both	none
1636.1286	1	Stimulus/S  1	1	16361286	16361294	16	0	20	pips_40_500-8000.hdf5	both	none
1637.1739	1	Stimulus/S  1	1	16371739	16371747	16	1	40	pips_40_500-8000.hdf5	both	none
1638.2193	1	Stimulus/S  1	1	16382193	16382201	16	2	60	pips_40_500-8000.hdf5	both	none
1639.2859	1	Stimulus/S  1	1	16392859	16392867	16	3	70	pips_40_500-8000.hdf5	both	none
1640.3526	1	Stimulus/S  1	1	16403526	16403534	16	4	50	pips_40_500-8000.hdf5	both	none
1641.4193	1	Stimulus/S  1	1	16414193	16414201	16	5	30	pips_40_500-8000.hdf5	both	none
1642.4753	1	Stimulus/S  1	1	16424753	16424761	17	0	20	pips_40_500-8000.hdf5	both	none
1643.5206	1	Stimulus/S  1	1	16435206	16435214	17	1	40	pips_40_500-8000.hdf5	both	none
1644.5767	1	Stimulus/S  1	1	16445767	16445775	17	2	60	pips_40_500-8000.hdf5	both	none
1645.622	1	Stimulus/S  1	1	16456220	16456228	17	3	70	pips_40_500-8000.hdf5	both	none
1646.6887	1	Stimulus/S  1	1	16466887	16466895	17	4	50	pips_40_500-8000.hdf5	both	none
1647.7447	1	Stimulus/S  1	1	16477447	16477455	17	5	30	pips_40_500-8000.hdf5	both	none
1648.8114	1	Stimulus/S  1	1	16488114	16488122	18	0	20	pips_40_500-8000.hdf5	both	none
1649.878	1	Stimulus/S  1	1	16498780	16498788	18	1	40	pips_40_500-8000.hdf5	both	none
1650.9447	1	Stimulus/S  1	1	16509447	16509455	18	2	60	pips_40_500-8000.hdf5	both	none
1652.0114	1	Stimulus/S  1	1	16520114	16520122	18	3	70	pips_40_500-8000.hdf5	both	none
1653.0567	1	Stimulus/S  1	1	16530567	16530575	18	4	50	pips_40_500-8000.hdf5	both	none
1654.1021	1	Stimulus/S  1	1	16541021	16541029	18	5	30	pips_40_500-8000.hdf5	both	none
1655.1794	1	Stimulus/S  1	1	16551794	16551802	19	0	20	pips_40_500-8000.hdf5	both	none
1656.2354	1	Stimulus/S  1	1	16562354	16562362	19	1	40	pips_40_500-8000.hdf5	both	none
1657.3128	1	Stimulus/S  1	1	16573128	16573136	19	2	60	pips_40_500-8000.hdf5	both	none
1658.3581	1	Stimulus/S  1	1	16583581	16583589	19	3	70	pips_40_500-8000.hdf5	both	none
1659.4035	1	Stimulus/S  1	1	16594035	16594043	19	4	50	pips_40_500-8000.hdf5	both	none
1660.4702	1	Stimulus/S  1	1	16604702	16604710	19	5	30	pips_40_500-8000.hdf5	both	none
1661.5368	1	Stimulus/S  1	1	16615368	16615376	20	0	20	pips_40_500-8000.hdf5	both	none
1662.5928	1	Stimulus/S  1	1	16625928	16625936	20	1	40	pips_40_500-8000.hdf5	both	none
1663.6382	1	Stimulus/S  1	1	16636382	16636390	20	2	60	pips_40_500-8000.hdf5	both	none
1664.7049	1	Stimulus/S  1	1	16647049	16647057	20	3	70	pips_40_500-8000.hdf5	both	none
1665.7715	1	Stimulus/S  1	1	16657715	16657723	20	4	50	pips_40_500-8000.hdf5	both	none
1666.8275	1	Stimulus/S  1	1	16668275	16668283	20	5	30	pips_40_500-8000.hdf5	both	none
1667.8729	1	Stimulus/S  1	1	16678729	16678737	21	0	20	pips_40_500-8000.hdf5	both	none
1668.9396	1	Stimulus/S  1	1	16689396	16689404	21	1	40	pips_40_500-8000.hdf5	both	none
1670.0062	1	Stimulus/S  1	1	16700062	16700070	21	2	60	pips_40_500-8000.hdf5	both	none
1671.0729	1	Stimulus/S  1	1	16710729	16710737	21	3	70	pips_40_500-8000.hdf5	both	none
1672.1396	1	Stimulus/S  1	1	16721396	16721404	21	4	50	pips_40_500-8000.hdf5	both	none
1673.1956	1	Stimulus/S  1	1	16731956	16731964	21	5	30	pips_40_500-8000.hdf5	both	none
1674.241	1	Stimulus/S  1	1	16742410	16742418	22	0	20	pips_40_500-8000.hdf5	both	none
1675.3076	1	Stimulus/S  1	1	16753076	16753084	22	1	40	pips_40_500-8000.hdf5	both	none
1676.3743	1	Stimulus/S  1	1	16763743	16763751	22	2	60	pips_40_500-8000.hdf5	both	none
1677.4303	1	Stimulus/S  1	1	16774303	16774311	22	3	70	pips_40_500-8000.hdf5	both	none
1678.4863	1	Stimulus/S  1	1	16784863	16784871	22	4	50	pips_40_500-8000.hdf5	both	none
1679.553	1	Stimulus/S  1	1	16795530	16795538	22	5	30	pips_40_500-8000.hdf5	both	none
1680.609	1	Stimulus/S  1	1	16806090	16806098	23	0	20	pips_40_500-8000.hdf5	both	none
1681.6544	1	Stimulus/S  1	1	16816544	16816552	23	1	40	pips_40_500-8000.hdf5	both	none
1682.721	1	Stimulus/S  1	1	16827210	16827218	23	2	60	pips_40_500-8000.hdf5	both	none
1683.7877	1	Stimulus/S  1	1	16837877	16837885	23	3	70	pips_40_500-8000.hdf5	both	none
1684.8544	1	Stimulus/S  1	1	16848544	16848552	23	4	50	pips_40_500-8000.hdf5	both	none
1685.9104	1	Stimulus/S  1	1	16859104	16859112	23	5	30	pips_40_500-8000.hdf5	both	none
1686.9557	1	Stimulus/S  1	1	16869557	16869565	24	0	20	pips_40_500-8000.hdf5	both	none
1688.0118	1	Stimulus/S  1	1	16880118	16880126	24	1	40	pips_40_500-8000.hdf5	both	none
1689.0784	1	Stimulus/S  1	1	16890784	16890792	24	2	60	pips_40_500-8000.hdf5	both	none
1690.1238	1	Stimulus/S  1	1	16901238	16901246	24	3	70	pips_40_500-8000.hdf5	both	none
1691.1905	1	Stimulus/S  1	1	16911905	16911913	24	4	50	pips_40_500-8000.hdf5	both	none
1692.2571	1	Stimulus/S  1	1	16922571	16922579	24	5	30	pips_40_500-8000.hdf5	both	none
1693.3131	1	Stimulus/S  1	1	16933131	16933139	25	0	20	pips_40_500-8000.hdf5	both	none
1694.3585	1	Stimulus/S  1	1	16943585	16943593	25	1	40	pips_40_500-8000.hdf5	both	none
1695.4038	1	Stimulus/S  1	1	16954038	16954046	25	2	60	pips_40_500-8000.hdf5	both	none
1696.4598	1	Stimulus/S  1	1	16964598	16964606	25	3	70	pips_40_500-8000.hdf5	both	none
1697.5052	1	Stimulus/S  1	1	16975052	16975060	25	4	50	pips_40_500-8000.hdf5	both	none
1698.5612	1	Stimulus/S  1	1	16985612	16985620	25	5	30	pips_40_500-8000.hdf5	both	none
1699.6279	1	Stimulus/S  1	1	16996279	16996287	26	0	20	pips_40_500-8000.hdf5	both	none
1700.6946	1	Stimulus/S  1	1	17006946	17006954	26	1	40	pips_40_500-8000.hdf5	both	none
1701.7612	1	Stimulus/S  1	1	17017612	17017620	26	2	60	pips_40_500-8000.hdf5	both	none
1702.8279	1	Stimulus/S  1	1	17028279	17028287	26	3	70	pips_40_500-8000.hdf5	both	none
1703.8946	1	Stimulus/S  1	1	17038946	17038954	26	4	50	pips_40_500-8000.hdf5	both	none
1704.9613	1	Stimulus/S  1	1	17049613	17049621	26	5	30	pips_40_500-8000.hdf5	both	none
1706.0279	1	Stimulus/S  1	1	17060279	17060287	27	0	20	pips_40_500-8000.hdf5	both	none
1707.0946	1	Stimulus/S  1	1	17070946	17070954	27	1	40	pips_40_500-8000.hdf5	both	none
1708.1613	1	Stimulus/S  1	1	17081613	17081621	27	2	60	pips_40_500-8000.hdf5	both	none
1709.228	1	Stimulus/S  1	1	17092280	17092288	27	3	70	pips_40_500-8000.hdf5	both	none
1710.2946	1	Stimulus/S  1	1	17102946	17102954	27	4	50	pips_40_500-8000.hdf5	both	none
1711.3613	1	Stimulus/S  1	1	17113613	17113621	27	5	30	pips_40_500-8000.hdf5	both	none
1712.428	1	Stimulus/S  1	1	17124280	17124288	28	0	20	pips_40_500-8000.hdf5	both	none
1713.4733	1	Stimulus/S  1	1	17134733	17134741	28	1	40	pips_40_500-8000.hdf5	both	none
1714.5294	1	Stimulus/S  1	1	17145294	17145302	28	2	60	pips_40_500-8000.hdf5	both	none
1715.5747	1	Stimulus/S  1	1	17155747	17155755	28	3	70	pips_40_500-8000.hdf5	both	none
1716.6414	1	Stimulus/S  1	1	17166414	17166422	28	4	50	pips_40_500-8000.hdf5	both	none
1717.7081	1	Stimulus/S  1	1	17177081	17177089	28	5	30	pips_40_500-8000.hdf5	both	none
1718.7641	1	Stimulus/S  1	1	17187641	17187649	29	0	20	pips_40_500-8000.hdf5	both	none
1719.8094	1	Stimulus/S  1	1	17198094	17198102	29	1	40	pips_40_500-8000.hdf5	both	none
1720.8761	1	Stimulus/S  1	1	17208761	17208769	29	2	60	pips_40_500-8000.hdf5	both	none
1721.9428	1	Stimulus/S  1	1	17219428	17219436	29	3	70	pips_40_500-8000.hdf5	both	none
1723.0094	1	Stimulus/S  1	1	17230094	17230102	29	4	50	pips_40_500-8000.hdf5	both	none
1724.0761	1	Stimulus/S  1	1	17240761	17240769	29	5	30	pips_40_500-8000.hdf5	both	none
1725.1428	1	Stimulus/S  1	1	17251428	17251436	30	0	20	pips_40_500-8000.hdf5	both	none
1726.2095	1	Stimulus/S  1	1	17262095	17262103	30	1	40	pips_40_500-8000.hdf5	both	none
1727.2761	1	Stimulus/S  1	1	17272761	17272769	30	2	60	pips_40_500-8000.hdf5	both	none
1728.3428	1	Stimulus/S  1	1	17283428	17283436	30	3	70	pips_40_500-8000.hdf5	both	none
1729.3882	1	Stimulus/S  1	1	17293882	17293890	30	4	50	pips_40_500-8000.hdf5	both	none
1730.4442	1	Stimulus/S  1	1	17304442	17304450	30	5	30	pips_40_500-8000.hdf5	both	none
1731.4895	1	Stimulus/S  1	1	17314895	17314903	31	0	20	pips_40_500-8000.hdf5	both	none
1732.5455	1	Stimulus/S  1	1	17325455	17325463	31	1	40	pips_40_500-8000.hdf5	both	none
1733.6122	1	Stimulus/S  1	1	17336122	17336130	31	2	60	pips_40_500-8000.hdf5	both	none
1734.6789	1	Stimulus/S  1	1	17346789	17346797	31	3	70	pips_40_500-8000.hdf5	both	none
1735.7242	1	Stimulus/S  1	1	17357242	17357250	31	4	50	pips_40_500-8000.hdf5	both	none
1736.7802	1	Stimulus/S  1	1	17367802	17367810	31	5	30	pips_40_500-8000.hdf5	both	none
1737.8256	1	Stimulus/S  1	1	17378256	17378264	32	0	20	pips_40_500-8000.hdf5	both	none
1738.8923	1	Stimulus/S  1	1	17388923	17388931	32	1	40	pips_40_500-8000.hdf5	both	none
1739.9589	1	Stimulus/S  1	1	17399589	17399597	32	2	60	pips_40_500-8000.hdf5	both	none
1741.0256	1	Stimulus/S  1	1	17410256	17410264	32	3	70	pips_40_500-8000.hdf5	both	none
1742.071	1	Stimulus/S  1	1	17420710	17420718	32	4	50	pips_40_500-8000.hdf5	both	none
1743.1376	1	Stimulus/S  1	1	17431376	17431384	32	5	30	pips_40_500-8000.hdf5	both	none
1744.2043	1	Stimulus/S  1	1	17442043	17442051	33	0	20	pips_40_500-8000.hdf5	both	none
1745.271	1	Stimulus/S  1	1	17452710	17452718	33	1	40	pips_40_500-8000.hdf5	both	none
1746.3377	1	Stimulus/S  1	1	17463377	17463385	33	2	60	pips_40_500-8000.hdf5	both	none
1747.3937	1	Stimulus/S  1	1	17473937	17473945	33	3	70	pips_40_500-8000.hdf5	both	none
1748.439	1	Stimulus/S  1	1	17484390	17484398	33	4	50	pips_40_500-8000.hdf5	both	none
1749.5057	1	Stimulus/S  1	1	17495057	17495065	33	5	30	pips_40_500-8000.hdf5	both	none
1750.5724	1	Stimulus/S  1	1	17505724	17505732	34	0	20	pips_40_500-8000.hdf5	both	none
1751.6391	1	Stimulus/S  1	1	17516391	17516399	34	1	40	pips_40_500-8000.hdf5	both	none
1752.6951	1	Stimulus/S  1	1	17526951	17526959	34	2	60	pips_40_500-8000.hdf5	both	none
1753.7404	1	Stimulus/S  1	1	17537404	17537412	34	3	70	pips_40_500-8000.hdf5	both	none
1754.8071	1	Stimulus/S  1	1	17548071	17548079	34	4	50	pips_40_500-8000.hdf5	both	none
1755.8631	1	Stimulus/S  1	1	17558631	17558639	34	5	30	pips_40_500-8000.hdf5	both	none
1756.9084	1	Stimulus/S  1	1	17569084	17569092	35	0	20	pips_40_500-8000.hdf5	both	none
1757.9751	1	Stimulus/S  1	1	17579751	17579759	35	1	40	pips_40_500-8000.hdf5	both	none
1759.0418	1	Stimulus/S  1	1	17590418	17590426	35	2	60	pips_40_500-8000.hdf5	both	none
1760.0978	1	Stimulus/S  1	1	17600978	17600986	35	3	70	pips_40_500-8000.hdf5	both	none
1761.1432	1	Stimulus/S  1	1	17611432	17611440	35	4	50	pips_40_500-8000.hdf5	both	none
1762.1885	1	Stimulus/S  1	1	17621885	17621893	35	5	30	pips_40_500-8000.hdf5	both	none
1763.2552	1	Stimulus/S  1	1	17632552	17632560	36	0	20	pips_40_500-8000.hdf5	both	none
1764.3219	1	Stimulus/S  1	1	17643219	17643227	36	1	40	pips_40_500-8000.hdf5	both	none
1765.3885	1	Stimulus/S  1	1	17653885	17653893	36	2	60	pips_40_500-8000.hdf5	both	none
1766.4445	1	Stimulus/S  1	1	17664445	17664453	36	3	70	pips_40_500-8000.hdf5	both	none
1767.4899	1	Stimulus/S  1	1	17674899	17674907	36	4	50	pips_40_500-8000.hdf5	both	none
1768.5566	1	Stimulus/S  1	1	17685566	17685574	36	5	30	pips_40_500-8000.hdf5	both	none
1769.6126	1	Stimulus/S  1	1	17696126	17696134	37	0	20	pips_40_500-8000.hdf5	both	none
1770.6579	1	Stimulus/S  1	1	17706579	17706587	37	1	40	pips_40_500-8000.hdf5	both	none
1771.7139	1	Stimulus/S  1	1	17717139	17717147	37	2	60	pips_40_500-8000.hdf5	both	none
1772.7806	1	Stimulus/S  1	1	17727806	17727814	37	3	70	pips_40_500-8000.hdf5	both	none
1773.8473	1	Stimulus/S  1	1	17738473	17738481	37	4	50	pips_40_500-8000.hdf5	both	none
1774.914	1	Stimulus/S  1	1	17749140	17749148	37	5	30	pips_40_500-8000.hdf5	both	none
1775.9806	1	Stimulus/S  1	1	17759806	17759814	38	0	20	pips_40_500-8000.hdf5	both	none
1777.0473	1	Stimulus/S  1	1	17770473	17770481	38	1	40	pips_40_500-8000.hdf5	both	none
1778.114	1	Stimulus/S  1	1	17781140	17781148	38	2	60	pips_40_500-8000.hdf5	both	none
1779.1807	1	Stimulus/S  1	1	17791807	17791815	38	3	70	pips_40_500-8000.hdf5	both	none
1780.226	1	Stimulus/S  1	1	17802260	17802268	38	4	50	pips_40_500-8000.hdf5	both	none
1781.2927	1	Stimulus/S  1	1	17812927	17812935	38	5	30	pips_40_500-8000.hdf5	both	none
1782.338	1	Stimulus/S  1	1	17823380	17823388	39	0	20	pips_40_500-8000.hdf5	both	none
1783.394	1	Stimulus/S  1	1	17833940	17833948	39	1	40	pips_40_500-8000.hdf5	both	none
1784.4394	1	Stimulus/S  1	1	17844394	17844402	39	2	60	pips_40_500-8000.hdf5	both	none
1785.5061	1	Stimulus/S  1	1	17855061	17855069	39	3	70	pips_40_500-8000.hdf5	both	none
1786.5727	1	Stimulus/S  1	1	17865727	17865735	39	4	50	pips_40_500-8000.hdf5	both	none
1787.6287	1	Stimulus/S  1	1	17876287	17876295	39	5	30	pips_40_500-8000.hdf5	both	none
1788.6954	1	Stimulus/S  1	1	17886954	17886962	40	0	20	pips_40_500-8000.hdf5	both	none
1789.7621	1	Stimulus/S  1	1	17897621	17897629	40	1	40	pips_40_500-8000.hdf5	both	none
1790.8288	1	Stimulus/S  1	1	17908288	17908296	40	2	60	pips_40_500-8000.hdf5	both	none
1791.8955	1	Stimulus/S  1	1	17918955	17918963	40	3	70	pips_40_500-8000.hdf5	both	none
1792.9408	1	Stimulus/S  1	1	17929408	17929416	40	4	50	pips_40_500-8000.hdf5	both	none
1793.9968	1	Stimulus/S  1	1	17939968	17939976	40	5	30	pips_40_500-8000.hdf5	both	none
1795.0422	1	Stimulus/S  1	1	17950422	17950430	41	0	20	pips_40_500-8000.hdf5	both	none
1796.1088	1	Stimulus/S  1	1	17961088	17961096	41	1	40	pips_40_500-8000.hdf5	both	none
1797.1755	1	Stimulus/S  1	1	17971755	17971763	41	2	60	pips_40_500-8000.hdf5	both	none
1798.2422	1	Stimulus/S  1	1	17982422	17982430	41	3	70	pips_40_500-8000.hdf5	both	none
1799.3089	1	Stimulus/S  1	1	17993089	17993097	41	4	50	pips_40_500-8000.hdf5	both	none
1800.3755	1	Stimulus/S  1	1	18003755	18003763	41	5	30	pips_40_500-8000.hdf5	both	none
1801.4422	1	Stimulus/S  1	1	18014422	18014430	42	0	20	pips_40_500-8000.hdf5	both	none
1802.5089	1	Stimulus/S  1	1	18025089	18025097	42	1	40	pips_40_500-8000.hdf5	both	none
1803.5649	1	Stimulus/S  1	1	18035649	18035657	42	2	60	pips_40_500-8000.hdf5	both	none
1804.6103	1	Stimulus/S  1	1	18046103	18046111	42	3	70	pips_40_500-8000.hdf5	both	none
1805.6769	1	Stimulus/S  1	1	18056769	18056777	42	4	50	pips_40_500-8000.hdf5	both	none
1806.7436	1	Stimulus/S  1	1	18067436	18067444	42	5	30	pips_40_500-8000.hdf5	both	none
1807.8103	1	Stimulus/S  1	1	18078103	18078111	43	0	20	pips_40_500-8000.hdf5	both	none
1808.877	1	Stimulus/S  1	1	18088770	18088778	43	1	40	pips_40_500-8000.hdf5	both	none
1809.9223	1	Stimulus/S  1	1	18099223	18099231	43	2	60	pips_40_500-8000.hdf5	both	none
1810.9783	1	Stimulus/S  1	1	18109783	18109791	43	3	70	pips_40_500-8000.hdf5	both	none
1812.0237	1	Stimulus/S  1	1	18120237	18120245	43	4	50	pips_40_500-8000.hdf5	both	none
1813.0903	1	Stimulus/S  1	1	18130903	18130911	43	5	30	pips_40_500-8000.hdf5	both	none
1814.157	1	Stimulus/S  1	1	18141570	18141578	44	0	20	pips_40_500-8000.hdf5	both	none
1815.2237	1	Stimulus/S  1	1	18152237	18152245	44	1	40	pips_40_500-8000.hdf5	both	none
1816.2797	1	Stimulus/S  1	1	18162797	18162805	44	2	60	pips_40_500-8000.hdf5	both	none
1817.325	1	Stimulus/S  1	1	18173250	18173258	44	3	70	pips_40_500-8000.hdf5	both	none
1818.3917	1	Stimulus/S  1	1	18183917	18183925	44	4	50	pips_40_500-8000.hdf5	both	none
1819.4477	1	Stimulus/S  1	1	18194477	18194485	44	5	30	pips_40_500-8000.hdf5	both	none
1820.4931	1	Stimulus/S  1	1	18204931	18204939	45	0	20	pips_40_500-8000.hdf5	both	none
1821.5384	1	Stimulus/S  1	1	18215384	18215392	45	1	40	pips_40_500-8000.hdf5	both	none
1822.6158	1	Stimulus/S  1	1	18226158	18226166	45	2	60	pips_40_500-8000.hdf5	both	none
1823.6824	1	Stimulus/S  1	1	18236824	18236832	45	3	70	pips_40_500-8000.hdf5	both	none
1824.7385	1	Stimulus/S  1	1	18247385	18247393	45	4	50	pips_40_500-8000.hdf5	both	none
1825.8158	1	Stimulus/S  1	1	18258158	18258166	45	5	30	pips_40_500-8000.hdf5	both	none
1826.8611	1	Stimulus/S  1	1	18268611	18268619	46	0	20	pips_40_500-8000.hdf5	both	none
1827.9065	1	Stimulus/S  1	1	18279065	18279073	46	1	40	pips_40_500-8000.hdf5	both	none
1828.9625	1	Stimulus/S  1	1	18289625	18289633	46	2	60	pips_40_500-8000.hdf5	both	none
1830.0292	1	Stimulus/S  1	1	18300292	18300300	46	3	70	pips_40_500-8000.hdf5	both	none
1831.0745	1	Stimulus/S  1	1	18310745	18310753	46	4	50	pips_40_500-8000.hdf5	both	none
1832.1412	1	Stimulus/S  1	1	18321412	18321420	46	5	30	pips_40_500-8000.hdf5	both	none
1833.2079	1	Stimulus/S  1	1	18332079	18332087	47	0	20	pips_40_500-8000.hdf5	both	none
1834.2745	1	Stimulus/S  1	1	18342745	18342753	47	1	40	pips_40_500-8000.hdf5	both	none
1835.3306	1	Stimulus/S  1	1	18353306	18353314	47	2	60	pips_40_500-8000.hdf5	both	none
1836.3759	1	Stimulus/S  1	1	18363759	18363767	47	3	70	pips_40_500-8000.hdf5	both	none
1837.4319	1	Stimulus/S  1	1	18374319	18374327	47	4	50	pips_40_500-8000.hdf5	both	none
1838.4773	1	Stimulus/S  1	1	18384773	18384781	47	5	30	pips_40_500-8000.hdf5	both	none
1839.5439	1	Stimulus/S  1	1	18395439	18395447	48	0	20	pips_40_500-8000.hdf5	both	none
1840.5893	1	Stimulus/S  1	1	18405893	18405901	48	1	40	pips_40_500-8000.hdf5	both	none
1841.6453	1	Stimulus/S  1	1	18416453	18416461	48	2	60	pips_40_500-8000.hdf5	both	none
1842.712	1	Stimulus/S  1	1	18427120	18427128	48	3	70	pips_40_500-8000.hdf5	both	none
1843.7786	1	Stimulus/S  1	1	18437786	18437794	48	4	50	pips_40_500-8000.hdf5	both	none
1844.8453	1	Stimulus/S  1	1	18448453	18448461	48	5	30	pips_40_500-8000.hdf5	both	none
1845.912	1	Stimulus/S  1	1	18459120	18459128	49	0	20	pips_40_500-8000.hdf5	both	none
1846.9787	1	Stimulus/S  1	1	18469787	18469795	49	1	40	pips_40_500-8000.hdf5	both	none
1848.0453	1	Stimulus/S  1	1	18480453	18480461	49	2	60	pips_40_500-8000.hdf5	both	none
1849.0907	1	Stimulus/S  1	1	18490907	18490915	49	3	70	pips_40_500-8000.hdf5	both	none
1850.1467	1	Stimulus/S  1	1	18501467	18501475	49	4	50	pips_40_500-8000.hdf5	both	none
1851.192	1	Stimulus/S  1	1	18511920	18511928	49	5	30	pips_40_500-8000.hdf5	both	none
1852.2587	1	Stimulus/S  1	1	18522587	18522595	50	0	20	pips_40_500-8000.hdf5	both	none
1853.3254	1	Stimulus/S  1	1	18533254	18533262	50	1	40	pips_40_500-8000.hdf5	both	none
1854.3814	1	Stimulus/S  1	1	18543814	18543822	50	2	60	pips_40_500-8000.hdf5	both	none
1855.4268	1	Stimulus/S  1	1	18554268	18554276	50	3	70	pips_40_500-8000.hdf5	both	none
1856.4934	1	Stimulus/S  1	1	18564934	18564942	50	4	50	pips_40_500-8000.hdf5	both	none
1857.5601	1	Stimulus/S  1	1	18575601	18575609	50	5	30	pips_40_500-8000.hdf5	both	none
1858.6161	1	Stimulus/S  1	1	18586161	18586169	51	0	20	pips_40_500-8000.hdf5	both	none
1859.6615	1	Stimulus/S  1	1	18596615	18596623	51	1	40	pips_40_500-8000.hdf5	both	none
1860.7068	1	Stimulus/S  1	1	18607068	18607076	51	2	60	pips_40_500-8000.hdf5	both	none
1861.7628	1	Stimulus/S  1	1	18617628	18617636	51	3	70	pips_40_500-8000.hdf5	both	none
1862.8295	1	Stimulus/S  1	1	18628295	18628303	51	4	50	pips_40_500-8000.hdf5	both	none
1863.8962	1	Stimulus/S  1	1	18638962	18638970	51	5	30	pips_40_500-8000.hdf5	both	none
1864.9415	1	Stimulus/S  1	1	18649415	18649423	52	0	20	pips_40_500-8000.hdf5	both	none
1866.0082	1	Stimulus/S  1	1	18660082	18660090	52	1	40	pips_40_500-8000.hdf5	both	none
1867.0749	1	Stimulus/S  1	1	18670749	18670757	52	2	60	pips_40_500-8000.hdf5	both	none
1868.1309	1	Stimulus/S  1	1	18681309	18681317	52	3	70	pips_40_500-8000.hdf5	both	none
1869.1762	1	Stimulus/S  1	1	18691762	18691770	52	4	50	pips_40_500-8000.hdf5	both	none
1870.2429	1	Stimulus/S  1	1	18702429	18702437	52	5	30	pips_40_500-8000.hdf5	both	none
1871.3096	1	Stimulus/S  1	1	18713096	18713104	53	0	20	pips_40_500-8000.hdf5	both	none
1872.3763	1	Stimulus/S  1	1	18723763	18723771	53	1	40	pips_40_500-8000.hdf5	both	none
1873.4323	1	Stimulus/S  1	1	18734323	18734331	53	2	60	pips_40_500-8000.hdf5	both	none
1874.4776	1	Stimulus/S  1	1	18744776	18744784	53	3	70	pips_40_500-8000.hdf5	both	none
1875.5443	1	Stimulus/S  1	1	18755443	18755451	53	4	50	pips_40_500-8000.hdf5	both	none
1876.5896	1	Stimulus/S  1	1	18765896	18765904	53	5	30	pips_40_500-8000.hdf5	both	none
1877.6456	1	Stimulus/S  1	1	18776456	18776464	54	0	20	pips_40_500-8000.hdf5	both	none
1878.691	1	Stimulus/S  1	1	18786910	18786918	54	1	40	pips_40_500-8000.hdf5	both	none
1879.7577	1	Stimulus/S  1	1	18797577	18797585	54	2	60	pips_40_500-8000.hdf5	both	none
1880.8243	1	Stimulus/S  1	1	18808243	18808251	54	3	70	pips_40_500-8000.hdf5	both	none
1881.8804	1	Stimulus/S  1	1	18818804	18818812	54	4	50	pips_40_500-8000.hdf5	both	none
1882.9257	1	Stimulus/S  1	1	18829257	18829265	54	5	30	pips_40_500-8000.hdf5	both	none
1883.9924	1	Stimulus/S  1	1	18839924	18839932	55	0	20	pips_40_500-8000.hdf5	both	none
1885.0591	1	Stimulus/S  1	1	18850591	18850599	55	1	40	pips_40_500-8000.hdf5	both	none
1886.1151	1	Stimulus/S  1	1	18861151	18861159	55	2	60	pips_40_500-8000.hdf5	both	none
1887.1604	1	Stimulus/S  1	1	18871604	18871612	55	3	70	pips_40_500-8000.hdf5	both	none
1888.2271	1	Stimulus/S  1	1	18882271	18882279	55	4	50	pips_40_500-8000.hdf5	both	none
1889.2938	1	Stimulus/S  1	1	18892938	18892946	55	5	30	pips_40_500-8000.hdf5	both	none
1890.3498	1	Stimulus/S  1	1	18903498	18903506	56	0	20	pips_40_500-8000.hdf5	both	none
1891.4164	1	Stimulus/S  1	1	18914164	18914172	56	1	40	pips_40_500-8000.hdf5	both	none
1892.4831	1	Stimulus/S  1	1	18924831	18924839	56	2	60	pips_40_500-8000.hdf5	both	none
1893.5285	1	Stimulus/S  1	1	18935285	18935293	56	3	70	pips_40_500-8000.hdf5	both	none
1894.5951	1	Stimulus/S  1	1	18945951	18945959	56	4	50	pips_40_500-8000.hdf5	both	none
1895.6618	1	Stimulus/S  1	1	18956618	18956626	56	5	30	pips_40_500-8000.hdf5	both	none
1896.7285	1	Stimulus/S  1	1	18967285	18967293	57	0	20	pips_40_500-8000.hdf5	both	none
1897.7738	1	Stimulus/S  1	1	18977738	18977746	57	1	40	pips_40_500-8000.hdf5	both	none
1898.8405	1	Stimulus/S  1	1	18988405	18988413	57	2	60	pips_40_500-8000.hdf5	both	none
1899.9072	1	Stimulus/S  1	1	18999072	18999080	57	3	70	pips_40_500-8000.hdf5	both	none
1900.9632	1	Stimulus/S  1	1	19009632	19009640	57	4	50	pips_40_500-8000.hdf5	both	none
1902.0086	1	Stimulus/S  1	1	19020086	19020094	57	5	30	pips_40_500-8000.hdf5	both	none
1903.0752	1	Stimulus/S  1	1	19030752	19030760	58	0	20	pips_40_500-8000.hdf5	both	none
1904.1312	1	Stimulus/S  1	1	19041312	19041320	58	1	40	pips_40_500-8000.hdf5	both	none
1905.1766	1	Stimulus/S  1	1	19051766	19051774	58	2	60	pips_40_500-8000.hdf5	both	none
1906.2433	1	Stimulus/S  1	1	19062433	19062441	58	3	70	pips_40_500-8000.hdf5	both	none
1907.2993	1	Stimulus/S  1	1	19072993	19073001	58	4	50	pips_40_500-8000.hdf5	both	none
1908.3446	1	Stimulus/S  1	1	19083446	19083454	58	5	30	pips_40_500-8000.hdf5	both	none
1909.4006	1	Stimulus/S  1	1	19094006	19094014	59	0	20	pips_40_500-8000.hdf5	both	none
1910.446	1	Stimulus/S  1	1	19104460	19104468	59	1	40	pips_40_500-8000.hdf5	both	none
1911.5126	1	Stimulus/S  1	1	19115126	19115134	59	2	60	pips_40_500-8000.hdf5	both	none
1912.558	1	Stimulus/S  1	1	19125580	19125588	59	3	70	pips_40_500-8000.hdf5	both	none
1913.614	1	Stimulus/S  1	1	19136140	19136148	59	4	50	pips_40_500-8000.hdf5	both	none
1914.6807	1	Stimulus/S  1	1	19146807	19146815	59	5	30	pips_40_500-8000.hdf5	both	none
1915.7474	1	Stimulus/S  1	1	19157474	19157482	60	0	20	pips_40_500-8000.hdf5	both	none
1916.7927	1	Stimulus/S  1	1	19167927	19167935	60	1	40	pips_40_500-8000.hdf5	both	none
1917.8594	1	Stimulus/S  1	1	19178594	19178602	60	2	60	pips_40_500-8000.hdf5	both	none
1918.9261	1	Stimulus/S  1	1	19189261	19189269	60	3	70	pips_40_500-8000.hdf5	both	none
1919.9821	1	Stimulus/S  1	1	19199821	19199829	60	4	50	pips_40_500-8000.hdf5	both	none
1921.0274	1	Stimulus/S  1	1	19210274	19210282	60	5	30	pips_40_500-8000.hdf5	both	none
1922.0941	1	Stimulus/S  1	1	19220941	19220949	61	0	20	pips_40_500-8000.hdf5	both	none
1923.1501	1	Stimulus/S  1	1	19231501	19231509	61	1	40	pips_40_500-8000.hdf5	both	none
1924.1954	1	Stimulus/S  1	1	19241954	19241962	61	2	60	pips_40_500-8000.hdf5	both	none
1925.2621	1	Stimulus/S  1	1	19252621	19252629	61	3	70	pips_40_500-8000.hdf5	both	none
1926.3075	1	Stimulus/S  1	1	19263075	19263083	61	4	50	pips_40_500-8000.hdf5	both	none
1927.3741	1	Stimulus/S  1	1	19273741	19273749	61	5	30	pips_40_500-8000.hdf5	both	none
1928.4408	1	Stimulus/S  1	1	19284408	19284416	62	0	20	pips_40_500-8000.hdf5	both	none
1929.4968	1	Stimulus/S  1	1	19294968	19294976	62	1	40	pips_40_500-8000.hdf5	both	none
1930.5422	1	Stimulus/S  1	1	19305422	19305430	62	2	60	pips_40_500-8000.hdf5	both	none
1931.6088	1	Stimulus/S  1	1	19316088	19316096	62	3	70	pips_40_500-8000.hdf5	both	none
1932.6649	1	Stimulus/S  1	1	19326649	19326657	62	4	50	pips_40_500-8000.hdf5	both	none
1933.7102	1	Stimulus/S  1	1	19337102	19337110	62	5	30	pips_40_500-8000.hdf5	both	none
1934.7662	1	Stimulus/S  1	1	19347662	19347670	63	0	20	pips_40_500-8000.hdf5	both	none
1935.8116	1	Stimulus/S  1	1	19358116	19358124	63	1	40	pips_40_500-8000.hdf5	both	none
1936.8569	1	Stimulus/S  1	1	19368569	19368577	63	2	60	pips_40_500-8000.hdf5	both	none
1937.9129	1	Stimulus/S  1	1	19379129	19379137	63	3	70	pips_40_500-8000.hdf5	both	none
1938.9796	1	Stimulus/S  1	1	19389796	19389804	63	4	50	pips_40_500-8000.hdf5	both	none
1940.0249	1	Stimulus/S  1	1	19400249	19400257	63	5	30	pips_40_500-8000.hdf5	both	none
1941.0916	1	Stimulus/S  1	1	19410916	19410924	64	0	20	pips_40_500-8000.hdf5	both	none
1942.1476	1	Stimulus/S  1	1	19421476	19421484	64	1	40	pips_40_500-8000.hdf5	both	none
1943.193	1	Stimulus/S  1	1	19431930	19431938	64	2	60	pips_40_500-8000.hdf5	both	none
1944.2596	1	Stimulus/S  1	1	19442596	19442604	64	3	70	pips_40_500-8000.hdf5	both	none
1945.3156	1	Stimulus/S  1	1	19453156	19453164	64	4	50	pips_40_500-8000.hdf5	both	none
1946.3823	1	Stimulus/S  1	1	19463823	19463831	64	5	30	pips_40_500-8000.hdf5	both	none
1947.449	1	Stimulus/S  1	1	19474490	19474498	65	0	20	pips_40_500-8000.hdf5	both	none
1948.4943	1	Stimulus/S  1	1	19484943	19484951	65	1	40	pips_40_500-8000.hdf5	both	none
1949.5504	1	Stimulus/S  1	1	19495504	19495512	65	2	60	pips_40_500-8000.hdf5	both	none
1950.617	1	Stimulus/S  1	1	19506170	19506178	65	3	70	pips_40_500-8000.hdf5	both	none
1951.6837	1	Stimulus/S  1	1	19516837	19516845	65	4	50	pips_40_500-8000.hdf5	both	none
1952.7291	1	Stimulus/S  1	1	19527291	19527299	65	5	30	pips_40_500-8000.hdf5	both	none
1953.7957	1	Stimulus/S  1	1	19537957	19537965	66	0	20	pips_40_500-8000.hdf5	both	none
1954.8624	1	Stimulus/S  1	1	19548624	19548632	66	1	40	pips_40_500-8000.hdf5	both	none
1955.9078	1	Stimulus/S  1	1	19559078	19559086	66	2	60	pips_40_500-8000.hdf5	both	none
1956.9744	1	Stimulus/S  1	1	19569744	19569752	66	3	70	pips_40_500-8000.hdf5	both	none
1958.0411	1	Stimulus/S  1	1	19580411	19580419	66	4	50	pips_40_500-8000.hdf5	both	none
1959.1078	1	Stimulus/S  1	1	19591078	19591086	66	5	30	pips_40_500-8000.hdf5	both	none
1960.1638	1	Stimulus/S  1	1	19601638	19601646	67	0	20	pips_40_500-8000.hdf5	both	none
1961.2091	1	Stimulus/S  1	1	19612091	19612099	67	1	40	pips_40_500-8000.hdf5	both	none
1962.2758	1	Stimulus/S  1	1	19622758	19622766	67	2	60	pips_40_500-8000.hdf5	both	none
1963.3318	1	Stimulus/S  1	1	19633318	19633326	67	3	70	pips_40_500-8000.hdf5	both	none
1964.3772	1	Stimulus/S  1	1	19643772	19643780	67	4	50	pips_40_500-8000.hdf5	both	none
1965.4332	1	Stimulus/S  1	1	19654332	19654340	67	5	30	pips_40_500-8000.hdf5	both	none
1966.4999	1	Stimulus/S  1	1	19664999	19665007	68	0	20	pips_40_500-8000.hdf5	both	none
1967.5452	1	Stimulus/S  1	1	19675452	19675460	68	1	40	pips_40_500-8000.hdf5	both	none
1968.6012	1	Stimulus/S  1	1	19686012	19686020	68	2	60	pips_40_500-8000.hdf5	both	none
1969.6679	1	Stimulus/S  1	1	19696679	19696687	68	3	70	pips_40_500-8000.hdf5	both	none
1970.7346	1	Stimulus/S  1	1	19707346	19707354	68	4	50	pips_40_500-8000.hdf5	both	none
1971.7799	1	Stimulus/S  1	1	19717799	19717807	68	5	30	pips_40_500-8000.hdf5	both	none
1972.8253	1	Stimulus/S  1	1	19728253	19728261	69	0	20	pips_40_500-8000.hdf5	both	none
1973.8919	1	Stimulus/S  1	1	19738919	19738927	69	1	40	pips_40_500-8000.hdf5	both	none
1974.9479	1	Stimulus/S  1	1	19749479	19749487	69	2	60	pips_40_500-8000.hdf5	both	none
1975.9933	1	Stimulus/S  1	1	19759933	19759941	69	3	70	pips_40_500-8000.hdf5	both	none
1977.06	1	Stimulus/S  1	1	19770600	19770608	69	4	50	pips_40_500-8000.hdf5	both	none
1978.1266	1	Stimulus/S  1	1	19781266	19781274	69	5	30	pips_40_500-8000.hdf5	both	none
1979.1933	1	Stimulus/S  1	1	19791933	19791941	70	0	20	pips_40_500-8000.hdf5	both	none
1980.2493	1	Stimulus/S  1	1	19802493	19802501	70	1	40	pips_40_500-8000.hdf5	both	none
1981.2947	1	Stimulus/S  1	1	19812947	19812955	70	2	60	pips_40_500-8000.hdf5	both	none
1982.3507	1	Stimulus/S  1	1	19823507	19823515	70	3	70	pips_40_500-8000.hdf5	both	none
1983.396	1	Stimulus/S  1	1	19833960	19833968	70	4	50	pips_40_500-8000.hdf5	both	none
1984.4627	1	Stimulus/S  1	1	19844627	19844635	70	5	30	pips_40_500-8000.hdf5	both	none
1985.5187	1	Stimulus/S  1	1	19855187	19855195	71	0	20	pips_40_500-8000.hdf5	both	none
1986.5641	1	Stimulus/S  1	1	19865641	19865649	71	1	40	pips_40_500-8000.hdf5	both	none
1987.6307	1	Stimulus/S  1	1	19876307	19876315	71	2	60	pips_40_500-8000.hdf5	both	none
1988.6974	1	Stimulus/S  1	1	19886974	19886982	71	3	70	pips_40_500-8000.hdf5	both	none
1989.7428	1	Stimulus/S  1	1	19897428	19897436	71	4	50	pips_40_500-8000.hdf5	both	none
1990.7988	1	Stimulus/S  1	1	19907988	19907996	71	5	30	pips_40_500-8000.hdf5	both	none
1991.8654	1	Stimulus/S  1	1	19918654	19918662	72	0	20	pips_40_500-8000.hdf5	both	none
1992.9321	1	Stimulus/S  1	1	19929321	19929329	72	1	40	pips_40_500-8000.hdf5	both	none
1993.9775	1	Stimulus/S  1	1	19939775	19939783	72	2	60	pips_40_500-8000.hdf5	both	none
1995.0335	1	Stimulus/S  1	1	19950335	19950343	72	3	70	pips_40_500-8000.hdf5	both	none
1996.1002	1	Stimulus/S  1	1	19961002	19961010	72	4	50	pips_40_500-8000.hdf5	both	none
1997.1455	1	Stimulus/S  1	1	19971455	19971463	72	5	30	pips_40_500-8000.hdf5	both	none
1998.2015	1	Stimulus/S  1	1	19982015	19982023	73	0	20	pips_40_500-8000.hdf5	both	none
1999.2682	1	Stimulus/S  1	1	19992682	19992690	73	1	40	pips_40_500-8000.hdf5	both	none
2000.3135	1	Stimulus/S  1	1	20003135	20003143	73	2	60	pips_40_500-8000.hdf5	both	none
2001.3589	1	Stimulus/S  1	1	20013589	20013597	73	3	70	pips_40_500-8000.hdf5	both	none
2002.4149	1	Stimulus/S  1	1	20024149	20024157	73	4	50	pips_40_500-8000.hdf5	both	none
2003.4816	1	Stimulus/S  1	1	20034816	20034824	73	5	30	pips_40_500-8000.hdf5	both	none
2004.5269	1	Stimulus/S  1	1	20045269	20045277	74	0	20	pips_40_500-8000.hdf5	both	none
2005.5936	1	Stimulus/S  1	1	20055936	20055944	74	1	40	pips_40_500-8000.hdf5	both	none
2006.6603	1	Stimulus/S  1	1	20066603	20066611	74	2	60	pips_40_500-8000.hdf5	both	none
2007.7163	1	Stimulus/S  1	1	20077163	20077171	74	3	70	pips_40_500-8000.hdf5	both	none
2008.7829	1	Stimulus/S  1	1	20087829	20087837	74	4	50	pips_40_500-8000.hdf5	both	none
2009.8283	1	Stimulus/S  1	1	20098283	20098291	74	5	30	pips_40_500-8000.hdf5	both	none
2010.8843	1	Stimulus/S  1	1	20108843	20108851	75	0	20	pips_40_500-8000.hdf5	both	none
2011.9296	1	Stimulus/S  1	1	20119296	20119304	75	1	40	pips_40_500-8000.hdf5	both	none
2012.975	1	Stimulus/S  1	1	20129750	20129758	75	2	60	pips_40_500-8000.hdf5	both	none
2014.0523	1	Stimulus/S  1	1	20140523	20140531	75	3	70	pips_40_500-8000.hdf5	both	none
2015.0977	1	Stimulus/S  1	1	20150977	20150985	75	4	50	pips_40_500-8000.hdf5	both	none
2016.143	1	Stimulus/S  1	1	20161430	20161438	75	5	30	pips_40_500-8000.hdf5	both	none
2017.2097	1	Stimulus/S  1	1	20172097	20172105	76	0	20	pips_40_500-8000.hdf5	both	none
2018.2657	1	Stimulus/S  1	1	20182657	20182665	76	1	40	pips_40_500-8000.hdf5	both	none
2019.311	1	Stimulus/S  1	1	20193110	20193118	76	2	60	pips_40_500-8000.hdf5	both	none
2020.3671	1	Stimulus/S  1	1	20203671	20203679	76	3	70	pips_40_500-8000.hdf5	both	none
2021.4124	1	Stimulus/S  1	1	20214124	20214132	76	4	50	pips_40_500-8000.hdf5	both	none
2022.4791	1	Stimulus/S  1	1	20224791	20224799	76	5	30	pips_40_500-8000.hdf5	both	none
2023.5351	1	Stimulus/S  1	1	20235351	20235359	77	0	20	pips_40_500-8000.hdf5	both	none
2024.6018	1	Stimulus/S  1	1	20246018	20246026	77	1	40	pips_40_500-8000.hdf5	both	none
2025.6471	1	Stimulus/S  1	1	20256471	20256479	77	2	60	pips_40_500-8000.hdf5	both	none
2026.6925	1	Stimulus/S  1	1	20266925	20266933	77	3	70	pips_40_500-8000.hdf5	both	none
2027.7591	1	Stimulus/S  1	1	20277591	20277599	77	4	50	pips_40_500-8000.hdf5	both	none
2028.8151	1	Stimulus/S  1	1	20288151	20288159	77	5	30	pips_40_500-8000.hdf5	both	none
2029.8605	1	Stimulus/S  1	1	20298605	20298613	78	0	20	pips_40_500-8000.hdf5	both	none
2030.9165	1	Stimulus/S  1	1	20309165	20309173	78	1	40	pips_40_500-8000.hdf5	both	none
2031.9832	1	Stimulus/S  1	1	20319832	20319840	78	2	60	pips_40_500-8000.hdf5	both	none
2033.0499	1	Stimulus/S  1	1	20330499	20330507	78	3	70	pips_40_500-8000.hdf5	both	none
2034.0952	1	Stimulus/S  1	1	20340952	20340960	78	4	50	pips_40_500-8000.hdf5	both	none
2035.1512	1	Stimulus/S  1	1	20351512	20351520	78	5	30	pips_40_500-8000.hdf5	both	none
2036.2179	1	Stimulus/S  1	1	20362179	20362187	79	0	20	pips_40_500-8000.hdf5	both	none
2037.2632	1	Stimulus/S  1	1	20372632	20372640	79	1	40	pips_40_500-8000.hdf5	both	none
2038.3192	1	Stimulus/S  1	1	20383192	20383200	79	2	60	pips_40_500-8000.hdf5	both	none
2039.3859	1	Stimulus/S  1	1	20393859	20393867	79	3	70	pips_40_500-8000.hdf5	both	none
2040.4313	1	Stimulus/S  1	1	20404313	20404321	79	4	50	pips_40_500-8000.hdf5	both	none
2041.4766	1	Stimulus/S  1	1	20414766	20414774	79	5	30	pips_40_500-8000.hdf5	both	none
2042.5433	1	Stimulus/S  1	1	20425433	20425441	80	0	20	pips_40_500-8000.hdf5	both	none
2043.5993	1	Stimulus/S  1	1	20435993	20436001	80	1	40	pips_40_500-8000.hdf5	both	none
2044.6446	1	Stimulus/S  1	1	20446446	20446454	80	2	60	pips_40_500-8000.hdf5	both	none
2045.7113	1	Stimulus/S  1	1	20457113	20457121	80	3	70	pips_40_500-8000.hdf5	both	none
2046.778	1	Stimulus/S  1	1	20467780	20467788	80	4	50	pips_40_500-8000.hdf5	both	none
2047.834	1	Stimulus/S  1	1	20478340	20478348	80	5	30	pips_40_500-8000.hdf5	both	none
2048.8793	1	Stimulus/S  1	1	20488793	20488801	81	0	20	pips_40_500-8000.hdf5	both	none
2049.946	1	Stimulus/S  1	1	20499460	20499468	81	1	40	pips_40_500-8000.hdf5	both	none
2051.0127	1	Stimulus/S  1	1	20510127	20510135	81	2	60	pips_40_500-8000.hdf5	both	none
2052.0687	1	Stimulus/S  1	1	20520687	20520695	81	3	70	pips_40_500-8000.hdf5	both	none
2053.114	1	Stimulus/S  1	1	20531140	20531148	81	4	50	pips_40_500-8000.hdf5	both	none
2054.1594	1	Stimulus/S  1	1	20541594	20541602	81	5	30	pips_40_500-8000.hdf5	both	none
2055.2261	1	Stimulus/S  1	1	20552261	20552269	82	0	20	pips_40_500-8000.hdf5	both	none
2056.2821	1	Stimulus/S  1	1	20562821	20562829	82	1	40	pips_40_500-8000.hdf5	both	none
2057.3274	1	Stimulus/S  1	1	20573274	20573282	82	2	60	pips_40_500-8000.hdf5	both	none
2058.3941	1	Stimulus/S  1	1	20583941	20583949	82	3	70	pips_40_500-8000.hdf5	both	none
2059.4608	1	Stimulus/S  1	1	20594608	20594616	82	4	50	pips_40_500-8000.hdf5	both	none
2060.5275	1	Stimulus/S  1	1	20605275	20605283	82	5	30	pips_40_500-8000.hdf5	both	none
2061.5835	1	Stimulus/S  1	1	20615835	20615843	83	0	20	pips_40_500-8000.hdf5	both	none
2062.6288	1	Stimulus/S  1	1	20626288	20626296	83	1	40	pips_40_500-8000.hdf5	both	none
2063.6955	1	Stimulus/S  1	1	20636955	20636963	83	2	60	pips_40_500-8000.hdf5	both	none
2064.7622	1	Stimulus/S  1	1	20647622	20647630	83	3	70	pips_40_500-8000.hdf5	both	none
2065.8182	1	Stimulus/S  1	1	20658182	20658190	83	4	50	pips_40_500-8000.hdf5	both	none
2066.8635	1	Stimulus/S  1	1	20668635	20668643	83	5	30	pips_40_500-8000.hdf5	both	none
2067.9302	1	Stimulus/S  1	1	20679302	20679310	84	0	20	pips_40_500-8000.hdf5	both	none
2068.9862	1	Stimulus/S  1	1	20689862	20689870	84	1	40	pips_40_500-8000.hdf5	both	none
2070.0316	1	Stimulus/S  1	1	20700316	20700324	84	2	60	pips_40_500-8000.hdf5	both	none
2071.0982	1	Stimulus/S  1	1	20710982	20710990	84	3	70	pips_40_500-8000.hdf5	both	none
2072.1649	1	Stimulus/S  1	1	20721649	20721657	84	4	50	pips_40_500-8000.hdf5	both	none
2073.2102	1	Stimulus/S  1	1	20732102	20732110	84	5	30	pips_40_500-8000.hdf5	both	none
2074.2769	1	Stimulus/S  1	1	20742769	20742777	85	0	20	pips_40_500-8000.hdf5	both	none
2075.3436	1	Stimulus/S  1	1	20753436	20753444	85	1	40	pips_40_500-8000.hdf5	both	none
2076.3996	1	Stimulus/S  1	1	20763996	20764004	85	2	60	pips_40_500-8000.hdf5	both	none
2077.445	1	Stimulus/S  1	1	20774450	20774458	85	3	70	pips_40_500-8000.hdf5	both	none
2078.5116	1	Stimulus/S  1	1	20785116	20785124	85	4	50	pips_40_500-8000.hdf5	both	none
2079.5676	1	Stimulus/S  1	1	20795676	20795684	85	5	30	pips_40_500-8000.hdf5	both	none
2080.6343	1	Stimulus/S  1	1	20806343	20806351	86	0	20	pips_40_500-8000.hdf5	both	none
2081.701	1	Stimulus/S  1	1	20817010	20817018	86	1	40	pips_40_500-8000.hdf5	both	none
2082.7463	1	Stimulus/S  1	1	20827463	20827471	86	2	60	pips_40_500-8000.hdf5	both	none
2083.8024	1	Stimulus/S  1	1	20838024	20838032	86	3	70	pips_40_500-8000.hdf5	both	none
2084.869	1	Stimulus/S  1	1	20848690	20848698	86	4	50	pips_40_500-8000.hdf5	both	none
2085.9144	1	Stimulus/S  1	1	20859144	20859152	86	5	30	pips_40_500-8000.hdf5	both	none
2086.9597	1	Stimulus/S  1	1	20869597	20869605	87	0	20	pips_40_500-8000.hdf5	both	none
2088.0264	1	Stimulus/S  1	1	20880264	20880272	87	1	40	pips_40_500-8000.hdf5	both	none
2089.0824	1	Stimulus/S  1	1	20890824	20890832	87	2	60	pips_40_500-8000.hdf5	both	none
2090.1491	1	Stimulus/S  1	1	20901491	20901499	87	3	70	pips_40_500-8000.hdf5	both	none
2091.1944	1	Stimulus/S  1	1	20911944	20911952	87	4	50	pips_40_500-8000.hdf5	both	none
2092.2504	1	Stimulus/S  1	1	20922504	20922512	87	5	30	pips_40_500-8000.hdf5	both	none
2093.3171	1	Stimulus/S  1	1	20933171	20933179	88	0	20	pips_40_500-8000.hdf5	both	none
2094.3838	1	Stimulus/S  1	1	20943838	20943846	88	1	40	pips_40_500-8000.hdf5	both	none
2095.4291	1	Stimulus/S  1	1	20954291	20954299	88	2	60	pips_40_500-8000.hdf5	both	none
2096.4958	1	Stimulus/S  1	1	20964958	20964966	88	3	70	pips_40_500-8000.hdf5	both	none
2097.5518	1	Stimulus/S  1	1	20975518	20975526	88	4	50	pips_40_500-8000.hdf5	both	none
2098.5972	1	Stimulus/S  1	1	20985972	20985980	88	5	30	pips_40_500-8000.hdf5	both	none
2099.6638	1	Stimulus/S  1	1	20996638	20996646	89	0	20	pips_40_500-8000.hdf5	both	none
2100.7199	1	Stimulus/S  1	1	21007199	21007207	89	1	40	pips_40_500-8000.hdf5	both	none
2101.7652	1	Stimulus/S  1	1	21017652	21017660	89	2	60	pips_40_500-8000.hdf5	both	none
2102.8319	1	Stimulus/S  1	1	21028319	21028327	89	3	70	pips_40_500-8000.hdf5	both	none
2103.8772	1	Stimulus/S  1	1	21038772	21038780	89	4	50	pips_40_500-8000.hdf5	both	none
2104.9439	1	Stimulus/S  1	1	21049439	21049447	89	5	30	pips_40_500-8000.hdf5	both	none
2106.0106	1	Stimulus/S  1	1	21060106	21060114	90	0	20	pips_40_500-8000.hdf5	both	none
2107.0666	1	Stimulus/S  1	1	21070666	21070674	90	1	40	pips_40_500-8000.hdf5	both	none
2108.1119	1	Stimulus/S  1	1	21081119	21081127	90	2	60	pips_40_500-8000.hdf5	both	none
2109.1786	1	Stimulus/S  1	1	21091786	21091794	90	3	70	pips_40_500-8000.hdf5	both	none
2110.2346	1	Stimulus/S  1	1	21102346	21102354	90	4	50	pips_40_500-8000.hdf5	both	none
2111.28	1	Stimulus/S  1	1	21112800	21112808	90	5	30	pips_40_500-8000.hdf5	both	none
2112.336	1	Stimulus/S  1	1	21123360	21123368	91	0	20	pips_40_500-8000.hdf5	both	none
2113.3813	1	Stimulus/S  1	1	21133813	21133821	91	1	40	pips_40_500-8000.hdf5	both	none
2114.4267	1	Stimulus/S  1	1	21144267	21144275	91	2	60	pips_40_500-8000.hdf5	both	none
2115.504	1	Stimulus/S  1	1	21155040	21155048	91	3	70	pips_40_500-8000.hdf5	both	none
2116.56	1	Stimulus/S  1	1	21165600	21165608	91	4	50	pips_40_500-8000.hdf5	both	none
2117.616	1	Stimulus/S  1	1	21176160	21176168	91	5	30	pips_40_500-8000.hdf5	both	none
2118.6827	1	Stimulus/S  1	1	21186827	21186835	92	0	20	pips_40_500-8000.hdf5	both	none
2119.728	1	Stimulus/S  1	1	21197280	21197288	92	1	40	pips_40_500-8000.hdf5	both	none
2120.7841	1	Stimulus/S  1	1	21207841	21207849	92	2	60	pips_40_500-8000.hdf5	both	none
2121.8507	1	Stimulus/S  1	1	21218507	21218515	92	3	70	pips_40_500-8000.hdf5	both	none
2122.8961	1	Stimulus/S  1	1	21228961	21228969	92	4	50	pips_40_500-8000.hdf5	both	none
2123.9521	1	Stimulus/S  1	1	21239521	21239529	92	5	30	pips_40_500-8000.hdf5	both	none
2125.0188	1	Stimulus/S  1	1	21250188	21250196	93	0	20	pips_40_500-8000.hdf5	both	none
2126.0854	1	Stimulus/S  1	1	21260854	21260862	93	1	40	pips_40_500-8000.hdf5	both	none
2127.1308	1	Stimulus/S  1	1	21271308	21271316	93	2	60	pips_40_500-8000.hdf5	both	none
2128.1975	1	Stimulus/S  1	1	21281975	21281983	93	3	70	pips_40_500-8000.hdf5	both	none
2129.2535	1	Stimulus/S  1	1	21292535	21292543	93	4	50	pips_40_500-8000.hdf5	both	none
2130.2988	1	Stimulus/S  1	1	21302988	21302996	93	5	30	pips_40_500-8000.hdf5	both	none
2131.3442	1	Stimulus/S  1	1	21313442	21313450	94	0	20	pips_40_500-8000.hdf5	both	none
2132.4108	1	Stimulus/S  1	1	21324108	21324116	94	1	40	pips_40_500-8000.hdf5	both	none
2133.4668	1	Stimulus/S  1	1	21334668	21334676	94	2	60	pips_40_500-8000.hdf5	both	none
2134.5122	1	Stimulus/S  1	1	21345122	21345130	94	3	70	pips_40_500-8000.hdf5	both	none
2135.5682	1	Stimulus/S  1	1	21355682	21355690	94	4	50	pips_40_500-8000.hdf5	both	none
2136.6349	1	Stimulus/S  1	1	21366349	21366357	94	5	30	pips_40_500-8000.hdf5	both	none
2137.7016	1	Stimulus/S  1	1	21377016	21377024	95	0	20	pips_40_500-8000.hdf5	both	none
2138.7682	1	Stimulus/S  1	1	21387682	21387690	95	1	40	pips_40_500-8000.hdf5	both	none
2139.8136	1	Stimulus/S  1	1	21398136	21398144	95	2	60	pips_40_500-8000.hdf5	both	none
2140.8696	1	Stimulus/S  1	1	21408696	21408704	95	3	70	pips_40_500-8000.hdf5	both	none
2141.9363	1	Stimulus/S  1	1	21419363	21419371	95	4	50	pips_40_500-8000.hdf5	both	none
2143.0029	1	Stimulus/S  1	1	21430029	21430037	95	5	30	pips_40_500-8000.hdf5	both	none
2144.0696	1	Stimulus/S  1	1	21440696	21440704	96	0	20	pips_40_500-8000.hdf5	both	none
2145.115	1	Stimulus/S  1	1	21451150	21451158	96	1	40	pips_40_500-8000.hdf5	both	none
2146.171	1	Stimulus/S  1	1	21461710	21461718	96	2	60	pips_40_500-8000.hdf5	both	none
2147.2376	1	Stimulus/S  1	1	21472376	21472384	96	3	70	pips_40_500-8000.hdf5	both	none
2148.3043	1	Stimulus/S  1	1	21483043	21483051	96	4	50	pips_40_500-8000.hdf5	both	none
2149.371	1	Stimulus/S  1	1	21493710	21493718	96	5	30	pips_40_500-8000.hdf5	both	none
2150.4163	1	Stimulus/S  1	1	21504163	21504171	97	0	20	pips_40_500-8000.hdf5	both	none
2151.4617	1	Stimulus/S  1	1	21514617	21514625	97	1	40	pips_40_500-8000.hdf5	both	none
2152.5284	1	Stimulus/S  1	1	21525284	21525292	97	2	60	pips_40_500-8000.hdf5	both	none
2153.595	1	Stimulus/S  1	1	21535950	21535958	97	3	70	pips_40_500-8000.hdf5	both	none
2154.6617	1	Stimulus/S  1	1	21546617	21546625	97	4	50	pips_40_500-8000.hdf5	both	none
2155.7177	1	Stimulus/S  1	1	21557177	21557185	97	5	30	pips_40_500-8000.hdf5	both	none
2156.7631	1	Stimulus/S  1	1	21567631	21567639	98	0	20	pips_40_500-8000.hdf5	both	none
2157.8191	1	Stimulus/S  1	1	21578191	21578199	98	1	40	pips_40_500-8000.hdf5	both	none
2158.8858	1	Stimulus/S  1	1	21588858	21588866	98	2	60	pips_40_500-8000.hdf5	both	none
2159.9524	1	Stimulus/S  1	1	21599524	21599532	98	3	70	pips_40_500-8000.hdf5	both	none
2160.9978	1	Stimulus/S  1	1	21609978	21609986	98	4	50	pips_40_500-8000.hdf5	both	none
2162.0538	1	Stimulus/S  1	1	21620538	21620546	98	5	30	pips_40_500-8000.hdf5	both	none
2163.1205	1	Stimulus/S  1	1	21631205	21631213	99	0	20	pips_40_500-8000.hdf5	both	none
2164.1658	1	Stimulus/S  1	1	21641658	21641666	99	1	40	pips_40_500-8000.hdf5	both	none
2165.2325	1	Stimulus/S  1	1	21652325	21652333	99	2	60	pips_40_500-8000.hdf5	both	none
2166.2778	1	Stimulus/S  1	1	21662778	21662786	99	3	70	pips_40_500-8000.hdf5	both	none
2167.3338	1	Stimulus/S  1	1	21673338	21673346	99	4	50	pips_40_500-8000.hdf5	both	none
2168.4005	1	Stimulus/S  1	1	21684005	21684013	99	5	30	pips_40_500-8000.hdf5	both	none
2169.4459	1	Stimulus/S  1	1	21694459	21694467	100	0	20	pips_40_500-8000.hdf5	both	none
2170.5019	1	Stimulus/S  1	1	21705019	21705027	100	1	40	pips_40_500-8000.hdf5	both	none
2171.5686	1	Stimulus/S  1	1	21715686	21715694	100	2	60	pips_40_500-8000.hdf5	both	none
2172.6352	1	Stimulus/S  1	1	21726352	21726360	100	3	70	pips_40_500-8000.hdf5	both	none
2173.6806	1	Stimulus/S  1	1	21736806	21736814	100	4	50	pips_40_500-8000.hdf5	both	none
2174.7473	1	Stimulus/S  1	1	21747473	21747481	100	5	30	pips_40_500-8000.hdf5	both	none
2175.8139	1	Stimulus/S  1	1	21758139	21758147	101	0	20	pips_40_500-8000.hdf5	both	none
2176.8699	1	Stimulus/S  1	1	21768699	21768707	101	1	40	pips_40_500-8000.hdf5	both	none
2177.9153	1	Stimulus/S  1	1	21779153	21779161	101	2	60	pips_40_500-8000.hdf5	both	none
2178.982	1	Stimulus/S  1	1	21789820	21789828	101	3	70	pips_40_500-8000.hdf5	both	none
2180.038	1	Stimulus/S  1	1	21800380	21800388	101	4	50	pips_40_500-8000.hdf5	both	none
2181.0833	1	Stimulus/S  1	1	21810833	21810841	101	5	30	pips_40_500-8000.hdf5	both	none
2182.15	1	Stimulus/S  1	1	21821500	21821508	102	0	20	pips_40_500-8000.hdf5	both	none
2183.2167	1	Stimulus/S  1	1	21832167	21832175	102	1	40	pips_40_500-8000.hdf5	both	none
2184.262	1	Stimulus/S  1	1	21842620	21842628	102	2	60	pips_40_500-8000.hdf5	both	none
2185.3287	1	Stimulus/S  1	1	21853287	21853295	102	3	70	pips_40_500-8000.hdf5	both	none
2186.3954	1	Stimulus/S  1	1	21863954	21863962	102	4	50	pips_40_500-8000.hdf5	both	none
2187.4514	1	Stimulus/S  1	1	21874514	21874522	102	5	30	pips_40_500-8000.hdf5	both	none
2188.5181	1	Stimulus/S  1	1	21885181	21885189	103	0	20	pips_40_500-8000.hdf5	both	none
2189.5847	1	Stimulus/S  1	1	21895847	21895855	103	1	40	pips_40_500-8000.hdf5	both	none
2190.6301	1	Stimulus/S  1	1	21906301	21906309	103	2	60	pips_40_500-8000.hdf5	both	none
2191.6861	1	Stimulus/S  1	1	21916861	21916869	103	3	70	pips_40_500-8000.hdf5	both	none
2192.7528	1	Stimulus/S  1	1	21927528	21927536	103	4	50	pips_40_500-8000.hdf5	both	none
2193.7981	1	Stimulus/S  1	1	21937981	21937989	103	5	30	pips_40_500-8000.hdf5	both	none
2194.8541	1	Stimulus/S  1	1	21948541	21948549	104	0	20	pips_40_500-8000.hdf5	both	none
2195.9208	1	Stimulus/S  1	1	21959208	21959216	104	1	40	pips_40_500-8000.hdf5	both	none
2196.9661	1	Stimulus/S  1	1	21969661	21969669	104	2	60	pips_40_500-8000.hdf5	both	none
2198.0115	1	Stimulus/S  1	1	21980115	21980123	104	3	70	pips_40_500-8000.hdf5	both	none
2199.0782	1	Stimulus/S  1	1	21990782	21990790	104	4	50	pips_40_500-8000.hdf5	both	none
2200.1342	1	Stimulus/S  1	1	22001342	22001350	104	5	30	pips_40_500-8000.hdf5	both	none
2201.2008	1	Stimulus/S  1	1	22012008	22012016	105	0	20	pips_40_500-8000.hdf5	both	none
2202.2675	1	Stimulus/S  1	1	22022675	22022683	105	1	40	pips_40_500-8000.hdf5	both	none
2203.3342	1	Stimulus/S  1	1	22033342	22033350	105	2	60	pips_40_500-8000.hdf5	both	none
2204.3795	1	Stimulus/S  1	1	22043795	22043803	105	3	70	pips_40_500-8000.hdf5	both	none
2205.4356	1	Stimulus/S  1	1	22054356	22054364	105	4	50	pips_40_500-8000.hdf5	both	none
2206.5022	1	Stimulus/S  1	1	22065022	22065030	105	5	30	pips_40_500-8000.hdf5	both	none
2207.5476	1	Stimulus/S  1	1	22075476	22075484	106	0	20	pips_40_500-8000.hdf5	both	none
2208.6143	1	Stimulus/S  1	1	22086143	22086151	106	1	40	pips_40_500-8000.hdf5	both	none
2209.6809	1	Stimulus/S  1	1	22096809	22096817	106	2	60	pips_40_500-8000.hdf5	both	none
2210.7369	1	Stimulus/S  1	1	22107369	22107377	106	3	70	pips_40_500-8000.hdf5	both	none
2211.7823	1	Stimulus/S  1	1	22117823	22117831	106	4	50	pips_40_500-8000.hdf5	both	none
2212.8383	1	Stimulus/S  1	1	22128383	22128391	106	5	30	pips_40_500-8000.hdf5	both	none
2213.8836	1	Stimulus/S  1	1	22138836	22138844	107	0	20	pips_40_500-8000.hdf5	both	none
2214.929	1	Stimulus/S  1	1	22149290	22149298	107	1	40	pips_40_500-8000.hdf5	both	none
2215.985	1	Stimulus/S  1	1	22159850	22159858	107	2	60	pips_40_500-8000.hdf5	both	none
2217.0303	1	Stimulus/S  1	1	22170303	22170311	107	3	70	pips_40_500-8000.hdf5	both	none
2218.097	1	Stimulus/S  1	1	22180970	22180978	107	4	50	pips_40_500-8000.hdf5	both	none
2219.1637	1	Stimulus/S  1	1	22191637	22191645	107	5	30	pips_40_500-8000.hdf5	both	none
2220.2197	1	Stimulus/S  1	1	22202197	22202205	108	0	20	pips_40_500-8000.hdf5	both	none
2221.265	1	Stimulus/S  1	1	22212650	22212658	108	1	40	pips_40_500-8000.hdf5	both	none
2222.3317	1	Stimulus/S  1	1	22223317	22223325	108	2	60	pips_40_500-8000.hdf5	both	none
2223.3984	1	Stimulus/S  1	1	22233984	22233992	108	3	70	pips_40_500-8000.hdf5	both	none
2224.4544	1	Stimulus/S  1	1	22244544	22244552	108	4	50	pips_40_500-8000.hdf5	both	none
2225.4998	1	Stimulus/S  1	1	22254998	22255006	108	5	30	pips_40_500-8000.hdf5	both	none
2226.5664	1	Stimulus/S  1	1	22265664	22265672	109	0	20	pips_40_500-8000.hdf5	both	none
2227.6118	1	Stimulus/S  1	1	22276118	22276126	109	1	40	pips_40_500-8000.hdf5	both	none
2228.6678	1	Stimulus/S  1	1	22286678	22286686	109	2	60	pips_40_500-8000.hdf5	both	none
2229.7345	1	Stimulus/S  1	1	22297345	22297353	109	3	70	pips_40_500-8000.hdf5	both	none
2230.8011	1	Stimulus/S  1	1	22308011	22308019	109	4	50	pips_40_500-8000.hdf5	both	none
2231.8465	1	Stimulus/S  1	1	22318465	22318473	109	5	30	pips_40_500-8000.hdf5	both	none
2232.9025	1	Stimulus/S  1	1	22329025	22329033	110	0	20	pips_40_500-8000.hdf5	both	none
2233.9692	1	Stimulus/S  1	1	22339692	22339700	110	1	40	pips_40_500-8000.hdf5	both	none
2235.0358	1	Stimulus/S  1	1	22350358	22350366	110	2	60	pips_40_500-8000.hdf5	both	none
2236.1025	1	Stimulus/S  1	1	22361025	22361033	110	3	70	pips_40_500-8000.hdf5	both	none
2237.1479	1	Stimulus/S  1	1	22371479	22371487	110	4	50	pips_40_500-8000.hdf5	both	none
2238.2039	1	Stimulus/S  1	1	22382039	22382047	110	5	30	pips_40_500-8000.hdf5	both	none
2239.2706	1	Stimulus/S  1	1	22392706	22392714	111	0	20	pips_40_500-8000.hdf5	both	none
2240.3372	1	Stimulus/S  1	1	22403372	22403380	111	1	40	pips_40_500-8000.hdf5	both	none
2241.3826	1	Stimulus/S  1	1	22413826	22413834	111	2	60	pips_40_500-8000.hdf5	both	none
2242.4386	1	Stimulus/S  1	1	22424386	22424394	111	3	70	pips_40_500-8000.hdf5	both	none
2243.4839	1	Stimulus/S  1	1	22434839	22434847	111	4	50	pips_40_500-8000.hdf5	both	none
2244.5293	1	Stimulus/S  1	1	22445293	22445301	111	5	30	pips_40_500-8000.hdf5	both	none
2245.596	1	Stimulus/S  1	1	22455960	22455968	112	0	20	pips_40_500-8000.hdf5	both	none
2246.6626	1	Stimulus/S  1	1	22466626	22466634	112	1	40	pips_40_500-8000.hdf5	both	none
2247.7293	1	Stimulus/S  1	1	22477293	22477301	112	2	60	pips_40_500-8000.hdf5	both	none
2248.7853	1	Stimulus/S  1	1	22487853	22487861	112	3	70	pips_40_500-8000.hdf5	both	none
2249.8307	1	Stimulus/S  1	1	22498307	22498315	112	4	50	pips_40_500-8000.hdf5	both	none
2250.8973	1	Stimulus/S  1	1	22508973	22508981	112	5	30	pips_40_500-8000.hdf5	both	none
2251.964	1	Stimulus/S  1	1	22519640	22519648	113	0	20	pips_40_500-8000.hdf5	both	none
2253.02	1	Stimulus/S  1	1	22530200	22530208	113	1	40	pips_40_500-8000.hdf5	both	none
2254.0654	1	Stimulus/S  1	1	22540654	22540662	113	2	60	pips_40_500-8000.hdf5	both	none
2255.132	1	Stimulus/S  1	1	22551320	22551328	113	3	70	pips_40_500-8000.hdf5	both	none
2256.1881	1	Stimulus/S  1	1	22561881	22561889	113	4	50	pips_40_500-8000.hdf5	both	none
2257.2547	1	Stimulus/S  1	1	22572547	22572555	113	5	30	pips_40_500-8000.hdf5	both	none
2258.3214	1	Stimulus/S  1	1	22583214	22583222	114	0	20	pips_40_500-8000.hdf5	both	none
2259.3668	1	Stimulus/S  1	1	22593668	22593676	114	1	40	pips_40_500-8000.hdf5	both	none
2260.4228	1	Stimulus/S  1	1	22604228	22604236	114	2	60	pips_40_500-8000.hdf5	both	none
2261.4894	1	Stimulus/S  1	1	22614894	22614902	114	3	70	pips_40_500-8000.hdf5	both	none
2262.5561	1	Stimulus/S  1	1	22625561	22625569	114	4	50	pips_40_500-8000.hdf5	both	none
2263.6015	1	Stimulus/S  1	1	22636015	22636023	114	5	30	pips_40_500-8000.hdf5	both	none
2264.6468	1	Stimulus/S  1	1	22646468	22646476	115	0	20	pips_40_500-8000.hdf5	both	none
2265.7135	1	Stimulus/S  1	1	22657135	22657143	115	1	40	pips_40_500-8000.hdf5	both	none
2266.7802	1	Stimulus/S  1	1	22667802	22667810	115	2	60	pips_40_500-8000.hdf5	both	none
2267.8362	1	Stimulus/S  1	1	22678362	22678370	115	3	70	pips_40_500-8000.hdf5	both	none
2268.8815	1	Stimulus/S  1	1	22688815	22688823	115	4	50	pips_40_500-8000.hdf5	both	none
2269.9482	1	Stimulus/S  1	1	22699482	22699490	115	5	30	pips_40_500-8000.hdf5	both	none
2271.0149	1	Stimulus/S  1	1	22710149	22710157	116	0	20	pips_40_500-8000.hdf5	both	none
2272.0709	1	Stimulus/S  1	1	22720709	22720717	116	1	40	pips_40_500-8000.hdf5	both	none
2273.1162	1	Stimulus/S  1	1	22731162	22731170	116	2	60	pips_40_500-8000.hdf5	both	none
2274.1829	1	Stimulus/S  1	1	22741829	22741837	116	3	70	pips_40_500-8000.hdf5	both	none
2275.2389	1	Stimulus/S  1	1	22752389	22752397	116	4	50	pips_40_500-8000.hdf5	both	none
2276.2843	1	Stimulus/S  1	1	22762843	22762851	116	5	30	pips_40_500-8000.hdf5	both	none
2277.3509	1	Stimulus/S  1	1	22773509	22773517	117	0	20	pips_40_500-8000.hdf5	both	none
2278.3963	1	Stimulus/S  1	1	22783963	22783971	117	1	40	pips_40_500-8000.hdf5	both	none
2279.4523	1	Stimulus/S  1	1	22794523	22794531	117	2	60	pips_40_500-8000.hdf5	both	none
2280.519	1	Stimulus/S  1	1	22805190	22805198	117	3	70	pips_40_500-8000.hdf5	both	none
2281.5856	1	Stimulus/S  1	1	22815856	22815864	117	4	50	pips_40_500-8000.hdf5	both	none
2282.6523	1	Stimulus/S  1	1	22826523	22826531	117	5	30	pips_40_500-8000.hdf5	both	none
2283.6977	1	Stimulus/S  1	1	22836977	22836985	118	0	20	pips_40_500-8000.hdf5	both	none
2284.7643	1	Stimulus/S  1	1	22847643	22847651	118	1	40	pips_40_500-8000.hdf5	both	none
2285.8204	1	Stimulus/S  1	1	22858204	22858212	118	2	60	pips_40_500-8000.hdf5	both	none
2286.8657	1	Stimulus/S  1	1	22868657	22868665	118	3	70	pips_40_500-8000.hdf5	both	none
2287.9324	1	Stimulus/S  1	1	22879324	22879332	118	4	50	pips_40_500-8000.hdf5	both	none
2288.999	1	Stimulus/S  1	1	22889990	22889998	118	5	30	pips_40_500-8000.hdf5	both	none
2290.0551	1	Stimulus/S  1	1	22900551	22900559	119	0	20	pips_40_500-8000.hdf5	both	none
2291.1004	1	Stimulus/S  1	1	22911004	22911012	119	1	40	pips_40_500-8000.hdf5	both	none
2292.1671	1	Stimulus/S  1	1	22921671	22921679	119	2	60	pips_40_500-8000.hdf5	both	none
2293.2338	1	Stimulus/S  1	1	22932338	22932346	119	3	70	pips_40_500-8000.hdf5	both	none
2294.2898	1	Stimulus/S  1	1	22942898	22942906	119	4	50	pips_40_500-8000.hdf5	both	none
2295.3351	1	Stimulus/S  1	1	22953351	22953359	119	5	30	pips_40_500-8000.hdf5	both	none
2296.4018	1	Stimulus/S  1	1	22964018	22964026	0	0	20	pips_40_500-8000.hdf5	both	none
2297.4471	1	Stimulus/S  1	1	22974471	22974479	0	1	40	pips_40_500-8000.hdf5	both	none
2298.5138	1	Stimulus/S  1	1	22985138	22985146	0	2	60	pips_40_500-8000.hdf5	both	none
2299.5805	1	Stimulus/S  1	1	22995805	22995813	0	3	70	pips_40_500-8000.hdf5	both	none
2300.6472	1	Stimulus/S  1	1	23006472	23006480	0	4	50	pips_40_500-8000.hdf5	both	none
2301.7138	1	Stimulus/S  1	1	23017138	23017146	0	5	30	pips_40_500-8000.hdf5	both	none
2302.7699	1	Stimulus/S  1	1	23027699	23027707	1	0	20	pips_40_500-8000.hdf5	both	none
2303.8152	1	Stimulus/S  1	1	23038152	23038160	1	1	40	pips_40_500-8000.hdf5	both	none
2304.8712	1	Stimulus/S  1	1	23048712	23048720	1	2	60	pips_40_500-8000.hdf5	both	none
2305.9379	1	Stimulus/S  1	1	23059379	23059387	1	3	70	pips_40_500-8000.hdf5	both	none
2307.0046	1	Stimulus/S  1	1	23070046	23070054	1	4	50	pips_40_500-8000.hdf5	both	none
2308.0499	1	Stimulus/S  1	1	23080499	23080507	1	5	30	pips_40_500-8000.hdf5	both	none
2309.1059	1	Stimulus/S  1	1	23091059	23091067	2	0	20	pips_40_500-8000.hdf5	both	none
2310.1513	1	Stimulus/S  1	1	23101513	23101521	2	1	40	pips_40_500-8000.hdf5	both	none
2311.1966	1	Stimulus/S  1	1	23111966	23111974	2	2	60	pips_40_500-8000.hdf5	both	none
2312.2739	1	Stimulus/S  1	1	23122739	23122747	2	3	70	pips_40_500-8000.hdf5	both	none
2313.3406	1	Stimulus/S  1	1	23133406	23133414	2	4	50	pips_40_500-8000.hdf5	both	none
2314.386	1	Stimulus/S  1	1	23143860	23143868	2	5	30	pips_40_500-8000.hdf5	both	none
2315.4313	1	Stimulus/S  1	1	23154313	23154321	3	0	20	pips_40_500-8000.hdf5	both	none
2316.498	1	Stimulus/S  1	1	23164980	23164988	3	1	40	pips_40_500-8000.hdf5	both	none
2317.5647	1	Stimulus/S  1	1	23175647	23175655	3	2	60	pips_40_500-8000.hdf5	both	none
2318.6313	1	Stimulus/S  1	1	23186313	23186321	3	3	70	pips_40_500-8000.hdf5	both	none
2319.698	1	Stimulus/S  1	1	23196980	23196988	3	4	50	pips_40_500-8000.hdf5	both	none
2320.7647	1	Stimulus/S  1	1	23207647	23207655	3	5	30	pips_40_500-8000.hdf5	both	none
2321.8207	1	Stimulus/S  1	1	23218207	23218215	4	0	20	pips_40_500-8000.hdf5	both	none
2322.8874	1	Stimulus/S  1	1	23228874	23228882	4	1	40	pips_40_500-8000.hdf5	both	none
2323.9541	1	Stimulus/S  1	1	23239541	23239549	4	2	60	pips_40_500-8000.hdf5	both	none
2325.0207	1	Stimulus/S  1	1	23250207	23250215	4	3	70	pips_40_500-8000.hdf5	both	none
2326.0661	1	Stimulus/S  1	1	23260661	23260669	4	4	50	pips_40_500-8000.hdf5	both	none
2327.1328	1	Stimulus/S  1	1	23271328	23271336	4	5	30	pips_40_500-8000.hdf5	both	none
2328.1888	1	Stimulus/S  1	1	23281888	23281896	5	0	20	pips_40_500-8000.hdf5	both	none
2329.2341	1	Stimulus/S  1	1	23292341	23292349	5	1	40	pips_40_500-8000.hdf5	both	none
2330.2901	1	Stimulus/S  1	1	23302901	23302909	5	2	60	pips_40_500-8000.hdf5	both	none
2331.3568	1	Stimulus/S  1	1	23313568	23313576	5	3	70	pips_40_500-8000.hdf5	both	none
2332.4235	1	Stimulus/S  1	1	23324235	23324243	5	4	50	pips_40_500-8000.hdf5	both	none
2333.4688	1	Stimulus/S  1	1	23334688	23334696	5	5	30	pips_40_500-8000.hdf5	both	none
2334.5142	1	Stimulus/S  1	1	23345142	23345150	6	0	20	pips_40_500-8000.hdf5	both	none
2335.5808	1	Stimulus/S  1	1	23355808	23355816	6	1	40	pips_40_500-8000.hdf5	both	none
2336.6475	1	Stimulus/S  1	1	23366475	23366483	6	2	60	pips_40_500-8000.hdf5	both	none
2337.7142	1	Stimulus/S  1	1	23377142	23377150	6	3	70	pips_40_500-8000.hdf5	both	none
2338.7809	1	Stimulus/S  1	1	23387809	23387817	6	4	50	pips_40_500-8000.hdf5	both	none
2339.8476	1	Stimulus/S  1	1	23398476	23398484	6	5	30	pips_40_500-8000.hdf5	both	none
2340.9142	1	Stimulus/S  1	1	23409142	23409150	7	0	20	pips_40_500-8000.hdf5	both	none
2341.9702	1	Stimulus/S  1	1	23419702	23419710	7	1	40	pips_40_500-8000.hdf5	both	none
2343.0156	1	Stimulus/S  1	1	23430156	23430164	7	2	60	pips_40_500-8000.hdf5	both	none
2344.0716	1	Stimulus/S  1	1	23440716	23440724	7	3	70	pips_40_500-8000.hdf5	both	none
2345.1383	1	Stimulus/S  1	1	23451383	23451391	7	4	50	pips_40_500-8000.hdf5	both	none
2346.2049	1	Stimulus/S  1	1	23462049	23462057	7	5	30	pips_40_500-8000.hdf5	both	none
2347.2716	1	Stimulus/S  1	1	23472716	23472724	8	0	20	pips_40_500-8000.hdf5	both	none
2348.3383	1	Stimulus/S  1	1	23483383	23483391	8	1	40	pips_40_500-8000.hdf5	both	none
2349.3836	1	Stimulus/S  1	1	23493836	23493844	8	2	60	pips_40_500-8000.hdf5	both	none
2350.4503	1	Stimulus/S  1	1	23504503	23504511	8	3	70	pips_40_500-8000.hdf5	both	none
2351.517	1	Stimulus/S  1	1	23515170	23515178	8	4	50	pips_40_500-8000.hdf5	both	none
2352.5837	1	Stimulus/S  1	1	23525837	23525845	8	5	30	pips_40_500-8000.hdf5	both	none
2353.6504	1	Stimulus/S  1	1	23536504	23536512	9	0	20	pips_40_500-8000.hdf5	both	none
2354.7064	1	Stimulus/S  1	1	23547064	23547072	9	1	40	pips_40_500-8000.hdf5	both	none
2355.7517	1	Stimulus/S  1	1	23557517	23557525	9	2	60	pips_40_500-8000.hdf5	both	none
2356.8184	1	Stimulus/S  1	1	23568184	23568192	9	3	70	pips_40_500-8000.hdf5	both	none
2357.8851	1	Stimulus/S  1	1	23578851	23578859	9	4	50	pips_40_500-8000.hdf5	both	none
2358.9411	1	Stimulus/S  1	1	23589411	23589419	9	5	30	pips_40_500-8000.hdf5	both	none
2360.0078	1	Stimulus/S  1	1	23600078	23600086	10	0	20	pips_40_500-8000.hdf5	both	none
2361.0744	1	Stimulus/S  1	1	23610744	23610752	10	1	40	pips_40_500-8000.hdf5	both	none
2362.1198	1	Stimulus/S  1	1	23621198	23621206	10	2	60	pips_40_500-8000.hdf5	both	none
2363.1651	1	Stimulus/S  1	1	23631651	23631659	10	3	70	pips_40_500-8000.hdf5	both	none
2364.2318	1	Stimulus/S  1	1	23642318	23642326	10	4	50	pips_40_500-8000.hdf5	both	none
2365.2878	1	Stimulus/S  1	1	23652878	23652886	10	5	30	pips_40_500-8000.hdf5	both	none
2366.3545	1	Stimulus/S  1	1	23663545	23663553	11	0	20	pips_40_500-8000.hdf5	both	none
2367.4212	1	Stimulus/S  1	1	23674212	23674220	11	1	40	pips_40_500-8000.hdf5	both	none
2368.4665	1	Stimulus/S  1	1	23684665	23684673	11	2	60	pips_40_500-8000.hdf5	both	none
2369.5225	1	Stimulus/S  1	1	23695225	23695233	11	3	70	pips_40_500-8000.hdf5	both	none
2370.5679	1	Stimulus/S  1	1	23705679	23705687	11	4	50	pips_40_500-8000.hdf5	both	none
2371.6239	1	Stimulus/S  1	1	23716239	23716247	11	5	30	pips_40_500-8000.hdf5	both	none
2372.6905	1	Stimulus/S  1	1	23726905	23726913	12	0	20	pips_40_500-8000.hdf5	both	none
2373.7359	1	Stimulus/S  1	1	23737359	23737367	12	1	40	pips_40_500-8000.hdf5	both	none
2374.7812	1	Stimulus/S  1	1	23747812	23747820	12	2	60	pips_40_500-8000.hdf5	both	none
2375.8372	1	Stimulus/S  1	1	23758372	23758380	12	3	70	pips_40_500-8000.hdf5	both	none
2376.9039	1	Stimulus/S  1	1	23769039	23769047	12	4	50	pips_40_500-8000.hdf5	both	none
2377.9493	1	Stimulus/S  1	1	23779493	23779501	12	5	30	pips_40_500-8000.hdf5	both	none
2379.0053	1	Stimulus/S  1	1	23790053	23790061	13	0	20	pips_40_500-8000.hdf5	both	none
2380.0506	1	Stimulus/S  1	1	23800506	23800514	13	1	40	pips_40_500-8000.hdf5	both	none
2381.1173	1	Stimulus/S  1	1	23811173	23811181	13	2	60	pips_40_500-8000.hdf5	both	none
2382.184	1	Stimulus/S  1	1	23821840	23821848	13	3	70	pips_40_500-8000.hdf5	both	none
2383.24	1	Stimulus/S  1	1	23832400	23832408	13	4	50	pips_40_500-8000.hdf5	both	none
2384.3067	1	Stimulus/S  1	1	23843067	23843075	13	5	30	pips_40_500-8000.hdf5	both	none
2385.3733	1	Stimulus/S  1	1	23853733	23853741	14	0	20	pips_40_500-8000.hdf5	both	none
2386.44	1	Stimulus/S  1	1	23864400	23864408	14	1	40	pips_40_500-8000.hdf5	both	none
2387.4854	1	Stimulus/S  1	1	23874854	23874862	14	2	60	pips_40_500-8000.hdf5	both	none
2388.5414	1	Stimulus/S  1	1	23885414	23885422	14	3	70	pips_40_500-8000.hdf5	both	none
2389.608	1	Stimulus/S  1	1	23896080	23896088	14	4	50	pips_40_500-8000.hdf5	both	none
2390.6534	1	Stimulus/S  1	1	23906534	23906542	14	5	30	pips_40_500-8000.hdf5	both	none
2391.7094	1	Stimulus/S  1	1	23917094	23917102	15	0	20	pips_40_500-8000.hdf5	both	none
2392.7547	1	Stimulus/S  1	1	23927547	23927555	15	1	40	pips_40_500-8000.hdf5	both	none
2393.8214	1	Stimulus/S  1	1	23938214	23938222	15	2	60	pips_40_500-8000.hdf5	both	none
2394.8881	1	Stimulus/S  1	1	23948881	23948889	15	3	70	pips_40_500-8000.hdf5	both	none
2395.9334	1	Stimulus/S  1	1	23959334	23959342	15	4	50	pips_40_500-8000.hdf5	both	none
2396.9894	1	Stimulus/S  1	1	23969894	23969902	15	5	30	pips_40_500-8000.hdf5	both	none
2398.0348	1	Stimulus/S  1	1	23980348	23980356	16	0	20	pips_40_500-8000.hdf5	both	none
2399.1015	1	Stimulus/S  1	1	23991015	23991023	16	1	40	pips_40_500-8000.hdf5	both	none
2400.1575	1	Stimulus/S  1	1	24001575	24001583	16	2	60	pips_40_500-8000.hdf5	both	none
2401.2028	1	Stimulus/S  1	1	24012028	24012036	16	3	70	pips_40_500-8000.hdf5	both	none
2402.2482	1	Stimulus/S  1	1	24022482	24022490	16	4	50	pips_40_500-8000.hdf5	both	none
2403.3255	1	Stimulus/S  1	1	24033255	24033263	16	5	30	pips_40_500-8000.hdf5	both	none
2404.3922	1	Stimulus/S  1	1	24043922	24043930	17	0	20	pips_40_500-8000.hdf5	both	none
2405.4589	1	Stimulus/S  1	1	24054589	24054597	17	1	40	pips_40_500-8000.hdf5	both	none
2406.5042	1	Stimulus/S  1	1	24065042	24065050	17	2	60	pips_40_500-8000.hdf5	both	none
2407.5496	1	Stimulus/S  1	1	24075496	24075504	17	3	70	pips_40_500-8000.hdf5	both	none
2408.6162	1	Stimulus/S  1	1	24086162	24086170	17	4	50	pips_40_500-8000.hdf5	both	none
2409.6722	1	Stimulus/S  1	1	24096722	24096730	17	5	30	pips_40_500-8000.hdf5	both	none
2410.7176	1	Stimulus/S  1	1	24107176	24107184	18	0	20	pips_40_500-8000.hdf5	both	none
2411.7843	1	Stimulus/S  1	1	24117843	24117851	18	1	40	pips_40_500-8000.hdf5	both	none
2412.8509	1	Stimulus/S  1	1	24128509	24128517	18	2	60	pips_40_500-8000.hdf5	both	none
2413.9176	1	Stimulus/S  1	1	24139176	24139184	18	3	70	pips_40_500-8000.hdf5	both	none
2414.9843	1	Stimulus/S  1	1	24149843	24149851	18	4	50	pips_40_500-8000.hdf5	both	none
2416.051	1	Stimulus/S  1	1	24160510	24160518	18	5	30	pips_40_500-8000.hdf5	both	none
2417.1176	1	Stimulus/S  1	1	24171176	24171184	19	0	20	pips_40_500-8000.hdf5	both	none
2418.1843	1	Stimulus/S  1	1	24181843	24181851	19	1	40	pips_40_500-8000.hdf5	both	none
2419.251	1	Stimulus/S  1	1	24192510	24192518	19	2	60	pips_40_500-8000.hdf5	both	none
2420.307	1	Stimulus/S  1	1	24203070	24203078	19	3	70	pips_40_500-8000.hdf5	both	none
2421.3524	1	Stimulus/S  1	1	24213524	24213532	19	4	50	pips_40_500-8000.hdf5	both	none
2422.4084	1	Stimulus/S  1	1	24224084	24224092	19	5	30	pips_40_500-8000.hdf5	both	none
2423.4537	1	Stimulus/S  1	1	24234537	24234545	20	0	20	pips_40_500-8000.hdf5	both	none
2424.4991	1	Stimulus/S  1	1	24244991	24244999	20	1	40	pips_40_500-8000.hdf5	both	none
2425.5657	1	Stimulus/S  1	1	24255657	24255665	20	2	60	pips_40_500-8000.hdf5	both	none
2426.6324	1	Stimulus/S  1	1	24266324	24266332	20	3	70	pips_40_500-8000.hdf5	both	none
2427.6884	1	Stimulus/S  1	1	24276884	24276892	20	4	50	pips_40_500-8000.hdf5	both	none
2428.7338	1	Stimulus/S  1	1	24287338	24287346	20	5	30	pips_40_500-8000.hdf5	both	none
2429.8004	1	Stimulus/S  1	1	24298004	24298012	21	0	20	pips_40_500-8000.hdf5	both	none
2430.8671	1	Stimulus/S  1	1	24308671	24308679	21	1	40	pips_40_500-8000.hdf5	both	none
2431.9338	1	Stimulus/S  1	1	24319338	24319346	21	2	60	pips_40_500-8000.hdf5	both	none
2432.9898	1	Stimulus/S  1	1	24329898	24329906	21	3	70	pips_40_500-8000.hdf5	both	none
2434.0351	1	Stimulus/S  1	1	24340351	24340359	21	4	50	pips_40_500-8000.hdf5	both	none
2435.0912	1	Stimulus/S  1	1	24350912	24350920	21	5	30	pips_40_500-8000.hdf5	both	none
2436.1578	1	Stimulus/S  1	1	24361578	24361586	22	0	20	pips_40_500-8000.hdf5	both	none
2437.2245	1	Stimulus/S  1	1	24372245	24372253	22	1	40	pips_40_500-8000.hdf5	both	none
2438.2912	1	Stimulus/S  1	1	24382912	24382920	22	2	60	pips_40_500-8000.hdf5	both	none
2439.3579	1	Stimulus/S  1	1	24393579	24393587	22	3	70	pips_40_500-8000.hdf5	both	none
2440.4032	1	Stimulus/S  1	1	24404032	24404040	22	4	50	pips_40_500-8000.hdf5	both	none
2441.4592	1	Stimulus/S  1	1	24414592	24414600	22	5	30	pips_40_500-8000.hdf5	both	none
2442.5046	1	Stimulus/S  1	1	24425046	24425054	23	0	20	pips_40_500-8000.hdf5	both	none
2443.5499	1	Stimulus/S  1	1	24435499	24435507	23	1	40	pips_40_500-8000.hdf5	both	none
2444.6059	1	Stimulus/S  1	1	24446059	24446067	23	2	60	pips_40_500-8000.hdf5	both	none
2445.6513	1	Stimulus/S  1	1	24456513	24456521	23	3	70	pips_40_500-8000.hdf5	both	none
2446.7073	1	Stimulus/S  1	1	24467073	24467081	23	4	50	pips_40_500-8000.hdf5	both	none
2447.7739	1	Stimulus/S  1	1	24477739	24477747	23	5	30	pips_40_500-8000.hdf5	both	none
2448.8406	1	Stimulus/S  1	1	24488406	24488414	24	0	20	pips_40_500-8000.hdf5	both	none
2449.9073	1	Stimulus/S  1	1	24499073	24499081	24	1	40	pips_40_500-8000.hdf5	both	none
2450.974	1	Stimulus/S  1	1	24509740	24509748	24	2	60	pips_40_500-8000.hdf5	both	none
2452.0407	1	Stimulus/S  1	1	24520407	24520415	24	3	70	pips_40_500-8000.hdf5	both	none
2453.086	1	Stimulus/S  1	1	24530860	24530868	24	4	50	pips_40_500-8000.hdf5	both	none
2454.142	1	Stimulus/S  1	1	24541420	24541428	24	5	30	pips_40_500-8000.hdf5	both	none
2455.1874	1	Stimulus/S  1	1	24551874	24551882	25	0	20	pips_40_500-8000.hdf5	both	none
2456.254	1	Stimulus/S  1	1	24562540	24562548	25	1	40	pips_40_500-8000.hdf5	both	none
2457.2994	1	Stimulus/S  1	1	24572994	24573002	25	2	60	pips_40_500-8000.hdf5	both	none
2458.3554	1	Stimulus/S  1	1	24583554	24583562	25	3	70	pips_40_500-8000.hdf5	both	none
2459.4007	1	Stimulus/S  1	1	24594007	24594015	25	4	50	pips_40_500-8000.hdf5	both	none
2460.4674	1	Stimulus/S  1	1	24604674	24604682	25	5	30	pips_40_500-8000.hdf5	both	none
2461.5234	1	Stimulus/S  1	1	24615234	24615242	26	0	20	pips_40_500-8000.hdf5	both	none
2462.5688	1	Stimulus/S  1	1	24625688	24625696	26	1	40	pips_40_500-8000.hdf5	both	none
2463.6248	1	Stimulus/S  1	1	24636248	24636256	26	2	60	pips_40_500-8000.hdf5	both	none
2464.6701	1	Stimulus/S  1	1	24646701	24646709	26	3	70	pips_40_500-8000.hdf5	both	none
2465.7368	1	Stimulus/S  1	1	24657368	24657376	26	4	50	pips_40_500-8000.hdf5	both	none
2466.8035	1	Stimulus/S  1	1	24668035	24668043	26	5	30	pips_40_500-8000.hdf5	both	none
2467.8701	1	Stimulus/S  1	1	24678701	24678709	27	0	20	pips_40_500-8000.hdf5	both	none
2468.9262	1	Stimulus/S  1	1	24689262	24689270	27	1	40	pips_40_500-8000.hdf5	both	none
2469.9715	1	Stimulus/S  1	1	24699715	24699723	27	2	60	pips_40_500-8000.hdf5	both	none
2471.0168	1	Stimulus/S  1	1	24710168	24710176	27	3	70	pips_40_500-8000.hdf5	both	none
2472.0835	1	Stimulus/S  1	1	24720835	24720843	27	4	50	pips_40_500-8000.hdf5	both	none
2473.1502	1	Stimulus/S  1	1	24731502	24731510	27	5	30	pips_40_500-8000.hdf5	both	none
2474.2169	1	Stimulus/S  1	1	24742169	24742177	28	0	20	pips_40_500-8000.hdf5	both	none
2475.2836	1	Stimulus/S  1	1	24752836	24752844	28	1	40	pips_40_500-8000.hdf5	both	none
2476.3502	1	Stimulus/S  1	1	24763502	24763510	28	2	60	pips_40_500-8000.hdf5	both	none
2477.4169	1	Stimulus/S  1	1	24774169	24774177	28	3	70	pips_40_500-8000.hdf5	both	none
2478.4836	1	Stimulus/S  1	1	24784836	24784844	28	4	50	pips_40_500-8000.hdf5	both	none
2479.5503	1	Stimulus/S  1	1	24795503	24795511	28	5	30	pips_40_500-8000.hdf5	both	none
2480.6169	1	Stimulus/S  1	1	24806169	24806177	29	0	20	pips_40_500-8000.hdf5	both	none
2481.6836	1	Stimulus/S  1	1	24816836	24816844	29	1	40	pips_40_500-8000.hdf5	both	none
2482.7396	1	Stimulus/S  1	1	24827396	24827404	29	2	60	pips_40_500-8000.hdf5	both	none
2483.785	1	Stimulus/S  1	1	24837850	24837858	29	3	70	pips_40_500-8000.hdf5	both	none
2484.841	1	Stimulus/S  1	1	24848410	24848418	29	4	50	pips_40_500-8000.hdf5	both	none
2485.8863	1	Stimulus/S  1	1	24858863	24858871	29	5	30	pips_40_500-8000.hdf5	both	none
2486.953	1	Stimulus/S  1	1	24869530	24869538	30	0	20	pips_40_500-8000.hdf5	both	none
2488.0197	1	Stimulus/S  1	1	24880197	24880205	30	1	40	pips_40_500-8000.hdf5	both	none
2489.0864	1	Stimulus/S  1	1	24890864	24890872	30	2	60	pips_40_500-8000.hdf5	both	none
2490.1424	1	Stimulus/S  1	1	24901424	24901432	30	3	70	pips_40_500-8000.hdf5	both	none
2491.1877	1	Stimulus/S  1	1	24911877	24911885	30	4	50	pips_40_500-8000.hdf5	both	none
2492.2544	1	Stimulus/S  1	1	24922544	24922552	30	5	30	pips_40_500-8000.hdf5	both	none
2493.3211	1	Stimulus/S  1	1	24933211	24933219	31	0	20	pips_40_500-8000.hdf5	both	none
2494.3877	1	Stimulus/S  1	1	24943877	24943885	31	1	40	pips_40_500-8000.hdf5	both	none
2495.4331	1	Stimulus/S  1	1	24954331	24954339	31	2	60	pips_40_500-8000.hdf5	both	none
2496.4891	1	Stimulus/S  1	1	24964891	24964899	31	3	70	pips_40_500-8000.hdf5	both	none
2497.5558	1	Stimulus/S  1	1	24975558	24975566	31	4	50	pips_40_500-8000.hdf5	both	none
2498.6011	1	Stimulus/S  1	1	24986011	24986019	31	5	30	pips_40_500-8000.hdf5	both	none
2499.6571	1	Stimulus/S  1	1	24996571	24996579	32	0	20	pips_40_500-8000.hdf5	both	none
2500.7238	1	Stimulus/S  1	1	25007238	25007246	32	1	40	pips_40_500-8000.hdf5	both	none
2501.7691	1	Stimulus/S  1	1	25017691	25017699	32	2	60	pips_40_500-8000.hdf5	both	none
2502.8358	1	Stimulus/S  1	1	25028358	25028366	32	3	70	pips_40_500-8000.hdf5	both	none
2503.9025	1	Stimulus/S  1	1	25039025	25039033	32	4	50	pips_40_500-8000.hdf5	both	none
2504.9585	1	Stimulus/S  1	1	25049585	25049593	32	5	30	pips_40_500-8000.hdf5	both	none
2506.0039	1	Stimulus/S  1	1	25060039	25060047	33	0	20	pips_40_500-8000.hdf5	both	none
2507.0705	1	Stimulus/S  1	1	25070705	25070713	33	1	40	pips_40_500-8000.hdf5	both	none
2508.1265	1	Stimulus/S  1	1	25081265	25081273	33	2	60	pips_40_500-8000.hdf5	both	none
2509.1719	1	Stimulus/S  1	1	25091719	25091727	33	3	70	pips_40_500-8000.hdf5	both	none
2510.2386	1	Stimulus/S  1	1	25102386	25102394	33	4	50	pips_40_500-8000.hdf5	both	none
2511.3052	1	Stimulus/S  1	1	25113052	25113060	33	5	30	pips_40_500-8000.hdf5	both	none
2512.3506	1	Stimulus/S  1	1	25123506	25123514	34	0	20	pips_40_500-8000.hdf5	both	none
2513.4066	1	Stimulus/S  1	1	25134066	25134074	34	1	40	pips_40_500-8000.hdf5	both	none
2514.4733	1	Stimulus/S  1	1	25144733	25144741	34	2	60	pips_40_500-8000.hdf5	both	none
2515.5186	1	Stimulus/S  1	1	25155186	25155194	34	3	70	pips_40_500-8000.hdf5	both	none
2516.5746	1	Stimulus/S  1	1	25165746	25165754	34	4	50	pips_40_500-8000.hdf5	both	none
2517.62	1	Stimulus/S  1	1	25176200	25176208	34	5	30	pips_40_500-8000.hdf5	both	none
2518.6866	1	Stimulus/S  1	1	25186866	25186874	35	0	20	pips_40_500-8000.hdf5	both	none
2519.7533	1	Stimulus/S  1	1	25197533	25197541	35	1	40	pips_40_500-8000.hdf5	both	none
2520.8093	1	Stimulus/S  1	1	25208093	25208101	35	2	60	pips_40_500-8000.hdf5	both	none
2521.8547	1	Stimulus/S  1	1	25218547	25218555	35	3	70	pips_40_500-8000.hdf5	both	none
2522.9107	1	Stimulus/S  1	1	25229107	25229115	35	4	50	pips_40_500-8000.hdf5	both	none
2523.956	1	Stimulus/S  1	1	25239560	25239568	35	5	30	pips_40_500-8000.hdf5	both	none
2525.0014	1	Stimulus/S  1	1	25250014	25250022	36	0	20	pips_40_500-8000.hdf5	both	none
2526.0574	1	Stimulus/S  1	1	25260574	25260582	36	1	40	pips_40_500-8000.hdf5	both	none
2527.1241	1	Stimulus/S  1	1	25271241	25271249	36	2	60	pips_40_500-8000.hdf5	both	none
2528.1694	1	Stimulus/S  1	1	25281694	25281702	36	3	70	pips_40_500-8000.hdf5	both	none
2529.2254	1	Stimulus/S  1	1	25292254	25292262	36	4	50	pips_40_500-8000.hdf5	both	none
2530.2921	1	Stimulus/S  1	1	25302921	25302929	36	5	30	pips_40_500-8000.hdf5	both	none
2531.3588	1	Stimulus/S  1	1	25313588	25313596	37	0	20	pips_40_500-8000.hdf5	both	none
2532.4041	1	Stimulus/S  1	1	25324041	25324049	37	1	40	pips_40_500-8000.hdf5	both	none
2533.4601	1	Stimulus/S  1	1	25334601	25334609	37	2	60	pips_40_500-8000.hdf5	both	none
2534.5055	1	Stimulus/S  1	1	25345055	25345063	37	3	70	pips_40_500-8000.hdf5	both	none
2535.5721	1	Stimulus/S  1	1	25355721	25355729	37	4	50	pips_40_500-8000.hdf5	both	none
2536.6175	1	Stimulus/S  1	1	25366175	25366183	37	5	30	pips_40_500-8000.hdf5	both	none
2537.6735	1	Stimulus/S  1	1	25376735	25376743	38	0	20	pips_40_500-8000.hdf5	both	none
2538.7402	1	Stimulus/S  1	1	25387402	25387410	38	1	40	pips_40_500-8000.hdf5	both	none
2539.7855	1	Stimulus/S  1	1	25397855	25397863	38	2	60	pips_40_500-8000.hdf5	both	none
2540.8415	1	Stimulus/S  1	1	25408415	25408423	38	3	70	pips_40_500-8000.hdf5	both	none
2541.9082	1	Stimulus/S  1	1	25419082	25419090	38	4	50	pips_40_500-8000.hdf5	both	none
2542.9749	1	Stimulus/S  1	1	25429749	25429757	38	5	30	pips_40_500-8000.hdf5	both	none
2544.0202	1	Stimulus/S  1	1	25440202	25440210	39	0	20	pips_40_500-8000.hdf5	both	none
2545.0762	1	Stimulus/S  1	1	25450762	25450770	39	1	40	pips_40_500-8000.hdf5	both	none
2546.1429	1	Stimulus/S  1	1	25461429	25461437	39	2	60	pips_40_500-8000.hdf5	both	none
2547.2096	1	Stimulus/S  1	1	25472096	25472104	39	3	70	pips_40_500-8000.hdf5	both	none
2548.2549	1	Stimulus/S  1	1	25482549	25482557	39	4	50	pips_40_500-8000.hdf5	both	none
2549.3216	1	Stimulus/S  1	1	25493216	25493224	39	5	30	pips_40_500-8000.hdf5	both	none
2550.3883	1	Stimulus/S  1	1	25503883	25503891	40	0	20	pips_40_500-8000.hdf5	both	none
2551.4443	1	Stimulus/S  1	1	25514443	25514451	40	1	40	pips_40_500-8000.hdf5	both	none
2552.4896	1	Stimulus/S  1	1	25524896	25524904	40	2	60	pips_40_500-8000.hdf5	both	none
2553.535	1	Stimulus/S  1	1	25535350	25535358	40	3	70	pips_40_500-8000.hdf5	both	none
2554.6017	1	Stimulus/S  1	1	25546017	25546025	40	4	50	pips_40_500-8000.hdf5	both	none
2555.6683	1	Stimulus/S  1	1	25556683	25556691	40	5	30	pips_40_500-8000.hdf5	both	none
2556.7244	1	Stimulus/S  1	1	25567244	25567252	41	0	20	pips_40_500-8000.hdf5	both	none
2557.7697	1	Stimulus/S  1	1	25577697	25577705	41	1	40	pips_40_500-8000.hdf5	both	none
2558.8364	1	Stimulus/S  1	1	25588364	25588372	41	2	60	pips_40_500-8000.hdf5	both	none
2559.8924	1	Stimulus/S  1	1	25598924	25598932	41	3	70	pips_40_500-8000.hdf5	both	none
2560.9377	1	Stimulus/S  1	1	25609377	25609385	41	4	50	pips_40_500-8000.hdf5	both	none
2562.0044	1	Stimulus/S  1	1	25620044	25620052	41	5	30	pips_40_500-8000.hdf5	both	none
2563.0711	1	Stimulus/S  1	1	25630711	25630719	42	0	20	pips_40_500-8000.hdf5	both	none
2564.1271	1	Stimulus/S  1	1	25641271	25641279	42	1	40	pips_40_500-8000.hdf5	both	none
2565.1724	1	Stimulus/S  1	1	25651724	25651732	42	2	60	pips_40_500-8000.hdf5	both	none
2566.2391	1	Stimulus/S  1	1	25662391	25662399	42	3	70	pips_40_500-8000.hdf5	both	none
2567.2951	1	Stimulus/S  1	1	25672951	25672959	42	4	50	pips_40_500-8000.hdf5	both	none
2568.3405	1	Stimulus/S  1	1	25683405	25683413	42	5	30	pips_40_500-8000.hdf5	both	none
2569.4071	1	Stimulus/S  1	1	25694071	25694079	43	0	20	pips_40_500-8000.hdf5	both	none
2570.4738	1	Stimulus/S  1	1	25704738	25704746	43	1	40	pips_40_500-8000.hdf5	both	none
2571.5192	1	Stimulus/S  1	1	25715192	25715200	43	2	60	pips_40_500-8000.hdf5	both	none
2572.5858	1	Stimulus/S  1	1	25725858	25725866	43	3	70	pips_40_500-8000.hdf5	both	none
2573.6419	1	Stimulus/S  1	1	25736419	25736427	43	4	50	pips_40_500-8000.hdf5	both	none
2574.6872	1	Stimulus/S  1	1	25746872	25746880	43	5	30	pips_40_500-8000.hdf5	both	none
2575.7539	1	Stimulus/S  1	1	25757539	25757547	44	0	20	pips_40_500-8000.hdf5	both	none
2576.8099	1	Stimulus/S  1	1	25768099	25768107	44	1	40	pips_40_500-8000.hdf5	both	none
2577.8766	1	Stimulus/S  1	1	25778766	25778774	44	2	60	pips_40_500-8000.hdf5	both	none
2578.9432	1	Stimulus/S  1	1	25789432	25789440	44	3	70	pips_40_500-8000.hdf5	both	none
2579.9886	1	Stimulus/S  1	1	25799886	25799894	44	4	50	pips_40_500-8000.hdf5	both	none
2581.0446	1	Stimulus/S  1	1	25810446	25810454	44	5	30	pips_40_500-8000.hdf5	both	none
2582.1113	1	Stimulus/S  1	1	25821113	25821121	45	0	20	pips_40_500-8000.hdf5	both	none
2583.1566	1	Stimulus/S  1	1	25831566	25831574	45	1	40	pips_40_500-8000.hdf5	both	none
2584.202	1	Stimulus/S  1	1	25842020	25842028	45	2	60	pips_40_500-8000.hdf5	both	none
2585.2686	1	Stimulus/S  1	1	25852686	25852694	45	3	70	pips_40_500-8000.hdf5	both	none
2586.3246	1	Stimulus/S  1	1	25863246	25863254	45	4	50	pips_40_500-8000.hdf5	both	none
2587.3913	1	Stimulus/S  1	1	25873913	25873921	45	5	30	pips_40_500-8000.hdf5	both	none
2588.458	1	Stimulus/S  1	1	25884580	25884588	46	0	20	pips_40_500-8000.hdf5	both	none
2589.5033	1	Stimulus/S  1	1	25895033	25895041	46	1	40	pips_40_500-8000.hdf5	both	none
2590.57	1	Stimulus/S  1	1	25905700	25905708	46	2	60	pips_40_500-8000.hdf5	both	none
2591.6367	1	Stimulus/S  1	1	25916367	25916375	46	3	70	pips_40_500-8000.hdf5	both	none
2592.7034	1	Stimulus/S  1	1	25927034	25927042	46	4	50	pips_40_500-8000.hdf5	both	none
2593.7594	1	Stimulus/S  1	1	25937594	25937602	46	5	30	pips_40_500-8000.hdf5	both	none
2594.8047	1	Stimulus/S  1	1	25948047	25948055	47	0	20	pips_40_500-8000.hdf5	both	none
2595.8714	1	Stimulus/S  1	1	25958714	25958722	47	1	40	pips_40_500-8000.hdf5	both	none
2596.9381	1	Stimulus/S  1	1	25969381	25969389	47	2	60	pips_40_500-8000.hdf5	both	none
2598.0048	1	Stimulus/S  1	1	25980048	25980056	47	3	70	pips_40_500-8000.hdf5	both	none
2599.0608	1	Stimulus/S  1	1	25990608	25990616	47	4	50	pips_40_500-8000.hdf5	both	none
2600.1061	1	Stimulus/S  1	1	26001061	26001069	47	5	30	pips_40_500-8000.hdf5	both	none
2601.1621	1	Stimulus/S  1	1	26011621	26011629	48	0	20	pips_40_500-8000.hdf5	both	none
2602.2075	1	Stimulus/S  1	1	26022075	26022083	48	1	40	pips_40_500-8000.hdf5	both	none
2603.2528	1	Stimulus/S  1	1	26032528	26032536	48	2	60	pips_40_500-8000.hdf5	both	none
2604.3088	1	Stimulus/S  1	1	26043088	26043096	48	3	70	pips_40_500-8000.hdf5	both	none
2605.3755	1	Stimulus/S  1	1	26053755	26053763	48	4	50	pips_40_500-8000.hdf5	both	none
2606.4422	1	Stimulus/S  1	1	26064422	26064430	48	5	30	pips_40_500-8000.hdf5	both	none
2607.4875	1	Stimulus/S  1	1	26074875	26074883	49	0	20	pips_40_500-8000.hdf5	both	none
2608.5435	1	Stimulus/S  1	1	26085435	26085443	49	1	40	pips_40_500-8000.hdf5	both	none
2609.5889	1	Stimulus/S  1	1	26095889	26095897	49	2	60	pips_40_500-8000.hdf5	both	none
2610.6556	1	Stimulus/S  1	1	26106556	26106564	49	3	70	pips_40_500-8000.hdf5	both	none
2611.7116	1	Stimulus/S  1	1	26117116	26117124	49	4	50	pips_40_500-8000.hdf5	both	none
2612.7569	1	Stimulus/S  1	1	26127569	26127577	49	5	30	pips_40_500-8000.hdf5	both	none
2613.8236	1	Stimulus/S  1	1	26138236	26138244	50	0	20	pips_40_500-8000.hdf5	both	none
2614.8903	1	Stimulus/S  1	1	26148903	26148911	50	1	40	pips_40_500-8000.hdf5	both	none
2615.9569	1	Stimulus/S  1	1	26159569	26159577	50	2	60	pips_40_500-8000.hdf5	both	none
2617.013	1	Stimulus/S  1	1	26170130	26170138	50	3	70	pips_40_500-8000.hdf5	both	none
2618.0583	1	Stimulus/S  1	1	26180583	26180591	50	4	50	pips_40_500-8000.hdf5	both	none
2619.125	1	Stimulus/S  1	1	26191250	26191258	50	5	30	pips_40_500-8000.hdf5	both	none
2620.1703	1	Stimulus/S  1	1	26201703	26201711	51	0	20	pips_40_500-8000.hdf5	both	none
2621.2263	1	Stimulus/S  1	1	26212263	26212271	51	1	40	pips_40_500-8000.hdf5	both	none
2622.293	1	Stimulus/S  1	1	26222930	26222938	51	2	60	pips_40_500-8000.hdf5	both	none
2623.3383	1	Stimulus/S  1	1	26233383	26233391	51	3	70	pips_40_500-8000.hdf5	both	none
2624.3944	1	Stimulus/S  1	1	26243944	26243952	51	4	50	pips_40_500-8000.hdf5	both	none
2625.461	1	Stimulus/S  1	1	26254610	26254618	51	5	30	pips_40_500-8000.hdf5	both	none
2626.5064	1	Stimulus/S  1	1	26265064	26265072	52	0	20	pips_40_500-8000.hdf5	both	none
2627.5624	1	Stimulus/S  1	1	26275624	26275632	52	1	40	pips_40_500-8000.hdf5	both	none
2628.6291	1	Stimulus/S  1	1	26286291	26286299	52	2	60	pips_40_500-8000.hdf5	both	none
2629.6744	1	Stimulus/S  1	1	26296744	26296752	52	3	70	pips_40_500-8000.hdf5	both	none
2630.7198	1	Stimulus/S  1	1	26307198	26307206	52	4	50	pips_40_500-8000.hdf5	both	none
2631.7864	1	Stimulus/S  1	1	26317864	26317872	52	5	30	pips_40_500-8000.hdf5	both	none
2632.8424	1	Stimulus/S  1	1	26328424	26328432	53	0	20	pips_40_500-8000.hdf5	both	none
2633.9091	1	Stimulus/S  1	1	26339091	26339099	53	1	40	pips_40_500-8000.hdf5	both	none
2634.9545	1	Stimulus/S  1	1	26349545	26349553	53	2	60	pips_40_500-8000.hdf5	both	none
2636.0105	1	Stimulus/S  1	1	26360105	26360113	53	3	70	pips_40_500-8000.hdf5	both	none
2637.0558	1	Stimulus/S  1	1	26370558	26370566	53	4	50	pips_40_500-8000.hdf5	both	none
2638.1118	1	Stimulus/S  1	1	26381118	26381126	53	5	30	pips_40_500-8000.hdf5	both	none
2639.1785	1	Stimulus/S  1	1	26391785	26391793	54	0	20	pips_40_500-8000.hdf5	both	none
2640.2238	1	Stimulus/S  1	1	26402238	26402246	54	1	40	pips_40_500-8000.hdf5	both	none
2641.2692	1	Stimulus/S  1	1	26412692	26412700	54	2	60	pips_40_500-8000.hdf5	both	none
2642.3465	1	Stimulus/S  1	1	26423465	26423473	54	3	70	pips_40_500-8000.hdf5	both	none
2643.3919	1	Stimulus/S  1	1	26433919	26433927	54	4	50	pips_40_500-8000.hdf5	both	none
2644.4586	1	Stimulus/S  1	1	26444586	26444594	54	5	30	pips_40_500-8000.hdf5	both	none
2645.5252	1	Stimulus/S  1	1	26455252	26455260	55	0	20	pips_40_500-8000.hdf5	both	none
2646.5706	1	Stimulus/S  1	1	26465706	26465714	55	1	40	pips_40_500-8000.hdf5	both	none
2647.6266	1	Stimulus/S  1	1	26476266	26476274	55	2	60	pips_40_500-8000.hdf5	both	none
2648.6719	1	Stimulus/S  1	1	26486719	26486727	55	3	70	pips_40_500-8000.hdf5	both	none
2649.7386	1	Stimulus/S  1	1	26497386	26497394	55	4	50	pips_40_500-8000.hdf5	both	none
2650.7946	1	Stimulus/S  1	1	26507946	26507954	55	5	30	pips_40_500-8000.hdf5	both	none
2651.8613	1	Stimulus/S  1	1	26518613	26518621	56	0	20	pips_40_500-8000.hdf5	both	none
2652.9066	1	Stimulus/S  1	1	26529066	26529074	56	1	40	pips_40_500-8000.hdf5	both	none
2653.9626	1	Stimulus/S  1	1	26539626	26539634	56	2	60	pips_40_500-8000.hdf5	both	none
2655.0293	1	Stimulus/S  1	1	26550293	26550301	56	3	70	pips_40_500-8000.hdf5	both	none
2656.0747	1	Stimulus/S  1	1	26560747	26560755	56	4	50	pips_40_500-8000.hdf5	both	none
2657.1413	1	Stimulus/S  1	1	26571413	26571421	56	5	30	pips_40_500-8000.hdf5	both	none
2658.208	1	Stimulus/S  1	1	26582080	26582088	57	0	20	pips_40_500-8000.hdf5	both	none
2659.2534	1	Stimulus/S  1	1	26592534	26592542	57	1	40	pips_40_500-8000.hdf5	both	none
2660.3094	1	Stimulus/S  1	1	26603094	26603102	57	2	60	pips_40_500-8000.hdf5	both	none
2661.3761	1	Stimulus/S  1	1	26613761	26613769	57	3	70	pips_40_500-8000.hdf5	both	none
2662.4214	1	Stimulus/S  1	1	26624214	26624222	57	4	50	pips_40_500-8000.hdf5	both	none
2663.4774	1	Stimulus/S  1	1	26634774	26634782	57	5	30	pips_40_500-8000.hdf5	both	none
2664.5441	1	Stimulus/S  1	1	26645441	26645449	58	0	20	pips_40_500-8000.hdf5	both	none
2665.5894	1	Stimulus/S  1	1	26655894	26655902	58	1	40	pips_40_500-8000.hdf5	both	none
2666.6454	1	Stimulus/S  1	1	26666454	26666462	58	2	60	pips_40_500-8000.hdf5	both	none
2667.7121	1	Stimulus/S  1	1	26677121	26677129	58	3	70	pips_40_500-8000.hdf5	both	none
2668.7788	1	Stimulus/S  1	1	26687788	26687796	58	4	50	pips_40_500-8000.hdf5	both	none
2669.8241	1	Stimulus/S  1	1	26698241	26698249	58	5	30	pips_40_500-8000.hdf5	both	none
2670.8801	1	Stimulus/S  1	1	26708801	26708809	59	0	20	pips_40_500-8000.hdf5	both	none
2671.9468	1	Stimulus/S  1	1	26719468	26719476	59	1	40	pips_40_500-8000.hdf5	both	none
2672.9922	1	Stimulus/S  1	1	26729922	26729930	59	2	60	pips_40_500-8000.hdf5	both	none
2674.0375	1	Stimulus/S  1	1	26740375	26740383	59	3	70	pips_40_500-8000.hdf5	both	none
2675.0935	1	Stimulus/S  1	1	26750935	26750943	59	4	50	pips_40_500-8000.hdf5	both	none
2676.1389	1	Stimulus/S  1	1	26761389	26761397	59	5	30	pips_40_500-8000.hdf5	both	none
2677.1949	1	Stimulus/S  1	1	26771949	26771957	60	0	20	pips_40_500-8000.hdf5	both	none
2678.2402	1	Stimulus/S  1	1	26782402	26782410	60	1	40	pips_40_500-8000.hdf5	both	none
2679.2962	1	Stimulus/S  1	1	26792962	26792970	60	2	60	pips_40_500-8000.hdf5	both	none
2680.3629	1	Stimulus/S  1	1	26803629	26803637	60	3	70	pips_40_500-8000.hdf5	both	none
2681.4296	1	Stimulus/S  1	1	26814296	26814304	60	4	50	pips_40_500-8000.hdf5	both	none
2682.4749	1	Stimulus/S  1	1	26824749	26824757	60	5	30	pips_40_500-8000.hdf5	both	none
2683.5203	1	Stimulus/S  1	1	26835203	26835211	61	0	20	pips_40_500-8000.hdf5	both	none
2684.587	1	Stimulus/S  1	1	26845870	26845878	61	1	40	pips_40_500-8000.hdf5	both	none
2685.6536	1	Stimulus/S  1	1	26856536	26856544	61	2	60	pips_40_500-8000.hdf5	both	none
2686.7096	1	Stimulus/S  1	1	26867096	26867104	61	3	70	pips_40_500-8000.hdf5	both	none
2687.755	1	Stimulus/S  1	1	26877550	26877558	61	4	50	pips_40_500-8000.hdf5	both	none
2688.8217	1	Stimulus/S  1	1	26888217	26888225	61	5	30	pips_40_500-8000.hdf5	both	none
2689.8883	1	Stimulus/S  1	1	26898883	26898891	62	0	20	pips_40_500-8000.hdf5	both	none
2690.9443	1	Stimulus/S  1	1	26909443	26909451	62	1	40	pips_40_500-8000.hdf5	both	none
2691.9897	1	Stimulus/S  1	1	26919897	26919905	62	2	60	pips_40_500-8000.hdf5	both	none
2693.0457	1	Stimulus/S  1	1	26930457	26930465	62	3	70	pips_40_500-8000.hdf5	both	none
2694.1124	1	Stimulus/S  1	1	26941124	26941132	62	4	50	pips_40_500-8000.hdf5	both	none
2695.1791	1	Stimulus/S  1	1	26951791	26951799	62	5	30	pips_40_500-8000.hdf5	both	none
2696.2244	1	Stimulus/S  1	1	26962244	26962252	63	0	20	pips_40_500-8000.hdf5	both	none
2697.2804	1	Stimulus/S  1	1	26972804	26972812	63	1	40	pips_40_500-8000.hdf5	both	none
2698.3471	1	Stimulus/S  1	1	26983471	26983479	63	2	60	pips_40_500-8000.hdf5	both	none
2699.3924	1	Stimulus/S  1	1	26993924	26993932	63	3	70	pips_40_500-8000.hdf5	both	none
2700.4591	1	Stimulus/S  1	1	27004591	27004599	63	4	50	pips_40_500-8000.hdf5	both	none
2701.5258	1	Stimulus/S  1	1	27015258	27015266	63	5	30	pips_40_500-8000.hdf5	both	none
2702.5711	1	Stimulus/S  1	1	27025711	27025719	64	0	20	pips_40_500-8000.hdf5	both	none
2703.6271	1	Stimulus/S  1	1	27036271	27036279	64	1	40	pips_40_500-8000.hdf5	both	none
2704.6725	1	Stimulus/S  1	1	27046725	27046733	64	2	60	pips_40_500-8000.hdf5	both	none
2705.7392	1	Stimulus/S  1	1	27057392	27057400	64	3	70	pips_40_500-8000.hdf5	both	none
2706.8058	1	Stimulus/S  1	1	27068058	27068066	64	4	50	pips_40_500-8000.hdf5	both	none
2707.8618	1	Stimulus/S  1	1	27078618	27078626	64	5	30	pips_40_500-8000.hdf5	both	none
2708.9072	1	Stimulus/S  1	1	27089072	27089080	65	0	20	pips_40_500-8000.hdf5	both	none
2709.9632	1	Stimulus/S  1	1	27099632	27099640	65	1	40	pips_40_500-8000.hdf5	both	none
2711.0299	1	Stimulus/S  1	1	27110299	27110307	65	2	60	pips_40_500-8000.hdf5	both	none
2712.0752	1	Stimulus/S  1	1	27120752	27120760	65	3	70	pips_40_500-8000.hdf5	both	none
2713.1206	1	Stimulus/S  1	1	27131206	27131214	65	4	50	pips_40_500-8000.hdf5	both	none
2714.1872	1	Stimulus/S  1	1	27141872	27141880	65	5	30	pips_40_500-8000.hdf5	both	none
2715.2433	1	Stimulus/S  1	1	27152433	27152441	66	0	20	pips_40_500-8000.hdf5	both	none
2716.2886	1	Stimulus/S  1	1	27162886	27162894	66	1	40	pips_40_500-8000.hdf5	both	none
2717.3553	1	Stimulus/S  1	1	27173553	27173561	66	2	60	pips_40_500-8000.hdf5	both	none
2718.4113	1	Stimulus/S  1	1	27184113	27184121	66	3	70	pips_40_500-8000.hdf5	both	none
2719.4566	1	Stimulus/S  1	1	27194566	27194574	66	4	50	pips_40_500-8000.hdf5	both	none
2720.5126	1	Stimulus/S  1	1	27205126	27205134	66	5	30	pips_40_500-8000.hdf5	both	none
2721.558	1	Stimulus/S  1	1	27215580	27215588	67	0	20	pips_40_500-8000.hdf5	both	none
2722.6247	1	Stimulus/S  1	1	27226247	27226255	67	1	40	pips_40_500-8000.hdf5	both	none
2723.6913	1	Stimulus/S  1	1	27236913	27236921	67	2	60	pips_40_500-8000.hdf5	both	none
2724.7473	1	Stimulus/S  1	1	27247473	27247481	67	3	70	pips_40_500-8000.hdf5	both	none
2725.814	1	Stimulus/S  1	1	27258140	27258148	67	4	50	pips_40_500-8000.hdf5	both	none
2726.8807	1	Stimulus/S  1	1	27268807	27268815	67	5	30	pips_40_500-8000.hdf5	both	none
2727.926	1	Stimulus/S  1	1	27279260	27279268	68	0	20	pips_40_500-8000.hdf5	both	none
2728.9714	1	Stimulus/S  1	1	27289714	27289722	68	1	40	pips_40_500-8000.hdf5	both	none
2730.0381	1	Stimulus/S  1	1	27300381	27300389	68	2	60	pips_40_500-8000.hdf5	both	none
2731.0941	1	Stimulus/S  1	1	27310941	27310949	68	3	70	pips_40_500-8000.hdf5	both	none
2732.1394	1	Stimulus/S  1	1	27321394	27321402	68	4	50	pips_40_500-8000.hdf5	both	none
2733.1954	1	Stimulus/S  1	1	27331954	27331962	68	5	30	pips_40_500-8000.hdf5	both	none
2734.2408	1	Stimulus/S  1	1	27342408	27342416	69	0	20	pips_40_500-8000.hdf5	both	none
2735.2968	1	Stimulus/S  1	1	27352968	27352976	69	1	40	pips_40_500-8000.hdf5	both	none
2736.3421	1	Stimulus/S  1	1	27363421	27363429	69	2	60	pips_40_500-8000.hdf5	both	none
2737.4088	1	Stimulus/S  1	1	27374088	27374096	69	3	70	pips_40_500-8000.hdf5	both	none
2738.4755	1	Stimulus/S  1	1	27384755	27384763	69	4	50	pips_40_500-8000.hdf5	both	none
2739.5208	1	Stimulus/S  1	1	27395208	27395216	69	5	30	pips_40_500-8000.hdf5	both	none
2740.5768	1	Stimulus/S  1	1	27405768	27405776	70	0	20	pips_40_500-8000.hdf5	both	none
2741.6435	1	Stimulus/S  1	1	27416435	27416443	70	1	40	pips_40_500-8000.hdf5	both	none
2742.6889	1	Stimulus/S  1	1	27426889	27426897	70	2	60	pips_40_500-8000.hdf5	both	none
2743.7449	1	Stimulus/S  1	1	27437449	27437457	70	3	70	pips_40_500-8000.hdf5	both	none
2744.7902	1	Stimulus/S  1	1	27447902	27447910	70	4	50	pips_40_500-8000.hdf5	both	none
2745.8569	1	Stimulus/S  1	1	27458569	27458577	70	5	30	pips_40_500-8000.hdf5	both	none
2746.9129	1	Stimulus/S  1	1	27469129	27469137	71	0	20	pips_40_500-8000.hdf5	both	none
2747.9582	1	Stimulus/S  1	1	27479582	27479590	71	1	40	pips_40_500-8000.hdf5	both	none
2749.0249	1	Stimulus/S  1	1	27490249	27490257	71	2	60	pips_40_500-8000.hdf5	both	none
2750.0809	1	Stimulus/S  1	1	27500809	27500817	71	3	70	pips_40_500-8000.hdf5	both	none
2751.1263	1	Stimulus/S  1	1	27511263	27511271	71	4	50	pips_40_500-8000.hdf5	both	none
2752.1929	1	Stimulus/S  1	1	27521929	27521937	71	5	30	pips_40_500-8000.hdf5	both	none
2753.2383	1	Stimulus/S  1	1	27532383	27532391	72	0	20	pips_40_500-8000.hdf5	both	none
2754.305	1	Stimulus/S  1	1	27543050	27543058	72	1	40	pips_40_500-8000.hdf5	both	none
2755.361	1	Stimulus/S  1	1	27553610	27553618	72	2	60	pips_40_500-8000.hdf5	both	none
2756.4063	1	Stimulus/S  1	1	27564063	27564071	72	3	70	pips_40_500-8000.hdf5	both	none
2757.473	1	Stimulus/S  1	1	27574730	27574738	72	4	50	pips_40_500-8000.hdf5	both	none
2758.529	1	Stimulus/S  1	1	27585290	27585298	72	5	30	pips_40_500-8000.hdf5	both	none
2759.5957	1	Stimulus/S  1	1	27595957	27595965	73	0	20	pips_40_500-8000.hdf5	both	none
2760.6624	1	Stimulus/S  1	1	27606624	27606632	73	1	40	pips_40_500-8000.hdf5	both	none
2761.7077	1	Stimulus/S  1	1	27617077	27617085	73	2	60	pips_40_500-8000.hdf5	both	none
2762.7744	1	Stimulus/S  1	1	27627744	27627752	73	3	70	pips_40_500-8000.hdf5	both	none
2763.8411	1	Stimulus/S  1	1	27638411	27638419	73	4	50	pips_40_500-8000.hdf5	both	none
2764.8971	1	Stimulus/S  1	1	27648971	27648979	73	5	30	pips_40_500-8000.hdf5	both	none
2765.9638	1	Stimulus/S  1	1	27659638	27659646	74	0	20	pips_40_500-8000.hdf5	both	none
2767.0304	1	Stimulus/S  1	1	27670304	27670312	74	1	40	pips_40_500-8000.hdf5	both	none
2768.0758	1	Stimulus/S  1	1	27680758	27680766	74	2	60	pips_40_500-8000.hdf5	both	none
2769.1211	1	Stimulus/S  1	1	27691211	27691219	74	3	70	pips_40_500-8000.hdf5	both	none
2770.1771	1	Stimulus/S  1	1	27701771	27701779	74	4	50	pips_40_500-8000.hdf5	both	none
2771.2225	1	Stimulus/S  1	1	27712225	27712233	74	5	30	pips_40_500-8000.hdf5	both	none
2772.2785	1	Stimulus/S  1	1	27722785	27722793	75	0	20	pips_40_500-8000.hdf5	both	none
2773.3452	1	Stimulus/S  1	1	27733452	27733460	75	1	40	pips_40_500-8000.hdf5	both	none
2774.3905	1	Stimulus/S  1	1	27743905	27743913	75	2	60	pips_40_500-8000.hdf5	both	none
2775.4465	1	Stimulus/S  1	1	27754465	27754473	75	3	70	pips_40_500-8000.hdf5	both	none
2776.4919	1	Stimulus/S  1	1	27764919	27764927	75	4	50	pips_40_500-8000.hdf5	both	none
2777.5585	1	Stimulus/S  1	1	27775585	27775593	75	5	30	pips_40_500-8000.hdf5	both	none
2778.6252	1	Stimulus/S  1	1	27786252	27786260	76	0	20	pips_40_500-8000.hdf5	both	none
2779.6919	1	Stimulus/S  1	1	27796919	27796927	76	1	40	pips_40_500-8000.hdf5	both	none
2780.7479	1	Stimulus/S  1	1	27807479	27807487	76	2	60	pips_40_500-8000.hdf5	both	none
2781.7932	1	Stimulus/S  1	1	27817932	27817940	76	3	70	pips_40_500-8000.hdf5	both	none
2782.8599	1	Stimulus/S  1	1	27828599	27828607	76	4	50	pips_40_500-8000.hdf5	both	none
2783.9266	1	Stimulus/S  1	1	27839266	27839274	76	5	30	pips_40_500-8000.hdf5	both	none
2784.9719	1	Stimulus/S  1	1	27849719	27849727	77	0	20	pips_40_500-8000.hdf5	both	none
2786.0279	1	Stimulus/S  1	1	27860279	27860287	77	1	40	pips_40_500-8000.hdf5	both	none
2787.0733	1	Stimulus/S  1	1	27870733	27870741	77	2	60	pips_40_500-8000.hdf5	both	none
2788.14	1	Stimulus/S  1	1	27881400	27881408	77	3	70	pips_40_500-8000.hdf5	both	none
2789.2066	1	Stimulus/S  1	1	27892066	27892074	77	4	50	pips_40_500-8000.hdf5	both	none
2790.2733	1	Stimulus/S  1	1	27902733	27902741	77	5	30	pips_40_500-8000.hdf5	both	none
2791.3293	1	Stimulus/S  1	1	27913293	27913301	78	0	20	pips_40_500-8000.hdf5	both	none
2792.3747	1	Stimulus/S  1	1	27923747	27923755	78	1	40	pips_40_500-8000.hdf5	both	none
2793.4307	1	Stimulus/S  1	1	27934307	27934315	78	2	60	pips_40_500-8000.hdf5	both	none
2794.4974	1	Stimulus/S  1	1	27944974	27944982	78	3	70	pips_40_500-8000.hdf5	both	none
2795.564	1	Stimulus/S  1	1	27955640	27955648	78	4	50	pips_40_500-8000.hdf5	both	none
2796.6094	1	Stimulus/S  1	1	27966094	27966102	78	5	30	pips_40_500-8000.hdf5	both	none
2797.6654	1	Stimulus/S  1	1	27976654	27976662	79	0	20	pips_40_500-8000.hdf5	both	none
2798.7107	1	Stimulus/S  1	1	27987107	27987115	79	1	40	pips_40_500-8000.hdf5	both	none
2799.7774	1	Stimulus/S  1	1	27997774	27997782	79	2	60	pips_40_500-8000.hdf5	both	none
2800.8228	1	Stimulus/S  1	1	28008228	28008236	79	3	70	pips_40_500-8000.hdf5	both	none
2801.8788	1	Stimulus/S  1	1	28018788	28018796	79	4	50	pips_40_500-8000.hdf5	both	none
2802.9241	1	Stimulus/S  1	1	28029241	28029249	79	5	30	pips_40_500-8000.hdf5	both	none
2803.9908	1	Stimulus/S  1	1	28039908	28039916	80	0	20	pips_40_500-8000.hdf5	both	none
2805.0468	1	Stimulus/S  1	1	28050468	28050476	80	1	40	pips_40_500-8000.hdf5	both	none
2806.0921	1	Stimulus/S  1	1	28060921	28060929	80	2	60	pips_40_500-8000.hdf5	both	none
2807.1588	1	Stimulus/S  1	1	28071588	28071596	80	3	70	pips_40_500-8000.hdf5	both	none
2808.2148	1	Stimulus/S  1	1	28082148	28082156	80	4	50	pips_40_500-8000.hdf5	both	none
2809.2602	1	Stimulus/S  1	1	28092602	28092610	80	5	30	pips_40_500-8000.hdf5	both	none
2810.3269	1	Stimulus/S  1	1	28103269	28103277	81	0	20	pips_40_500-8000.hdf5	both	none
2811.3722	1	Stimulus/S  1	1	28113722	28113730	81	1	40	pips_40_500-8000.hdf5	both	none
2812.4282	1	Stimulus/S  1	1	28124282	28124290	81	2	60	pips_40_500-8000.hdf5	both	none
2813.4949	1	Stimulus/S  1	1	28134949	28134957	81	3	70	pips_40_500-8000.hdf5	both	none
2814.5616	1	Stimulus/S  1	1	28145616	28145624	81	4	50	pips_40_500-8000.hdf5	both	none
2815.6069	1	Stimulus/S  1	1	28156069	28156077	81	5	30	pips_40_500-8000.hdf5	both	none
2816.6736	1	Stimulus/S  1	1	28166736	28166744	82	0	20	pips_40_500-8000.hdf5	both	none
2817.7403	1	Stimulus/S  1	1	28177403	28177411	82	1	40	pips_40_500-8000.hdf5	both	none
2818.7963	1	Stimulus/S  1	1	28187963	28187971	82	2	60	pips_40_500-8000.hdf5	both	none
2819.8416	1	Stimulus/S  1	1	28198416	28198424	82	3	70	pips_40_500-8000.hdf5	both	none
2820.8976	1	Stimulus/S  1	1	28208976	28208984	82	4	50	pips_40_500-8000.hdf5	both	none
2821.9643	1	Stimulus/S  1	1	28219643	28219651	82	5	30	pips_40_500-8000.hdf5	both	none
2823.031	1	Stimulus/S  1	1	28230310	28230318	83	0	20	pips_40_500-8000.hdf5	both	none
2824.0763	1	Stimulus/S  1	1	28240763	28240771	83	1	40	pips_40_500-8000.hdf5	both	none
2825.1323	1	Stimulus/S  1	1	28251323	28251331	83	2	60	pips_40_500-8000.hdf5	both	none
2826.199	1	Stimulus/S  1	1	28261990	28261998	83	3	70	pips_40_500-8000.hdf5	both	none
2827.2657	1	Stimulus/S  1	1	28272657	28272665	83	4	50	pips_40_500-8000.hdf5	both	none
2828.311	1	Stimulus/S  1	1	28283110	28283118	83	5	30	pips_40_500-8000.hdf5	both	none
2829.3564	1	Stimulus/S  1	1	28293564	28293572	84	0	20	pips_40_500-8000.hdf5	both	none
2830.4231	1	Stimulus/S  1	1	28304231	28304239	84	1	40	pips_40_500-8000.hdf5	both	none
2831.4791	1	Stimulus/S  1	1	28314791	28314799	84	2	60	pips_40_500-8000.hdf5	both	none
2832.5244	1	Stimulus/S  1	1	28325244	28325252	84	3	70	pips_40_500-8000.hdf5	both	none
2833.5911	1	Stimulus/S  1	1	28335911	28335919	84	4	50	pips_40_500-8000.hdf5	both	none
2834.6578	1	Stimulus/S  1	1	28346578	28346586	84	5	30	pips_40_500-8000.hdf5	both	none
2835.7138	1	Stimulus/S  1	1	28357138	28357146	85	0	20	pips_40_500-8000.hdf5	both	none
2836.7591	1	Stimulus/S  1	1	28367591	28367599	85	1	40	pips_40_500-8000.hdf5	both	none
2837.8258	1	Stimulus/S  1	1	28378258	28378266	85	2	60	pips_40_500-8000.hdf5	both	none
2838.8818	1	Stimulus/S  1	1	28388818	28388826	85	3	70	pips_40_500-8000.hdf5	both	none
2839.9271	1	Stimulus/S  1	1	28399271	28399279	85	4	50	pips_40_500-8000.hdf5	both	none
2840.9938	1	Stimulus/S  1	1	28409938	28409946	85	5	30	pips_40_500-8000.hdf5	both	none
2842.0498	1	Stimulus/S  1	1	28420498	28420506	86	0	20	pips_40_500-8000.hdf5	both	none
2843.0952	1	Stimulus/S  1	1	28430952	28430960	86	1	40	pips_40_500-8000.hdf5	both	none
2844.1619	1	Stimulus/S  1	1	28441619	28441627	86	2	60	pips_40_500-8000.hdf5	both	none
2845.2072	1	Stimulus/S  1	1	28452072	28452080	86	3	70	pips_40_500-8000.hdf5	both	none
2846.2739	1	Stimulus/S  1	1	28462739	28462747	86	4	50	pips_40_500-8000.hdf5	both	none
2847.3406	1	Stimulus/S  1	1	28473406	28473414	86	5	30	pips_40_500-8000.hdf5	both	none
2848.3966	1	Stimulus/S  1	1	28483966	28483974	87	0	20	pips_40_500-8000.hdf5	both	none
2849.4419	1	Stimulus/S  1	1	28494419	28494427	87	1	40	pips_40_500-8000.hdf5	both	none
2850.4979	1	Stimulus/S  1	1	28504979	28504987	87	2	60	pips_40_500-8000.hdf5	both	none
2851.5646	1	Stimulus/S  1	1	28515646	28515654	87	3	70	pips_40_500-8000.hdf5	both	none
2852.6313	1	Stimulus/S  1	1	28526313	28526321	87	4	50	pips_40_500-8000.hdf5	both	none
2853.6766	1	Stimulus/S  1	1	28536766	28536774	87	5	30	pips_40_500-8000.hdf5	both	none
2854.7326	1	Stimulus/S  1	1	28547326	28547334	88	0	20	pips_40_500-8000.hdf5	both	none
2855.7993	1	Stimulus/S  1	1	28557993	28558001	88	1	40	pips_40_500-8000.hdf5	both	none
2856.8446	1	Stimulus/S  1	1	28568446	28568454	88	2	60	pips_40_500-8000.hdf5	both	none
2857.9113	1	Stimulus/S  1	1	28579113	28579121	88	3	70	pips_40_500-8000.hdf5	both	none
2858.978	1	Stimulus/S  1	1	28589780	28589788	88	4	50	pips_40_500-8000.hdf5	both	none
2860.0233	1	Stimulus/S  1	1	28600233	28600241	88	5	30	pips_40_500-8000.hdf5	both	none
2861.0794	1	Stimulus/S  1	1	28610794	28610802	89	0	20	pips_40_500-8000.hdf5	both	none
2862.146	1	Stimulus/S  1	1	28621460	28621468	89	1	40	pips_40_500-8000.hdf5	both	none
2863.1914	1	Stimulus/S  1	1	28631914	28631922	89	2	60	pips_40_500-8000.hdf5	both	none
2864.2474	1	Stimulus/S  1	1	28642474	28642482	89	3	70	pips_40_500-8000.hdf5	both	none
2865.3141	1	Stimulus/S  1	1	28653141	28653149	89	4	50	pips_40_500-8000.hdf5	both	none
2866.3807	1	Stimulus/S  1	1	28663807	28663815	89	5	30	pips_40_500-8000.hdf5	both	none
2867.4474	1	Stimulus/S  1	1	28674474	28674482	90	0	20	pips_40_500-8000.hdf5	both	none
2868.5141	1	Stimulus/S  1	1	28685141	28685149	90	1	40	pips_40_500-8000.hdf5	both	none
2869.5808	1	Stimulus/S  1	1	28695808	28695816	90	2	60	pips_40_500-8000.hdf5	both	none
2870.6261	1	Stimulus/S  1	1	28706261	28706269	90	3	70	pips_40_500-8000.hdf5	both	none
2871.6821	1	Stimulus/S  1	1	28716821	28716829	90	4	50	pips_40_500-8000.hdf5	both	none
2872.7275	1	Stimulus/S  1	1	28727275	28727283	90	5	30	pips_40_500-8000.hdf5	both	none
2873.7941	1	Stimulus/S  1	1	28737941	28737949	91	0	20	pips_40_500-8000.hdf5	both	none
2874.8608	1	Stimulus/S  1	1	28748608	28748616	91	1	40	pips_40_500-8000.hdf5	both	none
2875.9168	1	Stimulus/S  1	1	28759168	28759176	91	2	60	pips_40_500-8000.hdf5	both	none
2876.9622	1	Stimulus/S  1	1	28769622	28769630	91	3	70	pips_40_500-8000.hdf5	both	none
2878.0075	1	Stimulus/S  1	1	28780075	28780083	91	4	50	pips_40_500-8000.hdf5	both	none
2879.0635	1	Stimulus/S  1	1	28790635	28790643	91	5	30	pips_40_500-8000.hdf5	both	none
2880.1302	1	Stimulus/S  1	1	28801302	28801310	92	0	20	pips_40_500-8000.hdf5	both	none
2881.1969	1	Stimulus/S  1	1	28811969	28811977	92	1	40	pips_40_500-8000.hdf5	both	none
2882.2422	1	Stimulus/S  1	1	28822422	28822430	92	2	60	pips_40_500-8000.hdf5	both	none
2883.2982	1	Stimulus/S  1	1	28832982	28832990	92	3	70	pips_40_500-8000.hdf5	both	none
2884.3436	1	Stimulus/S  1	1	28843436	28843444	92	4	50	pips_40_500-8000.hdf5	both	none
2885.3996	1	Stimulus/S  1	1	28853996	28854004	92	5	30	pips_40_500-8000.hdf5	both	none
2886.4663	1	Stimulus/S  1	1	28864663	28864671	93	0	20	pips_40_500-8000.hdf5	both	none
2887.5116	1	Stimulus/S  1	1	28875116	28875124	93	1	40	pips_40_500-8000.hdf5	both	none
2888.557	1	Stimulus/S  1	1	28885570	28885578	93	2	60	pips_40_500-8000.hdf5	both	none
2889.6343	1	Stimulus/S  1	1	28896343	28896351	93	3	70	pips_40_500-8000.hdf5	both	none
2890.6903	1	Stimulus/S  1	1	28906903	28906911	93	4	50	pips_40_500-8000.hdf5	both	none
2891.757	1	Stimulus/S  1	1	28917570	28917578	93	5	30	pips_40_500-8000.hdf5	both	none
2892.813	1	Stimulus/S  1	1	28928130	28928138	94	0	20	pips_40_500-8000.hdf5	both	none
2893.8583	1	Stimulus/S  1	1	28938583	28938591	94	1	40	pips_40_500-8000.hdf5	both	none
2894.9144	1	Stimulus/S  1	1	28949144	28949152	94	2	60	pips_40_500-8000.hdf5	both	none
2895.981	1	Stimulus/S  1	1	28959810	28959818	94	3	70	pips_40_500-8000.hdf5	both	none
2897.0264	1	Stimulus/S  1	1	28970264	28970272	94	4	50	pips_40_500-8000.hdf5	both	none
2898.0824	1	Stimulus/S  1	1	28980824	28980832	94	5	30	pips_40_500-8000.hdf5	both	none
2899.1491	1	Stimulus/S  1	1	28991491	28991499	95	0	20	pips_40_500-8000.hdf5	both	none
2900.1944	1	Stimulus/S  1	1	29001944	29001952	95	1	40	pips_40_500-8000.hdf5	both	none
2901.2397	1	Stimulus/S  1	1	29012397	29012405	95	2	60	pips_40_500-8000.hdf5	both	none
2902.2958	1	Stimulus/S  1	1	29022958	29022966	95	3	70	pips_40_500-8000.hdf5	both	none
2903.3624	1	Stimulus/S  1	1	29033624	29033632	95	4	50	pips_40_500-8000.hdf5	both	none
2904.4291	1	Stimulus/S  1	1	29044291	29044299	95	5	30	pips_40_500-8000.hdf5	both	none
2905.4958	1	Stimulus/S  1	1	29054958	29054966	96	0	20	pips_40_500-8000.hdf5	both	none
2906.5411	1	Stimulus/S  1	1	29065411	29065419	96	1	40	pips_40_500-8000.hdf5	both	none
2907.5971	1	Stimulus/S  1	1	29075971	29075979	96	2	60	pips_40_500-8000.hdf5	both	none
2908.6638	1	Stimulus/S  1	1	29086638	29086646	96	3	70	pips_40_500-8000.hdf5	both	none
2909.7092	1	Stimulus/S  1	1	29097092	29097100	96	4	50	pips_40_500-8000.hdf5	both	none
2910.7652	1	Stimulus/S  1	1	29107652	29107660	96	5	30	pips_40_500-8000.hdf5	both	none
2911.8319	1	Stimulus/S  1	1	29118319	29118327	97	0	20	pips_40_500-8000.hdf5	both	none
2912.8772	1	Stimulus/S  1	1	29128772	29128780	97	1	40	pips_40_500-8000.hdf5	both	none
2913.9332	1	Stimulus/S  1	1	29139332	29139340	97	2	60	pips_40_500-8000.hdf5	both	none
2914.9999	1	Stimulus/S  1	1	29149999	29150007	97	3	70	pips_40_500-8000.hdf5	both	none
2916.0666	1	Stimulus/S  1	1	29160666	29160674	97	4	50	pips_40_500-8000.hdf5	both	none
2917.1119	1	Stimulus/S  1	1	29171119	29171127	97	5	30	pips_40_500-8000.hdf5	both	none
2918.1572	1	Stimulus/S  1	1	29181572	29181580	98	0	20	pips_40_500-8000.hdf5	both	none
2919.2239	1	Stimulus/S  1	1	29192239	29192247	98	1	40	pips_40_500-8000.hdf5	both	none
2920.2799	1	Stimulus/S  1	1	29202799	29202807	98	2	60	pips_40_500-8000.hdf5	both	none
2921.3466	1	Stimulus/S  1	1	29213466	29213474	98	3	70	pips_40_500-8000.hdf5	both	none
2922.4133	1	Stimulus/S  1	1	29224133	29224141	98	4	50	pips_40_500-8000.hdf5	both	none
2923.4586	1	Stimulus/S  1	1	29234586	29234594	98	5	30	pips_40_500-8000.hdf5	both	none
2924.5253	1	Stimulus/S  1	1	29245253	29245261	99	0	20	pips_40_500-8000.hdf5	both	none
2925.592	1	Stimulus/S  1	1	29255920	29255928	99	1	40	pips_40_500-8000.hdf5	both	none
2926.648	1	Stimulus/S  1	1	29266480	29266488	99	2	60	pips_40_500-8000.hdf5	both	none
2927.6933	1	Stimulus/S  1	1	29276933	29276941	99	3	70	pips_40_500-8000.hdf5	both	none
2928.76	1	Stimulus/S  1	1	29287600	29287608	99	4	50	pips_40_500-8000.hdf5	both	none
2929.8267	1	Stimulus/S  1	1	29298267	29298275	99	5	30	pips_40_500-8000.hdf5	both	none
2930.8827	1	Stimulus/S  1	1	29308827	29308835	100	0	20	pips_40_500-8000.hdf5	both	none
2931.928	1	Stimulus/S  1	1	29319280	29319288	100	1	40	pips_40_500-8000.hdf5	both	none
2932.9947	1	Stimulus/S  1	1	29329947	29329955	100	2	60	pips_40_500-8000.hdf5	both	none
2934.0507	1	Stimulus/S  1	1	29340507	29340515	100	3	70	pips_40_500-8000.hdf5	both	none
2935.1174	1	Stimulus/S  1	1	29351174	29351182	100	4	50	pips_40_500-8000.hdf5	both	none
2936.1841	1	Stimulus/S  1	1	29361841	29361849	100	5	30	pips_40_500-8000.hdf5	both	none
2937.2508	1	Stimulus/S  1	1	29372508	29372516	101	0	20	pips_40_500-8000.hdf5	both	none
2938.2961	1	Stimulus/S  1	1	29382961	29382969	101	1	40	pips_40_500-8000.hdf5	both	none
2939.3415	1	Stimulus/S  1	1	29393415	29393423	101	2	60	pips_40_500-8000.hdf5	both	none
2940.4081	1	Stimulus/S  1	1	29404081	29404089	101	3	70	pips_40_500-8000.hdf5	both	none
2941.4641	1	Stimulus/S  1	1	29414641	29414649	101	4	50	pips_40_500-8000.hdf5	both	none
2942.5095	1	Stimulus/S  1	1	29425095	29425103	101	5	30	pips_40_500-8000.hdf5	both	none
2943.5762	1	Stimulus/S  1	1	29435762	29435770	102	0	20	pips_40_500-8000.hdf5	both	none
2944.6322	1	Stimulus/S  1	1	29446322	29446330	102	1	40	pips_40_500-8000.hdf5	both	none
2945.6989	1	Stimulus/S  1	1	29456989	29456997	102	2	60	pips_40_500-8000.hdf5	both	none
2946.7442	1	Stimulus/S  1	1	29467442	29467450	102	3	70	pips_40_500-8000.hdf5	both	none
2947.8002	1	Stimulus/S  1	1	29478002	29478010	102	4	50	pips_40_500-8000.hdf5	both	none
2948.8455	1	Stimulus/S  1	1	29488455	29488463	102	5	30	pips_40_500-8000.hdf5	both	none
2949.9016	1	Stimulus/S  1	1	29499016	29499024	103	0	20	pips_40_500-8000.hdf5	both	none
2950.9682	1	Stimulus/S  1	1	29509682	29509690	103	1	40	pips_40_500-8000.hdf5	both	none
2952.0136	1	Stimulus/S  1	1	29520136	29520144	103	2	60	pips_40_500-8000.hdf5	both	none
2953.0589	1	Stimulus/S  1	1	29530589	29530597	103	3	70	pips_40_500-8000.hdf5	both	none
2954.1149	1	Stimulus/S  1	1	29541149	29541157	103	4	50	pips_40_500-8000.hdf5	both	none
2955.1603	1	Stimulus/S  1	1	29551603	29551611	103	5	30	pips_40_500-8000.hdf5	both	none
2956.2163	1	Stimulus/S  1	1	29562163	29562171	104	0	20	pips_40_500-8000.hdf5	both	none
2957.283	1	Stimulus/S  1	1	29572830	29572838	104	1	40	pips_40_500-8000.hdf5	both	none
2958.3283	1	Stimulus/S  1	1	29583283	29583291	104	2	60	pips_40_500-8000.hdf5	both	none
2959.3843	1	Stimulus/S  1	1	29593843	29593851	104	3	70	pips_40_500-8000.hdf5	both	none
2960.451	1	Stimulus/S  1	1	29604510	29604518	104	4	50	pips_40_500-8000.hdf5	both	none
2961.4963	1	Stimulus/S  1	1	29614963	29614971	104	5	30	pips_40_500-8000.hdf5	both	none
2962.5417	1	Stimulus/S  1	1	29625417	29625425	105	0	20	pips_40_500-8000.hdf5	both	none
2963.6084	1	Stimulus/S  1	1	29636084	29636092	105	1	40	pips_40_500-8000.hdf5	both	none
2964.6644	1	Stimulus/S  1	1	29646644	29646652	105	2	60	pips_40_500-8000.hdf5	both	none
2965.7097	1	Stimulus/S  1	1	29657097	29657105	105	3	70	pips_40_500-8000.hdf5	both	none
2966.7657	1	Stimulus/S  1	1	29667657	29667665	105	4	50	pips_40_500-8000.hdf5	both	none
2967.8111	1	Stimulus/S  1	1	29678111	29678119	105	5	30	pips_40_500-8000.hdf5	both	none
2968.8777	1	Stimulus/S  1	1	29688777	29688785	106	0	20	pips_40_500-8000.hdf5	both	none
2969.9444	1	Stimulus/S  1	1	29699444	29699452	106	1	40	pips_40_500-8000.hdf5	both	none
2971.0111	1	Stimulus/S  1	1	29710111	29710119	106	2	60	pips_40_500-8000.hdf5	both	none
2972.0778	1	Stimulus/S  1	1	29720778	29720786	106	3	70	pips_40_500-8000.hdf5	both	none
2973.1338	1	Stimulus/S  1	1	29731338	29731346	106	4	50	pips_40_500-8000.hdf5	both	none
2974.1791	1	Stimulus/S  1	1	29741791	29741799	106	5	30	pips_40_500-8000.hdf5	both	none
2975.2458	1	Stimulus/S  1	1	29752458	29752466	107	0	20	pips_40_500-8000.hdf5	both	none
2976.3125	1	Stimulus/S  1	1	29763125	29763133	107	1	40	pips_40_500-8000.hdf5	both	none
2977.3792	1	Stimulus/S  1	1	29773792	29773800	107	2	60	pips_40_500-8000.hdf5	both	none
2978.4352	1	Stimulus/S  1	1	29784352	29784360	107	3	70	pips_40_500-8000.hdf5	both	none
2979.5019	1	Stimulus/S  1	1	29795019	29795027	107	4	50	pips_40_500-8000.hdf5	both	none
2980.5685	1	Stimulus/S  1	1	29805685	29805693	107	5	30	pips_40_500-8000.hdf5	both	none
2981.6139	1	Stimulus/S  1	1	29816139	29816147	108	0	20	pips_40_500-8000.hdf5	both	none
2982.6592	1	Stimulus/S  1	1	29826592	29826600	108	1	40	pips_40_500-8000.hdf5	both	none
2983.7259	1	Stimulus/S  1	1	29837259	29837267	108	2	60	pips_40_500-8000.hdf5	both	none
2984.7819	1	Stimulus/S  1	1	29847819	29847827	108	3	70	pips_40_500-8000.hdf5	both	none
2985.8272	1	Stimulus/S  1	1	29858272	29858280	108	4	50	pips_40_500-8000.hdf5	both	none
2986.8939	1	Stimulus/S  1	1	29868939	29868947	108	5	30	pips_40_500-8000.hdf5	both	none
2987.9606	1	Stimulus/S  1	1	29879606	29879614	109	0	20	pips_40_500-8000.hdf5	both	none
2989.0273	1	Stimulus/S  1	1	29890273	29890281	109	1	40	pips_40_500-8000.hdf5	both	none
2990.094	1	Stimulus/S  1	1	29900940	29900948	109	2	60	pips_40_500-8000.hdf5	both	none
2991.15	1	Stimulus/S  1	1	29911500	29911508	109	3	70	pips_40_500-8000.hdf5	both	none
2992.1953	1	Stimulus/S  1	1	29921953	29921961	109	4	50	pips_40_500-8000.hdf5	both	none
2993.2513	1	Stimulus/S  1	1	29932513	29932521	109	5	30	pips_40_500-8000.hdf5	both	none
2994.318	1	Stimulus/S  1	1	29943180	29943188	110	0	20	pips_40_500-8000.hdf5	both	none
2995.3633	1	Stimulus/S  1	1	29953633	29953641	110	1	40	pips_40_500-8000.hdf5	both	none
2996.4087	1	Stimulus/S  1	1	29964087	29964095	110	2	60	pips_40_500-8000.hdf5	both	none
2997.4647	1	Stimulus/S  1	1	29974647	29974655	110	3	70	pips_40_500-8000.hdf5	both	none
2998.5314	1	Stimulus/S  1	1	29985314	29985322	110	4	50	pips_40_500-8000.hdf5	both	none
2999.5767	1	Stimulus/S  1	1	29995767	29995775	110	5	30	pips_40_500-8000.hdf5	both	none
3000.6434	1	Stimulus/S  1	1	30006434	30006442	111	0	20	pips_40_500-8000.hdf5	both	none
3001.7101	1	Stimulus/S  1	1	30017101	30017109	111	1	40	pips_40_500-8000.hdf5	both	none
3002.7661	1	Stimulus/S  1	1	30027661	30027669	111	2	60	pips_40_500-8000.hdf5	both	none
3003.8114	1	Stimulus/S  1	1	30038114	30038122	111	3	70	pips_40_500-8000.hdf5	both	none
3004.8781	1	Stimulus/S  1	1	30048781	30048789	111	4	50	pips_40_500-8000.hdf5	both	none
3005.9448	1	Stimulus/S  1	1	30059448	30059456	111	5	30	pips_40_500-8000.hdf5	both	none
3007.0115	1	Stimulus/S  1	1	30070115	30070123	112	0	20	pips_40_500-8000.hdf5	both	none
3008.0675	1	Stimulus/S  1	1	30080675	30080683	112	1	40	pips_40_500-8000.hdf5	both	none
3009.1128	1	Stimulus/S  1	1	30091128	30091136	112	2	60	pips_40_500-8000.hdf5	both	none
3010.1795	1	Stimulus/S  1	1	30101795	30101803	112	3	70	pips_40_500-8000.hdf5	both	none
3011.2355	1	Stimulus/S  1	1	30112355	30112363	112	4	50	pips_40_500-8000.hdf5	both	none
3012.2808	1	Stimulus/S  1	1	30122808	30122816	112	5	30	pips_40_500-8000.hdf5	both	none
3013.3475	1	Stimulus/S  1	1	30133475	30133483	113	0	20	pips_40_500-8000.hdf5	both	none
3014.4142	1	Stimulus/S  1	1	30144142	30144150	113	1	40	pips_40_500-8000.hdf5	both	none
3015.4595	1	Stimulus/S  1	1	30154595	30154603	113	2	60	pips_40_500-8000.hdf5	both	none
3016.5155	1	Stimulus/S  1	1	30165155	30165163	113	3	70	pips_40_500-8000.hdf5	both	none
3017.5822	1	Stimulus/S  1	1	30175822	30175830	113	4	50	pips_40_500-8000.hdf5	both	none
3018.6489	1	Stimulus/S  1	1	30186489	30186497	113	5	30	pips_40_500-8000.hdf5	both	none
3019.7156	1	Stimulus/S  1	1	30197156	30197164	114	0	20	pips_40_500-8000.hdf5	both	none
3020.7609	1	Stimulus/S  1	1	30207609	30207617	114	1	40	pips_40_500-8000.hdf5	both	none
3021.8169	1	Stimulus/S  1	1	30218169	30218177	114	2	60	pips_40_500-8000.hdf5	both	none
3022.8623	1	Stimulus/S  1	1	30228623	30228631	114	3	70	pips_40_500-8000.hdf5	both	none
3023.929	1	Stimulus/S  1	1	30239290	30239298	114	4	50	pips_40_500-8000.hdf5	both	none
3024.985	1	Stimulus/S  1	1	30249850	30249858	114	5	30	pips_40_500-8000.hdf5	both	none
3026.0303	1	Stimulus/S  1	1	30260303	30260311	115	0	20	pips_40_500-8000.hdf5	both	none
3027.0757	1	Stimulus/S  1	1	30270757	30270765	115	1	40	pips_40_500-8000.hdf5	both	none
3028.153	1	Stimulus/S  1	1	30281530	30281538	115	2	60	pips_40_500-8000.hdf5	both	none
3029.2197	1	Stimulus/S  1	1	30292197	30292205	115	3	70	pips_40_500-8000.hdf5	both	none
3030.265	1	Stimulus/S  1	1	30302650	30302658	115	4	50	pips_40_500-8000.hdf5	both	none
3031.3104	1	Stimulus/S  1	1	30313104	30313112	115	5	30	pips_40_500-8000.hdf5	both	none
3032.3664	1	Stimulus/S  1	1	30323664	30323672	116	0	20	pips_40_500-8000.hdf5	both	none
3033.4117	1	Stimulus/S  1	1	30334117	30334125	116	1	40	pips_40_500-8000.hdf5	both	none
3034.4677	1	Stimulus/S  1	1	30344677	30344685	116	2	60	pips_40_500-8000.hdf5	both	none
3035.5344	1	Stimulus/S  1	1	30355344	30355352	116	3	70	pips_40_500-8000.hdf5	both	none
3036.6011	1	Stimulus/S  1	1	30366011	30366019	116	4	50	pips_40_500-8000.hdf5	both	none
3037.6464	1	Stimulus/S  1	1	30376464	30376472	116	5	30	pips_40_500-8000.hdf5	both	none
3038.7024	1	Stimulus/S  1	1	30387024	30387032	117	0	20	pips_40_500-8000.hdf5	both	none
3039.7691	1	Stimulus/S  1	1	30397691	30397699	117	1	40	pips_40_500-8000.hdf5	both	none
3040.8145	1	Stimulus/S  1	1	30408145	30408153	117	2	60	pips_40_500-8000.hdf5	both	none
3041.8705	1	Stimulus/S  1	1	30418705	30418713	117	3	70	pips_40_500-8000.hdf5	both	none
3042.9158	1	Stimulus/S  1	1	30429158	30429166	117	4	50	pips_40_500-8000.hdf5	both	none
3043.9612	1	Stimulus/S  1	1	30439612	30439620	117	5	30	pips_40_500-8000.hdf5	both	none
3045.0278	1	Stimulus/S  1	1	30450278	30450286	118	0	20	pips_40_500-8000.hdf5	both	none
3046.0945	1	Stimulus/S  1	1	30460945	30460953	118	1	40	pips_40_500-8000.hdf5	both	none
3047.1505	1	Stimulus/S  1	1	30471505	30471513	118	2	60	pips_40_500-8000.hdf5	both	none
3048.1959	1	Stimulus/S  1	1	30481959	30481967	118	3	70	pips_40_500-8000.hdf5	both	none
3049.2625	1	Stimulus/S  1	1	30492625	30492633	118	4	50	pips_40_500-8000.hdf5	both	none
3050.3292	1	Stimulus/S  1	1	30503292	30503300	118	5	30	pips_40_500-8000.hdf5	both	none
3051.3959	1	Stimulus/S  1	1	30513959	30513967	119	0	20	pips_40_500-8000.hdf5	both	none
3052.4519	1	Stimulus/S  1	1	30524519	30524527	119	1	40	pips_40_500-8000.hdf5	both	none
3053.5186	1	Stimulus/S  1	1	30535186	30535194	119	2	60	pips_40_500-8000.hdf5	both	none
3054.5853	1	Stimulus/S  1	1	30545853	30545861	119	3	70	pips_40_500-8000.hdf5	both	none
3055.6519	1	Stimulus/S  1	1	30556519	30556527	119	4	50	pips_40_500-8000.hdf5	both	none
3056.6973	1	Stimulus/S  1	1	30566973	30566981	119	5	30	pips_40_500-8000.hdf5	both	none
3057.7533	1	Stimulus/S  1	1	30577533	30577541	0	0	20	pips_40_500-8000.hdf5	both	none
3058.7986	1	Stimulus/S  1	1	30587986	30587994	0	1	40	pips_40_500-8000.hdf5	both	none
3059.844	1	Stimulus/S  1	1	30598440	30598448	0	2	60	pips_40_500-8000.hdf5	both	none
3060.9107	1	Stimulus/S  1	1	30609107	30609115	0	3	70	pips_40_500-8000.hdf5	both	none
3061.9667	1	Stimulus/S  1	1	30619667	30619675	0	4	50	pips_40_500-8000.hdf5	both	none
3063.012	1	Stimulus/S  1	1	30630120	30630128	0	5	30	pips_40_500-8000.hdf5	both	none
3064.0787	1	Stimulus/S  1	1	30640787	30640795	1	0	20	pips_40_500-8000.hdf5	both	none
3065.1454	1	Stimulus/S  1	1	30651454	30651462	1	1	40	pips_40_500-8000.hdf5	both	none
3066.212	1	Stimulus/S  1	1	30662120	30662128	1	2	60	pips_40_500-8000.hdf5	both	none
3067.2787	1	Stimulus/S  1	1	30672787	30672795	1	3	70	pips_40_500-8000.hdf5	both	none
3068.3454	1	Stimulus/S  1	1	30683454	30683462	1	4	50	pips_40_500-8000.hdf5	both	none
3069.4014	1	Stimulus/S  1	1	30694014	30694022	1	5	30	pips_40_500-8000.hdf5	both	none
3070.4467	1	Stimulus/S  1	1	30704467	30704475	2	0	20	pips_40_500-8000.hdf5	both	none
3071.5028	1	Stimulus/S  1	1	30715028	30715036	2	1	40	pips_40_500-8000.hdf5	both	none
3072.5694	1	Stimulus/S  1	1	30725694	30725702	2	2	60	pips_40_500-8000.hdf5	both	none
3073.6361	1	Stimulus/S  1	1	30736361	30736369	2	3	70	pips_40_500-8000.hdf5	both	none
3074.7028	1	Stimulus/S  1	1	30747028	30747036	2	4	50	pips_40_500-8000.hdf5	both	none
3075.7695	1	Stimulus/S  1	1	30757695	30757703	2	5	30	pips_40_500-8000.hdf5	both	none
3076.8361	1	Stimulus/S  1	1	30768361	30768369	3	0	20	pips_40_500-8000.hdf5	both	none
3077.9028	1	Stimulus/S  1	1	30779028	30779036	3	1	40	pips_40_500-8000.hdf5	both	none
3078.9695	1	Stimulus/S  1	1	30789695	30789703	3	2	60	pips_40_500-8000.hdf5	both	none
3080.0148	1	Stimulus/S  1	1	30800148	30800156	3	3	70	pips_40_500-8000.hdf5	both	none
3081.0602	1	Stimulus/S  1	1	30810602	30810610	3	4	50	pips_40_500-8000.hdf5	both	none
3082.1162	1	Stimulus/S  1	1	30821162	30821170	3	5	30	pips_40_500-8000.hdf5	both	none
3083.1829	1	Stimulus/S  1	1	30831829	30831837	4	0	20	pips_40_500-8000.hdf5	both	none
3084.2495	1	Stimulus/S  1	1	30842495	30842503	4	1	40	pips_40_500-8000.hdf5	both	none
3085.2949	1	Stimulus/S  1	1	30852949	30852957	4	2	60	pips_40_500-8000.hdf5	both	none
3086.3509	1	Stimulus/S  1	1	30863509	30863517	4	3	70	pips_40_500-8000.hdf5	both	none
3087.3962	1	Stimulus/S  1	1	30873962	30873970	4	4	50	pips_40_500-8000.hdf5	both	none
3088.4523	1	Stimulus/S  1	1	30884523	30884531	4	5	30	pips_40_500-8000.hdf5	both	none
3089.5189	1	Stimulus/S  1	1	30895189	30895197	5	0	20	pips_40_500-8000.hdf5	both	none
3090.5856	1	Stimulus/S  1	1	30905856	30905864	5	1	40	pips_40_500-8000.hdf5	both	none
3091.6523	1	Stimulus/S  1	1	30916523	30916531	5	2	60	pips_40_500-8000.hdf5	both	none
3092.719	1	Stimulus/S  1	1	30927190	30927198	5	3	70	pips_40_500-8000.hdf5	both	none
3093.7856	1	Stimulus/S  1	1	30937856	30937864	5	4	50	pips_40_500-8000.hdf5	both	none
3094.8523	1	Stimulus/S  1	1	30948523	30948531	5	5	30	pips_40_500-8000.hdf5	both	none
3095.919	1	Stimulus/S  1	1	30959190	30959198	6	0	20	pips_40_500-8000.hdf5	both	none
3096.9857	1	Stimulus/S  1	1	30969857	30969865	6	1	40	pips_40_500-8000.hdf5	both	none
3098.031	1	Stimulus/S  1	1	30980310	30980318	6	2	60	pips_40_500-8000.hdf5	both	none
3099.087	1	Stimulus/S  1	1	30990870	30990878	6	3	70	pips_40_500-8000.hdf5	both	none
3100.1324	1	Stimulus/S  1	1	31001324	31001332	6	4	50	pips_40_500-8000.hdf5	both	none
3101.199	1	Stimulus/S  1	1	31011990	31011998	6	5	30	pips_40_500-8000.hdf5	both	none
3102.2657	1	Stimulus/S  1	1	31022657	31022665	7	0	20	pips_40_500-8000.hdf5	both	none
3103.3324	1	Stimulus/S  1	1	31033324	31033332	7	1	40	pips_40_500-8000.hdf5	both	none
3104.3991	1	Stimulus/S  1	1	31043991	31043999	7	2	60	pips_40_500-8000.hdf5	both	none
3105.4658	1	Stimulus/S  1	1	31054658	31054666	7	3	70	pips_40_500-8000.hdf5	both	none
3106.5324	1	Stimulus/S  1	1	31065324	31065332	7	4	50	pips_40_500-8000.hdf5	both	none
3107.5778	1	Stimulus/S  1	1	31075778	31075786	7	5	30	pips_40_500-8000.hdf5	both	none
3108.6338	1	Stimulus/S  1	1	31086338	31086346	8	0	20	pips_40_500-8000.hdf5	both	none
3109.6791	1	Stimulus/S  1	1	31096791	31096799	8	1	40	pips_40_500-8000.hdf5	both	none
3110.7351	1	Stimulus/S  1	1	31107351	31107359	8	2	60	pips_40_500-8000.hdf5	both	none
3111.8018	1	Stimulus/S  1	1	31118018	31118026	8	3	70	pips_40_500-8000.hdf5	both	none
3112.8685	1	Stimulus/S  1	1	31128685	31128693	8	4	50	pips_40_500-8000.hdf5	both	none
3113.9138	1	Stimulus/S  1	1	31139138	31139146	8	5	30	pips_40_500-8000.hdf5	both	none
3114.9698	1	Stimulus/S  1	1	31149698	31149706	9	0	20	pips_40_500-8000.hdf5	both	none
3116.0365	1	Stimulus/S  1	1	31160365	31160373	9	1	40	pips_40_500-8000.hdf5	both	none
3117.0819	1	Stimulus/S  1	1	31170819	31170827	9	2	60	pips_40_500-8000.hdf5	both	none
3118.1272	1	Stimulus/S  1	1	31181272	31181280	9	3	70	pips_40_500-8000.hdf5	both	none
3119.1832	1	Stimulus/S  1	1	31191832	31191840	9	4	50	pips_40_500-8000.hdf5	both	none
3120.2286	1	Stimulus/S  1	1	31202286	31202294	9	5	30	pips_40_500-8000.hdf5	both	none
3121.2846	1	Stimulus/S  1	1	31212846	31212854	10	0	20	pips_40_500-8000.hdf5	both	none
3122.3513	1	Stimulus/S  1	1	31223513	31223521	10	1	40	pips_40_500-8000.hdf5	both	none
3123.4179	1	Stimulus/S  1	1	31234179	31234187	10	2	60	pips_40_500-8000.hdf5	both	none
3124.4633	1	Stimulus/S  1	1	31244633	31244641	10	3	70	pips_40_500-8000.hdf5	both	none
3125.5193	1	Stimulus/S  1	1	31255193	31255201	10	4	50	pips_40_500-8000.hdf5	both	none
3126.5646	1	Stimulus/S  1	1	31265646	31265654	10	5	30	pips_40_500-8000.hdf5	both	none
3127.6313	1	Stimulus/S  1	1	31276313	31276321	11	0	20	pips_40_500-8000.hdf5	both	none
3128.698	1	Stimulus/S  1	1	31286980	31286988	11	1	40	pips_40_500-8000.hdf5	both	none
3129.754	1	Stimulus/S  1	1	31297540	31297548	11	2	60	pips_40_500-8000.hdf5	both	none
3130.7993	1	Stimulus/S  1	1	31307993	31308001	11	3	70	pips_40_500-8000.hdf5	both	none
3131.866	1	Stimulus/S  1	1	31318660	31318668	11	4	50	pips_40_500-8000.hdf5	both	none
3132.9114	1	Stimulus/S  1	1	31329114	31329122	11	5	30	pips_40_500-8000.hdf5	both	none
3133.978	1	Stimulus/S  1	1	31339780	31339788	12	0	20	pips_40_500-8000.hdf5	both	none
3135.0447	1	Stimulus/S  1	1	31350447	31350455	12	1	40	pips_40_500-8000.hdf5	both	none
3136.1007	1	Stimulus/S  1	1	31361007	31361015	12	2	60	pips_40_500-8000.hdf5	both	none
3137.1674	1	Stimulus/S  1	1	31371674	31371682	12	3	70	pips_40_500-8000.hdf5	both	none
3138.2341	1	Stimulus/S  1	1	31382341	31382349	12	4	50	pips_40_500-8000.hdf5	both	none
3139.2794	1	Stimulus/S  1	1	31392794	31392802	12	5	30	pips_40_500-8000.hdf5	both	none
3140.3461	1	Stimulus/S  1	1	31403461	31403469	13	0	20	pips_40_500-8000.hdf5	both	none
3141.4021	1	Stimulus/S  1	1	31414021	31414029	13	1	40	pips_40_500-8000.hdf5	both	none
3142.4475	1	Stimulus/S  1	1	31424475	31424483	13	2	60	pips_40_500-8000.hdf5	both	none
3143.5035	1	Stimulus/S  1	1	31435035	31435043	13	3	70	pips_40_500-8000.hdf5	both	none
3144.5701	1	Stimulus/S  1	1	31445701	31445709	13	4	50	pips_40_500-8000.hdf5	both	none
3145.6368	1	Stimulus/S  1	1	31456368	31456376	13	5	30	pips_40_500-8000.hdf5	both	none
3146.6822	1	Stimulus/S  1	1	31466822	31466830	14	0	20	pips_40_500-8000.hdf5	both	none
3147.7382	1	Stimulus/S  1	1	31477382	31477390	14	1	40	pips_40_500-8000.hdf5	both	none
3148.8048	1	Stimulus/S  1	1	31488048	31488056	14	2	60	pips_40_500-8000.hdf5	both	none
3149.8502	1	Stimulus/S  1	1	31498502	31498510	14	3	70	pips_40_500-8000.hdf5	both	none
3150.8955	1	Stimulus/S  1	1	31508955	31508963	14	4	50	pips_40_500-8000.hdf5	both	none
3151.9622	1	Stimulus/S  1	1	31519622	31519630	14	5	30	pips_40_500-8000.hdf5	both	none
3153.0289	1	Stimulus/S  1	1	31530289	31530297	15	0	20	pips_40_500-8000.hdf5	both	none
3154.0956	1	Stimulus/S  1	1	31540956	31540964	15	1	40	pips_40_500-8000.hdf5	both	none
3155.1516	1	Stimulus/S  1	1	31551516	31551524	15	2	60	pips_40_500-8000.hdf5	both	none
3156.1969	1	Stimulus/S  1	1	31561969	31561977	15	3	70	pips_40_500-8000.hdf5	both	none
3157.2529	1	Stimulus/S  1	1	31572529	31572537	15	4	50	pips_40_500-8000.hdf5	both	none
3158.2983	1	Stimulus/S  1	1	31582983	31582991	15	5	30	pips_40_500-8000.hdf5	both	none
3159.3649	1	Stimulus/S  1	1	31593649	31593657	16	0	20	pips_40_500-8000.hdf5	both	none
3160.421	1	Stimulus/S  1	1	31604210	31604218	16	1	40	pips_40_500-8000.hdf5	both	none
3161.4663	1	Stimulus/S  1	1	31614663	31614671	16	2	60	pips_40_500-8000.hdf5	both	none
3162.5116	1	Stimulus/S  1	1	31625116	31625124	16	3	70	pips_40_500-8000.hdf5	both	none
3163.5783	1	Stimulus/S  1	1	31635783	31635791	16	4	50	pips_40_500-8000.hdf5	both	none
3164.645	1	Stimulus/S  1	1	31646450	31646458	16	5	30	pips_40_500-8000.hdf5	both	none
3165.701	1	Stimulus/S  1	1	31657010	31657018	17	0	20	pips_40_500-8000.hdf5	both	none
3166.7464	1	Stimulus/S  1	1	31667464	31667472	17	1	40	pips_40_500-8000.hdf5	both	none
3167.8024	1	Stimulus/S  1	1	31678024	31678032	17	2	60	pips_40_500-8000.hdf5	both	none
3168.869	1	Stimulus/S  1	1	31688690	31688698	17	3	70	pips_40_500-8000.hdf5	both	none
3169.9357	1	Stimulus/S  1	1	31699357	31699365	17	4	50	pips_40_500-8000.hdf5	both	none
3171.0024	1	Stimulus/S  1	1	31710024	31710032	17	5	30	pips_40_500-8000.hdf5	both	none
3172.0691	1	Stimulus/S  1	1	31720691	31720699	18	0	20	pips_40_500-8000.hdf5	both	none
3173.1144	1	Stimulus/S  1	1	31731144	31731152	18	1	40	pips_40_500-8000.hdf5	both	none
3174.1704	1	Stimulus/S  1	1	31741704	31741712	18	2	60	pips_40_500-8000.hdf5	both	none
3175.2158	1	Stimulus/S  1	1	31752158	31752166	18	3	70	pips_40_500-8000.hdf5	both	none
3176.2824	1	Stimulus/S  1	1	31762824	31762832	18	4	50	pips_40_500-8000.hdf5	both	none
3177.3491	1	Stimulus/S  1	1	31773491	31773499	18	5	30	pips_40_500-8000.hdf5	both	none
3178.4051	1	Stimulus/S  1	1	31784051	31784059	19	0	20	pips_40_500-8000.hdf5	both	none
3179.4505	1	Stimulus/S  1	1	31794505	31794513	19	1	40	pips_40_500-8000.hdf5	both	none
3180.4958	1	Stimulus/S  1	1	31804958	31804966	19	2	60	pips_40_500-8000.hdf5	both	none
3181.5518	1	Stimulus/S  1	1	31815518	31815526	19	3	70	pips_40_500-8000.hdf5	both	none
3182.6185	1	Stimulus/S  1	1	31826185	31826193	19	4	50	pips_40_500-8000.hdf5	both	none
3183.6639	1	Stimulus/S  1	1	31836639	31836647	19	5	30	pips_40_500-8000.hdf5	both	none
3184.7199	1	Stimulus/S  1	1	31847199	31847207	20	0	20	pips_40_500-8000.hdf5	both	none
3185.7865	1	Stimulus/S  1	1	31857865	31857873	20	1	40	pips_40_500-8000.hdf5	both	none
3186.8319	1	Stimulus/S  1	1	31868319	31868327	20	2	60	pips_40_500-8000.hdf5	both	none
3187.8879	1	Stimulus/S  1	1	31878879	31878887	20	3	70	pips_40_500-8000.hdf5	both	none
3188.9332	1	Stimulus/S  1	1	31889332	31889340	20	4	50	pips_40_500-8000.hdf5	both	none
3189.9786	1	Stimulus/S  1	1	31899786	31899794	20	5	30	pips_40_500-8000.hdf5	both	none
3191.0559	1	Stimulus/S  1	1	31910559	31910567	21	0	20	pips_40_500-8000.hdf5	both	none
3192.1013	1	Stimulus/S  1	1	31921013	31921021	21	1	40	pips_40_500-8000.hdf5	both	none
3193.1466	1	Stimulus/S  1	1	31931466	31931474	21	2	60	pips_40_500-8000.hdf5	both	none
3194.2026	1	Stimulus/S  1	1	31942026	31942034	21	3	70	pips_40_500-8000.hdf5	both	none
3195.2693	1	Stimulus/S  1	1	31952693	31952701	21	4	50	pips_40_500-8000.hdf5	both	none
3196.3146	1	Stimulus/S  1	1	31963146	31963154	21	5	30	pips_40_500-8000.hdf5	both	none
3197.3707	1	Stimulus/S  1	1	31973707	31973715	22	0	20	pips_40_500-8000.hdf5	both	none
3198.4373	1	Stimulus/S  1	1	31984373	31984381	22	1	40	pips_40_500-8000.hdf5	both	none
3199.504	1	Stimulus/S  1	1	31995040	31995048	22	2	60	pips_40_500-8000.hdf5	both	none
3200.5494	1	Stimulus/S  1	1	32005494	32005502	22	3	70	pips_40_500-8000.hdf5	both	none
3201.6054	1	Stimulus/S  1	1	32016054	32016062	22	4	50	pips_40_500-8000.hdf5	both	none
3202.672	1	Stimulus/S  1	1	32026720	32026728	22	5	30	pips_40_500-8000.hdf5	both	none
3203.7387	1	Stimulus/S  1	1	32037387	32037395	23	0	20	pips_40_500-8000.hdf5	both	none
3204.7841	1	Stimulus/S  1	1	32047841	32047849	23	1	40	pips_40_500-8000.hdf5	both	none
3205.8294	1	Stimulus/S  1	1	32058294	32058302	23	2	60	pips_40_500-8000.hdf5	both	none
3206.8854	1	Stimulus/S  1	1	32068854	32068862	23	3	70	pips_40_500-8000.hdf5	both	none
3207.9521	1	Stimulus/S  1	1	32079521	32079529	23	4	50	pips_40_500-8000.hdf5	both	none
3209.0188	1	Stimulus/S  1	1	32090188	32090196	23	5	30	pips_40_500-8000.hdf5	both	none
3210.0641	1	Stimulus/S  1	1	32100641	32100649	24	0	20	pips_40_500-8000.hdf5	both	none
3211.1308	1	Stimulus/S  1	1	32111308	32111316	24	1	40	pips_40_500-8000.hdf5	both	none
3212.1975	1	Stimulus/S  1	1	32121975	32121983	24	2	60	pips_40_500-8000.hdf5	both	none
3213.2535	1	Stimulus/S  1	1	32132535	32132543	24	3	70	pips_40_500-8000.hdf5	both	none
3214.2988	1	Stimulus/S  1	1	32142988	32142996	24	4	50	pips_40_500-8000.hdf5	both	none
3215.3548	1	Stimulus/S  1	1	32153548	32153556	24	5	30	pips_40_500-8000.hdf5	both	none
3216.4215	1	Stimulus/S  1	1	32164215	32164223	25	0	20	pips_40_500-8000.hdf5	both	none
3217.4669	1	Stimulus/S  1	1	32174669	32174677	25	1	40	pips_40_500-8000.hdf5	both	none
3218.5229	1	Stimulus/S  1	1	32185229	32185237	25	2	60	pips_40_500-8000.hdf5	both	none
3219.5895	1	Stimulus/S  1	1	32195895	32195903	25	3	70	pips_40_500-8000.hdf5	both	none
3220.6562	1	Stimulus/S  1	1	32206562	32206570	25	4	50	pips_40_500-8000.hdf5	both	none
3221.7229	1	Stimulus/S  1	1	32217229	32217237	25	5	30	pips_40_500-8000.hdf5	both	none
3222.7682	1	Stimulus/S  1	1	32227682	32227690	26	0	20	pips_40_500-8000.hdf5	both	none
3223.8136	1	Stimulus/S  1	1	32238136	32238144	26	1	40	pips_40_500-8000.hdf5	both	none
3224.8696	1	Stimulus/S  1	1	32248696	32248704	26	2	60	pips_40_500-8000.hdf5	both	none
3225.9363	1	Stimulus/S  1	1	32259363	32259371	26	3	70	pips_40_500-8000.hdf5	both	none
3227.0029	1	Stimulus/S  1	1	32270029	32270037	26	4	50	pips_40_500-8000.hdf5	both	none
3228.0483	1	Stimulus/S  1	1	32280483	32280491	26	5	30	pips_40_500-8000.hdf5	both	none
3229.1043	1	Stimulus/S  1	1	32291043	32291051	27	0	20	pips_40_500-8000.hdf5	both	none
3230.171	1	Stimulus/S  1	1	32301710	32301718	27	1	40	pips_40_500-8000.hdf5	both	none
3231.2377	1	Stimulus/S  1	1	32312377	32312385	27	2	60	pips_40_500-8000.hdf5	both	none
3232.283	1	Stimulus/S  1	1	32322830	32322838	27	3	70	pips_40_500-8000.hdf5	both	none
3233.339	1	Stimulus/S  1	1	32333390	32333398	27	4	50	pips_40_500-8000.hdf5	both	none
3234.3844	1	Stimulus/S  1	1	32343844	32343852	27	5	30	pips_40_500-8000.hdf5	both	none
3235.451	1	Stimulus/S  1	1	32354510	32354518	28	0	20	pips_40_500-8000.hdf5	both	none
3236.4964	1	Stimulus/S  1	1	32364964	32364972	28	1	40	pips_40_500-8000.hdf5	both	none
3237.5524	1	Stimulus/S  1	1	32375524	32375532	28	2	60	pips_40_500-8000.hdf5	both	none
3238.5977	1	Stimulus/S  1	1	32385977	32385985	28	3	70	pips_40_500-8000.hdf5	both	none
3239.6644	1	Stimulus/S  1	1	32396644	32396652	28	4	50	pips_40_500-8000.hdf5	both	none
3240.7311	1	Stimulus/S  1	1	32407311	32407319	28	5	30	pips_40_500-8000.hdf5	both	none
3241.7978	1	Stimulus/S  1	1	32417978	32417986	29	0	20	pips_40_500-8000.hdf5	both	none
3242.8538	1	Stimulus/S  1	1	32428538	32428546	29	1	40	pips_40_500-8000.hdf5	both	none
3243.9204	1	Stimulus/S  1	1	32439204	32439212	29	2	60	pips_40_500-8000.hdf5	both	none
3244.9871	1	Stimulus/S  1	1	32449871	32449879	29	3	70	pips_40_500-8000.hdf5	both	none
3246.0538	1	Stimulus/S  1	1	32460538	32460546	29	4	50	pips_40_500-8000.hdf5	both	none
3247.1205	1	Stimulus/S  1	1	32471205	32471213	29	5	30	pips_40_500-8000.hdf5	both	none
3248.1658	1	Stimulus/S  1	1	32481658	32481666	30	0	20	pips_40_500-8000.hdf5	both	none
3249.2325	1	Stimulus/S  1	1	32492325	32492333	30	1	40	pips_40_500-8000.hdf5	both	none
3250.2992	1	Stimulus/S  1	1	32502992	32503000	30	2	60	pips_40_500-8000.hdf5	both	none
3251.3659	1	Stimulus/S  1	1	32513659	32513667	30	3	70	pips_40_500-8000.hdf5	both	none
3252.4219	1	Stimulus/S  1	1	32524219	32524227	30	4	50	pips_40_500-8000.hdf5	both	none
3253.4672	1	Stimulus/S  1	1	32534672	32534680	30	5	30	pips_40_500-8000.hdf5	both	none
3254.5232	1	Stimulus/S  1	1	32545232	32545240	31	0	20	pips_40_500-8000.hdf5	both	none
3255.5686	1	Stimulus/S  1	1	32555686	32555694	31	1	40	pips_40_500-8000.hdf5	both	none
3256.6352	1	Stimulus/S  1	1	32566352	32566360	31	2	60	pips_40_500-8000.hdf5	both	none
3257.6806	1	Stimulus/S  1	1	32576806	32576814	31	3	70	pips_40_500-8000.hdf5	both	none
3258.7366	1	Stimulus/S  1	1	32587366	32587374	31	4	50	pips_40_500-8000.hdf5	both	none
3259.8033	1	Stimulus/S  1	1	32598033	32598041	31	5	30	pips_40_500-8000.hdf5	both	none
3260.8699	1	Stimulus/S  1	1	32608699	32608707	32	0	20	pips_40_500-8000.hdf5	both	none
3261.9366	1	Stimulus/S  1	1	32619366	32619374	32	1	40	pips_40_500-8000.hdf5	both	none
3263.0033	1	Stimulus/S  1	1	32630033	32630041	32	2	60	pips_40_500-8000.hdf5	both	none
3264.07	1	Stimulus/S  1	1	32640700	32640708	32	3	70	pips_40_500-8000.hdf5	both	none
3265.1153	1	Stimulus/S  1	1	32651153	32651161	32	4	50	pips_40_500-8000.hdf5	both	none
3266.182	1	Stimulus/S  1	1	32661820	32661828	32	5	30	pips_40_500-8000.hdf5	both	none
3267.2487	1	Stimulus/S  1	1	32672487	32672495	33	0	20	pips_40_500-8000.hdf5	both	none
3268.3154	1	Stimulus/S  1	1	32683154	32683162	33	1	40	pips_40_500-8000.hdf5	both	none
3269.3714	1	Stimulus/S  1	1	32693714	32693722	33	2	60	pips_40_500-8000.hdf5	both	none
3270.438	1	Stimulus/S  1	1	32704380	32704388	33	3	70	pips_40_500-8000.hdf5	both	none
3271.5047	1	Stimulus/S  1	1	32715047	32715055	33	4	50	pips_40_500-8000.hdf5	both	none
3272.5714	1	Stimulus/S  1	1	32725714	32725722	33	5	30	pips_40_500-8000.hdf5	both	none
3273.6167	1	Stimulus/S  1	1	32736167	32736175	34	0	20	pips_40_500-8000.hdf5	both	none
3274.6727	1	Stimulus/S  1	1	32746727	32746735	34	1	40	pips_40_500-8000.hdf5	both	none
3275.7181	1	Stimulus/S  1	1	32757181	32757189	34	2	60	pips_40_500-8000.hdf5	both	none
3276.7848	1	Stimulus/S  1	1	32767848	32767856	34	3	70	pips_40_500-8000.hdf5	both	none
3277.8514	1	Stimulus/S  1	1	32778514	32778522	34	4	50	pips_40_500-8000.hdf5	both	none
3278.9075	1	Stimulus/S  1	1	32789075	32789083	34	5	30	pips_40_500-8000.hdf5	both	none
3279.9528	1	Stimulus/S  1	1	32799528	32799536	35	0	20	pips_40_500-8000.hdf5	both	none
3280.9981	1	Stimulus/S  1	1	32809981	32809989	35	1	40	pips_40_500-8000.hdf5	both	none
3282.0648	1	Stimulus/S  1	1	32820648	32820656	35	2	60	pips_40_500-8000.hdf5	both	none
3283.1315	1	Stimulus/S  1	1	32831315	32831323	35	3	70	pips_40_500-8000.hdf5	both	none
3284.1875	1	Stimulus/S  1	1	32841875	32841883	35	4	50	pips_40_500-8000.hdf5	both	none
3285.2329	1	Stimulus/S  1	1	32852329	32852337	35	5	30	pips_40_500-8000.hdf5	both	none
3286.2889	1	Stimulus/S  1	1	32862889	32862897	36	0	20	pips_40_500-8000.hdf5	both	none
3287.3342	1	Stimulus/S  1	1	32873342	32873350	36	1	40	pips_40_500-8000.hdf5	both	none
3288.4009	1	Stimulus/S  1	1	32884009	32884017	36	2	60	pips_40_500-8000.hdf5	both	none
3289.4676	1	Stimulus/S  1	1	32894676	32894684	36	3	70	pips_40_500-8000.hdf5	both	none
3290.5236	1	Stimulus/S  1	1	32905236	32905244	36	4	50	pips_40_500-8000.hdf5	both	none
3291.5689	1	Stimulus/S  1	1	32915689	32915697	36	5	30	pips_40_500-8000.hdf5	both	none
3292.6143	1	Stimulus/S  1	1	32926143	32926151	37	0	20	pips_40_500-8000.hdf5	both	none
3293.6809	1	Stimulus/S  1	1	32936809	32936817	37	1	40	pips_40_500-8000.hdf5	both	none
3294.7476	1	Stimulus/S  1	1	32947476	32947484	37	2	60	pips_40_500-8000.hdf5	both	none
3295.8143	1	Stimulus/S  1	1	32958143	32958151	37	3	70	pips_40_500-8000.hdf5	both	none
3296.8703	1	Stimulus/S  1	1	32968703	32968711	37	4	50	pips_40_500-8000.hdf5	both	none
3297.9156	1	Stimulus/S  1	1	32979156	32979164	37	5	30	pips_40_500-8000.hdf5	both	none
3298.9717	1	Stimulus/S  1	1	32989717	32989725	38	0	20	pips_40_500-8000.hdf5	both	none
3300.0383	1	Stimulus/S  1	1	33000383	33000391	38	1	40	pips_40_500-8000.hdf5	both	none
3301.0837	1	Stimulus/S  1	1	33010837	33010845	38	2	60	pips_40_500-8000.hdf5	both	none
3302.1504	1	Stimulus/S  1	1	33021504	33021512	38	3	70	pips_40_500-8000.hdf5	both	none
3303.2064	1	Stimulus/S  1	1	33032064	33032072	38	4	50	pips_40_500-8000.hdf5	both	none
3304.2517	1	Stimulus/S  1	1	33042517	33042525	38	5	30	pips_40_500-8000.hdf5	both	none
3305.297	1	Stimulus/S  1	1	33052970	33052978	39	0	20	pips_40_500-8000.hdf5	both	none
3306.3531	1	Stimulus/S  1	1	33063531	33063539	39	1	40	pips_40_500-8000.hdf5	both	none
3307.3984	1	Stimulus/S  1	1	33073984	33073992	39	2	60	pips_40_500-8000.hdf5	both	none
3308.4651	1	Stimulus/S  1	1	33084651	33084659	39	3	70	pips_40_500-8000.hdf5	both	none
3309.5211	1	Stimulus/S  1	1	33095211	33095219	39	4	50	pips_40_500-8000.hdf5	both	none
3310.5664	1	Stimulus/S  1	1	33105664	33105672	39	5	30	pips_40_500-8000.hdf5	both	none
3311.6331	1	Stimulus/S  1	1	33116331	33116339	40	0	20	pips_40_500-8000.hdf5	both	none
3312.6998	1	Stimulus/S  1	1	33126998	33127006	40	1	40	pips_40_500-8000.hdf5	both	none
3313.7558	1	Stimulus/S  1	1	33137558	33137566	40	2	60	pips_40_500-8000.hdf5	both	none
3314.8011	1	Stimulus/S  1	1	33148011	33148019	40	3	70	pips_40_500-8000.hdf5	both	none
3315.8572	1	Stimulus/S  1	1	33158572	33158580	40	4	50	pips_40_500-8000.hdf5	both	none
3316.9238	1	Stimulus/S  1	1	33169238	33169246	40	5	30	pips_40_500-8000.hdf5	both	none
3317.9905	1	Stimulus/S  1	1	33179905	33179913	41	0	20	pips_40_500-8000.hdf5	both	none
3319.0572	1	Stimulus/S  1	1	33190572	33190580	41	1	40	pips_40_500-8000.hdf5	both	none
3320.1025	1	Stimulus/S  1	1	33201025	33201033	41	2	60	pips_40_500-8000.hdf5	both	none
3321.1479	1	Stimulus/S  1	1	33211479	33211487	41	3	70	pips_40_500-8000.hdf5	both	none
3322.2145	1	Stimulus/S  1	1	33222145	33222153	41	4	50	pips_40_500-8000.hdf5	both	none
3323.2812	1	Stimulus/S  1	1	33232812	33232820	41	5	30	pips_40_500-8000.hdf5	both	none
3324.3479	1	Stimulus/S  1	1	33243479	33243487	42	0	20	pips_40_500-8000.hdf5	both	none
3325.4039	1	Stimulus/S  1	1	33254039	33254047	42	1	40	pips_40_500-8000.hdf5	both	none
3326.4493	1	Stimulus/S  1	1	33264493	33264501	42	2	60	pips_40_500-8000.hdf5	both	none
3327.5159	1	Stimulus/S  1	1	33275159	33275167	42	3	70	pips_40_500-8000.hdf5	both	none
3328.5826	1	Stimulus/S  1	1	33285826	33285834	42	4	50	pips_40_500-8000.hdf5	both	none
3329.6386	1	Stimulus/S  1	1	33296386	33296394	42	5	30	pips_40_500-8000.hdf5	both	none
3330.684	1	Stimulus/S  1	1	33306840	33306848	43	0	20	pips_40_500-8000.hdf5	both	none
3331.7506	1	Stimulus/S  1	1	33317506	33317514	43	1	40	pips_40_500-8000.hdf5	both	none
3332.8173	1	Stimulus/S  1	1	33328173	33328181	43	2	60	pips_40_500-8000.hdf5	both	none
3333.8733	1	Stimulus/S  1	1	33338733	33338741	43	3	70	pips_40_500-8000.hdf5	both	none
3334.9187	1	Stimulus/S  1	1	33349187	33349195	43	4	50	pips_40_500-8000.hdf5	both	none
3335.9853	1	Stimulus/S  1	1	33359853	33359861	43	5	30	pips_40_500-8000.hdf5	both	none
3337.0414	1	Stimulus/S  1	1	33370414	33370422	44	0	20	pips_40_500-8000.hdf5	both	none
3338.0867	1	Stimulus/S  1	1	33380867	33380875	44	1	40	pips_40_500-8000.hdf5	both	none
3339.132	1	Stimulus/S  1	1	33391320	33391328	44	2	60	pips_40_500-8000.hdf5	both	none
3340.1987	1	Stimulus/S  1	1	33401987	33401995	44	3	70	pips_40_500-8000.hdf5	both	none
3341.2547	1	Stimulus/S  1	1	33412547	33412555	44	4	50	pips_40_500-8000.hdf5	both	none
3342.3001	1	Stimulus/S  1	1	33423001	33423009	44	5	30	pips_40_500-8000.hdf5	both	none
3343.3668	1	Stimulus/S  1	1	33433668	33433676	45	0	20	pips_40_500-8000.hdf5	both	none
3344.4334	1	Stimulus/S  1	1	33444334	33444342	45	1	40	pips_40_500-8000.hdf5	both	none
3345.5001	1	Stimulus/S  1	1	33455001	33455009	45	2	60	pips_40_500-8000.hdf5	both	none
3346.5668	1	Stimulus/S  1	1	33465668	33465676	45	3	70	pips_40_500-8000.hdf5	both	none
3347.6228	1	Stimulus/S  1	1	33476228	33476236	45	4	50	pips_40_500-8000.hdf5	both	none
3348.6681	1	Stimulus/S  1	1	33486681	33486689	45	5	30	pips_40_500-8000.hdf5	both	none
3349.7348	1	Stimulus/S  1	1	33497348	33497356	46	0	20	pips_40_500-8000.hdf5	both	none
3350.8015	1	Stimulus/S  1	1	33508015	33508023	46	1	40	pips_40_500-8000.hdf5	both	none
3351.8682	1	Stimulus/S  1	1	33518682	33518690	46	2	60	pips_40_500-8000.hdf5	both	none
3352.9242	1	Stimulus/S  1	1	33529242	33529250	46	3	70	pips_40_500-8000.hdf5	both	none
3353.9695	1	Stimulus/S  1	1	33539695	33539703	46	4	50	pips_40_500-8000.hdf5	both	none
3355.0149	1	Stimulus/S  1	1	33550149	33550157	46	5	30	pips_40_500-8000.hdf5	both	none
3356.0922	1	Stimulus/S  1	1	33560922	33560930	47	0	20	pips_40_500-8000.hdf5	both	none
3357.1376	1	Stimulus/S  1	1	33571376	33571384	47	1	40	pips_40_500-8000.hdf5	both	none
3358.1829	1	Stimulus/S  1	1	33581829	33581837	47	2	60	pips_40_500-8000.hdf5	both	none
3359.2496	1	Stimulus/S  1	1	33592496	33592504	47	3	70	pips_40_500-8000.hdf5	both	none
3360.3163	1	Stimulus/S  1	1	33603163	33603171	47	4	50	pips_40_500-8000.hdf5	both	none
3361.3829	1	Stimulus/S  1	1	33613829	33613837	47	5	30	pips_40_500-8000.hdf5	both	none
3362.4389	1	Stimulus/S  1	1	33624389	33624397	48	0	20	pips_40_500-8000.hdf5	both	none
3363.5056	1	Stimulus/S  1	1	33635056	33635064	48	1	40	pips_40_500-8000.hdf5	both	none
3364.5723	1	Stimulus/S  1	1	33645723	33645731	48	2	60	pips_40_500-8000.hdf5	both	none
3365.6176	1	Stimulus/S  1	1	33656176	33656184	48	3	70	pips_40_500-8000.hdf5	both	none
3366.6737	1	Stimulus/S  1	1	33666737	33666745	48	4	50	pips_40_500-8000.hdf5	both	none
3367.719	1	Stimulus/S  1	1	33677190	33677198	48	5	30	pips_40_500-8000.hdf5	both	none
3368.775	1	Stimulus/S  1	1	33687750	33687758	49	0	20	pips_40_500-8000.hdf5	both	none
3369.8417	1	Stimulus/S  1	1	33698417	33698425	49	1	40	pips_40_500-8000.hdf5	both	none
3370.887	1	Stimulus/S  1	1	33708870	33708878	49	2	60	pips_40_500-8000.hdf5	both	none
3371.9324	1	Stimulus/S  1	1	33719324	33719332	49	3	70	pips_40_500-8000.hdf5	both	none
3372.9884	1	Stimulus/S  1	1	33729884	33729892	49	4	50	pips_40_500-8000.hdf5	both	none
3374.0551	1	Stimulus/S  1	1	33740551	33740559	49	5	30	pips_40_500-8000.hdf5	both	none
3375.1217	1	Stimulus/S  1	1	33751217	33751225	50	0	20	pips_40_500-8000.hdf5	both	none
3376.1671	1	Stimulus/S  1	1	33761671	33761679	50	1	40	pips_40_500-8000.hdf5	both	none
3377.2231	1	Stimulus/S  1	1	33772231	33772239	50	2	60	pips_40_500-8000.hdf5	both	none
3378.2684	1	Stimulus/S  1	1	33782684	33782692	50	3	70	pips_40_500-8000.hdf5	both	none
3379.3244	1	Stimulus/S  1	1	33793244	33793252	50	4	50	pips_40_500-8000.hdf5	both	none
3380.3911	1	Stimulus/S  1	1	33803911	33803919	50	5	30	pips_40_500-8000.hdf5	both	none
3381.4365	1	Stimulus/S  1	1	33814365	33814373	51	0	20	pips_40_500-8000.hdf5	both	none
3382.4925	1	Stimulus/S  1	1	33824925	33824933	51	1	40	pips_40_500-8000.hdf5	both	none
3383.5378	1	Stimulus/S  1	1	33835378	33835386	51	2	60	pips_40_500-8000.hdf5	both	none
3384.5832	1	Stimulus/S  1	1	33845832	33845840	51	3	70	pips_40_500-8000.hdf5	both	none
3385.6392	1	Stimulus/S  1	1	33856392	33856400	51	4	50	pips_40_500-8000.hdf5	both	none
3386.7058	1	Stimulus/S  1	1	33867058	33867066	51	5	30	pips_40_500-8000.hdf5	both	none
3387.7512	1	Stimulus/S  1	1	33877512	33877520	52	0	20	pips_40_500-8000.hdf5	both	none
3388.8179	1	Stimulus/S  1	1	33888179	33888187	52	1	40	pips_40_500-8000.hdf5	both	none
3389.8739	1	Stimulus/S  1	1	33898739	33898747	52	2	60	pips_40_500-8000.hdf5	both	none
3390.9192	1	Stimulus/S  1	1	33909192	33909200	52	3	70	pips_40_500-8000.hdf5	both	none
3391.9752	1	Stimulus/S  1	1	33919752	33919760	52	4	50	pips_40_500-8000.hdf5	both	none
3393.0419	1	Stimulus/S  1	1	33930419	33930427	52	5	30	pips_40_500-8000.hdf5	both	none
3394.1086	1	Stimulus/S  1	1	33941086	33941094	53	0	20	pips_40_500-8000.hdf5	both	none
3395.1539	1	Stimulus/S  1	1	33951539	33951547	53	1	40	pips_40_500-8000.hdf5	both	none
3396.1993	1	Stimulus/S  1	1	33961993	33962001	53	2	60	pips_40_500-8000.hdf5	both	none
3397.266	1	Stimulus/S  1	1	33972660	33972668	53	3	70	pips_40_500-8000.hdf5	both	none
3398.322	1	Stimulus/S  1	1	33983220	33983228	53	4	50	pips_40_500-8000.hdf5	both	none
3399.3673	1	Stimulus/S  1	1	33993673	33993681	53	5	30	pips_40_500-8000.hdf5	both	none
3400.4233	1	Stimulus/S  1	1	34004233	34004241	54	0	20	pips_40_500-8000.hdf5	both	none
3401.49	1	Stimulus/S  1	1	34014900	34014908	54	1	40	pips_40_500-8000.hdf5	both	none
3402.5567	1	Stimulus/S  1	1	34025567	34025575	54	2	60	pips_40_500-8000.hdf5	both	none
3403.6233	1	Stimulus/S  1	1	34036233	34036241	54	3	70	pips_40_500-8000.hdf5	both	none
3404.6687	1	Stimulus/S  1	1	34046687	34046695	54	4	50	pips_40_500-8000.hdf5	both	none
3405.7247	1	Stimulus/S  1	1	34057247	34057255	54	5	30	pips_40_500-8000.hdf5	both	none
3406.7914	1	Stimulus/S  1	1	34067914	34067922	55	0	20	pips_40_500-8000.hdf5	both	none
3407.8581	1	Stimulus/S  1	1	34078581	34078589	55	1	40	pips_40_500-8000.hdf5	both	none
3408.9034	1	Stimulus/S  1	1	34089034	34089042	55	2	60	pips_40_500-8000.hdf5	both	none
3409.9594	1	Stimulus/S  1	1	34099594	34099602	55	3	70	pips_40_500-8000.hdf5	both	none
3411.0261	1	Stimulus/S  1	1	34110261	34110269	55	4	50	pips_40_500-8000.hdf5	both	none
3412.0714	1	Stimulus/S  1	1	34120714	34120722	55	5	30	pips_40_500-8000.hdf5	both	none
3413.1168	1	Stimulus/S  1	1	34131168	34131176	56	0	20	pips_40_500-8000.hdf5	both	none
3414.1728	1	Stimulus/S  1	1	34141728	34141736	56	1	40	pips_40_500-8000.hdf5	both	none
3415.2395	1	Stimulus/S  1	1	34152395	34152403	56	2	60	pips_40_500-8000.hdf5	both	none
3416.2848	1	Stimulus/S  1	1	34162848	34162856	56	3	70	pips_40_500-8000.hdf5	both	none
3417.3408	1	Stimulus/S  1	1	34173408	34173416	56	4	50	pips_40_500-8000.hdf5	both	none
3418.4075	1	Stimulus/S  1	1	34184075	34184083	56	5	30	pips_40_500-8000.hdf5	both	none
3419.4742	1	Stimulus/S  1	1	34194742	34194750	57	0	20	pips_40_500-8000.hdf5	both	none
3420.5408	1	Stimulus/S  1	1	34205408	34205416	57	1	40	pips_40_500-8000.hdf5	both	none
3421.6075	1	Stimulus/S  1	1	34216075	34216083	57	2	60	pips_40_500-8000.hdf5	both	none
3422.6529	1	Stimulus/S  1	1	34226529	34226537	57	3	70	pips_40_500-8000.hdf5	both	none
3423.7089	1	Stimulus/S  1	1	34237089	34237097	57	4	50	pips_40_500-8000.hdf5	both	none
3424.7756	1	Stimulus/S  1	1	34247756	34247764	57	5	30	pips_40_500-8000.hdf5	both	none
3425.8422	1	Stimulus/S  1	1	34258422	34258430	58	0	20	pips_40_500-8000.hdf5	both	none
3426.8876	1	Stimulus/S  1	1	34268876	34268884	58	1	40	pips_40_500-8000.hdf5	both	none
3427.9329	1	Stimulus/S  1	1	34279329	34279337	58	2	60	pips_40_500-8000.hdf5	both	none
3428.9889	1	Stimulus/S  1	1	34289889	34289897	58	3	70	pips_40_500-8000.hdf5	both	none
3430.0556	1	Stimulus/S  1	1	34300556	34300564	58	4	50	pips_40_500-8000.hdf5	both	none
3431.1223	1	Stimulus/S  1	1	34311223	34311231	58	5	30	pips_40_500-8000.hdf5	both	none
3432.1676	1	Stimulus/S  1	1	34321676	34321684	59	0	20	pips_40_500-8000.hdf5	both	none
3433.2236	1	Stimulus/S  1	1	34332236	34332244	59	1	40	pips_40_500-8000.hdf5	both	none
3434.269	1	Stimulus/S  1	1	34342690	34342698	59	2	60	pips_40_500-8000.hdf5	both	none
3435.3357	1	Stimulus/S  1	1	34353357	34353365	59	3	70	pips_40_500-8000.hdf5	both	none
3436.3917	1	Stimulus/S  1	1	34363917	34363925	59	4	50	pips_40_500-8000.hdf5	both	none
3437.437	1	Stimulus/S  1	1	34374370	34374378	59	5	30	pips_40_500-8000.hdf5	both	none
3438.5037	1	Stimulus/S  1	1	34385037	34385045	60	0	20	pips_40_500-8000.hdf5	both	none
3439.5704	1	Stimulus/S  1	1	34395704	34395712	60	1	40	pips_40_500-8000.hdf5	both	none
3440.637	1	Stimulus/S  1	1	34406370	34406378	60	2	60	pips_40_500-8000.hdf5	both	none
3441.6931	1	Stimulus/S  1	1	34416931	34416939	60	3	70	pips_40_500-8000.hdf5	both	none
3442.7384	1	Stimulus/S  1	1	34427384	34427392	60	4	50	pips_40_500-8000.hdf5	both	none
3443.7837	1	Stimulus/S  1	1	34437837	34437845	60	5	30	pips_40_500-8000.hdf5	both	none
3444.8397	1	Stimulus/S  1	1	34448397	34448405	61	0	20	pips_40_500-8000.hdf5	both	none
3445.8851	1	Stimulus/S  1	1	34458851	34458859	61	1	40	pips_40_500-8000.hdf5	both	none
3446.9411	1	Stimulus/S  1	1	34469411	34469419	61	2	60	pips_40_500-8000.hdf5	both	none
3448.0078	1	Stimulus/S  1	1	34480078	34480086	61	3	70	pips_40_500-8000.hdf5	both	none
3449.0745	1	Stimulus/S  1	1	34490745	34490753	61	4	50	pips_40_500-8000.hdf5	both	none
3450.1198	1	Stimulus/S  1	1	34501198	34501206	61	5	30	pips_40_500-8000.hdf5	both	none
3451.1758	1	Stimulus/S  1	1	34511758	34511766	62	0	20	pips_40_500-8000.hdf5	both	none
3452.2212	1	Stimulus/S  1	1	34522212	34522220	62	1	40	pips_40_500-8000.hdf5	both	none
3453.2878	1	Stimulus/S  1	1	34532878	34532886	62	2	60	pips_40_500-8000.hdf5	both	none
3454.3545	1	Stimulus/S  1	1	34543545	34543553	62	3	70	pips_40_500-8000.hdf5	both	none
3455.3999	1	Stimulus/S  1	1	34553999	34554007	62	4	50	pips_40_500-8000.hdf5	both	none
3456.4559	1	Stimulus/S  1	1	34564559	34564567	62	5	30	pips_40_500-8000.hdf5	both	none
3457.5225	1	Stimulus/S  1	1	34575225	34575233	63	0	20	pips_40_500-8000.hdf5	both	none
3458.5892	1	Stimulus/S  1	1	34585892	34585900	63	1	40	pips_40_500-8000.hdf5	both	none
3459.6346	1	Stimulus/S  1	1	34596346	34596354	63	2	60	pips_40_500-8000.hdf5	both	none
3460.6906	1	Stimulus/S  1	1	34606906	34606914	63	3	70	pips_40_500-8000.hdf5	both	none
3461.7572	1	Stimulus/S  1	1	34617572	34617580	63	4	50	pips_40_500-8000.hdf5	both	none
3462.8239	1	Stimulus/S  1	1	34628239	34628247	63	5	30	pips_40_500-8000.hdf5	both	none
3463.8693	1	Stimulus/S  1	1	34638693	34638701	64	0	20	pips_40_500-8000.hdf5	both	none
3464.9359	1	Stimulus/S  1	1	34649359	34649367	64	1	40	pips_40_500-8000.hdf5	both	none
3465.992	1	Stimulus/S  1	1	34659920	34659928	64	2	60	pips_40_500-8000.hdf5	both	none
3467.0373	1	Stimulus/S  1	1	34670373	34670381	64	3	70	pips_40_500-8000.hdf5	both	none
3468.0933	1	Stimulus/S  1	1	34680933	34680941	64	4	50	pips_40_500-8000.hdf5	both	none
3469.1387	1	Stimulus/S  1	1	34691387	34691395	64	5	30	pips_40_500-8000.hdf5	both	none
3470.184	1	Stimulus/S  1	1	34701840	34701848	65	0	20	pips_40_500-8000.hdf5	both	none
3471.24	1	Stimulus/S  1	1	34712400	34712408	65	1	40	pips_40_500-8000.hdf5	both	none
3472.2854	1	Stimulus/S  1	1	34722854	34722862	65	2	60	pips_40_500-8000.hdf5	both	none
3473.3414	1	Stimulus/S  1	1	34733414	34733422	65	3	70	pips_40_500-8000.hdf5	both	none
3474.408	1	Stimulus/S  1	1	34744080	34744088	65	4	50	pips_40_500-8000.hdf5	both	none
3475.4534	1	Stimulus/S  1	1	34754534	34754542	65	5	30	pips_40_500-8000.hdf5	both	none
3476.5094	1	Stimulus/S  1	1	34765094	34765102	66	0	20	pips_40_500-8000.hdf5	both	none
3477.5761	1	Stimulus/S  1	1	34775761	34775769	66	1	40	pips_40_500-8000.hdf5	both	none
3478.6214	1	Stimulus/S  1	1	34786214	34786222	66	2	60	pips_40_500-8000.hdf5	both	none
3479.6668	1	Stimulus/S  1	1	34796668	34796676	66	3	70	pips_40_500-8000.hdf5	both	none
3480.7334	1	Stimulus/S  1	1	34807334	34807342	66	4	50	pips_40_500-8000.hdf5	both	none
3481.7894	1	Stimulus/S  1	1	34817894	34817902	66	5	30	pips_40_500-8000.hdf5	both	none
3482.8561	1	Stimulus/S  1	1	34828561	34828569	67	0	20	pips_40_500-8000.hdf5	both	none
3483.9228	1	Stimulus/S  1	1	34839228	34839236	67	1	40	pips_40_500-8000.hdf5	both	none
3484.9681	1	Stimulus/S  1	1	34849681	34849689	67	2	60	pips_40_500-8000.hdf5	both	none
3486.0348	1	Stimulus/S  1	1	34860348	34860356	67	3	70	pips_40_500-8000.hdf5	both	none
3487.0908	1	Stimulus/S  1	1	34870908	34870916	67	4	50	pips_40_500-8000.hdf5	both	none
3488.1362	1	Stimulus/S  1	1	34881362	34881370	67	5	30	pips_40_500-8000.hdf5	both	none
3489.2029	1	Stimulus/S  1	1	34892029	34892037	68	0	20	pips_40_500-8000.hdf5	both	none
3490.2695	1	Stimulus/S  1	1	34902695	34902703	68	1	40	pips_40_500-8000.hdf5	both	none
3491.3255	1	Stimulus/S  1	1	34913255	34913263	68	2	60	pips_40_500-8000.hdf5	both	none
3492.3922	1	Stimulus/S  1	1	34923922	34923930	68	3	70	pips_40_500-8000.hdf5	both	none
3493.4376	1	Stimulus/S  1	1	34934376	34934384	68	4	50	pips_40_500-8000.hdf5	both	none
3494.4936	1	Stimulus/S  1	1	34944936	34944944	68	5	30	pips_40_500-8000.hdf5	both	none
3495.5389	1	Stimulus/S  1	1	34955389	34955397	69	0	20	pips_40_500-8000.hdf5	both	none
3496.6056	1	Stimulus/S  1	1	34966056	34966064	69	1	40	pips_40_500-8000.hdf5	both	none
3497.6509	1	Stimulus/S  1	1	34976509	34976517	69	2	60	pips_40_500-8000.hdf5	both	none
3498.7069	1	Stimulus/S  1	1	34987069	34987077	69	3	70	pips_40_500-8000.hdf5	both	none
3499.7736	1	Stimulus/S  1	1	34997736	34997744	69	4	50	pips_40_500-8000.hdf5	both	none
3500.819	1	Stimulus/S  1	1	35008190	35008198	69	5	30	pips_40_500-8000.hdf5	both	none
3501.875	1	Stimulus/S  1	1	35018750	35018758	70	0	20	pips_40_500-8000.hdf5	both	none
3502.9417	1	Stimulus/S  1	1	35029417	35029425	70	1	40	pips_40_500-8000.hdf5	both	none
3503.987	1	Stimulus/S  1	1	35039870	35039878	70	2	60	pips_40_500-8000.hdf5	both	none
3505.043	1	Stimulus/S  1	1	35050430	35050438	70	3	70	pips_40_500-8000.hdf5	both	none
3506.1097	1	Stimulus/S  1	1	35061097	35061105	70	4	50	pips_40_500-8000.hdf5	both	none
3507.1764	1	Stimulus/S  1	1	35071764	35071772	70	5	30	pips_40_500-8000.hdf5	both	none
3508.2217	1	Stimulus/S  1	1	35082217	35082225	71	0	20	pips_40_500-8000.hdf5	both	none
3509.267	1	Stimulus/S  1	1	35092670	35092678	71	1	40	pips_40_500-8000.hdf5	both	none
3510.3444	1	Stimulus/S  1	1	35103444	35103452	71	2	60	pips_40_500-8000.hdf5	both	none
3511.3897	1	Stimulus/S  1	1	35113897	35113905	71	3	70	pips_40_500-8000.hdf5	both	none
3512.4351	1	Stimulus/S  1	1	35124351	35124359	71	4	50	pips_40_500-8000.hdf5	both	none
3513.5018	1	Stimulus/S  1	1	35135018	35135026	71	5	30	pips_40_500-8000.hdf5	both	none
3514.5578	1	Stimulus/S  1	1	35145578	35145586	72	0	20	pips_40_500-8000.hdf5	both	none
3515.6031	1	Stimulus/S  1	1	35156031	35156039	72	1	40	pips_40_500-8000.hdf5	both	none
3516.6698	1	Stimulus/S  1	1	35166698	35166706	72	2	60	pips_40_500-8000.hdf5	both	none
3517.7258	1	Stimulus/S  1	1	35177258	35177266	72	3	70	pips_40_500-8000.hdf5	both	none
3518.7711	1	Stimulus/S  1	1	35187711	35187719	72	4	50	pips_40_500-8000.hdf5	both	none
3519.8378	1	Stimulus/S  1	1	35198378	35198386	72	5	30	pips_40_500-8000.hdf5	both	none
3520.9045	1	Stimulus/S  1	1	35209045	35209053	73	0	20	pips_40_500-8000.hdf5	both	none
3521.9605	1	Stimulus/S  1	1	35219605	35219613	73	1	40	pips_40_500-8000.hdf5	both	none
3523.0058	1	Stimulus/S  1	1	35230058	35230066	73	2	60	pips_40_500-8000.hdf5	both	none
3524.0512	1	Stimulus/S  1	1	35240512	35240520	73	3	70	pips_40_500-8000.hdf5	both	none
3525.1072	1	Stimulus/S  1	1	35251072	35251080	73	4	50	pips_40_500-8000.hdf5	both	none
3526.1739	1	Stimulus/S  1	1	35261739	35261747	73	5	30	pips_40_500-8000.hdf5	both	none
3527.2192	1	Stimulus/S  1	1	35272192	35272200	74	0	20	pips_40_500-8000.hdf5	both	none
3528.2859	1	Stimulus/S  1	1	35282859	35282867	74	1	40	pips_40_500-8000.hdf5	both	none
3529.3419	1	Stimulus/S  1	1	35293419	35293427	74	2	60	pips_40_500-8000.hdf5	both	none
3530.3873	1	Stimulus/S  1	1	35303873	35303881	74	3	70	pips_40_500-8000.hdf5	both	none
3531.4433	1	Stimulus/S  1	1	35314433	35314441	74	4	50	pips_40_500-8000.hdf5	both	none
3532.5099	1	Stimulus/S  1	1	35325099	35325107	74	5	30	pips_40_500-8000.hdf5	both	none
3533.5766	1	Stimulus/S  1	1	35335766	35335774	75	0	20	pips_40_500-8000.hdf5	both	none
3534.622	1	Stimulus/S  1	1	35346220	35346228	75	1	40	pips_40_500-8000.hdf5	both	none
3535.678	1	Stimulus/S  1	1	35356780	35356788	75	2	60	pips_40_500-8000.hdf5	both	none
3536.7447	1	Stimulus/S  1	1	35367447	35367455	75	3	70	pips_40_500-8000.hdf5	both	none
3537.79	1	Stimulus/S  1	1	35377900	35377908	75	4	50	pips_40_500-8000.hdf5	both	none
3538.8567	1	Stimulus/S  1	1	35388567	35388575	75	5	30	pips_40_500-8000.hdf5	both	none
3539.9233	1	Stimulus/S  1	1	35399233	35399241	76	0	20	pips_40_500-8000.hdf5	both	none
3540.99	1	Stimulus/S  1	1	35409900	35409908	76	1	40	pips_40_500-8000.hdf5	both	none
3542.0354	1	Stimulus/S  1	1	35420354	35420362	76	2	60	pips_40_500-8000.hdf5	both	none
3543.0914	1	Stimulus/S  1	1	35430914	35430922	76	3	70	pips_40_500-8000.hdf5	both	none
3544.1581	1	Stimulus/S  1	1	35441581	35441589	76	4	50	pips_40_500-8000.hdf5	both	none
3545.2247	1	Stimulus/S  1	1	35452247	35452255	76	5	30	pips_40_500-8000.hdf5	both	none
3546.2701	1	Stimulus/S  1	1	35462701	35462709	77	0	20	pips_40_500-8000.hdf5	both	none
3547.3261	1	Stimulus/S  1	1	35473261	35473269	77	1	40	pips_40_500-8000.hdf5	both	none
3548.3928	1	Stimulus/S  1	1	35483928	35483936	77	2	60	pips_40_500-8000.hdf5	both	none
3549.4594	1	Stimulus/S  1	1	35494594	35494602	77	3	70	pips_40_500-8000.hdf5	both	none
3550.5048	1	Stimulus/S  1	1	35505048	35505056	77	4	50	pips_40_500-8000.hdf5	both	none
3551.5608	1	Stimulus/S  1	1	35515608	35515616	77	5	30	pips_40_500-8000.hdf5	both	none
3552.6275	1	Stimulus/S  1	1	35526275	35526283	78	0	20	pips_40_500-8000.hdf5	both	none
3553.6941	1	Stimulus/S  1	1	35536941	35536949	78	1	40	pips_40_500-8000.hdf5	both	none
3554.7395	1	Stimulus/S  1	1	35547395	35547403	78	2	60	pips_40_500-8000.hdf5	both	none
3555.7955	1	Stimulus/S  1	1	35557955	35557963	78	3	70	pips_40_500-8000.hdf5	both	none
3556.8515	1	Stimulus/S  1	1	35568515	35568523	78	4	50	pips_40_500-8000.hdf5	both	none
3557.9075	1	Stimulus/S  1	1	35579075	35579083	78	5	30	pips_40_500-8000.hdf5	both	none
3558.9529	1	Stimulus/S  1	1	35589529	35589537	79	0	20	pips_40_500-8000.hdf5	both	none
3560.0195	1	Stimulus/S  1	1	35600195	35600203	79	1	40	pips_40_500-8000.hdf5	both	none
3561.0756	1	Stimulus/S  1	1	35610756	35610764	79	2	60	pips_40_500-8000.hdf5	both	none
3562.1209	1	Stimulus/S  1	1	35621209	35621217	79	3	70	pips_40_500-8000.hdf5	both	none
3563.1876	1	Stimulus/S  1	1	35631876	35631884	79	4	50	pips_40_500-8000.hdf5	both	none
3564.2543	1	Stimulus/S  1	1	35642543	35642551	79	5	30	pips_40_500-8000.hdf5	both	none
3565.3103	1	Stimulus/S  1	1	35653103	35653111	80	0	20	pips_40_500-8000.hdf5	both	none
3566.3556	1	Stimulus/S  1	1	35663556	35663564	80	1	40	pips_40_500-8000.hdf5	both	none
3567.4223	1	Stimulus/S  1	1	35674223	35674231	80	2	60	pips_40_500-8000.hdf5	both	none
3568.4783	1	Stimulus/S  1	1	35684783	35684791	80	3	70	pips_40_500-8000.hdf5	both	none
3569.5236	1	Stimulus/S  1	1	35695236	35695244	80	4	50	pips_40_500-8000.hdf5	both	none
3570.5903	1	Stimulus/S  1	1	35705903	35705911	80	5	30	pips_40_500-8000.hdf5	both	none
3571.6357	1	Stimulus/S  1	1	35716357	35716365	81	0	20	pips_40_500-8000.hdf5	both	none
3572.6917	1	Stimulus/S  1	1	35726917	35726925	81	1	40	pips_40_500-8000.hdf5	both	none
3573.7583	1	Stimulus/S  1	1	35737583	35737591	81	2	60	pips_40_500-8000.hdf5	both	none
3574.825	1	Stimulus/S  1	1	35748250	35748258	81	3	70	pips_40_500-8000.hdf5	both	none
3575.8704	1	Stimulus/S  1	1	35758704	35758712	81	4	50	pips_40_500-8000.hdf5	both	none
3576.937	1	Stimulus/S  1	1	35769370	35769378	81	5	30	pips_40_500-8000.hdf5	both	none
3578.0037	1	Stimulus/S  1	1	35780037	35780045	82	0	20	pips_40_500-8000.hdf5	both	none
3579.0704	1	Stimulus/S  1	1	35790704	35790712	82	1	40	pips_40_500-8000.hdf5	both	none
3580.1264	1	Stimulus/S  1	1	35801264	35801272	82	2	60	pips_40_500-8000.hdf5	both	none
3581.1931	1	Stimulus/S  1	1	35811931	35811939	82	3	70	pips_40_500-8000.hdf5	both	none
3582.2598	1	Stimulus/S  1	1	35822598	35822606	82	4	50	pips_40_500-8000.hdf5	both	none
3583.3051	1	Stimulus/S  1	1	35833051	35833059	82	5	30	pips_40_500-8000.hdf5	both	none
3584.3718	1	Stimulus/S  1	1	35843718	35843726	83	0	20	pips_40_500-8000.hdf5	both	none
3585.4278	1	Stimulus/S  1	1	35854278	35854286	83	1	40	pips_40_500-8000.hdf5	both	none
3586.4945	1	Stimulus/S  1	1	35864945	35864953	83	2	60	pips_40_500-8000.hdf5	both	none
3587.5611	1	Stimulus/S  1	1	35875611	35875619	83	3	70	pips_40_500-8000.hdf5	both	none
3588.6065	1	Stimulus/S  1	1	35886065	35886073	83	4	50	pips_40_500-8000.hdf5	both	none
3589.6518	1	Stimulus/S  1	1	35896518	35896526	83	5	30	pips_40_500-8000.hdf5	both	none
3590.7078	1	Stimulus/S  1	1	35907078	35907086	84	0	20	pips_40_500-8000.hdf5	both	none
3591.7745	1	Stimulus/S  1	1	35917745	35917753	84	1	40	pips_40_500-8000.hdf5	both	none
3592.8199	1	Stimulus/S  1	1	35928199	35928207	84	2	60	pips_40_500-8000.hdf5	both	none
3593.8865	1	Stimulus/S  1	1	35938865	35938873	84	3	70	pips_40_500-8000.hdf5	both	none
3594.9426	1	Stimulus/S  1	1	35949426	35949434	84	4	50	pips_40_500-8000.hdf5	both	none
3595.9879	1	Stimulus/S  1	1	35959879	35959887	84	5	30	pips_40_500-8000.hdf5	both	none
3597.0546	1	Stimulus/S  1	1	35970546	35970554	85	0	20	pips_40_500-8000.hdf5	both	none
3598.1106	1	Stimulus/S  1	1	35981106	35981114	85	1	40	pips_40_500-8000.hdf5	both	none
3599.1773	1	Stimulus/S  1	1	35991773	35991781	85	2	60	pips_40_500-8000.hdf5	both	none
3600.2226	1	Stimulus/S  1	1	36002226	36002234	85	3	70	pips_40_500-8000.hdf5	both	none
3601.2786	1	Stimulus/S  1	1	36012786	36012794	85	4	50	pips_40_500-8000.hdf5	both	none
3602.3453	1	Stimulus/S  1	1	36023453	36023461	85	5	30	pips_40_500-8000.hdf5	both	none
3603.3906	1	Stimulus/S  1	1	36033906	36033914	86	0	20	pips_40_500-8000.hdf5	both	none
3604.4573	1	Stimulus/S  1	1	36044573	36044581	86	1	40	pips_40_500-8000.hdf5	both	none
3605.5027	1	Stimulus/S  1	1	36055027	36055035	86	2	60	pips_40_500-8000.hdf5	both	none
3606.5693	1	Stimulus/S  1	1	36065693	36065701	86	3	70	pips_40_500-8000.hdf5	both	none
3607.636	1	Stimulus/S  1	1	36076360	36076368	86	4	50	pips_40_500-8000.hdf5	both	none
3608.692	1	Stimulus/S  1	1	36086920	36086928	86	5	30	pips_40_500-8000.hdf5	both	none
3609.7374	1	Stimulus/S  1	1	36097374	36097382	87	0	20	pips_40_500-8000.hdf5	both	none
3610.7934	1	Stimulus/S  1	1	36107934	36107942	87	1	40	pips_40_500-8000.hdf5	both	none
3611.8601	1	Stimulus/S  1	1	36118601	36118609	87	2	60	pips_40_500-8000.hdf5	both	none
3612.9054	1	Stimulus/S  1	1	36129054	36129062	87	3	70	pips_40_500-8000.hdf5	both	none
3613.9614	1	Stimulus/S  1	1	36139614	36139622	87	4	50	pips_40_500-8000.hdf5	both	none
3615.0281	1	Stimulus/S  1	1	36150281	36150289	87	5	30	pips_40_500-8000.hdf5	both	none
3616.0734	1	Stimulus/S  1	1	36160734	36160742	88	0	20	pips_40_500-8000.hdf5	both	none
3617.1294	1	Stimulus/S  1	1	36171294	36171302	88	1	40	pips_40_500-8000.hdf5	both	none
3618.1961	1	Stimulus/S  1	1	36181961	36181969	88	2	60	pips_40_500-8000.hdf5	both	none
3619.2628	1	Stimulus/S  1	1	36192628	36192636	88	3	70	pips_40_500-8000.hdf5	both	none
3620.3081	1	Stimulus/S  1	1	36203081	36203089	88	4	50	pips_40_500-8000.hdf5	both	none
3621.3535	1	Stimulus/S  1	1	36213535	36213543	88	5	30	pips_40_500-8000.hdf5	both	none
3622.4202	1	Stimulus/S  1	1	36224202	36224210	89	0	20	pips_40_500-8000.hdf5	both	none
3623.4868	1	Stimulus/S  1	1	36234868	36234876	89	1	40	pips_40_500-8000.hdf5	both	none
3624.5428	1	Stimulus/S  1	1	36245428	36245436	89	2	60	pips_40_500-8000.hdf5	both	none
3625.5882	1	Stimulus/S  1	1	36255882	36255890	89	3	70	pips_40_500-8000.hdf5	both	none
3626.6549	1	Stimulus/S  1	1	36266549	36266557	89	4	50	pips_40_500-8000.hdf5	both	none
3627.7109	1	Stimulus/S  1	1	36277109	36277117	89	5	30	pips_40_500-8000.hdf5	both	none
3628.7562	1	Stimulus/S  1	1	36287562	36287570	90	0	20	pips_40_500-8000.hdf5	both	none
3629.8122	1	Stimulus/S  1	1	36298122	36298130	90	1	40	pips_40_500-8000.hdf5	both	none
3630.8789	1	Stimulus/S  1	1	36308789	36308797	90	2	60	pips_40_500-8000.hdf5	both	none
3631.9456	1	Stimulus/S  1	1	36319456	36319464	90	3	70	pips_40_500-8000.hdf5	both	none
3632.9909	1	Stimulus/S  1	1	36329909	36329917	90	4	50	pips_40_500-8000.hdf5	both	none
3634.0363	1	Stimulus/S  1	1	36340363	36340371	90	5	30	pips_40_500-8000.hdf5	both	none
3635.1136	1	Stimulus/S  1	1	36351136	36351144	91	0	20	pips_40_500-8000.hdf5	both	none
3636.1696	1	Stimulus/S  1	1	36361696	36361704	91	1	40	pips_40_500-8000.hdf5	both	none
3637.2363	1	Stimulus/S  1	1	36372363	36372371	91	2	60	pips_40_500-8000.hdf5	both	none
3638.2923	1	Stimulus/S  1	1	36382923	36382931	91	3	70	pips_40_500-8000.hdf5	both	none
3639.3377	1	Stimulus/S  1	1	36393377	36393385	91	4	50	pips_40_500-8000.hdf5	both	none
3640.4043	1	Stimulus/S  1	1	36404043	36404051	91	5	30	pips_40_500-8000.hdf5	both	none
3641.471	1	Stimulus/S  1	1	36414710	36414718	92	0	20	pips_40_500-8000.hdf5	both	none
3642.5377	1	Stimulus/S  1	1	36425377	36425385	92	1	40	pips_40_500-8000.hdf5	both	none
3643.5937	1	Stimulus/S  1	1	36435937	36435945	92	2	60	pips_40_500-8000.hdf5	both	none
3644.6604	1	Stimulus/S  1	1	36446604	36446612	92	3	70	pips_40_500-8000.hdf5	both	none
3645.7271	1	Stimulus/S  1	1	36457271	36457279	92	4	50	pips_40_500-8000.hdf5	both	none
3646.7937	1	Stimulus/S  1	1	36467937	36467945	92	5	30	pips_40_500-8000.hdf5	both	none
3647.8391	1	Stimulus/S  1	1	36478391	36478399	93	0	20	pips_40_500-8000.hdf5	both	none
3648.9057	1	Stimulus/S  1	1	36489057	36489065	93	1	40	pips_40_500-8000.hdf5	both	none
3649.9618	1	Stimulus/S  1	1	36499618	36499626	93	2	60	pips_40_500-8000.hdf5	both	none
3651.0284	1	Stimulus/S  1	1	36510284	36510292	93	3	70	pips_40_500-8000.hdf5	both	none
3652.0951	1	Stimulus/S  1	1	36520951	36520959	93	4	50	pips_40_500-8000.hdf5	both	none
3653.1405	1	Stimulus/S  1	1	36531405	36531413	93	5	30	pips_40_500-8000.hdf5	both	none
3654.2071	1	Stimulus/S  1	1	36542071	36542079	94	0	20	pips_40_500-8000.hdf5	both	none
3655.2631	1	Stimulus/S  1	1	36552631	36552639	94	1	40	pips_40_500-8000.hdf5	both	none
3656.3085	1	Stimulus/S  1	1	36563085	36563093	94	2	60	pips_40_500-8000.hdf5	both	none
3657.3752	1	Stimulus/S  1	1	36573752	36573760	94	3	70	pips_40_500-8000.hdf5	both	none
3658.4205	1	Stimulus/S  1	1	36584205	36584213	94	4	50	pips_40_500-8000.hdf5	both	none
3659.4765	1	Stimulus/S  1	1	36594765	36594773	94	5	30	pips_40_500-8000.hdf5	both	none
3660.5432	1	Stimulus/S  1	1	36605432	36605440	95	0	20	pips_40_500-8000.hdf5	both	none
3661.5885	1	Stimulus/S  1	1	36615885	36615893	95	1	40	pips_40_500-8000.hdf5	both	none
3662.6445	1	Stimulus/S  1	1	36626445	36626453	95	2	60	pips_40_500-8000.hdf5	both	none
3663.7112	1	Stimulus/S  1	1	36637112	36637120	95	3	70	pips_40_500-8000.hdf5	both	none
3664.7566	1	Stimulus/S  1	1	36647566	36647574	95	4	50	pips_40_500-8000.hdf5	both	none
3665.8232	1	Stimulus/S  1	1	36658232	36658240	95	5	30	pips_40_500-8000.hdf5	both	none
3666.8793	1	Stimulus/S  1	1	36668793	36668801	96	0	20	pips_40_500-8000.hdf5	both	none
3667.9459	1	Stimulus/S  1	1	36679459	36679467	96	1	40	pips_40_500-8000.hdf5	both	none
3668.9913	1	Stimulus/S  1	1	36689913	36689921	96	2	60	pips_40_500-8000.hdf5	both	none
3670.058	1	Stimulus/S  1	1	36700580	36700588	96	3	70	pips_40_500-8000.hdf5	both	none
3671.1033	1	Stimulus/S  1	1	36711033	36711041	96	4	50	pips_40_500-8000.hdf5	both	none
3672.1593	1	Stimulus/S  1	1	36721593	36721601	96	5	30	pips_40_500-8000.hdf5	both	none
3673.226	1	Stimulus/S  1	1	36732260	36732268	97	0	20	pips_40_500-8000.hdf5	both	none
3674.2927	1	Stimulus/S  1	1	36742927	36742935	97	1	40	pips_40_500-8000.hdf5	both	none
3675.338	1	Stimulus/S  1	1	36753380	36753388	97	2	60	pips_40_500-8000.hdf5	both	none
3676.4047	1	Stimulus/S  1	1	36764047	36764055	97	3	70	pips_40_500-8000.hdf5	both	none
3677.4607	1	Stimulus/S  1	1	36774607	36774615	97	4	50	pips_40_500-8000.hdf5	both	none
3678.506	1	Stimulus/S  1	1	36785060	36785068	97	5	30	pips_40_500-8000.hdf5	both	none
3679.5727	1	Stimulus/S  1	1	36795727	36795735	98	0	20	pips_40_500-8000.hdf5	both	none
3680.6287	1	Stimulus/S  1	1	36806287	36806295	98	1	40	pips_40_500-8000.hdf5	both	none
3681.6954	1	Stimulus/S  1	1	36816954	36816962	98	2	60	pips_40_500-8000.hdf5	both	none
3682.7407	1	Stimulus/S  1	1	36827407	36827415	98	3	70	pips_40_500-8000.hdf5	both	none
3683.8074	1	Stimulus/S  1	1	36838074	36838082	98	4	50	pips_40_500-8000.hdf5	both	none
3684.8634	1	Stimulus/S  1	1	36848634	36848642	98	5	30	pips_40_500-8000.hdf5	both	none
3685.9088	1	Stimulus/S  1	1	36859088	36859096	99	0	20	pips_40_500-8000.hdf5	both	none
3686.9755	1	Stimulus/S  1	1	36869755	36869763	99	1	40	pips_40_500-8000.hdf5	both	none
3688.0208	1	Stimulus/S  1	1	36880208	36880216	99	2	60	pips_40_500-8000.hdf5	both	none
3689.0768	1	Stimulus/S  1	1	36890768	36890776	99	3	70	pips_40_500-8000.hdf5	both	none
3690.1435	1	Stimulus/S  1	1	36901435	36901443	99	4	50	pips_40_500-8000.hdf5	both	none
3691.1888	1	Stimulus/S  1	1	36911888	36911896	99	5	30	pips_40_500-8000.hdf5	both	none
3692.2555	1	Stimulus/S  1	1	36922555	36922563	100	0	20	pips_40_500-8000.hdf5	both	none
3693.3222	1	Stimulus/S  1	1	36933222	36933230	100	1	40	pips_40_500-8000.hdf5	both	none
3694.3782	1	Stimulus/S  1	1	36943782	36943790	100	2	60	pips_40_500-8000.hdf5	both	none
3695.4449	1	Stimulus/S  1	1	36954449	36954457	100	3	70	pips_40_500-8000.hdf5	both	none
3696.5115	1	Stimulus/S  1	1	36965115	36965123	100	4	50	pips_40_500-8000.hdf5	both	none
3697.5569	1	Stimulus/S  1	1	36975569	36975577	100	5	30	pips_40_500-8000.hdf5	both	none
3698.6129	1	Stimulus/S  1	1	36986129	36986137	101	0	20	pips_40_500-8000.hdf5	both	none
3699.6582	1	Stimulus/S  1	1	36996582	36996590	101	1	40	pips_40_500-8000.hdf5	both	none
3700.7143	1	Stimulus/S  1	1	37007143	37007151	101	2	60	pips_40_500-8000.hdf5	both	none
3701.7596	1	Stimulus/S  1	1	37017596	37017604	101	3	70	pips_40_500-8000.hdf5	both	none
3702.8049	1	Stimulus/S  1	1	37028049	37028057	101	4	50	pips_40_500-8000.hdf5	both	none
3703.8716	1	Stimulus/S  1	1	37038716	37038724	101	5	30	pips_40_500-8000.hdf5	both	none
3704.9276	1	Stimulus/S  1	1	37049276	37049284	102	0	20	pips_40_500-8000.hdf5	both	none
3705.973	1	Stimulus/S  1	1	37059730	37059738	102	1	40	pips_40_500-8000.hdf5	both	none
3707.029	1	Stimulus/S  1	1	37070290	37070298	102	2	60	pips_40_500-8000.hdf5	both	none
3708.0743	1	Stimulus/S  1	1	37080743	37080751	102	3	70	pips_40_500-8000.hdf5	both	none
3709.1303	1	Stimulus/S  1	1	37091303	37091311	102	4	50	pips_40_500-8000.hdf5	both	none
3710.1757	1	Stimulus/S  1	1	37101757	37101765	102	5	30	pips_40_500-8000.hdf5	both	none
3711.221	1	Stimulus/S  1	1	37112210	37112218	103	0	20	pips_40_500-8000.hdf5	both	none
3712.277	1	Stimulus/S  1	1	37122770	37122778	103	1	40	pips_40_500-8000.hdf5	both	none
3713.3437	1	Stimulus/S  1	1	37133437	37133445	103	2	60	pips_40_500-8000.hdf5	both	none
3714.3891	1	Stimulus/S  1	1	37143891	37143899	103	3	70	pips_40_500-8000.hdf5	both	none
3715.4557	1	Stimulus/S  1	1	37154557	37154565	103	4	50	pips_40_500-8000.hdf5	both	none
3716.5117	1	Stimulus/S  1	1	37165117	37165125	103	5	30	pips_40_500-8000.hdf5	both	none
3717.5571	1	Stimulus/S  1	1	37175571	37175579	104	0	20	pips_40_500-8000.hdf5	both	none
3718.6131	1	Stimulus/S  1	1	37186131	37186139	104	1	40	pips_40_500-8000.hdf5	both	none
3719.6584	1	Stimulus/S  1	1	37196584	37196592	104	2	60	pips_40_500-8000.hdf5	both	none
3720.7145	1	Stimulus/S  1	1	37207145	37207153	104	3	70	pips_40_500-8000.hdf5	both	none
3721.7598	1	Stimulus/S  1	1	37217598	37217606	104	4	50	pips_40_500-8000.hdf5	both	none
3722.8265	1	Stimulus/S  1	1	37228265	37228273	104	5	30	pips_40_500-8000.hdf5	both	none
3723.8718	1	Stimulus/S  1	1	37238718	37238726	105	0	20	pips_40_500-8000.hdf5	both	none
3724.9278	1	Stimulus/S  1	1	37249278	37249286	105	1	40	pips_40_500-8000.hdf5	both	none
3725.9945	1	Stimulus/S  1	1	37259945	37259953	105	2	60	pips_40_500-8000.hdf5	both	none
3727.0398	1	Stimulus/S  1	1	37270398	37270406	105	3	70	pips_40_500-8000.hdf5	both	none
3728.0959	1	Stimulus/S  1	1	37280959	37280967	105	4	50	pips_40_500-8000.hdf5	both	none
3729.1625	1	Stimulus/S  1	1	37291625	37291633	105	5	30	pips_40_500-8000.hdf5	both	none
3730.2079	1	Stimulus/S  1	1	37302079	37302087	106	0	20	pips_40_500-8000.hdf5	both	none
3731.2746	1	Stimulus/S  1	1	37312746	37312754	106	1	40	pips_40_500-8000.hdf5	both	none
3732.3306	1	Stimulus/S  1	1	37323306	37323314	106	2	60	pips_40_500-8000.hdf5	both	none
3733.3759	1	Stimulus/S  1	1	37333759	37333767	106	3	70	pips_40_500-8000.hdf5	both	none
3734.4426	1	Stimulus/S  1	1	37344426	37344434	106	4	50	pips_40_500-8000.hdf5	both	none
3735.4879	1	Stimulus/S  1	1	37354879	37354887	106	5	30	pips_40_500-8000.hdf5	both	none
3736.5546	1	Stimulus/S  1	1	37365546	37365554	107	0	20	pips_40_500-8000.hdf5	both	none
3737.6106	1	Stimulus/S  1	1	37376106	37376114	107	1	40	pips_40_500-8000.hdf5	both	none
3738.656	1	Stimulus/S  1	1	37386560	37386568	107	2	60	pips_40_500-8000.hdf5	both	none
3739.7226	1	Stimulus/S  1	1	37397226	37397234	107	3	70	pips_40_500-8000.hdf5	both	none
3740.7786	1	Stimulus/S  1	1	37407786	37407794	107	4	50	pips_40_500-8000.hdf5	both	none
3741.824	1	Stimulus/S  1	1	37418240	37418248	107	5	30	pips_40_500-8000.hdf5	both	none
3742.88	1	Stimulus/S  1	1	37428800	37428808	108	0	20	pips_40_500-8000.hdf5	both	none
3743.9253	1	Stimulus/S  1	1	37439253	37439261	108	1	40	pips_40_500-8000.hdf5	both	none
3744.9814	1	Stimulus/S  1	1	37449814	37449822	108	2	60	pips_40_500-8000.hdf5	both	none
3746.0267	1	Stimulus/S  1	1	37460267	37460275	108	3	70	pips_40_500-8000.hdf5	both	none
3747.0934	1	Stimulus/S  1	1	37470934	37470942	108	4	50	pips_40_500-8000.hdf5	both	none
3748.1601	1	Stimulus/S  1	1	37481601	37481609	108	5	30	pips_40_500-8000.hdf5	both	none
3749.2267	1	Stimulus/S  1	1	37492267	37492275	109	0	20	pips_40_500-8000.hdf5	both	none
3750.2721	1	Stimulus/S  1	1	37502721	37502729	109	1	40	pips_40_500-8000.hdf5	both	none
3751.3388	1	Stimulus/S  1	1	37513388	37513396	109	2	60	pips_40_500-8000.hdf5	both	none
3752.3948	1	Stimulus/S  1	1	37523948	37523956	109	3	70	pips_40_500-8000.hdf5	both	none
3753.4614	1	Stimulus/S  1	1	37534614	37534622	109	4	50	pips_40_500-8000.hdf5	both	none
3754.5281	1	Stimulus/S  1	1	37545281	37545289	109	5	30	pips_40_500-8000.hdf5	both	none
3755.5735	1	Stimulus/S  1	1	37555735	37555743	110	0	20	pips_40_500-8000.hdf5	both	none
3756.6295	1	Stimulus/S  1	1	37566295	37566303	110	1	40	pips_40_500-8000.hdf5	both	none
3757.6748	1	Stimulus/S  1	1	37576748	37576756	110	2	60	pips_40_500-8000.hdf5	both	none
3758.7308	1	Stimulus/S  1	1	37587308	37587316	110	3	70	pips_40_500-8000.hdf5	both	none
3759.7975	1	Stimulus/S  1	1	37597975	37597983	110	4	50	pips_40_500-8000.hdf5	both	none
3760.8428	1	Stimulus/S  1	1	37608428	37608436	110	5	30	pips_40_500-8000.hdf5	both	none
3761.8882	1	Stimulus/S  1	1	37618882	37618890	111	0	20	pips_40_500-8000.hdf5	both	none
3762.9549	1	Stimulus/S  1	1	37629549	37629557	111	1	40	pips_40_500-8000.hdf5	both	none
3764.0109	1	Stimulus/S  1	1	37640109	37640117	111	2	60	pips_40_500-8000.hdf5	both	none
3765.0776	1	Stimulus/S  1	1	37650776	37650784	111	3	70	pips_40_500-8000.hdf5	both	none
3766.1229	1	Stimulus/S  1	1	37661229	37661237	111	4	50	pips_40_500-8000.hdf5	both	none
3767.1896	1	Stimulus/S  1	1	37671896	37671904	111	5	30	pips_40_500-8000.hdf5	both	none
3768.2562	1	Stimulus/S  1	1	37682562	37682570	112	0	20	pips_40_500-8000.hdf5	both	none
3769.3123	1	Stimulus/S  1	1	37693123	37693131	112	1	40	pips_40_500-8000.hdf5	both	none
3770.3789	1	Stimulus/S  1	1	37703789	37703797	112	2	60	pips_40_500-8000.hdf5	both	none
3771.4243	1	Stimulus/S  1	1	37714243	37714251	112	3	70	pips_40_500-8000.hdf5	both	none
3772.4803	1	Stimulus/S  1	1	37724803	37724811	112	4	50	pips_40_500-8000.hdf5	both	none
3773.5256	1	Stimulus/S  1	1	37735256	37735264	112	5	30	pips_40_500-8000.hdf5	both	none
3774.5816	1	Stimulus/S  1	1	37745816	37745824	113	0	20	pips_40_500-8000.hdf5	both	none
3775.6483	1	Stimulus/S  1	1	37756483	37756491	113	1	40	pips_40_500-8000.hdf5	both	none
3776.6937	1	Stimulus/S  1	1	37766937	37766945	113	2	60	pips_40_500-8000.hdf5	both	none
3777.739	1	Stimulus/S  1	1	37777390	37777398	113	3	70	pips_40_500-8000.hdf5	both	none
3778.795	1	Stimulus/S  1	1	37787950	37787958	113	4	50	pips_40_500-8000.hdf5	both	none
3779.8404	1	Stimulus/S  1	1	37798404	37798412	113	5	30	pips_40_500-8000.hdf5	both	none
3780.8964	1	Stimulus/S  1	1	37808964	37808972	114	0	20	pips_40_500-8000.hdf5	both	none
3781.9631	1	Stimulus/S  1	1	37819631	37819639	114	1	40	pips_40_500-8000.hdf5	both	none
3783.0297	1	Stimulus/S  1	1	37830297	37830305	114	2	60	pips_40_500-8000.hdf5	both	none
3784.0751	1	Stimulus/S  1	1	37840751	37840759	114	3	70	pips_40_500-8000.hdf5	both	none
3785.1417	1	Stimulus/S  1	1	37851417	37851425	114	4	50	pips_40_500-8000.hdf5	both	none
3786.1978	1	Stimulus/S  1	1	37861978	37861986	114	5	30	pips_40_500-8000.hdf5	both	none
3787.2644	1	Stimulus/S  1	1	37872644	37872652	115	0	20	pips_40_500-8000.hdf5	both	none
3788.3098	1	Stimulus/S  1	1	37883098	37883106	115	1	40	pips_40_500-8000.hdf5	both	none
3789.3658	1	Stimulus/S  1	1	37893658	37893666	115	2	60	pips_40_500-8000.hdf5	both	none
3790.4111	1	Stimulus/S  1	1	37904111	37904119	115	3	70	pips_40_500-8000.hdf5	both	none
3791.4778	1	Stimulus/S  1	1	37914778	37914786	115	4	50	pips_40_500-8000.hdf5	both	none
3792.5232	1	Stimulus/S  1	1	37925232	37925240	115	5	30	pips_40_500-8000.hdf5	both	none
3793.5898	1	Stimulus/S  1	1	37935898	37935906	116	0	20	pips_40_500-8000.hdf5	both	none
3794.6565	1	Stimulus/S  1	1	37946565	37946573	116	1	40	pips_40_500-8000.hdf5	both	none
3795.7125	1	Stimulus/S  1	1	37957125	37957133	116	2	60	pips_40_500-8000.hdf5	both	none
3796.7792	1	Stimulus/S  1	1	37967792	37967800	116	3	70	pips_40_500-8000.hdf5	both	none
3797.8245	1	Stimulus/S  1	1	37978245	37978253	116	4	50	pips_40_500-8000.hdf5	both	none
3798.8805	1	Stimulus/S  1	1	37988805	37988813	116	5	30	pips_40_500-8000.hdf5	both	none
3799.9472	1	Stimulus/S  1	1	37999472	37999480	117	0	20	pips_40_500-8000.hdf5	both	none
3800.9926	1	Stimulus/S  1	1	38009926	38009934	117	1	40	pips_40_500-8000.hdf5	both	none
3802.0486	1	Stimulus/S  1	1	38020486	38020494	117	2	60	pips_40_500-8000.hdf5	both	none
3803.1153	1	Stimulus/S  1	1	38031153	38031161	117	3	70	pips_40_500-8000.hdf5	both	none
3804.1606	1	Stimulus/S  1	1	38041606	38041614	117	4	50	pips_40_500-8000.hdf5	both	none
3805.2059	1	Stimulus/S  1	1	38052059	38052067	117	5	30	pips_40_500-8000.hdf5	both	none
3806.2726	1	Stimulus/S  1	1	38062726	38062734	118	0	20	pips_40_500-8000.hdf5	both	none
3807.3286	1	Stimulus/S  1	1	38073286	38073294	118	1	40	pips_40_500-8000.hdf5	both	none
3808.374	1	Stimulus/S  1	1	38083740	38083748	118	2	60	pips_40_500-8000.hdf5	both	none
3809.43	1	Stimulus/S  1	1	38094300	38094308	118	3	70	pips_40_500-8000.hdf5	both	none
3810.4753	1	Stimulus/S  1	1	38104753	38104761	118	4	50	pips_40_500-8000.hdf5	both	none
3811.542	1	Stimulus/S  1	1	38115420	38115428	118	5	30	pips_40_500-8000.hdf5	both	none
3812.598	1	Stimulus/S  1	1	38125980	38125988	119	0	20	pips_40_500-8000.hdf5	both	none
3813.6434	1	Stimulus/S  1	1	38136434	38136442	119	1	40	pips_40_500-8000.hdf5	both	none
3814.6994	1	Stimulus/S  1	1	38146994	38147002	119	2	60	pips_40_500-8000.hdf5	both	none
3815.7447	1	Stimulus/S  1	1	38157447	38157455	119	3	70	pips_40_500-8000.hdf5	both	none
3816.7901	1	Stimulus/S  1	1	38167901	38167909	119	4	50	pips_40_500-8000.hdf5	both	none
3817.8461	1	Stimulus/S  1	1	38178461	38178469	119	5	30	pips_40_500-8000.hdf5	both	none
