onset	duration	trial_type	value	sample	sample_corrected	token	run	level	stim_file	ear_ac	ear_bc
19.3001	1	Stimulus/S  1	1	193001	193009	0	0	20	pips_40_500-8000.hdf5	both	none
20.3668	1	Stimulus/S  1	1	203668	203676	0	1	40	pips_40_500-8000.hdf5	both	none
21.4335	1	Stimulus/S  1	1	214335	214343	0	2	60	pips_40_500-8000.hdf5	both	none
22.4788	1	Stimulus/S  1	1	224788	224796	0	3	70	pips_40_500-8000.hdf5	both	none
23.5455	1	Stimulus/S  1	1	235455	235463	0	4	50	pips_40_500-8000.hdf5	both	none
24.6122	1	Stimulus/S  1	1	246122	246130	0	5	30	pips_40_500-8000.hdf5	both	none
25.6682	1	Stimulus/S  1	1	256682	256690	1	0	20	pips_40_500-8000.hdf5	both	none
26.7349	1	Stimulus/S  1	1	267349	267357	1	1	40	pips_40_500-8000.hdf5	both	none
27.7802	1	Stimulus/S  1	1	277802	277810	1	2	60	pips_40_500-8000.hdf5	both	none
28.8469	1	Stimulus/S  1	1	288469	288477	1	3	70	pips_40_500-8000.hdf5	both	none
29.9136	1	Stimulus/S  1	1	299136	299144	1	4	50	pips_40_500-8000.hdf5	both	none
30.9696	1	Stimulus/S  1	1	309696	309704	1	5	30	pips_40_500-8000.hdf5	both	none
32.0362	1	Stimulus/S  1	1	320362	320370	2	0	20	pips_40_500-8000.hdf5	both	none
33.0816	1	Stimulus/S  1	1	330816	330824	2	1	40	pips_40_500-8000.hdf5	both	none
34.1376	1	Stimulus/S  1	1	341376	341384	2	2	60	pips_40_500-8000.hdf5	both	none
35.2043	1	Stimulus/S  1	1	352043	352051	2	3	70	pips_40_500-8000.hdf5	both	none
36.2496	1	Stimulus/S  1	1	362496	362504	2	4	50	pips_40_500-8000.hdf5	both	none
37.295	1	Stimulus/S  1	1	372950	372958	2	5	30	pips_40_500-8000.hdf5	both	none
38.3616	1	Stimulus/S  1	1	383616	383624	3	0	20	pips_40_500-8000.hdf5	both	none
39.4177	1	Stimulus/S  1	1	394177	394185	3	1	40	pips_40_500-8000.hdf5	both	none
40.463	1	Stimulus/S  1	1	404630	404638	3	2	60	pips_40_500-8000.hdf5	both	none
41.5297	1	Stimulus/S  1	1	415297	415305	3	3	70	pips_40_500-8000.hdf5	both	none
42.5857	1	Stimulus/S  1	1	425857	425865	3	4	50	pips_40_500-8000.hdf5	both	none
43.631	1	Stimulus/S  1	1	436310	436318	3	5	30	pips_40_500-8000.hdf5	both	none
44.6977	1	Stimulus/S  1	1	446977	446985	4	0	20	pips_40_500-8000.hdf5	both	none
45.7537	1	Stimulus/S  1	1	457537	457545	4	1	40	pips_40_500-8000.hdf5	both	none
46.7991	1	Stimulus/S  1	1	467991	467999	4	2	60	pips_40_500-8000.hdf5	both	none
47.8657	1	Stimulus/S  1	1	478657	478665	4	3	70	pips_40_500-8000.hdf5	both	none
48.9217	1	Stimulus/S  1	1	489217	489225	4	4	50	pips_40_500-8000.hdf5	both	none
49.9884	1	Stimulus/S  1	1	499884	499892	4	5	30	pips_40_500-8000.hdf5	both	none
51.0338	1	Stimulus/S  1	1	510338	510346	5	0	20	pips_40_500-8000.hdf5	both	none
52.0898	1	Stimulus/S  1	1	520898	520906	5	1	40	pips_40_500-8000.hdf5	both	none
53.1458	1	Stimulus/S  1	1	531458	531466	5	2	60	pips_40_500-8000.hdf5	both	none
54.2018	1	Stimulus/S  1	1	542018	542026	5	3	70	pips_40_500-8000.hdf5	both	none
55.2471	1	Stimulus/S  1	1	552471	552479	5	4	50	pips_40_500-8000.hdf5	both	none
56.3138	1	Stimulus/S  1	1	563138	563146	5	5	30	pips_40_500-8000.hdf5	both	none
57.3698	1	Stimulus/S  1	1	573698	573706	6	0	20	pips_40_500-8000.hdf5	both	none
58.4152	1	Stimulus/S  1	1	584152	584160	6	1	40	pips_40_500-8000.hdf5	both	none
59.4819	1	Stimulus/S  1	1	594819	594827	6	2	60	pips_40_500-8000.hdf5	both	none
60.5379	1	Stimulus/S  1	1	605379	605387	6	3	70	pips_40_500-8000.hdf5	both	none
61.5832	1	Stimulus/S  1	1	615832	615840	6	4	50	pips_40_500-8000.hdf5	both	none
62.6499	1	Stimulus/S  1	1	626499	626507	6	5	30	pips_40_500-8000.hdf5	both	none
63.7059	1	Stimulus/S  1	1	637059	637067	7	0	20	pips_40_500-8000.hdf5	both	none
64.7619	1	Stimulus/S  1	1	647619	647627	7	1	40	pips_40_500-8000.hdf5	both	none
65.8179	1	Stimulus/S  1	1	658179	658187	7	2	60	pips_40_500-8000.hdf5	both	none
66.8633	1	Stimulus/S  1	1	668633	668641	7	3	70	pips_40_500-8000.hdf5	both	none
67.9299	1	Stimulus/S  1	1	679299	679307	7	4	50	pips_40_500-8000.hdf5	both	none
68.986	1	Stimulus/S  1	1	689860	689868	7	5	30	pips_40_500-8000.hdf5	both	none
70.0526	1	Stimulus/S  1	1	700526	700534	8	0	20	pips_40_500-8000.hdf5	both	none
71.098	1	Stimulus/S  1	1	710980	710988	8	1	40	pips_40_500-8000.hdf5	both	none
72.1647	1	Stimulus/S  1	1	721647	721655	8	2	60	pips_40_500-8000.hdf5	both	none
73.2207	1	Stimulus/S  1	1	732207	732215	8	3	70	pips_40_500-8000.hdf5	both	none
74.2873	1	Stimulus/S  1	1	742873	742881	8	4	50	pips_40_500-8000.hdf5	both	none
75.354	1	Stimulus/S  1	1	753540	753548	8	5	30	pips_40_500-8000.hdf5	both	none
76.3994	1	Stimulus/S  1	1	763994	764002	9	0	20	pips_40_500-8000.hdf5	both	none
77.466	1	Stimulus/S  1	1	774660	774668	9	1	40	pips_40_500-8000.hdf5	both	none
78.522	1	Stimulus/S  1	1	785220	785228	9	2	60	pips_40_500-8000.hdf5	both	none
79.5887	1	Stimulus/S  1	1	795887	795895	9	3	70	pips_40_500-8000.hdf5	both	none
80.6554	1	Stimulus/S  1	1	806554	806562	9	4	50	pips_40_500-8000.hdf5	both	none
81.7007	1	Stimulus/S  1	1	817007	817015	9	5	30	pips_40_500-8000.hdf5	both	none
82.7461	1	Stimulus/S  1	1	827461	827469	10	0	20	pips_40_500-8000.hdf5	both	none
83.8021	1	Stimulus/S  1	1	838021	838029	10	1	40	pips_40_500-8000.hdf5	both	none
84.8474	1	Stimulus/S  1	1	848474	848482	10	2	60	pips_40_500-8000.hdf5	both	none
85.9141	1	Stimulus/S  1	1	859141	859149	10	3	70	pips_40_500-8000.hdf5	both	none
86.9701	1	Stimulus/S  1	1	869701	869709	10	4	50	pips_40_500-8000.hdf5	both	none
88.0155	1	Stimulus/S  1	1	880155	880163	10	5	30	pips_40_500-8000.hdf5	both	none
89.0822	1	Stimulus/S  1	1	890822	890830	11	0	20	pips_40_500-8000.hdf5	both	none
90.1382	1	Stimulus/S  1	1	901382	901390	11	1	40	pips_40_500-8000.hdf5	both	none
91.2048	1	Stimulus/S  1	1	912048	912056	11	2	60	pips_40_500-8000.hdf5	both	none
92.2502	1	Stimulus/S  1	1	922502	922510	11	3	70	pips_40_500-8000.hdf5	both	none
93.2955	1	Stimulus/S  1	1	932955	932963	11	4	50	pips_40_500-8000.hdf5	both	none
94.3729	1	Stimulus/S  1	1	943729	943737	11	5	30	pips_40_500-8000.hdf5	both	none
95.4182	1	Stimulus/S  1	1	954182	954190	12	0	20	pips_40_500-8000.hdf5	both	none
96.4849	1	Stimulus/S  1	1	964849	964857	12	1	40	pips_40_500-8000.hdf5	both	none
97.5302	1	Stimulus/S  1	1	975302	975310	12	2	60	pips_40_500-8000.hdf5	both	none
98.5863	1	Stimulus/S  1	1	985863	985871	12	3	70	pips_40_500-8000.hdf5	both	none
99.6316	1	Stimulus/S  1	1	996316	996324	12	4	50	pips_40_500-8000.hdf5	both	none
100.6983	1	Stimulus/S  1	1	1006983	1006991	12	5	30	pips_40_500-8000.hdf5	both	none
101.765	1	Stimulus/S  1	1	1017650	1017658	13	0	20	pips_40_500-8000.hdf5	both	none
102.821	1	Stimulus/S  1	1	1028210	1028218	13	1	40	pips_40_500-8000.hdf5	both	none
103.8876	1	Stimulus/S  1	1	1038876	1038884	13	2	60	pips_40_500-8000.hdf5	both	none
104.9543	1	Stimulus/S  1	1	1049543	1049551	13	3	70	pips_40_500-8000.hdf5	both	none
105.9997	1	Stimulus/S  1	1	1059997	1060005	13	4	50	pips_40_500-8000.hdf5	both	none
107.0663	1	Stimulus/S  1	1	1070663	1070671	13	5	30	pips_40_500-8000.hdf5	both	none
108.1224	1	Stimulus/S  1	1	1081224	1081232	14	0	20	pips_40_500-8000.hdf5	both	none
109.1677	1	Stimulus/S  1	1	1091677	1091685	14	1	40	pips_40_500-8000.hdf5	both	none
110.213	1	Stimulus/S  1	1	1102130	1102138	14	2	60	pips_40_500-8000.hdf5	both	none
111.2797	1	Stimulus/S  1	1	1112797	1112805	14	3	70	pips_40_500-8000.hdf5	both	none
112.3357	1	Stimulus/S  1	1	1123357	1123365	14	4	50	pips_40_500-8000.hdf5	both	none
113.4024	1	Stimulus/S  1	1	1134024	1134032	14	5	30	pips_40_500-8000.hdf5	both	none
114.4477	1	Stimulus/S  1	1	1144477	1144485	15	0	20	pips_40_500-8000.hdf5	both	none
115.5038	1	Stimulus/S  1	1	1155038	1155046	15	1	40	pips_40_500-8000.hdf5	both	none
116.5704	1	Stimulus/S  1	1	1165704	1165712	15	2	60	pips_40_500-8000.hdf5	both	none
117.6158	1	Stimulus/S  1	1	1176158	1176166	15	3	70	pips_40_500-8000.hdf5	both	none
118.6825	1	Stimulus/S  1	1	1186825	1186833	15	4	50	pips_40_500-8000.hdf5	both	none
119.7385	1	Stimulus/S  1	1	1197385	1197393	15	5	30	pips_40_500-8000.hdf5	both	none
120.7838	1	Stimulus/S  1	1	1207838	1207846	16	0	20	pips_40_500-8000.hdf5	both	none
121.8505	1	Stimulus/S  1	1	1218505	1218513	16	1	40	pips_40_500-8000.hdf5	both	none
122.9065	1	Stimulus/S  1	1	1229065	1229073	16	2	60	pips_40_500-8000.hdf5	both	none
123.9732	1	Stimulus/S  1	1	1239732	1239740	16	3	70	pips_40_500-8000.hdf5	both	none
125.0399	1	Stimulus/S  1	1	1250399	1250407	16	4	50	pips_40_500-8000.hdf5	both	none
126.0852	1	Stimulus/S  1	1	1260852	1260860	16	5	30	pips_40_500-8000.hdf5	both	none
127.1305	1	Stimulus/S  1	1	1271305	1271313	17	0	20	pips_40_500-8000.hdf5	both	none
128.1866	1	Stimulus/S  1	1	1281866	1281874	17	1	40	pips_40_500-8000.hdf5	both	none
129.2319	1	Stimulus/S  1	1	1292319	1292327	17	2	60	pips_40_500-8000.hdf5	both	none
130.2986	1	Stimulus/S  1	1	1302986	1302994	17	3	70	pips_40_500-8000.hdf5	both	none
131.3546	1	Stimulus/S  1	1	1313546	1313554	17	4	50	pips_40_500-8000.hdf5	both	none
132.3999	1	Stimulus/S  1	1	1323999	1324007	17	5	30	pips_40_500-8000.hdf5	both	none
133.4559	1	Stimulus/S  1	1	1334559	1334567	18	0	20	pips_40_500-8000.hdf5	both	none
134.5013	1	Stimulus/S  1	1	1345013	1345021	18	1	40	pips_40_500-8000.hdf5	both	none
135.5466	1	Stimulus/S  1	1	1355466	1355474	18	2	60	pips_40_500-8000.hdf5	both	none
136.6026	1	Stimulus/S  1	1	1366026	1366034	18	3	70	pips_40_500-8000.hdf5	both	none
137.6693	1	Stimulus/S  1	1	1376693	1376701	18	4	50	pips_40_500-8000.hdf5	both	none
138.7147	1	Stimulus/S  1	1	1387147	1387155	18	5	30	pips_40_500-8000.hdf5	both	none
139.7813	1	Stimulus/S  1	1	1397813	1397821	19	0	20	pips_40_500-8000.hdf5	both	none
140.8374	1	Stimulus/S  1	1	1408374	1408382	19	1	40	pips_40_500-8000.hdf5	both	none
141.8827	1	Stimulus/S  1	1	1418827	1418835	19	2	60	pips_40_500-8000.hdf5	both	none
142.9494	1	Stimulus/S  1	1	1429494	1429502	19	3	70	pips_40_500-8000.hdf5	both	none
144.0161	1	Stimulus/S  1	1	1440161	1440169	19	4	50	pips_40_500-8000.hdf5	both	none
145.0721	1	Stimulus/S  1	1	1450721	1450729	19	5	30	pips_40_500-8000.hdf5	both	none
146.1387	1	Stimulus/S  1	1	1461387	1461395	20	0	20	pips_40_500-8000.hdf5	both	none
147.1841	1	Stimulus/S  1	1	1471841	1471849	20	1	40	pips_40_500-8000.hdf5	both	none
148.2508	1	Stimulus/S  1	1	1482508	1482516	20	2	60	pips_40_500-8000.hdf5	both	none
149.3068	1	Stimulus/S  1	1	1493068	1493076	20	3	70	pips_40_500-8000.hdf5	both	none
150.3521	1	Stimulus/S  1	1	1503521	1503529	20	4	50	pips_40_500-8000.hdf5	both	none
151.4188	1	Stimulus/S  1	1	1514188	1514196	20	5	30	pips_40_500-8000.hdf5	both	none
152.4641	1	Stimulus/S  1	1	1524641	1524649	21	0	20	pips_40_500-8000.hdf5	both	none
153.5201	1	Stimulus/S  1	1	1535201	1535209	21	1	40	pips_40_500-8000.hdf5	both	none
154.5655	1	Stimulus/S  1	1	1545655	1545663	21	2	60	pips_40_500-8000.hdf5	both	none
155.6322	1	Stimulus/S  1	1	1556322	1556330	21	3	70	pips_40_500-8000.hdf5	both	none
156.6882	1	Stimulus/S  1	1	1566882	1566890	21	4	50	pips_40_500-8000.hdf5	both	none
157.7335	1	Stimulus/S  1	1	1577335	1577343	21	5	30	pips_40_500-8000.hdf5	both	none
158.8002	1	Stimulus/S  1	1	1588002	1588010	22	0	20	pips_40_500-8000.hdf5	both	none
159.8562	1	Stimulus/S  1	1	1598562	1598570	22	1	40	pips_40_500-8000.hdf5	both	none
160.9016	1	Stimulus/S  1	1	1609016	1609024	22	2	60	pips_40_500-8000.hdf5	both	none
161.9682	1	Stimulus/S  1	1	1619682	1619690	22	3	70	pips_40_500-8000.hdf5	both	none
163.0136	1	Stimulus/S  1	1	1630136	1630144	22	4	50	pips_40_500-8000.hdf5	both	none
164.0696	1	Stimulus/S  1	1	1640696	1640704	22	5	30	pips_40_500-8000.hdf5	both	none
165.1363	1	Stimulus/S  1	1	1651363	1651371	23	0	20	pips_40_500-8000.hdf5	both	none
166.1816	1	Stimulus/S  1	1	1661816	1661824	23	1	40	pips_40_500-8000.hdf5	both	none
167.2376	1	Stimulus/S  1	1	1672376	1672384	23	2	60	pips_40_500-8000.hdf5	both	none
168.3043	1	Stimulus/S  1	1	1683043	1683051	23	3	70	pips_40_500-8000.hdf5	both	none
169.371	1	Stimulus/S  1	1	1693710	1693718	23	4	50	pips_40_500-8000.hdf5	both	none
170.4163	1	Stimulus/S  1	1	1704163	1704171	23	5	30	pips_40_500-8000.hdf5	both	none
171.483	1	Stimulus/S  1	1	1714830	1714838	24	0	20	pips_40_500-8000.hdf5	both	none
172.5497	1	Stimulus/S  1	1	1725497	1725505	24	1	40	pips_40_500-8000.hdf5	both	none
173.6057	1	Stimulus/S  1	1	1736057	1736065	24	2	60	pips_40_500-8000.hdf5	both	none
174.6724	1	Stimulus/S  1	1	1746724	1746732	24	3	70	pips_40_500-8000.hdf5	both	none
175.739	1	Stimulus/S  1	1	1757390	1757398	24	4	50	pips_40_500-8000.hdf5	both	none
176.7844	1	Stimulus/S  1	1	1767844	1767852	24	5	30	pips_40_500-8000.hdf5	both	none
177.8404	1	Stimulus/S  1	1	1778404	1778412	25	0	20	pips_40_500-8000.hdf5	both	none
178.8857	1	Stimulus/S  1	1	1788857	1788865	25	1	40	pips_40_500-8000.hdf5	both	none
179.9311	1	Stimulus/S  1	1	1799311	1799319	25	2	60	pips_40_500-8000.hdf5	both	none
180.9871	1	Stimulus/S  1	1	1809871	1809879	25	3	70	pips_40_500-8000.hdf5	both	none
182.0324	1	Stimulus/S  1	1	1820324	1820332	25	4	50	pips_40_500-8000.hdf5	both	none
183.0991	1	Stimulus/S  1	1	1830991	1830999	25	5	30	pips_40_500-8000.hdf5	both	none
184.1551	1	Stimulus/S  1	1	1841551	1841559	26	0	20	pips_40_500-8000.hdf5	both	none
185.2005	1	Stimulus/S  1	1	1852005	1852013	26	1	40	pips_40_500-8000.hdf5	both	none
186.2671	1	Stimulus/S  1	1	1862671	1862679	26	2	60	pips_40_500-8000.hdf5	both	none
187.3232	1	Stimulus/S  1	1	1873232	1873240	26	3	70	pips_40_500-8000.hdf5	both	none
188.3685	1	Stimulus/S  1	1	1883685	1883693	26	4	50	pips_40_500-8000.hdf5	both	none
189.4352	1	Stimulus/S  1	1	1894352	1894360	26	5	30	pips_40_500-8000.hdf5	both	none
190.5019	1	Stimulus/S  1	1	1905019	1905027	27	0	20	pips_40_500-8000.hdf5	both	none
191.5472	1	Stimulus/S  1	1	1915472	1915480	27	1	40	pips_40_500-8000.hdf5	both	none
192.6032	1	Stimulus/S  1	1	1926032	1926040	27	2	60	pips_40_500-8000.hdf5	both	none
193.6699	1	Stimulus/S  1	1	1936699	1936707	27	3	70	pips_40_500-8000.hdf5	both	none
194.7152	1	Stimulus/S  1	1	1947152	1947160	27	4	50	pips_40_500-8000.hdf5	both	none
195.7712	1	Stimulus/S  1	1	1957712	1957720	27	5	30	pips_40_500-8000.hdf5	both	none
196.8379	1	Stimulus/S  1	1	1968379	1968387	28	0	20	pips_40_500-8000.hdf5	both	none
197.8833	1	Stimulus/S  1	1	1978833	1978841	28	1	40	pips_40_500-8000.hdf5	both	none
198.9499	1	Stimulus/S  1	1	1989499	1989507	28	2	60	pips_40_500-8000.hdf5	both	none
200.006	1	Stimulus/S  1	1	2000060	2000068	28	3	70	pips_40_500-8000.hdf5	both	none
201.0513	1	Stimulus/S  1	1	2010513	2010521	28	4	50	pips_40_500-8000.hdf5	both	none
202.1073	1	Stimulus/S  1	1	2021073	2021081	28	5	30	pips_40_500-8000.hdf5	both	none
203.1527	1	Stimulus/S  1	1	2031527	2031535	29	0	20	pips_40_500-8000.hdf5	both	none
204.2193	1	Stimulus/S  1	1	2042193	2042201	29	1	40	pips_40_500-8000.hdf5	both	none
205.2753	1	Stimulus/S  1	1	2052753	2052761	29	2	60	pips_40_500-8000.hdf5	both	none
206.3314	1	Stimulus/S  1	1	2063314	2063322	29	3	70	pips_40_500-8000.hdf5	both	none
207.398	1	Stimulus/S  1	1	2073980	2073988	29	4	50	pips_40_500-8000.hdf5	both	none
208.454	1	Stimulus/S  1	1	2084540	2084548	29	5	30	pips_40_500-8000.hdf5	both	none
209.4994	1	Stimulus/S  1	1	2094994	2095002	30	0	20	pips_40_500-8000.hdf5	both	none
210.5661	1	Stimulus/S  1	1	2105661	2105669	30	1	40	pips_40_500-8000.hdf5	both	none
211.6327	1	Stimulus/S  1	1	2116327	2116335	30	2	60	pips_40_500-8000.hdf5	both	none
212.6888	1	Stimulus/S  1	1	2126888	2126896	30	3	70	pips_40_500-8000.hdf5	both	none
213.7554	1	Stimulus/S  1	1	2137554	2137562	30	4	50	pips_40_500-8000.hdf5	both	none
214.8008	1	Stimulus/S  1	1	2148008	2148016	30	5	30	pips_40_500-8000.hdf5	both	none
215.8568	1	Stimulus/S  1	1	2158568	2158576	31	0	20	pips_40_500-8000.hdf5	both	none
216.9021	1	Stimulus/S  1	1	2169021	2169029	31	1	40	pips_40_500-8000.hdf5	both	none
217.9581	1	Stimulus/S  1	1	2179581	2179589	31	2	60	pips_40_500-8000.hdf5	both	none
219.0248	1	Stimulus/S  1	1	2190248	2190256	31	3	70	pips_40_500-8000.hdf5	both	none
220.0702	1	Stimulus/S  1	1	2200702	2200710	31	4	50	pips_40_500-8000.hdf5	both	none
221.1155	1	Stimulus/S  1	1	2211155	2211163	31	5	30	pips_40_500-8000.hdf5	both	none
222.1822	1	Stimulus/S  1	1	2221822	2221830	32	0	20	pips_40_500-8000.hdf5	both	none
223.2382	1	Stimulus/S  1	1	2232382	2232390	32	1	40	pips_40_500-8000.hdf5	both	none
224.2835	1	Stimulus/S  1	1	2242835	2242843	32	2	60	pips_40_500-8000.hdf5	both	none
225.3502	1	Stimulus/S  1	1	2253502	2253510	32	3	70	pips_40_500-8000.hdf5	both	none
226.4062	1	Stimulus/S  1	1	2264062	2264070	32	4	50	pips_40_500-8000.hdf5	both	none
227.4516	1	Stimulus/S  1	1	2274516	2274524	32	5	30	pips_40_500-8000.hdf5	both	none
228.5182	1	Stimulus/S  1	1	2285182	2285190	33	0	20	pips_40_500-8000.hdf5	both	none
229.5743	1	Stimulus/S  1	1	2295743	2295751	33	1	40	pips_40_500-8000.hdf5	both	none
230.6196	1	Stimulus/S  1	1	2306196	2306204	33	2	60	pips_40_500-8000.hdf5	both	none
231.6863	1	Stimulus/S  1	1	2316863	2316871	33	3	70	pips_40_500-8000.hdf5	both	none
232.7316	1	Stimulus/S  1	1	2327316	2327324	33	4	50	pips_40_500-8000.hdf5	both	none
233.7876	1	Stimulus/S  1	1	2337876	2337884	33	5	30	pips_40_500-8000.hdf5	both	none
234.8543	1	Stimulus/S  1	1	2348543	2348551	34	0	20	pips_40_500-8000.hdf5	both	none
235.8997	1	Stimulus/S  1	1	2358997	2359005	34	1	40	pips_40_500-8000.hdf5	both	none
236.9557	1	Stimulus/S  1	1	2369557	2369565	34	2	60	pips_40_500-8000.hdf5	both	none
238.001	1	Stimulus/S  1	1	2380010	2380018	34	3	70	pips_40_500-8000.hdf5	both	none
239.057	1	Stimulus/S  1	1	2390570	2390578	34	4	50	pips_40_500-8000.hdf5	both	none
240.1237	1	Stimulus/S  1	1	2401237	2401245	34	5	30	pips_40_500-8000.hdf5	both	none
241.169	1	Stimulus/S  1	1	2411690	2411698	35	0	20	pips_40_500-8000.hdf5	both	none
242.2357	1	Stimulus/S  1	1	2422357	2422365	35	1	40	pips_40_500-8000.hdf5	both	none
243.3024	1	Stimulus/S  1	1	2433024	2433032	35	2	60	pips_40_500-8000.hdf5	both	none
244.3584	1	Stimulus/S  1	1	2443584	2443592	35	3	70	pips_40_500-8000.hdf5	both	none
245.4037	1	Stimulus/S  1	1	2454037	2454045	35	4	50	pips_40_500-8000.hdf5	both	none
246.4704	1	Stimulus/S  1	1	2464704	2464712	35	5	30	pips_40_500-8000.hdf5	both	none
247.5158	1	Stimulus/S  1	1	2475158	2475166	36	0	20	pips_40_500-8000.hdf5	both	none
248.5718	1	Stimulus/S  1	1	2485718	2485726	36	1	40	pips_40_500-8000.hdf5	both	none
249.6385	1	Stimulus/S  1	1	2496385	2496393	36	2	60	pips_40_500-8000.hdf5	both	none
250.6838	1	Stimulus/S  1	1	2506838	2506846	36	3	70	pips_40_500-8000.hdf5	both	none
251.7398	1	Stimulus/S  1	1	2517398	2517406	36	4	50	pips_40_500-8000.hdf5	both	none
252.7852	1	Stimulus/S  1	1	2527852	2527860	36	5	30	pips_40_500-8000.hdf5	both	none
253.8518	1	Stimulus/S  1	1	2538518	2538526	37	0	20	pips_40_500-8000.hdf5	both	none
254.9185	1	Stimulus/S  1	1	2549185	2549193	37	1	40	pips_40_500-8000.hdf5	both	none
255.9745	1	Stimulus/S  1	1	2559745	2559753	37	2	60	pips_40_500-8000.hdf5	both	none
257.0199	1	Stimulus/S  1	1	2570199	2570207	37	3	70	pips_40_500-8000.hdf5	both	none
258.0865	1	Stimulus/S  1	1	2580865	2580873	37	4	50	pips_40_500-8000.hdf5	both	none
259.1532	1	Stimulus/S  1	1	2591532	2591540	37	5	30	pips_40_500-8000.hdf5	both	none
260.2092	1	Stimulus/S  1	1	2602092	2602100	38	0	20	pips_40_500-8000.hdf5	both	none
261.2546	1	Stimulus/S  1	1	2612546	2612554	38	1	40	pips_40_500-8000.hdf5	both	none
262.2999	1	Stimulus/S  1	1	2622999	2623007	38	2	60	pips_40_500-8000.hdf5	both	none
263.3666	1	Stimulus/S  1	1	2633666	2633674	38	3	70	pips_40_500-8000.hdf5	both	none
264.4333	1	Stimulus/S  1	1	2644333	2644341	38	4	50	pips_40_500-8000.hdf5	both	none
265.4893	1	Stimulus/S  1	1	2654893	2654901	38	5	30	pips_40_500-8000.hdf5	both	none
266.5346	1	Stimulus/S  1	1	2665346	2665354	39	0	20	pips_40_500-8000.hdf5	both	none
267.6013	1	Stimulus/S  1	1	2676013	2676021	39	1	40	pips_40_500-8000.hdf5	both	none
268.668	1	Stimulus/S  1	1	2686680	2686688	39	2	60	pips_40_500-8000.hdf5	both	none
269.724	1	Stimulus/S  1	1	2697240	2697248	39	3	70	pips_40_500-8000.hdf5	both	none
270.7693	1	Stimulus/S  1	1	2707693	2707701	39	4	50	pips_40_500-8000.hdf5	both	none
271.8254	1	Stimulus/S  1	1	2718254	2718262	39	5	30	pips_40_500-8000.hdf5	both	none
272.8707	1	Stimulus/S  1	1	2728707	2728715	40	0	20	pips_40_500-8000.hdf5	both	none
273.916	1	Stimulus/S  1	1	2739160	2739168	40	1	40	pips_40_500-8000.hdf5	both	none
274.9827	1	Stimulus/S  1	1	2749827	2749835	40	2	60	pips_40_500-8000.hdf5	both	none
276.0494	1	Stimulus/S  1	1	2760494	2760502	40	3	70	pips_40_500-8000.hdf5	both	none
277.1161	1	Stimulus/S  1	1	2771161	2771169	40	4	50	pips_40_500-8000.hdf5	both	none
278.1721	1	Stimulus/S  1	1	2781721	2781729	40	5	30	pips_40_500-8000.hdf5	both	none
279.2174	1	Stimulus/S  1	1	2792174	2792182	41	0	20	pips_40_500-8000.hdf5	both	none
280.2841	1	Stimulus/S  1	1	2802841	2802849	41	1	40	pips_40_500-8000.hdf5	both	none
281.3508	1	Stimulus/S  1	1	2813508	2813516	41	2	60	pips_40_500-8000.hdf5	both	none
282.4175	1	Stimulus/S  1	1	2824175	2824183	41	3	70	pips_40_500-8000.hdf5	both	none
283.4841	1	Stimulus/S  1	1	2834841	2834849	41	4	50	pips_40_500-8000.hdf5	both	none
284.5401	1	Stimulus/S  1	1	2845401	2845409	41	5	30	pips_40_500-8000.hdf5	both	none
285.6068	1	Stimulus/S  1	1	2856068	2856076	42	0	20	pips_40_500-8000.hdf5	both	none
286.6735	1	Stimulus/S  1	1	2866735	2866743	42	1	40	pips_40_500-8000.hdf5	both	none
287.7188	1	Stimulus/S  1	1	2877188	2877196	42	2	60	pips_40_500-8000.hdf5	both	none
288.7749	1	Stimulus/S  1	1	2887749	2887757	42	3	70	pips_40_500-8000.hdf5	both	none
289.8415	1	Stimulus/S  1	1	2898415	2898423	42	4	50	pips_40_500-8000.hdf5	both	none
290.8869	1	Stimulus/S  1	1	2908869	2908877	42	5	30	pips_40_500-8000.hdf5	both	none
291.9429	1	Stimulus/S  1	1	2919429	2919437	43	0	20	pips_40_500-8000.hdf5	both	none
293.0096	1	Stimulus/S  1	1	2930096	2930104	43	1	40	pips_40_500-8000.hdf5	both	none
294.0549	1	Stimulus/S  1	1	2940549	2940557	43	2	60	pips_40_500-8000.hdf5	both	none
295.1003	1	Stimulus/S  1	1	2951003	2951011	43	3	70	pips_40_500-8000.hdf5	both	none
296.1669	1	Stimulus/S  1	1	2961669	2961677	43	4	50	pips_40_500-8000.hdf5	both	none
297.2229	1	Stimulus/S  1	1	2972229	2972237	43	5	30	pips_40_500-8000.hdf5	both	none
298.2896	1	Stimulus/S  1	1	2982896	2982904	44	0	20	pips_40_500-8000.hdf5	both	none
299.3563	1	Stimulus/S  1	1	2993563	2993571	44	1	40	pips_40_500-8000.hdf5	both	none
300.4016	1	Stimulus/S  1	1	3004016	3004024	44	2	60	pips_40_500-8000.hdf5	both	none
301.4577	1	Stimulus/S  1	1	3014577	3014585	44	3	70	pips_40_500-8000.hdf5	both	none
302.503	1	Stimulus/S  1	1	3025030	3025038	44	4	50	pips_40_500-8000.hdf5	both	none
303.559	1	Stimulus/S  1	1	3035590	3035598	44	5	30	pips_40_500-8000.hdf5	both	none
304.6257	1	Stimulus/S  1	1	3046257	3046265	45	0	20	pips_40_500-8000.hdf5	both	none
305.6924	1	Stimulus/S  1	1	3056924	3056932	45	1	40	pips_40_500-8000.hdf5	both	none
306.7377	1	Stimulus/S  1	1	3067377	3067385	45	2	60	pips_40_500-8000.hdf5	both	none
307.7831	1	Stimulus/S  1	1	3077831	3077839	45	3	70	pips_40_500-8000.hdf5	both	none
308.8497	1	Stimulus/S  1	1	3088497	3088505	45	4	50	pips_40_500-8000.hdf5	both	none
309.9057	1	Stimulus/S  1	1	3099057	3099065	45	5	30	pips_40_500-8000.hdf5	both	none
310.9724	1	Stimulus/S  1	1	3109724	3109732	46	0	20	pips_40_500-8000.hdf5	both	none
312.0178	1	Stimulus/S  1	1	3120178	3120186	46	1	40	pips_40_500-8000.hdf5	both	none
313.0738	1	Stimulus/S  1	1	3130738	3130746	46	2	60	pips_40_500-8000.hdf5	both	none
314.1191	1	Stimulus/S  1	1	3141191	3141199	46	3	70	pips_40_500-8000.hdf5	both	none
315.1751	1	Stimulus/S  1	1	3151751	3151759	46	4	50	pips_40_500-8000.hdf5	both	none
316.2418	1	Stimulus/S  1	1	3162418	3162426	46	5	30	pips_40_500-8000.hdf5	both	none
317.2871	1	Stimulus/S  1	1	3172871	3172879	47	0	20	pips_40_500-8000.hdf5	both	none
318.3432	1	Stimulus/S  1	1	3183432	3183440	47	1	40	pips_40_500-8000.hdf5	both	none
319.4098	1	Stimulus/S  1	1	3194098	3194106	47	2	60	pips_40_500-8000.hdf5	both	none
320.4552	1	Stimulus/S  1	1	3204552	3204560	47	3	70	pips_40_500-8000.hdf5	both	none
321.5005	1	Stimulus/S  1	1	3215005	3215013	47	4	50	pips_40_500-8000.hdf5	both	none
322.5672	1	Stimulus/S  1	1	3225672	3225680	47	5	30	pips_40_500-8000.hdf5	both	none
323.6339	1	Stimulus/S  1	1	3236339	3236347	48	0	20	pips_40_500-8000.hdf5	both	none
324.7006	1	Stimulus/S  1	1	3247006	3247014	48	1	40	pips_40_500-8000.hdf5	both	none
325.7566	1	Stimulus/S  1	1	3257566	3257574	48	2	60	pips_40_500-8000.hdf5	both	none
326.8232	1	Stimulus/S  1	1	3268232	3268240	48	3	70	pips_40_500-8000.hdf5	both	none
327.8899	1	Stimulus/S  1	1	3278899	3278907	48	4	50	pips_40_500-8000.hdf5	both	none
328.9566	1	Stimulus/S  1	1	3289566	3289574	48	5	30	pips_40_500-8000.hdf5	both	none
330.0019	1	Stimulus/S  1	1	3300019	3300027	49	0	20	pips_40_500-8000.hdf5	both	none
331.058	1	Stimulus/S  1	1	3310580	3310588	49	1	40	pips_40_500-8000.hdf5	both	none
332.1246	1	Stimulus/S  1	1	3321246	3321254	49	2	60	pips_40_500-8000.hdf5	both	none
333.17	1	Stimulus/S  1	1	3331700	3331708	49	3	70	pips_40_500-8000.hdf5	both	none
334.226	1	Stimulus/S  1	1	3342260	3342268	49	4	50	pips_40_500-8000.hdf5	both	none
335.2713	1	Stimulus/S  1	1	3352713	3352721	49	5	30	pips_40_500-8000.hdf5	both	none
336.3167	1	Stimulus/S  1	1	3363167	3363175	50	0	20	pips_40_500-8000.hdf5	both	none
337.3727	1	Stimulus/S  1	1	3373727	3373735	50	1	40	pips_40_500-8000.hdf5	both	none
338.4394	1	Stimulus/S  1	1	3384394	3384402	50	2	60	pips_40_500-8000.hdf5	both	none
339.4847	1	Stimulus/S  1	1	3394847	3394855	50	3	70	pips_40_500-8000.hdf5	both	none
340.5407	1	Stimulus/S  1	1	3405407	3405415	50	4	50	pips_40_500-8000.hdf5	both	none
341.6074	1	Stimulus/S  1	1	3416074	3416082	50	5	30	pips_40_500-8000.hdf5	both	none
342.6741	1	Stimulus/S  1	1	3426741	3426749	51	0	20	pips_40_500-8000.hdf5	both	none
343.7407	1	Stimulus/S  1	1	3437407	3437415	51	1	40	pips_40_500-8000.hdf5	both	none
344.7861	1	Stimulus/S  1	1	3447861	3447869	51	2	60	pips_40_500-8000.hdf5	both	none
345.8421	1	Stimulus/S  1	1	3458421	3458429	51	3	70	pips_40_500-8000.hdf5	both	none
346.8874	1	Stimulus/S  1	1	3468874	3468882	51	4	50	pips_40_500-8000.hdf5	both	none
347.9435	1	Stimulus/S  1	1	3479435	3479443	51	5	30	pips_40_500-8000.hdf5	both	none
349.0101	1	Stimulus/S  1	1	3490101	3490109	52	0	20	pips_40_500-8000.hdf5	both	none
350.0768	1	Stimulus/S  1	1	3500768	3500776	52	1	40	pips_40_500-8000.hdf5	both	none
351.1222	1	Stimulus/S  1	1	3511222	3511230	52	2	60	pips_40_500-8000.hdf5	both	none
352.1888	1	Stimulus/S  1	1	3521888	3521896	52	3	70	pips_40_500-8000.hdf5	both	none
353.2555	1	Stimulus/S  1	1	3532555	3532563	52	4	50	pips_40_500-8000.hdf5	both	none
354.3009	1	Stimulus/S  1	1	3543009	3543017	52	5	30	pips_40_500-8000.hdf5	both	none
355.3569	1	Stimulus/S  1	1	3553569	3553577	53	0	20	pips_40_500-8000.hdf5	both	none
356.4022	1	Stimulus/S  1	1	3564022	3564030	53	1	40	pips_40_500-8000.hdf5	both	none
357.4582	1	Stimulus/S  1	1	3574582	3574590	53	2	60	pips_40_500-8000.hdf5	both	none
358.5249	1	Stimulus/S  1	1	3585249	3585257	53	3	70	pips_40_500-8000.hdf5	both	none
359.5916	1	Stimulus/S  1	1	3595916	3595924	53	4	50	pips_40_500-8000.hdf5	both	none
360.6369	1	Stimulus/S  1	1	3606369	3606377	53	5	30	pips_40_500-8000.hdf5	both	none
361.6929	1	Stimulus/S  1	1	3616929	3616937	54	0	20	pips_40_500-8000.hdf5	both	none
362.7596	1	Stimulus/S  1	1	3627596	3627604	54	1	40	pips_40_500-8000.hdf5	both	none
363.805	1	Stimulus/S  1	1	3638050	3638058	54	2	60	pips_40_500-8000.hdf5	both	none
364.8716	1	Stimulus/S  1	1	3648716	3648724	54	3	70	pips_40_500-8000.hdf5	both	none
365.9383	1	Stimulus/S  1	1	3659383	3659391	54	4	50	pips_40_500-8000.hdf5	both	none
366.9943	1	Stimulus/S  1	1	3669943	3669951	54	5	30	pips_40_500-8000.hdf5	both	none
368.061	1	Stimulus/S  1	1	3680610	3680618	55	0	20	pips_40_500-8000.hdf5	both	none
369.1063	1	Stimulus/S  1	1	3691063	3691071	55	1	40	pips_40_500-8000.hdf5	both	none
370.1517	1	Stimulus/S  1	1	3701517	3701525	55	2	60	pips_40_500-8000.hdf5	both	none
371.2184	1	Stimulus/S  1	1	3712184	3712192	55	3	70	pips_40_500-8000.hdf5	both	none
372.285	1	Stimulus/S  1	1	3722850	3722858	55	4	50	pips_40_500-8000.hdf5	both	none
373.341	1	Stimulus/S  1	1	3733410	3733418	55	5	30	pips_40_500-8000.hdf5	both	none
374.3864	1	Stimulus/S  1	1	3743864	3743872	56	0	20	pips_40_500-8000.hdf5	both	none
375.4531	1	Stimulus/S  1	1	3754531	3754539	56	1	40	pips_40_500-8000.hdf5	both	none
376.5091	1	Stimulus/S  1	1	3765091	3765099	56	2	60	pips_40_500-8000.hdf5	both	none
377.5544	1	Stimulus/S  1	1	3775544	3775552	56	3	70	pips_40_500-8000.hdf5	both	none
378.6211	1	Stimulus/S  1	1	3786211	3786219	56	4	50	pips_40_500-8000.hdf5	both	none
379.6771	1	Stimulus/S  1	1	3796771	3796779	56	5	30	pips_40_500-8000.hdf5	both	none
380.7225	1	Stimulus/S  1	1	3807225	3807233	57	0	20	pips_40_500-8000.hdf5	both	none
381.7891	1	Stimulus/S  1	1	3817891	3817899	57	1	40	pips_40_500-8000.hdf5	both	none
382.8558	1	Stimulus/S  1	1	3828558	3828566	57	2	60	pips_40_500-8000.hdf5	both	none
383.9012	1	Stimulus/S  1	1	3839012	3839020	57	3	70	pips_40_500-8000.hdf5	both	none
384.9572	1	Stimulus/S  1	1	3849572	3849580	57	4	50	pips_40_500-8000.hdf5	both	none
386.0025	1	Stimulus/S  1	1	3860025	3860033	57	5	30	pips_40_500-8000.hdf5	both	none
387.0585	1	Stimulus/S  1	1	3870585	3870593	58	0	20	pips_40_500-8000.hdf5	both	none
388.1252	1	Stimulus/S  1	1	3881252	3881260	58	1	40	pips_40_500-8000.hdf5	both	none
389.1919	1	Stimulus/S  1	1	3891919	3891927	58	2	60	pips_40_500-8000.hdf5	both	none
390.2586	1	Stimulus/S  1	1	3902586	3902594	58	3	70	pips_40_500-8000.hdf5	both	none
391.3252	1	Stimulus/S  1	1	3913252	3913260	58	4	50	pips_40_500-8000.hdf5	both	none
392.3919	1	Stimulus/S  1	1	3923919	3923927	58	5	30	pips_40_500-8000.hdf5	both	none
393.4373	1	Stimulus/S  1	1	3934373	3934381	59	0	20	pips_40_500-8000.hdf5	both	none
394.4933	1	Stimulus/S  1	1	3944933	3944941	59	1	40	pips_40_500-8000.hdf5	both	none
395.5386	1	Stimulus/S  1	1	3955386	3955394	59	2	60	pips_40_500-8000.hdf5	both	none
396.6053	1	Stimulus/S  1	1	3966053	3966061	59	3	70	pips_40_500-8000.hdf5	both	none
397.672	1	Stimulus/S  1	1	3976720	3976728	59	4	50	pips_40_500-8000.hdf5	both	none
398.7386	1	Stimulus/S  1	1	3987386	3987394	59	5	30	pips_40_500-8000.hdf5	both	none
399.7947	1	Stimulus/S  1	1	3997947	3997955	60	0	20	pips_40_500-8000.hdf5	both	none
400.84	1	Stimulus/S  1	1	4008400	4008408	60	1	40	pips_40_500-8000.hdf5	both	none
401.8853	1	Stimulus/S  1	1	4018853	4018861	60	2	60	pips_40_500-8000.hdf5	both	none
402.9413	1	Stimulus/S  1	1	4029413	4029421	60	3	70	pips_40_500-8000.hdf5	both	none
403.9867	1	Stimulus/S  1	1	4039867	4039875	60	4	50	pips_40_500-8000.hdf5	both	none
405.0534	1	Stimulus/S  1	1	4050534	4050542	60	5	30	pips_40_500-8000.hdf5	both	none
406.12	1	Stimulus/S  1	1	4061200	4061208	61	0	20	pips_40_500-8000.hdf5	both	none
407.1867	1	Stimulus/S  1	1	4071867	4071875	61	1	40	pips_40_500-8000.hdf5	both	none
408.2534	1	Stimulus/S  1	1	4082534	4082542	61	2	60	pips_40_500-8000.hdf5	both	none
409.3201	1	Stimulus/S  1	1	4093201	4093209	61	3	70	pips_40_500-8000.hdf5	both	none
410.3761	1	Stimulus/S  1	1	4103761	4103769	61	4	50	pips_40_500-8000.hdf5	both	none
411.4214	1	Stimulus/S  1	1	4114214	4114222	61	5	30	pips_40_500-8000.hdf5	both	none
412.4881	1	Stimulus/S  1	1	4124881	4124889	62	0	20	pips_40_500-8000.hdf5	both	none
413.5548	1	Stimulus/S  1	1	4135548	4135556	62	1	40	pips_40_500-8000.hdf5	both	none
414.6215	1	Stimulus/S  1	1	4146215	4146223	62	2	60	pips_40_500-8000.hdf5	both	none
415.6881	1	Stimulus/S  1	1	4156881	4156889	62	3	70	pips_40_500-8000.hdf5	both	none
416.7442	1	Stimulus/S  1	1	4167442	4167450	62	4	50	pips_40_500-8000.hdf5	both	none
417.7895	1	Stimulus/S  1	1	4177895	4177903	62	5	30	pips_40_500-8000.hdf5	both	none
418.8348	1	Stimulus/S  1	1	4188348	4188356	63	0	20	pips_40_500-8000.hdf5	both	none
419.9015	1	Stimulus/S  1	1	4199015	4199023	63	1	40	pips_40_500-8000.hdf5	both	none
420.9682	1	Stimulus/S  1	1	4209682	4209690	63	2	60	pips_40_500-8000.hdf5	both	none
422.0455	1	Stimulus/S  1	1	4220455	4220463	63	3	70	pips_40_500-8000.hdf5	both	none
423.1016	1	Stimulus/S  1	1	4231016	4231024	63	4	50	pips_40_500-8000.hdf5	both	none
424.1682	1	Stimulus/S  1	1	4241682	4241690	63	5	30	pips_40_500-8000.hdf5	both	none
425.2242	1	Stimulus/S  1	1	4252242	4252250	64	0	20	pips_40_500-8000.hdf5	both	none
426.2696	1	Stimulus/S  1	1	4262696	4262704	64	1	40	pips_40_500-8000.hdf5	both	none
427.3256	1	Stimulus/S  1	1	4273256	4273264	64	2	60	pips_40_500-8000.hdf5	both	none
428.3923	1	Stimulus/S  1	1	4283923	4283931	64	3	70	pips_40_500-8000.hdf5	both	none
429.459	1	Stimulus/S  1	1	4294590	4294598	64	4	50	pips_40_500-8000.hdf5	both	none
430.5043	1	Stimulus/S  1	1	4305043	4305051	64	5	30	pips_40_500-8000.hdf5	both	none
431.5603	1	Stimulus/S  1	1	4315603	4315611	65	0	20	pips_40_500-8000.hdf5	both	none
432.627	1	Stimulus/S  1	1	4326270	4326278	65	1	40	pips_40_500-8000.hdf5	both	none
433.6723	1	Stimulus/S  1	1	4336723	4336731	65	2	60	pips_40_500-8000.hdf5	both	none
434.7283	1	Stimulus/S  1	1	4347283	4347291	65	3	70	pips_40_500-8000.hdf5	both	none
435.7737	1	Stimulus/S  1	1	4357737	4357745	65	4	50	pips_40_500-8000.hdf5	both	none
436.819	1	Stimulus/S  1	1	4368190	4368198	65	5	30	pips_40_500-8000.hdf5	both	none
437.8857	1	Stimulus/S  1	1	4378857	4378865	66	0	20	pips_40_500-8000.hdf5	both	none
438.9417	1	Stimulus/S  1	1	4389417	4389425	66	1	40	pips_40_500-8000.hdf5	both	none
439.9871	1	Stimulus/S  1	1	4399871	4399879	66	2	60	pips_40_500-8000.hdf5	both	none
441.0537	1	Stimulus/S  1	1	4410537	4410545	66	3	70	pips_40_500-8000.hdf5	both	none
442.1204	1	Stimulus/S  1	1	4421204	4421212	66	4	50	pips_40_500-8000.hdf5	both	none
443.1764	1	Stimulus/S  1	1	4431764	4431772	66	5	30	pips_40_500-8000.hdf5	both	none
444.2218	1	Stimulus/S  1	1	4442218	4442226	67	0	20	pips_40_500-8000.hdf5	both	none
445.2884	1	Stimulus/S  1	1	4452884	4452892	67	1	40	pips_40_500-8000.hdf5	both	none
446.3551	1	Stimulus/S  1	1	4463551	4463559	67	2	60	pips_40_500-8000.hdf5	both	none
447.4218	1	Stimulus/S  1	1	4474218	4474226	67	3	70	pips_40_500-8000.hdf5	both	none
448.4778	1	Stimulus/S  1	1	4484778	4484786	67	4	50	pips_40_500-8000.hdf5	both	none
449.5232	1	Stimulus/S  1	1	4495232	4495240	67	5	30	pips_40_500-8000.hdf5	both	none
450.5898	1	Stimulus/S  1	1	4505898	4505906	68	0	20	pips_40_500-8000.hdf5	both	none
451.6352	1	Stimulus/S  1	1	4516352	4516360	68	1	40	pips_40_500-8000.hdf5	both	none
452.6912	1	Stimulus/S  1	1	4526912	4526920	68	2	60	pips_40_500-8000.hdf5	both	none
453.7365	1	Stimulus/S  1	1	4537365	4537373	68	3	70	pips_40_500-8000.hdf5	both	none
454.8032	1	Stimulus/S  1	1	4548032	4548040	68	4	50	pips_40_500-8000.hdf5	both	none
455.8699	1	Stimulus/S  1	1	4558699	4558707	68	5	30	pips_40_500-8000.hdf5	both	none
456.9366	1	Stimulus/S  1	1	4569366	4569374	69	0	20	pips_40_500-8000.hdf5	both	none
458.0032	1	Stimulus/S  1	1	4580032	4580040	69	1	40	pips_40_500-8000.hdf5	both	none
459.0699	1	Stimulus/S  1	1	4590699	4590707	69	2	60	pips_40_500-8000.hdf5	both	none
460.1366	1	Stimulus/S  1	1	4601366	4601374	69	3	70	pips_40_500-8000.hdf5	both	none
461.1926	1	Stimulus/S  1	1	4611926	4611934	69	4	50	pips_40_500-8000.hdf5	both	none
462.2379	1	Stimulus/S  1	1	4622379	4622387	69	5	30	pips_40_500-8000.hdf5	both	none
463.294	1	Stimulus/S  1	1	4632940	4632948	70	0	20	pips_40_500-8000.hdf5	both	none
464.3393	1	Stimulus/S  1	1	4643393	4643401	70	1	40	pips_40_500-8000.hdf5	both	none
465.406	1	Stimulus/S  1	1	4654060	4654068	70	2	60	pips_40_500-8000.hdf5	both	none
466.462	1	Stimulus/S  1	1	4664620	4664628	70	3	70	pips_40_500-8000.hdf5	both	none
467.5073	1	Stimulus/S  1	1	4675073	4675081	70	4	50	pips_40_500-8000.hdf5	both	none
468.574	1	Stimulus/S  1	1	4685740	4685748	70	5	30	pips_40_500-8000.hdf5	both	none
469.6407	1	Stimulus/S  1	1	4696407	4696415	71	0	20	pips_40_500-8000.hdf5	both	none
470.7074	1	Stimulus/S  1	1	4707074	4707082	71	1	40	pips_40_500-8000.hdf5	both	none
471.774	1	Stimulus/S  1	1	4717740	4717748	71	2	60	pips_40_500-8000.hdf5	both	none
472.8194	1	Stimulus/S  1	1	4728194	4728202	71	3	70	pips_40_500-8000.hdf5	both	none
473.8754	1	Stimulus/S  1	1	4738754	4738762	71	4	50	pips_40_500-8000.hdf5	both	none
474.9207	1	Stimulus/S  1	1	4749207	4749215	71	5	30	pips_40_500-8000.hdf5	both	none
475.9768	1	Stimulus/S  1	1	4759768	4759776	72	0	20	pips_40_500-8000.hdf5	both	none
477.0434	1	Stimulus/S  1	1	4770434	4770442	72	1	40	pips_40_500-8000.hdf5	both	none
478.1101	1	Stimulus/S  1	1	4781101	4781109	72	2	60	pips_40_500-8000.hdf5	both	none
479.1768	1	Stimulus/S  1	1	4791768	4791776	72	3	70	pips_40_500-8000.hdf5	both	none
480.2435	1	Stimulus/S  1	1	4802435	4802443	72	4	50	pips_40_500-8000.hdf5	both	none
481.3101	1	Stimulus/S  1	1	4813101	4813109	72	5	30	pips_40_500-8000.hdf5	both	none
482.3768	1	Stimulus/S  1	1	4823768	4823776	73	0	20	pips_40_500-8000.hdf5	both	none
483.4222	1	Stimulus/S  1	1	4834222	4834230	73	1	40	pips_40_500-8000.hdf5	both	none
484.4782	1	Stimulus/S  1	1	4844782	4844790	73	2	60	pips_40_500-8000.hdf5	both	none
485.5235	1	Stimulus/S  1	1	4855235	4855243	73	3	70	pips_40_500-8000.hdf5	both	none
486.5902	1	Stimulus/S  1	1	4865902	4865910	73	4	50	pips_40_500-8000.hdf5	both	none
487.6569	1	Stimulus/S  1	1	4876569	4876577	73	5	30	pips_40_500-8000.hdf5	both	none
488.7236	1	Stimulus/S  1	1	4887236	4887244	74	0	20	pips_40_500-8000.hdf5	both	none
489.7689	1	Stimulus/S  1	1	4897689	4897697	74	1	40	pips_40_500-8000.hdf5	both	none
490.8249	1	Stimulus/S  1	1	4908249	4908257	74	2	60	pips_40_500-8000.hdf5	both	none
491.8916	1	Stimulus/S  1	1	4918916	4918924	74	3	70	pips_40_500-8000.hdf5	both	none
492.9369	1	Stimulus/S  1	1	4929369	4929377	74	4	50	pips_40_500-8000.hdf5	both	none
493.9929	1	Stimulus/S  1	1	4939929	4939937	74	5	30	pips_40_500-8000.hdf5	both	none
495.0383	1	Stimulus/S  1	1	4950383	4950391	75	0	20	pips_40_500-8000.hdf5	both	none
496.0943	1	Stimulus/S  1	1	4960943	4960951	75	1	40	pips_40_500-8000.hdf5	both	none
497.161	1	Stimulus/S  1	1	4971610	4971618	75	2	60	pips_40_500-8000.hdf5	both	none
498.2063	1	Stimulus/S  1	1	4982063	4982071	75	3	70	pips_40_500-8000.hdf5	both	none
499.2623	1	Stimulus/S  1	1	4992623	4992631	75	4	50	pips_40_500-8000.hdf5	both	none
500.3077	1	Stimulus/S  1	1	5003077	5003085	75	5	30	pips_40_500-8000.hdf5	both	none
501.3637	1	Stimulus/S  1	1	5013637	5013645	76	0	20	pips_40_500-8000.hdf5	both	none
502.409	1	Stimulus/S  1	1	5024090	5024098	76	1	40	pips_40_500-8000.hdf5	both	none
503.4544	1	Stimulus/S  1	1	5034544	5034552	76	2	60	pips_40_500-8000.hdf5	both	none
504.5104	1	Stimulus/S  1	1	5045104	5045112	76	3	70	pips_40_500-8000.hdf5	both	none
505.5771	1	Stimulus/S  1	1	5055771	5055779	76	4	50	pips_40_500-8000.hdf5	both	none
506.6437	1	Stimulus/S  1	1	5066437	5066445	76	5	30	pips_40_500-8000.hdf5	both	none
507.6891	1	Stimulus/S  1	1	5076891	5076899	77	0	20	pips_40_500-8000.hdf5	both	none
508.7451	1	Stimulus/S  1	1	5087451	5087459	77	1	40	pips_40_500-8000.hdf5	both	none
509.7904	1	Stimulus/S  1	1	5097904	5097912	77	2	60	pips_40_500-8000.hdf5	both	none
510.8464	1	Stimulus/S  1	1	5108464	5108472	77	3	70	pips_40_500-8000.hdf5	both	none
511.9131	1	Stimulus/S  1	1	5119131	5119139	77	4	50	pips_40_500-8000.hdf5	both	none
512.9798	1	Stimulus/S  1	1	5129798	5129806	77	5	30	pips_40_500-8000.hdf5	both	none
514.0251	1	Stimulus/S  1	1	5140251	5140259	78	0	20	pips_40_500-8000.hdf5	both	none
515.0705	1	Stimulus/S  1	1	5150705	5150713	78	1	40	pips_40_500-8000.hdf5	both	none
516.1372	1	Stimulus/S  1	1	5161372	5161380	78	2	60	pips_40_500-8000.hdf5	both	none
517.2038	1	Stimulus/S  1	1	5172038	5172046	78	3	70	pips_40_500-8000.hdf5	both	none
518.2598	1	Stimulus/S  1	1	5182598	5182606	78	4	50	pips_40_500-8000.hdf5	both	none
519.3052	1	Stimulus/S  1	1	5193052	5193060	78	5	30	pips_40_500-8000.hdf5	both	none
520.3719	1	Stimulus/S  1	1	5203719	5203727	79	0	20	pips_40_500-8000.hdf5	both	none
521.4279	1	Stimulus/S  1	1	5214279	5214287	79	1	40	pips_40_500-8000.hdf5	both	none
522.4732	1	Stimulus/S  1	1	5224732	5224740	79	2	60	pips_40_500-8000.hdf5	both	none
523.5292	1	Stimulus/S  1	1	5235292	5235300	79	3	70	pips_40_500-8000.hdf5	both	none
524.5746	1	Stimulus/S  1	1	5245746	5245754	79	4	50	pips_40_500-8000.hdf5	both	none
525.6199	1	Stimulus/S  1	1	5256199	5256207	79	5	30	pips_40_500-8000.hdf5	both	none
526.6866	1	Stimulus/S  1	1	5266866	5266874	80	0	20	pips_40_500-8000.hdf5	both	none
527.7533	1	Stimulus/S  1	1	5277533	5277541	80	1	40	pips_40_500-8000.hdf5	both	none
528.8093	1	Stimulus/S  1	1	5288093	5288101	80	2	60	pips_40_500-8000.hdf5	both	none
529.8546	1	Stimulus/S  1	1	5298546	5298554	80	3	70	pips_40_500-8000.hdf5	both	none
530.9213	1	Stimulus/S  1	1	5309213	5309221	80	4	50	pips_40_500-8000.hdf5	both	none
531.9773	1	Stimulus/S  1	1	5319773	5319781	80	5	30	pips_40_500-8000.hdf5	both	none
533.0227	1	Stimulus/S  1	1	5330227	5330235	81	0	20	pips_40_500-8000.hdf5	both	none
534.0787	1	Stimulus/S  1	1	5340787	5340795	81	1	40	pips_40_500-8000.hdf5	both	none
535.124	1	Stimulus/S  1	1	5351240	5351248	81	2	60	pips_40_500-8000.hdf5	both	none
536.1907	1	Stimulus/S  1	1	5361907	5361915	81	3	70	pips_40_500-8000.hdf5	both	none
537.2467	1	Stimulus/S  1	1	5372467	5372475	81	4	50	pips_40_500-8000.hdf5	both	none
538.2921	1	Stimulus/S  1	1	5382921	5382929	81	5	30	pips_40_500-8000.hdf5	both	none
539.3481	1	Stimulus/S  1	1	5393481	5393489	82	0	20	pips_40_500-8000.hdf5	both	none
540.3934	1	Stimulus/S  1	1	5403934	5403942	82	1	40	pips_40_500-8000.hdf5	both	none
541.4601	1	Stimulus/S  1	1	5414601	5414609	82	2	60	pips_40_500-8000.hdf5	both	none
542.5268	1	Stimulus/S  1	1	5425268	5425276	82	3	70	pips_40_500-8000.hdf5	both	none
543.5934	1	Stimulus/S  1	1	5435934	5435942	82	4	50	pips_40_500-8000.hdf5	both	none
544.6601	1	Stimulus/S  1	1	5446601	5446609	82	5	30	pips_40_500-8000.hdf5	both	none
545.7268	1	Stimulus/S  1	1	5457268	5457276	83	0	20	pips_40_500-8000.hdf5	both	none
546.7721	1	Stimulus/S  1	1	5467721	5467729	83	1	40	pips_40_500-8000.hdf5	both	none
547.8388	1	Stimulus/S  1	1	5478388	5478396	83	2	60	pips_40_500-8000.hdf5	both	none
548.9055	1	Stimulus/S  1	1	5489055	5489063	83	3	70	pips_40_500-8000.hdf5	both	none
549.9615	1	Stimulus/S  1	1	5499615	5499623	83	4	50	pips_40_500-8000.hdf5	both	none
551.0068	1	Stimulus/S  1	1	5510068	5510076	83	5	30	pips_40_500-8000.hdf5	both	none
552.0735	1	Stimulus/S  1	1	5520735	5520743	84	0	20	pips_40_500-8000.hdf5	both	none
553.1402	1	Stimulus/S  1	1	5531402	5531410	84	1	40	pips_40_500-8000.hdf5	both	none
554.1962	1	Stimulus/S  1	1	5541962	5541970	84	2	60	pips_40_500-8000.hdf5	both	none
555.2416	1	Stimulus/S  1	1	5552416	5552424	84	3	70	pips_40_500-8000.hdf5	both	none
556.2869	1	Stimulus/S  1	1	5562869	5562877	84	4	50	pips_40_500-8000.hdf5	both	none
557.3429	1	Stimulus/S  1	1	5573429	5573437	84	5	30	pips_40_500-8000.hdf5	both	none
558.3883	1	Stimulus/S  1	1	5583883	5583891	85	0	20	pips_40_500-8000.hdf5	both	none
559.4443	1	Stimulus/S  1	1	5594443	5594451	85	1	40	pips_40_500-8000.hdf5	both	none
560.5109	1	Stimulus/S  1	1	5605109	5605117	85	2	60	pips_40_500-8000.hdf5	both	none
561.5563	1	Stimulus/S  1	1	5615563	5615571	85	3	70	pips_40_500-8000.hdf5	both	none
562.6123	1	Stimulus/S  1	1	5626123	5626131	85	4	50	pips_40_500-8000.hdf5	both	none
563.679	1	Stimulus/S  1	1	5636790	5636798	85	5	30	pips_40_500-8000.hdf5	both	none
564.7457	1	Stimulus/S  1	1	5647457	5647465	86	0	20	pips_40_500-8000.hdf5	both	none
565.8123	1	Stimulus/S  1	1	5658123	5658131	86	1	40	pips_40_500-8000.hdf5	both	none
566.8577	1	Stimulus/S  1	1	5668577	5668585	86	2	60	pips_40_500-8000.hdf5	both	none
567.9137	1	Stimulus/S  1	1	5679137	5679145	86	3	70	pips_40_500-8000.hdf5	both	none
568.9804	1	Stimulus/S  1	1	5689804	5689812	86	4	50	pips_40_500-8000.hdf5	both	none
570.0257	1	Stimulus/S  1	1	5700257	5700265	86	5	30	pips_40_500-8000.hdf5	both	none
571.071	1	Stimulus/S  1	1	5710710	5710718	87	0	20	pips_40_500-8000.hdf5	both	none
572.1271	1	Stimulus/S  1	1	5721271	5721279	87	1	40	pips_40_500-8000.hdf5	both	none
573.1724	1	Stimulus/S  1	1	5731724	5731732	87	2	60	pips_40_500-8000.hdf5	both	none
574.2391	1	Stimulus/S  1	1	5742391	5742399	87	3	70	pips_40_500-8000.hdf5	both	none
575.2951	1	Stimulus/S  1	1	5752951	5752959	87	4	50	pips_40_500-8000.hdf5	both	none
576.3404	1	Stimulus/S  1	1	5763404	5763412	87	5	30	pips_40_500-8000.hdf5	both	none
577.4071	1	Stimulus/S  1	1	5774071	5774079	88	0	20	pips_40_500-8000.hdf5	both	none
578.4631	1	Stimulus/S  1	1	5784631	5784639	88	1	40	pips_40_500-8000.hdf5	both	none
579.5085	1	Stimulus/S  1	1	5795085	5795093	88	2	60	pips_40_500-8000.hdf5	both	none
580.5751	1	Stimulus/S  1	1	5805751	5805759	88	3	70	pips_40_500-8000.hdf5	both	none
581.6205	1	Stimulus/S  1	1	5816205	5816213	88	4	50	pips_40_500-8000.hdf5	both	none
582.6978	1	Stimulus/S  1	1	5826978	5826986	88	5	30	pips_40_500-8000.hdf5	both	none
583.7432	1	Stimulus/S  1	1	5837432	5837440	89	0	20	pips_40_500-8000.hdf5	both	none
584.7885	1	Stimulus/S  1	1	5847885	5847893	89	1	40	pips_40_500-8000.hdf5	both	none
585.8552	1	Stimulus/S  1	1	5858552	5858560	89	2	60	pips_40_500-8000.hdf5	both	none
586.9112	1	Stimulus/S  1	1	5869112	5869120	89	3	70	pips_40_500-8000.hdf5	both	none
587.9566	1	Stimulus/S  1	1	5879566	5879574	89	4	50	pips_40_500-8000.hdf5	both	none
589.0232	1	Stimulus/S  1	1	5890232	5890240	89	5	30	pips_40_500-8000.hdf5	both	none
590.0792	1	Stimulus/S  1	1	5900792	5900800	90	0	20	pips_40_500-8000.hdf5	both	none
591.1246	1	Stimulus/S  1	1	5911246	5911254	90	1	40	pips_40_500-8000.hdf5	both	none
592.1913	1	Stimulus/S  1	1	5921913	5921921	90	2	60	pips_40_500-8000.hdf5	both	none
593.2579	1	Stimulus/S  1	1	5932579	5932587	90	3	70	pips_40_500-8000.hdf5	both	none
594.314	1	Stimulus/S  1	1	5943140	5943148	90	4	50	pips_40_500-8000.hdf5	both	none
595.3806	1	Stimulus/S  1	1	5953806	5953814	90	5	30	pips_40_500-8000.hdf5	both	none
596.426	1	Stimulus/S  1	1	5964260	5964268	91	0	20	pips_40_500-8000.hdf5	both	none
597.4713	1	Stimulus/S  1	1	5974713	5974721	91	1	40	pips_40_500-8000.hdf5	both	none
598.538	1	Stimulus/S  1	1	5985380	5985388	91	2	60	pips_40_500-8000.hdf5	both	none
599.6047	1	Stimulus/S  1	1	5996047	5996055	91	3	70	pips_40_500-8000.hdf5	both	none
600.6713	1	Stimulus/S  1	1	6006713	6006721	91	4	50	pips_40_500-8000.hdf5	both	none
601.7274	1	Stimulus/S  1	1	6017274	6017282	91	5	30	pips_40_500-8000.hdf5	both	none
602.7727	1	Stimulus/S  1	1	6027727	6027735	92	0	20	pips_40_500-8000.hdf5	both	none
603.8394	1	Stimulus/S  1	1	6038394	6038402	92	1	40	pips_40_500-8000.hdf5	both	none
604.8954	1	Stimulus/S  1	1	6048954	6048962	92	2	60	pips_40_500-8000.hdf5	both	none
605.9407	1	Stimulus/S  1	1	6059407	6059415	92	3	70	pips_40_500-8000.hdf5	both	none
607.0074	1	Stimulus/S  1	1	6070074	6070082	92	4	50	pips_40_500-8000.hdf5	both	none
608.0634	1	Stimulus/S  1	1	6080634	6080642	92	5	30	pips_40_500-8000.hdf5	both	none
609.1088	1	Stimulus/S  1	1	6091088	6091096	93	0	20	pips_40_500-8000.hdf5	both	none
611.2315	1	Stimulus/S  1	1	6112315	6112323	93	2	60	pips_40_500-8000.hdf5	both	none
612.2768	1	Stimulus/S  1	1	6122768	6122776	93	3	70	pips_40_500-8000.hdf5	both	none
613.3435	1	Stimulus/S  1	1	6133435	6133443	93	4	50	pips_40_500-8000.hdf5	both	none
614.4102	1	Stimulus/S  1	1	6144102	6144110	93	5	30	pips_40_500-8000.hdf5	both	none
615.4768	1	Stimulus/S  1	1	6154768	6154776	94	0	20	pips_40_500-8000.hdf5	both	none
616.5435	1	Stimulus/S  1	1	6165435	6165443	94	1	40	pips_40_500-8000.hdf5	both	none
617.5889	1	Stimulus/S  1	1	6175889	6175897	94	2	60	pips_40_500-8000.hdf5	both	none
618.6449	1	Stimulus/S  1	1	6186449	6186457	94	3	70	pips_40_500-8000.hdf5	both	none
619.6902	1	Stimulus/S  1	1	6196902	6196910	94	4	50	pips_40_500-8000.hdf5	both	none
620.7569	1	Stimulus/S  1	1	6207569	6207577	94	5	30	pips_40_500-8000.hdf5	both	none
621.8236	1	Stimulus/S  1	1	6218236	6218244	95	0	20	pips_40_500-8000.hdf5	both	none
622.8902	1	Stimulus/S  1	1	6228902	6228910	95	1	40	pips_40_500-8000.hdf5	both	none
623.9569	1	Stimulus/S  1	1	6239569	6239577	95	2	60	pips_40_500-8000.hdf5	both	none
625.0236	1	Stimulus/S  1	1	6250236	6250244	95	3	70	pips_40_500-8000.hdf5	both	none
626.0796	1	Stimulus/S  1	1	6260796	6260804	95	4	50	pips_40_500-8000.hdf5	both	none
627.1249	1	Stimulus/S  1	1	6271249	6271257	95	5	30	pips_40_500-8000.hdf5	both	none
628.181	1	Stimulus/S  1	1	6281810	6281818	96	0	20	pips_40_500-8000.hdf5	both	none
629.2476	1	Stimulus/S  1	1	6292476	6292484	96	1	40	pips_40_500-8000.hdf5	both	none
630.3143	1	Stimulus/S  1	1	6303143	6303151	96	2	60	pips_40_500-8000.hdf5	both	none
631.3597	1	Stimulus/S  1	1	6313597	6313605	96	3	70	pips_40_500-8000.hdf5	both	none
632.405	1	Stimulus/S  1	1	6324050	6324058	96	4	50	pips_40_500-8000.hdf5	both	none
633.4823	1	Stimulus/S  1	1	6334823	6334831	96	5	30	pips_40_500-8000.hdf5	both	none
634.549	1	Stimulus/S  1	1	6345490	6345498	97	0	20	pips_40_500-8000.hdf5	both	none
635.605	1	Stimulus/S  1	1	6356050	6356058	97	1	40	pips_40_500-8000.hdf5	both	none
636.661	1	Stimulus/S  1	1	6366610	6366618	97	2	60	pips_40_500-8000.hdf5	both	none
637.7064	1	Stimulus/S  1	1	6377064	6377072	97	3	70	pips_40_500-8000.hdf5	both	none
638.7624	1	Stimulus/S  1	1	6387624	6387632	97	4	50	pips_40_500-8000.hdf5	both	none
639.8291	1	Stimulus/S  1	1	6398291	6398299	97	5	30	pips_40_500-8000.hdf5	both	none
640.8958	1	Stimulus/S  1	1	6408958	6408966	98	0	20	pips_40_500-8000.hdf5	both	none
641.9411	1	Stimulus/S  1	1	6419411	6419419	98	1	40	pips_40_500-8000.hdf5	both	none
642.9971	1	Stimulus/S  1	1	6429971	6429979	98	2	60	pips_40_500-8000.hdf5	both	none
644.0638	1	Stimulus/S  1	1	6440638	6440646	98	3	70	pips_40_500-8000.hdf5	both	none
645.1305	1	Stimulus/S  1	1	6451305	6451313	98	4	50	pips_40_500-8000.hdf5	both	none
646.1758	1	Stimulus/S  1	1	6461758	6461766	98	5	30	pips_40_500-8000.hdf5	both	none
647.2318	1	Stimulus/S  1	1	6472318	6472326	99	0	20	pips_40_500-8000.hdf5	both	none
648.2772	1	Stimulus/S  1	1	6482772	6482780	99	1	40	pips_40_500-8000.hdf5	both	none
649.3438	1	Stimulus/S  1	1	6493438	6493446	99	2	60	pips_40_500-8000.hdf5	both	none
650.3892	1	Stimulus/S  1	1	6503892	6503900	99	3	70	pips_40_500-8000.hdf5	both	none
651.4452	1	Stimulus/S  1	1	6514452	6514460	99	4	50	pips_40_500-8000.hdf5	both	none
652.5119	1	Stimulus/S  1	1	6525119	6525127	99	5	30	pips_40_500-8000.hdf5	both	none
653.5572	1	Stimulus/S  1	1	6535572	6535580	100	0	20	pips_40_500-8000.hdf5	both	none
654.6132	1	Stimulus/S  1	1	6546132	6546140	100	1	40	pips_40_500-8000.hdf5	both	none
655.6799	1	Stimulus/S  1	1	6556799	6556807	100	2	60	pips_40_500-8000.hdf5	both	none
656.7252	1	Stimulus/S  1	1	6567252	6567260	100	3	70	pips_40_500-8000.hdf5	both	none
657.7813	1	Stimulus/S  1	1	6577813	6577821	100	4	50	pips_40_500-8000.hdf5	both	none
658.8266	1	Stimulus/S  1	1	6588266	6588274	100	5	30	pips_40_500-8000.hdf5	both	none
659.8826	1	Stimulus/S  1	1	6598826	6598834	101	0	20	pips_40_500-8000.hdf5	both	none
660.9493	1	Stimulus/S  1	1	6609493	6609501	101	1	40	pips_40_500-8000.hdf5	both	none
662.016	1	Stimulus/S  1	1	6620160	6620168	101	2	60	pips_40_500-8000.hdf5	both	none
663.0826	1	Stimulus/S  1	1	6630826	6630834	101	3	70	pips_40_500-8000.hdf5	both	none
664.128	1	Stimulus/S  1	1	6641280	6641288	101	4	50	pips_40_500-8000.hdf5	both	none
665.1733	1	Stimulus/S  1	1	6651733	6651741	101	5	30	pips_40_500-8000.hdf5	both	none
666.24	1	Stimulus/S  1	1	6662400	6662408	102	0	20	pips_40_500-8000.hdf5	both	none
667.296	1	Stimulus/S  1	1	6672960	6672968	102	1	40	pips_40_500-8000.hdf5	both	none
668.3414	1	Stimulus/S  1	1	6683414	6683422	102	2	60	pips_40_500-8000.hdf5	both	none
669.408	1	Stimulus/S  1	1	6694080	6694088	102	3	70	pips_40_500-8000.hdf5	both	none
670.4747	1	Stimulus/S  1	1	6704747	6704755	102	4	50	pips_40_500-8000.hdf5	both	none
671.5307	1	Stimulus/S  1	1	6715307	6715315	102	5	30	pips_40_500-8000.hdf5	both	none
672.5974	1	Stimulus/S  1	1	6725974	6725982	103	0	20	pips_40_500-8000.hdf5	both	none
673.6428	1	Stimulus/S  1	1	6736428	6736436	103	1	40	pips_40_500-8000.hdf5	both	none
674.6988	1	Stimulus/S  1	1	6746988	6746996	103	2	60	pips_40_500-8000.hdf5	both	none
675.7441	1	Stimulus/S  1	1	6757441	6757449	103	3	70	pips_40_500-8000.hdf5	both	none
676.7894	1	Stimulus/S  1	1	6767894	6767902	103	4	50	pips_40_500-8000.hdf5	both	none
677.8561	1	Stimulus/S  1	1	6778561	6778569	103	5	30	pips_40_500-8000.hdf5	both	none
678.9228	1	Stimulus/S  1	1	6789228	6789236	104	0	20	pips_40_500-8000.hdf5	both	none
679.9895	1	Stimulus/S  1	1	6799895	6799903	104	1	40	pips_40_500-8000.hdf5	both	none
681.0562	1	Stimulus/S  1	1	6810562	6810570	104	2	60	pips_40_500-8000.hdf5	both	none
682.1228	1	Stimulus/S  1	1	6821228	6821236	104	3	70	pips_40_500-8000.hdf5	both	none
683.1788	1	Stimulus/S  1	1	6831788	6831796	104	4	50	pips_40_500-8000.hdf5	both	none
684.2242	1	Stimulus/S  1	1	6842242	6842250	104	5	30	pips_40_500-8000.hdf5	both	none
685.2909	1	Stimulus/S  1	1	6852909	6852917	105	0	20	pips_40_500-8000.hdf5	both	none
686.3575	1	Stimulus/S  1	1	6863575	6863583	105	1	40	pips_40_500-8000.hdf5	both	none
687.4136	1	Stimulus/S  1	1	6874136	6874144	105	2	60	pips_40_500-8000.hdf5	both	none
688.4589	1	Stimulus/S  1	1	6884589	6884597	105	3	70	pips_40_500-8000.hdf5	both	none
689.5149	1	Stimulus/S  1	1	6895149	6895157	105	4	50	pips_40_500-8000.hdf5	both	none
690.5816	1	Stimulus/S  1	1	6905816	6905824	105	5	30	pips_40_500-8000.hdf5	both	none
691.6483	1	Stimulus/S  1	1	6916483	6916491	106	0	20	pips_40_500-8000.hdf5	both	none
692.7149	1	Stimulus/S  1	1	6927149	6927157	106	1	40	pips_40_500-8000.hdf5	both	none
693.7816	1	Stimulus/S  1	1	6937816	6937824	106	2	60	pips_40_500-8000.hdf5	both	none
694.827	1	Stimulus/S  1	1	6948270	6948278	106	3	70	pips_40_500-8000.hdf5	both	none
696.9497	1	Stimulus/S  1	1	6969497	6969505	106	5	30	pips_40_500-8000.hdf5	both	none
697.995	1	Stimulus/S  1	1	6979950	6979958	107	0	20	pips_40_500-8000.hdf5	both	none
699.0403	1	Stimulus/S  1	1	6990403	6990411	107	1	40	pips_40_500-8000.hdf5	both	none
700.0964	1	Stimulus/S  1	1	7000964	7000972	107	2	60	pips_40_500-8000.hdf5	both	none
701.1417	1	Stimulus/S  1	1	7011417	7011425	107	3	70	pips_40_500-8000.hdf5	both	none
702.2084	1	Stimulus/S  1	1	7022084	7022092	107	4	50	pips_40_500-8000.hdf5	both	none
703.2644	1	Stimulus/S  1	1	7032644	7032652	107	5	30	pips_40_500-8000.hdf5	both	none
704.3097	1	Stimulus/S  1	1	7043097	7043105	108	0	20	pips_40_500-8000.hdf5	both	none
705.3764	1	Stimulus/S  1	1	7053764	7053772	108	1	40	pips_40_500-8000.hdf5	both	none
706.4431	1	Stimulus/S  1	1	7064431	7064439	108	2	60	pips_40_500-8000.hdf5	both	none
707.5098	1	Stimulus/S  1	1	7075098	7075106	108	3	70	pips_40_500-8000.hdf5	both	none
708.5658	1	Stimulus/S  1	1	7085658	7085666	108	4	50	pips_40_500-8000.hdf5	both	none
709.6111	1	Stimulus/S  1	1	7096111	7096119	108	5	30	pips_40_500-8000.hdf5	both	none
710.6671	1	Stimulus/S  1	1	7106671	7106679	109	0	20	pips_40_500-8000.hdf5	both	none
711.7231	1	Stimulus/S  1	1	7117231	7117239	109	1	40	pips_40_500-8000.hdf5	both	none
712.7791	1	Stimulus/S  1	1	7127791	7127799	109	2	60	pips_40_500-8000.hdf5	both	none
713.8458	1	Stimulus/S  1	1	7138458	7138466	109	3	70	pips_40_500-8000.hdf5	both	none
714.8912	1	Stimulus/S  1	1	7148912	7148920	109	4	50	pips_40_500-8000.hdf5	both	none
715.9472	1	Stimulus/S  1	1	7159472	7159480	109	5	30	pips_40_500-8000.hdf5	both	none
716.9925	1	Stimulus/S  1	1	7169925	7169933	110	0	20	pips_40_500-8000.hdf5	both	none
718.0592	1	Stimulus/S  1	1	7180592	7180600	110	1	40	pips_40_500-8000.hdf5	both	none
719.1152	1	Stimulus/S  1	1	7191152	7191160	110	2	60	pips_40_500-8000.hdf5	both	none
720.1606	1	Stimulus/S  1	1	7201606	7201614	110	3	70	pips_40_500-8000.hdf5	both	none
721.2272	1	Stimulus/S  1	1	7212272	7212280	110	4	50	pips_40_500-8000.hdf5	both	none
722.2832	1	Stimulus/S  1	1	7222832	7222840	110	5	30	pips_40_500-8000.hdf5	both	none
723.3286	1	Stimulus/S  1	1	7233286	7233294	111	0	20	pips_40_500-8000.hdf5	both	none
724.3953	1	Stimulus/S  1	1	7243953	7243961	111	1	40	pips_40_500-8000.hdf5	both	none
725.4406	1	Stimulus/S  1	1	7254406	7254414	111	2	60	pips_40_500-8000.hdf5	both	none
726.4966	1	Stimulus/S  1	1	7264966	7264974	111	3	70	pips_40_500-8000.hdf5	both	none
727.542	1	Stimulus/S  1	1	7275420	7275428	111	4	50	pips_40_500-8000.hdf5	both	none
728.6086	1	Stimulus/S  1	1	7286086	7286094	111	5	30	pips_40_500-8000.hdf5	both	none
729.6646	1	Stimulus/S  1	1	7296646	7296654	112	0	20	pips_40_500-8000.hdf5	both	none
730.71	1	Stimulus/S  1	1	7307100	7307108	112	1	40	pips_40_500-8000.hdf5	both	none
731.7767	1	Stimulus/S  1	1	7317767	7317775	112	2	60	pips_40_500-8000.hdf5	both	none
732.8327	1	Stimulus/S  1	1	7328327	7328335	112	3	70	pips_40_500-8000.hdf5	both	none
733.878	1	Stimulus/S  1	1	7338780	7338788	112	4	50	pips_40_500-8000.hdf5	both	none
734.9447	1	Stimulus/S  1	1	7349447	7349455	112	5	30	pips_40_500-8000.hdf5	both	none
736.0114	1	Stimulus/S  1	1	7360114	7360122	113	0	20	pips_40_500-8000.hdf5	both	none
737.0567	1	Stimulus/S  1	1	7370567	7370575	113	1	40	pips_40_500-8000.hdf5	both	none
738.1127	1	Stimulus/S  1	1	7381127	7381135	113	2	60	pips_40_500-8000.hdf5	both	none
739.1794	1	Stimulus/S  1	1	7391794	7391802	113	3	70	pips_40_500-8000.hdf5	both	none
740.2248	1	Stimulus/S  1	1	7402248	7402256	113	4	50	pips_40_500-8000.hdf5	both	none
741.2808	1	Stimulus/S  1	1	7412808	7412816	113	5	30	pips_40_500-8000.hdf5	both	none
742.3474	1	Stimulus/S  1	1	7423474	7423482	114	0	20	pips_40_500-8000.hdf5	both	none
743.4141	1	Stimulus/S  1	1	7434141	7434149	114	1	40	pips_40_500-8000.hdf5	both	none
744.4595	1	Stimulus/S  1	1	7444595	7444603	114	2	60	pips_40_500-8000.hdf5	both	none
745.5261	1	Stimulus/S  1	1	7455261	7455269	114	3	70	pips_40_500-8000.hdf5	both	none
746.5928	1	Stimulus/S  1	1	7465928	7465936	114	4	50	pips_40_500-8000.hdf5	both	none
747.6595	1	Stimulus/S  1	1	7476595	7476603	114	5	30	pips_40_500-8000.hdf5	both	none
748.7155	1	Stimulus/S  1	1	7487155	7487163	115	0	20	pips_40_500-8000.hdf5	both	none
749.7609	1	Stimulus/S  1	1	7497609	7497617	115	1	40	pips_40_500-8000.hdf5	both	none
750.8275	1	Stimulus/S  1	1	7508275	7508283	115	2	60	pips_40_500-8000.hdf5	both	none
751.8942	1	Stimulus/S  1	1	7518942	7518950	115	3	70	pips_40_500-8000.hdf5	both	none
752.9609	1	Stimulus/S  1	1	7529609	7529617	115	4	50	pips_40_500-8000.hdf5	both	none
754.0169	1	Stimulus/S  1	1	7540169	7540177	115	5	30	pips_40_500-8000.hdf5	both	none
755.0622	1	Stimulus/S  1	1	7550622	7550630	116	0	20	pips_40_500-8000.hdf5	both	none
756.1289	1	Stimulus/S  1	1	7561289	7561297	116	1	40	pips_40_500-8000.hdf5	both	none
757.1956	1	Stimulus/S  1	1	7571956	7571964	116	2	60	pips_40_500-8000.hdf5	both	none
758.2409	1	Stimulus/S  1	1	7582409	7582417	116	3	70	pips_40_500-8000.hdf5	both	none
759.2969	1	Stimulus/S  1	1	7592969	7592977	116	4	50	pips_40_500-8000.hdf5	both	none
760.3423	1	Stimulus/S  1	1	7603423	7603431	116	5	30	pips_40_500-8000.hdf5	both	none
761.3983	1	Stimulus/S  1	1	7613983	7613991	117	0	20	pips_40_500-8000.hdf5	both	none
762.4436	1	Stimulus/S  1	1	7624436	7624444	117	1	40	pips_40_500-8000.hdf5	both	none
763.4997	1	Stimulus/S  1	1	7634997	7635005	117	2	60	pips_40_500-8000.hdf5	both	none
764.545	1	Stimulus/S  1	1	7645450	7645458	117	3	70	pips_40_500-8000.hdf5	both	none
765.5903	1	Stimulus/S  1	1	7655903	7655911	117	4	50	pips_40_500-8000.hdf5	both	none
766.6677	1	Stimulus/S  1	1	7666677	7666685	117	5	30	pips_40_500-8000.hdf5	both	none
767.7344	1	Stimulus/S  1	1	7677344	7677352	118	0	20	pips_40_500-8000.hdf5	both	none
768.7797	1	Stimulus/S  1	1	7687797	7687805	118	1	40	pips_40_500-8000.hdf5	both	none
769.8251	1	Stimulus/S  1	1	7698251	7698259	118	2	60	pips_40_500-8000.hdf5	both	none
770.8811	1	Stimulus/S  1	1	7708811	7708819	118	3	70	pips_40_500-8000.hdf5	both	none
771.9477	1	Stimulus/S  1	1	7719477	7719485	118	4	50	pips_40_500-8000.hdf5	both	none
772.9931	1	Stimulus/S  1	1	7729931	7729939	118	5	30	pips_40_500-8000.hdf5	both	none
774.0598	1	Stimulus/S  1	1	7740598	7740606	119	0	20	pips_40_500-8000.hdf5	both	none
775.1158	1	Stimulus/S  1	1	7751158	7751166	119	1	40	pips_40_500-8000.hdf5	both	none
776.1611	1	Stimulus/S  1	1	7761611	7761619	119	2	60	pips_40_500-8000.hdf5	both	none
777.2171	1	Stimulus/S  1	1	7772171	7772179	119	3	70	pips_40_500-8000.hdf5	both	none
778.2625	1	Stimulus/S  1	1	7782625	7782633	119	4	50	pips_40_500-8000.hdf5	both	none
779.3078	1	Stimulus/S  1	1	7793078	7793086	119	5	30	pips_40_500-8000.hdf5	both	none
780.3745	1	Stimulus/S  1	1	7803745	7803753	0	0	20	pips_40_500-8000.hdf5	both	none
781.4412	1	Stimulus/S  1	1	7814412	7814420	0	1	40	pips_40_500-8000.hdf5	both	none
782.4972	1	Stimulus/S  1	1	7824972	7824980	0	2	60	pips_40_500-8000.hdf5	both	none
783.5425	1	Stimulus/S  1	1	7835425	7835433	0	3	70	pips_40_500-8000.hdf5	both	none
784.5985	1	Stimulus/S  1	1	7845985	7845993	0	4	50	pips_40_500-8000.hdf5	both	none
785.6652	1	Stimulus/S  1	1	7856652	7856660	0	5	30	pips_40_500-8000.hdf5	both	none
786.7106	1	Stimulus/S  1	1	7867106	7867114	1	0	20	pips_40_500-8000.hdf5	both	none
787.7772	1	Stimulus/S  1	1	7877772	7877780	1	1	40	pips_40_500-8000.hdf5	both	none
788.8332	1	Stimulus/S  1	1	7888332	7888340	1	2	60	pips_40_500-8000.hdf5	both	none
789.8786	1	Stimulus/S  1	1	7898786	7898794	1	3	70	pips_40_500-8000.hdf5	both	none
790.9453	1	Stimulus/S  1	1	7909453	7909461	1	4	50	pips_40_500-8000.hdf5	both	none
792.0119	1	Stimulus/S  1	1	7920119	7920127	1	5	30	pips_40_500-8000.hdf5	both	none
793.0786	1	Stimulus/S  1	1	7930786	7930794	2	0	20	pips_40_500-8000.hdf5	both	none
794.1346	1	Stimulus/S  1	1	7941346	7941354	2	1	40	pips_40_500-8000.hdf5	both	none
795.18	1	Stimulus/S  1	1	7951800	7951808	2	2	60	pips_40_500-8000.hdf5	both	none
796.2467	1	Stimulus/S  1	1	7962467	7962475	2	3	70	pips_40_500-8000.hdf5	both	none
797.3133	1	Stimulus/S  1	1	7973133	7973141	2	4	50	pips_40_500-8000.hdf5	both	none
798.38	1	Stimulus/S  1	1	7983800	7983808	2	5	30	pips_40_500-8000.hdf5	both	none
799.4254	1	Stimulus/S  1	1	7994254	7994262	3	0	20	pips_40_500-8000.hdf5	both	none
800.4814	1	Stimulus/S  1	1	8004814	8004822	3	1	40	pips_40_500-8000.hdf5	both	none
801.548	1	Stimulus/S  1	1	8015480	8015488	3	2	60	pips_40_500-8000.hdf5	both	none
802.5934	1	Stimulus/S  1	1	8025934	8025942	3	3	70	pips_40_500-8000.hdf5	both	none
803.6494	1	Stimulus/S  1	1	8036494	8036502	3	4	50	pips_40_500-8000.hdf5	both	none
804.7161	1	Stimulus/S  1	1	8047161	8047169	3	5	30	pips_40_500-8000.hdf5	both	none
805.7827	1	Stimulus/S  1	1	8057827	8057835	4	0	20	pips_40_500-8000.hdf5	both	none
806.8281	1	Stimulus/S  1	1	8068281	8068289	4	1	40	pips_40_500-8000.hdf5	both	none
807.8841	1	Stimulus/S  1	1	8078841	8078849	4	2	60	pips_40_500-8000.hdf5	both	none
808.9508	1	Stimulus/S  1	1	8089508	8089516	4	3	70	pips_40_500-8000.hdf5	both	none
809.9961	1	Stimulus/S  1	1	8099961	8099969	4	4	50	pips_40_500-8000.hdf5	both	none
811.0415	1	Stimulus/S  1	1	8110415	8110423	4	5	30	pips_40_500-8000.hdf5	both	none
812.1188	1	Stimulus/S  1	1	8121188	8121196	5	0	20	pips_40_500-8000.hdf5	both	none
813.1642	1	Stimulus/S  1	1	8131642	8131650	5	1	40	pips_40_500-8000.hdf5	both	none
814.2095	1	Stimulus/S  1	1	8142095	8142103	5	2	60	pips_40_500-8000.hdf5	both	none
815.2762	1	Stimulus/S  1	1	8152762	8152770	5	3	70	pips_40_500-8000.hdf5	both	none
816.3322	1	Stimulus/S  1	1	8163322	8163330	5	4	50	pips_40_500-8000.hdf5	both	none
817.3775	1	Stimulus/S  1	1	8173775	8173783	5	5	30	pips_40_500-8000.hdf5	both	none
818.4442	1	Stimulus/S  1	1	8184442	8184450	6	0	20	pips_40_500-8000.hdf5	both	none
819.5109	1	Stimulus/S  1	1	8195109	8195117	6	1	40	pips_40_500-8000.hdf5	both	none
820.5669	1	Stimulus/S  1	1	8205669	8205677	6	2	60	pips_40_500-8000.hdf5	both	none
821.6122	1	Stimulus/S  1	1	8216122	8216130	6	3	70	pips_40_500-8000.hdf5	both	none
822.6789	1	Stimulus/S  1	1	8226789	8226797	6	4	50	pips_40_500-8000.hdf5	both	none
823.7456	1	Stimulus/S  1	1	8237456	8237464	6	5	30	pips_40_500-8000.hdf5	both	none
824.8016	1	Stimulus/S  1	1	8248016	8248024	7	0	20	pips_40_500-8000.hdf5	both	none
825.8683	1	Stimulus/S  1	1	8258683	8258691	7	1	40	pips_40_500-8000.hdf5	both	none
826.935	1	Stimulus/S  1	1	8269350	8269358	7	2	60	pips_40_500-8000.hdf5	both	none
828.0016	1	Stimulus/S  1	1	8280016	8280024	7	3	70	pips_40_500-8000.hdf5	both	none
829.0683	1	Stimulus/S  1	1	8290683	8290691	7	4	50	pips_40_500-8000.hdf5	both	none
830.1137	1	Stimulus/S  1	1	8301137	8301145	7	5	30	pips_40_500-8000.hdf5	both	none
831.159	1	Stimulus/S  1	1	8311590	8311598	8	0	20	pips_40_500-8000.hdf5	both	none
832.2257	1	Stimulus/S  1	1	8322257	8322265	8	1	40	pips_40_500-8000.hdf5	both	none
833.2924	1	Stimulus/S  1	1	8332924	8332932	8	2	60	pips_40_500-8000.hdf5	both	none
834.3484	1	Stimulus/S  1	1	8343484	8343492	8	3	70	pips_40_500-8000.hdf5	both	none
835.3937	1	Stimulus/S  1	1	8353937	8353945	8	4	50	pips_40_500-8000.hdf5	both	none
836.4497	1	Stimulus/S  1	1	8364497	8364505	8	5	30	pips_40_500-8000.hdf5	both	none
837.4951	1	Stimulus/S  1	1	8374951	8374959	9	0	20	pips_40_500-8000.hdf5	both	none
838.5617	1	Stimulus/S  1	1	8385617	8385625	9	1	40	pips_40_500-8000.hdf5	both	none
839.6284	1	Stimulus/S  1	1	8396284	8396292	9	2	60	pips_40_500-8000.hdf5	both	none
840.6951	1	Stimulus/S  1	1	8406951	8406959	9	3	70	pips_40_500-8000.hdf5	both	none
841.7511	1	Stimulus/S  1	1	8417511	8417519	9	4	50	pips_40_500-8000.hdf5	both	none
842.7965	1	Stimulus/S  1	1	8427965	8427973	9	5	30	pips_40_500-8000.hdf5	both	none
843.8631	1	Stimulus/S  1	1	8438631	8438639	10	0	20	pips_40_500-8000.hdf5	both	none
844.9298	1	Stimulus/S  1	1	8449298	8449306	10	1	40	pips_40_500-8000.hdf5	both	none
845.9858	1	Stimulus/S  1	1	8459858	8459866	10	2	60	pips_40_500-8000.hdf5	both	none
847.0312	1	Stimulus/S  1	1	8470312	8470320	10	3	70	pips_40_500-8000.hdf5	both	none
848.0765	1	Stimulus/S  1	1	8480765	8480773	10	4	50	pips_40_500-8000.hdf5	both	none
849.1325	1	Stimulus/S  1	1	8491325	8491333	10	5	30	pips_40_500-8000.hdf5	both	none
850.1992	1	Stimulus/S  1	1	8501992	8502000	11	0	20	pips_40_500-8000.hdf5	both	none
851.2659	1	Stimulus/S  1	1	8512659	8512667	11	1	40	pips_40_500-8000.hdf5	both	none
852.3112	1	Stimulus/S  1	1	8523112	8523120	11	2	60	pips_40_500-8000.hdf5	both	none
853.3672	1	Stimulus/S  1	1	8533672	8533680	11	3	70	pips_40_500-8000.hdf5	both	none
854.4126	1	Stimulus/S  1	1	8544126	8544134	11	4	50	pips_40_500-8000.hdf5	both	none
855.4686	1	Stimulus/S  1	1	8554686	8554694	11	5	30	pips_40_500-8000.hdf5	both	none
856.5353	1	Stimulus/S  1	1	8565353	8565361	12	0	20	pips_40_500-8000.hdf5	both	none
857.6019	1	Stimulus/S  1	1	8576019	8576027	12	1	40	pips_40_500-8000.hdf5	both	none
858.6686	1	Stimulus/S  1	1	8586686	8586694	12	2	60	pips_40_500-8000.hdf5	both	none
859.714	1	Stimulus/S  1	1	8597140	8597148	12	3	70	pips_40_500-8000.hdf5	both	none
860.7593	1	Stimulus/S  1	1	8607593	8607601	12	4	50	pips_40_500-8000.hdf5	both	none
861.8153	1	Stimulus/S  1	1	8618153	8618161	12	5	30	pips_40_500-8000.hdf5	both	none
862.8607	1	Stimulus/S  1	1	8628607	8628615	13	0	20	pips_40_500-8000.hdf5	both	none
863.9167	1	Stimulus/S  1	1	8639167	8639175	13	1	40	pips_40_500-8000.hdf5	both	none
864.9833	1	Stimulus/S  1	1	8649833	8649841	13	2	60	pips_40_500-8000.hdf5	both	none
866.05	1	Stimulus/S  1	1	8660500	8660508	13	3	70	pips_40_500-8000.hdf5	both	none
867.1167	1	Stimulus/S  1	1	8671167	8671175	13	4	50	pips_40_500-8000.hdf5	both	none
868.1834	1	Stimulus/S  1	1	8681834	8681842	13	5	30	pips_40_500-8000.hdf5	both	none
869.2501	1	Stimulus/S  1	1	8692501	8692509	14	0	20	pips_40_500-8000.hdf5	both	none
870.3167	1	Stimulus/S  1	1	8703167	8703175	14	1	40	pips_40_500-8000.hdf5	both	none
871.3621	1	Stimulus/S  1	1	8713621	8713629	14	2	60	pips_40_500-8000.hdf5	both	none
872.4181	1	Stimulus/S  1	1	8724181	8724189	14	3	70	pips_40_500-8000.hdf5	both	none
873.4848	1	Stimulus/S  1	1	8734848	8734856	14	4	50	pips_40_500-8000.hdf5	both	none
874.5514	1	Stimulus/S  1	1	8745514	8745522	14	5	30	pips_40_500-8000.hdf5	both	none
875.5968	1	Stimulus/S  1	1	8755968	8755976	15	0	20	pips_40_500-8000.hdf5	both	none
876.6528	1	Stimulus/S  1	1	8766528	8766536	15	1	40	pips_40_500-8000.hdf5	both	none
877.6981	1	Stimulus/S  1	1	8776981	8776989	15	2	60	pips_40_500-8000.hdf5	both	none
878.7648	1	Stimulus/S  1	1	8787648	8787656	15	3	70	pips_40_500-8000.hdf5	both	none
879.8315	1	Stimulus/S  1	1	8798315	8798323	15	4	50	pips_40_500-8000.hdf5	both	none
880.8768	1	Stimulus/S  1	1	8808768	8808776	15	5	30	pips_40_500-8000.hdf5	both	none
881.9328	1	Stimulus/S  1	1	8819328	8819336	16	0	20	pips_40_500-8000.hdf5	both	none
882.9995	1	Stimulus/S  1	1	8829995	8830003	16	1	40	pips_40_500-8000.hdf5	both	none
884.0449	1	Stimulus/S  1	1	8840449	8840457	16	2	60	pips_40_500-8000.hdf5	both	none
885.1009	1	Stimulus/S  1	1	8851009	8851017	16	3	70	pips_40_500-8000.hdf5	both	none
886.1676	1	Stimulus/S  1	1	8861676	8861684	16	4	50	pips_40_500-8000.hdf5	both	none
887.2129	1	Stimulus/S  1	1	8872129	8872137	16	5	30	pips_40_500-8000.hdf5	both	none
888.2689	1	Stimulus/S  1	1	8882689	8882697	17	0	20	pips_40_500-8000.hdf5	both	none
889.3356	1	Stimulus/S  1	1	8893356	8893364	17	1	40	pips_40_500-8000.hdf5	both	none
890.3809	1	Stimulus/S  1	1	8903809	8903817	17	2	60	pips_40_500-8000.hdf5	both	none
891.4263	1	Stimulus/S  1	1	8914263	8914271	17	3	70	pips_40_500-8000.hdf5	both	none
892.493	1	Stimulus/S  1	1	8924930	8924938	17	4	50	pips_40_500-8000.hdf5	both	none
893.549	1	Stimulus/S  1	1	8935490	8935498	17	5	30	pips_40_500-8000.hdf5	both	none
894.6156	1	Stimulus/S  1	1	8946156	8946164	18	0	20	pips_40_500-8000.hdf5	both	none
895.6823	1	Stimulus/S  1	1	8956823	8956831	18	1	40	pips_40_500-8000.hdf5	both	none
896.7277	1	Stimulus/S  1	1	8967277	8967285	18	2	60	pips_40_500-8000.hdf5	both	none
897.7837	1	Stimulus/S  1	1	8977837	8977845	18	3	70	pips_40_500-8000.hdf5	both	none
898.8504	1	Stimulus/S  1	1	8988504	8988512	18	4	50	pips_40_500-8000.hdf5	both	none
899.917	1	Stimulus/S  1	1	8999170	8999178	18	5	30	pips_40_500-8000.hdf5	both	none
900.9837	1	Stimulus/S  1	1	9009837	9009845	19	0	20	pips_40_500-8000.hdf5	both	none
902.029	1	Stimulus/S  1	1	9020290	9020298	19	1	40	pips_40_500-8000.hdf5	both	none
903.0851	1	Stimulus/S  1	1	9030851	9030859	19	2	60	pips_40_500-8000.hdf5	both	none
904.1517	1	Stimulus/S  1	1	9041517	9041525	19	3	70	pips_40_500-8000.hdf5	both	none
905.1971	1	Stimulus/S  1	1	9051971	9051979	19	4	50	pips_40_500-8000.hdf5	both	none
906.2531	1	Stimulus/S  1	1	9062531	9062539	19	5	30	pips_40_500-8000.hdf5	both	none
907.2984	1	Stimulus/S  1	1	9072984	9072992	20	0	20	pips_40_500-8000.hdf5	both	none
908.3651	1	Stimulus/S  1	1	9083651	9083659	20	1	40	pips_40_500-8000.hdf5	both	none
909.4318	1	Stimulus/S  1	1	9094318	9094326	20	2	60	pips_40_500-8000.hdf5	both	none
910.4985	1	Stimulus/S  1	1	9104985	9104993	20	3	70	pips_40_500-8000.hdf5	both	none
911.5651	1	Stimulus/S  1	1	9115651	9115659	20	4	50	pips_40_500-8000.hdf5	both	none
912.6105	1	Stimulus/S  1	1	9126105	9126113	20	5	30	pips_40_500-8000.hdf5	both	none
913.6772	1	Stimulus/S  1	1	9136772	9136780	21	0	20	pips_40_500-8000.hdf5	both	none
914.7438	1	Stimulus/S  1	1	9147438	9147446	21	1	40	pips_40_500-8000.hdf5	both	none
915.7999	1	Stimulus/S  1	1	9157999	9158007	21	2	60	pips_40_500-8000.hdf5	both	none
916.8452	1	Stimulus/S  1	1	9168452	9168460	21	3	70	pips_40_500-8000.hdf5	both	none
917.9119	1	Stimulus/S  1	1	9179119	9179127	21	4	50	pips_40_500-8000.hdf5	both	none
918.9679	1	Stimulus/S  1	1	9189679	9189687	21	5	30	pips_40_500-8000.hdf5	both	none
920.0132	1	Stimulus/S  1	1	9200132	9200140	22	0	20	pips_40_500-8000.hdf5	both	none
921.0692	1	Stimulus/S  1	1	9210692	9210700	22	1	40	pips_40_500-8000.hdf5	both	none
922.1359	1	Stimulus/S  1	1	9221359	9221367	22	2	60	pips_40_500-8000.hdf5	both	none
923.1813	1	Stimulus/S  1	1	9231813	9231821	22	3	70	pips_40_500-8000.hdf5	both	none
924.2266	1	Stimulus/S  1	1	9242266	9242274	22	4	50	pips_40_500-8000.hdf5	both	none
925.2826	1	Stimulus/S  1	1	9252826	9252834	22	5	30	pips_40_500-8000.hdf5	both	none
926.328	1	Stimulus/S  1	1	9263280	9263288	23	0	20	pips_40_500-8000.hdf5	both	none
927.384	1	Stimulus/S  1	1	9273840	9273848	23	1	40	pips_40_500-8000.hdf5	both	none
928.4506	1	Stimulus/S  1	1	9284506	9284514	23	2	60	pips_40_500-8000.hdf5	both	none
929.5173	1	Stimulus/S  1	1	9295173	9295181	23	3	70	pips_40_500-8000.hdf5	both	none
930.5627	1	Stimulus/S  1	1	9305627	9305635	23	4	50	pips_40_500-8000.hdf5	both	none
931.6293	1	Stimulus/S  1	1	9316293	9316301	23	5	30	pips_40_500-8000.hdf5	both	none
932.696	1	Stimulus/S  1	1	9326960	9326968	24	0	20	pips_40_500-8000.hdf5	both	none
933.7627	1	Stimulus/S  1	1	9337627	9337635	24	1	40	pips_40_500-8000.hdf5	both	none
934.8294	1	Stimulus/S  1	1	9348294	9348302	24	2	60	pips_40_500-8000.hdf5	both	none
935.8854	1	Stimulus/S  1	1	9358854	9358862	24	3	70	pips_40_500-8000.hdf5	both	none
936.9307	1	Stimulus/S  1	1	9369307	9369315	24	4	50	pips_40_500-8000.hdf5	both	none
937.9867	1	Stimulus/S  1	1	9379867	9379875	24	5	30	pips_40_500-8000.hdf5	both	none
939.0534	1	Stimulus/S  1	1	9390534	9390542	25	0	20	pips_40_500-8000.hdf5	both	none
940.0988	1	Stimulus/S  1	1	9400988	9400996	25	1	40	pips_40_500-8000.hdf5	both	none
941.1441	1	Stimulus/S  1	1	9411441	9411449	25	2	60	pips_40_500-8000.hdf5	both	none
942.2108	1	Stimulus/S  1	1	9422108	9422116	25	3	70	pips_40_500-8000.hdf5	both	none
943.2775	1	Stimulus/S  1	1	9432775	9432783	25	4	50	pips_40_500-8000.hdf5	both	none
944.3441	1	Stimulus/S  1	1	9443441	9443449	25	5	30	pips_40_500-8000.hdf5	both	none
945.4002	1	Stimulus/S  1	1	9454002	9454010	26	0	20	pips_40_500-8000.hdf5	both	none
946.4455	1	Stimulus/S  1	1	9464455	9464463	26	1	40	pips_40_500-8000.hdf5	both	none
947.5015	1	Stimulus/S  1	1	9475015	9475023	26	2	60	pips_40_500-8000.hdf5	both	none
948.5682	1	Stimulus/S  1	1	9485682	9485690	26	3	70	pips_40_500-8000.hdf5	both	none
949.6349	1	Stimulus/S  1	1	9496349	9496357	26	4	50	pips_40_500-8000.hdf5	both	none
950.6802	1	Stimulus/S  1	1	9506802	9506810	26	5	30	pips_40_500-8000.hdf5	both	none
951.7362	1	Stimulus/S  1	1	9517362	9517370	27	0	20	pips_40_500-8000.hdf5	both	none
952.8029	1	Stimulus/S  1	1	9528029	9528037	27	1	40	pips_40_500-8000.hdf5	both	none
953.8696	1	Stimulus/S  1	1	9538696	9538704	27	2	60	pips_40_500-8000.hdf5	both	none
954.9149	1	Stimulus/S  1	1	9549149	9549157	27	3	70	pips_40_500-8000.hdf5	both	none
955.9603	1	Stimulus/S  1	1	9559603	9559611	27	4	50	pips_40_500-8000.hdf5	both	none
957.0163	1	Stimulus/S  1	1	9570163	9570171	27	5	30	pips_40_500-8000.hdf5	both	none
958.0829	1	Stimulus/S  1	1	9580829	9580837	28	0	20	pips_40_500-8000.hdf5	both	none
959.1283	1	Stimulus/S  1	1	9591283	9591291	28	1	40	pips_40_500-8000.hdf5	both	none
960.1843	1	Stimulus/S  1	1	9601843	9601851	28	2	60	pips_40_500-8000.hdf5	both	none
961.2296	1	Stimulus/S  1	1	9612296	9612304	28	3	70	pips_40_500-8000.hdf5	both	none
962.2857	1	Stimulus/S  1	1	9622857	9622865	28	4	50	pips_40_500-8000.hdf5	both	none
963.3523	1	Stimulus/S  1	1	9633523	9633531	28	5	30	pips_40_500-8000.hdf5	both	none
964.3977	1	Stimulus/S  1	1	9643977	9643985	29	0	20	pips_40_500-8000.hdf5	both	none
965.4537	1	Stimulus/S  1	1	9654537	9654545	29	1	40	pips_40_500-8000.hdf5	both	none
966.5204	1	Stimulus/S  1	1	9665204	9665212	29	2	60	pips_40_500-8000.hdf5	both	none
967.5657	1	Stimulus/S  1	1	9675657	9675665	29	3	70	pips_40_500-8000.hdf5	both	none
968.6111	1	Stimulus/S  1	1	9686111	9686119	29	4	50	pips_40_500-8000.hdf5	both	none
969.6777	1	Stimulus/S  1	1	9696777	9696785	29	5	30	pips_40_500-8000.hdf5	both	none
970.7337	1	Stimulus/S  1	1	9707337	9707345	30	0	20	pips_40_500-8000.hdf5	both	none
971.7791	1	Stimulus/S  1	1	9717791	9717799	30	1	40	pips_40_500-8000.hdf5	both	none
972.8458	1	Stimulus/S  1	1	9728458	9728466	30	2	60	pips_40_500-8000.hdf5	both	none
973.9018	1	Stimulus/S  1	1	9739018	9739026	30	3	70	pips_40_500-8000.hdf5	both	none
974.9471	1	Stimulus/S  1	1	9749471	9749479	30	4	50	pips_40_500-8000.hdf5	both	none
976.0138	1	Stimulus/S  1	1	9760138	9760146	30	5	30	pips_40_500-8000.hdf5	both	none
977.0805	1	Stimulus/S  1	1	9770805	9770813	31	0	20	pips_40_500-8000.hdf5	both	none
978.1365	1	Stimulus/S  1	1	9781365	9781373	31	1	40	pips_40_500-8000.hdf5	both	none
979.2032	1	Stimulus/S  1	1	9792032	9792040	31	2	60	pips_40_500-8000.hdf5	both	none
980.2698	1	Stimulus/S  1	1	9802698	9802706	31	3	70	pips_40_500-8000.hdf5	both	none
981.3152	1	Stimulus/S  1	1	9813152	9813160	31	4	50	pips_40_500-8000.hdf5	both	none
982.3712	1	Stimulus/S  1	1	9823712	9823720	31	5	30	pips_40_500-8000.hdf5	both	none
983.4379	1	Stimulus/S  1	1	9834379	9834387	32	0	20	pips_40_500-8000.hdf5	both	none
984.4832	1	Stimulus/S  1	1	9844832	9844840	32	1	40	pips_40_500-8000.hdf5	both	none
985.5286	1	Stimulus/S  1	1	9855286	9855294	32	2	60	pips_40_500-8000.hdf5	both	none
986.5846	1	Stimulus/S  1	1	9865846	9865854	32	3	70	pips_40_500-8000.hdf5	both	none
987.6299	1	Stimulus/S  1	1	9876299	9876307	32	4	50	pips_40_500-8000.hdf5	both	none
988.6859	1	Stimulus/S  1	1	9886859	9886867	32	5	30	pips_40_500-8000.hdf5	both	none
989.7526	1	Stimulus/S  1	1	9897526	9897534	33	0	20	pips_40_500-8000.hdf5	both	none
990.7979	1	Stimulus/S  1	1	9907979	9907987	33	1	40	pips_40_500-8000.hdf5	both	none
991.8646	1	Stimulus/S  1	1	9918646	9918654	33	2	60	pips_40_500-8000.hdf5	both	none
992.9313	1	Stimulus/S  1	1	9929313	9929321	33	3	70	pips_40_500-8000.hdf5	both	none
993.998	1	Stimulus/S  1	1	9939980	9939988	33	4	50	pips_40_500-8000.hdf5	both	none
995.0646	1	Stimulus/S  1	1	9950646	9950654	33	5	30	pips_40_500-8000.hdf5	both	none
996.1313	1	Stimulus/S  1	1	9961313	9961321	34	0	20	pips_40_500-8000.hdf5	both	none
997.198	1	Stimulus/S  1	1	9971980	9971988	34	1	40	pips_40_500-8000.hdf5	both	none
998.254	1	Stimulus/S  1	1	9982540	9982548	34	2	60	pips_40_500-8000.hdf5	both	none
999.2994	1	Stimulus/S  1	1	9992994	9993002	34	3	70	pips_40_500-8000.hdf5	both	none
1000.3447	1	Stimulus/S  1	1	10003447	10003455	34	4	50	pips_40_500-8000.hdf5	both	none
1001.4007	1	Stimulus/S  1	1	10014007	10014015	34	5	30	pips_40_500-8000.hdf5	both	none
1002.4461	1	Stimulus/S  1	1	10024461	10024469	35	0	20	pips_40_500-8000.hdf5	both	none
1003.5127	1	Stimulus/S  1	1	10035127	10035135	35	1	40	pips_40_500-8000.hdf5	both	none
1004.5687	1	Stimulus/S  1	1	10045687	10045695	35	2	60	pips_40_500-8000.hdf5	both	none
1005.6141	1	Stimulus/S  1	1	10056141	10056149	35	3	70	pips_40_500-8000.hdf5	both	none
1006.6701	1	Stimulus/S  1	1	10066701	10066709	35	4	50	pips_40_500-8000.hdf5	both	none
1007.7154	1	Stimulus/S  1	1	10077154	10077162	35	5	30	pips_40_500-8000.hdf5	both	none
1008.7715	1	Stimulus/S  1	1	10087715	10087723	36	0	20	pips_40_500-8000.hdf5	both	none
1009.8168	1	Stimulus/S  1	1	10098168	10098176	36	1	40	pips_40_500-8000.hdf5	both	none
1010.8621	1	Stimulus/S  1	1	10108621	10108629	36	2	60	pips_40_500-8000.hdf5	both	none
1011.9288	1	Stimulus/S  1	1	10119288	10119296	36	3	70	pips_40_500-8000.hdf5	both	none
1012.9955	1	Stimulus/S  1	1	10129955	10129963	36	4	50	pips_40_500-8000.hdf5	both	none
1014.0622	1	Stimulus/S  1	1	10140622	10140630	36	5	30	pips_40_500-8000.hdf5	both	none
1015.1182	1	Stimulus/S  1	1	10151182	10151190	37	0	20	pips_40_500-8000.hdf5	both	none
1016.1635	1	Stimulus/S  1	1	10161635	10161643	37	1	40	pips_40_500-8000.hdf5	both	none
1017.2302	1	Stimulus/S  1	1	10172302	10172310	37	2	60	pips_40_500-8000.hdf5	both	none
1018.2969	1	Stimulus/S  1	1	10182969	10182977	37	3	70	pips_40_500-8000.hdf5	both	none
1019.3636	1	Stimulus/S  1	1	10193636	10193644	37	4	50	pips_40_500-8000.hdf5	both	none
1020.4196	1	Stimulus/S  1	1	10204196	10204204	37	5	30	pips_40_500-8000.hdf5	both	none
1021.4649	1	Stimulus/S  1	1	10214649	10214657	38	0	20	pips_40_500-8000.hdf5	both	none
1022.5316	1	Stimulus/S  1	1	10225316	10225324	38	1	40	pips_40_500-8000.hdf5	both	none
1023.5983	1	Stimulus/S  1	1	10235983	10235991	38	2	60	pips_40_500-8000.hdf5	both	none
1024.6543	1	Stimulus/S  1	1	10246543	10246551	38	3	70	pips_40_500-8000.hdf5	both	none
1025.6996	1	Stimulus/S  1	1	10256996	10257004	38	4	50	pips_40_500-8000.hdf5	both	none
1026.7556	1	Stimulus/S  1	1	10267556	10267564	38	5	30	pips_40_500-8000.hdf5	both	none
1027.801	1	Stimulus/S  1	1	10278010	10278018	39	0	20	pips_40_500-8000.hdf5	both	none
1028.8677	1	Stimulus/S  1	1	10288677	10288685	39	1	40	pips_40_500-8000.hdf5	both	none
1029.9343	1	Stimulus/S  1	1	10299343	10299351	39	2	60	pips_40_500-8000.hdf5	both	none
1030.9797	1	Stimulus/S  1	1	10309797	10309805	39	3	70	pips_40_500-8000.hdf5	both	none
1032.0357	1	Stimulus/S  1	1	10320357	10320365	39	4	50	pips_40_500-8000.hdf5	both	none
1033.081	1	Stimulus/S  1	1	10330810	10330818	39	5	30	pips_40_500-8000.hdf5	both	none
1034.137	1	Stimulus/S  1	1	10341370	10341378	40	0	20	pips_40_500-8000.hdf5	both	none
1035.1824	1	Stimulus/S  1	1	10351824	10351832	40	1	40	pips_40_500-8000.hdf5	both	none
1036.2491	1	Stimulus/S  1	1	10362491	10362499	40	2	60	pips_40_500-8000.hdf5	both	none
1037.3157	1	Stimulus/S  1	1	10373157	10373165	40	3	70	pips_40_500-8000.hdf5	both	none
1038.3718	1	Stimulus/S  1	1	10383718	10383726	40	4	50	pips_40_500-8000.hdf5	both	none
1039.4171	1	Stimulus/S  1	1	10394171	10394179	40	5	30	pips_40_500-8000.hdf5	both	none
1040.4624	1	Stimulus/S  1	1	10404624	10404632	41	0	20	pips_40_500-8000.hdf5	both	none
1041.5291	1	Stimulus/S  1	1	10415291	10415299	41	1	40	pips_40_500-8000.hdf5	both	none
1042.5851	1	Stimulus/S  1	1	10425851	10425859	41	2	60	pips_40_500-8000.hdf5	both	none
1043.6305	1	Stimulus/S  1	1	10436305	10436313	41	3	70	pips_40_500-8000.hdf5	both	none
1044.6971	1	Stimulus/S  1	1	10446971	10446979	41	4	50	pips_40_500-8000.hdf5	both	none
1045.7532	1	Stimulus/S  1	1	10457532	10457540	41	5	30	pips_40_500-8000.hdf5	both	none
1046.8198	1	Stimulus/S  1	1	10468198	10468206	42	0	20	pips_40_500-8000.hdf5	both	none
1047.8865	1	Stimulus/S  1	1	10478865	10478873	42	1	40	pips_40_500-8000.hdf5	both	none
1048.9319	1	Stimulus/S  1	1	10489319	10489327	42	2	60	pips_40_500-8000.hdf5	both	none
1049.9879	1	Stimulus/S  1	1	10499879	10499887	42	3	70	pips_40_500-8000.hdf5	both	none
1051.0545	1	Stimulus/S  1	1	10510545	10510553	42	4	50	pips_40_500-8000.hdf5	both	none
1052.0999	1	Stimulus/S  1	1	10520999	10521007	42	5	30	pips_40_500-8000.hdf5	both	none
1053.1559	1	Stimulus/S  1	1	10531559	10531567	43	0	20	pips_40_500-8000.hdf5	both	none
1054.2226	1	Stimulus/S  1	1	10542226	10542234	43	1	40	pips_40_500-8000.hdf5	both	none
1055.2893	1	Stimulus/S  1	1	10552893	10552901	43	2	60	pips_40_500-8000.hdf5	both	none
1056.3346	1	Stimulus/S  1	1	10563346	10563354	43	3	70	pips_40_500-8000.hdf5	both	none
1057.3799	1	Stimulus/S  1	1	10573799	10573807	43	4	50	pips_40_500-8000.hdf5	both	none
1058.4466	1	Stimulus/S  1	1	10584466	10584474	43	5	30	pips_40_500-8000.hdf5	both	none
1059.5026	1	Stimulus/S  1	1	10595026	10595034	44	0	20	pips_40_500-8000.hdf5	both	none
1060.5693	1	Stimulus/S  1	1	10605693	10605701	44	1	40	pips_40_500-8000.hdf5	both	none
1061.636	1	Stimulus/S  1	1	10616360	10616368	44	2	60	pips_40_500-8000.hdf5	both	none
1062.6813	1	Stimulus/S  1	1	10626813	10626821	44	3	70	pips_40_500-8000.hdf5	both	none
1063.748	1	Stimulus/S  1	1	10637480	10637488	44	4	50	pips_40_500-8000.hdf5	both	none
1064.8147	1	Stimulus/S  1	1	10648147	10648155	44	5	30	pips_40_500-8000.hdf5	both	none
1065.8814	1	Stimulus/S  1	1	10658814	10658822	45	0	20	pips_40_500-8000.hdf5	both	none
1066.9374	1	Stimulus/S  1	1	10669374	10669382	45	1	40	pips_40_500-8000.hdf5	both	none
1067.9827	1	Stimulus/S  1	1	10679827	10679835	45	2	60	pips_40_500-8000.hdf5	both	none
1069.0494	1	Stimulus/S  1	1	10690494	10690502	45	3	70	pips_40_500-8000.hdf5	both	none
1070.1161	1	Stimulus/S  1	1	10701161	10701169	45	4	50	pips_40_500-8000.hdf5	both	none
1071.1721	1	Stimulus/S  1	1	10711721	10711729	45	5	30	pips_40_500-8000.hdf5	both	none
1072.2388	1	Stimulus/S  1	1	10722388	10722396	46	0	20	pips_40_500-8000.hdf5	both	none
1073.2841	1	Stimulus/S  1	1	10732841	10732849	46	1	40	pips_40_500-8000.hdf5	both	none
1074.3508	1	Stimulus/S  1	1	10743508	10743516	46	2	60	pips_40_500-8000.hdf5	both	none
1075.3961	1	Stimulus/S  1	1	10753961	10753969	46	3	70	pips_40_500-8000.hdf5	both	none
1076.4521	1	Stimulus/S  1	1	10764521	10764529	46	4	50	pips_40_500-8000.hdf5	both	none
1077.5188	1	Stimulus/S  1	1	10775188	10775196	46	5	30	pips_40_500-8000.hdf5	both	none
1078.5855	1	Stimulus/S  1	1	10785855	10785863	47	0	20	pips_40_500-8000.hdf5	both	none
1079.6308	1	Stimulus/S  1	1	10796308	10796316	47	1	40	pips_40_500-8000.hdf5	both	none
1080.6868	1	Stimulus/S  1	1	10806868	10806876	47	2	60	pips_40_500-8000.hdf5	both	none
1081.7535	1	Stimulus/S  1	1	10817535	10817543	47	3	70	pips_40_500-8000.hdf5	both	none
1082.7989	1	Stimulus/S  1	1	10827989	10827997	47	4	50	pips_40_500-8000.hdf5	both	none
1083.8549	1	Stimulus/S  1	1	10838549	10838557	47	5	30	pips_40_500-8000.hdf5	both	none
1084.9216	1	Stimulus/S  1	1	10849216	10849224	48	0	20	pips_40_500-8000.hdf5	both	none
1085.9669	1	Stimulus/S  1	1	10859669	10859677	48	1	40	pips_40_500-8000.hdf5	both	none
1087.0229	1	Stimulus/S  1	1	10870229	10870237	48	2	60	pips_40_500-8000.hdf5	both	none
1088.0682	1	Stimulus/S  1	1	10880682	10880690	48	3	70	pips_40_500-8000.hdf5	both	none
1089.1136	1	Stimulus/S  1	1	10891136	10891144	48	4	50	pips_40_500-8000.hdf5	both	none
1090.1803	1	Stimulus/S  1	1	10901803	10901811	48	5	30	pips_40_500-8000.hdf5	both	none
1091.2363	1	Stimulus/S  1	1	10912363	10912371	49	0	20	pips_40_500-8000.hdf5	both	none
1092.303	1	Stimulus/S  1	1	10923030	10923038	49	1	40	pips_40_500-8000.hdf5	both	none
1093.3483	1	Stimulus/S  1	1	10933483	10933491	49	2	60	pips_40_500-8000.hdf5	both	none
1094.4043	1	Stimulus/S  1	1	10944043	10944051	49	3	70	pips_40_500-8000.hdf5	both	none
1095.4497	1	Stimulus/S  1	1	10954497	10954505	49	4	50	pips_40_500-8000.hdf5	both	none
1096.5057	1	Stimulus/S  1	1	10965057	10965065	49	5	30	pips_40_500-8000.hdf5	both	none
1097.5723	1	Stimulus/S  1	1	10975723	10975731	50	0	20	pips_40_500-8000.hdf5	both	none
1098.639	1	Stimulus/S  1	1	10986390	10986398	50	1	40	pips_40_500-8000.hdf5	both	none
1099.6844	1	Stimulus/S  1	1	10996844	10996852	50	2	60	pips_40_500-8000.hdf5	both	none
1100.751	1	Stimulus/S  1	1	11007510	11007518	50	3	70	pips_40_500-8000.hdf5	both	none
1101.7964	1	Stimulus/S  1	1	11017964	11017972	50	4	50	pips_40_500-8000.hdf5	both	none
1102.8631	1	Stimulus/S  1	1	11028631	11028639	50	5	30	pips_40_500-8000.hdf5	both	none
1103.9191	1	Stimulus/S  1	1	11039191	11039199	51	0	20	pips_40_500-8000.hdf5	both	none
1104.9858	1	Stimulus/S  1	1	11049858	11049866	51	1	40	pips_40_500-8000.hdf5	both	none
1106.0311	1	Stimulus/S  1	1	11060311	11060319	51	2	60	pips_40_500-8000.hdf5	both	none
1107.0871	1	Stimulus/S  1	1	11070871	11070879	51	3	70	pips_40_500-8000.hdf5	both	none
1108.1324	1	Stimulus/S  1	1	11081324	11081332	51	4	50	pips_40_500-8000.hdf5	both	none
1109.1885	1	Stimulus/S  1	1	11091885	11091893	51	5	30	pips_40_500-8000.hdf5	both	none
1110.2551	1	Stimulus/S  1	1	11102551	11102559	52	0	20	pips_40_500-8000.hdf5	both	none
1111.3005	1	Stimulus/S  1	1	11113005	11113013	52	1	40	pips_40_500-8000.hdf5	both	none
1112.3565	1	Stimulus/S  1	1	11123565	11123573	52	2	60	pips_40_500-8000.hdf5	both	none
1113.4232	1	Stimulus/S  1	1	11134232	11134240	52	3	70	pips_40_500-8000.hdf5	both	none
1114.4685	1	Stimulus/S  1	1	11144685	11144693	52	4	50	pips_40_500-8000.hdf5	both	none
1115.5139	1	Stimulus/S  1	1	11155139	11155147	52	5	30	pips_40_500-8000.hdf5	both	none
1116.5699	1	Stimulus/S  1	1	11165699	11165707	53	0	20	pips_40_500-8000.hdf5	both	none
1117.6365	1	Stimulus/S  1	1	11176365	11176373	53	1	40	pips_40_500-8000.hdf5	both	none
1118.6819	1	Stimulus/S  1	1	11186819	11186827	53	2	60	pips_40_500-8000.hdf5	both	none
1119.7486	1	Stimulus/S  1	1	11197486	11197494	53	3	70	pips_40_500-8000.hdf5	both	none
1120.8046	1	Stimulus/S  1	1	11208046	11208054	53	4	50	pips_40_500-8000.hdf5	both	none
1121.8713	1	Stimulus/S  1	1	11218713	11218721	53	5	30	pips_40_500-8000.hdf5	both	none
1122.9166	1	Stimulus/S  1	1	11229166	11229174	54	0	20	pips_40_500-8000.hdf5	both	none
1123.9833	1	Stimulus/S  1	1	11239833	11239841	54	1	40	pips_40_500-8000.hdf5	both	none
1125.0393	1	Stimulus/S  1	1	11250393	11250401	54	2	60	pips_40_500-8000.hdf5	both	none
1126.0846	1	Stimulus/S  1	1	11260846	11260854	54	3	70	pips_40_500-8000.hdf5	both	none
1127.13	1	Stimulus/S  1	1	11271300	11271308	54	4	50	pips_40_500-8000.hdf5	both	none
1128.186	1	Stimulus/S  1	1	11281860	11281868	54	5	30	pips_40_500-8000.hdf5	both	none
1129.2313	1	Stimulus/S  1	1	11292313	11292321	55	0	20	pips_40_500-8000.hdf5	both	none
1130.298	1	Stimulus/S  1	1	11302980	11302988	55	1	40	pips_40_500-8000.hdf5	both	none
1131.354	1	Stimulus/S  1	1	11313540	11313548	55	2	60	pips_40_500-8000.hdf5	both	none
1132.4207	1	Stimulus/S  1	1	11324207	11324215	55	3	70	pips_40_500-8000.hdf5	both	none
1133.466	1	Stimulus/S  1	1	11334660	11334668	55	4	50	pips_40_500-8000.hdf5	both	none
1134.522	1	Stimulus/S  1	1	11345220	11345228	55	5	30	pips_40_500-8000.hdf5	both	none
1135.5674	1	Stimulus/S  1	1	11355674	11355682	56	0	20	pips_40_500-8000.hdf5	both	none
1136.6341	1	Stimulus/S  1	1	11366341	11366349	56	1	40	pips_40_500-8000.hdf5	both	none
1137.6901	1	Stimulus/S  1	1	11376901	11376909	56	2	60	pips_40_500-8000.hdf5	both	none
1138.7568	1	Stimulus/S  1	1	11387568	11387576	56	3	70	pips_40_500-8000.hdf5	both	none
1139.8021	1	Stimulus/S  1	1	11398021	11398029	56	4	50	pips_40_500-8000.hdf5	both	none
1140.8688	1	Stimulus/S  1	1	11408688	11408696	56	5	30	pips_40_500-8000.hdf5	both	none
1141.9141	1	Stimulus/S  1	1	11419141	11419149	57	0	20	pips_40_500-8000.hdf5	both	none
1142.9808	1	Stimulus/S  1	1	11429808	11429816	57	1	40	pips_40_500-8000.hdf5	both	none
1144.0368	1	Stimulus/S  1	1	11440368	11440376	57	2	60	pips_40_500-8000.hdf5	both	none
1145.0822	1	Stimulus/S  1	1	11450822	11450830	57	3	70	pips_40_500-8000.hdf5	both	none
1146.1488	1	Stimulus/S  1	1	11461488	11461496	57	4	50	pips_40_500-8000.hdf5	both	none
1147.2048	1	Stimulus/S  1	1	11472048	11472056	57	5	30	pips_40_500-8000.hdf5	both	none
1148.2715	1	Stimulus/S  1	1	11482715	11482723	58	0	20	pips_40_500-8000.hdf5	both	none
1149.3169	1	Stimulus/S  1	1	11493169	11493177	58	1	40	pips_40_500-8000.hdf5	both	none
1150.3729	1	Stimulus/S  1	1	11503729	11503737	58	2	60	pips_40_500-8000.hdf5	both	none
1151.4396	1	Stimulus/S  1	1	11514396	11514404	58	3	70	pips_40_500-8000.hdf5	both	none
1152.5062	1	Stimulus/S  1	1	11525062	11525070	58	4	50	pips_40_500-8000.hdf5	both	none
1153.5516	1	Stimulus/S  1	1	11535516	11535524	58	5	30	pips_40_500-8000.hdf5	both	none
1154.6182	1	Stimulus/S  1	1	11546182	11546190	59	0	20	pips_40_500-8000.hdf5	both	none
1155.6743	1	Stimulus/S  1	1	11556743	11556751	59	1	40	pips_40_500-8000.hdf5	both	none
1156.7196	1	Stimulus/S  1	1	11567196	11567204	59	2	60	pips_40_500-8000.hdf5	both	none
1157.7649	1	Stimulus/S  1	1	11577649	11577657	59	3	70	pips_40_500-8000.hdf5	both	none
1158.821	1	Stimulus/S  1	1	11588210	11588218	59	4	50	pips_40_500-8000.hdf5	both	none
1159.8663	1	Stimulus/S  1	1	11598663	11598671	59	5	30	pips_40_500-8000.hdf5	both	none
1160.9223	1	Stimulus/S  1	1	11609223	11609231	60	0	20	pips_40_500-8000.hdf5	both	none
1161.9677	1	Stimulus/S  1	1	11619677	11619685	60	1	40	pips_40_500-8000.hdf5	both	none
1163.0237	1	Stimulus/S  1	1	11630237	11630245	60	2	60	pips_40_500-8000.hdf5	both	none
1164.069	1	Stimulus/S  1	1	11640690	11640698	60	3	70	pips_40_500-8000.hdf5	both	none
1165.1357	1	Stimulus/S  1	1	11651357	11651365	60	4	50	pips_40_500-8000.hdf5	both	none
1166.181	1	Stimulus/S  1	1	11661810	11661818	60	5	30	pips_40_500-8000.hdf5	both	none
1167.237	1	Stimulus/S  1	1	11672370	11672378	61	0	20	pips_40_500-8000.hdf5	both	none
1168.2824	1	Stimulus/S  1	1	11682824	11682832	61	1	40	pips_40_500-8000.hdf5	both	none
1169.3491	1	Stimulus/S  1	1	11693491	11693499	61	2	60	pips_40_500-8000.hdf5	both	none
1170.4051	1	Stimulus/S  1	1	11704051	11704059	61	3	70	pips_40_500-8000.hdf5	both	none
1171.4718	1	Stimulus/S  1	1	11714718	11714726	61	4	50	pips_40_500-8000.hdf5	both	none
1172.5171	1	Stimulus/S  1	1	11725171	11725179	61	5	30	pips_40_500-8000.hdf5	both	none
1173.5731	1	Stimulus/S  1	1	11735731	11735739	62	0	20	pips_40_500-8000.hdf5	both	none
1174.6184	1	Stimulus/S  1	1	11746184	11746192	62	1	40	pips_40_500-8000.hdf5	both	none
1175.6638	1	Stimulus/S  1	1	11756638	11756646	62	2	60	pips_40_500-8000.hdf5	both	none
1176.7411	1	Stimulus/S  1	1	11767411	11767419	62	3	70	pips_40_500-8000.hdf5	both	none
1177.7865	1	Stimulus/S  1	1	11777865	11777873	62	4	50	pips_40_500-8000.hdf5	both	none
1178.8532	1	Stimulus/S  1	1	11788532	11788540	62	5	30	pips_40_500-8000.hdf5	both	none
1179.8985	1	Stimulus/S  1	1	11798985	11798993	63	0	20	pips_40_500-8000.hdf5	both	none
1180.9545	1	Stimulus/S  1	1	11809545	11809553	63	1	40	pips_40_500-8000.hdf5	both	none
1182.0212	1	Stimulus/S  1	1	11820212	11820220	63	2	60	pips_40_500-8000.hdf5	both	none
1183.0665	1	Stimulus/S  1	1	11830665	11830673	63	3	70	pips_40_500-8000.hdf5	both	none
1184.1332	1	Stimulus/S  1	1	11841332	11841340	63	4	50	pips_40_500-8000.hdf5	both	none
1185.1892	1	Stimulus/S  1	1	11851892	11851900	63	5	30	pips_40_500-8000.hdf5	both	none
1186.2346	1	Stimulus/S  1	1	11862346	11862354	64	0	20	pips_40_500-8000.hdf5	both	none
1187.3012	1	Stimulus/S  1	1	11873012	11873020	64	1	40	pips_40_500-8000.hdf5	both	none
1188.3573	1	Stimulus/S  1	1	11883573	11883581	64	2	60	pips_40_500-8000.hdf5	both	none
1189.4026	1	Stimulus/S  1	1	11894026	11894034	64	3	70	pips_40_500-8000.hdf5	both	none
1190.4693	1	Stimulus/S  1	1	11904693	11904701	64	4	50	pips_40_500-8000.hdf5	both	none
1191.5146	1	Stimulus/S  1	1	11915146	11915154	64	5	30	pips_40_500-8000.hdf5	both	none
1192.5706	1	Stimulus/S  1	1	11925706	11925714	65	0	20	pips_40_500-8000.hdf5	both	none
1193.6373	1	Stimulus/S  1	1	11936373	11936381	65	1	40	pips_40_500-8000.hdf5	both	none
1194.6826	1	Stimulus/S  1	1	11946826	11946834	65	2	60	pips_40_500-8000.hdf5	both	none
1195.7387	1	Stimulus/S  1	1	11957387	11957395	65	3	70	pips_40_500-8000.hdf5	both	none
1196.8053	1	Stimulus/S  1	1	11968053	11968061	65	4	50	pips_40_500-8000.hdf5	both	none
1197.8507	1	Stimulus/S  1	1	11978507	11978515	65	5	30	pips_40_500-8000.hdf5	both	none
1198.9067	1	Stimulus/S  1	1	11989067	11989075	66	0	20	pips_40_500-8000.hdf5	both	none
1199.9734	1	Stimulus/S  1	1	11999734	11999742	66	1	40	pips_40_500-8000.hdf5	both	none
1201.0187	1	Stimulus/S  1	1	12010187	12010195	66	2	60	pips_40_500-8000.hdf5	both	none
1202.0747	1	Stimulus/S  1	1	12020747	12020755	66	3	70	pips_40_500-8000.hdf5	both	none
1203.1201	1	Stimulus/S  1	1	12031201	12031209	66	4	50	pips_40_500-8000.hdf5	both	none
1204.1654	1	Stimulus/S  1	1	12041654	12041662	66	5	30	pips_40_500-8000.hdf5	both	none
1205.2214	1	Stimulus/S  1	1	12052214	12052222	67	0	20	pips_40_500-8000.hdf5	both	none
1206.2881	1	Stimulus/S  1	1	12062881	12062889	67	1	40	pips_40_500-8000.hdf5	both	none
1207.3334	1	Stimulus/S  1	1	12073334	12073342	67	2	60	pips_40_500-8000.hdf5	both	none
1208.4001	1	Stimulus/S  1	1	12084001	12084009	67	3	70	pips_40_500-8000.hdf5	both	none
1209.4561	1	Stimulus/S  1	1	12094561	12094569	67	4	50	pips_40_500-8000.hdf5	both	none
1210.5228	1	Stimulus/S  1	1	12105228	12105236	67	5	30	pips_40_500-8000.hdf5	both	none
1211.5682	1	Stimulus/S  1	1	12115682	12115690	68	0	20	pips_40_500-8000.hdf5	both	none
1212.6348	1	Stimulus/S  1	1	12126348	12126356	68	1	40	pips_40_500-8000.hdf5	both	none
1213.6908	1	Stimulus/S  1	1	12136908	12136916	68	2	60	pips_40_500-8000.hdf5	both	none
1214.7575	1	Stimulus/S  1	1	12147575	12147583	68	3	70	pips_40_500-8000.hdf5	both	none
1215.8029	1	Stimulus/S  1	1	12158029	12158037	68	4	50	pips_40_500-8000.hdf5	both	none
1216.8695	1	Stimulus/S  1	1	12168695	12168703	68	5	30	pips_40_500-8000.hdf5	both	none
1217.9149	1	Stimulus/S  1	1	12179149	12179157	69	0	20	pips_40_500-8000.hdf5	both	none
1218.9709	1	Stimulus/S  1	1	12189709	12189717	69	1	40	pips_40_500-8000.hdf5	both	none
1220.0162	1	Stimulus/S  1	1	12200162	12200170	69	2	60	pips_40_500-8000.hdf5	both	none
1221.0829	1	Stimulus/S  1	1	12210829	12210837	69	3	70	pips_40_500-8000.hdf5	both	none
1222.1496	1	Stimulus/S  1	1	12221496	12221504	69	4	50	pips_40_500-8000.hdf5	both	none
1223.2056	1	Stimulus/S  1	1	12232056	12232064	69	5	30	pips_40_500-8000.hdf5	both	none
1224.2723	1	Stimulus/S  1	1	12242723	12242731	70	0	20	pips_40_500-8000.hdf5	both	none
1225.339	1	Stimulus/S  1	1	12253390	12253398	70	1	40	pips_40_500-8000.hdf5	both	none
1226.3843	1	Stimulus/S  1	1	12263843	12263851	70	2	60	pips_40_500-8000.hdf5	both	none
1227.451	1	Stimulus/S  1	1	12274510	12274518	70	3	70	pips_40_500-8000.hdf5	both	none
1228.5177	1	Stimulus/S  1	1	12285177	12285185	70	4	50	pips_40_500-8000.hdf5	both	none
1229.5843	1	Stimulus/S  1	1	12295843	12295851	70	5	30	pips_40_500-8000.hdf5	both	none
1230.6403	1	Stimulus/S  1	1	12306403	12306411	71	0	20	pips_40_500-8000.hdf5	both	none
1231.707	1	Stimulus/S  1	1	12317070	12317078	71	1	40	pips_40_500-8000.hdf5	both	none
1232.7524	1	Stimulus/S  1	1	12327524	12327532	71	2	60	pips_40_500-8000.hdf5	both	none
1233.8084	1	Stimulus/S  1	1	12338084	12338092	71	3	70	pips_40_500-8000.hdf5	both	none
1234.8537	1	Stimulus/S  1	1	12348537	12348545	71	4	50	pips_40_500-8000.hdf5	both	none
1235.8991	1	Stimulus/S  1	1	12358991	12358999	71	5	30	pips_40_500-8000.hdf5	both	none
1236.9551	1	Stimulus/S  1	1	12369551	12369559	72	0	20	pips_40_500-8000.hdf5	both	none
1238.0004	1	Stimulus/S  1	1	12380004	12380012	72	1	40	pips_40_500-8000.hdf5	both	none
1239.0564	1	Stimulus/S  1	1	12390564	12390572	72	2	60	pips_40_500-8000.hdf5	both	none
1240.1018	1	Stimulus/S  1	1	12401018	12401026	72	3	70	pips_40_500-8000.hdf5	both	none
1241.1684	1	Stimulus/S  1	1	12411684	12411692	72	4	50	pips_40_500-8000.hdf5	both	none
1242.2351	1	Stimulus/S  1	1	12422351	12422359	72	5	30	pips_40_500-8000.hdf5	both	none
1243.2911	1	Stimulus/S  1	1	12432911	12432919	73	0	20	pips_40_500-8000.hdf5	both	none
1244.3365	1	Stimulus/S  1	1	12443365	12443373	73	1	40	pips_40_500-8000.hdf5	both	none
1245.4032	1	Stimulus/S  1	1	12454032	12454040	73	2	60	pips_40_500-8000.hdf5	both	none
1246.4592	1	Stimulus/S  1	1	12464592	12464600	73	3	70	pips_40_500-8000.hdf5	both	none
1247.5045	1	Stimulus/S  1	1	12475045	12475053	73	4	50	pips_40_500-8000.hdf5	both	none
1248.5712	1	Stimulus/S  1	1	12485712	12485720	73	5	30	pips_40_500-8000.hdf5	both	none
1249.6165	1	Stimulus/S  1	1	12496165	12496173	74	0	20	pips_40_500-8000.hdf5	both	none
1250.6725	1	Stimulus/S  1	1	12506725	12506733	74	1	40	pips_40_500-8000.hdf5	both	none
1251.7179	1	Stimulus/S  1	1	12517179	12517187	74	2	60	pips_40_500-8000.hdf5	both	none
1252.7846	1	Stimulus/S  1	1	12527846	12527854	74	3	70	pips_40_500-8000.hdf5	both	none
1253.8406	1	Stimulus/S  1	1	12538406	12538414	74	4	50	pips_40_500-8000.hdf5	both	none
1254.8859	1	Stimulus/S  1	1	12548859	12548867	74	5	30	pips_40_500-8000.hdf5	both	none
1255.9526	1	Stimulus/S  1	1	12559526	12559534	75	0	20	pips_40_500-8000.hdf5	both	none
1257.0086	1	Stimulus/S  1	1	12570086	12570094	75	1	40	pips_40_500-8000.hdf5	both	none
1258.0539	1	Stimulus/S  1	1	12580539	12580547	75	2	60	pips_40_500-8000.hdf5	both	none
1259.1206	1	Stimulus/S  1	1	12591206	12591214	75	3	70	pips_40_500-8000.hdf5	both	none
1260.166	1	Stimulus/S  1	1	12601660	12601668	75	4	50	pips_40_500-8000.hdf5	both	none
1261.222	1	Stimulus/S  1	1	12612220	12612228	75	5	30	pips_40_500-8000.hdf5	both	none
1262.2887	1	Stimulus/S  1	1	12622887	12622895	76	0	20	pips_40_500-8000.hdf5	both	none
1263.334	1	Stimulus/S  1	1	12633340	12633348	76	1	40	pips_40_500-8000.hdf5	both	none
1264.4007	1	Stimulus/S  1	1	12644007	12644015	76	2	60	pips_40_500-8000.hdf5	both	none
1265.4567	1	Stimulus/S  1	1	12654567	12654575	76	3	70	pips_40_500-8000.hdf5	both	none
1266.5234	1	Stimulus/S  1	1	12665234	12665242	76	4	50	pips_40_500-8000.hdf5	both	none
1267.5687	1	Stimulus/S  1	1	12675687	12675695	76	5	30	pips_40_500-8000.hdf5	both	none
1268.6247	1	Stimulus/S  1	1	12686247	12686255	77	0	20	pips_40_500-8000.hdf5	both	none
1269.6701	1	Stimulus/S  1	1	12696701	12696709	77	1	40	pips_40_500-8000.hdf5	both	none
1270.7261	1	Stimulus/S  1	1	12707261	12707269	77	2	60	pips_40_500-8000.hdf5	both	none
1271.7928	1	Stimulus/S  1	1	12717928	12717936	77	3	70	pips_40_500-8000.hdf5	both	none
1272.8381	1	Stimulus/S  1	1	12728381	12728389	77	4	50	pips_40_500-8000.hdf5	both	none
1273.8834	1	Stimulus/S  1	1	12738834	12738842	77	5	30	pips_40_500-8000.hdf5	both	none
1274.9395	1	Stimulus/S  1	1	12749395	12749403	78	0	20	pips_40_500-8000.hdf5	both	none
1276.0061	1	Stimulus/S  1	1	12760061	12760069	78	1	40	pips_40_500-8000.hdf5	both	none
1277.0515	1	Stimulus/S  1	1	12770515	12770523	78	2	60	pips_40_500-8000.hdf5	both	none
1278.1182	1	Stimulus/S  1	1	12781182	12781190	78	3	70	pips_40_500-8000.hdf5	both	none
1279.1742	1	Stimulus/S  1	1	12791742	12791750	78	4	50	pips_40_500-8000.hdf5	both	none
1280.2408	1	Stimulus/S  1	1	12802408	12802416	78	5	30	pips_40_500-8000.hdf5	both	none
1281.2862	1	Stimulus/S  1	1	12812862	12812870	79	0	20	pips_40_500-8000.hdf5	both	none
1282.3529	1	Stimulus/S  1	1	12823529	12823537	79	1	40	pips_40_500-8000.hdf5	both	none
1283.4089	1	Stimulus/S  1	1	12834089	12834097	79	2	60	pips_40_500-8000.hdf5	both	none
1284.4755	1	Stimulus/S  1	1	12844755	12844763	79	3	70	pips_40_500-8000.hdf5	both	none
1285.5209	1	Stimulus/S  1	1	12855209	12855217	79	4	50	pips_40_500-8000.hdf5	both	none
1286.5662	1	Stimulus/S  1	1	12865662	12865670	79	5	30	pips_40_500-8000.hdf5	both	none
1287.6222	1	Stimulus/S  1	1	12876222	12876230	80	0	20	pips_40_500-8000.hdf5	both	none
1288.6676	1	Stimulus/S  1	1	12886676	12886684	80	1	40	pips_40_500-8000.hdf5	both	none
1289.7343	1	Stimulus/S  1	1	12897343	12897351	80	2	60	pips_40_500-8000.hdf5	both	none
1290.7903	1	Stimulus/S  1	1	12907903	12907911	80	3	70	pips_40_500-8000.hdf5	both	none
1291.8356	1	Stimulus/S  1	1	12918356	12918364	80	4	50	pips_40_500-8000.hdf5	both	none
1292.8916	1	Stimulus/S  1	1	12928916	12928924	80	5	30	pips_40_500-8000.hdf5	both	none
1293.937	1	Stimulus/S  1	1	12939370	12939378	81	0	20	pips_40_500-8000.hdf5	both	none
1295.0037	1	Stimulus/S  1	1	12950037	12950045	81	1	40	pips_40_500-8000.hdf5	both	none
1296.0597	1	Stimulus/S  1	1	12960597	12960605	81	2	60	pips_40_500-8000.hdf5	both	none
1297.1263	1	Stimulus/S  1	1	12971263	12971271	81	3	70	pips_40_500-8000.hdf5	both	none
1298.1717	1	Stimulus/S  1	1	12981717	12981725	81	4	50	pips_40_500-8000.hdf5	both	none
1299.217	1	Stimulus/S  1	1	12992170	12992178	81	5	30	pips_40_500-8000.hdf5	both	none
1300.273	1	Stimulus/S  1	1	13002730	13002738	82	0	20	pips_40_500-8000.hdf5	both	none
1301.3184	1	Stimulus/S  1	1	13013184	13013192	82	1	40	pips_40_500-8000.hdf5	both	none
1302.3744	1	Stimulus/S  1	1	13023744	13023752	82	2	60	pips_40_500-8000.hdf5	both	none
1303.4411	1	Stimulus/S  1	1	13034411	13034419	82	3	70	pips_40_500-8000.hdf5	both	none
1304.5077	1	Stimulus/S  1	1	13045077	13045085	82	4	50	pips_40_500-8000.hdf5	both	none
1305.5531	1	Stimulus/S  1	1	13055531	13055539	82	5	30	pips_40_500-8000.hdf5	both	none
1306.6198	1	Stimulus/S  1	1	13066198	13066206	83	0	20	pips_40_500-8000.hdf5	both	none
1307.6864	1	Stimulus/S  1	1	13076864	13076872	83	1	40	pips_40_500-8000.hdf5	both	none
1308.7531	1	Stimulus/S  1	1	13087531	13087539	83	2	60	pips_40_500-8000.hdf5	both	none
1309.8091	1	Stimulus/S  1	1	13098091	13098099	83	3	70	pips_40_500-8000.hdf5	both	none
1310.8758	1	Stimulus/S  1	1	13108758	13108766	83	4	50	pips_40_500-8000.hdf5	both	none
1311.9425	1	Stimulus/S  1	1	13119425	13119433	83	5	30	pips_40_500-8000.hdf5	both	none
1312.9878	1	Stimulus/S  1	1	13129878	13129886	84	0	20	pips_40_500-8000.hdf5	both	none
1314.0332	1	Stimulus/S  1	1	13140332	13140340	84	1	40	pips_40_500-8000.hdf5	both	none
1315.1105	1	Stimulus/S  1	1	13151105	13151113	84	2	60	pips_40_500-8000.hdf5	both	none
1316.1559	1	Stimulus/S  1	1	13161559	13161567	84	3	70	pips_40_500-8000.hdf5	both	none
1317.2012	1	Stimulus/S  1	1	13172012	13172020	84	4	50	pips_40_500-8000.hdf5	both	none
1318.2679	1	Stimulus/S  1	1	13182679	13182687	84	5	30	pips_40_500-8000.hdf5	both	none
1319.3239	1	Stimulus/S  1	1	13193239	13193247	85	0	20	pips_40_500-8000.hdf5	both	none
1320.3906	1	Stimulus/S  1	1	13203906	13203914	85	1	40	pips_40_500-8000.hdf5	both	none
1321.4359	1	Stimulus/S  1	1	13214359	13214367	85	2	60	pips_40_500-8000.hdf5	both	none
1322.5026	1	Stimulus/S  1	1	13225026	13225034	85	3	70	pips_40_500-8000.hdf5	both	none
1323.5693	1	Stimulus/S  1	1	13235693	13235701	85	4	50	pips_40_500-8000.hdf5	both	none
1324.6253	1	Stimulus/S  1	1	13246253	13246261	85	5	30	pips_40_500-8000.hdf5	both	none
1325.6706	1	Stimulus/S  1	1	13256706	13256714	86	0	20	pips_40_500-8000.hdf5	both	none
1326.7373	1	Stimulus/S  1	1	13267373	13267381	86	1	40	pips_40_500-8000.hdf5	both	none
1327.7933	1	Stimulus/S  1	1	13277933	13277941	86	2	60	pips_40_500-8000.hdf5	both	none
1328.8387	1	Stimulus/S  1	1	13288387	13288395	86	3	70	pips_40_500-8000.hdf5	both	none
1329.9053	1	Stimulus/S  1	1	13299053	13299061	86	4	50	pips_40_500-8000.hdf5	both	none
1330.9507	1	Stimulus/S  1	1	13309507	13309515	86	5	30	pips_40_500-8000.hdf5	both	none
1332.0174	1	Stimulus/S  1	1	13320174	13320182	87	0	20	pips_40_500-8000.hdf5	both	none
1333.0734	1	Stimulus/S  1	1	13330734	13330742	87	1	40	pips_40_500-8000.hdf5	both	none
1334.14	1	Stimulus/S  1	1	13341400	13341408	87	2	60	pips_40_500-8000.hdf5	both	none
1335.1854	1	Stimulus/S  1	1	13351854	13351862	87	3	70	pips_40_500-8000.hdf5	both	none
1336.2414	1	Stimulus/S  1	1	13362414	13362422	87	4	50	pips_40_500-8000.hdf5	both	none
1337.3081	1	Stimulus/S  1	1	13373081	13373089	87	5	30	pips_40_500-8000.hdf5	both	none
1338.3534	1	Stimulus/S  1	1	13383534	13383542	88	0	20	pips_40_500-8000.hdf5	both	none
1339.4094	1	Stimulus/S  1	1	13394094	13394102	88	1	40	pips_40_500-8000.hdf5	both	none
1340.4548	1	Stimulus/S  1	1	13404548	13404556	88	2	60	pips_40_500-8000.hdf5	both	none
1341.5001	1	Stimulus/S  1	1	13415001	13415009	88	3	70	pips_40_500-8000.hdf5	both	none
1342.5561	1	Stimulus/S  1	1	13425561	13425569	88	4	50	pips_40_500-8000.hdf5	both	none
1343.6015	1	Stimulus/S  1	1	13436015	13436023	88	5	30	pips_40_500-8000.hdf5	both	none
1344.6681	1	Stimulus/S  1	1	13446681	13446689	89	0	20	pips_40_500-8000.hdf5	both	none
1345.7242	1	Stimulus/S  1	1	13457242	13457250	89	1	40	pips_40_500-8000.hdf5	both	none
1346.7908	1	Stimulus/S  1	1	13467908	13467916	89	2	60	pips_40_500-8000.hdf5	both	none
1347.8362	1	Stimulus/S  1	1	13478362	13478370	89	3	70	pips_40_500-8000.hdf5	both	none
1348.9029	1	Stimulus/S  1	1	13489029	13489037	89	4	50	pips_40_500-8000.hdf5	both	none
1349.9589	1	Stimulus/S  1	1	13499589	13499597	89	5	30	pips_40_500-8000.hdf5	both	none
1351.0042	1	Stimulus/S  1	1	13510042	13510050	90	0	20	pips_40_500-8000.hdf5	both	none
1352.0709	1	Stimulus/S  1	1	13520709	13520717	90	1	40	pips_40_500-8000.hdf5	both	none
1353.1269	1	Stimulus/S  1	1	13531269	13531277	90	2	60	pips_40_500-8000.hdf5	both	none
1354.1936	1	Stimulus/S  1	1	13541936	13541944	90	3	70	pips_40_500-8000.hdf5	both	none
1355.2603	1	Stimulus/S  1	1	13552603	13552611	90	4	50	pips_40_500-8000.hdf5	both	none
1356.3056	1	Stimulus/S  1	1	13563056	13563064	90	5	30	pips_40_500-8000.hdf5	both	none
1357.3723	1	Stimulus/S  1	1	13573723	13573731	91	0	20	pips_40_500-8000.hdf5	both	none
1358.4176	1	Stimulus/S  1	1	13584176	13584184	91	1	40	pips_40_500-8000.hdf5	both	none
1359.4736	1	Stimulus/S  1	1	13594736	13594744	91	2	60	pips_40_500-8000.hdf5	both	none
1360.5403	1	Stimulus/S  1	1	13605403	13605411	91	3	70	pips_40_500-8000.hdf5	both	none
1361.5857	1	Stimulus/S  1	1	13615857	13615865	91	4	50	pips_40_500-8000.hdf5	both	none
1362.6523	1	Stimulus/S  1	1	13626523	13626531	91	5	30	pips_40_500-8000.hdf5	both	none
1363.7083	1	Stimulus/S  1	1	13637083	13637091	92	0	20	pips_40_500-8000.hdf5	both	none
1364.775	1	Stimulus/S  1	1	13647750	13647758	92	1	40	pips_40_500-8000.hdf5	both	none
1365.8417	1	Stimulus/S  1	1	13658417	13658425	92	2	60	pips_40_500-8000.hdf5	both	none
1366.887	1	Stimulus/S  1	1	13668870	13668878	92	3	70	pips_40_500-8000.hdf5	both	none
1367.9537	1	Stimulus/S  1	1	13679537	13679545	92	4	50	pips_40_500-8000.hdf5	both	none
1369.0097	1	Stimulus/S  1	1	13690097	13690105	92	5	30	pips_40_500-8000.hdf5	both	none
1370.0551	1	Stimulus/S  1	1	13700551	13700559	93	0	20	pips_40_500-8000.hdf5	both	none
1371.1111	1	Stimulus/S  1	1	13711111	13711119	93	1	40	pips_40_500-8000.hdf5	both	none
1372.1564	1	Stimulus/S  1	1	13721564	13721572	93	2	60	pips_40_500-8000.hdf5	both	none
1373.2231	1	Stimulus/S  1	1	13732231	13732239	93	3	70	pips_40_500-8000.hdf5	both	none
1374.2684	1	Stimulus/S  1	1	13742684	13742692	93	4	50	pips_40_500-8000.hdf5	both	none
1375.3245	1	Stimulus/S  1	1	13753245	13753253	93	5	30	pips_40_500-8000.hdf5	both	none
1376.3698	1	Stimulus/S  1	1	13763698	13763706	94	0	20	pips_40_500-8000.hdf5	both	none
1377.4258	1	Stimulus/S  1	1	13774258	13774266	94	1	40	pips_40_500-8000.hdf5	both	none
1378.4712	1	Stimulus/S  1	1	13784712	13784720	94	2	60	pips_40_500-8000.hdf5	both	none
1379.5272	1	Stimulus/S  1	1	13795272	13795280	94	3	70	pips_40_500-8000.hdf5	both	none
1380.5938	1	Stimulus/S  1	1	13805938	13805946	94	4	50	pips_40_500-8000.hdf5	both	none
1381.6392	1	Stimulus/S  1	1	13816392	13816400	94	5	30	pips_40_500-8000.hdf5	both	none
1382.6952	1	Stimulus/S  1	1	13826952	13826960	95	0	20	pips_40_500-8000.hdf5	both	none
1383.7405	1	Stimulus/S  1	1	13837405	13837413	95	1	40	pips_40_500-8000.hdf5	both	none
1384.8072	1	Stimulus/S  1	1	13848072	13848080	95	2	60	pips_40_500-8000.hdf5	both	none
1385.8526	1	Stimulus/S  1	1	13858526	13858534	95	3	70	pips_40_500-8000.hdf5	both	none
1386.9086	1	Stimulus/S  1	1	13869086	13869094	95	4	50	pips_40_500-8000.hdf5	both	none
1387.9752	1	Stimulus/S  1	1	13879752	13879760	95	5	30	pips_40_500-8000.hdf5	both	none
1389.0206	1	Stimulus/S  1	1	13890206	13890214	96	0	20	pips_40_500-8000.hdf5	both	none
1390.0766	1	Stimulus/S  1	1	13900766	13900774	96	1	40	pips_40_500-8000.hdf5	both	none
1391.1433	1	Stimulus/S  1	1	13911433	13911441	96	2	60	pips_40_500-8000.hdf5	both	none
1392.1886	1	Stimulus/S  1	1	13921886	13921894	96	3	70	pips_40_500-8000.hdf5	both	none
1393.2553	1	Stimulus/S  1	1	13932553	13932561	96	4	50	pips_40_500-8000.hdf5	both	none
1394.322	1	Stimulus/S  1	1	13943220	13943228	96	5	30	pips_40_500-8000.hdf5	both	none
1395.378	1	Stimulus/S  1	1	13953780	13953788	97	0	20	pips_40_500-8000.hdf5	both	none
1396.4233	1	Stimulus/S  1	1	13964233	13964241	97	1	40	pips_40_500-8000.hdf5	both	none
1397.4687	1	Stimulus/S  1	1	13974687	13974695	97	2	60	pips_40_500-8000.hdf5	both	none
1398.5354	1	Stimulus/S  1	1	13985354	13985362	97	3	70	pips_40_500-8000.hdf5	both	none
1399.5914	1	Stimulus/S  1	1	13995914	13995922	97	4	50	pips_40_500-8000.hdf5	both	none
1400.6367	1	Stimulus/S  1	1	14006367	14006375	97	5	30	pips_40_500-8000.hdf5	both	none
1401.7034	1	Stimulus/S  1	1	14017034	14017042	98	0	20	pips_40_500-8000.hdf5	both	none
1402.7594	1	Stimulus/S  1	1	14027594	14027602	98	1	40	pips_40_500-8000.hdf5	both	none
1403.8047	1	Stimulus/S  1	1	14038047	14038055	98	2	60	pips_40_500-8000.hdf5	both	none
1404.8714	1	Stimulus/S  1	1	14048714	14048722	98	3	70	pips_40_500-8000.hdf5	both	none
1405.9274	1	Stimulus/S  1	1	14059274	14059282	98	4	50	pips_40_500-8000.hdf5	both	none
1406.9728	1	Stimulus/S  1	1	14069728	14069736	98	5	30	pips_40_500-8000.hdf5	both	none
1408.0394	1	Stimulus/S  1	1	14080394	14080402	99	0	20	pips_40_500-8000.hdf5	both	none
1409.0955	1	Stimulus/S  1	1	14090955	14090963	99	1	40	pips_40_500-8000.hdf5	both	none
1410.1408	1	Stimulus/S  1	1	14101408	14101416	99	2	60	pips_40_500-8000.hdf5	both	none
1411.2075	1	Stimulus/S  1	1	14112075	14112083	99	3	70	pips_40_500-8000.hdf5	both	none
1412.2528	1	Stimulus/S  1	1	14122528	14122536	99	4	50	pips_40_500-8000.hdf5	both	none
1413.3088	1	Stimulus/S  1	1	14133088	14133096	99	5	30	pips_40_500-8000.hdf5	both	none
1414.3755	1	Stimulus/S  1	1	14143755	14143763	100	0	20	pips_40_500-8000.hdf5	both	none
1415.4209	1	Stimulus/S  1	1	14154209	14154217	100	1	40	pips_40_500-8000.hdf5	both	none
1416.4875	1	Stimulus/S  1	1	14164875	14164883	100	2	60	pips_40_500-8000.hdf5	both	none
1417.5542	1	Stimulus/S  1	1	14175542	14175550	100	3	70	pips_40_500-8000.hdf5	both	none
1418.6102	1	Stimulus/S  1	1	14186102	14186110	100	4	50	pips_40_500-8000.hdf5	both	none
1419.6556	1	Stimulus/S  1	1	14196556	14196564	100	5	30	pips_40_500-8000.hdf5	both	none
1420.7222	1	Stimulus/S  1	1	14207222	14207230	101	0	20	pips_40_500-8000.hdf5	both	none
1421.7889	1	Stimulus/S  1	1	14217889	14217897	101	1	40	pips_40_500-8000.hdf5	both	none
1422.8449	1	Stimulus/S  1	1	14228449	14228457	101	2	60	pips_40_500-8000.hdf5	both	none
1423.9116	1	Stimulus/S  1	1	14239116	14239124	101	3	70	pips_40_500-8000.hdf5	both	none
1424.9569	1	Stimulus/S  1	1	14249569	14249577	101	4	50	pips_40_500-8000.hdf5	both	none
1426.0023	1	Stimulus/S  1	1	14260023	14260031	101	5	30	pips_40_500-8000.hdf5	both	none
1427.0583	1	Stimulus/S  1	1	14270583	14270591	102	0	20	pips_40_500-8000.hdf5	both	none
1428.1036	1	Stimulus/S  1	1	14281036	14281044	102	1	40	pips_40_500-8000.hdf5	both	none
1429.1597	1	Stimulus/S  1	1	14291597	14291605	102	2	60	pips_40_500-8000.hdf5	both	none
1430.205	1	Stimulus/S  1	1	14302050	14302058	102	3	70	pips_40_500-8000.hdf5	both	none
1431.2717	1	Stimulus/S  1	1	14312717	14312725	102	4	50	pips_40_500-8000.hdf5	both	none
1432.3277	1	Stimulus/S  1	1	14323277	14323285	102	5	30	pips_40_500-8000.hdf5	both	none
1433.3944	1	Stimulus/S  1	1	14333944	14333952	103	0	20	pips_40_500-8000.hdf5	both	none
1434.461	1	Stimulus/S  1	1	14344610	14344618	103	1	40	pips_40_500-8000.hdf5	both	none
1435.5064	1	Stimulus/S  1	1	14355064	14355072	103	2	60	pips_40_500-8000.hdf5	both	none
1436.5624	1	Stimulus/S  1	1	14365624	14365632	103	3	70	pips_40_500-8000.hdf5	both	none
1437.6184	1	Stimulus/S  1	1	14376184	14376192	103	4	50	pips_40_500-8000.hdf5	both	none
1438.6744	1	Stimulus/S  1	1	14386744	14386752	103	5	30	pips_40_500-8000.hdf5	both	none
1439.7198	1	Stimulus/S  1	1	14397198	14397206	104	0	20	pips_40_500-8000.hdf5	both	none
1440.7864	1	Stimulus/S  1	1	14407864	14407872	104	1	40	pips_40_500-8000.hdf5	both	none
1441.8425	1	Stimulus/S  1	1	14418425	14418433	104	2	60	pips_40_500-8000.hdf5	both	none
1442.9091	1	Stimulus/S  1	1	14429091	14429099	104	3	70	pips_40_500-8000.hdf5	both	none
1443.9758	1	Stimulus/S  1	1	14439758	14439766	104	4	50	pips_40_500-8000.hdf5	both	none
1445.0211	1	Stimulus/S  1	1	14450211	14450219	104	5	30	pips_40_500-8000.hdf5	both	none
1446.0772	1	Stimulus/S  1	1	14460772	14460780	105	0	20	pips_40_500-8000.hdf5	both	none
1447.1438	1	Stimulus/S  1	1	14471438	14471446	105	1	40	pips_40_500-8000.hdf5	both	none
1448.1892	1	Stimulus/S  1	1	14481892	14481900	105	2	60	pips_40_500-8000.hdf5	both	none
1449.2452	1	Stimulus/S  1	1	14492452	14492460	105	3	70	pips_40_500-8000.hdf5	both	none
1450.3119	1	Stimulus/S  1	1	14503119	14503127	105	4	50	pips_40_500-8000.hdf5	both	none
1451.3785	1	Stimulus/S  1	1	14513785	14513793	105	5	30	pips_40_500-8000.hdf5	both	none
1452.4239	1	Stimulus/S  1	1	14524239	14524247	106	0	20	pips_40_500-8000.hdf5	both	none
1453.4692	1	Stimulus/S  1	1	14534692	14534700	106	1	40	pips_40_500-8000.hdf5	both	none
1454.5252	1	Stimulus/S  1	1	14545252	14545260	106	2	60	pips_40_500-8000.hdf5	both	none
1455.5919	1	Stimulus/S  1	1	14555919	14555927	106	3	70	pips_40_500-8000.hdf5	both	none
1456.6373	1	Stimulus/S  1	1	14566373	14566381	106	4	50	pips_40_500-8000.hdf5	both	none
1457.6933	1	Stimulus/S  1	1	14576933	14576941	106	5	30	pips_40_500-8000.hdf5	both	none
1458.76	1	Stimulus/S  1	1	14587600	14587608	107	0	20	pips_40_500-8000.hdf5	both	none
1459.8266	1	Stimulus/S  1	1	14598266	14598274	107	1	40	pips_40_500-8000.hdf5	both	none
1460.872	1	Stimulus/S  1	1	14608720	14608728	107	2	60	pips_40_500-8000.hdf5	both	none
1461.928	1	Stimulus/S  1	1	14619280	14619288	107	3	70	pips_40_500-8000.hdf5	both	none
1462.9947	1	Stimulus/S  1	1	14629947	14629955	107	4	50	pips_40_500-8000.hdf5	both	none
1464.04	1	Stimulus/S  1	1	14640400	14640408	107	5	30	pips_40_500-8000.hdf5	both	none
1465.096	1	Stimulus/S  1	1	14650960	14650968	108	0	20	pips_40_500-8000.hdf5	both	none
1466.1627	1	Stimulus/S  1	1	14661627	14661635	108	1	40	pips_40_500-8000.hdf5	both	none
1467.2294	1	Stimulus/S  1	1	14672294	14672302	108	2	60	pips_40_500-8000.hdf5	both	none
1468.2747	1	Stimulus/S  1	1	14682747	14682755	108	3	70	pips_40_500-8000.hdf5	both	none
1469.3201	1	Stimulus/S  1	1	14693201	14693209	108	4	50	pips_40_500-8000.hdf5	both	none
1470.3761	1	Stimulus/S  1	1	14703761	14703769	108	5	30	pips_40_500-8000.hdf5	both	none
1471.4214	1	Stimulus/S  1	1	14714214	14714222	109	0	20	pips_40_500-8000.hdf5	both	none
1472.4881	1	Stimulus/S  1	1	14724881	14724889	109	1	40	pips_40_500-8000.hdf5	both	none
1473.5548	1	Stimulus/S  1	1	14735548	14735556	109	2	60	pips_40_500-8000.hdf5	both	none
1474.6108	1	Stimulus/S  1	1	14746108	14746116	109	3	70	pips_40_500-8000.hdf5	both	none
1475.6561	1	Stimulus/S  1	1	14756561	14756569	109	4	50	pips_40_500-8000.hdf5	both	none
1476.7228	1	Stimulus/S  1	1	14767228	14767236	109	5	30	pips_40_500-8000.hdf5	both	none
1477.7895	1	Stimulus/S  1	1	14777895	14777903	110	0	20	pips_40_500-8000.hdf5	both	none
1478.8562	1	Stimulus/S  1	1	14788562	14788570	110	1	40	pips_40_500-8000.hdf5	both	none
1479.9122	1	Stimulus/S  1	1	14799122	14799130	110	2	60	pips_40_500-8000.hdf5	both	none
1480.9575	1	Stimulus/S  1	1	14809575	14809583	110	3	70	pips_40_500-8000.hdf5	both	none
1482.0242	1	Stimulus/S  1	1	14820242	14820250	110	4	50	pips_40_500-8000.hdf5	both	none
1483.0695	1	Stimulus/S  1	1	14830695	14830703	110	5	30	pips_40_500-8000.hdf5	both	none
1484.1255	1	Stimulus/S  1	1	14841255	14841263	111	0	20	pips_40_500-8000.hdf5	both	none
1485.1709	1	Stimulus/S  1	1	14851709	14851717	111	1	40	pips_40_500-8000.hdf5	both	none
1486.2376	1	Stimulus/S  1	1	14862376	14862384	111	2	60	pips_40_500-8000.hdf5	both	none
1487.3042	1	Stimulus/S  1	1	14873042	14873050	111	3	70	pips_40_500-8000.hdf5	both	none
1488.3709	1	Stimulus/S  1	1	14883709	14883717	111	4	50	pips_40_500-8000.hdf5	both	none
1489.4376	1	Stimulus/S  1	1	14894376	14894384	111	5	30	pips_40_500-8000.hdf5	both	none
1490.4936	1	Stimulus/S  1	1	14904936	14904944	112	0	20	pips_40_500-8000.hdf5	both	none
1491.5389	1	Stimulus/S  1	1	14915389	14915397	112	1	40	pips_40_500-8000.hdf5	both	none
1492.595	1	Stimulus/S  1	1	14925950	14925958	112	2	60	pips_40_500-8000.hdf5	both	none
1493.6616	1	Stimulus/S  1	1	14936616	14936624	112	3	70	pips_40_500-8000.hdf5	both	none
1494.7283	1	Stimulus/S  1	1	14947283	14947291	112	4	50	pips_40_500-8000.hdf5	both	none
1495.7737	1	Stimulus/S  1	1	14957737	14957745	112	5	30	pips_40_500-8000.hdf5	both	none
1496.8403	1	Stimulus/S  1	1	14968403	14968411	113	0	20	pips_40_500-8000.hdf5	both	none
1497.8963	1	Stimulus/S  1	1	14978963	14978971	113	1	40	pips_40_500-8000.hdf5	both	none
1498.9417	1	Stimulus/S  1	1	14989417	14989425	113	2	60	pips_40_500-8000.hdf5	both	none
1499.987	1	Stimulus/S  1	1	14999870	14999878	113	3	70	pips_40_500-8000.hdf5	both	none
1501.0537	1	Stimulus/S  1	1	15010537	15010545	113	4	50	pips_40_500-8000.hdf5	both	none
1502.1204	1	Stimulus/S  1	1	15021204	15021212	113	5	30	pips_40_500-8000.hdf5	both	none
1503.1764	1	Stimulus/S  1	1	15031764	15031772	114	0	20	pips_40_500-8000.hdf5	both	none
1504.2217	1	Stimulus/S  1	1	15042217	15042225	114	1	40	pips_40_500-8000.hdf5	both	none
1505.2777	1	Stimulus/S  1	1	15052777	15052785	114	2	60	pips_40_500-8000.hdf5	both	none
1506.3444	1	Stimulus/S  1	1	15063444	15063452	114	3	70	pips_40_500-8000.hdf5	both	none
1507.3898	1	Stimulus/S  1	1	15073898	15073906	114	4	50	pips_40_500-8000.hdf5	both	none
1508.4458	1	Stimulus/S  1	1	15084458	15084466	114	5	30	pips_40_500-8000.hdf5	both	none
1509.5125	1	Stimulus/S  1	1	15095125	15095133	115	0	20	pips_40_500-8000.hdf5	both	none
1510.5578	1	Stimulus/S  1	1	15105578	15105586	115	1	40	pips_40_500-8000.hdf5	both	none
1511.6138	1	Stimulus/S  1	1	15116138	15116146	115	2	60	pips_40_500-8000.hdf5	both	none
1512.6592	1	Stimulus/S  1	1	15126592	15126600	115	3	70	pips_40_500-8000.hdf5	both	none
1513.7258	1	Stimulus/S  1	1	15137258	15137266	115	4	50	pips_40_500-8000.hdf5	both	none
1514.7925	1	Stimulus/S  1	1	15147925	15147933	115	5	30	pips_40_500-8000.hdf5	both	none
1515.8592	1	Stimulus/S  1	1	15158592	15158600	116	0	20	pips_40_500-8000.hdf5	both	none
1516.9259	1	Stimulus/S  1	1	15169259	15169267	116	1	40	pips_40_500-8000.hdf5	both	none
1517.9712	1	Stimulus/S  1	1	15179712	15179720	116	2	60	pips_40_500-8000.hdf5	both	none
1519.0272	1	Stimulus/S  1	1	15190272	15190280	116	3	70	pips_40_500-8000.hdf5	both	none
1520.0726	1	Stimulus/S  1	1	15200726	15200734	116	4	50	pips_40_500-8000.hdf5	both	none
1521.1392	1	Stimulus/S  1	1	15211392	15211400	116	5	30	pips_40_500-8000.hdf5	both	none
1522.2059	1	Stimulus/S  1	1	15222059	15222067	117	0	20	pips_40_500-8000.hdf5	both	none
1523.2619	1	Stimulus/S  1	1	15232619	15232627	117	1	40	pips_40_500-8000.hdf5	both	none
1524.3073	1	Stimulus/S  1	1	15243073	15243081	117	2	60	pips_40_500-8000.hdf5	both	none
1525.3739	1	Stimulus/S  1	1	15253739	15253747	117	3	70	pips_40_500-8000.hdf5	both	none
1526.43	1	Stimulus/S  1	1	15264300	15264308	117	4	50	pips_40_500-8000.hdf5	both	none
1527.4753	1	Stimulus/S  1	1	15274753	15274761	117	5	30	pips_40_500-8000.hdf5	both	none
1528.542	1	Stimulus/S  1	1	15285420	15285428	118	0	20	pips_40_500-8000.hdf5	both	none
1529.5873	1	Stimulus/S  1	1	15295873	15295881	118	1	40	pips_40_500-8000.hdf5	both	none
1530.6433	1	Stimulus/S  1	1	15306433	15306441	118	2	60	pips_40_500-8000.hdf5	both	none
1531.6887	1	Stimulus/S  1	1	15316887	15316895	118	3	70	pips_40_500-8000.hdf5	both	none
1532.7554	1	Stimulus/S  1	1	15327554	15327562	118	4	50	pips_40_500-8000.hdf5	both	none
1533.8114	1	Stimulus/S  1	1	15338114	15338122	118	5	30	pips_40_500-8000.hdf5	both	none
1534.8567	1	Stimulus/S  1	1	15348567	15348575	119	0	20	pips_40_500-8000.hdf5	both	none
1535.9234	1	Stimulus/S  1	1	15359234	15359242	119	1	40	pips_40_500-8000.hdf5	both	none
1536.9901	1	Stimulus/S  1	1	15369901	15369909	119	2	60	pips_40_500-8000.hdf5	both	none
1538.0567	1	Stimulus/S  1	1	15380567	15380575	119	3	70	pips_40_500-8000.hdf5	both	none
1539.1234	1	Stimulus/S  1	1	15391234	15391242	119	4	50	pips_40_500-8000.hdf5	both	none
1540.1794	1	Stimulus/S  1	1	15401794	15401802	119	5	30	pips_40_500-8000.hdf5	both	none
1541.2248	1	Stimulus/S  1	1	15412248	15412256	0	0	20	pips_40_500-8000.hdf5	both	none
1542.2915	1	Stimulus/S  1	1	15422915	15422923	0	1	40	pips_40_500-8000.hdf5	both	none
1543.3475	1	Stimulus/S  1	1	15433475	15433483	0	2	60	pips_40_500-8000.hdf5	both	none
1544.3928	1	Stimulus/S  1	1	15443928	15443936	0	3	70	pips_40_500-8000.hdf5	both	none
1545.4595	1	Stimulus/S  1	1	15454595	15454603	0	4	50	pips_40_500-8000.hdf5	both	none
1546.5048	1	Stimulus/S  1	1	15465048	15465056	0	5	30	pips_40_500-8000.hdf5	both	none
1547.5608	1	Stimulus/S  1	1	15475608	15475616	1	0	20	pips_40_500-8000.hdf5	both	none
1548.6275	1	Stimulus/S  1	1	15486275	15486283	1	1	40	pips_40_500-8000.hdf5	both	none
1549.6729	1	Stimulus/S  1	1	15496729	15496737	1	2	60	pips_40_500-8000.hdf5	both	none
1550.7289	1	Stimulus/S  1	1	15507289	15507297	1	3	70	pips_40_500-8000.hdf5	both	none
1551.7742	1	Stimulus/S  1	1	15517742	15517750	1	4	50	pips_40_500-8000.hdf5	both	none
1552.8302	1	Stimulus/S  1	1	15528302	15528310	1	5	30	pips_40_500-8000.hdf5	both	none
1553.8756	1	Stimulus/S  1	1	15538756	15538764	2	0	20	pips_40_500-8000.hdf5	both	none
1554.9209	1	Stimulus/S  1	1	15549209	15549217	2	1	40	pips_40_500-8000.hdf5	both	none
1555.9876	1	Stimulus/S  1	1	15559876	15559884	2	2	60	pips_40_500-8000.hdf5	both	none
1557.0543	1	Stimulus/S  1	1	15570543	15570551	2	3	70	pips_40_500-8000.hdf5	both	none
1558.1209	1	Stimulus/S  1	1	15581209	15581217	2	4	50	pips_40_500-8000.hdf5	both	none
1559.1876	1	Stimulus/S  1	1	15591876	15591884	2	5	30	pips_40_500-8000.hdf5	both	none
1560.265	1	Stimulus/S  1	1	15602650	15602658	3	0	20	pips_40_500-8000.hdf5	both	none
1561.321	1	Stimulus/S  1	1	15613210	15613218	3	1	40	pips_40_500-8000.hdf5	both	none
1562.377	1	Stimulus/S  1	1	15623770	15623778	3	2	60	pips_40_500-8000.hdf5	both	none
1563.4223	1	Stimulus/S  1	1	15634223	15634231	3	3	70	pips_40_500-8000.hdf5	both	none
1564.4783	1	Stimulus/S  1	1	15644783	15644791	3	4	50	pips_40_500-8000.hdf5	both	none
1565.5237	1	Stimulus/S  1	1	15655237	15655245	3	5	30	pips_40_500-8000.hdf5	both	none
1566.5797	1	Stimulus/S  1	1	15665797	15665805	4	0	20	pips_40_500-8000.hdf5	both	none
1567.6464	1	Stimulus/S  1	1	15676464	15676472	4	1	40	pips_40_500-8000.hdf5	both	none
1568.713	1	Stimulus/S  1	1	15687130	15687138	4	2	60	pips_40_500-8000.hdf5	both	none
1569.7797	1	Stimulus/S  1	1	15697797	15697805	4	3	70	pips_40_500-8000.hdf5	both	none
1570.8464	1	Stimulus/S  1	1	15708464	15708472	4	4	50	pips_40_500-8000.hdf5	both	none
1571.9131	1	Stimulus/S  1	1	15719131	15719139	4	5	30	pips_40_500-8000.hdf5	both	none
1572.9798	1	Stimulus/S  1	1	15729798	15729806	5	0	20	pips_40_500-8000.hdf5	both	none
1574.0464	1	Stimulus/S  1	1	15740464	15740472	5	1	40	pips_40_500-8000.hdf5	both	none
1575.1131	1	Stimulus/S  1	1	15751131	15751139	5	2	60	pips_40_500-8000.hdf5	both	none
1576.1798	1	Stimulus/S  1	1	15761798	15761806	5	3	70	pips_40_500-8000.hdf5	both	none
1577.2465	1	Stimulus/S  1	1	15772465	15772473	5	4	50	pips_40_500-8000.hdf5	both	none
1578.3131	1	Stimulus/S  1	1	15783131	15783139	5	5	30	pips_40_500-8000.hdf5	both	none
1579.3585	1	Stimulus/S  1	1	15793585	15793593	6	0	20	pips_40_500-8000.hdf5	both	none
1580.4145	1	Stimulus/S  1	1	15804145	15804153	6	1	40	pips_40_500-8000.hdf5	both	none
1581.4598	1	Stimulus/S  1	1	15814598	15814606	6	2	60	pips_40_500-8000.hdf5	both	none
1582.5052	1	Stimulus/S  1	1	15825052	15825060	6	3	70	pips_40_500-8000.hdf5	both	none
1583.5719	1	Stimulus/S  1	1	15835719	15835727	6	4	50	pips_40_500-8000.hdf5	both	none
1584.6385	1	Stimulus/S  1	1	15846385	15846393	6	5	30	pips_40_500-8000.hdf5	both	none
1585.7052	1	Stimulus/S  1	1	15857052	15857060	7	0	20	pips_40_500-8000.hdf5	both	none
1586.7719	1	Stimulus/S  1	1	15867719	15867727	7	1	40	pips_40_500-8000.hdf5	both	none
1587.8279	1	Stimulus/S  1	1	15878279	15878287	7	2	60	pips_40_500-8000.hdf5	both	none
1588.8732	1	Stimulus/S  1	1	15888732	15888740	7	3	70	pips_40_500-8000.hdf5	both	none
1589.9293	1	Stimulus/S  1	1	15899293	15899301	7	4	50	pips_40_500-8000.hdf5	both	none
1590.9746	1	Stimulus/S  1	1	15909746	15909754	7	5	30	pips_40_500-8000.hdf5	both	none
1592.0306	1	Stimulus/S  1	1	15920306	15920314	8	0	20	pips_40_500-8000.hdf5	both	none
1593.0973	1	Stimulus/S  1	1	15930973	15930981	8	1	40	pips_40_500-8000.hdf5	both	none
1594.1426	1	Stimulus/S  1	1	15941426	15941434	8	2	60	pips_40_500-8000.hdf5	both	none
1595.1986	1	Stimulus/S  1	1	15951986	15951994	8	3	70	pips_40_500-8000.hdf5	both	none
1596.244	1	Stimulus/S  1	1	15962440	15962448	8	4	50	pips_40_500-8000.hdf5	both	none
1597.2893	1	Stimulus/S  1	1	15972893	15972901	8	5	30	pips_40_500-8000.hdf5	both	none
1598.356	1	Stimulus/S  1	1	15983560	15983568	9	0	20	pips_40_500-8000.hdf5	both	none
1599.4227	1	Stimulus/S  1	1	15994227	15994235	9	1	40	pips_40_500-8000.hdf5	both	none
1600.4894	1	Stimulus/S  1	1	16004894	16004902	9	2	60	pips_40_500-8000.hdf5	both	none
1601.556	1	Stimulus/S  1	1	16015560	16015568	9	3	70	pips_40_500-8000.hdf5	both	none
1602.6227	1	Stimulus/S  1	1	16026227	16026235	9	4	50	pips_40_500-8000.hdf5	both	none
1603.6894	1	Stimulus/S  1	1	16036894	16036902	9	5	30	pips_40_500-8000.hdf5	both	none
1604.7454	1	Stimulus/S  1	1	16047454	16047462	10	0	20	pips_40_500-8000.hdf5	both	none
1605.7907	1	Stimulus/S  1	1	16057907	16057915	10	1	40	pips_40_500-8000.hdf5	both	none
1606.8574	1	Stimulus/S  1	1	16068574	16068582	10	2	60	pips_40_500-8000.hdf5	both	none
1607.9241	1	Stimulus/S  1	1	16079241	16079249	10	3	70	pips_40_500-8000.hdf5	both	none
1608.9801	1	Stimulus/S  1	1	16089801	16089809	10	4	50	pips_40_500-8000.hdf5	both	none
1610.0255	1	Stimulus/S  1	1	16100255	16100263	10	5	30	pips_40_500-8000.hdf5	both	none
1611.0921	1	Stimulus/S  1	1	16110921	16110929	11	0	20	pips_40_500-8000.hdf5	both	none
1612.1588	1	Stimulus/S  1	1	16121588	16121596	11	1	40	pips_40_500-8000.hdf5	both	none
1613.2255	1	Stimulus/S  1	1	16132255	16132263	11	2	60	pips_40_500-8000.hdf5	both	none
1614.2815	1	Stimulus/S  1	1	16142815	16142823	11	3	70	pips_40_500-8000.hdf5	both	none
1615.3268	1	Stimulus/S  1	1	16153268	16153276	11	4	50	pips_40_500-8000.hdf5	both	none
1616.3722	1	Stimulus/S  1	1	16163722	16163730	11	5	30	pips_40_500-8000.hdf5	both	none
1617.4389	1	Stimulus/S  1	1	16174389	16174397	12	0	20	pips_40_500-8000.hdf5	both	none
1618.5055	1	Stimulus/S  1	1	16185055	16185063	12	1	40	pips_40_500-8000.hdf5	both	none
1619.5616	1	Stimulus/S  1	1	16195616	16195624	12	2	60	pips_40_500-8000.hdf5	both	none
1620.6069	1	Stimulus/S  1	1	16206069	16206077	12	3	70	pips_40_500-8000.hdf5	both	none
1621.6629	1	Stimulus/S  1	1	16216629	16216637	12	4	50	pips_40_500-8000.hdf5	both	none
1622.7296	1	Stimulus/S  1	1	16227296	16227304	12	5	30	pips_40_500-8000.hdf5	both	none
1623.7963	1	Stimulus/S  1	1	16237963	16237971	13	0	20	pips_40_500-8000.hdf5	both	none
1624.8629	1	Stimulus/S  1	1	16248629	16248637	13	1	40	pips_40_500-8000.hdf5	both	none
1625.9083	1	Stimulus/S  1	1	16259083	16259091	13	2	60	pips_40_500-8000.hdf5	both	none
1626.9643	1	Stimulus/S  1	1	16269643	16269651	13	3	70	pips_40_500-8000.hdf5	both	none
1628.031	1	Stimulus/S  1	1	16280310	16280318	13	4	50	pips_40_500-8000.hdf5	both	none
1629.0976	1	Stimulus/S  1	1	16290976	16290984	13	5	30	pips_40_500-8000.hdf5	both	none
1630.143	1	Stimulus/S  1	1	16301430	16301438	14	0	20	pips_40_500-8000.hdf5	both	none
1631.199	1	Stimulus/S  1	1	16311990	16311998	14	1	40	pips_40_500-8000.hdf5	both	none
1632.2443	1	Stimulus/S  1	1	16322443	16322451	14	2	60	pips_40_500-8000.hdf5	both	none
1633.311	1	Stimulus/S  1	1	16333110	16333118	14	3	70	pips_40_500-8000.hdf5	both	none
1634.3777	1	Stimulus/S  1	1	16343777	16343785	14	4	50	pips_40_500-8000.hdf5	both	none
1635.423	1	Stimulus/S  1	1	16354230	16354238	14	5	30	pips_40_500-8000.hdf5	both	none
1636.4791	1	Stimulus/S  1	1	16364791	16364799	15	0	20	pips_40_500-8000.hdf5	both	none
1637.5457	1	Stimulus/S  1	1	16375457	16375465	15	1	40	pips_40_500-8000.hdf5	both	none
1638.6124	1	Stimulus/S  1	1	16386124	16386132	15	2	60	pips_40_500-8000.hdf5	both	none
1639.6791	1	Stimulus/S  1	1	16396791	16396799	15	3	70	pips_40_500-8000.hdf5	both	none
1640.7458	1	Stimulus/S  1	1	16407458	16407466	15	4	50	pips_40_500-8000.hdf5	both	none
1641.8124	1	Stimulus/S  1	1	16418124	16418132	15	5	30	pips_40_500-8000.hdf5	both	none
1642.8791	1	Stimulus/S  1	1	16428791	16428799	16	0	20	pips_40_500-8000.hdf5	both	none
1643.9458	1	Stimulus/S  1	1	16439458	16439466	16	1	40	pips_40_500-8000.hdf5	both	none
1645.0125	1	Stimulus/S  1	1	16450125	16450133	16	2	60	pips_40_500-8000.hdf5	both	none
1646.0792	1	Stimulus/S  1	1	16460792	16460800	16	3	70	pips_40_500-8000.hdf5	both	none
1647.1245	1	Stimulus/S  1	1	16471245	16471253	16	4	50	pips_40_500-8000.hdf5	both	none
1648.1805	1	Stimulus/S  1	1	16481805	16481813	16	5	30	pips_40_500-8000.hdf5	both	none
1649.2258	1	Stimulus/S  1	1	16492258	16492266	17	0	20	pips_40_500-8000.hdf5	both	none
1650.2819	1	Stimulus/S  1	1	16502819	16502827	17	1	40	pips_40_500-8000.hdf5	both	none
1651.3485	1	Stimulus/S  1	1	16513485	16513493	17	2	60	pips_40_500-8000.hdf5	both	none
1652.4152	1	Stimulus/S  1	1	16524152	16524160	17	3	70	pips_40_500-8000.hdf5	both	none
1653.4819	1	Stimulus/S  1	1	16534819	16534827	17	4	50	pips_40_500-8000.hdf5	both	none
1654.5486	1	Stimulus/S  1	1	16545486	16545494	17	5	30	pips_40_500-8000.hdf5	both	none
1655.6152	1	Stimulus/S  1	1	16556152	16556160	18	0	20	pips_40_500-8000.hdf5	both	none
1656.6819	1	Stimulus/S  1	1	16566819	16566827	18	1	40	pips_40_500-8000.hdf5	both	none
1657.7486	1	Stimulus/S  1	1	16577486	16577494	18	2	60	pips_40_500-8000.hdf5	both	none
1658.7939	1	Stimulus/S  1	1	16587939	16587947	18	3	70	pips_40_500-8000.hdf5	both	none
1659.85	1	Stimulus/S  1	1	16598500	16598508	18	4	50	pips_40_500-8000.hdf5	both	none
1660.8953	1	Stimulus/S  1	1	16608953	16608961	18	5	30	pips_40_500-8000.hdf5	both	none
1661.9406	1	Stimulus/S  1	1	16619406	16619414	19	0	20	pips_40_500-8000.hdf5	both	none
1662.9967	1	Stimulus/S  1	1	16629967	16629975	19	1	40	pips_40_500-8000.hdf5	both	none
1664.0633	1	Stimulus/S  1	1	16640633	16640641	19	2	60	pips_40_500-8000.hdf5	both	none
1665.13	1	Stimulus/S  1	1	16651300	16651308	19	3	70	pips_40_500-8000.hdf5	both	none
1666.1754	1	Stimulus/S  1	1	16661754	16661762	19	4	50	pips_40_500-8000.hdf5	both	none
1667.2314	1	Stimulus/S  1	1	16672314	16672322	19	5	30	pips_40_500-8000.hdf5	both	none
1668.2767	1	Stimulus/S  1	1	16682767	16682775	20	0	20	pips_40_500-8000.hdf5	both	none
1669.3434	1	Stimulus/S  1	1	16693434	16693442	20	1	40	pips_40_500-8000.hdf5	both	none
1670.3994	1	Stimulus/S  1	1	16703994	16704002	20	2	60	pips_40_500-8000.hdf5	both	none
1671.4447	1	Stimulus/S  1	1	16714447	16714455	20	3	70	pips_40_500-8000.hdf5	both	none
1672.4901	1	Stimulus/S  1	1	16724901	16724909	20	4	50	pips_40_500-8000.hdf5	both	none
1673.5461	1	Stimulus/S  1	1	16735461	16735469	20	5	30	pips_40_500-8000.hdf5	both	none
1674.5914	1	Stimulus/S  1	1	16745914	16745922	21	0	20	pips_40_500-8000.hdf5	both	none
1675.6474	1	Stimulus/S  1	1	16756474	16756482	21	1	40	pips_40_500-8000.hdf5	both	none
1676.6928	1	Stimulus/S  1	1	16766928	16766936	21	2	60	pips_40_500-8000.hdf5	both	none
1677.7488	1	Stimulus/S  1	1	16777488	16777496	21	3	70	pips_40_500-8000.hdf5	both	none
1678.8155	1	Stimulus/S  1	1	16788155	16788163	21	4	50	pips_40_500-8000.hdf5	both	none
1679.8822	1	Stimulus/S  1	1	16798822	16798830	21	5	30	pips_40_500-8000.hdf5	both	none
1680.9488	1	Stimulus/S  1	1	16809488	16809496	22	0	20	pips_40_500-8000.hdf5	both	none
1682.0155	1	Stimulus/S  1	1	16820155	16820163	22	1	40	pips_40_500-8000.hdf5	both	none
1683.0822	1	Stimulus/S  1	1	16830822	16830830	22	2	60	pips_40_500-8000.hdf5	both	none
1684.1275	1	Stimulus/S  1	1	16841275	16841283	22	3	70	pips_40_500-8000.hdf5	both	none
1685.1729	1	Stimulus/S  1	1	16851729	16851737	22	4	50	pips_40_500-8000.hdf5	both	none
1686.2289	1	Stimulus/S  1	1	16862289	16862297	22	5	30	pips_40_500-8000.hdf5	both	none
1687.2742	1	Stimulus/S  1	1	16872742	16872750	23	0	20	pips_40_500-8000.hdf5	both	none
1688.3409	1	Stimulus/S  1	1	16883409	16883417	23	1	40	pips_40_500-8000.hdf5	both	none
1689.3969	1	Stimulus/S  1	1	16893969	16893977	23	2	60	pips_40_500-8000.hdf5	both	none
1690.4423	1	Stimulus/S  1	1	16904423	16904431	23	3	70	pips_40_500-8000.hdf5	both	none
1691.5089	1	Stimulus/S  1	1	16915089	16915097	23	4	50	pips_40_500-8000.hdf5	both	none
1692.5756	1	Stimulus/S  1	1	16925756	16925764	23	5	30	pips_40_500-8000.hdf5	both	none
1693.6423	1	Stimulus/S  1	1	16936423	16936431	24	0	20	pips_40_500-8000.hdf5	both	none
1694.6983	1	Stimulus/S  1	1	16946983	16946991	24	1	40	pips_40_500-8000.hdf5	both	none
1695.7436	1	Stimulus/S  1	1	16957436	16957444	24	2	60	pips_40_500-8000.hdf5	both	none
1696.8103	1	Stimulus/S  1	1	16968103	16968111	24	3	70	pips_40_500-8000.hdf5	both	none
1697.877	1	Stimulus/S  1	1	16978770	16978778	24	4	50	pips_40_500-8000.hdf5	both	none
1698.9437	1	Stimulus/S  1	1	16989437	16989445	24	5	30	pips_40_500-8000.hdf5	both	none
1699.9997	1	Stimulus/S  1	1	16999997	17000005	25	0	20	pips_40_500-8000.hdf5	both	none
1701.045	1	Stimulus/S  1	1	17010450	17010458	25	1	40	pips_40_500-8000.hdf5	both	none
1702.0904	1	Stimulus/S  1	1	17020904	17020912	25	2	60	pips_40_500-8000.hdf5	both	none
1703.1571	1	Stimulus/S  1	1	17031571	17031579	25	3	70	pips_40_500-8000.hdf5	both	none
1704.2237	1	Stimulus/S  1	1	17042237	17042245	25	4	50	pips_40_500-8000.hdf5	both	none
1705.2797	1	Stimulus/S  1	1	17052797	17052805	25	5	30	pips_40_500-8000.hdf5	both	none
1706.3251	1	Stimulus/S  1	1	17063251	17063259	26	0	20	pips_40_500-8000.hdf5	both	none
1707.3811	1	Stimulus/S  1	1	17073811	17073819	26	1	40	pips_40_500-8000.hdf5	both	none
1708.4478	1	Stimulus/S  1	1	17084478	17084486	26	2	60	pips_40_500-8000.hdf5	both	none
1709.5144	1	Stimulus/S  1	1	17095144	17095152	26	3	70	pips_40_500-8000.hdf5	both	none
1710.5598	1	Stimulus/S  1	1	17105598	17105606	26	4	50	pips_40_500-8000.hdf5	both	none
1711.6158	1	Stimulus/S  1	1	17116158	17116166	26	5	30	pips_40_500-8000.hdf5	both	none
1712.6825	1	Stimulus/S  1	1	17126825	17126833	27	0	20	pips_40_500-8000.hdf5	both	none
1713.7492	1	Stimulus/S  1	1	17137492	17137500	27	1	40	pips_40_500-8000.hdf5	both	none
1714.7945	1	Stimulus/S  1	1	17147945	17147953	27	2	60	pips_40_500-8000.hdf5	both	none
1715.8505	1	Stimulus/S  1	1	17158505	17158513	27	3	70	pips_40_500-8000.hdf5	both	none
1716.9172	1	Stimulus/S  1	1	17169172	17169180	27	4	50	pips_40_500-8000.hdf5	both	none
1717.9625	1	Stimulus/S  1	1	17179625	17179633	27	5	30	pips_40_500-8000.hdf5	both	none
1719.0079	1	Stimulus/S  1	1	17190079	17190087	28	0	20	pips_40_500-8000.hdf5	both	none
1720.0746	1	Stimulus/S  1	1	17200746	17200754	28	1	40	pips_40_500-8000.hdf5	both	none
1721.1412	1	Stimulus/S  1	1	17211412	17211420	28	2	60	pips_40_500-8000.hdf5	both	none
1722.1972	1	Stimulus/S  1	1	17221972	17221980	28	3	70	pips_40_500-8000.hdf5	both	none
1723.2426	1	Stimulus/S  1	1	17232426	17232434	28	4	50	pips_40_500-8000.hdf5	both	none
1724.3093	1	Stimulus/S  1	1	17243093	17243101	28	5	30	pips_40_500-8000.hdf5	both	none
1725.3653	1	Stimulus/S  1	1	17253653	17253661	29	0	20	pips_40_500-8000.hdf5	both	none
1726.4106	1	Stimulus/S  1	1	17264106	17264114	29	1	40	pips_40_500-8000.hdf5	both	none
1727.4666	1	Stimulus/S  1	1	17274666	17274674	29	2	60	pips_40_500-8000.hdf5	both	none
1728.5333	1	Stimulus/S  1	1	17285333	17285341	29	3	70	pips_40_500-8000.hdf5	both	none
1729.5786	1	Stimulus/S  1	1	17295786	17295794	29	4	50	pips_40_500-8000.hdf5	both	none
1730.624	1	Stimulus/S  1	1	17306240	17306248	29	5	30	pips_40_500-8000.hdf5	both	none
1731.68	1	Stimulus/S  1	1	17316800	17316808	30	0	20	pips_40_500-8000.hdf5	both	none
1732.7467	1	Stimulus/S  1	1	17327467	17327475	30	1	40	pips_40_500-8000.hdf5	both	none
1733.792	1	Stimulus/S  1	1	17337920	17337928	30	2	60	pips_40_500-8000.hdf5	both	none
1734.848	1	Stimulus/S  1	1	17348480	17348488	30	3	70	pips_40_500-8000.hdf5	both	none
1735.9147	1	Stimulus/S  1	1	17359147	17359155	30	4	50	pips_40_500-8000.hdf5	both	none
1736.9814	1	Stimulus/S  1	1	17369814	17369822	30	5	30	pips_40_500-8000.hdf5	both	none
1738.0481	1	Stimulus/S  1	1	17380481	17380489	31	0	20	pips_40_500-8000.hdf5	both	none
1739.0934	1	Stimulus/S  1	1	17390934	17390942	31	1	40	pips_40_500-8000.hdf5	both	none
1740.1601	1	Stimulus/S  1	1	17401601	17401609	31	2	60	pips_40_500-8000.hdf5	both	none
1741.2161	1	Stimulus/S  1	1	17412161	17412169	31	3	70	pips_40_500-8000.hdf5	both	none
1742.2614	1	Stimulus/S  1	1	17422614	17422622	31	4	50	pips_40_500-8000.hdf5	both	none
1743.3281	1	Stimulus/S  1	1	17433281	17433289	31	5	30	pips_40_500-8000.hdf5	both	none
1744.3948	1	Stimulus/S  1	1	17443948	17443956	32	0	20	pips_40_500-8000.hdf5	both	none
1745.4508	1	Stimulus/S  1	1	17454508	17454516	32	1	40	pips_40_500-8000.hdf5	both	none
1746.4961	1	Stimulus/S  1	1	17464961	17464969	32	2	60	pips_40_500-8000.hdf5	both	none
1747.5415	1	Stimulus/S  1	1	17475415	17475423	32	3	70	pips_40_500-8000.hdf5	both	none
1748.5975	1	Stimulus/S  1	1	17485975	17485983	32	4	50	pips_40_500-8000.hdf5	both	none
1749.6428	1	Stimulus/S  1	1	17496428	17496436	32	5	30	pips_40_500-8000.hdf5	both	none
1750.7095	1	Stimulus/S  1	1	17507095	17507103	33	0	20	pips_40_500-8000.hdf5	both	none
1751.7655	1	Stimulus/S  1	1	17517655	17517663	33	1	40	pips_40_500-8000.hdf5	both	none
1752.8109	1	Stimulus/S  1	1	17528109	17528117	33	2	60	pips_40_500-8000.hdf5	both	none
1753.8669	1	Stimulus/S  1	1	17538669	17538677	33	3	70	pips_40_500-8000.hdf5	both	none
1754.9122	1	Stimulus/S  1	1	17549122	17549130	33	4	50	pips_40_500-8000.hdf5	both	none
1755.9576	1	Stimulus/S  1	1	17559576	17559584	33	5	30	pips_40_500-8000.hdf5	both	none
1757.0136	1	Stimulus/S  1	1	17570136	17570144	34	0	20	pips_40_500-8000.hdf5	both	none
1758.0803	1	Stimulus/S  1	1	17580803	17580811	34	1	40	pips_40_500-8000.hdf5	both	none
1759.1256	1	Stimulus/S  1	1	17591256	17591264	34	2	60	pips_40_500-8000.hdf5	both	none
1760.1816	1	Stimulus/S  1	1	17601816	17601824	34	3	70	pips_40_500-8000.hdf5	both	none
1761.2483	1	Stimulus/S  1	1	17612483	17612491	34	4	50	pips_40_500-8000.hdf5	both	none
1762.2936	1	Stimulus/S  1	1	17622936	17622944	34	5	30	pips_40_500-8000.hdf5	both	none
1763.3496	1	Stimulus/S  1	1	17633496	17633504	35	0	20	pips_40_500-8000.hdf5	both	none
1764.4163	1	Stimulus/S  1	1	17644163	17644171	35	1	40	pips_40_500-8000.hdf5	both	none
1765.483	1	Stimulus/S  1	1	17654830	17654838	35	2	60	pips_40_500-8000.hdf5	both	none
1766.5283	1	Stimulus/S  1	1	17665283	17665291	35	3	70	pips_40_500-8000.hdf5	both	none
1767.5844	1	Stimulus/S  1	1	17675844	17675852	35	4	50	pips_40_500-8000.hdf5	both	none
1768.6297	1	Stimulus/S  1	1	17686297	17686305	35	5	30	pips_40_500-8000.hdf5	both	none
1769.675	1	Stimulus/S  1	1	17696750	17696758	36	0	20	pips_40_500-8000.hdf5	both	none
1770.7417	1	Stimulus/S  1	1	17707417	17707425	36	1	40	pips_40_500-8000.hdf5	both	none
1771.7977	1	Stimulus/S  1	1	17717977	17717985	36	2	60	pips_40_500-8000.hdf5	both	none
1772.8644	1	Stimulus/S  1	1	17728644	17728652	36	3	70	pips_40_500-8000.hdf5	both	none
1773.9311	1	Stimulus/S  1	1	17739311	17739319	36	4	50	pips_40_500-8000.hdf5	both	none
1774.9764	1	Stimulus/S  1	1	17749764	17749772	36	5	30	pips_40_500-8000.hdf5	both	none
1776.0431	1	Stimulus/S  1	1	17760431	17760439	37	0	20	pips_40_500-8000.hdf5	both	none
1777.0991	1	Stimulus/S  1	1	17770991	17770999	37	1	40	pips_40_500-8000.hdf5	both	none
1778.1445	1	Stimulus/S  1	1	17781445	17781453	37	2	60	pips_40_500-8000.hdf5	both	none
1779.2111	1	Stimulus/S  1	1	17792111	17792119	37	3	70	pips_40_500-8000.hdf5	both	none
1780.2778	1	Stimulus/S  1	1	17802778	17802786	37	4	50	pips_40_500-8000.hdf5	both	none
1781.3338	1	Stimulus/S  1	1	17813338	17813346	37	5	30	pips_40_500-8000.hdf5	both	none
1782.4005	1	Stimulus/S  1	1	17824005	17824013	38	0	20	pips_40_500-8000.hdf5	both	none
1783.4458	1	Stimulus/S  1	1	17834458	17834466	38	1	40	pips_40_500-8000.hdf5	both	none
1784.5019	1	Stimulus/S  1	1	17845019	17845027	38	2	60	pips_40_500-8000.hdf5	both	none
1785.5685	1	Stimulus/S  1	1	17855685	17855693	38	3	70	pips_40_500-8000.hdf5	both	none
1786.6139	1	Stimulus/S  1	1	17866139	17866147	38	4	50	pips_40_500-8000.hdf5	both	none
1787.6592	1	Stimulus/S  1	1	17876592	17876600	38	5	30	pips_40_500-8000.hdf5	both	none
1788.7259	1	Stimulus/S  1	1	17887259	17887267	39	0	20	pips_40_500-8000.hdf5	both	none
1789.7926	1	Stimulus/S  1	1	17897926	17897934	39	1	40	pips_40_500-8000.hdf5	both	none
1790.8486	1	Stimulus/S  1	1	17908486	17908494	39	2	60	pips_40_500-8000.hdf5	both	none
1791.9153	1	Stimulus/S  1	1	17919153	17919161	39	3	70	pips_40_500-8000.hdf5	both	none
1792.9606	1	Stimulus/S  1	1	17929606	17929614	39	4	50	pips_40_500-8000.hdf5	both	none
1794.0166	1	Stimulus/S  1	1	17940166	17940174	39	5	30	pips_40_500-8000.hdf5	both	none
1795.0833	1	Stimulus/S  1	1	17950833	17950841	40	0	20	pips_40_500-8000.hdf5	both	none
1796.1286	1	Stimulus/S  1	1	17961286	17961294	40	1	40	pips_40_500-8000.hdf5	both	none
1797.1847	1	Stimulus/S  1	1	17971847	17971855	40	2	60	pips_40_500-8000.hdf5	both	none
1798.2513	1	Stimulus/S  1	1	17982513	17982521	40	3	70	pips_40_500-8000.hdf5	both	none
1799.2967	1	Stimulus/S  1	1	17992967	17992975	40	4	50	pips_40_500-8000.hdf5	both	none
1800.3634	1	Stimulus/S  1	1	18003634	18003642	40	5	30	pips_40_500-8000.hdf5	both	none
1801.43	1	Stimulus/S  1	1	18014300	18014308	41	0	20	pips_40_500-8000.hdf5	both	none
1802.486	1	Stimulus/S  1	1	18024860	18024868	41	1	40	pips_40_500-8000.hdf5	both	none
1803.5314	1	Stimulus/S  1	1	18035314	18035322	41	2	60	pips_40_500-8000.hdf5	both	none
1804.5981	1	Stimulus/S  1	1	18045981	18045989	41	3	70	pips_40_500-8000.hdf5	both	none
1805.6647	1	Stimulus/S  1	1	18056647	18056655	41	4	50	pips_40_500-8000.hdf5	both	none
1806.7101	1	Stimulus/S  1	1	18067101	18067109	41	5	30	pips_40_500-8000.hdf5	both	none
1807.7661	1	Stimulus/S  1	1	18077661	18077669	42	0	20	pips_40_500-8000.hdf5	both	none
1808.8328	1	Stimulus/S  1	1	18088328	18088336	42	1	40	pips_40_500-8000.hdf5	both	none
1809.8994	1	Stimulus/S  1	1	18098994	18099002	42	2	60	pips_40_500-8000.hdf5	both	none
1810.9448	1	Stimulus/S  1	1	18109448	18109456	42	3	70	pips_40_500-8000.hdf5	both	none
1812.0008	1	Stimulus/S  1	1	18120008	18120016	42	4	50	pips_40_500-8000.hdf5	both	none
1813.0675	1	Stimulus/S  1	1	18130675	18130683	42	5	30	pips_40_500-8000.hdf5	both	none
1814.1342	1	Stimulus/S  1	1	18141342	18141350	43	0	20	pips_40_500-8000.hdf5	both	none
1815.1795	1	Stimulus/S  1	1	18151795	18151803	43	1	40	pips_40_500-8000.hdf5	both	none
1816.2355	1	Stimulus/S  1	1	18162355	18162363	43	2	60	pips_40_500-8000.hdf5	both	none
1817.2809	1	Stimulus/S  1	1	18172809	18172817	43	3	70	pips_40_500-8000.hdf5	both	none
1818.3262	1	Stimulus/S  1	1	18183262	18183270	43	4	50	pips_40_500-8000.hdf5	both	none
1819.3929	1	Stimulus/S  1	1	18193929	18193937	43	5	30	pips_40_500-8000.hdf5	both	none
1820.4489	1	Stimulus/S  1	1	18204489	18204497	44	0	20	pips_40_500-8000.hdf5	both	none
1821.4942	1	Stimulus/S  1	1	18214942	18214950	44	1	40	pips_40_500-8000.hdf5	both	none
1822.5609	1	Stimulus/S  1	1	18225609	18225617	44	2	60	pips_40_500-8000.hdf5	both	none
1823.6276	1	Stimulus/S  1	1	18236276	18236284	44	3	70	pips_40_500-8000.hdf5	both	none
1824.6943	1	Stimulus/S  1	1	18246943	18246951	44	4	50	pips_40_500-8000.hdf5	both	none
1825.7503	1	Stimulus/S  1	1	18257503	18257511	44	5	30	pips_40_500-8000.hdf5	both	none
1826.8169	1	Stimulus/S  1	1	18268169	18268177	45	0	20	pips_40_500-8000.hdf5	both	none
1827.8623	1	Stimulus/S  1	1	18278623	18278631	45	1	40	pips_40_500-8000.hdf5	both	none
1828.9183	1	Stimulus/S  1	1	18289183	18289191	45	2	60	pips_40_500-8000.hdf5	both	none
1829.985	1	Stimulus/S  1	1	18299850	18299858	45	3	70	pips_40_500-8000.hdf5	both	none
1831.0303	1	Stimulus/S  1	1	18310303	18310311	45	4	50	pips_40_500-8000.hdf5	both	none
1832.0757	1	Stimulus/S  1	1	18320757	18320765	45	5	30	pips_40_500-8000.hdf5	both	none
1833.153	1	Stimulus/S  1	1	18331530	18331538	46	0	20	pips_40_500-8000.hdf5	both	none
1834.1984	1	Stimulus/S  1	1	18341984	18341992	46	1	40	pips_40_500-8000.hdf5	both	none
1835.265	1	Stimulus/S  1	1	18352650	18352658	46	2	60	pips_40_500-8000.hdf5	both	none
1836.3104	1	Stimulus/S  1	1	18363104	18363112	46	3	70	pips_40_500-8000.hdf5	both	none
1837.3664	1	Stimulus/S  1	1	18373664	18373672	46	4	50	pips_40_500-8000.hdf5	both	none
1838.4331	1	Stimulus/S  1	1	18384331	18384339	46	5	30	pips_40_500-8000.hdf5	both	none
1839.4784	1	Stimulus/S  1	1	18394784	18394792	47	0	20	pips_40_500-8000.hdf5	both	none
1840.5451	1	Stimulus/S  1	1	18405451	18405459	47	1	40	pips_40_500-8000.hdf5	both	none
1841.6118	1	Stimulus/S  1	1	18416118	18416126	47	2	60	pips_40_500-8000.hdf5	both	none
1842.6678	1	Stimulus/S  1	1	18426678	18426686	47	3	70	pips_40_500-8000.hdf5	both	none
1843.7131	1	Stimulus/S  1	1	18437131	18437139	47	4	50	pips_40_500-8000.hdf5	both	none
1844.7798	1	Stimulus/S  1	1	18447798	18447806	47	5	30	pips_40_500-8000.hdf5	both	none
1845.8358	1	Stimulus/S  1	1	18458358	18458366	48	0	20	pips_40_500-8000.hdf5	both	none
1846.9025	1	Stimulus/S  1	1	18469025	18469033	48	1	40	pips_40_500-8000.hdf5	both	none
1847.9478	1	Stimulus/S  1	1	18479478	18479486	48	2	60	pips_40_500-8000.hdf5	both	none
1848.9932	1	Stimulus/S  1	1	18489932	18489940	48	3	70	pips_40_500-8000.hdf5	both	none
1850.0598	1	Stimulus/S  1	1	18500598	18500606	48	4	50	pips_40_500-8000.hdf5	both	none
1851.1159	1	Stimulus/S  1	1	18511159	18511167	48	5	30	pips_40_500-8000.hdf5	both	none
1852.1825	1	Stimulus/S  1	1	18521825	18521833	49	0	20	pips_40_500-8000.hdf5	both	none
1853.2492	1	Stimulus/S  1	1	18532492	18532500	49	1	40	pips_40_500-8000.hdf5	both	none
1854.3159	1	Stimulus/S  1	1	18543159	18543167	49	2	60	pips_40_500-8000.hdf5	both	none
1855.3612	1	Stimulus/S  1	1	18553612	18553620	49	3	70	pips_40_500-8000.hdf5	both	none
1856.4172	1	Stimulus/S  1	1	18564172	18564180	49	4	50	pips_40_500-8000.hdf5	both	none
1857.4839	1	Stimulus/S  1	1	18574839	18574847	49	5	30	pips_40_500-8000.hdf5	both	none
1858.5293	1	Stimulus/S  1	1	18585293	18585301	50	0	20	pips_40_500-8000.hdf5	both	none
1859.5853	1	Stimulus/S  1	1	18595853	18595861	50	1	40	pips_40_500-8000.hdf5	both	none
1860.6306	1	Stimulus/S  1	1	18606306	18606314	50	2	60	pips_40_500-8000.hdf5	both	none
1861.676	1	Stimulus/S  1	1	18616760	18616768	50	3	70	pips_40_500-8000.hdf5	both	none
1862.7426	1	Stimulus/S  1	1	18627426	18627434	50	4	50	pips_40_500-8000.hdf5	both	none
1863.7986	1	Stimulus/S  1	1	18637986	18637994	50	5	30	pips_40_500-8000.hdf5	both	none
1864.8653	1	Stimulus/S  1	1	18648653	18648661	51	0	20	pips_40_500-8000.hdf5	both	none
1865.9107	1	Stimulus/S  1	1	18659107	18659115	51	1	40	pips_40_500-8000.hdf5	both	none
1866.9667	1	Stimulus/S  1	1	18669667	18669675	51	2	60	pips_40_500-8000.hdf5	both	none
1868.0334	1	Stimulus/S  1	1	18680334	18680342	51	3	70	pips_40_500-8000.hdf5	both	none
1869.0787	1	Stimulus/S  1	1	18690787	18690795	51	4	50	pips_40_500-8000.hdf5	both	none
1870.1347	1	Stimulus/S  1	1	18701347	18701355	51	5	30	pips_40_500-8000.hdf5	both	none
1871.2014	1	Stimulus/S  1	1	18712014	18712022	52	0	20	pips_40_500-8000.hdf5	both	none
1872.2681	1	Stimulus/S  1	1	18722681	18722689	52	1	40	pips_40_500-8000.hdf5	both	none
1873.3347	1	Stimulus/S  1	1	18733347	18733355	52	2	60	pips_40_500-8000.hdf5	both	none
1874.3801	1	Stimulus/S  1	1	18743801	18743809	52	3	70	pips_40_500-8000.hdf5	both	none
1875.4361	1	Stimulus/S  1	1	18754361	18754369	52	4	50	pips_40_500-8000.hdf5	both	none
1876.5028	1	Stimulus/S  1	1	18765028	18765036	52	5	30	pips_40_500-8000.hdf5	both	none
1877.5695	1	Stimulus/S  1	1	18775695	18775703	53	0	20	pips_40_500-8000.hdf5	both	none
1878.6148	1	Stimulus/S  1	1	18786148	18786156	53	1	40	pips_40_500-8000.hdf5	both	none
1879.6601	1	Stimulus/S  1	1	18796601	18796609	53	2	60	pips_40_500-8000.hdf5	both	none
1880.7268	1	Stimulus/S  1	1	18807268	18807276	53	3	70	pips_40_500-8000.hdf5	both	none
1881.7828	1	Stimulus/S  1	1	18817828	18817836	53	4	50	pips_40_500-8000.hdf5	both	none
1882.8282	1	Stimulus/S  1	1	18828282	18828290	53	5	30	pips_40_500-8000.hdf5	both	none
1883.8948	1	Stimulus/S  1	1	18838948	18838956	54	0	20	pips_40_500-8000.hdf5	both	none
1884.9615	1	Stimulus/S  1	1	18849615	18849623	54	1	40	pips_40_500-8000.hdf5	both	none
1886.0282	1	Stimulus/S  1	1	18860282	18860290	54	2	60	pips_40_500-8000.hdf5	both	none
1887.0842	1	Stimulus/S  1	1	18870842	18870850	54	3	70	pips_40_500-8000.hdf5	both	none
1888.1296	1	Stimulus/S  1	1	18881296	18881304	54	4	50	pips_40_500-8000.hdf5	both	none
1889.1962	1	Stimulus/S  1	1	18891962	18891970	54	5	30	pips_40_500-8000.hdf5	both	none
1890.2522	1	Stimulus/S  1	1	18902522	18902530	55	0	20	pips_40_500-8000.hdf5	both	none
1891.2976	1	Stimulus/S  1	1	18912976	18912984	55	1	40	pips_40_500-8000.hdf5	both	none
1892.3536	1	Stimulus/S  1	1	18923536	18923544	55	2	60	pips_40_500-8000.hdf5	both	none
1893.4203	1	Stimulus/S  1	1	18934203	18934211	55	3	70	pips_40_500-8000.hdf5	both	none
1894.4656	1	Stimulus/S  1	1	18944656	18944664	55	4	50	pips_40_500-8000.hdf5	both	none
1895.511	1	Stimulus/S  1	1	18955110	18955118	55	5	30	pips_40_500-8000.hdf5	both	none
1896.5776	1	Stimulus/S  1	1	18965776	18965784	56	0	20	pips_40_500-8000.hdf5	both	none
1897.6443	1	Stimulus/S  1	1	18976443	18976451	56	1	40	pips_40_500-8000.hdf5	both	none
1898.7003	1	Stimulus/S  1	1	18987003	18987011	56	2	60	pips_40_500-8000.hdf5	both	none
1899.7457	1	Stimulus/S  1	1	18997457	18997465	56	3	70	pips_40_500-8000.hdf5	both	none
1900.8123	1	Stimulus/S  1	1	19008123	19008131	56	4	50	pips_40_500-8000.hdf5	both	none
1901.8684	1	Stimulus/S  1	1	19018684	19018692	56	5	30	pips_40_500-8000.hdf5	both	none
1902.9137	1	Stimulus/S  1	1	19029137	19029145	57	0	20	pips_40_500-8000.hdf5	both	none
1903.9804	1	Stimulus/S  1	1	19039804	19039812	57	1	40	pips_40_500-8000.hdf5	both	none
1905.0364	1	Stimulus/S  1	1	19050364	19050372	57	2	60	pips_40_500-8000.hdf5	both	none
1906.0817	1	Stimulus/S  1	1	19060817	19060825	57	3	70	pips_40_500-8000.hdf5	both	none
1907.1271	1	Stimulus/S  1	1	19071271	19071279	57	4	50	pips_40_500-8000.hdf5	both	none
1908.1938	1	Stimulus/S  1	1	19081938	19081946	57	5	30	pips_40_500-8000.hdf5	both	none
1909.2604	1	Stimulus/S  1	1	19092604	19092612	58	0	20	pips_40_500-8000.hdf5	both	none
1910.3164	1	Stimulus/S  1	1	19103164	19103172	58	1	40	pips_40_500-8000.hdf5	both	none
1911.3618	1	Stimulus/S  1	1	19113618	19113626	58	2	60	pips_40_500-8000.hdf5	both	none
1912.4178	1	Stimulus/S  1	1	19124178	19124186	58	3	70	pips_40_500-8000.hdf5	both	none
1913.4631	1	Stimulus/S  1	1	19134631	19134639	58	4	50	pips_40_500-8000.hdf5	both	none
1914.5298	1	Stimulus/S  1	1	19145298	19145306	58	5	30	pips_40_500-8000.hdf5	both	none
1915.5858	1	Stimulus/S  1	1	19155858	19155866	59	0	20	pips_40_500-8000.hdf5	both	none
1916.6312	1	Stimulus/S  1	1	19166312	19166320	59	1	40	pips_40_500-8000.hdf5	both	none
1917.6978	1	Stimulus/S  1	1	19176978	19176986	59	2	60	pips_40_500-8000.hdf5	both	none
1918.7645	1	Stimulus/S  1	1	19187645	19187653	59	3	70	pips_40_500-8000.hdf5	both	none
1919.8205	1	Stimulus/S  1	1	19198205	19198213	59	4	50	pips_40_500-8000.hdf5	both	none
1920.8872	1	Stimulus/S  1	1	19208872	19208880	59	5	30	pips_40_500-8000.hdf5	both	none
1921.9539	1	Stimulus/S  1	1	19219539	19219547	60	0	20	pips_40_500-8000.hdf5	both	none
1922.9992	1	Stimulus/S  1	1	19229992	19230000	60	1	40	pips_40_500-8000.hdf5	both	none
1924.0446	1	Stimulus/S  1	1	19240446	19240454	60	2	60	pips_40_500-8000.hdf5	both	none
1925.1113	1	Stimulus/S  1	1	19251113	19251121	60	3	70	pips_40_500-8000.hdf5	both	none
1926.1673	1	Stimulus/S  1	1	19261673	19261681	60	4	50	pips_40_500-8000.hdf5	both	none
1927.2126	1	Stimulus/S  1	1	19272126	19272134	60	5	30	pips_40_500-8000.hdf5	both	none
1928.2793	1	Stimulus/S  1	1	19282793	19282801	61	0	20	pips_40_500-8000.hdf5	both	none
1929.3353	1	Stimulus/S  1	1	19293353	19293361	61	1	40	pips_40_500-8000.hdf5	both	none
1930.3806	1	Stimulus/S  1	1	19303806	19303814	61	2	60	pips_40_500-8000.hdf5	both	none
1931.4473	1	Stimulus/S  1	1	19314473	19314481	61	3	70	pips_40_500-8000.hdf5	both	none
1932.5033	1	Stimulus/S  1	1	19325033	19325041	61	4	50	pips_40_500-8000.hdf5	both	none
1933.57	1	Stimulus/S  1	1	19335700	19335708	61	5	30	pips_40_500-8000.hdf5	both	none
1934.6154	1	Stimulus/S  1	1	19346154	19346162	62	0	20	pips_40_500-8000.hdf5	both	none
1935.6607	1	Stimulus/S  1	1	19356607	19356615	62	1	40	pips_40_500-8000.hdf5	both	none
1936.738	1	Stimulus/S  1	1	19367380	19367388	62	2	60	pips_40_500-8000.hdf5	both	none
1937.7834	1	Stimulus/S  1	1	19377834	19377842	62	3	70	pips_40_500-8000.hdf5	both	none
1938.8287	1	Stimulus/S  1	1	19388287	19388295	62	4	50	pips_40_500-8000.hdf5	both	none
1939.8954	1	Stimulus/S  1	1	19398954	19398962	62	5	30	pips_40_500-8000.hdf5	both	none
1940.9514	1	Stimulus/S  1	1	19409514	19409522	63	0	20	pips_40_500-8000.hdf5	both	none
1941.9968	1	Stimulus/S  1	1	19419968	19419976	63	1	40	pips_40_500-8000.hdf5	both	none
1943.0528	1	Stimulus/S  1	1	19430528	19430536	63	2	60	pips_40_500-8000.hdf5	both	none
1944.0981	1	Stimulus/S  1	1	19440981	19440989	63	3	70	pips_40_500-8000.hdf5	both	none
1945.1648	1	Stimulus/S  1	1	19451648	19451656	63	4	50	pips_40_500-8000.hdf5	both	none
1946.2208	1	Stimulus/S  1	1	19462208	19462216	63	5	30	pips_40_500-8000.hdf5	both	none
1947.2661	1	Stimulus/S  1	1	19472661	19472669	64	0	20	pips_40_500-8000.hdf5	both	none
1948.3328	1	Stimulus/S  1	1	19483328	19483336	64	1	40	pips_40_500-8000.hdf5	both	none
1949.3782	1	Stimulus/S  1	1	19493782	19493790	64	2	60	pips_40_500-8000.hdf5	both	none
1950.4342	1	Stimulus/S  1	1	19504342	19504350	64	3	70	pips_40_500-8000.hdf5	both	none
1951.5009	1	Stimulus/S  1	1	19515009	19515017	64	4	50	pips_40_500-8000.hdf5	both	none
1952.5462	1	Stimulus/S  1	1	19525462	19525470	64	5	30	pips_40_500-8000.hdf5	both	none
1953.6022	1	Stimulus/S  1	1	19536022	19536030	65	0	20	pips_40_500-8000.hdf5	both	none
1954.6689	1	Stimulus/S  1	1	19546689	19546697	65	1	40	pips_40_500-8000.hdf5	both	none
1955.7142	1	Stimulus/S  1	1	19557142	19557150	65	2	60	pips_40_500-8000.hdf5	both	none
1956.7702	1	Stimulus/S  1	1	19567702	19567710	65	3	70	pips_40_500-8000.hdf5	both	none
1957.8369	1	Stimulus/S  1	1	19578369	19578377	65	4	50	pips_40_500-8000.hdf5	both	none
1958.8823	1	Stimulus/S  1	1	19588823	19588831	65	5	30	pips_40_500-8000.hdf5	both	none
1959.9383	1	Stimulus/S  1	1	19599383	19599391	66	0	20	pips_40_500-8000.hdf5	both	none
1960.9943	1	Stimulus/S  1	1	19609943	19609951	66	1	40	pips_40_500-8000.hdf5	both	none
1962.0503	1	Stimulus/S  1	1	19620503	19620511	66	2	60	pips_40_500-8000.hdf5	both	none
1963.0956	1	Stimulus/S  1	1	19630956	19630964	66	3	70	pips_40_500-8000.hdf5	both	none
1964.1623	1	Stimulus/S  1	1	19641623	19641631	66	4	50	pips_40_500-8000.hdf5	both	none
1965.2183	1	Stimulus/S  1	1	19652183	19652191	66	5	30	pips_40_500-8000.hdf5	both	none
1966.2637	1	Stimulus/S  1	1	19662637	19662645	67	0	20	pips_40_500-8000.hdf5	both	none
1967.3303	1	Stimulus/S  1	1	19673303	19673311	67	1	40	pips_40_500-8000.hdf5	both	none
1968.397	1	Stimulus/S  1	1	19683970	19683978	67	2	60	pips_40_500-8000.hdf5	both	none
1969.4637	1	Stimulus/S  1	1	19694637	19694645	67	3	70	pips_40_500-8000.hdf5	both	none
1970.5197	1	Stimulus/S  1	1	19705197	19705205	67	4	50	pips_40_500-8000.hdf5	both	none
1971.5651	1	Stimulus/S  1	1	19715651	19715659	67	5	30	pips_40_500-8000.hdf5	both	none
1972.6211	1	Stimulus/S  1	1	19726211	19726219	68	0	20	pips_40_500-8000.hdf5	both	none
1973.6877	1	Stimulus/S  1	1	19736877	19736885	68	1	40	pips_40_500-8000.hdf5	both	none
1974.7544	1	Stimulus/S  1	1	19747544	19747552	68	2	60	pips_40_500-8000.hdf5	both	none
1975.7998	1	Stimulus/S  1	1	19757998	19758006	68	3	70	pips_40_500-8000.hdf5	both	none
1976.8451	1	Stimulus/S  1	1	19768451	19768459	68	4	50	pips_40_500-8000.hdf5	both	none
1977.9011	1	Stimulus/S  1	1	19779011	19779019	68	5	30	pips_40_500-8000.hdf5	both	none
1978.9678	1	Stimulus/S  1	1	19789678	19789686	69	0	20	pips_40_500-8000.hdf5	both	none
1980.0345	1	Stimulus/S  1	1	19800345	19800353	69	1	40	pips_40_500-8000.hdf5	both	none
1981.1011	1	Stimulus/S  1	1	19811011	19811019	69	2	60	pips_40_500-8000.hdf5	both	none
1982.1465	1	Stimulus/S  1	1	19821465	19821473	69	3	70	pips_40_500-8000.hdf5	both	none
1983.2132	1	Stimulus/S  1	1	19832132	19832140	69	4	50	pips_40_500-8000.hdf5	both	none
1984.2798	1	Stimulus/S  1	1	19842798	19842806	69	5	30	pips_40_500-8000.hdf5	both	none
1985.3465	1	Stimulus/S  1	1	19853465	19853473	70	0	20	pips_40_500-8000.hdf5	both	none
1986.4025	1	Stimulus/S  1	1	19864025	19864033	70	1	40	pips_40_500-8000.hdf5	both	none
1987.4479	1	Stimulus/S  1	1	19874479	19874487	70	2	60	pips_40_500-8000.hdf5	both	none
1988.5146	1	Stimulus/S  1	1	19885146	19885154	70	3	70	pips_40_500-8000.hdf5	both	none
1989.5706	1	Stimulus/S  1	1	19895706	19895714	70	4	50	pips_40_500-8000.hdf5	both	none
1990.6159	1	Stimulus/S  1	1	19906159	19906167	70	5	30	pips_40_500-8000.hdf5	both	none
1991.6826	1	Stimulus/S  1	1	19916826	19916834	71	0	20	pips_40_500-8000.hdf5	both	none
1992.7493	1	Stimulus/S  1	1	19927493	19927501	71	1	40	pips_40_500-8000.hdf5	both	none
1993.8053	1	Stimulus/S  1	1	19938053	19938061	71	2	60	pips_40_500-8000.hdf5	both	none
1994.8506	1	Stimulus/S  1	1	19948506	19948514	71	3	70	pips_40_500-8000.hdf5	both	none
1995.9173	1	Stimulus/S  1	1	19959173	19959181	71	4	50	pips_40_500-8000.hdf5	both	none
1996.984	1	Stimulus/S  1	1	19969840	19969848	71	5	30	pips_40_500-8000.hdf5	both	none
1998.0506	1	Stimulus/S  1	1	19980506	19980514	72	0	20	pips_40_500-8000.hdf5	both	none
1999.096	1	Stimulus/S  1	1	19990960	19990968	72	1	40	pips_40_500-8000.hdf5	both	none
2000.1627	1	Stimulus/S  1	1	20001627	20001635	72	2	60	pips_40_500-8000.hdf5	both	none
2001.2293	1	Stimulus/S  1	1	20012293	20012301	72	3	70	pips_40_500-8000.hdf5	both	none
2002.2854	1	Stimulus/S  1	1	20022854	20022862	72	4	50	pips_40_500-8000.hdf5	both	none
2003.3307	1	Stimulus/S  1	1	20033307	20033315	72	5	30	pips_40_500-8000.hdf5	both	none
2004.3974	1	Stimulus/S  1	1	20043974	20043982	73	0	20	pips_40_500-8000.hdf5	both	none
2005.4534	1	Stimulus/S  1	1	20054534	20054542	73	1	40	pips_40_500-8000.hdf5	both	none
2006.4987	1	Stimulus/S  1	1	20064987	20064995	73	2	60	pips_40_500-8000.hdf5	both	none
2007.5654	1	Stimulus/S  1	1	20075654	20075662	73	3	70	pips_40_500-8000.hdf5	both	none
2008.6321	1	Stimulus/S  1	1	20086321	20086329	73	4	50	pips_40_500-8000.hdf5	both	none
2009.6881	1	Stimulus/S  1	1	20096881	20096889	73	5	30	pips_40_500-8000.hdf5	both	none
2010.7334	1	Stimulus/S  1	1	20107334	20107342	74	0	20	pips_40_500-8000.hdf5	both	none
2011.8001	1	Stimulus/S  1	1	20118001	20118009	74	1	40	pips_40_500-8000.hdf5	both	none
2012.8668	1	Stimulus/S  1	1	20128668	20128676	74	2	60	pips_40_500-8000.hdf5	both	none
2013.9228	1	Stimulus/S  1	1	20139228	20139236	74	3	70	pips_40_500-8000.hdf5	both	none
2014.9681	1	Stimulus/S  1	1	20149681	20149689	74	4	50	pips_40_500-8000.hdf5	both	none
2016.0348	1	Stimulus/S  1	1	20160348	20160356	74	5	30	pips_40_500-8000.hdf5	both	none
2017.0802	1	Stimulus/S  1	1	20170802	20170810	75	0	20	pips_40_500-8000.hdf5	both	none
2018.1362	1	Stimulus/S  1	1	20181362	20181370	75	1	40	pips_40_500-8000.hdf5	both	none
2019.2029	1	Stimulus/S  1	1	20192029	20192037	75	2	60	pips_40_500-8000.hdf5	both	none
2020.2482	1	Stimulus/S  1	1	20202482	20202490	75	3	70	pips_40_500-8000.hdf5	both	none
2021.3042	1	Stimulus/S  1	1	20213042	20213050	75	4	50	pips_40_500-8000.hdf5	both	none
2022.3709	1	Stimulus/S  1	1	20223709	20223717	75	5	30	pips_40_500-8000.hdf5	both	none
2023.4162	1	Stimulus/S  1	1	20234162	20234170	76	0	20	pips_40_500-8000.hdf5	both	none
2024.4722	1	Stimulus/S  1	1	20244722	20244730	76	1	40	pips_40_500-8000.hdf5	both	none
2025.5389	1	Stimulus/S  1	1	20255389	20255397	76	2	60	pips_40_500-8000.hdf5	both	none
2026.5843	1	Stimulus/S  1	1	20265843	20265851	76	3	70	pips_40_500-8000.hdf5	both	none
2027.6296	1	Stimulus/S  1	1	20276296	20276304	76	4	50	pips_40_500-8000.hdf5	both	none
2028.6963	1	Stimulus/S  1	1	20286963	20286971	76	5	30	pips_40_500-8000.hdf5	both	none
2029.7523	1	Stimulus/S  1	1	20297523	20297531	77	0	20	pips_40_500-8000.hdf5	both	none
2030.7976	1	Stimulus/S  1	1	20307976	20307984	77	1	40	pips_40_500-8000.hdf5	both	none
2031.8643	1	Stimulus/S  1	1	20318643	20318651	77	2	60	pips_40_500-8000.hdf5	both	none
2032.9203	1	Stimulus/S  1	1	20329203	20329211	77	3	70	pips_40_500-8000.hdf5	both	none
2033.9657	1	Stimulus/S  1	1	20339657	20339665	77	4	50	pips_40_500-8000.hdf5	both	none
2035.0323	1	Stimulus/S  1	1	20350323	20350331	77	5	30	pips_40_500-8000.hdf5	both	none
2036.0884	1	Stimulus/S  1	1	20360884	20360892	78	0	20	pips_40_500-8000.hdf5	both	none
2037.1337	1	Stimulus/S  1	1	20371337	20371345	78	1	40	pips_40_500-8000.hdf5	both	none
2038.2004	1	Stimulus/S  1	1	20382004	20382012	78	2	60	pips_40_500-8000.hdf5	both	none
2039.2564	1	Stimulus/S  1	1	20392564	20392572	78	3	70	pips_40_500-8000.hdf5	both	none
2040.3017	1	Stimulus/S  1	1	20403017	20403025	78	4	50	pips_40_500-8000.hdf5	both	none
2041.3684	1	Stimulus/S  1	1	20413684	20413692	78	5	30	pips_40_500-8000.hdf5	both	none
2042.4138	1	Stimulus/S  1	1	20424138	20424146	79	0	20	pips_40_500-8000.hdf5	both	none
2043.4698	1	Stimulus/S  1	1	20434698	20434706	79	1	40	pips_40_500-8000.hdf5	both	none
2044.5364	1	Stimulus/S  1	1	20445364	20445372	79	2	60	pips_40_500-8000.hdf5	both	none
2045.6031	1	Stimulus/S  1	1	20456031	20456039	79	3	70	pips_40_500-8000.hdf5	both	none
2046.6485	1	Stimulus/S  1	1	20466485	20466493	79	4	50	pips_40_500-8000.hdf5	both	none
2047.7045	1	Stimulus/S  1	1	20477045	20477053	79	5	30	pips_40_500-8000.hdf5	both	none
2048.7498	1	Stimulus/S  1	1	20487498	20487506	80	0	20	pips_40_500-8000.hdf5	both	none
2049.8058	1	Stimulus/S  1	1	20498058	20498066	80	1	40	pips_40_500-8000.hdf5	both	none
2050.8725	1	Stimulus/S  1	1	20508725	20508733	80	2	60	pips_40_500-8000.hdf5	both	none
2051.9178	1	Stimulus/S  1	1	20519178	20519186	80	3	70	pips_40_500-8000.hdf5	both	none
2052.9632	1	Stimulus/S  1	1	20529632	20529640	80	4	50	pips_40_500-8000.hdf5	both	none
2054.0299	1	Stimulus/S  1	1	20540299	20540307	80	5	30	pips_40_500-8000.hdf5	both	none
2055.0965	1	Stimulus/S  1	1	20550965	20550973	81	0	20	pips_40_500-8000.hdf5	both	none
2056.1526	1	Stimulus/S  1	1	20561526	20561534	81	1	40	pips_40_500-8000.hdf5	both	none
2057.1979	1	Stimulus/S  1	1	20571979	20571987	81	2	60	pips_40_500-8000.hdf5	both	none
2058.2646	1	Stimulus/S  1	1	20582646	20582654	81	3	70	pips_40_500-8000.hdf5	both	none
2059.3313	1	Stimulus/S  1	1	20593313	20593321	81	4	50	pips_40_500-8000.hdf5	both	none
2060.3979	1	Stimulus/S  1	1	20603979	20603987	81	5	30	pips_40_500-8000.hdf5	both	none
2061.4646	1	Stimulus/S  1	1	20614646	20614654	82	0	20	pips_40_500-8000.hdf5	both	none
2062.5313	1	Stimulus/S  1	1	20625313	20625321	82	1	40	pips_40_500-8000.hdf5	both	none
2063.5873	1	Stimulus/S  1	1	20635873	20635881	82	2	60	pips_40_500-8000.hdf5	both	none
2064.6326	1	Stimulus/S  1	1	20646326	20646334	82	3	70	pips_40_500-8000.hdf5	both	none
2065.6887	1	Stimulus/S  1	1	20656887	20656895	82	4	50	pips_40_500-8000.hdf5	both	none
2066.7553	1	Stimulus/S  1	1	20667553	20667561	82	5	30	pips_40_500-8000.hdf5	both	none
2067.822	1	Stimulus/S  1	1	20678220	20678228	83	0	20	pips_40_500-8000.hdf5	both	none
2068.8673	1	Stimulus/S  1	1	20688673	20688681	83	1	40	pips_40_500-8000.hdf5	both	none
2069.9127	1	Stimulus/S  1	1	20699127	20699135	83	2	60	pips_40_500-8000.hdf5	both	none
2070.9687	1	Stimulus/S  1	1	20709687	20709695	83	3	70	pips_40_500-8000.hdf5	both	none
2072.0354	1	Stimulus/S  1	1	20720354	20720362	83	4	50	pips_40_500-8000.hdf5	both	none
2073.1021	1	Stimulus/S  1	1	20731021	20731029	83	5	30	pips_40_500-8000.hdf5	both	none
2074.1474	1	Stimulus/S  1	1	20741474	20741482	84	0	20	pips_40_500-8000.hdf5	both	none
2075.2034	1	Stimulus/S  1	1	20752034	20752042	84	1	40	pips_40_500-8000.hdf5	both	none
2076.2701	1	Stimulus/S  1	1	20762701	20762709	84	2	60	pips_40_500-8000.hdf5	both	none
2077.3368	1	Stimulus/S  1	1	20773368	20773376	84	3	70	pips_40_500-8000.hdf5	both	none
2078.3821	1	Stimulus/S  1	1	20783821	20783829	84	4	50	pips_40_500-8000.hdf5	both	none
2079.4488	1	Stimulus/S  1	1	20794488	20794496	84	5	30	pips_40_500-8000.hdf5	both	none
2080.5048	1	Stimulus/S  1	1	20805048	20805056	85	0	20	pips_40_500-8000.hdf5	both	none
2081.5501	1	Stimulus/S  1	1	20815501	20815509	85	1	40	pips_40_500-8000.hdf5	both	none
2082.6168	1	Stimulus/S  1	1	20826168	20826176	85	2	60	pips_40_500-8000.hdf5	both	none
2083.6728	1	Stimulus/S  1	1	20836728	20836736	85	3	70	pips_40_500-8000.hdf5	both	none
2084.7182	1	Stimulus/S  1	1	20847182	20847190	85	4	50	pips_40_500-8000.hdf5	both	none
2085.7848	1	Stimulus/S  1	1	20857848	20857856	85	5	30	pips_40_500-8000.hdf5	both	none
2086.8302	1	Stimulus/S  1	1	20868302	20868310	86	0	20	pips_40_500-8000.hdf5	both	none
2087.8969	1	Stimulus/S  1	1	20878969	20878977	86	1	40	pips_40_500-8000.hdf5	both	none
2088.9635	1	Stimulus/S  1	1	20889635	20889643	86	2	60	pips_40_500-8000.hdf5	both	none
2090.0196	1	Stimulus/S  1	1	20900196	20900204	86	3	70	pips_40_500-8000.hdf5	both	none
2091.0862	1	Stimulus/S  1	1	20910862	20910870	86	4	50	pips_40_500-8000.hdf5	both	none
2092.1529	1	Stimulus/S  1	1	20921529	20921537	86	5	30	pips_40_500-8000.hdf5	both	none
2093.1983	1	Stimulus/S  1	1	20931983	20931991	87	0	20	pips_40_500-8000.hdf5	both	none
2094.2649	1	Stimulus/S  1	1	20942649	20942657	87	1	40	pips_40_500-8000.hdf5	both	none
2095.3316	1	Stimulus/S  1	1	20953316	20953324	87	2	60	pips_40_500-8000.hdf5	both	none
2096.3876	1	Stimulus/S  1	1	20963876	20963884	87	3	70	pips_40_500-8000.hdf5	both	none
2097.4543	1	Stimulus/S  1	1	20974543	20974551	87	4	50	pips_40_500-8000.hdf5	both	none
2098.521	1	Stimulus/S  1	1	20985210	20985218	87	5	30	pips_40_500-8000.hdf5	both	none
2099.5877	1	Stimulus/S  1	1	20995877	20995885	88	0	20	pips_40_500-8000.hdf5	both	none
2100.633	1	Stimulus/S  1	1	21006330	21006338	88	1	40	pips_40_500-8000.hdf5	both	none
2101.6997	1	Stimulus/S  1	1	21016997	21017005	88	2	60	pips_40_500-8000.hdf5	both	none
2102.7557	1	Stimulus/S  1	1	21027557	21027565	88	3	70	pips_40_500-8000.hdf5	both	none
2103.801	1	Stimulus/S  1	1	21038010	21038018	88	4	50	pips_40_500-8000.hdf5	both	none
2104.8677	1	Stimulus/S  1	1	21048677	21048685	88	5	30	pips_40_500-8000.hdf5	both	none
2105.9237	1	Stimulus/S  1	1	21059237	21059245	89	0	20	pips_40_500-8000.hdf5	both	none
2106.9691	1	Stimulus/S  1	1	21069691	21069699	89	1	40	pips_40_500-8000.hdf5	both	none
2108.0144	1	Stimulus/S  1	1	21080144	21080152	89	2	60	pips_40_500-8000.hdf5	both	none
2109.0811	1	Stimulus/S  1	1	21090811	21090819	89	3	70	pips_40_500-8000.hdf5	both	none
2110.1478	1	Stimulus/S  1	1	21101478	21101486	89	4	50	pips_40_500-8000.hdf5	both	none
2111.2038	1	Stimulus/S  1	1	21112038	21112046	89	5	30	pips_40_500-8000.hdf5	both	none
2112.2491	1	Stimulus/S  1	1	21122491	21122499	90	0	20	pips_40_500-8000.hdf5	both	none
2113.3051	1	Stimulus/S  1	1	21133051	21133059	90	1	40	pips_40_500-8000.hdf5	both	none
2114.3505	1	Stimulus/S  1	1	21143505	21143513	90	2	60	pips_40_500-8000.hdf5	both	none
2115.4171	1	Stimulus/S  1	1	21154171	21154179	90	3	70	pips_40_500-8000.hdf5	both	none
2116.4838	1	Stimulus/S  1	1	21164838	21164846	90	4	50	pips_40_500-8000.hdf5	both	none
2117.5505	1	Stimulus/S  1	1	21175505	21175513	90	5	30	pips_40_500-8000.hdf5	both	none
2118.6172	1	Stimulus/S  1	1	21186172	21186180	91	0	20	pips_40_500-8000.hdf5	both	none
2119.6732	1	Stimulus/S  1	1	21196732	21196740	91	1	40	pips_40_500-8000.hdf5	both	none
2120.7185	1	Stimulus/S  1	1	21207185	21207193	91	2	60	pips_40_500-8000.hdf5	both	none
2121.7852	1	Stimulus/S  1	1	21217852	21217860	91	3	70	pips_40_500-8000.hdf5	both	none
2122.8305	1	Stimulus/S  1	1	21228305	21228313	91	4	50	pips_40_500-8000.hdf5	both	none
2123.8866	1	Stimulus/S  1	1	21238866	21238874	91	5	30	pips_40_500-8000.hdf5	both	none
2124.9532	1	Stimulus/S  1	1	21249532	21249540	92	0	20	pips_40_500-8000.hdf5	both	none
2126.0199	1	Stimulus/S  1	1	21260199	21260207	92	1	40	pips_40_500-8000.hdf5	both	none
2127.0653	1	Stimulus/S  1	1	21270653	21270661	92	2	60	pips_40_500-8000.hdf5	both	none
2128.1213	1	Stimulus/S  1	1	21281213	21281221	92	3	70	pips_40_500-8000.hdf5	both	none
2129.1666	1	Stimulus/S  1	1	21291666	21291674	92	4	50	pips_40_500-8000.hdf5	both	none
2130.2333	1	Stimulus/S  1	1	21302333	21302341	92	5	30	pips_40_500-8000.hdf5	both	none
2131.2893	1	Stimulus/S  1	1	21312893	21312901	93	0	20	pips_40_500-8000.hdf5	both	none
2132.3346	1	Stimulus/S  1	1	21323346	21323354	93	1	40	pips_40_500-8000.hdf5	both	none
2133.4013	1	Stimulus/S  1	1	21334013	21334021	93	2	60	pips_40_500-8000.hdf5	both	none
2134.468	1	Stimulus/S  1	1	21344680	21344688	93	3	70	pips_40_500-8000.hdf5	both	none
2135.524	1	Stimulus/S  1	1	21355240	21355248	93	4	50	pips_40_500-8000.hdf5	both	none
2136.5694	1	Stimulus/S  1	1	21365694	21365702	93	5	30	pips_40_500-8000.hdf5	both	none
2137.6147	1	Stimulus/S  1	1	21376147	21376155	94	0	20	pips_40_500-8000.hdf5	both	none
2138.6707	1	Stimulus/S  1	1	21386707	21386715	94	1	40	pips_40_500-8000.hdf5	both	none
2139.7161	1	Stimulus/S  1	1	21397161	21397169	94	2	60	pips_40_500-8000.hdf5	both	none
2140.7827	1	Stimulus/S  1	1	21407827	21407835	94	3	70	pips_40_500-8000.hdf5	both	none
2141.8387	1	Stimulus/S  1	1	21418387	21418395	94	4	50	pips_40_500-8000.hdf5	both	none
2142.8841	1	Stimulus/S  1	1	21428841	21428849	94	5	30	pips_40_500-8000.hdf5	both	none
2143.9508	1	Stimulus/S  1	1	21439508	21439516	95	0	20	pips_40_500-8000.hdf5	both	none
2145.0174	1	Stimulus/S  1	1	21450174	21450182	95	1	40	pips_40_500-8000.hdf5	both	none
2146.0841	1	Stimulus/S  1	1	21460841	21460849	95	2	60	pips_40_500-8000.hdf5	both	none
2147.1508	1	Stimulus/S  1	1	21471508	21471516	95	3	70	pips_40_500-8000.hdf5	both	none
2148.2068	1	Stimulus/S  1	1	21482068	21482076	95	4	50	pips_40_500-8000.hdf5	both	none
2149.2735	1	Stimulus/S  1	1	21492735	21492743	95	5	30	pips_40_500-8000.hdf5	both	none
2150.3402	1	Stimulus/S  1	1	21503402	21503410	96	0	20	pips_40_500-8000.hdf5	both	none
2151.4068	1	Stimulus/S  1	1	21514068	21514076	96	1	40	pips_40_500-8000.hdf5	both	none
2152.4735	1	Stimulus/S  1	1	21524735	21524743	96	2	60	pips_40_500-8000.hdf5	both	none
2153.5402	1	Stimulus/S  1	1	21535402	21535410	96	3	70	pips_40_500-8000.hdf5	both	none
2154.6069	1	Stimulus/S  1	1	21546069	21546077	96	4	50	pips_40_500-8000.hdf5	both	none
2155.6522	1	Stimulus/S  1	1	21556522	21556530	96	5	30	pips_40_500-8000.hdf5	both	none
2156.6976	1	Stimulus/S  1	1	21566976	21566984	97	0	20	pips_40_500-8000.hdf5	both	none
2157.7536	1	Stimulus/S  1	1	21577536	21577544	97	1	40	pips_40_500-8000.hdf5	both	none
2158.8202	1	Stimulus/S  1	1	21588202	21588210	97	2	60	pips_40_500-8000.hdf5	both	none
2159.8869	1	Stimulus/S  1	1	21598869	21598877	97	3	70	pips_40_500-8000.hdf5	both	none
2160.9536	1	Stimulus/S  1	1	21609536	21609544	97	4	50	pips_40_500-8000.hdf5	both	none
2162.0203	1	Stimulus/S  1	1	21620203	21620211	97	5	30	pips_40_500-8000.hdf5	both	none
2163.0869	1	Stimulus/S  1	1	21630869	21630877	98	0	20	pips_40_500-8000.hdf5	both	none
2164.1536	1	Stimulus/S  1	1	21641536	21641544	98	1	40	pips_40_500-8000.hdf5	both	none
2165.199	1	Stimulus/S  1	1	21651990	21651998	98	2	60	pips_40_500-8000.hdf5	both	none
2166.255	1	Stimulus/S  1	1	21662550	21662558	98	3	70	pips_40_500-8000.hdf5	both	none
2167.3003	1	Stimulus/S  1	1	21673003	21673011	98	4	50	pips_40_500-8000.hdf5	both	none
2168.367	1	Stimulus/S  1	1	21683670	21683678	98	5	30	pips_40_500-8000.hdf5	both	none
2169.4337	1	Stimulus/S  1	1	21694337	21694345	99	0	20	pips_40_500-8000.hdf5	both	none
2170.5004	1	Stimulus/S  1	1	21705004	21705012	99	1	40	pips_40_500-8000.hdf5	both	none
2171.5564	1	Stimulus/S  1	1	21715564	21715572	99	2	60	pips_40_500-8000.hdf5	both	none
2172.6017	1	Stimulus/S  1	1	21726017	21726025	99	3	70	pips_40_500-8000.hdf5	both	none
2173.6577	1	Stimulus/S  1	1	21736577	21736585	99	4	50	pips_40_500-8000.hdf5	both	none
2174.7244	1	Stimulus/S  1	1	21747244	21747252	99	5	30	pips_40_500-8000.hdf5	both	none
2175.7697	1	Stimulus/S  1	1	21757697	21757705	100	0	20	pips_40_500-8000.hdf5	both	none
2176.8151	1	Stimulus/S  1	1	21768151	21768159	100	1	40	pips_40_500-8000.hdf5	both	none
2177.8711	1	Stimulus/S  1	1	21778711	21778719	100	2	60	pips_40_500-8000.hdf5	both	none
2178.9164	1	Stimulus/S  1	1	21789164	21789172	100	3	70	pips_40_500-8000.hdf5	both	none
2179.9831	1	Stimulus/S  1	1	21799831	21799839	100	4	50	pips_40_500-8000.hdf5	both	none
2181.0498	1	Stimulus/S  1	1	21810498	21810506	100	5	30	pips_40_500-8000.hdf5	both	none
2182.1058	1	Stimulus/S  1	1	21821058	21821066	101	0	20	pips_40_500-8000.hdf5	both	none
2183.1511	1	Stimulus/S  1	1	21831511	21831519	101	1	40	pips_40_500-8000.hdf5	both	none
2184.2072	1	Stimulus/S  1	1	21842072	21842080	101	2	60	pips_40_500-8000.hdf5	both	none
2185.2738	1	Stimulus/S  1	1	21852738	21852746	101	3	70	pips_40_500-8000.hdf5	both	none
2186.3192	1	Stimulus/S  1	1	21863192	21863200	101	4	50	pips_40_500-8000.hdf5	both	none
2187.3752	1	Stimulus/S  1	1	21873752	21873760	101	5	30	pips_40_500-8000.hdf5	both	none
2188.4205	1	Stimulus/S  1	1	21884205	21884213	102	0	20	pips_40_500-8000.hdf5	both	none
2189.4659	1	Stimulus/S  1	1	21894659	21894667	102	1	40	pips_40_500-8000.hdf5	both	none
2190.5326	1	Stimulus/S  1	1	21905326	21905334	102	2	60	pips_40_500-8000.hdf5	both	none
2191.5992	1	Stimulus/S  1	1	21915992	21916000	102	3	70	pips_40_500-8000.hdf5	both	none
2192.6552	1	Stimulus/S  1	1	21926552	21926560	102	4	50	pips_40_500-8000.hdf5	both	none
2193.7219	1	Stimulus/S  1	1	21937219	21937227	102	5	30	pips_40_500-8000.hdf5	both	none
2194.7886	1	Stimulus/S  1	1	21947886	21947894	103	0	20	pips_40_500-8000.hdf5	both	none
2195.8553	1	Stimulus/S  1	1	21958553	21958561	103	1	40	pips_40_500-8000.hdf5	both	none
2196.9006	1	Stimulus/S  1	1	21969006	21969014	103	2	60	pips_40_500-8000.hdf5	both	none
2197.9566	1	Stimulus/S  1	1	21979566	21979574	103	3	70	pips_40_500-8000.hdf5	both	none
2199.0233	1	Stimulus/S  1	1	21990233	21990241	103	4	50	pips_40_500-8000.hdf5	both	none
2200.09	1	Stimulus/S  1	1	22000900	22000908	103	5	30	pips_40_500-8000.hdf5	both	none
2201.1567	1	Stimulus/S  1	1	22011567	22011575	104	0	20	pips_40_500-8000.hdf5	both	none
2202.202	1	Stimulus/S  1	1	22022020	22022028	104	1	40	pips_40_500-8000.hdf5	both	none
2203.258	1	Stimulus/S  1	1	22032580	22032588	104	2	60	pips_40_500-8000.hdf5	both	none
2204.3247	1	Stimulus/S  1	1	22043247	22043255	104	3	70	pips_40_500-8000.hdf5	both	none
2205.3914	1	Stimulus/S  1	1	22053914	22053922	104	4	50	pips_40_500-8000.hdf5	both	none
2206.4367	1	Stimulus/S  1	1	22064367	22064375	104	5	30	pips_40_500-8000.hdf5	both	none
2207.4927	1	Stimulus/S  1	1	22074927	22074935	105	0	20	pips_40_500-8000.hdf5	both	none
2208.5487	1	Stimulus/S  1	1	22085487	22085495	105	1	40	pips_40_500-8000.hdf5	both	none
2209.6154	1	Stimulus/S  1	1	22096154	22096162	105	2	60	pips_40_500-8000.hdf5	both	none
2210.6714	1	Stimulus/S  1	1	22106714	22106722	105	3	70	pips_40_500-8000.hdf5	both	none
2211.7168	1	Stimulus/S  1	1	22117168	22117176	105	4	50	pips_40_500-8000.hdf5	both	none
2212.7728	1	Stimulus/S  1	1	22127728	22127736	105	5	30	pips_40_500-8000.hdf5	both	none
2213.8181	1	Stimulus/S  1	1	22138181	22138189	106	0	20	pips_40_500-8000.hdf5	both	none
2214.8848	1	Stimulus/S  1	1	22148848	22148856	106	1	40	pips_40_500-8000.hdf5	both	none
2215.9408	1	Stimulus/S  1	1	22159408	22159416	106	2	60	pips_40_500-8000.hdf5	both	none
2216.9861	1	Stimulus/S  1	1	22169861	22169869	106	3	70	pips_40_500-8000.hdf5	both	none
2218.0422	1	Stimulus/S  1	1	22180422	22180430	106	4	50	pips_40_500-8000.hdf5	both	none
2219.0875	1	Stimulus/S  1	1	22190875	22190883	106	5	30	pips_40_500-8000.hdf5	both	none
2220.1542	1	Stimulus/S  1	1	22201542	22201550	107	0	20	pips_40_500-8000.hdf5	both	none
2221.2209	1	Stimulus/S  1	1	22212209	22212217	107	1	40	pips_40_500-8000.hdf5	both	none
2222.2875	1	Stimulus/S  1	1	22222875	22222883	107	2	60	pips_40_500-8000.hdf5	both	none
2223.3329	1	Stimulus/S  1	1	22233329	22233337	107	3	70	pips_40_500-8000.hdf5	both	none
2224.3889	1	Stimulus/S  1	1	22243889	22243897	107	4	50	pips_40_500-8000.hdf5	both	none
2225.4342	1	Stimulus/S  1	1	22254342	22254350	107	5	30	pips_40_500-8000.hdf5	both	none
2226.4902	1	Stimulus/S  1	1	22264902	22264910	108	0	20	pips_40_500-8000.hdf5	both	none
2227.5356	1	Stimulus/S  1	1	22275356	22275364	108	1	40	pips_40_500-8000.hdf5	both	none
2228.6023	1	Stimulus/S  1	1	22286023	22286031	108	2	60	pips_40_500-8000.hdf5	both	none
2229.6689	1	Stimulus/S  1	1	22296689	22296697	108	3	70	pips_40_500-8000.hdf5	both	none
2230.7356	1	Stimulus/S  1	1	22307356	22307364	108	4	50	pips_40_500-8000.hdf5	both	none
2231.7916	1	Stimulus/S  1	1	22317916	22317924	108	5	30	pips_40_500-8000.hdf5	both	none
2232.837	1	Stimulus/S  1	1	22328370	22328378	109	0	20	pips_40_500-8000.hdf5	both	none
2233.9037	1	Stimulus/S  1	1	22339037	22339045	109	1	40	pips_40_500-8000.hdf5	both	none
2234.9703	1	Stimulus/S  1	1	22349703	22349711	109	2	60	pips_40_500-8000.hdf5	both	none
2236.037	1	Stimulus/S  1	1	22360370	22360378	109	3	70	pips_40_500-8000.hdf5	both	none
2237.1037	1	Stimulus/S  1	1	22371037	22371045	109	4	50	pips_40_500-8000.hdf5	both	none
2238.1704	1	Stimulus/S  1	1	22381704	22381712	109	5	30	pips_40_500-8000.hdf5	both	none
2239.2264	1	Stimulus/S  1	1	22392264	22392272	110	0	20	pips_40_500-8000.hdf5	both	none
2240.2717	1	Stimulus/S  1	1	22402717	22402725	110	1	40	pips_40_500-8000.hdf5	both	none
2241.3384	1	Stimulus/S  1	1	22413384	22413392	110	2	60	pips_40_500-8000.hdf5	both	none
2242.4051	1	Stimulus/S  1	1	22424051	22424059	110	3	70	pips_40_500-8000.hdf5	both	none
2243.4717	1	Stimulus/S  1	1	22434717	22434725	110	4	50	pips_40_500-8000.hdf5	both	none
2244.5384	1	Stimulus/S  1	1	22445384	22445392	110	5	30	pips_40_500-8000.hdf5	both	none
2245.5838	1	Stimulus/S  1	1	22455838	22455846	111	0	20	pips_40_500-8000.hdf5	both	none
2246.6504	1	Stimulus/S  1	1	22466504	22466512	111	1	40	pips_40_500-8000.hdf5	both	none
2247.7171	1	Stimulus/S  1	1	22477171	22477179	111	2	60	pips_40_500-8000.hdf5	both	none
2248.7731	1	Stimulus/S  1	1	22487731	22487739	111	3	70	pips_40_500-8000.hdf5	both	none
2249.8185	1	Stimulus/S  1	1	22498185	22498193	111	4	50	pips_40_500-8000.hdf5	both	none
2250.8745	1	Stimulus/S  1	1	22508745	22508753	111	5	30	pips_40_500-8000.hdf5	both	none
2251.9198	1	Stimulus/S  1	1	22519198	22519206	112	0	20	pips_40_500-8000.hdf5	both	none
2252.9865	1	Stimulus/S  1	1	22529865	22529873	112	1	40	pips_40_500-8000.hdf5	both	none
2254.0532	1	Stimulus/S  1	1	22540532	22540540	112	2	60	pips_40_500-8000.hdf5	both	none
2255.1199	1	Stimulus/S  1	1	22551199	22551207	112	3	70	pips_40_500-8000.hdf5	both	none
2256.1759	1	Stimulus/S  1	1	22561759	22561767	112	4	50	pips_40_500-8000.hdf5	both	none
2257.2212	1	Stimulus/S  1	1	22572212	22572220	112	5	30	pips_40_500-8000.hdf5	both	none
2258.2666	1	Stimulus/S  1	1	22582666	22582674	113	0	20	pips_40_500-8000.hdf5	both	none
2259.3332	1	Stimulus/S  1	1	22593332	22593340	113	1	40	pips_40_500-8000.hdf5	both	none
2260.3999	1	Stimulus/S  1	1	22603999	22604007	113	2	60	pips_40_500-8000.hdf5	both	none
2261.4666	1	Stimulus/S  1	1	22614666	22614674	113	3	70	pips_40_500-8000.hdf5	both	none
2262.5333	1	Stimulus/S  1	1	22625333	22625341	113	4	50	pips_40_500-8000.hdf5	both	none
2263.5999	1	Stimulus/S  1	1	22635999	22636007	113	5	30	pips_40_500-8000.hdf5	both	none
2264.6666	1	Stimulus/S  1	1	22646666	22646674	114	0	20	pips_40_500-8000.hdf5	both	none
2265.7226	1	Stimulus/S  1	1	22657226	22657234	114	1	40	pips_40_500-8000.hdf5	both	none
2266.768	1	Stimulus/S  1	1	22667680	22667688	114	2	60	pips_40_500-8000.hdf5	both	none
2267.824	1	Stimulus/S  1	1	22678240	22678248	114	3	70	pips_40_500-8000.hdf5	both	none
2268.8693	1	Stimulus/S  1	1	22688693	22688701	114	4	50	pips_40_500-8000.hdf5	both	none
2269.936	1	Stimulus/S  1	1	22699360	22699368	114	5	30	pips_40_500-8000.hdf5	both	none
2271.0027	1	Stimulus/S  1	1	22710027	22710035	115	0	20	pips_40_500-8000.hdf5	both	none
2272.0694	1	Stimulus/S  1	1	22720694	22720702	115	1	40	pips_40_500-8000.hdf5	both	none
2273.136	1	Stimulus/S  1	1	22731360	22731368	115	2	60	pips_40_500-8000.hdf5	both	none
2274.2027	1	Stimulus/S  1	1	22742027	22742035	115	3	70	pips_40_500-8000.hdf5	both	none
2275.2694	1	Stimulus/S  1	1	22752694	22752702	115	4	50	pips_40_500-8000.hdf5	both	none
2276.3254	1	Stimulus/S  1	1	22763254	22763262	115	5	30	pips_40_500-8000.hdf5	both	none
2277.3707	1	Stimulus/S  1	1	22773707	22773715	116	0	20	pips_40_500-8000.hdf5	both	none
2278.4268	1	Stimulus/S  1	1	22784268	22784276	116	1	40	pips_40_500-8000.hdf5	both	none
2279.4934	1	Stimulus/S  1	1	22794934	22794942	116	2	60	pips_40_500-8000.hdf5	both	none
2280.5601	1	Stimulus/S  1	1	22805601	22805609	116	3	70	pips_40_500-8000.hdf5	both	none
2281.6055	1	Stimulus/S  1	1	22816055	22816063	116	4	50	pips_40_500-8000.hdf5	both	none
2282.6508	1	Stimulus/S  1	1	22826508	22826516	116	5	30	pips_40_500-8000.hdf5	both	none
2283.7175	1	Stimulus/S  1	1	22837175	22837183	117	0	20	pips_40_500-8000.hdf5	both	none
2284.7842	1	Stimulus/S  1	1	22847842	22847850	117	1	40	pips_40_500-8000.hdf5	both	none
2285.8508	1	Stimulus/S  1	1	22858508	22858516	117	2	60	pips_40_500-8000.hdf5	both	none
2286.9068	1	Stimulus/S  1	1	22869068	22869076	117	3	70	pips_40_500-8000.hdf5	both	none
2287.9522	1	Stimulus/S  1	1	22879522	22879530	117	4	50	pips_40_500-8000.hdf5	both	none
2289.0189	1	Stimulus/S  1	1	22890189	22890197	117	5	30	pips_40_500-8000.hdf5	both	none
2290.0855	1	Stimulus/S  1	1	22900855	22900863	118	0	20	pips_40_500-8000.hdf5	both	none
2291.1522	1	Stimulus/S  1	1	22911522	22911530	118	1	40	pips_40_500-8000.hdf5	both	none
2292.2082	1	Stimulus/S  1	1	22922082	22922090	118	2	60	pips_40_500-8000.hdf5	both	none
2293.2536	1	Stimulus/S  1	1	22932536	22932544	118	3	70	pips_40_500-8000.hdf5	both	none
2294.3096	1	Stimulus/S  1	1	22943096	22943104	118	4	50	pips_40_500-8000.hdf5	both	none
2295.3763	1	Stimulus/S  1	1	22953763	22953771	118	5	30	pips_40_500-8000.hdf5	both	none
2296.4429	1	Stimulus/S  1	1	22964429	22964437	119	0	20	pips_40_500-8000.hdf5	both	none
2297.4883	1	Stimulus/S  1	1	22974883	22974891	119	1	40	pips_40_500-8000.hdf5	both	none
2298.5443	1	Stimulus/S  1	1	22985443	22985451	119	2	60	pips_40_500-8000.hdf5	both	none
2299.5896	1	Stimulus/S  1	1	22995896	22995904	119	3	70	pips_40_500-8000.hdf5	both	none
2300.635	1	Stimulus/S  1	1	23006350	23006358	119	4	50	pips_40_500-8000.hdf5	both	none
2301.7017	1	Stimulus/S  1	1	23017017	23017025	119	5	30	pips_40_500-8000.hdf5	both	none
2302.7683	1	Stimulus/S  1	1	23027683	23027691	0	0	20	pips_40_500-8000.hdf5	both	none
2303.835	1	Stimulus/S  1	1	23038350	23038358	0	1	40	pips_40_500-8000.hdf5	both	none
2304.891	1	Stimulus/S  1	1	23048910	23048918	0	2	60	pips_40_500-8000.hdf5	both	none
2305.9364	1	Stimulus/S  1	1	23059364	23059372	0	3	70	pips_40_500-8000.hdf5	both	none
2306.9924	1	Stimulus/S  1	1	23069924	23069932	0	4	50	pips_40_500-8000.hdf5	both	none
2308.0591	1	Stimulus/S  1	1	23080591	23080599	0	5	30	pips_40_500-8000.hdf5	both	none
2309.1257	1	Stimulus/S  1	1	23091257	23091265	1	0	20	pips_40_500-8000.hdf5	both	none
2310.1711	1	Stimulus/S  1	1	23101711	23101719	1	1	40	pips_40_500-8000.hdf5	both	none
2311.2271	1	Stimulus/S  1	1	23112271	23112279	1	2	60	pips_40_500-8000.hdf5	both	none
2312.2938	1	Stimulus/S  1	1	23122938	23122946	1	3	70	pips_40_500-8000.hdf5	both	none
2313.3604	1	Stimulus/S  1	1	23133604	23133612	1	4	50	pips_40_500-8000.hdf5	both	none
2314.4058	1	Stimulus/S  1	1	23144058	23144066	1	5	30	pips_40_500-8000.hdf5	both	none
2315.4511	1	Stimulus/S  1	1	23154511	23154519	2	0	20	pips_40_500-8000.hdf5	both	none
2316.5178	1	Stimulus/S  1	1	23165178	23165186	2	1	40	pips_40_500-8000.hdf5	both	none
2317.5845	1	Stimulus/S  1	1	23175845	23175853	2	2	60	pips_40_500-8000.hdf5	both	none
2318.6405	1	Stimulus/S  1	1	23186405	23186413	2	3	70	pips_40_500-8000.hdf5	both	none
2319.6858	1	Stimulus/S  1	1	23196858	23196866	2	4	50	pips_40_500-8000.hdf5	both	none
2320.7418	1	Stimulus/S  1	1	23207418	23207426	2	5	30	pips_40_500-8000.hdf5	both	none
2321.8085	1	Stimulus/S  1	1	23218085	23218093	3	0	20	pips_40_500-8000.hdf5	both	none
2322.8752	1	Stimulus/S  1	1	23228752	23228760	3	1	40	pips_40_500-8000.hdf5	both	none
2323.9419	1	Stimulus/S  1	1	23239419	23239427	3	2	60	pips_40_500-8000.hdf5	both	none
2325.0086	1	Stimulus/S  1	1	23250086	23250094	3	3	70	pips_40_500-8000.hdf5	both	none
2326.0539	1	Stimulus/S  1	1	23260539	23260547	3	4	50	pips_40_500-8000.hdf5	both	none
2327.1206	1	Stimulus/S  1	1	23271206	23271214	3	5	30	pips_40_500-8000.hdf5	both	none
2328.1766	1	Stimulus/S  1	1	23281766	23281774	4	0	20	pips_40_500-8000.hdf5	both	none
2329.2219	1	Stimulus/S  1	1	23292219	23292227	4	1	40	pips_40_500-8000.hdf5	both	none
2330.2886	1	Stimulus/S  1	1	23302886	23302894	4	2	60	pips_40_500-8000.hdf5	both	none
2331.3446	1	Stimulus/S  1	1	23313446	23313454	4	3	70	pips_40_500-8000.hdf5	both	none
2332.39	1	Stimulus/S  1	1	23323900	23323908	4	4	50	pips_40_500-8000.hdf5	both	none
2333.4566	1	Stimulus/S  1	1	23334566	23334574	4	5	30	pips_40_500-8000.hdf5	both	none
2334.5233	1	Stimulus/S  1	1	23345233	23345241	5	0	20	pips_40_500-8000.hdf5	both	none
2335.5687	1	Stimulus/S  1	1	23355687	23355695	5	1	40	pips_40_500-8000.hdf5	both	none
2336.6247	1	Stimulus/S  1	1	23366247	23366255	5	2	60	pips_40_500-8000.hdf5	both	none
2337.6913	1	Stimulus/S  1	1	23376913	23376921	5	3	70	pips_40_500-8000.hdf5	both	none
2338.758	1	Stimulus/S  1	1	23387580	23387588	5	4	50	pips_40_500-8000.hdf5	both	none
2339.8247	1	Stimulus/S  1	1	23398247	23398255	5	5	30	pips_40_500-8000.hdf5	both	none
2340.87	1	Stimulus/S  1	1	23408700	23408708	6	0	20	pips_40_500-8000.hdf5	both	none
2341.9261	1	Stimulus/S  1	1	23419261	23419269	6	1	40	pips_40_500-8000.hdf5	both	none
2342.9927	1	Stimulus/S  1	1	23429927	23429935	6	2	60	pips_40_500-8000.hdf5	both	none
2344.0381	1	Stimulus/S  1	1	23440381	23440389	6	3	70	pips_40_500-8000.hdf5	both	none
2345.0941	1	Stimulus/S  1	1	23450941	23450949	6	4	50	pips_40_500-8000.hdf5	both	none
2346.1608	1	Stimulus/S  1	1	23461608	23461616	6	5	30	pips_40_500-8000.hdf5	both	none
2347.2274	1	Stimulus/S  1	1	23472274	23472282	7	0	20	pips_40_500-8000.hdf5	both	none
2348.2728	1	Stimulus/S  1	1	23482728	23482736	7	1	40	pips_40_500-8000.hdf5	both	none
2349.3181	1	Stimulus/S  1	1	23493181	23493189	7	2	60	pips_40_500-8000.hdf5	both	none
2350.3848	1	Stimulus/S  1	1	23503848	23503856	7	3	70	pips_40_500-8000.hdf5	both	none
2351.4515	1	Stimulus/S  1	1	23514515	23514523	7	4	50	pips_40_500-8000.hdf5	both	none
2352.5075	1	Stimulus/S  1	1	23525075	23525083	7	5	30	pips_40_500-8000.hdf5	both	none
2353.5528	1	Stimulus/S  1	1	23535528	23535536	8	0	20	pips_40_500-8000.hdf5	both	none
2354.6195	1	Stimulus/S  1	1	23546195	23546203	8	1	40	pips_40_500-8000.hdf5	both	none
2355.6862	1	Stimulus/S  1	1	23556862	23556870	8	2	60	pips_40_500-8000.hdf5	both	none
2356.7422	1	Stimulus/S  1	1	23567422	23567430	8	3	70	pips_40_500-8000.hdf5	both	none
2357.7875	1	Stimulus/S  1	1	23577875	23577883	8	4	50	pips_40_500-8000.hdf5	both	none
2358.8436	1	Stimulus/S  1	1	23588436	23588444	8	5	30	pips_40_500-8000.hdf5	both	none
2359.9102	1	Stimulus/S  1	1	23599102	23599110	9	0	20	pips_40_500-8000.hdf5	both	none
2360.9769	1	Stimulus/S  1	1	23609769	23609777	9	1	40	pips_40_500-8000.hdf5	both	none
2362.0223	1	Stimulus/S  1	1	23620223	23620231	9	2	60	pips_40_500-8000.hdf5	both	none
2363.0783	1	Stimulus/S  1	1	23630783	23630791	9	3	70	pips_40_500-8000.hdf5	both	none
2364.1343	1	Stimulus/S  1	1	23641343	23641351	9	4	50	pips_40_500-8000.hdf5	both	none
2365.2116	1	Stimulus/S  1	1	23652116	23652124	9	5	30	pips_40_500-8000.hdf5	both	none
2366.2783	1	Stimulus/S  1	1	23662783	23662791	10	0	20	pips_40_500-8000.hdf5	both	none
2367.3236	1	Stimulus/S  1	1	23673236	23673244	10	1	40	pips_40_500-8000.hdf5	both	none
2368.369	1	Stimulus/S  1	1	23683690	23683698	10	2	60	pips_40_500-8000.hdf5	both	none
2369.425	1	Stimulus/S  1	1	23694250	23694258	10	3	70	pips_40_500-8000.hdf5	both	none
2370.4703	1	Stimulus/S  1	1	23704703	23704711	10	4	50	pips_40_500-8000.hdf5	both	none
2371.537	1	Stimulus/S  1	1	23715370	23715378	10	5	30	pips_40_500-8000.hdf5	both	none
2372.6037	1	Stimulus/S  1	1	23726037	23726045	11	0	20	pips_40_500-8000.hdf5	both	none
2373.6597	1	Stimulus/S  1	1	23736597	23736605	11	1	40	pips_40_500-8000.hdf5	both	none
2374.7264	1	Stimulus/S  1	1	23747264	23747272	11	2	60	pips_40_500-8000.hdf5	both	none
2375.7931	1	Stimulus/S  1	1	23757931	23757939	11	3	70	pips_40_500-8000.hdf5	both	none
2376.8597	1	Stimulus/S  1	1	23768597	23768605	11	4	50	pips_40_500-8000.hdf5	both	none
2377.9051	1	Stimulus/S  1	1	23779051	23779059	11	5	30	pips_40_500-8000.hdf5	both	none
2378.9611	1	Stimulus/S  1	1	23789611	23789619	12	0	20	pips_40_500-8000.hdf5	both	none
2380.0278	1	Stimulus/S  1	1	23800278	23800286	12	1	40	pips_40_500-8000.hdf5	both	none
2381.0944	1	Stimulus/S  1	1	23810944	23810952	12	2	60	pips_40_500-8000.hdf5	both	none
2382.1398	1	Stimulus/S  1	1	23821398	23821406	12	3	70	pips_40_500-8000.hdf5	both	none
2383.2065	1	Stimulus/S  1	1	23832065	23832073	12	4	50	pips_40_500-8000.hdf5	both	none
2384.2518	1	Stimulus/S  1	1	23842518	23842526	12	5	30	pips_40_500-8000.hdf5	both	none
2385.3078	1	Stimulus/S  1	1	23853078	23853086	13	0	20	pips_40_500-8000.hdf5	both	none
2386.3745	1	Stimulus/S  1	1	23863745	23863753	13	1	40	pips_40_500-8000.hdf5	both	none
2387.4198	1	Stimulus/S  1	1	23874198	23874206	13	2	60	pips_40_500-8000.hdf5	both	none
2388.4758	1	Stimulus/S  1	1	23884758	23884766	13	3	70	pips_40_500-8000.hdf5	both	none
2389.5425	1	Stimulus/S  1	1	23895425	23895433	13	4	50	pips_40_500-8000.hdf5	both	none
2390.6092	1	Stimulus/S  1	1	23906092	23906100	13	5	30	pips_40_500-8000.hdf5	both	none
2391.6545	1	Stimulus/S  1	1	23916545	23916553	14	0	20	pips_40_500-8000.hdf5	both	none
2392.7106	1	Stimulus/S  1	1	23927106	23927114	14	1	40	pips_40_500-8000.hdf5	both	none
2393.7772	1	Stimulus/S  1	1	23937772	23937780	14	2	60	pips_40_500-8000.hdf5	both	none
2394.8439	1	Stimulus/S  1	1	23948439	23948447	14	3	70	pips_40_500-8000.hdf5	both	none
2395.9106	1	Stimulus/S  1	1	23959106	23959114	14	4	50	pips_40_500-8000.hdf5	both	none
2396.9559	1	Stimulus/S  1	1	23969559	23969567	14	5	30	pips_40_500-8000.hdf5	both	none
2398.0119	1	Stimulus/S  1	1	23980119	23980127	15	0	20	pips_40_500-8000.hdf5	both	none
2399.0573	1	Stimulus/S  1	1	23990573	23990581	15	1	40	pips_40_500-8000.hdf5	both	none
2400.124	1	Stimulus/S  1	1	24001240	24001248	15	2	60	pips_40_500-8000.hdf5	both	none
2401.1906	1	Stimulus/S  1	1	24011906	24011914	15	3	70	pips_40_500-8000.hdf5	both	none
2402.2573	1	Stimulus/S  1	1	24022573	24022581	15	4	50	pips_40_500-8000.hdf5	both	none
2403.3027	1	Stimulus/S  1	1	24033027	24033035	15	5	30	pips_40_500-8000.hdf5	both	none
2404.3587	1	Stimulus/S  1	1	24043587	24043595	16	0	20	pips_40_500-8000.hdf5	both	none
2405.4253	1	Stimulus/S  1	1	24054253	24054261	16	1	40	pips_40_500-8000.hdf5	both	none
2406.492	1	Stimulus/S  1	1	24064920	24064928	16	2	60	pips_40_500-8000.hdf5	both	none
2407.5587	1	Stimulus/S  1	1	24075587	24075595	16	3	70	pips_40_500-8000.hdf5	both	none
2408.6254	1	Stimulus/S  1	1	24086254	24086262	16	4	50	pips_40_500-8000.hdf5	both	none
2409.6707	1	Stimulus/S  1	1	24096707	24096715	16	5	30	pips_40_500-8000.hdf5	both	none
2410.7267	1	Stimulus/S  1	1	24107267	24107275	17	0	20	pips_40_500-8000.hdf5	both	none
2411.7934	1	Stimulus/S  1	1	24117934	24117942	17	1	40	pips_40_500-8000.hdf5	both	none
2412.8388	1	Stimulus/S  1	1	24128388	24128396	17	2	60	pips_40_500-8000.hdf5	both	none
2413.8948	1	Stimulus/S  1	1	24138948	24138956	17	3	70	pips_40_500-8000.hdf5	both	none
2414.9614	1	Stimulus/S  1	1	24149614	24149622	17	4	50	pips_40_500-8000.hdf5	both	none
2416.0068	1	Stimulus/S  1	1	24160068	24160076	17	5	30	pips_40_500-8000.hdf5	both	none
2417.0628	1	Stimulus/S  1	1	24170628	24170636	18	0	20	pips_40_500-8000.hdf5	both	none
2418.1188	1	Stimulus/S  1	1	24181188	24181196	18	1	40	pips_40_500-8000.hdf5	both	none
2419.1962	1	Stimulus/S  1	1	24191962	24191970	18	2	60	pips_40_500-8000.hdf5	both	none
2420.2415	1	Stimulus/S  1	1	24202415	24202423	18	3	70	pips_40_500-8000.hdf5	both	none
2421.2868	1	Stimulus/S  1	1	24212868	24212876	18	4	50	pips_40_500-8000.hdf5	both	none
2422.3535	1	Stimulus/S  1	1	24223535	24223543	18	5	30	pips_40_500-8000.hdf5	both	none
2423.4095	1	Stimulus/S  1	1	24234095	24234103	19	0	20	pips_40_500-8000.hdf5	both	none
2424.4549	1	Stimulus/S  1	1	24244549	24244557	19	1	40	pips_40_500-8000.hdf5	both	none
2425.5215	1	Stimulus/S  1	1	24255215	24255223	19	2	60	pips_40_500-8000.hdf5	both	none
2426.5776	1	Stimulus/S  1	1	24265776	24265784	19	3	70	pips_40_500-8000.hdf5	both	none
2427.6229	1	Stimulus/S  1	1	24276229	24276237	19	4	50	pips_40_500-8000.hdf5	both	none
2428.6896	1	Stimulus/S  1	1	24286896	24286904	19	5	30	pips_40_500-8000.hdf5	both	none
2429.7456	1	Stimulus/S  1	1	24297456	24297464	20	0	20	pips_40_500-8000.hdf5	both	none
2430.7909	1	Stimulus/S  1	1	24307909	24307917	20	1	40	pips_40_500-8000.hdf5	both	none
2431.8363	1	Stimulus/S  1	1	24318363	24318371	20	2	60	pips_40_500-8000.hdf5	both	none
2432.8923	1	Stimulus/S  1	1	24328923	24328931	20	3	70	pips_40_500-8000.hdf5	both	none
2433.9376	1	Stimulus/S  1	1	24339376	24339384	20	4	50	pips_40_500-8000.hdf5	both	none
2434.9936	1	Stimulus/S  1	1	24349936	24349944	20	5	30	pips_40_500-8000.hdf5	both	none
2436.0603	1	Stimulus/S  1	1	24360603	24360611	21	0	20	pips_40_500-8000.hdf5	both	none
2437.1057	1	Stimulus/S  1	1	24371057	24371065	21	1	40	pips_40_500-8000.hdf5	both	none
2438.1617	1	Stimulus/S  1	1	24381617	24381625	21	2	60	pips_40_500-8000.hdf5	both	none
2439.2283	1	Stimulus/S  1	1	24392283	24392291	21	3	70	pips_40_500-8000.hdf5	both	none
2440.2737	1	Stimulus/S  1	1	24402737	24402745	21	4	50	pips_40_500-8000.hdf5	both	none
2441.319	1	Stimulus/S  1	1	24413190	24413198	21	5	30	pips_40_500-8000.hdf5	both	none
2442.3964	1	Stimulus/S  1	1	24423964	24423972	22	0	20	pips_40_500-8000.hdf5	both	none
2443.4417	1	Stimulus/S  1	1	24434417	24434425	22	1	40	pips_40_500-8000.hdf5	both	none
2444.5084	1	Stimulus/S  1	1	24445084	24445092	22	2	60	pips_40_500-8000.hdf5	both	none
2445.5751	1	Stimulus/S  1	1	24455751	24455759	22	3	70	pips_40_500-8000.hdf5	both	none
2446.6204	1	Stimulus/S  1	1	24466204	24466212	22	4	50	pips_40_500-8000.hdf5	both	none
2447.6764	1	Stimulus/S  1	1	24476764	24476772	22	5	30	pips_40_500-8000.hdf5	both	none
2448.7431	1	Stimulus/S  1	1	24487431	24487439	23	0	20	pips_40_500-8000.hdf5	both	none
2449.8098	1	Stimulus/S  1	1	24498098	24498106	23	1	40	pips_40_500-8000.hdf5	both	none
2450.8551	1	Stimulus/S  1	1	24508551	24508559	23	2	60	pips_40_500-8000.hdf5	both	none
2451.9111	1	Stimulus/S  1	1	24519111	24519119	23	3	70	pips_40_500-8000.hdf5	both	none
2452.9565	1	Stimulus/S  1	1	24529565	24529573	23	4	50	pips_40_500-8000.hdf5	both	none
2454.0125	1	Stimulus/S  1	1	24540125	24540133	23	5	30	pips_40_500-8000.hdf5	both	none
2455.0792	1	Stimulus/S  1	1	24550792	24550800	24	0	20	pips_40_500-8000.hdf5	both	none
2456.1458	1	Stimulus/S  1	1	24561458	24561466	24	1	40	pips_40_500-8000.hdf5	both	none
2457.1912	1	Stimulus/S  1	1	24571912	24571920	24	2	60	pips_40_500-8000.hdf5	both	none
2458.2365	1	Stimulus/S  1	1	24582365	24582373	24	3	70	pips_40_500-8000.hdf5	both	none
2459.3032	1	Stimulus/S  1	1	24593032	24593040	24	4	50	pips_40_500-8000.hdf5	both	none
2460.3592	1	Stimulus/S  1	1	24603592	24603600	24	5	30	pips_40_500-8000.hdf5	both	none
2461.4046	1	Stimulus/S  1	1	24614046	24614054	25	0	20	pips_40_500-8000.hdf5	both	none
2462.4712	1	Stimulus/S  1	1	24624712	24624720	25	1	40	pips_40_500-8000.hdf5	both	none
2463.5273	1	Stimulus/S  1	1	24635273	24635281	25	2	60	pips_40_500-8000.hdf5	both	none
2464.5939	1	Stimulus/S  1	1	24645939	24645947	25	3	70	pips_40_500-8000.hdf5	both	none
2465.6393	1	Stimulus/S  1	1	24656393	24656401	25	4	50	pips_40_500-8000.hdf5	both	none
2466.6953	1	Stimulus/S  1	1	24666953	24666961	25	5	30	pips_40_500-8000.hdf5	both	none
2467.7406	1	Stimulus/S  1	1	24677406	24677414	26	0	20	pips_40_500-8000.hdf5	both	none
2468.7966	1	Stimulus/S  1	1	24687966	24687974	26	1	40	pips_40_500-8000.hdf5	both	none
2469.842	1	Stimulus/S  1	1	24698420	24698428	26	2	60	pips_40_500-8000.hdf5	both	none
2470.8873	1	Stimulus/S  1	1	24708873	24708881	26	3	70	pips_40_500-8000.hdf5	both	none
2471.9433	1	Stimulus/S  1	1	24719433	24719441	26	4	50	pips_40_500-8000.hdf5	both	none
2473.01	1	Stimulus/S  1	1	24730100	24730108	26	5	30	pips_40_500-8000.hdf5	both	none
2474.0767	1	Stimulus/S  1	1	24740767	24740775	27	0	20	pips_40_500-8000.hdf5	both	none
2475.1434	1	Stimulus/S  1	1	24751434	24751442	27	1	40	pips_40_500-8000.hdf5	both	none
2476.21	1	Stimulus/S  1	1	24762100	24762108	27	2	60	pips_40_500-8000.hdf5	both	none
2477.2767	1	Stimulus/S  1	1	24772767	24772775	27	3	70	pips_40_500-8000.hdf5	both	none
2478.3221	1	Stimulus/S  1	1	24783221	24783229	27	4	50	pips_40_500-8000.hdf5	both	none
2479.3781	1	Stimulus/S  1	1	24793781	24793789	27	5	30	pips_40_500-8000.hdf5	both	none
2480.4448	1	Stimulus/S  1	1	24804448	24804456	28	0	20	pips_40_500-8000.hdf5	both	none
2481.5114	1	Stimulus/S  1	1	24815114	24815122	28	1	40	pips_40_500-8000.hdf5	both	none
2482.5568	1	Stimulus/S  1	1	24825568	24825576	28	2	60	pips_40_500-8000.hdf5	both	none
2483.6235	1	Stimulus/S  1	1	24836235	24836243	28	3	70	pips_40_500-8000.hdf5	both	none
2484.6795	1	Stimulus/S  1	1	24846795	24846803	28	4	50	pips_40_500-8000.hdf5	both	none
2485.7248	1	Stimulus/S  1	1	24857248	24857256	28	5	30	pips_40_500-8000.hdf5	both	none
2486.7808	1	Stimulus/S  1	1	24867808	24867816	29	0	20	pips_40_500-8000.hdf5	both	none
2487.8262	1	Stimulus/S  1	1	24878262	24878270	29	1	40	pips_40_500-8000.hdf5	both	none
2488.8928	1	Stimulus/S  1	1	24888928	24888936	29	2	60	pips_40_500-8000.hdf5	both	none
2489.9382	1	Stimulus/S  1	1	24899382	24899390	29	3	70	pips_40_500-8000.hdf5	both	none
2490.9942	1	Stimulus/S  1	1	24909942	24909950	29	4	50	pips_40_500-8000.hdf5	both	none
2492.0609	1	Stimulus/S  1	1	24920609	24920617	29	5	30	pips_40_500-8000.hdf5	both	none
2493.1275	1	Stimulus/S  1	1	24931275	24931283	30	0	20	pips_40_500-8000.hdf5	both	none
2494.1942	1	Stimulus/S  1	1	24941942	24941950	30	1	40	pips_40_500-8000.hdf5	both	none
2495.2396	1	Stimulus/S  1	1	24952396	24952404	30	2	60	pips_40_500-8000.hdf5	both	none
2496.2956	1	Stimulus/S  1	1	24962956	24962964	30	3	70	pips_40_500-8000.hdf5	both	none
2497.3623	1	Stimulus/S  1	1	24973623	24973631	30	4	50	pips_40_500-8000.hdf5	both	none
2498.4076	1	Stimulus/S  1	1	24984076	24984084	30	5	30	pips_40_500-8000.hdf5	both	none
2499.4636	1	Stimulus/S  1	1	24994636	24994644	31	0	20	pips_40_500-8000.hdf5	both	none
2500.5303	1	Stimulus/S  1	1	25005303	25005311	31	1	40	pips_40_500-8000.hdf5	both	none
2501.5756	1	Stimulus/S  1	1	25015756	25015764	31	2	60	pips_40_500-8000.hdf5	both	none
2502.621	1	Stimulus/S  1	1	25026210	25026218	31	3	70	pips_40_500-8000.hdf5	both	none
2503.6877	1	Stimulus/S  1	1	25036877	25036885	31	4	50	pips_40_500-8000.hdf5	both	none
2504.7437	1	Stimulus/S  1	1	25047437	25047445	31	5	30	pips_40_500-8000.hdf5	both	none
2505.789	1	Stimulus/S  1	1	25057890	25057898	32	0	20	pips_40_500-8000.hdf5	both	none
2506.8557	1	Stimulus/S  1	1	25068557	25068565	32	1	40	pips_40_500-8000.hdf5	both	none
2507.9117	1	Stimulus/S  1	1	25079117	25079125	32	2	60	pips_40_500-8000.hdf5	both	none
2508.957	1	Stimulus/S  1	1	25089570	25089578	32	3	70	pips_40_500-8000.hdf5	both	none
2510.0237	1	Stimulus/S  1	1	25100237	25100245	32	4	50	pips_40_500-8000.hdf5	both	none
2511.0797	1	Stimulus/S  1	1	25110797	25110805	32	5	30	pips_40_500-8000.hdf5	both	none
2512.1251	1	Stimulus/S  1	1	25121251	25121259	33	0	20	pips_40_500-8000.hdf5	both	none
2513.1917	1	Stimulus/S  1	1	25131917	25131925	33	1	40	pips_40_500-8000.hdf5	both	none
2514.2371	1	Stimulus/S  1	1	25142371	25142379	33	2	60	pips_40_500-8000.hdf5	both	none
2515.2931	1	Stimulus/S  1	1	25152931	25152939	33	3	70	pips_40_500-8000.hdf5	both	none
2516.3598	1	Stimulus/S  1	1	25163598	25163606	33	4	50	pips_40_500-8000.hdf5	both	none
2517.4051	1	Stimulus/S  1	1	25174051	25174059	33	5	30	pips_40_500-8000.hdf5	both	none
2518.4611	1	Stimulus/S  1	1	25184611	25184619	34	0	20	pips_40_500-8000.hdf5	both	none
2519.5278	1	Stimulus/S  1	1	25195278	25195286	34	1	40	pips_40_500-8000.hdf5	both	none
2520.5945	1	Stimulus/S  1	1	25205945	25205953	34	2	60	pips_40_500-8000.hdf5	both	none
2521.6398	1	Stimulus/S  1	1	25216398	25216406	34	3	70	pips_40_500-8000.hdf5	both	none
2522.6958	1	Stimulus/S  1	1	25226958	25226966	34	4	50	pips_40_500-8000.hdf5	both	none
2523.7412	1	Stimulus/S  1	1	25237412	25237420	34	5	30	pips_40_500-8000.hdf5	both	none
2524.7972	1	Stimulus/S  1	1	25247972	25247980	35	0	20	pips_40_500-8000.hdf5	both	none
2525.8639	1	Stimulus/S  1	1	25258639	25258647	35	1	40	pips_40_500-8000.hdf5	both	none
2526.9092	1	Stimulus/S  1	1	25269092	25269100	35	2	60	pips_40_500-8000.hdf5	both	none
2527.9546	1	Stimulus/S  1	1	25279546	25279554	35	3	70	pips_40_500-8000.hdf5	both	none
2529.0212	1	Stimulus/S  1	1	25290212	25290220	35	4	50	pips_40_500-8000.hdf5	both	none
2530.0772	1	Stimulus/S  1	1	25300772	25300780	35	5	30	pips_40_500-8000.hdf5	both	none
2531.1226	1	Stimulus/S  1	1	25311226	25311234	36	0	20	pips_40_500-8000.hdf5	both	none
2532.1786	1	Stimulus/S  1	1	25321786	25321794	36	1	40	pips_40_500-8000.hdf5	both	none
2533.2239	1	Stimulus/S  1	1	25332239	25332247	36	2	60	pips_40_500-8000.hdf5	both	none
2534.2906	1	Stimulus/S  1	1	25342906	25342914	36	3	70	pips_40_500-8000.hdf5	both	none
2535.3466	1	Stimulus/S  1	1	25353466	25353474	36	4	50	pips_40_500-8000.hdf5	both	none
2536.392	1	Stimulus/S  1	1	25363920	25363928	36	5	30	pips_40_500-8000.hdf5	both	none
2537.4587	1	Stimulus/S  1	1	25374587	25374595	37	0	20	pips_40_500-8000.hdf5	both	none
2538.5253	1	Stimulus/S  1	1	25385253	25385261	37	1	40	pips_40_500-8000.hdf5	both	none
2539.5813	1	Stimulus/S  1	1	25395813	25395821	37	2	60	pips_40_500-8000.hdf5	both	none
2540.648	1	Stimulus/S  1	1	25406480	25406488	37	3	70	pips_40_500-8000.hdf5	both	none
2541.7147	1	Stimulus/S  1	1	25417147	25417155	37	4	50	pips_40_500-8000.hdf5	both	none
2542.76	1	Stimulus/S  1	1	25427600	25427608	37	5	30	pips_40_500-8000.hdf5	both	none
2543.8267	1	Stimulus/S  1	1	25438267	25438275	38	0	20	pips_40_500-8000.hdf5	both	none
2544.8934	1	Stimulus/S  1	1	25448934	25448942	38	1	40	pips_40_500-8000.hdf5	both	none
2545.9387	1	Stimulus/S  1	1	25459387	25459395	38	2	60	pips_40_500-8000.hdf5	both	none
2546.9947	1	Stimulus/S  1	1	25469947	25469955	38	3	70	pips_40_500-8000.hdf5	both	none
2548.0614	1	Stimulus/S  1	1	25480614	25480622	38	4	50	pips_40_500-8000.hdf5	both	none
2549.1068	1	Stimulus/S  1	1	25491068	25491076	38	5	30	pips_40_500-8000.hdf5	both	none
2550.1628	1	Stimulus/S  1	1	25501628	25501636	39	0	20	pips_40_500-8000.hdf5	both	none
2551.2081	1	Stimulus/S  1	1	25512081	25512089	39	1	40	pips_40_500-8000.hdf5	both	none
2552.2641	1	Stimulus/S  1	1	25522641	25522649	39	2	60	pips_40_500-8000.hdf5	both	none
2553.3095	1	Stimulus/S  1	1	25533095	25533103	39	3	70	pips_40_500-8000.hdf5	both	none
2554.3762	1	Stimulus/S  1	1	25543762	25543770	39	4	50	pips_40_500-8000.hdf5	both	none
2555.4428	1	Stimulus/S  1	1	25554428	25554436	39	5	30	pips_40_500-8000.hdf5	both	none
2556.5095	1	Stimulus/S  1	1	25565095	25565103	40	0	20	pips_40_500-8000.hdf5	both	none
2557.5549	1	Stimulus/S  1	1	25575549	25575557	40	1	40	pips_40_500-8000.hdf5	both	none
2558.6109	1	Stimulus/S  1	1	25586109	25586117	40	2	60	pips_40_500-8000.hdf5	both	none
2559.6562	1	Stimulus/S  1	1	25596562	25596570	40	3	70	pips_40_500-8000.hdf5	both	none
2560.7229	1	Stimulus/S  1	1	25607229	25607237	40	4	50	pips_40_500-8000.hdf5	both	none
2561.7896	1	Stimulus/S  1	1	25617896	25617904	40	5	30	pips_40_500-8000.hdf5	both	none
2562.8562	1	Stimulus/S  1	1	25628562	25628570	41	0	20	pips_40_500-8000.hdf5	both	none
2563.9229	1	Stimulus/S  1	1	25639229	25639237	41	1	40	pips_40_500-8000.hdf5	both	none
2564.9789	1	Stimulus/S  1	1	25649789	25649797	41	2	60	pips_40_500-8000.hdf5	both	none
2566.0243	1	Stimulus/S  1	1	25660243	25660251	41	3	70	pips_40_500-8000.hdf5	both	none
2567.0909	1	Stimulus/S  1	1	25670909	25670917	41	4	50	pips_40_500-8000.hdf5	both	none
2568.1576	1	Stimulus/S  1	1	25681576	25681584	41	5	30	pips_40_500-8000.hdf5	both	none
2569.2243	1	Stimulus/S  1	1	25692243	25692251	42	0	20	pips_40_500-8000.hdf5	both	none
2570.2803	1	Stimulus/S  1	1	25702803	25702811	42	1	40	pips_40_500-8000.hdf5	both	none
2571.3257	1	Stimulus/S  1	1	25713257	25713265	42	2	60	pips_40_500-8000.hdf5	both	none
2572.3817	1	Stimulus/S  1	1	25723817	25723825	42	3	70	pips_40_500-8000.hdf5	both	none
2573.427	1	Stimulus/S  1	1	25734270	25734278	42	4	50	pips_40_500-8000.hdf5	both	none
2574.4724	1	Stimulus/S  1	1	25744724	25744732	42	5	30	pips_40_500-8000.hdf5	both	none
2575.5284	1	Stimulus/S  1	1	25755284	25755292	43	0	20	pips_40_500-8000.hdf5	both	none
2576.595	1	Stimulus/S  1	1	25765950	25765958	43	1	40	pips_40_500-8000.hdf5	both	none
2577.6617	1	Stimulus/S  1	1	25776617	25776625	43	2	60	pips_40_500-8000.hdf5	both	none
2578.7284	1	Stimulus/S  1	1	25787284	25787292	43	3	70	pips_40_500-8000.hdf5	both	none
2579.7737	1	Stimulus/S  1	1	25797737	25797745	43	4	50	pips_40_500-8000.hdf5	both	none
2580.8297	1	Stimulus/S  1	1	25808297	25808305	43	5	30	pips_40_500-8000.hdf5	both	none
2581.8964	1	Stimulus/S  1	1	25818964	25818972	44	0	20	pips_40_500-8000.hdf5	both	none
2582.9418	1	Stimulus/S  1	1	25829418	25829426	44	1	40	pips_40_500-8000.hdf5	both	none
2584.0084	1	Stimulus/S  1	1	25840084	25840092	44	2	60	pips_40_500-8000.hdf5	both	none
2585.0645	1	Stimulus/S  1	1	25850645	25850653	44	3	70	pips_40_500-8000.hdf5	both	none
2586.1098	1	Stimulus/S  1	1	25861098	25861106	44	4	50	pips_40_500-8000.hdf5	both	none
2587.1551	1	Stimulus/S  1	1	25871551	25871559	44	5	30	pips_40_500-8000.hdf5	both	none
2588.2112	1	Stimulus/S  1	1	25882112	25882120	45	0	20	pips_40_500-8000.hdf5	both	none
2589.2778	1	Stimulus/S  1	1	25892778	25892786	45	1	40	pips_40_500-8000.hdf5	both	none
2590.3232	1	Stimulus/S  1	1	25903232	25903240	45	2	60	pips_40_500-8000.hdf5	both	none
2591.3899	1	Stimulus/S  1	1	25913899	25913907	45	3	70	pips_40_500-8000.hdf5	both	none
2592.4565	1	Stimulus/S  1	1	25924565	25924573	45	4	50	pips_40_500-8000.hdf5	both	none
2593.5125	1	Stimulus/S  1	1	25935125	25935133	45	5	30	pips_40_500-8000.hdf5	both	none
2594.5579	1	Stimulus/S  1	1	25945579	25945587	46	0	20	pips_40_500-8000.hdf5	both	none
2595.6246	1	Stimulus/S  1	1	25956246	25956254	46	1	40	pips_40_500-8000.hdf5	both	none
2596.6806	1	Stimulus/S  1	1	25966806	25966814	46	2	60	pips_40_500-8000.hdf5	both	none
2597.7259	1	Stimulus/S  1	1	25977259	25977267	46	3	70	pips_40_500-8000.hdf5	both	none
2598.7926	1	Stimulus/S  1	1	25987926	25987934	46	4	50	pips_40_500-8000.hdf5	both	none
2599.8486	1	Stimulus/S  1	1	25998486	25998494	46	5	30	pips_40_500-8000.hdf5	both	none
2600.8939	1	Stimulus/S  1	1	26008939	26008947	47	0	20	pips_40_500-8000.hdf5	both	none
2601.9606	1	Stimulus/S  1	1	26019606	26019614	47	1	40	pips_40_500-8000.hdf5	both	none
2603.0273	1	Stimulus/S  1	1	26030273	26030281	47	2	60	pips_40_500-8000.hdf5	both	none
2604.0726	1	Stimulus/S  1	1	26040726	26040734	47	3	70	pips_40_500-8000.hdf5	both	none
2605.1287	1	Stimulus/S  1	1	26051287	26051295	47	4	50	pips_40_500-8000.hdf5	both	none
2606.1953	1	Stimulus/S  1	1	26061953	26061961	47	5	30	pips_40_500-8000.hdf5	both	none
2607.262	1	Stimulus/S  1	1	26072620	26072628	48	0	20	pips_40_500-8000.hdf5	both	none
2608.3074	1	Stimulus/S  1	1	26083074	26083082	48	1	40	pips_40_500-8000.hdf5	both	none
2609.374	1	Stimulus/S  1	1	26093740	26093748	48	2	60	pips_40_500-8000.hdf5	both	none
2610.43	1	Stimulus/S  1	1	26104300	26104308	48	3	70	pips_40_500-8000.hdf5	both	none
2611.4967	1	Stimulus/S  1	1	26114967	26114975	48	4	50	pips_40_500-8000.hdf5	both	none
2612.5421	1	Stimulus/S  1	1	26125421	26125429	48	5	30	pips_40_500-8000.hdf5	both	none
2613.5981	1	Stimulus/S  1	1	26135981	26135989	49	0	20	pips_40_500-8000.hdf5	both	none
2614.6434	1	Stimulus/S  1	1	26146434	26146442	49	1	40	pips_40_500-8000.hdf5	both	none
2615.6994	1	Stimulus/S  1	1	26156994	26157002	49	2	60	pips_40_500-8000.hdf5	both	none
2616.7661	1	Stimulus/S  1	1	26167661	26167669	49	3	70	pips_40_500-8000.hdf5	both	none
2617.8114	1	Stimulus/S  1	1	26178114	26178122	49	4	50	pips_40_500-8000.hdf5	both	none
2618.8568	1	Stimulus/S  1	1	26188568	26188576	49	5	30	pips_40_500-8000.hdf5	both	none
2619.9235	1	Stimulus/S  1	1	26199235	26199243	50	0	20	pips_40_500-8000.hdf5	both	none
2620.9795	1	Stimulus/S  1	1	26209795	26209803	50	1	40	pips_40_500-8000.hdf5	both	none
2622.0462	1	Stimulus/S  1	1	26220462	26220470	50	2	60	pips_40_500-8000.hdf5	both	none
2623.0915	1	Stimulus/S  1	1	26230915	26230923	50	3	70	pips_40_500-8000.hdf5	both	none
2624.1475	1	Stimulus/S  1	1	26241475	26241483	50	4	50	pips_40_500-8000.hdf5	both	none
2625.1929	1	Stimulus/S  1	1	26251929	26251937	50	5	30	pips_40_500-8000.hdf5	both	none
2626.2489	1	Stimulus/S  1	1	26262489	26262497	51	0	20	pips_40_500-8000.hdf5	both	none
2627.2942	1	Stimulus/S  1	1	26272942	26272950	51	1	40	pips_40_500-8000.hdf5	both	none
2628.3609	1	Stimulus/S  1	1	26283609	26283617	51	2	60	pips_40_500-8000.hdf5	both	none
2629.4169	1	Stimulus/S  1	1	26294169	26294177	51	3	70	pips_40_500-8000.hdf5	both	none
2630.4729	1	Stimulus/S  1	1	26304729	26304737	51	4	50	pips_40_500-8000.hdf5	both	none
2631.5396	1	Stimulus/S  1	1	26315396	26315404	51	5	30	pips_40_500-8000.hdf5	both	none
2632.5956	1	Stimulus/S  1	1	26325956	26325964	52	0	20	pips_40_500-8000.hdf5	both	none
2633.6623	1	Stimulus/S  1	1	26336623	26336631	52	1	40	pips_40_500-8000.hdf5	both	none
2634.7289	1	Stimulus/S  1	1	26347289	26347297	52	2	60	pips_40_500-8000.hdf5	both	none
2635.7743	1	Stimulus/S  1	1	26357743	26357751	52	3	70	pips_40_500-8000.hdf5	both	none
2636.8303	1	Stimulus/S  1	1	26368303	26368311	52	4	50	pips_40_500-8000.hdf5	both	none
2637.8756	1	Stimulus/S  1	1	26378756	26378764	52	5	30	pips_40_500-8000.hdf5	both	none
2638.9317	1	Stimulus/S  1	1	26389317	26389325	53	0	20	pips_40_500-8000.hdf5	both	none
2639.9983	1	Stimulus/S  1	1	26399983	26399991	53	1	40	pips_40_500-8000.hdf5	both	none
2641.065	1	Stimulus/S  1	1	26410650	26410658	53	2	60	pips_40_500-8000.hdf5	both	none
2642.1317	1	Stimulus/S  1	1	26421317	26421325	53	3	70	pips_40_500-8000.hdf5	both	none
2643.177	1	Stimulus/S  1	1	26431770	26431778	53	4	50	pips_40_500-8000.hdf5	both	none
2644.2224	1	Stimulus/S  1	1	26442224	26442232	53	5	30	pips_40_500-8000.hdf5	both	none
2645.2784	1	Stimulus/S  1	1	26452784	26452792	54	0	20	pips_40_500-8000.hdf5	both	none
2646.3237	1	Stimulus/S  1	1	26463237	26463245	54	1	40	pips_40_500-8000.hdf5	both	none
2647.3904	1	Stimulus/S  1	1	26473904	26473912	54	2	60	pips_40_500-8000.hdf5	both	none
2648.4571	1	Stimulus/S  1	1	26484571	26484579	54	3	70	pips_40_500-8000.hdf5	both	none
2649.5131	1	Stimulus/S  1	1	26495131	26495139	54	4	50	pips_40_500-8000.hdf5	both	none
2650.5584	1	Stimulus/S  1	1	26505584	26505592	54	5	30	pips_40_500-8000.hdf5	both	none
2651.6251	1	Stimulus/S  1	1	26516251	26516259	55	0	20	pips_40_500-8000.hdf5	both	none
2652.6918	1	Stimulus/S  1	1	26526918	26526926	55	1	40	pips_40_500-8000.hdf5	both	none
2653.7478	1	Stimulus/S  1	1	26537478	26537486	55	2	60	pips_40_500-8000.hdf5	both	none
2654.7931	1	Stimulus/S  1	1	26547931	26547939	55	3	70	pips_40_500-8000.hdf5	both	none
2655.8598	1	Stimulus/S  1	1	26558598	26558606	55	4	50	pips_40_500-8000.hdf5	both	none
2656.9158	1	Stimulus/S  1	1	26569158	26569166	55	5	30	pips_40_500-8000.hdf5	both	none
2657.9612	1	Stimulus/S  1	1	26579612	26579620	56	0	20	pips_40_500-8000.hdf5	both	none
2659.0065	1	Stimulus/S  1	1	26590065	26590073	56	1	40	pips_40_500-8000.hdf5	both	none
2660.0732	1	Stimulus/S  1	1	26600732	26600740	56	2	60	pips_40_500-8000.hdf5	both	none
2661.1399	1	Stimulus/S  1	1	26611399	26611407	56	3	70	pips_40_500-8000.hdf5	both	none
2662.1959	1	Stimulus/S  1	1	26621959	26621967	56	4	50	pips_40_500-8000.hdf5	both	none
2663.2412	1	Stimulus/S  1	1	26632412	26632420	56	5	30	pips_40_500-8000.hdf5	both	none
2664.2972	1	Stimulus/S  1	1	26642972	26642980	57	0	20	pips_40_500-8000.hdf5	both	none
2665.3639	1	Stimulus/S  1	1	26653639	26653647	57	1	40	pips_40_500-8000.hdf5	both	none
2666.4093	1	Stimulus/S  1	1	26664093	26664101	57	2	60	pips_40_500-8000.hdf5	both	none
2667.4653	1	Stimulus/S  1	1	26674653	26674661	57	3	70	pips_40_500-8000.hdf5	both	none
2668.5106	1	Stimulus/S  1	1	26685106	26685114	57	4	50	pips_40_500-8000.hdf5	both	none
2669.5666	1	Stimulus/S  1	1	26695666	26695674	57	5	30	pips_40_500-8000.hdf5	both	none
2670.6333	1	Stimulus/S  1	1	26706333	26706341	58	0	20	pips_40_500-8000.hdf5	both	none
2671.6786	1	Stimulus/S  1	1	26716786	26716794	58	1	40	pips_40_500-8000.hdf5	both	none
2672.724	1	Stimulus/S  1	1	26727240	26727248	58	2	60	pips_40_500-8000.hdf5	both	none
2673.7907	1	Stimulus/S  1	1	26737907	26737915	58	3	70	pips_40_500-8000.hdf5	both	none
2674.8467	1	Stimulus/S  1	1	26748467	26748475	58	4	50	pips_40_500-8000.hdf5	both	none
2675.892	1	Stimulus/S  1	1	26758920	26758928	58	5	30	pips_40_500-8000.hdf5	both	none
2676.9587	1	Stimulus/S  1	1	26769587	26769595	59	0	20	pips_40_500-8000.hdf5	both	none
2678.0147	1	Stimulus/S  1	1	26780147	26780155	59	1	40	pips_40_500-8000.hdf5	both	none
2679.0814	1	Stimulus/S  1	1	26790814	26790822	59	2	60	pips_40_500-8000.hdf5	both	none
2680.1267	1	Stimulus/S  1	1	26801267	26801275	59	3	70	pips_40_500-8000.hdf5	both	none
2681.1934	1	Stimulus/S  1	1	26811934	26811942	59	4	50	pips_40_500-8000.hdf5	both	none
2682.2601	1	Stimulus/S  1	1	26822601	26822609	59	5	30	pips_40_500-8000.hdf5	both	none
2683.3268	1	Stimulus/S  1	1	26833268	26833276	60	0	20	pips_40_500-8000.hdf5	both	none
2684.3828	1	Stimulus/S  1	1	26843828	26843836	60	1	40	pips_40_500-8000.hdf5	both	none
2685.4494	1	Stimulus/S  1	1	26854494	26854502	60	2	60	pips_40_500-8000.hdf5	both	none
2686.4948	1	Stimulus/S  1	1	26864948	26864956	60	3	70	pips_40_500-8000.hdf5	both	none
2687.5401	1	Stimulus/S  1	1	26875401	26875409	60	4	50	pips_40_500-8000.hdf5	both	none
2688.6175	1	Stimulus/S  1	1	26886175	26886183	60	5	30	pips_40_500-8000.hdf5	both	none
2689.6628	1	Stimulus/S  1	1	26896628	26896636	61	0	20	pips_40_500-8000.hdf5	both	none
2690.7082	1	Stimulus/S  1	1	26907082	26907090	61	1	40	pips_40_500-8000.hdf5	both	none
2691.7642	1	Stimulus/S  1	1	26917642	26917650	61	2	60	pips_40_500-8000.hdf5	both	none
2692.8095	1	Stimulus/S  1	1	26928095	26928103	61	3	70	pips_40_500-8000.hdf5	both	none
2693.8655	1	Stimulus/S  1	1	26938655	26938663	61	4	50	pips_40_500-8000.hdf5	both	none
2694.9322	1	Stimulus/S  1	1	26949322	26949330	61	5	30	pips_40_500-8000.hdf5	both	none
2695.9776	1	Stimulus/S  1	1	26959776	26959784	62	0	20	pips_40_500-8000.hdf5	both	none
2697.0336	1	Stimulus/S  1	1	26970336	26970344	62	1	40	pips_40_500-8000.hdf5	both	none
2698.1002	1	Stimulus/S  1	1	26981002	26981010	62	2	60	pips_40_500-8000.hdf5	both	none
2699.1669	1	Stimulus/S  1	1	26991669	26991677	62	3	70	pips_40_500-8000.hdf5	both	none
2700.2123	1	Stimulus/S  1	1	27002123	27002131	62	4	50	pips_40_500-8000.hdf5	both	none
2701.2576	1	Stimulus/S  1	1	27012576	27012584	62	5	30	pips_40_500-8000.hdf5	both	none
2702.3243	1	Stimulus/S  1	1	27023243	27023251	63	0	20	pips_40_500-8000.hdf5	both	none
2703.3803	1	Stimulus/S  1	1	27033803	27033811	63	1	40	pips_40_500-8000.hdf5	both	none
2704.447	1	Stimulus/S  1	1	27044470	27044478	63	2	60	pips_40_500-8000.hdf5	both	none
2705.4923	1	Stimulus/S  1	1	27054923	27054931	63	3	70	pips_40_500-8000.hdf5	both	none
2706.559	1	Stimulus/S  1	1	27065590	27065598	63	4	50	pips_40_500-8000.hdf5	both	none
2707.6257	1	Stimulus/S  1	1	27076257	27076265	63	5	30	pips_40_500-8000.hdf5	both	none
2708.6923	1	Stimulus/S  1	1	27086923	27086931	64	0	20	pips_40_500-8000.hdf5	both	none
2709.7484	1	Stimulus/S  1	1	27097484	27097492	64	1	40	pips_40_500-8000.hdf5	both	none
2710.7937	1	Stimulus/S  1	1	27107937	27107945	64	2	60	pips_40_500-8000.hdf5	both	none
2711.8604	1	Stimulus/S  1	1	27118604	27118612	64	3	70	pips_40_500-8000.hdf5	both	none
2712.9271	1	Stimulus/S  1	1	27129271	27129279	64	4	50	pips_40_500-8000.hdf5	both	none
2713.9831	1	Stimulus/S  1	1	27139831	27139839	64	5	30	pips_40_500-8000.hdf5	both	none
2715.0497	1	Stimulus/S  1	1	27150497	27150505	65	0	20	pips_40_500-8000.hdf5	both	none
2716.0951	1	Stimulus/S  1	1	27160951	27160959	65	1	40	pips_40_500-8000.hdf5	both	none
2717.1618	1	Stimulus/S  1	1	27171618	27171626	65	2	60	pips_40_500-8000.hdf5	both	none
2718.2178	1	Stimulus/S  1	1	27182178	27182186	65	3	70	pips_40_500-8000.hdf5	both	none
2719.2631	1	Stimulus/S  1	1	27192631	27192639	65	4	50	pips_40_500-8000.hdf5	both	none
2720.3298	1	Stimulus/S  1	1	27203298	27203306	65	5	30	pips_40_500-8000.hdf5	both	none
2721.3751	1	Stimulus/S  1	1	27213751	27213759	66	0	20	pips_40_500-8000.hdf5	both	none
2722.4311	1	Stimulus/S  1	1	27224311	27224319	66	1	40	pips_40_500-8000.hdf5	both	none
2723.4978	1	Stimulus/S  1	1	27234978	27234986	66	2	60	pips_40_500-8000.hdf5	both	none
2724.5432	1	Stimulus/S  1	1	27245432	27245440	66	3	70	pips_40_500-8000.hdf5	both	none
2725.5992	1	Stimulus/S  1	1	27255992	27256000	66	4	50	pips_40_500-8000.hdf5	both	none
2726.6659	1	Stimulus/S  1	1	27266659	27266667	66	5	30	pips_40_500-8000.hdf5	both	none
2727.7325	1	Stimulus/S  1	1	27277325	27277333	67	0	20	pips_40_500-8000.hdf5	both	none
2728.7992	1	Stimulus/S  1	1	27287992	27288000	67	1	40	pips_40_500-8000.hdf5	both	none
2729.8446	1	Stimulus/S  1	1	27298446	27298454	67	2	60	pips_40_500-8000.hdf5	both	none
2730.9112	1	Stimulus/S  1	1	27309112	27309120	67	3	70	pips_40_500-8000.hdf5	both	none
2731.9779	1	Stimulus/S  1	1	27319779	27319787	67	4	50	pips_40_500-8000.hdf5	both	none
2733.0446	1	Stimulus/S  1	1	27330446	27330454	67	5	30	pips_40_500-8000.hdf5	both	none
2734.1113	1	Stimulus/S  1	1	27341113	27341121	68	0	20	pips_40_500-8000.hdf5	both	none
2735.1673	1	Stimulus/S  1	1	27351673	27351681	68	1	40	pips_40_500-8000.hdf5	both	none
2736.2126	1	Stimulus/S  1	1	27362126	27362134	68	2	60	pips_40_500-8000.hdf5	both	none
2737.2686	1	Stimulus/S  1	1	27372686	27372694	68	3	70	pips_40_500-8000.hdf5	both	none
2738.314	1	Stimulus/S  1	1	27383140	27383148	68	4	50	pips_40_500-8000.hdf5	both	none
2739.3806	1	Stimulus/S  1	1	27393806	27393814	68	5	30	pips_40_500-8000.hdf5	both	none
2740.4473	1	Stimulus/S  1	1	27404473	27404481	69	0	20	pips_40_500-8000.hdf5	both	none
2741.4927	1	Stimulus/S  1	1	27414927	27414935	69	1	40	pips_40_500-8000.hdf5	both	none
2742.5487	1	Stimulus/S  1	1	27425487	27425495	69	2	60	pips_40_500-8000.hdf5	both	none
2743.594	1	Stimulus/S  1	1	27435940	27435948	69	3	70	pips_40_500-8000.hdf5	both	none
2744.6607	1	Stimulus/S  1	1	27446607	27446615	69	4	50	pips_40_500-8000.hdf5	both	none
2745.7167	1	Stimulus/S  1	1	27457167	27457175	69	5	30	pips_40_500-8000.hdf5	both	none
2746.7621	1	Stimulus/S  1	1	27467621	27467629	70	0	20	pips_40_500-8000.hdf5	both	none
2747.8181	1	Stimulus/S  1	1	27478181	27478189	70	1	40	pips_40_500-8000.hdf5	both	none
2748.8847	1	Stimulus/S  1	1	27488847	27488855	70	2	60	pips_40_500-8000.hdf5	both	none
2749.9514	1	Stimulus/S  1	1	27499514	27499522	70	3	70	pips_40_500-8000.hdf5	both	none
2750.9968	1	Stimulus/S  1	1	27509968	27509976	70	4	50	pips_40_500-8000.hdf5	both	none
2752.0634	1	Stimulus/S  1	1	27520634	27520642	70	5	30	pips_40_500-8000.hdf5	both	none
2753.1301	1	Stimulus/S  1	1	27531301	27531309	71	0	20	pips_40_500-8000.hdf5	both	none
2754.1968	1	Stimulus/S  1	1	27541968	27541976	71	1	40	pips_40_500-8000.hdf5	both	none
2755.2635	1	Stimulus/S  1	1	27552635	27552643	71	2	60	pips_40_500-8000.hdf5	both	none
2756.3088	1	Stimulus/S  1	1	27563088	27563096	71	3	70	pips_40_500-8000.hdf5	both	none
2757.3755	1	Stimulus/S  1	1	27573755	27573763	71	4	50	pips_40_500-8000.hdf5	both	none
2758.4422	1	Stimulus/S  1	1	27584422	27584430	71	5	30	pips_40_500-8000.hdf5	both	none
2759.4982	1	Stimulus/S  1	1	27594982	27594990	72	0	20	pips_40_500-8000.hdf5	both	none
2760.5435	1	Stimulus/S  1	1	27605435	27605443	72	1	40	pips_40_500-8000.hdf5	both	none
2761.6102	1	Stimulus/S  1	1	27616102	27616110	72	2	60	pips_40_500-8000.hdf5	both	none
2762.6662	1	Stimulus/S  1	1	27626662	27626670	72	3	70	pips_40_500-8000.hdf5	both	none
2763.7116	1	Stimulus/S  1	1	27637116	27637124	72	4	50	pips_40_500-8000.hdf5	both	none
2764.7782	1	Stimulus/S  1	1	27647782	27647790	72	5	30	pips_40_500-8000.hdf5	both	none
2765.8342	1	Stimulus/S  1	1	27658342	27658350	73	0	20	pips_40_500-8000.hdf5	both	none
2766.9009	1	Stimulus/S  1	1	27669009	27669017	73	1	40	pips_40_500-8000.hdf5	both	none
2767.9676	1	Stimulus/S  1	1	27679676	27679684	73	2	60	pips_40_500-8000.hdf5	both	none
2769.0129	1	Stimulus/S  1	1	27690129	27690137	73	3	70	pips_40_500-8000.hdf5	both	none
2770.0583	1	Stimulus/S  1	1	27700583	27700591	73	4	50	pips_40_500-8000.hdf5	both	none
2771.125	1	Stimulus/S  1	1	27711250	27711258	73	5	30	pips_40_500-8000.hdf5	both	none
2772.181	1	Stimulus/S  1	1	27721810	27721818	74	0	20	pips_40_500-8000.hdf5	both	none
2773.2263	1	Stimulus/S  1	1	27732263	27732271	74	1	40	pips_40_500-8000.hdf5	both	none
2774.293	1	Stimulus/S  1	1	27742930	27742938	74	2	60	pips_40_500-8000.hdf5	both	none
2775.349	1	Stimulus/S  1	1	27753490	27753498	74	3	70	pips_40_500-8000.hdf5	both	none
2776.3943	1	Stimulus/S  1	1	27763943	27763951	74	4	50	pips_40_500-8000.hdf5	both	none
2777.461	1	Stimulus/S  1	1	27774610	27774618	74	5	30	pips_40_500-8000.hdf5	both	none
2778.5277	1	Stimulus/S  1	1	27785277	27785285	75	0	20	pips_40_500-8000.hdf5	both	none
2779.5944	1	Stimulus/S  1	1	27795944	27795952	75	1	40	pips_40_500-8000.hdf5	both	none
2780.6504	1	Stimulus/S  1	1	27806504	27806512	75	2	60	pips_40_500-8000.hdf5	both	none
2781.7171	1	Stimulus/S  1	1	27817171	27817179	75	3	70	pips_40_500-8000.hdf5	both	none
2782.7837	1	Stimulus/S  1	1	27827837	27827845	75	4	50	pips_40_500-8000.hdf5	both	none
2783.8504	1	Stimulus/S  1	1	27838504	27838512	75	5	30	pips_40_500-8000.hdf5	both	none
2784.9171	1	Stimulus/S  1	1	27849171	27849179	76	0	20	pips_40_500-8000.hdf5	both	none
2785.9624	1	Stimulus/S  1	1	27859624	27859632	76	1	40	pips_40_500-8000.hdf5	both	none
2787.0185	1	Stimulus/S  1	1	27870185	27870193	76	2	60	pips_40_500-8000.hdf5	both	none
2788.0851	1	Stimulus/S  1	1	27880851	27880859	76	3	70	pips_40_500-8000.hdf5	both	none
2789.1518	1	Stimulus/S  1	1	27891518	27891526	76	4	50	pips_40_500-8000.hdf5	both	none
2790.1971	1	Stimulus/S  1	1	27901971	27901979	76	5	30	pips_40_500-8000.hdf5	both	none
2791.2425	1	Stimulus/S  1	1	27912425	27912433	77	0	20	pips_40_500-8000.hdf5	both	none
2792.2985	1	Stimulus/S  1	1	27922985	27922993	77	1	40	pips_40_500-8000.hdf5	both	none
2793.3652	1	Stimulus/S  1	1	27933652	27933660	77	2	60	pips_40_500-8000.hdf5	both	none
2794.4319	1	Stimulus/S  1	1	27944319	27944327	77	3	70	pips_40_500-8000.hdf5	both	none
2795.4985	1	Stimulus/S  1	1	27954985	27954993	77	4	50	pips_40_500-8000.hdf5	both	none
2796.5652	1	Stimulus/S  1	1	27965652	27965660	77	5	30	pips_40_500-8000.hdf5	both	none
2797.6106	1	Stimulus/S  1	1	27976106	27976114	78	0	20	pips_40_500-8000.hdf5	both	none
2798.6666	1	Stimulus/S  1	1	27986666	27986674	78	1	40	pips_40_500-8000.hdf5	both	none
2799.7119	1	Stimulus/S  1	1	27997119	27997127	78	2	60	pips_40_500-8000.hdf5	both	none
2800.7679	1	Stimulus/S  1	1	28007679	28007687	78	3	70	pips_40_500-8000.hdf5	both	none
2801.8133	1	Stimulus/S  1	1	28018133	28018141	78	4	50	pips_40_500-8000.hdf5	both	none
2802.8586	1	Stimulus/S  1	1	28028586	28028594	78	5	30	pips_40_500-8000.hdf5	both	none
2803.9146	1	Stimulus/S  1	1	28039146	28039154	79	0	20	pips_40_500-8000.hdf5	both	none
2804.9813	1	Stimulus/S  1	1	28049813	28049821	79	1	40	pips_40_500-8000.hdf5	both	none
2806.0266	1	Stimulus/S  1	1	28060266	28060274	79	2	60	pips_40_500-8000.hdf5	both	none
2807.0826	1	Stimulus/S  1	1	28070826	28070834	79	3	70	pips_40_500-8000.hdf5	both	none
2808.128	1	Stimulus/S  1	1	28081280	28081288	79	4	50	pips_40_500-8000.hdf5	both	none
2809.1947	1	Stimulus/S  1	1	28091947	28091955	79	5	30	pips_40_500-8000.hdf5	both	none
2810.2613	1	Stimulus/S  1	1	28102613	28102621	80	0	20	pips_40_500-8000.hdf5	both	none
2811.328	1	Stimulus/S  1	1	28113280	28113288	80	1	40	pips_40_500-8000.hdf5	both	none
2812.384	1	Stimulus/S  1	1	28123840	28123848	80	2	60	pips_40_500-8000.hdf5	both	none
2813.4294	1	Stimulus/S  1	1	28134294	28134302	80	3	70	pips_40_500-8000.hdf5	both	none
2814.4961	1	Stimulus/S  1	1	28144961	28144969	80	4	50	pips_40_500-8000.hdf5	both	none
2815.5521	1	Stimulus/S  1	1	28155521	28155529	80	5	30	pips_40_500-8000.hdf5	both	none
2816.5974	1	Stimulus/S  1	1	28165974	28165982	81	0	20	pips_40_500-8000.hdf5	both	none
2817.6641	1	Stimulus/S  1	1	28176641	28176649	81	1	40	pips_40_500-8000.hdf5	both	none
2818.7094	1	Stimulus/S  1	1	28187094	28187102	81	2	60	pips_40_500-8000.hdf5	both	none
2819.7654	1	Stimulus/S  1	1	28197654	28197662	81	3	70	pips_40_500-8000.hdf5	both	none
2820.8108	1	Stimulus/S  1	1	28208108	28208116	81	4	50	pips_40_500-8000.hdf5	both	none
2826.6288	1	Stimulus/S  1	1	28266288	28266296	81	5	30	pips_40_500-8000.hdf5	both	none
2827.6742	1	Stimulus/S  1	1	28276742	28276750	82	0	20	pips_40_500-8000.hdf5	both	none
2828.7302	1	Stimulus/S  1	1	28287302	28287310	82	1	40	pips_40_500-8000.hdf5	both	none
2829.7969	1	Stimulus/S  1	1	28297969	28297977	82	2	60	pips_40_500-8000.hdf5	both	none
2830.8635	1	Stimulus/S  1	1	28308635	28308643	82	3	70	pips_40_500-8000.hdf5	both	none
2831.9302	1	Stimulus/S  1	1	28319302	28319310	82	4	50	pips_40_500-8000.hdf5	both	none
2832.9756	1	Stimulus/S  1	1	28329756	28329764	82	5	30	pips_40_500-8000.hdf5	both	none
2834.0316	1	Stimulus/S  1	1	28340316	28340324	83	0	20	pips_40_500-8000.hdf5	both	none
2835.0769	1	Stimulus/S  1	1	28350769	28350777	83	1	40	pips_40_500-8000.hdf5	both	none
2836.1436	1	Stimulus/S  1	1	28361436	28361444	83	2	60	pips_40_500-8000.hdf5	both	none
2837.2103	1	Stimulus/S  1	1	28372103	28372111	83	3	70	pips_40_500-8000.hdf5	both	none
2838.2556	1	Stimulus/S  1	1	28382556	28382564	83	4	50	pips_40_500-8000.hdf5	both	none
2839.3116	1	Stimulus/S  1	1	28393116	28393124	83	5	30	pips_40_500-8000.hdf5	both	none
2840.3783	1	Stimulus/S  1	1	28403783	28403791	84	0	20	pips_40_500-8000.hdf5	both	none
2841.4237	1	Stimulus/S  1	1	28414237	28414245	84	1	40	pips_40_500-8000.hdf5	both	none
2842.4797	1	Stimulus/S  1	1	28424797	28424805	84	2	60	pips_40_500-8000.hdf5	both	none
2843.5463	1	Stimulus/S  1	1	28435463	28435471	84	3	70	pips_40_500-8000.hdf5	both	none
2844.5917	1	Stimulus/S  1	1	28445917	28445925	84	4	50	pips_40_500-8000.hdf5	both	none
2845.6477	1	Stimulus/S  1	1	28456477	28456485	84	5	30	pips_40_500-8000.hdf5	both	none
2846.7144	1	Stimulus/S  1	1	28467144	28467152	85	0	20	pips_40_500-8000.hdf5	both	none
2847.7597	1	Stimulus/S  1	1	28477597	28477605	85	1	40	pips_40_500-8000.hdf5	both	none
2848.8157	1	Stimulus/S  1	1	28488157	28488165	85	2	60	pips_40_500-8000.hdf5	both	none
2849.8824	1	Stimulus/S  1	1	28498824	28498832	85	3	70	pips_40_500-8000.hdf5	both	none
2850.9491	1	Stimulus/S  1	1	28509491	28509499	85	4	50	pips_40_500-8000.hdf5	both	none
2852.0158	1	Stimulus/S  1	1	28520158	28520166	85	5	30	pips_40_500-8000.hdf5	both	none
2853.0824	1	Stimulus/S  1	1	28530824	28530832	86	0	20	pips_40_500-8000.hdf5	both	none
2854.1278	1	Stimulus/S  1	1	28541278	28541286	86	1	40	pips_40_500-8000.hdf5	both	none
2855.1731	1	Stimulus/S  1	1	28551731	28551739	86	2	60	pips_40_500-8000.hdf5	both	none
2856.2398	1	Stimulus/S  1	1	28562398	28562406	86	3	70	pips_40_500-8000.hdf5	both	none
2857.2958	1	Stimulus/S  1	1	28572958	28572966	86	4	50	pips_40_500-8000.hdf5	both	none
2858.3412	1	Stimulus/S  1	1	28583412	28583420	86	5	30	pips_40_500-8000.hdf5	both	none
2859.4078	1	Stimulus/S  1	1	28594078	28594086	87	0	20	pips_40_500-8000.hdf5	both	none
2860.4745	1	Stimulus/S  1	1	28604745	28604753	87	1	40	pips_40_500-8000.hdf5	both	none
2861.5305	1	Stimulus/S  1	1	28615305	28615313	87	2	60	pips_40_500-8000.hdf5	both	none
2862.5759	1	Stimulus/S  1	1	28625759	28625767	87	3	70	pips_40_500-8000.hdf5	both	none
2863.6319	1	Stimulus/S  1	1	28636319	28636327	87	4	50	pips_40_500-8000.hdf5	both	none
2864.6985	1	Stimulus/S  1	1	28646985	28646993	87	5	30	pips_40_500-8000.hdf5	both	none
2865.7439	1	Stimulus/S  1	1	28657439	28657447	88	0	20	pips_40_500-8000.hdf5	both	none
2866.7999	1	Stimulus/S  1	1	28667999	28668007	88	1	40	pips_40_500-8000.hdf5	both	none
2867.8452	1	Stimulus/S  1	1	28678452	28678460	88	2	60	pips_40_500-8000.hdf5	both	none
2868.9119	1	Stimulus/S  1	1	28689119	28689127	88	3	70	pips_40_500-8000.hdf5	both	none
2869.9573	1	Stimulus/S  1	1	28699573	28699581	88	4	50	pips_40_500-8000.hdf5	both	none
2871.0133	1	Stimulus/S  1	1	28710133	28710141	88	5	30	pips_40_500-8000.hdf5	both	none
2872.0586	1	Stimulus/S  1	1	28720586	28720594	89	0	20	pips_40_500-8000.hdf5	both	none
2873.1253	1	Stimulus/S  1	1	28731253	28731261	89	1	40	pips_40_500-8000.hdf5	both	none
2874.1813	1	Stimulus/S  1	1	28741813	28741821	89	2	60	pips_40_500-8000.hdf5	both	none
2875.2267	1	Stimulus/S  1	1	28752267	28752275	89	3	70	pips_40_500-8000.hdf5	both	none
2876.2933	1	Stimulus/S  1	1	28762933	28762941	89	4	50	pips_40_500-8000.hdf5	both	none
2877.36	1	Stimulus/S  1	1	28773600	28773608	89	5	30	pips_40_500-8000.hdf5	both	none
2878.4267	1	Stimulus/S  1	1	28784267	28784275	90	0	20	pips_40_500-8000.hdf5	both	none
2879.4827	1	Stimulus/S  1	1	28794827	28794835	90	1	40	pips_40_500-8000.hdf5	both	none
2880.528	1	Stimulus/S  1	1	28805280	28805288	90	2	60	pips_40_500-8000.hdf5	both	none
2881.5947	1	Stimulus/S  1	1	28815947	28815955	90	3	70	pips_40_500-8000.hdf5	both	none
2882.6614	1	Stimulus/S  1	1	28826614	28826622	90	4	50	pips_40_500-8000.hdf5	both	none
2883.7281	1	Stimulus/S  1	1	28837281	28837289	90	5	30	pips_40_500-8000.hdf5	both	none
2884.7734	1	Stimulus/S  1	1	28847734	28847742	91	0	20	pips_40_500-8000.hdf5	both	none
2885.8294	1	Stimulus/S  1	1	28858294	28858302	91	1	40	pips_40_500-8000.hdf5	both	none
2886.8961	1	Stimulus/S  1	1	28868961	28868969	91	2	60	pips_40_500-8000.hdf5	both	none
2887.9414	1	Stimulus/S  1	1	28879414	28879422	91	3	70	pips_40_500-8000.hdf5	both	none
2888.9975	1	Stimulus/S  1	1	28889975	28889983	91	4	50	pips_40_500-8000.hdf5	both	none
2890.0641	1	Stimulus/S  1	1	28900641	28900649	91	5	30	pips_40_500-8000.hdf5	both	none
2891.1095	1	Stimulus/S  1	1	28911095	28911103	92	0	20	pips_40_500-8000.hdf5	both	none
2892.1762	1	Stimulus/S  1	1	28921762	28921770	92	1	40	pips_40_500-8000.hdf5	both	none
2893.2428	1	Stimulus/S  1	1	28932428	28932436	92	2	60	pips_40_500-8000.hdf5	both	none
2894.2988	1	Stimulus/S  1	1	28942988	28942996	92	3	70	pips_40_500-8000.hdf5	both	none
2895.3442	1	Stimulus/S  1	1	28953442	28953450	92	4	50	pips_40_500-8000.hdf5	both	none
2896.4109	1	Stimulus/S  1	1	28964109	28964117	92	5	30	pips_40_500-8000.hdf5	both	none
2897.4562	1	Stimulus/S  1	1	28974562	28974570	93	0	20	pips_40_500-8000.hdf5	both	none
2898.5122	1	Stimulus/S  1	1	28985122	28985130	93	1	40	pips_40_500-8000.hdf5	both	none
2899.5576	1	Stimulus/S  1	1	28995576	28995584	93	2	60	pips_40_500-8000.hdf5	both	none
2900.6242	1	Stimulus/S  1	1	29006242	29006250	93	3	70	pips_40_500-8000.hdf5	both	none
2901.6909	1	Stimulus/S  1	1	29016909	29016917	93	4	50	pips_40_500-8000.hdf5	both	none
2902.7576	1	Stimulus/S  1	1	29027576	29027584	93	5	30	pips_40_500-8000.hdf5	both	none
2903.8243	1	Stimulus/S  1	1	29038243	29038251	94	0	20	pips_40_500-8000.hdf5	both	none
2904.8909	1	Stimulus/S  1	1	29048909	29048917	94	1	40	pips_40_500-8000.hdf5	both	none
2905.9576	1	Stimulus/S  1	1	29059576	29059584	94	2	60	pips_40_500-8000.hdf5	both	none
2907.0243	1	Stimulus/S  1	1	29070243	29070251	94	3	70	pips_40_500-8000.hdf5	both	none
2908.091	1	Stimulus/S  1	1	29080910	29080918	94	4	50	pips_40_500-8000.hdf5	both	none
2909.147	1	Stimulus/S  1	1	29091470	29091478	94	5	30	pips_40_500-8000.hdf5	both	none
2910.1923	1	Stimulus/S  1	1	29101923	29101931	95	0	20	pips_40_500-8000.hdf5	both	none
2911.2483	1	Stimulus/S  1	1	29112483	29112491	95	1	40	pips_40_500-8000.hdf5	both	none
2912.315	1	Stimulus/S  1	1	29123150	29123158	95	2	60	pips_40_500-8000.hdf5	both	none
2913.3604	1	Stimulus/S  1	1	29133604	29133612	95	3	70	pips_40_500-8000.hdf5	both	none
2914.4164	1	Stimulus/S  1	1	29144164	29144172	95	4	50	pips_40_500-8000.hdf5	both	none
2915.4831	1	Stimulus/S  1	1	29154831	29154839	95	5	30	pips_40_500-8000.hdf5	both	none
2916.5284	1	Stimulus/S  1	1	29165284	29165292	96	0	20	pips_40_500-8000.hdf5	both	none
2917.5737	1	Stimulus/S  1	1	29175737	29175745	96	1	40	pips_40_500-8000.hdf5	both	none
2918.6511	1	Stimulus/S  1	1	29186511	29186519	96	2	60	pips_40_500-8000.hdf5	both	none
2919.6964	1	Stimulus/S  1	1	29196964	29196972	96	3	70	pips_40_500-8000.hdf5	both	none
2920.7418	1	Stimulus/S  1	1	29207418	29207426	96	4	50	pips_40_500-8000.hdf5	both	none
2921.7978	1	Stimulus/S  1	1	29217978	29217986	96	5	30	pips_40_500-8000.hdf5	both	none
2922.8431	1	Stimulus/S  1	1	29228431	29228439	97	0	20	pips_40_500-8000.hdf5	both	none
2923.9098	1	Stimulus/S  1	1	29239098	29239106	97	1	40	pips_40_500-8000.hdf5	both	none
2924.9765	1	Stimulus/S  1	1	29249765	29249773	97	2	60	pips_40_500-8000.hdf5	both	none
2926.0325	1	Stimulus/S  1	1	29260325	29260333	97	3	70	pips_40_500-8000.hdf5	both	none
2927.0778	1	Stimulus/S  1	1	29270778	29270786	97	4	50	pips_40_500-8000.hdf5	both	none
2928.1338	1	Stimulus/S  1	1	29281338	29281346	97	5	30	pips_40_500-8000.hdf5	both	none
2929.1792	1	Stimulus/S  1	1	29291792	29291800	98	0	20	pips_40_500-8000.hdf5	both	none
2930.2245	1	Stimulus/S  1	1	29302245	29302253	98	1	40	pips_40_500-8000.hdf5	both	none
2931.2912	1	Stimulus/S  1	1	29312912	29312920	98	2	60	pips_40_500-8000.hdf5	both	none
2932.3472	1	Stimulus/S  1	1	29323472	29323480	98	3	70	pips_40_500-8000.hdf5	both	none
2933.3926	1	Stimulus/S  1	1	29333926	29333934	98	4	50	pips_40_500-8000.hdf5	both	none
2934.4486	1	Stimulus/S  1	1	29344486	29344494	98	5	30	pips_40_500-8000.hdf5	both	none
2935.4939	1	Stimulus/S  1	1	29354939	29354947	99	0	20	pips_40_500-8000.hdf5	both	none
2936.5499	1	Stimulus/S  1	1	29365499	29365507	99	1	40	pips_40_500-8000.hdf5	both	none
2937.6166	1	Stimulus/S  1	1	29376166	29376174	99	2	60	pips_40_500-8000.hdf5	both	none
2938.6833	1	Stimulus/S  1	1	29386833	29386841	99	3	70	pips_40_500-8000.hdf5	both	none
2939.7286	1	Stimulus/S  1	1	29397286	29397294	99	4	50	pips_40_500-8000.hdf5	both	none
2940.7846	1	Stimulus/S  1	1	29407846	29407854	99	5	30	pips_40_500-8000.hdf5	both	none
2941.8513	1	Stimulus/S  1	1	29418513	29418521	100	0	20	pips_40_500-8000.hdf5	both	none
2942.8967	1	Stimulus/S  1	1	29428967	29428975	100	1	40	pips_40_500-8000.hdf5	both	none
2943.942	1	Stimulus/S  1	1	29439420	29439428	100	2	60	pips_40_500-8000.hdf5	both	none
2944.998	1	Stimulus/S  1	1	29449980	29449988	100	3	70	pips_40_500-8000.hdf5	both	none
2946.0434	1	Stimulus/S  1	1	29460434	29460442	100	4	50	pips_40_500-8000.hdf5	both	none
2947.0994	1	Stimulus/S  1	1	29470994	29471002	100	5	30	pips_40_500-8000.hdf5	both	none
2948.1447	1	Stimulus/S  1	1	29481447	29481455	101	0	20	pips_40_500-8000.hdf5	both	none
2949.2114	1	Stimulus/S  1	1	29492114	29492122	101	1	40	pips_40_500-8000.hdf5	both	none
2950.2674	1	Stimulus/S  1	1	29502674	29502682	101	2	60	pips_40_500-8000.hdf5	both	none
2951.3127	1	Stimulus/S  1	1	29513127	29513135	101	3	70	pips_40_500-8000.hdf5	both	none
2952.3794	1	Stimulus/S  1	1	29523794	29523802	101	4	50	pips_40_500-8000.hdf5	both	none
2953.4461	1	Stimulus/S  1	1	29534461	29534469	101	5	30	pips_40_500-8000.hdf5	both	none
2954.4914	1	Stimulus/S  1	1	29544914	29544922	102	0	20	pips_40_500-8000.hdf5	both	none
2955.5474	1	Stimulus/S  1	1	29555474	29555482	102	1	40	pips_40_500-8000.hdf5	both	none
2956.5928	1	Stimulus/S  1	1	29565928	29565936	102	2	60	pips_40_500-8000.hdf5	both	none
2957.6595	1	Stimulus/S  1	1	29576595	29576603	102	3	70	pips_40_500-8000.hdf5	both	none
2958.7261	1	Stimulus/S  1	1	29587261	29587269	102	4	50	pips_40_500-8000.hdf5	both	none
2959.7822	1	Stimulus/S  1	1	29597822	29597830	102	5	30	pips_40_500-8000.hdf5	both	none
2960.8275	1	Stimulus/S  1	1	29608275	29608283	103	0	20	pips_40_500-8000.hdf5	both	none
2961.8942	1	Stimulus/S  1	1	29618942	29618950	103	1	40	pips_40_500-8000.hdf5	both	none
2962.9502	1	Stimulus/S  1	1	29629502	29629510	103	2	60	pips_40_500-8000.hdf5	both	none
2963.9955	1	Stimulus/S  1	1	29639955	29639963	103	3	70	pips_40_500-8000.hdf5	both	none
2965.0622	1	Stimulus/S  1	1	29650622	29650630	103	4	50	pips_40_500-8000.hdf5	both	none
2966.1182	1	Stimulus/S  1	1	29661182	29661190	103	5	30	pips_40_500-8000.hdf5	both	none
2967.1636	1	Stimulus/S  1	1	29671636	29671644	104	0	20	pips_40_500-8000.hdf5	both	none
2968.2089	1	Stimulus/S  1	1	29682089	29682097	104	1	40	pips_40_500-8000.hdf5	both	none
2969.2756	1	Stimulus/S  1	1	29692756	29692764	104	2	60	pips_40_500-8000.hdf5	both	none
2970.3316	1	Stimulus/S  1	1	29703316	29703324	104	3	70	pips_40_500-8000.hdf5	both	none
2971.3769	1	Stimulus/S  1	1	29713769	29713777	104	4	50	pips_40_500-8000.hdf5	both	none
2972.4329	1	Stimulus/S  1	1	29724329	29724337	104	5	30	pips_40_500-8000.hdf5	both	none
2973.4783	1	Stimulus/S  1	1	29734783	29734791	105	0	20	pips_40_500-8000.hdf5	both	none
2974.5343	1	Stimulus/S  1	1	29745343	29745351	105	1	40	pips_40_500-8000.hdf5	both	none
2975.601	1	Stimulus/S  1	1	29756010	29756018	105	2	60	pips_40_500-8000.hdf5	both	none
2976.6463	1	Stimulus/S  1	1	29766463	29766471	105	3	70	pips_40_500-8000.hdf5	both	none
2977.713	1	Stimulus/S  1	1	29777130	29777138	105	4	50	pips_40_500-8000.hdf5	both	none
2978.7797	1	Stimulus/S  1	1	29787797	29787805	105	5	30	pips_40_500-8000.hdf5	both	none
2979.825	1	Stimulus/S  1	1	29798250	29798258	106	0	20	pips_40_500-8000.hdf5	both	none
2980.881	1	Stimulus/S  1	1	29808810	29808818	106	1	40	pips_40_500-8000.hdf5	both	none
2981.9264	1	Stimulus/S  1	1	29819264	29819272	106	2	60	pips_40_500-8000.hdf5	both	none
2982.9931	1	Stimulus/S  1	1	29829931	29829939	106	3	70	pips_40_500-8000.hdf5	both	none
2984.0597	1	Stimulus/S  1	1	29840597	29840605	106	4	50	pips_40_500-8000.hdf5	both	none
2985.1264	1	Stimulus/S  1	1	29851264	29851272	106	5	30	pips_40_500-8000.hdf5	both	none
2986.1931	1	Stimulus/S  1	1	29861931	29861939	107	0	20	pips_40_500-8000.hdf5	both	none
2987.2491	1	Stimulus/S  1	1	29872491	29872499	107	1	40	pips_40_500-8000.hdf5	both	none
2988.2944	1	Stimulus/S  1	1	29882944	29882952	107	2	60	pips_40_500-8000.hdf5	both	none
2989.3611	1	Stimulus/S  1	1	29893611	29893619	107	3	70	pips_40_500-8000.hdf5	both	none
2990.4171	1	Stimulus/S  1	1	29904171	29904179	107	4	50	pips_40_500-8000.hdf5	both	none
2991.4625	1	Stimulus/S  1	1	29914625	29914633	107	5	30	pips_40_500-8000.hdf5	both	none
2992.5185	1	Stimulus/S  1	1	29925185	29925193	108	0	20	pips_40_500-8000.hdf5	both	none
2993.5638	1	Stimulus/S  1	1	29935638	29935646	108	1	40	pips_40_500-8000.hdf5	both	none
2994.6305	1	Stimulus/S  1	1	29946305	29946313	108	2	60	pips_40_500-8000.hdf5	both	none
2995.6758	1	Stimulus/S  1	1	29956758	29956766	108	3	70	pips_40_500-8000.hdf5	both	none
2996.7319	1	Stimulus/S  1	1	29967319	29967327	108	4	50	pips_40_500-8000.hdf5	both	none
2997.7985	1	Stimulus/S  1	1	29977985	29977993	108	5	30	pips_40_500-8000.hdf5	both	none
2998.8652	1	Stimulus/S  1	1	29988652	29988660	109	0	20	pips_40_500-8000.hdf5	both	none
2999.9319	1	Stimulus/S  1	1	29999319	29999327	109	1	40	pips_40_500-8000.hdf5	both	none
3000.9772	1	Stimulus/S  1	1	30009772	30009780	109	2	60	pips_40_500-8000.hdf5	both	none
3002.0439	1	Stimulus/S  1	1	30020439	30020447	109	3	70	pips_40_500-8000.hdf5	both	none
3003.1106	1	Stimulus/S  1	1	30031106	30031114	109	4	50	pips_40_500-8000.hdf5	both	none
3004.1666	1	Stimulus/S  1	1	30041666	30041674	109	5	30	pips_40_500-8000.hdf5	both	none
3005.2119	1	Stimulus/S  1	1	30052119	30052127	110	0	20	pips_40_500-8000.hdf5	both	none
3006.2679	1	Stimulus/S  1	1	30062679	30062687	110	1	40	pips_40_500-8000.hdf5	both	none
3007.3346	1	Stimulus/S  1	1	30073346	30073354	110	2	60	pips_40_500-8000.hdf5	both	none
3008.4013	1	Stimulus/S  1	1	30084013	30084021	110	3	70	pips_40_500-8000.hdf5	both	none
3009.4466	1	Stimulus/S  1	1	30094466	30094474	110	4	50	pips_40_500-8000.hdf5	both	none
3010.5027	1	Stimulus/S  1	1	30105027	30105035	110	5	30	pips_40_500-8000.hdf5	both	none
3011.5587	1	Stimulus/S  1	1	30115587	30115595	111	0	20	pips_40_500-8000.hdf5	both	none
3012.6147	1	Stimulus/S  1	1	30126147	30126155	111	1	40	pips_40_500-8000.hdf5	both	none
3013.66	1	Stimulus/S  1	1	30136600	30136608	111	2	60	pips_40_500-8000.hdf5	both	none
3014.7267	1	Stimulus/S  1	1	30147267	30147275	111	3	70	pips_40_500-8000.hdf5	both	none
3015.7827	1	Stimulus/S  1	1	30157827	30157835	111	4	50	pips_40_500-8000.hdf5	both	none
3016.8281	1	Stimulus/S  1	1	30168281	30168289	111	5	30	pips_40_500-8000.hdf5	both	none
3017.8841	1	Stimulus/S  1	1	30178841	30178849	112	0	20	pips_40_500-8000.hdf5	both	none
3018.9507	1	Stimulus/S  1	1	30189507	30189515	112	1	40	pips_40_500-8000.hdf5	both	none
3020.0174	1	Stimulus/S  1	1	30200174	30200182	112	2	60	pips_40_500-8000.hdf5	both	none
3021.0841	1	Stimulus/S  1	1	30210841	30210849	112	3	70	pips_40_500-8000.hdf5	both	none
3022.1508	1	Stimulus/S  1	1	30221508	30221516	112	4	50	pips_40_500-8000.hdf5	both	none
3023.1961	1	Stimulus/S  1	1	30231961	30231969	112	5	30	pips_40_500-8000.hdf5	both	none
3024.2521	1	Stimulus/S  1	1	30242521	30242529	113	0	20	pips_40_500-8000.hdf5	both	none
3025.2975	1	Stimulus/S  1	1	30252975	30252983	113	1	40	pips_40_500-8000.hdf5	both	none
3026.3428	1	Stimulus/S  1	1	30263428	30263436	113	2	60	pips_40_500-8000.hdf5	both	none
3027.4095	1	Stimulus/S  1	1	30274095	30274103	113	3	70	pips_40_500-8000.hdf5	both	none
3028.4762	1	Stimulus/S  1	1	30284762	30284770	113	4	50	pips_40_500-8000.hdf5	both	none
3029.5322	1	Stimulus/S  1	1	30295322	30295330	113	5	30	pips_40_500-8000.hdf5	both	none
3030.5775	1	Stimulus/S  1	1	30305775	30305783	114	0	20	pips_40_500-8000.hdf5	both	none
3031.6335	1	Stimulus/S  1	1	30316335	30316343	114	1	40	pips_40_500-8000.hdf5	both	none
3032.7002	1	Stimulus/S  1	1	30327002	30327010	114	2	60	pips_40_500-8000.hdf5	both	none
3033.7456	1	Stimulus/S  1	1	30337456	30337464	114	3	70	pips_40_500-8000.hdf5	both	none
3034.8016	1	Stimulus/S  1	1	30348016	30348024	114	4	50	pips_40_500-8000.hdf5	both	none
3035.8469	1	Stimulus/S  1	1	30358469	30358477	114	5	30	pips_40_500-8000.hdf5	both	none
3036.9136	1	Stimulus/S  1	1	30369136	30369144	115	0	20	pips_40_500-8000.hdf5	both	none
3037.9803	1	Stimulus/S  1	1	30379803	30379811	115	1	40	pips_40_500-8000.hdf5	both	none
3039.0469	1	Stimulus/S  1	1	30390469	30390477	115	2	60	pips_40_500-8000.hdf5	both	none
3040.1136	1	Stimulus/S  1	1	30401136	30401144	115	3	70	pips_40_500-8000.hdf5	both	none
3041.1696	1	Stimulus/S  1	1	30411696	30411704	115	4	50	pips_40_500-8000.hdf5	both	none
3042.215	1	Stimulus/S  1	1	30422150	30422158	115	5	30	pips_40_500-8000.hdf5	both	none
3043.2816	1	Stimulus/S  1	1	30432816	30432824	116	0	20	pips_40_500-8000.hdf5	both	none
3044.327	1	Stimulus/S  1	1	30443270	30443278	116	1	40	pips_40_500-8000.hdf5	both	none
3045.383	1	Stimulus/S  1	1	30453830	30453838	116	2	60	pips_40_500-8000.hdf5	both	none
3046.4497	1	Stimulus/S  1	1	30464497	30464505	116	3	70	pips_40_500-8000.hdf5	both	none
3047.495	1	Stimulus/S  1	1	30474950	30474958	116	4	50	pips_40_500-8000.hdf5	both	none
3048.551	1	Stimulus/S  1	1	30485510	30485518	116	5	30	pips_40_500-8000.hdf5	both	none
3049.6177	1	Stimulus/S  1	1	30496177	30496185	117	0	20	pips_40_500-8000.hdf5	both	none
3050.6631	1	Stimulus/S  1	1	30506631	30506639	117	1	40	pips_40_500-8000.hdf5	both	none
3051.7191	1	Stimulus/S  1	1	30517191	30517199	117	2	60	pips_40_500-8000.hdf5	both	none
3052.7857	1	Stimulus/S  1	1	30527857	30527865	117	3	70	pips_40_500-8000.hdf5	both	none
3053.8524	1	Stimulus/S  1	1	30538524	30538532	117	4	50	pips_40_500-8000.hdf5	both	none
3054.9191	1	Stimulus/S  1	1	30549191	30549199	117	5	30	pips_40_500-8000.hdf5	both	none
3055.9644	1	Stimulus/S  1	1	30559644	30559652	118	0	20	pips_40_500-8000.hdf5	both	none
3057.0098	1	Stimulus/S  1	1	30570098	30570106	118	1	40	pips_40_500-8000.hdf5	both	none
3058.0765	1	Stimulus/S  1	1	30580765	30580773	118	2	60	pips_40_500-8000.hdf5	both	none
3059.1431	1	Stimulus/S  1	1	30591431	30591439	118	3	70	pips_40_500-8000.hdf5	both	none
3060.2098	1	Stimulus/S  1	1	30602098	30602106	118	4	50	pips_40_500-8000.hdf5	both	none
3061.2765	1	Stimulus/S  1	1	30612765	30612773	118	5	30	pips_40_500-8000.hdf5	both	none
3062.3432	1	Stimulus/S  1	1	30623432	30623440	119	0	20	pips_40_500-8000.hdf5	both	none
3063.4098	1	Stimulus/S  1	1	30634098	30634106	119	1	40	pips_40_500-8000.hdf5	both	none
3064.4765	1	Stimulus/S  1	1	30644765	30644773	119	2	60	pips_40_500-8000.hdf5	both	none
3065.5432	1	Stimulus/S  1	1	30655432	30655440	119	3	70	pips_40_500-8000.hdf5	both	none
3066.5992	1	Stimulus/S  1	1	30665992	30666000	119	4	50	pips_40_500-8000.hdf5	both	none
3067.6446	1	Stimulus/S  1	1	30676446	30676454	119	5	30	pips_40_500-8000.hdf5	both	none
3068.7112	1	Stimulus/S  1	1	30687112	30687120	0	0	20	pips_40_500-8000.hdf5	both	none
3069.7672	1	Stimulus/S  1	1	30697672	30697680	0	1	40	pips_40_500-8000.hdf5	both	none
3070.8126	1	Stimulus/S  1	1	30708126	30708134	0	2	60	pips_40_500-8000.hdf5	both	none
3071.8686	1	Stimulus/S  1	1	30718686	30718694	0	3	70	pips_40_500-8000.hdf5	both	none
3072.9353	1	Stimulus/S  1	1	30729353	30729361	0	4	50	pips_40_500-8000.hdf5	both	none
3074.0019	1	Stimulus/S  1	1	30740019	30740027	0	5	30	pips_40_500-8000.hdf5	both	none
3075.0473	1	Stimulus/S  1	1	30750473	30750481	1	0	20	pips_40_500-8000.hdf5	both	none
3076.1033	1	Stimulus/S  1	1	30761033	30761041	1	1	40	pips_40_500-8000.hdf5	both	none
3077.1486	1	Stimulus/S  1	1	30771486	30771494	1	2	60	pips_40_500-8000.hdf5	both	none
3078.2153	1	Stimulus/S  1	1	30782153	30782161	1	3	70	pips_40_500-8000.hdf5	both	none
3079.282	1	Stimulus/S  1	1	30792820	30792828	1	4	50	pips_40_500-8000.hdf5	both	none
3080.3273	1	Stimulus/S  1	1	30803273	30803281	1	5	30	pips_40_500-8000.hdf5	both	none
3081.3834	1	Stimulus/S  1	1	30813834	30813842	2	0	20	pips_40_500-8000.hdf5	both	none
3082.4287	1	Stimulus/S  1	1	30824287	30824295	2	1	40	pips_40_500-8000.hdf5	both	none
3083.4954	1	Stimulus/S  1	1	30834954	30834962	2	2	60	pips_40_500-8000.hdf5	both	none
3084.5621	1	Stimulus/S  1	1	30845621	30845629	2	3	70	pips_40_500-8000.hdf5	both	none
3085.6287	1	Stimulus/S  1	1	30856287	30856295	2	4	50	pips_40_500-8000.hdf5	both	none
3086.6847	1	Stimulus/S  1	1	30866847	30866855	2	5	30	pips_40_500-8000.hdf5	both	none
3087.7301	1	Stimulus/S  1	1	30877301	30877309	3	0	20	pips_40_500-8000.hdf5	both	none
3088.7861	1	Stimulus/S  1	1	30887861	30887869	3	1	40	pips_40_500-8000.hdf5	both	none
3089.8314	1	Stimulus/S  1	1	30898314	30898322	3	2	60	pips_40_500-8000.hdf5	both	none
3090.8981	1	Stimulus/S  1	1	30908981	30908989	3	3	70	pips_40_500-8000.hdf5	both	none
3091.9648	1	Stimulus/S  1	1	30919648	30919656	3	4	50	pips_40_500-8000.hdf5	both	none
3093.0101	1	Stimulus/S  1	1	30930101	30930109	3	5	30	pips_40_500-8000.hdf5	both	none
3094.0661	1	Stimulus/S  1	1	30940661	30940669	4	0	20	pips_40_500-8000.hdf5	both	none
3095.1115	1	Stimulus/S  1	1	30951115	30951123	4	1	40	pips_40_500-8000.hdf5	both	none
3096.1782	1	Stimulus/S  1	1	30961782	30961790	4	2	60	pips_40_500-8000.hdf5	both	none
3097.2342	1	Stimulus/S  1	1	30972342	30972350	4	3	70	pips_40_500-8000.hdf5	both	none
3098.2795	1	Stimulus/S  1	1	30982795	30982803	4	4	50	pips_40_500-8000.hdf5	both	none
3099.3462	1	Stimulus/S  1	1	30993462	30993470	4	5	30	pips_40_500-8000.hdf5	both	none
3100.4129	1	Stimulus/S  1	1	31004129	31004137	5	0	20	pips_40_500-8000.hdf5	both	none
3101.4796	1	Stimulus/S  1	1	31014796	31014804	5	1	40	pips_40_500-8000.hdf5	both	none
3102.5356	1	Stimulus/S  1	1	31025356	31025364	5	2	60	pips_40_500-8000.hdf5	both	none
3103.6022	1	Stimulus/S  1	1	31036022	31036030	5	3	70	pips_40_500-8000.hdf5	both	none
3104.6689	1	Stimulus/S  1	1	31046689	31046697	5	4	50	pips_40_500-8000.hdf5	both	none
3105.7356	1	Stimulus/S  1	1	31057356	31057364	5	5	30	pips_40_500-8000.hdf5	both	none
3106.7809	1	Stimulus/S  1	1	31067809	31067817	6	0	20	pips_40_500-8000.hdf5	both	none
3107.8476	1	Stimulus/S  1	1	31078476	31078484	6	1	40	pips_40_500-8000.hdf5	both	none
3108.9143	1	Stimulus/S  1	1	31089143	31089151	6	2	60	pips_40_500-8000.hdf5	both	none
3109.9703	1	Stimulus/S  1	1	31099703	31099711	6	3	70	pips_40_500-8000.hdf5	both	none
3111.0156	1	Stimulus/S  1	1	31110156	31110164	6	4	50	pips_40_500-8000.hdf5	both	none
3112.061	1	Stimulus/S  1	1	31120610	31120618	6	5	30	pips_40_500-8000.hdf5	both	none
3113.1277	1	Stimulus/S  1	1	31131277	31131285	7	0	20	pips_40_500-8000.hdf5	both	none
3114.1943	1	Stimulus/S  1	1	31141943	31141951	7	1	40	pips_40_500-8000.hdf5	both	none
3115.261	1	Stimulus/S  1	1	31152610	31152618	7	2	60	pips_40_500-8000.hdf5	both	none
3116.317	1	Stimulus/S  1	1	31163170	31163178	7	3	70	pips_40_500-8000.hdf5	both	none
3117.3624	1	Stimulus/S  1	1	31173624	31173632	7	4	50	pips_40_500-8000.hdf5	both	none
3118.4291	1	Stimulus/S  1	1	31184291	31184299	7	5	30	pips_40_500-8000.hdf5	both	none
3119.4851	1	Stimulus/S  1	1	31194851	31194859	8	0	20	pips_40_500-8000.hdf5	both	none
3120.5304	1	Stimulus/S  1	1	31205304	31205312	8	1	40	pips_40_500-8000.hdf5	both	none
3121.5864	1	Stimulus/S  1	1	31215864	31215872	8	2	60	pips_40_500-8000.hdf5	both	none
3122.6531	1	Stimulus/S  1	1	31226531	31226539	8	3	70	pips_40_500-8000.hdf5	both	none
3123.7198	1	Stimulus/S  1	1	31237198	31237206	8	4	50	pips_40_500-8000.hdf5	both	none
3124.7864	1	Stimulus/S  1	1	31247864	31247872	8	5	30	pips_40_500-8000.hdf5	both	none
3125.8531	1	Stimulus/S  1	1	31258531	31258539	9	0	20	pips_40_500-8000.hdf5	both	none
3126.8985	1	Stimulus/S  1	1	31268985	31268993	9	1	40	pips_40_500-8000.hdf5	both	none
3127.9545	1	Stimulus/S  1	1	31279545	31279553	9	2	60	pips_40_500-8000.hdf5	both	none
3129.0105	1	Stimulus/S  1	1	31290105	31290113	9	3	70	pips_40_500-8000.hdf5	both	none
3130.0665	1	Stimulus/S  1	1	31300665	31300673	9	4	50	pips_40_500-8000.hdf5	both	none
3131.1118	1	Stimulus/S  1	1	31311118	31311126	9	5	30	pips_40_500-8000.hdf5	both	none
3132.1785	1	Stimulus/S  1	1	31321785	31321793	10	0	20	pips_40_500-8000.hdf5	both	none
3133.2452	1	Stimulus/S  1	1	31332452	31332460	10	1	40	pips_40_500-8000.hdf5	both	none
3134.3119	1	Stimulus/S  1	1	31343119	31343127	10	2	60	pips_40_500-8000.hdf5	both	none
3135.3679	1	Stimulus/S  1	1	31353679	31353687	10	3	70	pips_40_500-8000.hdf5	both	none
3136.4132	1	Stimulus/S  1	1	31364132	31364140	10	4	50	pips_40_500-8000.hdf5	both	none
3137.4799	1	Stimulus/S  1	1	31374799	31374807	10	5	30	pips_40_500-8000.hdf5	both	none
3138.5466	1	Stimulus/S  1	1	31385466	31385474	11	0	20	pips_40_500-8000.hdf5	both	none
3139.6026	1	Stimulus/S  1	1	31396026	31396034	11	1	40	pips_40_500-8000.hdf5	both	none
3140.6479	1	Stimulus/S  1	1	31406479	31406487	11	2	60	pips_40_500-8000.hdf5	both	none
3141.7146	1	Stimulus/S  1	1	31417146	31417154	11	3	70	pips_40_500-8000.hdf5	both	none
3142.7813	1	Stimulus/S  1	1	31427813	31427821	11	4	50	pips_40_500-8000.hdf5	both	none
3143.8373	1	Stimulus/S  1	1	31438373	31438381	11	5	30	pips_40_500-8000.hdf5	both	none
3144.8826	1	Stimulus/S  1	1	31448826	31448834	12	0	20	pips_40_500-8000.hdf5	both	none
3145.9493	1	Stimulus/S  1	1	31459493	31459501	12	1	40	pips_40_500-8000.hdf5	both	none
3146.9947	1	Stimulus/S  1	1	31469947	31469955	12	2	60	pips_40_500-8000.hdf5	both	none
3148.0507	1	Stimulus/S  1	1	31480507	31480515	12	3	70	pips_40_500-8000.hdf5	both	none
3149.1174	1	Stimulus/S  1	1	31491174	31491182	12	4	50	pips_40_500-8000.hdf5	both	none
3150.184	1	Stimulus/S  1	1	31501840	31501848	12	5	30	pips_40_500-8000.hdf5	both	none
3151.2294	1	Stimulus/S  1	1	31512294	31512302	13	0	20	pips_40_500-8000.hdf5	both	none
3152.2854	1	Stimulus/S  1	1	31522854	31522862	13	1	40	pips_40_500-8000.hdf5	both	none
3153.3521	1	Stimulus/S  1	1	31533521	31533529	13	2	60	pips_40_500-8000.hdf5	both	none
3154.3974	1	Stimulus/S  1	1	31543974	31543982	13	3	70	pips_40_500-8000.hdf5	both	none
3155.4534	1	Stimulus/S  1	1	31554534	31554542	13	4	50	pips_40_500-8000.hdf5	both	none
3156.5201	1	Stimulus/S  1	1	31565201	31565209	13	5	30	pips_40_500-8000.hdf5	both	none
3157.5654	1	Stimulus/S  1	1	31575654	31575662	14	0	20	pips_40_500-8000.hdf5	both	none
3158.6214	1	Stimulus/S  1	1	31586214	31586222	14	1	40	pips_40_500-8000.hdf5	both	none
3159.6881	1	Stimulus/S  1	1	31596881	31596889	14	2	60	pips_40_500-8000.hdf5	both	none
3160.7548	1	Stimulus/S  1	1	31607548	31607556	14	3	70	pips_40_500-8000.hdf5	both	none
3161.8001	1	Stimulus/S  1	1	31618001	31618009	14	4	50	pips_40_500-8000.hdf5	both	none
3162.8668	1	Stimulus/S  1	1	31628668	31628676	14	5	30	pips_40_500-8000.hdf5	both	none
3163.9335	1	Stimulus/S  1	1	31639335	31639343	15	0	20	pips_40_500-8000.hdf5	both	none
3164.9788	1	Stimulus/S  1	1	31649788	31649796	15	1	40	pips_40_500-8000.hdf5	both	none
3166.0349	1	Stimulus/S  1	1	31660349	31660357	15	2	60	pips_40_500-8000.hdf5	both	none
3167.1015	1	Stimulus/S  1	1	31671015	31671023	15	3	70	pips_40_500-8000.hdf5	both	none
3168.1469	1	Stimulus/S  1	1	31681469	31681477	15	4	50	pips_40_500-8000.hdf5	both	none
3169.2136	1	Stimulus/S  1	1	31692136	31692144	15	5	30	pips_40_500-8000.hdf5	both	none
3170.2802	1	Stimulus/S  1	1	31702802	31702810	16	0	20	pips_40_500-8000.hdf5	both	none
3171.3362	1	Stimulus/S  1	1	31713362	31713370	16	1	40	pips_40_500-8000.hdf5	both	none
3172.3816	1	Stimulus/S  1	1	31723816	31723824	16	2	60	pips_40_500-8000.hdf5	both	none
3173.4483	1	Stimulus/S  1	1	31734483	31734491	16	3	70	pips_40_500-8000.hdf5	both	none
3174.5043	1	Stimulus/S  1	1	31745043	31745051	16	4	50	pips_40_500-8000.hdf5	both	none
3175.5496	1	Stimulus/S  1	1	31755496	31755504	16	5	30	pips_40_500-8000.hdf5	both	none
3176.6163	1	Stimulus/S  1	1	31766163	31766171	17	0	20	pips_40_500-8000.hdf5	both	none
3177.683	1	Stimulus/S  1	1	31776830	31776838	17	1	40	pips_40_500-8000.hdf5	both	none
3178.7283	1	Stimulus/S  1	1	31787283	31787291	17	2	60	pips_40_500-8000.hdf5	both	none
3179.7843	1	Stimulus/S  1	1	31797843	31797851	17	3	70	pips_40_500-8000.hdf5	both	none
3180.8297	1	Stimulus/S  1	1	31808297	31808305	17	4	50	pips_40_500-8000.hdf5	both	none
3181.8963	1	Stimulus/S  1	1	31818963	31818971	17	5	30	pips_40_500-8000.hdf5	both	none
3182.9524	1	Stimulus/S  1	1	31829524	31829532	18	0	20	pips_40_500-8000.hdf5	both	none
3183.9977	1	Stimulus/S  1	1	31839977	31839985	18	1	40	pips_40_500-8000.hdf5	both	none
3185.0537	1	Stimulus/S  1	1	31850537	31850545	18	2	60	pips_40_500-8000.hdf5	both	none
3186.1204	1	Stimulus/S  1	1	31861204	31861212	18	3	70	pips_40_500-8000.hdf5	both	none
3187.1871	1	Stimulus/S  1	1	31871871	31871879	18	4	50	pips_40_500-8000.hdf5	both	none
3188.2324	1	Stimulus/S  1	1	31882324	31882332	18	5	30	pips_40_500-8000.hdf5	both	none
3189.2991	1	Stimulus/S  1	1	31892991	31892999	19	0	20	pips_40_500-8000.hdf5	both	none
3190.3658	1	Stimulus/S  1	1	31903658	31903666	19	1	40	pips_40_500-8000.hdf5	both	none
3191.4218	1	Stimulus/S  1	1	31914218	31914226	19	2	60	pips_40_500-8000.hdf5	both	none
3192.4671	1	Stimulus/S  1	1	31924671	31924679	19	3	70	pips_40_500-8000.hdf5	both	none
3193.5338	1	Stimulus/S  1	1	31935338	31935346	19	4	50	pips_40_500-8000.hdf5	both	none
3194.5791	1	Stimulus/S  1	1	31945791	31945799	19	5	30	pips_40_500-8000.hdf5	both	none
3195.6351	1	Stimulus/S  1	1	31956351	31956359	20	0	20	pips_40_500-8000.hdf5	both	none
3196.6805	1	Stimulus/S  1	1	31966805	31966813	20	1	40	pips_40_500-8000.hdf5	both	none
3197.7472	1	Stimulus/S  1	1	31977472	31977480	20	2	60	pips_40_500-8000.hdf5	both	none
3198.8138	1	Stimulus/S  1	1	31988138	31988146	20	3	70	pips_40_500-8000.hdf5	both	none
3199.8805	1	Stimulus/S  1	1	31998805	31998813	20	4	50	pips_40_500-8000.hdf5	both	none
3200.9365	1	Stimulus/S  1	1	32009365	32009373	20	5	30	pips_40_500-8000.hdf5	both	none
3201.9819	1	Stimulus/S  1	1	32019819	32019827	21	0	20	pips_40_500-8000.hdf5	both	none
3203.0379	1	Stimulus/S  1	1	32030379	32030387	21	1	40	pips_40_500-8000.hdf5	both	none
3204.1046	1	Stimulus/S  1	1	32041046	32041054	21	2	60	pips_40_500-8000.hdf5	both	none
3205.1499	1	Stimulus/S  1	1	32051499	32051507	21	3	70	pips_40_500-8000.hdf5	both	none
3206.1952	1	Stimulus/S  1	1	32061952	32061960	21	4	50	pips_40_500-8000.hdf5	both	none
3207.2619	1	Stimulus/S  1	1	32072619	32072627	21	5	30	pips_40_500-8000.hdf5	both	none
3208.3286	1	Stimulus/S  1	1	32083286	32083294	22	0	20	pips_40_500-8000.hdf5	both	none
3209.3953	1	Stimulus/S  1	1	32093953	32093961	22	1	40	pips_40_500-8000.hdf5	both	none
3210.4513	1	Stimulus/S  1	1	32104513	32104521	22	2	60	pips_40_500-8000.hdf5	both	none
3211.4966	1	Stimulus/S  1	1	32114966	32114974	22	3	70	pips_40_500-8000.hdf5	both	none
3212.5633	1	Stimulus/S  1	1	32125633	32125641	22	4	50	pips_40_500-8000.hdf5	both	none
3213.63	1	Stimulus/S  1	1	32136300	32136308	22	5	30	pips_40_500-8000.hdf5	both	none
3214.686	1	Stimulus/S  1	1	32146860	32146868	23	0	20	pips_40_500-8000.hdf5	both	none
3215.7313	1	Stimulus/S  1	1	32157313	32157321	23	1	40	pips_40_500-8000.hdf5	both	none
3216.7874	1	Stimulus/S  1	1	32167874	32167882	23	2	60	pips_40_500-8000.hdf5	both	none
3217.854	1	Stimulus/S  1	1	32178540	32178548	23	3	70	pips_40_500-8000.hdf5	both	none
3218.8994	1	Stimulus/S  1	1	32188994	32189002	23	4	50	pips_40_500-8000.hdf5	both	none
3219.9554	1	Stimulus/S  1	1	32199554	32199562	23	5	30	pips_40_500-8000.hdf5	both	none
3221.0221	1	Stimulus/S  1	1	32210221	32210229	24	0	20	pips_40_500-8000.hdf5	both	none
3222.0887	1	Stimulus/S  1	1	32220887	32220895	24	1	40	pips_40_500-8000.hdf5	both	none
3223.1341	1	Stimulus/S  1	1	32231341	32231349	24	2	60	pips_40_500-8000.hdf5	both	none
3224.1794	1	Stimulus/S  1	1	32241794	32241802	24	3	70	pips_40_500-8000.hdf5	both	none
3225.2354	1	Stimulus/S  1	1	32252354	32252362	24	4	50	pips_40_500-8000.hdf5	both	none
3226.3021	1	Stimulus/S  1	1	32263021	32263029	24	5	30	pips_40_500-8000.hdf5	both	none
3227.3688	1	Stimulus/S  1	1	32273688	32273696	25	0	20	pips_40_500-8000.hdf5	both	none
3228.4141	1	Stimulus/S  1	1	32284141	32284149	25	1	40	pips_40_500-8000.hdf5	both	none
3229.4701	1	Stimulus/S  1	1	32294701	32294709	25	2	60	pips_40_500-8000.hdf5	both	none
3230.5368	1	Stimulus/S  1	1	32305368	32305376	25	3	70	pips_40_500-8000.hdf5	both	none
3231.6035	1	Stimulus/S  1	1	32316035	32316043	25	4	50	pips_40_500-8000.hdf5	both	none
3232.6488	1	Stimulus/S  1	1	32326488	32326496	25	5	30	pips_40_500-8000.hdf5	both	none
3233.7049	1	Stimulus/S  1	1	32337049	32337057	26	0	20	pips_40_500-8000.hdf5	both	none
3234.7715	1	Stimulus/S  1	1	32347715	32347723	26	1	40	pips_40_500-8000.hdf5	both	none
3235.8382	1	Stimulus/S  1	1	32358382	32358390	26	2	60	pips_40_500-8000.hdf5	both	none
3236.9049	1	Stimulus/S  1	1	32369049	32369057	26	3	70	pips_40_500-8000.hdf5	both	none
3237.9502	1	Stimulus/S  1	1	32379502	32379510	26	4	50	pips_40_500-8000.hdf5	both	none
3239.0169	1	Stimulus/S  1	1	32390169	32390177	26	5	30	pips_40_500-8000.hdf5	both	none
3240.0622	1	Stimulus/S  1	1	32400622	32400630	27	0	20	pips_40_500-8000.hdf5	both	none
3241.1183	1	Stimulus/S  1	1	32411183	32411191	27	1	40	pips_40_500-8000.hdf5	both	none
3242.1636	1	Stimulus/S  1	1	32421636	32421644	27	2	60	pips_40_500-8000.hdf5	both	none
3243.2303	1	Stimulus/S  1	1	32432303	32432311	27	3	70	pips_40_500-8000.hdf5	both	none
3244.2863	1	Stimulus/S  1	1	32442863	32442871	27	4	50	pips_40_500-8000.hdf5	both	none
3245.3316	1	Stimulus/S  1	1	32453316	32453324	27	5	30	pips_40_500-8000.hdf5	both	none
3246.3983	1	Stimulus/S  1	1	32463983	32463991	28	0	20	pips_40_500-8000.hdf5	both	none
3247.4543	1	Stimulus/S  1	1	32474543	32474551	28	1	40	pips_40_500-8000.hdf5	both	none
3248.521	1	Stimulus/S  1	1	32485210	32485218	28	2	60	pips_40_500-8000.hdf5	both	none
3249.5877	1	Stimulus/S  1	1	32495877	32495885	28	3	70	pips_40_500-8000.hdf5	both	none
3250.633	1	Stimulus/S  1	1	32506330	32506338	28	4	50	pips_40_500-8000.hdf5	both	none
3251.689	1	Stimulus/S  1	1	32516890	32516898	28	5	30	pips_40_500-8000.hdf5	both	none
3252.7557	1	Stimulus/S  1	1	32527557	32527565	29	0	20	pips_40_500-8000.hdf5	both	none
3253.8011	1	Stimulus/S  1	1	32538011	32538019	29	1	40	pips_40_500-8000.hdf5	both	none
3254.8464	1	Stimulus/S  1	1	32548464	32548472	29	2	60	pips_40_500-8000.hdf5	both	none
3255.9024	1	Stimulus/S  1	1	32559024	32559032	29	3	70	pips_40_500-8000.hdf5	both	none
3256.9477	1	Stimulus/S  1	1	32569477	32569485	29	4	50	pips_40_500-8000.hdf5	both	none
3258.0144	1	Stimulus/S  1	1	32580144	32580152	29	5	30	pips_40_500-8000.hdf5	both	none
3259.0704	1	Stimulus/S  1	1	32590704	32590712	30	0	20	pips_40_500-8000.hdf5	both	none
3260.1158	1	Stimulus/S  1	1	32601158	32601166	30	1	40	pips_40_500-8000.hdf5	both	none
3261.1825	1	Stimulus/S  1	1	32611825	32611833	30	2	60	pips_40_500-8000.hdf5	both	none
3262.2385	1	Stimulus/S  1	1	32622385	32622393	30	3	70	pips_40_500-8000.hdf5	both	none
3263.2838	1	Stimulus/S  1	1	32632838	32632846	30	4	50	pips_40_500-8000.hdf5	both	none
3264.3398	1	Stimulus/S  1	1	32643398	32643406	30	5	30	pips_40_500-8000.hdf5	both	none
3265.3852	1	Stimulus/S  1	1	32653852	32653860	31	0	20	pips_40_500-8000.hdf5	both	none
3266.4305	1	Stimulus/S  1	1	32664305	32664313	31	1	40	pips_40_500-8000.hdf5	both	none
3267.4972	1	Stimulus/S  1	1	32674972	32674980	31	2	60	pips_40_500-8000.hdf5	both	none
3268.5532	1	Stimulus/S  1	1	32685532	32685540	31	3	70	pips_40_500-8000.hdf5	both	none
3269.5985	1	Stimulus/S  1	1	32695985	32695993	31	4	50	pips_40_500-8000.hdf5	both	none
3270.6546	1	Stimulus/S  1	1	32706546	32706554	31	5	30	pips_40_500-8000.hdf5	both	none
3271.6999	1	Stimulus/S  1	1	32716999	32717007	32	0	20	pips_40_500-8000.hdf5	both	none
3272.7666	1	Stimulus/S  1	1	32727666	32727674	32	1	40	pips_40_500-8000.hdf5	both	none
3273.8226	1	Stimulus/S  1	1	32738226	32738234	32	2	60	pips_40_500-8000.hdf5	both	none
3274.8679	1	Stimulus/S  1	1	32748679	32748687	32	3	70	pips_40_500-8000.hdf5	both	none
3275.9346	1	Stimulus/S  1	1	32759346	32759354	32	4	50	pips_40_500-8000.hdf5	both	none
3276.9906	1	Stimulus/S  1	1	32769906	32769914	32	5	30	pips_40_500-8000.hdf5	both	none
3278.036	1	Stimulus/S  1	1	32780360	32780368	33	0	20	pips_40_500-8000.hdf5	both	none
3279.1026	1	Stimulus/S  1	1	32791026	32791034	33	1	40	pips_40_500-8000.hdf5	both	none
3280.148	1	Stimulus/S  1	1	32801480	32801488	33	2	60	pips_40_500-8000.hdf5	both	none
3281.2147	1	Stimulus/S  1	1	32812147	32812155	33	3	70	pips_40_500-8000.hdf5	both	none
3282.2813	1	Stimulus/S  1	1	32822813	32822821	33	4	50	pips_40_500-8000.hdf5	both	none
3283.3373	1	Stimulus/S  1	1	32833373	32833381	33	5	30	pips_40_500-8000.hdf5	both	none
3284.3827	1	Stimulus/S  1	1	32843827	32843835	34	0	20	pips_40_500-8000.hdf5	both	none
3285.4387	1	Stimulus/S  1	1	32854387	32854395	34	1	40	pips_40_500-8000.hdf5	both	none
3286.484	1	Stimulus/S  1	1	32864840	32864848	34	2	60	pips_40_500-8000.hdf5	both	none
3287.54	1	Stimulus/S  1	1	32875400	32875408	34	3	70	pips_40_500-8000.hdf5	both	none
3288.6067	1	Stimulus/S  1	1	32886067	32886075	34	4	50	pips_40_500-8000.hdf5	both	none
3289.6734	1	Stimulus/S  1	1	32896734	32896742	34	5	30	pips_40_500-8000.hdf5	both	none
3290.7187	1	Stimulus/S  1	1	32907187	32907195	35	0	20	pips_40_500-8000.hdf5	both	none
3291.7641	1	Stimulus/S  1	1	32917641	32917649	35	1	40	pips_40_500-8000.hdf5	both	none
3292.8201	1	Stimulus/S  1	1	32928201	32928209	35	2	60	pips_40_500-8000.hdf5	both	none
3293.8868	1	Stimulus/S  1	1	32938868	32938876	35	3	70	pips_40_500-8000.hdf5	both	none
3294.9321	1	Stimulus/S  1	1	32949321	32949329	35	4	50	pips_40_500-8000.hdf5	both	none
3295.9988	1	Stimulus/S  1	1	32959988	32959996	35	5	30	pips_40_500-8000.hdf5	both	none
3297.0548	1	Stimulus/S  1	1	32970548	32970556	36	0	20	pips_40_500-8000.hdf5	both	none
3298.1215	1	Stimulus/S  1	1	32981215	32981223	36	1	40	pips_40_500-8000.hdf5	both	none
3299.1668	1	Stimulus/S  1	1	32991668	32991676	36	2	60	pips_40_500-8000.hdf5	both	none
3300.2228	1	Stimulus/S  1	1	33002228	33002236	36	3	70	pips_40_500-8000.hdf5	both	none
3301.2895	1	Stimulus/S  1	1	33012895	33012903	36	4	50	pips_40_500-8000.hdf5	both	none
3302.3349	1	Stimulus/S  1	1	33023349	33023357	36	5	30	pips_40_500-8000.hdf5	both	none
3303.4015	1	Stimulus/S  1	1	33034015	33034023	37	0	20	pips_40_500-8000.hdf5	both	none
3304.4469	1	Stimulus/S  1	1	33044469	33044477	37	1	40	pips_40_500-8000.hdf5	both	none
3305.5029	1	Stimulus/S  1	1	33055029	33055037	37	2	60	pips_40_500-8000.hdf5	both	none
3306.5696	1	Stimulus/S  1	1	33065696	33065704	37	3	70	pips_40_500-8000.hdf5	both	none
3307.6149	1	Stimulus/S  1	1	33076149	33076157	37	4	50	pips_40_500-8000.hdf5	both	none
3308.6816	1	Stimulus/S  1	1	33086816	33086824	37	5	30	pips_40_500-8000.hdf5	both	none
3309.7483	1	Stimulus/S  1	1	33097483	33097491	38	0	20	pips_40_500-8000.hdf5	both	none
3310.8043	1	Stimulus/S  1	1	33108043	33108051	38	1	40	pips_40_500-8000.hdf5	both	none
3311.871	1	Stimulus/S  1	1	33118710	33118718	38	2	60	pips_40_500-8000.hdf5	both	none
3312.9163	1	Stimulus/S  1	1	33129163	33129171	38	3	70	pips_40_500-8000.hdf5	both	none
3313.983	1	Stimulus/S  1	1	33139830	33139838	38	4	50	pips_40_500-8000.hdf5	both	none
3315.039	1	Stimulus/S  1	1	33150390	33150398	38	5	30	pips_40_500-8000.hdf5	both	none
3316.0843	1	Stimulus/S  1	1	33160843	33160851	39	0	20	pips_40_500-8000.hdf5	both	none
3317.151	1	Stimulus/S  1	1	33171510	33171518	39	1	40	pips_40_500-8000.hdf5	both	none
3318.207	1	Stimulus/S  1	1	33182070	33182078	39	2	60	pips_40_500-8000.hdf5	both	none
3319.2737	1	Stimulus/S  1	1	33192737	33192745	39	3	70	pips_40_500-8000.hdf5	both	none
3320.319	1	Stimulus/S  1	1	33203190	33203198	39	4	50	pips_40_500-8000.hdf5	both	none
3321.3857	1	Stimulus/S  1	1	33213857	33213865	39	5	30	pips_40_500-8000.hdf5	both	none
3322.4311	1	Stimulus/S  1	1	33224311	33224319	40	0	20	pips_40_500-8000.hdf5	both	none
3323.4977	1	Stimulus/S  1	1	33234977	33234985	40	1	40	pips_40_500-8000.hdf5	both	none
3324.5537	1	Stimulus/S  1	1	33245537	33245545	40	2	60	pips_40_500-8000.hdf5	both	none
3325.5991	1	Stimulus/S  1	1	33255991	33255999	40	3	70	pips_40_500-8000.hdf5	both	none
3326.6658	1	Stimulus/S  1	1	33266658	33266666	40	4	50	pips_40_500-8000.hdf5	both	none
3327.7218	1	Stimulus/S  1	1	33277218	33277226	40	5	30	pips_40_500-8000.hdf5	both	none
3328.7885	1	Stimulus/S  1	1	33287885	33287893	41	0	20	pips_40_500-8000.hdf5	both	none
3329.8551	1	Stimulus/S  1	1	33298551	33298559	41	1	40	pips_40_500-8000.hdf5	both	none
3330.9005	1	Stimulus/S  1	1	33309005	33309013	41	2	60	pips_40_500-8000.hdf5	both	none
3331.9565	1	Stimulus/S  1	1	33319565	33319573	41	3	70	pips_40_500-8000.hdf5	both	none
3333.0018	1	Stimulus/S  1	1	33330018	33330026	41	4	50	pips_40_500-8000.hdf5	both	none
3334.0472	1	Stimulus/S  1	1	33340472	33340480	41	5	30	pips_40_500-8000.hdf5	both	none
3335.1139	1	Stimulus/S  1	1	33351139	33351147	42	0	20	pips_40_500-8000.hdf5	both	none
3336.1699	1	Stimulus/S  1	1	33361699	33361707	42	1	40	pips_40_500-8000.hdf5	both	none
3337.2152	1	Stimulus/S  1	1	33372152	33372160	42	2	60	pips_40_500-8000.hdf5	both	none
3338.2819	1	Stimulus/S  1	1	33382819	33382827	42	3	70	pips_40_500-8000.hdf5	both	none
3339.3486	1	Stimulus/S  1	1	33393486	33393494	42	4	50	pips_40_500-8000.hdf5	both	none
3340.4046	1	Stimulus/S  1	1	33404046	33404054	42	5	30	pips_40_500-8000.hdf5	both	none
3341.4712	1	Stimulus/S  1	1	33414712	33414720	43	0	20	pips_40_500-8000.hdf5	both	none
3342.5166	1	Stimulus/S  1	1	33425166	33425174	43	1	40	pips_40_500-8000.hdf5	both	none
3343.5726	1	Stimulus/S  1	1	33435726	33435734	43	2	60	pips_40_500-8000.hdf5	both	none
3344.6179	1	Stimulus/S  1	1	33446179	33446187	43	3	70	pips_40_500-8000.hdf5	both	none
3345.674	1	Stimulus/S  1	1	33456740	33456748	43	4	50	pips_40_500-8000.hdf5	both	none
3346.7406	1	Stimulus/S  1	1	33467406	33467414	43	5	30	pips_40_500-8000.hdf5	both	none
3347.8073	1	Stimulus/S  1	1	33478073	33478081	44	0	20	pips_40_500-8000.hdf5	both	none
3348.8527	1	Stimulus/S  1	1	33488527	33488535	44	1	40	pips_40_500-8000.hdf5	both	none
3349.9193	1	Stimulus/S  1	1	33499193	33499201	44	2	60	pips_40_500-8000.hdf5	both	none
3350.9647	1	Stimulus/S  1	1	33509647	33509655	44	3	70	pips_40_500-8000.hdf5	both	none
3352.0207	1	Stimulus/S  1	1	33520207	33520215	44	4	50	pips_40_500-8000.hdf5	both	none
3353.066	1	Stimulus/S  1	1	33530660	33530668	44	5	30	pips_40_500-8000.hdf5	both	none
3354.1327	1	Stimulus/S  1	1	33541327	33541335	45	0	20	pips_40_500-8000.hdf5	both	none
3355.1887	1	Stimulus/S  1	1	33551887	33551895	45	1	40	pips_40_500-8000.hdf5	both	none
3356.2341	1	Stimulus/S  1	1	33562341	33562349	45	2	60	pips_40_500-8000.hdf5	both	none
3357.3007	1	Stimulus/S  1	1	33573007	33573015	45	3	70	pips_40_500-8000.hdf5	both	none
3358.3567	1	Stimulus/S  1	1	33583567	33583575	45	4	50	pips_40_500-8000.hdf5	both	none
3359.4234	1	Stimulus/S  1	1	33594234	33594242	45	5	30	pips_40_500-8000.hdf5	both	none
3360.4901	1	Stimulus/S  1	1	33604901	33604909	46	0	20	pips_40_500-8000.hdf5	both	none
3361.5354	1	Stimulus/S  1	1	33615354	33615362	46	1	40	pips_40_500-8000.hdf5	both	none
3362.6021	1	Stimulus/S  1	1	33626021	33626029	46	2	60	pips_40_500-8000.hdf5	both	none
3363.6688	1	Stimulus/S  1	1	33636688	33636696	46	3	70	pips_40_500-8000.hdf5	both	none
3364.7248	1	Stimulus/S  1	1	33647248	33647256	46	4	50	pips_40_500-8000.hdf5	both	none
3365.7915	1	Stimulus/S  1	1	33657915	33657923	46	5	30	pips_40_500-8000.hdf5	both	none
3366.8368	1	Stimulus/S  1	1	33668368	33668376	47	0	20	pips_40_500-8000.hdf5	both	none
3367.9035	1	Stimulus/S  1	1	33679035	33679043	47	1	40	pips_40_500-8000.hdf5	both	none
3368.9702	1	Stimulus/S  1	1	33689702	33689710	47	2	60	pips_40_500-8000.hdf5	both	none
3370.0369	1	Stimulus/S  1	1	33700369	33700377	47	3	70	pips_40_500-8000.hdf5	both	none
3371.0822	1	Stimulus/S  1	1	33710822	33710830	47	4	50	pips_40_500-8000.hdf5	both	none
3372.1489	1	Stimulus/S  1	1	33721489	33721497	47	5	30	pips_40_500-8000.hdf5	both	none
3373.2156	1	Stimulus/S  1	1	33732156	33732164	48	0	20	pips_40_500-8000.hdf5	both	none
3374.2716	1	Stimulus/S  1	1	33742716	33742724	48	1	40	pips_40_500-8000.hdf5	both	none
3375.3169	1	Stimulus/S  1	1	33753169	33753177	48	2	60	pips_40_500-8000.hdf5	both	none
3376.3836	1	Stimulus/S  1	1	33763836	33763844	48	3	70	pips_40_500-8000.hdf5	both	none
3377.4396	1	Stimulus/S  1	1	33774396	33774404	48	4	50	pips_40_500-8000.hdf5	both	none
3378.4849	1	Stimulus/S  1	1	33784849	33784857	48	5	30	pips_40_500-8000.hdf5	both	none
3379.5516	1	Stimulus/S  1	1	33795516	33795524	49	0	20	pips_40_500-8000.hdf5	both	none
3380.6076	1	Stimulus/S  1	1	33806076	33806084	49	1	40	pips_40_500-8000.hdf5	both	none
3381.653	1	Stimulus/S  1	1	33816530	33816538	49	2	60	pips_40_500-8000.hdf5	both	none
3382.7197	1	Stimulus/S  1	1	33827197	33827205	49	3	70	pips_40_500-8000.hdf5	both	none
3383.765	1	Stimulus/S  1	1	33837650	33837658	49	4	50	pips_40_500-8000.hdf5	both	none
3384.821	1	Stimulus/S  1	1	33848210	33848218	49	5	30	pips_40_500-8000.hdf5	both	none
3385.8877	1	Stimulus/S  1	1	33858877	33858885	50	0	20	pips_40_500-8000.hdf5	both	none
3386.9544	1	Stimulus/S  1	1	33869544	33869552	50	1	40	pips_40_500-8000.hdf5	both	none
3387.9997	1	Stimulus/S  1	1	33879997	33880005	50	2	60	pips_40_500-8000.hdf5	both	none
3389.0557	1	Stimulus/S  1	1	33890557	33890565	50	3	70	pips_40_500-8000.hdf5	both	none
3390.1224	1	Stimulus/S  1	1	33901224	33901232	50	4	50	pips_40_500-8000.hdf5	both	none
3391.1677	1	Stimulus/S  1	1	33911677	33911685	50	5	30	pips_40_500-8000.hdf5	both	none
3392.2237	1	Stimulus/S  1	1	33922237	33922245	51	0	20	pips_40_500-8000.hdf5	both	none
3393.2904	1	Stimulus/S  1	1	33932904	33932912	51	1	40	pips_40_500-8000.hdf5	both	none
3394.3358	1	Stimulus/S  1	1	33943358	33943366	51	2	60	pips_40_500-8000.hdf5	both	none
3395.3918	1	Stimulus/S  1	1	33953918	33953926	51	3	70	pips_40_500-8000.hdf5	both	none
3396.4371	1	Stimulus/S  1	1	33964371	33964379	51	4	50	pips_40_500-8000.hdf5	both	none
3397.4825	1	Stimulus/S  1	1	33974825	33974833	51	5	30	pips_40_500-8000.hdf5	both	none
3398.5385	1	Stimulus/S  1	1	33985385	33985393	52	0	20	pips_40_500-8000.hdf5	both	none
3399.6052	1	Stimulus/S  1	1	33996052	33996060	52	1	40	pips_40_500-8000.hdf5	both	none
3400.6505	1	Stimulus/S  1	1	34006505	34006513	52	2	60	pips_40_500-8000.hdf5	both	none
3401.7172	1	Stimulus/S  1	1	34017172	34017180	52	3	70	pips_40_500-8000.hdf5	both	none
3402.7732	1	Stimulus/S  1	1	34027732	34027740	52	4	50	pips_40_500-8000.hdf5	both	none
3403.8185	1	Stimulus/S  1	1	34038185	34038193	52	5	30	pips_40_500-8000.hdf5	both	none
3404.8852	1	Stimulus/S  1	1	34048852	34048860	53	0	20	pips_40_500-8000.hdf5	both	none
3405.9412	1	Stimulus/S  1	1	34059412	34059420	53	1	40	pips_40_500-8000.hdf5	both	none
3407.0079	1	Stimulus/S  1	1	34070079	34070087	53	2	60	pips_40_500-8000.hdf5	both	none
3408.0746	1	Stimulus/S  1	1	34080746	34080754	53	3	70	pips_40_500-8000.hdf5	both	none
3409.1199	1	Stimulus/S  1	1	34091199	34091207	53	4	50	pips_40_500-8000.hdf5	both	none
3410.1866	1	Stimulus/S  1	1	34101866	34101874	53	5	30	pips_40_500-8000.hdf5	both	none
3411.2319	1	Stimulus/S  1	1	34112319	34112327	54	0	20	pips_40_500-8000.hdf5	both	none
3412.2986	1	Stimulus/S  1	1	34122986	34122994	54	1	40	pips_40_500-8000.hdf5	both	none
3413.376	1	Stimulus/S  1	1	34133760	34133768	54	2	60	pips_40_500-8000.hdf5	both	none
3414.4213	1	Stimulus/S  1	1	34144213	34144221	54	3	70	pips_40_500-8000.hdf5	both	none
3415.4666	1	Stimulus/S  1	1	34154666	34154674	54	4	50	pips_40_500-8000.hdf5	both	none
3416.5333	1	Stimulus/S  1	1	34165333	34165341	54	5	30	pips_40_500-8000.hdf5	both	none
3417.5893	1	Stimulus/S  1	1	34175893	34175901	55	0	20	pips_40_500-8000.hdf5	both	none
3418.6347	1	Stimulus/S  1	1	34186347	34186355	55	1	40	pips_40_500-8000.hdf5	both	none
3419.6907	1	Stimulus/S  1	1	34196907	34196915	55	2	60	pips_40_500-8000.hdf5	both	none
3420.736	1	Stimulus/S  1	1	34207360	34207368	55	3	70	pips_40_500-8000.hdf5	both	none
3421.8027	1	Stimulus/S  1	1	34218027	34218035	55	4	50	pips_40_500-8000.hdf5	both	none
3422.8587	1	Stimulus/S  1	1	34228587	34228595	55	5	30	pips_40_500-8000.hdf5	both	none
3423.9254	1	Stimulus/S  1	1	34239254	34239262	56	0	20	pips_40_500-8000.hdf5	both	none
3424.9921	1	Stimulus/S  1	1	34249921	34249929	56	1	40	pips_40_500-8000.hdf5	both	none
3426.0374	1	Stimulus/S  1	1	34260374	34260382	56	2	60	pips_40_500-8000.hdf5	both	none
3427.0828	1	Stimulus/S  1	1	34270828	34270836	56	3	70	pips_40_500-8000.hdf5	both	none
3428.1494	1	Stimulus/S  1	1	34281494	34281502	56	4	50	pips_40_500-8000.hdf5	both	none
3429.2054	1	Stimulus/S  1	1	34292054	34292062	56	5	30	pips_40_500-8000.hdf5	both	none
3430.2721	1	Stimulus/S  1	1	34302721	34302729	57	0	20	pips_40_500-8000.hdf5	both	none
3431.3175	1	Stimulus/S  1	1	34313175	34313183	57	1	40	pips_40_500-8000.hdf5	both	none
3432.3735	1	Stimulus/S  1	1	34323735	34323743	57	2	60	pips_40_500-8000.hdf5	both	none
3433.4402	1	Stimulus/S  1	1	34334402	34334410	57	3	70	pips_40_500-8000.hdf5	both	none
3434.4855	1	Stimulus/S  1	1	34344855	34344863	57	4	50	pips_40_500-8000.hdf5	both	none
3435.5415	1	Stimulus/S  1	1	34355415	34355423	57	5	30	pips_40_500-8000.hdf5	both	none
3436.5868	1	Stimulus/S  1	1	34365868	34365876	58	0	20	pips_40_500-8000.hdf5	both	none
3437.6322	1	Stimulus/S  1	1	34376322	34376330	58	1	40	pips_40_500-8000.hdf5	both	none
3438.7095	1	Stimulus/S  1	1	34387095	34387103	58	2	60	pips_40_500-8000.hdf5	both	none
3439.7549	1	Stimulus/S  1	1	34397549	34397557	58	3	70	pips_40_500-8000.hdf5	both	none
3440.8216	1	Stimulus/S  1	1	34408216	34408224	58	4	50	pips_40_500-8000.hdf5	both	none
3441.8882	1	Stimulus/S  1	1	34418882	34418890	58	5	30	pips_40_500-8000.hdf5	both	none
3442.9336	1	Stimulus/S  1	1	34429336	34429344	59	0	20	pips_40_500-8000.hdf5	both	none
3444.0003	1	Stimulus/S  1	1	34440003	34440011	59	1	40	pips_40_500-8000.hdf5	both	none
3445.0563	1	Stimulus/S  1	1	34450563	34450571	59	2	60	pips_40_500-8000.hdf5	both	none
3446.1229	1	Stimulus/S  1	1	34461229	34461237	59	3	70	pips_40_500-8000.hdf5	both	none
3447.1683	1	Stimulus/S  1	1	34471683	34471691	59	4	50	pips_40_500-8000.hdf5	both	none
3448.235	1	Stimulus/S  1	1	34482350	34482358	59	5	30	pips_40_500-8000.hdf5	both	none
3449.3016	1	Stimulus/S  1	1	34493016	34493024	60	0	20	pips_40_500-8000.hdf5	both	none
3450.3577	1	Stimulus/S  1	1	34503577	34503585	60	1	40	pips_40_500-8000.hdf5	both	none
3451.403	1	Stimulus/S  1	1	34514030	34514038	60	2	60	pips_40_500-8000.hdf5	both	none
3452.4697	1	Stimulus/S  1	1	34524697	34524705	60	3	70	pips_40_500-8000.hdf5	both	none
3453.5257	1	Stimulus/S  1	1	34535257	34535265	60	4	50	pips_40_500-8000.hdf5	both	none
3454.5924	1	Stimulus/S  1	1	34545924	34545932	60	5	30	pips_40_500-8000.hdf5	both	none
3455.6377	1	Stimulus/S  1	1	34556377	34556385	61	0	20	pips_40_500-8000.hdf5	both	none
3456.7044	1	Stimulus/S  1	1	34567044	34567052	61	1	40	pips_40_500-8000.hdf5	both	none
3457.7497	1	Stimulus/S  1	1	34577497	34577505	61	2	60	pips_40_500-8000.hdf5	both	none
3458.8164	1	Stimulus/S  1	1	34588164	34588172	61	3	70	pips_40_500-8000.hdf5	both	none
3459.8724	1	Stimulus/S  1	1	34598724	34598732	61	4	50	pips_40_500-8000.hdf5	both	none
3460.9391	1	Stimulus/S  1	1	34609391	34609399	61	5	30	pips_40_500-8000.hdf5	both	none
3462.0058	1	Stimulus/S  1	1	34620058	34620066	62	0	20	pips_40_500-8000.hdf5	both	none
3463.0511	1	Stimulus/S  1	1	34630511	34630519	62	1	40	pips_40_500-8000.hdf5	both	none
3464.1178	1	Stimulus/S  1	1	34641178	34641186	62	2	60	pips_40_500-8000.hdf5	both	none
3465.1845	1	Stimulus/S  1	1	34651845	34651853	62	3	70	pips_40_500-8000.hdf5	both	none
3466.2405	1	Stimulus/S  1	1	34662405	34662413	62	4	50	pips_40_500-8000.hdf5	both	none
3467.2858	1	Stimulus/S  1	1	34672858	34672866	62	5	30	pips_40_500-8000.hdf5	both	none
3468.3418	1	Stimulus/S  1	1	34683418	34683426	63	0	20	pips_40_500-8000.hdf5	both	none
3469.4085	1	Stimulus/S  1	1	34694085	34694093	63	1	40	pips_40_500-8000.hdf5	both	none
3470.4538	1	Stimulus/S  1	1	34704538	34704546	63	2	60	pips_40_500-8000.hdf5	both	none
3471.5099	1	Stimulus/S  1	1	34715099	34715107	63	3	70	pips_40_500-8000.hdf5	both	none
3472.5552	1	Stimulus/S  1	1	34725552	34725560	63	4	50	pips_40_500-8000.hdf5	both	none
3473.6005	1	Stimulus/S  1	1	34736005	34736013	63	5	30	pips_40_500-8000.hdf5	both	none
3474.6672	1	Stimulus/S  1	1	34746672	34746680	64	0	20	pips_40_500-8000.hdf5	both	none
3475.7232	1	Stimulus/S  1	1	34757232	34757240	64	1	40	pips_40_500-8000.hdf5	both	none
3476.7686	1	Stimulus/S  1	1	34767686	34767694	64	2	60	pips_40_500-8000.hdf5	both	none
3477.8353	1	Stimulus/S  1	1	34778353	34778361	64	3	70	pips_40_500-8000.hdf5	both	none
3478.8913	1	Stimulus/S  1	1	34788913	34788921	64	4	50	pips_40_500-8000.hdf5	both	none
3479.9366	1	Stimulus/S  1	1	34799366	34799374	64	5	30	pips_40_500-8000.hdf5	both	none
3480.9926	1	Stimulus/S  1	1	34809926	34809934	65	0	20	pips_40_500-8000.hdf5	both	none
3482.038	1	Stimulus/S  1	1	34820380	34820388	65	1	40	pips_40_500-8000.hdf5	both	none
3483.1046	1	Stimulus/S  1	1	34831046	34831054	65	2	60	pips_40_500-8000.hdf5	both	none
3484.15	1	Stimulus/S  1	1	34841500	34841508	65	3	70	pips_40_500-8000.hdf5	both	none
3485.206	1	Stimulus/S  1	1	34852060	34852068	65	4	50	pips_40_500-8000.hdf5	both	none
3486.2513	1	Stimulus/S  1	1	34862513	34862521	65	5	30	pips_40_500-8000.hdf5	both	none
3487.3073	1	Stimulus/S  1	1	34873073	34873081	66	0	20	pips_40_500-8000.hdf5	both	none
3488.374	1	Stimulus/S  1	1	34883740	34883748	66	1	40	pips_40_500-8000.hdf5	both	none
3489.4194	1	Stimulus/S  1	1	34894194	34894202	66	2	60	pips_40_500-8000.hdf5	both	none
3490.486	1	Stimulus/S  1	1	34904860	34904868	66	3	70	pips_40_500-8000.hdf5	both	none
3491.5421	1	Stimulus/S  1	1	34915421	34915429	66	4	50	pips_40_500-8000.hdf5	both	none
3492.5874	1	Stimulus/S  1	1	34925874	34925882	66	5	30	pips_40_500-8000.hdf5	both	none
3493.6434	1	Stimulus/S  1	1	34936434	34936442	67	0	20	pips_40_500-8000.hdf5	both	none
3494.6888	1	Stimulus/S  1	1	34946888	34946896	67	1	40	pips_40_500-8000.hdf5	both	none
3495.7554	1	Stimulus/S  1	1	34957554	34957562	67	2	60	pips_40_500-8000.hdf5	both	none
3496.8008	1	Stimulus/S  1	1	34968008	34968016	67	3	70	pips_40_500-8000.hdf5	both	none
3497.8675	1	Stimulus/S  1	1	34978675	34978683	67	4	50	pips_40_500-8000.hdf5	both	none
3498.9235	1	Stimulus/S  1	1	34989235	34989243	67	5	30	pips_40_500-8000.hdf5	both	none
3499.9688	1	Stimulus/S  1	1	34999688	34999696	68	0	20	pips_40_500-8000.hdf5	both	none
3501.0248	1	Stimulus/S  1	1	35010248	35010256	68	1	40	pips_40_500-8000.hdf5	both	none
3502.0915	1	Stimulus/S  1	1	35020915	35020923	68	2	60	pips_40_500-8000.hdf5	both	none
3503.1368	1	Stimulus/S  1	1	35031368	35031376	68	3	70	pips_40_500-8000.hdf5	both	none
3504.1928	1	Stimulus/S  1	1	35041928	35041936	68	4	50	pips_40_500-8000.hdf5	both	none
3505.2595	1	Stimulus/S  1	1	35052595	35052603	68	5	30	pips_40_500-8000.hdf5	both	none
3506.3049	1	Stimulus/S  1	1	35063049	35063057	69	0	20	pips_40_500-8000.hdf5	both	none
3507.3502	1	Stimulus/S  1	1	35073502	35073510	69	1	40	pips_40_500-8000.hdf5	both	none
3508.4276	1	Stimulus/S  1	1	35084276	35084284	69	2	60	pips_40_500-8000.hdf5	both	none
3509.4729	1	Stimulus/S  1	1	35094729	35094737	69	3	70	pips_40_500-8000.hdf5	both	none
3510.5182	1	Stimulus/S  1	1	35105182	35105190	69	4	50	pips_40_500-8000.hdf5	both	none
3511.5743	1	Stimulus/S  1	1	35115743	35115751	69	5	30	pips_40_500-8000.hdf5	both	none
3512.6196	1	Stimulus/S  1	1	35126196	35126204	70	0	20	pips_40_500-8000.hdf5	both	none
3513.6863	1	Stimulus/S  1	1	35136863	35136871	70	1	40	pips_40_500-8000.hdf5	both	none
3514.7423	1	Stimulus/S  1	1	35147423	35147431	70	2	60	pips_40_500-8000.hdf5	both	none
3515.809	1	Stimulus/S  1	1	35158090	35158098	70	3	70	pips_40_500-8000.hdf5	both	none
3516.8543	1	Stimulus/S  1	1	35168543	35168551	70	4	50	pips_40_500-8000.hdf5	both	none
3517.921	1	Stimulus/S  1	1	35179210	35179218	70	5	30	pips_40_500-8000.hdf5	both	none
3518.977	1	Stimulus/S  1	1	35189770	35189778	71	0	20	pips_40_500-8000.hdf5	both	none
3520.0223	1	Stimulus/S  1	1	35200223	35200231	71	1	40	pips_40_500-8000.hdf5	both	none
3521.089	1	Stimulus/S  1	1	35210890	35210898	71	2	60	pips_40_500-8000.hdf5	both	none
3522.1344	1	Stimulus/S  1	1	35221344	35221352	71	3	70	pips_40_500-8000.hdf5	both	none
3523.201	1	Stimulus/S  1	1	35232010	35232018	71	4	50	pips_40_500-8000.hdf5	both	none
3524.2677	1	Stimulus/S  1	1	35242677	35242685	71	5	30	pips_40_500-8000.hdf5	both	none
3525.3237	1	Stimulus/S  1	1	35253237	35253245	72	0	20	pips_40_500-8000.hdf5	both	none
3526.3904	1	Stimulus/S  1	1	35263904	35263912	72	1	40	pips_40_500-8000.hdf5	both	none
3527.4357	1	Stimulus/S  1	1	35274357	35274365	72	2	60	pips_40_500-8000.hdf5	both	none
3528.4918	1	Stimulus/S  1	1	35284918	35284926	72	3	70	pips_40_500-8000.hdf5	both	none
3529.5584	1	Stimulus/S  1	1	35295584	35295592	72	4	50	pips_40_500-8000.hdf5	both	none
3530.6038	1	Stimulus/S  1	1	35306038	35306046	72	5	30	pips_40_500-8000.hdf5	both	none
3531.6705	1	Stimulus/S  1	1	35316705	35316713	73	0	20	pips_40_500-8000.hdf5	both	none
3532.7265	1	Stimulus/S  1	1	35327265	35327273	73	1	40	pips_40_500-8000.hdf5	both	none
3533.7718	1	Stimulus/S  1	1	35337718	35337726	73	2	60	pips_40_500-8000.hdf5	both	none
3534.8171	1	Stimulus/S  1	1	35348171	35348179	73	3	70	pips_40_500-8000.hdf5	both	none
3535.8732	1	Stimulus/S  1	1	35358732	35358740	73	4	50	pips_40_500-8000.hdf5	both	none
3536.9398	1	Stimulus/S  1	1	35369398	35369406	73	5	30	pips_40_500-8000.hdf5	both	none
3537.9852	1	Stimulus/S  1	1	35379852	35379860	74	0	20	pips_40_500-8000.hdf5	both	none
3539.0412	1	Stimulus/S  1	1	35390412	35390420	74	1	40	pips_40_500-8000.hdf5	both	none
3540.0865	1	Stimulus/S  1	1	35400865	35400873	74	2	60	pips_40_500-8000.hdf5	both	none
3541.1425	1	Stimulus/S  1	1	35411425	35411433	74	3	70	pips_40_500-8000.hdf5	both	none
3542.2092	1	Stimulus/S  1	1	35422092	35422100	74	4	50	pips_40_500-8000.hdf5	both	none
3543.2546	1	Stimulus/S  1	1	35432546	35432554	74	5	30	pips_40_500-8000.hdf5	both	none
3544.3212	1	Stimulus/S  1	1	35443212	35443220	75	0	20	pips_40_500-8000.hdf5	both	none
3545.3773	1	Stimulus/S  1	1	35453773	35453781	75	1	40	pips_40_500-8000.hdf5	both	none
3546.4226	1	Stimulus/S  1	1	35464226	35464234	75	2	60	pips_40_500-8000.hdf5	both	none
3547.4893	1	Stimulus/S  1	1	35474893	35474901	75	3	70	pips_40_500-8000.hdf5	both	none
3548.5346	1	Stimulus/S  1	1	35485346	35485354	75	4	50	pips_40_500-8000.hdf5	both	none
3549.6013	1	Stimulus/S  1	1	35496013	35496021	75	5	30	pips_40_500-8000.hdf5	both	none
3550.6573	1	Stimulus/S  1	1	35506573	35506581	76	0	20	pips_40_500-8000.hdf5	both	none
3551.724	1	Stimulus/S  1	1	35517240	35517248	76	1	40	pips_40_500-8000.hdf5	both	none
3552.7907	1	Stimulus/S  1	1	35527907	35527915	76	2	60	pips_40_500-8000.hdf5	both	none
3553.836	1	Stimulus/S  1	1	35538360	35538368	76	3	70	pips_40_500-8000.hdf5	both	none
3554.892	1	Stimulus/S  1	1	35548920	35548928	76	4	50	pips_40_500-8000.hdf5	both	none
3555.9587	1	Stimulus/S  1	1	35559587	35559595	76	5	30	pips_40_500-8000.hdf5	both	none
3557.0254	1	Stimulus/S  1	1	35570254	35570262	77	0	20	pips_40_500-8000.hdf5	both	none
3558.0707	1	Stimulus/S  1	1	35580707	35580715	77	1	40	pips_40_500-8000.hdf5	both	none
3559.1267	1	Stimulus/S  1	1	35591267	35591275	77	2	60	pips_40_500-8000.hdf5	both	none
3560.1934	1	Stimulus/S  1	1	35601934	35601942	77	3	70	pips_40_500-8000.hdf5	both	none
3561.2387	1	Stimulus/S  1	1	35612387	35612395	77	4	50	pips_40_500-8000.hdf5	both	none
3562.2948	1	Stimulus/S  1	1	35622948	35622956	77	5	30	pips_40_500-8000.hdf5	both	none
3563.3401	1	Stimulus/S  1	1	35633401	35633409	78	0	20	pips_40_500-8000.hdf5	both	none
3564.4068	1	Stimulus/S  1	1	35644068	35644076	78	1	40	pips_40_500-8000.hdf5	both	none
3565.4521	1	Stimulus/S  1	1	35654521	35654529	78	2	60	pips_40_500-8000.hdf5	both	none
3566.5081	1	Stimulus/S  1	1	35665081	35665089	78	3	70	pips_40_500-8000.hdf5	both	none
3567.5748	1	Stimulus/S  1	1	35675748	35675756	78	4	50	pips_40_500-8000.hdf5	both	none
3568.6415	1	Stimulus/S  1	1	35686415	35686423	78	5	30	pips_40_500-8000.hdf5	both	none
3569.6868	1	Stimulus/S  1	1	35696868	35696876	79	0	20	pips_40_500-8000.hdf5	both	none
3570.7428	1	Stimulus/S  1	1	35707428	35707436	79	1	40	pips_40_500-8000.hdf5	both	none
3571.8095	1	Stimulus/S  1	1	35718095	35718103	79	2	60	pips_40_500-8000.hdf5	both	none
3572.8549	1	Stimulus/S  1	1	35728549	35728557	79	3	70	pips_40_500-8000.hdf5	both	none
3573.9215	1	Stimulus/S  1	1	35739215	35739223	79	4	50	pips_40_500-8000.hdf5	both	none
3574.9775	1	Stimulus/S  1	1	35749775	35749783	79	5	30	pips_40_500-8000.hdf5	both	none
3576.0229	1	Stimulus/S  1	1	35760229	35760237	80	0	20	pips_40_500-8000.hdf5	both	none
3577.0896	1	Stimulus/S  1	1	35770896	35770904	80	1	40	pips_40_500-8000.hdf5	both	none
3578.1456	1	Stimulus/S  1	1	35781456	35781464	80	2	60	pips_40_500-8000.hdf5	both	none
3579.1909	1	Stimulus/S  1	1	35791909	35791917	80	3	70	pips_40_500-8000.hdf5	both	none
3580.2576	1	Stimulus/S  1	1	35802576	35802584	80	4	50	pips_40_500-8000.hdf5	both	none
3581.3029	1	Stimulus/S  1	1	35813029	35813037	80	5	30	pips_40_500-8000.hdf5	both	none
3582.3589	1	Stimulus/S  1	1	35823589	35823597	81	0	20	pips_40_500-8000.hdf5	both	none
3583.4256	1	Stimulus/S  1	1	35834256	35834264	81	1	40	pips_40_500-8000.hdf5	both	none
3584.4923	1	Stimulus/S  1	1	35844923	35844931	81	2	60	pips_40_500-8000.hdf5	both	none
3585.5376	1	Stimulus/S  1	1	35855376	35855384	81	3	70	pips_40_500-8000.hdf5	both	none
3586.5937	1	Stimulus/S  1	1	35865937	35865945	81	4	50	pips_40_500-8000.hdf5	both	none
3587.6603	1	Stimulus/S  1	1	35876603	35876611	81	5	30	pips_40_500-8000.hdf5	both	none
3588.7057	1	Stimulus/S  1	1	35887057	35887065	82	0	20	pips_40_500-8000.hdf5	both	none
3589.7617	1	Stimulus/S  1	1	35897617	35897625	82	1	40	pips_40_500-8000.hdf5	both	none
3590.8284	1	Stimulus/S  1	1	35908284	35908292	82	2	60	pips_40_500-8000.hdf5	both	none
3591.8737	1	Stimulus/S  1	1	35918737	35918745	82	3	70	pips_40_500-8000.hdf5	both	none
3592.9191	1	Stimulus/S  1	1	35929191	35929199	82	4	50	pips_40_500-8000.hdf5	both	none
3593.9857	1	Stimulus/S  1	1	35939857	35939865	82	5	30	pips_40_500-8000.hdf5	both	none
3595.0417	1	Stimulus/S  1	1	35950417	35950425	83	0	20	pips_40_500-8000.hdf5	both	none
3596.1084	1	Stimulus/S  1	1	35961084	35961092	83	1	40	pips_40_500-8000.hdf5	both	none
3597.1751	1	Stimulus/S  1	1	35971751	35971759	83	2	60	pips_40_500-8000.hdf5	both	none
3598.2204	1	Stimulus/S  1	1	35982204	35982212	83	3	70	pips_40_500-8000.hdf5	both	none
3599.2764	1	Stimulus/S  1	1	35992764	35992772	83	4	50	pips_40_500-8000.hdf5	both	none
3600.3431	1	Stimulus/S  1	1	36003431	36003439	83	5	30	pips_40_500-8000.hdf5	both	none
3601.3885	1	Stimulus/S  1	1	36013885	36013893	84	0	20	pips_40_500-8000.hdf5	both	none
3602.4445	1	Stimulus/S  1	1	36024445	36024453	84	1	40	pips_40_500-8000.hdf5	both	none
3603.4898	1	Stimulus/S  1	1	36034898	36034906	84	2	60	pips_40_500-8000.hdf5	both	none
3604.5458	1	Stimulus/S  1	1	36045458	36045466	84	3	70	pips_40_500-8000.hdf5	both	none
3605.5912	1	Stimulus/S  1	1	36055912	36055920	84	4	50	pips_40_500-8000.hdf5	both	none
3606.6365	1	Stimulus/S  1	1	36066365	36066373	84	5	30	pips_40_500-8000.hdf5	both	none
3607.7032	1	Stimulus/S  1	1	36077032	36077040	85	0	20	pips_40_500-8000.hdf5	both	none
3608.7699	1	Stimulus/S  1	1	36087699	36087707	85	1	40	pips_40_500-8000.hdf5	both	none
3609.8259	1	Stimulus/S  1	1	36098259	36098267	85	2	60	pips_40_500-8000.hdf5	both	none
3610.8926	1	Stimulus/S  1	1	36108926	36108934	85	3	70	pips_40_500-8000.hdf5	both	none
3611.9379	1	Stimulus/S  1	1	36119379	36119387	85	4	50	pips_40_500-8000.hdf5	both	none
3613.0046	1	Stimulus/S  1	1	36130046	36130054	85	5	30	pips_40_500-8000.hdf5	both	none
3614.0606	1	Stimulus/S  1	1	36140606	36140614	86	0	20	pips_40_500-8000.hdf5	both	none
3615.1059	1	Stimulus/S  1	1	36151059	36151067	86	1	40	pips_40_500-8000.hdf5	both	none
3616.1726	1	Stimulus/S  1	1	36161726	36161734	86	2	60	pips_40_500-8000.hdf5	both	none
3617.2286	1	Stimulus/S  1	1	36172286	36172294	86	3	70	pips_40_500-8000.hdf5	both	none
3618.274	1	Stimulus/S  1	1	36182740	36182748	86	4	50	pips_40_500-8000.hdf5	both	none
3619.3406	1	Stimulus/S  1	1	36193406	36193414	86	5	30	pips_40_500-8000.hdf5	both	none
3620.386	1	Stimulus/S  1	1	36203860	36203868	87	0	20	pips_40_500-8000.hdf5	both	none
3621.442	1	Stimulus/S  1	1	36214420	36214428	87	1	40	pips_40_500-8000.hdf5	both	none
3622.4873	1	Stimulus/S  1	1	36224873	36224881	87	2	60	pips_40_500-8000.hdf5	both	none
3623.554	1	Stimulus/S  1	1	36235540	36235548	87	3	70	pips_40_500-8000.hdf5	both	none
3624.6207	1	Stimulus/S  1	1	36246207	36246215	87	4	50	pips_40_500-8000.hdf5	both	none
3625.6874	1	Stimulus/S  1	1	36256874	36256882	87	5	30	pips_40_500-8000.hdf5	both	none
3626.7434	1	Stimulus/S  1	1	36267434	36267442	88	0	20	pips_40_500-8000.hdf5	both	none
3627.7887	1	Stimulus/S  1	1	36277887	36277895	88	1	40	pips_40_500-8000.hdf5	both	none
3628.8554	1	Stimulus/S  1	1	36288554	36288562	88	2	60	pips_40_500-8000.hdf5	both	none
3629.9114	1	Stimulus/S  1	1	36299114	36299122	88	3	70	pips_40_500-8000.hdf5	both	none
3630.9781	1	Stimulus/S  1	1	36309781	36309789	88	4	50	pips_40_500-8000.hdf5	both	none
3632.0448	1	Stimulus/S  1	1	36320448	36320456	88	5	30	pips_40_500-8000.hdf5	both	none
3633.0901	1	Stimulus/S  1	1	36330901	36330909	89	0	20	pips_40_500-8000.hdf5	both	none
3634.1461	1	Stimulus/S  1	1	36341461	36341469	89	1	40	pips_40_500-8000.hdf5	both	none
3635.2128	1	Stimulus/S  1	1	36352128	36352136	89	2	60	pips_40_500-8000.hdf5	both	none
3636.2581	1	Stimulus/S  1	1	36362581	36362589	89	3	70	pips_40_500-8000.hdf5	both	none
3637.3035	1	Stimulus/S  1	1	36373035	36373043	89	4	50	pips_40_500-8000.hdf5	both	none
3638.3702	1	Stimulus/S  1	1	36383702	36383710	89	5	30	pips_40_500-8000.hdf5	both	none
3639.4262	1	Stimulus/S  1	1	36394262	36394270	90	0	20	pips_40_500-8000.hdf5	both	none
3640.4929	1	Stimulus/S  1	1	36404929	36404937	90	1	40	pips_40_500-8000.hdf5	both	none
3641.5382	1	Stimulus/S  1	1	36415382	36415390	90	2	60	pips_40_500-8000.hdf5	both	none
3642.5942	1	Stimulus/S  1	1	36425942	36425950	90	3	70	pips_40_500-8000.hdf5	both	none
3643.6396	1	Stimulus/S  1	1	36436396	36436404	90	4	50	pips_40_500-8000.hdf5	both	none
3644.6956	1	Stimulus/S  1	1	36446956	36446964	90	5	30	pips_40_500-8000.hdf5	both	none
3645.7622	1	Stimulus/S  1	1	36457622	36457630	91	0	20	pips_40_500-8000.hdf5	both	none
3646.8076	1	Stimulus/S  1	1	36468076	36468084	91	1	40	pips_40_500-8000.hdf5	both	none
3647.8636	1	Stimulus/S  1	1	36478636	36478644	91	2	60	pips_40_500-8000.hdf5	both	none
3648.9196	1	Stimulus/S  1	1	36489196	36489204	91	3	70	pips_40_500-8000.hdf5	both	none
3649.9756	1	Stimulus/S  1	1	36499756	36499764	91	4	50	pips_40_500-8000.hdf5	both	none
3651.021	1	Stimulus/S  1	1	36510210	36510218	91	5	30	pips_40_500-8000.hdf5	both	none
3652.0876	1	Stimulus/S  1	1	36520876	36520884	92	0	20	pips_40_500-8000.hdf5	both	none
3653.1436	1	Stimulus/S  1	1	36531436	36531444	92	1	40	pips_40_500-8000.hdf5	both	none
3654.189	1	Stimulus/S  1	1	36541890	36541898	92	2	60	pips_40_500-8000.hdf5	both	none
3655.2557	1	Stimulus/S  1	1	36552557	36552565	92	3	70	pips_40_500-8000.hdf5	both	none
3656.3117	1	Stimulus/S  1	1	36563117	36563125	92	4	50	pips_40_500-8000.hdf5	both	none
3657.357	1	Stimulus/S  1	1	36573570	36573578	92	5	30	pips_40_500-8000.hdf5	both	none
3658.4237	1	Stimulus/S  1	1	36584237	36584245	93	0	20	pips_40_500-8000.hdf5	both	none
3659.4797	1	Stimulus/S  1	1	36594797	36594805	93	1	40	pips_40_500-8000.hdf5	both	none
3660.5251	1	Stimulus/S  1	1	36605251	36605259	93	2	60	pips_40_500-8000.hdf5	both	none
3661.5704	1	Stimulus/S  1	1	36615704	36615712	93	3	70	pips_40_500-8000.hdf5	both	none
3662.6371	1	Stimulus/S  1	1	36626371	36626379	93	4	50	pips_40_500-8000.hdf5	both	none
3663.7037	1	Stimulus/S  1	1	36637037	36637045	93	5	30	pips_40_500-8000.hdf5	both	none
3664.7704	1	Stimulus/S  1	1	36647704	36647712	94	0	20	pips_40_500-8000.hdf5	both	none
3665.8264	1	Stimulus/S  1	1	36658264	36658272	94	1	40	pips_40_500-8000.hdf5	both	none
3666.8718	1	Stimulus/S  1	1	36668718	36668726	94	2	60	pips_40_500-8000.hdf5	both	none
3667.9278	1	Stimulus/S  1	1	36679278	36679286	94	3	70	pips_40_500-8000.hdf5	both	none
3668.9731	1	Stimulus/S  1	1	36689731	36689739	94	4	50	pips_40_500-8000.hdf5	both	none
3670.0291	1	Stimulus/S  1	1	36700291	36700299	94	5	30	pips_40_500-8000.hdf5	both	none
3671.0745	1	Stimulus/S  1	1	36710745	36710753	95	0	20	pips_40_500-8000.hdf5	both	none
3672.1198	1	Stimulus/S  1	1	36721198	36721206	95	1	40	pips_40_500-8000.hdf5	both	none
3673.1972	1	Stimulus/S  1	1	36731972	36731980	95	2	60	pips_40_500-8000.hdf5	both	none
3674.2425	1	Stimulus/S  1	1	36742425	36742433	95	3	70	pips_40_500-8000.hdf5	both	none
3675.2879	1	Stimulus/S  1	1	36752879	36752887	95	4	50	pips_40_500-8000.hdf5	both	none
3676.3545	1	Stimulus/S  1	1	36763545	36763553	95	5	30	pips_40_500-8000.hdf5	both	none
3677.4105	1	Stimulus/S  1	1	36774105	36774113	96	0	20	pips_40_500-8000.hdf5	both	none
3678.4559	1	Stimulus/S  1	1	36784559	36784567	96	1	40	pips_40_500-8000.hdf5	both	none
3679.5226	1	Stimulus/S  1	1	36795226	36795234	96	2	60	pips_40_500-8000.hdf5	both	none
3680.5786	1	Stimulus/S  1	1	36805786	36805794	96	3	70	pips_40_500-8000.hdf5	both	none
3681.6239	1	Stimulus/S  1	1	36816239	36816247	96	4	50	pips_40_500-8000.hdf5	both	none
3682.6906	1	Stimulus/S  1	1	36826906	36826914	96	5	30	pips_40_500-8000.hdf5	both	none
3683.7573	1	Stimulus/S  1	1	36837573	36837581	97	0	20	pips_40_500-8000.hdf5	both	none
3684.824	1	Stimulus/S  1	1	36848240	36848248	97	1	40	pips_40_500-8000.hdf5	both	none
3685.88	1	Stimulus/S  1	1	36858800	36858808	97	2	60	pips_40_500-8000.hdf5	both	none
3686.9253	1	Stimulus/S  1	1	36869253	36869261	97	3	70	pips_40_500-8000.hdf5	both	none
3687.992	1	Stimulus/S  1	1	36879920	36879928	97	4	50	pips_40_500-8000.hdf5	both	none
3689.0587	1	Stimulus/S  1	1	36890587	36890595	97	5	30	pips_40_500-8000.hdf5	both	none
3690.104	1	Stimulus/S  1	1	36901040	36901048	98	0	20	pips_40_500-8000.hdf5	both	none
3691.16	1	Stimulus/S  1	1	36911600	36911608	98	1	40	pips_40_500-8000.hdf5	both	none
3692.2267	1	Stimulus/S  1	1	36922267	36922275	98	2	60	pips_40_500-8000.hdf5	both	none
3693.2934	1	Stimulus/S  1	1	36932934	36932942	98	3	70	pips_40_500-8000.hdf5	both	none
3694.36	1	Stimulus/S  1	1	36943600	36943608	98	4	50	pips_40_500-8000.hdf5	both	none
3695.4054	1	Stimulus/S  1	1	36954054	36954062	98	5	30	pips_40_500-8000.hdf5	both	none
3696.4614	1	Stimulus/S  1	1	36964614	36964622	99	0	20	pips_40_500-8000.hdf5	both	none
3697.5281	1	Stimulus/S  1	1	36975281	36975289	99	1	40	pips_40_500-8000.hdf5	both	none
3698.5948	1	Stimulus/S  1	1	36985948	36985956	99	2	60	pips_40_500-8000.hdf5	both	none
3699.6614	1	Stimulus/S  1	1	36996614	36996622	99	3	70	pips_40_500-8000.hdf5	both	none
3700.7281	1	Stimulus/S  1	1	37007281	37007289	99	4	50	pips_40_500-8000.hdf5	both	none
3701.7948	1	Stimulus/S  1	1	37017948	37017956	99	5	30	pips_40_500-8000.hdf5	both	none
3702.8401	1	Stimulus/S  1	1	37028401	37028409	100	0	20	pips_40_500-8000.hdf5	both	none
3703.8961	1	Stimulus/S  1	1	37038961	37038969	100	1	40	pips_40_500-8000.hdf5	both	none
3704.9628	1	Stimulus/S  1	1	37049628	37049636	100	2	60	pips_40_500-8000.hdf5	both	none
3706.0082	1	Stimulus/S  1	1	37060082	37060090	100	3	70	pips_40_500-8000.hdf5	both	none
3707.0642	1	Stimulus/S  1	1	37070642	37070650	100	4	50	pips_40_500-8000.hdf5	both	none
3708.1095	1	Stimulus/S  1	1	37081095	37081103	100	5	30	pips_40_500-8000.hdf5	both	none
3709.1762	1	Stimulus/S  1	1	37091762	37091770	101	0	20	pips_40_500-8000.hdf5	both	none
3710.2215	1	Stimulus/S  1	1	37102215	37102223	101	1	40	pips_40_500-8000.hdf5	both	none
3711.2775	1	Stimulus/S  1	1	37112775	37112783	101	2	60	pips_40_500-8000.hdf5	both	none
3712.3442	1	Stimulus/S  1	1	37123442	37123450	101	3	70	pips_40_500-8000.hdf5	both	none
3713.4109	1	Stimulus/S  1	1	37134109	37134117	101	4	50	pips_40_500-8000.hdf5	both	none
3714.4776	1	Stimulus/S  1	1	37144776	37144784	101	5	30	pips_40_500-8000.hdf5	both	none
3715.5229	1	Stimulus/S  1	1	37155229	37155237	102	0	20	pips_40_500-8000.hdf5	both	none
3716.5789	1	Stimulus/S  1	1	37165789	37165797	102	1	40	pips_40_500-8000.hdf5	both	none
3717.6243	1	Stimulus/S  1	1	37176243	37176251	102	2	60	pips_40_500-8000.hdf5	both	none
3718.6803	1	Stimulus/S  1	1	37186803	37186811	102	3	70	pips_40_500-8000.hdf5	both	none
3719.7256	1	Stimulus/S  1	1	37197256	37197264	102	4	50	pips_40_500-8000.hdf5	both	none
3720.7923	1	Stimulus/S  1	1	37207923	37207931	102	5	30	pips_40_500-8000.hdf5	both	none
3721.8377	1	Stimulus/S  1	1	37218377	37218385	103	0	20	pips_40_500-8000.hdf5	both	none
3722.8937	1	Stimulus/S  1	1	37228937	37228945	103	1	40	pips_40_500-8000.hdf5	both	none
3723.9603	1	Stimulus/S  1	1	37239603	37239611	103	2	60	pips_40_500-8000.hdf5	both	none
3725.0057	1	Stimulus/S  1	1	37250057	37250065	103	3	70	pips_40_500-8000.hdf5	both	none
3726.0617	1	Stimulus/S  1	1	37260617	37260625	103	4	50	pips_40_500-8000.hdf5	both	none
3727.1284	1	Stimulus/S  1	1	37271284	37271292	103	5	30	pips_40_500-8000.hdf5	both	none
3728.1737	1	Stimulus/S  1	1	37281737	37281745	104	0	20	pips_40_500-8000.hdf5	both	none
3729.2297	1	Stimulus/S  1	1	37292297	37292305	104	1	40	pips_40_500-8000.hdf5	both	none
3730.2964	1	Stimulus/S  1	1	37302964	37302972	104	2	60	pips_40_500-8000.hdf5	both	none
3731.3417	1	Stimulus/S  1	1	37313417	37313425	104	3	70	pips_40_500-8000.hdf5	both	none
3732.3978	1	Stimulus/S  1	1	37323978	37323986	104	4	50	pips_40_500-8000.hdf5	both	none
3733.4644	1	Stimulus/S  1	1	37334644	37334652	104	5	30	pips_40_500-8000.hdf5	both	none
3734.5098	1	Stimulus/S  1	1	37345098	37345106	105	0	20	pips_40_500-8000.hdf5	both	none
3735.5765	1	Stimulus/S  1	1	37355765	37355773	105	1	40	pips_40_500-8000.hdf5	both	none
3736.6218	1	Stimulus/S  1	1	37366218	37366226	105	2	60	pips_40_500-8000.hdf5	both	none
3737.6778	1	Stimulus/S  1	1	37376778	37376786	105	3	70	pips_40_500-8000.hdf5	both	none
3738.7445	1	Stimulus/S  1	1	37387445	37387453	105	4	50	pips_40_500-8000.hdf5	both	none
3739.7898	1	Stimulus/S  1	1	37397898	37397906	105	5	30	pips_40_500-8000.hdf5	both	none
3740.8458	1	Stimulus/S  1	1	37408458	37408466	106	0	20	pips_40_500-8000.hdf5	both	none
3741.8912	1	Stimulus/S  1	1	37418912	37418920	106	1	40	pips_40_500-8000.hdf5	both	none
3742.9472	1	Stimulus/S  1	1	37429472	37429480	106	2	60	pips_40_500-8000.hdf5	both	none
3743.9925	1	Stimulus/S  1	1	37439925	37439933	106	3	70	pips_40_500-8000.hdf5	both	none
3745.0592	1	Stimulus/S  1	1	37450592	37450600	106	4	50	pips_40_500-8000.hdf5	both	none
3746.1259	1	Stimulus/S  1	1	37461259	37461267	106	5	30	pips_40_500-8000.hdf5	both	none
3747.1926	1	Stimulus/S  1	1	37471926	37471934	107	0	20	pips_40_500-8000.hdf5	both	none
3748.2379	1	Stimulus/S  1	1	37482379	37482387	107	1	40	pips_40_500-8000.hdf5	both	none
3749.2939	1	Stimulus/S  1	1	37492939	37492947	107	2	60	pips_40_500-8000.hdf5	both	none
3750.3393	1	Stimulus/S  1	1	37503393	37503401	107	3	70	pips_40_500-8000.hdf5	both	none
3751.4059	1	Stimulus/S  1	1	37514059	37514067	107	4	50	pips_40_500-8000.hdf5	both	none
3752.4726	1	Stimulus/S  1	1	37524726	37524734	107	5	30	pips_40_500-8000.hdf5	both	none
3753.5393	1	Stimulus/S  1	1	37535393	37535401	108	0	20	pips_40_500-8000.hdf5	both	none
3754.606	1	Stimulus/S  1	1	37546060	37546068	108	1	40	pips_40_500-8000.hdf5	both	none
3755.662	1	Stimulus/S  1	1	37556620	37556628	108	2	60	pips_40_500-8000.hdf5	both	none
3756.7073	1	Stimulus/S  1	1	37567073	37567081	108	3	70	pips_40_500-8000.hdf5	both	none
3757.7633	1	Stimulus/S  1	1	37577633	37577641	108	4	50	pips_40_500-8000.hdf5	both	none
3758.83	1	Stimulus/S  1	1	37588300	37588308	108	5	30	pips_40_500-8000.hdf5	both	none
3759.8967	1	Stimulus/S  1	1	37598967	37598975	109	0	20	pips_40_500-8000.hdf5	both	none
3760.942	1	Stimulus/S  1	1	37609420	37609428	109	1	40	pips_40_500-8000.hdf5	both	none
3761.998	1	Stimulus/S  1	1	37619980	37619988	109	2	60	pips_40_500-8000.hdf5	both	none
3763.0434	1	Stimulus/S  1	1	37630434	37630442	109	3	70	pips_40_500-8000.hdf5	both	none
3764.1101	1	Stimulus/S  1	1	37641101	37641109	109	4	50	pips_40_500-8000.hdf5	both	none
3765.1767	1	Stimulus/S  1	1	37651767	37651775	109	5	30	pips_40_500-8000.hdf5	both	none
3766.2434	1	Stimulus/S  1	1	37662434	37662442	110	0	20	pips_40_500-8000.hdf5	both	none
3767.2888	1	Stimulus/S  1	1	37672888	37672896	110	1	40	pips_40_500-8000.hdf5	both	none
3768.3554	1	Stimulus/S  1	1	37683554	37683562	110	2	60	pips_40_500-8000.hdf5	both	none
3769.4221	1	Stimulus/S  1	1	37694221	37694229	110	3	70	pips_40_500-8000.hdf5	both	none
3770.4888	1	Stimulus/S  1	1	37704888	37704896	110	4	50	pips_40_500-8000.hdf5	both	none
3771.5555	1	Stimulus/S  1	1	37715555	37715563	110	5	30	pips_40_500-8000.hdf5	both	none
3772.6222	1	Stimulus/S  1	1	37726222	37726230	111	0	20	pips_40_500-8000.hdf5	both	none
3773.6888	1	Stimulus/S  1	1	37736888	37736896	111	1	40	pips_40_500-8000.hdf5	both	none
3774.7555	1	Stimulus/S  1	1	37747555	37747563	111	2	60	pips_40_500-8000.hdf5	both	none
3775.8222	1	Stimulus/S  1	1	37758222	37758230	111	3	70	pips_40_500-8000.hdf5	both	none
3776.8889	1	Stimulus/S  1	1	37768889	37768897	111	4	50	pips_40_500-8000.hdf5	both	none
3777.9449	1	Stimulus/S  1	1	37779449	37779457	111	5	30	pips_40_500-8000.hdf5	both	none
3778.9902	1	Stimulus/S  1	1	37789902	37789910	112	0	20	pips_40_500-8000.hdf5	both	none
3780.0462	1	Stimulus/S  1	1	37800462	37800470	112	1	40	pips_40_500-8000.hdf5	both	none
3781.0916	1	Stimulus/S  1	1	37810916	37810924	112	2	60	pips_40_500-8000.hdf5	both	none
3782.1476	1	Stimulus/S  1	1	37821476	37821484	112	3	70	pips_40_500-8000.hdf5	both	none
3783.2143	1	Stimulus/S  1	1	37832143	37832151	112	4	50	pips_40_500-8000.hdf5	both	none
3784.2809	1	Stimulus/S  1	1	37842809	37842817	112	5	30	pips_40_500-8000.hdf5	both	none
3785.3476	1	Stimulus/S  1	1	37853476	37853484	113	0	20	pips_40_500-8000.hdf5	both	none
3786.393	1	Stimulus/S  1	1	37863930	37863938	113	1	40	pips_40_500-8000.hdf5	both	none
3787.449	1	Stimulus/S  1	1	37874490	37874498	113	2	60	pips_40_500-8000.hdf5	both	none
3788.5156	1	Stimulus/S  1	1	37885156	37885164	113	3	70	pips_40_500-8000.hdf5	both	none
3789.5717	1	Stimulus/S  1	1	37895717	37895725	113	4	50	pips_40_500-8000.hdf5	both	none
3790.6277	1	Stimulus/S  1	1	37906277	37906285	113	5	30	pips_40_500-8000.hdf5	both	none
3791.673	1	Stimulus/S  1	1	37916730	37916738	114	0	20	pips_40_500-8000.hdf5	both	none
3792.729	1	Stimulus/S  1	1	37927290	37927298	114	1	40	pips_40_500-8000.hdf5	both	none
3793.7957	1	Stimulus/S  1	1	37937957	37937965	114	2	60	pips_40_500-8000.hdf5	both	none
3794.8624	1	Stimulus/S  1	1	37948624	37948632	114	3	70	pips_40_500-8000.hdf5	both	none
3795.9077	1	Stimulus/S  1	1	37959077	37959085	114	4	50	pips_40_500-8000.hdf5	both	none
3796.9637	1	Stimulus/S  1	1	37969637	37969645	114	5	30	pips_40_500-8000.hdf5	both	none
3798.0091	1	Stimulus/S  1	1	37980091	37980099	115	0	20	pips_40_500-8000.hdf5	both	none
3799.0651	1	Stimulus/S  1	1	37990651	37990659	115	1	40	pips_40_500-8000.hdf5	both	none
3800.1318	1	Stimulus/S  1	1	38001318	38001326	115	2	60	pips_40_500-8000.hdf5	both	none
3801.1771	1	Stimulus/S  1	1	38011771	38011779	115	3	70	pips_40_500-8000.hdf5	both	none
3802.2224	1	Stimulus/S  1	1	38022224	38022232	115	4	50	pips_40_500-8000.hdf5	both	none
3803.2891	1	Stimulus/S  1	1	38032891	38032899	115	5	30	pips_40_500-8000.hdf5	both	none
3804.3451	1	Stimulus/S  1	1	38043451	38043459	116	0	20	pips_40_500-8000.hdf5	both	none
3805.3905	1	Stimulus/S  1	1	38053905	38053913	116	1	40	pips_40_500-8000.hdf5	both	none
3806.4571	1	Stimulus/S  1	1	38064571	38064579	116	2	60	pips_40_500-8000.hdf5	both	none
3807.5238	1	Stimulus/S  1	1	38075238	38075246	116	3	70	pips_40_500-8000.hdf5	both	none
3808.5798	1	Stimulus/S  1	1	38085798	38085806	116	4	50	pips_40_500-8000.hdf5	both	none
3809.6252	1	Stimulus/S  1	1	38096252	38096260	116	5	30	pips_40_500-8000.hdf5	both	none
3810.6812	1	Stimulus/S  1	1	38106812	38106820	117	0	20	pips_40_500-8000.hdf5	both	none
3811.7265	1	Stimulus/S  1	1	38117265	38117273	117	1	40	pips_40_500-8000.hdf5	both	none
3812.7932	1	Stimulus/S  1	1	38127932	38127940	117	2	60	pips_40_500-8000.hdf5	both	none
3813.8599	1	Stimulus/S  1	1	38138599	38138607	117	3	70	pips_40_500-8000.hdf5	both	none
3814.9266	1	Stimulus/S  1	1	38149266	38149274	117	4	50	pips_40_500-8000.hdf5	both	none
3815.9826	1	Stimulus/S  1	1	38159826	38159834	117	5	30	pips_40_500-8000.hdf5	both	none
3817.0279	1	Stimulus/S  1	1	38170279	38170287	118	0	20	pips_40_500-8000.hdf5	both	none
3818.0733	1	Stimulus/S  1	1	38180733	38180741	118	1	40	pips_40_500-8000.hdf5	both	none
3819.1399	1	Stimulus/S  1	1	38191399	38191407	118	2	60	pips_40_500-8000.hdf5	both	none
3820.2066	1	Stimulus/S  1	1	38202066	38202074	118	3	70	pips_40_500-8000.hdf5	both	none
3821.2626	1	Stimulus/S  1	1	38212626	38212634	118	4	50	pips_40_500-8000.hdf5	both	none
3822.308	1	Stimulus/S  1	1	38223080	38223088	118	5	30	pips_40_500-8000.hdf5	both	none
3823.364	1	Stimulus/S  1	1	38233640	38233648	119	0	20	pips_40_500-8000.hdf5	both	none
3824.4093	1	Stimulus/S  1	1	38244093	38244101	119	1	40	pips_40_500-8000.hdf5	both	none
3825.4653	1	Stimulus/S  1	1	38254653	38254661	119	2	60	pips_40_500-8000.hdf5	both	none
3826.532	1	Stimulus/S  1	1	38265320	38265328	119	3	70	pips_40_500-8000.hdf5	both	none
3827.5987	1	Stimulus/S  1	1	38275987	38275995	119	4	50	pips_40_500-8000.hdf5	both	none
3828.6654	1	Stimulus/S  1	1	38286654	38286662	119	5	30	pips_40_500-8000.hdf5	both	none
