onset	duration	trial_type	value	sample	sample_corrected	token	run	level	stim_file	ear_ac	ear_bc
5.9728	1	Stimulus/S  1	1	59728	59736	0	0	20	pips_40_500-8000.hdf5	both	none
7.0288	1	Stimulus/S  1	1	70288	70296	0	1	40	pips_40_500-8000.hdf5	both	none
8.0955	1	Stimulus/S  1	1	80955	80963	0	2	60	pips_40_500-8000.hdf5	both	none
9.1409	1	Stimulus/S  1	1	91409	91417	0	3	70	pips_40_500-8000.hdf5	both	none
10.2075	1	Stimulus/S  1	1	102075	102083	0	4	50	pips_40_500-8000.hdf5	both	none
11.2742	1	Stimulus/S  1	1	112742	112750	0	5	30	pips_40_500-8000.hdf5	both	none
12.3409	1	Stimulus/S  1	1	123409	123417	1	0	20	pips_40_500-8000.hdf5	both	none
13.4076	1	Stimulus/S  1	1	134076	134084	1	1	40	pips_40_500-8000.hdf5	both	none
14.4742	1	Stimulus/S  1	1	144742	144750	1	2	60	pips_40_500-8000.hdf5	both	none
15.5409	1	Stimulus/S  1	1	155409	155417	1	3	70	pips_40_500-8000.hdf5	both	none
16.5969	1	Stimulus/S  1	1	165969	165977	1	4	50	pips_40_500-8000.hdf5	both	none
17.6423	1	Stimulus/S  1	1	176423	176431	1	5	30	pips_40_500-8000.hdf5	both	none
18.6983	1	Stimulus/S  1	1	186983	186991	2	0	20	pips_40_500-8000.hdf5	both	none
19.7436	1	Stimulus/S  1	1	197436	197444	2	1	40	pips_40_500-8000.hdf5	both	none
20.7996	1	Stimulus/S  1	1	207996	208004	2	2	60	pips_40_500-8000.hdf5	both	none
21.845	1	Stimulus/S  1	1	218450	218458	2	3	70	pips_40_500-8000.hdf5	both	none
22.8903	1	Stimulus/S  1	1	228903	228911	2	4	50	pips_40_500-8000.hdf5	both	none
23.9463	1	Stimulus/S  1	1	239463	239471	2	5	30	pips_40_500-8000.hdf5	both	none
25.013	1	Stimulus/S  1	1	250130	250138	3	0	20	pips_40_500-8000.hdf5	both	none
26.0584	1	Stimulus/S  1	1	260584	260592	3	1	40	pips_40_500-8000.hdf5	both	none
27.125	1	Stimulus/S  1	1	271250	271258	3	2	60	pips_40_500-8000.hdf5	both	none
28.1917	1	Stimulus/S  1	1	281917	281925	3	3	70	pips_40_500-8000.hdf5	both	none
29.2584	1	Stimulus/S  1	1	292584	292592	3	4	50	pips_40_500-8000.hdf5	both	none
30.3251	1	Stimulus/S  1	1	303251	303259	3	5	30	pips_40_500-8000.hdf5	both	none
31.3917	1	Stimulus/S  1	1	313917	313925	4	0	20	pips_40_500-8000.hdf5	both	none
32.4584	1	Stimulus/S  1	1	324584	324592	4	1	40	pips_40_500-8000.hdf5	both	none
33.5144	1	Stimulus/S  1	1	335144	335152	4	2	60	pips_40_500-8000.hdf5	both	none
34.5811	1	Stimulus/S  1	1	345811	345819	4	3	70	pips_40_500-8000.hdf5	both	none
35.6265	1	Stimulus/S  1	1	356265	356273	4	4	50	pips_40_500-8000.hdf5	both	none
36.6931	1	Stimulus/S  1	1	366931	366939	4	5	30	pips_40_500-8000.hdf5	both	none
37.7491	1	Stimulus/S  1	1	377491	377499	5	0	20	pips_40_500-8000.hdf5	both	none
38.7945	1	Stimulus/S  1	1	387945	387953	5	1	40	pips_40_500-8000.hdf5	both	none
39.8505	1	Stimulus/S  1	1	398505	398513	5	2	60	pips_40_500-8000.hdf5	both	none
40.8958	1	Stimulus/S  1	1	408958	408966	5	3	70	pips_40_500-8000.hdf5	both	none
41.9412	1	Stimulus/S  1	1	419412	419420	5	4	50	pips_40_500-8000.hdf5	both	none
42.9972	1	Stimulus/S  1	1	429972	429980	5	5	30	pips_40_500-8000.hdf5	both	none
44.0425	1	Stimulus/S  1	1	440425	440433	6	0	20	pips_40_500-8000.hdf5	both	none
45.1092	1	Stimulus/S  1	1	451092	451100	6	1	40	pips_40_500-8000.hdf5	both	none
46.1652	1	Stimulus/S  1	1	461652	461660	6	2	60	pips_40_500-8000.hdf5	both	none
47.2319	1	Stimulus/S  1	1	472319	472327	6	3	70	pips_40_500-8000.hdf5	both	none
48.2772	1	Stimulus/S  1	1	482772	482780	6	4	50	pips_40_500-8000.hdf5	both	none
49.3439	1	Stimulus/S  1	1	493439	493447	6	5	30	pips_40_500-8000.hdf5	both	none
50.4106	1	Stimulus/S  1	1	504106	504114	7	0	20	pips_40_500-8000.hdf5	both	none
51.4773	1	Stimulus/S  1	1	514773	514781	7	1	40	pips_40_500-8000.hdf5	both	none
52.544	1	Stimulus/S  1	1	525440	525448	7	2	60	pips_40_500-8000.hdf5	both	none
53.6106	1	Stimulus/S  1	1	536106	536114	7	3	70	pips_40_500-8000.hdf5	both	none
54.6773	1	Stimulus/S  1	1	546773	546781	7	4	50	pips_40_500-8000.hdf5	both	none
55.7333	1	Stimulus/S  1	1	557333	557341	7	5	30	pips_40_500-8000.hdf5	both	none
56.8	1	Stimulus/S  1	1	568000	568008	8	0	20	pips_40_500-8000.hdf5	both	none
57.8453	1	Stimulus/S  1	1	578453	578461	8	1	40	pips_40_500-8000.hdf5	both	none
58.8907	1	Stimulus/S  1	1	588907	588915	8	2	60	pips_40_500-8000.hdf5	both	none
59.9467	1	Stimulus/S  1	1	599467	599475	8	3	70	pips_40_500-8000.hdf5	both	none
60.992	1	Stimulus/S  1	1	609920	609928	8	4	50	pips_40_500-8000.hdf5	both	none
62.048	1	Stimulus/S  1	1	620480	620488	8	5	30	pips_40_500-8000.hdf5	both	none
63.0934	1	Stimulus/S  1	1	630934	630942	9	0	20	pips_40_500-8000.hdf5	both	none
64.1494	1	Stimulus/S  1	1	641494	641502	9	1	40	pips_40_500-8000.hdf5	both	none
65.1947	1	Stimulus/S  1	1	651947	651955	9	2	60	pips_40_500-8000.hdf5	both	none
66.2508	1	Stimulus/S  1	1	662508	662516	9	3	70	pips_40_500-8000.hdf5	both	none
67.2961	1	Stimulus/S  1	1	672961	672969	9	4	50	pips_40_500-8000.hdf5	both	none
68.3628	1	Stimulus/S  1	1	683628	683636	9	5	30	pips_40_500-8000.hdf5	both	none
69.4295	1	Stimulus/S  1	1	694295	694303	10	0	20	pips_40_500-8000.hdf5	both	none
70.4961	1	Stimulus/S  1	1	704961	704969	10	1	40	pips_40_500-8000.hdf5	both	none
71.5628	1	Stimulus/S  1	1	715628	715636	10	2	60	pips_40_500-8000.hdf5	both	none
72.6295	1	Stimulus/S  1	1	726295	726303	10	3	70	pips_40_500-8000.hdf5	both	none
73.6962	1	Stimulus/S  1	1	736962	736970	10	4	50	pips_40_500-8000.hdf5	both	none
74.7628	1	Stimulus/S  1	1	747628	747636	10	5	30	pips_40_500-8000.hdf5	both	none
75.8295	1	Stimulus/S  1	1	758295	758303	11	0	20	pips_40_500-8000.hdf5	both	none
76.8749	1	Stimulus/S  1	1	768749	768757	11	1	40	pips_40_500-8000.hdf5	both	none
77.9309	1	Stimulus/S  1	1	779309	779317	11	2	60	pips_40_500-8000.hdf5	both	none
78.9762	1	Stimulus/S  1	1	789762	789770	11	3	70	pips_40_500-8000.hdf5	both	none
80.0322	1	Stimulus/S  1	1	800322	800330	11	4	50	pips_40_500-8000.hdf5	both	none
81.0776	1	Stimulus/S  1	1	810776	810784	11	5	30	pips_40_500-8000.hdf5	both	none
82.1336	1	Stimulus/S  1	1	821336	821344	12	0	20	pips_40_500-8000.hdf5	both	none
83.1789	1	Stimulus/S  1	1	831789	831797	12	1	40	pips_40_500-8000.hdf5	both	none
84.2243	1	Stimulus/S  1	1	842243	842251	12	2	60	pips_40_500-8000.hdf5	both	none
85.2803	1	Stimulus/S  1	1	852803	852811	12	3	70	pips_40_500-8000.hdf5	both	none
86.347	1	Stimulus/S  1	1	863470	863478	12	4	50	pips_40_500-8000.hdf5	both	none
87.3923	1	Stimulus/S  1	1	873923	873931	12	5	30	pips_40_500-8000.hdf5	both	none
88.459	1	Stimulus/S  1	1	884590	884598	13	0	20	pips_40_500-8000.hdf5	both	none
89.515	1	Stimulus/S  1	1	895150	895158	13	1	40	pips_40_500-8000.hdf5	both	none
90.5817	1	Stimulus/S  1	1	905817	905825	13	2	60	pips_40_500-8000.hdf5	both	none
91.6483	1	Stimulus/S  1	1	916483	916491	13	3	70	pips_40_500-8000.hdf5	both	none
92.715	1	Stimulus/S  1	1	927150	927158	13	4	50	pips_40_500-8000.hdf5	both	none
93.7817	1	Stimulus/S  1	1	937817	937825	13	5	30	pips_40_500-8000.hdf5	both	none
94.8484	1	Stimulus/S  1	1	948484	948492	14	0	20	pips_40_500-8000.hdf5	both	none
95.9151	1	Stimulus/S  1	1	959151	959159	14	1	40	pips_40_500-8000.hdf5	both	none
96.9604	1	Stimulus/S  1	1	969604	969612	14	2	60	pips_40_500-8000.hdf5	both	none
98.0271	1	Stimulus/S  1	1	980271	980279	14	3	70	pips_40_500-8000.hdf5	both	none
99.0831	1	Stimulus/S  1	1	990831	990839	14	4	50	pips_40_500-8000.hdf5	both	none
100.1498	1	Stimulus/S  1	1	1001498	1001506	14	5	30	pips_40_500-8000.hdf5	both	none
101.1951	1	Stimulus/S  1	1	1011951	1011959	15	0	20	pips_40_500-8000.hdf5	both	none
102.2511	1	Stimulus/S  1	1	1022511	1022519	15	1	40	pips_40_500-8000.hdf5	both	none
103.2965	1	Stimulus/S  1	1	1032965	1032973	15	2	60	pips_40_500-8000.hdf5	both	none
104.3418	1	Stimulus/S  1	1	1043418	1043426	15	3	70	pips_40_500-8000.hdf5	both	none
105.3978	1	Stimulus/S  1	1	1053978	1053986	15	4	50	pips_40_500-8000.hdf5	both	none
106.4645	1	Stimulus/S  1	1	1064645	1064653	15	5	30	pips_40_500-8000.hdf5	both	none
107.5098	1	Stimulus/S  1	1	1075098	1075106	16	0	20	pips_40_500-8000.hdf5	both	none
108.5765	1	Stimulus/S  1	1	1085765	1085773	16	1	40	pips_40_500-8000.hdf5	both	none
109.6325	1	Stimulus/S  1	1	1096325	1096333	16	2	60	pips_40_500-8000.hdf5	both	none
110.6992	1	Stimulus/S  1	1	1106992	1107000	16	3	70	pips_40_500-8000.hdf5	both	none
111.7659	1	Stimulus/S  1	1	1117659	1117667	16	4	50	pips_40_500-8000.hdf5	both	none
112.8326	1	Stimulus/S  1	1	1128326	1128334	16	5	30	pips_40_500-8000.hdf5	both	none
113.8992	1	Stimulus/S  1	1	1138992	1139000	17	0	20	pips_40_500-8000.hdf5	both	none
114.9659	1	Stimulus/S  1	1	1149659	1149667	17	1	40	pips_40_500-8000.hdf5	both	none
116.0326	1	Stimulus/S  1	1	1160326	1160334	17	2	60	pips_40_500-8000.hdf5	both	none
117.0779	1	Stimulus/S  1	1	1170779	1170787	17	3	70	pips_40_500-8000.hdf5	both	none
118.1446	1	Stimulus/S  1	1	1181446	1181454	17	4	50	pips_40_500-8000.hdf5	both	none
119.2006	1	Stimulus/S  1	1	1192006	1192014	17	5	30	pips_40_500-8000.hdf5	both	none
120.246	1	Stimulus/S  1	1	1202460	1202468	18	0	20	pips_40_500-8000.hdf5	both	none
121.302	1	Stimulus/S  1	1	1213020	1213028	18	1	40	pips_40_500-8000.hdf5	both	none
122.3473	1	Stimulus/S  1	1	1223473	1223481	18	2	60	pips_40_500-8000.hdf5	both	none
123.3927	1	Stimulus/S  1	1	1233927	1233935	18	3	70	pips_40_500-8000.hdf5	both	none
124.4487	1	Stimulus/S  1	1	1244487	1244495	18	4	50	pips_40_500-8000.hdf5	both	none
125.494	1	Stimulus/S  1	1	1254940	1254948	18	5	30	pips_40_500-8000.hdf5	both	none
126.55	1	Stimulus/S  1	1	1265500	1265508	19	0	20	pips_40_500-8000.hdf5	both	none
127.6167	1	Stimulus/S  1	1	1276167	1276175	19	1	40	pips_40_500-8000.hdf5	both	none
128.6834	1	Stimulus/S  1	1	1286834	1286842	19	2	60	pips_40_500-8000.hdf5	both	none
129.7501	1	Stimulus/S  1	1	1297501	1297509	19	3	70	pips_40_500-8000.hdf5	both	none
130.8167	1	Stimulus/S  1	1	1308167	1308175	19	4	50	pips_40_500-8000.hdf5	both	none
131.8834	1	Stimulus/S  1	1	1318834	1318842	19	5	30	pips_40_500-8000.hdf5	both	none
132.9501	1	Stimulus/S  1	1	1329501	1329509	20	0	20	pips_40_500-8000.hdf5	both	none
133.9954	1	Stimulus/S  1	1	1339954	1339962	20	1	40	pips_40_500-8000.hdf5	both	none
135.0621	1	Stimulus/S  1	1	1350621	1350629	20	2	60	pips_40_500-8000.hdf5	both	none
136.1181	1	Stimulus/S  1	1	1361181	1361189	20	3	70	pips_40_500-8000.hdf5	both	none
137.1848	1	Stimulus/S  1	1	1371848	1371856	20	4	50	pips_40_500-8000.hdf5	both	none
138.2301	1	Stimulus/S  1	1	1382301	1382309	20	5	30	pips_40_500-8000.hdf5	both	none
139.2755	1	Stimulus/S  1	1	1392755	1392763	21	0	20	pips_40_500-8000.hdf5	both	none
140.3315	1	Stimulus/S  1	1	1403315	1403323	21	1	40	pips_40_500-8000.hdf5	both	none
141.3768	1	Stimulus/S  1	1	1413768	1413776	21	2	60	pips_40_500-8000.hdf5	both	none
142.4328	1	Stimulus/S  1	1	1424328	1424336	21	3	70	pips_40_500-8000.hdf5	both	none
143.4782	1	Stimulus/S  1	1	1434782	1434790	21	4	50	pips_40_500-8000.hdf5	both	none
144.5342	1	Stimulus/S  1	1	1445342	1445350	21	5	30	pips_40_500-8000.hdf5	both	none
145.6009	1	Stimulus/S  1	1	1456009	1456017	22	0	20	pips_40_500-8000.hdf5	both	none
146.6462	1	Stimulus/S  1	1	1466462	1466470	22	1	40	pips_40_500-8000.hdf5	both	none
147.7129	1	Stimulus/S  1	1	1477129	1477137	22	2	60	pips_40_500-8000.hdf5	both	none
148.7689	1	Stimulus/S  1	1	1487689	1487697	22	3	70	pips_40_500-8000.hdf5	both	none
149.8356	1	Stimulus/S  1	1	1498356	1498364	22	4	50	pips_40_500-8000.hdf5	both	none
150.9023	1	Stimulus/S  1	1	1509023	1509031	22	5	30	pips_40_500-8000.hdf5	both	none
151.9689	1	Stimulus/S  1	1	1519689	1519697	23	0	20	pips_40_500-8000.hdf5	both	none
153.0356	1	Stimulus/S  1	1	1530356	1530364	23	1	40	pips_40_500-8000.hdf5	both	none
154.1023	1	Stimulus/S  1	1	1541023	1541031	23	2	60	pips_40_500-8000.hdf5	both	none
155.1476	1	Stimulus/S  1	1	1551476	1551484	23	3	70	pips_40_500-8000.hdf5	both	none
156.193	1	Stimulus/S  1	1	1561930	1561938	23	4	50	pips_40_500-8000.hdf5	both	none
157.249	1	Stimulus/S  1	1	1572490	1572498	23	5	30	pips_40_500-8000.hdf5	both	none
158.2943	1	Stimulus/S  1	1	1582943	1582951	24	0	20	pips_40_500-8000.hdf5	both	none
159.3504	1	Stimulus/S  1	1	1593504	1593512	24	1	40	pips_40_500-8000.hdf5	both	none
160.3957	1	Stimulus/S  1	1	1603957	1603965	24	2	60	pips_40_500-8000.hdf5	both	none
161.4517	1	Stimulus/S  1	1	1614517	1614525	24	3	70	pips_40_500-8000.hdf5	both	none
162.497	1	Stimulus/S  1	1	1624970	1624978	24	4	50	pips_40_500-8000.hdf5	both	none
163.5424	1	Stimulus/S  1	1	1635424	1635432	24	5	30	pips_40_500-8000.hdf5	both	none
164.6197	1	Stimulus/S  1	1	1646197	1646205	25	0	20	pips_40_500-8000.hdf5	both	none
165.6651	1	Stimulus/S  1	1	1656651	1656659	25	1	40	pips_40_500-8000.hdf5	both	none
166.7318	1	Stimulus/S  1	1	1667318	1667326	25	2	60	pips_40_500-8000.hdf5	both	none
167.7771	1	Stimulus/S  1	1	1677771	1677779	25	3	70	pips_40_500-8000.hdf5	both	none
168.8438	1	Stimulus/S  1	1	1688438	1688446	25	4	50	pips_40_500-8000.hdf5	both	none
169.9105	1	Stimulus/S  1	1	1699105	1699113	25	5	30	pips_40_500-8000.hdf5	both	none
170.9771	1	Stimulus/S  1	1	1709771	1709779	26	0	20	pips_40_500-8000.hdf5	both	none
172.0438	1	Stimulus/S  1	1	1720438	1720446	26	1	40	pips_40_500-8000.hdf5	both	none
173.1105	1	Stimulus/S  1	1	1731105	1731113	26	2	60	pips_40_500-8000.hdf5	both	none
174.1772	1	Stimulus/S  1	1	1741772	1741780	26	3	70	pips_40_500-8000.hdf5	both	none
175.2332	1	Stimulus/S  1	1	1752332	1752340	26	4	50	pips_40_500-8000.hdf5	both	none
176.2999	1	Stimulus/S  1	1	1762999	1763007	26	5	30	pips_40_500-8000.hdf5	both	none
177.3452	1	Stimulus/S  1	1	1773452	1773460	27	0	20	pips_40_500-8000.hdf5	both	none
178.4119	1	Stimulus/S  1	1	1784119	1784127	27	1	40	pips_40_500-8000.hdf5	both	none
179.4679	1	Stimulus/S  1	1	1794679	1794687	27	2	60	pips_40_500-8000.hdf5	both	none
180.5132	1	Stimulus/S  1	1	1805132	1805140	27	3	70	pips_40_500-8000.hdf5	both	none
181.5692	1	Stimulus/S  1	1	1815692	1815700	27	4	50	pips_40_500-8000.hdf5	both	none
182.6146	1	Stimulus/S  1	1	1826146	1826154	27	5	30	pips_40_500-8000.hdf5	both	none
183.6599	1	Stimulus/S  1	1	1836599	1836607	28	0	20	pips_40_500-8000.hdf5	both	none
184.7266	1	Stimulus/S  1	1	1847266	1847274	28	1	40	pips_40_500-8000.hdf5	both	none
185.7826	1	Stimulus/S  1	1	1857826	1857834	28	2	60	pips_40_500-8000.hdf5	both	none
186.8493	1	Stimulus/S  1	1	1868493	1868501	28	3	70	pips_40_500-8000.hdf5	both	none
187.8946	1	Stimulus/S  1	1	1878946	1878954	28	4	50	pips_40_500-8000.hdf5	both	none
188.9613	1	Stimulus/S  1	1	1889613	1889621	28	5	30	pips_40_500-8000.hdf5	both	none
190.028	1	Stimulus/S  1	1	1900280	1900288	29	0	20	pips_40_500-8000.hdf5	both	none
191.0947	1	Stimulus/S  1	1	1910947	1910955	29	1	40	pips_40_500-8000.hdf5	both	none
192.1613	1	Stimulus/S  1	1	1921613	1921621	29	2	60	pips_40_500-8000.hdf5	both	none
193.228	1	Stimulus/S  1	1	1932280	1932288	29	3	70	pips_40_500-8000.hdf5	both	none
194.2947	1	Stimulus/S  1	1	1942947	1942955	29	4	50	pips_40_500-8000.hdf5	both	none
195.3507	1	Stimulus/S  1	1	1953507	1953515	29	5	30	pips_40_500-8000.hdf5	both	none
196.4174	1	Stimulus/S  1	1	1964174	1964182	30	0	20	pips_40_500-8000.hdf5	both	none
197.4627	1	Stimulus/S  1	1	1974627	1974635	30	1	40	pips_40_500-8000.hdf5	both	none
198.5294	1	Stimulus/S  1	1	1985294	1985302	30	2	60	pips_40_500-8000.hdf5	both	none
199.5854	1	Stimulus/S  1	1	1995854	1995862	30	3	70	pips_40_500-8000.hdf5	both	none
200.6308	1	Stimulus/S  1	1	2006308	2006316	30	4	50	pips_40_500-8000.hdf5	both	none
201.6868	1	Stimulus/S  1	1	2016868	2016876	30	5	30	pips_40_500-8000.hdf5	both	none
202.7321	1	Stimulus/S  1	1	2027321	2027329	31	0	20	pips_40_500-8000.hdf5	both	none
203.7775	1	Stimulus/S  1	1	2037775	2037783	31	1	40	pips_40_500-8000.hdf5	both	none
204.8335	1	Stimulus/S  1	1	2048335	2048343	31	2	60	pips_40_500-8000.hdf5	both	none
205.8788	1	Stimulus/S  1	1	2058788	2058796	31	3	70	pips_40_500-8000.hdf5	both	none
206.9455	1	Stimulus/S  1	1	2069455	2069463	31	4	50	pips_40_500-8000.hdf5	both	none
208.0015	1	Stimulus/S  1	1	2080015	2080023	31	5	30	pips_40_500-8000.hdf5	both	none
209.0682	1	Stimulus/S  1	1	2090682	2090690	32	0	20	pips_40_500-8000.hdf5	both	none
210.1135	1	Stimulus/S  1	1	2101135	2101143	32	1	40	pips_40_500-8000.hdf5	both	none
211.1802	1	Stimulus/S  1	1	2111802	2111810	32	2	60	pips_40_500-8000.hdf5	both	none
212.2469	1	Stimulus/S  1	1	2122469	2122477	32	3	70	pips_40_500-8000.hdf5	both	none
213.3136	1	Stimulus/S  1	1	2133136	2133144	32	4	50	pips_40_500-8000.hdf5	both	none
214.3802	1	Stimulus/S  1	1	2143802	2143810	32	5	30	pips_40_500-8000.hdf5	both	none
215.4469	1	Stimulus/S  1	1	2154469	2154477	33	0	20	pips_40_500-8000.hdf5	both	none
216.5136	1	Stimulus/S  1	1	2165136	2165144	33	1	40	pips_40_500-8000.hdf5	both	none
217.5696	1	Stimulus/S  1	1	2175696	2175704	33	2	60	pips_40_500-8000.hdf5	both	none
218.6363	1	Stimulus/S  1	1	2186363	2186371	33	3	70	pips_40_500-8000.hdf5	both	none
219.6816	1	Stimulus/S  1	1	2196816	2196824	33	4	50	pips_40_500-8000.hdf5	both	none
220.7483	1	Stimulus/S  1	1	2207483	2207491	33	5	30	pips_40_500-8000.hdf5	both	none
221.7936	1	Stimulus/S  1	1	2217936	2217944	34	0	20	pips_40_500-8000.hdf5	both	none
222.8496	1	Stimulus/S  1	1	2228496	2228504	34	1	40	pips_40_500-8000.hdf5	both	none
223.895	1	Stimulus/S  1	1	2238950	2238958	34	2	60	pips_40_500-8000.hdf5	both	none
224.951	1	Stimulus/S  1	1	2249510	2249518	34	3	70	pips_40_500-8000.hdf5	both	none
225.9963	1	Stimulus/S  1	1	2259963	2259971	34	4	50	pips_40_500-8000.hdf5	both	none
227.0524	1	Stimulus/S  1	1	2270524	2270532	34	5	30	pips_40_500-8000.hdf5	both	none
228.0977	1	Stimulus/S  1	1	2280977	2280985	35	0	20	pips_40_500-8000.hdf5	both	none
229.1644	1	Stimulus/S  1	1	2291644	2291652	35	1	40	pips_40_500-8000.hdf5	both	none
230.2204	1	Stimulus/S  1	1	2302204	2302212	35	2	60	pips_40_500-8000.hdf5	both	none
231.2871	1	Stimulus/S  1	1	2312871	2312879	35	3	70	pips_40_500-8000.hdf5	both	none
232.3324	1	Stimulus/S  1	1	2323324	2323332	35	4	50	pips_40_500-8000.hdf5	both	none
233.3991	1	Stimulus/S  1	1	2333991	2333999	35	5	30	pips_40_500-8000.hdf5	both	none
234.4658	1	Stimulus/S  1	1	2344658	2344666	36	0	20	pips_40_500-8000.hdf5	both	none
235.5324	1	Stimulus/S  1	1	2355324	2355332	36	1	40	pips_40_500-8000.hdf5	both	none
236.5991	1	Stimulus/S  1	1	2365991	2365999	36	2	60	pips_40_500-8000.hdf5	both	none
237.6658	1	Stimulus/S  1	1	2376658	2376666	36	3	70	pips_40_500-8000.hdf5	both	none
238.7325	1	Stimulus/S  1	1	2387325	2387333	36	4	50	pips_40_500-8000.hdf5	both	none
239.7778	1	Stimulus/S  1	1	2397778	2397786	36	5	30	pips_40_500-8000.hdf5	both	none
240.8338	1	Stimulus/S  1	1	2408338	2408346	37	0	20	pips_40_500-8000.hdf5	both	none
241.8792	1	Stimulus/S  1	1	2418792	2418800	37	1	40	pips_40_500-8000.hdf5	both	none
242.9352	1	Stimulus/S  1	1	2429352	2429360	37	2	60	pips_40_500-8000.hdf5	both	none
243.9805	1	Stimulus/S  1	1	2439805	2439813	37	3	70	pips_40_500-8000.hdf5	both	none
245.0365	1	Stimulus/S  1	1	2450365	2450373	37	4	50	pips_40_500-8000.hdf5	both	none
246.0819	1	Stimulus/S  1	1	2460819	2460827	37	5	30	pips_40_500-8000.hdf5	both	none
247.1272	1	Stimulus/S  1	1	2471272	2471280	38	0	20	pips_40_500-8000.hdf5	both	none
248.1939	1	Stimulus/S  1	1	2481939	2481947	38	1	40	pips_40_500-8000.hdf5	both	none
249.2499	1	Stimulus/S  1	1	2492499	2492507	38	2	60	pips_40_500-8000.hdf5	both	none
250.3166	1	Stimulus/S  1	1	2503166	2503174	38	3	70	pips_40_500-8000.hdf5	both	none
251.3833	1	Stimulus/S  1	1	2513833	2513841	38	4	50	pips_40_500-8000.hdf5	both	none
252.4286	1	Stimulus/S  1	1	2524286	2524294	38	5	30	pips_40_500-8000.hdf5	both	none
253.4953	1	Stimulus/S  1	1	2534953	2534961	39	0	20	pips_40_500-8000.hdf5	both	none
254.562	1	Stimulus/S  1	1	2545620	2545628	39	1	40	pips_40_500-8000.hdf5	both	none
255.6286	1	Stimulus/S  1	1	2556286	2556294	39	2	60	pips_40_500-8000.hdf5	both	none
256.6847	1	Stimulus/S  1	1	2566847	2566855	39	3	70	pips_40_500-8000.hdf5	both	none
257.7513	1	Stimulus/S  1	1	2577513	2577521	39	4	50	pips_40_500-8000.hdf5	both	none
258.7967	1	Stimulus/S  1	1	2587967	2587975	39	5	30	pips_40_500-8000.hdf5	both	none
259.8527	1	Stimulus/S  1	1	2598527	2598535	40	0	20	pips_40_500-8000.hdf5	both	none
260.898	1	Stimulus/S  1	1	2608980	2608988	40	1	40	pips_40_500-8000.hdf5	both	none
261.954	1	Stimulus/S  1	1	2619540	2619548	40	2	60	pips_40_500-8000.hdf5	both	none
262.9994	1	Stimulus/S  1	1	2629994	2630002	40	3	70	pips_40_500-8000.hdf5	both	none
264.0447	1	Stimulus/S  1	1	2640447	2640455	40	4	50	pips_40_500-8000.hdf5	both	none
265.1007	1	Stimulus/S  1	1	2651007	2651015	40	5	30	pips_40_500-8000.hdf5	both	none
266.1461	1	Stimulus/S  1	1	2661461	2661469	41	0	20	pips_40_500-8000.hdf5	both	none
267.2128	1	Stimulus/S  1	1	2672128	2672136	41	1	40	pips_40_500-8000.hdf5	both	none
268.2688	1	Stimulus/S  1	1	2682688	2682696	41	2	60	pips_40_500-8000.hdf5	both	none
269.3354	1	Stimulus/S  1	1	2693354	2693362	41	3	70	pips_40_500-8000.hdf5	both	none
270.4021	1	Stimulus/S  1	1	2704021	2704029	41	4	50	pips_40_500-8000.hdf5	both	none
271.4688	1	Stimulus/S  1	1	2714688	2714696	41	5	30	pips_40_500-8000.hdf5	both	none
272.5355	1	Stimulus/S  1	1	2725355	2725363	42	0	20	pips_40_500-8000.hdf5	both	none
273.6022	1	Stimulus/S  1	1	2736022	2736030	42	1	40	pips_40_500-8000.hdf5	both	none
274.6688	1	Stimulus/S  1	1	2746688	2746696	42	2	60	pips_40_500-8000.hdf5	both	none
275.7142	1	Stimulus/S  1	1	2757142	2757150	42	3	70	pips_40_500-8000.hdf5	both	none
276.7809	1	Stimulus/S  1	1	2767809	2767817	42	4	50	pips_40_500-8000.hdf5	both	none
277.8369	1	Stimulus/S  1	1	2778369	2778377	42	5	30	pips_40_500-8000.hdf5	both	none
278.9035	1	Stimulus/S  1	1	2789035	2789043	43	0	20	pips_40_500-8000.hdf5	both	none
279.9489	1	Stimulus/S  1	1	2799489	2799497	43	1	40	pips_40_500-8000.hdf5	both	none
280.9942	1	Stimulus/S  1	1	2809942	2809950	43	2	60	pips_40_500-8000.hdf5	both	none
282.0502	1	Stimulus/S  1	1	2820502	2820510	43	3	70	pips_40_500-8000.hdf5	both	none
283.0956	1	Stimulus/S  1	1	2830956	2830964	43	4	50	pips_40_500-8000.hdf5	both	none
284.1516	1	Stimulus/S  1	1	2841516	2841524	43	5	30	pips_40_500-8000.hdf5	both	none
285.1969	1	Stimulus/S  1	1	2851969	2851977	44	0	20	pips_40_500-8000.hdf5	both	none
286.2529	1	Stimulus/S  1	1	2862529	2862537	44	1	40	pips_40_500-8000.hdf5	both	none
287.3196	1	Stimulus/S  1	1	2873196	2873204	44	2	60	pips_40_500-8000.hdf5	both	none
288.365	1	Stimulus/S  1	1	2883650	2883658	44	3	70	pips_40_500-8000.hdf5	both	none
289.4316	1	Stimulus/S  1	1	2894316	2894324	44	4	50	pips_40_500-8000.hdf5	both	none
290.4877	1	Stimulus/S  1	1	2904877	2904885	44	5	30	pips_40_500-8000.hdf5	both	none
291.5543	1	Stimulus/S  1	1	2915543	2915551	45	0	20	pips_40_500-8000.hdf5	both	none
292.621	1	Stimulus/S  1	1	2926210	2926218	45	1	40	pips_40_500-8000.hdf5	both	none
293.6877	1	Stimulus/S  1	1	2936877	2936885	45	2	60	pips_40_500-8000.hdf5	both	none
294.7544	1	Stimulus/S  1	1	2947544	2947552	45	3	70	pips_40_500-8000.hdf5	both	none
295.821	1	Stimulus/S  1	1	2958210	2958218	45	4	50	pips_40_500-8000.hdf5	both	none
296.8877	1	Stimulus/S  1	1	2968877	2968885	45	5	30	pips_40_500-8000.hdf5	both	none
297.9331	1	Stimulus/S  1	1	2979331	2979339	46	0	20	pips_40_500-8000.hdf5	both	none
298.9997	1	Stimulus/S  1	1	2989997	2990005	46	1	40	pips_40_500-8000.hdf5	both	none
300.0451	1	Stimulus/S  1	1	3000451	3000459	46	2	60	pips_40_500-8000.hdf5	both	none
301.1118	1	Stimulus/S  1	1	3011118	3011126	46	3	70	pips_40_500-8000.hdf5	both	none
302.1678	1	Stimulus/S  1	1	3021678	3021686	46	4	50	pips_40_500-8000.hdf5	both	none
303.2131	1	Stimulus/S  1	1	3032131	3032139	46	5	30	pips_40_500-8000.hdf5	both	none
304.2691	1	Stimulus/S  1	1	3042691	3042699	47	0	20	pips_40_500-8000.hdf5	both	none
305.3145	1	Stimulus/S  1	1	3053145	3053153	47	1	40	pips_40_500-8000.hdf5	both	none
306.3705	1	Stimulus/S  1	1	3063705	3063713	47	2	60	pips_40_500-8000.hdf5	both	none
307.4372	1	Stimulus/S  1	1	3074372	3074380	47	3	70	pips_40_500-8000.hdf5	both	none
308.4825	1	Stimulus/S  1	1	3084825	3084833	47	4	50	pips_40_500-8000.hdf5	both	none
309.5385	1	Stimulus/S  1	1	3095385	3095393	47	5	30	pips_40_500-8000.hdf5	both	none
310.5839	1	Stimulus/S  1	1	3105839	3105847	48	0	20	pips_40_500-8000.hdf5	both	none
311.6505	1	Stimulus/S  1	1	3116505	3116513	48	1	40	pips_40_500-8000.hdf5	both	none
312.6959	1	Stimulus/S  1	1	3126959	3126967	48	2	60	pips_40_500-8000.hdf5	both	none
313.7626	1	Stimulus/S  1	1	3137626	3137634	48	3	70	pips_40_500-8000.hdf5	both	none
314.8292	1	Stimulus/S  1	1	3148292	3148300	48	4	50	pips_40_500-8000.hdf5	both	none
315.8959	1	Stimulus/S  1	1	3158959	3158967	48	5	30	pips_40_500-8000.hdf5	both	none
316.9626	1	Stimulus/S  1	1	3169626	3169634	49	0	20	pips_40_500-8000.hdf5	both	none
318.0293	1	Stimulus/S  1	1	3180293	3180301	49	1	40	pips_40_500-8000.hdf5	both	none
319.0959	1	Stimulus/S  1	1	3190959	3190967	49	2	60	pips_40_500-8000.hdf5	both	none
320.1626	1	Stimulus/S  1	1	3201626	3201634	49	3	70	pips_40_500-8000.hdf5	both	none
321.2293	1	Stimulus/S  1	1	3212293	3212301	49	4	50	pips_40_500-8000.hdf5	both	none
322.296	1	Stimulus/S  1	1	3222960	3222968	49	5	30	pips_40_500-8000.hdf5	both	none
323.352	1	Stimulus/S  1	1	3233520	3233528	50	0	20	pips_40_500-8000.hdf5	both	none
324.4187	1	Stimulus/S  1	1	3244187	3244195	50	1	40	pips_40_500-8000.hdf5	both	none
325.4853	1	Stimulus/S  1	1	3254853	3254861	50	2	60	pips_40_500-8000.hdf5	both	none
326.5307	1	Stimulus/S  1	1	3265307	3265315	50	3	70	pips_40_500-8000.hdf5	both	none
327.5867	1	Stimulus/S  1	1	3275867	3275875	50	4	50	pips_40_500-8000.hdf5	both	none
328.632	1	Stimulus/S  1	1	3286320	3286328	50	5	30	pips_40_500-8000.hdf5	both	none
329.688	1	Stimulus/S  1	1	3296880	3296888	51	0	20	pips_40_500-8000.hdf5	both	none
330.7334	1	Stimulus/S  1	1	3307334	3307342	51	1	40	pips_40_500-8000.hdf5	both	none
331.7787	1	Stimulus/S  1	1	3317787	3317795	51	2	60	pips_40_500-8000.hdf5	both	none
332.8347	1	Stimulus/S  1	1	3328347	3328355	51	3	70	pips_40_500-8000.hdf5	both	none
333.8801	1	Stimulus/S  1	1	3338801	3338809	51	4	50	pips_40_500-8000.hdf5	both	none
334.9361	1	Stimulus/S  1	1	3349361	3349369	51	5	30	pips_40_500-8000.hdf5	both	none
335.9814	1	Stimulus/S  1	1	3359814	3359822	52	0	20	pips_40_500-8000.hdf5	both	none
337.0481	1	Stimulus/S  1	1	3370481	3370489	52	1	40	pips_40_500-8000.hdf5	both	none
338.1041	1	Stimulus/S  1	1	3381041	3381049	52	2	60	pips_40_500-8000.hdf5	both	none
339.1708	1	Stimulus/S  1	1	3391708	3391716	52	3	70	pips_40_500-8000.hdf5	both	none
340.2162	1	Stimulus/S  1	1	3402162	3402170	52	4	50	pips_40_500-8000.hdf5	both	none
341.2828	1	Stimulus/S  1	1	3412828	3412836	52	5	30	pips_40_500-8000.hdf5	both	none
342.3495	1	Stimulus/S  1	1	3423495	3423503	53	0	20	pips_40_500-8000.hdf5	both	none
343.4162	1	Stimulus/S  1	1	3434162	3434170	53	1	40	pips_40_500-8000.hdf5	both	none
344.4829	1	Stimulus/S  1	1	3444829	3444837	53	2	60	pips_40_500-8000.hdf5	both	none
345.5495	1	Stimulus/S  1	1	3455495	3455503	53	3	70	pips_40_500-8000.hdf5	both	none
346.6162	1	Stimulus/S  1	1	3466162	3466170	53	4	50	pips_40_500-8000.hdf5	both	none
347.6722	1	Stimulus/S  1	1	3476722	3476730	53	5	30	pips_40_500-8000.hdf5	both	none
348.7389	1	Stimulus/S  1	1	3487389	3487397	54	0	20	pips_40_500-8000.hdf5	both	none
349.7842	1	Stimulus/S  1	1	3497842	3497850	54	1	40	pips_40_500-8000.hdf5	both	none
350.8509	1	Stimulus/S  1	1	3508509	3508517	54	2	60	pips_40_500-8000.hdf5	both	none
351.8963	1	Stimulus/S  1	1	3518963	3518971	54	3	70	pips_40_500-8000.hdf5	both	none
352.9523	1	Stimulus/S  1	1	3529523	3529531	54	4	50	pips_40_500-8000.hdf5	both	none
353.9976	1	Stimulus/S  1	1	3539976	3539984	54	5	30	pips_40_500-8000.hdf5	both	none
355.0536	1	Stimulus/S  1	1	3550536	3550544	55	0	20	pips_40_500-8000.hdf5	both	none
356.099	1	Stimulus/S  1	1	3560990	3560998	55	1	40	pips_40_500-8000.hdf5	both	none
357.155	1	Stimulus/S  1	1	3571550	3571558	55	2	60	pips_40_500-8000.hdf5	both	none
358.2003	1	Stimulus/S  1	1	3582003	3582011	55	3	70	pips_40_500-8000.hdf5	both	none
359.2457	1	Stimulus/S  1	1	3592457	3592465	55	4	50	pips_40_500-8000.hdf5	both	none
360.3017	1	Stimulus/S  1	1	3603017	3603025	55	5	30	pips_40_500-8000.hdf5	both	none
361.3684	1	Stimulus/S  1	1	3613684	3613692	56	0	20	pips_40_500-8000.hdf5	both	none
362.4137	1	Stimulus/S  1	1	3624137	3624145	56	1	40	pips_40_500-8000.hdf5	both	none
363.4804	1	Stimulus/S  1	1	3634804	3634812	56	2	60	pips_40_500-8000.hdf5	both	none
364.5364	1	Stimulus/S  1	1	3645364	3645372	56	3	70	pips_40_500-8000.hdf5	both	none
365.6031	1	Stimulus/S  1	1	3656031	3656039	56	4	50	pips_40_500-8000.hdf5	both	none
366.6697	1	Stimulus/S  1	1	3666697	3666705	56	5	30	pips_40_500-8000.hdf5	both	none
367.7151	1	Stimulus/S  1	1	3677151	3677159	57	0	20	pips_40_500-8000.hdf5	both	none
368.7818	1	Stimulus/S  1	1	3687818	3687826	57	1	40	pips_40_500-8000.hdf5	both	none
369.8378	1	Stimulus/S  1	1	3698378	3698386	57	2	60	pips_40_500-8000.hdf5	both	none
370.9045	1	Stimulus/S  1	1	3709045	3709053	57	3	70	pips_40_500-8000.hdf5	both	none
371.9711	1	Stimulus/S  1	1	3719711	3719719	57	4	50	pips_40_500-8000.hdf5	both	none
373.0378	1	Stimulus/S  1	1	3730378	3730386	57	5	30	pips_40_500-8000.hdf5	both	none
374.1045	1	Stimulus/S  1	1	3741045	3741053	58	0	20	pips_40_500-8000.hdf5	both	none
375.1712	1	Stimulus/S  1	1	3751712	3751720	58	1	40	pips_40_500-8000.hdf5	both	none
376.2378	1	Stimulus/S  1	1	3762378	3762386	58	2	60	pips_40_500-8000.hdf5	both	none
377.3045	1	Stimulus/S  1	1	3773045	3773053	58	3	70	pips_40_500-8000.hdf5	both	none
378.3712	1	Stimulus/S  1	1	3783712	3783720	58	4	50	pips_40_500-8000.hdf5	both	none
379.4379	1	Stimulus/S  1	1	3794379	3794387	58	5	30	pips_40_500-8000.hdf5	both	none
380.4832	1	Stimulus/S  1	1	3804832	3804840	59	0	20	pips_40_500-8000.hdf5	both	none
381.5499	1	Stimulus/S  1	1	3815499	3815507	59	1	40	pips_40_500-8000.hdf5	both	none
382.6059	1	Stimulus/S  1	1	3826059	3826067	59	2	60	pips_40_500-8000.hdf5	both	none
383.6726	1	Stimulus/S  1	1	3836726	3836734	59	3	70	pips_40_500-8000.hdf5	both	none
384.7179	1	Stimulus/S  1	1	3847179	3847187	59	4	50	pips_40_500-8000.hdf5	both	none
385.7633	1	Stimulus/S  1	1	3857633	3857641	59	5	30	pips_40_500-8000.hdf5	both	none
386.8193	1	Stimulus/S  1	1	3868193	3868201	60	0	20	pips_40_500-8000.hdf5	both	none
387.8646	1	Stimulus/S  1	1	3878646	3878654	60	1	40	pips_40_500-8000.hdf5	both	none
388.9206	1	Stimulus/S  1	1	3889206	3889214	60	2	60	pips_40_500-8000.hdf5	both	none
389.966	1	Stimulus/S  1	1	3899660	3899668	60	3	70	pips_40_500-8000.hdf5	both	none
391.022	1	Stimulus/S  1	1	3910220	3910228	60	4	50	pips_40_500-8000.hdf5	both	none
392.0887	1	Stimulus/S  1	1	3920887	3920895	60	5	30	pips_40_500-8000.hdf5	both	none
393.134	1	Stimulus/S  1	1	3931340	3931348	61	0	20	pips_40_500-8000.hdf5	both	none
394.2007	1	Stimulus/S  1	1	3942007	3942015	61	1	40	pips_40_500-8000.hdf5	both	none
395.2567	1	Stimulus/S  1	1	3952567	3952575	61	2	60	pips_40_500-8000.hdf5	both	none
396.302	1	Stimulus/S  1	1	3963020	3963028	61	3	70	pips_40_500-8000.hdf5	both	none
397.3474	1	Stimulus/S  1	1	3973474	3973482	61	4	50	pips_40_500-8000.hdf5	both	none
398.4034	1	Stimulus/S  1	1	3984034	3984042	61	5	30	pips_40_500-8000.hdf5	both	none
399.4487	1	Stimulus/S  1	1	3994487	3994495	62	0	20	pips_40_500-8000.hdf5	both	none
400.5048	1	Stimulus/S  1	1	4005048	4005056	62	1	40	pips_40_500-8000.hdf5	both	none
401.5501	1	Stimulus/S  1	1	4015501	4015509	62	2	60	pips_40_500-8000.hdf5	both	none
402.6168	1	Stimulus/S  1	1	4026168	4026176	62	3	70	pips_40_500-8000.hdf5	both	none
403.6834	1	Stimulus/S  1	1	4036834	4036842	62	4	50	pips_40_500-8000.hdf5	both	none
404.7395	1	Stimulus/S  1	1	4047395	4047403	62	5	30	pips_40_500-8000.hdf5	both	none
405.8061	1	Stimulus/S  1	1	4058061	4058069	63	0	20	pips_40_500-8000.hdf5	both	none
406.8515	1	Stimulus/S  1	1	4068515	4068523	63	1	40	pips_40_500-8000.hdf5	both	none
407.8968	1	Stimulus/S  1	1	4078968	4078976	63	2	60	pips_40_500-8000.hdf5	both	none
408.9528	1	Stimulus/S  1	1	4089528	4089536	63	3	70	pips_40_500-8000.hdf5	both	none
409.9982	1	Stimulus/S  1	1	4099982	4099990	63	4	50	pips_40_500-8000.hdf5	both	none
411.0542	1	Stimulus/S  1	1	4110542	4110550	63	5	30	pips_40_500-8000.hdf5	both	none
412.0995	1	Stimulus/S  1	1	4120995	4121003	64	0	20	pips_40_500-8000.hdf5	both	none
413.1555	1	Stimulus/S  1	1	4131555	4131563	64	1	40	pips_40_500-8000.hdf5	both	none
414.2222	1	Stimulus/S  1	1	4142222	4142230	64	2	60	pips_40_500-8000.hdf5	both	none
415.2889	1	Stimulus/S  1	1	4152889	4152897	64	3	70	pips_40_500-8000.hdf5	both	none
416.3556	1	Stimulus/S  1	1	4163556	4163564	64	4	50	pips_40_500-8000.hdf5	both	none
417.4223	1	Stimulus/S  1	1	4174223	4174231	64	5	30	pips_40_500-8000.hdf5	both	none
418.4889	1	Stimulus/S  1	1	4184889	4184897	65	0	20	pips_40_500-8000.hdf5	both	none
419.5556	1	Stimulus/S  1	1	4195556	4195564	65	1	40	pips_40_500-8000.hdf5	both	none
420.6223	1	Stimulus/S  1	1	4206223	4206231	65	2	60	pips_40_500-8000.hdf5	both	none
421.689	1	Stimulus/S  1	1	4216890	4216898	65	3	70	pips_40_500-8000.hdf5	both	none
422.7556	1	Stimulus/S  1	1	4227556	4227564	65	4	50	pips_40_500-8000.hdf5	both	none
423.8223	1	Stimulus/S  1	1	4238223	4238231	65	5	30	pips_40_500-8000.hdf5	both	none
424.889	1	Stimulus/S  1	1	4248890	4248898	66	0	20	pips_40_500-8000.hdf5	both	none
425.9557	1	Stimulus/S  1	1	4259557	4259565	66	1	40	pips_40_500-8000.hdf5	both	none
427.0223	1	Stimulus/S  1	1	4270223	4270231	66	2	60	pips_40_500-8000.hdf5	both	none
428.089	1	Stimulus/S  1	1	4280890	4280898	66	3	70	pips_40_500-8000.hdf5	both	none
429.1557	1	Stimulus/S  1	1	4291557	4291565	66	4	50	pips_40_500-8000.hdf5	both	none
430.2224	1	Stimulus/S  1	1	4302224	4302232	66	5	30	pips_40_500-8000.hdf5	both	none
431.2891	1	Stimulus/S  1	1	4312891	4312899	67	0	20	pips_40_500-8000.hdf5	both	none
432.3557	1	Stimulus/S  1	1	4323557	4323565	67	1	40	pips_40_500-8000.hdf5	both	none
433.4224	1	Stimulus/S  1	1	4334224	4334232	67	2	60	pips_40_500-8000.hdf5	both	none
434.4891	1	Stimulus/S  1	1	4344891	4344899	67	3	70	pips_40_500-8000.hdf5	both	none
435.5558	1	Stimulus/S  1	1	4355558	4355566	67	4	50	pips_40_500-8000.hdf5	both	none
436.6224	1	Stimulus/S  1	1	4366224	4366232	67	5	30	pips_40_500-8000.hdf5	both	none
437.6891	1	Stimulus/S  1	1	4376891	4376899	68	0	20	pips_40_500-8000.hdf5	both	none
438.7558	1	Stimulus/S  1	1	4387558	4387566	68	1	40	pips_40_500-8000.hdf5	both	none
439.8011	1	Stimulus/S  1	1	4398011	4398019	68	2	60	pips_40_500-8000.hdf5	both	none
440.8678	1	Stimulus/S  1	1	4408678	4408686	68	3	70	pips_40_500-8000.hdf5	both	none
441.9345	1	Stimulus/S  1	1	4419345	4419353	68	4	50	pips_40_500-8000.hdf5	both	none
442.9905	1	Stimulus/S  1	1	4429905	4429913	68	5	30	pips_40_500-8000.hdf5	both	none
444.0358	1	Stimulus/S  1	1	4440358	4440366	69	0	20	pips_40_500-8000.hdf5	both	none
445.0812	1	Stimulus/S  1	1	4450812	4450820	69	1	40	pips_40_500-8000.hdf5	both	none
446.1372	1	Stimulus/S  1	1	4461372	4461380	69	2	60	pips_40_500-8000.hdf5	both	none
447.1825	1	Stimulus/S  1	1	4471825	4471833	69	3	70	pips_40_500-8000.hdf5	both	none
448.2386	1	Stimulus/S  1	1	4482386	4482394	69	4	50	pips_40_500-8000.hdf5	both	none
449.2839	1	Stimulus/S  1	1	4492839	4492847	69	5	30	pips_40_500-8000.hdf5	both	none
450.3399	1	Stimulus/S  1	1	4503399	4503407	70	0	20	pips_40_500-8000.hdf5	both	none
451.3853	1	Stimulus/S  1	1	4513853	4513861	70	1	40	pips_40_500-8000.hdf5	both	none
452.4413	1	Stimulus/S  1	1	4524413	4524421	70	2	60	pips_40_500-8000.hdf5	both	none
453.4866	1	Stimulus/S  1	1	4534866	4534874	70	3	70	pips_40_500-8000.hdf5	both	none
454.532	1	Stimulus/S  1	1	4545320	4545328	70	4	50	pips_40_500-8000.hdf5	both	none
455.588	1	Stimulus/S  1	1	4555880	4555888	70	5	30	pips_40_500-8000.hdf5	both	none
456.6333	1	Stimulus/S  1	1	4566333	4566341	71	0	20	pips_40_500-8000.hdf5	both	none
457.6893	1	Stimulus/S  1	1	4576893	4576901	71	1	40	pips_40_500-8000.hdf5	both	none
458.7347	1	Stimulus/S  1	1	4587347	4587355	71	2	60	pips_40_500-8000.hdf5	both	none
459.7907	1	Stimulus/S  1	1	4597907	4597915	71	3	70	pips_40_500-8000.hdf5	both	none
460.836	1	Stimulus/S  1	1	4608360	4608368	71	4	50	pips_40_500-8000.hdf5	both	none
461.9027	1	Stimulus/S  1	1	4619027	4619035	71	5	30	pips_40_500-8000.hdf5	both	none
462.948	1	Stimulus/S  1	1	4629480	4629488	72	0	20	pips_40_500-8000.hdf5	both	none
464.0147	1	Stimulus/S  1	1	4640147	4640155	72	1	40	pips_40_500-8000.hdf5	both	none
465.0707	1	Stimulus/S  1	1	4650707	4650715	72	2	60	pips_40_500-8000.hdf5	both	none
466.1374	1	Stimulus/S  1	1	4661374	4661382	72	3	70	pips_40_500-8000.hdf5	both	none
467.2041	1	Stimulus/S  1	1	4672041	4672049	72	4	50	pips_40_500-8000.hdf5	both	none
468.2708	1	Stimulus/S  1	1	4682708	4682716	72	5	30	pips_40_500-8000.hdf5	both	none
469.3374	1	Stimulus/S  1	1	4693374	4693382	73	0	20	pips_40_500-8000.hdf5	both	none
470.4041	1	Stimulus/S  1	1	4704041	4704049	73	1	40	pips_40_500-8000.hdf5	both	none
471.4708	1	Stimulus/S  1	1	4714708	4714716	73	2	60	pips_40_500-8000.hdf5	both	none
472.5375	1	Stimulus/S  1	1	4725375	4725383	73	3	70	pips_40_500-8000.hdf5	both	none
473.6041	1	Stimulus/S  1	1	4736041	4736049	73	4	50	pips_40_500-8000.hdf5	both	none
474.6708	1	Stimulus/S  1	1	4746708	4746716	73	5	30	pips_40_500-8000.hdf5	both	none
475.7375	1	Stimulus/S  1	1	4757375	4757383	74	0	20	pips_40_500-8000.hdf5	both	none
476.8042	1	Stimulus/S  1	1	4768042	4768050	74	1	40	pips_40_500-8000.hdf5	both	none
477.8709	1	Stimulus/S  1	1	4778709	4778717	74	2	60	pips_40_500-8000.hdf5	both	none
478.9162	1	Stimulus/S  1	1	4789162	4789170	74	3	70	pips_40_500-8000.hdf5	both	none
479.9722	1	Stimulus/S  1	1	4799722	4799730	74	4	50	pips_40_500-8000.hdf5	both	none
481.0176	1	Stimulus/S  1	1	4810176	4810184	74	5	30	pips_40_500-8000.hdf5	both	none
482.0736	1	Stimulus/S  1	1	4820736	4820744	75	0	20	pips_40_500-8000.hdf5	both	none
483.1189	1	Stimulus/S  1	1	4831189	4831197	75	1	40	pips_40_500-8000.hdf5	both	none
484.1642	1	Stimulus/S  1	1	4841642	4841650	75	2	60	pips_40_500-8000.hdf5	both	none
485.2203	1	Stimulus/S  1	1	4852203	4852211	75	3	70	pips_40_500-8000.hdf5	both	none
486.2656	1	Stimulus/S  1	1	4862656	4862664	75	4	50	pips_40_500-8000.hdf5	both	none
487.3216	1	Stimulus/S  1	1	4873216	4873224	75	5	30	pips_40_500-8000.hdf5	both	none
488.367	1	Stimulus/S  1	1	4883670	4883678	76	0	20	pips_40_500-8000.hdf5	both	none
489.423	1	Stimulus/S  1	1	4894230	4894238	76	1	40	pips_40_500-8000.hdf5	both	none
490.4683	1	Stimulus/S  1	1	4904683	4904691	76	2	60	pips_40_500-8000.hdf5	both	none
491.5243	1	Stimulus/S  1	1	4915243	4915251	76	3	70	pips_40_500-8000.hdf5	both	none
492.5697	1	Stimulus/S  1	1	4925697	4925705	76	4	50	pips_40_500-8000.hdf5	both	none
493.6363	1	Stimulus/S  1	1	4936363	4936371	76	5	30	pips_40_500-8000.hdf5	both	none
494.6817	1	Stimulus/S  1	1	4946817	4946825	77	0	20	pips_40_500-8000.hdf5	both	none
495.7484	1	Stimulus/S  1	1	4957484	4957492	77	1	40	pips_40_500-8000.hdf5	both	none
496.815	1	Stimulus/S  1	1	4968150	4968158	77	2	60	pips_40_500-8000.hdf5	both	none
497.8711	1	Stimulus/S  1	1	4978711	4978719	77	3	70	pips_40_500-8000.hdf5	both	none
498.9377	1	Stimulus/S  1	1	4989377	4989385	77	4	50	pips_40_500-8000.hdf5	both	none
500.0044	1	Stimulus/S  1	1	5000044	5000052	77	5	30	pips_40_500-8000.hdf5	both	none
501.0711	1	Stimulus/S  1	1	5010711	5010719	78	0	20	pips_40_500-8000.hdf5	both	none
502.1164	1	Stimulus/S  1	1	5021164	5021172	78	1	40	pips_40_500-8000.hdf5	both	none
503.1831	1	Stimulus/S  1	1	5031831	5031839	78	2	60	pips_40_500-8000.hdf5	both	none
504.2498	1	Stimulus/S  1	1	5042498	5042506	78	3	70	pips_40_500-8000.hdf5	both	none
505.3165	1	Stimulus/S  1	1	5053165	5053173	78	4	50	pips_40_500-8000.hdf5	both	none
506.3831	1	Stimulus/S  1	1	5063831	5063839	78	5	30	pips_40_500-8000.hdf5	both	none
507.4391	1	Stimulus/S  1	1	5074391	5074399	79	0	20	pips_40_500-8000.hdf5	both	none
508.5058	1	Stimulus/S  1	1	5085058	5085066	79	1	40	pips_40_500-8000.hdf5	both	none
509.5512	1	Stimulus/S  1	1	5095512	5095520	79	2	60	pips_40_500-8000.hdf5	both	none
510.6178	1	Stimulus/S  1	1	5106178	5106186	79	3	70	pips_40_500-8000.hdf5	both	none
511.6739	1	Stimulus/S  1	1	5116739	5116747	79	4	50	pips_40_500-8000.hdf5	both	none
512.7192	1	Stimulus/S  1	1	5127192	5127200	79	5	30	pips_40_500-8000.hdf5	both	none
513.7752	1	Stimulus/S  1	1	5137752	5137760	80	0	20	pips_40_500-8000.hdf5	both	none
514.8206	1	Stimulus/S  1	1	5148206	5148214	80	1	40	pips_40_500-8000.hdf5	both	none
515.8659	1	Stimulus/S  1	1	5158659	5158667	80	2	60	pips_40_500-8000.hdf5	both	none
516.9219	1	Stimulus/S  1	1	5169219	5169227	80	3	70	pips_40_500-8000.hdf5	both	none
517.9673	1	Stimulus/S  1	1	5179673	5179681	80	4	50	pips_40_500-8000.hdf5	both	none
519.0233	1	Stimulus/S  1	1	5190233	5190241	80	5	30	pips_40_500-8000.hdf5	both	none
520.0686	1	Stimulus/S  1	1	5200686	5200694	81	0	20	pips_40_500-8000.hdf5	both	none
521.1246	1	Stimulus/S  1	1	5211246	5211254	81	1	40	pips_40_500-8000.hdf5	both	none
522.17	1	Stimulus/S  1	1	5221700	5221708	81	2	60	pips_40_500-8000.hdf5	both	none
523.2153	1	Stimulus/S  1	1	5232153	5232161	81	3	70	pips_40_500-8000.hdf5	both	none
524.2713	1	Stimulus/S  1	1	5242713	5242721	81	4	50	pips_40_500-8000.hdf5	both	none
525.3167	1	Stimulus/S  1	1	5253167	5253175	81	5	30	pips_40_500-8000.hdf5	both	none
526.3727	1	Stimulus/S  1	1	5263727	5263735	82	0	20	pips_40_500-8000.hdf5	both	none
527.418	1	Stimulus/S  1	1	5274180	5274188	82	1	40	pips_40_500-8000.hdf5	both	none
528.474	1	Stimulus/S  1	1	5284740	5284748	82	2	60	pips_40_500-8000.hdf5	both	none
529.5194	1	Stimulus/S  1	1	5295194	5295202	82	3	70	pips_40_500-8000.hdf5	both	none
530.5754	1	Stimulus/S  1	1	5305754	5305762	82	4	50	pips_40_500-8000.hdf5	both	none
531.6207	1	Stimulus/S  1	1	5316207	5316215	82	5	30	pips_40_500-8000.hdf5	both	none
532.6661	1	Stimulus/S  1	1	5326661	5326669	83	0	20	pips_40_500-8000.hdf5	both	none
533.7221	1	Stimulus/S  1	1	5337221	5337229	83	1	40	pips_40_500-8000.hdf5	both	none
534.7674	1	Stimulus/S  1	1	5347674	5347682	83	2	60	pips_40_500-8000.hdf5	both	none
535.8234	1	Stimulus/S  1	1	5358234	5358242	83	3	70	pips_40_500-8000.hdf5	both	none
536.8688	1	Stimulus/S  1	1	5368688	5368696	83	4	50	pips_40_500-8000.hdf5	both	none
537.9248	1	Stimulus/S  1	1	5379248	5379256	83	5	30	pips_40_500-8000.hdf5	both	none
538.9701	1	Stimulus/S  1	1	5389701	5389709	84	0	20	pips_40_500-8000.hdf5	both	none
540.0155	1	Stimulus/S  1	1	5400155	5400163	84	1	40	pips_40_500-8000.hdf5	both	none
541.0715	1	Stimulus/S  1	1	5410715	5410723	84	2	60	pips_40_500-8000.hdf5	both	none
542.1168	1	Stimulus/S  1	1	5421168	5421176	84	3	70	pips_40_500-8000.hdf5	both	none
543.1728	1	Stimulus/S  1	1	5431728	5431736	84	4	50	pips_40_500-8000.hdf5	both	none
544.2182	1	Stimulus/S  1	1	5442182	5442190	84	5	30	pips_40_500-8000.hdf5	both	none
545.2742	1	Stimulus/S  1	1	5452742	5452750	85	0	20	pips_40_500-8000.hdf5	both	none
546.3409	1	Stimulus/S  1	1	5463409	5463417	85	1	40	pips_40_500-8000.hdf5	both	none
547.3862	1	Stimulus/S  1	1	5473862	5473870	85	2	60	pips_40_500-8000.hdf5	both	none
548.4529	1	Stimulus/S  1	1	5484529	5484537	85	3	70	pips_40_500-8000.hdf5	both	none
549.5089	1	Stimulus/S  1	1	5495089	5495097	85	4	50	pips_40_500-8000.hdf5	both	none
550.5542	1	Stimulus/S  1	1	5505542	5505550	85	5	30	pips_40_500-8000.hdf5	both	none
551.5996	1	Stimulus/S  1	1	5515996	5516004	86	0	20	pips_40_500-8000.hdf5	both	none
552.6663	1	Stimulus/S  1	1	5526663	5526671	86	1	40	pips_40_500-8000.hdf5	both	none
553.7329	1	Stimulus/S  1	1	5537329	5537337	86	2	60	pips_40_500-8000.hdf5	both	none
554.789	1	Stimulus/S  1	1	5547890	5547898	86	3	70	pips_40_500-8000.hdf5	both	none
555.8556	1	Stimulus/S  1	1	5558556	5558564	86	4	50	pips_40_500-8000.hdf5	both	none
556.901	1	Stimulus/S  1	1	5569010	5569018	86	5	30	pips_40_500-8000.hdf5	both	none
557.9676	1	Stimulus/S  1	1	5579676	5579684	87	0	20	pips_40_500-8000.hdf5	both	none
559.0343	1	Stimulus/S  1	1	5590343	5590351	87	1	40	pips_40_500-8000.hdf5	both	none
560.0903	1	Stimulus/S  1	1	5600903	5600911	87	2	60	pips_40_500-8000.hdf5	both	none
561.157	1	Stimulus/S  1	1	5611570	5611578	87	3	70	pips_40_500-8000.hdf5	both	none
562.2237	1	Stimulus/S  1	1	5622237	5622245	87	4	50	pips_40_500-8000.hdf5	both	none
563.2904	1	Stimulus/S  1	1	5632904	5632912	87	5	30	pips_40_500-8000.hdf5	both	none
564.357	1	Stimulus/S  1	1	5643570	5643578	88	0	20	pips_40_500-8000.hdf5	both	none
565.4237	1	Stimulus/S  1	1	5654237	5654245	88	1	40	pips_40_500-8000.hdf5	both	none
566.4904	1	Stimulus/S  1	1	5664904	5664912	88	2	60	pips_40_500-8000.hdf5	both	none
567.5357	1	Stimulus/S  1	1	5675357	5675365	88	3	70	pips_40_500-8000.hdf5	both	none
568.6024	1	Stimulus/S  1	1	5686024	5686032	88	4	50	pips_40_500-8000.hdf5	both	none
569.7011	1	Stimulus/S  1	1	5697011	5697019	88	5	30	pips_40_500-8000.hdf5	both	none
570.7571	1	Stimulus/S  1	1	5707571	5707579	89	0	20	pips_40_500-8000.hdf5	both	none
571.8238	1	Stimulus/S  1	1	5718238	5718246	89	1	40	pips_40_500-8000.hdf5	both	none
572.8905	1	Stimulus/S  1	1	5728905	5728913	89	2	60	pips_40_500-8000.hdf5	both	none
573.9571	1	Stimulus/S  1	1	5739571	5739579	89	3	70	pips_40_500-8000.hdf5	both	none
575.0238	1	Stimulus/S  1	1	5750238	5750246	89	4	50	pips_40_500-8000.hdf5	both	none
576.0692	1	Stimulus/S  1	1	5760692	5760700	89	5	30	pips_40_500-8000.hdf5	both	none
577.1252	1	Stimulus/S  1	1	5771252	5771260	90	0	20	pips_40_500-8000.hdf5	both	none
578.1705	1	Stimulus/S  1	1	5781705	5781713	90	1	40	pips_40_500-8000.hdf5	both	none
579.2265	1	Stimulus/S  1	1	5792265	5792273	90	2	60	pips_40_500-8000.hdf5	both	none
580.2719	1	Stimulus/S  1	1	5802719	5802727	90	3	70	pips_40_500-8000.hdf5	both	none
581.3172	1	Stimulus/S  1	1	5813172	5813180	90	4	50	pips_40_500-8000.hdf5	both	none
582.3732	1	Stimulus/S  1	1	5823732	5823740	90	5	30	pips_40_500-8000.hdf5	both	none
583.4186	1	Stimulus/S  1	1	5834186	5834194	91	0	20	pips_40_500-8000.hdf5	both	none
584.4852	1	Stimulus/S  1	1	5844852	5844860	91	1	40	pips_40_500-8000.hdf5	both	none
585.5413	1	Stimulus/S  1	1	5855413	5855421	91	2	60	pips_40_500-8000.hdf5	both	none
586.6079	1	Stimulus/S  1	1	5866079	5866087	91	3	70	pips_40_500-8000.hdf5	both	none
587.6533	1	Stimulus/S  1	1	5876533	5876541	91	4	50	pips_40_500-8000.hdf5	both	none
588.72	1	Stimulus/S  1	1	5887200	5887208	91	5	30	pips_40_500-8000.hdf5	both	none
589.7866	1	Stimulus/S  1	1	5897866	5897874	92	0	20	pips_40_500-8000.hdf5	both	none
590.8533	1	Stimulus/S  1	1	5908533	5908541	92	1	40	pips_40_500-8000.hdf5	both	none
591.92	1	Stimulus/S  1	1	5919200	5919208	92	2	60	pips_40_500-8000.hdf5	both	none
592.9867	1	Stimulus/S  1	1	5929867	5929875	92	3	70	pips_40_500-8000.hdf5	both	none
594.0533	1	Stimulus/S  1	1	5940533	5940541	92	4	50	pips_40_500-8000.hdf5	both	none
595.1094	1	Stimulus/S  1	1	5951094	5951102	92	5	30	pips_40_500-8000.hdf5	both	none
596.176	1	Stimulus/S  1	1	5961760	5961768	93	0	20	pips_40_500-8000.hdf5	both	none
597.2214	1	Stimulus/S  1	1	5972214	5972222	93	1	40	pips_40_500-8000.hdf5	both	none
598.288	1	Stimulus/S  1	1	5982880	5982888	93	2	60	pips_40_500-8000.hdf5	both	none
599.3334	1	Stimulus/S  1	1	5993334	5993342	93	3	70	pips_40_500-8000.hdf5	both	none
600.3894	1	Stimulus/S  1	1	6003894	6003902	93	4	50	pips_40_500-8000.hdf5	both	none
601.4347	1	Stimulus/S  1	1	6014347	6014355	93	5	30	pips_40_500-8000.hdf5	both	none
602.4908	1	Stimulus/S  1	1	6024908	6024916	94	0	20	pips_40_500-8000.hdf5	both	none
603.5361	1	Stimulus/S  1	1	6035361	6035369	94	1	40	pips_40_500-8000.hdf5	both	none
604.5921	1	Stimulus/S  1	1	6045921	6045929	94	2	60	pips_40_500-8000.hdf5	both	none
605.6375	1	Stimulus/S  1	1	6056375	6056383	94	3	70	pips_40_500-8000.hdf5	both	none
606.7041	1	Stimulus/S  1	1	6067041	6067049	94	4	50	pips_40_500-8000.hdf5	both	none
607.7601	1	Stimulus/S  1	1	6077601	6077609	94	5	30	pips_40_500-8000.hdf5	both	none
608.8268	1	Stimulus/S  1	1	6088268	6088276	95	0	20	pips_40_500-8000.hdf5	both	none
609.8722	1	Stimulus/S  1	1	6098722	6098730	95	1	40	pips_40_500-8000.hdf5	both	none
610.9388	1	Stimulus/S  1	1	6109388	6109396	95	2	60	pips_40_500-8000.hdf5	both	none
612.0055	1	Stimulus/S  1	1	6120055	6120063	95	3	70	pips_40_500-8000.hdf5	both	none
613.0722	1	Stimulus/S  1	1	6130722	6130730	95	4	50	pips_40_500-8000.hdf5	both	none
614.1389	1	Stimulus/S  1	1	6141389	6141397	95	5	30	pips_40_500-8000.hdf5	both	none
615.2056	1	Stimulus/S  1	1	6152056	6152064	96	0	20	pips_40_500-8000.hdf5	both	none
616.2722	1	Stimulus/S  1	1	6162722	6162730	96	1	40	pips_40_500-8000.hdf5	both	none
617.3176	1	Stimulus/S  1	1	6173176	6173184	96	2	60	pips_40_500-8000.hdf5	both	none
618.3842	1	Stimulus/S  1	1	6183842	6183850	96	3	70	pips_40_500-8000.hdf5	both	none
619.4403	1	Stimulus/S  1	1	6194403	6194411	96	4	50	pips_40_500-8000.hdf5	both	none
620.5069	1	Stimulus/S  1	1	6205069	6205077	96	5	30	pips_40_500-8000.hdf5	both	none
621.5523	1	Stimulus/S  1	1	6215523	6215531	97	0	20	pips_40_500-8000.hdf5	both	none
622.6083	1	Stimulus/S  1	1	6226083	6226091	97	1	40	pips_40_500-8000.hdf5	both	none
623.6536	1	Stimulus/S  1	1	6236536	6236544	97	2	60	pips_40_500-8000.hdf5	both	none
624.7096	1	Stimulus/S  1	1	6247096	6247104	97	3	70	pips_40_500-8000.hdf5	both	none
625.755	1	Stimulus/S  1	1	6257550	6257558	97	4	50	pips_40_500-8000.hdf5	both	none
626.8217	1	Stimulus/S  1	1	6268217	6268225	97	5	30	pips_40_500-8000.hdf5	both	none
627.867	1	Stimulus/S  1	1	6278670	6278678	98	0	20	pips_40_500-8000.hdf5	both	none
628.9337	1	Stimulus/S  1	1	6289337	6289345	98	1	40	pips_40_500-8000.hdf5	both	none
629.9897	1	Stimulus/S  1	1	6299897	6299905	98	2	60	pips_40_500-8000.hdf5	both	none
631.0564	1	Stimulus/S  1	1	6310564	6310572	98	3	70	pips_40_500-8000.hdf5	both	none
632.1231	1	Stimulus/S  1	1	6321231	6321239	98	4	50	pips_40_500-8000.hdf5	both	none
633.1897	1	Stimulus/S  1	1	6331897	6331905	98	5	30	pips_40_500-8000.hdf5	both	none
634.2564	1	Stimulus/S  1	1	6342564	6342572	99	0	20	pips_40_500-8000.hdf5	both	none
635.3231	1	Stimulus/S  1	1	6353231	6353239	99	1	40	pips_40_500-8000.hdf5	both	none
636.3898	1	Stimulus/S  1	1	6363898	6363906	99	2	60	pips_40_500-8000.hdf5	both	none
637.4351	1	Stimulus/S  1	1	6374351	6374359	99	3	70	pips_40_500-8000.hdf5	both	none
638.5018	1	Stimulus/S  1	1	6385018	6385026	99	4	50	pips_40_500-8000.hdf5	both	none
639.5578	1	Stimulus/S  1	1	6395578	6395586	99	5	30	pips_40_500-8000.hdf5	both	none
640.6245	1	Stimulus/S  1	1	6406245	6406253	100	0	20	pips_40_500-8000.hdf5	both	none
641.6698	1	Stimulus/S  1	1	6416698	6416706	100	1	40	pips_40_500-8000.hdf5	both	none
642.7258	1	Stimulus/S  1	1	6427258	6427266	100	2	60	pips_40_500-8000.hdf5	both	none
643.7712	1	Stimulus/S  1	1	6437712	6437720	100	3	70	pips_40_500-8000.hdf5	both	none
644.8272	1	Stimulus/S  1	1	6448272	6448280	100	4	50	pips_40_500-8000.hdf5	both	none
645.8725	1	Stimulus/S  1	1	6458725	6458733	100	5	30	pips_40_500-8000.hdf5	both	none
646.9392	1	Stimulus/S  1	1	6469392	6469400	101	0	20	pips_40_500-8000.hdf5	both	none
648.0059	1	Stimulus/S  1	1	6480059	6480067	101	1	40	pips_40_500-8000.hdf5	both	none
649.0726	1	Stimulus/S  1	1	6490726	6490734	101	2	60	pips_40_500-8000.hdf5	both	none
650.1392	1	Stimulus/S  1	1	6501392	6501400	101	3	70	pips_40_500-8000.hdf5	both	none
651.2059	1	Stimulus/S  1	1	6512059	6512067	101	4	50	pips_40_500-8000.hdf5	both	none
652.2726	1	Stimulus/S  1	1	6522726	6522734	101	5	30	pips_40_500-8000.hdf5	both	none
653.3393	1	Stimulus/S  1	1	6533393	6533401	102	0	20	pips_40_500-8000.hdf5	both	none
654.4059	1	Stimulus/S  1	1	6544059	6544067	102	1	40	pips_40_500-8000.hdf5	both	none
655.4513	1	Stimulus/S  1	1	6554513	6554521	102	2	60	pips_40_500-8000.hdf5	both	none
656.518	1	Stimulus/S  1	1	6565180	6565188	102	3	70	pips_40_500-8000.hdf5	both	none
657.574	1	Stimulus/S  1	1	6575740	6575748	102	4	50	pips_40_500-8000.hdf5	both	none
658.6193	1	Stimulus/S  1	1	6586193	6586201	102	5	30	pips_40_500-8000.hdf5	both	none
659.6753	1	Stimulus/S  1	1	6596753	6596761	103	0	20	pips_40_500-8000.hdf5	both	none
660.7207	1	Stimulus/S  1	1	6607207	6607215	103	1	40	pips_40_500-8000.hdf5	both	none
661.7767	1	Stimulus/S  1	1	6617767	6617775	103	2	60	pips_40_500-8000.hdf5	both	none
662.822	1	Stimulus/S  1	1	6628220	6628228	103	3	70	pips_40_500-8000.hdf5	both	none
663.8674	1	Stimulus/S  1	1	6638674	6638682	103	4	50	pips_40_500-8000.hdf5	both	none
664.9234	1	Stimulus/S  1	1	6649234	6649242	103	5	30	pips_40_500-8000.hdf5	both	none
665.9901	1	Stimulus/S  1	1	6659901	6659909	104	0	20	pips_40_500-8000.hdf5	both	none
667.0567	1	Stimulus/S  1	1	6670567	6670575	104	1	40	pips_40_500-8000.hdf5	both	none
668.1234	1	Stimulus/S  1	1	6681234	6681242	104	2	60	pips_40_500-8000.hdf5	both	none
669.1901	1	Stimulus/S  1	1	6691901	6691909	104	3	70	pips_40_500-8000.hdf5	both	none
670.2568	1	Stimulus/S  1	1	6702568	6702576	104	4	50	pips_40_500-8000.hdf5	both	none
671.3234	1	Stimulus/S  1	1	6713234	6713242	104	5	30	pips_40_500-8000.hdf5	both	none
672.3688	1	Stimulus/S  1	1	6723688	6723696	105	0	20	pips_40_500-8000.hdf5	both	none
673.4355	1	Stimulus/S  1	1	6734355	6734363	105	1	40	pips_40_500-8000.hdf5	both	none
674.4915	1	Stimulus/S  1	1	6744915	6744923	105	2	60	pips_40_500-8000.hdf5	both	none
675.5582	1	Stimulus/S  1	1	6755582	6755590	105	3	70	pips_40_500-8000.hdf5	both	none
676.6035	1	Stimulus/S  1	1	6766035	6766043	105	4	50	pips_40_500-8000.hdf5	both	none
677.6595	1	Stimulus/S  1	1	6776595	6776603	105	5	30	pips_40_500-8000.hdf5	both	none
678.7048	1	Stimulus/S  1	1	6787048	6787056	106	0	20	pips_40_500-8000.hdf5	both	none
679.7609	1	Stimulus/S  1	1	6797609	6797617	106	1	40	pips_40_500-8000.hdf5	both	none
680.8062	1	Stimulus/S  1	1	6808062	6808070	106	2	60	pips_40_500-8000.hdf5	both	none
681.8729	1	Stimulus/S  1	1	6818729	6818737	106	3	70	pips_40_500-8000.hdf5	both	none
682.9182	1	Stimulus/S  1	1	6829182	6829190	106	4	50	pips_40_500-8000.hdf5	both	none
683.9849	1	Stimulus/S  1	1	6839849	6839857	106	5	30	pips_40_500-8000.hdf5	both	none
685.0409	1	Stimulus/S  1	1	6850409	6850417	107	0	20	pips_40_500-8000.hdf5	both	none
686.1076	1	Stimulus/S  1	1	6861076	6861084	107	1	40	pips_40_500-8000.hdf5	both	none
687.1743	1	Stimulus/S  1	1	6871743	6871751	107	2	60	pips_40_500-8000.hdf5	both	none
688.2409	1	Stimulus/S  1	1	6882409	6882417	107	3	70	pips_40_500-8000.hdf5	both	none
689.3076	1	Stimulus/S  1	1	6893076	6893084	107	4	50	pips_40_500-8000.hdf5	both	none
690.3743	1	Stimulus/S  1	1	6903743	6903751	107	5	30	pips_40_500-8000.hdf5	both	none
691.441	1	Stimulus/S  1	1	6914410	6914418	108	0	20	pips_40_500-8000.hdf5	both	none
692.4863	1	Stimulus/S  1	1	6924863	6924871	108	1	40	pips_40_500-8000.hdf5	both	none
693.5423	1	Stimulus/S  1	1	6935423	6935431	108	2	60	pips_40_500-8000.hdf5	both	none
694.5877	1	Stimulus/S  1	1	6945877	6945885	108	3	70	pips_40_500-8000.hdf5	both	none
695.6437	1	Stimulus/S  1	1	6956437	6956445	108	4	50	pips_40_500-8000.hdf5	both	none
696.689	1	Stimulus/S  1	1	6966890	6966898	108	5	30	pips_40_500-8000.hdf5	both	none
697.745	1	Stimulus/S  1	1	6977450	6977458	109	0	20	pips_40_500-8000.hdf5	both	none
698.7904	1	Stimulus/S  1	1	6987904	6987912	109	1	40	pips_40_500-8000.hdf5	both	none
699.8357	1	Stimulus/S  1	1	6998357	6998365	109	2	60	pips_40_500-8000.hdf5	both	none
700.9024	1	Stimulus/S  1	1	7009024	7009032	109	3	70	pips_40_500-8000.hdf5	both	none
701.9584	1	Stimulus/S  1	1	7019584	7019592	109	4	50	pips_40_500-8000.hdf5	both	none
703.0251	1	Stimulus/S  1	1	7030251	7030259	109	5	30	pips_40_500-8000.hdf5	both	none
704.0918	1	Stimulus/S  1	1	7040918	7040926	110	0	20	pips_40_500-8000.hdf5	both	none
705.1584	1	Stimulus/S  1	1	7051584	7051592	110	1	40	pips_40_500-8000.hdf5	both	none
706.2251	1	Stimulus/S  1	1	7062251	7062259	110	2	60	pips_40_500-8000.hdf5	both	none
707.2918	1	Stimulus/S  1	1	7072918	7072926	110	3	70	pips_40_500-8000.hdf5	both	none
708.3585	1	Stimulus/S  1	1	7083585	7083593	110	4	50	pips_40_500-8000.hdf5	both	none
709.4038	1	Stimulus/S  1	1	7094038	7094046	110	5	30	pips_40_500-8000.hdf5	both	none
710.4705	1	Stimulus/S  1	1	7104705	7104713	111	0	20	pips_40_500-8000.hdf5	both	none
711.5265	1	Stimulus/S  1	1	7115265	7115273	111	1	40	pips_40_500-8000.hdf5	both	none
712.5932	1	Stimulus/S  1	1	7125932	7125940	111	2	60	pips_40_500-8000.hdf5	both	none
713.6385	1	Stimulus/S  1	1	7136385	7136393	111	3	70	pips_40_500-8000.hdf5	both	none
714.6945	1	Stimulus/S  1	1	7146945	7146953	111	4	50	pips_40_500-8000.hdf5	both	none
715.7399	1	Stimulus/S  1	1	7157399	7157407	111	5	30	pips_40_500-8000.hdf5	both	none
716.7852	1	Stimulus/S  1	1	7167852	7167860	112	0	20	pips_40_500-8000.hdf5	both	none
717.8412	1	Stimulus/S  1	1	7178412	7178420	112	1	40	pips_40_500-8000.hdf5	both	none
718.9079	1	Stimulus/S  1	1	7189079	7189087	112	2	60	pips_40_500-8000.hdf5	both	none
719.9533	1	Stimulus/S  1	1	7199533	7199541	112	3	70	pips_40_500-8000.hdf5	both	none
721.0199	1	Stimulus/S  1	1	7210199	7210207	112	4	50	pips_40_500-8000.hdf5	both	none
722.0759	1	Stimulus/S  1	1	7220759	7220767	112	5	30	pips_40_500-8000.hdf5	both	none
723.1426	1	Stimulus/S  1	1	7231426	7231434	113	0	20	pips_40_500-8000.hdf5	both	none
724.2093	1	Stimulus/S  1	1	7242093	7242101	113	1	40	pips_40_500-8000.hdf5	both	none
725.276	1	Stimulus/S  1	1	7252760	7252768	113	2	60	pips_40_500-8000.hdf5	both	none
726.3427	1	Stimulus/S  1	1	7263427	7263435	113	3	70	pips_40_500-8000.hdf5	both	none
727.4093	1	Stimulus/S  1	1	7274093	7274101	113	4	50	pips_40_500-8000.hdf5	both	none
728.476	1	Stimulus/S  1	1	7284760	7284768	113	5	30	pips_40_500-8000.hdf5	both	none
729.5214	1	Stimulus/S  1	1	7295214	7295222	114	0	20	pips_40_500-8000.hdf5	both	none
730.588	1	Stimulus/S  1	1	7305880	7305888	114	1	40	pips_40_500-8000.hdf5	both	none
731.644	1	Stimulus/S  1	1	7316440	7316448	114	2	60	pips_40_500-8000.hdf5	both	none
732.7107	1	Stimulus/S  1	1	7327107	7327115	114	3	70	pips_40_500-8000.hdf5	both	none
733.7561	1	Stimulus/S  1	1	7337561	7337569	114	4	50	pips_40_500-8000.hdf5	both	none
734.8121	1	Stimulus/S  1	1	7348121	7348129	114	5	30	pips_40_500-8000.hdf5	both	none
735.8574	1	Stimulus/S  1	1	7358574	7358582	115	0	20	pips_40_500-8000.hdf5	both	none
736.9241	1	Stimulus/S  1	1	7369241	7369249	115	1	40	pips_40_500-8000.hdf5	both	none
737.9694	1	Stimulus/S  1	1	7379694	7379702	115	2	60	pips_40_500-8000.hdf5	both	none
739.0361	1	Stimulus/S  1	1	7390361	7390369	115	3	70	pips_40_500-8000.hdf5	both	none
740.0921	1	Stimulus/S  1	1	7400921	7400929	115	4	50	pips_40_500-8000.hdf5	both	none
741.1588	1	Stimulus/S  1	1	7411588	7411596	115	5	30	pips_40_500-8000.hdf5	both	none
742.2255	1	Stimulus/S  1	1	7422255	7422263	116	0	20	pips_40_500-8000.hdf5	both	none
743.2922	1	Stimulus/S  1	1	7432922	7432930	116	1	40	pips_40_500-8000.hdf5	both	none
744.3588	1	Stimulus/S  1	1	7443588	7443596	116	2	60	pips_40_500-8000.hdf5	both	none
745.4255	1	Stimulus/S  1	1	7454255	7454263	116	3	70	pips_40_500-8000.hdf5	both	none
746.4922	1	Stimulus/S  1	1	7464922	7464930	116	4	50	pips_40_500-8000.hdf5	both	none
747.5375	1	Stimulus/S  1	1	7475375	7475383	116	5	30	pips_40_500-8000.hdf5	both	none
748.6042	1	Stimulus/S  1	1	7486042	7486050	117	0	20	pips_40_500-8000.hdf5	both	none
749.6602	1	Stimulus/S  1	1	7496602	7496610	117	1	40	pips_40_500-8000.hdf5	both	none
750.7269	1	Stimulus/S  1	1	7507269	7507277	117	2	60	pips_40_500-8000.hdf5	both	none
751.7722	1	Stimulus/S  1	1	7517722	7517730	117	3	70	pips_40_500-8000.hdf5	both	none
752.8283	1	Stimulus/S  1	1	7528283	7528291	117	4	50	pips_40_500-8000.hdf5	both	none
753.8736	1	Stimulus/S  1	1	7538736	7538744	117	5	30	pips_40_500-8000.hdf5	both	none
754.9296	1	Stimulus/S  1	1	7549296	7549304	118	0	20	pips_40_500-8000.hdf5	both	none
755.9749	1	Stimulus/S  1	1	7559749	7559757	118	1	40	pips_40_500-8000.hdf5	both	none
757.0416	1	Stimulus/S  1	1	7570416	7570424	118	2	60	pips_40_500-8000.hdf5	both	none
758.087	1	Stimulus/S  1	1	7580870	7580878	118	3	70	pips_40_500-8000.hdf5	both	none
759.1536	1	Stimulus/S  1	1	7591536	7591544	118	4	50	pips_40_500-8000.hdf5	both	none
760.2097	1	Stimulus/S  1	1	7602097	7602105	118	5	30	pips_40_500-8000.hdf5	both	none
761.2763	1	Stimulus/S  1	1	7612763	7612771	119	0	20	pips_40_500-8000.hdf5	both	none
762.343	1	Stimulus/S  1	1	7623430	7623438	119	1	40	pips_40_500-8000.hdf5	both	none
763.4097	1	Stimulus/S  1	1	7634097	7634105	119	2	60	pips_40_500-8000.hdf5	both	none
764.4764	1	Stimulus/S  1	1	7644764	7644772	119	3	70	pips_40_500-8000.hdf5	both	none
765.543	1	Stimulus/S  1	1	7655430	7655438	119	4	50	pips_40_500-8000.hdf5	both	none
766.6097	1	Stimulus/S  1	1	7666097	7666105	119	5	30	pips_40_500-8000.hdf5	both	none
767.6551	1	Stimulus/S  1	1	7676551	7676559	0	0	20	pips_40_500-8000.hdf5	both	none
768.7217	1	Stimulus/S  1	1	7687217	7687225	0	1	40	pips_40_500-8000.hdf5	both	none
769.7778	1	Stimulus/S  1	1	7697778	7697786	0	2	60	pips_40_500-8000.hdf5	both	none
770.8444	1	Stimulus/S  1	1	7708444	7708452	0	3	70	pips_40_500-8000.hdf5	both	none
771.8898	1	Stimulus/S  1	1	7718898	7718906	0	4	50	pips_40_500-8000.hdf5	both	none
772.9458	1	Stimulus/S  1	1	7729458	7729466	0	5	30	pips_40_500-8000.hdf5	both	none
773.9911	1	Stimulus/S  1	1	7739911	7739919	1	0	20	pips_40_500-8000.hdf5	both	none
775.0365	1	Stimulus/S  1	1	7750365	7750373	1	1	40	pips_40_500-8000.hdf5	both	none
776.0925	1	Stimulus/S  1	1	7760925	7760933	1	2	60	pips_40_500-8000.hdf5	both	none
777.1592	1	Stimulus/S  1	1	7771592	7771600	1	3	70	pips_40_500-8000.hdf5	both	none
778.2045	1	Stimulus/S  1	1	7782045	7782053	1	4	50	pips_40_500-8000.hdf5	both	none
779.2712	1	Stimulus/S  1	1	7792712	7792720	1	5	30	pips_40_500-8000.hdf5	both	none
780.3272	1	Stimulus/S  1	1	7803272	7803280	2	0	20	pips_40_500-8000.hdf5	both	none
781.3939	1	Stimulus/S  1	1	7813939	7813947	2	1	40	pips_40_500-8000.hdf5	both	none
782.4605	1	Stimulus/S  1	1	7824605	7824613	2	2	60	pips_40_500-8000.hdf5	both	none
783.5272	1	Stimulus/S  1	1	7835272	7835280	2	3	70	pips_40_500-8000.hdf5	both	none
784.5939	1	Stimulus/S  1	1	7845939	7845947	2	4	50	pips_40_500-8000.hdf5	both	none
785.6606	1	Stimulus/S  1	1	7856606	7856614	2	5	30	pips_40_500-8000.hdf5	both	none
786.7273	1	Stimulus/S  1	1	7867273	7867281	3	0	20	pips_40_500-8000.hdf5	both	none
787.7726	1	Stimulus/S  1	1	7877726	7877734	3	1	40	pips_40_500-8000.hdf5	both	none
788.8393	1	Stimulus/S  1	1	7888393	7888401	3	2	60	pips_40_500-8000.hdf5	both	none
789.8953	1	Stimulus/S  1	1	7898953	7898961	3	3	70	pips_40_500-8000.hdf5	both	none
790.962	1	Stimulus/S  1	1	7909620	7909628	3	4	50	pips_40_500-8000.hdf5	both	none
792.0073	1	Stimulus/S  1	1	7920073	7920081	3	5	30	pips_40_500-8000.hdf5	both	none
793.0633	1	Stimulus/S  1	1	7930633	7930641	4	0	20	pips_40_500-8000.hdf5	both	none
794.1087	1	Stimulus/S  1	1	7941087	7941095	4	1	40	pips_40_500-8000.hdf5	both	none
795.154	1	Stimulus/S  1	1	7951540	7951548	4	2	60	pips_40_500-8000.hdf5	both	none
796.21	1	Stimulus/S  1	1	7962100	7962108	4	3	70	pips_40_500-8000.hdf5	both	none
797.2767	1	Stimulus/S  1	1	7972767	7972775	4	4	50	pips_40_500-8000.hdf5	both	none
798.322	1	Stimulus/S  1	1	7983220	7983228	4	5	30	pips_40_500-8000.hdf5	both	none
799.3887	1	Stimulus/S  1	1	7993887	7993895	5	0	20	pips_40_500-8000.hdf5	both	none
800.4554	1	Stimulus/S  1	1	8004554	8004562	5	1	40	pips_40_500-8000.hdf5	both	none
801.5221	1	Stimulus/S  1	1	8015221	8015229	5	2	60	pips_40_500-8000.hdf5	both	none
802.5887	1	Stimulus/S  1	1	8025887	8025895	5	3	70	pips_40_500-8000.hdf5	both	none
803.6554	1	Stimulus/S  1	1	8036554	8036562	5	4	50	pips_40_500-8000.hdf5	both	none
804.7221	1	Stimulus/S  1	1	8047221	8047229	5	5	30	pips_40_500-8000.hdf5	both	none
805.7781	1	Stimulus/S  1	1	8057781	8057789	6	0	20	pips_40_500-8000.hdf5	both	none
806.8235	1	Stimulus/S  1	1	8068235	8068243	6	1	40	pips_40_500-8000.hdf5	both	none
807.8795	1	Stimulus/S  1	1	8078795	8078803	6	2	60	pips_40_500-8000.hdf5	both	none
808.9248	1	Stimulus/S  1	1	8089248	8089256	6	3	70	pips_40_500-8000.hdf5	both	none
809.9702	1	Stimulus/S  1	1	8099702	8099710	6	4	50	pips_40_500-8000.hdf5	both	none
811.0262	1	Stimulus/S  1	1	8110262	8110270	6	5	30	pips_40_500-8000.hdf5	both	none
812.0715	1	Stimulus/S  1	1	8120715	8120723	7	0	20	pips_40_500-8000.hdf5	both	none
813.1275	1	Stimulus/S  1	1	8131275	8131283	7	1	40	pips_40_500-8000.hdf5	both	none
814.1942	1	Stimulus/S  1	1	8141942	8141950	7	2	60	pips_40_500-8000.hdf5	both	none
815.2395	1	Stimulus/S  1	1	8152395	8152403	7	3	70	pips_40_500-8000.hdf5	both	none
816.3062	1	Stimulus/S  1	1	8163062	8163070	7	4	50	pips_40_500-8000.hdf5	both	none
817.3622	1	Stimulus/S  1	1	8173622	8173630	7	5	30	pips_40_500-8000.hdf5	both	none
818.4289	1	Stimulus/S  1	1	8184289	8184297	8	0	20	pips_40_500-8000.hdf5	both	none
819.4956	1	Stimulus/S  1	1	8194956	8194964	8	1	40	pips_40_500-8000.hdf5	both	none
820.5623	1	Stimulus/S  1	1	8205623	8205631	8	2	60	pips_40_500-8000.hdf5	both	none
821.6289	1	Stimulus/S  1	1	8216289	8216297	8	3	70	pips_40_500-8000.hdf5	both	none
822.6956	1	Stimulus/S  1	1	8226956	8226964	8	4	50	pips_40_500-8000.hdf5	both	none
823.7623	1	Stimulus/S  1	1	8237623	8237631	8	5	30	pips_40_500-8000.hdf5	both	none
824.8076	1	Stimulus/S  1	1	8248076	8248084	9	0	20	pips_40_500-8000.hdf5	both	none
825.8743	1	Stimulus/S  1	1	8258743	8258751	9	1	40	pips_40_500-8000.hdf5	both	none
826.9303	1	Stimulus/S  1	1	8269303	8269311	9	2	60	pips_40_500-8000.hdf5	both	none
827.997	1	Stimulus/S  1	1	8279970	8279978	9	3	70	pips_40_500-8000.hdf5	both	none
829.0423	1	Stimulus/S  1	1	8290423	8290431	9	4	50	pips_40_500-8000.hdf5	both	none
830.0877	1	Stimulus/S  1	1	8300877	8300885	9	5	30	pips_40_500-8000.hdf5	both	none
831.1437	1	Stimulus/S  1	1	8311437	8311445	10	0	20	pips_40_500-8000.hdf5	both	none
832.189	1	Stimulus/S  1	1	8321890	8321898	10	1	40	pips_40_500-8000.hdf5	both	none
833.245	1	Stimulus/S  1	1	8332450	8332458	10	2	60	pips_40_500-8000.hdf5	both	none
834.3117	1	Stimulus/S  1	1	8343117	8343125	10	3	70	pips_40_500-8000.hdf5	both	none
835.3571	1	Stimulus/S  1	1	8353571	8353579	10	4	50	pips_40_500-8000.hdf5	both	none
836.4237	1	Stimulus/S  1	1	8364237	8364245	10	5	30	pips_40_500-8000.hdf5	both	none
837.4904	1	Stimulus/S  1	1	8374904	8374912	11	0	20	pips_40_500-8000.hdf5	both	none
838.5571	1	Stimulus/S  1	1	8385571	8385579	11	1	40	pips_40_500-8000.hdf5	both	none
839.6238	1	Stimulus/S  1	1	8396238	8396246	11	2	60	pips_40_500-8000.hdf5	both	none
840.6905	1	Stimulus/S  1	1	8406905	8406913	11	3	70	pips_40_500-8000.hdf5	both	none
841.7571	1	Stimulus/S  1	1	8417571	8417579	11	4	50	pips_40_500-8000.hdf5	both	none
842.8131	1	Stimulus/S  1	1	8428131	8428139	11	5	30	pips_40_500-8000.hdf5	both	none
843.8798	1	Stimulus/S  1	1	8438798	8438806	12	0	20	pips_40_500-8000.hdf5	both	none
844.9252	1	Stimulus/S  1	1	8449252	8449260	12	1	40	pips_40_500-8000.hdf5	both	none
845.9918	1	Stimulus/S  1	1	8459918	8459926	12	2	60	pips_40_500-8000.hdf5	both	none
847.0479	1	Stimulus/S  1	1	8470479	8470487	12	3	70	pips_40_500-8000.hdf5	both	none
848.0932	1	Stimulus/S  1	1	8480932	8480940	12	4	50	pips_40_500-8000.hdf5	both	none
849.1385	1	Stimulus/S  1	1	8491385	8491393	12	5	30	pips_40_500-8000.hdf5	both	none
850.1945	1	Stimulus/S  1	1	8501945	8501953	13	0	20	pips_40_500-8000.hdf5	both	none
851.2399	1	Stimulus/S  1	1	8512399	8512407	13	1	40	pips_40_500-8000.hdf5	both	none
852.2959	1	Stimulus/S  1	1	8522959	8522967	13	2	60	pips_40_500-8000.hdf5	both	none
853.3412	1	Stimulus/S  1	1	8533412	8533420	13	3	70	pips_40_500-8000.hdf5	both	none
854.3973	1	Stimulus/S  1	1	8543973	8543981	13	4	50	pips_40_500-8000.hdf5	both	none
855.4426	1	Stimulus/S  1	1	8554426	8554434	13	5	30	pips_40_500-8000.hdf5	both	none
856.4879	1	Stimulus/S  1	1	8564879	8564887	14	0	20	pips_40_500-8000.hdf5	both	none
857.5546	1	Stimulus/S  1	1	8575546	8575554	14	1	40	pips_40_500-8000.hdf5	both	none
858.6213	1	Stimulus/S  1	1	8586213	8586221	14	2	60	pips_40_500-8000.hdf5	both	none
859.688	1	Stimulus/S  1	1	8596880	8596888	14	3	70	pips_40_500-8000.hdf5	both	none
860.7547	1	Stimulus/S  1	1	8607547	8607555	14	4	50	pips_40_500-8000.hdf5	both	none
861.8213	1	Stimulus/S  1	1	8618213	8618221	14	5	30	pips_40_500-8000.hdf5	both	none
862.888	1	Stimulus/S  1	1	8628880	8628888	15	0	20	pips_40_500-8000.hdf5	both	none
863.9547	1	Stimulus/S  1	1	8639547	8639555	15	1	40	pips_40_500-8000.hdf5	both	none
865.0214	1	Stimulus/S  1	1	8650214	8650222	15	2	60	pips_40_500-8000.hdf5	both	none
866.0987	1	Stimulus/S  1	1	8660987	8660995	15	3	70	pips_40_500-8000.hdf5	both	none
867.1441	1	Stimulus/S  1	1	8671441	8671449	15	4	50	pips_40_500-8000.hdf5	both	none
868.1894	1	Stimulus/S  1	1	8681894	8681902	15	5	30	pips_40_500-8000.hdf5	both	none
869.2454	1	Stimulus/S  1	1	8692454	8692462	16	0	20	pips_40_500-8000.hdf5	both	none
870.2907	1	Stimulus/S  1	1	8702907	8702915	16	1	40	pips_40_500-8000.hdf5	both	none
871.3468	1	Stimulus/S  1	1	8713468	8713476	16	2	60	pips_40_500-8000.hdf5	both	none
872.3921	1	Stimulus/S  1	1	8723921	8723929	16	3	70	pips_40_500-8000.hdf5	both	none
873.4374	1	Stimulus/S  1	1	8734374	8734382	16	4	50	pips_40_500-8000.hdf5	both	none
874.4935	1	Stimulus/S  1	1	8744935	8744943	16	5	30	pips_40_500-8000.hdf5	both	none
875.5601	1	Stimulus/S  1	1	8755601	8755609	17	0	20	pips_40_500-8000.hdf5	both	none
876.6055	1	Stimulus/S  1	1	8766055	8766063	17	1	40	pips_40_500-8000.hdf5	both	none
877.6722	1	Stimulus/S  1	1	8776722	8776730	17	2	60	pips_40_500-8000.hdf5	both	none
878.7388	1	Stimulus/S  1	1	8787388	8787396	17	3	70	pips_40_500-8000.hdf5	both	none
879.8055	1	Stimulus/S  1	1	8798055	8798063	17	4	50	pips_40_500-8000.hdf5	both	none
880.8722	1	Stimulus/S  1	1	8808722	8808730	17	5	30	pips_40_500-8000.hdf5	both	none
881.9389	1	Stimulus/S  1	1	8819389	8819397	18	0	20	pips_40_500-8000.hdf5	both	none
883.0055	1	Stimulus/S  1	1	8830055	8830063	18	1	40	pips_40_500-8000.hdf5	both	none
884.0616	1	Stimulus/S  1	1	8840616	8840624	18	2	60	pips_40_500-8000.hdf5	both	none
885.1282	1	Stimulus/S  1	1	8851282	8851290	18	3	70	pips_40_500-8000.hdf5	both	none
886.1949	1	Stimulus/S  1	1	8861949	8861957	18	4	50	pips_40_500-8000.hdf5	both	none
887.2403	1	Stimulus/S  1	1	8872403	8872411	18	5	30	pips_40_500-8000.hdf5	both	none
888.2963	1	Stimulus/S  1	1	8882963	8882971	19	0	20	pips_40_500-8000.hdf5	both	none
889.3416	1	Stimulus/S  1	1	8893416	8893424	19	1	40	pips_40_500-8000.hdf5	both	none
890.3976	1	Stimulus/S  1	1	8903976	8903984	19	2	60	pips_40_500-8000.hdf5	both	none
891.443	1	Stimulus/S  1	1	8914430	8914438	19	3	70	pips_40_500-8000.hdf5	both	none
892.4883	1	Stimulus/S  1	1	8924883	8924891	19	4	50	pips_40_500-8000.hdf5	both	none
893.5443	1	Stimulus/S  1	1	8935443	8935451	19	5	30	pips_40_500-8000.hdf5	both	none
894.5897	1	Stimulus/S  1	1	8945897	8945905	20	0	20	pips_40_500-8000.hdf5	both	none
895.6563	1	Stimulus/S  1	1	8956563	8956571	20	1	40	pips_40_500-8000.hdf5	both	none
896.7123	1	Stimulus/S  1	1	8967123	8967131	20	2	60	pips_40_500-8000.hdf5	both	none
897.779	1	Stimulus/S  1	1	8977790	8977798	20	3	70	pips_40_500-8000.hdf5	both	none
898.8244	1	Stimulus/S  1	1	8988244	8988252	20	4	50	pips_40_500-8000.hdf5	both	none
899.891	1	Stimulus/S  1	1	8998910	8998918	20	5	30	pips_40_500-8000.hdf5	both	none
900.9577	1	Stimulus/S  1	1	9009577	9009585	21	0	20	pips_40_500-8000.hdf5	both	none
902.0244	1	Stimulus/S  1	1	9020244	9020252	21	1	40	pips_40_500-8000.hdf5	both	none
903.0911	1	Stimulus/S  1	1	9030911	9030919	21	2	60	pips_40_500-8000.hdf5	both	none
904.1578	1	Stimulus/S  1	1	9041578	9041586	21	3	70	pips_40_500-8000.hdf5	both	none
905.2244	1	Stimulus/S  1	1	9052244	9052252	21	4	50	pips_40_500-8000.hdf5	both	none
906.2804	1	Stimulus/S  1	1	9062804	9062812	21	5	30	pips_40_500-8000.hdf5	both	none
907.3471	1	Stimulus/S  1	1	9073471	9073479	22	0	20	pips_40_500-8000.hdf5	both	none
908.3925	1	Stimulus/S  1	1	9083925	9083933	22	1	40	pips_40_500-8000.hdf5	both	none
909.4591	1	Stimulus/S  1	1	9094591	9094599	22	2	60	pips_40_500-8000.hdf5	both	none
910.5151	1	Stimulus/S  1	1	9105151	9105159	22	3	70	pips_40_500-8000.hdf5	both	none
911.5605	1	Stimulus/S  1	1	9115605	9115613	22	4	50	pips_40_500-8000.hdf5	both	none
912.6058	1	Stimulus/S  1	1	9126058	9126066	22	5	30	pips_40_500-8000.hdf5	both	none
913.6618	1	Stimulus/S  1	1	9136618	9136626	23	0	20	pips_40_500-8000.hdf5	both	none
914.7072	1	Stimulus/S  1	1	9147072	9147080	23	1	40	pips_40_500-8000.hdf5	both	none
915.7739	1	Stimulus/S  1	1	9157739	9157747	23	2	60	pips_40_500-8000.hdf5	both	none
916.8299	1	Stimulus/S  1	1	9168299	9168307	23	3	70	pips_40_500-8000.hdf5	both	none
917.8966	1	Stimulus/S  1	1	9178966	9178974	23	4	50	pips_40_500-8000.hdf5	both	none
918.9419	1	Stimulus/S  1	1	9189419	9189427	23	5	30	pips_40_500-8000.hdf5	both	none
920.0086	1	Stimulus/S  1	1	9200086	9200094	24	0	20	pips_40_500-8000.hdf5	both	none
921.0753	1	Stimulus/S  1	1	9210753	9210761	24	1	40	pips_40_500-8000.hdf5	both	none
922.1419	1	Stimulus/S  1	1	9221419	9221427	24	2	60	pips_40_500-8000.hdf5	both	none
923.2086	1	Stimulus/S  1	1	9232086	9232094	24	3	70	pips_40_500-8000.hdf5	both	none
924.2753	1	Stimulus/S  1	1	9242753	9242761	24	4	50	pips_40_500-8000.hdf5	both	none
925.342	1	Stimulus/S  1	1	9253420	9253428	24	5	30	pips_40_500-8000.hdf5	both	none
926.398	1	Stimulus/S  1	1	9263980	9263988	25	0	20	pips_40_500-8000.hdf5	both	none
927.4646	1	Stimulus/S  1	1	9274646	9274654	25	1	40	pips_40_500-8000.hdf5	both	none
928.51	1	Stimulus/S  1	1	9285100	9285108	25	2	60	pips_40_500-8000.hdf5	both	none
929.566	1	Stimulus/S  1	1	9295660	9295668	25	3	70	pips_40_500-8000.hdf5	both	none
930.6113	1	Stimulus/S  1	1	9306113	9306121	25	4	50	pips_40_500-8000.hdf5	both	none
931.6567	1	Stimulus/S  1	1	9316567	9316575	25	5	30	pips_40_500-8000.hdf5	both	none
932.7127	1	Stimulus/S  1	1	9327127	9327135	26	0	20	pips_40_500-8000.hdf5	both	none
933.758	1	Stimulus/S  1	1	9337580	9337588	26	1	40	pips_40_500-8000.hdf5	both	none
934.8141	1	Stimulus/S  1	1	9348141	9348149	26	2	60	pips_40_500-8000.hdf5	both	none
935.8594	1	Stimulus/S  1	1	9358594	9358602	26	3	70	pips_40_500-8000.hdf5	both	none
936.9261	1	Stimulus/S  1	1	9369261	9369269	26	4	50	pips_40_500-8000.hdf5	both	none
937.9928	1	Stimulus/S  1	1	9379928	9379936	26	5	30	pips_40_500-8000.hdf5	both	none
939.0594	1	Stimulus/S  1	1	9390594	9390602	27	0	20	pips_40_500-8000.hdf5	both	none
940.1261	1	Stimulus/S  1	1	9401261	9401269	27	1	40	pips_40_500-8000.hdf5	both	none
941.1928	1	Stimulus/S  1	1	9411928	9411936	27	2	60	pips_40_500-8000.hdf5	both	none
942.2595	1	Stimulus/S  1	1	9422595	9422603	27	3	70	pips_40_500-8000.hdf5	both	none
943.3155	1	Stimulus/S  1	1	9433155	9433163	27	4	50	pips_40_500-8000.hdf5	both	none
944.3822	1	Stimulus/S  1	1	9443822	9443830	27	5	30	pips_40_500-8000.hdf5	both	none
945.4488	1	Stimulus/S  1	1	9454488	9454496	28	0	20	pips_40_500-8000.hdf5	both	none
946.4942	1	Stimulus/S  1	1	9464942	9464950	28	1	40	pips_40_500-8000.hdf5	both	none
947.5395	1	Stimulus/S  1	1	9475395	9475403	28	2	60	pips_40_500-8000.hdf5	both	none
948.5955	1	Stimulus/S  1	1	9485955	9485963	28	3	70	pips_40_500-8000.hdf5	both	none
949.6409	1	Stimulus/S  1	1	9496409	9496417	28	4	50	pips_40_500-8000.hdf5	both	none
950.6969	1	Stimulus/S  1	1	9506969	9506977	28	5	30	pips_40_500-8000.hdf5	both	none
951.7422	1	Stimulus/S  1	1	9517422	9517430	29	0	20	pips_40_500-8000.hdf5	both	none
952.8089	1	Stimulus/S  1	1	9528089	9528097	29	1	40	pips_40_500-8000.hdf5	both	none
953.8649	1	Stimulus/S  1	1	9538649	9538657	29	2	60	pips_40_500-8000.hdf5	both	none
954.9316	1	Stimulus/S  1	1	9549316	9549324	29	3	70	pips_40_500-8000.hdf5	both	none
955.9769	1	Stimulus/S  1	1	9559769	9559777	29	4	50	pips_40_500-8000.hdf5	both	none
957.0436	1	Stimulus/S  1	1	9570436	9570444	29	5	30	pips_40_500-8000.hdf5	both	none
958.1103	1	Stimulus/S  1	1	9581103	9581111	30	0	20	pips_40_500-8000.hdf5	both	none
959.177	1	Stimulus/S  1	1	9591770	9591778	30	1	40	pips_40_500-8000.hdf5	both	none
960.2436	1	Stimulus/S  1	1	9602436	9602444	30	2	60	pips_40_500-8000.hdf5	both	none
961.3103	1	Stimulus/S  1	1	9613103	9613111	30	3	70	pips_40_500-8000.hdf5	both	none
962.377	1	Stimulus/S  1	1	9623770	9623778	30	4	50	pips_40_500-8000.hdf5	both	none
963.4437	1	Stimulus/S  1	1	9634437	9634445	30	5	30	pips_40_500-8000.hdf5	both	none
964.5104	1	Stimulus/S  1	1	9645104	9645112	31	0	20	pips_40_500-8000.hdf5	both	none
965.577	1	Stimulus/S  1	1	9655770	9655778	31	1	40	pips_40_500-8000.hdf5	both	none
966.633	1	Stimulus/S  1	1	9666330	9666338	31	2	60	pips_40_500-8000.hdf5	both	none
967.6997	1	Stimulus/S  1	1	9676997	9677005	31	3	70	pips_40_500-8000.hdf5	both	none
968.7451	1	Stimulus/S  1	1	9687451	9687459	31	4	50	pips_40_500-8000.hdf5	both	none
969.8117	1	Stimulus/S  1	1	9698117	9698125	31	5	30	pips_40_500-8000.hdf5	both	none
970.8571	1	Stimulus/S  1	1	9708571	9708579	32	0	20	pips_40_500-8000.hdf5	both	none
971.9131	1	Stimulus/S  1	1	9719131	9719139	32	1	40	pips_40_500-8000.hdf5	both	none
972.9584	1	Stimulus/S  1	1	9729584	9729592	32	2	60	pips_40_500-8000.hdf5	both	none
974.0144	1	Stimulus/S  1	1	9740144	9740152	32	3	70	pips_40_500-8000.hdf5	both	none
975.0598	1	Stimulus/S  1	1	9750598	9750606	32	4	50	pips_40_500-8000.hdf5	both	none
976.1158	1	Stimulus/S  1	1	9761158	9761166	32	5	30	pips_40_500-8000.hdf5	both	none
977.1611	1	Stimulus/S  1	1	9771611	9771619	33	0	20	pips_40_500-8000.hdf5	both	none
978.2278	1	Stimulus/S  1	1	9782278	9782286	33	1	40	pips_40_500-8000.hdf5	both	none
979.2732	1	Stimulus/S  1	1	9792732	9792740	33	2	60	pips_40_500-8000.hdf5	both	none
980.3398	1	Stimulus/S  1	1	9803398	9803406	33	3	70	pips_40_500-8000.hdf5	both	none
981.3959	1	Stimulus/S  1	1	9813959	9813967	33	4	50	pips_40_500-8000.hdf5	both	none
982.4625	1	Stimulus/S  1	1	9824625	9824633	33	5	30	pips_40_500-8000.hdf5	both	none
983.5292	1	Stimulus/S  1	1	9835292	9835300	34	0	20	pips_40_500-8000.hdf5	both	none
984.5959	1	Stimulus/S  1	1	9845959	9845967	34	1	40	pips_40_500-8000.hdf5	both	none
985.6626	1	Stimulus/S  1	1	9856626	9856634	34	2	60	pips_40_500-8000.hdf5	both	none
986.7292	1	Stimulus/S  1	1	9867292	9867300	34	3	70	pips_40_500-8000.hdf5	both	none
987.7959	1	Stimulus/S  1	1	9877959	9877967	34	4	50	pips_40_500-8000.hdf5	both	none
988.8413	1	Stimulus/S  1	1	9888413	9888421	34	5	30	pips_40_500-8000.hdf5	both	none
989.8973	1	Stimulus/S  1	1	9898973	9898981	35	0	20	pips_40_500-8000.hdf5	both	none
990.9426	1	Stimulus/S  1	1	9909426	9909434	35	1	40	pips_40_500-8000.hdf5	both	none
991.9986	1	Stimulus/S  1	1	9919986	9919994	35	2	60	pips_40_500-8000.hdf5	both	none
993.044	1	Stimulus/S  1	1	9930440	9930448	35	3	70	pips_40_500-8000.hdf5	both	none
994.1	1	Stimulus/S  1	1	9941000	9941008	35	4	50	pips_40_500-8000.hdf5	both	none
995.1453	1	Stimulus/S  1	1	9951453	9951461	35	5	30	pips_40_500-8000.hdf5	both	none
996.1907	1	Stimulus/S  1	1	9961907	9961915	36	0	20	pips_40_500-8000.hdf5	both	none
997.2467	1	Stimulus/S  1	1	9972467	9972475	36	1	40	pips_40_500-8000.hdf5	both	none
998.292	1	Stimulus/S  1	1	9982920	9982928	36	2	60	pips_40_500-8000.hdf5	both	none
999.3587	1	Stimulus/S  1	1	9993587	9993595	36	3	70	pips_40_500-8000.hdf5	both	none
1000.4147	1	Stimulus/S  1	1	10004147	10004155	36	4	50	pips_40_500-8000.hdf5	both	none
1001.4814	1	Stimulus/S  1	1	10014814	10014822	36	5	30	pips_40_500-8000.hdf5	both	none
1002.5481	1	Stimulus/S  1	1	10025481	10025489	37	0	20	pips_40_500-8000.hdf5	both	none
1003.6147	1	Stimulus/S  1	1	10036147	10036155	37	1	40	pips_40_500-8000.hdf5	both	none
1004.6814	1	Stimulus/S  1	1	10046814	10046822	37	2	60	pips_40_500-8000.hdf5	both	none
1005.7481	1	Stimulus/S  1	1	10057481	10057489	37	3	70	pips_40_500-8000.hdf5	both	none
1006.8148	1	Stimulus/S  1	1	10068148	10068156	37	4	50	pips_40_500-8000.hdf5	both	none
1007.8601	1	Stimulus/S  1	1	10078601	10078609	37	5	30	pips_40_500-8000.hdf5	both	none
1008.9268	1	Stimulus/S  1	1	10089268	10089276	38	0	20	pips_40_500-8000.hdf5	both	none
1009.9828	1	Stimulus/S  1	1	10099828	10099836	38	1	40	pips_40_500-8000.hdf5	both	none
1011.0495	1	Stimulus/S  1	1	10110495	10110503	38	2	60	pips_40_500-8000.hdf5	both	none
1012.1162	1	Stimulus/S  1	1	10121162	10121170	38	3	70	pips_40_500-8000.hdf5	both	none
1013.1615	1	Stimulus/S  1	1	10131615	10131623	38	4	50	pips_40_500-8000.hdf5	both	none
1014.2068	1	Stimulus/S  1	1	10142068	10142076	38	5	30	pips_40_500-8000.hdf5	both	none
1015.2629	1	Stimulus/S  1	1	10152629	10152637	39	0	20	pips_40_500-8000.hdf5	both	none
1016.3082	1	Stimulus/S  1	1	10163082	10163090	39	1	40	pips_40_500-8000.hdf5	both	none
1017.3642	1	Stimulus/S  1	1	10173642	10173650	39	2	60	pips_40_500-8000.hdf5	both	none
1018.4096	1	Stimulus/S  1	1	10184096	10184104	39	3	70	pips_40_500-8000.hdf5	both	none
1019.4762	1	Stimulus/S  1	1	10194762	10194770	39	4	50	pips_40_500-8000.hdf5	both	none
1020.5322	1	Stimulus/S  1	1	10205322	10205330	39	5	30	pips_40_500-8000.hdf5	both	none
1021.5989	1	Stimulus/S  1	1	10215989	10215997	40	0	20	pips_40_500-8000.hdf5	both	none
1022.6443	1	Stimulus/S  1	1	10226443	10226451	40	1	40	pips_40_500-8000.hdf5	both	none
1023.7109	1	Stimulus/S  1	1	10237109	10237117	40	2	60	pips_40_500-8000.hdf5	both	none
1024.7669	1	Stimulus/S  1	1	10247669	10247677	40	3	70	pips_40_500-8000.hdf5	both	none
1025.8336	1	Stimulus/S  1	1	10258336	10258344	40	4	50	pips_40_500-8000.hdf5	both	none
1026.9003	1	Stimulus/S  1	1	10269003	10269011	40	5	30	pips_40_500-8000.hdf5	both	none
1027.9456	1	Stimulus/S  1	1	10279456	10279464	41	0	20	pips_40_500-8000.hdf5	both	none
1029.0123	1	Stimulus/S  1	1	10290123	10290131	41	1	40	pips_40_500-8000.hdf5	both	none
1030.079	1	Stimulus/S  1	1	10300790	10300798	41	2	60	pips_40_500-8000.hdf5	both	none
1031.1457	1	Stimulus/S  1	1	10311457	10311465	41	3	70	pips_40_500-8000.hdf5	both	none
1032.2124	1	Stimulus/S  1	1	10322124	10322132	41	4	50	pips_40_500-8000.hdf5	both	none
1033.279	1	Stimulus/S  1	1	10332790	10332798	41	5	30	pips_40_500-8000.hdf5	both	none
1034.3457	1	Stimulus/S  1	1	10343457	10343465	42	0	20	pips_40_500-8000.hdf5	both	none
1035.3911	1	Stimulus/S  1	1	10353911	10353919	42	1	40	pips_40_500-8000.hdf5	both	none
1036.4577	1	Stimulus/S  1	1	10364577	10364585	42	2	60	pips_40_500-8000.hdf5	both	none
1037.5137	1	Stimulus/S  1	1	10375137	10375145	42	3	70	pips_40_500-8000.hdf5	both	none
1038.5591	1	Stimulus/S  1	1	10385591	10385599	42	4	50	pips_40_500-8000.hdf5	both	none
1039.6151	1	Stimulus/S  1	1	10396151	10396159	42	5	30	pips_40_500-8000.hdf5	both	none
1040.6604	1	Stimulus/S  1	1	10406604	10406612	43	0	20	pips_40_500-8000.hdf5	both	none
1041.7164	1	Stimulus/S  1	1	10417164	10417172	43	1	40	pips_40_500-8000.hdf5	both	none
1042.7618	1	Stimulus/S  1	1	10427618	10427626	43	2	60	pips_40_500-8000.hdf5	both	none
1043.8178	1	Stimulus/S  1	1	10438178	10438186	43	3	70	pips_40_500-8000.hdf5	both	none
1044.8631	1	Stimulus/S  1	1	10448631	10448639	43	4	50	pips_40_500-8000.hdf5	both	none
1045.9085	1	Stimulus/S  1	1	10459085	10459093	43	5	30	pips_40_500-8000.hdf5	both	none
1046.9645	1	Stimulus/S  1	1	10469645	10469653	44	0	20	pips_40_500-8000.hdf5	both	none
1048.0312	1	Stimulus/S  1	1	10480312	10480320	44	1	40	pips_40_500-8000.hdf5	both	none
1049.0765	1	Stimulus/S  1	1	10490765	10490773	44	2	60	pips_40_500-8000.hdf5	both	none
1050.1432	1	Stimulus/S  1	1	10501432	10501440	44	3	70	pips_40_500-8000.hdf5	both	none
1051.2099	1	Stimulus/S  1	1	10512099	10512107	44	4	50	pips_40_500-8000.hdf5	both	none
1052.2659	1	Stimulus/S  1	1	10522659	10522667	44	5	30	pips_40_500-8000.hdf5	both	none
1053.3326	1	Stimulus/S  1	1	10533326	10533334	45	0	20	pips_40_500-8000.hdf5	both	none
1054.3992	1	Stimulus/S  1	1	10543992	10544000	45	1	40	pips_40_500-8000.hdf5	both	none
1055.4659	1	Stimulus/S  1	1	10554659	10554667	45	2	60	pips_40_500-8000.hdf5	both	none
1056.5113	1	Stimulus/S  1	1	10565113	10565121	45	3	70	pips_40_500-8000.hdf5	both	none
1057.5779	1	Stimulus/S  1	1	10575779	10575787	45	4	50	pips_40_500-8000.hdf5	both	none
1058.634	1	Stimulus/S  1	1	10586340	10586348	45	5	30	pips_40_500-8000.hdf5	both	none
1059.7006	1	Stimulus/S  1	1	10597006	10597014	46	0	20	pips_40_500-8000.hdf5	both	none
1060.746	1	Stimulus/S  1	1	10607460	10607468	46	1	40	pips_40_500-8000.hdf5	both	none
1061.8126	1	Stimulus/S  1	1	10618126	10618134	46	2	60	pips_40_500-8000.hdf5	both	none
1062.858	1	Stimulus/S  1	1	10628580	10628588	46	3	70	pips_40_500-8000.hdf5	both	none
1063.914	1	Stimulus/S  1	1	10639140	10639148	46	4	50	pips_40_500-8000.hdf5	both	none
1064.9593	1	Stimulus/S  1	1	10649593	10649601	46	5	30	pips_40_500-8000.hdf5	both	none
1066.0154	1	Stimulus/S  1	1	10660154	10660162	47	0	20	pips_40_500-8000.hdf5	both	none
1067.0607	1	Stimulus/S  1	1	10670607	10670615	47	1	40	pips_40_500-8000.hdf5	both	none
1068.1167	1	Stimulus/S  1	1	10681167	10681175	47	2	60	pips_40_500-8000.hdf5	both	none
1069.1621	1	Stimulus/S  1	1	10691621	10691629	47	3	70	pips_40_500-8000.hdf5	both	none
1070.2287	1	Stimulus/S  1	1	10702287	10702295	47	4	50	pips_40_500-8000.hdf5	both	none
1071.2847	1	Stimulus/S  1	1	10712847	10712855	47	5	30	pips_40_500-8000.hdf5	both	none
1072.3514	1	Stimulus/S  1	1	10723514	10723522	48	0	20	pips_40_500-8000.hdf5	both	none
1073.3968	1	Stimulus/S  1	1	10733968	10733976	48	1	40	pips_40_500-8000.hdf5	both	none
1074.4634	1	Stimulus/S  1	1	10744634	10744642	48	2	60	pips_40_500-8000.hdf5	both	none
1075.5301	1	Stimulus/S  1	1	10755301	10755309	48	3	70	pips_40_500-8000.hdf5	both	none
1076.5968	1	Stimulus/S  1	1	10765968	10765976	48	4	50	pips_40_500-8000.hdf5	both	none
1077.6635	1	Stimulus/S  1	1	10776635	10776643	48	5	30	pips_40_500-8000.hdf5	both	none
1078.7301	1	Stimulus/S  1	1	10787301	10787309	49	0	20	pips_40_500-8000.hdf5	both	none
1079.7968	1	Stimulus/S  1	1	10797968	10797976	49	1	40	pips_40_500-8000.hdf5	both	none
1080.8635	1	Stimulus/S  1	1	10808635	10808643	49	2	60	pips_40_500-8000.hdf5	both	none
1081.9302	1	Stimulus/S  1	1	10819302	10819310	49	3	70	pips_40_500-8000.hdf5	both	none
1082.9969	1	Stimulus/S  1	1	10829969	10829977	49	4	50	pips_40_500-8000.hdf5	both	none
1084.0635	1	Stimulus/S  1	1	10840635	10840643	49	5	30	pips_40_500-8000.hdf5	both	none
1085.1302	1	Stimulus/S  1	1	10851302	10851310	50	0	20	pips_40_500-8000.hdf5	both	none
1086.1969	1	Stimulus/S  1	1	10861969	10861977	50	1	40	pips_40_500-8000.hdf5	both	none
1087.2636	1	Stimulus/S  1	1	10872636	10872644	50	2	60	pips_40_500-8000.hdf5	both	none
1088.3302	1	Stimulus/S  1	1	10883302	10883310	50	3	70	pips_40_500-8000.hdf5	both	none
1089.3969	1	Stimulus/S  1	1	10893969	10893977	50	4	50	pips_40_500-8000.hdf5	both	none
1090.4636	1	Stimulus/S  1	1	10904636	10904644	50	5	30	pips_40_500-8000.hdf5	both	none
1091.5303	1	Stimulus/S  1	1	10915303	10915311	51	0	20	pips_40_500-8000.hdf5	both	none
1092.597	1	Stimulus/S  1	1	10925970	10925978	51	1	40	pips_40_500-8000.hdf5	both	none
1093.6423	1	Stimulus/S  1	1	10936423	10936431	51	2	60	pips_40_500-8000.hdf5	both	none
1094.709	1	Stimulus/S  1	1	10947090	10947098	51	3	70	pips_40_500-8000.hdf5	both	none
1095.765	1	Stimulus/S  1	1	10957650	10957658	51	4	50	pips_40_500-8000.hdf5	both	none
1096.8317	1	Stimulus/S  1	1	10968317	10968325	51	5	30	pips_40_500-8000.hdf5	both	none
1097.8983	1	Stimulus/S  1	1	10978983	10978991	52	0	20	pips_40_500-8000.hdf5	both	none
1098.9437	1	Stimulus/S  1	1	10989437	10989445	52	1	40	pips_40_500-8000.hdf5	both	none
1099.9997	1	Stimulus/S  1	1	10999997	11000005	52	2	60	pips_40_500-8000.hdf5	both	none
1101.045	1	Stimulus/S  1	1	11010450	11010458	52	3	70	pips_40_500-8000.hdf5	both	none
1102.101	1	Stimulus/S  1	1	11021010	11021018	52	4	50	pips_40_500-8000.hdf5	both	none
1103.1464	1	Stimulus/S  1	1	11031464	11031472	52	5	30	pips_40_500-8000.hdf5	both	none
1104.2024	1	Stimulus/S  1	1	11042024	11042032	53	0	20	pips_40_500-8000.hdf5	both	none
1105.2477	1	Stimulus/S  1	1	11052477	11052485	53	1	40	pips_40_500-8000.hdf5	both	none
1106.2931	1	Stimulus/S  1	1	11062931	11062939	53	2	60	pips_40_500-8000.hdf5	both	none
1107.3598	1	Stimulus/S  1	1	11073598	11073606	53	3	70	pips_40_500-8000.hdf5	both	none
1108.4158	1	Stimulus/S  1	1	11084158	11084166	53	4	50	pips_40_500-8000.hdf5	both	none
1109.4825	1	Stimulus/S  1	1	11094825	11094833	53	5	30	pips_40_500-8000.hdf5	both	none
1110.5491	1	Stimulus/S  1	1	11105491	11105499	54	0	20	pips_40_500-8000.hdf5	both	none
1111.6158	1	Stimulus/S  1	1	11116158	11116166	54	1	40	pips_40_500-8000.hdf5	both	none
1112.6825	1	Stimulus/S  1	1	11126825	11126833	54	2	60	pips_40_500-8000.hdf5	both	none
1113.7492	1	Stimulus/S  1	1	11137492	11137500	54	3	70	pips_40_500-8000.hdf5	both	none
1114.8158	1	Stimulus/S  1	1	11148158	11148166	54	4	50	pips_40_500-8000.hdf5	both	none
1115.8825	1	Stimulus/S  1	1	11158825	11158833	54	5	30	pips_40_500-8000.hdf5	both	none
1116.9492	1	Stimulus/S  1	1	11169492	11169500	55	0	20	pips_40_500-8000.hdf5	both	none
1118.0159	1	Stimulus/S  1	1	11180159	11180167	55	1	40	pips_40_500-8000.hdf5	both	none
1119.0825	1	Stimulus/S  1	1	11190825	11190833	55	2	60	pips_40_500-8000.hdf5	both	none
1120.1492	1	Stimulus/S  1	1	11201492	11201500	55	3	70	pips_40_500-8000.hdf5	both	none
1121.2159	1	Stimulus/S  1	1	11212159	11212167	55	4	50	pips_40_500-8000.hdf5	both	none
1122.2826	1	Stimulus/S  1	1	11222826	11222834	55	5	30	pips_40_500-8000.hdf5	both	none
1123.3493	1	Stimulus/S  1	1	11233493	11233501	56	0	20	pips_40_500-8000.hdf5	both	none
1124.4159	1	Stimulus/S  1	1	11244159	11244167	56	1	40	pips_40_500-8000.hdf5	both	none
1125.4613	1	Stimulus/S  1	1	11254613	11254621	56	2	60	pips_40_500-8000.hdf5	both	none
1126.528	1	Stimulus/S  1	1	11265280	11265288	56	3	70	pips_40_500-8000.hdf5	both	none
1127.5946	1	Stimulus/S  1	1	11275946	11275954	56	4	50	pips_40_500-8000.hdf5	both	none
1128.6506	1	Stimulus/S  1	1	11286506	11286514	56	5	30	pips_40_500-8000.hdf5	both	none
1129.696	1	Stimulus/S  1	1	11296960	11296968	57	0	20	pips_40_500-8000.hdf5	both	none
1130.752	1	Stimulus/S  1	1	11307520	11307528	57	1	40	pips_40_500-8000.hdf5	both	none
1131.7973	1	Stimulus/S  1	1	11317973	11317981	57	2	60	pips_40_500-8000.hdf5	both	none
1132.8427	1	Stimulus/S  1	1	11328427	11328435	57	3	70	pips_40_500-8000.hdf5	both	none
1133.8987	1	Stimulus/S  1	1	11338987	11338995	57	4	50	pips_40_500-8000.hdf5	both	none
1134.944	1	Stimulus/S  1	1	11349440	11349448	57	5	30	pips_40_500-8000.hdf5	both	none
1136.0001	1	Stimulus/S  1	1	11360001	11360009	58	0	20	pips_40_500-8000.hdf5	both	none
1137.0454	1	Stimulus/S  1	1	11370454	11370462	58	1	40	pips_40_500-8000.hdf5	both	none
1138.1014	1	Stimulus/S  1	1	11381014	11381022	58	2	60	pips_40_500-8000.hdf5	both	none
1139.1467	1	Stimulus/S  1	1	11391467	11391475	58	3	70	pips_40_500-8000.hdf5	both	none
1140.1921	1	Stimulus/S  1	1	11401921	11401929	58	4	50	pips_40_500-8000.hdf5	both	none
1141.2694	1	Stimulus/S  1	1	11412694	11412702	58	5	30	pips_40_500-8000.hdf5	both	none
1142.3148	1	Stimulus/S  1	1	11423148	11423156	59	0	20	pips_40_500-8000.hdf5	both	none
1143.3815	1	Stimulus/S  1	1	11433815	11433823	59	1	40	pips_40_500-8000.hdf5	both	none
1144.4268	1	Stimulus/S  1	1	11444268	11444276	59	2	60	pips_40_500-8000.hdf5	both	none
1145.4935	1	Stimulus/S  1	1	11454935	11454943	59	3	70	pips_40_500-8000.hdf5	both	none
1146.5602	1	Stimulus/S  1	1	11465602	11465610	59	4	50	pips_40_500-8000.hdf5	both	none
1147.6162	1	Stimulus/S  1	1	11476162	11476170	59	5	30	pips_40_500-8000.hdf5	both	none
1148.6828	1	Stimulus/S  1	1	11486828	11486836	60	0	20	pips_40_500-8000.hdf5	both	none
1149.7282	1	Stimulus/S  1	1	11497282	11497290	60	1	40	pips_40_500-8000.hdf5	both	none
1150.7949	1	Stimulus/S  1	1	11507949	11507957	60	2	60	pips_40_500-8000.hdf5	both	none
1151.8615	1	Stimulus/S  1	1	11518615	11518623	60	3	70	pips_40_500-8000.hdf5	both	none
1152.9282	1	Stimulus/S  1	1	11529282	11529290	60	4	50	pips_40_500-8000.hdf5	both	none
1153.9949	1	Stimulus/S  1	1	11539949	11539957	60	5	30	pips_40_500-8000.hdf5	both	none
1155.0616	1	Stimulus/S  1	1	11550616	11550624	61	0	20	pips_40_500-8000.hdf5	both	none
1156.1282	1	Stimulus/S  1	1	11561282	11561290	61	1	40	pips_40_500-8000.hdf5	both	none
1157.1843	1	Stimulus/S  1	1	11571843	11571851	61	2	60	pips_40_500-8000.hdf5	both	none
1158.2509	1	Stimulus/S  1	1	11582509	11582517	61	3	70	pips_40_500-8000.hdf5	both	none
1159.3176	1	Stimulus/S  1	1	11593176	11593184	61	4	50	pips_40_500-8000.hdf5	both	none
1160.363	1	Stimulus/S  1	1	11603630	11603638	61	5	30	pips_40_500-8000.hdf5	both	none
1161.4296	1	Stimulus/S  1	1	11614296	11614304	62	0	20	pips_40_500-8000.hdf5	both	none
1162.4856	1	Stimulus/S  1	1	11624856	11624864	62	1	40	pips_40_500-8000.hdf5	both	none
1163.531	1	Stimulus/S  1	1	11635310	11635318	62	2	60	pips_40_500-8000.hdf5	both	none
1164.5763	1	Stimulus/S  1	1	11645763	11645771	62	3	70	pips_40_500-8000.hdf5	both	none
1165.6323	1	Stimulus/S  1	1	11656323	11656331	62	4	50	pips_40_500-8000.hdf5	both	none
1166.6777	1	Stimulus/S  1	1	11666777	11666785	62	5	30	pips_40_500-8000.hdf5	both	none
1167.7337	1	Stimulus/S  1	1	11677337	11677345	63	0	20	pips_40_500-8000.hdf5	both	none
1168.779	1	Stimulus/S  1	1	11687790	11687798	63	1	40	pips_40_500-8000.hdf5	both	none
1169.8351	1	Stimulus/S  1	1	11698351	11698359	63	2	60	pips_40_500-8000.hdf5	both	none
1170.9017	1	Stimulus/S  1	1	11709017	11709025	63	3	70	pips_40_500-8000.hdf5	both	none
1171.9471	1	Stimulus/S  1	1	11719471	11719479	63	4	50	pips_40_500-8000.hdf5	both	none
1173.0138	1	Stimulus/S  1	1	11730138	11730146	63	5	30	pips_40_500-8000.hdf5	both	none
1174.0804	1	Stimulus/S  1	1	11740804	11740812	64	0	20	pips_40_500-8000.hdf5	both	none
1175.1258	1	Stimulus/S  1	1	11751258	11751266	64	1	40	pips_40_500-8000.hdf5	both	none
1176.2031	1	Stimulus/S  1	1	11762031	11762039	64	2	60	pips_40_500-8000.hdf5	both	none
1177.2485	1	Stimulus/S  1	1	11772485	11772493	64	3	70	pips_40_500-8000.hdf5	both	none
1178.3151	1	Stimulus/S  1	1	11783151	11783159	64	4	50	pips_40_500-8000.hdf5	both	none
1179.3818	1	Stimulus/S  1	1	11793818	11793826	64	5	30	pips_40_500-8000.hdf5	both	none
1180.4272	1	Stimulus/S  1	1	11804272	11804280	65	0	20	pips_40_500-8000.hdf5	both	none
1181.4938	1	Stimulus/S  1	1	11814938	11814946	65	1	40	pips_40_500-8000.hdf5	both	none
1182.5498	1	Stimulus/S  1	1	11825498	11825506	65	2	60	pips_40_500-8000.hdf5	both	none
1183.6165	1	Stimulus/S  1	1	11836165	11836173	65	3	70	pips_40_500-8000.hdf5	both	none
1184.6832	1	Stimulus/S  1	1	11846832	11846840	65	4	50	pips_40_500-8000.hdf5	both	none
1185.7285	1	Stimulus/S  1	1	11857285	11857293	65	5	30	pips_40_500-8000.hdf5	both	none
1186.7952	1	Stimulus/S  1	1	11867952	11867960	66	0	20	pips_40_500-8000.hdf5	both	none
1187.8512	1	Stimulus/S  1	1	11878512	11878520	66	1	40	pips_40_500-8000.hdf5	both	none
1188.9179	1	Stimulus/S  1	1	11889179	11889187	66	2	60	pips_40_500-8000.hdf5	both	none
1189.9846	1	Stimulus/S  1	1	11899846	11899854	66	3	70	pips_40_500-8000.hdf5	both	none
1191.0513	1	Stimulus/S  1	1	11910513	11910521	66	4	50	pips_40_500-8000.hdf5	both	none
1192.1179	1	Stimulus/S  1	1	11921179	11921187	66	5	30	pips_40_500-8000.hdf5	both	none
1193.1846	1	Stimulus/S  1	1	11931846	11931854	67	0	20	pips_40_500-8000.hdf5	both	none
1194.2513	1	Stimulus/S  1	1	11942513	11942521	67	1	40	pips_40_500-8000.hdf5	both	none
1195.318	1	Stimulus/S  1	1	11953180	11953188	67	2	60	pips_40_500-8000.hdf5	both	none
1196.3846	1	Stimulus/S  1	1	11963846	11963854	67	3	70	pips_40_500-8000.hdf5	both	none
1197.4513	1	Stimulus/S  1	1	11974513	11974521	67	4	50	pips_40_500-8000.hdf5	both	none
1198.518	1	Stimulus/S  1	1	11985180	11985188	67	5	30	pips_40_500-8000.hdf5	both	none
1199.5847	1	Stimulus/S  1	1	11995847	11995855	68	0	20	pips_40_500-8000.hdf5	both	none
1200.6514	1	Stimulus/S  1	1	12006514	12006522	68	1	40	pips_40_500-8000.hdf5	both	none
1201.718	1	Stimulus/S  1	1	12017180	12017188	68	2	60	pips_40_500-8000.hdf5	both	none
1202.7847	1	Stimulus/S  1	1	12027847	12027855	68	3	70	pips_40_500-8000.hdf5	both	none
1203.8514	1	Stimulus/S  1	1	12038514	12038522	68	4	50	pips_40_500-8000.hdf5	both	none
1204.8967	1	Stimulus/S  1	1	12048967	12048975	68	5	30	pips_40_500-8000.hdf5	both	none
1205.9527	1	Stimulus/S  1	1	12059527	12059535	69	0	20	pips_40_500-8000.hdf5	both	none
1206.9981	1	Stimulus/S  1	1	12069981	12069989	69	1	40	pips_40_500-8000.hdf5	both	none
1208.0434	1	Stimulus/S  1	1	12080434	12080442	69	2	60	pips_40_500-8000.hdf5	both	none
1209.0994	1	Stimulus/S  1	1	12090994	12091002	69	3	70	pips_40_500-8000.hdf5	both	none
1210.1661	1	Stimulus/S  1	1	12101661	12101669	69	4	50	pips_40_500-8000.hdf5	both	none
1211.2115	1	Stimulus/S  1	1	12112115	12112123	69	5	30	pips_40_500-8000.hdf5	both	none
1212.2781	1	Stimulus/S  1	1	12122781	12122789	70	0	20	pips_40_500-8000.hdf5	both	none
1213.3341	1	Stimulus/S  1	1	12133341	12133349	70	1	40	pips_40_500-8000.hdf5	both	none
1214.3795	1	Stimulus/S  1	1	12143795	12143803	70	2	60	pips_40_500-8000.hdf5	both	none
1215.4355	1	Stimulus/S  1	1	12154355	12154363	70	3	70	pips_40_500-8000.hdf5	both	none
1216.4808	1	Stimulus/S  1	1	12164808	12164816	70	4	50	pips_40_500-8000.hdf5	both	none
1217.5369	1	Stimulus/S  1	1	12175369	12175377	70	5	30	pips_40_500-8000.hdf5	both	none
1218.5822	1	Stimulus/S  1	1	12185822	12185830	71	0	20	pips_40_500-8000.hdf5	both	none
1219.6275	1	Stimulus/S  1	1	12196275	12196283	71	1	40	pips_40_500-8000.hdf5	both	none
1220.6836	1	Stimulus/S  1	1	12206836	12206844	71	2	60	pips_40_500-8000.hdf5	both	none
1221.7289	1	Stimulus/S  1	1	12217289	12217297	71	3	70	pips_40_500-8000.hdf5	both	none
1222.7849	1	Stimulus/S  1	1	12227849	12227857	71	4	50	pips_40_500-8000.hdf5	both	none
1223.8303	1	Stimulus/S  1	1	12238303	12238311	71	5	30	pips_40_500-8000.hdf5	both	none
1224.8969	1	Stimulus/S  1	1	12248969	12248977	72	0	20	pips_40_500-8000.hdf5	both	none
1225.9529	1	Stimulus/S  1	1	12259529	12259537	72	1	40	pips_40_500-8000.hdf5	both	none
1227.0196	1	Stimulus/S  1	1	12270196	12270204	72	2	60	pips_40_500-8000.hdf5	both	none
1228.065	1	Stimulus/S  1	1	12280650	12280658	72	3	70	pips_40_500-8000.hdf5	both	none
1229.1316	1	Stimulus/S  1	1	12291316	12291324	72	4	50	pips_40_500-8000.hdf5	both	none
1230.1983	1	Stimulus/S  1	1	12301983	12301991	72	5	30	pips_40_500-8000.hdf5	both	none
1231.265	1	Stimulus/S  1	1	12312650	12312658	73	0	20	pips_40_500-8000.hdf5	both	none
1232.3317	1	Stimulus/S  1	1	12323317	12323325	73	1	40	pips_40_500-8000.hdf5	both	none
1233.3983	1	Stimulus/S  1	1	12333983	12333991	73	2	60	pips_40_500-8000.hdf5	both	none
1234.465	1	Stimulus/S  1	1	12344650	12344658	73	3	70	pips_40_500-8000.hdf5	both	none
1235.5104	1	Stimulus/S  1	1	12355104	12355112	73	4	50	pips_40_500-8000.hdf5	both	none
1236.5877	1	Stimulus/S  1	1	12365877	12365885	73	5	30	pips_40_500-8000.hdf5	both	none
1237.6331	1	Stimulus/S  1	1	12376331	12376339	74	0	20	pips_40_500-8000.hdf5	both	none
1238.6997	1	Stimulus/S  1	1	12386997	12387005	74	1	40	pips_40_500-8000.hdf5	both	none
1239.7451	1	Stimulus/S  1	1	12397451	12397459	74	2	60	pips_40_500-8000.hdf5	both	none
1240.8011	1	Stimulus/S  1	1	12408011	12408019	74	3	70	pips_40_500-8000.hdf5	both	none
1241.8464	1	Stimulus/S  1	1	12418464	12418472	74	4	50	pips_40_500-8000.hdf5	both	none
1242.9024	1	Stimulus/S  1	1	12429024	12429032	74	5	30	pips_40_500-8000.hdf5	both	none
1243.9478	1	Stimulus/S  1	1	12439478	12439486	75	0	20	pips_40_500-8000.hdf5	both	none
1245.0038	1	Stimulus/S  1	1	12450038	12450046	75	1	40	pips_40_500-8000.hdf5	both	none
1246.0491	1	Stimulus/S  1	1	12460491	12460499	75	2	60	pips_40_500-8000.hdf5	both	none
1247.1158	1	Stimulus/S  1	1	12471158	12471166	75	3	70	pips_40_500-8000.hdf5	both	none
1248.1612	1	Stimulus/S  1	1	12481612	12481620	75	4	50	pips_40_500-8000.hdf5	both	none
1249.2278	1	Stimulus/S  1	1	12492278	12492286	75	5	30	pips_40_500-8000.hdf5	both	none
1250.2838	1	Stimulus/S  1	1	12502838	12502846	76	0	20	pips_40_500-8000.hdf5	both	none
1251.3292	1	Stimulus/S  1	1	12513292	12513300	76	1	40	pips_40_500-8000.hdf5	both	none
1252.3852	1	Stimulus/S  1	1	12523852	12523860	76	2	60	pips_40_500-8000.hdf5	both	none
1253.4519	1	Stimulus/S  1	1	12534519	12534527	76	3	70	pips_40_500-8000.hdf5	both	none
1254.5186	1	Stimulus/S  1	1	12545186	12545194	76	4	50	pips_40_500-8000.hdf5	both	none
1255.5852	1	Stimulus/S  1	1	12555852	12555860	76	5	30	pips_40_500-8000.hdf5	both	none
1256.6519	1	Stimulus/S  1	1	12566519	12566527	77	0	20	pips_40_500-8000.hdf5	both	none
1257.7186	1	Stimulus/S  1	1	12577186	12577194	77	1	40	pips_40_500-8000.hdf5	both	none
1258.7853	1	Stimulus/S  1	1	12587853	12587861	77	2	60	pips_40_500-8000.hdf5	both	none
1259.8519	1	Stimulus/S  1	1	12598519	12598527	77	3	70	pips_40_500-8000.hdf5	both	none
1260.9186	1	Stimulus/S  1	1	12609186	12609194	77	4	50	pips_40_500-8000.hdf5	both	none
1261.9853	1	Stimulus/S  1	1	12619853	12619861	77	5	30	pips_40_500-8000.hdf5	both	none
1263.0306	1	Stimulus/S  1	1	12630306	12630314	78	0	20	pips_40_500-8000.hdf5	both	none
1264.0973	1	Stimulus/S  1	1	12640973	12640981	78	1	40	pips_40_500-8000.hdf5	both	none
1265.1533	1	Stimulus/S  1	1	12651533	12651541	78	2	60	pips_40_500-8000.hdf5	both	none
1266.22	1	Stimulus/S  1	1	12662200	12662208	78	3	70	pips_40_500-8000.hdf5	both	none
1267.2867	1	Stimulus/S  1	1	12672867	12672875	78	4	50	pips_40_500-8000.hdf5	both	none
1268.332	1	Stimulus/S  1	1	12683320	12683328	78	5	30	pips_40_500-8000.hdf5	both	none
1269.388	1	Stimulus/S  1	1	12693880	12693888	79	0	20	pips_40_500-8000.hdf5	both	none
1270.4334	1	Stimulus/S  1	1	12704334	12704342	79	1	40	pips_40_500-8000.hdf5	both	none
1271.4787	1	Stimulus/S  1	1	12714787	12714795	79	2	60	pips_40_500-8000.hdf5	both	none
1272.5347	1	Stimulus/S  1	1	12725347	12725355	79	3	70	pips_40_500-8000.hdf5	both	none
1273.5801	1	Stimulus/S  1	1	12735801	12735809	79	4	50	pips_40_500-8000.hdf5	both	none
1274.6361	1	Stimulus/S  1	1	12746361	12746369	79	5	30	pips_40_500-8000.hdf5	both	none
1275.6814	1	Stimulus/S  1	1	12756814	12756822	80	0	20	pips_40_500-8000.hdf5	both	none
1276.7374	1	Stimulus/S  1	1	12767374	12767382	80	1	40	pips_40_500-8000.hdf5	both	none
1277.7828	1	Stimulus/S  1	1	12777828	12777836	80	2	60	pips_40_500-8000.hdf5	both	none
1278.8281	1	Stimulus/S  1	1	12788281	12788289	80	3	70	pips_40_500-8000.hdf5	both	none
1279.8841	1	Stimulus/S  1	1	12798841	12798849	80	4	50	pips_40_500-8000.hdf5	both	none
1280.9508	1	Stimulus/S  1	1	12809508	12809516	80	5	30	pips_40_500-8000.hdf5	both	none
1281.9962	1	Stimulus/S  1	1	12819962	12819970	81	0	20	pips_40_500-8000.hdf5	both	none
1283.0628	1	Stimulus/S  1	1	12830628	12830636	81	1	40	pips_40_500-8000.hdf5	both	none
1284.1295	1	Stimulus/S  1	1	12841295	12841303	81	2	60	pips_40_500-8000.hdf5	both	none
1285.1962	1	Stimulus/S  1	1	12851962	12851970	81	3	70	pips_40_500-8000.hdf5	both	none
1286.2629	1	Stimulus/S  1	1	12862629	12862637	81	4	50	pips_40_500-8000.hdf5	both	none
1287.3295	1	Stimulus/S  1	1	12873295	12873303	81	5	30	pips_40_500-8000.hdf5	both	none
1288.3962	1	Stimulus/S  1	1	12883962	12883970	82	0	20	pips_40_500-8000.hdf5	both	none
1289.4522	1	Stimulus/S  1	1	12894522	12894530	82	1	40	pips_40_500-8000.hdf5	both	none
1290.4976	1	Stimulus/S  1	1	12904976	12904984	82	2	60	pips_40_500-8000.hdf5	both	none
1291.5536	1	Stimulus/S  1	1	12915536	12915544	82	3	70	pips_40_500-8000.hdf5	both	none
1292.5989	1	Stimulus/S  1	1	12925989	12925997	82	4	50	pips_40_500-8000.hdf5	both	none
1293.6549	1	Stimulus/S  1	1	12936549	12936557	82	5	30	pips_40_500-8000.hdf5	both	none
1294.7003	1	Stimulus/S  1	1	12947003	12947011	83	0	20	pips_40_500-8000.hdf5	both	none
1295.7456	1	Stimulus/S  1	1	12957456	12957464	83	1	40	pips_40_500-8000.hdf5	both	none
1296.8016	1	Stimulus/S  1	1	12968016	12968024	83	2	60	pips_40_500-8000.hdf5	both	none
1297.8683	1	Stimulus/S  1	1	12978683	12978691	83	3	70	pips_40_500-8000.hdf5	both	none
1298.9137	1	Stimulus/S  1	1	12989137	12989145	83	4	50	pips_40_500-8000.hdf5	both	none
1299.9803	1	Stimulus/S  1	1	12999803	12999811	83	5	30	pips_40_500-8000.hdf5	both	none
1301.047	1	Stimulus/S  1	1	13010470	13010478	84	0	20	pips_40_500-8000.hdf5	both	none
1302.1137	1	Stimulus/S  1	1	13021137	13021145	84	1	40	pips_40_500-8000.hdf5	both	none
1303.1804	1	Stimulus/S  1	1	13031804	13031812	84	2	60	pips_40_500-8000.hdf5	both	none
1304.2471	1	Stimulus/S  1	1	13042471	13042479	84	3	70	pips_40_500-8000.hdf5	both	none
1305.3137	1	Stimulus/S  1	1	13053137	13053145	84	4	50	pips_40_500-8000.hdf5	both	none
1306.3697	1	Stimulus/S  1	1	13063697	13063705	84	5	30	pips_40_500-8000.hdf5	both	none
1307.4364	1	Stimulus/S  1	1	13074364	13074372	85	0	20	pips_40_500-8000.hdf5	both	none
1308.5031	1	Stimulus/S  1	1	13085031	13085039	85	1	40	pips_40_500-8000.hdf5	both	none
1309.5484	1	Stimulus/S  1	1	13095484	13095492	85	2	60	pips_40_500-8000.hdf5	both	none
1310.6044	1	Stimulus/S  1	1	13106044	13106052	85	3	70	pips_40_500-8000.hdf5	both	none
1311.6498	1	Stimulus/S  1	1	13116498	13116506	85	4	50	pips_40_500-8000.hdf5	both	none
1312.6951	1	Stimulus/S  1	1	13126951	13126959	85	5	30	pips_40_500-8000.hdf5	both	none
1313.7511	1	Stimulus/S  1	1	13137511	13137519	86	0	20	pips_40_500-8000.hdf5	both	none
1314.7965	1	Stimulus/S  1	1	13147965	13147973	86	1	40	pips_40_500-8000.hdf5	both	none
1315.8525	1	Stimulus/S  1	1	13158525	13158533	86	2	60	pips_40_500-8000.hdf5	both	none
1316.8978	1	Stimulus/S  1	1	13168978	13168986	86	3	70	pips_40_500-8000.hdf5	both	none
1317.9645	1	Stimulus/S  1	1	13179645	13179653	86	4	50	pips_40_500-8000.hdf5	both	none
1319.0205	1	Stimulus/S  1	1	13190205	13190213	86	5	30	pips_40_500-8000.hdf5	both	none
1320.0872	1	Stimulus/S  1	1	13200872	13200880	87	0	20	pips_40_500-8000.hdf5	both	none
1321.1326	1	Stimulus/S  1	1	13211326	13211334	87	1	40	pips_40_500-8000.hdf5	both	none
1322.1992	1	Stimulus/S  1	1	13221992	13222000	87	2	60	pips_40_500-8000.hdf5	both	none
1323.2659	1	Stimulus/S  1	1	13232659	13232667	87	3	70	pips_40_500-8000.hdf5	both	none
1324.3326	1	Stimulus/S  1	1	13243326	13243334	87	4	50	pips_40_500-8000.hdf5	both	none
1325.3993	1	Stimulus/S  1	1	13253993	13254001	87	5	30	pips_40_500-8000.hdf5	both	none
1326.4659	1	Stimulus/S  1	1	13264659	13264667	88	0	20	pips_40_500-8000.hdf5	both	none
1327.5326	1	Stimulus/S  1	1	13275326	13275334	88	1	40	pips_40_500-8000.hdf5	both	none
1328.5886	1	Stimulus/S  1	1	13285886	13285894	88	2	60	pips_40_500-8000.hdf5	both	none
1329.6553	1	Stimulus/S  1	1	13296553	13296561	88	3	70	pips_40_500-8000.hdf5	both	none
1330.7006	1	Stimulus/S  1	1	13307006	13307014	88	4	50	pips_40_500-8000.hdf5	both	none
1331.746	1	Stimulus/S  1	1	13317460	13317468	88	5	30	pips_40_500-8000.hdf5	both	none
1332.802	1	Stimulus/S  1	1	13328020	13328028	89	0	20	pips_40_500-8000.hdf5	both	none
1333.8473	1	Stimulus/S  1	1	13338473	13338481	89	1	40	pips_40_500-8000.hdf5	both	none
1334.9034	1	Stimulus/S  1	1	13349034	13349042	89	2	60	pips_40_500-8000.hdf5	both	none
1335.9487	1	Stimulus/S  1	1	13359487	13359495	89	3	70	pips_40_500-8000.hdf5	both	none
1337.0047	1	Stimulus/S  1	1	13370047	13370055	89	4	50	pips_40_500-8000.hdf5	both	none
1338.0501	1	Stimulus/S  1	1	13380501	13380509	89	5	30	pips_40_500-8000.hdf5	both	none
1339.1167	1	Stimulus/S  1	1	13391167	13391175	90	0	20	pips_40_500-8000.hdf5	both	none
1340.1834	1	Stimulus/S  1	1	13401834	13401842	90	1	40	pips_40_500-8000.hdf5	both	none
1341.2287	1	Stimulus/S  1	1	13412287	13412295	90	2	60	pips_40_500-8000.hdf5	both	none
1342.3061	1	Stimulus/S  1	1	13423061	13423069	90	3	70	pips_40_500-8000.hdf5	both	none
1343.3728	1	Stimulus/S  1	1	13433728	13433736	90	4	50	pips_40_500-8000.hdf5	both	none
1344.4394	1	Stimulus/S  1	1	13444394	13444402	90	5	30	pips_40_500-8000.hdf5	both	none
1345.4848	1	Stimulus/S  1	1	13454848	13454856	91	0	20	pips_40_500-8000.hdf5	both	none
1346.5515	1	Stimulus/S  1	1	13465515	13465523	91	1	40	pips_40_500-8000.hdf5	both	none
1347.5968	1	Stimulus/S  1	1	13475968	13475976	91	2	60	pips_40_500-8000.hdf5	both	none
1348.6635	1	Stimulus/S  1	1	13486635	13486643	91	3	70	pips_40_500-8000.hdf5	both	none
1349.7195	1	Stimulus/S  1	1	13497195	13497203	91	4	50	pips_40_500-8000.hdf5	both	none
1350.7862	1	Stimulus/S  1	1	13507862	13507870	91	5	30	pips_40_500-8000.hdf5	both	none
1351.8315	1	Stimulus/S  1	1	13518315	13518323	92	0	20	pips_40_500-8000.hdf5	both	none
1352.8875	1	Stimulus/S  1	1	13528875	13528883	92	1	40	pips_40_500-8000.hdf5	both	none
1353.9329	1	Stimulus/S  1	1	13539329	13539337	92	2	60	pips_40_500-8000.hdf5	both	none
1354.9889	1	Stimulus/S  1	1	13549889	13549897	92	3	70	pips_40_500-8000.hdf5	both	none
1356.0342	1	Stimulus/S  1	1	13560342	13560350	92	4	50	pips_40_500-8000.hdf5	both	none
1357.0796	1	Stimulus/S  1	1	13570796	13570804	92	5	30	pips_40_500-8000.hdf5	both	none
1358.1356	1	Stimulus/S  1	1	13581356	13581364	93	0	20	pips_40_500-8000.hdf5	both	none
1359.2023	1	Stimulus/S  1	1	13592023	13592031	93	1	40	pips_40_500-8000.hdf5	both	none
1360.2476	1	Stimulus/S  1	1	13602476	13602484	93	2	60	pips_40_500-8000.hdf5	both	none
1361.3143	1	Stimulus/S  1	1	13613143	13613151	93	3	70	pips_40_500-8000.hdf5	both	none
1362.381	1	Stimulus/S  1	1	13623810	13623818	93	4	50	pips_40_500-8000.hdf5	both	none
1363.4476	1	Stimulus/S  1	1	13634476	13634484	93	5	30	pips_40_500-8000.hdf5	both	none
1364.5143	1	Stimulus/S  1	1	13645143	13645151	94	0	20	pips_40_500-8000.hdf5	both	none
1365.581	1	Stimulus/S  1	1	13655810	13655818	94	1	40	pips_40_500-8000.hdf5	both	none
1366.6477	1	Stimulus/S  1	1	13666477	13666485	94	2	60	pips_40_500-8000.hdf5	both	none
1367.7143	1	Stimulus/S  1	1	13677143	13677151	94	3	70	pips_40_500-8000.hdf5	both	none
1368.7704	1	Stimulus/S  1	1	13687704	13687712	94	4	50	pips_40_500-8000.hdf5	both	none
1369.837	1	Stimulus/S  1	1	13698370	13698378	94	5	30	pips_40_500-8000.hdf5	both	none
1370.8824	1	Stimulus/S  1	1	13708824	13708832	95	0	20	pips_40_500-8000.hdf5	both	none
1371.9384	1	Stimulus/S  1	1	13719384	13719392	95	1	40	pips_40_500-8000.hdf5	both	none
1372.9837	1	Stimulus/S  1	1	13729837	13729845	95	2	60	pips_40_500-8000.hdf5	both	none
1374.0397	1	Stimulus/S  1	1	13740397	13740405	95	3	70	pips_40_500-8000.hdf5	both	none
1375.0851	1	Stimulus/S  1	1	13750851	13750859	95	4	50	pips_40_500-8000.hdf5	both	none
1376.1304	1	Stimulus/S  1	1	13761304	13761312	95	5	30	pips_40_500-8000.hdf5	both	none
1377.1864	1	Stimulus/S  1	1	13771864	13771872	96	0	20	pips_40_500-8000.hdf5	both	none
1378.2318	1	Stimulus/S  1	1	13782318	13782326	96	1	40	pips_40_500-8000.hdf5	both	none
1379.2878	1	Stimulus/S  1	1	13792878	13792886	96	2	60	pips_40_500-8000.hdf5	both	none
1380.3331	1	Stimulus/S  1	1	13803331	13803339	96	3	70	pips_40_500-8000.hdf5	both	none
1381.3891	1	Stimulus/S  1	1	13813891	13813899	96	4	50	pips_40_500-8000.hdf5	both	none
1382.4345	1	Stimulus/S  1	1	13824345	13824353	96	5	30	pips_40_500-8000.hdf5	both	none
1383.5012	1	Stimulus/S  1	1	13835012	13835020	97	0	20	pips_40_500-8000.hdf5	both	none
1384.5678	1	Stimulus/S  1	1	13845678	13845686	97	1	40	pips_40_500-8000.hdf5	both	none
1385.6132	1	Stimulus/S  1	1	13856132	13856140	97	2	60	pips_40_500-8000.hdf5	both	none
1386.6692	1	Stimulus/S  1	1	13866692	13866700	97	3	70	pips_40_500-8000.hdf5	both	none
1387.7145	1	Stimulus/S  1	1	13877145	13877153	97	4	50	pips_40_500-8000.hdf5	both	none
1388.7812	1	Stimulus/S  1	1	13887812	13887820	97	5	30	pips_40_500-8000.hdf5	both	none
1389.8372	1	Stimulus/S  1	1	13898372	13898380	98	0	20	pips_40_500-8000.hdf5	both	none
1390.9039	1	Stimulus/S  1	1	13909039	13909047	98	1	40	pips_40_500-8000.hdf5	both	none
1391.9706	1	Stimulus/S  1	1	13919706	13919714	98	2	60	pips_40_500-8000.hdf5	both	none
1393.0373	1	Stimulus/S  1	1	13930373	13930381	98	3	70	pips_40_500-8000.hdf5	both	none
1394.1039	1	Stimulus/S  1	1	13941039	13941047	98	4	50	pips_40_500-8000.hdf5	both	none
1395.1706	1	Stimulus/S  1	1	13951706	13951714	98	5	30	pips_40_500-8000.hdf5	both	none
1396.2373	1	Stimulus/S  1	1	13962373	13962381	99	0	20	pips_40_500-8000.hdf5	both	none
1397.304	1	Stimulus/S  1	1	13973040	13973048	99	1	40	pips_40_500-8000.hdf5	both	none
1398.3706	1	Stimulus/S  1	1	13983706	13983714	99	2	60	pips_40_500-8000.hdf5	both	none
1399.4373	1	Stimulus/S  1	1	13994373	13994381	99	3	70	pips_40_500-8000.hdf5	both	none
1400.504	1	Stimulus/S  1	1	14005040	14005048	99	4	50	pips_40_500-8000.hdf5	both	none
1401.5707	1	Stimulus/S  1	1	14015707	14015715	99	5	30	pips_40_500-8000.hdf5	both	none
1402.616	1	Stimulus/S  1	1	14026160	14026168	100	0	20	pips_40_500-8000.hdf5	both	none
1403.672	1	Stimulus/S  1	1	14036720	14036728	100	1	40	pips_40_500-8000.hdf5	both	none
1404.7174	1	Stimulus/S  1	1	14047174	14047182	100	2	60	pips_40_500-8000.hdf5	both	none
1405.7734	1	Stimulus/S  1	1	14057734	14057742	100	3	70	pips_40_500-8000.hdf5	both	none
1406.8187	1	Stimulus/S  1	1	14068187	14068195	100	4	50	pips_40_500-8000.hdf5	both	none
1407.8641	1	Stimulus/S  1	1	14078641	14078649	100	5	30	pips_40_500-8000.hdf5	both	none
1408.9201	1	Stimulus/S  1	1	14089201	14089209	101	0	20	pips_40_500-8000.hdf5	both	none
1409.9654	1	Stimulus/S  1	1	14099654	14099662	101	1	40	pips_40_500-8000.hdf5	both	none
1411.0214	1	Stimulus/S  1	1	14110214	14110222	101	2	60	pips_40_500-8000.hdf5	both	none
1412.0668	1	Stimulus/S  1	1	14120668	14120676	101	3	70	pips_40_500-8000.hdf5	both	none
1413.1228	1	Stimulus/S  1	1	14131228	14131236	101	4	50	pips_40_500-8000.hdf5	both	none
1414.1895	1	Stimulus/S  1	1	14141895	14141903	101	5	30	pips_40_500-8000.hdf5	both	none
1415.2348	1	Stimulus/S  1	1	14152348	14152356	102	0	20	pips_40_500-8000.hdf5	both	none
1416.3015	1	Stimulus/S  1	1	14163015	14163023	102	1	40	pips_40_500-8000.hdf5	both	none
1417.3575	1	Stimulus/S  1	1	14173575	14173583	102	2	60	pips_40_500-8000.hdf5	both	none
1418.4242	1	Stimulus/S  1	1	14184242	14184250	102	3	70	pips_40_500-8000.hdf5	both	none
1419.4909	1	Stimulus/S  1	1	14194909	14194917	102	4	50	pips_40_500-8000.hdf5	both	none
1420.5575	1	Stimulus/S  1	1	14205575	14205583	102	5	30	pips_40_500-8000.hdf5	both	none
1421.6242	1	Stimulus/S  1	1	14216242	14216250	103	0	20	pips_40_500-8000.hdf5	both	none
1422.6909	1	Stimulus/S  1	1	14226909	14226917	103	1	40	pips_40_500-8000.hdf5	both	none
1423.7576	1	Stimulus/S  1	1	14237576	14237584	103	2	60	pips_40_500-8000.hdf5	both	none
1424.8242	1	Stimulus/S  1	1	14248242	14248250	103	3	70	pips_40_500-8000.hdf5	both	none
1425.8803	1	Stimulus/S  1	1	14258803	14258811	103	4	50	pips_40_500-8000.hdf5	both	none
1426.9469	1	Stimulus/S  1	1	14269469	14269477	103	5	30	pips_40_500-8000.hdf5	both	none
1428.0029	1	Stimulus/S  1	1	14280029	14280037	104	0	20	pips_40_500-8000.hdf5	both	none
1429.0696	1	Stimulus/S  1	1	14290696	14290704	104	1	40	pips_40_500-8000.hdf5	both	none
1430.115	1	Stimulus/S  1	1	14301150	14301158	104	2	60	pips_40_500-8000.hdf5	both	none
1431.1816	1	Stimulus/S  1	1	14311816	14311824	104	3	70	pips_40_500-8000.hdf5	both	none
1432.2377	1	Stimulus/S  1	1	14322377	14322385	104	4	50	pips_40_500-8000.hdf5	both	none
1433.283	1	Stimulus/S  1	1	14332830	14332838	104	5	30	pips_40_500-8000.hdf5	both	none
1434.339	1	Stimulus/S  1	1	14343390	14343398	105	0	20	pips_40_500-8000.hdf5	both	none
1435.3843	1	Stimulus/S  1	1	14353843	14353851	105	1	40	pips_40_500-8000.hdf5	both	none
1436.4404	1	Stimulus/S  1	1	14364404	14364412	105	2	60	pips_40_500-8000.hdf5	both	none
1437.507	1	Stimulus/S  1	1	14375070	14375078	105	3	70	pips_40_500-8000.hdf5	both	none
1438.5524	1	Stimulus/S  1	1	14385524	14385532	105	4	50	pips_40_500-8000.hdf5	both	none
1439.6191	1	Stimulus/S  1	1	14396191	14396199	105	5	30	pips_40_500-8000.hdf5	both	none
1440.6644	1	Stimulus/S  1	1	14406644	14406652	106	0	20	pips_40_500-8000.hdf5	both	none
1441.7311	1	Stimulus/S  1	1	14417311	14417319	106	1	40	pips_40_500-8000.hdf5	both	none
1442.7978	1	Stimulus/S  1	1	14427978	14427986	106	2	60	pips_40_500-8000.hdf5	both	none
1443.8538	1	Stimulus/S  1	1	14438538	14438546	106	3	70	pips_40_500-8000.hdf5	both	none
1444.9204	1	Stimulus/S  1	1	14449204	14449212	106	4	50	pips_40_500-8000.hdf5	both	none
1445.9658	1	Stimulus/S  1	1	14459658	14459666	106	5	30	pips_40_500-8000.hdf5	both	none
1447.0325	1	Stimulus/S  1	1	14470325	14470333	107	0	20	pips_40_500-8000.hdf5	both	none
1448.0991	1	Stimulus/S  1	1	14480991	14480999	107	1	40	pips_40_500-8000.hdf5	both	none
1449.1658	1	Stimulus/S  1	1	14491658	14491666	107	2	60	pips_40_500-8000.hdf5	both	none
1450.2325	1	Stimulus/S  1	1	14502325	14502333	107	3	70	pips_40_500-8000.hdf5	both	none
1451.2992	1	Stimulus/S  1	1	14512992	14513000	107	4	50	pips_40_500-8000.hdf5	both	none
1452.3659	1	Stimulus/S  1	1	14523659	14523667	107	5	30	pips_40_500-8000.hdf5	both	none
1453.4219	1	Stimulus/S  1	1	14534219	14534227	108	0	20	pips_40_500-8000.hdf5	both	none
1454.4885	1	Stimulus/S  1	1	14544885	14544893	108	1	40	pips_40_500-8000.hdf5	both	none
1455.5339	1	Stimulus/S  1	1	14555339	14555347	108	2	60	pips_40_500-8000.hdf5	both	none
1456.6006	1	Stimulus/S  1	1	14566006	14566014	108	3	70	pips_40_500-8000.hdf5	both	none
1457.6566	1	Stimulus/S  1	1	14576566	14576574	108	4	50	pips_40_500-8000.hdf5	both	none
1458.7019	1	Stimulus/S  1	1	14587019	14587027	108	5	30	pips_40_500-8000.hdf5	both	none
1459.7579	1	Stimulus/S  1	1	14597579	14597587	109	0	20	pips_40_500-8000.hdf5	both	none
1460.8033	1	Stimulus/S  1	1	14608033	14608041	109	1	40	pips_40_500-8000.hdf5	both	none
1461.8486	1	Stimulus/S  1	1	14618486	14618494	109	2	60	pips_40_500-8000.hdf5	both	none
1462.9046	1	Stimulus/S  1	1	14629046	14629054	109	3	70	pips_40_500-8000.hdf5	both	none
1463.95	1	Stimulus/S  1	1	14639500	14639508	109	4	50	pips_40_500-8000.hdf5	both	none
1465.0166	1	Stimulus/S  1	1	14650166	14650174	109	5	30	pips_40_500-8000.hdf5	both	none
1466.0727	1	Stimulus/S  1	1	14660727	14660735	110	0	20	pips_40_500-8000.hdf5	both	none
1467.1393	1	Stimulus/S  1	1	14671393	14671401	110	1	40	pips_40_500-8000.hdf5	both	none
1468.1847	1	Stimulus/S  1	1	14681847	14681855	110	2	60	pips_40_500-8000.hdf5	both	none
1469.2514	1	Stimulus/S  1	1	14692514	14692522	110	3	70	pips_40_500-8000.hdf5	both	none
1470.318	1	Stimulus/S  1	1	14703180	14703188	110	4	50	pips_40_500-8000.hdf5	both	none
1471.3847	1	Stimulus/S  1	1	14713847	14713855	110	5	30	pips_40_500-8000.hdf5	both	none
1472.4514	1	Stimulus/S  1	1	14724514	14724522	111	0	20	pips_40_500-8000.hdf5	both	none
1473.5181	1	Stimulus/S  1	1	14735181	14735189	111	1	40	pips_40_500-8000.hdf5	both	none
1474.5847	1	Stimulus/S  1	1	14745847	14745855	111	2	60	pips_40_500-8000.hdf5	both	none
1475.6514	1	Stimulus/S  1	1	14756514	14756522	111	3	70	pips_40_500-8000.hdf5	both	none
1476.7181	1	Stimulus/S  1	1	14767181	14767189	111	4	50	pips_40_500-8000.hdf5	both	none
1477.7848	1	Stimulus/S  1	1	14777848	14777856	111	5	30	pips_40_500-8000.hdf5	both	none
1478.8408	1	Stimulus/S  1	1	14788408	14788416	112	0	20	pips_40_500-8000.hdf5	both	none
1479.9075	1	Stimulus/S  1	1	14799075	14799083	112	1	40	pips_40_500-8000.hdf5	both	none
1480.9528	1	Stimulus/S  1	1	14809528	14809536	112	2	60	pips_40_500-8000.hdf5	both	none
1482.0195	1	Stimulus/S  1	1	14820195	14820203	112	3	70	pips_40_500-8000.hdf5	both	none
1483.0648	1	Stimulus/S  1	1	14830648	14830656	112	4	50	pips_40_500-8000.hdf5	both	none
1484.1208	1	Stimulus/S  1	1	14841208	14841216	112	5	30	pips_40_500-8000.hdf5	both	none
1485.1662	1	Stimulus/S  1	1	14851662	14851670	113	0	20	pips_40_500-8000.hdf5	both	none
1486.2222	1	Stimulus/S  1	1	14862222	14862230	113	1	40	pips_40_500-8000.hdf5	both	none
1487.2675	1	Stimulus/S  1	1	14872675	14872683	113	2	60	pips_40_500-8000.hdf5	both	none
1488.3235	1	Stimulus/S  1	1	14883235	14883243	113	3	70	pips_40_500-8000.hdf5	both	none
1489.3689	1	Stimulus/S  1	1	14893689	14893697	113	4	50	pips_40_500-8000.hdf5	both	none
1490.4356	1	Stimulus/S  1	1	14904356	14904364	113	5	30	pips_40_500-8000.hdf5	both	none
1491.4916	1	Stimulus/S  1	1	14914916	14914924	114	0	20	pips_40_500-8000.hdf5	both	none
1492.5582	1	Stimulus/S  1	1	14925582	14925590	114	1	40	pips_40_500-8000.hdf5	both	none
1493.6036	1	Stimulus/S  1	1	14936036	14936044	114	2	60	pips_40_500-8000.hdf5	both	none
1494.6703	1	Stimulus/S  1	1	14946703	14946711	114	3	70	pips_40_500-8000.hdf5	both	none
1495.7369	1	Stimulus/S  1	1	14957369	14957377	114	4	50	pips_40_500-8000.hdf5	both	none
1496.8036	1	Stimulus/S  1	1	14968036	14968044	114	5	30	pips_40_500-8000.hdf5	both	none
1497.8703	1	Stimulus/S  1	1	14978703	14978711	115	0	20	pips_40_500-8000.hdf5	both	none
1498.937	1	Stimulus/S  1	1	14989370	14989378	115	1	40	pips_40_500-8000.hdf5	both	none
1500.0037	1	Stimulus/S  1	1	15000037	15000045	115	2	60	pips_40_500-8000.hdf5	both	none
1501.0703	1	Stimulus/S  1	1	15010703	15010711	115	3	70	pips_40_500-8000.hdf5	both	none
1502.137	1	Stimulus/S  1	1	15021370	15021378	115	4	50	pips_40_500-8000.hdf5	both	none
1503.2037	1	Stimulus/S  1	1	15032037	15032045	115	5	30	pips_40_500-8000.hdf5	both	none
1504.249	1	Stimulus/S  1	1	15042490	15042498	116	0	20	pips_40_500-8000.hdf5	both	none
1505.305	1	Stimulus/S  1	1	15053050	15053058	116	1	40	pips_40_500-8000.hdf5	both	none
1506.3504	1	Stimulus/S  1	1	15063504	15063512	116	2	60	pips_40_500-8000.hdf5	both	none
1507.4064	1	Stimulus/S  1	1	15074064	15074072	116	3	70	pips_40_500-8000.hdf5	both	none
1508.4517	1	Stimulus/S  1	1	15084517	15084525	116	4	50	pips_40_500-8000.hdf5	both	none
1509.5077	1	Stimulus/S  1	1	15095077	15095085	116	5	30	pips_40_500-8000.hdf5	both	none
1510.5531	1	Stimulus/S  1	1	15105531	15105539	117	0	20	pips_40_500-8000.hdf5	both	none
1511.5984	1	Stimulus/S  1	1	15115984	15115992	117	1	40	pips_40_500-8000.hdf5	both	none
1512.6544	1	Stimulus/S  1	1	15126544	15126552	117	2	60	pips_40_500-8000.hdf5	both	none
1513.6998	1	Stimulus/S  1	1	15136998	15137006	117	3	70	pips_40_500-8000.hdf5	both	none
1514.7665	1	Stimulus/S  1	1	15147665	15147673	117	4	50	pips_40_500-8000.hdf5	both	none
1515.8225	1	Stimulus/S  1	1	15158225	15158233	117	5	30	pips_40_500-8000.hdf5	both	none
1516.8892	1	Stimulus/S  1	1	15168892	15168900	118	0	20	pips_40_500-8000.hdf5	both	none
1517.9558	1	Stimulus/S  1	1	15179558	15179566	118	1	40	pips_40_500-8000.hdf5	both	none
1519.0225	1	Stimulus/S  1	1	15190225	15190233	118	2	60	pips_40_500-8000.hdf5	both	none
1520.0892	1	Stimulus/S  1	1	15200892	15200900	118	3	70	pips_40_500-8000.hdf5	both	none
1521.1559	1	Stimulus/S  1	1	15211559	15211567	118	4	50	pips_40_500-8000.hdf5	both	none
1522.2225	1	Stimulus/S  1	1	15222225	15222233	118	5	30	pips_40_500-8000.hdf5	both	none
1523.2892	1	Stimulus/S  1	1	15232892	15232900	119	0	20	pips_40_500-8000.hdf5	both	none
1524.3559	1	Stimulus/S  1	1	15243559	15243567	119	1	40	pips_40_500-8000.hdf5	both	none
1525.4226	1	Stimulus/S  1	1	15254226	15254234	119	2	60	pips_40_500-8000.hdf5	both	none
1526.4679	1	Stimulus/S  1	1	15264679	15264687	119	3	70	pips_40_500-8000.hdf5	both	none
1527.5346	1	Stimulus/S  1	1	15275346	15275354	119	4	50	pips_40_500-8000.hdf5	both	none
1528.5906	1	Stimulus/S  1	1	15285906	15285914	119	5	30	pips_40_500-8000.hdf5	both	none
1529.6359	1	Stimulus/S  1	1	15296359	15296367	0	0	20	pips_40_500-8000.hdf5	both	none
1530.692	1	Stimulus/S  1	1	15306920	15306928	0	1	40	pips_40_500-8000.hdf5	both	none
1531.7373	1	Stimulus/S  1	1	15317373	15317381	0	2	60	pips_40_500-8000.hdf5	both	none
1532.7826	1	Stimulus/S  1	1	15327826	15327834	0	3	70	pips_40_500-8000.hdf5	both	none
1533.8387	1	Stimulus/S  1	1	15338387	15338395	0	4	50	pips_40_500-8000.hdf5	both	none
1534.884	1	Stimulus/S  1	1	15348840	15348848	0	5	30	pips_40_500-8000.hdf5	both	none
1535.94	1	Stimulus/S  1	1	15359400	15359408	1	0	20	pips_40_500-8000.hdf5	both	none
1536.9854	1	Stimulus/S  1	1	15369854	15369862	1	1	40	pips_40_500-8000.hdf5	both	none
1538.0414	1	Stimulus/S  1	1	15380414	15380422	1	2	60	pips_40_500-8000.hdf5	both	none
1539.0867	1	Stimulus/S  1	1	15390867	15390875	1	3	70	pips_40_500-8000.hdf5	both	none
1540.1427	1	Stimulus/S  1	1	15401427	15401435	1	4	50	pips_40_500-8000.hdf5	both	none
1541.2094	1	Stimulus/S  1	1	15412094	15412102	1	5	30	pips_40_500-8000.hdf5	both	none
1542.2761	1	Stimulus/S  1	1	15422761	15422769	2	0	20	pips_40_500-8000.hdf5	both	none
1543.3428	1	Stimulus/S  1	1	15433428	15433436	2	1	40	pips_40_500-8000.hdf5	both	none
1544.4094	1	Stimulus/S  1	1	15444094	15444102	2	2	60	pips_40_500-8000.hdf5	both	none
1545.4761	1	Stimulus/S  1	1	15454761	15454769	2	3	70	pips_40_500-8000.hdf5	both	none
1546.5428	1	Stimulus/S  1	1	15465428	15465436	2	4	50	pips_40_500-8000.hdf5	both	none
1547.6095	1	Stimulus/S  1	1	15476095	15476103	2	5	30	pips_40_500-8000.hdf5	both	none
1548.6761	1	Stimulus/S  1	1	15486761	15486769	3	0	20	pips_40_500-8000.hdf5	both	none
1549.7428	1	Stimulus/S  1	1	15497428	15497436	3	1	40	pips_40_500-8000.hdf5	both	none
1550.7882	1	Stimulus/S  1	1	15507882	15507890	3	2	60	pips_40_500-8000.hdf5	both	none
1551.8548	1	Stimulus/S  1	1	15518548	15518556	3	3	70	pips_40_500-8000.hdf5	both	none
1552.9002	1	Stimulus/S  1	1	15529002	15529010	3	4	50	pips_40_500-8000.hdf5	both	none
1553.9669	1	Stimulus/S  1	1	15539669	15539677	3	5	30	pips_40_500-8000.hdf5	both	none
1555.0229	1	Stimulus/S  1	1	15550229	15550237	4	0	20	pips_40_500-8000.hdf5	both	none
1556.0682	1	Stimulus/S  1	1	15560682	15560690	4	1	40	pips_40_500-8000.hdf5	both	none
1557.1242	1	Stimulus/S  1	1	15571242	15571250	4	2	60	pips_40_500-8000.hdf5	both	none
1558.1696	1	Stimulus/S  1	1	15581696	15581704	4	3	70	pips_40_500-8000.hdf5	both	none
1559.2256	1	Stimulus/S  1	1	15592256	15592264	4	4	50	pips_40_500-8000.hdf5	both	none
1560.2709	1	Stimulus/S  1	1	15602709	15602717	4	5	30	pips_40_500-8000.hdf5	both	none
1561.3269	1	Stimulus/S  1	1	15613269	15613277	5	0	20	pips_40_500-8000.hdf5	both	none
1562.3829	1	Stimulus/S  1	1	15623829	15623837	5	1	40	pips_40_500-8000.hdf5	both	none
1563.4389	1	Stimulus/S  1	1	15634389	15634397	5	2	60	pips_40_500-8000.hdf5	both	none
1564.5056	1	Stimulus/S  1	1	15645056	15645064	5	3	70	pips_40_500-8000.hdf5	both	none
1565.551	1	Stimulus/S  1	1	15655510	15655518	5	4	50	pips_40_500-8000.hdf5	both	none
1566.6176	1	Stimulus/S  1	1	15666176	15666184	5	5	30	pips_40_500-8000.hdf5	both	none
1567.6843	1	Stimulus/S  1	1	15676843	15676851	6	0	20	pips_40_500-8000.hdf5	both	none
1568.751	1	Stimulus/S  1	1	15687510	15687518	6	1	40	pips_40_500-8000.hdf5	both	none
1569.8177	1	Stimulus/S  1	1	15698177	15698185	6	2	60	pips_40_500-8000.hdf5	both	none
1570.8844	1	Stimulus/S  1	1	15708844	15708852	6	3	70	pips_40_500-8000.hdf5	both	none
1571.951	1	Stimulus/S  1	1	15719510	15719518	6	4	50	pips_40_500-8000.hdf5	both	none
1573.0177	1	Stimulus/S  1	1	15730177	15730185	6	5	30	pips_40_500-8000.hdf5	both	none
1574.0844	1	Stimulus/S  1	1	15740844	15740852	7	0	20	pips_40_500-8000.hdf5	both	none
1575.1511	1	Stimulus/S  1	1	15751511	15751519	7	1	40	pips_40_500-8000.hdf5	both	none
1576.2071	1	Stimulus/S  1	1	15762071	15762079	7	2	60	pips_40_500-8000.hdf5	both	none
1577.2738	1	Stimulus/S  1	1	15772738	15772746	7	3	70	pips_40_500-8000.hdf5	both	none
1578.3404	1	Stimulus/S  1	1	15783404	15783412	7	4	50	pips_40_500-8000.hdf5	both	none
1579.3858	1	Stimulus/S  1	1	15793858	15793866	7	5	30	pips_40_500-8000.hdf5	both	none
1580.4418	1	Stimulus/S  1	1	15804418	15804426	8	0	20	pips_40_500-8000.hdf5	both	none
1581.4871	1	Stimulus/S  1	1	15814871	15814879	8	1	40	pips_40_500-8000.hdf5	both	none
1582.5431	1	Stimulus/S  1	1	15825431	15825439	8	2	60	pips_40_500-8000.hdf5	both	none
1583.5885	1	Stimulus/S  1	1	15835885	15835893	8	3	70	pips_40_500-8000.hdf5	both	none
1584.6338	1	Stimulus/S  1	1	15846338	15846346	8	4	50	pips_40_500-8000.hdf5	both	none
1585.6898	1	Stimulus/S  1	1	15856898	15856906	8	5	30	pips_40_500-8000.hdf5	both	none
1586.7352	1	Stimulus/S  1	1	15867352	15867360	9	0	20	pips_40_500-8000.hdf5	both	none
1587.7912	1	Stimulus/S  1	1	15877912	15877920	9	1	40	pips_40_500-8000.hdf5	both	none
1588.8365	1	Stimulus/S  1	1	15888365	15888373	9	2	60	pips_40_500-8000.hdf5	both	none
1589.9032	1	Stimulus/S  1	1	15899032	15899040	9	3	70	pips_40_500-8000.hdf5	both	none
1590.9592	1	Stimulus/S  1	1	15909592	15909600	9	4	50	pips_40_500-8000.hdf5	both	none
1592.0259	1	Stimulus/S  1	1	15920259	15920267	9	5	30	pips_40_500-8000.hdf5	both	none
1593.0712	1	Stimulus/S  1	1	15930712	15930720	10	0	20	pips_40_500-8000.hdf5	both	none
1594.1379	1	Stimulus/S  1	1	15941379	15941387	10	1	40	pips_40_500-8000.hdf5	both	none
1595.2046	1	Stimulus/S  1	1	15952046	15952054	10	2	60	pips_40_500-8000.hdf5	both	none
1596.2713	1	Stimulus/S  1	1	15962713	15962721	10	3	70	pips_40_500-8000.hdf5	both	none
1597.338	1	Stimulus/S  1	1	15973380	15973388	10	4	50	pips_40_500-8000.hdf5	both	none
1598.4046	1	Stimulus/S  1	1	15984046	15984054	10	5	30	pips_40_500-8000.hdf5	both	none
1599.4713	1	Stimulus/S  1	1	15994713	15994721	11	0	20	pips_40_500-8000.hdf5	both	none
1600.538	1	Stimulus/S  1	1	16005380	16005388	11	1	40	pips_40_500-8000.hdf5	both	none
1601.6047	1	Stimulus/S  1	1	16016047	16016055	11	2	60	pips_40_500-8000.hdf5	both	none
1602.6713	1	Stimulus/S  1	1	16026713	16026721	11	3	70	pips_40_500-8000.hdf5	both	none
1603.738	1	Stimulus/S  1	1	16037380	16037388	11	4	50	pips_40_500-8000.hdf5	both	none
1604.8047	1	Stimulus/S  1	1	16048047	16048055	11	5	30	pips_40_500-8000.hdf5	both	none
1605.8607	1	Stimulus/S  1	1	16058607	16058615	12	0	20	pips_40_500-8000.hdf5	both	none
1606.906	1	Stimulus/S  1	1	16069060	16069068	12	1	40	pips_40_500-8000.hdf5	both	none
1607.9514	1	Stimulus/S  1	1	16079514	16079522	12	2	60	pips_40_500-8000.hdf5	both	none
1609.0074	1	Stimulus/S  1	1	16090074	16090082	12	3	70	pips_40_500-8000.hdf5	both	none
1610.0527	1	Stimulus/S  1	1	16100527	16100535	12	4	50	pips_40_500-8000.hdf5	both	none
1611.1088	1	Stimulus/S  1	1	16111088	16111096	12	5	30	pips_40_500-8000.hdf5	both	none
1612.1541	1	Stimulus/S  1	1	16121541	16121549	13	0	20	pips_40_500-8000.hdf5	both	none
1613.2101	1	Stimulus/S  1	1	16132101	16132109	13	1	40	pips_40_500-8000.hdf5	both	none
1614.2555	1	Stimulus/S  1	1	16142555	16142563	13	2	60	pips_40_500-8000.hdf5	both	none
1615.3008	1	Stimulus/S  1	1	16153008	16153016	13	3	70	pips_40_500-8000.hdf5	both	none
1616.3568	1	Stimulus/S  1	1	16163568	16163576	13	4	50	pips_40_500-8000.hdf5	both	none
1617.4235	1	Stimulus/S  1	1	16174235	16174243	13	5	30	pips_40_500-8000.hdf5	both	none
1618.4688	1	Stimulus/S  1	1	16184688	16184696	14	0	20	pips_40_500-8000.hdf5	both	none
1619.5355	1	Stimulus/S  1	1	16195355	16195363	14	1	40	pips_40_500-8000.hdf5	both	none
1620.5915	1	Stimulus/S  1	1	16205915	16205923	14	2	60	pips_40_500-8000.hdf5	both	none
1621.6582	1	Stimulus/S  1	1	16216582	16216590	14	3	70	pips_40_500-8000.hdf5	both	none
1622.7249	1	Stimulus/S  1	1	16227249	16227257	14	4	50	pips_40_500-8000.hdf5	both	none
1623.7702	1	Stimulus/S  1	1	16237702	16237710	14	5	30	pips_40_500-8000.hdf5	both	none
1624.8369	1	Stimulus/S  1	1	16248369	16248377	15	0	20	pips_40_500-8000.hdf5	both	none
1625.9036	1	Stimulus/S  1	1	16259036	16259044	15	1	40	pips_40_500-8000.hdf5	both	none
1626.9702	1	Stimulus/S  1	1	16269702	16269710	15	2	60	pips_40_500-8000.hdf5	both	none
1628.0263	1	Stimulus/S  1	1	16280263	16280271	15	3	70	pips_40_500-8000.hdf5	both	none
1629.0929	1	Stimulus/S  1	1	16290929	16290937	15	4	50	pips_40_500-8000.hdf5	both	none
1630.1383	1	Stimulus/S  1	1	16301383	16301391	15	5	30	pips_40_500-8000.hdf5	both	none
1631.1943	1	Stimulus/S  1	1	16311943	16311951	16	0	20	pips_40_500-8000.hdf5	both	none
1632.2396	1	Stimulus/S  1	1	16322396	16322404	16	1	40	pips_40_500-8000.hdf5	both	none
1633.285	1	Stimulus/S  1	1	16332850	16332858	16	2	60	pips_40_500-8000.hdf5	both	none
1634.341	1	Stimulus/S  1	1	16343410	16343418	16	3	70	pips_40_500-8000.hdf5	both	none
1635.4077	1	Stimulus/S  1	1	16354077	16354085	16	4	50	pips_40_500-8000.hdf5	both	none
1636.453	1	Stimulus/S  1	1	16364530	16364538	16	5	30	pips_40_500-8000.hdf5	both	none
1637.5197	1	Stimulus/S  1	1	16375197	16375205	17	0	20	pips_40_500-8000.hdf5	both	none
1638.5757	1	Stimulus/S  1	1	16385757	16385765	17	1	40	pips_40_500-8000.hdf5	both	none
1639.6424	1	Stimulus/S  1	1	16396424	16396432	17	2	60	pips_40_500-8000.hdf5	both	none
1640.709	1	Stimulus/S  1	1	16407090	16407098	17	3	70	pips_40_500-8000.hdf5	both	none
1641.7757	1	Stimulus/S  1	1	16417757	16417765	17	4	50	pips_40_500-8000.hdf5	both	none
1642.8424	1	Stimulus/S  1	1	16428424	16428432	17	5	30	pips_40_500-8000.hdf5	both	none
1643.9091	1	Stimulus/S  1	1	16439091	16439099	18	0	20	pips_40_500-8000.hdf5	both	none
1644.9758	1	Stimulus/S  1	1	16449758	16449766	18	1	40	pips_40_500-8000.hdf5	both	none
1646.0211	1	Stimulus/S  1	1	16460211	16460219	18	2	60	pips_40_500-8000.hdf5	both	none
1647.0878	1	Stimulus/S  1	1	16470878	16470886	18	3	70	pips_40_500-8000.hdf5	both	none
1648.1438	1	Stimulus/S  1	1	16481438	16481446	18	4	50	pips_40_500-8000.hdf5	both	none
1649.2105	1	Stimulus/S  1	1	16492105	16492113	18	5	30	pips_40_500-8000.hdf5	both	none
1650.2558	1	Stimulus/S  1	1	16502558	16502566	19	0	20	pips_40_500-8000.hdf5	both	none
1651.3012	1	Stimulus/S  1	1	16513012	16513020	19	1	40	pips_40_500-8000.hdf5	both	none
1652.3572	1	Stimulus/S  1	1	16523572	16523580	19	2	60	pips_40_500-8000.hdf5	both	none
1653.4025	1	Stimulus/S  1	1	16534025	16534033	19	3	70	pips_40_500-8000.hdf5	both	none
1654.4585	1	Stimulus/S  1	1	16544585	16544593	19	4	50	pips_40_500-8000.hdf5	both	none
1655.5252	1	Stimulus/S  1	1	16555252	16555260	19	5	30	pips_40_500-8000.hdf5	both	none
1656.5705	1	Stimulus/S  1	1	16565705	16565713	20	0	20	pips_40_500-8000.hdf5	both	none
1657.6372	1	Stimulus/S  1	1	16576372	16576380	20	1	40	pips_40_500-8000.hdf5	both	none
1658.6932	1	Stimulus/S  1	1	16586932	16586940	20	2	60	pips_40_500-8000.hdf5	both	none
1659.7599	1	Stimulus/S  1	1	16597599	16597607	20	3	70	pips_40_500-8000.hdf5	both	none
1660.8266	1	Stimulus/S  1	1	16608266	16608274	20	4	50	pips_40_500-8000.hdf5	both	none
1661.8933	1	Stimulus/S  1	1	16618933	16618941	20	5	30	pips_40_500-8000.hdf5	both	none
1662.9599	1	Stimulus/S  1	1	16629599	16629607	21	0	20	pips_40_500-8000.hdf5	both	none
1664.0266	1	Stimulus/S  1	1	16640266	16640274	21	1	40	pips_40_500-8000.hdf5	both	none
1665.0933	1	Stimulus/S  1	1	16650933	16650941	21	2	60	pips_40_500-8000.hdf5	both	none
1666.1386	1	Stimulus/S  1	1	16661386	16661394	21	3	70	pips_40_500-8000.hdf5	both	none
1667.2053	1	Stimulus/S  1	1	16672053	16672061	21	4	50	pips_40_500-8000.hdf5	both	none
1668.2613	1	Stimulus/S  1	1	16682613	16682621	21	5	30	pips_40_500-8000.hdf5	both	none
1669.3067	1	Stimulus/S  1	1	16693067	16693075	22	0	20	pips_40_500-8000.hdf5	both	none
1670.352	1	Stimulus/S  1	1	16703520	16703528	22	1	40	pips_40_500-8000.hdf5	both	none
1671.408	1	Stimulus/S  1	1	16714080	16714088	22	2	60	pips_40_500-8000.hdf5	both	none
1672.4534	1	Stimulus/S  1	1	16724534	16724542	22	3	70	pips_40_500-8000.hdf5	both	none
1673.5094	1	Stimulus/S  1	1	16735094	16735102	22	4	50	pips_40_500-8000.hdf5	both	none
1674.5547	1	Stimulus/S  1	1	16745547	16745555	22	5	30	pips_40_500-8000.hdf5	both	none
1675.6107	1	Stimulus/S  1	1	16756107	16756115	23	0	20	pips_40_500-8000.hdf5	both	none
1676.6561	1	Stimulus/S  1	1	16766561	16766569	23	1	40	pips_40_500-8000.hdf5	both	none
1677.7014	1	Stimulus/S  1	1	16777014	16777022	23	2	60	pips_40_500-8000.hdf5	both	none
1678.7788	1	Stimulus/S  1	1	16787788	16787796	23	3	70	pips_40_500-8000.hdf5	both	none
1679.8348	1	Stimulus/S  1	1	16798348	16798356	23	4	50	pips_40_500-8000.hdf5	both	none
1680.9014	1	Stimulus/S  1	1	16809014	16809022	23	5	30	pips_40_500-8000.hdf5	both	none
1681.9788	1	Stimulus/S  1	1	16819788	16819796	24	0	20	pips_40_500-8000.hdf5	both	none
1683.0348	1	Stimulus/S  1	1	16830348	16830356	24	1	40	pips_40_500-8000.hdf5	both	none
1684.1121	1	Stimulus/S  1	1	16841121	16841129	24	2	60	pips_40_500-8000.hdf5	both	none
1685.1575	1	Stimulus/S  1	1	16851575	16851583	24	3	70	pips_40_500-8000.hdf5	both	none
1686.2242	1	Stimulus/S  1	1	16862242	16862250	24	4	50	pips_40_500-8000.hdf5	both	none
1687.2695	1	Stimulus/S  1	1	16872695	16872703	24	5	30	pips_40_500-8000.hdf5	both	none
1688.3362	1	Stimulus/S  1	1	16883362	16883370	25	0	20	pips_40_500-8000.hdf5	both	none
1689.3922	1	Stimulus/S  1	1	16893922	16893930	25	1	40	pips_40_500-8000.hdf5	both	none
1690.4375	1	Stimulus/S  1	1	16904375	16904383	25	2	60	pips_40_500-8000.hdf5	both	none
1691.4935	1	Stimulus/S  1	1	16914935	16914943	25	3	70	pips_40_500-8000.hdf5	both	none
1692.5389	1	Stimulus/S  1	1	16925389	16925397	25	4	50	pips_40_500-8000.hdf5	both	none
1693.5949	1	Stimulus/S  1	1	16935949	16935957	25	5	30	pips_40_500-8000.hdf5	both	none
1694.6616	1	Stimulus/S  1	1	16946616	16946624	26	0	20	pips_40_500-8000.hdf5	both	none
1695.7069	1	Stimulus/S  1	1	16957069	16957077	26	1	40	pips_40_500-8000.hdf5	both	none
1696.7736	1	Stimulus/S  1	1	16967736	16967744	26	2	60	pips_40_500-8000.hdf5	both	none
1697.8189	1	Stimulus/S  1	1	16978189	16978197	26	3	70	pips_40_500-8000.hdf5	both	none
1698.8856	1	Stimulus/S  1	1	16988856	16988864	26	4	50	pips_40_500-8000.hdf5	both	none
1699.9523	1	Stimulus/S  1	1	16999523	16999531	26	5	30	pips_40_500-8000.hdf5	both	none
1701.019	1	Stimulus/S  1	1	17010190	17010198	27	0	20	pips_40_500-8000.hdf5	both	none
1702.0857	1	Stimulus/S  1	1	17020857	17020865	27	1	40	pips_40_500-8000.hdf5	both	none
1703.1523	1	Stimulus/S  1	1	17031523	17031531	27	2	60	pips_40_500-8000.hdf5	both	none
1704.219	1	Stimulus/S  1	1	17042190	17042198	27	3	70	pips_40_500-8000.hdf5	both	none
1705.2857	1	Stimulus/S  1	1	17052857	17052865	27	4	50	pips_40_500-8000.hdf5	both	none
1706.3524	1	Stimulus/S  1	1	17063524	17063532	27	5	30	pips_40_500-8000.hdf5	both	none
1707.419	1	Stimulus/S  1	1	17074190	17074198	28	0	20	pips_40_500-8000.hdf5	both	none
1708.4751	1	Stimulus/S  1	1	17084751	17084759	28	1	40	pips_40_500-8000.hdf5	both	none
1709.5417	1	Stimulus/S  1	1	17095417	17095425	28	2	60	pips_40_500-8000.hdf5	both	none
1710.5871	1	Stimulus/S  1	1	17105871	17105879	28	3	70	pips_40_500-8000.hdf5	both	none
1711.6537	1	Stimulus/S  1	1	17116537	17116545	28	4	50	pips_40_500-8000.hdf5	both	none
1712.7098	1	Stimulus/S  1	1	17127098	17127106	28	5	30	pips_40_500-8000.hdf5	both	none
1713.7551	1	Stimulus/S  1	1	17137551	17137559	29	0	20	pips_40_500-8000.hdf5	both	none
1714.8111	1	Stimulus/S  1	1	17148111	17148119	29	1	40	pips_40_500-8000.hdf5	both	none
1715.8565	1	Stimulus/S  1	1	17158565	17158573	29	2	60	pips_40_500-8000.hdf5	both	none
1716.9125	1	Stimulus/S  1	1	17169125	17169133	29	3	70	pips_40_500-8000.hdf5	both	none
1717.9791	1	Stimulus/S  1	1	17179791	17179799	29	4	50	pips_40_500-8000.hdf5	both	none
1719.0245	1	Stimulus/S  1	1	17190245	17190253	29	5	30	pips_40_500-8000.hdf5	both	none
1720.0912	1	Stimulus/S  1	1	17200912	17200920	30	0	20	pips_40_500-8000.hdf5	both	none
1721.1365	1	Stimulus/S  1	1	17211365	17211373	30	1	40	pips_40_500-8000.hdf5	both	none
1722.2032	1	Stimulus/S  1	1	17222032	17222040	30	2	60	pips_40_500-8000.hdf5	both	none
1723.2699	1	Stimulus/S  1	1	17232699	17232707	30	3	70	pips_40_500-8000.hdf5	both	none
1724.3365	1	Stimulus/S  1	1	17243365	17243373	30	4	50	pips_40_500-8000.hdf5	both	none
1725.4032	1	Stimulus/S  1	1	17254032	17254040	30	5	30	pips_40_500-8000.hdf5	both	none
1726.4699	1	Stimulus/S  1	1	17264699	17264707	31	0	20	pips_40_500-8000.hdf5	both	none
1727.5366	1	Stimulus/S  1	1	17275366	17275374	31	1	40	pips_40_500-8000.hdf5	both	none
1728.6032	1	Stimulus/S  1	1	17286032	17286040	31	2	60	pips_40_500-8000.hdf5	both	none
1729.6699	1	Stimulus/S  1	1	17296699	17296707	31	3	70	pips_40_500-8000.hdf5	both	none
1730.7366	1	Stimulus/S  1	1	17307366	17307374	31	4	50	pips_40_500-8000.hdf5	both	none
1731.7926	1	Stimulus/S  1	1	17317926	17317934	31	5	30	pips_40_500-8000.hdf5	both	none
1732.838	1	Stimulus/S  1	1	17328380	17328388	32	0	20	pips_40_500-8000.hdf5	both	none
1733.894	1	Stimulus/S  1	1	17338940	17338948	32	1	40	pips_40_500-8000.hdf5	both	none
1734.9393	1	Stimulus/S  1	1	17349393	17349401	32	2	60	pips_40_500-8000.hdf5	both	none
1735.9953	1	Stimulus/S  1	1	17359953	17359961	32	3	70	pips_40_500-8000.hdf5	both	none
1737.0407	1	Stimulus/S  1	1	17370407	17370415	32	4	50	pips_40_500-8000.hdf5	both	none
1738.086	1	Stimulus/S  1	1	17380860	17380868	32	5	30	pips_40_500-8000.hdf5	both	none
1739.142	1	Stimulus/S  1	1	17391420	17391428	33	0	20	pips_40_500-8000.hdf5	both	none
1740.2087	1	Stimulus/S  1	1	17402087	17402095	33	1	40	pips_40_500-8000.hdf5	both	none
1741.254	1	Stimulus/S  1	1	17412540	17412548	33	2	60	pips_40_500-8000.hdf5	both	none
1742.3207	1	Stimulus/S  1	1	17423207	17423215	33	3	70	pips_40_500-8000.hdf5	both	none
1743.3874	1	Stimulus/S  1	1	17433874	17433882	33	4	50	pips_40_500-8000.hdf5	both	none
1744.4541	1	Stimulus/S  1	1	17444541	17444549	33	5	30	pips_40_500-8000.hdf5	both	none
1745.5208	1	Stimulus/S  1	1	17455208	17455216	34	0	20	pips_40_500-8000.hdf5	both	none
1746.5874	1	Stimulus/S  1	1	17465874	17465882	34	1	40	pips_40_500-8000.hdf5	both	none
1747.6541	1	Stimulus/S  1	1	17476541	17476549	34	2	60	pips_40_500-8000.hdf5	both	none
1748.7101	1	Stimulus/S  1	1	17487101	17487109	34	3	70	pips_40_500-8000.hdf5	both	none
1749.7768	1	Stimulus/S  1	1	17497768	17497776	34	4	50	pips_40_500-8000.hdf5	both	none
1750.8221	1	Stimulus/S  1	1	17508221	17508229	34	5	30	pips_40_500-8000.hdf5	both	none
1751.8888	1	Stimulus/S  1	1	17518888	17518896	35	0	20	pips_40_500-8000.hdf5	both	none
1752.9448	1	Stimulus/S  1	1	17529448	17529456	35	1	40	pips_40_500-8000.hdf5	both	none
1754.0115	1	Stimulus/S  1	1	17540115	17540123	35	2	60	pips_40_500-8000.hdf5	both	none
1755.0782	1	Stimulus/S  1	1	17550782	17550790	35	3	70	pips_40_500-8000.hdf5	both	none
1756.1449	1	Stimulus/S  1	1	17561449	17561457	35	4	50	pips_40_500-8000.hdf5	both	none
1757.2115	1	Stimulus/S  1	1	17572115	17572123	35	5	30	pips_40_500-8000.hdf5	both	none
1758.2782	1	Stimulus/S  1	1	17582782	17582790	36	0	20	pips_40_500-8000.hdf5	both	none
1759.3449	1	Stimulus/S  1	1	17593449	17593457	36	1	40	pips_40_500-8000.hdf5	both	none
1760.3902	1	Stimulus/S  1	1	17603902	17603910	36	2	60	pips_40_500-8000.hdf5	both	none
1761.4569	1	Stimulus/S  1	1	17614569	17614577	36	3	70	pips_40_500-8000.hdf5	both	none
1762.5129	1	Stimulus/S  1	1	17625129	17625137	36	4	50	pips_40_500-8000.hdf5	both	none
1763.5796	1	Stimulus/S  1	1	17635796	17635804	36	5	30	pips_40_500-8000.hdf5	both	none
1764.6249	1	Stimulus/S  1	1	17646249	17646257	37	0	20	pips_40_500-8000.hdf5	both	none
1765.6703	1	Stimulus/S  1	1	17656703	17656711	37	1	40	pips_40_500-8000.hdf5	both	none
1766.7263	1	Stimulus/S  1	1	17667263	17667271	37	2	60	pips_40_500-8000.hdf5	both	none
1767.7716	1	Stimulus/S  1	1	17677716	17677724	37	3	70	pips_40_500-8000.hdf5	both	none
1768.8276	1	Stimulus/S  1	1	17688276	17688284	37	4	50	pips_40_500-8000.hdf5	both	none
1769.873	1	Stimulus/S  1	1	17698730	17698738	37	5	30	pips_40_500-8000.hdf5	both	none
1770.929	1	Stimulus/S  1	1	17709290	17709298	38	0	20	pips_40_500-8000.hdf5	both	none
1771.9957	1	Stimulus/S  1	1	17719957	17719965	38	1	40	pips_40_500-8000.hdf5	both	none
1773.041	1	Stimulus/S  1	1	17730410	17730418	38	2	60	pips_40_500-8000.hdf5	both	none
1774.1077	1	Stimulus/S  1	1	17741077	17741085	38	3	70	pips_40_500-8000.hdf5	both	none
1775.153	1	Stimulus/S  1	1	17751530	17751538	38	4	50	pips_40_500-8000.hdf5	both	none
1776.2091	1	Stimulus/S  1	1	17762091	17762099	38	5	30	pips_40_500-8000.hdf5	both	none
1777.2544	1	Stimulus/S  1	1	17772544	17772552	39	0	20	pips_40_500-8000.hdf5	both	none
1778.3211	1	Stimulus/S  1	1	17783211	17783219	39	1	40	pips_40_500-8000.hdf5	both	none
1779.3878	1	Stimulus/S  1	1	17793878	17793886	39	2	60	pips_40_500-8000.hdf5	both	none
1780.4438	1	Stimulus/S  1	1	17804438	17804446	39	3	70	pips_40_500-8000.hdf5	both	none
1781.5104	1	Stimulus/S  1	1	17815104	17815112	39	4	50	pips_40_500-8000.hdf5	both	none
1782.5771	1	Stimulus/S  1	1	17825771	17825779	39	5	30	pips_40_500-8000.hdf5	both	none
1783.6438	1	Stimulus/S  1	1	17836438	17836446	40	0	20	pips_40_500-8000.hdf5	both	none
1784.7105	1	Stimulus/S  1	1	17847105	17847113	40	1	40	pips_40_500-8000.hdf5	both	none
1785.7771	1	Stimulus/S  1	1	17857771	17857779	40	2	60	pips_40_500-8000.hdf5	both	none
1786.8438	1	Stimulus/S  1	1	17868438	17868446	40	3	70	pips_40_500-8000.hdf5	both	none
1787.9105	1	Stimulus/S  1	1	17879105	17879113	40	4	50	pips_40_500-8000.hdf5	both	none
1788.9772	1	Stimulus/S  1	1	17889772	17889780	40	5	30	pips_40_500-8000.hdf5	both	none
1790.0439	1	Stimulus/S  1	1	17900439	17900447	41	0	20	pips_40_500-8000.hdf5	both	none
1791.1105	1	Stimulus/S  1	1	17911105	17911113	41	1	40	pips_40_500-8000.hdf5	both	none
1792.1772	1	Stimulus/S  1	1	17921772	17921780	41	2	60	pips_40_500-8000.hdf5	both	none
1793.2439	1	Stimulus/S  1	1	17932439	17932447	41	3	70	pips_40_500-8000.hdf5	both	none
1794.3106	1	Stimulus/S  1	1	17943106	17943114	41	4	50	pips_40_500-8000.hdf5	both	none
1795.3772	1	Stimulus/S  1	1	17953772	17953780	41	5	30	pips_40_500-8000.hdf5	both	none
1796.4439	1	Stimulus/S  1	1	17964439	17964447	42	0	20	pips_40_500-8000.hdf5	both	none
1797.5106	1	Stimulus/S  1	1	17975106	17975114	42	1	40	pips_40_500-8000.hdf5	both	none
1798.5773	1	Stimulus/S  1	1	17985773	17985781	42	2	60	pips_40_500-8000.hdf5	both	none
1799.6226	1	Stimulus/S  1	1	17996226	17996234	42	3	70	pips_40_500-8000.hdf5	both	none
1800.6893	1	Stimulus/S  1	1	18006893	18006901	42	4	50	pips_40_500-8000.hdf5	both	none
1801.7453	1	Stimulus/S  1	1	18017453	18017461	42	5	30	pips_40_500-8000.hdf5	both	none
1802.7907	1	Stimulus/S  1	1	18027907	18027915	43	0	20	pips_40_500-8000.hdf5	both	none
1803.8467	1	Stimulus/S  1	1	18038467	18038475	43	1	40	pips_40_500-8000.hdf5	both	none
1804.892	1	Stimulus/S  1	1	18048920	18048928	43	2	60	pips_40_500-8000.hdf5	both	none
1805.9373	1	Stimulus/S  1	1	18059373	18059381	43	3	70	pips_40_500-8000.hdf5	both	none
1806.9934	1	Stimulus/S  1	1	18069934	18069942	43	4	50	pips_40_500-8000.hdf5	both	none
1808.0387	1	Stimulus/S  1	1	18080387	18080395	43	5	30	pips_40_500-8000.hdf5	both	none
1809.0947	1	Stimulus/S  1	1	18090947	18090955	44	0	20	pips_40_500-8000.hdf5	both	none
1810.1401	1	Stimulus/S  1	1	18101401	18101409	44	1	40	pips_40_500-8000.hdf5	both	none
1811.1961	1	Stimulus/S  1	1	18111961	18111969	44	2	60	pips_40_500-8000.hdf5	both	none
1812.2414	1	Stimulus/S  1	1	18122414	18122422	44	3	70	pips_40_500-8000.hdf5	both	none
1813.2868	1	Stimulus/S  1	1	18132868	18132876	44	4	50	pips_40_500-8000.hdf5	both	none
1814.3428	1	Stimulus/S  1	1	18143428	18143436	44	5	30	pips_40_500-8000.hdf5	both	none
1815.3881	1	Stimulus/S  1	1	18153881	18153889	45	0	20	pips_40_500-8000.hdf5	both	none
1816.4441	1	Stimulus/S  1	1	18164441	18164449	45	1	40	pips_40_500-8000.hdf5	both	none
1817.5108	1	Stimulus/S  1	1	18175108	18175116	45	2	60	pips_40_500-8000.hdf5	both	none
1818.5561	1	Stimulus/S  1	1	18185561	18185569	45	3	70	pips_40_500-8000.hdf5	both	none
1819.6228	1	Stimulus/S  1	1	18196228	18196236	45	4	50	pips_40_500-8000.hdf5	both	none
1820.6788	1	Stimulus/S  1	1	18206788	18206796	45	5	30	pips_40_500-8000.hdf5	both	none
1821.7242	1	Stimulus/S  1	1	18217242	18217250	46	0	20	pips_40_500-8000.hdf5	both	none
1822.7802	1	Stimulus/S  1	1	18227802	18227810	46	1	40	pips_40_500-8000.hdf5	both	none
1823.8255	1	Stimulus/S  1	1	18238255	18238263	46	2	60	pips_40_500-8000.hdf5	both	none
1824.8709	1	Stimulus/S  1	1	18248709	18248717	46	3	70	pips_40_500-8000.hdf5	both	none
1825.9269	1	Stimulus/S  1	1	18259269	18259277	46	4	50	pips_40_500-8000.hdf5	both	none
1826.9722	1	Stimulus/S  1	1	18269722	18269730	46	5	30	pips_40_500-8000.hdf5	both	none
1828.0282	1	Stimulus/S  1	1	18280282	18280290	47	0	20	pips_40_500-8000.hdf5	both	none
1829.0736	1	Stimulus/S  1	1	18290736	18290744	47	1	40	pips_40_500-8000.hdf5	both	none
1830.1296	1	Stimulus/S  1	1	18301296	18301304	47	2	60	pips_40_500-8000.hdf5	both	none
1831.1749	1	Stimulus/S  1	1	18311749	18311757	47	3	70	pips_40_500-8000.hdf5	both	none
1832.2416	1	Stimulus/S  1	1	18322416	18322424	47	4	50	pips_40_500-8000.hdf5	both	none
1833.3083	1	Stimulus/S  1	1	18333083	18333091	47	5	30	pips_40_500-8000.hdf5	both	none
1834.375	1	Stimulus/S  1	1	18343750	18343758	48	0	20	pips_40_500-8000.hdf5	both	none
1835.4416	1	Stimulus/S  1	1	18354416	18354424	48	1	40	pips_40_500-8000.hdf5	both	none
1836.5083	1	Stimulus/S  1	1	18365083	18365091	48	2	60	pips_40_500-8000.hdf5	both	none
1837.575	1	Stimulus/S  1	1	18375750	18375758	48	3	70	pips_40_500-8000.hdf5	both	none
1838.6417	1	Stimulus/S  1	1	18386417	18386425	48	4	50	pips_40_500-8000.hdf5	both	none
1839.7083	1	Stimulus/S  1	1	18397083	18397091	48	5	30	pips_40_500-8000.hdf5	both	none
1840.775	1	Stimulus/S  1	1	18407750	18407758	49	0	20	pips_40_500-8000.hdf5	both	none
1841.831	1	Stimulus/S  1	1	18418310	18418318	49	1	40	pips_40_500-8000.hdf5	both	none
1842.8977	1	Stimulus/S  1	1	18428977	18428985	49	2	60	pips_40_500-8000.hdf5	both	none
1843.9644	1	Stimulus/S  1	1	18439644	18439652	49	3	70	pips_40_500-8000.hdf5	both	none
1845.0097	1	Stimulus/S  1	1	18450097	18450105	49	4	50	pips_40_500-8000.hdf5	both	none
1846.0764	1	Stimulus/S  1	1	18460764	18460772	49	5	30	pips_40_500-8000.hdf5	both	none
1847.1218	1	Stimulus/S  1	1	18471218	18471226	50	0	20	pips_40_500-8000.hdf5	both	none
1848.1884	1	Stimulus/S  1	1	18481884	18481892	50	1	40	pips_40_500-8000.hdf5	both	none
1849.2551	1	Stimulus/S  1	1	18492551	18492559	50	2	60	pips_40_500-8000.hdf5	both	none
1850.3111	1	Stimulus/S  1	1	18503111	18503119	50	3	70	pips_40_500-8000.hdf5	both	none
1851.3778	1	Stimulus/S  1	1	18513778	18513786	50	4	50	pips_40_500-8000.hdf5	both	none
1852.4231	1	Stimulus/S  1	1	18524231	18524239	50	5	30	pips_40_500-8000.hdf5	both	none
1853.4898	1	Stimulus/S  1	1	18534898	18534906	51	0	20	pips_40_500-8000.hdf5	both	none
1854.5565	1	Stimulus/S  1	1	18545565	18545573	51	1	40	pips_40_500-8000.hdf5	both	none
1855.6125	1	Stimulus/S  1	1	18556125	18556133	51	2	60	pips_40_500-8000.hdf5	both	none
1856.6792	1	Stimulus/S  1	1	18566792	18566800	51	3	70	pips_40_500-8000.hdf5	both	none
1857.7245	1	Stimulus/S  1	1	18577245	18577253	51	4	50	pips_40_500-8000.hdf5	both	none
1858.7912	1	Stimulus/S  1	1	18587912	18587920	51	5	30	pips_40_500-8000.hdf5	both	none
1859.8472	1	Stimulus/S  1	1	18598472	18598480	52	0	20	pips_40_500-8000.hdf5	both	none
1860.9139	1	Stimulus/S  1	1	18609139	18609147	52	1	40	pips_40_500-8000.hdf5	both	none
1861.9592	1	Stimulus/S  1	1	18619592	18619600	52	2	60	pips_40_500-8000.hdf5	both	none
1863.0152	1	Stimulus/S  1	1	18630152	18630160	52	3	70	pips_40_500-8000.hdf5	both	none
1864.0606	1	Stimulus/S  1	1	18640606	18640614	52	4	50	pips_40_500-8000.hdf5	both	none
1865.1059	1	Stimulus/S  1	1	18651059	18651067	52	5	30	pips_40_500-8000.hdf5	both	none
1866.1619	1	Stimulus/S  1	1	18661619	18661627	53	0	20	pips_40_500-8000.hdf5	both	none
1867.2073	1	Stimulus/S  1	1	18672073	18672081	53	1	40	pips_40_500-8000.hdf5	both	none
1868.2633	1	Stimulus/S  1	1	18682633	18682641	53	2	60	pips_40_500-8000.hdf5	both	none
1869.3086	1	Stimulus/S  1	1	18693086	18693094	53	3	70	pips_40_500-8000.hdf5	both	none
1870.3647	1	Stimulus/S  1	1	18703647	18703655	53	4	50	pips_40_500-8000.hdf5	both	none
1871.41	1	Stimulus/S  1	1	18714100	18714108	53	5	30	pips_40_500-8000.hdf5	both	none
1872.4553	1	Stimulus/S  1	1	18724553	18724561	54	0	20	pips_40_500-8000.hdf5	both	none
1873.5113	1	Stimulus/S  1	1	18735113	18735121	54	1	40	pips_40_500-8000.hdf5	both	none
1874.5567	1	Stimulus/S  1	1	18745567	18745575	54	2	60	pips_40_500-8000.hdf5	both	none
1875.6234	1	Stimulus/S  1	1	18756234	18756242	54	3	70	pips_40_500-8000.hdf5	both	none
1876.6794	1	Stimulus/S  1	1	18766794	18766802	54	4	50	pips_40_500-8000.hdf5	both	none
1877.7461	1	Stimulus/S  1	1	18777461	18777469	54	5	30	pips_40_500-8000.hdf5	both	none
1878.7914	1	Stimulus/S  1	1	18787914	18787922	55	0	20	pips_40_500-8000.hdf5	both	none
1879.8581	1	Stimulus/S  1	1	18798581	18798589	55	1	40	pips_40_500-8000.hdf5	both	none
1880.9248	1	Stimulus/S  1	1	18809248	18809256	55	2	60	pips_40_500-8000.hdf5	both	none
1881.9914	1	Stimulus/S  1	1	18819914	18819922	55	3	70	pips_40_500-8000.hdf5	both	none
1883.0581	1	Stimulus/S  1	1	18830581	18830589	55	4	50	pips_40_500-8000.hdf5	both	none
1884.1248	1	Stimulus/S  1	1	18841248	18841256	55	5	30	pips_40_500-8000.hdf5	both	none
1885.1808	1	Stimulus/S  1	1	18851808	18851816	56	0	20	pips_40_500-8000.hdf5	both	none
1886.2475	1	Stimulus/S  1	1	18862475	18862483	56	1	40	pips_40_500-8000.hdf5	both	none
1887.3142	1	Stimulus/S  1	1	18873142	18873150	56	2	60	pips_40_500-8000.hdf5	both	none
1888.3808	1	Stimulus/S  1	1	18883808	18883816	56	3	70	pips_40_500-8000.hdf5	both	none
1889.4475	1	Stimulus/S  1	1	18894475	18894483	56	4	50	pips_40_500-8000.hdf5	both	none
1890.5142	1	Stimulus/S  1	1	18905142	18905150	56	5	30	pips_40_500-8000.hdf5	both	none
1891.5595	1	Stimulus/S  1	1	18915595	18915603	57	0	20	pips_40_500-8000.hdf5	both	none
1892.6262	1	Stimulus/S  1	1	18926262	18926270	57	1	40	pips_40_500-8000.hdf5	both	none
1893.6822	1	Stimulus/S  1	1	18936822	18936830	57	2	60	pips_40_500-8000.hdf5	both	none
1894.7276	1	Stimulus/S  1	1	18947276	18947284	57	3	70	pips_40_500-8000.hdf5	both	none
1895.7729	1	Stimulus/S  1	1	18957729	18957737	57	4	50	pips_40_500-8000.hdf5	both	none
1896.8289	1	Stimulus/S  1	1	18968289	18968297	57	5	30	pips_40_500-8000.hdf5	both	none
1897.8743	1	Stimulus/S  1	1	18978743	18978751	58	0	20	pips_40_500-8000.hdf5	both	none
1898.9303	1	Stimulus/S  1	1	18989303	18989311	58	1	40	pips_40_500-8000.hdf5	both	none
1899.9756	1	Stimulus/S  1	1	18999756	18999764	58	2	60	pips_40_500-8000.hdf5	both	none
1901.0316	1	Stimulus/S  1	1	19010316	19010324	58	3	70	pips_40_500-8000.hdf5	both	none
1902.077	1	Stimulus/S  1	1	19020770	19020778	58	4	50	pips_40_500-8000.hdf5	both	none
1903.1223	1	Stimulus/S  1	1	19031223	19031231	58	5	30	pips_40_500-8000.hdf5	both	none
1904.1783	1	Stimulus/S  1	1	19041783	19041791	59	0	20	pips_40_500-8000.hdf5	both	none
1905.2237	1	Stimulus/S  1	1	19052237	19052245	59	1	40	pips_40_500-8000.hdf5	both	none
1906.2797	1	Stimulus/S  1	1	19062797	19062805	59	2	60	pips_40_500-8000.hdf5	both	none
1907.3464	1	Stimulus/S  1	1	19073464	19073472	59	3	70	pips_40_500-8000.hdf5	both	none
1908.3917	1	Stimulus/S  1	1	19083917	19083925	59	4	50	pips_40_500-8000.hdf5	both	none
1909.4584	1	Stimulus/S  1	1	19094584	19094592	59	5	30	pips_40_500-8000.hdf5	both	none
1910.5144	1	Stimulus/S  1	1	19105144	19105152	60	0	20	pips_40_500-8000.hdf5	both	none
1911.5811	1	Stimulus/S  1	1	19115811	19115819	60	1	40	pips_40_500-8000.hdf5	both	none
1912.6264	1	Stimulus/S  1	1	19126264	19126272	60	2	60	pips_40_500-8000.hdf5	both	none
1913.6824	1	Stimulus/S  1	1	19136824	19136832	60	3	70	pips_40_500-8000.hdf5	both	none
1914.7278	1	Stimulus/S  1	1	19147278	19147286	60	4	50	pips_40_500-8000.hdf5	both	none
1915.7731	1	Stimulus/S  1	1	19157731	19157739	60	5	30	pips_40_500-8000.hdf5	both	none
1916.8291	1	Stimulus/S  1	1	19168291	19168299	61	0	20	pips_40_500-8000.hdf5	both	none
1917.8745	1	Stimulus/S  1	1	19178745	19178753	61	1	40	pips_40_500-8000.hdf5	both	none
1918.9305	1	Stimulus/S  1	1	19189305	19189313	61	2	60	pips_40_500-8000.hdf5	both	none
1919.9758	1	Stimulus/S  1	1	19199758	19199766	61	3	70	pips_40_500-8000.hdf5	both	none
1921.0318	1	Stimulus/S  1	1	19210318	19210326	61	4	50	pips_40_500-8000.hdf5	both	none
1922.0772	1	Stimulus/S  1	1	19220772	19220780	61	5	30	pips_40_500-8000.hdf5	both	none
1923.1225	1	Stimulus/S  1	1	19231225	19231233	62	0	20	pips_40_500-8000.hdf5	both	none
1924.1892	1	Stimulus/S  1	1	19241892	19241900	62	1	40	pips_40_500-8000.hdf5	both	none
1925.2559	1	Stimulus/S  1	1	19252559	19252567	62	2	60	pips_40_500-8000.hdf5	both	none
1926.3225	1	Stimulus/S  1	1	19263225	19263233	62	3	70	pips_40_500-8000.hdf5	both	none
1927.3892	1	Stimulus/S  1	1	19273892	19273900	62	4	50	pips_40_500-8000.hdf5	both	none
1928.4559	1	Stimulus/S  1	1	19284559	19284567	62	5	30	pips_40_500-8000.hdf5	both	none
1929.5226	1	Stimulus/S  1	1	19295226	19295234	63	0	20	pips_40_500-8000.hdf5	both	none
1930.5892	1	Stimulus/S  1	1	19305892	19305900	63	1	40	pips_40_500-8000.hdf5	both	none
1931.6559	1	Stimulus/S  1	1	19316559	19316567	63	2	60	pips_40_500-8000.hdf5	both	none
1932.7119	1	Stimulus/S  1	1	19327119	19327127	63	3	70	pips_40_500-8000.hdf5	both	none
1933.7786	1	Stimulus/S  1	1	19337786	19337794	63	4	50	pips_40_500-8000.hdf5	both	none
1934.824	1	Stimulus/S  1	1	19348240	19348248	63	5	30	pips_40_500-8000.hdf5	both	none
1935.8906	1	Stimulus/S  1	1	19358906	19358914	64	0	20	pips_40_500-8000.hdf5	both	none
1936.9466	1	Stimulus/S  1	1	19369466	19369474	64	1	40	pips_40_500-8000.hdf5	both	none
1937.992	1	Stimulus/S  1	1	19379920	19379928	64	2	60	pips_40_500-8000.hdf5	both	none
1939.048	1	Stimulus/S  1	1	19390480	19390488	64	3	70	pips_40_500-8000.hdf5	both	none
1940.1147	1	Stimulus/S  1	1	19401147	19401155	64	4	50	pips_40_500-8000.hdf5	both	none
1941.16	1	Stimulus/S  1	1	19411600	19411608	64	5	30	pips_40_500-8000.hdf5	both	none
1942.216	1	Stimulus/S  1	1	19422160	19422168	65	0	20	pips_40_500-8000.hdf5	both	none
1943.2614	1	Stimulus/S  1	1	19432614	19432622	65	1	40	pips_40_500-8000.hdf5	both	none
1944.3067	1	Stimulus/S  1	1	19443067	19443075	65	2	60	pips_40_500-8000.hdf5	both	none
1945.3627	1	Stimulus/S  1	1	19453627	19453635	65	3	70	pips_40_500-8000.hdf5	both	none
1946.4081	1	Stimulus/S  1	1	19464081	19464089	65	4	50	pips_40_500-8000.hdf5	both	none
1947.4641	1	Stimulus/S  1	1	19474641	19474649	65	5	30	pips_40_500-8000.hdf5	both	none
1948.5094	1	Stimulus/S  1	1	19485094	19485102	66	0	20	pips_40_500-8000.hdf5	both	none
1949.5654	1	Stimulus/S  1	1	19495654	19495662	66	1	40	pips_40_500-8000.hdf5	both	none
1950.6108	1	Stimulus/S  1	1	19506108	19506116	66	2	60	pips_40_500-8000.hdf5	both	none
1951.6668	1	Stimulus/S  1	1	19516668	19516676	66	3	70	pips_40_500-8000.hdf5	both	none
1952.7121	1	Stimulus/S  1	1	19527121	19527129	66	4	50	pips_40_500-8000.hdf5	both	none
1953.7575	1	Stimulus/S  1	1	19537575	19537583	66	5	30	pips_40_500-8000.hdf5	both	none
1954.8135	1	Stimulus/S  1	1	19548135	19548143	67	0	20	pips_40_500-8000.hdf5	both	none
1955.8588	1	Stimulus/S  1	1	19558588	19558596	67	1	40	pips_40_500-8000.hdf5	both	none
1956.9148	1	Stimulus/S  1	1	19569148	19569156	67	2	60	pips_40_500-8000.hdf5	both	none
1957.9602	1	Stimulus/S  1	1	19579602	19579610	67	3	70	pips_40_500-8000.hdf5	both	none
1959.0162	1	Stimulus/S  1	1	19590162	19590170	67	4	50	pips_40_500-8000.hdf5	both	none
1960.0615	1	Stimulus/S  1	1	19600615	19600623	67	5	30	pips_40_500-8000.hdf5	both	none
1961.1069	1	Stimulus/S  1	1	19611069	19611077	68	0	20	pips_40_500-8000.hdf5	both	none
1962.1629	1	Stimulus/S  1	1	19621629	19621637	68	1	40	pips_40_500-8000.hdf5	both	none
1963.2082	1	Stimulus/S  1	1	19632082	19632090	68	2	60	pips_40_500-8000.hdf5	both	none
1964.2642	1	Stimulus/S  1	1	19642642	19642650	68	3	70	pips_40_500-8000.hdf5	both	none
1965.3096	1	Stimulus/S  1	1	19653096	19653104	68	4	50	pips_40_500-8000.hdf5	both	none
1966.3656	1	Stimulus/S  1	1	19663656	19663664	68	5	30	pips_40_500-8000.hdf5	both	none
1967.4109	1	Stimulus/S  1	1	19674109	19674117	69	0	20	pips_40_500-8000.hdf5	both	none
1968.4563	1	Stimulus/S  1	1	19684563	19684571	69	1	40	pips_40_500-8000.hdf5	both	none
1969.5123	1	Stimulus/S  1	1	19695123	19695131	69	2	60	pips_40_500-8000.hdf5	both	none
1970.5576	1	Stimulus/S  1	1	19705576	19705584	69	3	70	pips_40_500-8000.hdf5	both	none
1971.6137	1	Stimulus/S  1	1	19716137	19716145	69	4	50	pips_40_500-8000.hdf5	both	none
1972.659	1	Stimulus/S  1	1	19726590	19726598	69	5	30	pips_40_500-8000.hdf5	both	none
1973.7257	1	Stimulus/S  1	1	19737257	19737265	70	0	20	pips_40_500-8000.hdf5	both	none
1974.7817	1	Stimulus/S  1	1	19747817	19747825	70	1	40	pips_40_500-8000.hdf5	both	none
1975.8484	1	Stimulus/S  1	1	19758484	19758492	70	2	60	pips_40_500-8000.hdf5	both	none
1976.8937	1	Stimulus/S  1	1	19768937	19768945	70	3	70	pips_40_500-8000.hdf5	both	none
1977.9604	1	Stimulus/S  1	1	19779604	19779612	70	4	50	pips_40_500-8000.hdf5	both	none
1979.0271	1	Stimulus/S  1	1	19790271	19790279	70	5	30	pips_40_500-8000.hdf5	both	none
1980.0831	1	Stimulus/S  1	1	19800831	19800839	71	0	20	pips_40_500-8000.hdf5	both	none
1981.1497	1	Stimulus/S  1	1	19811497	19811505	71	1	40	pips_40_500-8000.hdf5	both	none
1982.2164	1	Stimulus/S  1	1	19822164	19822172	71	2	60	pips_40_500-8000.hdf5	both	none
1983.2831	1	Stimulus/S  1	1	19832831	19832839	71	3	70	pips_40_500-8000.hdf5	both	none
1984.3498	1	Stimulus/S  1	1	19843498	19843506	71	4	50	pips_40_500-8000.hdf5	both	none
1985.4165	1	Stimulus/S  1	1	19854165	19854173	71	5	30	pips_40_500-8000.hdf5	both	none
1986.4831	1	Stimulus/S  1	1	19864831	19864839	72	0	20	pips_40_500-8000.hdf5	both	none
1987.5498	1	Stimulus/S  1	1	19875498	19875506	72	1	40	pips_40_500-8000.hdf5	both	none
1988.6165	1	Stimulus/S  1	1	19886165	19886173	72	2	60	pips_40_500-8000.hdf5	both	none
1989.6832	1	Stimulus/S  1	1	19896832	19896840	72	3	70	pips_40_500-8000.hdf5	both	none
1990.7498	1	Stimulus/S  1	1	19907498	19907506	72	4	50	pips_40_500-8000.hdf5	both	none
1991.8165	1	Stimulus/S  1	1	19918165	19918173	72	5	30	pips_40_500-8000.hdf5	both	none
1992.8832	1	Stimulus/S  1	1	19928832	19928840	73	0	20	pips_40_500-8000.hdf5	both	none
1993.9499	1	Stimulus/S  1	1	19939499	19939507	73	1	40	pips_40_500-8000.hdf5	both	none
1995.0166	1	Stimulus/S  1	1	19950166	19950174	73	2	60	pips_40_500-8000.hdf5	both	none
1996.0832	1	Stimulus/S  1	1	19960832	19960840	73	3	70	pips_40_500-8000.hdf5	both	none
1997.1286	1	Stimulus/S  1	1	19971286	19971294	73	4	50	pips_40_500-8000.hdf5	both	none
1998.1952	1	Stimulus/S  1	1	19981952	19981960	73	5	30	pips_40_500-8000.hdf5	both	none
1999.2406	1	Stimulus/S  1	1	19992406	19992414	74	0	20	pips_40_500-8000.hdf5	both	none
2000.3073	1	Stimulus/S  1	1	20003073	20003081	74	1	40	pips_40_500-8000.hdf5	both	none
2001.3633	1	Stimulus/S  1	1	20013633	20013641	74	2	60	pips_40_500-8000.hdf5	both	none
2002.43	1	Stimulus/S  1	1	20024300	20024308	74	3	70	pips_40_500-8000.hdf5	both	none
2003.4753	1	Stimulus/S  1	1	20034753	20034761	74	4	50	pips_40_500-8000.hdf5	both	none
2004.5313	1	Stimulus/S  1	1	20045313	20045321	74	5	30	pips_40_500-8000.hdf5	both	none
2005.5767	1	Stimulus/S  1	1	20055767	20055775	75	0	20	pips_40_500-8000.hdf5	both	none
2006.6327	1	Stimulus/S  1	1	20066327	20066335	75	1	40	pips_40_500-8000.hdf5	both	none
2007.678	1	Stimulus/S  1	1	20076780	20076788	75	2	60	pips_40_500-8000.hdf5	both	none
2008.734	1	Stimulus/S  1	1	20087340	20087348	75	3	70	pips_40_500-8000.hdf5	both	none
2009.7794	1	Stimulus/S  1	1	20097794	20097802	75	4	50	pips_40_500-8000.hdf5	both	none
2010.8247	1	Stimulus/S  1	1	20108247	20108255	75	5	30	pips_40_500-8000.hdf5	both	none
2011.8807	1	Stimulus/S  1	1	20118807	20118815	76	0	20	pips_40_500-8000.hdf5	both	none
2012.9474	1	Stimulus/S  1	1	20129474	20129482	76	1	40	pips_40_500-8000.hdf5	both	none
2013.9927	1	Stimulus/S  1	1	20139927	20139935	76	2	60	pips_40_500-8000.hdf5	both	none
2015.0594	1	Stimulus/S  1	1	20150594	20150602	76	3	70	pips_40_500-8000.hdf5	both	none
2016.1154	1	Stimulus/S  1	1	20161154	20161162	76	4	50	pips_40_500-8000.hdf5	both	none
2017.1821	1	Stimulus/S  1	1	20171821	20171829	76	5	30	pips_40_500-8000.hdf5	both	none
2018.2488	1	Stimulus/S  1	1	20182488	20182496	77	0	20	pips_40_500-8000.hdf5	both	none
2019.3155	1	Stimulus/S  1	1	20193155	20193163	77	1	40	pips_40_500-8000.hdf5	both	none
2020.3821	1	Stimulus/S  1	1	20203821	20203829	77	2	60	pips_40_500-8000.hdf5	both	none
2021.4488	1	Stimulus/S  1	1	20214488	20214496	77	3	70	pips_40_500-8000.hdf5	both	none
2022.5155	1	Stimulus/S  1	1	20225155	20225163	77	4	50	pips_40_500-8000.hdf5	both	none
2023.5608	1	Stimulus/S  1	1	20235608	20235616	77	5	30	pips_40_500-8000.hdf5	both	none
2024.6275	1	Stimulus/S  1	1	20246275	20246283	78	0	20	pips_40_500-8000.hdf5	both	none
2025.6835	1	Stimulus/S  1	1	20256835	20256843	78	1	40	pips_40_500-8000.hdf5	both	none
2026.7502	1	Stimulus/S  1	1	20267502	20267510	78	2	60	pips_40_500-8000.hdf5	both	none
2027.7955	1	Stimulus/S  1	1	20277955	20277963	78	3	70	pips_40_500-8000.hdf5	both	none
2028.8409	1	Stimulus/S  1	1	20288409	20288417	78	4	50	pips_40_500-8000.hdf5	both	none
2029.8969	1	Stimulus/S  1	1	20298969	20298977	78	5	30	pips_40_500-8000.hdf5	both	none
2030.9422	1	Stimulus/S  1	1	20309422	20309430	79	0	20	pips_40_500-8000.hdf5	both	none
2031.9982	1	Stimulus/S  1	1	20319982	20319990	79	1	40	pips_40_500-8000.hdf5	both	none
2033.0436	1	Stimulus/S  1	1	20330436	20330444	79	2	60	pips_40_500-8000.hdf5	both	none
2034.0996	1	Stimulus/S  1	1	20340996	20341004	79	3	70	pips_40_500-8000.hdf5	both	none
2035.1663	1	Stimulus/S  1	1	20351663	20351671	79	4	50	pips_40_500-8000.hdf5	both	none
2036.2116	1	Stimulus/S  1	1	20362116	20362124	79	5	30	pips_40_500-8000.hdf5	both	none
2037.2783	1	Stimulus/S  1	1	20372783	20372791	80	0	20	pips_40_500-8000.hdf5	both	none
2038.3343	1	Stimulus/S  1	1	20383343	20383351	80	1	40	pips_40_500-8000.hdf5	both	none
2039.401	1	Stimulus/S  1	1	20394010	20394018	80	2	60	pips_40_500-8000.hdf5	both	none
2040.4677	1	Stimulus/S  1	1	20404677	20404685	80	3	70	pips_40_500-8000.hdf5	both	none
2041.5343	1	Stimulus/S  1	1	20415343	20415351	80	4	50	pips_40_500-8000.hdf5	both	none
2042.601	1	Stimulus/S  1	1	20426010	20426018	80	5	30	pips_40_500-8000.hdf5	both	none
2043.6677	1	Stimulus/S  1	1	20436677	20436685	81	0	20	pips_40_500-8000.hdf5	both	none
2044.7344	1	Stimulus/S  1	1	20447344	20447352	81	1	40	pips_40_500-8000.hdf5	both	none
2045.8011	1	Stimulus/S  1	1	20458011	20458019	81	2	60	pips_40_500-8000.hdf5	both	none
2046.8677	1	Stimulus/S  1	1	20468677	20468685	81	3	70	pips_40_500-8000.hdf5	both	none
2047.9344	1	Stimulus/S  1	1	20479344	20479352	81	4	50	pips_40_500-8000.hdf5	both	none
2048.9798	1	Stimulus/S  1	1	20489798	20489806	81	5	30	pips_40_500-8000.hdf5	both	none
2050.0464	1	Stimulus/S  1	1	20500464	20500472	82	0	20	pips_40_500-8000.hdf5	both	none
2051.1131	1	Stimulus/S  1	1	20511131	20511139	82	1	40	pips_40_500-8000.hdf5	both	none
2052.1584	1	Stimulus/S  1	1	20521584	20521592	82	2	60	pips_40_500-8000.hdf5	both	none
2053.2145	1	Stimulus/S  1	1	20532145	20532153	82	3	70	pips_40_500-8000.hdf5	both	none
2054.2598	1	Stimulus/S  1	1	20542598	20542606	82	4	50	pips_40_500-8000.hdf5	both	none
2055.3158	1	Stimulus/S  1	1	20553158	20553166	82	5	30	pips_40_500-8000.hdf5	both	none
2056.3612	1	Stimulus/S  1	1	20563612	20563620	83	0	20	pips_40_500-8000.hdf5	both	none
2057.4172	1	Stimulus/S  1	1	20574172	20574180	83	1	40	pips_40_500-8000.hdf5	both	none
2058.4625	1	Stimulus/S  1	1	20584625	20584633	83	2	60	pips_40_500-8000.hdf5	both	none
2059.5185	1	Stimulus/S  1	1	20595185	20595193	83	3	70	pips_40_500-8000.hdf5	both	none
2060.5639	1	Stimulus/S  1	1	20605639	20605647	83	4	50	pips_40_500-8000.hdf5	both	none
2061.6092	1	Stimulus/S  1	1	20616092	20616100	83	5	30	pips_40_500-8000.hdf5	both	none
2062.6759	1	Stimulus/S  1	1	20626759	20626767	84	0	20	pips_40_500-8000.hdf5	both	none
2063.7319	1	Stimulus/S  1	1	20637319	20637327	84	1	40	pips_40_500-8000.hdf5	both	none
2064.7772	1	Stimulus/S  1	1	20647772	20647780	84	2	60	pips_40_500-8000.hdf5	both	none
2065.8333	1	Stimulus/S  1	1	20658333	20658341	84	3	70	pips_40_500-8000.hdf5	both	none
2066.8999	1	Stimulus/S  1	1	20668999	20669007	84	4	50	pips_40_500-8000.hdf5	both	none
2067.9453	1	Stimulus/S  1	1	20679453	20679461	84	5	30	pips_40_500-8000.hdf5	both	none
2069.0119	1	Stimulus/S  1	1	20690119	20690127	85	0	20	pips_40_500-8000.hdf5	both	none
2070.0786	1	Stimulus/S  1	1	20700786	20700794	85	1	40	pips_40_500-8000.hdf5	both	none
2071.1453	1	Stimulus/S  1	1	20711453	20711461	85	2	60	pips_40_500-8000.hdf5	both	none
2072.212	1	Stimulus/S  1	1	20722120	20722128	85	3	70	pips_40_500-8000.hdf5	both	none
2073.2787	1	Stimulus/S  1	1	20732787	20732795	85	4	50	pips_40_500-8000.hdf5	both	none
2074.3453	1	Stimulus/S  1	1	20743453	20743461	85	5	30	pips_40_500-8000.hdf5	both	none
2075.4013	1	Stimulus/S  1	1	20754013	20754021	86	0	20	pips_40_500-8000.hdf5	both	none
2076.468	1	Stimulus/S  1	1	20764680	20764688	86	1	40	pips_40_500-8000.hdf5	both	none
2077.5134	1	Stimulus/S  1	1	20775134	20775142	86	2	60	pips_40_500-8000.hdf5	both	none
2078.58	1	Stimulus/S  1	1	20785800	20785808	86	3	70	pips_40_500-8000.hdf5	both	none
2079.6254	1	Stimulus/S  1	1	20796254	20796262	86	4	50	pips_40_500-8000.hdf5	both	none
2080.6814	1	Stimulus/S  1	1	20806814	20806822	86	5	30	pips_40_500-8000.hdf5	both	none
2081.7267	1	Stimulus/S  1	1	20817267	20817275	87	0	20	pips_40_500-8000.hdf5	both	none
2082.7828	1	Stimulus/S  1	1	20827828	20827836	87	1	40	pips_40_500-8000.hdf5	both	none
2083.8281	1	Stimulus/S  1	1	20838281	20838289	87	2	60	pips_40_500-8000.hdf5	both	none
2084.8841	1	Stimulus/S  1	1	20848841	20848849	87	3	70	pips_40_500-8000.hdf5	both	none
2085.9294	1	Stimulus/S  1	1	20859294	20859302	87	4	50	pips_40_500-8000.hdf5	both	none
2086.9961	1	Stimulus/S  1	1	20869961	20869969	87	5	30	pips_40_500-8000.hdf5	both	none
2088.0521	1	Stimulus/S  1	1	20880521	20880529	88	0	20	pips_40_500-8000.hdf5	both	none
2089.1081	1	Stimulus/S  1	1	20891081	20891089	88	1	40	pips_40_500-8000.hdf5	both	none
2090.1642	1	Stimulus/S  1	1	20901642	20901650	88	2	60	pips_40_500-8000.hdf5	both	none
2091.2308	1	Stimulus/S  1	1	20912308	20912316	88	3	70	pips_40_500-8000.hdf5	both	none
2092.2975	1	Stimulus/S  1	1	20922975	20922983	88	4	50	pips_40_500-8000.hdf5	both	none
2093.3642	1	Stimulus/S  1	1	20933642	20933650	88	5	30	pips_40_500-8000.hdf5	both	none
2094.4309	1	Stimulus/S  1	1	20944309	20944317	89	0	20	pips_40_500-8000.hdf5	both	none
2095.4975	1	Stimulus/S  1	1	20954975	20954983	89	1	40	pips_40_500-8000.hdf5	both	none
2096.5642	1	Stimulus/S  1	1	20965642	20965650	89	2	60	pips_40_500-8000.hdf5	both	none
2097.6096	1	Stimulus/S  1	1	20976096	20976104	89	3	70	pips_40_500-8000.hdf5	both	none
2098.6762	1	Stimulus/S  1	1	20986762	20986770	89	4	50	pips_40_500-8000.hdf5	both	none
2099.7323	1	Stimulus/S  1	1	20997323	20997331	89	5	30	pips_40_500-8000.hdf5	both	none
2100.7776	1	Stimulus/S  1	1	21007776	21007784	90	0	20	pips_40_500-8000.hdf5	both	none
2101.8336	1	Stimulus/S  1	1	21018336	21018344	90	1	40	pips_40_500-8000.hdf5	both	none
2102.8789	1	Stimulus/S  1	1	21028789	21028797	90	2	60	pips_40_500-8000.hdf5	both	none
2103.935	1	Stimulus/S  1	1	21039350	21039358	90	3	70	pips_40_500-8000.hdf5	both	none
2104.9803	1	Stimulus/S  1	1	21049803	21049811	90	4	50	pips_40_500-8000.hdf5	both	none
2106.0256	1	Stimulus/S  1	1	21060256	21060264	90	5	30	pips_40_500-8000.hdf5	both	none
2107.0817	1	Stimulus/S  1	1	21070817	21070825	91	0	20	pips_40_500-8000.hdf5	both	none
2108.127	1	Stimulus/S  1	1	21081270	21081278	91	1	40	pips_40_500-8000.hdf5	both	none
2109.183	1	Stimulus/S  1	1	21091830	21091838	91	2	60	pips_40_500-8000.hdf5	both	none
2110.2497	1	Stimulus/S  1	1	21102497	21102505	91	3	70	pips_40_500-8000.hdf5	both	none
2111.3164	1	Stimulus/S  1	1	21113164	21113172	91	4	50	pips_40_500-8000.hdf5	both	none
2112.383	1	Stimulus/S  1	1	21123830	21123838	91	5	30	pips_40_500-8000.hdf5	both	none
2113.4497	1	Stimulus/S  1	1	21134497	21134505	92	0	20	pips_40_500-8000.hdf5	both	none
2114.5164	1	Stimulus/S  1	1	21145164	21145172	92	1	40	pips_40_500-8000.hdf5	both	none
2115.5831	1	Stimulus/S  1	1	21155831	21155839	92	2	60	pips_40_500-8000.hdf5	both	none
2116.6284	1	Stimulus/S  1	1	21166284	21166292	92	3	70	pips_40_500-8000.hdf5	both	none
2117.6951	1	Stimulus/S  1	1	21176951	21176959	92	4	50	pips_40_500-8000.hdf5	both	none
2118.7511	1	Stimulus/S  1	1	21187511	21187519	92	5	30	pips_40_500-8000.hdf5	both	none
2119.7964	1	Stimulus/S  1	1	21197964	21197972	93	0	20	pips_40_500-8000.hdf5	both	none
2120.8525	1	Stimulus/S  1	1	21208525	21208533	93	1	40	pips_40_500-8000.hdf5	both	none
2121.8978	1	Stimulus/S  1	1	21218978	21218986	93	2	60	pips_40_500-8000.hdf5	both	none
2122.9431	1	Stimulus/S  1	1	21229431	21229439	93	3	70	pips_40_500-8000.hdf5	both	none
2123.9992	1	Stimulus/S  1	1	21239992	21240000	93	4	50	pips_40_500-8000.hdf5	both	none
2125.0445	1	Stimulus/S  1	1	21250445	21250453	93	5	30	pips_40_500-8000.hdf5	both	none
2126.1005	1	Stimulus/S  1	1	21261005	21261013	94	0	20	pips_40_500-8000.hdf5	both	none
2127.1459	1	Stimulus/S  1	1	21271459	21271467	94	1	40	pips_40_500-8000.hdf5	both	none
2128.2019	1	Stimulus/S  1	1	21282019	21282027	94	2	60	pips_40_500-8000.hdf5	both	none
2129.2685	1	Stimulus/S  1	1	21292685	21292693	94	3	70	pips_40_500-8000.hdf5	both	none
2130.3352	1	Stimulus/S  1	1	21303352	21303360	94	4	50	pips_40_500-8000.hdf5	both	none
2131.3806	1	Stimulus/S  1	1	21313806	21313814	94	5	30	pips_40_500-8000.hdf5	both	none
2132.4472	1	Stimulus/S  1	1	21324472	21324480	95	0	20	pips_40_500-8000.hdf5	both	none
2133.5139	1	Stimulus/S  1	1	21335139	21335147	95	1	40	pips_40_500-8000.hdf5	both	none
2134.5806	1	Stimulus/S  1	1	21345806	21345814	95	2	60	pips_40_500-8000.hdf5	both	none
2135.6366	1	Stimulus/S  1	1	21356366	21356374	95	3	70	pips_40_500-8000.hdf5	both	none
2136.6926	1	Stimulus/S  1	1	21366926	21366934	95	4	50	pips_40_500-8000.hdf5	both	none
2137.7486	1	Stimulus/S  1	1	21377486	21377494	95	5	30	pips_40_500-8000.hdf5	both	none
2138.8153	1	Stimulus/S  1	1	21388153	21388161	96	0	20	pips_40_500-8000.hdf5	both	none
2139.8606	1	Stimulus/S  1	1	21398606	21398614	96	1	40	pips_40_500-8000.hdf5	both	none
2140.9273	1	Stimulus/S  1	1	21409273	21409281	96	2	60	pips_40_500-8000.hdf5	both	none
2141.9833	1	Stimulus/S  1	1	21419833	21419841	96	3	70	pips_40_500-8000.hdf5	both	none
2143.0287	1	Stimulus/S  1	1	21430287	21430295	96	4	50	pips_40_500-8000.hdf5	both	none
2144.0847	1	Stimulus/S  1	1	21440847	21440855	96	5	30	pips_40_500-8000.hdf5	both	none
2145.13	1	Stimulus/S  1	1	21451300	21451308	97	0	20	pips_40_500-8000.hdf5	both	none
2146.186	1	Stimulus/S  1	1	21461860	21461868	97	1	40	pips_40_500-8000.hdf5	both	none
2147.2527	1	Stimulus/S  1	1	21472527	21472535	97	2	60	pips_40_500-8000.hdf5	both	none
2148.2981	1	Stimulus/S  1	1	21482981	21482989	97	3	70	pips_40_500-8000.hdf5	both	none
2149.3647	1	Stimulus/S  1	1	21493647	21493655	97	4	50	pips_40_500-8000.hdf5	both	none
2150.4101	1	Stimulus/S  1	1	21504101	21504109	97	5	30	pips_40_500-8000.hdf5	both	none
2151.4768	1	Stimulus/S  1	1	21514768	21514776	98	0	20	pips_40_500-8000.hdf5	both	none
2152.5434	1	Stimulus/S  1	1	21525434	21525442	98	1	40	pips_40_500-8000.hdf5	both	none
2153.6101	1	Stimulus/S  1	1	21536101	21536109	98	2	60	pips_40_500-8000.hdf5	both	none
2154.6768	1	Stimulus/S  1	1	21546768	21546776	98	3	70	pips_40_500-8000.hdf5	both	none
2155.7435	1	Stimulus/S  1	1	21557435	21557443	98	4	50	pips_40_500-8000.hdf5	both	none
2156.8101	1	Stimulus/S  1	1	21568101	21568109	98	5	30	pips_40_500-8000.hdf5	both	none
2157.8662	1	Stimulus/S  1	1	21578662	21578670	99	0	20	pips_40_500-8000.hdf5	both	none
2158.9328	1	Stimulus/S  1	1	21589328	21589336	99	1	40	pips_40_500-8000.hdf5	both	none
2159.9782	1	Stimulus/S  1	1	21599782	21599790	99	2	60	pips_40_500-8000.hdf5	both	none
2161.0449	1	Stimulus/S  1	1	21610449	21610457	99	3	70	pips_40_500-8000.hdf5	both	none
2162.1009	1	Stimulus/S  1	1	21621009	21621017	99	4	50	pips_40_500-8000.hdf5	both	none
2163.1462	1	Stimulus/S  1	1	21631462	21631470	99	5	30	pips_40_500-8000.hdf5	both	none
2164.2022	1	Stimulus/S  1	1	21642022	21642030	100	0	20	pips_40_500-8000.hdf5	both	none
2165.2476	1	Stimulus/S  1	1	21652476	21652484	100	1	40	pips_40_500-8000.hdf5	both	none
2166.2929	1	Stimulus/S  1	1	21662929	21662937	100	2	60	pips_40_500-8000.hdf5	both	none
2167.3703	1	Stimulus/S  1	1	21673703	21673711	100	3	70	pips_40_500-8000.hdf5	both	none
2168.4156	1	Stimulus/S  1	1	21684156	21684164	100	4	50	pips_40_500-8000.hdf5	both	none
2169.4823	1	Stimulus/S  1	1	21694823	21694831	100	5	30	pips_40_500-8000.hdf5	both	none
2170.5276	1	Stimulus/S  1	1	21705276	21705284	101	0	20	pips_40_500-8000.hdf5	both	none
2171.5943	1	Stimulus/S  1	1	21715943	21715951	101	1	40	pips_40_500-8000.hdf5	both	none
2172.661	1	Stimulus/S  1	1	21726610	21726618	101	2	60	pips_40_500-8000.hdf5	both	none
2173.7276	1	Stimulus/S  1	1	21737276	21737284	101	3	70	pips_40_500-8000.hdf5	both	none
2174.7943	1	Stimulus/S  1	1	21747943	21747951	101	4	50	pips_40_500-8000.hdf5	both	none
2175.861	1	Stimulus/S  1	1	21758610	21758618	101	5	30	pips_40_500-8000.hdf5	both	none
2176.9277	1	Stimulus/S  1	1	21769277	21769285	102	0	20	pips_40_500-8000.hdf5	both	none
2177.9837	1	Stimulus/S  1	1	21779837	21779845	102	1	40	pips_40_500-8000.hdf5	both	none
2179.029	1	Stimulus/S  1	1	21790290	21790298	102	2	60	pips_40_500-8000.hdf5	both	none
2180.085	1	Stimulus/S  1	1	21800850	21800858	102	3	70	pips_40_500-8000.hdf5	both	none
2181.1304	1	Stimulus/S  1	1	21811304	21811312	102	4	50	pips_40_500-8000.hdf5	both	none
2182.1864	1	Stimulus/S  1	1	21821864	21821872	102	5	30	pips_40_500-8000.hdf5	both	none
2183.2317	1	Stimulus/S  1	1	21832317	21832325	103	0	20	pips_40_500-8000.hdf5	both	none
2184.2771	1	Stimulus/S  1	1	21842771	21842779	103	1	40	pips_40_500-8000.hdf5	both	none
2185.3331	1	Stimulus/S  1	1	21853331	21853339	103	2	60	pips_40_500-8000.hdf5	both	none
2186.3998	1	Stimulus/S  1	1	21863998	21864006	103	3	70	pips_40_500-8000.hdf5	both	none
2187.4451	1	Stimulus/S  1	1	21874451	21874459	103	4	50	pips_40_500-8000.hdf5	both	none
2188.5118	1	Stimulus/S  1	1	21885118	21885126	103	5	30	pips_40_500-8000.hdf5	both	none
2189.5785	1	Stimulus/S  1	1	21895785	21895793	104	0	20	pips_40_500-8000.hdf5	both	none
2190.6451	1	Stimulus/S  1	1	21906451	21906459	104	1	40	pips_40_500-8000.hdf5	both	none
2191.7118	1	Stimulus/S  1	1	21917118	21917126	104	2	60	pips_40_500-8000.hdf5	both	none
2192.7785	1	Stimulus/S  1	1	21927785	21927793	104	3	70	pips_40_500-8000.hdf5	both	none
2193.8452	1	Stimulus/S  1	1	21938452	21938460	104	4	50	pips_40_500-8000.hdf5	both	none
2194.9012	1	Stimulus/S  1	1	21949012	21949020	104	5	30	pips_40_500-8000.hdf5	both	none
2195.9679	1	Stimulus/S  1	1	21959679	21959687	105	0	20	pips_40_500-8000.hdf5	both	none
2197.0132	1	Stimulus/S  1	1	21970132	21970140	105	1	40	pips_40_500-8000.hdf5	both	none
2198.0799	1	Stimulus/S  1	1	21980799	21980807	105	2	60	pips_40_500-8000.hdf5	both	none
2199.1359	1	Stimulus/S  1	1	21991359	21991367	105	3	70	pips_40_500-8000.hdf5	both	none
2200.1812	1	Stimulus/S  1	1	22001812	22001820	105	4	50	pips_40_500-8000.hdf5	both	none
2201.2373	1	Stimulus/S  1	1	22012373	22012381	105	5	30	pips_40_500-8000.hdf5	both	none
2202.2826	1	Stimulus/S  1	1	22022826	22022834	106	0	20	pips_40_500-8000.hdf5	both	none
2203.3279	1	Stimulus/S  1	1	22033279	22033287	106	1	40	pips_40_500-8000.hdf5	both	none
2204.3946	1	Stimulus/S  1	1	22043946	22043954	106	2	60	pips_40_500-8000.hdf5	both	none
2205.4506	1	Stimulus/S  1	1	22054506	22054514	106	3	70	pips_40_500-8000.hdf5	both	none
2206.5173	1	Stimulus/S  1	1	22065173	22065181	106	4	50	pips_40_500-8000.hdf5	both	none
2207.5627	1	Stimulus/S  1	1	22075627	22075635	106	5	30	pips_40_500-8000.hdf5	both	none
2208.6293	1	Stimulus/S  1	1	22086293	22086301	107	0	20	pips_40_500-8000.hdf5	both	none
2209.696	1	Stimulus/S  1	1	22096960	22096968	107	1	40	pips_40_500-8000.hdf5	both	none
2210.7627	1	Stimulus/S  1	1	22107627	22107635	107	2	60	pips_40_500-8000.hdf5	both	none
2211.8294	1	Stimulus/S  1	1	22118294	22118302	107	3	70	pips_40_500-8000.hdf5	both	none
2212.896	1	Stimulus/S  1	1	22128960	22128968	107	4	50	pips_40_500-8000.hdf5	both	none
2213.9627	1	Stimulus/S  1	1	22139627	22139635	107	5	30	pips_40_500-8000.hdf5	both	none
2215.0187	1	Stimulus/S  1	1	22150187	22150195	108	0	20	pips_40_500-8000.hdf5	both	none
2216.0854	1	Stimulus/S  1	1	22160854	22160862	108	1	40	pips_40_500-8000.hdf5	both	none
2217.1307	1	Stimulus/S  1	1	22171307	22171315	108	2	60	pips_40_500-8000.hdf5	both	none
2218.1868	1	Stimulus/S  1	1	22181868	22181876	108	3	70	pips_40_500-8000.hdf5	both	none
2219.2321	1	Stimulus/S  1	1	22192321	22192329	108	4	50	pips_40_500-8000.hdf5	both	none
2220.2774	1	Stimulus/S  1	1	22202774	22202782	108	5	30	pips_40_500-8000.hdf5	both	none
2221.3335	1	Stimulus/S  1	1	22213335	22213343	109	0	20	pips_40_500-8000.hdf5	both	none
2222.3788	1	Stimulus/S  1	1	22223788	22223796	109	1	40	pips_40_500-8000.hdf5	both	none
2223.4348	1	Stimulus/S  1	1	22234348	22234356	109	2	60	pips_40_500-8000.hdf5	both	none
2224.4802	1	Stimulus/S  1	1	22244802	22244810	109	3	70	pips_40_500-8000.hdf5	both	none
2225.5362	1	Stimulus/S  1	1	22255362	22255370	109	4	50	pips_40_500-8000.hdf5	both	none
2226.5815	1	Stimulus/S  1	1	22265815	22265823	109	5	30	pips_40_500-8000.hdf5	both	none
2227.6482	1	Stimulus/S  1	1	22276482	22276490	110	0	20	pips_40_500-8000.hdf5	both	none
2228.7149	1	Stimulus/S  1	1	22287149	22287157	110	1	40	pips_40_500-8000.hdf5	both	none
2229.7815	1	Stimulus/S  1	1	22297815	22297823	110	2	60	pips_40_500-8000.hdf5	both	none
2230.8482	1	Stimulus/S  1	1	22308482	22308490	110	3	70	pips_40_500-8000.hdf5	both	none
2231.9149	1	Stimulus/S  1	1	22319149	22319157	110	4	50	pips_40_500-8000.hdf5	both	none
2232.9816	1	Stimulus/S  1	1	22329816	22329824	110	5	30	pips_40_500-8000.hdf5	both	none
2234.0482	1	Stimulus/S  1	1	22340482	22340490	111	0	20	pips_40_500-8000.hdf5	both	none
2235.1149	1	Stimulus/S  1	1	22351149	22351157	111	1	40	pips_40_500-8000.hdf5	both	none
2236.1816	1	Stimulus/S  1	1	22361816	22361824	111	2	60	pips_40_500-8000.hdf5	both	none
2237.2376	1	Stimulus/S  1	1	22372376	22372384	111	3	70	pips_40_500-8000.hdf5	both	none
2238.3043	1	Stimulus/S  1	1	22383043	22383051	111	4	50	pips_40_500-8000.hdf5	both	none
2239.3496	1	Stimulus/S  1	1	22393496	22393504	111	5	30	pips_40_500-8000.hdf5	both	none
2240.395	1	Stimulus/S  1	1	22403950	22403958	112	0	20	pips_40_500-8000.hdf5	both	none
2241.451	1	Stimulus/S  1	1	22414510	22414518	112	1	40	pips_40_500-8000.hdf5	both	none
2242.4963	1	Stimulus/S  1	1	22424963	22424971	112	2	60	pips_40_500-8000.hdf5	both	none
2243.5523	1	Stimulus/S  1	1	22435523	22435531	112	3	70	pips_40_500-8000.hdf5	both	none
2244.5977	1	Stimulus/S  1	1	22445977	22445985	112	4	50	pips_40_500-8000.hdf5	both	none
2245.6537	1	Stimulus/S  1	1	22456537	22456545	112	5	30	pips_40_500-8000.hdf5	both	none
2246.699	1	Stimulus/S  1	1	22466990	22466998	113	0	20	pips_40_500-8000.hdf5	both	none
2247.7444	1	Stimulus/S  1	1	22477444	22477452	113	1	40	pips_40_500-8000.hdf5	both	none
2248.8004	1	Stimulus/S  1	1	22488004	22488012	113	2	60	pips_40_500-8000.hdf5	both	none
2249.8671	1	Stimulus/S  1	1	22498671	22498679	113	3	70	pips_40_500-8000.hdf5	both	none
2250.9337	1	Stimulus/S  1	1	22509337	22509345	113	4	50	pips_40_500-8000.hdf5	both	none
2252.0004	1	Stimulus/S  1	1	22520004	22520012	113	5	30	pips_40_500-8000.hdf5	both	none
2253.0671	1	Stimulus/S  1	1	22530671	22530679	114	0	20	pips_40_500-8000.hdf5	both	none
2254.1338	1	Stimulus/S  1	1	22541338	22541346	114	1	40	pips_40_500-8000.hdf5	both	none
2255.2005	1	Stimulus/S  1	1	22552005	22552013	114	2	60	pips_40_500-8000.hdf5	both	none
2256.2458	1	Stimulus/S  1	1	22562458	22562466	114	3	70	pips_40_500-8000.hdf5	both	none
2257.3125	1	Stimulus/S  1	1	22573125	22573133	114	4	50	pips_40_500-8000.hdf5	both	none
2258.3685	1	Stimulus/S  1	1	22583685	22583693	114	5	30	pips_40_500-8000.hdf5	both	none
2259.4352	1	Stimulus/S  1	1	22594352	22594360	115	0	20	pips_40_500-8000.hdf5	both	none
2260.4805	1	Stimulus/S  1	1	22604805	22604813	115	1	40	pips_40_500-8000.hdf5	both	none
2261.5365	1	Stimulus/S  1	1	22615365	22615373	115	2	60	pips_40_500-8000.hdf5	both	none
2262.5819	1	Stimulus/S  1	1	22625819	22625827	115	3	70	pips_40_500-8000.hdf5	both	none
2263.6379	1	Stimulus/S  1	1	22636379	22636387	115	4	50	pips_40_500-8000.hdf5	both	none
2264.6832	1	Stimulus/S  1	1	22646832	22646840	115	5	30	pips_40_500-8000.hdf5	both	none
2265.7499	1	Stimulus/S  1	1	22657499	22657507	116	0	20	pips_40_500-8000.hdf5	both	none
2266.7952	1	Stimulus/S  1	1	22667952	22667960	116	1	40	pips_40_500-8000.hdf5	both	none
2267.8619	1	Stimulus/S  1	1	22678619	22678627	116	2	60	pips_40_500-8000.hdf5	both	none
2268.9179	1	Stimulus/S  1	1	22689179	22689187	116	3	70	pips_40_500-8000.hdf5	both	none
2269.9846	1	Stimulus/S  1	1	22699846	22699854	116	4	50	pips_40_500-8000.hdf5	both	none
2271.0513	1	Stimulus/S  1	1	22710513	22710521	116	5	30	pips_40_500-8000.hdf5	both	none
2272.118	1	Stimulus/S  1	1	22721180	22721188	117	0	20	pips_40_500-8000.hdf5	both	none
2273.1846	1	Stimulus/S  1	1	22731846	22731854	117	1	40	pips_40_500-8000.hdf5	both	none
2274.2513	1	Stimulus/S  1	1	22742513	22742521	117	2	60	pips_40_500-8000.hdf5	both	none
2275.318	1	Stimulus/S  1	1	22753180	22753188	117	3	70	pips_40_500-8000.hdf5	both	none
2276.3633	1	Stimulus/S  1	1	22763633	22763641	117	4	50	pips_40_500-8000.hdf5	both	none
2277.43	1	Stimulus/S  1	1	22774300	22774308	117	5	30	pips_40_500-8000.hdf5	both	none
2278.486	1	Stimulus/S  1	1	22784860	22784868	118	0	20	pips_40_500-8000.hdf5	both	none
2279.5527	1	Stimulus/S  1	1	22795527	22795535	118	1	40	pips_40_500-8000.hdf5	both	none
2280.598	1	Stimulus/S  1	1	22805980	22805988	118	2	60	pips_40_500-8000.hdf5	both	none
2281.654	1	Stimulus/S  1	1	22816540	22816548	118	3	70	pips_40_500-8000.hdf5	both	none
2282.6994	1	Stimulus/S  1	1	22826994	22827002	118	4	50	pips_40_500-8000.hdf5	both	none
2283.7447	1	Stimulus/S  1	1	22837447	22837455	118	5	30	pips_40_500-8000.hdf5	both	none
2284.8007	1	Stimulus/S  1	1	22848007	22848015	119	0	20	pips_40_500-8000.hdf5	both	none
2285.8674	1	Stimulus/S  1	1	22858674	22858682	119	1	40	pips_40_500-8000.hdf5	both	none
2286.9128	1	Stimulus/S  1	1	22869128	22869136	119	2	60	pips_40_500-8000.hdf5	both	none
2287.9794	1	Stimulus/S  1	1	22879794	22879802	119	3	70	pips_40_500-8000.hdf5	both	none
2289.0355	1	Stimulus/S  1	1	22890355	22890363	119	4	50	pips_40_500-8000.hdf5	both	none
2290.1021	1	Stimulus/S  1	1	22901021	22901029	119	5	30	pips_40_500-8000.hdf5	both	none
2291.1688	1	Stimulus/S  1	1	22911688	22911696	0	0	20	pips_40_500-8000.hdf5	both	none
2292.2355	1	Stimulus/S  1	1	22922355	22922363	0	1	40	pips_40_500-8000.hdf5	both	none
2293.3022	1	Stimulus/S  1	1	22933022	22933030	0	2	60	pips_40_500-8000.hdf5	both	none
2294.3688	1	Stimulus/S  1	1	22943688	22943696	0	3	70	pips_40_500-8000.hdf5	both	none
2295.4355	1	Stimulus/S  1	1	22954355	22954363	0	4	50	pips_40_500-8000.hdf5	both	none
2296.4809	1	Stimulus/S  1	1	22964809	22964817	0	5	30	pips_40_500-8000.hdf5	both	none
2297.5475	1	Stimulus/S  1	1	22975475	22975483	1	0	20	pips_40_500-8000.hdf5	both	none
2298.6035	1	Stimulus/S  1	1	22986035	22986043	1	1	40	pips_40_500-8000.hdf5	both	none
2299.6702	1	Stimulus/S  1	1	22996702	22996710	1	2	60	pips_40_500-8000.hdf5	both	none
2300.7156	1	Stimulus/S  1	1	23007156	23007164	1	3	70	pips_40_500-8000.hdf5	both	none
2301.7716	1	Stimulus/S  1	1	23017716	23017724	1	4	50	pips_40_500-8000.hdf5	both	none
2302.8169	1	Stimulus/S  1	1	23028169	23028177	1	5	30	pips_40_500-8000.hdf5	both	none
2303.8623	1	Stimulus/S  1	1	23038623	23038631	2	0	20	pips_40_500-8000.hdf5	both	none
2304.9183	1	Stimulus/S  1	1	23049183	23049191	2	1	40	pips_40_500-8000.hdf5	both	none
2305.985	1	Stimulus/S  1	1	23059850	23059858	2	2	60	pips_40_500-8000.hdf5	both	none
2307.0303	1	Stimulus/S  1	1	23070303	23070311	2	3	70	pips_40_500-8000.hdf5	both	none
2308.097	1	Stimulus/S  1	1	23080970	23080978	2	4	50	pips_40_500-8000.hdf5	both	none
2309.153	1	Stimulus/S  1	1	23091530	23091538	2	5	30	pips_40_500-8000.hdf5	both	none
2310.2197	1	Stimulus/S  1	1	23102197	23102205	3	0	20	pips_40_500-8000.hdf5	both	none
2311.2863	1	Stimulus/S  1	1	23112863	23112871	3	1	40	pips_40_500-8000.hdf5	both	none
2312.353	1	Stimulus/S  1	1	23123530	23123538	3	2	60	pips_40_500-8000.hdf5	both	none
2313.4197	1	Stimulus/S  1	1	23134197	23134205	3	3	70	pips_40_500-8000.hdf5	both	none
2314.4864	1	Stimulus/S  1	1	23144864	23144872	3	4	50	pips_40_500-8000.hdf5	both	none
2315.5531	1	Stimulus/S  1	1	23155531	23155539	3	5	30	pips_40_500-8000.hdf5	both	none
2316.5984	1	Stimulus/S  1	1	23165984	23165992	4	0	20	pips_40_500-8000.hdf5	both	none
2317.6651	1	Stimulus/S  1	1	23176651	23176659	4	1	40	pips_40_500-8000.hdf5	both	none
2318.7211	1	Stimulus/S  1	1	23187211	23187219	4	2	60	pips_40_500-8000.hdf5	both	none
2319.7878	1	Stimulus/S  1	1	23197878	23197886	4	3	70	pips_40_500-8000.hdf5	both	none
2320.8331	1	Stimulus/S  1	1	23208331	23208339	4	4	50	pips_40_500-8000.hdf5	both	none
2321.8891	1	Stimulus/S  1	1	23218891	23218899	4	5	30	pips_40_500-8000.hdf5	both	none
2322.9345	1	Stimulus/S  1	1	23229345	23229353	5	0	20	pips_40_500-8000.hdf5	both	none
2324.0011	1	Stimulus/S  1	1	23240011	23240019	5	1	40	pips_40_500-8000.hdf5	both	none
2325.0465	1	Stimulus/S  1	1	23250465	23250473	5	2	60	pips_40_500-8000.hdf5	both	none
2326.1132	1	Stimulus/S  1	1	23261132	23261140	5	3	70	pips_40_500-8000.hdf5	both	none
2327.1798	1	Stimulus/S  1	1	23271798	23271806	5	4	50	pips_40_500-8000.hdf5	both	none
2328.2465	1	Stimulus/S  1	1	23282465	23282473	5	5	30	pips_40_500-8000.hdf5	both	none
2329.3132	1	Stimulus/S  1	1	23293132	23293140	6	0	20	pips_40_500-8000.hdf5	both	none
2330.3799	1	Stimulus/S  1	1	23303799	23303807	6	1	40	pips_40_500-8000.hdf5	both	none
2331.4465	1	Stimulus/S  1	1	23314465	23314473	6	2	60	pips_40_500-8000.hdf5	both	none
2332.5026	1	Stimulus/S  1	1	23325026	23325034	6	3	70	pips_40_500-8000.hdf5	both	none
2333.5692	1	Stimulus/S  1	1	23335692	23335700	6	4	50	pips_40_500-8000.hdf5	both	none
2334.6146	1	Stimulus/S  1	1	23346146	23346154	6	5	30	pips_40_500-8000.hdf5	both	none
2335.6706	1	Stimulus/S  1	1	23356706	23356714	7	0	20	pips_40_500-8000.hdf5	both	none
2336.7159	1	Stimulus/S  1	1	23367159	23367167	7	1	40	pips_40_500-8000.hdf5	both	none
2337.7719	1	Stimulus/S  1	1	23377719	23377727	7	2	60	pips_40_500-8000.hdf5	both	none
2338.8173	1	Stimulus/S  1	1	23388173	23388181	7	3	70	pips_40_500-8000.hdf5	both	none
2339.8626	1	Stimulus/S  1	1	23398626	23398634	7	4	50	pips_40_500-8000.hdf5	both	none
2340.9186	1	Stimulus/S  1	1	23409186	23409194	7	5	30	pips_40_500-8000.hdf5	both	none
2341.9853	1	Stimulus/S  1	1	23419853	23419861	8	0	20	pips_40_500-8000.hdf5	both	none
2343.052	1	Stimulus/S  1	1	23430520	23430528	8	1	40	pips_40_500-8000.hdf5	both	none
2344.0973	1	Stimulus/S  1	1	23440973	23440981	8	2	60	pips_40_500-8000.hdf5	both	none
2345.164	1	Stimulus/S  1	1	23451640	23451648	8	3	70	pips_40_500-8000.hdf5	both	none
2346.22	1	Stimulus/S  1	1	23462200	23462208	8	4	50	pips_40_500-8000.hdf5	both	none
2347.2654	1	Stimulus/S  1	1	23472654	23472662	8	5	30	pips_40_500-8000.hdf5	both	none
2348.3214	1	Stimulus/S  1	1	23483214	23483222	9	0	20	pips_40_500-8000.hdf5	both	none
2349.3667	1	Stimulus/S  1	1	23493667	23493675	9	1	40	pips_40_500-8000.hdf5	both	none
2350.4227	1	Stimulus/S  1	1	23504227	23504235	9	2	60	pips_40_500-8000.hdf5	both	none
2351.4681	1	Stimulus/S  1	1	23514681	23514689	9	3	70	pips_40_500-8000.hdf5	both	none
2352.5134	1	Stimulus/S  1	1	23525134	23525142	9	4	50	pips_40_500-8000.hdf5	both	none
2353.5694	1	Stimulus/S  1	1	23535694	23535702	9	5	30	pips_40_500-8000.hdf5	both	none
2354.6361	1	Stimulus/S  1	1	23546361	23546369	10	0	20	pips_40_500-8000.hdf5	both	none
2355.6814	1	Stimulus/S  1	1	23556814	23556822	10	1	40	pips_40_500-8000.hdf5	both	none
2356.7481	1	Stimulus/S  1	1	23567481	23567489	10	2	60	pips_40_500-8000.hdf5	both	none
2357.8041	1	Stimulus/S  1	1	23578041	23578049	10	3	70	pips_40_500-8000.hdf5	both	none
2358.8708	1	Stimulus/S  1	1	23588708	23588716	10	4	50	pips_40_500-8000.hdf5	both	none
2359.9162	1	Stimulus/S  1	1	23599162	23599170	10	5	30	pips_40_500-8000.hdf5	both	none
2360.9722	1	Stimulus/S  1	1	23609722	23609730	11	0	20	pips_40_500-8000.hdf5	both	none
2362.0175	1	Stimulus/S  1	1	23620175	23620183	11	1	40	pips_40_500-8000.hdf5	both	none
2363.0735	1	Stimulus/S  1	1	23630735	23630743	11	2	60	pips_40_500-8000.hdf5	both	none
2364.1189	1	Stimulus/S  1	1	23641189	23641197	11	3	70	pips_40_500-8000.hdf5	both	none
2365.1855	1	Stimulus/S  1	1	23651855	23651863	11	4	50	pips_40_500-8000.hdf5	both	none
2366.2309	1	Stimulus/S  1	1	23662309	23662317	11	5	30	pips_40_500-8000.hdf5	both	none
2367.2976	1	Stimulus/S  1	1	23672976	23672984	12	0	20	pips_40_500-8000.hdf5	both	none
2368.3536	1	Stimulus/S  1	1	23683536	23683544	12	1	40	pips_40_500-8000.hdf5	both	none
2369.4202	1	Stimulus/S  1	1	23694202	23694210	12	2	60	pips_40_500-8000.hdf5	both	none
2370.4869	1	Stimulus/S  1	1	23704869	23704877	12	3	70	pips_40_500-8000.hdf5	both	none
2371.5536	1	Stimulus/S  1	1	23715536	23715544	12	4	50	pips_40_500-8000.hdf5	both	none
2372.6203	1	Stimulus/S  1	1	23726203	23726211	12	5	30	pips_40_500-8000.hdf5	both	none
2373.687	1	Stimulus/S  1	1	23736870	23736878	13	0	20	pips_40_500-8000.hdf5	both	none
2374.7536	1	Stimulus/S  1	1	23747536	23747544	13	1	40	pips_40_500-8000.hdf5	both	none
2375.799	1	Stimulus/S  1	1	23757990	23757998	13	2	60	pips_40_500-8000.hdf5	both	none
2376.855	1	Stimulus/S  1	1	23768550	23768558	13	3	70	pips_40_500-8000.hdf5	both	none
2377.9003	1	Stimulus/S  1	1	23779003	23779011	13	4	50	pips_40_500-8000.hdf5	both	none
2378.9563	1	Stimulus/S  1	1	23789563	23789571	13	5	30	pips_40_500-8000.hdf5	both	none
2380.0017	1	Stimulus/S  1	1	23800017	23800025	14	0	20	pips_40_500-8000.hdf5	both	none
2381.047	1	Stimulus/S  1	1	23810470	23810478	14	1	40	pips_40_500-8000.hdf5	both	none
2382.103	1	Stimulus/S  1	1	23821030	23821038	14	2	60	pips_40_500-8000.hdf5	both	none
2383.1484	1	Stimulus/S  1	1	23831484	23831492	14	3	70	pips_40_500-8000.hdf5	both	none
2384.2151	1	Stimulus/S  1	1	23842151	23842159	14	4	50	pips_40_500-8000.hdf5	both	none
2385.2711	1	Stimulus/S  1	1	23852711	23852719	14	5	30	pips_40_500-8000.hdf5	both	none
2386.3377	1	Stimulus/S  1	1	23863377	23863385	15	0	20	pips_40_500-8000.hdf5	both	none
2387.4044	1	Stimulus/S  1	1	23874044	23874052	15	1	40	pips_40_500-8000.hdf5	both	none
2388.4711	1	Stimulus/S  1	1	23884711	23884719	15	2	60	pips_40_500-8000.hdf5	both	none
2389.5378	1	Stimulus/S  1	1	23895378	23895386	15	3	70	pips_40_500-8000.hdf5	both	none
2390.6045	1	Stimulus/S  1	1	23906045	23906053	15	4	50	pips_40_500-8000.hdf5	both	none
2391.6711	1	Stimulus/S  1	1	23916711	23916719	15	5	30	pips_40_500-8000.hdf5	both	none
2392.7165	1	Stimulus/S  1	1	23927165	23927173	16	0	20	pips_40_500-8000.hdf5	both	none
2393.7832	1	Stimulus/S  1	1	23937832	23937840	16	1	40	pips_40_500-8000.hdf5	both	none
2394.8498	1	Stimulus/S  1	1	23948498	23948506	16	2	60	pips_40_500-8000.hdf5	both	none
2395.9058	1	Stimulus/S  1	1	23959058	23959066	16	3	70	pips_40_500-8000.hdf5	both	none
2396.9512	1	Stimulus/S  1	1	23969512	23969520	16	4	50	pips_40_500-8000.hdf5	both	none
2398.0072	1	Stimulus/S  1	1	23980072	23980080	16	5	30	pips_40_500-8000.hdf5	both	none
2399.0525	1	Stimulus/S  1	1	23990525	23990533	17	0	20	pips_40_500-8000.hdf5	both	none
2400.0979	1	Stimulus/S  1	1	24000979	24000987	17	1	40	pips_40_500-8000.hdf5	both	none
2401.1539	1	Stimulus/S  1	1	24011539	24011547	17	2	60	pips_40_500-8000.hdf5	both	none
2402.2206	1	Stimulus/S  1	1	24022206	24022214	17	3	70	pips_40_500-8000.hdf5	both	none
2403.2659	1	Stimulus/S  1	1	24032659	24032667	17	4	50	pips_40_500-8000.hdf5	both	none
2404.3326	1	Stimulus/S  1	1	24043326	24043334	17	5	30	pips_40_500-8000.hdf5	both	none
2405.3886	1	Stimulus/S  1	1	24053886	24053894	18	0	20	pips_40_500-8000.hdf5	both	none
2406.4553	1	Stimulus/S  1	1	24064553	24064561	18	1	40	pips_40_500-8000.hdf5	both	none
2407.522	1	Stimulus/S  1	1	24075220	24075228	18	2	60	pips_40_500-8000.hdf5	both	none
2408.5886	1	Stimulus/S  1	1	24085886	24085894	18	3	70	pips_40_500-8000.hdf5	both	none
2409.6553	1	Stimulus/S  1	1	24096553	24096561	18	4	50	pips_40_500-8000.hdf5	both	none
2410.722	1	Stimulus/S  1	1	24107220	24107228	18	5	30	pips_40_500-8000.hdf5	both	none
2411.7887	1	Stimulus/S  1	1	24117887	24117895	19	0	20	pips_40_500-8000.hdf5	both	none
2412.834	1	Stimulus/S  1	1	24128340	24128348	19	1	40	pips_40_500-8000.hdf5	both	none
2413.9007	1	Stimulus/S  1	1	24139007	24139015	19	2	60	pips_40_500-8000.hdf5	both	none
2414.9567	1	Stimulus/S  1	1	24149567	24149575	19	3	70	pips_40_500-8000.hdf5	both	none
2416.0234	1	Stimulus/S  1	1	24160234	24160242	19	4	50	pips_40_500-8000.hdf5	both	none
2417.0687	1	Stimulus/S  1	1	24170687	24170695	19	5	30	pips_40_500-8000.hdf5	both	none
2418.1141	1	Stimulus/S  1	1	24181141	24181149	20	0	20	pips_40_500-8000.hdf5	both	none
2419.1701	1	Stimulus/S  1	1	24191701	24191709	20	1	40	pips_40_500-8000.hdf5	both	none
2420.2154	1	Stimulus/S  1	1	24202154	24202162	20	2	60	pips_40_500-8000.hdf5	both	none
2421.2714	1	Stimulus/S  1	1	24212714	24212722	20	3	70	pips_40_500-8000.hdf5	both	none
2422.3381	1	Stimulus/S  1	1	24223381	24223389	20	4	50	pips_40_500-8000.hdf5	both	none
2423.3834	1	Stimulus/S  1	1	24233834	24233842	20	5	30	pips_40_500-8000.hdf5	both	none
2424.4501	1	Stimulus/S  1	1	24244501	24244509	21	0	20	pips_40_500-8000.hdf5	both	none
2425.5061	1	Stimulus/S  1	1	24255061	24255069	21	1	40	pips_40_500-8000.hdf5	both	none
2426.5728	1	Stimulus/S  1	1	24265728	24265736	21	2	60	pips_40_500-8000.hdf5	both	none
2427.6395	1	Stimulus/S  1	1	24276395	24276403	21	3	70	pips_40_500-8000.hdf5	both	none
2428.7062	1	Stimulus/S  1	1	24287062	24287070	21	4	50	pips_40_500-8000.hdf5	both	none
2429.7728	1	Stimulus/S  1	1	24297728	24297736	21	5	30	pips_40_500-8000.hdf5	both	none
2430.8395	1	Stimulus/S  1	1	24308395	24308403	22	0	20	pips_40_500-8000.hdf5	both	none
2431.9062	1	Stimulus/S  1	1	24319062	24319070	22	1	40	pips_40_500-8000.hdf5	both	none
2432.9515	1	Stimulus/S  1	1	24329515	24329523	22	2	60	pips_40_500-8000.hdf5	both	none
2434.0182	1	Stimulus/S  1	1	24340182	24340190	22	3	70	pips_40_500-8000.hdf5	both	none
2435.0742	1	Stimulus/S  1	1	24350742	24350750	22	4	50	pips_40_500-8000.hdf5	both	none
2436.1409	1	Stimulus/S  1	1	24361409	24361417	22	5	30	pips_40_500-8000.hdf5	both	none
2437.1863	1	Stimulus/S  1	1	24371863	24371871	23	0	20	pips_40_500-8000.hdf5	both	none
2438.2316	1	Stimulus/S  1	1	24382316	24382324	23	1	40	pips_40_500-8000.hdf5	both	none
2439.2876	1	Stimulus/S  1	1	24392876	24392884	23	2	60	pips_40_500-8000.hdf5	both	none
2440.3329	1	Stimulus/S  1	1	24403329	24403337	23	3	70	pips_40_500-8000.hdf5	both	none
2441.389	1	Stimulus/S  1	1	24413890	24413898	23	4	50	pips_40_500-8000.hdf5	both	none
2442.4556	1	Stimulus/S  1	1	24424556	24424564	23	5	30	pips_40_500-8000.hdf5	both	none
2443.501	1	Stimulus/S  1	1	24435010	24435018	24	0	20	pips_40_500-8000.hdf5	both	none
2444.5677	1	Stimulus/S  1	1	24445677	24445685	24	1	40	pips_40_500-8000.hdf5	both	none
2445.6237	1	Stimulus/S  1	1	24456237	24456245	24	2	60	pips_40_500-8000.hdf5	both	none
2446.6903	1	Stimulus/S  1	1	24466903	24466911	24	3	70	pips_40_500-8000.hdf5	both	none
2447.757	1	Stimulus/S  1	1	24477570	24477578	24	4	50	pips_40_500-8000.hdf5	both	none
2448.8237	1	Stimulus/S  1	1	24488237	24488245	24	5	30	pips_40_500-8000.hdf5	both	none
2449.8904	1	Stimulus/S  1	1	24498904	24498912	25	0	20	pips_40_500-8000.hdf5	both	none
2450.9571	1	Stimulus/S  1	1	24509571	24509579	25	1	40	pips_40_500-8000.hdf5	both	none
2452.0237	1	Stimulus/S  1	1	24520237	24520245	25	2	60	pips_40_500-8000.hdf5	both	none
2453.0691	1	Stimulus/S  1	1	24530691	24530699	25	3	70	pips_40_500-8000.hdf5	both	none
2454.1358	1	Stimulus/S  1	1	24541358	24541366	25	4	50	pips_40_500-8000.hdf5	both	none
2455.1811	1	Stimulus/S  1	1	24551811	24551819	25	5	30	pips_40_500-8000.hdf5	both	none
2456.2584	1	Stimulus/S  1	1	24562584	24562592	26	0	20	pips_40_500-8000.hdf5	both	none
2457.3038	1	Stimulus/S  1	1	24573038	24573046	26	1	40	pips_40_500-8000.hdf5	both	none
2458.3491	1	Stimulus/S  1	1	24583491	24583499	26	2	60	pips_40_500-8000.hdf5	both	none
2459.4051	1	Stimulus/S  1	1	24594051	24594059	26	3	70	pips_40_500-8000.hdf5	both	none
2460.4505	1	Stimulus/S  1	1	24604505	24604513	26	4	50	pips_40_500-8000.hdf5	both	none
2461.5065	1	Stimulus/S  1	1	24615065	24615073	26	5	30	pips_40_500-8000.hdf5	both	none
2462.5732	1	Stimulus/S  1	1	24625732	24625740	27	0	20	pips_40_500-8000.hdf5	both	none
2463.6185	1	Stimulus/S  1	1	24636185	24636193	27	1	40	pips_40_500-8000.hdf5	both	none
2464.6852	1	Stimulus/S  1	1	24646852	24646860	27	2	60	pips_40_500-8000.hdf5	both	none
2465.7412	1	Stimulus/S  1	1	24657412	24657420	27	3	70	pips_40_500-8000.hdf5	both	none
2466.8079	1	Stimulus/S  1	1	24668079	24668087	27	4	50	pips_40_500-8000.hdf5	both	none
2467.8746	1	Stimulus/S  1	1	24678746	24678754	27	5	30	pips_40_500-8000.hdf5	both	none
2468.9412	1	Stimulus/S  1	1	24689412	24689420	28	0	20	pips_40_500-8000.hdf5	both	none
2470.0079	1	Stimulus/S  1	1	24700079	24700087	28	1	40	pips_40_500-8000.hdf5	both	none
2471.0746	1	Stimulus/S  1	1	24710746	24710754	28	2	60	pips_40_500-8000.hdf5	both	none
2472.1413	1	Stimulus/S  1	1	24721413	24721421	28	3	70	pips_40_500-8000.hdf5	both	none
2473.1866	1	Stimulus/S  1	1	24731866	24731874	28	4	50	pips_40_500-8000.hdf5	both	none
2474.2533	1	Stimulus/S  1	1	24742533	24742541	28	5	30	pips_40_500-8000.hdf5	both	none
2475.2986	1	Stimulus/S  1	1	24752986	24752994	29	0	20	pips_40_500-8000.hdf5	both	none
2476.3653	1	Stimulus/S  1	1	24763653	24763661	29	1	40	pips_40_500-8000.hdf5	both	none
2477.4213	1	Stimulus/S  1	1	24774213	24774221	29	2	60	pips_40_500-8000.hdf5	both	none
2478.4667	1	Stimulus/S  1	1	24784667	24784675	29	3	70	pips_40_500-8000.hdf5	both	none
2479.5227	1	Stimulus/S  1	1	24795227	24795235	29	4	50	pips_40_500-8000.hdf5	both	none
2480.568	1	Stimulus/S  1	1	24805680	24805688	29	5	30	pips_40_500-8000.hdf5	both	none
2481.624	1	Stimulus/S  1	1	24816240	24816248	30	0	20	pips_40_500-8000.hdf5	both	none
2482.6694	1	Stimulus/S  1	1	24826694	24826702	30	1	40	pips_40_500-8000.hdf5	both	none
2483.7254	1	Stimulus/S  1	1	24837254	24837262	30	2	60	pips_40_500-8000.hdf5	both	none
2484.7921	1	Stimulus/S  1	1	24847921	24847929	30	3	70	pips_40_500-8000.hdf5	both	none
2485.8374	1	Stimulus/S  1	1	24858374	24858382	30	4	50	pips_40_500-8000.hdf5	both	none
2486.9041	1	Stimulus/S  1	1	24869041	24869049	30	5	30	pips_40_500-8000.hdf5	both	none
2487.9494	1	Stimulus/S  1	1	24879494	24879502	31	0	20	pips_40_500-8000.hdf5	both	none
2489.0161	1	Stimulus/S  1	1	24890161	24890169	31	1	40	pips_40_500-8000.hdf5	both	none
2490.0828	1	Stimulus/S  1	1	24900828	24900836	31	2	60	pips_40_500-8000.hdf5	both	none
2491.1495	1	Stimulus/S  1	1	24911495	24911503	31	3	70	pips_40_500-8000.hdf5	both	none
2492.2055	1	Stimulus/S  1	1	24922055	24922063	31	4	50	pips_40_500-8000.hdf5	both	none
2493.2721	1	Stimulus/S  1	1	24932721	24932729	31	5	30	pips_40_500-8000.hdf5	both	none
2494.3175	1	Stimulus/S  1	1	24943175	24943183	32	0	20	pips_40_500-8000.hdf5	both	none
2495.3842	1	Stimulus/S  1	1	24953842	24953850	32	1	40	pips_40_500-8000.hdf5	both	none
2496.4402	1	Stimulus/S  1	1	24964402	24964410	32	2	60	pips_40_500-8000.hdf5	both	none
2497.4855	1	Stimulus/S  1	1	24974855	24974863	32	3	70	pips_40_500-8000.hdf5	both	none
2498.5415	1	Stimulus/S  1	1	24985415	24985423	32	4	50	pips_40_500-8000.hdf5	both	none
2499.5869	1	Stimulus/S  1	1	24995869	24995877	32	5	30	pips_40_500-8000.hdf5	both	none
2500.6429	1	Stimulus/S  1	1	25006429	25006437	33	0	20	pips_40_500-8000.hdf5	both	none
2501.6882	1	Stimulus/S  1	1	25016882	25016890	33	1	40	pips_40_500-8000.hdf5	both	none
2502.7336	1	Stimulus/S  1	1	25027336	25027344	33	2	60	pips_40_500-8000.hdf5	both	none
2503.8002	1	Stimulus/S  1	1	25038002	25038010	33	3	70	pips_40_500-8000.hdf5	both	none
2504.8563	1	Stimulus/S  1	1	25048563	25048571	33	4	50	pips_40_500-8000.hdf5	both	none
2505.9229	1	Stimulus/S  1	1	25059229	25059237	33	5	30	pips_40_500-8000.hdf5	both	none
2506.9683	1	Stimulus/S  1	1	25069683	25069691	34	0	20	pips_40_500-8000.hdf5	both	none
2508.035	1	Stimulus/S  1	1	25080350	25080358	34	1	40	pips_40_500-8000.hdf5	both	none
2509.1016	1	Stimulus/S  1	1	25091016	25091024	34	2	60	pips_40_500-8000.hdf5	both	none
2510.1683	1	Stimulus/S  1	1	25101683	25101691	34	3	70	pips_40_500-8000.hdf5	both	none
2511.235	1	Stimulus/S  1	1	25112350	25112358	34	4	50	pips_40_500-8000.hdf5	both	none
2512.3017	1	Stimulus/S  1	1	25123017	25123025	34	5	30	pips_40_500-8000.hdf5	both	none
2513.3683	1	Stimulus/S  1	1	25133683	25133691	35	0	20	pips_40_500-8000.hdf5	both	none
2514.4243	1	Stimulus/S  1	1	25144243	25144251	35	1	40	pips_40_500-8000.hdf5	both	none
2515.491	1	Stimulus/S  1	1	25154910	25154918	35	2	60	pips_40_500-8000.hdf5	both	none
2516.5364	1	Stimulus/S  1	1	25165364	25165372	35	3	70	pips_40_500-8000.hdf5	both	none
2517.603	1	Stimulus/S  1	1	25176030	25176038	35	4	50	pips_40_500-8000.hdf5	both	none
2518.6591	1	Stimulus/S  1	1	25186591	25186599	35	5	30	pips_40_500-8000.hdf5	both	none
2519.7044	1	Stimulus/S  1	1	25197044	25197052	36	0	20	pips_40_500-8000.hdf5	both	none
2520.7497	1	Stimulus/S  1	1	25207497	25207505	36	1	40	pips_40_500-8000.hdf5	both	none
2521.8058	1	Stimulus/S  1	1	25218058	25218066	36	2	60	pips_40_500-8000.hdf5	both	none
2522.8511	1	Stimulus/S  1	1	25228511	25228519	36	3	70	pips_40_500-8000.hdf5	both	none
2523.9071	1	Stimulus/S  1	1	25239071	25239079	36	4	50	pips_40_500-8000.hdf5	both	none
2524.9525	1	Stimulus/S  1	1	25249525	25249533	36	5	30	pips_40_500-8000.hdf5	both	none
2526.0191	1	Stimulus/S  1	1	25260191	25260199	37	0	20	pips_40_500-8000.hdf5	both	none
2527.0751	1	Stimulus/S  1	1	25270751	25270759	37	1	40	pips_40_500-8000.hdf5	both	none
2528.1418	1	Stimulus/S  1	1	25281418	25281426	37	2	60	pips_40_500-8000.hdf5	both	none
2529.1872	1	Stimulus/S  1	1	25291872	25291880	37	3	70	pips_40_500-8000.hdf5	both	none
2530.2538	1	Stimulus/S  1	1	25302538	25302546	37	4	50	pips_40_500-8000.hdf5	both	none
2531.3205	1	Stimulus/S  1	1	25313205	25313213	37	5	30	pips_40_500-8000.hdf5	both	none
2532.3872	1	Stimulus/S  1	1	25323872	25323880	38	0	20	pips_40_500-8000.hdf5	both	none
2533.4539	1	Stimulus/S  1	1	25334539	25334547	38	1	40	pips_40_500-8000.hdf5	both	none
2534.5205	1	Stimulus/S  1	1	25345205	25345213	38	2	60	pips_40_500-8000.hdf5	both	none
2535.5872	1	Stimulus/S  1	1	25355872	25355880	38	3	70	pips_40_500-8000.hdf5	both	none
2536.6326	1	Stimulus/S  1	1	25366326	25366334	38	4	50	pips_40_500-8000.hdf5	both	none
2537.7099	1	Stimulus/S  1	1	25377099	25377107	38	5	30	pips_40_500-8000.hdf5	both	none
2538.7553	1	Stimulus/S  1	1	25387553	25387561	39	0	20	pips_40_500-8000.hdf5	both	none
2539.8219	1	Stimulus/S  1	1	25398219	25398227	39	1	40	pips_40_500-8000.hdf5	both	none
2540.8673	1	Stimulus/S  1	1	25408673	25408681	39	2	60	pips_40_500-8000.hdf5	both	none
2541.9233	1	Stimulus/S  1	1	25419233	25419241	39	3	70	pips_40_500-8000.hdf5	both	none
2542.9686	1	Stimulus/S  1	1	25429686	25429694	39	4	50	pips_40_500-8000.hdf5	both	none
2544.0246	1	Stimulus/S  1	1	25440246	25440254	39	5	30	pips_40_500-8000.hdf5	both	none
2545.07	1	Stimulus/S  1	1	25450700	25450708	40	0	20	pips_40_500-8000.hdf5	both	none
2546.1367	1	Stimulus/S  1	1	25461367	25461375	40	1	40	pips_40_500-8000.hdf5	both	none
2547.1927	1	Stimulus/S  1	1	25471927	25471935	40	2	60	pips_40_500-8000.hdf5	both	none
2548.2593	1	Stimulus/S  1	1	25482593	25482601	40	3	70	pips_40_500-8000.hdf5	both	none
2549.3047	1	Stimulus/S  1	1	25493047	25493055	40	4	50	pips_40_500-8000.hdf5	both	none
2550.3714	1	Stimulus/S  1	1	25503714	25503722	40	5	30	pips_40_500-8000.hdf5	both	none
2551.438	1	Stimulus/S  1	1	25514380	25514388	41	0	20	pips_40_500-8000.hdf5	both	none
2552.5047	1	Stimulus/S  1	1	25525047	25525055	41	1	40	pips_40_500-8000.hdf5	both	none
2553.5714	1	Stimulus/S  1	1	25535714	25535722	41	2	60	pips_40_500-8000.hdf5	both	none
2554.6381	1	Stimulus/S  1	1	25546381	25546389	41	3	70	pips_40_500-8000.hdf5	both	none
2555.7048	1	Stimulus/S  1	1	25557048	25557056	41	4	50	pips_40_500-8000.hdf5	both	none
2556.7714	1	Stimulus/S  1	1	25567714	25567722	41	5	30	pips_40_500-8000.hdf5	both	none
2557.8381	1	Stimulus/S  1	1	25578381	25578389	42	0	20	pips_40_500-8000.hdf5	both	none
2558.9048	1	Stimulus/S  1	1	25589048	25589056	42	1	40	pips_40_500-8000.hdf5	both	none
2559.9501	1	Stimulus/S  1	1	25599501	25599509	42	2	60	pips_40_500-8000.hdf5	both	none
2561.0061	1	Stimulus/S  1	1	25610061	25610069	42	3	70	pips_40_500-8000.hdf5	both	none
2562.0515	1	Stimulus/S  1	1	25620515	25620523	42	4	50	pips_40_500-8000.hdf5	both	none
2563.1075	1	Stimulus/S  1	1	25631075	25631083	42	5	30	pips_40_500-8000.hdf5	both	none
2564.1528	1	Stimulus/S  1	1	25641528	25641536	43	0	20	pips_40_500-8000.hdf5	both	none
2565.2088	1	Stimulus/S  1	1	25652088	25652096	43	1	40	pips_40_500-8000.hdf5	both	none
2566.2542	1	Stimulus/S  1	1	25662542	25662550	43	2	60	pips_40_500-8000.hdf5	both	none
2567.3102	1	Stimulus/S  1	1	25673102	25673110	43	3	70	pips_40_500-8000.hdf5	both	none
2568.3555	1	Stimulus/S  1	1	25683555	25683563	43	4	50	pips_40_500-8000.hdf5	both	none
2569.4009	1	Stimulus/S  1	1	25694009	25694017	43	5	30	pips_40_500-8000.hdf5	both	none
2570.4676	1	Stimulus/S  1	1	25704676	25704684	44	0	20	pips_40_500-8000.hdf5	both	none
2571.5236	1	Stimulus/S  1	1	25715236	25715244	44	1	40	pips_40_500-8000.hdf5	both	none
2572.5903	1	Stimulus/S  1	1	25725903	25725911	44	2	60	pips_40_500-8000.hdf5	both	none
2573.6569	1	Stimulus/S  1	1	25736569	25736577	44	3	70	pips_40_500-8000.hdf5	both	none
2574.7236	1	Stimulus/S  1	1	25747236	25747244	44	4	50	pips_40_500-8000.hdf5	both	none
2575.7903	1	Stimulus/S  1	1	25757903	25757911	44	5	30	pips_40_500-8000.hdf5	both	none
2576.857	1	Stimulus/S  1	1	25768570	25768578	45	0	20	pips_40_500-8000.hdf5	both	none
2577.9236	1	Stimulus/S  1	1	25779236	25779244	45	1	40	pips_40_500-8000.hdf5	both	none
2578.969	1	Stimulus/S  1	1	25789690	25789698	45	2	60	pips_40_500-8000.hdf5	both	none
2580.0357	1	Stimulus/S  1	1	25800357	25800365	45	3	70	pips_40_500-8000.hdf5	both	none
2581.0917	1	Stimulus/S  1	1	25810917	25810925	45	4	50	pips_40_500-8000.hdf5	both	none
2582.1583	1	Stimulus/S  1	1	25821583	25821591	45	5	30	pips_40_500-8000.hdf5	both	none
2583.2037	1	Stimulus/S  1	1	25832037	25832045	46	0	20	pips_40_500-8000.hdf5	both	none
2584.2597	1	Stimulus/S  1	1	25842597	25842605	46	1	40	pips_40_500-8000.hdf5	both	none
2585.305	1	Stimulus/S  1	1	25853050	25853058	46	2	60	pips_40_500-8000.hdf5	both	none
2586.3504	1	Stimulus/S  1	1	25863504	25863512	46	3	70	pips_40_500-8000.hdf5	both	none
2587.4064	1	Stimulus/S  1	1	25874064	25874072	46	4	50	pips_40_500-8000.hdf5	both	none
2588.4517	1	Stimulus/S  1	1	25884517	25884525	46	5	30	pips_40_500-8000.hdf5	both	none
2589.5078	1	Stimulus/S  1	1	25895078	25895086	47	0	20	pips_40_500-8000.hdf5	both	none
2590.5744	1	Stimulus/S  1	1	25905744	25905752	47	1	40	pips_40_500-8000.hdf5	both	none
2591.6198	1	Stimulus/S  1	1	25916198	25916206	47	2	60	pips_40_500-8000.hdf5	both	none
2592.6865	1	Stimulus/S  1	1	25926865	25926873	47	3	70	pips_40_500-8000.hdf5	both	none
2593.7425	1	Stimulus/S  1	1	25937425	25937433	47	4	50	pips_40_500-8000.hdf5	both	none
2594.8091	1	Stimulus/S  1	1	25948091	25948099	47	5	30	pips_40_500-8000.hdf5	both	none
2595.8758	1	Stimulus/S  1	1	25958758	25958766	48	0	20	pips_40_500-8000.hdf5	both	none
2596.9425	1	Stimulus/S  1	1	25969425	25969433	48	1	40	pips_40_500-8000.hdf5	both	none
2598.0092	1	Stimulus/S  1	1	25980092	25980100	48	2	60	pips_40_500-8000.hdf5	both	none
2599.0758	1	Stimulus/S  1	1	25990758	25990766	48	3	70	pips_40_500-8000.hdf5	both	none
2600.1425	1	Stimulus/S  1	1	26001425	26001433	48	4	50	pips_40_500-8000.hdf5	both	none
2601.1879	1	Stimulus/S  1	1	26011879	26011887	48	5	30	pips_40_500-8000.hdf5	both	none
2602.2545	1	Stimulus/S  1	1	26022545	26022553	49	0	20	pips_40_500-8000.hdf5	both	none
2603.3106	1	Stimulus/S  1	1	26033106	26033114	49	1	40	pips_40_500-8000.hdf5	both	none
2604.3772	1	Stimulus/S  1	1	26043772	26043780	49	2	60	pips_40_500-8000.hdf5	both	none
2605.4226	1	Stimulus/S  1	1	26054226	26054234	49	3	70	pips_40_500-8000.hdf5	both	none
2606.4679	1	Stimulus/S  1	1	26064679	26064687	49	4	50	pips_40_500-8000.hdf5	both	none
2607.5239	1	Stimulus/S  1	1	26075239	26075247	49	5	30	pips_40_500-8000.hdf5	both	none
2608.5693	1	Stimulus/S  1	1	26085693	26085701	50	0	20	pips_40_500-8000.hdf5	both	none
2609.6253	1	Stimulus/S  1	1	26096253	26096261	50	1	40	pips_40_500-8000.hdf5	both	none
2610.692	1	Stimulus/S  1	1	26106920	26106928	50	2	60	pips_40_500-8000.hdf5	both	none
2611.7373	1	Stimulus/S  1	1	26117373	26117381	50	3	70	pips_40_500-8000.hdf5	both	none
2612.804	1	Stimulus/S  1	1	26128040	26128048	50	4	50	pips_40_500-8000.hdf5	both	none
2613.86	1	Stimulus/S  1	1	26138600	26138608	50	5	30	pips_40_500-8000.hdf5	both	none
2614.9267	1	Stimulus/S  1	1	26149267	26149275	51	0	20	pips_40_500-8000.hdf5	both	none
2615.9934	1	Stimulus/S  1	1	26159934	26159942	51	1	40	pips_40_500-8000.hdf5	both	none
2617.06	1	Stimulus/S  1	1	26170600	26170608	51	2	60	pips_40_500-8000.hdf5	both	none
2618.1267	1	Stimulus/S  1	1	26181267	26181275	51	3	70	pips_40_500-8000.hdf5	both	none
2619.1934	1	Stimulus/S  1	1	26191934	26191942	51	4	50	pips_40_500-8000.hdf5	both	none
2620.2601	1	Stimulus/S  1	1	26202601	26202609	51	5	30	pips_40_500-8000.hdf5	both	none
2621.3054	1	Stimulus/S  1	1	26213054	26213062	52	0	20	pips_40_500-8000.hdf5	both	none
2622.3721	1	Stimulus/S  1	1	26223721	26223729	52	1	40	pips_40_500-8000.hdf5	both	none
2623.4281	1	Stimulus/S  1	1	26234281	26234289	52	2	60	pips_40_500-8000.hdf5	both	none
2624.4734	1	Stimulus/S  1	1	26244734	26244742	52	3	70	pips_40_500-8000.hdf5	both	none
2625.5188	1	Stimulus/S  1	1	26255188	26255196	52	4	50	pips_40_500-8000.hdf5	both	none
2626.5748	1	Stimulus/S  1	1	26265748	26265756	52	5	30	pips_40_500-8000.hdf5	both	none
2627.6201	1	Stimulus/S  1	1	26276201	26276209	53	0	20	pips_40_500-8000.hdf5	both	none
2628.6761	1	Stimulus/S  1	1	26286761	26286769	53	1	40	pips_40_500-8000.hdf5	both	none
2629.7215	1	Stimulus/S  1	1	26297215	26297223	53	2	60	pips_40_500-8000.hdf5	both	none
2630.7775	1	Stimulus/S  1	1	26307775	26307783	53	3	70	pips_40_500-8000.hdf5	both	none
2631.8228	1	Stimulus/S  1	1	26318228	26318236	53	4	50	pips_40_500-8000.hdf5	both	none
2632.8682	1	Stimulus/S  1	1	26328682	26328690	53	5	30	pips_40_500-8000.hdf5	both	none
2633.9349	1	Stimulus/S  1	1	26339349	26339357	54	0	20	pips_40_500-8000.hdf5	both	none
2635.0015	1	Stimulus/S  1	1	26350015	26350023	54	1	40	pips_40_500-8000.hdf5	both	none
2636.0682	1	Stimulus/S  1	1	26360682	26360690	54	2	60	pips_40_500-8000.hdf5	both	none
2637.1349	1	Stimulus/S  1	1	26371349	26371357	54	3	70	pips_40_500-8000.hdf5	both	none
2638.2016	1	Stimulus/S  1	1	26382016	26382024	54	4	50	pips_40_500-8000.hdf5	both	none
2639.2682	1	Stimulus/S  1	1	26392682	26392690	54	5	30	pips_40_500-8000.hdf5	both	none
2640.3349	1	Stimulus/S  1	1	26403349	26403357	55	0	20	pips_40_500-8000.hdf5	both	none
2641.4016	1	Stimulus/S  1	1	26414016	26414024	55	1	40	pips_40_500-8000.hdf5	both	none
2642.4683	1	Stimulus/S  1	1	26424683	26424691	55	2	60	pips_40_500-8000.hdf5	both	none
2643.5243	1	Stimulus/S  1	1	26435243	26435251	55	3	70	pips_40_500-8000.hdf5	both	none
2644.591	1	Stimulus/S  1	1	26445910	26445918	55	4	50	pips_40_500-8000.hdf5	both	none
2645.6363	1	Stimulus/S  1	1	26456363	26456371	55	5	30	pips_40_500-8000.hdf5	both	none
2646.6923	1	Stimulus/S  1	1	26466923	26466931	56	0	20	pips_40_500-8000.hdf5	both	none
2647.7377	1	Stimulus/S  1	1	26477377	26477385	56	1	40	pips_40_500-8000.hdf5	both	none
2648.7937	1	Stimulus/S  1	1	26487937	26487945	56	2	60	pips_40_500-8000.hdf5	both	none
2649.839	1	Stimulus/S  1	1	26498390	26498398	56	3	70	pips_40_500-8000.hdf5	both	none
2650.8844	1	Stimulus/S  1	1	26508844	26508852	56	4	50	pips_40_500-8000.hdf5	both	none
2651.9404	1	Stimulus/S  1	1	26519404	26519412	56	5	30	pips_40_500-8000.hdf5	both	none
2652.9857	1	Stimulus/S  1	1	26529857	26529865	57	0	20	pips_40_500-8000.hdf5	both	none
2654.0524	1	Stimulus/S  1	1	26540524	26540532	57	1	40	pips_40_500-8000.hdf5	both	none
2655.1191	1	Stimulus/S  1	1	26551191	26551199	57	2	60	pips_40_500-8000.hdf5	both	none
2656.1857	1	Stimulus/S  1	1	26561857	26561865	57	3	70	pips_40_500-8000.hdf5	both	none
2657.2524	1	Stimulus/S  1	1	26572524	26572532	57	4	50	pips_40_500-8000.hdf5	both	none
2658.3191	1	Stimulus/S  1	1	26583191	26583199	57	5	30	pips_40_500-8000.hdf5	both	none
2659.3858	1	Stimulus/S  1	1	26593858	26593866	58	0	20	pips_40_500-8000.hdf5	both	none
2660.4418	1	Stimulus/S  1	1	26604418	26604426	58	1	40	pips_40_500-8000.hdf5	both	none
2661.5085	1	Stimulus/S  1	1	26615085	26615093	58	2	60	pips_40_500-8000.hdf5	both	none
2662.5538	1	Stimulus/S  1	1	26625538	26625546	58	3	70	pips_40_500-8000.hdf5	both	none
2663.6205	1	Stimulus/S  1	1	26636205	26636213	58	4	50	pips_40_500-8000.hdf5	both	none
2664.6765	1	Stimulus/S  1	1	26646765	26646773	58	5	30	pips_40_500-8000.hdf5	both	none
2665.7218	1	Stimulus/S  1	1	26657218	26657226	59	0	20	pips_40_500-8000.hdf5	both	none
2666.7779	1	Stimulus/S  1	1	26667779	26667787	59	1	40	pips_40_500-8000.hdf5	both	none
2667.8232	1	Stimulus/S  1	1	26678232	26678240	59	2	60	pips_40_500-8000.hdf5	both	none
2668.8685	1	Stimulus/S  1	1	26688685	26688693	59	3	70	pips_40_500-8000.hdf5	both	none
2669.9245	1	Stimulus/S  1	1	26699245	26699253	59	4	50	pips_40_500-8000.hdf5	both	none
2670.9699	1	Stimulus/S  1	1	26709699	26709707	59	5	30	pips_40_500-8000.hdf5	both	none
2672.0366	1	Stimulus/S  1	1	26720366	26720374	60	0	20	pips_40_500-8000.hdf5	both	none
2673.0926	1	Stimulus/S  1	1	26730926	26730934	60	1	40	pips_40_500-8000.hdf5	both	none
2674.1593	1	Stimulus/S  1	1	26741593	26741601	60	2	60	pips_40_500-8000.hdf5	both	none
2675.2046	1	Stimulus/S  1	1	26752046	26752054	60	3	70	pips_40_500-8000.hdf5	both	none
2676.2713	1	Stimulus/S  1	1	26762713	26762721	60	4	50	pips_40_500-8000.hdf5	both	none
2677.338	1	Stimulus/S  1	1	26773380	26773388	60	5	30	pips_40_500-8000.hdf5	both	none
2678.4046	1	Stimulus/S  1	1	26784046	26784054	61	0	20	pips_40_500-8000.hdf5	both	none
2679.4713	1	Stimulus/S  1	1	26794713	26794721	61	1	40	pips_40_500-8000.hdf5	both	none
2680.538	1	Stimulus/S  1	1	26805380	26805388	61	2	60	pips_40_500-8000.hdf5	both	none
2681.6047	1	Stimulus/S  1	1	26816047	26816055	61	3	70	pips_40_500-8000.hdf5	both	none
2682.6607	1	Stimulus/S  1	1	26826607	26826615	61	4	50	pips_40_500-8000.hdf5	both	none
2683.7274	1	Stimulus/S  1	1	26837274	26837282	61	5	30	pips_40_500-8000.hdf5	both	none
2684.7727	1	Stimulus/S  1	1	26847727	26847735	62	0	20	pips_40_500-8000.hdf5	both	none
2685.8394	1	Stimulus/S  1	1	26858394	26858402	62	1	40	pips_40_500-8000.hdf5	both	none
2686.8954	1	Stimulus/S  1	1	26868954	26868962	62	2	60	pips_40_500-8000.hdf5	both	none
2687.9407	1	Stimulus/S  1	1	26879407	26879415	62	3	70	pips_40_500-8000.hdf5	both	none
2688.9861	1	Stimulus/S  1	1	26889861	26889869	62	4	50	pips_40_500-8000.hdf5	both	none
2690.0421	1	Stimulus/S  1	1	26900421	26900429	62	5	30	pips_40_500-8000.hdf5	both	none
2691.0874	1	Stimulus/S  1	1	26910874	26910882	63	0	20	pips_40_500-8000.hdf5	both	none
2692.1541	1	Stimulus/S  1	1	26921541	26921549	63	1	40	pips_40_500-8000.hdf5	both	none
2693.2101	1	Stimulus/S  1	1	26932101	26932109	63	2	60	pips_40_500-8000.hdf5	both	none
2694.2768	1	Stimulus/S  1	1	26942768	26942776	63	3	70	pips_40_500-8000.hdf5	both	none
2695.3221	1	Stimulus/S  1	1	26953221	26953229	63	4	50	pips_40_500-8000.hdf5	both	none
2696.3888	1	Stimulus/S  1	1	26963888	26963896	63	5	30	pips_40_500-8000.hdf5	both	none
2697.4555	1	Stimulus/S  1	1	26974555	26974563	64	0	20	pips_40_500-8000.hdf5	both	none
2698.5222	1	Stimulus/S  1	1	26985222	26985230	64	1	40	pips_40_500-8000.hdf5	both	none
2699.5888	1	Stimulus/S  1	1	26995888	26995896	64	2	60	pips_40_500-8000.hdf5	both	none
2700.6555	1	Stimulus/S  1	1	27006555	27006563	64	3	70	pips_40_500-8000.hdf5	both	none
2701.7222	1	Stimulus/S  1	1	27017222	27017230	64	4	50	pips_40_500-8000.hdf5	both	none
2702.7782	1	Stimulus/S  1	1	27027782	27027790	64	5	30	pips_40_500-8000.hdf5	both	none
2703.8449	1	Stimulus/S  1	1	27038449	27038457	65	0	20	pips_40_500-8000.hdf5	both	none
2704.8902	1	Stimulus/S  1	1	27048902	27048910	65	1	40	pips_40_500-8000.hdf5	both	none
2705.9569	1	Stimulus/S  1	1	27059569	27059577	65	2	60	pips_40_500-8000.hdf5	both	none
2707.0129	1	Stimulus/S  1	1	27070129	27070137	65	3	70	pips_40_500-8000.hdf5	both	none
2708.0583	1	Stimulus/S  1	1	27080583	27080591	65	4	50	pips_40_500-8000.hdf5	both	none
2709.1036	1	Stimulus/S  1	1	27091036	27091044	65	5	30	pips_40_500-8000.hdf5	both	none
2710.1596	1	Stimulus/S  1	1	27101596	27101604	66	0	20	pips_40_500-8000.hdf5	both	none
2711.205	1	Stimulus/S  1	1	27112050	27112058	66	1	40	pips_40_500-8000.hdf5	both	none
2712.2716	1	Stimulus/S  1	1	27122716	27122724	66	2	60	pips_40_500-8000.hdf5	both	none
2713.3276	1	Stimulus/S  1	1	27133276	27133284	66	3	70	pips_40_500-8000.hdf5	both	none
2714.3943	1	Stimulus/S  1	1	27143943	27143951	66	4	50	pips_40_500-8000.hdf5	both	none
2715.4397	1	Stimulus/S  1	1	27154397	27154405	66	5	30	pips_40_500-8000.hdf5	both	none
2716.5063	1	Stimulus/S  1	1	27165063	27165071	67	0	20	pips_40_500-8000.hdf5	both	none
2717.573	1	Stimulus/S  1	1	27175730	27175738	67	1	40	pips_40_500-8000.hdf5	both	none
2718.6397	1	Stimulus/S  1	1	27186397	27186405	67	2	60	pips_40_500-8000.hdf5	both	none
2719.7064	1	Stimulus/S  1	1	27197064	27197072	67	3	70	pips_40_500-8000.hdf5	both	none
2720.7731	1	Stimulus/S  1	1	27207731	27207739	67	4	50	pips_40_500-8000.hdf5	both	none
2721.8397	1	Stimulus/S  1	1	27218397	27218405	67	5	30	pips_40_500-8000.hdf5	both	none
2722.8957	1	Stimulus/S  1	1	27228957	27228965	68	0	20	pips_40_500-8000.hdf5	both	none
2723.9411	1	Stimulus/S  1	1	27239411	27239419	68	1	40	pips_40_500-8000.hdf5	both	none
2724.9864	1	Stimulus/S  1	1	27249864	27249872	68	2	60	pips_40_500-8000.hdf5	both	none
2726.0424	1	Stimulus/S  1	1	27260424	27260432	68	3	70	pips_40_500-8000.hdf5	both	none
2727.0878	1	Stimulus/S  1	1	27270878	27270886	68	4	50	pips_40_500-8000.hdf5	both	none
2728.1545	1	Stimulus/S  1	1	27281545	27281553	68	5	30	pips_40_500-8000.hdf5	both	none
2729.2105	1	Stimulus/S  1	1	27292105	27292113	69	0	20	pips_40_500-8000.hdf5	both	none
2730.2771	1	Stimulus/S  1	1	27302771	27302779	69	1	40	pips_40_500-8000.hdf5	both	none
2731.3225	1	Stimulus/S  1	1	27313225	27313233	69	2	60	pips_40_500-8000.hdf5	both	none
2732.3892	1	Stimulus/S  1	1	27323892	27323900	69	3	70	pips_40_500-8000.hdf5	both	none
2733.4558	1	Stimulus/S  1	1	27334558	27334566	69	4	50	pips_40_500-8000.hdf5	both	none
2734.5225	1	Stimulus/S  1	1	27345225	27345233	69	5	30	pips_40_500-8000.hdf5	both	none
2735.5892	1	Stimulus/S  1	1	27355892	27355900	70	0	20	pips_40_500-8000.hdf5	both	none
2736.6559	1	Stimulus/S  1	1	27366559	27366567	70	1	40	pips_40_500-8000.hdf5	both	none
2737.7226	1	Stimulus/S  1	1	27377226	27377234	70	2	60	pips_40_500-8000.hdf5	both	none
2738.7786	1	Stimulus/S  1	1	27387786	27387794	70	3	70	pips_40_500-8000.hdf5	both	none
2739.8452	1	Stimulus/S  1	1	27398452	27398460	70	4	50	pips_40_500-8000.hdf5	both	none
2740.8906	1	Stimulus/S  1	1	27408906	27408914	70	5	30	pips_40_500-8000.hdf5	both	none
2741.9573	1	Stimulus/S  1	1	27419573	27419581	71	0	20	pips_40_500-8000.hdf5	both	none
2743.0026	1	Stimulus/S  1	1	27430026	27430034	71	1	40	pips_40_500-8000.hdf5	both	none
2744.0586	1	Stimulus/S  1	1	27440586	27440594	71	2	60	pips_40_500-8000.hdf5	both	none
2745.104	1	Stimulus/S  1	1	27451040	27451048	71	3	70	pips_40_500-8000.hdf5	both	none
2746.16	1	Stimulus/S  1	1	27461600	27461608	71	4	50	pips_40_500-8000.hdf5	both	none
2747.2053	1	Stimulus/S  1	1	27472053	27472061	71	5	30	pips_40_500-8000.hdf5	both	none
2748.2613	1	Stimulus/S  1	1	27482613	27482621	72	0	20	pips_40_500-8000.hdf5	both	none
2749.3067	1	Stimulus/S  1	1	27493067	27493075	72	1	40	pips_40_500-8000.hdf5	both	none
2750.3733	1	Stimulus/S  1	1	27503733	27503741	72	2	60	pips_40_500-8000.hdf5	both	none
2751.4294	1	Stimulus/S  1	1	27514294	27514302	72	3	70	pips_40_500-8000.hdf5	both	none
2752.496	1	Stimulus/S  1	1	27524960	27524968	72	4	50	pips_40_500-8000.hdf5	both	none
2753.5414	1	Stimulus/S  1	1	27535414	27535422	72	5	30	pips_40_500-8000.hdf5	both	none
2754.6081	1	Stimulus/S  1	1	27546081	27546089	73	0	20	pips_40_500-8000.hdf5	both	none
2755.6747	1	Stimulus/S  1	1	27556747	27556755	73	1	40	pips_40_500-8000.hdf5	both	none
2756.7414	1	Stimulus/S  1	1	27567414	27567422	73	2	60	pips_40_500-8000.hdf5	both	none
2757.7868	1	Stimulus/S  1	1	27577868	27577876	73	3	70	pips_40_500-8000.hdf5	both	none
2758.8534	1	Stimulus/S  1	1	27588534	27588542	73	4	50	pips_40_500-8000.hdf5	both	none
2759.9201	1	Stimulus/S  1	1	27599201	27599209	73	5	30	pips_40_500-8000.hdf5	both	none
2760.9761	1	Stimulus/S  1	1	27609761	27609769	74	0	20	pips_40_500-8000.hdf5	both	none
2762.0215	1	Stimulus/S  1	1	27620215	27620223	74	1	40	pips_40_500-8000.hdf5	both	none
2763.0775	1	Stimulus/S  1	1	27630775	27630783	74	2	60	pips_40_500-8000.hdf5	both	none
2764.1228	1	Stimulus/S  1	1	27641228	27641236	74	3	70	pips_40_500-8000.hdf5	both	none
2765.1788	1	Stimulus/S  1	1	27651788	27651796	74	4	50	pips_40_500-8000.hdf5	both	none
2766.2242	1	Stimulus/S  1	1	27662242	27662250	74	5	30	pips_40_500-8000.hdf5	both	none
2767.2802	1	Stimulus/S  1	1	27672802	27672810	75	0	20	pips_40_500-8000.hdf5	both	none
2768.3255	1	Stimulus/S  1	1	27683255	27683263	75	1	40	pips_40_500-8000.hdf5	both	none
2769.3922	1	Stimulus/S  1	1	27693922	27693930	75	2	60	pips_40_500-8000.hdf5	both	none
2770.4375	1	Stimulus/S  1	1	27704375	27704383	75	3	70	pips_40_500-8000.hdf5	both	none
2771.5042	1	Stimulus/S  1	1	27715042	27715050	75	4	50	pips_40_500-8000.hdf5	both	none
2772.5602	1	Stimulus/S  1	1	27725602	27725610	75	5	30	pips_40_500-8000.hdf5	both	none
2773.6269	1	Stimulus/S  1	1	27736269	27736277	76	0	20	pips_40_500-8000.hdf5	both	none
2774.6936	1	Stimulus/S  1	1	27746936	27746944	76	1	40	pips_40_500-8000.hdf5	both	none
2775.7603	1	Stimulus/S  1	1	27757603	27757611	76	2	60	pips_40_500-8000.hdf5	both	none
2776.8269	1	Stimulus/S  1	1	27768269	27768277	76	3	70	pips_40_500-8000.hdf5	both	none
2777.8936	1	Stimulus/S  1	1	27778936	27778944	76	4	50	pips_40_500-8000.hdf5	both	none
2778.9603	1	Stimulus/S  1	1	27789603	27789611	76	5	30	pips_40_500-8000.hdf5	both	none
2780.0056	1	Stimulus/S  1	1	27800056	27800064	77	0	20	pips_40_500-8000.hdf5	both	none
2781.0723	1	Stimulus/S  1	1	27810723	27810731	77	1	40	pips_40_500-8000.hdf5	both	none
2782.1283	1	Stimulus/S  1	1	27821283	27821291	77	2	60	pips_40_500-8000.hdf5	both	none
2783.195	1	Stimulus/S  1	1	27831950	27831958	77	3	70	pips_40_500-8000.hdf5	both	none
2784.2403	1	Stimulus/S  1	1	27842403	27842411	77	4	50	pips_40_500-8000.hdf5	both	none
2785.2964	1	Stimulus/S  1	1	27852964	27852972	77	5	30	pips_40_500-8000.hdf5	both	none
2786.3417	1	Stimulus/S  1	1	27863417	27863425	78	0	20	pips_40_500-8000.hdf5	both	none
2787.387	1	Stimulus/S  1	1	27873870	27873878	78	1	40	pips_40_500-8000.hdf5	both	none
2788.4431	1	Stimulus/S  1	1	27884431	27884439	78	2	60	pips_40_500-8000.hdf5	both	none
2789.5097	1	Stimulus/S  1	1	27895097	27895105	78	3	70	pips_40_500-8000.hdf5	both	none
2790.5551	1	Stimulus/S  1	1	27905551	27905559	78	4	50	pips_40_500-8000.hdf5	both	none
2791.6218	1	Stimulus/S  1	1	27916218	27916226	78	5	30	pips_40_500-8000.hdf5	both	none
2792.6778	1	Stimulus/S  1	1	27926778	27926786	79	0	20	pips_40_500-8000.hdf5	both	none
2793.7444	1	Stimulus/S  1	1	27937444	27937452	79	1	40	pips_40_500-8000.hdf5	both	none
2794.8111	1	Stimulus/S  1	1	27948111	27948119	79	2	60	pips_40_500-8000.hdf5	both	none
2795.8778	1	Stimulus/S  1	1	27958778	27958786	79	3	70	pips_40_500-8000.hdf5	both	none
2796.9445	1	Stimulus/S  1	1	27969445	27969453	79	4	50	pips_40_500-8000.hdf5	both	none
2798.0111	1	Stimulus/S  1	1	27980111	27980119	79	5	30	pips_40_500-8000.hdf5	both	none
2799.0778	1	Stimulus/S  1	1	27990778	27990786	80	0	20	pips_40_500-8000.hdf5	both	none
2800.1232	1	Stimulus/S  1	1	28001232	28001240	80	1	40	pips_40_500-8000.hdf5	both	none
2801.1898	1	Stimulus/S  1	1	28011898	28011906	80	2	60	pips_40_500-8000.hdf5	both	none
2802.2459	1	Stimulus/S  1	1	28022459	28022467	80	3	70	pips_40_500-8000.hdf5	both	none
2803.3125	1	Stimulus/S  1	1	28033125	28033133	80	4	50	pips_40_500-8000.hdf5	both	none
2804.3579	1	Stimulus/S  1	1	28043579	28043587	80	5	30	pips_40_500-8000.hdf5	both	none
2805.4139	1	Stimulus/S  1	1	28054139	28054147	81	0	20	pips_40_500-8000.hdf5	both	none
2806.4592	1	Stimulus/S  1	1	28064592	28064600	81	1	40	pips_40_500-8000.hdf5	both	none
2807.5046	1	Stimulus/S  1	1	28075046	28075054	81	2	60	pips_40_500-8000.hdf5	both	none
2808.5606	1	Stimulus/S  1	1	28085606	28085614	81	3	70	pips_40_500-8000.hdf5	both	none
2809.6273	1	Stimulus/S  1	1	28096273	28096281	81	4	50	pips_40_500-8000.hdf5	both	none
2810.6726	1	Stimulus/S  1	1	28106726	28106734	81	5	30	pips_40_500-8000.hdf5	both	none
2811.7393	1	Stimulus/S  1	1	28117393	28117401	82	0	20	pips_40_500-8000.hdf5	both	none
2812.7953	1	Stimulus/S  1	1	28127953	28127961	82	1	40	pips_40_500-8000.hdf5	both	none
2813.862	1	Stimulus/S  1	1	28138620	28138628	82	2	60	pips_40_500-8000.hdf5	both	none
2814.9286	1	Stimulus/S  1	1	28149286	28149294	82	3	70	pips_40_500-8000.hdf5	both	none
2815.9953	1	Stimulus/S  1	1	28159953	28159961	82	4	50	pips_40_500-8000.hdf5	both	none
2817.062	1	Stimulus/S  1	1	28170620	28170628	82	5	30	pips_40_500-8000.hdf5	both	none
2818.1287	1	Stimulus/S  1	1	28181287	28181295	83	0	20	pips_40_500-8000.hdf5	both	none
2819.1954	1	Stimulus/S  1	1	28191954	28191962	83	1	40	pips_40_500-8000.hdf5	both	none
2820.2407	1	Stimulus/S  1	1	28202407	28202415	83	2	60	pips_40_500-8000.hdf5	both	none
2821.3074	1	Stimulus/S  1	1	28213074	28213082	83	3	70	pips_40_500-8000.hdf5	both	none
2822.3634	1	Stimulus/S  1	1	28223634	28223642	83	4	50	pips_40_500-8000.hdf5	both	none
2823.4301	1	Stimulus/S  1	1	28234301	28234309	83	5	30	pips_40_500-8000.hdf5	both	none
2824.4754	1	Stimulus/S  1	1	28244754	28244762	84	0	20	pips_40_500-8000.hdf5	both	none
2825.5208	1	Stimulus/S  1	1	28255208	28255216	84	1	40	pips_40_500-8000.hdf5	both	none
2826.5768	1	Stimulus/S  1	1	28265768	28265776	84	2	60	pips_40_500-8000.hdf5	both	none
2827.6221	1	Stimulus/S  1	1	28276221	28276229	84	3	70	pips_40_500-8000.hdf5	both	none
2828.6781	1	Stimulus/S  1	1	28286781	28286789	84	4	50	pips_40_500-8000.hdf5	both	none
2829.7448	1	Stimulus/S  1	1	28297448	28297456	84	5	30	pips_40_500-8000.hdf5	both	none
2830.8115	1	Stimulus/S  1	1	28308115	28308123	85	0	20	pips_40_500-8000.hdf5	both	none
2831.8781	1	Stimulus/S  1	1	28318781	28318789	85	1	40	pips_40_500-8000.hdf5	both	none
2832.9448	1	Stimulus/S  1	1	28329448	28329456	85	2	60	pips_40_500-8000.hdf5	both	none
2834.0115	1	Stimulus/S  1	1	28340115	28340123	85	3	70	pips_40_500-8000.hdf5	both	none
2835.0782	1	Stimulus/S  1	1	28350782	28350790	85	4	50	pips_40_500-8000.hdf5	both	none
2836.1449	1	Stimulus/S  1	1	28361449	28361457	85	5	30	pips_40_500-8000.hdf5	both	none
2837.2115	1	Stimulus/S  1	1	28372115	28372123	86	0	20	pips_40_500-8000.hdf5	both	none
2838.2569	1	Stimulus/S  1	1	28382569	28382577	86	1	40	pips_40_500-8000.hdf5	both	none
2839.3236	1	Stimulus/S  1	1	28393236	28393244	86	2	60	pips_40_500-8000.hdf5	both	none
2840.3796	1	Stimulus/S  1	1	28403796	28403804	86	3	70	pips_40_500-8000.hdf5	both	none
2841.4462	1	Stimulus/S  1	1	28414462	28414470	86	4	50	pips_40_500-8000.hdf5	both	none
2842.4916	1	Stimulus/S  1	1	28424916	28424924	86	5	30	pips_40_500-8000.hdf5	both	none
2843.5476	1	Stimulus/S  1	1	28435476	28435484	87	0	20	pips_40_500-8000.hdf5	both	none
2844.5929	1	Stimulus/S  1	1	28445929	28445937	87	1	40	pips_40_500-8000.hdf5	both	none
2845.6383	1	Stimulus/S  1	1	28456383	28456391	87	2	60	pips_40_500-8000.hdf5	both	none
2846.6943	1	Stimulus/S  1	1	28466943	28466951	87	3	70	pips_40_500-8000.hdf5	both	none
2847.761	1	Stimulus/S  1	1	28477610	28477618	87	4	50	pips_40_500-8000.hdf5	both	none
2848.8063	1	Stimulus/S  1	1	28488063	28488071	87	5	30	pips_40_500-8000.hdf5	both	none
2849.873	1	Stimulus/S  1	1	28498730	28498738	88	0	20	pips_40_500-8000.hdf5	both	none
2850.929	1	Stimulus/S  1	1	28509290	28509298	88	1	40	pips_40_500-8000.hdf5	both	none
2851.9957	1	Stimulus/S  1	1	28519957	28519965	88	2	60	pips_40_500-8000.hdf5	both	none
2853.0624	1	Stimulus/S  1	1	28530624	28530632	88	3	70	pips_40_500-8000.hdf5	both	none
2854.129	1	Stimulus/S  1	1	28541290	28541298	88	4	50	pips_40_500-8000.hdf5	both	none
2855.1957	1	Stimulus/S  1	1	28551957	28551965	88	5	30	pips_40_500-8000.hdf5	both	none
2856.2624	1	Stimulus/S  1	1	28562624	28562632	89	0	20	pips_40_500-8000.hdf5	both	none
2857.3291	1	Stimulus/S  1	1	28573291	28573299	89	1	40	pips_40_500-8000.hdf5	both	none
2858.3744	1	Stimulus/S  1	1	28583744	28583752	89	2	60	pips_40_500-8000.hdf5	both	none
2859.4411	1	Stimulus/S  1	1	28594411	28594419	89	3	70	pips_40_500-8000.hdf5	both	none
2860.4971	1	Stimulus/S  1	1	28604971	28604979	89	4	50	pips_40_500-8000.hdf5	both	none
2861.5424	1	Stimulus/S  1	1	28615424	28615432	89	5	30	pips_40_500-8000.hdf5	both	none
2862.5985	1	Stimulus/S  1	1	28625985	28625993	90	0	20	pips_40_500-8000.hdf5	both	none
2863.6438	1	Stimulus/S  1	1	28636438	28636446	90	1	40	pips_40_500-8000.hdf5	both	none
2864.6891	1	Stimulus/S  1	1	28646891	28646899	90	2	60	pips_40_500-8000.hdf5	both	none
2865.7451	1	Stimulus/S  1	1	28657451	28657459	90	3	70	pips_40_500-8000.hdf5	both	none
2866.7905	1	Stimulus/S  1	1	28667905	28667913	90	4	50	pips_40_500-8000.hdf5	both	none
2867.8465	1	Stimulus/S  1	1	28678465	28678473	90	5	30	pips_40_500-8000.hdf5	both	none
2868.8918	1	Stimulus/S  1	1	28688918	28688926	91	0	20	pips_40_500-8000.hdf5	both	none
2869.9479	1	Stimulus/S  1	1	28699479	28699487	91	1	40	pips_40_500-8000.hdf5	both	none
2871.0145	1	Stimulus/S  1	1	28710145	28710153	91	2	60	pips_40_500-8000.hdf5	both	none
2872.0812	1	Stimulus/S  1	1	28720812	28720820	91	3	70	pips_40_500-8000.hdf5	both	none
2873.1479	1	Stimulus/S  1	1	28731479	28731487	91	4	50	pips_40_500-8000.hdf5	both	none
2874.2146	1	Stimulus/S  1	1	28742146	28742154	91	5	30	pips_40_500-8000.hdf5	both	none
2875.2812	1	Stimulus/S  1	1	28752812	28752820	92	0	20	pips_40_500-8000.hdf5	both	none
2876.3479	1	Stimulus/S  1	1	28763479	28763487	92	1	40	pips_40_500-8000.hdf5	both	none
2877.3933	1	Stimulus/S  1	1	28773933	28773941	92	2	60	pips_40_500-8000.hdf5	both	none
2878.4599	1	Stimulus/S  1	1	28784599	28784607	92	3	70	pips_40_500-8000.hdf5	both	none
2879.5053	1	Stimulus/S  1	1	28795053	28795061	92	4	50	pips_40_500-8000.hdf5	both	none
2880.572	1	Stimulus/S  1	1	28805720	28805728	92	5	30	pips_40_500-8000.hdf5	both	none
2881.628	1	Stimulus/S  1	1	28816280	28816288	93	0	20	pips_40_500-8000.hdf5	both	none
2882.6733	1	Stimulus/S  1	1	28826733	28826741	93	1	40	pips_40_500-8000.hdf5	both	none
2883.7293	1	Stimulus/S  1	1	28837293	28837301	93	2	60	pips_40_500-8000.hdf5	both	none
2884.7747	1	Stimulus/S  1	1	28847747	28847755	93	3	70	pips_40_500-8000.hdf5	both	none
2885.8307	1	Stimulus/S  1	1	28858307	28858315	93	4	50	pips_40_500-8000.hdf5	both	none
2886.876	1	Stimulus/S  1	1	28868760	28868768	93	5	30	pips_40_500-8000.hdf5	both	none
2887.932	1	Stimulus/S  1	1	28879320	28879328	94	0	20	pips_40_500-8000.hdf5	both	none
2888.9987	1	Stimulus/S  1	1	28889987	28889995	94	1	40	pips_40_500-8000.hdf5	both	none
2890.0441	1	Stimulus/S  1	1	28900441	28900449	94	2	60	pips_40_500-8000.hdf5	both	none
2891.1107	1	Stimulus/S  1	1	28911107	28911115	94	3	70	pips_40_500-8000.hdf5	both	none
2892.1561	1	Stimulus/S  1	1	28921561	28921569	94	4	50	pips_40_500-8000.hdf5	both	none
2893.2228	1	Stimulus/S  1	1	28932228	28932236	94	5	30	pips_40_500-8000.hdf5	both	none
2894.2894	1	Stimulus/S  1	1	28942894	28942902	95	0	20	pips_40_500-8000.hdf5	both	none
2895.3561	1	Stimulus/S  1	1	28953561	28953569	95	1	40	pips_40_500-8000.hdf5	both	none
2896.4228	1	Stimulus/S  1	1	28964228	28964236	95	2	60	pips_40_500-8000.hdf5	both	none
2897.4895	1	Stimulus/S  1	1	28974895	28974903	95	3	70	pips_40_500-8000.hdf5	both	none
2898.5561	1	Stimulus/S  1	1	28985561	28985569	95	4	50	pips_40_500-8000.hdf5	both	none
2899.6121	1	Stimulus/S  1	1	28996121	28996129	95	5	30	pips_40_500-8000.hdf5	both	none
2900.6788	1	Stimulus/S  1	1	29006788	29006796	96	0	20	pips_40_500-8000.hdf5	both	none
2901.7242	1	Stimulus/S  1	1	29017242	29017250	96	1	40	pips_40_500-8000.hdf5	both	none
2902.7908	1	Stimulus/S  1	1	29027908	29027916	96	2	60	pips_40_500-8000.hdf5	both	none
2903.8469	1	Stimulus/S  1	1	29038469	29038477	96	3	70	pips_40_500-8000.hdf5	both	none
2904.8922	1	Stimulus/S  1	1	29048922	29048930	96	4	50	pips_40_500-8000.hdf5	both	none
2905.9482	1	Stimulus/S  1	1	29059482	29059490	96	5	30	pips_40_500-8000.hdf5	both	none
2906.9936	1	Stimulus/S  1	1	29069936	29069944	97	0	20	pips_40_500-8000.hdf5	both	none
2908.0389	1	Stimulus/S  1	1	29080389	29080397	97	1	40	pips_40_500-8000.hdf5	both	none
2909.0949	1	Stimulus/S  1	1	29090949	29090957	97	2	60	pips_40_500-8000.hdf5	both	none
2910.1403	1	Stimulus/S  1	1	29101403	29101411	97	3	70	pips_40_500-8000.hdf5	both	none
2911.2069	1	Stimulus/S  1	1	29112069	29112077	97	4	50	pips_40_500-8000.hdf5	both	none
2912.2629	1	Stimulus/S  1	1	29122629	29122637	97	5	30	pips_40_500-8000.hdf5	both	none
2913.3296	1	Stimulus/S  1	1	29133296	29133304	98	0	20	pips_40_500-8000.hdf5	both	none
2914.3963	1	Stimulus/S  1	1	29143963	29143971	98	1	40	pips_40_500-8000.hdf5	both	none
2915.463	1	Stimulus/S  1	1	29154630	29154638	98	2	60	pips_40_500-8000.hdf5	both	none
2916.5297	1	Stimulus/S  1	1	29165297	29165305	98	3	70	pips_40_500-8000.hdf5	both	none
2917.5963	1	Stimulus/S  1	1	29175963	29175971	98	4	50	pips_40_500-8000.hdf5	both	none
2918.663	1	Stimulus/S  1	1	29186630	29186638	98	5	30	pips_40_500-8000.hdf5	both	none
2919.7083	1	Stimulus/S  1	1	29197083	29197091	99	0	20	pips_40_500-8000.hdf5	both	none
2920.775	1	Stimulus/S  1	1	29207750	29207758	99	1	40	pips_40_500-8000.hdf5	both	none
2921.831	1	Stimulus/S  1	1	29218310	29218318	99	2	60	pips_40_500-8000.hdf5	both	none
2922.8764	1	Stimulus/S  1	1	29228764	29228772	99	3	70	pips_40_500-8000.hdf5	both	none
2923.9324	1	Stimulus/S  1	1	29239324	29239332	99	4	50	pips_40_500-8000.hdf5	both	none
2924.9777	1	Stimulus/S  1	1	29249777	29249785	99	5	30	pips_40_500-8000.hdf5	both	none
2926.0231	1	Stimulus/S  1	1	29260231	29260239	100	0	20	pips_40_500-8000.hdf5	both	none
2927.0791	1	Stimulus/S  1	1	29270791	29270799	100	1	40	pips_40_500-8000.hdf5	both	none
2928.1244	1	Stimulus/S  1	1	29281244	29281252	100	2	60	pips_40_500-8000.hdf5	both	none
2929.1804	1	Stimulus/S  1	1	29291804	29291812	100	3	70	pips_40_500-8000.hdf5	both	none
2930.2258	1	Stimulus/S  1	1	29302258	29302266	100	4	50	pips_40_500-8000.hdf5	both	none
2931.2818	1	Stimulus/S  1	1	29312818	29312826	100	5	30	pips_40_500-8000.hdf5	both	none
2932.3485	1	Stimulus/S  1	1	29323485	29323493	101	0	20	pips_40_500-8000.hdf5	both	none
2933.3938	1	Stimulus/S  1	1	29333938	29333946	101	1	40	pips_40_500-8000.hdf5	both	none
2934.4605	1	Stimulus/S  1	1	29344605	29344613	101	2	60	pips_40_500-8000.hdf5	both	none
2935.5272	1	Stimulus/S  1	1	29355272	29355280	101	3	70	pips_40_500-8000.hdf5	both	none
2936.5938	1	Stimulus/S  1	1	29365938	29365946	101	4	50	pips_40_500-8000.hdf5	both	none
2937.6605	1	Stimulus/S  1	1	29376605	29376613	101	5	30	pips_40_500-8000.hdf5	both	none
2938.7272	1	Stimulus/S  1	1	29387272	29387280	102	0	20	pips_40_500-8000.hdf5	both	none
2939.7939	1	Stimulus/S  1	1	29397939	29397947	102	1	40	pips_40_500-8000.hdf5	both	none
2940.8499	1	Stimulus/S  1	1	29408499	29408507	102	2	60	pips_40_500-8000.hdf5	both	none
2941.9166	1	Stimulus/S  1	1	29419166	29419174	102	3	70	pips_40_500-8000.hdf5	both	none
2942.9619	1	Stimulus/S  1	1	29429619	29429627	102	4	50	pips_40_500-8000.hdf5	both	none
2944.0073	1	Stimulus/S  1	1	29440073	29440081	102	5	30	pips_40_500-8000.hdf5	both	none
2945.0633	1	Stimulus/S  1	1	29450633	29450641	103	0	20	pips_40_500-8000.hdf5	both	none
2946.1086	1	Stimulus/S  1	1	29461086	29461094	103	1	40	pips_40_500-8000.hdf5	both	none
2947.1646	1	Stimulus/S  1	1	29471646	29471654	103	2	60	pips_40_500-8000.hdf5	both	none
2948.21	1	Stimulus/S  1	1	29482100	29482108	103	3	70	pips_40_500-8000.hdf5	both	none
2949.266	1	Stimulus/S  1	1	29492660	29492668	103	4	50	pips_40_500-8000.hdf5	both	none
2950.3113	1	Stimulus/S  1	1	29503113	29503121	103	5	30	pips_40_500-8000.hdf5	both	none
2951.378	1	Stimulus/S  1	1	29513780	29513788	104	0	20	pips_40_500-8000.hdf5	both	none
2952.4447	1	Stimulus/S  1	1	29524447	29524455	104	1	40	pips_40_500-8000.hdf5	both	none
2953.49	1	Stimulus/S  1	1	29534900	29534908	104	2	60	pips_40_500-8000.hdf5	both	none
2954.5567	1	Stimulus/S  1	1	29545567	29545575	104	3	70	pips_40_500-8000.hdf5	both	none
2955.6234	1	Stimulus/S  1	1	29556234	29556242	104	4	50	pips_40_500-8000.hdf5	both	none
2956.69	1	Stimulus/S  1	1	29566900	29566908	104	5	30	pips_40_500-8000.hdf5	both	none
2957.7567	1	Stimulus/S  1	1	29577567	29577575	105	0	20	pips_40_500-8000.hdf5	both	none
2958.8234	1	Stimulus/S  1	1	29588234	29588242	105	1	40	pips_40_500-8000.hdf5	both	none
2959.8901	1	Stimulus/S  1	1	29598901	29598909	105	2	60	pips_40_500-8000.hdf5	both	none
2960.9461	1	Stimulus/S  1	1	29609461	29609469	105	3	70	pips_40_500-8000.hdf5	both	none
2962.0128	1	Stimulus/S  1	1	29620128	29620136	105	4	50	pips_40_500-8000.hdf5	both	none
2963.0581	1	Stimulus/S  1	1	29630581	29630589	105	5	30	pips_40_500-8000.hdf5	both	none
2964.1141	1	Stimulus/S  1	1	29641141	29641149	106	0	20	pips_40_500-8000.hdf5	both	none
2965.1595	1	Stimulus/S  1	1	29651595	29651603	106	1	40	pips_40_500-8000.hdf5	both	none
2966.2155	1	Stimulus/S  1	1	29662155	29662163	106	2	60	pips_40_500-8000.hdf5	both	none
2967.2608	1	Stimulus/S  1	1	29672608	29672616	106	3	70	pips_40_500-8000.hdf5	both	none
2968.3168	1	Stimulus/S  1	1	29683168	29683176	106	4	50	pips_40_500-8000.hdf5	both	none
2969.3622	1	Stimulus/S  1	1	29693622	29693630	106	5	30	pips_40_500-8000.hdf5	both	none
2970.4075	1	Stimulus/S  1	1	29704075	29704083	107	0	20	pips_40_500-8000.hdf5	both	none
2971.4742	1	Stimulus/S  1	1	29714742	29714750	107	1	40	pips_40_500-8000.hdf5	both	none
2972.5302	1	Stimulus/S  1	1	29725302	29725310	107	2	60	pips_40_500-8000.hdf5	both	none
2973.5969	1	Stimulus/S  1	1	29735969	29735977	107	3	70	pips_40_500-8000.hdf5	both	none
2974.6636	1	Stimulus/S  1	1	29746636	29746644	107	4	50	pips_40_500-8000.hdf5	both	none
2975.7302	1	Stimulus/S  1	1	29757302	29757310	107	5	30	pips_40_500-8000.hdf5	both	none
2976.7969	1	Stimulus/S  1	1	29767969	29767977	108	0	20	pips_40_500-8000.hdf5	both	none
2977.8636	1	Stimulus/S  1	1	29778636	29778644	108	1	40	pips_40_500-8000.hdf5	both	none
2978.9303	1	Stimulus/S  1	1	29789303	29789311	108	2	60	pips_40_500-8000.hdf5	both	none
2979.9756	1	Stimulus/S  1	1	29799756	29799764	108	3	70	pips_40_500-8000.hdf5	both	none
2981.0423	1	Stimulus/S  1	1	29810423	29810431	108	4	50	pips_40_500-8000.hdf5	both	none
2982.0983	1	Stimulus/S  1	1	29820983	29820991	108	5	30	pips_40_500-8000.hdf5	both	none
2983.165	1	Stimulus/S  1	1	29831650	29831658	109	0	20	pips_40_500-8000.hdf5	both	none
2984.2103	1	Stimulus/S  1	1	29842103	29842111	109	1	40	pips_40_500-8000.hdf5	both	none
2985.2663	1	Stimulus/S  1	1	29852663	29852671	109	2	60	pips_40_500-8000.hdf5	both	none
2986.3117	1	Stimulus/S  1	1	29863117	29863125	109	3	70	pips_40_500-8000.hdf5	both	none
2987.357	1	Stimulus/S  1	1	29873570	29873578	109	4	50	pips_40_500-8000.hdf5	both	none
2988.413	1	Stimulus/S  1	1	29884130	29884138	109	5	30	pips_40_500-8000.hdf5	both	none
2989.4797	1	Stimulus/S  1	1	29894797	29894805	110	0	20	pips_40_500-8000.hdf5	both	none
2990.525	1	Stimulus/S  1	1	29905250	29905258	110	1	40	pips_40_500-8000.hdf5	both	none
2991.5917	1	Stimulus/S  1	1	29915917	29915925	110	2	60	pips_40_500-8000.hdf5	both	none
2992.6477	1	Stimulus/S  1	1	29926477	29926485	110	3	70	pips_40_500-8000.hdf5	both	none
2993.7144	1	Stimulus/S  1	1	29937144	29937152	110	4	50	pips_40_500-8000.hdf5	both	none
2994.7811	1	Stimulus/S  1	1	29947811	29947819	110	5	30	pips_40_500-8000.hdf5	both	none
2995.8478	1	Stimulus/S  1	1	29958478	29958486	111	0	20	pips_40_500-8000.hdf5	both	none
2996.9144	1	Stimulus/S  1	1	29969144	29969152	111	1	40	pips_40_500-8000.hdf5	both	none
2997.9811	1	Stimulus/S  1	1	29979811	29979819	111	2	60	pips_40_500-8000.hdf5	both	none
2999.0478	1	Stimulus/S  1	1	29990478	29990486	111	3	70	pips_40_500-8000.hdf5	both	none
3000.1145	1	Stimulus/S  1	1	30001145	30001153	111	4	50	pips_40_500-8000.hdf5	both	none
3001.1812	1	Stimulus/S  1	1	30011812	30011820	111	5	30	pips_40_500-8000.hdf5	both	none
3002.2478	1	Stimulus/S  1	1	30022478	30022486	112	0	20	pips_40_500-8000.hdf5	both	none
3003.2932	1	Stimulus/S  1	1	30032932	30032940	112	1	40	pips_40_500-8000.hdf5	both	none
3004.3599	1	Stimulus/S  1	1	30043599	30043607	112	2	60	pips_40_500-8000.hdf5	both	none
3005.4159	1	Stimulus/S  1	1	30054159	30054167	112	3	70	pips_40_500-8000.hdf5	both	none
3006.4612	1	Stimulus/S  1	1	30064612	30064620	112	4	50	pips_40_500-8000.hdf5	both	none
3007.5172	1	Stimulus/S  1	1	30075172	30075180	112	5	30	pips_40_500-8000.hdf5	both	none
3008.5626	1	Stimulus/S  1	1	30085626	30085634	113	0	20	pips_40_500-8000.hdf5	both	none
3009.6079	1	Stimulus/S  1	1	30096079	30096087	113	1	40	pips_40_500-8000.hdf5	both	none
3010.6639	1	Stimulus/S  1	1	30106639	30106647	113	2	60	pips_40_500-8000.hdf5	both	none
3011.7093	1	Stimulus/S  1	1	30117093	30117101	113	3	70	pips_40_500-8000.hdf5	both	none
3012.7653	1	Stimulus/S  1	1	30127653	30127661	113	4	50	pips_40_500-8000.hdf5	both	none
3013.8319	1	Stimulus/S  1	1	30138319	30138327	113	5	30	pips_40_500-8000.hdf5	both	none
3014.8986	1	Stimulus/S  1	1	30148986	30148994	114	0	20	pips_40_500-8000.hdf5	both	none
3015.944	1	Stimulus/S  1	1	30159440	30159448	114	1	40	pips_40_500-8000.hdf5	both	none
3017.0106	1	Stimulus/S  1	1	30170106	30170114	114	2	60	pips_40_500-8000.hdf5	both	none
3018.0773	1	Stimulus/S  1	1	30180773	30180781	114	3	70	pips_40_500-8000.hdf5	both	none
3019.144	1	Stimulus/S  1	1	30191440	30191448	114	4	50	pips_40_500-8000.hdf5	both	none
3020.2	1	Stimulus/S  1	1	30202000	30202008	114	5	30	pips_40_500-8000.hdf5	both	none
3021.2667	1	Stimulus/S  1	1	30212667	30212675	115	0	20	pips_40_500-8000.hdf5	both	none
3022.3334	1	Stimulus/S  1	1	30223334	30223342	115	1	40	pips_40_500-8000.hdf5	both	none
3023.4	1	Stimulus/S  1	1	30234000	30234008	115	2	60	pips_40_500-8000.hdf5	both	none
3024.4667	1	Stimulus/S  1	1	30244667	30244675	115	3	70	pips_40_500-8000.hdf5	both	none
3025.5121	1	Stimulus/S  1	1	30255121	30255129	115	4	50	pips_40_500-8000.hdf5	both	none
3026.5681	1	Stimulus/S  1	1	30265681	30265689	115	5	30	pips_40_500-8000.hdf5	both	none
3027.6134	1	Stimulus/S  1	1	30276134	30276142	116	0	20	pips_40_500-8000.hdf5	both	none
3028.6588	1	Stimulus/S  1	1	30286588	30286596	116	1	40	pips_40_500-8000.hdf5	both	none
3029.7148	1	Stimulus/S  1	1	30297148	30297156	116	2	60	pips_40_500-8000.hdf5	both	none
3030.7601	1	Stimulus/S  1	1	30307601	30307609	116	3	70	pips_40_500-8000.hdf5	both	none
3031.8161	1	Stimulus/S  1	1	30318161	30318169	116	4	50	pips_40_500-8000.hdf5	both	none
3032.8615	1	Stimulus/S  1	1	30328615	30328623	116	5	30	pips_40_500-8000.hdf5	both	none
3033.9175	1	Stimulus/S  1	1	30339175	30339183	117	0	20	pips_40_500-8000.hdf5	both	none
3034.9628	1	Stimulus/S  1	1	30349628	30349636	117	1	40	pips_40_500-8000.hdf5	both	none
3036.0295	1	Stimulus/S  1	1	30360295	30360303	117	2	60	pips_40_500-8000.hdf5	both	none
3037.0748	1	Stimulus/S  1	1	30370748	30370756	117	3	70	pips_40_500-8000.hdf5	both	none
3038.1415	1	Stimulus/S  1	1	30381415	30381423	117	4	50	pips_40_500-8000.hdf5	both	none
3039.2082	1	Stimulus/S  1	1	30392082	30392090	117	5	30	pips_40_500-8000.hdf5	both	none
3040.2749	1	Stimulus/S  1	1	30402749	30402757	118	0	20	pips_40_500-8000.hdf5	both	none
3041.3415	1	Stimulus/S  1	1	30413415	30413423	118	1	40	pips_40_500-8000.hdf5	both	none
3042.4082	1	Stimulus/S  1	1	30424082	30424090	118	2	60	pips_40_500-8000.hdf5	both	none
3043.4856	1	Stimulus/S  1	1	30434856	30434864	118	3	70	pips_40_500-8000.hdf5	both	none
3044.5309	1	Stimulus/S  1	1	30445309	30445317	118	4	50	pips_40_500-8000.hdf5	both	none
3045.5976	1	Stimulus/S  1	1	30455976	30455984	118	5	30	pips_40_500-8000.hdf5	both	none
3046.6429	1	Stimulus/S  1	1	30466429	30466437	119	0	20	pips_40_500-8000.hdf5	both	none
3047.7096	1	Stimulus/S  1	1	30477096	30477104	119	1	40	pips_40_500-8000.hdf5	both	none
3048.7656	1	Stimulus/S  1	1	30487656	30487664	119	2	60	pips_40_500-8000.hdf5	both	none
3049.811	1	Stimulus/S  1	1	30498110	30498118	119	3	70	pips_40_500-8000.hdf5	both	none
3050.867	1	Stimulus/S  1	1	30508670	30508678	119	4	50	pips_40_500-8000.hdf5	both	none
3051.9123	1	Stimulus/S  1	1	30519123	30519131	119	5	30	pips_40_500-8000.hdf5	both	none
3052.9683	1	Stimulus/S  1	1	30529683	30529691	0	0	20	pips_40_500-8000.hdf5	both	none
3054.035	1	Stimulus/S  1	1	30540350	30540358	0	1	40	pips_40_500-8000.hdf5	both	none
3055.0804	1	Stimulus/S  1	1	30550804	30550812	0	2	60	pips_40_500-8000.hdf5	both	none
3056.147	1	Stimulus/S  1	1	30561470	30561478	0	3	70	pips_40_500-8000.hdf5	both	none
3057.1924	1	Stimulus/S  1	1	30571924	30571932	0	4	50	pips_40_500-8000.hdf5	both	none
3058.259	1	Stimulus/S  1	1	30582590	30582598	0	5	30	pips_40_500-8000.hdf5	both	none
3059.3257	1	Stimulus/S  1	1	30593257	30593265	1	0	20	pips_40_500-8000.hdf5	both	none
3060.3924	1	Stimulus/S  1	1	30603924	30603932	1	1	40	pips_40_500-8000.hdf5	both	none
3061.4591	1	Stimulus/S  1	1	30614591	30614599	1	2	60	pips_40_500-8000.hdf5	both	none
3062.5258	1	Stimulus/S  1	1	30625258	30625266	1	3	70	pips_40_500-8000.hdf5	both	none
3063.5924	1	Stimulus/S  1	1	30635924	30635932	1	4	50	pips_40_500-8000.hdf5	both	none
3064.6484	1	Stimulus/S  1	1	30646484	30646492	1	5	30	pips_40_500-8000.hdf5	both	none
3065.7151	1	Stimulus/S  1	1	30657151	30657159	2	0	20	pips_40_500-8000.hdf5	both	none
3066.7605	1	Stimulus/S  1	1	30667605	30667613	2	1	40	pips_40_500-8000.hdf5	both	none
3067.8271	1	Stimulus/S  1	1	30678271	30678279	2	2	60	pips_40_500-8000.hdf5	both	none
3068.8832	1	Stimulus/S  1	1	30688832	30688840	2	3	70	pips_40_500-8000.hdf5	both	none
3069.9285	1	Stimulus/S  1	1	30699285	30699293	2	4	50	pips_40_500-8000.hdf5	both	none
3070.9845	1	Stimulus/S  1	1	30709845	30709853	2	5	30	pips_40_500-8000.hdf5	both	none
3072.0299	1	Stimulus/S  1	1	30720299	30720307	3	0	20	pips_40_500-8000.hdf5	both	none
3073.0752	1	Stimulus/S  1	1	30730752	30730760	3	1	40	pips_40_500-8000.hdf5	both	none
3074.1312	1	Stimulus/S  1	1	30741312	30741320	3	2	60	pips_40_500-8000.hdf5	both	none
3075.1765	1	Stimulus/S  1	1	30751765	30751773	3	3	70	pips_40_500-8000.hdf5	both	none
3076.2432	1	Stimulus/S  1	1	30762432	30762440	3	4	50	pips_40_500-8000.hdf5	both	none
3077.2992	1	Stimulus/S  1	1	30772992	30773000	3	5	30	pips_40_500-8000.hdf5	both	none
3078.3659	1	Stimulus/S  1	1	30783659	30783667	4	0	20	pips_40_500-8000.hdf5	both	none
3079.4113	1	Stimulus/S  1	1	30794113	30794121	4	1	40	pips_40_500-8000.hdf5	both	none
3080.4779	1	Stimulus/S  1	1	30804779	30804787	4	2	60	pips_40_500-8000.hdf5	both	none
3081.5446	1	Stimulus/S  1	1	30815446	30815454	4	3	70	pips_40_500-8000.hdf5	both	none
3082.6113	1	Stimulus/S  1	1	30826113	30826121	4	4	50	pips_40_500-8000.hdf5	both	none
3083.678	1	Stimulus/S  1	1	30836780	30836788	4	5	30	pips_40_500-8000.hdf5	both	none
3084.7446	1	Stimulus/S  1	1	30847446	30847454	5	0	20	pips_40_500-8000.hdf5	both	none
3085.8113	1	Stimulus/S  1	1	30858113	30858121	5	1	40	pips_40_500-8000.hdf5	both	none
3086.8673	1	Stimulus/S  1	1	30868673	30868681	5	2	60	pips_40_500-8000.hdf5	both	none
3087.934	1	Stimulus/S  1	1	30879340	30879348	5	3	70	pips_40_500-8000.hdf5	both	none
3088.9794	1	Stimulus/S  1	1	30889794	30889802	5	4	50	pips_40_500-8000.hdf5	both	none
3090.0354	1	Stimulus/S  1	1	30900354	30900362	5	5	30	pips_40_500-8000.hdf5	both	none
3091.0807	1	Stimulus/S  1	1	30910807	30910815	6	0	20	pips_40_500-8000.hdf5	both	none
3092.126	1	Stimulus/S  1	1	30921260	30921268	6	1	40	pips_40_500-8000.hdf5	both	none
3093.1821	1	Stimulus/S  1	1	30931821	30931829	6	2	60	pips_40_500-8000.hdf5	both	none
3094.2274	1	Stimulus/S  1	1	30942274	30942282	6	3	70	pips_40_500-8000.hdf5	both	none
3095.2834	1	Stimulus/S  1	1	30952834	30952842	6	4	50	pips_40_500-8000.hdf5	both	none
3096.3288	1	Stimulus/S  1	1	30963288	30963296	6	5	30	pips_40_500-8000.hdf5	both	none
3097.3954	1	Stimulus/S  1	1	30973954	30973962	7	0	20	pips_40_500-8000.hdf5	both	none
3098.4621	1	Stimulus/S  1	1	30984621	30984629	7	1	40	pips_40_500-8000.hdf5	both	none
3099.5288	1	Stimulus/S  1	1	30995288	30995296	7	2	60	pips_40_500-8000.hdf5	both	none
3100.5955	1	Stimulus/S  1	1	31005955	31005963	7	3	70	pips_40_500-8000.hdf5	both	none
3101.6621	1	Stimulus/S  1	1	31016621	31016629	7	4	50	pips_40_500-8000.hdf5	both	none
3102.7288	1	Stimulus/S  1	1	31027288	31027296	7	5	30	pips_40_500-8000.hdf5	both	none
3103.7848	1	Stimulus/S  1	1	31037848	31037856	8	0	20	pips_40_500-8000.hdf5	both	none
3104.8515	1	Stimulus/S  1	1	31048515	31048523	8	1	40	pips_40_500-8000.hdf5	both	none
3105.8969	1	Stimulus/S  1	1	31058969	31058977	8	2	60	pips_40_500-8000.hdf5	both	none
3106.9635	1	Stimulus/S  1	1	31069635	31069643	8	3	70	pips_40_500-8000.hdf5	both	none
3108.0089	1	Stimulus/S  1	1	31080089	31080097	8	4	50	pips_40_500-8000.hdf5	both	none
3109.0649	1	Stimulus/S  1	1	31090649	31090657	8	5	30	pips_40_500-8000.hdf5	both	none
3110.1102	1	Stimulus/S  1	1	31101102	31101110	9	0	20	pips_40_500-8000.hdf5	both	none
3111.1662	1	Stimulus/S  1	1	31111662	31111670	9	1	40	pips_40_500-8000.hdf5	both	none
3112.2116	1	Stimulus/S  1	1	31122116	31122124	9	2	60	pips_40_500-8000.hdf5	both	none
3113.2676	1	Stimulus/S  1	1	31132676	31132684	9	3	70	pips_40_500-8000.hdf5	both	none
3114.3129	1	Stimulus/S  1	1	31143129	31143137	9	4	50	pips_40_500-8000.hdf5	both	none
3115.3796	1	Stimulus/S  1	1	31153796	31153804	9	5	30	pips_40_500-8000.hdf5	both	none
3116.4356	1	Stimulus/S  1	1	31164356	31164364	10	0	20	pips_40_500-8000.hdf5	both	none
3117.5023	1	Stimulus/S  1	1	31175023	31175031	10	1	40	pips_40_500-8000.hdf5	both	none
3118.5476	1	Stimulus/S  1	1	31185476	31185484	10	2	60	pips_40_500-8000.hdf5	both	none
3119.6143	1	Stimulus/S  1	1	31196143	31196151	10	3	70	pips_40_500-8000.hdf5	both	none
3120.681	1	Stimulus/S  1	1	31206810	31206818	10	4	50	pips_40_500-8000.hdf5	both	none
3121.7477	1	Stimulus/S  1	1	31217477	31217485	10	5	30	pips_40_500-8000.hdf5	both	none
3122.8144	1	Stimulus/S  1	1	31228144	31228152	11	0	20	pips_40_500-8000.hdf5	both	none
3123.881	1	Stimulus/S  1	1	31238810	31238818	11	1	40	pips_40_500-8000.hdf5	both	none
3124.9477	1	Stimulus/S  1	1	31249477	31249485	11	2	60	pips_40_500-8000.hdf5	both	none
3125.993	1	Stimulus/S  1	1	31259930	31259938	11	3	70	pips_40_500-8000.hdf5	both	none
3127.0597	1	Stimulus/S  1	1	31270597	31270605	11	4	50	pips_40_500-8000.hdf5	both	none
3128.1157	1	Stimulus/S  1	1	31281157	31281165	11	5	30	pips_40_500-8000.hdf5	both	none
3129.1611	1	Stimulus/S  1	1	31291611	31291619	12	0	20	pips_40_500-8000.hdf5	both	none
3130.2171	1	Stimulus/S  1	1	31302171	31302179	12	1	40	pips_40_500-8000.hdf5	both	none
3131.2624	1	Stimulus/S  1	1	31312624	31312632	12	2	60	pips_40_500-8000.hdf5	both	none
3132.3184	1	Stimulus/S  1	1	31323184	31323192	12	3	70	pips_40_500-8000.hdf5	both	none
3133.3638	1	Stimulus/S  1	1	31333638	31333646	12	4	50	pips_40_500-8000.hdf5	both	none
3134.4198	1	Stimulus/S  1	1	31344198	31344206	12	5	30	pips_40_500-8000.hdf5	both	none
3135.4651	1	Stimulus/S  1	1	31354651	31354659	13	0	20	pips_40_500-8000.hdf5	both	none
3136.5318	1	Stimulus/S  1	1	31365318	31365326	13	1	40	pips_40_500-8000.hdf5	both	none
3137.5985	1	Stimulus/S  1	1	31375985	31375993	13	2	60	pips_40_500-8000.hdf5	both	none
3138.6652	1	Stimulus/S  1	1	31386652	31386660	13	3	70	pips_40_500-8000.hdf5	both	none
3139.7319	1	Stimulus/S  1	1	31397319	31397327	13	4	50	pips_40_500-8000.hdf5	both	none
3140.7985	1	Stimulus/S  1	1	31407985	31407993	13	5	30	pips_40_500-8000.hdf5	both	none
3141.8652	1	Stimulus/S  1	1	31418652	31418660	14	0	20	pips_40_500-8000.hdf5	both	none
3142.9319	1	Stimulus/S  1	1	31429319	31429327	14	1	40	pips_40_500-8000.hdf5	both	none
3143.9986	1	Stimulus/S  1	1	31439986	31439994	14	2	60	pips_40_500-8000.hdf5	both	none
3145.0439	1	Stimulus/S  1	1	31450439	31450447	14	3	70	pips_40_500-8000.hdf5	both	none
3146.0999	1	Stimulus/S  1	1	31460999	31461007	14	4	50	pips_40_500-8000.hdf5	both	none
3147.1453	1	Stimulus/S  1	1	31471453	31471461	14	5	30	pips_40_500-8000.hdf5	both	none
3148.2013	1	Stimulus/S  1	1	31482013	31482021	15	0	20	pips_40_500-8000.hdf5	both	none
3149.2466	1	Stimulus/S  1	1	31492466	31492474	15	1	40	pips_40_500-8000.hdf5	both	none
3150.3026	1	Stimulus/S  1	1	31503026	31503034	15	2	60	pips_40_500-8000.hdf5	both	none
3151.348	1	Stimulus/S  1	1	31513480	31513488	15	3	70	pips_40_500-8000.hdf5	both	none
3152.4146	1	Stimulus/S  1	1	31524146	31524154	15	4	50	pips_40_500-8000.hdf5	both	none
3153.46	1	Stimulus/S  1	1	31534600	31534608	15	5	30	pips_40_500-8000.hdf5	both	none
3154.5373	1	Stimulus/S  1	1	31545373	31545381	16	0	20	pips_40_500-8000.hdf5	both	none
3155.5827	1	Stimulus/S  1	1	31555827	31555835	16	1	40	pips_40_500-8000.hdf5	both	none
3156.6494	1	Stimulus/S  1	1	31566494	31566502	16	2	60	pips_40_500-8000.hdf5	both	none
3157.716	1	Stimulus/S  1	1	31577160	31577168	16	3	70	pips_40_500-8000.hdf5	both	none
3158.7827	1	Stimulus/S  1	1	31587827	31587835	16	4	50	pips_40_500-8000.hdf5	both	none
3159.8494	1	Stimulus/S  1	1	31598494	31598502	16	5	30	pips_40_500-8000.hdf5	both	none
3160.9161	1	Stimulus/S  1	1	31609161	31609169	17	0	20	pips_40_500-8000.hdf5	both	none
3161.9827	1	Stimulus/S  1	1	31619827	31619835	17	1	40	pips_40_500-8000.hdf5	both	none
3163.0281	1	Stimulus/S  1	1	31630281	31630289	17	2	60	pips_40_500-8000.hdf5	both	none
3164.0948	1	Stimulus/S  1	1	31640948	31640956	17	3	70	pips_40_500-8000.hdf5	both	none
3165.1508	1	Stimulus/S  1	1	31651508	31651516	17	4	50	pips_40_500-8000.hdf5	both	none
3166.2174	1	Stimulus/S  1	1	31662174	31662182	17	5	30	pips_40_500-8000.hdf5	both	none
3167.2628	1	Stimulus/S  1	1	31672628	31672636	18	0	20	pips_40_500-8000.hdf5	both	none
3168.3188	1	Stimulus/S  1	1	31683188	31683196	18	1	40	pips_40_500-8000.hdf5	both	none
3169.3641	1	Stimulus/S  1	1	31693641	31693649	18	2	60	pips_40_500-8000.hdf5	both	none
3170.4202	1	Stimulus/S  1	1	31704202	31704210	18	3	70	pips_40_500-8000.hdf5	both	none
3171.4655	1	Stimulus/S  1	1	31714655	31714663	18	4	50	pips_40_500-8000.hdf5	both	none
3172.5322	1	Stimulus/S  1	1	31725322	31725330	18	5	30	pips_40_500-8000.hdf5	both	none
3173.5775	1	Stimulus/S  1	1	31735775	31735783	19	0	20	pips_40_500-8000.hdf5	both	none
3174.6442	1	Stimulus/S  1	1	31746442	31746450	19	1	40	pips_40_500-8000.hdf5	both	none
3175.7002	1	Stimulus/S  1	1	31757002	31757010	19	2	60	pips_40_500-8000.hdf5	both	none
3176.7669	1	Stimulus/S  1	1	31767669	31767677	19	3	70	pips_40_500-8000.hdf5	both	none
3177.8336	1	Stimulus/S  1	1	31778336	31778344	19	4	50	pips_40_500-8000.hdf5	both	none
3178.9002	1	Stimulus/S  1	1	31789002	31789010	19	5	30	pips_40_500-8000.hdf5	both	none
3179.9669	1	Stimulus/S  1	1	31799669	31799677	20	0	20	pips_40_500-8000.hdf5	both	none
3181.0336	1	Stimulus/S  1	1	31810336	31810344	20	1	40	pips_40_500-8000.hdf5	both	none
3182.1003	1	Stimulus/S  1	1	31821003	31821011	20	2	60	pips_40_500-8000.hdf5	both	none
3183.1456	1	Stimulus/S  1	1	31831456	31831464	20	3	70	pips_40_500-8000.hdf5	both	none
3184.2123	1	Stimulus/S  1	1	31842123	31842131	20	4	50	pips_40_500-8000.hdf5	both	none
3185.2683	1	Stimulus/S  1	1	31852683	31852691	20	5	30	pips_40_500-8000.hdf5	both	none
3186.335	1	Stimulus/S  1	1	31863350	31863358	21	0	20	pips_40_500-8000.hdf5	both	none
3187.3803	1	Stimulus/S  1	1	31873803	31873811	21	1	40	pips_40_500-8000.hdf5	both	none
3188.4363	1	Stimulus/S  1	1	31884363	31884371	21	2	60	pips_40_500-8000.hdf5	both	none
3189.4817	1	Stimulus/S  1	1	31894817	31894825	21	3	70	pips_40_500-8000.hdf5	both	none
3190.527	1	Stimulus/S  1	1	31905270	31905278	21	4	50	pips_40_500-8000.hdf5	both	none
3191.583	1	Stimulus/S  1	1	31915830	31915838	21	5	30	pips_40_500-8000.hdf5	both	none
3192.6497	1	Stimulus/S  1	1	31926497	31926505	22	0	20	pips_40_500-8000.hdf5	both	none
3193.6951	1	Stimulus/S  1	1	31936951	31936959	22	1	40	pips_40_500-8000.hdf5	both	none
3194.7617	1	Stimulus/S  1	1	31947617	31947625	22	2	60	pips_40_500-8000.hdf5	both	none
3195.8177	1	Stimulus/S  1	1	31958177	31958185	22	3	70	pips_40_500-8000.hdf5	both	none
3196.8844	1	Stimulus/S  1	1	31968844	31968852	22	4	50	pips_40_500-8000.hdf5	both	none
3197.9511	1	Stimulus/S  1	1	31979511	31979519	22	5	30	pips_40_500-8000.hdf5	both	none
3199.0178	1	Stimulus/S  1	1	31990178	31990186	23	0	20	pips_40_500-8000.hdf5	both	none
3200.0844	1	Stimulus/S  1	1	32000844	32000852	23	1	40	pips_40_500-8000.hdf5	both	none
3201.1511	1	Stimulus/S  1	1	32011511	32011519	23	2	60	pips_40_500-8000.hdf5	both	none
3202.2178	1	Stimulus/S  1	1	32022178	32022186	23	3	70	pips_40_500-8000.hdf5	both	none
3203.2631	1	Stimulus/S  1	1	32032631	32032639	23	4	50	pips_40_500-8000.hdf5	both	none
3204.3298	1	Stimulus/S  1	1	32043298	32043306	23	5	30	pips_40_500-8000.hdf5	both	none
3205.3858	1	Stimulus/S  1	1	32053858	32053866	24	0	20	pips_40_500-8000.hdf5	both	none
3206.4525	1	Stimulus/S  1	1	32064525	32064533	24	1	40	pips_40_500-8000.hdf5	both	none
3207.4979	1	Stimulus/S  1	1	32074979	32074987	24	2	60	pips_40_500-8000.hdf5	both	none
3208.5539	1	Stimulus/S  1	1	32085539	32085547	24	3	70	pips_40_500-8000.hdf5	both	none
3209.5992	1	Stimulus/S  1	1	32095992	32096000	24	4	50	pips_40_500-8000.hdf5	both	none
3210.6446	1	Stimulus/S  1	1	32106446	32106454	24	5	30	pips_40_500-8000.hdf5	both	none
3211.7006	1	Stimulus/S  1	1	32117006	32117014	25	0	20	pips_40_500-8000.hdf5	both	none
3212.7459	1	Stimulus/S  1	1	32127459	32127467	25	1	40	pips_40_500-8000.hdf5	both	none
3213.8019	1	Stimulus/S  1	1	32138019	32138027	25	2	60	pips_40_500-8000.hdf5	both	none
3214.8686	1	Stimulus/S  1	1	32148686	32148694	25	3	70	pips_40_500-8000.hdf5	both	none
3215.9139	1	Stimulus/S  1	1	32159139	32159147	25	4	50	pips_40_500-8000.hdf5	both	none
3216.9806	1	Stimulus/S  1	1	32169806	32169814	25	5	30	pips_40_500-8000.hdf5	both	none
3218.0366	1	Stimulus/S  1	1	32180366	32180374	26	0	20	pips_40_500-8000.hdf5	both	none
3219.1033	1	Stimulus/S  1	1	32191033	32191041	26	1	40	pips_40_500-8000.hdf5	both	none
3220.17	1	Stimulus/S  1	1	32201700	32201708	26	2	60	pips_40_500-8000.hdf5	both	none
3221.2367	1	Stimulus/S  1	1	32212367	32212375	26	3	70	pips_40_500-8000.hdf5	both	none
3222.282	1	Stimulus/S  1	1	32222820	32222828	26	4	50	pips_40_500-8000.hdf5	both	none
3223.3487	1	Stimulus/S  1	1	32233487	32233495	26	5	30	pips_40_500-8000.hdf5	both	none
3224.4047	1	Stimulus/S  1	1	32244047	32244055	27	0	20	pips_40_500-8000.hdf5	both	none
3225.4714	1	Stimulus/S  1	1	32254714	32254722	27	1	40	pips_40_500-8000.hdf5	both	none
3226.5167	1	Stimulus/S  1	1	32265167	32265175	27	2	60	pips_40_500-8000.hdf5	both	none
3227.5621	1	Stimulus/S  1	1	32275621	32275629	27	3	70	pips_40_500-8000.hdf5	both	none
3228.6181	1	Stimulus/S  1	1	32286181	32286189	27	4	50	pips_40_500-8000.hdf5	both	none
3229.6634	1	Stimulus/S  1	1	32296634	32296642	27	5	30	pips_40_500-8000.hdf5	both	none
3230.7194	1	Stimulus/S  1	1	32307194	32307202	28	0	20	pips_40_500-8000.hdf5	both	none
3231.7648	1	Stimulus/S  1	1	32317648	32317656	28	1	40	pips_40_500-8000.hdf5	both	none
3232.8208	1	Stimulus/S  1	1	32328208	32328216	28	2	60	pips_40_500-8000.hdf5	both	none
3233.8874	1	Stimulus/S  1	1	32338874	32338882	28	3	70	pips_40_500-8000.hdf5	both	none
3234.9328	1	Stimulus/S  1	1	32349328	32349336	28	4	50	pips_40_500-8000.hdf5	both	none
3235.9995	1	Stimulus/S  1	1	32359995	32360003	28	5	30	pips_40_500-8000.hdf5	both	none
3237.0448	1	Stimulus/S  1	1	32370448	32370456	29	0	20	pips_40_500-8000.hdf5	both	none
3238.1115	1	Stimulus/S  1	1	32381115	32381123	29	1	40	pips_40_500-8000.hdf5	both	none
3239.1782	1	Stimulus/S  1	1	32391782	32391790	29	2	60	pips_40_500-8000.hdf5	both	none
3240.2448	1	Stimulus/S  1	1	32402448	32402456	29	3	70	pips_40_500-8000.hdf5	both	none
3241.3115	1	Stimulus/S  1	1	32413115	32413123	29	4	50	pips_40_500-8000.hdf5	both	none
3242.3782	1	Stimulus/S  1	1	32423782	32423790	29	5	30	pips_40_500-8000.hdf5	both	none
3243.4342	1	Stimulus/S  1	1	32434342	32434350	30	0	20	pips_40_500-8000.hdf5	both	none
3244.4796	1	Stimulus/S  1	1	32444796	32444804	30	1	40	pips_40_500-8000.hdf5	both	none
3245.5356	1	Stimulus/S  1	1	32455356	32455364	30	2	60	pips_40_500-8000.hdf5	both	none
3246.5809	1	Stimulus/S  1	1	32465809	32465817	30	3	70	pips_40_500-8000.hdf5	both	none
3247.6369	1	Stimulus/S  1	1	32476369	32476377	30	4	50	pips_40_500-8000.hdf5	both	none
3248.6823	1	Stimulus/S  1	1	32486823	32486831	30	5	30	pips_40_500-8000.hdf5	both	none
3249.7383	1	Stimulus/S  1	1	32497383	32497391	31	0	20	pips_40_500-8000.hdf5	both	none
3250.7836	1	Stimulus/S  1	1	32507836	32507844	31	1	40	pips_40_500-8000.hdf5	both	none
3251.829	1	Stimulus/S  1	1	32518290	32518298	31	2	60	pips_40_500-8000.hdf5	both	none
3252.8956	1	Stimulus/S  1	1	32528956	32528964	31	3	70	pips_40_500-8000.hdf5	both	none
3253.9516	1	Stimulus/S  1	1	32539516	32539524	31	4	50	pips_40_500-8000.hdf5	both	none
3255.0183	1	Stimulus/S  1	1	32550183	32550191	31	5	30	pips_40_500-8000.hdf5	both	none
3256.0637	1	Stimulus/S  1	1	32560637	32560645	32	0	20	pips_40_500-8000.hdf5	both	none
3257.1303	1	Stimulus/S  1	1	32571303	32571311	32	1	40	pips_40_500-8000.hdf5	both	none
3258.197	1	Stimulus/S  1	1	32581970	32581978	32	2	60	pips_40_500-8000.hdf5	both	none
3259.2637	1	Stimulus/S  1	1	32592637	32592645	32	3	70	pips_40_500-8000.hdf5	both	none
3260.3304	1	Stimulus/S  1	1	32603304	32603312	32	4	50	pips_40_500-8000.hdf5	both	none
3261.3971	1	Stimulus/S  1	1	32613971	32613979	32	5	30	pips_40_500-8000.hdf5	both	none
3262.4637	1	Stimulus/S  1	1	32624637	32624645	33	0	20	pips_40_500-8000.hdf5	both	none
3263.5197	1	Stimulus/S  1	1	32635197	32635205	33	1	40	pips_40_500-8000.hdf5	both	none
3264.5864	1	Stimulus/S  1	1	32645864	32645872	33	2	60	pips_40_500-8000.hdf5	both	none
3265.6318	1	Stimulus/S  1	1	32656318	32656326	33	3	70	pips_40_500-8000.hdf5	both	none
3266.6878	1	Stimulus/S  1	1	32666878	32666886	33	4	50	pips_40_500-8000.hdf5	both	none
3267.7331	1	Stimulus/S  1	1	32677331	32677339	33	5	30	pips_40_500-8000.hdf5	both	none
3268.7891	1	Stimulus/S  1	1	32687891	32687899	34	0	20	pips_40_500-8000.hdf5	both	none
3269.8345	1	Stimulus/S  1	1	32698345	32698353	34	1	40	pips_40_500-8000.hdf5	both	none
3270.8798	1	Stimulus/S  1	1	32708798	32708806	34	2	60	pips_40_500-8000.hdf5	both	none
3271.9358	1	Stimulus/S  1	1	32719358	32719366	34	3	70	pips_40_500-8000.hdf5	both	none
3272.9812	1	Stimulus/S  1	1	32729812	32729820	34	4	50	pips_40_500-8000.hdf5	both	none
3274.0372	1	Stimulus/S  1	1	32740372	32740380	34	5	30	pips_40_500-8000.hdf5	both	none
3275.0825	1	Stimulus/S  1	1	32750825	32750833	35	0	20	pips_40_500-8000.hdf5	both	none
3276.1492	1	Stimulus/S  1	1	32761492	32761500	35	1	40	pips_40_500-8000.hdf5	both	none
3277.2159	1	Stimulus/S  1	1	32772159	32772167	35	2	60	pips_40_500-8000.hdf5	both	none
3278.2826	1	Stimulus/S  1	1	32782826	32782834	35	3	70	pips_40_500-8000.hdf5	both	none
3279.3492	1	Stimulus/S  1	1	32793492	32793500	35	4	50	pips_40_500-8000.hdf5	both	none
3280.4159	1	Stimulus/S  1	1	32804159	32804167	35	5	30	pips_40_500-8000.hdf5	both	none
3281.4826	1	Stimulus/S  1	1	32814826	32814834	36	0	20	pips_40_500-8000.hdf5	both	none
3282.5493	1	Stimulus/S  1	1	32825493	32825501	36	1	40	pips_40_500-8000.hdf5	both	none
3283.6159	1	Stimulus/S  1	1	32836159	32836167	36	2	60	pips_40_500-8000.hdf5	both	none
3284.6826	1	Stimulus/S  1	1	32846826	32846834	36	3	70	pips_40_500-8000.hdf5	both	none
3285.7386	1	Stimulus/S  1	1	32857386	32857394	36	4	50	pips_40_500-8000.hdf5	both	none
3286.8053	1	Stimulus/S  1	1	32868053	32868061	36	5	30	pips_40_500-8000.hdf5	both	none
3287.8506	1	Stimulus/S  1	1	32878506	32878514	37	0	20	pips_40_500-8000.hdf5	both	none
3288.896	1	Stimulus/S  1	1	32888960	32888968	37	1	40	pips_40_500-8000.hdf5	both	none
3289.952	1	Stimulus/S  1	1	32899520	32899528	37	2	60	pips_40_500-8000.hdf5	both	none
3290.9973	1	Stimulus/S  1	1	32909973	32909981	37	3	70	pips_40_500-8000.hdf5	both	none
3292.0534	1	Stimulus/S  1	1	32920534	32920542	37	4	50	pips_40_500-8000.hdf5	both	none
3293.0987	1	Stimulus/S  1	1	32930987	32930995	37	5	30	pips_40_500-8000.hdf5	both	none
3294.1547	1	Stimulus/S  1	1	32941547	32941555	38	0	20	pips_40_500-8000.hdf5	both	none
3295.2001	1	Stimulus/S  1	1	32952001	32952009	38	1	40	pips_40_500-8000.hdf5	both	none
3296.2454	1	Stimulus/S  1	1	32962454	32962462	38	2	60	pips_40_500-8000.hdf5	both	none
3297.3014	1	Stimulus/S  1	1	32973014	32973022	38	3	70	pips_40_500-8000.hdf5	both	none
3298.3467	1	Stimulus/S  1	1	32983467	32983475	38	4	50	pips_40_500-8000.hdf5	both	none
3299.4028	1	Stimulus/S  1	1	32994028	32994036	38	5	30	pips_40_500-8000.hdf5	both	none
3300.4694	1	Stimulus/S  1	1	33004694	33004702	39	0	20	pips_40_500-8000.hdf5	both	none
3301.5361	1	Stimulus/S  1	1	33015361	33015369	39	1	40	pips_40_500-8000.hdf5	both	none
3302.6028	1	Stimulus/S  1	1	33026028	33026036	39	2	60	pips_40_500-8000.hdf5	both	none
3303.6695	1	Stimulus/S  1	1	33036695	33036703	39	3	70	pips_40_500-8000.hdf5	both	none
3304.7361	1	Stimulus/S  1	1	33047361	33047369	39	4	50	pips_40_500-8000.hdf5	both	none
3305.8028	1	Stimulus/S  1	1	33058028	33058036	39	5	30	pips_40_500-8000.hdf5	both	none
3306.8482	1	Stimulus/S  1	1	33068482	33068490	40	0	20	pips_40_500-8000.hdf5	both	none
3307.9148	1	Stimulus/S  1	1	33079148	33079156	40	1	40	pips_40_500-8000.hdf5	both	none
3308.9815	1	Stimulus/S  1	1	33089815	33089823	40	2	60	pips_40_500-8000.hdf5	both	none
3310.0375	1	Stimulus/S  1	1	33100375	33100383	40	3	70	pips_40_500-8000.hdf5	both	none
3311.1042	1	Stimulus/S  1	1	33111042	33111050	40	4	50	pips_40_500-8000.hdf5	both	none
3312.1496	1	Stimulus/S  1	1	33121496	33121504	40	5	30	pips_40_500-8000.hdf5	both	none
3313.2056	1	Stimulus/S  1	1	33132056	33132064	41	0	20	pips_40_500-8000.hdf5	both	none
3314.2509	1	Stimulus/S  1	1	33142509	33142517	41	1	40	pips_40_500-8000.hdf5	both	none
3315.2963	1	Stimulus/S  1	1	33152963	33152971	41	2	60	pips_40_500-8000.hdf5	both	none
3316.3523	1	Stimulus/S  1	1	33163523	33163531	41	3	70	pips_40_500-8000.hdf5	both	none
3317.3976	1	Stimulus/S  1	1	33173976	33173984	41	4	50	pips_40_500-8000.hdf5	both	none
3318.4536	1	Stimulus/S  1	1	33184536	33184544	41	5	30	pips_40_500-8000.hdf5	both	none
3319.499	1	Stimulus/S  1	1	33194990	33194998	42	0	20	pips_40_500-8000.hdf5	both	none
3320.5656	1	Stimulus/S  1	1	33205656	33205664	42	1	40	pips_40_500-8000.hdf5	both	none
3321.6216	1	Stimulus/S  1	1	33216216	33216224	42	2	60	pips_40_500-8000.hdf5	both	none
3322.6883	1	Stimulus/S  1	1	33226883	33226891	42	3	70	pips_40_500-8000.hdf5	both	none
3323.755	1	Stimulus/S  1	1	33237550	33237558	42	4	50	pips_40_500-8000.hdf5	both	none
3324.8217	1	Stimulus/S  1	1	33248217	33248225	42	5	30	pips_40_500-8000.hdf5	both	none
3325.8884	1	Stimulus/S  1	1	33258884	33258892	43	0	20	pips_40_500-8000.hdf5	both	none
3326.955	1	Stimulus/S  1	1	33269550	33269558	43	1	40	pips_40_500-8000.hdf5	both	none
3328.0217	1	Stimulus/S  1	1	33280217	33280225	43	2	60	pips_40_500-8000.hdf5	both	none
3329.0671	1	Stimulus/S  1	1	33290671	33290679	43	3	70	pips_40_500-8000.hdf5	both	none
3330.1337	1	Stimulus/S  1	1	33301337	33301345	43	4	50	pips_40_500-8000.hdf5	both	none
3331.1897	1	Stimulus/S  1	1	33311897	33311905	43	5	30	pips_40_500-8000.hdf5	both	none
3332.2564	1	Stimulus/S  1	1	33322564	33322572	44	0	20	pips_40_500-8000.hdf5	both	none
3333.3018	1	Stimulus/S  1	1	33333018	33333026	44	1	40	pips_40_500-8000.hdf5	both	none
3334.3471	1	Stimulus/S  1	1	33343471	33343479	44	2	60	pips_40_500-8000.hdf5	both	none
3335.4031	1	Stimulus/S  1	1	33354031	33354039	44	3	70	pips_40_500-8000.hdf5	both	none
3336.4485	1	Stimulus/S  1	1	33364485	33364493	44	4	50	pips_40_500-8000.hdf5	both	none
3337.5045	1	Stimulus/S  1	1	33375045	33375053	44	5	30	pips_40_500-8000.hdf5	both	none
3338.5498	1	Stimulus/S  1	1	33385498	33385506	45	0	20	pips_40_500-8000.hdf5	both	none
3339.6058	1	Stimulus/S  1	1	33396058	33396066	45	1	40	pips_40_500-8000.hdf5	both	none
3340.6725	1	Stimulus/S  1	1	33406725	33406733	45	2	60	pips_40_500-8000.hdf5	both	none
3341.7178	1	Stimulus/S  1	1	33417178	33417186	45	3	70	pips_40_500-8000.hdf5	both	none
3342.7845	1	Stimulus/S  1	1	33427845	33427853	45	4	50	pips_40_500-8000.hdf5	both	none
3343.8299	1	Stimulus/S  1	1	33438299	33438307	45	5	30	pips_40_500-8000.hdf5	both	none
3344.9072	1	Stimulus/S  1	1	33449072	33449080	46	0	20	pips_40_500-8000.hdf5	both	none
3345.9632	1	Stimulus/S  1	1	33459632	33459640	46	1	40	pips_40_500-8000.hdf5	both	none
3347.0299	1	Stimulus/S  1	1	33470299	33470307	46	2	60	pips_40_500-8000.hdf5	both	none
3348.1072	1	Stimulus/S  1	1	33481072	33481080	46	3	70	pips_40_500-8000.hdf5	both	none
3349.1633	1	Stimulus/S  1	1	33491633	33491641	46	4	50	pips_40_500-8000.hdf5	both	none
3350.2299	1	Stimulus/S  1	1	33502299	33502307	46	5	30	pips_40_500-8000.hdf5	both	none
3351.2859	1	Stimulus/S  1	1	33512859	33512867	47	0	20	pips_40_500-8000.hdf5	both	none
3352.3526	1	Stimulus/S  1	1	33523526	33523534	47	1	40	pips_40_500-8000.hdf5	both	none
3353.398	1	Stimulus/S  1	1	33533980	33533988	47	2	60	pips_40_500-8000.hdf5	both	none
3354.454	1	Stimulus/S  1	1	33544540	33544548	47	3	70	pips_40_500-8000.hdf5	both	none
3355.4993	1	Stimulus/S  1	1	33554993	33555001	47	4	50	pips_40_500-8000.hdf5	both	none
3356.5553	1	Stimulus/S  1	1	33565553	33565561	47	5	30	pips_40_500-8000.hdf5	both	none
3357.6007	1	Stimulus/S  1	1	33576007	33576015	48	0	20	pips_40_500-8000.hdf5	both	none
3358.6567	1	Stimulus/S  1	1	33586567	33586575	48	1	40	pips_40_500-8000.hdf5	both	none
3359.702	1	Stimulus/S  1	1	33597020	33597028	48	2	60	pips_40_500-8000.hdf5	both	none
3360.7474	1	Stimulus/S  1	1	33607474	33607482	48	3	70	pips_40_500-8000.hdf5	both	none
3361.8034	1	Stimulus/S  1	1	33618034	33618042	48	4	50	pips_40_500-8000.hdf5	both	none
3362.8701	1	Stimulus/S  1	1	33628701	33628709	48	5	30	pips_40_500-8000.hdf5	both	none
3363.9367	1	Stimulus/S  1	1	33639367	33639375	49	0	20	pips_40_500-8000.hdf5	both	none
3364.9821	1	Stimulus/S  1	1	33649821	33649829	49	1	40	pips_40_500-8000.hdf5	both	none
3366.0488	1	Stimulus/S  1	1	33660488	33660496	49	2	60	pips_40_500-8000.hdf5	both	none
3367.1154	1	Stimulus/S  1	1	33671154	33671162	49	3	70	pips_40_500-8000.hdf5	both	none
3368.1821	1	Stimulus/S  1	1	33681821	33681829	49	4	50	pips_40_500-8000.hdf5	both	none
3369.2381	1	Stimulus/S  1	1	33692381	33692389	49	5	30	pips_40_500-8000.hdf5	both	none
3370.3048	1	Stimulus/S  1	1	33703048	33703056	50	0	20	pips_40_500-8000.hdf5	both	none
3371.3501	1	Stimulus/S  1	1	33713501	33713509	50	1	40	pips_40_500-8000.hdf5	both	none
3372.4168	1	Stimulus/S  1	1	33724168	33724176	50	2	60	pips_40_500-8000.hdf5	both	none
3373.4728	1	Stimulus/S  1	1	33734728	33734736	50	3	70	pips_40_500-8000.hdf5	both	none
3374.5395	1	Stimulus/S  1	1	33745395	33745403	50	4	50	pips_40_500-8000.hdf5	both	none
3375.5848	1	Stimulus/S  1	1	33755848	33755856	50	5	30	pips_40_500-8000.hdf5	both	none
3376.6409	1	Stimulus/S  1	1	33766409	33766417	51	0	20	pips_40_500-8000.hdf5	both	none
3377.6862	1	Stimulus/S  1	1	33776862	33776870	51	1	40	pips_40_500-8000.hdf5	both	none
3378.7315	1	Stimulus/S  1	1	33787315	33787323	51	2	60	pips_40_500-8000.hdf5	both	none
3379.7876	1	Stimulus/S  1	1	33797876	33797884	51	3	70	pips_40_500-8000.hdf5	both	none
3380.8542	1	Stimulus/S  1	1	33808542	33808550	51	4	50	pips_40_500-8000.hdf5	both	none
3381.8996	1	Stimulus/S  1	1	33818996	33819004	51	5	30	pips_40_500-8000.hdf5	both	none
3382.9663	1	Stimulus/S  1	1	33829663	33829671	52	0	20	pips_40_500-8000.hdf5	both	none
3384.0223	1	Stimulus/S  1	1	33840223	33840231	52	1	40	pips_40_500-8000.hdf5	both	none
3385.0889	1	Stimulus/S  1	1	33850889	33850897	52	2	60	pips_40_500-8000.hdf5	both	none
3386.1556	1	Stimulus/S  1	1	33861556	33861564	52	3	70	pips_40_500-8000.hdf5	both	none
3387.2223	1	Stimulus/S  1	1	33872223	33872231	52	4	50	pips_40_500-8000.hdf5	both	none
3388.289	1	Stimulus/S  1	1	33882890	33882898	52	5	30	pips_40_500-8000.hdf5	both	none
3389.3556	1	Stimulus/S  1	1	33893556	33893564	53	0	20	pips_40_500-8000.hdf5	both	none
3390.4223	1	Stimulus/S  1	1	33904223	33904231	53	1	40	pips_40_500-8000.hdf5	both	none
3391.4677	1	Stimulus/S  1	1	33914677	33914685	53	2	60	pips_40_500-8000.hdf5	both	none
3392.5343	1	Stimulus/S  1	1	33925343	33925351	53	3	70	pips_40_500-8000.hdf5	both	none
3393.5904	1	Stimulus/S  1	1	33935904	33935912	53	4	50	pips_40_500-8000.hdf5	both	none
3394.657	1	Stimulus/S  1	1	33946570	33946578	53	5	30	pips_40_500-8000.hdf5	both	none
3395.7024	1	Stimulus/S  1	1	33957024	33957032	54	0	20	pips_40_500-8000.hdf5	both	none
3396.7477	1	Stimulus/S  1	1	33967477	33967485	54	1	40	pips_40_500-8000.hdf5	both	none
3397.8037	1	Stimulus/S  1	1	33978037	33978045	54	2	60	pips_40_500-8000.hdf5	both	none
3398.8491	1	Stimulus/S  1	1	33988491	33988499	54	3	70	pips_40_500-8000.hdf5	both	none
3399.9051	1	Stimulus/S  1	1	33999051	33999059	54	4	50	pips_40_500-8000.hdf5	both	none
3400.9718	1	Stimulus/S  1	1	34009718	34009726	54	5	30	pips_40_500-8000.hdf5	both	none
3402.0171	1	Stimulus/S  1	1	34020171	34020179	55	0	20	pips_40_500-8000.hdf5	both	none
3403.0838	1	Stimulus/S  1	1	34030838	34030846	55	1	40	pips_40_500-8000.hdf5	both	none
3404.1398	1	Stimulus/S  1	1	34041398	34041406	55	2	60	pips_40_500-8000.hdf5	both	none
3405.2065	1	Stimulus/S  1	1	34052065	34052073	55	3	70	pips_40_500-8000.hdf5	both	none
3406.2731	1	Stimulus/S  1	1	34062731	34062739	55	4	50	pips_40_500-8000.hdf5	both	none
3407.3398	1	Stimulus/S  1	1	34073398	34073406	55	5	30	pips_40_500-8000.hdf5	both	none
3408.4065	1	Stimulus/S  1	1	34084065	34084073	56	0	20	pips_40_500-8000.hdf5	both	none
3409.4732	1	Stimulus/S  1	1	34094732	34094740	56	1	40	pips_40_500-8000.hdf5	both	none
3410.5399	1	Stimulus/S  1	1	34105399	34105407	56	2	60	pips_40_500-8000.hdf5	both	none
3411.5852	1	Stimulus/S  1	1	34115852	34115860	56	3	70	pips_40_500-8000.hdf5	both	none
3412.6519	1	Stimulus/S  1	1	34126519	34126527	56	4	50	pips_40_500-8000.hdf5	both	none
3413.7079	1	Stimulus/S  1	1	34137079	34137087	56	5	30	pips_40_500-8000.hdf5	both	none
3414.7746	1	Stimulus/S  1	1	34147746	34147754	57	0	20	pips_40_500-8000.hdf5	both	none
3415.8199	1	Stimulus/S  1	1	34158199	34158207	57	1	40	pips_40_500-8000.hdf5	both	none
3416.8653	1	Stimulus/S  1	1	34168653	34168661	57	2	60	pips_40_500-8000.hdf5	both	none
3417.9213	1	Stimulus/S  1	1	34179213	34179221	57	3	70	pips_40_500-8000.hdf5	both	none
3418.9666	1	Stimulus/S  1	1	34189666	34189674	57	4	50	pips_40_500-8000.hdf5	both	none
3420.0226	1	Stimulus/S  1	1	34200226	34200234	57	5	30	pips_40_500-8000.hdf5	both	none
3421.0893	1	Stimulus/S  1	1	34210893	34210901	58	0	20	pips_40_500-8000.hdf5	both	none
3422.1346	1	Stimulus/S  1	1	34221346	34221354	58	1	40	pips_40_500-8000.hdf5	both	none
3423.2013	1	Stimulus/S  1	1	34232013	34232021	58	2	60	pips_40_500-8000.hdf5	both	none
3424.2573	1	Stimulus/S  1	1	34242573	34242581	58	3	70	pips_40_500-8000.hdf5	both	none
3425.324	1	Stimulus/S  1	1	34253240	34253248	58	4	50	pips_40_500-8000.hdf5	both	none
3426.3907	1	Stimulus/S  1	1	34263907	34263915	58	5	30	pips_40_500-8000.hdf5	both	none
3427.4574	1	Stimulus/S  1	1	34274574	34274582	59	0	20	pips_40_500-8000.hdf5	both	none
3428.524	1	Stimulus/S  1	1	34285240	34285248	59	1	40	pips_40_500-8000.hdf5	both	none
3429.5907	1	Stimulus/S  1	1	34295907	34295915	59	2	60	pips_40_500-8000.hdf5	both	none
3430.6574	1	Stimulus/S  1	1	34306574	34306582	59	3	70	pips_40_500-8000.hdf5	both	none
3431.7027	1	Stimulus/S  1	1	34317027	34317035	59	4	50	pips_40_500-8000.hdf5	both	none
3432.7694	1	Stimulus/S  1	1	34327694	34327702	59	5	30	pips_40_500-8000.hdf5	both	none
3433.8148	1	Stimulus/S  1	1	34338148	34338156	60	0	20	pips_40_500-8000.hdf5	both	none
3434.8814	1	Stimulus/S  1	1	34348814	34348822	60	1	40	pips_40_500-8000.hdf5	both	none
3435.9374	1	Stimulus/S  1	1	34359374	34359382	60	2	60	pips_40_500-8000.hdf5	both	none
3436.9828	1	Stimulus/S  1	1	34369828	34369836	60	3	70	pips_40_500-8000.hdf5	both	none
3438.0388	1	Stimulus/S  1	1	34380388	34380396	60	4	50	pips_40_500-8000.hdf5	both	none
3439.0841	1	Stimulus/S  1	1	34390841	34390849	60	5	30	pips_40_500-8000.hdf5	both	none
3440.1401	1	Stimulus/S  1	1	34401401	34401409	61	0	20	pips_40_500-8000.hdf5	both	none
3441.2068	1	Stimulus/S  1	1	34412068	34412076	61	1	40	pips_40_500-8000.hdf5	both	none
3442.2522	1	Stimulus/S  1	1	34422522	34422530	61	2	60	pips_40_500-8000.hdf5	both	none
3443.3188	1	Stimulus/S  1	1	34433188	34433196	61	3	70	pips_40_500-8000.hdf5	both	none
3444.3749	1	Stimulus/S  1	1	34443749	34443757	61	4	50	pips_40_500-8000.hdf5	both	none
3445.4415	1	Stimulus/S  1	1	34454415	34454423	61	5	30	pips_40_500-8000.hdf5	both	none
3446.5082	1	Stimulus/S  1	1	34465082	34465090	62	0	20	pips_40_500-8000.hdf5	both	none
3447.5749	1	Stimulus/S  1	1	34475749	34475757	62	1	40	pips_40_500-8000.hdf5	both	none
3448.6202	1	Stimulus/S  1	1	34486202	34486210	62	2	60	pips_40_500-8000.hdf5	both	none
3449.6869	1	Stimulus/S  1	1	34496869	34496877	62	3	70	pips_40_500-8000.hdf5	both	none
3450.7536	1	Stimulus/S  1	1	34507536	34507544	62	4	50	pips_40_500-8000.hdf5	both	none
3451.7989	1	Stimulus/S  1	1	34517989	34517997	62	5	30	pips_40_500-8000.hdf5	both	none
3452.8656	1	Stimulus/S  1	1	34528656	34528664	63	0	20	pips_40_500-8000.hdf5	both	none
3453.9323	1	Stimulus/S  1	1	34539323	34539331	63	1	40	pips_40_500-8000.hdf5	both	none
3454.999	1	Stimulus/S  1	1	34549990	34549998	63	2	60	pips_40_500-8000.hdf5	both	none
3456.0656	1	Stimulus/S  1	1	34560656	34560664	63	3	70	pips_40_500-8000.hdf5	both	none
3457.1216	1	Stimulus/S  1	1	34571216	34571224	63	4	50	pips_40_500-8000.hdf5	both	none
3458.1883	1	Stimulus/S  1	1	34581883	34581891	63	5	30	pips_40_500-8000.hdf5	both	none
3459.2337	1	Stimulus/S  1	1	34592337	34592345	64	0	20	pips_40_500-8000.hdf5	both	none
3460.3003	1	Stimulus/S  1	1	34603003	34603011	64	1	40	pips_40_500-8000.hdf5	both	none
3461.3564	1	Stimulus/S  1	1	34613564	34613572	64	2	60	pips_40_500-8000.hdf5	both	none
3462.4017	1	Stimulus/S  1	1	34624017	34624025	64	3	70	pips_40_500-8000.hdf5	both	none
3463.4577	1	Stimulus/S  1	1	34634577	34634585	64	4	50	pips_40_500-8000.hdf5	both	none
3464.5031	1	Stimulus/S  1	1	34645031	34645039	64	5	30	pips_40_500-8000.hdf5	both	none
3465.5591	1	Stimulus/S  1	1	34655591	34655599	65	0	20	pips_40_500-8000.hdf5	both	none
3466.6044	1	Stimulus/S  1	1	34666044	34666052	65	1	40	pips_40_500-8000.hdf5	both	none
3467.6498	1	Stimulus/S  1	1	34676498	34676506	65	2	60	pips_40_500-8000.hdf5	both	none
3468.7058	1	Stimulus/S  1	1	34687058	34687066	65	3	70	pips_40_500-8000.hdf5	both	none
3469.7511	1	Stimulus/S  1	1	34697511	34697519	65	4	50	pips_40_500-8000.hdf5	both	none
3470.8178	1	Stimulus/S  1	1	34708178	34708186	65	5	30	pips_40_500-8000.hdf5	both	none
3471.8738	1	Stimulus/S  1	1	34718738	34718746	66	0	20	pips_40_500-8000.hdf5	both	none
3472.9405	1	Stimulus/S  1	1	34729405	34729413	66	1	40	pips_40_500-8000.hdf5	both	none
3473.9858	1	Stimulus/S  1	1	34739858	34739866	66	2	60	pips_40_500-8000.hdf5	both	none
3475.0525	1	Stimulus/S  1	1	34750525	34750533	66	3	70	pips_40_500-8000.hdf5	both	none
3476.1192	1	Stimulus/S  1	1	34761192	34761200	66	4	50	pips_40_500-8000.hdf5	both	none
3477.1858	1	Stimulus/S  1	1	34771858	34771866	66	5	30	pips_40_500-8000.hdf5	both	none
3478.2525	1	Stimulus/S  1	1	34782525	34782533	67	0	20	pips_40_500-8000.hdf5	both	none
3479.3192	1	Stimulus/S  1	1	34793192	34793200	67	1	40	pips_40_500-8000.hdf5	both	none
3480.3859	1	Stimulus/S  1	1	34803859	34803867	67	2	60	pips_40_500-8000.hdf5	both	none
3481.4419	1	Stimulus/S  1	1	34814419	34814427	67	3	70	pips_40_500-8000.hdf5	both	none
3482.5086	1	Stimulus/S  1	1	34825086	34825094	67	4	50	pips_40_500-8000.hdf5	both	none
3483.5539	1	Stimulus/S  1	1	34835539	34835547	67	5	30	pips_40_500-8000.hdf5	both	none
3484.6206	1	Stimulus/S  1	1	34846206	34846214	68	0	20	pips_40_500-8000.hdf5	both	none
3485.6659	1	Stimulus/S  1	1	34856659	34856667	68	1	40	pips_40_500-8000.hdf5	both	none
3486.7219	1	Stimulus/S  1	1	34867219	34867227	68	2	60	pips_40_500-8000.hdf5	both	none
3487.7673	1	Stimulus/S  1	1	34877673	34877681	68	3	70	pips_40_500-8000.hdf5	both	none
3488.8233	1	Stimulus/S  1	1	34888233	34888241	68	4	50	pips_40_500-8000.hdf5	both	none
3489.8686	1	Stimulus/S  1	1	34898686	34898694	68	5	30	pips_40_500-8000.hdf5	both	none
3490.9246	1	Stimulus/S  1	1	34909246	34909254	69	0	20	pips_40_500-8000.hdf5	both	none
3491.97	1	Stimulus/S  1	1	34919700	34919708	69	1	40	pips_40_500-8000.hdf5	both	none
3493.0153	1	Stimulus/S  1	1	34930153	34930161	69	2	60	pips_40_500-8000.hdf5	both	none
3494.0713	1	Stimulus/S  1	1	34940713	34940721	69	3	70	pips_40_500-8000.hdf5	both	none
3495.138	1	Stimulus/S  1	1	34951380	34951388	69	4	50	pips_40_500-8000.hdf5	both	none
3496.1834	1	Stimulus/S  1	1	34961834	34961842	69	5	30	pips_40_500-8000.hdf5	both	none
3497.25	1	Stimulus/S  1	1	34972500	34972508	70	0	20	pips_40_500-8000.hdf5	both	none
3498.3061	1	Stimulus/S  1	1	34983061	34983069	70	1	40	pips_40_500-8000.hdf5	both	none
3499.3514	1	Stimulus/S  1	1	34993514	34993522	70	2	60	pips_40_500-8000.hdf5	both	none
3500.4181	1	Stimulus/S  1	1	35004181	35004189	70	3	70	pips_40_500-8000.hdf5	both	none
3501.4741	1	Stimulus/S  1	1	35014741	35014749	70	4	50	pips_40_500-8000.hdf5	both	none
3502.5408	1	Stimulus/S  1	1	35025408	35025416	70	5	30	pips_40_500-8000.hdf5	both	none
3503.5861	1	Stimulus/S  1	1	35035861	35035869	71	0	20	pips_40_500-8000.hdf5	both	none
3504.6528	1	Stimulus/S  1	1	35046528	35046536	71	1	40	pips_40_500-8000.hdf5	both	none
3505.7088	1	Stimulus/S  1	1	35057088	35057096	71	2	60	pips_40_500-8000.hdf5	both	none
3506.7541	1	Stimulus/S  1	1	35067541	35067549	71	3	70	pips_40_500-8000.hdf5	both	none
3507.7995	1	Stimulus/S  1	1	35077995	35078003	71	4	50	pips_40_500-8000.hdf5	both	none
3508.8555	1	Stimulus/S  1	1	35088555	35088563	71	5	30	pips_40_500-8000.hdf5	both	none
3509.9008	1	Stimulus/S  1	1	35099008	35099016	72	0	20	pips_40_500-8000.hdf5	both	none
3510.9568	1	Stimulus/S  1	1	35109568	35109576	72	1	40	pips_40_500-8000.hdf5	both	none
3512.0022	1	Stimulus/S  1	1	35120022	35120030	72	2	60	pips_40_500-8000.hdf5	both	none
3513.0582	1	Stimulus/S  1	1	35130582	35130590	72	3	70	pips_40_500-8000.hdf5	both	none
3514.1035	1	Stimulus/S  1	1	35141035	35141043	72	4	50	pips_40_500-8000.hdf5	both	none
3515.1596	1	Stimulus/S  1	1	35151596	35151604	72	5	30	pips_40_500-8000.hdf5	both	none
3516.2262	1	Stimulus/S  1	1	35162262	35162270	73	0	20	pips_40_500-8000.hdf5	both	none
3517.2716	1	Stimulus/S  1	1	35172716	35172724	73	1	40	pips_40_500-8000.hdf5	both	none
3518.3383	1	Stimulus/S  1	1	35183383	35183391	73	2	60	pips_40_500-8000.hdf5	both	none
3519.4049	1	Stimulus/S  1	1	35194049	35194057	73	3	70	pips_40_500-8000.hdf5	both	none
3520.4503	1	Stimulus/S  1	1	35204503	35204511	73	4	50	pips_40_500-8000.hdf5	both	none
3521.5169	1	Stimulus/S  1	1	35215169	35215177	73	5	30	pips_40_500-8000.hdf5	both	none
3522.5836	1	Stimulus/S  1	1	35225836	35225844	74	0	20	pips_40_500-8000.hdf5	both	none
3523.6503	1	Stimulus/S  1	1	35236503	35236511	74	1	40	pips_40_500-8000.hdf5	both	none
3524.7063	1	Stimulus/S  1	1	35247063	35247071	74	2	60	pips_40_500-8000.hdf5	both	none
3525.773	1	Stimulus/S  1	1	35257730	35257738	74	3	70	pips_40_500-8000.hdf5	both	none
3526.8183	1	Stimulus/S  1	1	35268183	35268191	74	4	50	pips_40_500-8000.hdf5	both	none
3527.885	1	Stimulus/S  1	1	35278850	35278858	74	5	30	pips_40_500-8000.hdf5	both	none
3528.941	1	Stimulus/S  1	1	35289410	35289418	75	0	20	pips_40_500-8000.hdf5	both	none
3530.0077	1	Stimulus/S  1	1	35300077	35300085	75	1	40	pips_40_500-8000.hdf5	both	none
3531.053	1	Stimulus/S  1	1	35310530	35310538	75	2	60	pips_40_500-8000.hdf5	both	none
3532.1091	1	Stimulus/S  1	1	35321091	35321099	75	3	70	pips_40_500-8000.hdf5	both	none
3533.1544	1	Stimulus/S  1	1	35331544	35331552	75	4	50	pips_40_500-8000.hdf5	both	none
3534.1997	1	Stimulus/S  1	1	35341997	35342005	75	5	30	pips_40_500-8000.hdf5	both	none
3535.2558	1	Stimulus/S  1	1	35352558	35352566	76	0	20	pips_40_500-8000.hdf5	both	none
3536.3011	1	Stimulus/S  1	1	35363011	35363019	76	1	40	pips_40_500-8000.hdf5	both	none
3537.3571	1	Stimulus/S  1	1	35373571	35373579	76	2	60	pips_40_500-8000.hdf5	both	none
3538.4024	1	Stimulus/S  1	1	35384024	35384032	76	3	70	pips_40_500-8000.hdf5	both	none
3539.4585	1	Stimulus/S  1	1	35394585	35394593	76	4	50	pips_40_500-8000.hdf5	both	none
3540.5038	1	Stimulus/S  1	1	35405038	35405046	76	5	30	pips_40_500-8000.hdf5	both	none
3541.5598	1	Stimulus/S  1	1	35415598	35415606	77	0	20	pips_40_500-8000.hdf5	both	none
3542.6052	1	Stimulus/S  1	1	35426052	35426060	77	1	40	pips_40_500-8000.hdf5	both	none
3543.6505	1	Stimulus/S  1	1	35436505	35436513	77	2	60	pips_40_500-8000.hdf5	both	none
3544.7065	1	Stimulus/S  1	1	35447065	35447073	77	3	70	pips_40_500-8000.hdf5	both	none
3545.7519	1	Stimulus/S  1	1	35457519	35457527	77	4	50	pips_40_500-8000.hdf5	both	none
3546.8079	1	Stimulus/S  1	1	35468079	35468087	77	5	30	pips_40_500-8000.hdf5	both	none
3547.8532	1	Stimulus/S  1	1	35478532	35478540	78	0	20	pips_40_500-8000.hdf5	both	none
3548.9092	1	Stimulus/S  1	1	35489092	35489100	78	1	40	pips_40_500-8000.hdf5	both	none
3549.9546	1	Stimulus/S  1	1	35499546	35499554	78	2	60	pips_40_500-8000.hdf5	both	none
3550.9999	1	Stimulus/S  1	1	35509999	35510007	78	3	70	pips_40_500-8000.hdf5	both	none
3552.0559	1	Stimulus/S  1	1	35520559	35520567	78	4	50	pips_40_500-8000.hdf5	both	none
3553.1013	1	Stimulus/S  1	1	35531013	35531021	78	5	30	pips_40_500-8000.hdf5	both	none
3554.1573	1	Stimulus/S  1	1	35541573	35541581	79	0	20	pips_40_500-8000.hdf5	both	none
3555.2239	1	Stimulus/S  1	1	35552239	35552247	79	1	40	pips_40_500-8000.hdf5	both	none
3556.2693	1	Stimulus/S  1	1	35562693	35562701	79	2	60	pips_40_500-8000.hdf5	both	none
3557.336	1	Stimulus/S  1	1	35573360	35573368	79	3	70	pips_40_500-8000.hdf5	both	none
3558.392	1	Stimulus/S  1	1	35583920	35583928	79	4	50	pips_40_500-8000.hdf5	both	none
3559.4373	1	Stimulus/S  1	1	35594373	35594381	79	5	30	pips_40_500-8000.hdf5	both	none
3560.504	1	Stimulus/S  1	1	35605040	35605048	80	0	20	pips_40_500-8000.hdf5	both	none
3561.5707	1	Stimulus/S  1	1	35615707	35615715	80	1	40	pips_40_500-8000.hdf5	both	none
3562.6374	1	Stimulus/S  1	1	35626374	35626382	80	2	60	pips_40_500-8000.hdf5	both	none
3563.704	1	Stimulus/S  1	1	35637040	35637048	80	3	70	pips_40_500-8000.hdf5	both	none
3564.7707	1	Stimulus/S  1	1	35647707	35647715	80	4	50	pips_40_500-8000.hdf5	both	none
3565.8374	1	Stimulus/S  1	1	35658374	35658382	80	5	30	pips_40_500-8000.hdf5	both	none
3566.9041	1	Stimulus/S  1	1	35669041	35669049	81	0	20	pips_40_500-8000.hdf5	both	none
3567.9707	1	Stimulus/S  1	1	35679707	35679715	81	1	40	pips_40_500-8000.hdf5	both	none
3569.0374	1	Stimulus/S  1	1	35690374	35690382	81	2	60	pips_40_500-8000.hdf5	both	none
3570.1041	1	Stimulus/S  1	1	35701041	35701049	81	3	70	pips_40_500-8000.hdf5	both	none
3571.1708	1	Stimulus/S  1	1	35711708	35711716	81	4	50	pips_40_500-8000.hdf5	both	none
3572.2374	1	Stimulus/S  1	1	35722374	35722382	81	5	30	pips_40_500-8000.hdf5	both	none
3573.3041	1	Stimulus/S  1	1	35733041	35733049	82	0	20	pips_40_500-8000.hdf5	both	none
3574.3708	1	Stimulus/S  1	1	35743708	35743716	82	1	40	pips_40_500-8000.hdf5	both	none
3575.4375	1	Stimulus/S  1	1	35754375	35754383	82	2	60	pips_40_500-8000.hdf5	both	none
3576.4935	1	Stimulus/S  1	1	35764935	35764943	82	3	70	pips_40_500-8000.hdf5	both	none
3577.5388	1	Stimulus/S  1	1	35775388	35775396	82	4	50	pips_40_500-8000.hdf5	both	none
3578.5842	1	Stimulus/S  1	1	35785842	35785850	82	5	30	pips_40_500-8000.hdf5	both	none
3579.6402	1	Stimulus/S  1	1	35796402	35796410	83	0	20	pips_40_500-8000.hdf5	both	none
3580.6855	1	Stimulus/S  1	1	35806855	35806863	83	1	40	pips_40_500-8000.hdf5	both	none
3581.7415	1	Stimulus/S  1	1	35817415	35817423	83	2	60	pips_40_500-8000.hdf5	both	none
3582.7869	1	Stimulus/S  1	1	35827869	35827877	83	3	70	pips_40_500-8000.hdf5	both	none
3583.8429	1	Stimulus/S  1	1	35838429	35838437	83	4	50	pips_40_500-8000.hdf5	both	none
3584.8882	1	Stimulus/S  1	1	35848882	35848890	83	5	30	pips_40_500-8000.hdf5	both	none
3585.9443	1	Stimulus/S  1	1	35859443	35859451	84	0	20	pips_40_500-8000.hdf5	both	none
3586.9896	1	Stimulus/S  1	1	35869896	35869904	84	1	40	pips_40_500-8000.hdf5	both	none
3588.0349	1	Stimulus/S  1	1	35880349	35880357	84	2	60	pips_40_500-8000.hdf5	both	none
3589.0909	1	Stimulus/S  1	1	35890909	35890917	84	3	70	pips_40_500-8000.hdf5	both	none
3590.1363	1	Stimulus/S  1	1	35901363	35901371	84	4	50	pips_40_500-8000.hdf5	both	none
3591.1923	1	Stimulus/S  1	1	35911923	35911931	84	5	30	pips_40_500-8000.hdf5	both	none
3592.2376	1	Stimulus/S  1	1	35922376	35922384	85	0	20	pips_40_500-8000.hdf5	both	none
3593.2937	1	Stimulus/S  1	1	35932937	35932945	85	1	40	pips_40_500-8000.hdf5	both	none
3594.339	1	Stimulus/S  1	1	35943390	35943398	85	2	60	pips_40_500-8000.hdf5	both	none
3595.3843	1	Stimulus/S  1	1	35953843	35953851	85	3	70	pips_40_500-8000.hdf5	both	none
3596.4404	1	Stimulus/S  1	1	35964404	35964412	85	4	50	pips_40_500-8000.hdf5	both	none
3597.4857	1	Stimulus/S  1	1	35974857	35974865	85	5	30	pips_40_500-8000.hdf5	both	none
3598.5417	1	Stimulus/S  1	1	35985417	35985425	86	0	20	pips_40_500-8000.hdf5	both	none
3599.6084	1	Stimulus/S  1	1	35996084	35996092	86	1	40	pips_40_500-8000.hdf5	both	none
3600.6537	1	Stimulus/S  1	1	36006537	36006545	86	2	60	pips_40_500-8000.hdf5	both	none
3601.7204	1	Stimulus/S  1	1	36017204	36017212	86	3	70	pips_40_500-8000.hdf5	both	none
3602.7871	1	Stimulus/S  1	1	36027871	36027879	86	4	50	pips_40_500-8000.hdf5	both	none
3603.8538	1	Stimulus/S  1	1	36038538	36038546	86	5	30	pips_40_500-8000.hdf5	both	none
3604.9204	1	Stimulus/S  1	1	36049204	36049212	87	0	20	pips_40_500-8000.hdf5	both	none
3605.9871	1	Stimulus/S  1	1	36059871	36059879	87	1	40	pips_40_500-8000.hdf5	both	none
3607.0538	1	Stimulus/S  1	1	36070538	36070546	87	2	60	pips_40_500-8000.hdf5	both	none
3608.1205	1	Stimulus/S  1	1	36081205	36081213	87	3	70	pips_40_500-8000.hdf5	both	none
3609.1871	1	Stimulus/S  1	1	36091871	36091879	87	4	50	pips_40_500-8000.hdf5	both	none
3610.2432	1	Stimulus/S  1	1	36102432	36102440	87	5	30	pips_40_500-8000.hdf5	both	none
3611.3098	1	Stimulus/S  1	1	36113098	36113106	88	0	20	pips_40_500-8000.hdf5	both	none
3612.3765	1	Stimulus/S  1	1	36123765	36123773	88	1	40	pips_40_500-8000.hdf5	both	none
3613.4219	1	Stimulus/S  1	1	36134219	36134227	88	2	60	pips_40_500-8000.hdf5	both	none
3614.4779	1	Stimulus/S  1	1	36144779	36144787	88	3	70	pips_40_500-8000.hdf5	both	none
3615.5232	1	Stimulus/S  1	1	36155232	36155240	88	4	50	pips_40_500-8000.hdf5	both	none
3616.5686	1	Stimulus/S  1	1	36165686	36165694	88	5	30	pips_40_500-8000.hdf5	both	none
3617.6246	1	Stimulus/S  1	1	36176246	36176254	89	0	20	pips_40_500-8000.hdf5	both	none
3618.6699	1	Stimulus/S  1	1	36186699	36186707	89	1	40	pips_40_500-8000.hdf5	both	none
3619.7259	1	Stimulus/S  1	1	36197259	36197267	89	2	60	pips_40_500-8000.hdf5	both	none
3620.7713	1	Stimulus/S  1	1	36207713	36207721	89	3	70	pips_40_500-8000.hdf5	both	none
3621.8379	1	Stimulus/S  1	1	36218379	36218387	89	4	50	pips_40_500-8000.hdf5	both	none
3622.8939	1	Stimulus/S  1	1	36228939	36228947	89	5	30	pips_40_500-8000.hdf5	both	none
3623.9606	1	Stimulus/S  1	1	36239606	36239614	90	0	20	pips_40_500-8000.hdf5	both	none
3625.006	1	Stimulus/S  1	1	36250060	36250068	90	1	40	pips_40_500-8000.hdf5	both	none
3626.0726	1	Stimulus/S  1	1	36260726	36260734	90	2	60	pips_40_500-8000.hdf5	both	none
3627.1393	1	Stimulus/S  1	1	36271393	36271401	90	3	70	pips_40_500-8000.hdf5	both	none
3628.206	1	Stimulus/S  1	1	36282060	36282068	90	4	50	pips_40_500-8000.hdf5	both	none
3629.2727	1	Stimulus/S  1	1	36292727	36292735	90	5	30	pips_40_500-8000.hdf5	both	none
3630.3394	1	Stimulus/S  1	1	36303394	36303402	91	0	20	pips_40_500-8000.hdf5	both	none
3631.406	1	Stimulus/S  1	1	36314060	36314068	91	1	40	pips_40_500-8000.hdf5	both	none
3632.4514	1	Stimulus/S  1	1	36324514	36324522	91	2	60	pips_40_500-8000.hdf5	both	none
3633.5074	1	Stimulus/S  1	1	36335074	36335082	91	3	70	pips_40_500-8000.hdf5	both	none
3634.5527	1	Stimulus/S  1	1	36345527	36345535	91	4	50	pips_40_500-8000.hdf5	both	none
3635.6087	1	Stimulus/S  1	1	36356087	36356095	91	5	30	pips_40_500-8000.hdf5	both	none
3636.6541	1	Stimulus/S  1	1	36366541	36366549	92	0	20	pips_40_500-8000.hdf5	both	none
3637.7101	1	Stimulus/S  1	1	36377101	36377109	92	1	40	pips_40_500-8000.hdf5	both	none
3638.7554	1	Stimulus/S  1	1	36387554	36387562	92	2	60	pips_40_500-8000.hdf5	both	none
3639.8114	1	Stimulus/S  1	1	36398114	36398122	92	3	70	pips_40_500-8000.hdf5	both	none
3640.8568	1	Stimulus/S  1	1	36408568	36408576	92	4	50	pips_40_500-8000.hdf5	both	none
3641.9021	1	Stimulus/S  1	1	36419021	36419029	92	5	30	pips_40_500-8000.hdf5	both	none
3642.9688	1	Stimulus/S  1	1	36429688	36429696	93	0	20	pips_40_500-8000.hdf5	both	none
3644.0248	1	Stimulus/S  1	1	36440248	36440256	93	1	40	pips_40_500-8000.hdf5	both	none
3645.0915	1	Stimulus/S  1	1	36450915	36450923	93	2	60	pips_40_500-8000.hdf5	both	none
3646.1582	1	Stimulus/S  1	1	36461582	36461590	93	3	70	pips_40_500-8000.hdf5	both	none
3647.2249	1	Stimulus/S  1	1	36472249	36472257	93	4	50	pips_40_500-8000.hdf5	both	none
3648.2915	1	Stimulus/S  1	1	36482915	36482923	93	5	30	pips_40_500-8000.hdf5	both	none
3649.3582	1	Stimulus/S  1	1	36493582	36493590	94	0	20	pips_40_500-8000.hdf5	both	none
3650.4249	1	Stimulus/S  1	1	36504249	36504257	94	1	40	pips_40_500-8000.hdf5	both	none
3651.4916	1	Stimulus/S  1	1	36514916	36514924	94	2	60	pips_40_500-8000.hdf5	both	none
3652.5582	1	Stimulus/S  1	1	36525582	36525590	94	3	70	pips_40_500-8000.hdf5	both	none
3653.6249	1	Stimulus/S  1	1	36536249	36536257	94	4	50	pips_40_500-8000.hdf5	both	none
3654.6916	1	Stimulus/S  1	1	36546916	36546924	94	5	30	pips_40_500-8000.hdf5	both	none
3655.7583	1	Stimulus/S  1	1	36557583	36557591	95	0	20	pips_40_500-8000.hdf5	both	none
3656.8249	1	Stimulus/S  1	1	36568249	36568257	95	1	40	pips_40_500-8000.hdf5	both	none
3657.8916	1	Stimulus/S  1	1	36578916	36578924	95	2	60	pips_40_500-8000.hdf5	both	none
3658.9583	1	Stimulus/S  1	1	36589583	36589591	95	3	70	pips_40_500-8000.hdf5	both	none
3660.025	1	Stimulus/S  1	1	36600250	36600258	95	4	50	pips_40_500-8000.hdf5	both	none
3661.0917	1	Stimulus/S  1	1	36610917	36610925	95	5	30	pips_40_500-8000.hdf5	both	none
3662.1583	1	Stimulus/S  1	1	36621583	36621591	96	0	20	pips_40_500-8000.hdf5	both	none
3663.225	1	Stimulus/S  1	1	36632250	36632258	96	1	40	pips_40_500-8000.hdf5	both	none
3664.2917	1	Stimulus/S  1	1	36642917	36642925	96	2	60	pips_40_500-8000.hdf5	both	none
3665.3584	1	Stimulus/S  1	1	36653584	36653592	96	3	70	pips_40_500-8000.hdf5	both	none
3666.425	1	Stimulus/S  1	1	36664250	36664258	96	4	50	pips_40_500-8000.hdf5	both	none
3667.4917	1	Stimulus/S  1	1	36674917	36674925	96	5	30	pips_40_500-8000.hdf5	both	none
3668.5584	1	Stimulus/S  1	1	36685584	36685592	97	0	20	pips_40_500-8000.hdf5	both	none
3669.6251	1	Stimulus/S  1	1	36696251	36696259	97	1	40	pips_40_500-8000.hdf5	both	none
3670.6918	1	Stimulus/S  1	1	36706918	36706926	97	2	60	pips_40_500-8000.hdf5	both	none
3671.7584	1	Stimulus/S  1	1	36717584	36717592	97	3	70	pips_40_500-8000.hdf5	both	none
3672.8251	1	Stimulus/S  1	1	36728251	36728259	97	4	50	pips_40_500-8000.hdf5	both	none
3673.8918	1	Stimulus/S  1	1	36738918	36738926	97	5	30	pips_40_500-8000.hdf5	both	none
3674.9585	1	Stimulus/S  1	1	36749585	36749593	98	0	20	pips_40_500-8000.hdf5	both	none
3676.0251	1	Stimulus/S  1	1	36760251	36760259	98	1	40	pips_40_500-8000.hdf5	both	none
3677.0918	1	Stimulus/S  1	1	36770918	36770926	98	2	60	pips_40_500-8000.hdf5	both	none
3678.1585	1	Stimulus/S  1	1	36781585	36781593	98	3	70	pips_40_500-8000.hdf5	both	none
3679.2252	1	Stimulus/S  1	1	36792252	36792260	98	4	50	pips_40_500-8000.hdf5	both	none
3680.2705	1	Stimulus/S  1	1	36802705	36802713	98	5	30	pips_40_500-8000.hdf5	both	none
3681.3372	1	Stimulus/S  1	1	36813372	36813380	99	0	20	pips_40_500-8000.hdf5	both	none
3682.3932	1	Stimulus/S  1	1	36823932	36823940	99	1	40	pips_40_500-8000.hdf5	both	none
3683.4599	1	Stimulus/S  1	1	36834599	36834607	99	2	60	pips_40_500-8000.hdf5	both	none
3684.5052	1	Stimulus/S  1	1	36845052	36845060	99	3	70	pips_40_500-8000.hdf5	both	none
3685.5612	1	Stimulus/S  1	1	36855612	36855620	99	4	50	pips_40_500-8000.hdf5	both	none
3686.6066	1	Stimulus/S  1	1	36866066	36866074	99	5	30	pips_40_500-8000.hdf5	both	none
3687.6626	1	Stimulus/S  1	1	36876626	36876634	100	0	20	pips_40_500-8000.hdf5	both	none
3688.7079	1	Stimulus/S  1	1	36887079	36887087	100	1	40	pips_40_500-8000.hdf5	both	none
3689.7533	1	Stimulus/S  1	1	36897533	36897541	100	2	60	pips_40_500-8000.hdf5	both	none
3690.8093	1	Stimulus/S  1	1	36908093	36908101	100	3	70	pips_40_500-8000.hdf5	both	none
3691.8546	1	Stimulus/S  1	1	36918546	36918554	100	4	50	pips_40_500-8000.hdf5	both	none
3692.9106	1	Stimulus/S  1	1	36929106	36929114	100	5	30	pips_40_500-8000.hdf5	both	none
3693.956	1	Stimulus/S  1	1	36939560	36939568	101	0	20	pips_40_500-8000.hdf5	both	none
3695.012	1	Stimulus/S  1	1	36950120	36950128	101	1	40	pips_40_500-8000.hdf5	both	none
3696.0573	1	Stimulus/S  1	1	36960573	36960581	101	2	60	pips_40_500-8000.hdf5	both	none
3697.1027	1	Stimulus/S  1	1	36971027	36971035	101	3	70	pips_40_500-8000.hdf5	both	none
3698.1694	1	Stimulus/S  1	1	36981694	36981702	101	4	50	pips_40_500-8000.hdf5	both	none
3699.2254	1	Stimulus/S  1	1	36992254	36992262	101	5	30	pips_40_500-8000.hdf5	both	none
3700.292	1	Stimulus/S  1	1	37002920	37002928	102	0	20	pips_40_500-8000.hdf5	both	none
3701.3374	1	Stimulus/S  1	1	37013374	37013382	102	1	40	pips_40_500-8000.hdf5	both	none
3702.4041	1	Stimulus/S  1	1	37024041	37024049	102	2	60	pips_40_500-8000.hdf5	both	none
3703.4707	1	Stimulus/S  1	1	37034707	37034715	102	3	70	pips_40_500-8000.hdf5	both	none
3704.5374	1	Stimulus/S  1	1	37045374	37045382	102	4	50	pips_40_500-8000.hdf5	both	none
3705.5934	1	Stimulus/S  1	1	37055934	37055942	102	5	30	pips_40_500-8000.hdf5	both	none
3706.6601	1	Stimulus/S  1	1	37066601	37066609	103	0	20	pips_40_500-8000.hdf5	both	none
3707.7055	1	Stimulus/S  1	1	37077055	37077063	103	1	40	pips_40_500-8000.hdf5	both	none
3708.7721	1	Stimulus/S  1	1	37087721	37087729	103	2	60	pips_40_500-8000.hdf5	both	none
3709.8281	1	Stimulus/S  1	1	37098281	37098289	103	3	70	pips_40_500-8000.hdf5	both	none
3710.8735	1	Stimulus/S  1	1	37108735	37108743	103	4	50	pips_40_500-8000.hdf5	both	none
3711.9295	1	Stimulus/S  1	1	37119295	37119303	103	5	30	pips_40_500-8000.hdf5	both	none
3712.9748	1	Stimulus/S  1	1	37129748	37129756	104	0	20	pips_40_500-8000.hdf5	both	none
3714.0202	1	Stimulus/S  1	1	37140202	37140210	104	1	40	pips_40_500-8000.hdf5	both	none
3715.0762	1	Stimulus/S  1	1	37150762	37150770	104	2	60	pips_40_500-8000.hdf5	both	none
3716.1215	1	Stimulus/S  1	1	37161215	37161223	104	3	70	pips_40_500-8000.hdf5	both	none
3717.1775	1	Stimulus/S  1	1	37171775	37171783	104	4	50	pips_40_500-8000.hdf5	both	none
3718.2229	1	Stimulus/S  1	1	37182229	37182237	104	5	30	pips_40_500-8000.hdf5	both	none
3719.2896	1	Stimulus/S  1	1	37192896	37192904	105	0	20	pips_40_500-8000.hdf5	both	none
3720.3456	1	Stimulus/S  1	1	37203456	37203464	105	1	40	pips_40_500-8000.hdf5	both	none
3721.4123	1	Stimulus/S  1	1	37214123	37214131	105	2	60	pips_40_500-8000.hdf5	both	none
3722.4576	1	Stimulus/S  1	1	37224576	37224584	105	3	70	pips_40_500-8000.hdf5	both	none
3723.5243	1	Stimulus/S  1	1	37235243	37235251	105	4	50	pips_40_500-8000.hdf5	both	none
3724.591	1	Stimulus/S  1	1	37245910	37245918	105	5	30	pips_40_500-8000.hdf5	both	none
3725.6576	1	Stimulus/S  1	1	37256576	37256584	106	0	20	pips_40_500-8000.hdf5	both	none
3726.7243	1	Stimulus/S  1	1	37267243	37267251	106	1	40	pips_40_500-8000.hdf5	both	none
3727.791	1	Stimulus/S  1	1	37277910	37277918	106	2	60	pips_40_500-8000.hdf5	both	none
3728.8577	1	Stimulus/S  1	1	37288577	37288585	106	3	70	pips_40_500-8000.hdf5	both	none
3729.9243	1	Stimulus/S  1	1	37299243	37299251	106	4	50	pips_40_500-8000.hdf5	both	none
3730.991	1	Stimulus/S  1	1	37309910	37309918	106	5	30	pips_40_500-8000.hdf5	both	none
3732.0577	1	Stimulus/S  1	1	37320577	37320585	107	0	20	pips_40_500-8000.hdf5	both	none
3733.1244	1	Stimulus/S  1	1	37331244	37331252	107	1	40	pips_40_500-8000.hdf5	both	none
3734.191	1	Stimulus/S  1	1	37341910	37341918	107	2	60	pips_40_500-8000.hdf5	both	none
3735.2577	1	Stimulus/S  1	1	37352577	37352585	107	3	70	pips_40_500-8000.hdf5	both	none
3736.3244	1	Stimulus/S  1	1	37363244	37363252	107	4	50	pips_40_500-8000.hdf5	both	none
3737.3911	1	Stimulus/S  1	1	37373911	37373919	107	5	30	pips_40_500-8000.hdf5	both	none
3738.4578	1	Stimulus/S  1	1	37384578	37384586	108	0	20	pips_40_500-8000.hdf5	both	none
3739.5244	1	Stimulus/S  1	1	37395244	37395252	108	1	40	pips_40_500-8000.hdf5	both	none
3740.5911	1	Stimulus/S  1	1	37405911	37405919	108	2	60	pips_40_500-8000.hdf5	both	none
3741.6365	1	Stimulus/S  1	1	37416365	37416373	108	3	70	pips_40_500-8000.hdf5	both	none
3742.7031	1	Stimulus/S  1	1	37427031	37427039	108	4	50	pips_40_500-8000.hdf5	both	none
3743.7591	1	Stimulus/S  1	1	37437591	37437599	108	5	30	pips_40_500-8000.hdf5	both	none
3744.8045	1	Stimulus/S  1	1	37448045	37448053	109	0	20	pips_40_500-8000.hdf5	both	none
3745.8605	1	Stimulus/S  1	1	37458605	37458613	109	1	40	pips_40_500-8000.hdf5	both	none
3746.9058	1	Stimulus/S  1	1	37469058	37469066	109	2	60	pips_40_500-8000.hdf5	both	none
3747.9618	1	Stimulus/S  1	1	37479618	37479626	109	3	70	pips_40_500-8000.hdf5	both	none
3749.0072	1	Stimulus/S  1	1	37490072	37490080	109	4	50	pips_40_500-8000.hdf5	both	none
3750.0632	1	Stimulus/S  1	1	37500632	37500640	109	5	30	pips_40_500-8000.hdf5	both	none
3751.1085	1	Stimulus/S  1	1	37511085	37511093	110	0	20	pips_40_500-8000.hdf5	both	none
3752.1539	1	Stimulus/S  1	1	37521539	37521547	110	1	40	pips_40_500-8000.hdf5	both	none
3753.2099	1	Stimulus/S  1	1	37532099	37532107	110	2	60	pips_40_500-8000.hdf5	both	none
3754.2552	1	Stimulus/S  1	1	37542552	37542560	110	3	70	pips_40_500-8000.hdf5	both	none
3755.3113	1	Stimulus/S  1	1	37553113	37553121	110	4	50	pips_40_500-8000.hdf5	both	none
3756.3566	1	Stimulus/S  1	1	37563566	37563574	110	5	30	pips_40_500-8000.hdf5	both	none
3757.4126	1	Stimulus/S  1	1	37574126	37574134	111	0	20	pips_40_500-8000.hdf5	both	none
3758.4793	1	Stimulus/S  1	1	37584793	37584801	111	1	40	pips_40_500-8000.hdf5	both	none
3759.546	1	Stimulus/S  1	1	37595460	37595468	111	2	60	pips_40_500-8000.hdf5	both	none
3760.6126	1	Stimulus/S  1	1	37606126	37606134	111	3	70	pips_40_500-8000.hdf5	both	none
3761.6793	1	Stimulus/S  1	1	37616793	37616801	111	4	50	pips_40_500-8000.hdf5	both	none
3762.746	1	Stimulus/S  1	1	37627460	37627468	111	5	30	pips_40_500-8000.hdf5	both	none
3763.8127	1	Stimulus/S  1	1	37638127	37638135	112	0	20	pips_40_500-8000.hdf5	both	none
3764.8793	1	Stimulus/S  1	1	37648793	37648801	112	1	40	pips_40_500-8000.hdf5	both	none
3765.946	1	Stimulus/S  1	1	37659460	37659468	112	2	60	pips_40_500-8000.hdf5	both	none
3767.0127	1	Stimulus/S  1	1	37670127	37670135	112	3	70	pips_40_500-8000.hdf5	both	none
3768.058	1	Stimulus/S  1	1	37680580	37680588	112	4	50	pips_40_500-8000.hdf5	both	none
3769.1247	1	Stimulus/S  1	1	37691247	37691255	112	5	30	pips_40_500-8000.hdf5	both	none
3770.1807	1	Stimulus/S  1	1	37701807	37701815	113	0	20	pips_40_500-8000.hdf5	both	none
3771.2261	1	Stimulus/S  1	1	37712261	37712269	113	1	40	pips_40_500-8000.hdf5	both	none
3772.2714	1	Stimulus/S  1	1	37722714	37722722	113	2	60	pips_40_500-8000.hdf5	both	none
3773.3274	1	Stimulus/S  1	1	37733274	37733282	113	3	70	pips_40_500-8000.hdf5	both	none
3774.3728	1	Stimulus/S  1	1	37743728	37743736	113	4	50	pips_40_500-8000.hdf5	both	none
3775.4288	1	Stimulus/S  1	1	37754288	37754296	113	5	30	pips_40_500-8000.hdf5	both	none
3776.4741	1	Stimulus/S  1	1	37764741	37764749	114	0	20	pips_40_500-8000.hdf5	both	none
3777.5301	1	Stimulus/S  1	1	37775301	37775309	114	1	40	pips_40_500-8000.hdf5	both	none
3778.5755	1	Stimulus/S  1	1	37785755	37785763	114	2	60	pips_40_500-8000.hdf5	both	none
3779.6208	1	Stimulus/S  1	1	37796208	37796216	114	3	70	pips_40_500-8000.hdf5	both	none
3780.6875	1	Stimulus/S  1	1	37806875	37806883	114	4	50	pips_40_500-8000.hdf5	both	none
3781.7542	1	Stimulus/S  1	1	37817542	37817550	114	5	30	pips_40_500-8000.hdf5	both	none
3782.8102	1	Stimulus/S  1	1	37828102	37828110	115	0	20	pips_40_500-8000.hdf5	both	none
3783.8769	1	Stimulus/S  1	1	37838769	37838777	115	1	40	pips_40_500-8000.hdf5	both	none
3784.9222	1	Stimulus/S  1	1	37849222	37849230	115	2	60	pips_40_500-8000.hdf5	both	none
3785.9889	1	Stimulus/S  1	1	37859889	37859897	115	3	70	pips_40_500-8000.hdf5	both	none
3787.0556	1	Stimulus/S  1	1	37870556	37870564	115	4	50	pips_40_500-8000.hdf5	both	none
3788.1222	1	Stimulus/S  1	1	37881222	37881230	115	5	30	pips_40_500-8000.hdf5	both	none
3789.1783	1	Stimulus/S  1	1	37891783	37891791	116	0	20	pips_40_500-8000.hdf5	both	none
3790.2449	1	Stimulus/S  1	1	37902449	37902457	116	1	40	pips_40_500-8000.hdf5	both	none
3791.2903	1	Stimulus/S  1	1	37912903	37912911	116	2	60	pips_40_500-8000.hdf5	both	none
3792.357	1	Stimulus/S  1	1	37923570	37923578	116	3	70	pips_40_500-8000.hdf5	both	none
3793.413	1	Stimulus/S  1	1	37934130	37934138	116	4	50	pips_40_500-8000.hdf5	both	none
3794.4583	1	Stimulus/S  1	1	37944583	37944591	116	5	30	pips_40_500-8000.hdf5	both	none
3795.5143	1	Stimulus/S  1	1	37955143	37955151	117	0	20	pips_40_500-8000.hdf5	both	none
3796.5597	1	Stimulus/S  1	1	37965597	37965605	117	1	40	pips_40_500-8000.hdf5	both	none
3797.605	1	Stimulus/S  1	1	37976050	37976058	117	2	60	pips_40_500-8000.hdf5	both	none
3798.6717	1	Stimulus/S  1	1	37986717	37986725	117	3	70	pips_40_500-8000.hdf5	both	none
3799.7277	1	Stimulus/S  1	1	37997277	37997285	117	4	50	pips_40_500-8000.hdf5	both	none
3800.7944	1	Stimulus/S  1	1	38007944	38007952	117	5	30	pips_40_500-8000.hdf5	both	none
3801.8397	1	Stimulus/S  1	1	38018397	38018405	118	0	20	pips_40_500-8000.hdf5	both	none
3802.9064	1	Stimulus/S  1	1	38029064	38029072	118	1	40	pips_40_500-8000.hdf5	both	none
3803.9731	1	Stimulus/S  1	1	38039731	38039739	118	2	60	pips_40_500-8000.hdf5	both	none
3805.0397	1	Stimulus/S  1	1	38050397	38050405	118	3	70	pips_40_500-8000.hdf5	both	none
3806.1064	1	Stimulus/S  1	1	38061064	38061072	118	4	50	pips_40_500-8000.hdf5	both	none
3807.1731	1	Stimulus/S  1	1	38071731	38071739	118	5	30	pips_40_500-8000.hdf5	both	none
3808.2398	1	Stimulus/S  1	1	38082398	38082406	119	0	20	pips_40_500-8000.hdf5	both	none
3809.2958	1	Stimulus/S  1	1	38092958	38092966	119	1	40	pips_40_500-8000.hdf5	both	none
3810.3625	1	Stimulus/S  1	1	38103625	38103633	119	2	60	pips_40_500-8000.hdf5	both	none
3811.4078	1	Stimulus/S  1	1	38114078	38114086	119	3	70	pips_40_500-8000.hdf5	both	none
3812.4745	1	Stimulus/S  1	1	38124745	38124753	119	4	50	pips_40_500-8000.hdf5	both	none
3813.5305	1	Stimulus/S  1	1	38135305	38135313	119	5	30	pips_40_500-8000.hdf5	both	none
