onset	duration	trial_type	value	sample	sample_corrected	token	run	level	stim_file	ear_ac	ear_bc
4.5694	1	Stimulus/S  1	1	45694	45702	0	0	20	pips_l40_r400_500-8000.hdf5	right	left
5.6361	1	Stimulus/S  1	1	56361	56369	0	1	40	pips_l40_r400_500-8000.hdf5	right	left
6.6814	1	Stimulus/S  1	1	66814	66822	0	2	60	pips_l40_r400_500-8000.hdf5	right	left
7.7374	1	Stimulus/S  1	1	77374	77382	0	3	70	pips_l40_r400_500-8000.hdf5	right	left
8.7828	1	Stimulus/S  1	1	87828	87836	0	4	50	pips_l40_r400_500-8000.hdf5	right	left
9.8388	1	Stimulus/S  1	1	98388	98396	0	5	30	pips_l40_r400_500-8000.hdf5	right	left
10.9054	1	Stimulus/S  1	1	109054	109062	1	0	20	pips_l40_r400_500-8000.hdf5	right	left
11.9508	1	Stimulus/S  1	1	119508	119516	1	1	40	pips_l40_r400_500-8000.hdf5	right	left
13.0068	1	Stimulus/S  1	1	130068	130076	1	2	60	pips_l40_r400_500-8000.hdf5	right	left
14.0735	1	Stimulus/S  1	1	140735	140743	1	3	70	pips_l40_r400_500-8000.hdf5	right	left
15.1188	1	Stimulus/S  1	1	151188	151196	1	4	50	pips_l40_r400_500-8000.hdf5	right	left
16.1748	1	Stimulus/S  1	1	161748	161756	1	5	30	pips_l40_r400_500-8000.hdf5	right	left
17.2202	1	Stimulus/S  1	1	172202	172210	2	0	20	pips_l40_r400_500-8000.hdf5	right	left
18.2869	1	Stimulus/S  1	1	182869	182877	2	1	40	pips_l40_r400_500-8000.hdf5	right	left
19.3322	1	Stimulus/S  1	1	193322	193330	2	2	60	pips_l40_r400_500-8000.hdf5	right	left
20.3882	1	Stimulus/S  1	1	203882	203890	2	3	70	pips_l40_r400_500-8000.hdf5	right	left
21.4549	1	Stimulus/S  1	1	214549	214557	2	4	50	pips_l40_r400_500-8000.hdf5	right	left
22.5216	1	Stimulus/S  1	1	225216	225224	2	5	30	pips_l40_r400_500-8000.hdf5	right	left
23.5669	1	Stimulus/S  1	1	235669	235677	3	0	20	pips_l40_r400_500-8000.hdf5	right	left
24.6336	1	Stimulus/S  1	1	246336	246344	3	1	40	pips_l40_r400_500-8000.hdf5	right	left
25.6896	1	Stimulus/S  1	1	256896	256904	3	2	60	pips_l40_r400_500-8000.hdf5	right	left
26.7563	1	Stimulus/S  1	1	267563	267571	3	3	70	pips_l40_r400_500-8000.hdf5	right	left
27.823	1	Stimulus/S  1	1	278230	278238	3	4	50	pips_l40_r400_500-8000.hdf5	right	left
28.8683	1	Stimulus/S  1	1	288683	288691	3	5	30	pips_l40_r400_500-8000.hdf5	right	left
29.935	1	Stimulus/S  1	1	299350	299358	4	0	20	pips_l40_r400_500-8000.hdf5	right	left
30.991	1	Stimulus/S  1	1	309910	309918	4	1	40	pips_l40_r400_500-8000.hdf5	right	left
32.0577	1	Stimulus/S  1	1	320577	320585	4	2	60	pips_l40_r400_500-8000.hdf5	right	left
33.1243	1	Stimulus/S  1	1	331243	331251	4	3	70	pips_l40_r400_500-8000.hdf5	right	left
34.1697	1	Stimulus/S  1	1	341697	341705	4	4	50	pips_l40_r400_500-8000.hdf5	right	left
35.2364	1	Stimulus/S  1	1	352364	352372	4	5	30	pips_l40_r400_500-8000.hdf5	right	left
36.2817	1	Stimulus/S  1	1	362817	362825	5	0	20	pips_l40_r400_500-8000.hdf5	right	left
37.3591	1	Stimulus/S  1	1	373591	373599	5	1	40	pips_l40_r400_500-8000.hdf5	right	left
38.4151	1	Stimulus/S  1	1	384151	384159	5	2	60	pips_l40_r400_500-8000.hdf5	right	left
39.4711	1	Stimulus/S  1	1	394711	394719	5	3	70	pips_l40_r400_500-8000.hdf5	right	left
40.5378	1	Stimulus/S  1	1	405378	405386	5	4	50	pips_l40_r400_500-8000.hdf5	right	left
41.5831	1	Stimulus/S  1	1	415831	415839	5	5	30	pips_l40_r400_500-8000.hdf5	right	left
42.6391	1	Stimulus/S  1	1	426391	426399	6	0	20	pips_l40_r400_500-8000.hdf5	right	left
43.6845	1	Stimulus/S  1	1	436845	436853	6	1	40	pips_l40_r400_500-8000.hdf5	right	left
44.7405	1	Stimulus/S  1	1	447405	447413	6	2	60	pips_l40_r400_500-8000.hdf5	right	left
45.8071	1	Stimulus/S  1	1	458071	458079	6	3	70	pips_l40_r400_500-8000.hdf5	right	left
46.8525	1	Stimulus/S  1	1	468525	468533	6	4	50	pips_l40_r400_500-8000.hdf5	right	left
47.9192	1	Stimulus/S  1	1	479192	479200	6	5	30	pips_l40_r400_500-8000.hdf5	right	left
48.9859	1	Stimulus/S  1	1	489859	489867	7	0	20	pips_l40_r400_500-8000.hdf5	right	left
50.0419	1	Stimulus/S  1	1	500419	500427	7	1	40	pips_l40_r400_500-8000.hdf5	right	left
51.0872	1	Stimulus/S  1	1	510872	510880	7	2	60	pips_l40_r400_500-8000.hdf5	right	left
52.1539	1	Stimulus/S  1	1	521539	521547	7	3	70	pips_l40_r400_500-8000.hdf5	right	left
53.1992	1	Stimulus/S  1	1	531992	532000	7	4	50	pips_l40_r400_500-8000.hdf5	right	left
54.2659	1	Stimulus/S  1	1	542659	542667	7	5	30	pips_l40_r400_500-8000.hdf5	right	left
55.3219	1	Stimulus/S  1	1	553219	553227	8	0	20	pips_l40_r400_500-8000.hdf5	right	left
56.3673	1	Stimulus/S  1	1	563673	563681	8	1	40	pips_l40_r400_500-8000.hdf5	right	left
57.4339	1	Stimulus/S  1	1	574339	574347	8	2	60	pips_l40_r400_500-8000.hdf5	right	left
58.49	1	Stimulus/S  1	1	584900	584908	8	3	70	pips_l40_r400_500-8000.hdf5	right	left
59.5353	1	Stimulus/S  1	1	595353	595361	8	4	50	pips_l40_r400_500-8000.hdf5	right	left
60.5913	1	Stimulus/S  1	1	605913	605921	8	5	30	pips_l40_r400_500-8000.hdf5	right	left
61.6367	1	Stimulus/S  1	1	616367	616375	9	0	20	pips_l40_r400_500-8000.hdf5	right	left
62.7033	1	Stimulus/S  1	1	627033	627041	9	1	40	pips_l40_r400_500-8000.hdf5	right	left
63.7487	1	Stimulus/S  1	1	637487	637495	9	2	60	pips_l40_r400_500-8000.hdf5	right	left
64.8047	1	Stimulus/S  1	1	648047	648055	9	3	70	pips_l40_r400_500-8000.hdf5	right	left
65.8714	1	Stimulus/S  1	1	658714	658722	9	4	50	pips_l40_r400_500-8000.hdf5	right	left
66.9167	1	Stimulus/S  1	1	669167	669175	9	5	30	pips_l40_r400_500-8000.hdf5	right	left
67.9834	1	Stimulus/S  1	1	679834	679842	10	0	20	pips_l40_r400_500-8000.hdf5	right	left
69.0501	1	Stimulus/S  1	1	690501	690509	10	1	40	pips_l40_r400_500-8000.hdf5	right	left
70.1061	1	Stimulus/S  1	1	701061	701069	10	2	60	pips_l40_r400_500-8000.hdf5	right	left
71.1514	1	Stimulus/S  1	1	711514	711522	10	3	70	pips_l40_r400_500-8000.hdf5	right	left
72.2181	1	Stimulus/S  1	1	722181	722189	10	4	50	pips_l40_r400_500-8000.hdf5	right	left
73.2741	1	Stimulus/S  1	1	732741	732749	10	5	30	pips_l40_r400_500-8000.hdf5	right	left
74.3408	1	Stimulus/S  1	1	743408	743416	11	0	20	pips_l40_r400_500-8000.hdf5	right	left
75.3861	1	Stimulus/S  1	1	753861	753869	11	1	40	pips_l40_r400_500-8000.hdf5	right	left
76.4421	1	Stimulus/S  1	1	764421	764429	11	2	60	pips_l40_r400_500-8000.hdf5	right	left
77.4875	1	Stimulus/S  1	1	774875	774883	11	3	70	pips_l40_r400_500-8000.hdf5	right	left
78.5542	1	Stimulus/S  1	1	785542	785550	11	4	50	pips_l40_r400_500-8000.hdf5	right	left
79.5995	1	Stimulus/S  1	1	795995	796003	11	5	30	pips_l40_r400_500-8000.hdf5	right	left
80.6555	1	Stimulus/S  1	1	806555	806563	12	0	20	pips_l40_r400_500-8000.hdf5	right	left
81.7222	1	Stimulus/S  1	1	817222	817230	12	1	40	pips_l40_r400_500-8000.hdf5	right	left
82.7675	1	Stimulus/S  1	1	827675	827683	12	2	60	pips_l40_r400_500-8000.hdf5	right	left
83.8342	1	Stimulus/S  1	1	838342	838350	12	3	70	pips_l40_r400_500-8000.hdf5	right	left
84.8902	1	Stimulus/S  1	1	848902	848910	12	4	50	pips_l40_r400_500-8000.hdf5	right	left
85.9356	1	Stimulus/S  1	1	859356	859364	12	5	30	pips_l40_r400_500-8000.hdf5	right	left
86.9916	1	Stimulus/S  1	1	869916	869924	13	0	20	pips_l40_r400_500-8000.hdf5	right	left
88.0369	1	Stimulus/S  1	1	880369	880377	13	1	40	pips_l40_r400_500-8000.hdf5	right	left
89.1036	1	Stimulus/S  1	1	891036	891044	13	2	60	pips_l40_r400_500-8000.hdf5	right	left
90.1596	1	Stimulus/S  1	1	901596	901604	13	3	70	pips_l40_r400_500-8000.hdf5	right	left
91.2263	1	Stimulus/S  1	1	912263	912271	13	4	50	pips_l40_r400_500-8000.hdf5	right	left
92.293	1	Stimulus/S  1	1	922930	922938	13	5	30	pips_l40_r400_500-8000.hdf5	right	left
93.3383	1	Stimulus/S  1	1	933383	933391	14	0	20	pips_l40_r400_500-8000.hdf5	right	left
94.405	1	Stimulus/S  1	1	944050	944058	14	1	40	pips_l40_r400_500-8000.hdf5	right	left
95.4717	1	Stimulus/S  1	1	954717	954725	14	2	60	pips_l40_r400_500-8000.hdf5	right	left
96.517	1	Stimulus/S  1	1	965170	965178	14	3	70	pips_l40_r400_500-8000.hdf5	right	left
97.5837	1	Stimulus/S  1	1	975837	975845	14	4	50	pips_l40_r400_500-8000.hdf5	right	left
98.6504	1	Stimulus/S  1	1	986504	986512	14	5	30	pips_l40_r400_500-8000.hdf5	right	left
99.7064	1	Stimulus/S  1	1	997064	997072	15	0	20	pips_l40_r400_500-8000.hdf5	right	left
100.7731	1	Stimulus/S  1	1	1007731	1007739	15	1	40	pips_l40_r400_500-8000.hdf5	right	left
101.8184	1	Stimulus/S  1	1	1018184	1018192	15	2	60	pips_l40_r400_500-8000.hdf5	right	left
102.8744	1	Stimulus/S  1	1	1028744	1028752	15	3	70	pips_l40_r400_500-8000.hdf5	right	left
103.9411	1	Stimulus/S  1	1	1039411	1039419	15	4	50	pips_l40_r400_500-8000.hdf5	right	left
104.9864	1	Stimulus/S  1	1	1049864	1049872	15	5	30	pips_l40_r400_500-8000.hdf5	right	left
106.0425	1	Stimulus/S  1	1	1060425	1060433	16	0	20	pips_l40_r400_500-8000.hdf5	right	left
107.1091	1	Stimulus/S  1	1	1071091	1071099	16	1	40	pips_l40_r400_500-8000.hdf5	right	left
108.1545	1	Stimulus/S  1	1	1081545	1081553	16	2	60	pips_l40_r400_500-8000.hdf5	right	left
109.2212	1	Stimulus/S  1	1	1092212	1092220	16	3	70	pips_l40_r400_500-8000.hdf5	right	left
110.2772	1	Stimulus/S  1	1	1102772	1102780	16	4	50	pips_l40_r400_500-8000.hdf5	right	left
111.3225	1	Stimulus/S  1	1	1113225	1113233	16	5	30	pips_l40_r400_500-8000.hdf5	right	left
112.3679	1	Stimulus/S  1	1	1123679	1123687	17	0	20	pips_l40_r400_500-8000.hdf5	right	left
113.4239	1	Stimulus/S  1	1	1134239	1134247	17	1	40	pips_l40_r400_500-8000.hdf5	right	left
114.4905	1	Stimulus/S  1	1	1144905	1144913	17	2	60	pips_l40_r400_500-8000.hdf5	right	left
115.5572	1	Stimulus/S  1	1	1155572	1155580	17	3	70	pips_l40_r400_500-8000.hdf5	right	left
116.6026	1	Stimulus/S  1	1	1166026	1166034	17	4	50	pips_l40_r400_500-8000.hdf5	right	left
117.6692	1	Stimulus/S  1	1	1176692	1176700	17	5	30	pips_l40_r400_500-8000.hdf5	right	left
118.7253	1	Stimulus/S  1	1	1187253	1187261	18	0	20	pips_l40_r400_500-8000.hdf5	right	left
119.7919	1	Stimulus/S  1	1	1197919	1197927	18	1	40	pips_l40_r400_500-8000.hdf5	right	left
120.8373	1	Stimulus/S  1	1	1208373	1208381	18	2	60	pips_l40_r400_500-8000.hdf5	right	left
121.904	1	Stimulus/S  1	1	1219040	1219048	18	3	70	pips_l40_r400_500-8000.hdf5	right	left
122.9706	1	Stimulus/S  1	1	1229706	1229714	18	4	50	pips_l40_r400_500-8000.hdf5	right	left
124.0266	1	Stimulus/S  1	1	1240266	1240274	18	5	30	pips_l40_r400_500-8000.hdf5	right	left
125.0933	1	Stimulus/S  1	1	1250933	1250941	19	0	20	pips_l40_r400_500-8000.hdf5	right	left
126.1387	1	Stimulus/S  1	1	1261387	1261395	19	1	40	pips_l40_r400_500-8000.hdf5	right	left
127.2053	1	Stimulus/S  1	1	1272053	1272061	19	2	60	pips_l40_r400_500-8000.hdf5	right	left
128.2507	1	Stimulus/S  1	1	1282507	1282515	19	3	70	pips_l40_r400_500-8000.hdf5	right	left
129.3067	1	Stimulus/S  1	1	1293067	1293075	19	4	50	pips_l40_r400_500-8000.hdf5	right	left
130.3734	1	Stimulus/S  1	1	1303734	1303742	19	5	30	pips_l40_r400_500-8000.hdf5	right	left
131.4187	1	Stimulus/S  1	1	1314187	1314195	20	0	20	pips_l40_r400_500-8000.hdf5	right	left
132.4747	1	Stimulus/S  1	1	1324747	1324755	20	1	40	pips_l40_r400_500-8000.hdf5	right	left
133.5201	1	Stimulus/S  1	1	1335201	1335209	20	2	60	pips_l40_r400_500-8000.hdf5	right	left
134.5761	1	Stimulus/S  1	1	1345761	1345769	20	3	70	pips_l40_r400_500-8000.hdf5	right	left
135.6428	1	Stimulus/S  1	1	1356428	1356436	20	4	50	pips_l40_r400_500-8000.hdf5	right	left
136.7094	1	Stimulus/S  1	1	1367094	1367102	20	5	30	pips_l40_r400_500-8000.hdf5	right	left
137.7548	1	Stimulus/S  1	1	1377548	1377556	21	0	20	pips_l40_r400_500-8000.hdf5	right	left
138.8215	1	Stimulus/S  1	1	1388215	1388223	21	1	40	pips_l40_r400_500-8000.hdf5	right	left
139.8881	1	Stimulus/S  1	1	1398881	1398889	21	2	60	pips_l40_r400_500-8000.hdf5	right	left
140.9335	1	Stimulus/S  1	1	1409335	1409343	21	3	70	pips_l40_r400_500-8000.hdf5	right	left
142.0002	1	Stimulus/S  1	1	1420002	1420010	21	4	50	pips_l40_r400_500-8000.hdf5	right	left
143.0562	1	Stimulus/S  1	1	1430562	1430570	21	5	30	pips_l40_r400_500-8000.hdf5	right	left
144.1015	1	Stimulus/S  1	1	1441015	1441023	22	0	20	pips_l40_r400_500-8000.hdf5	right	left
145.1682	1	Stimulus/S  1	1	1451682	1451690	22	1	40	pips_l40_r400_500-8000.hdf5	right	left
146.2242	1	Stimulus/S  1	1	1462242	1462250	22	2	60	pips_l40_r400_500-8000.hdf5	right	left
147.2909	1	Stimulus/S  1	1	1472909	1472917	22	3	70	pips_l40_r400_500-8000.hdf5	right	left
148.3362	1	Stimulus/S  1	1	1483362	1483370	22	4	50	pips_l40_r400_500-8000.hdf5	right	left
149.3922	1	Stimulus/S  1	1	1493922	1493930	22	5	30	pips_l40_r400_500-8000.hdf5	right	left
150.4589	1	Stimulus/S  1	1	1504589	1504597	23	0	20	pips_l40_r400_500-8000.hdf5	right	left
151.5043	1	Stimulus/S  1	1	1515043	1515051	23	1	40	pips_l40_r400_500-8000.hdf5	right	left
152.5603	1	Stimulus/S  1	1	1525603	1525611	23	2	60	pips_l40_r400_500-8000.hdf5	right	left
153.6056	1	Stimulus/S  1	1	1536056	1536064	23	3	70	pips_l40_r400_500-8000.hdf5	right	left
154.651	1	Stimulus/S  1	1	1546510	1546518	23	4	50	pips_l40_r400_500-8000.hdf5	right	left
155.7176	1	Stimulus/S  1	1	1557176	1557184	23	5	30	pips_l40_r400_500-8000.hdf5	right	left
156.7737	1	Stimulus/S  1	1	1567737	1567745	24	0	20	pips_l40_r400_500-8000.hdf5	right	left
157.819	1	Stimulus/S  1	1	1578190	1578198	24	1	40	pips_l40_r400_500-8000.hdf5	right	left
158.8857	1	Stimulus/S  1	1	1588857	1588865	24	2	60	pips_l40_r400_500-8000.hdf5	right	left
159.9417	1	Stimulus/S  1	1	1599417	1599425	24	3	70	pips_l40_r400_500-8000.hdf5	right	left
160.987	1	Stimulus/S  1	1	1609870	1609878	24	4	50	pips_l40_r400_500-8000.hdf5	right	left
162.0537	1	Stimulus/S  1	1	1620537	1620545	24	5	30	pips_l40_r400_500-8000.hdf5	right	left
163.1097	1	Stimulus/S  1	1	1631097	1631105	25	0	20	pips_l40_r400_500-8000.hdf5	right	left
164.1551	1	Stimulus/S  1	1	1641551	1641559	25	1	40	pips_l40_r400_500-8000.hdf5	right	left
165.2111	1	Stimulus/S  1	1	1652111	1652119	25	2	60	pips_l40_r400_500-8000.hdf5	right	left
166.2564	1	Stimulus/S  1	1	1662564	1662572	25	3	70	pips_l40_r400_500-8000.hdf5	right	left
167.3018	1	Stimulus/S  1	1	1673018	1673026	25	4	50	pips_l40_r400_500-8000.hdf5	right	left
168.3684	1	Stimulus/S  1	1	1683684	1683692	25	5	30	pips_l40_r400_500-8000.hdf5	right	left
169.4351	1	Stimulus/S  1	1	1694351	1694359	26	0	20	pips_l40_r400_500-8000.hdf5	right	left
170.5018	1	Stimulus/S  1	1	1705018	1705026	26	1	40	pips_l40_r400_500-8000.hdf5	right	left
171.5578	1	Stimulus/S  1	1	1715578	1715586	26	2	60	pips_l40_r400_500-8000.hdf5	right	left
172.6245	1	Stimulus/S  1	1	1726245	1726253	26	3	70	pips_l40_r400_500-8000.hdf5	right	left
173.6698	1	Stimulus/S  1	1	1736698	1736706	26	4	50	pips_l40_r400_500-8000.hdf5	right	left
174.7365	1	Stimulus/S  1	1	1747365	1747373	26	5	30	pips_l40_r400_500-8000.hdf5	right	left
175.7925	1	Stimulus/S  1	1	1757925	1757933	27	0	20	pips_l40_r400_500-8000.hdf5	right	left
176.8592	1	Stimulus/S  1	1	1768592	1768600	27	1	40	pips_l40_r400_500-8000.hdf5	right	left
177.9045	1	Stimulus/S  1	1	1779045	1779053	27	2	60	pips_l40_r400_500-8000.hdf5	right	left
178.9606	1	Stimulus/S  1	1	1789606	1789614	27	3	70	pips_l40_r400_500-8000.hdf5	right	left
180.0272	1	Stimulus/S  1	1	1800272	1800280	27	4	50	pips_l40_r400_500-8000.hdf5	right	left
181.0726	1	Stimulus/S  1	1	1810726	1810734	27	5	30	pips_l40_r400_500-8000.hdf5	right	left
182.1179	1	Stimulus/S  1	1	1821179	1821187	28	0	20	pips_l40_r400_500-8000.hdf5	right	left
183.1846	1	Stimulus/S  1	1	1831846	1831854	28	1	40	pips_l40_r400_500-8000.hdf5	right	left
184.2406	1	Stimulus/S  1	1	1842406	1842414	28	2	60	pips_l40_r400_500-8000.hdf5	right	left
185.286	1	Stimulus/S  1	1	1852860	1852868	28	3	70	pips_l40_r400_500-8000.hdf5	right	left
186.3526	1	Stimulus/S  1	1	1863526	1863534	28	4	50	pips_l40_r400_500-8000.hdf5	right	left
187.4193	1	Stimulus/S  1	1	1874193	1874201	28	5	30	pips_l40_r400_500-8000.hdf5	right	left
188.486	1	Stimulus/S  1	1	1884860	1884868	29	0	20	pips_l40_r400_500-8000.hdf5	right	left
189.542	1	Stimulus/S  1	1	1895420	1895428	29	1	40	pips_l40_r400_500-8000.hdf5	right	left
190.5874	1	Stimulus/S  1	1	1905874	1905882	29	2	60	pips_l40_r400_500-8000.hdf5	right	left
191.654	1	Stimulus/S  1	1	1916540	1916548	29	3	70	pips_l40_r400_500-8000.hdf5	right	left
192.7207	1	Stimulus/S  1	1	1927207	1927215	29	4	50	pips_l40_r400_500-8000.hdf5	right	left
193.7767	1	Stimulus/S  1	1	1937767	1937775	29	5	30	pips_l40_r400_500-8000.hdf5	right	left
194.8221	1	Stimulus/S  1	1	1948221	1948229	30	0	20	pips_l40_r400_500-8000.hdf5	right	left
195.8887	1	Stimulus/S  1	1	1958887	1958895	30	1	40	pips_l40_r400_500-8000.hdf5	right	left
196.9448	1	Stimulus/S  1	1	1969448	1969456	30	2	60	pips_l40_r400_500-8000.hdf5	right	left
197.9901	1	Stimulus/S  1	1	1979901	1979909	30	3	70	pips_l40_r400_500-8000.hdf5	right	left
199.0354	1	Stimulus/S  1	1	1990354	1990362	30	4	50	pips_l40_r400_500-8000.hdf5	right	left
200.1021	1	Stimulus/S  1	1	2001021	2001029	30	5	30	pips_l40_r400_500-8000.hdf5	right	left
201.1688	1	Stimulus/S  1	1	2011688	2011696	31	0	20	pips_l40_r400_500-8000.hdf5	right	left
202.2248	1	Stimulus/S  1	1	2022248	2022256	31	1	40	pips_l40_r400_500-8000.hdf5	right	left
203.2702	1	Stimulus/S  1	1	2032702	2032710	31	2	60	pips_l40_r400_500-8000.hdf5	right	left
204.3368	1	Stimulus/S  1	1	2043368	2043376	31	3	70	pips_l40_r400_500-8000.hdf5	right	left
205.3928	1	Stimulus/S  1	1	2053928	2053936	31	4	50	pips_l40_r400_500-8000.hdf5	right	left
206.4382	1	Stimulus/S  1	1	2064382	2064390	31	5	30	pips_l40_r400_500-8000.hdf5	right	left
207.4942	1	Stimulus/S  1	1	2074942	2074950	32	0	20	pips_l40_r400_500-8000.hdf5	right	left
208.5395	1	Stimulus/S  1	1	2085395	2085403	32	1	40	pips_l40_r400_500-8000.hdf5	right	left
209.5849	1	Stimulus/S  1	1	2095849	2095857	32	2	60	pips_l40_r400_500-8000.hdf5	right	left
210.6409	1	Stimulus/S  1	1	2106409	2106417	32	3	70	pips_l40_r400_500-8000.hdf5	right	left
211.7076	1	Stimulus/S  1	1	2117076	2117084	32	4	50	pips_l40_r400_500-8000.hdf5	right	left
212.7529	1	Stimulus/S  1	1	2127529	2127537	32	5	30	pips_l40_r400_500-8000.hdf5	right	left
213.8089	1	Stimulus/S  1	1	2138089	2138097	33	0	20	pips_l40_r400_500-8000.hdf5	right	left
214.8543	1	Stimulus/S  1	1	2148543	2148551	33	1	40	pips_l40_r400_500-8000.hdf5	right	left
215.9103	1	Stimulus/S  1	1	2159103	2159111	33	2	60	pips_l40_r400_500-8000.hdf5	right	left
216.977	1	Stimulus/S  1	1	2169770	2169778	33	3	70	pips_l40_r400_500-8000.hdf5	right	left
218.0223	1	Stimulus/S  1	1	2180223	2180231	33	4	50	pips_l40_r400_500-8000.hdf5	right	left
219.0783	1	Stimulus/S  1	1	2190783	2190791	33	5	30	pips_l40_r400_500-8000.hdf5	right	left
220.145	1	Stimulus/S  1	1	2201450	2201458	34	0	20	pips_l40_r400_500-8000.hdf5	right	left
221.1903	1	Stimulus/S  1	1	2211903	2211911	34	1	40	pips_l40_r400_500-8000.hdf5	right	left
222.2357	1	Stimulus/S  1	1	2222357	2222365	34	2	60	pips_l40_r400_500-8000.hdf5	right	left
223.2917	1	Stimulus/S  1	1	2232917	2232925	34	3	70	pips_l40_r400_500-8000.hdf5	right	left
224.3584	1	Stimulus/S  1	1	2243584	2243592	34	4	50	pips_l40_r400_500-8000.hdf5	right	left
225.4037	1	Stimulus/S  1	1	2254037	2254045	34	5	30	pips_l40_r400_500-8000.hdf5	right	left
226.4704	1	Stimulus/S  1	1	2264704	2264712	35	0	20	pips_l40_r400_500-8000.hdf5	right	left
227.5371	1	Stimulus/S  1	1	2275371	2275379	35	1	40	pips_l40_r400_500-8000.hdf5	right	left
228.6038	1	Stimulus/S  1	1	2286038	2286046	35	2	60	pips_l40_r400_500-8000.hdf5	right	left
229.6704	1	Stimulus/S  1	1	2296704	2296712	35	3	70	pips_l40_r400_500-8000.hdf5	right	left
230.7264	1	Stimulus/S  1	1	2307264	2307272	35	4	50	pips_l40_r400_500-8000.hdf5	right	left
231.7718	1	Stimulus/S  1	1	2317718	2317726	35	5	30	pips_l40_r400_500-8000.hdf5	right	left
232.8385	1	Stimulus/S  1	1	2328385	2328393	36	0	20	pips_l40_r400_500-8000.hdf5	right	left
233.9051	1	Stimulus/S  1	1	2339051	2339059	36	1	40	pips_l40_r400_500-8000.hdf5	right	left
234.9612	1	Stimulus/S  1	1	2349612	2349620	36	2	60	pips_l40_r400_500-8000.hdf5	right	left
236.0065	1	Stimulus/S  1	1	2360065	2360073	36	3	70	pips_l40_r400_500-8000.hdf5	right	left
237.0518	1	Stimulus/S  1	1	2370518	2370526	36	4	50	pips_l40_r400_500-8000.hdf5	right	left
238.1185	1	Stimulus/S  1	1	2381185	2381193	36	5	30	pips_l40_r400_500-8000.hdf5	right	left
239.1745	1	Stimulus/S  1	1	2391745	2391753	37	0	20	pips_l40_r400_500-8000.hdf5	right	left
240.2199	1	Stimulus/S  1	1	2402199	2402207	37	1	40	pips_l40_r400_500-8000.hdf5	right	left
241.2759	1	Stimulus/S  1	1	2412759	2412767	37	2	60	pips_l40_r400_500-8000.hdf5	right	left
242.3212	1	Stimulus/S  1	1	2423212	2423220	37	3	70	pips_l40_r400_500-8000.hdf5	right	left
243.3879	1	Stimulus/S  1	1	2433879	2433887	37	4	50	pips_l40_r400_500-8000.hdf5	right	left
244.4546	1	Stimulus/S  1	1	2444546	2444554	37	5	30	pips_l40_r400_500-8000.hdf5	right	left
245.5106	1	Stimulus/S  1	1	2455106	2455114	38	0	20	pips_l40_r400_500-8000.hdf5	right	left
246.5559	1	Stimulus/S  1	1	2465559	2465567	38	1	40	pips_l40_r400_500-8000.hdf5	right	left
247.612	1	Stimulus/S  1	1	2476120	2476128	38	2	60	pips_l40_r400_500-8000.hdf5	right	left
248.6786	1	Stimulus/S  1	1	2486786	2486794	38	3	70	pips_l40_r400_500-8000.hdf5	right	left
249.7453	1	Stimulus/S  1	1	2497453	2497461	38	4	50	pips_l40_r400_500-8000.hdf5	right	left
250.7907	1	Stimulus/S  1	1	2507907	2507915	38	5	30	pips_l40_r400_500-8000.hdf5	right	left
251.8573	1	Stimulus/S  1	1	2518573	2518581	39	0	20	pips_l40_r400_500-8000.hdf5	right	left
252.924	1	Stimulus/S  1	1	2529240	2529248	39	1	40	pips_l40_r400_500-8000.hdf5	right	left
253.9694	1	Stimulus/S  1	1	2539694	2539702	39	2	60	pips_l40_r400_500-8000.hdf5	right	left
255.0254	1	Stimulus/S  1	1	2550254	2550262	39	3	70	pips_l40_r400_500-8000.hdf5	right	left
256.092	1	Stimulus/S  1	1	2560920	2560928	39	4	50	pips_l40_r400_500-8000.hdf5	right	left
257.1374	1	Stimulus/S  1	1	2571374	2571382	39	5	30	pips_l40_r400_500-8000.hdf5	right	left
258.1934	1	Stimulus/S  1	1	2581934	2581942	40	0	20	pips_l40_r400_500-8000.hdf5	right	left
259.2601	1	Stimulus/S  1	1	2592601	2592609	40	1	40	pips_l40_r400_500-8000.hdf5	right	left
260.3054	1	Stimulus/S  1	1	2603054	2603062	40	2	60	pips_l40_r400_500-8000.hdf5	right	left
261.3614	1	Stimulus/S  1	1	2613614	2613622	40	3	70	pips_l40_r400_500-8000.hdf5	right	left
262.4281	1	Stimulus/S  1	1	2624281	2624289	40	4	50	pips_l40_r400_500-8000.hdf5	right	left
263.4735	1	Stimulus/S  1	1	2634735	2634743	40	5	30	pips_l40_r400_500-8000.hdf5	right	left
264.5188	1	Stimulus/S  1	1	2645188	2645196	41	0	20	pips_l40_r400_500-8000.hdf5	right	left
265.5855	1	Stimulus/S  1	1	2655855	2655863	41	1	40	pips_l40_r400_500-8000.hdf5	right	left
266.6415	1	Stimulus/S  1	1	2666415	2666423	41	2	60	pips_l40_r400_500-8000.hdf5	right	left
267.6868	1	Stimulus/S  1	1	2676868	2676876	41	3	70	pips_l40_r400_500-8000.hdf5	right	left
268.7535	1	Stimulus/S  1	1	2687535	2687543	41	4	50	pips_l40_r400_500-8000.hdf5	right	left
269.8095	1	Stimulus/S  1	1	2698095	2698103	41	5	30	pips_l40_r400_500-8000.hdf5	right	left
270.8762	1	Stimulus/S  1	1	2708762	2708770	42	0	20	pips_l40_r400_500-8000.hdf5	right	left
271.9429	1	Stimulus/S  1	1	2719429	2719437	42	1	40	pips_l40_r400_500-8000.hdf5	right	left
272.9882	1	Stimulus/S  1	1	2729882	2729890	42	2	60	pips_l40_r400_500-8000.hdf5	right	left
274.0442	1	Stimulus/S  1	1	2740442	2740450	42	3	70	pips_l40_r400_500-8000.hdf5	right	left
275.1109	1	Stimulus/S  1	1	2751109	2751117	42	4	50	pips_l40_r400_500-8000.hdf5	right	left
276.1776	1	Stimulus/S  1	1	2761776	2761784	42	5	30	pips_l40_r400_500-8000.hdf5	right	left
277.2229	1	Stimulus/S  1	1	2772229	2772237	43	0	20	pips_l40_r400_500-8000.hdf5	right	left
278.2789	1	Stimulus/S  1	1	2782789	2782797	43	1	40	pips_l40_r400_500-8000.hdf5	right	left
279.3243	1	Stimulus/S  1	1	2793243	2793251	43	2	60	pips_l40_r400_500-8000.hdf5	right	left
280.3696	1	Stimulus/S  1	1	2803696	2803704	43	3	70	pips_l40_r400_500-8000.hdf5	right	left
281.4363	1	Stimulus/S  1	1	2814363	2814371	43	4	50	pips_l40_r400_500-8000.hdf5	right	left
282.503	1	Stimulus/S  1	1	2825030	2825038	43	5	30	pips_l40_r400_500-8000.hdf5	right	left
283.559	1	Stimulus/S  1	1	2835590	2835598	44	0	20	pips_l40_r400_500-8000.hdf5	right	left
284.6043	1	Stimulus/S  1	1	2846043	2846051	44	1	40	pips_l40_r400_500-8000.hdf5	right	left
285.671	1	Stimulus/S  1	1	2856710	2856718	44	2	60	pips_l40_r400_500-8000.hdf5	right	left
286.7377	1	Stimulus/S  1	1	2867377	2867385	44	3	70	pips_l40_r400_500-8000.hdf5	right	left
287.7937	1	Stimulus/S  1	1	2877937	2877945	44	4	50	pips_l40_r400_500-8000.hdf5	right	left
288.8391	1	Stimulus/S  1	1	2888391	2888399	44	5	30	pips_l40_r400_500-8000.hdf5	right	left
289.8951	1	Stimulus/S  1	1	2898951	2898959	45	0	20	pips_l40_r400_500-8000.hdf5	right	left
290.9404	1	Stimulus/S  1	1	2909404	2909412	45	1	40	pips_l40_r400_500-8000.hdf5	right	left
291.9964	1	Stimulus/S  1	1	2919964	2919972	45	2	60	pips_l40_r400_500-8000.hdf5	right	left
293.0631	1	Stimulus/S  1	1	2930631	2930639	45	3	70	pips_l40_r400_500-8000.hdf5	right	left
294.1298	1	Stimulus/S  1	1	2941298	2941306	45	4	50	pips_l40_r400_500-8000.hdf5	right	left
295.1965	1	Stimulus/S  1	1	2951965	2951973	45	5	30	pips_l40_r400_500-8000.hdf5	right	left
296.2418	1	Stimulus/S  1	1	2962418	2962426	46	0	20	pips_l40_r400_500-8000.hdf5	right	left
297.2871	1	Stimulus/S  1	1	2972871	2972879	46	1	40	pips_l40_r400_500-8000.hdf5	right	left
298.3432	1	Stimulus/S  1	1	2983432	2983440	46	2	60	pips_l40_r400_500-8000.hdf5	right	left
299.3885	1	Stimulus/S  1	1	2993885	2993893	46	3	70	pips_l40_r400_500-8000.hdf5	right	left
300.4552	1	Stimulus/S  1	1	3004552	3004560	46	4	50	pips_l40_r400_500-8000.hdf5	right	left
301.5112	1	Stimulus/S  1	1	3015112	3015120	46	5	30	pips_l40_r400_500-8000.hdf5	right	left
302.5565	1	Stimulus/S  1	1	3025565	3025573	47	0	20	pips_l40_r400_500-8000.hdf5	right	left
303.6125	1	Stimulus/S  1	1	3036125	3036133	47	1	40	pips_l40_r400_500-8000.hdf5	right	left
304.6792	1	Stimulus/S  1	1	3046792	3046800	47	2	60	pips_l40_r400_500-8000.hdf5	right	left
305.7459	1	Stimulus/S  1	1	3057459	3057467	47	3	70	pips_l40_r400_500-8000.hdf5	right	left
306.7912	1	Stimulus/S  1	1	3067912	3067920	47	4	50	pips_l40_r400_500-8000.hdf5	right	left
307.8366	1	Stimulus/S  1	1	3078366	3078374	47	5	30	pips_l40_r400_500-8000.hdf5	right	left
308.9033	1	Stimulus/S  1	1	3089033	3089041	48	0	20	pips_l40_r400_500-8000.hdf5	right	left
309.9699	1	Stimulus/S  1	1	3099699	3099707	48	1	40	pips_l40_r400_500-8000.hdf5	right	left
311.0366	1	Stimulus/S  1	1	3110366	3110374	48	2	60	pips_l40_r400_500-8000.hdf5	right	left
312.1033	1	Stimulus/S  1	1	3121033	3121041	48	3	70	pips_l40_r400_500-8000.hdf5	right	left
313.1593	1	Stimulus/S  1	1	3131593	3131601	48	4	50	pips_l40_r400_500-8000.hdf5	right	left
314.2047	1	Stimulus/S  1	1	3142047	3142055	48	5	30	pips_l40_r400_500-8000.hdf5	right	left
315.2607	1	Stimulus/S  1	1	3152607	3152615	49	0	20	pips_l40_r400_500-8000.hdf5	right	left
316.3273	1	Stimulus/S  1	1	3163273	3163281	49	1	40	pips_l40_r400_500-8000.hdf5	right	left
317.394	1	Stimulus/S  1	1	3173940	3173948	49	2	60	pips_l40_r400_500-8000.hdf5	right	left
318.4607	1	Stimulus/S  1	1	3184607	3184615	49	3	70	pips_l40_r400_500-8000.hdf5	right	left
319.506	1	Stimulus/S  1	1	3195060	3195068	49	4	50	pips_l40_r400_500-8000.hdf5	right	left
320.5621	1	Stimulus/S  1	1	3205621	3205629	49	5	30	pips_l40_r400_500-8000.hdf5	right	left
321.6287	1	Stimulus/S  1	1	3216287	3216295	50	0	20	pips_l40_r400_500-8000.hdf5	right	left
322.6954	1	Stimulus/S  1	1	3226954	3226962	50	1	40	pips_l40_r400_500-8000.hdf5	right	left
323.7621	1	Stimulus/S  1	1	3237621	3237629	50	2	60	pips_l40_r400_500-8000.hdf5	right	left
324.8074	1	Stimulus/S  1	1	3248074	3248082	50	3	70	pips_l40_r400_500-8000.hdf5	right	left
325.8634	1	Stimulus/S  1	1	3258634	3258642	50	4	50	pips_l40_r400_500-8000.hdf5	right	left
326.9088	1	Stimulus/S  1	1	3269088	3269096	50	5	30	pips_l40_r400_500-8000.hdf5	right	left
327.9755	1	Stimulus/S  1	1	3279755	3279763	51	0	20	pips_l40_r400_500-8000.hdf5	right	left
329.0421	1	Stimulus/S  1	1	3290421	3290429	51	1	40	pips_l40_r400_500-8000.hdf5	right	left
330.0875	1	Stimulus/S  1	1	3300875	3300883	51	2	60	pips_l40_r400_500-8000.hdf5	right	left
331.1435	1	Stimulus/S  1	1	3311435	3311443	51	3	70	pips_l40_r400_500-8000.hdf5	right	left
332.2102	1	Stimulus/S  1	1	3322102	3322110	51	4	50	pips_l40_r400_500-8000.hdf5	right	left
333.2555	1	Stimulus/S  1	1	3332555	3332563	51	5	30	pips_l40_r400_500-8000.hdf5	right	left
334.3115	1	Stimulus/S  1	1	3343115	3343123	52	0	20	pips_l40_r400_500-8000.hdf5	right	left
335.3569	1	Stimulus/S  1	1	3353569	3353577	52	1	40	pips_l40_r400_500-8000.hdf5	right	left
336.4129	1	Stimulus/S  1	1	3364129	3364137	52	2	60	pips_l40_r400_500-8000.hdf5	right	left
337.4582	1	Stimulus/S  1	1	3374582	3374590	52	3	70	pips_l40_r400_500-8000.hdf5	right	left
338.5249	1	Stimulus/S  1	1	3385249	3385257	52	4	50	pips_l40_r400_500-8000.hdf5	right	left
339.5703	1	Stimulus/S  1	1	3395703	3395711	52	5	30	pips_l40_r400_500-8000.hdf5	right	left
340.6476	1	Stimulus/S  1	1	3406476	3406484	53	0	20	pips_l40_r400_500-8000.hdf5	right	left
341.7036	1	Stimulus/S  1	1	3417036	3417044	53	1	40	pips_l40_r400_500-8000.hdf5	right	left
342.7596	1	Stimulus/S  1	1	3427596	3427604	53	2	60	pips_l40_r400_500-8000.hdf5	right	left
343.8263	1	Stimulus/S  1	1	3438263	3438271	53	3	70	pips_l40_r400_500-8000.hdf5	right	left
344.8716	1	Stimulus/S  1	1	3448716	3448724	53	4	50	pips_l40_r400_500-8000.hdf5	right	left
345.9277	1	Stimulus/S  1	1	3459277	3459285	53	5	30	pips_l40_r400_500-8000.hdf5	right	left
346.9943	1	Stimulus/S  1	1	3469943	3469951	54	0	20	pips_l40_r400_500-8000.hdf5	right	left
348.061	1	Stimulus/S  1	1	3480610	3480618	54	1	40	pips_l40_r400_500-8000.hdf5	right	left
349.1064	1	Stimulus/S  1	1	3491064	3491072	54	2	60	pips_l40_r400_500-8000.hdf5	right	left
350.1624	1	Stimulus/S  1	1	3501624	3501632	54	3	70	pips_l40_r400_500-8000.hdf5	right	left
351.229	1	Stimulus/S  1	1	3512290	3512298	54	4	50	pips_l40_r400_500-8000.hdf5	right	left
352.2744	1	Stimulus/S  1	1	3522744	3522752	54	5	30	pips_l40_r400_500-8000.hdf5	right	left
353.3197	1	Stimulus/S  1	1	3533197	3533205	55	0	20	pips_l40_r400_500-8000.hdf5	right	left
354.3971	1	Stimulus/S  1	1	3543971	3543979	55	1	40	pips_l40_r400_500-8000.hdf5	right	left
355.4638	1	Stimulus/S  1	1	3554638	3554646	55	2	60	pips_l40_r400_500-8000.hdf5	right	left
356.5091	1	Stimulus/S  1	1	3565091	3565099	55	3	70	pips_l40_r400_500-8000.hdf5	right	left
357.5758	1	Stimulus/S  1	1	3575758	3575766	55	4	50	pips_l40_r400_500-8000.hdf5	right	left
358.6211	1	Stimulus/S  1	1	3586211	3586219	55	5	30	pips_l40_r400_500-8000.hdf5	right	left
359.6878	1	Stimulus/S  1	1	3596878	3596886	56	0	20	pips_l40_r400_500-8000.hdf5	right	left
360.7545	1	Stimulus/S  1	1	3607545	3607553	56	1	40	pips_l40_r400_500-8000.hdf5	right	left
361.8212	1	Stimulus/S  1	1	3618212	3618220	56	2	60	pips_l40_r400_500-8000.hdf5	right	left
362.8772	1	Stimulus/S  1	1	3628772	3628780	56	3	70	pips_l40_r400_500-8000.hdf5	right	left
363.9225	1	Stimulus/S  1	1	3639225	3639233	56	4	50	pips_l40_r400_500-8000.hdf5	right	left
364.9892	1	Stimulus/S  1	1	3649892	3649900	56	5	30	pips_l40_r400_500-8000.hdf5	right	left
366.0559	1	Stimulus/S  1	1	3660559	3660567	57	0	20	pips_l40_r400_500-8000.hdf5	right	left
367.1225	1	Stimulus/S  1	1	3671225	3671233	57	1	40	pips_l40_r400_500-8000.hdf5	right	left
368.1786	1	Stimulus/S  1	1	3681786	3681794	57	2	60	pips_l40_r400_500-8000.hdf5	right	left
369.2239	1	Stimulus/S  1	1	3692239	3692247	57	3	70	pips_l40_r400_500-8000.hdf5	right	left
370.2799	1	Stimulus/S  1	1	3702799	3702807	57	4	50	pips_l40_r400_500-8000.hdf5	right	left
371.3466	1	Stimulus/S  1	1	3713466	3713474	57	5	30	pips_l40_r400_500-8000.hdf5	right	left
372.4133	1	Stimulus/S  1	1	3724133	3724141	58	0	20	pips_l40_r400_500-8000.hdf5	right	left
373.4799	1	Stimulus/S  1	1	3734799	3734807	58	1	40	pips_l40_r400_500-8000.hdf5	right	left
374.5466	1	Stimulus/S  1	1	3745466	3745474	58	2	60	pips_l40_r400_500-8000.hdf5	right	left
375.6133	1	Stimulus/S  1	1	3756133	3756141	58	3	70	pips_l40_r400_500-8000.hdf5	right	left
376.6586	1	Stimulus/S  1	1	3766586	3766594	58	4	50	pips_l40_r400_500-8000.hdf5	right	left
377.704	1	Stimulus/S  1	1	3777040	3777048	58	5	30	pips_l40_r400_500-8000.hdf5	right	left
378.7813	1	Stimulus/S  1	1	3787813	3787821	59	0	20	pips_l40_r400_500-8000.hdf5	right	left
379.848	1	Stimulus/S  1	1	3798480	3798488	59	1	40	pips_l40_r400_500-8000.hdf5	right	left
380.8934	1	Stimulus/S  1	1	3808934	3808942	59	2	60	pips_l40_r400_500-8000.hdf5	right	left
381.9387	1	Stimulus/S  1	1	3819387	3819395	59	3	70	pips_l40_r400_500-8000.hdf5	right	left
382.9947	1	Stimulus/S  1	1	3829947	3829955	59	4	50	pips_l40_r400_500-8000.hdf5	right	left
384.0401	1	Stimulus/S  1	1	3840401	3840409	59	5	30	pips_l40_r400_500-8000.hdf5	right	left
385.0961	1	Stimulus/S  1	1	3850961	3850969	60	0	20	pips_l40_r400_500-8000.hdf5	right	left
386.1414	1	Stimulus/S  1	1	3861414	3861422	60	1	40	pips_l40_r400_500-8000.hdf5	right	left
387.1974	1	Stimulus/S  1	1	3871974	3871982	60	2	60	pips_l40_r400_500-8000.hdf5	right	left
388.2641	1	Stimulus/S  1	1	3882641	3882649	60	3	70	pips_l40_r400_500-8000.hdf5	right	left
389.3308	1	Stimulus/S  1	1	3893308	3893316	60	4	50	pips_l40_r400_500-8000.hdf5	right	left
390.3975	1	Stimulus/S  1	1	3903975	3903983	60	5	30	pips_l40_r400_500-8000.hdf5	right	left
391.4641	1	Stimulus/S  1	1	3914641	3914649	61	0	20	pips_l40_r400_500-8000.hdf5	right	left
392.5095	1	Stimulus/S  1	1	3925095	3925103	61	1	40	pips_l40_r400_500-8000.hdf5	right	left
393.5548	1	Stimulus/S  1	1	3935548	3935556	61	2	60	pips_l40_r400_500-8000.hdf5	right	left
394.6215	1	Stimulus/S  1	1	3946215	3946223	61	3	70	pips_l40_r400_500-8000.hdf5	right	left
395.6882	1	Stimulus/S  1	1	3956882	3956890	61	4	50	pips_l40_r400_500-8000.hdf5	right	left
396.7442	1	Stimulus/S  1	1	3967442	3967450	61	5	30	pips_l40_r400_500-8000.hdf5	right	left
397.7895	1	Stimulus/S  1	1	3977895	3977903	62	0	20	pips_l40_r400_500-8000.hdf5	right	left
398.8562	1	Stimulus/S  1	1	3988562	3988570	62	1	40	pips_l40_r400_500-8000.hdf5	right	left
399.9229	1	Stimulus/S  1	1	3999229	3999237	62	2	60	pips_l40_r400_500-8000.hdf5	right	left
400.9896	1	Stimulus/S  1	1	4009896	4009904	62	3	70	pips_l40_r400_500-8000.hdf5	right	left
402.0456	1	Stimulus/S  1	1	4020456	4020464	62	4	50	pips_l40_r400_500-8000.hdf5	right	left
403.0909	1	Stimulus/S  1	1	4030909	4030917	62	5	30	pips_l40_r400_500-8000.hdf5	right	left
404.1576	1	Stimulus/S  1	1	4041576	4041584	63	0	20	pips_l40_r400_500-8000.hdf5	right	left
405.2136	1	Stimulus/S  1	1	4052136	4052144	63	1	40	pips_l40_r400_500-8000.hdf5	right	left
406.259	1	Stimulus/S  1	1	4062590	4062598	63	2	60	pips_l40_r400_500-8000.hdf5	right	left
407.3256	1	Stimulus/S  1	1	4073256	4073264	63	3	70	pips_l40_r400_500-8000.hdf5	right	left
408.3923	1	Stimulus/S  1	1	4083923	4083931	63	4	50	pips_l40_r400_500-8000.hdf5	right	left
409.4483	1	Stimulus/S  1	1	4094483	4094491	63	5	30	pips_l40_r400_500-8000.hdf5	right	left
410.4937	1	Stimulus/S  1	1	4104937	4104945	64	0	20	pips_l40_r400_500-8000.hdf5	right	left
411.5603	1	Stimulus/S  1	1	4115603	4115611	64	1	40	pips_l40_r400_500-8000.hdf5	right	left
412.627	1	Stimulus/S  1	1	4126270	4126278	64	2	60	pips_l40_r400_500-8000.hdf5	right	left
413.6724	1	Stimulus/S  1	1	4136724	4136732	64	3	70	pips_l40_r400_500-8000.hdf5	right	left
414.7284	1	Stimulus/S  1	1	4147284	4147292	64	4	50	pips_l40_r400_500-8000.hdf5	right	left
415.7951	1	Stimulus/S  1	1	4157951	4157959	64	5	30	pips_l40_r400_500-8000.hdf5	right	left
416.8617	1	Stimulus/S  1	1	4168617	4168625	65	0	20	pips_l40_r400_500-8000.hdf5	right	left
417.9284	1	Stimulus/S  1	1	4179284	4179292	65	1	40	pips_l40_r400_500-8000.hdf5	right	left
418.9951	1	Stimulus/S  1	1	4189951	4189959	65	2	60	pips_l40_r400_500-8000.hdf5	right	left
420.0618	1	Stimulus/S  1	1	4200618	4200626	65	3	70	pips_l40_r400_500-8000.hdf5	right	left
421.1284	1	Stimulus/S  1	1	4211284	4211292	65	4	50	pips_l40_r400_500-8000.hdf5	right	left
422.1738	1	Stimulus/S  1	1	4221738	4221746	65	5	30	pips_l40_r400_500-8000.hdf5	right	left
423.2298	1	Stimulus/S  1	1	4232298	4232306	66	0	20	pips_l40_r400_500-8000.hdf5	right	left
424.2751	1	Stimulus/S  1	1	4242751	4242759	66	1	40	pips_l40_r400_500-8000.hdf5	right	left
425.3312	1	Stimulus/S  1	1	4253312	4253320	66	2	60	pips_l40_r400_500-8000.hdf5	right	left
426.3978	1	Stimulus/S  1	1	4263978	4263986	66	3	70	pips_l40_r400_500-8000.hdf5	right	left
427.4645	1	Stimulus/S  1	1	4274645	4274653	66	4	50	pips_l40_r400_500-8000.hdf5	right	left
428.5312	1	Stimulus/S  1	1	4285312	4285320	66	5	30	pips_l40_r400_500-8000.hdf5	right	left
429.5765	1	Stimulus/S  1	1	4295765	4295773	67	0	20	pips_l40_r400_500-8000.hdf5	right	left
430.6219	1	Stimulus/S  1	1	4306219	4306227	67	1	40	pips_l40_r400_500-8000.hdf5	right	left
431.6779	1	Stimulus/S  1	1	4316779	4316787	67	2	60	pips_l40_r400_500-8000.hdf5	right	left
432.7232	1	Stimulus/S  1	1	4327232	4327240	67	3	70	pips_l40_r400_500-8000.hdf5	right	left
433.7899	1	Stimulus/S  1	1	4337899	4337907	67	4	50	pips_l40_r400_500-8000.hdf5	right	left
434.8566	1	Stimulus/S  1	1	4348566	4348574	67	5	30	pips_l40_r400_500-8000.hdf5	right	left
435.9233	1	Stimulus/S  1	1	4359233	4359241	68	0	20	pips_l40_r400_500-8000.hdf5	right	left
436.9793	1	Stimulus/S  1	1	4369793	4369801	68	1	40	pips_l40_r400_500-8000.hdf5	right	left
438.0246	1	Stimulus/S  1	1	4380246	4380254	68	2	60	pips_l40_r400_500-8000.hdf5	right	left
439.0806	1	Stimulus/S  1	1	4390806	4390814	68	3	70	pips_l40_r400_500-8000.hdf5	right	left
440.126	1	Stimulus/S  1	1	4401260	4401268	68	4	50	pips_l40_r400_500-8000.hdf5	right	left
441.1927	1	Stimulus/S  1	1	4411927	4411935	68	5	30	pips_l40_r400_500-8000.hdf5	right	left
442.2487	1	Stimulus/S  1	1	4422487	4422495	69	0	20	pips_l40_r400_500-8000.hdf5	right	left
443.294	1	Stimulus/S  1	1	4432940	4432948	69	1	40	pips_l40_r400_500-8000.hdf5	right	left
444.3394	1	Stimulus/S  1	1	4443394	4443402	69	2	60	pips_l40_r400_500-8000.hdf5	right	left
445.406	1	Stimulus/S  1	1	4454060	4454068	69	3	70	pips_l40_r400_500-8000.hdf5	right	left
446.4727	1	Stimulus/S  1	1	4464727	4464735	69	4	50	pips_l40_r400_500-8000.hdf5	right	left
447.5394	1	Stimulus/S  1	1	4475394	4475402	69	5	30	pips_l40_r400_500-8000.hdf5	right	left
448.6061	1	Stimulus/S  1	1	4486061	4486069	70	0	20	pips_l40_r400_500-8000.hdf5	right	left
449.6727	1	Stimulus/S  1	1	4496727	4496735	70	1	40	pips_l40_r400_500-8000.hdf5	right	left
450.7394	1	Stimulus/S  1	1	4507394	4507402	70	2	60	pips_l40_r400_500-8000.hdf5	right	left
451.8061	1	Stimulus/S  1	1	4518061	4518069	70	3	70	pips_l40_r400_500-8000.hdf5	right	left
452.8728	1	Stimulus/S  1	1	4528728	4528736	70	4	50	pips_l40_r400_500-8000.hdf5	right	left
453.9288	1	Stimulus/S  1	1	4539288	4539296	70	5	30	pips_l40_r400_500-8000.hdf5	right	left
454.9741	1	Stimulus/S  1	1	4549741	4549749	71	0	20	pips_l40_r400_500-8000.hdf5	right	left
456.0408	1	Stimulus/S  1	1	4560408	4560416	71	1	40	pips_l40_r400_500-8000.hdf5	right	left
457.1075	1	Stimulus/S  1	1	4571075	4571083	71	2	60	pips_l40_r400_500-8000.hdf5	right	left
458.1742	1	Stimulus/S  1	1	4581742	4581750	71	3	70	pips_l40_r400_500-8000.hdf5	right	left
459.2408	1	Stimulus/S  1	1	4592408	4592416	71	4	50	pips_l40_r400_500-8000.hdf5	right	left
460.2969	1	Stimulus/S  1	1	4602969	4602977	71	5	30	pips_l40_r400_500-8000.hdf5	right	left
461.3422	1	Stimulus/S  1	1	4613422	4613430	72	0	20	pips_l40_r400_500-8000.hdf5	right	left
462.3982	1	Stimulus/S  1	1	4623982	4623990	72	1	40	pips_l40_r400_500-8000.hdf5	right	left
463.4649	1	Stimulus/S  1	1	4634649	4634657	72	2	60	pips_l40_r400_500-8000.hdf5	right	left
464.5102	1	Stimulus/S  1	1	4645102	4645110	72	3	70	pips_l40_r400_500-8000.hdf5	right	left
465.5556	1	Stimulus/S  1	1	4655556	4655564	72	4	50	pips_l40_r400_500-8000.hdf5	right	left
466.6116	1	Stimulus/S  1	1	4666116	4666124	72	5	30	pips_l40_r400_500-8000.hdf5	right	left
467.6783	1	Stimulus/S  1	1	4676783	4676791	73	0	20	pips_l40_r400_500-8000.hdf5	right	left
468.7236	1	Stimulus/S  1	1	4687236	4687244	73	1	40	pips_l40_r400_500-8000.hdf5	right	left
469.7796	1	Stimulus/S  1	1	4697796	4697804	73	2	60	pips_l40_r400_500-8000.hdf5	right	left
470.8463	1	Stimulus/S  1	1	4708463	4708471	73	3	70	pips_l40_r400_500-8000.hdf5	right	left
471.8916	1	Stimulus/S  1	1	4718916	4718924	73	4	50	pips_l40_r400_500-8000.hdf5	right	left
472.9583	1	Stimulus/S  1	1	4729583	4729591	73	5	30	pips_l40_r400_500-8000.hdf5	right	left
474.025	1	Stimulus/S  1	1	4740250	4740258	74	0	20	pips_l40_r400_500-8000.hdf5	right	left
475.081	1	Stimulus/S  1	1	4750810	4750818	74	1	40	pips_l40_r400_500-8000.hdf5	right	left
476.1263	1	Stimulus/S  1	1	4761263	4761271	74	2	60	pips_l40_r400_500-8000.hdf5	right	left
477.193	1	Stimulus/S  1	1	4771930	4771938	74	3	70	pips_l40_r400_500-8000.hdf5	right	left
478.249	1	Stimulus/S  1	1	4782490	4782498	74	4	50	pips_l40_r400_500-8000.hdf5	right	left
479.2944	1	Stimulus/S  1	1	4792944	4792952	74	5	30	pips_l40_r400_500-8000.hdf5	right	left
480.3611	1	Stimulus/S  1	1	4803611	4803619	75	0	20	pips_l40_r400_500-8000.hdf5	right	left
481.4064	1	Stimulus/S  1	1	4814064	4814072	75	1	40	pips_l40_r400_500-8000.hdf5	right	left
482.4624	1	Stimulus/S  1	1	4824624	4824632	75	2	60	pips_l40_r400_500-8000.hdf5	right	left
483.5291	1	Stimulus/S  1	1	4835291	4835299	75	3	70	pips_l40_r400_500-8000.hdf5	right	left
484.5744	1	Stimulus/S  1	1	4845744	4845752	75	4	50	pips_l40_r400_500-8000.hdf5	right	left
485.6304	1	Stimulus/S  1	1	4856304	4856312	75	5	30	pips_l40_r400_500-8000.hdf5	right	left
486.6758	1	Stimulus/S  1	1	4866758	4866766	76	0	20	pips_l40_r400_500-8000.hdf5	right	left
487.7425	1	Stimulus/S  1	1	4877425	4877433	76	1	40	pips_l40_r400_500-8000.hdf5	right	left
488.7985	1	Stimulus/S  1	1	4887985	4887993	76	2	60	pips_l40_r400_500-8000.hdf5	right	left
489.8652	1	Stimulus/S  1	1	4898652	4898660	76	3	70	pips_l40_r400_500-8000.hdf5	right	left
490.9318	1	Stimulus/S  1	1	4909318	4909326	76	4	50	pips_l40_r400_500-8000.hdf5	right	left
491.9985	1	Stimulus/S  1	1	4919985	4919993	76	5	30	pips_l40_r400_500-8000.hdf5	right	left
493.0439	1	Stimulus/S  1	1	4930439	4930447	77	0	20	pips_l40_r400_500-8000.hdf5	right	left
494.0892	1	Stimulus/S  1	1	4940892	4940900	77	1	40	pips_l40_r400_500-8000.hdf5	right	left
495.1665	1	Stimulus/S  1	1	4951665	4951673	77	2	60	pips_l40_r400_500-8000.hdf5	right	left
496.2332	1	Stimulus/S  1	1	4962332	4962340	77	3	70	pips_l40_r400_500-8000.hdf5	right	left
497.2786	1	Stimulus/S  1	1	4972786	4972794	77	4	50	pips_l40_r400_500-8000.hdf5	right	left
498.3239	1	Stimulus/S  1	1	4983239	4983247	77	5	30	pips_l40_r400_500-8000.hdf5	right	left
499.3906	1	Stimulus/S  1	1	4993906	4993914	78	0	20	pips_l40_r400_500-8000.hdf5	right	left
500.4466	1	Stimulus/S  1	1	5004466	5004474	78	1	40	pips_l40_r400_500-8000.hdf5	right	left
501.4919	1	Stimulus/S  1	1	5014919	5014927	78	2	60	pips_l40_r400_500-8000.hdf5	right	left
502.548	1	Stimulus/S  1	1	5025480	5025488	78	3	70	pips_l40_r400_500-8000.hdf5	right	left
503.5933	1	Stimulus/S  1	1	5035933	5035941	78	4	50	pips_l40_r400_500-8000.hdf5	right	left
504.66	1	Stimulus/S  1	1	5046600	5046608	78	5	30	pips_l40_r400_500-8000.hdf5	right	left
505.7267	1	Stimulus/S  1	1	5057267	5057275	79	0	20	pips_l40_r400_500-8000.hdf5	right	left
506.7827	1	Stimulus/S  1	1	5067827	5067835	79	1	40	pips_l40_r400_500-8000.hdf5	right	left
507.828	1	Stimulus/S  1	1	5078280	5078288	79	2	60	pips_l40_r400_500-8000.hdf5	right	left
508.8947	1	Stimulus/S  1	1	5088947	5088955	79	3	70	pips_l40_r400_500-8000.hdf5	right	left
509.9614	1	Stimulus/S  1	1	5099614	5099622	79	4	50	pips_l40_r400_500-8000.hdf5	right	left
511.0067	1	Stimulus/S  1	1	5110067	5110075	79	5	30	pips_l40_r400_500-8000.hdf5	right	left
512.0627	1	Stimulus/S  1	1	5120627	5120635	80	0	20	pips_l40_r400_500-8000.hdf5	right	left
513.1081	1	Stimulus/S  1	1	5131081	5131089	80	1	40	pips_l40_r400_500-8000.hdf5	right	left
514.1747	1	Stimulus/S  1	1	5141747	5141755	80	2	60	pips_l40_r400_500-8000.hdf5	right	left
515.2308	1	Stimulus/S  1	1	5152308	5152316	80	3	70	pips_l40_r400_500-8000.hdf5	right	left
516.2761	1	Stimulus/S  1	1	5162761	5162769	80	4	50	pips_l40_r400_500-8000.hdf5	right	left
517.3321	1	Stimulus/S  1	1	5173321	5173329	80	5	30	pips_l40_r400_500-8000.hdf5	right	left
518.3988	1	Stimulus/S  1	1	5183988	5183996	81	0	20	pips_l40_r400_500-8000.hdf5	right	left
519.4655	1	Stimulus/S  1	1	5194655	5194663	81	1	40	pips_l40_r400_500-8000.hdf5	right	left
520.5108	1	Stimulus/S  1	1	5205108	5205116	81	2	60	pips_l40_r400_500-8000.hdf5	right	left
521.5668	1	Stimulus/S  1	1	5215668	5215676	81	3	70	pips_l40_r400_500-8000.hdf5	right	left
522.6335	1	Stimulus/S  1	1	5226335	5226343	81	4	50	pips_l40_r400_500-8000.hdf5	right	left
523.7002	1	Stimulus/S  1	1	5237002	5237010	81	5	30	pips_l40_r400_500-8000.hdf5	right	left
524.7455	1	Stimulus/S  1	1	5247455	5247463	82	0	20	pips_l40_r400_500-8000.hdf5	right	left
525.7909	1	Stimulus/S  1	1	5257909	5257917	82	1	40	pips_l40_r400_500-8000.hdf5	right	left
526.8469	1	Stimulus/S  1	1	5268469	5268477	82	2	60	pips_l40_r400_500-8000.hdf5	right	left
527.8922	1	Stimulus/S  1	1	5278922	5278930	82	3	70	pips_l40_r400_500-8000.hdf5	right	left
528.9482	1	Stimulus/S  1	1	5289482	5289490	82	4	50	pips_l40_r400_500-8000.hdf5	right	left
530.0149	1	Stimulus/S  1	1	5300149	5300157	82	5	30	pips_l40_r400_500-8000.hdf5	right	left
531.0816	1	Stimulus/S  1	1	5310816	5310824	83	0	20	pips_l40_r400_500-8000.hdf5	right	left
532.1269	1	Stimulus/S  1	1	5321269	5321277	83	1	40	pips_l40_r400_500-8000.hdf5	right	left
533.1829	1	Stimulus/S  1	1	5331829	5331837	83	2	60	pips_l40_r400_500-8000.hdf5	right	left
534.2496	1	Stimulus/S  1	1	5342496	5342504	83	3	70	pips_l40_r400_500-8000.hdf5	right	left
535.3163	1	Stimulus/S  1	1	5353163	5353171	83	4	50	pips_l40_r400_500-8000.hdf5	right	left
536.3616	1	Stimulus/S  1	1	5363616	5363624	83	5	30	pips_l40_r400_500-8000.hdf5	right	left
537.4177	1	Stimulus/S  1	1	5374177	5374185	84	0	20	pips_l40_r400_500-8000.hdf5	right	left
538.4737	1	Stimulus/S  1	1	5384737	5384745	84	1	40	pips_l40_r400_500-8000.hdf5	right	left
539.5297	1	Stimulus/S  1	1	5395297	5395305	84	2	60	pips_l40_r400_500-8000.hdf5	right	left
540.575	1	Stimulus/S  1	1	5405750	5405758	84	3	70	pips_l40_r400_500-8000.hdf5	right	left
541.6417	1	Stimulus/S  1	1	5416417	5416425	84	4	50	pips_l40_r400_500-8000.hdf5	right	left
542.6977	1	Stimulus/S  1	1	5426977	5426985	84	5	30	pips_l40_r400_500-8000.hdf5	right	left
543.7431	1	Stimulus/S  1	1	5437431	5437439	85	0	20	pips_l40_r400_500-8000.hdf5	right	left
544.8097	1	Stimulus/S  1	1	5448097	5448105	85	1	40	pips_l40_r400_500-8000.hdf5	right	left
545.8764	1	Stimulus/S  1	1	5458764	5458772	85	2	60	pips_l40_r400_500-8000.hdf5	right	left
546.9324	1	Stimulus/S  1	1	5469324	5469332	85	3	70	pips_l40_r400_500-8000.hdf5	right	left
547.9991	1	Stimulus/S  1	1	5479991	5479999	85	4	50	pips_l40_r400_500-8000.hdf5	right	left
549.0444	1	Stimulus/S  1	1	5490444	5490452	85	5	30	pips_l40_r400_500-8000.hdf5	right	left
550.1005	1	Stimulus/S  1	1	5501005	5501013	86	0	20	pips_l40_r400_500-8000.hdf5	right	left
551.1458	1	Stimulus/S  1	1	5511458	5511466	86	1	40	pips_l40_r400_500-8000.hdf5	right	left
552.1911	1	Stimulus/S  1	1	5521911	5521919	86	2	60	pips_l40_r400_500-8000.hdf5	right	left
553.2578	1	Stimulus/S  1	1	5532578	5532586	86	3	70	pips_l40_r400_500-8000.hdf5	right	left
554.3138	1	Stimulus/S  1	1	5543138	5543146	86	4	50	pips_l40_r400_500-8000.hdf5	right	left
555.3805	1	Stimulus/S  1	1	5553805	5553813	86	5	30	pips_l40_r400_500-8000.hdf5	right	left
556.4259	1	Stimulus/S  1	1	5564259	5564267	87	0	20	pips_l40_r400_500-8000.hdf5	right	left
557.4819	1	Stimulus/S  1	1	5574819	5574827	87	1	40	pips_l40_r400_500-8000.hdf5	right	left
558.5485	1	Stimulus/S  1	1	5585485	5585493	87	2	60	pips_l40_r400_500-8000.hdf5	right	left
559.6152	1	Stimulus/S  1	1	5596152	5596160	87	3	70	pips_l40_r400_500-8000.hdf5	right	left
560.6819	1	Stimulus/S  1	1	5606819	5606827	87	4	50	pips_l40_r400_500-8000.hdf5	right	left
561.7486	1	Stimulus/S  1	1	5617486	5617494	87	5	30	pips_l40_r400_500-8000.hdf5	right	left
562.7939	1	Stimulus/S  1	1	5627939	5627947	88	0	20	pips_l40_r400_500-8000.hdf5	right	left
563.8499	1	Stimulus/S  1	1	5638499	5638507	88	1	40	pips_l40_r400_500-8000.hdf5	right	left
564.9166	1	Stimulus/S  1	1	5649166	5649174	88	2	60	pips_l40_r400_500-8000.hdf5	right	left
565.9833	1	Stimulus/S  1	1	5659833	5659841	88	3	70	pips_l40_r400_500-8000.hdf5	right	left
567.05	1	Stimulus/S  1	1	5670500	5670508	88	4	50	pips_l40_r400_500-8000.hdf5	right	left
568.1166	1	Stimulus/S  1	1	5681166	5681174	88	5	30	pips_l40_r400_500-8000.hdf5	right	left
569.1833	1	Stimulus/S  1	1	5691833	5691841	89	0	20	pips_l40_r400_500-8000.hdf5	right	left
570.25	1	Stimulus/S  1	1	5702500	5702508	89	1	40	pips_l40_r400_500-8000.hdf5	right	left
571.2953	1	Stimulus/S  1	1	5712953	5712961	89	2	60	pips_l40_r400_500-8000.hdf5	right	left
572.3407	1	Stimulus/S  1	1	5723407	5723415	89	3	70	pips_l40_r400_500-8000.hdf5	right	left
573.418	1	Stimulus/S  1	1	5734180	5734188	89	4	50	pips_l40_r400_500-8000.hdf5	right	left
574.4634	1	Stimulus/S  1	1	5744634	5744642	89	5	30	pips_l40_r400_500-8000.hdf5	right	left
575.5087	1	Stimulus/S  1	1	5755087	5755095	90	0	20	pips_l40_r400_500-8000.hdf5	right	left
576.5647	1	Stimulus/S  1	1	5765647	5765655	90	1	40	pips_l40_r400_500-8000.hdf5	right	left
577.6314	1	Stimulus/S  1	1	5776314	5776322	90	2	60	pips_l40_r400_500-8000.hdf5	right	left
578.6768	1	Stimulus/S  1	1	5786768	5786776	90	3	70	pips_l40_r400_500-8000.hdf5	right	left
579.7434	1	Stimulus/S  1	1	5797434	5797442	90	4	50	pips_l40_r400_500-8000.hdf5	right	left
580.8101	1	Stimulus/S  1	1	5808101	5808109	90	5	30	pips_l40_r400_500-8000.hdf5	right	left
581.8768	1	Stimulus/S  1	1	5818768	5818776	91	0	20	pips_l40_r400_500-8000.hdf5	right	left
582.9435	1	Stimulus/S  1	1	5829435	5829443	91	1	40	pips_l40_r400_500-8000.hdf5	right	left
584.0101	1	Stimulus/S  1	1	5840101	5840109	91	2	60	pips_l40_r400_500-8000.hdf5	right	left
585.0662	1	Stimulus/S  1	1	5850662	5850670	91	3	70	pips_l40_r400_500-8000.hdf5	right	left
586.1115	1	Stimulus/S  1	1	5861115	5861123	91	4	50	pips_l40_r400_500-8000.hdf5	right	left
587.1675	1	Stimulus/S  1	1	5871675	5871683	91	5	30	pips_l40_r400_500-8000.hdf5	right	left
588.2342	1	Stimulus/S  1	1	5882342	5882350	92	0	20	pips_l40_r400_500-8000.hdf5	right	left
589.3009	1	Stimulus/S  1	1	5893009	5893017	92	1	40	pips_l40_r400_500-8000.hdf5	right	left
590.3462	1	Stimulus/S  1	1	5903462	5903470	92	2	60	pips_l40_r400_500-8000.hdf5	right	left
591.3916	1	Stimulus/S  1	1	5913916	5913924	92	3	70	pips_l40_r400_500-8000.hdf5	right	left
592.4476	1	Stimulus/S  1	1	5924476	5924484	92	4	50	pips_l40_r400_500-8000.hdf5	right	left
593.4929	1	Stimulus/S  1	1	5934929	5934937	92	5	30	pips_l40_r400_500-8000.hdf5	right	left
594.5596	1	Stimulus/S  1	1	5945596	5945604	93	0	20	pips_l40_r400_500-8000.hdf5	right	left
595.6263	1	Stimulus/S  1	1	5956263	5956271	93	1	40	pips_l40_r400_500-8000.hdf5	right	left
596.6929	1	Stimulus/S  1	1	5966929	5966937	93	2	60	pips_l40_r400_500-8000.hdf5	right	left
597.749	1	Stimulus/S  1	1	5977490	5977498	93	3	70	pips_l40_r400_500-8000.hdf5	right	left
598.7943	1	Stimulus/S  1	1	5987943	5987951	93	4	50	pips_l40_r400_500-8000.hdf5	right	left
599.861	1	Stimulus/S  1	1	5998610	5998618	93	5	30	pips_l40_r400_500-8000.hdf5	right	left
600.9277	1	Stimulus/S  1	1	6009277	6009285	94	0	20	pips_l40_r400_500-8000.hdf5	right	left
601.9943	1	Stimulus/S  1	1	6019943	6019951	94	1	40	pips_l40_r400_500-8000.hdf5	right	left
603.061	1	Stimulus/S  1	1	6030610	6030618	94	2	60	pips_l40_r400_500-8000.hdf5	right	left
604.1277	1	Stimulus/S  1	1	6041277	6041285	94	3	70	pips_l40_r400_500-8000.hdf5	right	left
605.1837	1	Stimulus/S  1	1	6051837	6051845	94	4	50	pips_l40_r400_500-8000.hdf5	right	left
606.229	1	Stimulus/S  1	1	6062290	6062298	94	5	30	pips_l40_r400_500-8000.hdf5	right	left
607.2957	1	Stimulus/S  1	1	6072957	6072965	95	0	20	pips_l40_r400_500-8000.hdf5	right	left
608.3517	1	Stimulus/S  1	1	6083517	6083525	95	1	40	pips_l40_r400_500-8000.hdf5	right	left
609.4184	1	Stimulus/S  1	1	6094184	6094192	95	2	60	pips_l40_r400_500-8000.hdf5	right	left
610.4638	1	Stimulus/S  1	1	6104638	6104646	95	3	70	pips_l40_r400_500-8000.hdf5	right	left
611.5091	1	Stimulus/S  1	1	6115091	6115099	95	4	50	pips_l40_r400_500-8000.hdf5	right	left
612.5758	1	Stimulus/S  1	1	6125758	6125766	95	5	30	pips_l40_r400_500-8000.hdf5	right	left
613.6318	1	Stimulus/S  1	1	6136318	6136326	96	0	20	pips_l40_r400_500-8000.hdf5	right	left
614.6771	1	Stimulus/S  1	1	6146771	6146779	96	1	40	pips_l40_r400_500-8000.hdf5	right	left
615.7438	1	Stimulus/S  1	1	6157438	6157446	96	2	60	pips_l40_r400_500-8000.hdf5	right	left
616.8105	1	Stimulus/S  1	1	6168105	6168113	96	3	70	pips_l40_r400_500-8000.hdf5	right	left
617.8665	1	Stimulus/S  1	1	6178665	6178673	96	4	50	pips_l40_r400_500-8000.hdf5	right	left
618.9118	1	Stimulus/S  1	1	6189118	6189126	96	5	30	pips_l40_r400_500-8000.hdf5	right	left
619.9785	1	Stimulus/S  1	1	6199785	6199793	97	0	20	pips_l40_r400_500-8000.hdf5	right	left
621.0345	1	Stimulus/S  1	1	6210345	6210353	97	1	40	pips_l40_r400_500-8000.hdf5	right	left
622.1012	1	Stimulus/S  1	1	6221012	6221020	97	2	60	pips_l40_r400_500-8000.hdf5	right	left
623.1679	1	Stimulus/S  1	1	6231679	6231687	97	3	70	pips_l40_r400_500-8000.hdf5	right	left
624.2132	1	Stimulus/S  1	1	6242132	6242140	97	4	50	pips_l40_r400_500-8000.hdf5	right	left
625.2586	1	Stimulus/S  1	1	6252586	6252594	97	5	30	pips_l40_r400_500-8000.hdf5	right	left
626.3359	1	Stimulus/S  1	1	6263359	6263367	98	0	20	pips_l40_r400_500-8000.hdf5	right	left
627.3813	1	Stimulus/S  1	1	6273813	6273821	98	1	40	pips_l40_r400_500-8000.hdf5	right	left
628.4266	1	Stimulus/S  1	1	6284266	6284274	98	2	60	pips_l40_r400_500-8000.hdf5	right	left
629.4826	1	Stimulus/S  1	1	6294826	6294834	98	3	70	pips_l40_r400_500-8000.hdf5	right	left
630.5493	1	Stimulus/S  1	1	6305493	6305501	98	4	50	pips_l40_r400_500-8000.hdf5	right	left
631.616	1	Stimulus/S  1	1	6316160	6316168	98	5	30	pips_l40_r400_500-8000.hdf5	right	left
632.6826	1	Stimulus/S  1	1	6326826	6326834	99	0	20	pips_l40_r400_500-8000.hdf5	right	left
633.728	1	Stimulus/S  1	1	6337280	6337288	99	1	40	pips_l40_r400_500-8000.hdf5	right	left
634.784	1	Stimulus/S  1	1	6347840	6347848	99	2	60	pips_l40_r400_500-8000.hdf5	right	left
635.8293	1	Stimulus/S  1	1	6358293	6358301	99	3	70	pips_l40_r400_500-8000.hdf5	right	left
636.896	1	Stimulus/S  1	1	6368960	6368968	99	4	50	pips_l40_r400_500-8000.hdf5	right	left
637.952	1	Stimulus/S  1	1	6379520	6379528	99	5	30	pips_l40_r400_500-8000.hdf5	right	left
638.9974	1	Stimulus/S  1	1	6389974	6389982	100	0	20	pips_l40_r400_500-8000.hdf5	right	left
640.0427	1	Stimulus/S  1	1	6400427	6400435	100	1	40	pips_l40_r400_500-8000.hdf5	right	left
641.1094	1	Stimulus/S  1	1	6411094	6411102	100	2	60	pips_l40_r400_500-8000.hdf5	right	left
642.1761	1	Stimulus/S  1	1	6421761	6421769	100	3	70	pips_l40_r400_500-8000.hdf5	right	left
643.2428	1	Stimulus/S  1	1	6432428	6432436	100	4	50	pips_l40_r400_500-8000.hdf5	right	left
644.3094	1	Stimulus/S  1	1	6443094	6443102	100	5	30	pips_l40_r400_500-8000.hdf5	right	left
645.3654	1	Stimulus/S  1	1	6453654	6453662	101	0	20	pips_l40_r400_500-8000.hdf5	right	left
646.4321	1	Stimulus/S  1	1	6464321	6464329	101	1	40	pips_l40_r400_500-8000.hdf5	right	left
647.4775	1	Stimulus/S  1	1	6474775	6474783	101	2	60	pips_l40_r400_500-8000.hdf5	right	left
648.5441	1	Stimulus/S  1	1	6485441	6485449	101	3	70	pips_l40_r400_500-8000.hdf5	right	left
649.6002	1	Stimulus/S  1	1	6496002	6496010	101	4	50	pips_l40_r400_500-8000.hdf5	right	left
650.6455	1	Stimulus/S  1	1	6506455	6506463	101	5	30	pips_l40_r400_500-8000.hdf5	right	left
651.7015	1	Stimulus/S  1	1	6517015	6517023	102	0	20	pips_l40_r400_500-8000.hdf5	right	left
652.7469	1	Stimulus/S  1	1	6527469	6527477	102	1	40	pips_l40_r400_500-8000.hdf5	right	left
653.7922	1	Stimulus/S  1	1	6537922	6537930	102	2	60	pips_l40_r400_500-8000.hdf5	right	left
654.8695	1	Stimulus/S  1	1	6548695	6548703	102	3	70	pips_l40_r400_500-8000.hdf5	right	left
655.9256	1	Stimulus/S  1	1	6559256	6559264	102	4	50	pips_l40_r400_500-8000.hdf5	right	left
657.0029	1	Stimulus/S  1	1	6570029	6570037	102	5	30	pips_l40_r400_500-8000.hdf5	right	left
658.0482	1	Stimulus/S  1	1	6580482	6580490	103	0	20	pips_l40_r400_500-8000.hdf5	right	left
659.0936	1	Stimulus/S  1	1	6590936	6590944	103	1	40	pips_l40_r400_500-8000.hdf5	right	left
660.1496	1	Stimulus/S  1	1	6601496	6601504	103	2	60	pips_l40_r400_500-8000.hdf5	right	left
661.2163	1	Stimulus/S  1	1	6612163	6612171	103	3	70	pips_l40_r400_500-8000.hdf5	right	left
662.283	1	Stimulus/S  1	1	6622830	6622838	103	4	50	pips_l40_r400_500-8000.hdf5	right	left
663.3283	1	Stimulus/S  1	1	6633283	6633291	103	5	30	pips_l40_r400_500-8000.hdf5	right	left
664.3843	1	Stimulus/S  1	1	6643843	6643851	104	0	20	pips_l40_r400_500-8000.hdf5	right	left
665.4297	1	Stimulus/S  1	1	6654297	6654305	104	1	40	pips_l40_r400_500-8000.hdf5	right	left
666.4963	1	Stimulus/S  1	1	6664963	6664971	104	2	60	pips_l40_r400_500-8000.hdf5	right	left
667.563	1	Stimulus/S  1	1	6675630	6675638	104	3	70	pips_l40_r400_500-8000.hdf5	right	left
668.619	1	Stimulus/S  1	1	6686190	6686198	104	4	50	pips_l40_r400_500-8000.hdf5	right	left
669.6644	1	Stimulus/S  1	1	6696644	6696652	104	5	30	pips_l40_r400_500-8000.hdf5	right	left
670.731	1	Stimulus/S  1	1	6707310	6707318	105	0	20	pips_l40_r400_500-8000.hdf5	right	left
671.7977	1	Stimulus/S  1	1	6717977	6717985	105	1	40	pips_l40_r400_500-8000.hdf5	right	left
672.8431	1	Stimulus/S  1	1	6728431	6728439	105	2	60	pips_l40_r400_500-8000.hdf5	right	left
673.8991	1	Stimulus/S  1	1	6738991	6738999	105	3	70	pips_l40_r400_500-8000.hdf5	right	left
674.9444	1	Stimulus/S  1	1	6749444	6749452	105	4	50	pips_l40_r400_500-8000.hdf5	right	left
676.0111	1	Stimulus/S  1	1	6760111	6760119	105	5	30	pips_l40_r400_500-8000.hdf5	right	left
677.0778	1	Stimulus/S  1	1	6770778	6770786	106	0	20	pips_l40_r400_500-8000.hdf5	right	left
678.1445	1	Stimulus/S  1	1	6781445	6781453	106	1	40	pips_l40_r400_500-8000.hdf5	right	left
679.2005	1	Stimulus/S  1	1	6792005	6792013	106	2	60	pips_l40_r400_500-8000.hdf5	right	left
680.2671	1	Stimulus/S  1	1	6802671	6802679	106	3	70	pips_l40_r400_500-8000.hdf5	right	left
681.3338	1	Stimulus/S  1	1	6813338	6813346	106	4	50	pips_l40_r400_500-8000.hdf5	right	left
682.3792	1	Stimulus/S  1	1	6823792	6823800	106	5	30	pips_l40_r400_500-8000.hdf5	right	left
683.4352	1	Stimulus/S  1	1	6834352	6834360	107	0	20	pips_l40_r400_500-8000.hdf5	right	left
684.5019	1	Stimulus/S  1	1	6845019	6845027	107	1	40	pips_l40_r400_500-8000.hdf5	right	left
685.5685	1	Stimulus/S  1	1	6855685	6855693	107	2	60	pips_l40_r400_500-8000.hdf5	right	left
686.6139	1	Stimulus/S  1	1	6866139	6866147	107	3	70	pips_l40_r400_500-8000.hdf5	right	left
687.6699	1	Stimulus/S  1	1	6876699	6876707	107	4	50	pips_l40_r400_500-8000.hdf5	right	left
688.7152	1	Stimulus/S  1	1	6887152	6887160	107	5	30	pips_l40_r400_500-8000.hdf5	right	left
689.7606	1	Stimulus/S  1	1	6897606	6897614	108	0	20	pips_l40_r400_500-8000.hdf5	right	left
690.8273	1	Stimulus/S  1	1	6908273	6908281	108	1	40	pips_l40_r400_500-8000.hdf5	right	left
691.8833	1	Stimulus/S  1	1	6918833	6918841	108	2	60	pips_l40_r400_500-8000.hdf5	right	left
692.9286	1	Stimulus/S  1	1	6929286	6929294	108	3	70	pips_l40_r400_500-8000.hdf5	right	left
693.9953	1	Stimulus/S  1	1	6939953	6939961	108	4	50	pips_l40_r400_500-8000.hdf5	right	left
695.0513	1	Stimulus/S  1	1	6950513	6950521	108	5	30	pips_l40_r400_500-8000.hdf5	right	left
696.0966	1	Stimulus/S  1	1	6960966	6960974	109	0	20	pips_l40_r400_500-8000.hdf5	right	left
697.1633	1	Stimulus/S  1	1	6971633	6971641	109	1	40	pips_l40_r400_500-8000.hdf5	right	left
698.23	1	Stimulus/S  1	1	6982300	6982308	109	2	60	pips_l40_r400_500-8000.hdf5	right	left
699.2967	1	Stimulus/S  1	1	6992967	6992975	109	3	70	pips_l40_r400_500-8000.hdf5	right	left
700.3527	1	Stimulus/S  1	1	7003527	7003535	109	4	50	pips_l40_r400_500-8000.hdf5	right	left
701.4194	1	Stimulus/S  1	1	7014194	7014202	109	5	30	pips_l40_r400_500-8000.hdf5	right	left
702.4647	1	Stimulus/S  1	1	7024647	7024655	110	0	20	pips_l40_r400_500-8000.hdf5	right	left
703.5314	1	Stimulus/S  1	1	7035314	7035322	110	1	40	pips_l40_r400_500-8000.hdf5	right	left
704.5767	1	Stimulus/S  1	1	7045767	7045775	110	2	60	pips_l40_r400_500-8000.hdf5	right	left
705.6327	1	Stimulus/S  1	1	7056327	7056335	110	3	70	pips_l40_r400_500-8000.hdf5	right	left
706.6781	1	Stimulus/S  1	1	7066781	7066789	110	4	50	pips_l40_r400_500-8000.hdf5	right	left
707.7448	1	Stimulus/S  1	1	7077448	7077456	110	5	30	pips_l40_r400_500-8000.hdf5	right	left
708.8114	1	Stimulus/S  1	1	7088114	7088122	111	0	20	pips_l40_r400_500-8000.hdf5	right	left
709.8781	1	Stimulus/S  1	1	7098781	7098789	111	1	40	pips_l40_r400_500-8000.hdf5	right	left
710.9341	1	Stimulus/S  1	1	7109341	7109349	111	2	60	pips_l40_r400_500-8000.hdf5	right	left
711.9795	1	Stimulus/S  1	1	7119795	7119803	111	3	70	pips_l40_r400_500-8000.hdf5	right	left
713.0355	1	Stimulus/S  1	1	7130355	7130363	111	4	50	pips_l40_r400_500-8000.hdf5	right	left
714.1022	1	Stimulus/S  1	1	7141022	7141030	111	5	30	pips_l40_r400_500-8000.hdf5	right	left
715.1688	1	Stimulus/S  1	1	7151688	7151696	112	0	20	pips_l40_r400_500-8000.hdf5	right	left
716.2355	1	Stimulus/S  1	1	7162355	7162363	112	1	40	pips_l40_r400_500-8000.hdf5	right	left
717.2809	1	Stimulus/S  1	1	7172809	7172817	112	2	60	pips_l40_r400_500-8000.hdf5	right	left
718.3369	1	Stimulus/S  1	1	7183369	7183377	112	3	70	pips_l40_r400_500-8000.hdf5	right	left
719.3822	1	Stimulus/S  1	1	7193822	7193830	112	4	50	pips_l40_r400_500-8000.hdf5	right	left
720.4276	1	Stimulus/S  1	1	7204276	7204284	112	5	30	pips_l40_r400_500-8000.hdf5	right	left
721.4942	1	Stimulus/S  1	1	7214942	7214950	113	0	20	pips_l40_r400_500-8000.hdf5	right	left
722.5502	1	Stimulus/S  1	1	7225502	7225510	113	1	40	pips_l40_r400_500-8000.hdf5	right	left
723.6169	1	Stimulus/S  1	1	7236169	7236177	113	2	60	pips_l40_r400_500-8000.hdf5	right	left
724.6836	1	Stimulus/S  1	1	7246836	7246844	113	3	70	pips_l40_r400_500-8000.hdf5	right	left
725.7503	1	Stimulus/S  1	1	7257503	7257511	113	4	50	pips_l40_r400_500-8000.hdf5	right	left
726.7956	1	Stimulus/S  1	1	7267956	7267964	113	5	30	pips_l40_r400_500-8000.hdf5	right	left
727.8516	1	Stimulus/S  1	1	7278516	7278524	114	0	20	pips_l40_r400_500-8000.hdf5	right	left
728.9183	1	Stimulus/S  1	1	7289183	7289191	114	1	40	pips_l40_r400_500-8000.hdf5	right	left
729.985	1	Stimulus/S  1	1	7299850	7299858	114	2	60	pips_l40_r400_500-8000.hdf5	right	left
731.0517	1	Stimulus/S  1	1	7310517	7310525	114	3	70	pips_l40_r400_500-8000.hdf5	right	left
732.1183	1	Stimulus/S  1	1	7321183	7321191	114	4	50	pips_l40_r400_500-8000.hdf5	right	left
733.1637	1	Stimulus/S  1	1	7331637	7331645	114	5	30	pips_l40_r400_500-8000.hdf5	right	left
734.2197	1	Stimulus/S  1	1	7342197	7342205	115	0	20	pips_l40_r400_500-8000.hdf5	right	left
735.265	1	Stimulus/S  1	1	7352650	7352658	115	1	40	pips_l40_r400_500-8000.hdf5	right	left
736.3317	1	Stimulus/S  1	1	7363317	7363325	115	2	60	pips_l40_r400_500-8000.hdf5	right	left
737.3877	1	Stimulus/S  1	1	7373877	7373885	115	3	70	pips_l40_r400_500-8000.hdf5	right	left
738.4331	1	Stimulus/S  1	1	7384331	7384339	115	4	50	pips_l40_r400_500-8000.hdf5	right	left
739.4784	1	Stimulus/S  1	1	7394784	7394792	115	5	30	pips_l40_r400_500-8000.hdf5	right	left
740.5451	1	Stimulus/S  1	1	7405451	7405459	116	0	20	pips_l40_r400_500-8000.hdf5	right	left
741.6118	1	Stimulus/S  1	1	7416118	7416126	116	1	40	pips_l40_r400_500-8000.hdf5	right	left
742.6785	1	Stimulus/S  1	1	7426785	7426793	116	2	60	pips_l40_r400_500-8000.hdf5	right	left
743.7345	1	Stimulus/S  1	1	7437345	7437353	116	3	70	pips_l40_r400_500-8000.hdf5	right	left
744.7798	1	Stimulus/S  1	1	7447798	7447806	116	4	50	pips_l40_r400_500-8000.hdf5	right	left
745.8465	1	Stimulus/S  1	1	7458465	7458473	116	5	30	pips_l40_r400_500-8000.hdf5	right	left
746.9132	1	Stimulus/S  1	1	7469132	7469140	117	0	20	pips_l40_r400_500-8000.hdf5	right	left
747.9692	1	Stimulus/S  1	1	7479692	7479700	117	1	40	pips_l40_r400_500-8000.hdf5	right	left
749.0145	1	Stimulus/S  1	1	7490145	7490153	117	2	60	pips_l40_r400_500-8000.hdf5	right	left
750.0812	1	Stimulus/S  1	1	7500812	7500820	117	3	70	pips_l40_r400_500-8000.hdf5	right	left
751.1479	1	Stimulus/S  1	1	7511479	7511487	117	4	50	pips_l40_r400_500-8000.hdf5	right	left
752.2039	1	Stimulus/S  1	1	7522039	7522047	117	5	30	pips_l40_r400_500-8000.hdf5	right	left
753.2706	1	Stimulus/S  1	1	7532706	7532714	118	0	20	pips_l40_r400_500-8000.hdf5	right	left
754.3266	1	Stimulus/S  1	1	7543266	7543274	118	1	40	pips_l40_r400_500-8000.hdf5	right	left
755.3826	1	Stimulus/S  1	1	7553826	7553834	118	2	60	pips_l40_r400_500-8000.hdf5	right	left
756.4279	1	Stimulus/S  1	1	7564279	7564287	118	3	70	pips_l40_r400_500-8000.hdf5	right	left
757.4839	1	Stimulus/S  1	1	7574839	7574847	118	4	50	pips_l40_r400_500-8000.hdf5	right	left
758.5506	1	Stimulus/S  1	1	7585506	7585514	118	5	30	pips_l40_r400_500-8000.hdf5	right	left
759.6173	1	Stimulus/S  1	1	7596173	7596181	119	0	20	pips_l40_r400_500-8000.hdf5	right	left
760.6626	1	Stimulus/S  1	1	7606626	7606634	119	1	40	pips_l40_r400_500-8000.hdf5	right	left
761.7187	1	Stimulus/S  1	1	7617187	7617195	119	2	60	pips_l40_r400_500-8000.hdf5	right	left
762.7853	1	Stimulus/S  1	1	7627853	7627861	119	3	70	pips_l40_r400_500-8000.hdf5	right	left
763.8307	1	Stimulus/S  1	1	7638307	7638315	119	4	50	pips_l40_r400_500-8000.hdf5	right	left
764.8867	1	Stimulus/S  1	1	7648867	7648875	119	5	30	pips_l40_r400_500-8000.hdf5	right	left
765.9534	1	Stimulus/S  1	1	7659534	7659542	0	0	20	pips_l40_r400_500-8000.hdf5	right	left
767.02	1	Stimulus/S  1	1	7670200	7670208	0	1	40	pips_l40_r400_500-8000.hdf5	right	left
768.0867	1	Stimulus/S  1	1	7680867	7680875	0	2	60	pips_l40_r400_500-8000.hdf5	right	left
769.1534	1	Stimulus/S  1	1	7691534	7691542	0	3	70	pips_l40_r400_500-8000.hdf5	right	left
770.1987	1	Stimulus/S  1	1	7701987	7701995	0	4	50	pips_l40_r400_500-8000.hdf5	right	left
771.2441	1	Stimulus/S  1	1	7712441	7712449	0	5	30	pips_l40_r400_500-8000.hdf5	right	left
772.3214	1	Stimulus/S  1	1	7723214	7723222	1	0	20	pips_l40_r400_500-8000.hdf5	right	left
773.3668	1	Stimulus/S  1	1	7733668	7733676	1	1	40	pips_l40_r400_500-8000.hdf5	right	left
774.4121	1	Stimulus/S  1	1	7744121	7744129	1	2	60	pips_l40_r400_500-8000.hdf5	right	left
775.4681	1	Stimulus/S  1	1	7754681	7754689	1	3	70	pips_l40_r400_500-8000.hdf5	right	left
776.5135	1	Stimulus/S  1	1	7765135	7765143	1	4	50	pips_l40_r400_500-8000.hdf5	right	left
777.5695	1	Stimulus/S  1	1	7775695	7775703	1	5	30	pips_l40_r400_500-8000.hdf5	right	left
778.6148	1	Stimulus/S  1	1	7786148	7786156	2	0	20	pips_l40_r400_500-8000.hdf5	right	left
779.6815	1	Stimulus/S  1	1	7796815	7796823	2	1	40	pips_l40_r400_500-8000.hdf5	right	left
780.7375	1	Stimulus/S  1	1	7807375	7807383	2	2	60	pips_l40_r400_500-8000.hdf5	right	left
781.7829	1	Stimulus/S  1	1	7817829	7817837	2	3	70	pips_l40_r400_500-8000.hdf5	right	left
782.8282	1	Stimulus/S  1	1	7828282	7828290	2	4	50	pips_l40_r400_500-8000.hdf5	right	left
783.8842	1	Stimulus/S  1	1	7838842	7838850	2	5	30	pips_l40_r400_500-8000.hdf5	right	left
784.9509	1	Stimulus/S  1	1	7849509	7849517	3	0	20	pips_l40_r400_500-8000.hdf5	right	left
785.9962	1	Stimulus/S  1	1	7859962	7859970	3	1	40	pips_l40_r400_500-8000.hdf5	right	left
787.0523	1	Stimulus/S  1	1	7870523	7870531	3	2	60	pips_l40_r400_500-8000.hdf5	right	left
788.1189	1	Stimulus/S  1	1	7881189	7881197	3	3	70	pips_l40_r400_500-8000.hdf5	right	left
789.1643	1	Stimulus/S  1	1	7891643	7891651	3	4	50	pips_l40_r400_500-8000.hdf5	right	left
790.2309	1	Stimulus/S  1	1	7902309	7902317	3	5	30	pips_l40_r400_500-8000.hdf5	right	left
791.287	1	Stimulus/S  1	1	7912870	7912878	4	0	20	pips_l40_r400_500-8000.hdf5	right	left
792.3323	1	Stimulus/S  1	1	7923323	7923331	4	1	40	pips_l40_r400_500-8000.hdf5	right	left
793.3883	1	Stimulus/S  1	1	7933883	7933891	4	2	60	pips_l40_r400_500-8000.hdf5	right	left
794.4337	1	Stimulus/S  1	1	7944337	7944345	4	3	70	pips_l40_r400_500-8000.hdf5	right	left
795.5003	1	Stimulus/S  1	1	7955003	7955011	4	4	50	pips_l40_r400_500-8000.hdf5	right	left
796.5457	1	Stimulus/S  1	1	7965457	7965465	4	5	30	pips_l40_r400_500-8000.hdf5	right	left
797.6017	1	Stimulus/S  1	1	7976017	7976025	5	0	20	pips_l40_r400_500-8000.hdf5	right	left
798.647	1	Stimulus/S  1	1	7986470	7986478	5	1	40	pips_l40_r400_500-8000.hdf5	right	left
799.703	1	Stimulus/S  1	1	7997030	7997038	5	2	60	pips_l40_r400_500-8000.hdf5	right	left
800.7484	1	Stimulus/S  1	1	8007484	8007492	5	3	70	pips_l40_r400_500-8000.hdf5	right	left
801.8044	1	Stimulus/S  1	1	8018044	8018052	5	4	50	pips_l40_r400_500-8000.hdf5	right	left
802.8711	1	Stimulus/S  1	1	8028711	8028719	5	5	30	pips_l40_r400_500-8000.hdf5	right	left
803.9378	1	Stimulus/S  1	1	8039378	8039386	6	0	20	pips_l40_r400_500-8000.hdf5	right	left
804.9831	1	Stimulus/S  1	1	8049831	8049839	6	1	40	pips_l40_r400_500-8000.hdf5	right	left
806.0284	1	Stimulus/S  1	1	8060284	8060292	6	2	60	pips_l40_r400_500-8000.hdf5	right	left
807.0845	1	Stimulus/S  1	1	8070845	8070853	6	3	70	pips_l40_r400_500-8000.hdf5	right	left
808.1511	1	Stimulus/S  1	1	8081511	8081519	6	4	50	pips_l40_r400_500-8000.hdf5	right	left
809.2178	1	Stimulus/S  1	1	8092178	8092186	6	5	30	pips_l40_r400_500-8000.hdf5	right	left
810.2845	1	Stimulus/S  1	1	8102845	8102853	7	0	20	pips_l40_r400_500-8000.hdf5	right	left
811.3512	1	Stimulus/S  1	1	8113512	8113520	7	1	40	pips_l40_r400_500-8000.hdf5	right	left
812.4178	1	Stimulus/S  1	1	8124178	8124186	7	2	60	pips_l40_r400_500-8000.hdf5	right	left
813.4632	1	Stimulus/S  1	1	8134632	8134640	7	3	70	pips_l40_r400_500-8000.hdf5	right	left
814.5192	1	Stimulus/S  1	1	8145192	8145200	7	4	50	pips_l40_r400_500-8000.hdf5	right	left
815.5859	1	Stimulus/S  1	1	8155859	8155867	7	5	30	pips_l40_r400_500-8000.hdf5	right	left
816.6312	1	Stimulus/S  1	1	8166312	8166320	8	0	20	pips_l40_r400_500-8000.hdf5	right	left
817.6872	1	Stimulus/S  1	1	8176872	8176880	8	1	40	pips_l40_r400_500-8000.hdf5	right	left
818.7326	1	Stimulus/S  1	1	8187326	8187334	8	2	60	pips_l40_r400_500-8000.hdf5	right	left
819.7993	1	Stimulus/S  1	1	8197993	8198001	8	3	70	pips_l40_r400_500-8000.hdf5	right	left
820.8659	1	Stimulus/S  1	1	8208659	8208667	8	4	50	pips_l40_r400_500-8000.hdf5	right	left
821.9219	1	Stimulus/S  1	1	8219219	8219227	8	5	30	pips_l40_r400_500-8000.hdf5	right	left
822.9673	1	Stimulus/S  1	1	8229673	8229681	9	0	20	pips_l40_r400_500-8000.hdf5	right	left
824.0126	1	Stimulus/S  1	1	8240126	8240134	9	1	40	pips_l40_r400_500-8000.hdf5	right	left
825.0793	1	Stimulus/S  1	1	8250793	8250801	9	2	60	pips_l40_r400_500-8000.hdf5	right	left
826.1353	1	Stimulus/S  1	1	8261353	8261361	9	3	70	pips_l40_r400_500-8000.hdf5	right	left
827.1807	1	Stimulus/S  1	1	8271807	8271815	9	4	50	pips_l40_r400_500-8000.hdf5	right	left
828.2367	1	Stimulus/S  1	1	8282367	8282375	9	5	30	pips_l40_r400_500-8000.hdf5	right	left
829.3034	1	Stimulus/S  1	1	8293034	8293042	10	0	20	pips_l40_r400_500-8000.hdf5	right	left
830.3487	1	Stimulus/S  1	1	8303487	8303495	10	1	40	pips_l40_r400_500-8000.hdf5	right	left
831.4047	1	Stimulus/S  1	1	8314047	8314055	10	2	60	pips_l40_r400_500-8000.hdf5	right	left
832.4714	1	Stimulus/S  1	1	8324714	8324722	10	3	70	pips_l40_r400_500-8000.hdf5	right	left
833.5167	1	Stimulus/S  1	1	8335167	8335175	10	4	50	pips_l40_r400_500-8000.hdf5	right	left
834.5727	1	Stimulus/S  1	1	8345727	8345735	10	5	30	pips_l40_r400_500-8000.hdf5	right	left
835.6394	1	Stimulus/S  1	1	8356394	8356402	11	0	20	pips_l40_r400_500-8000.hdf5	right	left
836.6954	1	Stimulus/S  1	1	8366954	8366962	11	1	40	pips_l40_r400_500-8000.hdf5	right	left
837.7514	1	Stimulus/S  1	1	8377514	8377522	11	2	60	pips_l40_r400_500-8000.hdf5	right	left
838.7968	1	Stimulus/S  1	1	8387968	8387976	11	3	70	pips_l40_r400_500-8000.hdf5	right	left
839.8635	1	Stimulus/S  1	1	8398635	8398643	11	4	50	pips_l40_r400_500-8000.hdf5	right	left
840.9195	1	Stimulus/S  1	1	8409195	8409203	11	5	30	pips_l40_r400_500-8000.hdf5	right	left
841.9862	1	Stimulus/S  1	1	8419862	8419870	12	0	20	pips_l40_r400_500-8000.hdf5	right	left
843.0528	1	Stimulus/S  1	1	8430528	8430536	12	1	40	pips_l40_r400_500-8000.hdf5	right	left
844.0982	1	Stimulus/S  1	1	8440982	8440990	12	2	60	pips_l40_r400_500-8000.hdf5	right	left
845.1542	1	Stimulus/S  1	1	8451542	8451550	12	3	70	pips_l40_r400_500-8000.hdf5	right	left
846.2209	1	Stimulus/S  1	1	8462209	8462217	12	4	50	pips_l40_r400_500-8000.hdf5	right	left
847.2662	1	Stimulus/S  1	1	8472662	8472670	12	5	30	pips_l40_r400_500-8000.hdf5	right	left
848.3222	1	Stimulus/S  1	1	8483222	8483230	13	0	20	pips_l40_r400_500-8000.hdf5	right	left
849.3889	1	Stimulus/S  1	1	8493889	8493897	13	1	40	pips_l40_r400_500-8000.hdf5	right	left
850.4342	1	Stimulus/S  1	1	8504342	8504350	13	2	60	pips_l40_r400_500-8000.hdf5	right	left
851.4796	1	Stimulus/S  1	1	8514796	8514804	13	3	70	pips_l40_r400_500-8000.hdf5	right	left
852.5463	1	Stimulus/S  1	1	8525463	8525471	13	4	50	pips_l40_r400_500-8000.hdf5	right	left
853.6129	1	Stimulus/S  1	1	8536129	8536137	13	5	30	pips_l40_r400_500-8000.hdf5	right	left
854.6796	1	Stimulus/S  1	1	8546796	8546804	14	0	20	pips_l40_r400_500-8000.hdf5	right	left
855.7463	1	Stimulus/S  1	1	8557463	8557471	14	1	40	pips_l40_r400_500-8000.hdf5	right	left
856.813	1	Stimulus/S  1	1	8568130	8568138	14	2	60	pips_l40_r400_500-8000.hdf5	right	left
857.8796	1	Stimulus/S  1	1	8578796	8578804	14	3	70	pips_l40_r400_500-8000.hdf5	right	left
858.9463	1	Stimulus/S  1	1	8589463	8589471	14	4	50	pips_l40_r400_500-8000.hdf5	right	left
860.013	1	Stimulus/S  1	1	8600130	8600138	14	5	30	pips_l40_r400_500-8000.hdf5	right	left
861.069	1	Stimulus/S  1	1	8610690	8610698	15	0	20	pips_l40_r400_500-8000.hdf5	right	left
862.1144	1	Stimulus/S  1	1	8621144	8621152	15	1	40	pips_l40_r400_500-8000.hdf5	right	left
863.181	1	Stimulus/S  1	1	8631810	8631818	15	2	60	pips_l40_r400_500-8000.hdf5	right	left
864.237	1	Stimulus/S  1	1	8642370	8642378	15	3	70	pips_l40_r400_500-8000.hdf5	right	left
865.3037	1	Stimulus/S  1	1	8653037	8653045	15	4	50	pips_l40_r400_500-8000.hdf5	right	left
866.3491	1	Stimulus/S  1	1	8663491	8663499	15	5	30	pips_l40_r400_500-8000.hdf5	right	left
867.4051	1	Stimulus/S  1	1	8674051	8674059	16	0	20	pips_l40_r400_500-8000.hdf5	right	left
868.4504	1	Stimulus/S  1	1	8684504	8684512	16	1	40	pips_l40_r400_500-8000.hdf5	right	left
869.5064	1	Stimulus/S  1	1	8695064	8695072	16	2	60	pips_l40_r400_500-8000.hdf5	right	left
870.5731	1	Stimulus/S  1	1	8705731	8705739	16	3	70	pips_l40_r400_500-8000.hdf5	right	left
871.6185	1	Stimulus/S  1	1	8716185	8716193	16	4	50	pips_l40_r400_500-8000.hdf5	right	left
872.6638	1	Stimulus/S  1	1	8726638	8726646	16	5	30	pips_l40_r400_500-8000.hdf5	right	left
873.7198	1	Stimulus/S  1	1	8737198	8737206	17	0	20	pips_l40_r400_500-8000.hdf5	right	left
874.7865	1	Stimulus/S  1	1	8747865	8747873	17	1	40	pips_l40_r400_500-8000.hdf5	right	left
875.8532	1	Stimulus/S  1	1	8758532	8758540	17	2	60	pips_l40_r400_500-8000.hdf5	right	left
876.8985	1	Stimulus/S  1	1	8768985	8768993	17	3	70	pips_l40_r400_500-8000.hdf5	right	left
877.9545	1	Stimulus/S  1	1	8779545	8779553	17	4	50	pips_l40_r400_500-8000.hdf5	right	left
878.9999	1	Stimulus/S  1	1	8789999	8790007	17	5	30	pips_l40_r400_500-8000.hdf5	right	left
880.0665	1	Stimulus/S  1	1	8800665	8800673	18	0	20	pips_l40_r400_500-8000.hdf5	right	left
881.1332	1	Stimulus/S  1	1	8811332	8811340	18	1	40	pips_l40_r400_500-8000.hdf5	right	left
882.1892	1	Stimulus/S  1	1	8821892	8821900	18	2	60	pips_l40_r400_500-8000.hdf5	right	left
883.2346	1	Stimulus/S  1	1	8832346	8832354	18	3	70	pips_l40_r400_500-8000.hdf5	right	left
884.2799	1	Stimulus/S  1	1	8842799	8842807	18	4	50	pips_l40_r400_500-8000.hdf5	right	left
885.3359	1	Stimulus/S  1	1	8853359	8853367	18	5	30	pips_l40_r400_500-8000.hdf5	right	left
886.4026	1	Stimulus/S  1	1	8864026	8864034	19	0	20	pips_l40_r400_500-8000.hdf5	right	left
887.448	1	Stimulus/S  1	1	8874480	8874488	19	1	40	pips_l40_r400_500-8000.hdf5	right	left
888.504	1	Stimulus/S  1	1	8885040	8885048	19	2	60	pips_l40_r400_500-8000.hdf5	right	left
889.5706	1	Stimulus/S  1	1	8895706	8895714	19	3	70	pips_l40_r400_500-8000.hdf5	right	left
890.616	1	Stimulus/S  1	1	8906160	8906168	19	4	50	pips_l40_r400_500-8000.hdf5	right	left
891.6827	1	Stimulus/S  1	1	8916827	8916835	19	5	30	pips_l40_r400_500-8000.hdf5	right	left
892.7387	1	Stimulus/S  1	1	8927387	8927395	20	0	20	pips_l40_r400_500-8000.hdf5	right	left
893.784	1	Stimulus/S  1	1	8937840	8937848	20	1	40	pips_l40_r400_500-8000.hdf5	right	left
894.8507	1	Stimulus/S  1	1	8948507	8948515	20	2	60	pips_l40_r400_500-8000.hdf5	right	left
895.9174	1	Stimulus/S  1	1	8959174	8959182	20	3	70	pips_l40_r400_500-8000.hdf5	right	left
896.9841	1	Stimulus/S  1	1	8969841	8969849	20	4	50	pips_l40_r400_500-8000.hdf5	right	left
898.0401	1	Stimulus/S  1	1	8980401	8980409	20	5	30	pips_l40_r400_500-8000.hdf5	right	left
899.0854	1	Stimulus/S  1	1	8990854	8990862	21	0	20	pips_l40_r400_500-8000.hdf5	right	left
900.1308	1	Stimulus/S  1	1	9001308	9001316	21	1	40	pips_l40_r400_500-8000.hdf5	right	left
901.1974	1	Stimulus/S  1	1	9011974	9011982	21	2	60	pips_l40_r400_500-8000.hdf5	right	left
902.2641	1	Stimulus/S  1	1	9022641	9022649	21	3	70	pips_l40_r400_500-8000.hdf5	right	left
903.3201	1	Stimulus/S  1	1	9033201	9033209	21	4	50	pips_l40_r400_500-8000.hdf5	right	left
904.3655	1	Stimulus/S  1	1	9043655	9043663	21	5	30	pips_l40_r400_500-8000.hdf5	right	left
905.4321	1	Stimulus/S  1	1	9054321	9054329	22	0	20	pips_l40_r400_500-8000.hdf5	right	left
906.4882	1	Stimulus/S  1	1	9064882	9064890	22	1	40	pips_l40_r400_500-8000.hdf5	right	left
907.5548	1	Stimulus/S  1	1	9075548	9075556	22	2	60	pips_l40_r400_500-8000.hdf5	right	left
908.6002	1	Stimulus/S  1	1	9086002	9086010	22	3	70	pips_l40_r400_500-8000.hdf5	right	left
909.6562	1	Stimulus/S  1	1	9096562	9096570	22	4	50	pips_l40_r400_500-8000.hdf5	right	left
910.7229	1	Stimulus/S  1	1	9107229	9107237	22	5	30	pips_l40_r400_500-8000.hdf5	right	left
911.7895	1	Stimulus/S  1	1	9117895	9117903	23	0	20	pips_l40_r400_500-8000.hdf5	right	left
912.8349	1	Stimulus/S  1	1	9128349	9128357	23	1	40	pips_l40_r400_500-8000.hdf5	right	left
913.8909	1	Stimulus/S  1	1	9138909	9138917	23	2	60	pips_l40_r400_500-8000.hdf5	right	left
914.9576	1	Stimulus/S  1	1	9149576	9149584	23	3	70	pips_l40_r400_500-8000.hdf5	right	left
916.0029	1	Stimulus/S  1	1	9160029	9160037	23	4	50	pips_l40_r400_500-8000.hdf5	right	left
917.0483	1	Stimulus/S  1	1	9170483	9170491	23	5	30	pips_l40_r400_500-8000.hdf5	right	left
918.1149	1	Stimulus/S  1	1	9181149	9181157	24	0	20	pips_l40_r400_500-8000.hdf5	right	left
919.1816	1	Stimulus/S  1	1	9191816	9191824	24	1	40	pips_l40_r400_500-8000.hdf5	right	left
920.2376	1	Stimulus/S  1	1	9202376	9202384	24	2	60	pips_l40_r400_500-8000.hdf5	right	left
921.283	1	Stimulus/S  1	1	9212830	9212838	24	3	70	pips_l40_r400_500-8000.hdf5	right	left
922.339	1	Stimulus/S  1	1	9223390	9223398	24	4	50	pips_l40_r400_500-8000.hdf5	right	left
923.3843	1	Stimulus/S  1	1	9233843	9233851	24	5	30	pips_l40_r400_500-8000.hdf5	right	left
924.451	1	Stimulus/S  1	1	9244510	9244518	25	0	20	pips_l40_r400_500-8000.hdf5	right	left
925.507	1	Stimulus/S  1	1	9255070	9255078	25	1	40	pips_l40_r400_500-8000.hdf5	right	left
926.5524	1	Stimulus/S  1	1	9265524	9265532	25	2	60	pips_l40_r400_500-8000.hdf5	right	left
927.619	1	Stimulus/S  1	1	9276190	9276198	25	3	70	pips_l40_r400_500-8000.hdf5	right	left
928.6857	1	Stimulus/S  1	1	9286857	9286865	25	4	50	pips_l40_r400_500-8000.hdf5	right	left
929.7524	1	Stimulus/S  1	1	9297524	9297532	25	5	30	pips_l40_r400_500-8000.hdf5	right	left
930.8191	1	Stimulus/S  1	1	9308191	9308199	26	0	20	pips_l40_r400_500-8000.hdf5	right	left
931.8644	1	Stimulus/S  1	1	9318644	9318652	26	1	40	pips_l40_r400_500-8000.hdf5	right	left
932.9204	1	Stimulus/S  1	1	9329204	9329212	26	2	60	pips_l40_r400_500-8000.hdf5	right	left
933.9658	1	Stimulus/S  1	1	9339658	9339666	26	3	70	pips_l40_r400_500-8000.hdf5	right	left
935.0324	1	Stimulus/S  1	1	9350324	9350332	26	4	50	pips_l40_r400_500-8000.hdf5	right	left
936.0991	1	Stimulus/S  1	1	9360991	9360999	26	5	30	pips_l40_r400_500-8000.hdf5	right	left
937.1658	1	Stimulus/S  1	1	9371658	9371666	27	0	20	pips_l40_r400_500-8000.hdf5	right	left
938.2218	1	Stimulus/S  1	1	9382218	9382226	27	1	40	pips_l40_r400_500-8000.hdf5	right	left
939.2672	1	Stimulus/S  1	1	9392672	9392680	27	2	60	pips_l40_r400_500-8000.hdf5	right	left
940.3232	1	Stimulus/S  1	1	9403232	9403240	27	3	70	pips_l40_r400_500-8000.hdf5	right	left
941.3685	1	Stimulus/S  1	1	9413685	9413693	27	4	50	pips_l40_r400_500-8000.hdf5	right	left
942.4352	1	Stimulus/S  1	1	9424352	9424360	27	5	30	pips_l40_r400_500-8000.hdf5	right	left
943.5019	1	Stimulus/S  1	1	9435019	9435027	28	0	20	pips_l40_r400_500-8000.hdf5	right	left
944.5685	1	Stimulus/S  1	1	9445685	9445693	28	1	40	pips_l40_r400_500-8000.hdf5	right	left
945.6352	1	Stimulus/S  1	1	9456352	9456360	28	2	60	pips_l40_r400_500-8000.hdf5	right	left
946.7019	1	Stimulus/S  1	1	9467019	9467027	28	3	70	pips_l40_r400_500-8000.hdf5	right	left
947.7686	1	Stimulus/S  1	1	9477686	9477694	28	4	50	pips_l40_r400_500-8000.hdf5	right	left
948.8246	1	Stimulus/S  1	1	9488246	9488254	28	5	30	pips_l40_r400_500-8000.hdf5	right	left
949.8699	1	Stimulus/S  1	1	9498699	9498707	29	0	20	pips_l40_r400_500-8000.hdf5	right	left
950.9153	1	Stimulus/S  1	1	9509153	9509161	29	1	40	pips_l40_r400_500-8000.hdf5	right	left
951.982	1	Stimulus/S  1	1	9519820	9519828	29	2	60	pips_l40_r400_500-8000.hdf5	right	left
953.0486	1	Stimulus/S  1	1	9530486	9530494	29	3	70	pips_l40_r400_500-8000.hdf5	right	left
954.1046	1	Stimulus/S  1	1	9541046	9541054	29	4	50	pips_l40_r400_500-8000.hdf5	right	left
955.15	1	Stimulus/S  1	1	9551500	9551508	29	5	30	pips_l40_r400_500-8000.hdf5	right	left
956.2167	1	Stimulus/S  1	1	9562167	9562175	30	0	20	pips_l40_r400_500-8000.hdf5	right	left
957.2727	1	Stimulus/S  1	1	9572727	9572735	30	1	40	pips_l40_r400_500-8000.hdf5	right	left
958.318	1	Stimulus/S  1	1	9583180	9583188	30	2	60	pips_l40_r400_500-8000.hdf5	right	left
959.374	1	Stimulus/S  1	1	9593740	9593748	30	3	70	pips_l40_r400_500-8000.hdf5	right	left
960.4407	1	Stimulus/S  1	1	9604407	9604415	30	4	50	pips_l40_r400_500-8000.hdf5	right	left
961.5074	1	Stimulus/S  1	1	9615074	9615082	30	5	30	pips_l40_r400_500-8000.hdf5	right	left
962.5741	1	Stimulus/S  1	1	9625741	9625749	31	0	20	pips_l40_r400_500-8000.hdf5	right	left
963.6407	1	Stimulus/S  1	1	9636407	9636415	31	1	40	pips_l40_r400_500-8000.hdf5	right	left
964.6861	1	Stimulus/S  1	1	9646861	9646869	31	2	60	pips_l40_r400_500-8000.hdf5	right	left
965.7314	1	Stimulus/S  1	1	9657314	9657322	31	3	70	pips_l40_r400_500-8000.hdf5	right	left
966.7874	1	Stimulus/S  1	1	9667874	9667882	31	4	50	pips_l40_r400_500-8000.hdf5	right	left
967.8328	1	Stimulus/S  1	1	9678328	9678336	31	5	30	pips_l40_r400_500-8000.hdf5	right	left
968.8888	1	Stimulus/S  1	1	9688888	9688896	32	0	20	pips_l40_r400_500-8000.hdf5	right	left
969.9555	1	Stimulus/S  1	1	9699555	9699563	32	1	40	pips_l40_r400_500-8000.hdf5	right	left
971.0008	1	Stimulus/S  1	1	9710008	9710016	32	2	60	pips_l40_r400_500-8000.hdf5	right	left
972.0568	1	Stimulus/S  1	1	9720568	9720576	32	3	70	pips_l40_r400_500-8000.hdf5	right	left
973.1022	1	Stimulus/S  1	1	9731022	9731030	32	4	50	pips_l40_r400_500-8000.hdf5	right	left
974.1582	1	Stimulus/S  1	1	9741582	9741590	32	5	30	pips_l40_r400_500-8000.hdf5	right	left
975.2035	1	Stimulus/S  1	1	9752035	9752043	33	0	20	pips_l40_r400_500-8000.hdf5	right	left
976.2702	1	Stimulus/S  1	1	9762702	9762710	33	1	40	pips_l40_r400_500-8000.hdf5	right	left
977.3369	1	Stimulus/S  1	1	9773369	9773377	33	2	60	pips_l40_r400_500-8000.hdf5	right	left
978.3822	1	Stimulus/S  1	1	9783822	9783830	33	3	70	pips_l40_r400_500-8000.hdf5	right	left
979.4382	1	Stimulus/S  1	1	9794382	9794390	33	4	50	pips_l40_r400_500-8000.hdf5	right	left
980.5049	1	Stimulus/S  1	1	9805049	9805057	33	5	30	pips_l40_r400_500-8000.hdf5	right	left
981.5503	1	Stimulus/S  1	1	9815503	9815511	34	0	20	pips_l40_r400_500-8000.hdf5	right	left
982.6169	1	Stimulus/S  1	1	9826169	9826177	34	1	40	pips_l40_r400_500-8000.hdf5	right	left
983.6729	1	Stimulus/S  1	1	9836729	9836737	34	2	60	pips_l40_r400_500-8000.hdf5	right	left
984.7183	1	Stimulus/S  1	1	9847183	9847191	34	3	70	pips_l40_r400_500-8000.hdf5	right	left
985.785	1	Stimulus/S  1	1	9857850	9857858	34	4	50	pips_l40_r400_500-8000.hdf5	right	left
986.841	1	Stimulus/S  1	1	9868410	9868418	34	5	30	pips_l40_r400_500-8000.hdf5	right	left
987.8863	1	Stimulus/S  1	1	9878863	9878871	35	0	20	pips_l40_r400_500-8000.hdf5	right	left
988.9317	1	Stimulus/S  1	1	9889317	9889325	35	1	40	pips_l40_r400_500-8000.hdf5	right	left
989.9983	1	Stimulus/S  1	1	9899983	9899991	35	2	60	pips_l40_r400_500-8000.hdf5	right	left
991.0544	1	Stimulus/S  1	1	9910544	9910552	35	3	70	pips_l40_r400_500-8000.hdf5	right	left
992.0997	1	Stimulus/S  1	1	9920997	9921005	35	4	50	pips_l40_r400_500-8000.hdf5	right	left
993.1664	1	Stimulus/S  1	1	9931664	9931672	35	5	30	pips_l40_r400_500-8000.hdf5	right	left
994.2224	1	Stimulus/S  1	1	9942224	9942232	36	0	20	pips_l40_r400_500-8000.hdf5	right	left
995.2677	1	Stimulus/S  1	1	9952677	9952685	36	1	40	pips_l40_r400_500-8000.hdf5	right	left
996.3344	1	Stimulus/S  1	1	9963344	9963352	36	2	60	pips_l40_r400_500-8000.hdf5	right	left
997.4011	1	Stimulus/S  1	1	9974011	9974019	36	3	70	pips_l40_r400_500-8000.hdf5	right	left
998.4571	1	Stimulus/S  1	1	9984571	9984579	36	4	50	pips_l40_r400_500-8000.hdf5	right	left
999.5024	1	Stimulus/S  1	1	9995024	9995032	36	5	30	pips_l40_r400_500-8000.hdf5	right	left
1000.5691	1	Stimulus/S  1	1	10005691	10005699	37	0	20	pips_l40_r400_500-8000.hdf5	right	left
1001.6358	1	Stimulus/S  1	1	10016358	10016366	37	1	40	pips_l40_r400_500-8000.hdf5	right	left
1002.6811	1	Stimulus/S  1	1	10026811	10026819	37	2	60	pips_l40_r400_500-8000.hdf5	right	left
1003.7585	1	Stimulus/S  1	1	10037585	10037593	37	3	70	pips_l40_r400_500-8000.hdf5	right	left
1004.8038	1	Stimulus/S  1	1	10048038	10048046	37	4	50	pips_l40_r400_500-8000.hdf5	right	left
1005.8492	1	Stimulus/S  1	1	10058492	10058500	37	5	30	pips_l40_r400_500-8000.hdf5	right	left
1006.9159	1	Stimulus/S  1	1	10069159	10069167	38	0	20	pips_l40_r400_500-8000.hdf5	right	left
1007.9825	1	Stimulus/S  1	1	10079825	10079833	38	1	40	pips_l40_r400_500-8000.hdf5	right	left
1009.0385	1	Stimulus/S  1	1	10090385	10090393	38	2	60	pips_l40_r400_500-8000.hdf5	right	left
1010.0839	1	Stimulus/S  1	1	10100839	10100847	38	3	70	pips_l40_r400_500-8000.hdf5	right	left
1011.1399	1	Stimulus/S  1	1	10111399	10111407	38	4	50	pips_l40_r400_500-8000.hdf5	right	left
1012.2066	1	Stimulus/S  1	1	10122066	10122074	38	5	30	pips_l40_r400_500-8000.hdf5	right	left
1013.2519	1	Stimulus/S  1	1	10132519	10132527	39	0	20	pips_l40_r400_500-8000.hdf5	right	left
1014.3079	1	Stimulus/S  1	1	10143079	10143087	39	1	40	pips_l40_r400_500-8000.hdf5	right	left
1015.3746	1	Stimulus/S  1	1	10153746	10153754	39	2	60	pips_l40_r400_500-8000.hdf5	right	left
1016.42	1	Stimulus/S  1	1	10164200	10164208	39	3	70	pips_l40_r400_500-8000.hdf5	right	left
1017.4653	1	Stimulus/S  1	1	10174653	10174661	39	4	50	pips_l40_r400_500-8000.hdf5	right	left
1018.5426	1	Stimulus/S  1	1	10185426	10185434	39	5	30	pips_l40_r400_500-8000.hdf5	right	left
1019.588	1	Stimulus/S  1	1	10195880	10195888	40	0	20	pips_l40_r400_500-8000.hdf5	right	left
1020.6333	1	Stimulus/S  1	1	10206333	10206341	40	1	40	pips_l40_r400_500-8000.hdf5	right	left
1021.7	1	Stimulus/S  1	1	10217000	10217008	40	2	60	pips_l40_r400_500-8000.hdf5	right	left
1022.756	1	Stimulus/S  1	1	10227560	10227568	40	3	70	pips_l40_r400_500-8000.hdf5	right	left
1023.8014	1	Stimulus/S  1	1	10238014	10238022	40	4	50	pips_l40_r400_500-8000.hdf5	right	left
1024.8574	1	Stimulus/S  1	1	10248574	10248582	40	5	30	pips_l40_r400_500-8000.hdf5	right	left
1025.9027	1	Stimulus/S  1	1	10259027	10259035	41	0	20	pips_l40_r400_500-8000.hdf5	right	left
1026.9694	1	Stimulus/S  1	1	10269694	10269702	41	1	40	pips_l40_r400_500-8000.hdf5	right	left
1028.0254	1	Stimulus/S  1	1	10280254	10280262	41	2	60	pips_l40_r400_500-8000.hdf5	right	left
1029.0707	1	Stimulus/S  1	1	10290707	10290715	41	3	70	pips_l40_r400_500-8000.hdf5	right	left
1030.1374	1	Stimulus/S  1	1	10301374	10301382	41	4	50	pips_l40_r400_500-8000.hdf5	right	left
1031.1828	1	Stimulus/S  1	1	10311828	10311836	41	5	30	pips_l40_r400_500-8000.hdf5	right	left
1032.2494	1	Stimulus/S  1	1	10322494	10322502	42	0	20	pips_l40_r400_500-8000.hdf5	right	left
1033.3055	1	Stimulus/S  1	1	10333055	10333063	42	1	40	pips_l40_r400_500-8000.hdf5	right	left
1034.3508	1	Stimulus/S  1	1	10343508	10343516	42	2	60	pips_l40_r400_500-8000.hdf5	right	left
1035.4175	1	Stimulus/S  1	1	10354175	10354183	42	3	70	pips_l40_r400_500-8000.hdf5	right	left
1036.4735	1	Stimulus/S  1	1	10364735	10364743	42	4	50	pips_l40_r400_500-8000.hdf5	right	left
1037.5188	1	Stimulus/S  1	1	10375188	10375196	42	5	30	pips_l40_r400_500-8000.hdf5	right	left
1038.5748	1	Stimulus/S  1	1	10385748	10385756	43	0	20	pips_l40_r400_500-8000.hdf5	right	left
1039.6202	1	Stimulus/S  1	1	10396202	10396210	43	1	40	pips_l40_r400_500-8000.hdf5	right	left
1040.6869	1	Stimulus/S  1	1	10406869	10406877	43	2	60	pips_l40_r400_500-8000.hdf5	right	left
1041.7429	1	Stimulus/S  1	1	10417429	10417437	43	3	70	pips_l40_r400_500-8000.hdf5	right	left
1042.7882	1	Stimulus/S  1	1	10427882	10427890	43	4	50	pips_l40_r400_500-8000.hdf5	right	left
1043.8549	1	Stimulus/S  1	1	10438549	10438557	43	5	30	pips_l40_r400_500-8000.hdf5	right	left
1044.9002	1	Stimulus/S  1	1	10449002	10449010	44	0	20	pips_l40_r400_500-8000.hdf5	right	left
1045.9669	1	Stimulus/S  1	1	10459669	10459677	44	1	40	pips_l40_r400_500-8000.hdf5	right	left
1047.0229	1	Stimulus/S  1	1	10470229	10470237	44	2	60	pips_l40_r400_500-8000.hdf5	right	left
1048.0683	1	Stimulus/S  1	1	10480683	10480691	44	3	70	pips_l40_r400_500-8000.hdf5	right	left
1049.135	1	Stimulus/S  1	1	10491350	10491358	44	4	50	pips_l40_r400_500-8000.hdf5	right	left
1050.191	1	Stimulus/S  1	1	10501910	10501918	44	5	30	pips_l40_r400_500-8000.hdf5	right	left
1051.2363	1	Stimulus/S  1	1	10512363	10512371	45	0	20	pips_l40_r400_500-8000.hdf5	right	left
1052.303	1	Stimulus/S  1	1	10523030	10523038	45	1	40	pips_l40_r400_500-8000.hdf5	right	left
1053.359	1	Stimulus/S  1	1	10533590	10533598	45	2	60	pips_l40_r400_500-8000.hdf5	right	left
1054.4043	1	Stimulus/S  1	1	10544043	10544051	45	3	70	pips_l40_r400_500-8000.hdf5	right	left
1055.4497	1	Stimulus/S  1	1	10554497	10554505	45	4	50	pips_l40_r400_500-8000.hdf5	right	left
1056.5057	1	Stimulus/S  1	1	10565057	10565065	45	5	30	pips_l40_r400_500-8000.hdf5	right	left
1057.5724	1	Stimulus/S  1	1	10575724	10575732	46	0	20	pips_l40_r400_500-8000.hdf5	right	left
1058.6177	1	Stimulus/S  1	1	10586177	10586185	46	1	40	pips_l40_r400_500-8000.hdf5	right	left
1059.6737	1	Stimulus/S  1	1	10596737	10596745	46	2	60	pips_l40_r400_500-8000.hdf5	right	left
1060.7404	1	Stimulus/S  1	1	10607404	10607412	46	3	70	pips_l40_r400_500-8000.hdf5	right	left
1061.7858	1	Stimulus/S  1	1	10617858	10617866	46	4	50	pips_l40_r400_500-8000.hdf5	right	left
1062.8418	1	Stimulus/S  1	1	10628418	10628426	46	5	30	pips_l40_r400_500-8000.hdf5	right	left
1063.8871	1	Stimulus/S  1	1	10638871	10638879	47	0	20	pips_l40_r400_500-8000.hdf5	right	left
1064.9538	1	Stimulus/S  1	1	10649538	10649546	47	1	40	pips_l40_r400_500-8000.hdf5	right	left
1066.0098	1	Stimulus/S  1	1	10660098	10660106	47	2	60	pips_l40_r400_500-8000.hdf5	right	left
1067.0551	1	Stimulus/S  1	1	10670551	10670559	47	3	70	pips_l40_r400_500-8000.hdf5	right	left
1068.1005	1	Stimulus/S  1	1	10681005	10681013	47	4	50	pips_l40_r400_500-8000.hdf5	right	left
1069.1672	1	Stimulus/S  1	1	10691672	10691680	47	5	30	pips_l40_r400_500-8000.hdf5	right	left
1070.2232	1	Stimulus/S  1	1	10702232	10702240	48	0	20	pips_l40_r400_500-8000.hdf5	right	left
1071.2898	1	Stimulus/S  1	1	10712898	10712906	48	1	40	pips_l40_r400_500-8000.hdf5	right	left
1072.3352	1	Stimulus/S  1	1	10723352	10723360	48	2	60	pips_l40_r400_500-8000.hdf5	right	left
1073.3912	1	Stimulus/S  1	1	10733912	10733920	48	3	70	pips_l40_r400_500-8000.hdf5	right	left
1074.4365	1	Stimulus/S  1	1	10744365	10744373	48	4	50	pips_l40_r400_500-8000.hdf5	right	left
1075.5032	1	Stimulus/S  1	1	10755032	10755040	48	5	30	pips_l40_r400_500-8000.hdf5	right	left
1076.5699	1	Stimulus/S  1	1	10765699	10765707	49	0	20	pips_l40_r400_500-8000.hdf5	right	left
1077.6259	1	Stimulus/S  1	1	10776259	10776267	49	1	40	pips_l40_r400_500-8000.hdf5	right	left
1078.6713	1	Stimulus/S  1	1	10786713	10786721	49	2	60	pips_l40_r400_500-8000.hdf5	right	left
1079.7166	1	Stimulus/S  1	1	10797166	10797174	49	3	70	pips_l40_r400_500-8000.hdf5	right	left
1080.7726	1	Stimulus/S  1	1	10807726	10807734	49	4	50	pips_l40_r400_500-8000.hdf5	right	left
1081.818	1	Stimulus/S  1	1	10818180	10818188	49	5	30	pips_l40_r400_500-8000.hdf5	right	left
1082.8846	1	Stimulus/S  1	1	10828846	10828854	50	0	20	pips_l40_r400_500-8000.hdf5	right	left
1083.9513	1	Stimulus/S  1	1	10839513	10839521	50	1	40	pips_l40_r400_500-8000.hdf5	right	left
1085.018	1	Stimulus/S  1	1	10850180	10850188	50	2	60	pips_l40_r400_500-8000.hdf5	right	left
1086.074	1	Stimulus/S  1	1	10860740	10860748	50	3	70	pips_l40_r400_500-8000.hdf5	right	left
1087.1193	1	Stimulus/S  1	1	10871193	10871201	50	4	50	pips_l40_r400_500-8000.hdf5	right	left
1088.186	1	Stimulus/S  1	1	10881860	10881868	50	5	30	pips_l40_r400_500-8000.hdf5	right	left
1089.242	1	Stimulus/S  1	1	10892420	10892428	51	0	20	pips_l40_r400_500-8000.hdf5	right	left
1090.3087	1	Stimulus/S  1	1	10903087	10903095	51	1	40	pips_l40_r400_500-8000.hdf5	right	left
1091.3541	1	Stimulus/S  1	1	10913541	10913549	51	2	60	pips_l40_r400_500-8000.hdf5	right	left
1092.4207	1	Stimulus/S  1	1	10924207	10924215	51	3	70	pips_l40_r400_500-8000.hdf5	right	left
1093.4767	1	Stimulus/S  1	1	10934767	10934775	51	4	50	pips_l40_r400_500-8000.hdf5	right	left
1094.5221	1	Stimulus/S  1	1	10945221	10945229	51	5	30	pips_l40_r400_500-8000.hdf5	right	left
1095.5888	1	Stimulus/S  1	1	10955888	10955896	52	0	20	pips_l40_r400_500-8000.hdf5	right	left
1096.6341	1	Stimulus/S  1	1	10966341	10966349	52	1	40	pips_l40_r400_500-8000.hdf5	right	left
1097.7008	1	Stimulus/S  1	1	10977008	10977016	52	2	60	pips_l40_r400_500-8000.hdf5	right	left
1098.7568	1	Stimulus/S  1	1	10987568	10987576	52	3	70	pips_l40_r400_500-8000.hdf5	right	left
1099.8235	1	Stimulus/S  1	1	10998235	10998243	52	4	50	pips_l40_r400_500-8000.hdf5	right	left
1100.8688	1	Stimulus/S  1	1	11008688	11008696	52	5	30	pips_l40_r400_500-8000.hdf5	right	left
1101.9248	1	Stimulus/S  1	1	11019248	11019256	53	0	20	pips_l40_r400_500-8000.hdf5	right	left
1102.9702	1	Stimulus/S  1	1	11029702	11029710	53	1	40	pips_l40_r400_500-8000.hdf5	right	left
1104.0262	1	Stimulus/S  1	1	11040262	11040270	53	2	60	pips_l40_r400_500-8000.hdf5	right	left
1105.0929	1	Stimulus/S  1	1	11050929	11050937	53	3	70	pips_l40_r400_500-8000.hdf5	right	left
1106.1595	1	Stimulus/S  1	1	11061595	11061603	53	4	50	pips_l40_r400_500-8000.hdf5	right	left
1107.2049	1	Stimulus/S  1	1	11072049	11072057	53	5	30	pips_l40_r400_500-8000.hdf5	right	left
1108.2716	1	Stimulus/S  1	1	11082716	11082724	54	0	20	pips_l40_r400_500-8000.hdf5	right	left
1109.3169	1	Stimulus/S  1	1	11093169	11093177	54	1	40	pips_l40_r400_500-8000.hdf5	right	left
1110.3729	1	Stimulus/S  1	1	11103729	11103737	54	2	60	pips_l40_r400_500-8000.hdf5	right	left
1111.4396	1	Stimulus/S  1	1	11114396	11114404	54	3	70	pips_l40_r400_500-8000.hdf5	right	left
1112.4849	1	Stimulus/S  1	1	11124849	11124857	54	4	50	pips_l40_r400_500-8000.hdf5	right	left
1113.541	1	Stimulus/S  1	1	11135410	11135418	54	5	30	pips_l40_r400_500-8000.hdf5	right	left
1114.6076	1	Stimulus/S  1	1	11146076	11146084	55	0	20	pips_l40_r400_500-8000.hdf5	right	left
1115.653	1	Stimulus/S  1	1	11156530	11156538	55	1	40	pips_l40_r400_500-8000.hdf5	right	left
1116.709	1	Stimulus/S  1	1	11167090	11167098	55	2	60	pips_l40_r400_500-8000.hdf5	right	left
1117.7757	1	Stimulus/S  1	1	11177757	11177765	55	3	70	pips_l40_r400_500-8000.hdf5	right	left
1118.821	1	Stimulus/S  1	1	11188210	11188218	55	4	50	pips_l40_r400_500-8000.hdf5	right	left
1119.8877	1	Stimulus/S  1	1	11198877	11198885	55	5	30	pips_l40_r400_500-8000.hdf5	right	left
1120.9437	1	Stimulus/S  1	1	11209437	11209445	56	0	20	pips_l40_r400_500-8000.hdf5	right	left
1121.989	1	Stimulus/S  1	1	11219890	11219898	56	1	40	pips_l40_r400_500-8000.hdf5	right	left
1123.0557	1	Stimulus/S  1	1	11230557	11230565	56	2	60	pips_l40_r400_500-8000.hdf5	right	left
1124.1011	1	Stimulus/S  1	1	11241011	11241019	56	3	70	pips_l40_r400_500-8000.hdf5	right	left
1125.1571	1	Stimulus/S  1	1	11251571	11251579	56	4	50	pips_l40_r400_500-8000.hdf5	right	left
1126.2237	1	Stimulus/S  1	1	11262237	11262245	56	5	30	pips_l40_r400_500-8000.hdf5	right	left
1127.2691	1	Stimulus/S  1	1	11272691	11272699	57	0	20	pips_l40_r400_500-8000.hdf5	right	left
1128.3358	1	Stimulus/S  1	1	11283358	11283366	57	1	40	pips_l40_r400_500-8000.hdf5	right	left
1129.3918	1	Stimulus/S  1	1	11293918	11293926	57	2	60	pips_l40_r400_500-8000.hdf5	right	left
1130.4585	1	Stimulus/S  1	1	11304585	11304593	57	3	70	pips_l40_r400_500-8000.hdf5	right	left
1131.5251	1	Stimulus/S  1	1	11315251	11315259	57	4	50	pips_l40_r400_500-8000.hdf5	right	left
1132.5705	1	Stimulus/S  1	1	11325705	11325713	57	5	30	pips_l40_r400_500-8000.hdf5	right	left
1133.6372	1	Stimulus/S  1	1	11336372	11336380	58	0	20	pips_l40_r400_500-8000.hdf5	right	left
1134.6932	1	Stimulus/S  1	1	11346932	11346940	58	1	40	pips_l40_r400_500-8000.hdf5	right	left
1135.7598	1	Stimulus/S  1	1	11357598	11357606	58	2	60	pips_l40_r400_500-8000.hdf5	right	left
1136.8265	1	Stimulus/S  1	1	11368265	11368273	58	3	70	pips_l40_r400_500-8000.hdf5	right	left
1137.8719	1	Stimulus/S  1	1	11378719	11378727	58	4	50	pips_l40_r400_500-8000.hdf5	right	left
1138.9385	1	Stimulus/S  1	1	11389385	11389393	58	5	30	pips_l40_r400_500-8000.hdf5	right	left
1139.9946	1	Stimulus/S  1	1	11399946	11399954	59	0	20	pips_l40_r400_500-8000.hdf5	right	left
1141.0506	1	Stimulus/S  1	1	11410506	11410514	59	1	40	pips_l40_r400_500-8000.hdf5	right	left
1142.1066	1	Stimulus/S  1	1	11421066	11421074	59	2	60	pips_l40_r400_500-8000.hdf5	right	left
1143.1519	1	Stimulus/S  1	1	11431519	11431527	59	3	70	pips_l40_r400_500-8000.hdf5	right	left
1144.2079	1	Stimulus/S  1	1	11442079	11442087	59	4	50	pips_l40_r400_500-8000.hdf5	right	left
1145.2746	1	Stimulus/S  1	1	11452746	11452754	59	5	30	pips_l40_r400_500-8000.hdf5	right	left
1146.3413	1	Stimulus/S  1	1	11463413	11463421	60	0	20	pips_l40_r400_500-8000.hdf5	right	left
1147.3866	1	Stimulus/S  1	1	11473866	11473874	60	1	40	pips_l40_r400_500-8000.hdf5	right	left
1148.4533	1	Stimulus/S  1	1	11484533	11484541	60	2	60	pips_l40_r400_500-8000.hdf5	right	left
1149.5093	1	Stimulus/S  1	1	11495093	11495101	60	3	70	pips_l40_r400_500-8000.hdf5	right	left
1150.576	1	Stimulus/S  1	1	11505760	11505768	60	4	50	pips_l40_r400_500-8000.hdf5	right	left
1151.6213	1	Stimulus/S  1	1	11516213	11516221	60	5	30	pips_l40_r400_500-8000.hdf5	right	left
1152.688	1	Stimulus/S  1	1	11526880	11526888	61	0	20	pips_l40_r400_500-8000.hdf5	right	left
1153.744	1	Stimulus/S  1	1	11537440	11537448	61	1	40	pips_l40_r400_500-8000.hdf5	right	left
1154.8107	1	Stimulus/S  1	1	11548107	11548115	61	2	60	pips_l40_r400_500-8000.hdf5	right	left
1155.8774	1	Stimulus/S  1	1	11558774	11558782	61	3	70	pips_l40_r400_500-8000.hdf5	right	left
1156.9227	1	Stimulus/S  1	1	11569227	11569235	61	4	50	pips_l40_r400_500-8000.hdf5	right	left
1157.9894	1	Stimulus/S  1	1	11579894	11579902	61	5	30	pips_l40_r400_500-8000.hdf5	right	left
1159.0348	1	Stimulus/S  1	1	11590348	11590356	62	0	20	pips_l40_r400_500-8000.hdf5	right	left
1160.1014	1	Stimulus/S  1	1	11601014	11601022	62	1	40	pips_l40_r400_500-8000.hdf5	right	left
1161.1574	1	Stimulus/S  1	1	11611574	11611582	62	2	60	pips_l40_r400_500-8000.hdf5	right	left
1162.2028	1	Stimulus/S  1	1	11622028	11622036	62	3	70	pips_l40_r400_500-8000.hdf5	right	left
1163.2695	1	Stimulus/S  1	1	11632695	11632703	62	4	50	pips_l40_r400_500-8000.hdf5	right	left
1164.3255	1	Stimulus/S  1	1	11643255	11643263	62	5	30	pips_l40_r400_500-8000.hdf5	right	left
1165.3708	1	Stimulus/S  1	1	11653708	11653716	63	0	20	pips_l40_r400_500-8000.hdf5	right	left
1166.4375	1	Stimulus/S  1	1	11664375	11664383	63	1	40	pips_l40_r400_500-8000.hdf5	right	left
1167.4935	1	Stimulus/S  1	1	11674935	11674943	63	2	60	pips_l40_r400_500-8000.hdf5	right	left
1168.5388	1	Stimulus/S  1	1	11685388	11685396	63	3	70	pips_l40_r400_500-8000.hdf5	right	left
1169.6055	1	Stimulus/S  1	1	11696055	11696063	63	4	50	pips_l40_r400_500-8000.hdf5	right	left
1170.6615	1	Stimulus/S  1	1	11706615	11706623	63	5	30	pips_l40_r400_500-8000.hdf5	right	left
1171.7069	1	Stimulus/S  1	1	11717069	11717077	64	0	20	pips_l40_r400_500-8000.hdf5	right	left
1172.7736	1	Stimulus/S  1	1	11727736	11727744	64	1	40	pips_l40_r400_500-8000.hdf5	right	left
1173.8189	1	Stimulus/S  1	1	11738189	11738197	64	2	60	pips_l40_r400_500-8000.hdf5	right	left
1174.8749	1	Stimulus/S  1	1	11748749	11748757	64	3	70	pips_l40_r400_500-8000.hdf5	right	left
1175.9416	1	Stimulus/S  1	1	11759416	11759424	64	4	50	pips_l40_r400_500-8000.hdf5	right	left
1176.9869	1	Stimulus/S  1	1	11769869	11769877	64	5	30	pips_l40_r400_500-8000.hdf5	right	left
1178.0536	1	Stimulus/S  1	1	11780536	11780544	65	0	20	pips_l40_r400_500-8000.hdf5	right	left
1179.1096	1	Stimulus/S  1	1	11791096	11791104	65	1	40	pips_l40_r400_500-8000.hdf5	right	left
1180.155	1	Stimulus/S  1	1	11801550	11801558	65	2	60	pips_l40_r400_500-8000.hdf5	right	left
1181.211	1	Stimulus/S  1	1	11812110	11812118	65	3	70	pips_l40_r400_500-8000.hdf5	right	left
1182.2563	1	Stimulus/S  1	1	11822563	11822571	65	4	50	pips_l40_r400_500-8000.hdf5	right	left
1183.3017	1	Stimulus/S  1	1	11833017	11833025	65	5	30	pips_l40_r400_500-8000.hdf5	right	left
1184.3683	1	Stimulus/S  1	1	11843683	11843691	66	0	20	pips_l40_r400_500-8000.hdf5	right	left
1185.4244	1	Stimulus/S  1	1	11854244	11854252	66	1	40	pips_l40_r400_500-8000.hdf5	right	left
1186.4697	1	Stimulus/S  1	1	11864697	11864705	66	2	60	pips_l40_r400_500-8000.hdf5	right	left
1187.5364	1	Stimulus/S  1	1	11875364	11875372	66	3	70	pips_l40_r400_500-8000.hdf5	right	left
1188.5924	1	Stimulus/S  1	1	11885924	11885932	66	4	50	pips_l40_r400_500-8000.hdf5	right	left
1189.6591	1	Stimulus/S  1	1	11896591	11896599	66	5	30	pips_l40_r400_500-8000.hdf5	right	left
1190.7257	1	Stimulus/S  1	1	11907257	11907265	67	0	20	pips_l40_r400_500-8000.hdf5	right	left
1191.7711	1	Stimulus/S  1	1	11917711	11917719	67	1	40	pips_l40_r400_500-8000.hdf5	right	left
1192.8271	1	Stimulus/S  1	1	11928271	11928279	67	2	60	pips_l40_r400_500-8000.hdf5	right	left
1193.8938	1	Stimulus/S  1	1	11938938	11938946	67	3	70	pips_l40_r400_500-8000.hdf5	right	left
1194.9391	1	Stimulus/S  1	1	11949391	11949399	67	4	50	pips_l40_r400_500-8000.hdf5	right	left
1195.9845	1	Stimulus/S  1	1	11959845	11959853	67	5	30	pips_l40_r400_500-8000.hdf5	right	left
1197.0618	1	Stimulus/S  1	1	11970618	11970626	68	0	20	pips_l40_r400_500-8000.hdf5	right	left
1198.1072	1	Stimulus/S  1	1	11981072	11981080	68	1	40	pips_l40_r400_500-8000.hdf5	right	left
1199.1738	1	Stimulus/S  1	1	11991738	11991746	68	2	60	pips_l40_r400_500-8000.hdf5	right	left
1200.2192	1	Stimulus/S  1	1	12002192	12002200	68	3	70	pips_l40_r400_500-8000.hdf5	right	left
1201.2752	1	Stimulus/S  1	1	12012752	12012760	68	4	50	pips_l40_r400_500-8000.hdf5	right	left
1202.3419	1	Stimulus/S  1	1	12023419	12023427	68	5	30	pips_l40_r400_500-8000.hdf5	right	left
1203.3872	1	Stimulus/S  1	1	12033872	12033880	69	0	20	pips_l40_r400_500-8000.hdf5	right	left
1204.4539	1	Stimulus/S  1	1	12044539	12044547	69	1	40	pips_l40_r400_500-8000.hdf5	right	left
1205.5099	1	Stimulus/S  1	1	12055099	12055107	69	2	60	pips_l40_r400_500-8000.hdf5	right	left
1206.5766	1	Stimulus/S  1	1	12065766	12065774	69	3	70	pips_l40_r400_500-8000.hdf5	right	left
1207.6432	1	Stimulus/S  1	1	12076432	12076440	69	4	50	pips_l40_r400_500-8000.hdf5	right	left
1208.6886	1	Stimulus/S  1	1	12086886	12086894	69	5	30	pips_l40_r400_500-8000.hdf5	right	left
1209.7446	1	Stimulus/S  1	1	12097446	12097454	70	0	20	pips_l40_r400_500-8000.hdf5	right	left
1210.7899	1	Stimulus/S  1	1	12107899	12107907	70	1	40	pips_l40_r400_500-8000.hdf5	right	left
1211.8566	1	Stimulus/S  1	1	12118566	12118574	70	2	60	pips_l40_r400_500-8000.hdf5	right	left
1212.9126	1	Stimulus/S  1	1	12129126	12129134	70	3	70	pips_l40_r400_500-8000.hdf5	right	left
1213.958	1	Stimulus/S  1	1	12139580	12139588	70	4	50	pips_l40_r400_500-8000.hdf5	right	left
1215.0033	1	Stimulus/S  1	1	12150033	12150041	70	5	30	pips_l40_r400_500-8000.hdf5	right	left
1216.07	1	Stimulus/S  1	1	12160700	12160708	71	0	20	pips_l40_r400_500-8000.hdf5	right	left
1217.126	1	Stimulus/S  1	1	12171260	12171268	71	1	40	pips_l40_r400_500-8000.hdf5	right	left
1218.1714	1	Stimulus/S  1	1	12181714	12181722	71	2	60	pips_l40_r400_500-8000.hdf5	right	left
1219.2274	1	Stimulus/S  1	1	12192274	12192282	71	3	70	pips_l40_r400_500-8000.hdf5	right	left
1220.294	1	Stimulus/S  1	1	12202940	12202948	71	4	50	pips_l40_r400_500-8000.hdf5	right	left
1221.3394	1	Stimulus/S  1	1	12213394	12213402	71	5	30	pips_l40_r400_500-8000.hdf5	right	left
1222.3954	1	Stimulus/S  1	1	12223954	12223962	72	0	20	pips_l40_r400_500-8000.hdf5	right	left
1223.4407	1	Stimulus/S  1	1	12234407	12234415	72	1	40	pips_l40_r400_500-8000.hdf5	right	left
1224.4861	1	Stimulus/S  1	1	12244861	12244869	72	2	60	pips_l40_r400_500-8000.hdf5	right	left
1225.5421	1	Stimulus/S  1	1	12255421	12255429	72	3	70	pips_l40_r400_500-8000.hdf5	right	left
1226.5874	1	Stimulus/S  1	1	12265874	12265882	72	4	50	pips_l40_r400_500-8000.hdf5	right	left
1227.6435	1	Stimulus/S  1	1	12276435	12276443	72	5	30	pips_l40_r400_500-8000.hdf5	right	left
1228.7101	1	Stimulus/S  1	1	12287101	12287109	73	0	20	pips_l40_r400_500-8000.hdf5	right	left
1229.7555	1	Stimulus/S  1	1	12297555	12297563	73	1	40	pips_l40_r400_500-8000.hdf5	right	left
1230.8222	1	Stimulus/S  1	1	12308222	12308230	73	2	60	pips_l40_r400_500-8000.hdf5	right	left
1231.8782	1	Stimulus/S  1	1	12318782	12318790	73	3	70	pips_l40_r400_500-8000.hdf5	right	left
1232.9448	1	Stimulus/S  1	1	12329448	12329456	73	4	50	pips_l40_r400_500-8000.hdf5	right	left
1233.9902	1	Stimulus/S  1	1	12339902	12339910	73	5	30	pips_l40_r400_500-8000.hdf5	right	left
1235.0569	1	Stimulus/S  1	1	12350569	12350577	74	0	20	pips_l40_r400_500-8000.hdf5	right	left
1236.1129	1	Stimulus/S  1	1	12361129	12361137	74	1	40	pips_l40_r400_500-8000.hdf5	right	left
1237.1796	1	Stimulus/S  1	1	12371796	12371804	74	2	60	pips_l40_r400_500-8000.hdf5	right	left
1238.2249	1	Stimulus/S  1	1	12382249	12382257	74	3	70	pips_l40_r400_500-8000.hdf5	right	left
1239.2702	1	Stimulus/S  1	1	12392702	12392710	74	4	50	pips_l40_r400_500-8000.hdf5	right	left
1240.3369	1	Stimulus/S  1	1	12403369	12403377	74	5	30	pips_l40_r400_500-8000.hdf5	right	left
1241.4036	1	Stimulus/S  1	1	12414036	12414044	75	0	20	pips_l40_r400_500-8000.hdf5	right	left
1242.4596	1	Stimulus/S  1	1	12424596	12424604	75	1	40	pips_l40_r400_500-8000.hdf5	right	left
1243.5263	1	Stimulus/S  1	1	12435263	12435271	75	2	60	pips_l40_r400_500-8000.hdf5	right	left
1244.5716	1	Stimulus/S  1	1	12445716	12445724	75	3	70	pips_l40_r400_500-8000.hdf5	right	left
1245.6276	1	Stimulus/S  1	1	12456276	12456284	75	4	50	pips_l40_r400_500-8000.hdf5	right	left
1246.673	1	Stimulus/S  1	1	12466730	12466738	75	5	30	pips_l40_r400_500-8000.hdf5	right	left
1247.729	1	Stimulus/S  1	1	12477290	12477298	76	0	20	pips_l40_r400_500-8000.hdf5	right	left
1248.7957	1	Stimulus/S  1	1	12487957	12487965	76	1	40	pips_l40_r400_500-8000.hdf5	right	left
1249.841	1	Stimulus/S  1	1	12498410	12498418	76	2	60	pips_l40_r400_500-8000.hdf5	right	left
1250.8864	1	Stimulus/S  1	1	12508864	12508872	76	3	70	pips_l40_r400_500-8000.hdf5	right	left
1251.953	1	Stimulus/S  1	1	12519530	12519538	76	4	50	pips_l40_r400_500-8000.hdf5	right	left
1253.009	1	Stimulus/S  1	1	12530090	12530098	76	5	30	pips_l40_r400_500-8000.hdf5	right	left
1254.0544	1	Stimulus/S  1	1	12540544	12540552	77	0	20	pips_l40_r400_500-8000.hdf5	right	left
1255.1104	1	Stimulus/S  1	1	12551104	12551112	77	1	40	pips_l40_r400_500-8000.hdf5	right	left
1256.1557	1	Stimulus/S  1	1	12561557	12561565	77	2	60	pips_l40_r400_500-8000.hdf5	right	left
1257.2224	1	Stimulus/S  1	1	12572224	12572232	77	3	70	pips_l40_r400_500-8000.hdf5	right	left
1258.2784	1	Stimulus/S  1	1	12582784	12582792	77	4	50	pips_l40_r400_500-8000.hdf5	right	left
1259.3238	1	Stimulus/S  1	1	12593238	12593246	77	5	30	pips_l40_r400_500-8000.hdf5	right	left
1260.3905	1	Stimulus/S  1	1	12603905	12603913	78	0	20	pips_l40_r400_500-8000.hdf5	right	left
1261.4465	1	Stimulus/S  1	1	12614465	12614473	78	1	40	pips_l40_r400_500-8000.hdf5	right	left
1262.4918	1	Stimulus/S  1	1	12624918	12624926	78	2	60	pips_l40_r400_500-8000.hdf5	right	left
1263.5372	1	Stimulus/S  1	1	12635372	12635380	78	3	70	pips_l40_r400_500-8000.hdf5	right	left
1264.5932	1	Stimulus/S  1	1	12645932	12645940	78	4	50	pips_l40_r400_500-8000.hdf5	right	left
1265.6598	1	Stimulus/S  1	1	12656598	12656606	78	5	30	pips_l40_r400_500-8000.hdf5	right	left
1266.7052	1	Stimulus/S  1	1	12667052	12667060	79	0	20	pips_l40_r400_500-8000.hdf5	right	left
1267.7612	1	Stimulus/S  1	1	12677612	12677620	79	1	40	pips_l40_r400_500-8000.hdf5	right	left
1268.8279	1	Stimulus/S  1	1	12688279	12688287	79	2	60	pips_l40_r400_500-8000.hdf5	right	left
1269.8732	1	Stimulus/S  1	1	12698732	12698740	79	3	70	pips_l40_r400_500-8000.hdf5	right	left
1270.9399	1	Stimulus/S  1	1	12709399	12709407	79	4	50	pips_l40_r400_500-8000.hdf5	right	left
1271.9959	1	Stimulus/S  1	1	12719959	12719967	79	5	30	pips_l40_r400_500-8000.hdf5	right	left
1273.0626	1	Stimulus/S  1	1	12730626	12730634	80	0	20	pips_l40_r400_500-8000.hdf5	right	left
1274.1079	1	Stimulus/S  1	1	12741079	12741087	80	1	40	pips_l40_r400_500-8000.hdf5	right	left
1275.1746	1	Stimulus/S  1	1	12751746	12751754	80	2	60	pips_l40_r400_500-8000.hdf5	right	left
1276.22	1	Stimulus/S  1	1	12762200	12762208	80	3	70	pips_l40_r400_500-8000.hdf5	right	left
1277.276	1	Stimulus/S  1	1	12772760	12772768	80	4	50	pips_l40_r400_500-8000.hdf5	right	left
1278.3213	1	Stimulus/S  1	1	12783213	12783221	80	5	30	pips_l40_r400_500-8000.hdf5	right	left
1279.3773	1	Stimulus/S  1	1	12793773	12793781	81	0	20	pips_l40_r400_500-8000.hdf5	right	left
1280.4227	1	Stimulus/S  1	1	12804227	12804235	81	1	40	pips_l40_r400_500-8000.hdf5	right	left
1281.4893	1	Stimulus/S  1	1	12814893	12814901	81	2	60	pips_l40_r400_500-8000.hdf5	right	left
1282.5454	1	Stimulus/S  1	1	12825454	12825462	81	3	70	pips_l40_r400_500-8000.hdf5	right	left
1283.612	1	Stimulus/S  1	1	12836120	12836128	81	4	50	pips_l40_r400_500-8000.hdf5	right	left
1284.6574	1	Stimulus/S  1	1	12846574	12846582	81	5	30	pips_l40_r400_500-8000.hdf5	right	left
1285.7134	1	Stimulus/S  1	1	12857134	12857142	82	0	20	pips_l40_r400_500-8000.hdf5	right	left
1286.7587	1	Stimulus/S  1	1	12867587	12867595	82	1	40	pips_l40_r400_500-8000.hdf5	right	left
1287.8254	1	Stimulus/S  1	1	12878254	12878262	82	2	60	pips_l40_r400_500-8000.hdf5	right	left
1288.8707	1	Stimulus/S  1	1	12888707	12888715	82	3	70	pips_l40_r400_500-8000.hdf5	right	left
1289.9268	1	Stimulus/S  1	1	12899268	12899276	82	4	50	pips_l40_r400_500-8000.hdf5	right	left
1290.9934	1	Stimulus/S  1	1	12909934	12909942	82	5	30	pips_l40_r400_500-8000.hdf5	right	left
1292.0388	1	Stimulus/S  1	1	12920388	12920396	83	0	20	pips_l40_r400_500-8000.hdf5	right	left
1293.1055	1	Stimulus/S  1	1	12931055	12931063	83	1	40	pips_l40_r400_500-8000.hdf5	right	left
1294.1615	1	Stimulus/S  1	1	12941615	12941623	83	2	60	pips_l40_r400_500-8000.hdf5	right	left
1295.2281	1	Stimulus/S  1	1	12952281	12952289	83	3	70	pips_l40_r400_500-8000.hdf5	right	left
1296.2735	1	Stimulus/S  1	1	12962735	12962743	83	4	50	pips_l40_r400_500-8000.hdf5	right	left
1297.3402	1	Stimulus/S  1	1	12973402	12973410	83	5	30	pips_l40_r400_500-8000.hdf5	right	left
1298.4068	1	Stimulus/S  1	1	12984068	12984076	84	0	20	pips_l40_r400_500-8000.hdf5	right	left
1299.4629	1	Stimulus/S  1	1	12994629	12994637	84	1	40	pips_l40_r400_500-8000.hdf5	right	left
1300.5295	1	Stimulus/S  1	1	13005295	13005303	84	2	60	pips_l40_r400_500-8000.hdf5	right	left
1301.5749	1	Stimulus/S  1	1	13015749	13015757	84	3	70	pips_l40_r400_500-8000.hdf5	right	left
1302.6202	1	Stimulus/S  1	1	13026202	13026210	84	4	50	pips_l40_r400_500-8000.hdf5	right	left
1303.6762	1	Stimulus/S  1	1	13036762	13036770	84	5	30	pips_l40_r400_500-8000.hdf5	right	left
1304.7216	1	Stimulus/S  1	1	13047216	13047224	85	0	20	pips_l40_r400_500-8000.hdf5	right	left
1305.7883	1	Stimulus/S  1	1	13057883	13057891	85	1	40	pips_l40_r400_500-8000.hdf5	right	left
1306.8443	1	Stimulus/S  1	1	13068443	13068451	85	2	60	pips_l40_r400_500-8000.hdf5	right	left
1307.8896	1	Stimulus/S  1	1	13078896	13078904	85	3	70	pips_l40_r400_500-8000.hdf5	right	left
1308.9456	1	Stimulus/S  1	1	13089456	13089464	85	4	50	pips_l40_r400_500-8000.hdf5	right	left
1309.991	1	Stimulus/S  1	1	13099910	13099918	85	5	30	pips_l40_r400_500-8000.hdf5	right	left
1311.047	1	Stimulus/S  1	1	13110470	13110478	86	0	20	pips_l40_r400_500-8000.hdf5	right	left
1312.1137	1	Stimulus/S  1	1	13121137	13121145	86	1	40	pips_l40_r400_500-8000.hdf5	right	left
1313.159	1	Stimulus/S  1	1	13131590	13131598	86	2	60	pips_l40_r400_500-8000.hdf5	right	left
1314.2043	1	Stimulus/S  1	1	13142043	13142051	86	3	70	pips_l40_r400_500-8000.hdf5	right	left
1315.271	1	Stimulus/S  1	1	13152710	13152718	86	4	50	pips_l40_r400_500-8000.hdf5	right	left
1316.327	1	Stimulus/S  1	1	13163270	13163278	86	5	30	pips_l40_r400_500-8000.hdf5	right	left
1317.3724	1	Stimulus/S  1	1	13173724	13173732	87	0	20	pips_l40_r400_500-8000.hdf5	right	left
1318.4284	1	Stimulus/S  1	1	13184284	13184292	87	1	40	pips_l40_r400_500-8000.hdf5	right	left
1319.4737	1	Stimulus/S  1	1	13194737	13194745	87	2	60	pips_l40_r400_500-8000.hdf5	right	left
1320.5404	1	Stimulus/S  1	1	13205404	13205412	87	3	70	pips_l40_r400_500-8000.hdf5	right	left
1321.6071	1	Stimulus/S  1	1	13216071	13216079	87	4	50	pips_l40_r400_500-8000.hdf5	right	left
1322.6631	1	Stimulus/S  1	1	13226631	13226639	87	5	30	pips_l40_r400_500-8000.hdf5	right	left
1323.7084	1	Stimulus/S  1	1	13237084	13237092	88	0	20	pips_l40_r400_500-8000.hdf5	right	left
1324.7538	1	Stimulus/S  1	1	13247538	13247546	88	1	40	pips_l40_r400_500-8000.hdf5	right	left
1325.8311	1	Stimulus/S  1	1	13258311	13258319	88	2	60	pips_l40_r400_500-8000.hdf5	right	left
1326.8765	1	Stimulus/S  1	1	13268765	13268773	88	3	70	pips_l40_r400_500-8000.hdf5	right	left
1327.9431	1	Stimulus/S  1	1	13279431	13279439	88	4	50	pips_l40_r400_500-8000.hdf5	right	left
1329.0098	1	Stimulus/S  1	1	13290098	13290106	88	5	30	pips_l40_r400_500-8000.hdf5	right	left
1330.0552	1	Stimulus/S  1	1	13300552	13300560	89	0	20	pips_l40_r400_500-8000.hdf5	right	left
1331.1112	1	Stimulus/S  1	1	13311112	13311120	89	1	40	pips_l40_r400_500-8000.hdf5	right	left
1332.1565	1	Stimulus/S  1	1	13321565	13321573	89	2	60	pips_l40_r400_500-8000.hdf5	right	left
1333.2232	1	Stimulus/S  1	1	13332232	13332240	89	3	70	pips_l40_r400_500-8000.hdf5	right	left
1334.2792	1	Stimulus/S  1	1	13342792	13342800	89	4	50	pips_l40_r400_500-8000.hdf5	right	left
1335.3459	1	Stimulus/S  1	1	13353459	13353467	89	5	30	pips_l40_r400_500-8000.hdf5	right	left
1336.4126	1	Stimulus/S  1	1	13364126	13364134	90	0	20	pips_l40_r400_500-8000.hdf5	right	left
1337.4579	1	Stimulus/S  1	1	13374579	13374587	90	1	40	pips_l40_r400_500-8000.hdf5	right	left
1338.5139	1	Stimulus/S  1	1	13385139	13385147	90	2	60	pips_l40_r400_500-8000.hdf5	right	left
1339.5806	1	Stimulus/S  1	1	13395806	13395814	90	3	70	pips_l40_r400_500-8000.hdf5	right	left
1340.6473	1	Stimulus/S  1	1	13406473	13406481	90	4	50	pips_l40_r400_500-8000.hdf5	right	left
1341.6926	1	Stimulus/S  1	1	13416926	13416934	90	5	30	pips_l40_r400_500-8000.hdf5	right	left
1342.738	1	Stimulus/S  1	1	13427380	13427388	91	0	20	pips_l40_r400_500-8000.hdf5	right	left
1343.8046	1	Stimulus/S  1	1	13438046	13438054	91	1	40	pips_l40_r400_500-8000.hdf5	right	left
1344.8607	1	Stimulus/S  1	1	13448607	13448615	91	2	60	pips_l40_r400_500-8000.hdf5	right	left
1345.9273	1	Stimulus/S  1	1	13459273	13459281	91	3	70	pips_l40_r400_500-8000.hdf5	right	left
1346.994	1	Stimulus/S  1	1	13469940	13469948	91	4	50	pips_l40_r400_500-8000.hdf5	right	left
1348.0394	1	Stimulus/S  1	1	13480394	13480402	91	5	30	pips_l40_r400_500-8000.hdf5	right	left
1349.106	1	Stimulus/S  1	1	13491060	13491068	92	0	20	pips_l40_r400_500-8000.hdf5	right	left
1350.162	1	Stimulus/S  1	1	13501620	13501628	92	1	40	pips_l40_r400_500-8000.hdf5	right	left
1351.2074	1	Stimulus/S  1	1	13512074	13512082	92	2	60	pips_l40_r400_500-8000.hdf5	right	left
1352.2741	1	Stimulus/S  1	1	13522741	13522749	92	3	70	pips_l40_r400_500-8000.hdf5	right	left
1353.3301	1	Stimulus/S  1	1	13533301	13533309	92	4	50	pips_l40_r400_500-8000.hdf5	right	left
1354.3754	1	Stimulus/S  1	1	13543754	13543762	92	5	30	pips_l40_r400_500-8000.hdf5	right	left
1355.4421	1	Stimulus/S  1	1	13554421	13554429	93	0	20	pips_l40_r400_500-8000.hdf5	right	left
1356.4874	1	Stimulus/S  1	1	13564874	13564882	93	1	40	pips_l40_r400_500-8000.hdf5	right	left
1357.5435	1	Stimulus/S  1	1	13575435	13575443	93	2	60	pips_l40_r400_500-8000.hdf5	right	left
1358.6101	1	Stimulus/S  1	1	13586101	13586109	93	3	70	pips_l40_r400_500-8000.hdf5	right	left
1359.6768	1	Stimulus/S  1	1	13596768	13596776	93	4	50	pips_l40_r400_500-8000.hdf5	right	left
1360.7221	1	Stimulus/S  1	1	13607221	13607229	93	5	30	pips_l40_r400_500-8000.hdf5	right	left
1361.7888	1	Stimulus/S  1	1	13617888	13617896	94	0	20	pips_l40_r400_500-8000.hdf5	right	left
1362.8555	1	Stimulus/S  1	1	13628555	13628563	94	1	40	pips_l40_r400_500-8000.hdf5	right	left
1363.9115	1	Stimulus/S  1	1	13639115	13639123	94	2	60	pips_l40_r400_500-8000.hdf5	right	left
1364.9569	1	Stimulus/S  1	1	13649569	13649577	94	3	70	pips_l40_r400_500-8000.hdf5	right	left
1366.0235	1	Stimulus/S  1	1	13660235	13660243	94	4	50	pips_l40_r400_500-8000.hdf5	right	left
1367.0795	1	Stimulus/S  1	1	13670795	13670803	94	5	30	pips_l40_r400_500-8000.hdf5	right	left
1368.1249	1	Stimulus/S  1	1	13681249	13681257	95	0	20	pips_l40_r400_500-8000.hdf5	right	left
1369.1916	1	Stimulus/S  1	1	13691916	13691924	95	1	40	pips_l40_r400_500-8000.hdf5	right	left
1370.2476	1	Stimulus/S  1	1	13702476	13702484	95	2	60	pips_l40_r400_500-8000.hdf5	right	left
1371.3143	1	Stimulus/S  1	1	13713143	13713151	95	3	70	pips_l40_r400_500-8000.hdf5	right	left
1372.3596	1	Stimulus/S  1	1	13723596	13723604	95	4	50	pips_l40_r400_500-8000.hdf5	right	left
1373.4049	1	Stimulus/S  1	1	13734049	13734057	95	5	30	pips_l40_r400_500-8000.hdf5	right	left
1374.4823	1	Stimulus/S  1	1	13744823	13744831	96	0	20	pips_l40_r400_500-8000.hdf5	right	left
1375.5383	1	Stimulus/S  1	1	13755383	13755391	96	1	40	pips_l40_r400_500-8000.hdf5	right	left
1376.605	1	Stimulus/S  1	1	13766050	13766058	96	2	60	pips_l40_r400_500-8000.hdf5	right	left
1377.661	1	Stimulus/S  1	1	13776610	13776618	96	3	70	pips_l40_r400_500-8000.hdf5	right	left
1378.7063	1	Stimulus/S  1	1	13787063	13787071	96	4	50	pips_l40_r400_500-8000.hdf5	right	left
1379.773	1	Stimulus/S  1	1	13797730	13797738	96	5	30	pips_l40_r400_500-8000.hdf5	right	left
1380.8397	1	Stimulus/S  1	1	13808397	13808405	97	0	20	pips_l40_r400_500-8000.hdf5	right	left
1381.8957	1	Stimulus/S  1	1	13818957	13818965	97	1	40	pips_l40_r400_500-8000.hdf5	right	left
1382.941	1	Stimulus/S  1	1	13829410	13829418	97	2	60	pips_l40_r400_500-8000.hdf5	right	left
1383.9971	1	Stimulus/S  1	1	13839971	13839979	97	3	70	pips_l40_r400_500-8000.hdf5	right	left
1385.0637	1	Stimulus/S  1	1	13850637	13850645	97	4	50	pips_l40_r400_500-8000.hdf5	right	left
1386.1091	1	Stimulus/S  1	1	13861091	13861099	97	5	30	pips_l40_r400_500-8000.hdf5	right	left
1387.1651	1	Stimulus/S  1	1	13871651	13871659	98	0	20	pips_l40_r400_500-8000.hdf5	right	left
1388.2318	1	Stimulus/S  1	1	13882318	13882326	98	1	40	pips_l40_r400_500-8000.hdf5	right	left
1389.2984	1	Stimulus/S  1	1	13892984	13892992	98	2	60	pips_l40_r400_500-8000.hdf5	right	left
1390.3438	1	Stimulus/S  1	1	13903438	13903446	98	3	70	pips_l40_r400_500-8000.hdf5	right	left
1391.3891	1	Stimulus/S  1	1	13913891	13913899	98	4	50	pips_l40_r400_500-8000.hdf5	right	left
1392.4451	1	Stimulus/S  1	1	13924451	13924459	98	5	30	pips_l40_r400_500-8000.hdf5	right	left
1393.5118	1	Stimulus/S  1	1	13935118	13935126	99	0	20	pips_l40_r400_500-8000.hdf5	right	left
1394.5572	1	Stimulus/S  1	1	13945572	13945580	99	1	40	pips_l40_r400_500-8000.hdf5	right	left
1395.6132	1	Stimulus/S  1	1	13956132	13956140	99	2	60	pips_l40_r400_500-8000.hdf5	right	left
1396.6799	1	Stimulus/S  1	1	13966799	13966807	99	3	70	pips_l40_r400_500-8000.hdf5	right	left
1397.7465	1	Stimulus/S  1	1	13977465	13977473	99	4	50	pips_l40_r400_500-8000.hdf5	right	left
1398.7919	1	Stimulus/S  1	1	13987919	13987927	99	5	30	pips_l40_r400_500-8000.hdf5	right	left
1399.8479	1	Stimulus/S  1	1	13998479	13998487	100	0	20	pips_l40_r400_500-8000.hdf5	right	left
1400.8932	1	Stimulus/S  1	1	14008932	14008940	100	1	40	pips_l40_r400_500-8000.hdf5	right	left
1401.9386	1	Stimulus/S  1	1	14019386	14019394	100	2	60	pips_l40_r400_500-8000.hdf5	right	left
1403.0159	1	Stimulus/S  1	1	14030159	14030167	100	3	70	pips_l40_r400_500-8000.hdf5	right	left
1404.0826	1	Stimulus/S  1	1	14040826	14040834	100	4	50	pips_l40_r400_500-8000.hdf5	right	left
1405.1493	1	Stimulus/S  1	1	14051493	14051501	100	5	30	pips_l40_r400_500-8000.hdf5	right	left
1406.2053	1	Stimulus/S  1	1	14062053	14062061	101	0	20	pips_l40_r400_500-8000.hdf5	right	left
1407.2826	1	Stimulus/S  1	1	14072826	14072834	101	1	40	pips_l40_r400_500-8000.hdf5	right	left
1408.328	1	Stimulus/S  1	1	14083280	14083288	101	2	60	pips_l40_r400_500-8000.hdf5	right	left
1409.3733	1	Stimulus/S  1	1	14093733	14093741	101	3	70	pips_l40_r400_500-8000.hdf5	right	left
1410.44	1	Stimulus/S  1	1	14104400	14104408	101	4	50	pips_l40_r400_500-8000.hdf5	right	left
1411.496	1	Stimulus/S  1	1	14114960	14114968	101	5	30	pips_l40_r400_500-8000.hdf5	right	left
1412.5627	1	Stimulus/S  1	1	14125627	14125635	102	0	20	pips_l40_r400_500-8000.hdf5	right	left
1413.6294	1	Stimulus/S  1	1	14136294	14136302	102	1	40	pips_l40_r400_500-8000.hdf5	right	left
1414.696	1	Stimulus/S  1	1	14146960	14146968	102	2	60	pips_l40_r400_500-8000.hdf5	right	left
1415.7414	1	Stimulus/S  1	1	14157414	14157422	102	3	70	pips_l40_r400_500-8000.hdf5	right	left
1416.7974	1	Stimulus/S  1	1	14167974	14167982	102	4	50	pips_l40_r400_500-8000.hdf5	right	left
1417.8427	1	Stimulus/S  1	1	14178427	14178435	102	5	30	pips_l40_r400_500-8000.hdf5	right	left
1418.9094	1	Stimulus/S  1	1	14189094	14189102	103	0	20	pips_l40_r400_500-8000.hdf5	right	left
1419.9761	1	Stimulus/S  1	1	14199761	14199769	103	1	40	pips_l40_r400_500-8000.hdf5	right	left
1421.0428	1	Stimulus/S  1	1	14210428	14210436	103	2	60	pips_l40_r400_500-8000.hdf5	right	left
1422.1094	1	Stimulus/S  1	1	14221094	14221102	103	3	70	pips_l40_r400_500-8000.hdf5	right	left
1423.1761	1	Stimulus/S  1	1	14231761	14231769	103	4	50	pips_l40_r400_500-8000.hdf5	right	left
1424.2428	1	Stimulus/S  1	1	14242428	14242436	103	5	30	pips_l40_r400_500-8000.hdf5	right	left
1425.2988	1	Stimulus/S  1	1	14252988	14252996	104	0	20	pips_l40_r400_500-8000.hdf5	right	left
1426.3655	1	Stimulus/S  1	1	14263655	14263663	104	1	40	pips_l40_r400_500-8000.hdf5	right	left
1427.4322	1	Stimulus/S  1	1	14274322	14274330	104	2	60	pips_l40_r400_500-8000.hdf5	right	left
1428.4988	1	Stimulus/S  1	1	14284988	14284996	104	3	70	pips_l40_r400_500-8000.hdf5	right	left
1429.5442	1	Stimulus/S  1	1	14295442	14295450	104	4	50	pips_l40_r400_500-8000.hdf5	right	left
1430.5895	1	Stimulus/S  1	1	14305895	14305903	104	5	30	pips_l40_r400_500-8000.hdf5	right	left
1431.6455	1	Stimulus/S  1	1	14316455	14316463	105	0	20	pips_l40_r400_500-8000.hdf5	right	left
1432.7122	1	Stimulus/S  1	1	14327122	14327130	105	1	40	pips_l40_r400_500-8000.hdf5	right	left
1433.7789	1	Stimulus/S  1	1	14337789	14337797	105	2	60	pips_l40_r400_500-8000.hdf5	right	left
1434.8456	1	Stimulus/S  1	1	14348456	14348464	105	3	70	pips_l40_r400_500-8000.hdf5	right	left
1435.8909	1	Stimulus/S  1	1	14358909	14358917	105	4	50	pips_l40_r400_500-8000.hdf5	right	left
1436.9469	1	Stimulus/S  1	1	14369469	14369477	105	5	30	pips_l40_r400_500-8000.hdf5	right	left
1437.9923	1	Stimulus/S  1	1	14379923	14379931	106	0	20	pips_l40_r400_500-8000.hdf5	right	left
1439.0589	1	Stimulus/S  1	1	14390589	14390597	106	1	40	pips_l40_r400_500-8000.hdf5	right	left
1440.1256	1	Stimulus/S  1	1	14401256	14401264	106	2	60	pips_l40_r400_500-8000.hdf5	right	left
1441.1923	1	Stimulus/S  1	1	14411923	14411931	106	3	70	pips_l40_r400_500-8000.hdf5	right	left
1442.259	1	Stimulus/S  1	1	14422590	14422598	106	4	50	pips_l40_r400_500-8000.hdf5	right	left
1443.3257	1	Stimulus/S  1	1	14433257	14433265	106	5	30	pips_l40_r400_500-8000.hdf5	right	left
1444.3817	1	Stimulus/S  1	1	14443817	14443825	107	0	20	pips_l40_r400_500-8000.hdf5	right	left
1445.427	1	Stimulus/S  1	1	14454270	14454278	107	1	40	pips_l40_r400_500-8000.hdf5	right	left
1446.4724	1	Stimulus/S  1	1	14464724	14464732	107	2	60	pips_l40_r400_500-8000.hdf5	right	left
1447.5497	1	Stimulus/S  1	1	14475497	14475505	107	3	70	pips_l40_r400_500-8000.hdf5	right	left
1448.595	1	Stimulus/S  1	1	14485950	14485958	107	4	50	pips_l40_r400_500-8000.hdf5	right	left
1449.6404	1	Stimulus/S  1	1	14496404	14496412	107	5	30	pips_l40_r400_500-8000.hdf5	right	left
1450.6964	1	Stimulus/S  1	1	14506964	14506972	108	0	20	pips_l40_r400_500-8000.hdf5	right	left
1451.7631	1	Stimulus/S  1	1	14517631	14517639	108	1	40	pips_l40_r400_500-8000.hdf5	right	left
1452.8298	1	Stimulus/S  1	1	14528298	14528306	108	2	60	pips_l40_r400_500-8000.hdf5	right	left
1453.8751	1	Stimulus/S  1	1	14538751	14538759	108	3	70	pips_l40_r400_500-8000.hdf5	right	left
1454.9311	1	Stimulus/S  1	1	14549311	14549319	108	4	50	pips_l40_r400_500-8000.hdf5	right	left
1455.9978	1	Stimulus/S  1	1	14559978	14559986	108	5	30	pips_l40_r400_500-8000.hdf5	right	left
1457.0431	1	Stimulus/S  1	1	14570431	14570439	109	0	20	pips_l40_r400_500-8000.hdf5	right	left
1458.0991	1	Stimulus/S  1	1	14580991	14580999	109	1	40	pips_l40_r400_500-8000.hdf5	right	left
1459.1445	1	Stimulus/S  1	1	14591445	14591453	109	2	60	pips_l40_r400_500-8000.hdf5	right	left
1460.2112	1	Stimulus/S  1	1	14602112	14602120	109	3	70	pips_l40_r400_500-8000.hdf5	right	left
1461.2565	1	Stimulus/S  1	1	14612565	14612573	109	4	50	pips_l40_r400_500-8000.hdf5	right	left
1462.3125	1	Stimulus/S  1	1	14623125	14623133	109	5	30	pips_l40_r400_500-8000.hdf5	right	left
1463.3579	1	Stimulus/S  1	1	14633579	14633587	110	0	20	pips_l40_r400_500-8000.hdf5	right	left
1464.4245	1	Stimulus/S  1	1	14644245	14644253	110	1	40	pips_l40_r400_500-8000.hdf5	right	left
1465.4912	1	Stimulus/S  1	1	14654912	14654920	110	2	60	pips_l40_r400_500-8000.hdf5	right	left
1466.5472	1	Stimulus/S  1	1	14665472	14665480	110	3	70	pips_l40_r400_500-8000.hdf5	right	left
1467.5926	1	Stimulus/S  1	1	14675926	14675934	110	4	50	pips_l40_r400_500-8000.hdf5	right	left
1468.6593	1	Stimulus/S  1	1	14686593	14686601	110	5	30	pips_l40_r400_500-8000.hdf5	right	left
1469.7153	1	Stimulus/S  1	1	14697153	14697161	111	0	20	pips_l40_r400_500-8000.hdf5	right	left
1470.7606	1	Stimulus/S  1	1	14707606	14707614	111	1	40	pips_l40_r400_500-8000.hdf5	right	left
1471.8273	1	Stimulus/S  1	1	14718273	14718281	111	2	60	pips_l40_r400_500-8000.hdf5	right	left
1472.8833	1	Stimulus/S  1	1	14728833	14728841	111	3	70	pips_l40_r400_500-8000.hdf5	right	left
1473.9286	1	Stimulus/S  1	1	14739286	14739294	111	4	50	pips_l40_r400_500-8000.hdf5	right	left
1474.9953	1	Stimulus/S  1	1	14749953	14749961	111	5	30	pips_l40_r400_500-8000.hdf5	right	left
1476.0407	1	Stimulus/S  1	1	14760407	14760415	112	0	20	pips_l40_r400_500-8000.hdf5	right	left
1477.0967	1	Stimulus/S  1	1	14770967	14770975	112	1	40	pips_l40_r400_500-8000.hdf5	right	left
1478.142	1	Stimulus/S  1	1	14781420	14781428	112	2	60	pips_l40_r400_500-8000.hdf5	right	left
1479.198	1	Stimulus/S  1	1	14791980	14791988	112	3	70	pips_l40_r400_500-8000.hdf5	right	left
1480.2434	1	Stimulus/S  1	1	14802434	14802442	112	4	50	pips_l40_r400_500-8000.hdf5	right	left
1481.2994	1	Stimulus/S  1	1	14812994	14813002	112	5	30	pips_l40_r400_500-8000.hdf5	right	left
1482.3661	1	Stimulus/S  1	1	14823661	14823669	113	0	20	pips_l40_r400_500-8000.hdf5	right	left
1483.4327	1	Stimulus/S  1	1	14834327	14834335	113	1	40	pips_l40_r400_500-8000.hdf5	right	left
1484.4994	1	Stimulus/S  1	1	14844994	14845002	113	2	60	pips_l40_r400_500-8000.hdf5	right	left
1485.5661	1	Stimulus/S  1	1	14855661	14855669	113	3	70	pips_l40_r400_500-8000.hdf5	right	left
1486.6328	1	Stimulus/S  1	1	14866328	14866336	113	4	50	pips_l40_r400_500-8000.hdf5	right	left
1487.6781	1	Stimulus/S  1	1	14876781	14876789	113	5	30	pips_l40_r400_500-8000.hdf5	right	left
1488.7235	1	Stimulus/S  1	1	14887235	14887243	114	0	20	pips_l40_r400_500-8000.hdf5	right	left
1489.7795	1	Stimulus/S  1	1	14897795	14897803	114	1	40	pips_l40_r400_500-8000.hdf5	right	left
1490.8248	1	Stimulus/S  1	1	14908248	14908256	114	2	60	pips_l40_r400_500-8000.hdf5	right	left
1491.8808	1	Stimulus/S  1	1	14918808	14918816	114	3	70	pips_l40_r400_500-8000.hdf5	right	left
1492.9475	1	Stimulus/S  1	1	14929475	14929483	114	4	50	pips_l40_r400_500-8000.hdf5	right	left
1494.0142	1	Stimulus/S  1	1	14940142	14940150	114	5	30	pips_l40_r400_500-8000.hdf5	right	left
1495.0809	1	Stimulus/S  1	1	14950809	14950817	115	0	20	pips_l40_r400_500-8000.hdf5	right	left
1496.1475	1	Stimulus/S  1	1	14961475	14961483	115	1	40	pips_l40_r400_500-8000.hdf5	right	left
1497.2142	1	Stimulus/S  1	1	14972142	14972150	115	2	60	pips_l40_r400_500-8000.hdf5	right	left
1498.2809	1	Stimulus/S  1	1	14982809	14982817	115	3	70	pips_l40_r400_500-8000.hdf5	right	left
1499.3476	1	Stimulus/S  1	1	14993476	14993484	115	4	50	pips_l40_r400_500-8000.hdf5	right	left
1500.4142	1	Stimulus/S  1	1	15004142	15004150	115	5	30	pips_l40_r400_500-8000.hdf5	right	left
1501.4809	1	Stimulus/S  1	1	15014809	15014817	116	0	20	pips_l40_r400_500-8000.hdf5	right	left
1502.5263	1	Stimulus/S  1	1	15025263	15025271	116	1	40	pips_l40_r400_500-8000.hdf5	right	left
1503.5929	1	Stimulus/S  1	1	15035929	15035937	116	2	60	pips_l40_r400_500-8000.hdf5	right	left
1504.6596	1	Stimulus/S  1	1	15046596	15046604	116	3	70	pips_l40_r400_500-8000.hdf5	right	left
1505.7263	1	Stimulus/S  1	1	15057263	15057271	116	4	50	pips_l40_r400_500-8000.hdf5	right	left
1506.793	1	Stimulus/S  1	1	15067930	15067938	116	5	30	pips_l40_r400_500-8000.hdf5	right	left
1507.8597	1	Stimulus/S  1	1	15078597	15078605	117	0	20	pips_l40_r400_500-8000.hdf5	right	left
1508.9157	1	Stimulus/S  1	1	15089157	15089165	117	1	40	pips_l40_r400_500-8000.hdf5	right	left
1509.961	1	Stimulus/S  1	1	15099610	15099618	117	2	60	pips_l40_r400_500-8000.hdf5	right	left
1511.0277	1	Stimulus/S  1	1	15110277	15110285	117	3	70	pips_l40_r400_500-8000.hdf5	right	left
1512.0944	1	Stimulus/S  1	1	15120944	15120952	117	4	50	pips_l40_r400_500-8000.hdf5	right	left
1513.1504	1	Stimulus/S  1	1	15131504	15131512	117	5	30	pips_l40_r400_500-8000.hdf5	right	left
1514.1957	1	Stimulus/S  1	1	15141957	15141965	118	0	20	pips_l40_r400_500-8000.hdf5	right	left
1515.2411	1	Stimulus/S  1	1	15152411	15152419	118	1	40	pips_l40_r400_500-8000.hdf5	right	left
1516.3077	1	Stimulus/S  1	1	15163077	15163085	118	2	60	pips_l40_r400_500-8000.hdf5	right	left
1517.3744	1	Stimulus/S  1	1	15173744	15173752	118	3	70	pips_l40_r400_500-8000.hdf5	right	left
1518.4411	1	Stimulus/S  1	1	15184411	15184419	118	4	50	pips_l40_r400_500-8000.hdf5	right	left
1519.4971	1	Stimulus/S  1	1	15194971	15194979	118	5	30	pips_l40_r400_500-8000.hdf5	right	left
1520.5424	1	Stimulus/S  1	1	15205424	15205432	119	0	20	pips_l40_r400_500-8000.hdf5	right	left
1521.5985	1	Stimulus/S  1	1	15215985	15215993	119	1	40	pips_l40_r400_500-8000.hdf5	right	left
1522.6438	1	Stimulus/S  1	1	15226438	15226446	119	2	60	pips_l40_r400_500-8000.hdf5	right	left
1523.6998	1	Stimulus/S  1	1	15236998	15237006	119	3	70	pips_l40_r400_500-8000.hdf5	right	left
1524.7665	1	Stimulus/S  1	1	15247665	15247673	119	4	50	pips_l40_r400_500-8000.hdf5	right	left
1525.8332	1	Stimulus/S  1	1	15258332	15258340	119	5	30	pips_l40_r400_500-8000.hdf5	right	left
1526.8785	1	Stimulus/S  1	1	15268785	15268793	0	0	20	pips_l40_r400_500-8000.hdf5	right	left
1527.9452	1	Stimulus/S  1	1	15279452	15279460	0	1	40	pips_l40_r400_500-8000.hdf5	right	left
1529.0119	1	Stimulus/S  1	1	15290119	15290127	0	2	60	pips_l40_r400_500-8000.hdf5	right	left
1530.0572	1	Stimulus/S  1	1	15300572	15300580	0	3	70	pips_l40_r400_500-8000.hdf5	right	left
1531.1346	1	Stimulus/S  1	1	15311346	15311354	0	4	50	pips_l40_r400_500-8000.hdf5	right	left
1532.1799	1	Stimulus/S  1	1	15321799	15321807	0	5	30	pips_l40_r400_500-8000.hdf5	right	left
1533.2252	1	Stimulus/S  1	1	15332252	15332260	1	0	20	pips_l40_r400_500-8000.hdf5	right	left
1534.2813	1	Stimulus/S  1	1	15342813	15342821	1	1	40	pips_l40_r400_500-8000.hdf5	right	left
1535.3479	1	Stimulus/S  1	1	15353479	15353487	1	2	60	pips_l40_r400_500-8000.hdf5	right	left
1536.3933	1	Stimulus/S  1	1	15363933	15363941	1	3	70	pips_l40_r400_500-8000.hdf5	right	left
1537.4493	1	Stimulus/S  1	1	15374493	15374501	1	4	50	pips_l40_r400_500-8000.hdf5	right	left
1538.516	1	Stimulus/S  1	1	15385160	15385168	1	5	30	pips_l40_r400_500-8000.hdf5	right	left
1539.5826	1	Stimulus/S  1	1	15395826	15395834	2	0	20	pips_l40_r400_500-8000.hdf5	right	left
1540.628	1	Stimulus/S  1	1	15406280	15406288	2	1	40	pips_l40_r400_500-8000.hdf5	right	left
1541.684	1	Stimulus/S  1	1	15416840	15416848	2	2	60	pips_l40_r400_500-8000.hdf5	right	left
1542.7507	1	Stimulus/S  1	1	15427507	15427515	2	3	70	pips_l40_r400_500-8000.hdf5	right	left
1543.8174	1	Stimulus/S  1	1	15438174	15438182	2	4	50	pips_l40_r400_500-8000.hdf5	right	left
1544.884	1	Stimulus/S  1	1	15448840	15448848	2	5	30	pips_l40_r400_500-8000.hdf5	right	left
1545.9507	1	Stimulus/S  1	1	15459507	15459515	3	0	20	pips_l40_r400_500-8000.hdf5	right	left
1546.996	1	Stimulus/S  1	1	15469960	15469968	3	1	40	pips_l40_r400_500-8000.hdf5	right	left
1548.0414	1	Stimulus/S  1	1	15480414	15480422	3	2	60	pips_l40_r400_500-8000.hdf5	right	left
1549.1081	1	Stimulus/S  1	1	15491081	15491089	3	3	70	pips_l40_r400_500-8000.hdf5	right	left
1550.1747	1	Stimulus/S  1	1	15501747	15501755	3	4	50	pips_l40_r400_500-8000.hdf5	right	left
1551.2308	1	Stimulus/S  1	1	15512308	15512316	3	5	30	pips_l40_r400_500-8000.hdf5	right	left
1552.2761	1	Stimulus/S  1	1	15522761	15522769	4	0	20	pips_l40_r400_500-8000.hdf5	right	left
1553.3321	1	Stimulus/S  1	1	15533321	15533329	4	1	40	pips_l40_r400_500-8000.hdf5	right	left
1554.3988	1	Stimulus/S  1	1	15543988	15543996	4	2	60	pips_l40_r400_500-8000.hdf5	right	left
1555.4655	1	Stimulus/S  1	1	15554655	15554663	4	3	70	pips_l40_r400_500-8000.hdf5	right	left
1556.5108	1	Stimulus/S  1	1	15565108	15565116	4	4	50	pips_l40_r400_500-8000.hdf5	right	left
1557.5668	1	Stimulus/S  1	1	15575668	15575676	4	5	30	pips_l40_r400_500-8000.hdf5	right	left
1558.6122	1	Stimulus/S  1	1	15586122	15586130	5	0	20	pips_l40_r400_500-8000.hdf5	right	left
1559.6788	1	Stimulus/S  1	1	15596788	15596796	5	1	40	pips_l40_r400_500-8000.hdf5	right	left
1560.7455	1	Stimulus/S  1	1	15607455	15607463	5	2	60	pips_l40_r400_500-8000.hdf5	right	left
1561.8122	1	Stimulus/S  1	1	15618122	15618130	5	3	70	pips_l40_r400_500-8000.hdf5	right	left
1562.8682	1	Stimulus/S  1	1	15628682	15628690	5	4	50	pips_l40_r400_500-8000.hdf5	right	left
1563.9136	1	Stimulus/S  1	1	15639136	15639144	5	5	30	pips_l40_r400_500-8000.hdf5	right	left
1564.9696	1	Stimulus/S  1	1	15649696	15649704	6	0	20	pips_l40_r400_500-8000.hdf5	right	left
1566.0149	1	Stimulus/S  1	1	15660149	15660157	6	1	40	pips_l40_r400_500-8000.hdf5	right	left
1567.0603	1	Stimulus/S  1	1	15670603	15670611	6	2	60	pips_l40_r400_500-8000.hdf5	right	left
1568.1269	1	Stimulus/S  1	1	15681269	15681277	6	3	70	pips_l40_r400_500-8000.hdf5	right	left
1569.1936	1	Stimulus/S  1	1	15691936	15691944	6	4	50	pips_l40_r400_500-8000.hdf5	right	left
1570.2603	1	Stimulus/S  1	1	15702603	15702611	6	5	30	pips_l40_r400_500-8000.hdf5	right	left
1571.327	1	Stimulus/S  1	1	15713270	15713278	7	0	20	pips_l40_r400_500-8000.hdf5	right	left
1572.3936	1	Stimulus/S  1	1	15723936	15723944	7	1	40	pips_l40_r400_500-8000.hdf5	right	left
1573.4603	1	Stimulus/S  1	1	15734603	15734611	7	2	60	pips_l40_r400_500-8000.hdf5	right	left
1574.5163	1	Stimulus/S  1	1	15745163	15745171	7	3	70	pips_l40_r400_500-8000.hdf5	right	left
1575.5617	1	Stimulus/S  1	1	15755617	15755625	7	4	50	pips_l40_r400_500-8000.hdf5	right	left
1576.6284	1	Stimulus/S  1	1	15766284	15766292	7	5	30	pips_l40_r400_500-8000.hdf5	right	left
1577.695	1	Stimulus/S  1	1	15776950	15776958	8	0	20	pips_l40_r400_500-8000.hdf5	right	left
1578.7617	1	Stimulus/S  1	1	15787617	15787625	8	1	40	pips_l40_r400_500-8000.hdf5	right	left
1579.8284	1	Stimulus/S  1	1	15798284	15798292	8	2	60	pips_l40_r400_500-8000.hdf5	right	left
1580.8951	1	Stimulus/S  1	1	15808951	15808959	8	3	70	pips_l40_r400_500-8000.hdf5	right	left
1581.9617	1	Stimulus/S  1	1	15819617	15819625	8	4	50	pips_l40_r400_500-8000.hdf5	right	left
1583.0284	1	Stimulus/S  1	1	15830284	15830292	8	5	30	pips_l40_r400_500-8000.hdf5	right	left
1584.0951	1	Stimulus/S  1	1	15840951	15840959	9	0	20	pips_l40_r400_500-8000.hdf5	right	left
1585.1618	1	Stimulus/S  1	1	15851618	15851626	9	1	40	pips_l40_r400_500-8000.hdf5	right	left
1586.2284	1	Stimulus/S  1	1	15862284	15862292	9	2	60	pips_l40_r400_500-8000.hdf5	right	left
1587.2951	1	Stimulus/S  1	1	15872951	15872959	9	3	70	pips_l40_r400_500-8000.hdf5	right	left
1588.3618	1	Stimulus/S  1	1	15883618	15883626	9	4	50	pips_l40_r400_500-8000.hdf5	right	left
1589.4285	1	Stimulus/S  1	1	15894285	15894293	9	5	30	pips_l40_r400_500-8000.hdf5	right	left
1590.4952	1	Stimulus/S  1	1	15904952	15904960	10	0	20	pips_l40_r400_500-8000.hdf5	right	left
1591.5618	1	Stimulus/S  1	1	15915618	15915626	10	1	40	pips_l40_r400_500-8000.hdf5	right	left
1592.6178	1	Stimulus/S  1	1	15926178	15926186	10	2	60	pips_l40_r400_500-8000.hdf5	right	left
1593.6632	1	Stimulus/S  1	1	15936632	15936640	10	3	70	pips_l40_r400_500-8000.hdf5	right	left
1594.7085	1	Stimulus/S  1	1	15947085	15947093	10	4	50	pips_l40_r400_500-8000.hdf5	right	left
1595.7859	1	Stimulus/S  1	1	15957859	15957867	10	5	30	pips_l40_r400_500-8000.hdf5	right	left
1596.8312	1	Stimulus/S  1	1	15968312	15968320	11	0	20	pips_l40_r400_500-8000.hdf5	right	left
1597.8766	1	Stimulus/S  1	1	15978766	15978774	11	1	40	pips_l40_r400_500-8000.hdf5	right	left
1598.9326	1	Stimulus/S  1	1	15989326	15989334	11	2	60	pips_l40_r400_500-8000.hdf5	right	left
1599.9993	1	Stimulus/S  1	1	15999993	16000001	11	3	70	pips_l40_r400_500-8000.hdf5	right	left
1601.0659	1	Stimulus/S  1	1	16010659	16010667	11	4	50	pips_l40_r400_500-8000.hdf5	right	left
1602.1326	1	Stimulus/S  1	1	16021326	16021334	11	5	30	pips_l40_r400_500-8000.hdf5	right	left
1603.178	1	Stimulus/S  1	1	16031780	16031788	12	0	20	pips_l40_r400_500-8000.hdf5	right	left
1604.234	1	Stimulus/S  1	1	16042340	16042348	12	1	40	pips_l40_r400_500-8000.hdf5	right	left
1605.2793	1	Stimulus/S  1	1	16052793	16052801	12	2	60	pips_l40_r400_500-8000.hdf5	right	left
1606.346	1	Stimulus/S  1	1	16063460	16063468	12	3	70	pips_l40_r400_500-8000.hdf5	right	left
1607.4127	1	Stimulus/S  1	1	16074127	16074135	12	4	50	pips_l40_r400_500-8000.hdf5	right	left
1608.4793	1	Stimulus/S  1	1	16084793	16084801	12	5	30	pips_l40_r400_500-8000.hdf5	right	left
1609.5354	1	Stimulus/S  1	1	16095354	16095362	13	0	20	pips_l40_r400_500-8000.hdf5	right	left
1610.5807	1	Stimulus/S  1	1	16105807	16105815	13	1	40	pips_l40_r400_500-8000.hdf5	right	left
1611.6474	1	Stimulus/S  1	1	16116474	16116482	13	2	60	pips_l40_r400_500-8000.hdf5	right	left
1612.7141	1	Stimulus/S  1	1	16127141	16127149	13	3	70	pips_l40_r400_500-8000.hdf5	right	left
1613.7807	1	Stimulus/S  1	1	16137807	16137815	13	4	50	pips_l40_r400_500-8000.hdf5	right	left
1614.8474	1	Stimulus/S  1	1	16148474	16148482	13	5	30	pips_l40_r400_500-8000.hdf5	right	left
1615.8928	1	Stimulus/S  1	1	16158928	16158936	14	0	20	pips_l40_r400_500-8000.hdf5	right	left
1616.9488	1	Stimulus/S  1	1	16169488	16169496	14	1	40	pips_l40_r400_500-8000.hdf5	right	left
1617.9941	1	Stimulus/S  1	1	16179941	16179949	14	2	60	pips_l40_r400_500-8000.hdf5	right	left
1619.0608	1	Stimulus/S  1	1	16190608	16190616	14	3	70	pips_l40_r400_500-8000.hdf5	right	left
1620.1275	1	Stimulus/S  1	1	16201275	16201283	14	4	50	pips_l40_r400_500-8000.hdf5	right	left
1621.1835	1	Stimulus/S  1	1	16211835	16211843	14	5	30	pips_l40_r400_500-8000.hdf5	right	left
1622.2288	1	Stimulus/S  1	1	16222288	16222296	15	0	20	pips_l40_r400_500-8000.hdf5	right	left
1623.2955	1	Stimulus/S  1	1	16232955	16232963	15	1	40	pips_l40_r400_500-8000.hdf5	right	left
1624.3515	1	Stimulus/S  1	1	16243515	16243523	15	2	60	pips_l40_r400_500-8000.hdf5	right	left
1625.3968	1	Stimulus/S  1	1	16253968	16253976	15	3	70	pips_l40_r400_500-8000.hdf5	right	left
1626.4635	1	Stimulus/S  1	1	16264635	16264643	15	4	50	pips_l40_r400_500-8000.hdf5	right	left
1627.5302	1	Stimulus/S  1	1	16275302	16275310	15	5	30	pips_l40_r400_500-8000.hdf5	right	left
1628.5862	1	Stimulus/S  1	1	16285862	16285870	16	0	20	pips_l40_r400_500-8000.hdf5	right	left
1629.6529	1	Stimulus/S  1	1	16296529	16296537	16	1	40	pips_l40_r400_500-8000.hdf5	right	left
1630.6982	1	Stimulus/S  1	1	16306982	16306990	16	2	60	pips_l40_r400_500-8000.hdf5	right	left
1631.7649	1	Stimulus/S  1	1	16317649	16317657	16	3	70	pips_l40_r400_500-8000.hdf5	right	left
1632.8103	1	Stimulus/S  1	1	16328103	16328111	16	4	50	pips_l40_r400_500-8000.hdf5	right	left
1633.8663	1	Stimulus/S  1	1	16338663	16338671	16	5	30	pips_l40_r400_500-8000.hdf5	right	left
1634.9329	1	Stimulus/S  1	1	16349329	16349337	17	0	20	pips_l40_r400_500-8000.hdf5	right	left
1635.9783	1	Stimulus/S  1	1	16359783	16359791	17	1	40	pips_l40_r400_500-8000.hdf5	right	left
1637.0343	1	Stimulus/S  1	1	16370343	16370351	17	2	60	pips_l40_r400_500-8000.hdf5	right	left
1638.101	1	Stimulus/S  1	1	16381010	16381018	17	3	70	pips_l40_r400_500-8000.hdf5	right	left
1639.1677	1	Stimulus/S  1	1	16391677	16391685	17	4	50	pips_l40_r400_500-8000.hdf5	right	left
1640.2343	1	Stimulus/S  1	1	16402343	16402351	17	5	30	pips_l40_r400_500-8000.hdf5	right	left
1641.2797	1	Stimulus/S  1	1	16412797	16412805	18	0	20	pips_l40_r400_500-8000.hdf5	right	left
1642.3357	1	Stimulus/S  1	1	16423357	16423365	18	1	40	pips_l40_r400_500-8000.hdf5	right	left
1643.381	1	Stimulus/S  1	1	16433810	16433818	18	2	60	pips_l40_r400_500-8000.hdf5	right	left
1644.4477	1	Stimulus/S  1	1	16444477	16444485	18	3	70	pips_l40_r400_500-8000.hdf5	right	left
1645.5144	1	Stimulus/S  1	1	16455144	16455152	18	4	50	pips_l40_r400_500-8000.hdf5	right	left
1646.5597	1	Stimulus/S  1	1	16465597	16465605	18	5	30	pips_l40_r400_500-8000.hdf5	right	left
1647.6157	1	Stimulus/S  1	1	16476157	16476165	19	0	20	pips_l40_r400_500-8000.hdf5	right	left
1648.6824	1	Stimulus/S  1	1	16486824	16486832	19	1	40	pips_l40_r400_500-8000.hdf5	right	left
1649.7491	1	Stimulus/S  1	1	16497491	16497499	19	2	60	pips_l40_r400_500-8000.hdf5	right	left
1650.7944	1	Stimulus/S  1	1	16507944	16507952	19	3	70	pips_l40_r400_500-8000.hdf5	right	left
1651.8504	1	Stimulus/S  1	1	16518504	16518512	19	4	50	pips_l40_r400_500-8000.hdf5	right	left
1652.8958	1	Stimulus/S  1	1	16528958	16528966	19	5	30	pips_l40_r400_500-8000.hdf5	right	left
1653.9625	1	Stimulus/S  1	1	16539625	16539633	20	0	20	pips_l40_r400_500-8000.hdf5	right	left
1655.0291	1	Stimulus/S  1	1	16550291	16550299	20	1	40	pips_l40_r400_500-8000.hdf5	right	left
1656.0852	1	Stimulus/S  1	1	16560852	16560860	20	2	60	pips_l40_r400_500-8000.hdf5	right	left
1657.1305	1	Stimulus/S  1	1	16571305	16571313	20	3	70	pips_l40_r400_500-8000.hdf5	right	left
1658.1865	1	Stimulus/S  1	1	16581865	16581873	20	4	50	pips_l40_r400_500-8000.hdf5	right	left
1659.2532	1	Stimulus/S  1	1	16592532	16592540	20	5	30	pips_l40_r400_500-8000.hdf5	right	left
1660.2985	1	Stimulus/S  1	1	16602985	16602993	21	0	20	pips_l40_r400_500-8000.hdf5	right	left
1661.3439	1	Stimulus/S  1	1	16613439	16613447	21	1	40	pips_l40_r400_500-8000.hdf5	right	left
1662.3999	1	Stimulus/S  1	1	16623999	16624007	21	2	60	pips_l40_r400_500-8000.hdf5	right	left
1663.4452	1	Stimulus/S  1	1	16634452	16634460	21	3	70	pips_l40_r400_500-8000.hdf5	right	left
1664.5012	1	Stimulus/S  1	1	16645012	16645020	21	4	50	pips_l40_r400_500-8000.hdf5	right	left
1665.5679	1	Stimulus/S  1	1	16655679	16655687	21	5	30	pips_l40_r400_500-8000.hdf5	right	left
1666.6346	1	Stimulus/S  1	1	16666346	16666354	22	0	20	pips_l40_r400_500-8000.hdf5	right	left
1667.6799	1	Stimulus/S  1	1	16676799	16676807	22	1	40	pips_l40_r400_500-8000.hdf5	right	left
1668.736	1	Stimulus/S  1	1	16687360	16687368	22	2	60	pips_l40_r400_500-8000.hdf5	right	left
1669.8026	1	Stimulus/S  1	1	16698026	16698034	22	3	70	pips_l40_r400_500-8000.hdf5	right	left
1670.848	1	Stimulus/S  1	1	16708480	16708488	22	4	50	pips_l40_r400_500-8000.hdf5	right	left
1671.8933	1	Stimulus/S  1	1	16718933	16718941	22	5	30	pips_l40_r400_500-8000.hdf5	right	left
1672.9707	1	Stimulus/S  1	1	16729707	16729715	23	0	20	pips_l40_r400_500-8000.hdf5	right	left
1674.016	1	Stimulus/S  1	1	16740160	16740168	23	1	40	pips_l40_r400_500-8000.hdf5	right	left
1675.0827	1	Stimulus/S  1	1	16750827	16750835	23	2	60	pips_l40_r400_500-8000.hdf5	right	left
1676.128	1	Stimulus/S  1	1	16761280	16761288	23	3	70	pips_l40_r400_500-8000.hdf5	right	left
1677.184	1	Stimulus/S  1	1	16771840	16771848	23	4	50	pips_l40_r400_500-8000.hdf5	right	left
1678.2507	1	Stimulus/S  1	1	16782507	16782515	23	5	30	pips_l40_r400_500-8000.hdf5	right	left
1679.2961	1	Stimulus/S  1	1	16792961	16792969	24	0	20	pips_l40_r400_500-8000.hdf5	right	left
1680.3521	1	Stimulus/S  1	1	16803521	16803529	24	1	40	pips_l40_r400_500-8000.hdf5	right	left
1681.4188	1	Stimulus/S  1	1	16814188	16814196	24	2	60	pips_l40_r400_500-8000.hdf5	right	left
1682.4641	1	Stimulus/S  1	1	16824641	16824649	24	3	70	pips_l40_r400_500-8000.hdf5	right	left
1683.5201	1	Stimulus/S  1	1	16835201	16835209	24	4	50	pips_l40_r400_500-8000.hdf5	right	left
1684.5868	1	Stimulus/S  1	1	16845868	16845876	24	5	30	pips_l40_r400_500-8000.hdf5	right	left
1685.6321	1	Stimulus/S  1	1	16856321	16856329	25	0	20	pips_l40_r400_500-8000.hdf5	right	left
1686.6775	1	Stimulus/S  1	1	16866775	16866783	25	1	40	pips_l40_r400_500-8000.hdf5	right	left
1687.7441	1	Stimulus/S  1	1	16877441	16877449	25	2	60	pips_l40_r400_500-8000.hdf5	right	left
1688.8002	1	Stimulus/S  1	1	16888002	16888010	25	3	70	pips_l40_r400_500-8000.hdf5	right	left
1689.8455	1	Stimulus/S  1	1	16898455	16898463	25	4	50	pips_l40_r400_500-8000.hdf5	right	left
1690.9122	1	Stimulus/S  1	1	16909122	16909130	25	5	30	pips_l40_r400_500-8000.hdf5	right	left
1691.9682	1	Stimulus/S  1	1	16919682	16919690	26	0	20	pips_l40_r400_500-8000.hdf5	right	left
1693.0135	1	Stimulus/S  1	1	16930135	16930143	26	1	40	pips_l40_r400_500-8000.hdf5	right	left
1694.0802	1	Stimulus/S  1	1	16940802	16940810	26	2	60	pips_l40_r400_500-8000.hdf5	right	left
1695.1362	1	Stimulus/S  1	1	16951362	16951370	26	3	70	pips_l40_r400_500-8000.hdf5	right	left
1696.1816	1	Stimulus/S  1	1	16961816	16961824	26	4	50	pips_l40_r400_500-8000.hdf5	right	left
1697.2482	1	Stimulus/S  1	1	16972482	16972490	26	5	30	pips_l40_r400_500-8000.hdf5	right	left
1698.3043	1	Stimulus/S  1	1	16983043	16983051	27	0	20	pips_l40_r400_500-8000.hdf5	right	left
1699.3603	1	Stimulus/S  1	1	16993603	16993611	27	1	40	pips_l40_r400_500-8000.hdf5	right	left
1700.4376	1	Stimulus/S  1	1	17004376	17004384	27	2	60	pips_l40_r400_500-8000.hdf5	right	left
1701.483	1	Stimulus/S  1	1	17014830	17014838	27	3	70	pips_l40_r400_500-8000.hdf5	right	left
1702.5283	1	Stimulus/S  1	1	17025283	17025291	27	4	50	pips_l40_r400_500-8000.hdf5	right	left
1703.595	1	Stimulus/S  1	1	17035950	17035958	27	5	30	pips_l40_r400_500-8000.hdf5	right	left
1704.651	1	Stimulus/S  1	1	17046510	17046518	28	0	20	pips_l40_r400_500-8000.hdf5	right	left
1705.6963	1	Stimulus/S  1	1	17056963	17056971	28	1	40	pips_l40_r400_500-8000.hdf5	right	left
1706.763	1	Stimulus/S  1	1	17067630	17067638	28	2	60	pips_l40_r400_500-8000.hdf5	right	left
1707.819	1	Stimulus/S  1	1	17078190	17078198	28	3	70	pips_l40_r400_500-8000.hdf5	right	left
1708.8857	1	Stimulus/S  1	1	17088857	17088865	28	4	50	pips_l40_r400_500-8000.hdf5	right	left
1709.931	1	Stimulus/S  1	1	17099310	17099318	28	5	30	pips_l40_r400_500-8000.hdf5	right	left
1710.9871	1	Stimulus/S  1	1	17109871	17109879	29	0	20	pips_l40_r400_500-8000.hdf5	right	left
1712.0537	1	Stimulus/S  1	1	17120537	17120545	29	1	40	pips_l40_r400_500-8000.hdf5	right	left
1713.0991	1	Stimulus/S  1	1	17130991	17130999	29	2	60	pips_l40_r400_500-8000.hdf5	right	left
1714.1657	1	Stimulus/S  1	1	17141657	17141665	29	3	70	pips_l40_r400_500-8000.hdf5	right	left
1715.2324	1	Stimulus/S  1	1	17152324	17152332	29	4	50	pips_l40_r400_500-8000.hdf5	right	left
1716.2778	1	Stimulus/S  1	1	17162778	17162786	29	5	30	pips_l40_r400_500-8000.hdf5	right	left
1717.3444	1	Stimulus/S  1	1	17173444	17173452	30	0	20	pips_l40_r400_500-8000.hdf5	right	left
1718.4111	1	Stimulus/S  1	1	17184111	17184119	30	1	40	pips_l40_r400_500-8000.hdf5	right	left
1719.4671	1	Stimulus/S  1	1	17194671	17194679	30	2	60	pips_l40_r400_500-8000.hdf5	right	left
1720.5338	1	Stimulus/S  1	1	17205338	17205346	30	3	70	pips_l40_r400_500-8000.hdf5	right	left
1721.5792	1	Stimulus/S  1	1	17215792	17215800	30	4	50	pips_l40_r400_500-8000.hdf5	right	left
1722.6458	1	Stimulus/S  1	1	17226458	17226466	30	5	30	pips_l40_r400_500-8000.hdf5	right	left
1723.7125	1	Stimulus/S  1	1	17237125	17237133	31	0	20	pips_l40_r400_500-8000.hdf5	right	left
1724.7685	1	Stimulus/S  1	1	17247685	17247693	31	1	40	pips_l40_r400_500-8000.hdf5	right	left
1725.8352	1	Stimulus/S  1	1	17258352	17258360	31	2	60	pips_l40_r400_500-8000.hdf5	right	left
1726.9019	1	Stimulus/S  1	1	17269019	17269027	31	3	70	pips_l40_r400_500-8000.hdf5	right	left
1727.9472	1	Stimulus/S  1	1	17279472	17279480	31	4	50	pips_l40_r400_500-8000.hdf5	right	left
1729.0032	1	Stimulus/S  1	1	17290032	17290040	31	5	30	pips_l40_r400_500-8000.hdf5	right	left
1730.0699	1	Stimulus/S  1	1	17300699	17300707	32	0	20	pips_l40_r400_500-8000.hdf5	right	left
1731.1366	1	Stimulus/S  1	1	17311366	17311374	32	1	40	pips_l40_r400_500-8000.hdf5	right	left
1732.1819	1	Stimulus/S  1	1	17321819	17321827	32	2	60	pips_l40_r400_500-8000.hdf5	right	left
1733.2486	1	Stimulus/S  1	1	17332486	17332494	32	3	70	pips_l40_r400_500-8000.hdf5	right	left
1734.3046	1	Stimulus/S  1	1	17343046	17343054	32	4	50	pips_l40_r400_500-8000.hdf5	right	left
1735.35	1	Stimulus/S  1	1	17353500	17353508	32	5	30	pips_l40_r400_500-8000.hdf5	right	left
1736.4166	1	Stimulus/S  1	1	17364166	17364174	33	0	20	pips_l40_r400_500-8000.hdf5	right	left
1737.4833	1	Stimulus/S  1	1	17374833	17374841	33	1	40	pips_l40_r400_500-8000.hdf5	right	left
1738.5287	1	Stimulus/S  1	1	17385287	17385295	33	2	60	pips_l40_r400_500-8000.hdf5	right	left
1739.5847	1	Stimulus/S  1	1	17395847	17395855	33	3	70	pips_l40_r400_500-8000.hdf5	right	left
1740.6514	1	Stimulus/S  1	1	17406514	17406522	33	4	50	pips_l40_r400_500-8000.hdf5	right	left
1741.6967	1	Stimulus/S  1	1	17416967	17416975	33	5	30	pips_l40_r400_500-8000.hdf5	right	left
1742.7634	1	Stimulus/S  1	1	17427634	17427642	34	0	20	pips_l40_r400_500-8000.hdf5	right	left
1743.8301	1	Stimulus/S  1	1	17438301	17438309	34	1	40	pips_l40_r400_500-8000.hdf5	right	left
1744.8861	1	Stimulus/S  1	1	17448861	17448869	34	2	60	pips_l40_r400_500-8000.hdf5	right	left
1745.9314	1	Stimulus/S  1	1	17459314	17459322	34	3	70	pips_l40_r400_500-8000.hdf5	right	left
1746.9874	1	Stimulus/S  1	1	17469874	17469882	34	4	50	pips_l40_r400_500-8000.hdf5	right	left
1748.0541	1	Stimulus/S  1	1	17480541	17480549	34	5	30	pips_l40_r400_500-8000.hdf5	right	left
1749.0994	1	Stimulus/S  1	1	17490994	17491002	35	0	20	pips_l40_r400_500-8000.hdf5	right	left
1750.1448	1	Stimulus/S  1	1	17501448	17501456	35	1	40	pips_l40_r400_500-8000.hdf5	right	left
1751.2008	1	Stimulus/S  1	1	17512008	17512016	35	2	60	pips_l40_r400_500-8000.hdf5	right	left
1752.2675	1	Stimulus/S  1	1	17522675	17522683	35	3	70	pips_l40_r400_500-8000.hdf5	right	left
1753.3128	1	Stimulus/S  1	1	17533128	17533136	35	4	50	pips_l40_r400_500-8000.hdf5	right	left
1754.3795	1	Stimulus/S  1	1	17543795	17543803	35	5	30	pips_l40_r400_500-8000.hdf5	right	left
1755.4462	1	Stimulus/S  1	1	17554462	17554470	36	0	20	pips_l40_r400_500-8000.hdf5	right	left
1756.5022	1	Stimulus/S  1	1	17565022	17565030	36	1	40	pips_l40_r400_500-8000.hdf5	right	left
1757.5475	1	Stimulus/S  1	1	17575475	17575483	36	2	60	pips_l40_r400_500-8000.hdf5	right	left
1758.6035	1	Stimulus/S  1	1	17586035	17586043	36	3	70	pips_l40_r400_500-8000.hdf5	right	left
1759.6489	1	Stimulus/S  1	1	17596489	17596497	36	4	50	pips_l40_r400_500-8000.hdf5	right	left
1760.7156	1	Stimulus/S  1	1	17607156	17607164	36	5	30	pips_l40_r400_500-8000.hdf5	right	left
1761.7822	1	Stimulus/S  1	1	17617822	17617830	37	0	20	pips_l40_r400_500-8000.hdf5	right	left
1762.8382	1	Stimulus/S  1	1	17628382	17628390	37	1	40	pips_l40_r400_500-8000.hdf5	right	left
1763.9049	1	Stimulus/S  1	1	17639049	17639057	37	2	60	pips_l40_r400_500-8000.hdf5	right	left
1764.9503	1	Stimulus/S  1	1	17649503	17649511	37	3	70	pips_l40_r400_500-8000.hdf5	right	left
1765.9956	1	Stimulus/S  1	1	17659956	17659964	37	4	50	pips_l40_r400_500-8000.hdf5	right	left
1767.0623	1	Stimulus/S  1	1	17670623	17670631	37	5	30	pips_l40_r400_500-8000.hdf5	right	left
1768.1183	1	Stimulus/S  1	1	17681183	17681191	38	0	20	pips_l40_r400_500-8000.hdf5	right	left
1769.1636	1	Stimulus/S  1	1	17691636	17691644	38	1	40	pips_l40_r400_500-8000.hdf5	right	left
1770.2303	1	Stimulus/S  1	1	17702303	17702311	38	2	60	pips_l40_r400_500-8000.hdf5	right	left
1771.2863	1	Stimulus/S  1	1	17712863	17712871	38	3	70	pips_l40_r400_500-8000.hdf5	right	left
1772.3317	1	Stimulus/S  1	1	17723317	17723325	38	4	50	pips_l40_r400_500-8000.hdf5	right	left
1773.3984	1	Stimulus/S  1	1	17733984	17733992	38	5	30	pips_l40_r400_500-8000.hdf5	right	left
1774.4544	1	Stimulus/S  1	1	17744544	17744552	39	0	20	pips_l40_r400_500-8000.hdf5	right	left
1775.4997	1	Stimulus/S  1	1	17754997	17755005	39	1	40	pips_l40_r400_500-8000.hdf5	right	left
1776.5557	1	Stimulus/S  1	1	17765557	17765565	39	2	60	pips_l40_r400_500-8000.hdf5	right	left
1777.6011	1	Stimulus/S  1	1	17776011	17776019	39	3	70	pips_l40_r400_500-8000.hdf5	right	left
1778.6677	1	Stimulus/S  1	1	17786677	17786685	39	4	50	pips_l40_r400_500-8000.hdf5	right	left
1779.7131	1	Stimulus/S  1	1	17797131	17797139	39	5	30	pips_l40_r400_500-8000.hdf5	right	left
1780.7691	1	Stimulus/S  1	1	17807691	17807699	40	0	20	pips_l40_r400_500-8000.hdf5	right	left
1781.8358	1	Stimulus/S  1	1	17818358	17818366	40	1	40	pips_l40_r400_500-8000.hdf5	right	left
1782.8811	1	Stimulus/S  1	1	17828811	17828819	40	2	60	pips_l40_r400_500-8000.hdf5	right	left
1783.9371	1	Stimulus/S  1	1	17839371	17839379	40	3	70	pips_l40_r400_500-8000.hdf5	right	left
1785.0038	1	Stimulus/S  1	1	17850038	17850046	40	4	50	pips_l40_r400_500-8000.hdf5	right	left
1786.0491	1	Stimulus/S  1	1	17860491	17860499	40	5	30	pips_l40_r400_500-8000.hdf5	right	left
1787.1052	1	Stimulus/S  1	1	17871052	17871060	41	0	20	pips_l40_r400_500-8000.hdf5	right	left
1788.1505	1	Stimulus/S  1	1	17881505	17881513	41	1	40	pips_l40_r400_500-8000.hdf5	right	left
1789.2172	1	Stimulus/S  1	1	17892172	17892180	41	2	60	pips_l40_r400_500-8000.hdf5	right	left
1790.2732	1	Stimulus/S  1	1	17902732	17902740	41	3	70	pips_l40_r400_500-8000.hdf5	right	left
1791.3185	1	Stimulus/S  1	1	17913185	17913193	41	4	50	pips_l40_r400_500-8000.hdf5	right	left
1792.3852	1	Stimulus/S  1	1	17923852	17923860	41	5	30	pips_l40_r400_500-8000.hdf5	right	left
1793.4306	1	Stimulus/S  1	1	17934306	17934314	42	0	20	pips_l40_r400_500-8000.hdf5	right	left
1794.4866	1	Stimulus/S  1	1	17944866	17944874	42	1	40	pips_l40_r400_500-8000.hdf5	right	left
1795.5532	1	Stimulus/S  1	1	17955532	17955540	42	2	60	pips_l40_r400_500-8000.hdf5	right	left
1796.6199	1	Stimulus/S  1	1	17966199	17966207	42	3	70	pips_l40_r400_500-8000.hdf5	right	left
1797.6653	1	Stimulus/S  1	1	17976653	17976661	42	4	50	pips_l40_r400_500-8000.hdf5	right	left
1798.7213	1	Stimulus/S  1	1	17987213	17987221	42	5	30	pips_l40_r400_500-8000.hdf5	right	left
1799.7666	1	Stimulus/S  1	1	17997666	17997674	43	0	20	pips_l40_r400_500-8000.hdf5	right	left
1800.812	1	Stimulus/S  1	1	18008120	18008128	43	1	40	pips_l40_r400_500-8000.hdf5	right	left
1801.8893	1	Stimulus/S  1	1	18018893	18018901	43	2	60	pips_l40_r400_500-8000.hdf5	right	left
1802.9346	1	Stimulus/S  1	1	18029346	18029354	43	3	70	pips_l40_r400_500-8000.hdf5	right	left
1803.98	1	Stimulus/S  1	1	18039800	18039808	43	4	50	pips_l40_r400_500-8000.hdf5	right	left
1805.0467	1	Stimulus/S  1	1	18050467	18050475	43	5	30	pips_l40_r400_500-8000.hdf5	right	left
1806.1133	1	Stimulus/S  1	1	18061133	18061141	44	0	20	pips_l40_r400_500-8000.hdf5	right	left
1807.1694	1	Stimulus/S  1	1	18071694	18071702	44	1	40	pips_l40_r400_500-8000.hdf5	right	left
1808.2147	1	Stimulus/S  1	1	18082147	18082155	44	2	60	pips_l40_r400_500-8000.hdf5	right	left
1809.2707	1	Stimulus/S  1	1	18092707	18092715	44	3	70	pips_l40_r400_500-8000.hdf5	right	left
1810.3161	1	Stimulus/S  1	1	18103161	18103169	44	4	50	pips_l40_r400_500-8000.hdf5	right	left
1811.3827	1	Stimulus/S  1	1	18113827	18113835	44	5	30	pips_l40_r400_500-8000.hdf5	right	left
1812.4494	1	Stimulus/S  1	1	18124494	18124502	45	0	20	pips_l40_r400_500-8000.hdf5	right	left
1813.5054	1	Stimulus/S  1	1	18135054	18135062	45	1	40	pips_l40_r400_500-8000.hdf5	right	left
1814.5508	1	Stimulus/S  1	1	18145508	18145516	45	2	60	pips_l40_r400_500-8000.hdf5	right	left
1815.6174	1	Stimulus/S  1	1	18156174	18156182	45	3	70	pips_l40_r400_500-8000.hdf5	right	left
1816.6841	1	Stimulus/S  1	1	18166841	18166849	45	4	50	pips_l40_r400_500-8000.hdf5	right	left
1817.7295	1	Stimulus/S  1	1	18177295	18177303	45	5	30	pips_l40_r400_500-8000.hdf5	right	left
1818.7855	1	Stimulus/S  1	1	18187855	18187863	46	0	20	pips_l40_r400_500-8000.hdf5	right	left
1819.8522	1	Stimulus/S  1	1	18198522	18198530	46	1	40	pips_l40_r400_500-8000.hdf5	right	left
1820.8975	1	Stimulus/S  1	1	18208975	18208983	46	2	60	pips_l40_r400_500-8000.hdf5	right	left
1821.9535	1	Stimulus/S  1	1	18219535	18219543	46	3	70	pips_l40_r400_500-8000.hdf5	right	left
1822.9989	1	Stimulus/S  1	1	18229989	18229997	46	4	50	pips_l40_r400_500-8000.hdf5	right	left
1824.0655	1	Stimulus/S  1	1	18240655	18240663	46	5	30	pips_l40_r400_500-8000.hdf5	right	left
1825.1322	1	Stimulus/S  1	1	18251322	18251330	47	0	20	pips_l40_r400_500-8000.hdf5	right	left
1826.1989	1	Stimulus/S  1	1	18261989	18261997	47	1	40	pips_l40_r400_500-8000.hdf5	right	left
1827.2656	1	Stimulus/S  1	1	18272656	18272664	47	2	60	pips_l40_r400_500-8000.hdf5	right	left
1828.3216	1	Stimulus/S  1	1	18283216	18283224	47	3	70	pips_l40_r400_500-8000.hdf5	right	left
1829.3669	1	Stimulus/S  1	1	18293669	18293677	47	4	50	pips_l40_r400_500-8000.hdf5	right	left
1830.4123	1	Stimulus/S  1	1	18304123	18304131	47	5	30	pips_l40_r400_500-8000.hdf5	right	left
1831.4896	1	Stimulus/S  1	1	18314896	18314904	48	0	20	pips_l40_r400_500-8000.hdf5	right	left
1832.5563	1	Stimulus/S  1	1	18325563	18325571	48	1	40	pips_l40_r400_500-8000.hdf5	right	left
1833.6016	1	Stimulus/S  1	1	18336016	18336024	48	2	60	pips_l40_r400_500-8000.hdf5	right	left
1834.6683	1	Stimulus/S  1	1	18346683	18346691	48	3	70	pips_l40_r400_500-8000.hdf5	right	left
1835.735	1	Stimulus/S  1	1	18357350	18357358	48	4	50	pips_l40_r400_500-8000.hdf5	right	left
1836.7803	1	Stimulus/S  1	1	18367803	18367811	48	5	30	pips_l40_r400_500-8000.hdf5	right	left
1837.8363	1	Stimulus/S  1	1	18378363	18378371	49	0	20	pips_l40_r400_500-8000.hdf5	right	left
1838.903	1	Stimulus/S  1	1	18389030	18389038	49	1	40	pips_l40_r400_500-8000.hdf5	right	left
1839.9697	1	Stimulus/S  1	1	18399697	18399705	49	2	60	pips_l40_r400_500-8000.hdf5	right	left
1841.015	1	Stimulus/S  1	1	18410150	18410158	49	3	70	pips_l40_r400_500-8000.hdf5	right	left
1842.071	1	Stimulus/S  1	1	18420710	18420718	49	4	50	pips_l40_r400_500-8000.hdf5	right	left
1843.1377	1	Stimulus/S  1	1	18431377	18431385	49	5	30	pips_l40_r400_500-8000.hdf5	right	left
1844.1831	1	Stimulus/S  1	1	18441831	18441839	50	0	20	pips_l40_r400_500-8000.hdf5	right	left
1845.2391	1	Stimulus/S  1	1	18452391	18452399	50	1	40	pips_l40_r400_500-8000.hdf5	right	left
1846.3058	1	Stimulus/S  1	1	18463058	18463066	50	2	60	pips_l40_r400_500-8000.hdf5	right	left
1847.3511	1	Stimulus/S  1	1	18473511	18473519	50	3	70	pips_l40_r400_500-8000.hdf5	right	left
1848.3964	1	Stimulus/S  1	1	18483964	18483972	50	4	50	pips_l40_r400_500-8000.hdf5	right	left
1849.4631	1	Stimulus/S  1	1	18494631	18494639	50	5	30	pips_l40_r400_500-8000.hdf5	right	left
1850.5191	1	Stimulus/S  1	1	18505191	18505199	51	0	20	pips_l40_r400_500-8000.hdf5	right	left
1851.5645	1	Stimulus/S  1	1	18515645	18515653	51	1	40	pips_l40_r400_500-8000.hdf5	right	left
1852.6312	1	Stimulus/S  1	1	18526312	18526320	51	2	60	pips_l40_r400_500-8000.hdf5	right	left
1853.6978	1	Stimulus/S  1	1	18536978	18536986	51	3	70	pips_l40_r400_500-8000.hdf5	right	left
1854.7538	1	Stimulus/S  1	1	18547538	18547546	51	4	50	pips_l40_r400_500-8000.hdf5	right	left
1855.7992	1	Stimulus/S  1	1	18557992	18558000	51	5	30	pips_l40_r400_500-8000.hdf5	right	left
1856.8552	1	Stimulus/S  1	1	18568552	18568560	52	0	20	pips_l40_r400_500-8000.hdf5	right	left
1857.9005	1	Stimulus/S  1	1	18579005	18579013	52	1	40	pips_l40_r400_500-8000.hdf5	right	left
1858.9672	1	Stimulus/S  1	1	18589672	18589680	52	2	60	pips_l40_r400_500-8000.hdf5	right	left
1860.0232	1	Stimulus/S  1	1	18600232	18600240	52	3	70	pips_l40_r400_500-8000.hdf5	right	left
1861.0686	1	Stimulus/S  1	1	18610686	18610694	52	4	50	pips_l40_r400_500-8000.hdf5	right	left
1862.1139	1	Stimulus/S  1	1	18621139	18621147	52	5	30	pips_l40_r400_500-8000.hdf5	right	left
1863.1806	1	Stimulus/S  1	1	18631806	18631814	53	0	20	pips_l40_r400_500-8000.hdf5	right	left
1864.2366	1	Stimulus/S  1	1	18642366	18642374	53	1	40	pips_l40_r400_500-8000.hdf5	right	left
1865.2819	1	Stimulus/S  1	1	18652819	18652827	53	2	60	pips_l40_r400_500-8000.hdf5	right	left
1866.3486	1	Stimulus/S  1	1	18663486	18663494	53	3	70	pips_l40_r400_500-8000.hdf5	right	left
1867.4046	1	Stimulus/S  1	1	18674046	18674054	53	4	50	pips_l40_r400_500-8000.hdf5	right	left
1868.4713	1	Stimulus/S  1	1	18684713	18684721	53	5	30	pips_l40_r400_500-8000.hdf5	right	left
1869.538	1	Stimulus/S  1	1	18695380	18695388	54	0	20	pips_l40_r400_500-8000.hdf5	right	left
1870.5833	1	Stimulus/S  1	1	18705833	18705841	54	1	40	pips_l40_r400_500-8000.hdf5	right	left
1871.6393	1	Stimulus/S  1	1	18716393	18716401	54	2	60	pips_l40_r400_500-8000.hdf5	right	left
1872.706	1	Stimulus/S  1	1	18727060	18727068	54	3	70	pips_l40_r400_500-8000.hdf5	right	left
1873.7727	1	Stimulus/S  1	1	18737727	18737735	54	4	50	pips_l40_r400_500-8000.hdf5	right	left
1874.818	1	Stimulus/S  1	1	18748180	18748188	54	5	30	pips_l40_r400_500-8000.hdf5	right	left
1875.8634	1	Stimulus/S  1	1	18758634	18758642	55	0	20	pips_l40_r400_500-8000.hdf5	right	left
1876.9301	1	Stimulus/S  1	1	18769301	18769309	55	1	40	pips_l40_r400_500-8000.hdf5	right	left
1878.0074	1	Stimulus/S  1	1	18780074	18780082	55	2	60	pips_l40_r400_500-8000.hdf5	right	left
1879.0528	1	Stimulus/S  1	1	18790528	18790536	55	3	70	pips_l40_r400_500-8000.hdf5	right	left
1880.0981	1	Stimulus/S  1	1	18800981	18800989	55	4	50	pips_l40_r400_500-8000.hdf5	right	left
1881.1648	1	Stimulus/S  1	1	18811648	18811656	55	5	30	pips_l40_r400_500-8000.hdf5	right	left
1882.2208	1	Stimulus/S  1	1	18822208	18822216	56	0	20	pips_l40_r400_500-8000.hdf5	right	left
1883.2875	1	Stimulus/S  1	1	18832875	18832883	56	1	40	pips_l40_r400_500-8000.hdf5	right	left
1884.3541	1	Stimulus/S  1	1	18843541	18843549	56	2	60	pips_l40_r400_500-8000.hdf5	right	left
1885.3995	1	Stimulus/S  1	1	18853995	18854003	56	3	70	pips_l40_r400_500-8000.hdf5	right	left
1886.4662	1	Stimulus/S  1	1	18864662	18864670	56	4	50	pips_l40_r400_500-8000.hdf5	right	left
1887.5328	1	Stimulus/S  1	1	18875328	18875336	56	5	30	pips_l40_r400_500-8000.hdf5	right	left
1888.5889	1	Stimulus/S  1	1	18885889	18885897	57	0	20	pips_l40_r400_500-8000.hdf5	right	left
1889.6342	1	Stimulus/S  1	1	18896342	18896350	57	1	40	pips_l40_r400_500-8000.hdf5	right	left
1890.7009	1	Stimulus/S  1	1	18907009	18907017	57	2	60	pips_l40_r400_500-8000.hdf5	right	left
1891.7675	1	Stimulus/S  1	1	18917675	18917683	57	3	70	pips_l40_r400_500-8000.hdf5	right	left
1892.8236	1	Stimulus/S  1	1	18928236	18928244	57	4	50	pips_l40_r400_500-8000.hdf5	right	left
1893.8689	1	Stimulus/S  1	1	18938689	18938697	57	5	30	pips_l40_r400_500-8000.hdf5	right	left
1894.9356	1	Stimulus/S  1	1	18949356	18949364	58	0	20	pips_l40_r400_500-8000.hdf5	right	left
1896.0023	1	Stimulus/S  1	1	18960023	18960031	58	1	40	pips_l40_r400_500-8000.hdf5	right	left
1897.0689	1	Stimulus/S  1	1	18970689	18970697	58	2	60	pips_l40_r400_500-8000.hdf5	right	left
1898.1356	1	Stimulus/S  1	1	18981356	18981364	58	3	70	pips_l40_r400_500-8000.hdf5	right	left
1899.181	1	Stimulus/S  1	1	18991810	18991818	58	4	50	pips_l40_r400_500-8000.hdf5	right	left
1900.237	1	Stimulus/S  1	1	19002370	19002378	58	5	30	pips_l40_r400_500-8000.hdf5	right	left
1901.3036	1	Stimulus/S  1	1	19013036	19013044	59	0	20	pips_l40_r400_500-8000.hdf5	right	left
1902.3703	1	Stimulus/S  1	1	19023703	19023711	59	1	40	pips_l40_r400_500-8000.hdf5	right	left
1903.4157	1	Stimulus/S  1	1	19034157	19034165	59	2	60	pips_l40_r400_500-8000.hdf5	right	left
1904.4717	1	Stimulus/S  1	1	19044717	19044725	59	3	70	pips_l40_r400_500-8000.hdf5	right	left
1905.5384	1	Stimulus/S  1	1	19055384	19055392	59	4	50	pips_l40_r400_500-8000.hdf5	right	left
1906.605	1	Stimulus/S  1	1	19066050	19066058	59	5	30	pips_l40_r400_500-8000.hdf5	right	left
1907.6717	1	Stimulus/S  1	1	19076717	19076725	60	0	20	pips_l40_r400_500-8000.hdf5	right	left
1908.7171	1	Stimulus/S  1	1	19087171	19087179	60	1	40	pips_l40_r400_500-8000.hdf5	right	left
1909.7731	1	Stimulus/S  1	1	19097731	19097739	60	2	60	pips_l40_r400_500-8000.hdf5	right	left
1910.8184	1	Stimulus/S  1	1	19108184	19108192	60	3	70	pips_l40_r400_500-8000.hdf5	right	left
1911.8851	1	Stimulus/S  1	1	19118851	19118859	60	4	50	pips_l40_r400_500-8000.hdf5	right	left
1912.9518	1	Stimulus/S  1	1	19129518	19129526	60	5	30	pips_l40_r400_500-8000.hdf5	right	left
1914.0184	1	Stimulus/S  1	1	19140184	19140192	61	0	20	pips_l40_r400_500-8000.hdf5	right	left
1915.0851	1	Stimulus/S  1	1	19150851	19150859	61	1	40	pips_l40_r400_500-8000.hdf5	right	left
1916.1518	1	Stimulus/S  1	1	19161518	19161526	61	2	60	pips_l40_r400_500-8000.hdf5	right	left
1917.2078	1	Stimulus/S  1	1	19172078	19172086	61	3	70	pips_l40_r400_500-8000.hdf5	right	left
1918.2532	1	Stimulus/S  1	1	19182532	19182540	61	4	50	pips_l40_r400_500-8000.hdf5	right	left
1919.3198	1	Stimulus/S  1	1	19193198	19193206	61	5	30	pips_l40_r400_500-8000.hdf5	right	left
1920.3758	1	Stimulus/S  1	1	19203758	19203766	62	0	20	pips_l40_r400_500-8000.hdf5	right	left
1921.4212	1	Stimulus/S  1	1	19214212	19214220	62	1	40	pips_l40_r400_500-8000.hdf5	right	left
1922.4879	1	Stimulus/S  1	1	19224879	19224887	62	2	60	pips_l40_r400_500-8000.hdf5	right	left
1923.5332	1	Stimulus/S  1	1	19235332	19235340	62	3	70	pips_l40_r400_500-8000.hdf5	right	left
1924.5892	1	Stimulus/S  1	1	19245892	19245900	62	4	50	pips_l40_r400_500-8000.hdf5	right	left
1925.6559	1	Stimulus/S  1	1	19256559	19256567	62	5	30	pips_l40_r400_500-8000.hdf5	right	left
1926.7226	1	Stimulus/S  1	1	19267226	19267234	63	0	20	pips_l40_r400_500-8000.hdf5	right	left
1927.7679	1	Stimulus/S  1	1	19277679	19277687	63	1	40	pips_l40_r400_500-8000.hdf5	right	left
1928.8239	1	Stimulus/S  1	1	19288239	19288247	63	2	60	pips_l40_r400_500-8000.hdf5	right	left
1929.8693	1	Stimulus/S  1	1	19298693	19298701	63	3	70	pips_l40_r400_500-8000.hdf5	right	left
1930.9146	1	Stimulus/S  1	1	19309146	19309154	63	4	50	pips_l40_r400_500-8000.hdf5	right	left
1931.992	1	Stimulus/S  1	1	19319920	19319928	63	5	30	pips_l40_r400_500-8000.hdf5	right	left
1933.0373	1	Stimulus/S  1	1	19330373	19330381	64	0	20	pips_l40_r400_500-8000.hdf5	right	left
1934.0826	1	Stimulus/S  1	1	19340826	19340834	64	1	40	pips_l40_r400_500-8000.hdf5	right	left
1935.1493	1	Stimulus/S  1	1	19351493	19351501	64	2	60	pips_l40_r400_500-8000.hdf5	right	left
1936.216	1	Stimulus/S  1	1	19362160	19362168	64	3	70	pips_l40_r400_500-8000.hdf5	right	left
1937.272	1	Stimulus/S  1	1	19372720	19372728	64	4	50	pips_l40_r400_500-8000.hdf5	right	left
1938.3174	1	Stimulus/S  1	1	19383174	19383182	64	5	30	pips_l40_r400_500-8000.hdf5	right	left
1939.384	1	Stimulus/S  1	1	19393840	19393848	65	0	20	pips_l40_r400_500-8000.hdf5	right	left
1940.44	1	Stimulus/S  1	1	19404400	19404408	65	1	40	pips_l40_r400_500-8000.hdf5	right	left
1941.5067	1	Stimulus/S  1	1	19415067	19415075	65	2	60	pips_l40_r400_500-8000.hdf5	right	left
1942.5734	1	Stimulus/S  1	1	19425734	19425742	65	3	70	pips_l40_r400_500-8000.hdf5	right	left
1943.6187	1	Stimulus/S  1	1	19436187	19436195	65	4	50	pips_l40_r400_500-8000.hdf5	right	left
1944.6748	1	Stimulus/S  1	1	19446748	19446756	65	5	30	pips_l40_r400_500-8000.hdf5	right	left
1945.7201	1	Stimulus/S  1	1	19457201	19457209	66	0	20	pips_l40_r400_500-8000.hdf5	right	left
1946.7654	1	Stimulus/S  1	1	19467654	19467662	66	1	40	pips_l40_r400_500-8000.hdf5	right	left
1947.8321	1	Stimulus/S  1	1	19478321	19478329	66	2	60	pips_l40_r400_500-8000.hdf5	right	left
1948.8881	1	Stimulus/S  1	1	19488881	19488889	66	3	70	pips_l40_r400_500-8000.hdf5	right	left
1949.9335	1	Stimulus/S  1	1	19499335	19499343	66	4	50	pips_l40_r400_500-8000.hdf5	right	left
1951.0001	1	Stimulus/S  1	1	19510001	19510009	66	5	30	pips_l40_r400_500-8000.hdf5	right	left
1952.0562	1	Stimulus/S  1	1	19520562	19520570	67	0	20	pips_l40_r400_500-8000.hdf5	right	left
1953.1015	1	Stimulus/S  1	1	19531015	19531023	67	1	40	pips_l40_r400_500-8000.hdf5	right	left
1954.1575	1	Stimulus/S  1	1	19541575	19541583	67	2	60	pips_l40_r400_500-8000.hdf5	right	left
1955.2029	1	Stimulus/S  1	1	19552029	19552037	67	3	70	pips_l40_r400_500-8000.hdf5	right	left
1956.2695	1	Stimulus/S  1	1	19562695	19562703	67	4	50	pips_l40_r400_500-8000.hdf5	right	left
1957.3255	1	Stimulus/S  1	1	19573255	19573263	67	5	30	pips_l40_r400_500-8000.hdf5	right	left
1958.3709	1	Stimulus/S  1	1	19583709	19583717	68	0	20	pips_l40_r400_500-8000.hdf5	right	left
1959.4376	1	Stimulus/S  1	1	19594376	19594384	68	1	40	pips_l40_r400_500-8000.hdf5	right	left
1960.4829	1	Stimulus/S  1	1	19604829	19604837	68	2	60	pips_l40_r400_500-8000.hdf5	right	left
1961.5391	1	Stimulus/S  1	1	19615391	19615399	0	0	20	pips_l40_r400_500-8000.hdf5	right	left
1961.5411	1	Stimulus/S  1	1	19615411	19615419	0	0	20	pips_l40_r400_500-8000.hdf5	right	left
1961.5416	1	Stimulus/S  1	1	19615416	19615424	0	0	20	pips_l40_r400_500-8000.hdf5	right	left
1961.5421	1	Stimulus/S  1	1	19615421	19615429	0	0	20	pips_l40_r400_500-8000.hdf5	right	left
1961.5426	1	Stimulus/S  1	1	19615426	19615434	0	0	20	pips_l40_r400_500-8000.hdf5	right	left
1961.5431	1	Stimulus/S  1	1	19615431	19615439	0	0	20	pips_l40_r400_500-8000.hdf5	right	left
1961.5436	1	Stimulus/S  1	1	19615436	19615444	0	0	20	pips_l40_r400_500-8000.hdf5	right	left
1961.5441	1	Stimulus/S  1	1	19615441	19615449	0	0	20	pips_l40_r400_500-8000.hdf5	right	left
1961.5446	1	Stimulus/S  1	1	19615446	19615454	0	0	20	pips_l40_r400_500-8000.hdf5	right	left
1961.5451	1	Stimulus/S  1	1	19615451	19615459	0	0	20	pips_l40_r400_500-8000.hdf5	right	left
1961.5456	1	Stimulus/S  1	1	19615456	19615464	0	0	20	pips_l40_r400_500-8000.hdf5	right	left
1961.5461	1	Stimulus/S  1	1	19615461	19615469	0	0	20	pips_l40_r400_500-8000.hdf5	right	left
1961.5466	1	Stimulus/S  1	1	19615466	19615474	0	0	20	pips_l40_r400_500-8000.hdf5	right	left
1961.5471	1	Stimulus/S  1	1	19615471	19615479	0	0	20	pips_l40_r400_500-8000.hdf5	right	left
1961.5476	1	Stimulus/S  1	1	19615476	19615484	0	0	20	pips_l40_r400_500-8000.hdf5	right	left
1961.5481	1	Stimulus/S  1	1	19615481	19615489	0	0	20	pips_l40_r400_500-8000.hdf5	right	left
1961.5487	1	Stimulus/S  1	1	19615487	19615495	0	0	20	pips_l40_r400_500-8000.hdf5	right	left
1962.6072	1	Stimulus/S  1	1	19626072	19626080	68	4	50	pips_l40_r400_500-8000.hdf5	right	left
1963.6526	1	Stimulus/S  1	1	19636526	19636534	68	5	30	pips_l40_r400_500-8000.hdf5	right	left
1964.7086	1	Stimulus/S  1	1	19647086	19647094	69	0	20	pips_l40_r400_500-8000.hdf5	right	left
1965.7753	1	Stimulus/S  1	1	19657753	19657761	69	1	40	pips_l40_r400_500-8000.hdf5	right	left
1966.8206	1	Stimulus/S  1	1	19668206	19668214	69	2	60	pips_l40_r400_500-8000.hdf5	right	left
1967.8873	1	Stimulus/S  1	1	19678873	19678881	69	3	70	pips_l40_r400_500-8000.hdf5	right	left
1968.9326	1	Stimulus/S  1	1	19689326	19689334	69	4	50	pips_l40_r400_500-8000.hdf5	right	left
1969.9886	1	Stimulus/S  1	1	19699886	19699894	69	5	30	pips_l40_r400_500-8000.hdf5	right	left
1971.034	1	Stimulus/S  1	1	19710340	19710348	70	0	20	pips_l40_r400_500-8000.hdf5	right	left
1972.09	1	Stimulus/S  1	1	19720900	19720908	70	1	40	pips_l40_r400_500-8000.hdf5	right	left
1973.1353	1	Stimulus/S  1	1	19731353	19731361	70	2	60	pips_l40_r400_500-8000.hdf5	right	left
1974.1913	1	Stimulus/S  1	1	19741913	19741921	70	3	70	pips_l40_r400_500-8000.hdf5	right	left
1975.258	1	Stimulus/S  1	1	19752580	19752588	70	4	50	pips_l40_r400_500-8000.hdf5	right	left
1976.3034	1	Stimulus/S  1	1	19763034	19763042	70	5	30	pips_l40_r400_500-8000.hdf5	right	left
1977.37	1	Stimulus/S  1	1	19773700	19773708	71	0	20	pips_l40_r400_500-8000.hdf5	right	left
1978.4154	1	Stimulus/S  1	1	19784154	19784162	71	1	40	pips_l40_r400_500-8000.hdf5	right	left
1979.4821	1	Stimulus/S  1	1	19794821	19794829	71	2	60	pips_l40_r400_500-8000.hdf5	right	left
1980.5381	1	Stimulus/S  1	1	19805381	19805389	71	3	70	pips_l40_r400_500-8000.hdf5	right	left
1981.5834	1	Stimulus/S  1	1	19815834	19815842	71	4	50	pips_l40_r400_500-8000.hdf5	right	left
1982.6501	1	Stimulus/S  1	1	19826501	19826509	71	5	30	pips_l40_r400_500-8000.hdf5	right	left
1983.7061	1	Stimulus/S  1	1	19837061	19837069	72	0	20	pips_l40_r400_500-8000.hdf5	right	left
1984.7728	1	Stimulus/S  1	1	19847728	19847736	72	1	40	pips_l40_r400_500-8000.hdf5	right	left
1985.8181	1	Stimulus/S  1	1	19858181	19858189	72	2	60	pips_l40_r400_500-8000.hdf5	right	left
1986.8741	1	Stimulus/S  1	1	19868741	19868749	72	3	70	pips_l40_r400_500-8000.hdf5	right	left
1987.9408	1	Stimulus/S  1	1	19879408	19879416	72	4	50	pips_l40_r400_500-8000.hdf5	right	left
1988.9862	1	Stimulus/S  1	1	19889862	19889870	72	5	30	pips_l40_r400_500-8000.hdf5	right	left
1990.0422	1	Stimulus/S  1	1	19900422	19900430	73	0	20	pips_l40_r400_500-8000.hdf5	right	left
1991.0875	1	Stimulus/S  1	1	19910875	19910883	73	1	40	pips_l40_r400_500-8000.hdf5	right	left
1992.1329	1	Stimulus/S  1	1	19921329	19921337	73	2	60	pips_l40_r400_500-8000.hdf5	right	left
1993.1889	1	Stimulus/S  1	1	19931889	19931897	73	3	70	pips_l40_r400_500-8000.hdf5	right	left
1994.2342	1	Stimulus/S  1	1	19942342	19942350	73	4	50	pips_l40_r400_500-8000.hdf5	right	left
1995.3009	1	Stimulus/S  1	1	19953009	19953017	73	5	30	pips_l40_r400_500-8000.hdf5	right	left
1996.3569	1	Stimulus/S  1	1	19963569	19963577	74	0	20	pips_l40_r400_500-8000.hdf5	right	left
1997.4022	1	Stimulus/S  1	1	19974022	19974030	74	1	40	pips_l40_r400_500-8000.hdf5	right	left
1998.4689	1	Stimulus/S  1	1	19984689	19984697	74	2	60	pips_l40_r400_500-8000.hdf5	right	left
1999.5249	1	Stimulus/S  1	1	19995249	19995257	74	3	70	pips_l40_r400_500-8000.hdf5	right	left
2000.5703	1	Stimulus/S  1	1	20005703	20005711	74	4	50	pips_l40_r400_500-8000.hdf5	right	left
2001.637	1	Stimulus/S  1	1	20016370	20016378	74	5	30	pips_l40_r400_500-8000.hdf5	right	left
2002.7036	1	Stimulus/S  1	1	20027036	20027044	75	0	20	pips_l40_r400_500-8000.hdf5	right	left
2003.749	1	Stimulus/S  1	1	20037490	20037498	75	1	40	pips_l40_r400_500-8000.hdf5	right	left
2004.8263	1	Stimulus/S  1	1	20048263	20048271	75	2	60	pips_l40_r400_500-8000.hdf5	right	left
2005.8717	1	Stimulus/S  1	1	20058717	20058725	75	3	70	pips_l40_r400_500-8000.hdf5	right	left
2006.917	1	Stimulus/S  1	1	20069170	20069178	75	4	50	pips_l40_r400_500-8000.hdf5	right	left
2007.9837	1	Stimulus/S  1	1	20079837	20079845	75	5	30	pips_l40_r400_500-8000.hdf5	right	left
2009.0397	1	Stimulus/S  1	1	20090397	20090405	76	0	20	pips_l40_r400_500-8000.hdf5	right	left
2010.085	1	Stimulus/S  1	1	20100850	20100858	76	1	40	pips_l40_r400_500-8000.hdf5	right	left
2011.1517	1	Stimulus/S  1	1	20111517	20111525	76	2	60	pips_l40_r400_500-8000.hdf5	right	left
2012.2077	1	Stimulus/S  1	1	20122077	20122085	76	3	70	pips_l40_r400_500-8000.hdf5	right	left
2013.2744	1	Stimulus/S  1	1	20132744	20132752	76	4	50	pips_l40_r400_500-8000.hdf5	right	left
2014.3411	1	Stimulus/S  1	1	20143411	20143419	76	5	30	pips_l40_r400_500-8000.hdf5	right	left
2015.3864	1	Stimulus/S  1	1	20153864	20153872	77	0	20	pips_l40_r400_500-8000.hdf5	right	left
2016.4531	1	Stimulus/S  1	1	20164531	20164539	77	1	40	pips_l40_r400_500-8000.hdf5	right	left
2017.5091	1	Stimulus/S  1	1	20175091	20175099	77	2	60	pips_l40_r400_500-8000.hdf5	right	left
2018.5758	1	Stimulus/S  1	1	20185758	20185766	77	3	70	pips_l40_r400_500-8000.hdf5	right	left
2019.6211	1	Stimulus/S  1	1	20196211	20196219	77	4	50	pips_l40_r400_500-8000.hdf5	right	left
2020.6878	1	Stimulus/S  1	1	20206878	20206886	77	5	30	pips_l40_r400_500-8000.hdf5	right	left
2021.7545	1	Stimulus/S  1	1	20217545	20217553	78	0	20	pips_l40_r400_500-8000.hdf5	right	left
2022.7998	1	Stimulus/S  1	1	20227998	20228006	78	1	40	pips_l40_r400_500-8000.hdf5	right	left
2023.8558	1	Stimulus/S  1	1	20238558	20238566	78	2	60	pips_l40_r400_500-8000.hdf5	right	left
2024.9225	1	Stimulus/S  1	1	20249225	20249233	78	3	70	pips_l40_r400_500-8000.hdf5	right	left
2025.9679	1	Stimulus/S  1	1	20259679	20259687	78	4	50	pips_l40_r400_500-8000.hdf5	right	left
2027.0345	1	Stimulus/S  1	1	20270345	20270353	78	5	30	pips_l40_r400_500-8000.hdf5	right	left
2028.0906	1	Stimulus/S  1	1	20280906	20280914	79	0	20	pips_l40_r400_500-8000.hdf5	right	left
2029.1572	1	Stimulus/S  1	1	20291572	20291580	79	1	40	pips_l40_r400_500-8000.hdf5	right	left
2030.2026	1	Stimulus/S  1	1	20302026	20302034	79	2	60	pips_l40_r400_500-8000.hdf5	right	left
2031.2586	1	Stimulus/S  1	1	20312586	20312594	79	3	70	pips_l40_r400_500-8000.hdf5	right	left
2032.3253	1	Stimulus/S  1	1	20323253	20323261	79	4	50	pips_l40_r400_500-8000.hdf5	right	left
2033.3706	1	Stimulus/S  1	1	20333706	20333714	79	5	30	pips_l40_r400_500-8000.hdf5	right	left
2034.4266	1	Stimulus/S  1	1	20344266	20344274	80	0	20	pips_l40_r400_500-8000.hdf5	right	left
2035.4933	1	Stimulus/S  1	1	20354933	20354941	80	1	40	pips_l40_r400_500-8000.hdf5	right	left
2036.5386	1	Stimulus/S  1	1	20365386	20365394	80	2	60	pips_l40_r400_500-8000.hdf5	right	left
2037.584	1	Stimulus/S  1	1	20375840	20375848	80	3	70	pips_l40_r400_500-8000.hdf5	right	left
2038.6507	1	Stimulus/S  1	1	20386507	20386515	80	4	50	pips_l40_r400_500-8000.hdf5	right	left
2039.7067	1	Stimulus/S  1	1	20397067	20397075	80	5	30	pips_l40_r400_500-8000.hdf5	right	left
2040.7733	1	Stimulus/S  1	1	20407733	20407741	81	0	20	pips_l40_r400_500-8000.hdf5	right	left
2041.84	1	Stimulus/S  1	1	20418400	20418408	81	1	40	pips_l40_r400_500-8000.hdf5	right	left
2042.8854	1	Stimulus/S  1	1	20428854	20428862	81	2	60	pips_l40_r400_500-8000.hdf5	right	left
2043.952	1	Stimulus/S  1	1	20439520	20439528	81	3	70	pips_l40_r400_500-8000.hdf5	right	left
2045.0081	1	Stimulus/S  1	1	20450081	20450089	81	4	50	pips_l40_r400_500-8000.hdf5	right	left
2046.0534	1	Stimulus/S  1	1	20460534	20460542	81	5	30	pips_l40_r400_500-8000.hdf5	right	left
2047.1201	1	Stimulus/S  1	1	20471201	20471209	82	0	20	pips_l40_r400_500-8000.hdf5	right	left
2048.1761	1	Stimulus/S  1	1	20481761	20481769	82	1	40	pips_l40_r400_500-8000.hdf5	right	left
2049.2428	1	Stimulus/S  1	1	20492428	20492436	82	2	60	pips_l40_r400_500-8000.hdf5	right	left
2050.3094	1	Stimulus/S  1	1	20503094	20503102	82	3	70	pips_l40_r400_500-8000.hdf5	right	left
2051.3548	1	Stimulus/S  1	1	20513548	20513556	82	4	50	pips_l40_r400_500-8000.hdf5	right	left
2052.4215	1	Stimulus/S  1	1	20524215	20524223	82	5	30	pips_l40_r400_500-8000.hdf5	right	left
2053.4668	1	Stimulus/S  1	1	20534668	20534676	83	0	20	pips_l40_r400_500-8000.hdf5	right	left
2054.5335	1	Stimulus/S  1	1	20545335	20545343	83	1	40	pips_l40_r400_500-8000.hdf5	right	left
2055.6002	1	Stimulus/S  1	1	20556002	20556010	83	2	60	pips_l40_r400_500-8000.hdf5	right	left
2056.6562	1	Stimulus/S  1	1	20566562	20566570	83	3	70	pips_l40_r400_500-8000.hdf5	right	left
2057.7229	1	Stimulus/S  1	1	20577229	20577237	83	4	50	pips_l40_r400_500-8000.hdf5	right	left
2058.7895	1	Stimulus/S  1	1	20587895	20587903	83	5	30	pips_l40_r400_500-8000.hdf5	right	left
2059.8349	1	Stimulus/S  1	1	20598349	20598357	84	0	20	pips_l40_r400_500-8000.hdf5	right	left
2060.9016	1	Stimulus/S  1	1	20609016	20609024	84	1	40	pips_l40_r400_500-8000.hdf5	right	left
2061.9682	1	Stimulus/S  1	1	20619682	20619690	84	2	60	pips_l40_r400_500-8000.hdf5	right	left
2063.0242	1	Stimulus/S  1	1	20630242	20630250	84	3	70	pips_l40_r400_500-8000.hdf5	right	left
2064.0909	1	Stimulus/S  1	1	20640909	20640917	84	4	50	pips_l40_r400_500-8000.hdf5	right	left
2065.1363	1	Stimulus/S  1	1	20651363	20651371	84	5	30	pips_l40_r400_500-8000.hdf5	right	left
2066.1923	1	Stimulus/S  1	1	20661923	20661931	85	0	20	pips_l40_r400_500-8000.hdf5	right	left
2067.2589	1	Stimulus/S  1	1	20672589	20672597	85	1	40	pips_l40_r400_500-8000.hdf5	right	left
2068.3043	1	Stimulus/S  1	1	20683043	20683051	85	2	60	pips_l40_r400_500-8000.hdf5	right	left
2069.371	1	Stimulus/S  1	1	20693710	20693718	85	3	70	pips_l40_r400_500-8000.hdf5	right	left
2070.427	1	Stimulus/S  1	1	20704270	20704278	85	4	50	pips_l40_r400_500-8000.hdf5	right	left
2071.4723	1	Stimulus/S  1	1	20714723	20714731	85	5	30	pips_l40_r400_500-8000.hdf5	right	left
2072.5177	1	Stimulus/S  1	1	20725177	20725185	86	0	20	pips_l40_r400_500-8000.hdf5	right	left
2073.5737	1	Stimulus/S  1	1	20735737	20735745	86	1	40	pips_l40_r400_500-8000.hdf5	right	left
2074.6404	1	Stimulus/S  1	1	20746404	20746412	86	2	60	pips_l40_r400_500-8000.hdf5	right	left
2075.6857	1	Stimulus/S  1	1	20756857	20756865	86	3	70	pips_l40_r400_500-8000.hdf5	right	left
2076.7524	1	Stimulus/S  1	1	20767524	20767532	86	4	50	pips_l40_r400_500-8000.hdf5	right	left
2077.8084	1	Stimulus/S  1	1	20778084	20778092	86	5	30	pips_l40_r400_500-8000.hdf5	right	left
2078.8537	1	Stimulus/S  1	1	20788537	20788545	87	0	20	pips_l40_r400_500-8000.hdf5	right	left
2079.9204	1	Stimulus/S  1	1	20799204	20799212	87	1	40	pips_l40_r400_500-8000.hdf5	right	left
2080.9871	1	Stimulus/S  1	1	20809871	20809879	87	2	60	pips_l40_r400_500-8000.hdf5	right	left
2082.0431	1	Stimulus/S  1	1	20820431	20820439	87	3	70	pips_l40_r400_500-8000.hdf5	right	left
2083.1098	1	Stimulus/S  1	1	20831098	20831106	87	4	50	pips_l40_r400_500-8000.hdf5	right	left
2084.1551	1	Stimulus/S  1	1	20841551	20841559	87	5	30	pips_l40_r400_500-8000.hdf5	right	left
2085.2111	1	Stimulus/S  1	1	20852111	20852119	88	0	20	pips_l40_r400_500-8000.hdf5	right	left
2086.2671	1	Stimulus/S  1	1	20862671	20862679	88	1	40	pips_l40_r400_500-8000.hdf5	right	left
2087.3232	1	Stimulus/S  1	1	20873232	20873240	88	2	60	pips_l40_r400_500-8000.hdf5	right	left
2088.3898	1	Stimulus/S  1	1	20883898	20883906	88	3	70	pips_l40_r400_500-8000.hdf5	right	left
2089.4352	1	Stimulus/S  1	1	20894352	20894360	88	4	50	pips_l40_r400_500-8000.hdf5	right	left
2090.4912	1	Stimulus/S  1	1	20904912	20904920	88	5	30	pips_l40_r400_500-8000.hdf5	right	left
2091.5579	1	Stimulus/S  1	1	20915579	20915587	89	0	20	pips_l40_r400_500-8000.hdf5	right	left
2092.6032	1	Stimulus/S  1	1	20926032	20926040	89	1	40	pips_l40_r400_500-8000.hdf5	right	left
2093.6699	1	Stimulus/S  1	1	20936699	20936707	89	2	60	pips_l40_r400_500-8000.hdf5	right	left
2094.7259	1	Stimulus/S  1	1	20947259	20947267	89	3	70	pips_l40_r400_500-8000.hdf5	right	left
2095.7712	1	Stimulus/S  1	1	20957712	20957720	89	4	50	pips_l40_r400_500-8000.hdf5	right	left
2096.8379	1	Stimulus/S  1	1	20968379	20968387	89	5	30	pips_l40_r400_500-8000.hdf5	right	left
2097.8939	1	Stimulus/S  1	1	20978939	20978947	90	0	20	pips_l40_r400_500-8000.hdf5	right	left
2098.9606	1	Stimulus/S  1	1	20989606	20989614	90	1	40	pips_l40_r400_500-8000.hdf5	right	left
2100.0059	1	Stimulus/S  1	1	21000059	21000067	90	2	60	pips_l40_r400_500-8000.hdf5	right	left
2101.0726	1	Stimulus/S  1	1	21010726	21010734	90	3	70	pips_l40_r400_500-8000.hdf5	right	left
2102.118	1	Stimulus/S  1	1	21021180	21021188	90	4	50	pips_l40_r400_500-8000.hdf5	right	left
2103.1846	1	Stimulus/S  1	1	21031846	21031854	90	5	30	pips_l40_r400_500-8000.hdf5	right	left
2104.2407	1	Stimulus/S  1	1	21042407	21042415	91	0	20	pips_l40_r400_500-8000.hdf5	right	left
2105.3073	1	Stimulus/S  1	1	21053073	21053081	91	1	40	pips_l40_r400_500-8000.hdf5	right	left
2106.3527	1	Stimulus/S  1	1	21063527	21063535	91	2	60	pips_l40_r400_500-8000.hdf5	right	left
2107.4087	1	Stimulus/S  1	1	21074087	21074095	91	3	70	pips_l40_r400_500-8000.hdf5	right	left
2108.4754	1	Stimulus/S  1	1	21084754	21084762	91	4	50	pips_l40_r400_500-8000.hdf5	right	left
2109.5207	1	Stimulus/S  1	1	21095207	21095215	91	5	30	pips_l40_r400_500-8000.hdf5	right	left
2110.5767	1	Stimulus/S  1	1	21105767	21105775	92	0	20	pips_l40_r400_500-8000.hdf5	right	left
2111.6221	1	Stimulus/S  1	1	21116221	21116229	92	1	40	pips_l40_r400_500-8000.hdf5	right	left
2112.6887	1	Stimulus/S  1	1	21126887	21126895	92	2	60	pips_l40_r400_500-8000.hdf5	right	left
2113.7448	1	Stimulus/S  1	1	21137448	21137456	92	3	70	pips_l40_r400_500-8000.hdf5	right	left
2114.7901	1	Stimulus/S  1	1	21147901	21147909	92	4	50	pips_l40_r400_500-8000.hdf5	right	left
2115.8568	1	Stimulus/S  1	1	21158568	21158576	92	5	30	pips_l40_r400_500-8000.hdf5	right	left
2116.9021	1	Stimulus/S  1	1	21169021	21169029	93	0	20	pips_l40_r400_500-8000.hdf5	right	left
2117.9581	1	Stimulus/S  1	1	21179581	21179589	93	1	40	pips_l40_r400_500-8000.hdf5	right	left
2119.0248	1	Stimulus/S  1	1	21190248	21190256	93	2	60	pips_l40_r400_500-8000.hdf5	right	left
2120.0701	1	Stimulus/S  1	1	21200701	21200709	93	3	70	pips_l40_r400_500-8000.hdf5	right	left
2121.1262	1	Stimulus/S  1	1	21211262	21211270	93	4	50	pips_l40_r400_500-8000.hdf5	right	left
2122.1715	1	Stimulus/S  1	1	21221715	21221723	93	5	30	pips_l40_r400_500-8000.hdf5	right	left
2123.2275	1	Stimulus/S  1	1	21232275	21232283	94	0	20	pips_l40_r400_500-8000.hdf5	right	left
2124.2942	1	Stimulus/S  1	1	21242942	21242950	94	1	40	pips_l40_r400_500-8000.hdf5	right	left
2125.3395	1	Stimulus/S  1	1	21253395	21253403	94	2	60	pips_l40_r400_500-8000.hdf5	right	left
2126.3849	1	Stimulus/S  1	1	21263849	21263857	94	3	70	pips_l40_r400_500-8000.hdf5	right	left
2127.4516	1	Stimulus/S  1	1	21274516	21274524	94	4	50	pips_l40_r400_500-8000.hdf5	right	left
2128.5076	1	Stimulus/S  1	1	21285076	21285084	94	5	30	pips_l40_r400_500-8000.hdf5	right	left
2129.5529	1	Stimulus/S  1	1	21295529	21295537	95	0	20	pips_l40_r400_500-8000.hdf5	right	left
2130.6196	1	Stimulus/S  1	1	21306196	21306204	95	1	40	pips_l40_r400_500-8000.hdf5	right	left
2131.6756	1	Stimulus/S  1	1	21316756	21316764	95	2	60	pips_l40_r400_500-8000.hdf5	right	left
2132.7423	1	Stimulus/S  1	1	21327423	21327431	95	3	70	pips_l40_r400_500-8000.hdf5	right	left
2133.809	1	Stimulus/S  1	1	21338090	21338098	95	4	50	pips_l40_r400_500-8000.hdf5	right	left
2134.8543	1	Stimulus/S  1	1	21348543	21348551	95	5	30	pips_l40_r400_500-8000.hdf5	right	left
2135.9103	1	Stimulus/S  1	1	21359103	21359111	96	0	20	pips_l40_r400_500-8000.hdf5	right	left
2136.977	1	Stimulus/S  1	1	21369770	21369778	96	1	40	pips_l40_r400_500-8000.hdf5	right	left
2138.0223	1	Stimulus/S  1	1	21380223	21380231	96	2	60	pips_l40_r400_500-8000.hdf5	right	left
2139.0783	1	Stimulus/S  1	1	21390783	21390791	96	3	70	pips_l40_r400_500-8000.hdf5	right	left
2140.145	1	Stimulus/S  1	1	21401450	21401458	96	4	50	pips_l40_r400_500-8000.hdf5	right	left
2141.1904	1	Stimulus/S  1	1	21411904	21411912	96	5	30	pips_l40_r400_500-8000.hdf5	right	left
2142.2357	1	Stimulus/S  1	1	21422357	21422365	97	0	20	pips_l40_r400_500-8000.hdf5	right	left
2143.3024	1	Stimulus/S  1	1	21433024	21433032	97	1	40	pips_l40_r400_500-8000.hdf5	right	left
2144.3584	1	Stimulus/S  1	1	21443584	21443592	97	2	60	pips_l40_r400_500-8000.hdf5	right	left
2145.4037	1	Stimulus/S  1	1	21454037	21454045	97	3	70	pips_l40_r400_500-8000.hdf5	right	left
2146.4704	1	Stimulus/S  1	1	21464704	21464712	97	4	50	pips_l40_r400_500-8000.hdf5	right	left
2147.5264	1	Stimulus/S  1	1	21475264	21475272	97	5	30	pips_l40_r400_500-8000.hdf5	right	left
2148.5931	1	Stimulus/S  1	1	21485931	21485939	98	0	20	pips_l40_r400_500-8000.hdf5	right	left
2149.6384	1	Stimulus/S  1	1	21496384	21496392	98	1	40	pips_l40_r400_500-8000.hdf5	right	left
2150.6945	1	Stimulus/S  1	1	21506945	21506953	98	2	60	pips_l40_r400_500-8000.hdf5	right	left
2151.7611	1	Stimulus/S  1	1	21517611	21517619	98	3	70	pips_l40_r400_500-8000.hdf5	right	left
2152.8065	1	Stimulus/S  1	1	21528065	21528073	98	4	50	pips_l40_r400_500-8000.hdf5	right	left
2153.8518	1	Stimulus/S  1	1	21538518	21538526	98	5	30	pips_l40_r400_500-8000.hdf5	right	left
2154.9078	1	Stimulus/S  1	1	21549078	21549086	99	0	20	pips_l40_r400_500-8000.hdf5	right	left
2155.9532	1	Stimulus/S  1	1	21559532	21559540	99	1	40	pips_l40_r400_500-8000.hdf5	right	left
2157.0092	1	Stimulus/S  1	1	21570092	21570100	99	2	60	pips_l40_r400_500-8000.hdf5	right	left
2158.0545	1	Stimulus/S  1	1	21580545	21580553	99	3	70	pips_l40_r400_500-8000.hdf5	right	left
2159.1212	1	Stimulus/S  1	1	21591212	21591220	99	4	50	pips_l40_r400_500-8000.hdf5	right	left
2160.1772	1	Stimulus/S  1	1	21601772	21601780	99	5	30	pips_l40_r400_500-8000.hdf5	right	left
2161.2226	1	Stimulus/S  1	1	21612226	21612234	100	0	20	pips_l40_r400_500-8000.hdf5	right	left
2162.2786	1	Stimulus/S  1	1	21622786	21622794	100	1	40	pips_l40_r400_500-8000.hdf5	right	left
2163.3239	1	Stimulus/S  1	1	21633239	21633247	100	2	60	pips_l40_r400_500-8000.hdf5	right	left
2164.3906	1	Stimulus/S  1	1	21643906	21643914	100	3	70	pips_l40_r400_500-8000.hdf5	right	left
2165.4359	1	Stimulus/S  1	1	21654359	21654367	100	4	50	pips_l40_r400_500-8000.hdf5	right	left
2166.492	1	Stimulus/S  1	1	21664920	21664928	100	5	30	pips_l40_r400_500-8000.hdf5	right	left
2167.5586	1	Stimulus/S  1	1	21675586	21675594	101	0	20	pips_l40_r400_500-8000.hdf5	right	left
2168.604	1	Stimulus/S  1	1	21686040	21686048	101	1	40	pips_l40_r400_500-8000.hdf5	right	left
2169.6706	1	Stimulus/S  1	1	21696706	21696714	101	2	60	pips_l40_r400_500-8000.hdf5	right	left
2170.7373	1	Stimulus/S  1	1	21707373	21707381	101	3	70	pips_l40_r400_500-8000.hdf5	right	left
2171.7933	1	Stimulus/S  1	1	21717933	21717941	101	4	50	pips_l40_r400_500-8000.hdf5	right	left
2172.8387	1	Stimulus/S  1	1	21728387	21728395	101	5	30	pips_l40_r400_500-8000.hdf5	right	left
2173.9054	1	Stimulus/S  1	1	21739054	21739062	102	0	20	pips_l40_r400_500-8000.hdf5	right	left
2174.9614	1	Stimulus/S  1	1	21749614	21749622	102	1	40	pips_l40_r400_500-8000.hdf5	right	left
2176.028	1	Stimulus/S  1	1	21760280	21760288	102	2	60	pips_l40_r400_500-8000.hdf5	right	left
2177.0734	1	Stimulus/S  1	1	21770734	21770742	102	3	70	pips_l40_r400_500-8000.hdf5	right	left
2178.1187	1	Stimulus/S  1	1	21781187	21781195	102	4	50	pips_l40_r400_500-8000.hdf5	right	left
2179.1747	1	Stimulus/S  1	1	21791747	21791755	102	5	30	pips_l40_r400_500-8000.hdf5	right	left
2180.2201	1	Stimulus/S  1	1	21802201	21802209	103	0	20	pips_l40_r400_500-8000.hdf5	right	left
2181.2868	1	Stimulus/S  1	1	21812868	21812876	103	1	40	pips_l40_r400_500-8000.hdf5	right	left
2182.3428	1	Stimulus/S  1	1	21823428	21823436	103	2	60	pips_l40_r400_500-8000.hdf5	right	left
2183.3881	1	Stimulus/S  1	1	21833881	21833889	103	3	70	pips_l40_r400_500-8000.hdf5	right	left
2184.4548	1	Stimulus/S  1	1	21844548	21844556	103	4	50	pips_l40_r400_500-8000.hdf5	right	left
2185.5108	1	Stimulus/S  1	1	21855108	21855116	103	5	30	pips_l40_r400_500-8000.hdf5	right	left
2186.5562	1	Stimulus/S  1	1	21865562	21865570	104	0	20	pips_l40_r400_500-8000.hdf5	right	left
2187.6228	1	Stimulus/S  1	1	21876228	21876236	104	1	40	pips_l40_r400_500-8000.hdf5	right	left
2188.6788	1	Stimulus/S  1	1	21886788	21886796	104	2	60	pips_l40_r400_500-8000.hdf5	right	left
2189.7455	1	Stimulus/S  1	1	21897455	21897463	104	3	70	pips_l40_r400_500-8000.hdf5	right	left
2190.7909	1	Stimulus/S  1	1	21907909	21907917	104	4	50	pips_l40_r400_500-8000.hdf5	right	left
2191.8362	1	Stimulus/S  1	1	21918362	21918370	104	5	30	pips_l40_r400_500-8000.hdf5	right	left
2192.8922	1	Stimulus/S  1	1	21928922	21928930	105	0	20	pips_l40_r400_500-8000.hdf5	right	left
2193.9376	1	Stimulus/S  1	1	21939376	21939384	105	1	40	pips_l40_r400_500-8000.hdf5	right	left
2194.9936	1	Stimulus/S  1	1	21949936	21949944	105	2	60	pips_l40_r400_500-8000.hdf5	right	left
2196.0389	1	Stimulus/S  1	1	21960389	21960397	105	3	70	pips_l40_r400_500-8000.hdf5	right	left
2197.0949	1	Stimulus/S  1	1	21970949	21970957	105	4	50	pips_l40_r400_500-8000.hdf5	right	left
2198.1616	1	Stimulus/S  1	1	21981616	21981624	105	5	30	pips_l40_r400_500-8000.hdf5	right	left
2199.2069	1	Stimulus/S  1	1	21992069	21992077	106	0	20	pips_l40_r400_500-8000.hdf5	right	left
2200.2523	1	Stimulus/S  1	1	22002523	22002531	106	1	40	pips_l40_r400_500-8000.hdf5	right	left
2201.319	1	Stimulus/S  1	1	22013190	22013198	106	2	60	pips_l40_r400_500-8000.hdf5	right	left
2202.375	1	Stimulus/S  1	1	22023750	22023758	106	3	70	pips_l40_r400_500-8000.hdf5	right	left
2203.4203	1	Stimulus/S  1	1	22034203	22034211	106	4	50	pips_l40_r400_500-8000.hdf5	right	left
2204.487	1	Stimulus/S  1	1	22044870	22044878	106	5	30	pips_l40_r400_500-8000.hdf5	right	left
2205.543	1	Stimulus/S  1	1	22055430	22055438	107	0	20	pips_l40_r400_500-8000.hdf5	right	left
2206.5884	1	Stimulus/S  1	1	22065884	22065892	107	1	40	pips_l40_r400_500-8000.hdf5	right	left
2207.6444	1	Stimulus/S  1	1	22076444	22076452	107	2	60	pips_l40_r400_500-8000.hdf5	right	left
2208.6897	1	Stimulus/S  1	1	22086897	22086905	107	3	70	pips_l40_r400_500-8000.hdf5	right	left
2209.7564	1	Stimulus/S  1	1	22097564	22097572	107	4	50	pips_l40_r400_500-8000.hdf5	right	left
2210.8124	1	Stimulus/S  1	1	22108124	22108132	107	5	30	pips_l40_r400_500-8000.hdf5	right	left
2211.8577	1	Stimulus/S  1	1	22118577	22118585	108	0	20	pips_l40_r400_500-8000.hdf5	right	left
2212.9244	1	Stimulus/S  1	1	22129244	22129252	108	1	40	pips_l40_r400_500-8000.hdf5	right	left
2213.9698	1	Stimulus/S  1	1	22139698	22139706	108	2	60	pips_l40_r400_500-8000.hdf5	right	left
2215.0364	1	Stimulus/S  1	1	22150364	22150372	108	3	70	pips_l40_r400_500-8000.hdf5	right	left
2216.0925	1	Stimulus/S  1	1	22160925	22160933	108	4	50	pips_l40_r400_500-8000.hdf5	right	left
2217.1378	1	Stimulus/S  1	1	22171378	22171386	108	5	30	pips_l40_r400_500-8000.hdf5	right	left
2218.2045	1	Stimulus/S  1	1	22182045	22182053	109	0	20	pips_l40_r400_500-8000.hdf5	right	left
2219.2711	1	Stimulus/S  1	1	22192711	22192719	109	1	40	pips_l40_r400_500-8000.hdf5	right	left
2220.3272	1	Stimulus/S  1	1	22203272	22203280	109	2	60	pips_l40_r400_500-8000.hdf5	right	left
2221.3938	1	Stimulus/S  1	1	22213938	22213946	109	3	70	pips_l40_r400_500-8000.hdf5	right	left
2222.4605	1	Stimulus/S  1	1	22224605	22224613	109	4	50	pips_l40_r400_500-8000.hdf5	right	left
2223.5059	1	Stimulus/S  1	1	22235059	22235067	109	5	30	pips_l40_r400_500-8000.hdf5	right	left
2224.5619	1	Stimulus/S  1	1	22245619	22245627	110	0	20	pips_l40_r400_500-8000.hdf5	right	left
2225.6072	1	Stimulus/S  1	1	22256072	22256080	110	1	40	pips_l40_r400_500-8000.hdf5	right	left
2226.6526	1	Stimulus/S  1	1	22266526	22266534	110	2	60	pips_l40_r400_500-8000.hdf5	right	left
2227.7086	1	Stimulus/S  1	1	22277086	22277094	110	3	70	pips_l40_r400_500-8000.hdf5	right	left
2228.7539	1	Stimulus/S  1	1	22287539	22287547	110	4	50	pips_l40_r400_500-8000.hdf5	right	left
2229.8099	1	Stimulus/S  1	1	22298099	22298107	110	5	30	pips_l40_r400_500-8000.hdf5	right	left
2230.8553	1	Stimulus/S  1	1	22308553	22308561	111	0	20	pips_l40_r400_500-8000.hdf5	right	left
2231.9113	1	Stimulus/S  1	1	22319113	22319121	111	1	40	pips_l40_r400_500-8000.hdf5	right	left
2232.978	1	Stimulus/S  1	1	22329780	22329788	111	2	60	pips_l40_r400_500-8000.hdf5	right	left
2234.0233	1	Stimulus/S  1	1	22340233	22340241	111	3	70	pips_l40_r400_500-8000.hdf5	right	left
2235.09	1	Stimulus/S  1	1	22350900	22350908	111	4	50	pips_l40_r400_500-8000.hdf5	right	left
2236.1567	1	Stimulus/S  1	1	22361567	22361575	111	5	30	pips_l40_r400_500-8000.hdf5	right	left
2237.2127	1	Stimulus/S  1	1	22372127	22372135	112	0	20	pips_l40_r400_500-8000.hdf5	right	left
2238.258	1	Stimulus/S  1	1	22382580	22382588	112	1	40	pips_l40_r400_500-8000.hdf5	right	left
2239.314	1	Stimulus/S  1	1	22393140	22393148	112	2	60	pips_l40_r400_500-8000.hdf5	right	left
2240.3594	1	Stimulus/S  1	1	22403594	22403602	112	3	70	pips_l40_r400_500-8000.hdf5	right	left
2241.4047	1	Stimulus/S  1	1	22414047	22414055	112	4	50	pips_l40_r400_500-8000.hdf5	right	left
2242.4607	1	Stimulus/S  1	1	22424607	22424615	112	5	30	pips_l40_r400_500-8000.hdf5	right	left
2243.5061	1	Stimulus/S  1	1	22435061	22435069	113	0	20	pips_l40_r400_500-8000.hdf5	right	left
2244.5727	1	Stimulus/S  1	1	22445727	22445735	113	1	40	pips_l40_r400_500-8000.hdf5	right	left
2245.6394	1	Stimulus/S  1	1	22456394	22456402	113	2	60	pips_l40_r400_500-8000.hdf5	right	left
2246.6954	1	Stimulus/S  1	1	22466954	22466962	113	3	70	pips_l40_r400_500-8000.hdf5	right	left
2247.7408	1	Stimulus/S  1	1	22477408	22477416	113	4	50	pips_l40_r400_500-8000.hdf5	right	left
2248.8074	1	Stimulus/S  1	1	22488074	22488082	113	5	30	pips_l40_r400_500-8000.hdf5	right	left
2249.8635	1	Stimulus/S  1	1	22498635	22498643	114	0	20	pips_l40_r400_500-8000.hdf5	right	left
2250.9301	1	Stimulus/S  1	1	22509301	22509309	114	1	40	pips_l40_r400_500-8000.hdf5	right	left
2251.9755	1	Stimulus/S  1	1	22519755	22519763	114	2	60	pips_l40_r400_500-8000.hdf5	right	left
2253.0208	1	Stimulus/S  1	1	22530208	22530216	114	3	70	pips_l40_r400_500-8000.hdf5	right	left
2254.0768	1	Stimulus/S  1	1	22540768	22540776	114	4	50	pips_l40_r400_500-8000.hdf5	right	left
2255.1435	1	Stimulus/S  1	1	22551435	22551443	114	5	30	pips_l40_r400_500-8000.hdf5	right	left
2256.1889	1	Stimulus/S  1	1	22561889	22561897	115	0	20	pips_l40_r400_500-8000.hdf5	right	left
2257.2449	1	Stimulus/S  1	1	22572449	22572457	115	1	40	pips_l40_r400_500-8000.hdf5	right	left
2258.3115	1	Stimulus/S  1	1	22583115	22583123	115	2	60	pips_l40_r400_500-8000.hdf5	right	left
2259.3569	1	Stimulus/S  1	1	22593569	22593577	115	3	70	pips_l40_r400_500-8000.hdf5	right	left
2260.4129	1	Stimulus/S  1	1	22604129	22604137	115	4	50	pips_l40_r400_500-8000.hdf5	right	left
2261.4796	1	Stimulus/S  1	1	22614796	22614804	115	5	30	pips_l40_r400_500-8000.hdf5	right	left
2262.5249	1	Stimulus/S  1	1	22625249	22625257	116	0	20	pips_l40_r400_500-8000.hdf5	right	left
2263.5916	1	Stimulus/S  1	1	22635916	22635924	116	1	40	pips_l40_r400_500-8000.hdf5	right	left
2264.6369	1	Stimulus/S  1	1	22646369	22646377	116	2	60	pips_l40_r400_500-8000.hdf5	right	left
2265.693	1	Stimulus/S  1	1	22656930	22656938	116	3	70	pips_l40_r400_500-8000.hdf5	right	left
2266.7596	1	Stimulus/S  1	1	22667596	22667604	116	4	50	pips_l40_r400_500-8000.hdf5	right	left
2267.805	1	Stimulus/S  1	1	22678050	22678058	116	5	30	pips_l40_r400_500-8000.hdf5	right	left
2268.861	1	Stimulus/S  1	1	22688610	22688618	117	0	20	pips_l40_r400_500-8000.hdf5	right	left
2269.9277	1	Stimulus/S  1	1	22699277	22699285	117	1	40	pips_l40_r400_500-8000.hdf5	right	left
2270.973	1	Stimulus/S  1	1	22709730	22709738	117	2	60	pips_l40_r400_500-8000.hdf5	right	left
2272.0397	1	Stimulus/S  1	1	22720397	22720405	117	3	70	pips_l40_r400_500-8000.hdf5	right	left
2273.0957	1	Stimulus/S  1	1	22730957	22730965	117	4	50	pips_l40_r400_500-8000.hdf5	right	left
2274.141	1	Stimulus/S  1	1	22741410	22741418	117	5	30	pips_l40_r400_500-8000.hdf5	right	left
2275.2077	1	Stimulus/S  1	1	22752077	22752085	118	0	20	pips_l40_r400_500-8000.hdf5	right	left
2276.2744	1	Stimulus/S  1	1	22762744	22762752	118	1	40	pips_l40_r400_500-8000.hdf5	right	left
2277.3304	1	Stimulus/S  1	1	22773304	22773312	118	2	60	pips_l40_r400_500-8000.hdf5	right	left
2278.3757	1	Stimulus/S  1	1	22783757	22783765	118	3	70	pips_l40_r400_500-8000.hdf5	right	left
2279.4211	1	Stimulus/S  1	1	22794211	22794219	118	4	50	pips_l40_r400_500-8000.hdf5	right	left
2280.4878	1	Stimulus/S  1	1	22804878	22804886	118	5	30	pips_l40_r400_500-8000.hdf5	right	left
2281.5438	1	Stimulus/S  1	1	22815438	22815446	119	0	20	pips_l40_r400_500-8000.hdf5	right	left
2282.6105	1	Stimulus/S  1	1	22826105	22826113	119	1	40	pips_l40_r400_500-8000.hdf5	right	left
2283.6558	1	Stimulus/S  1	1	22836558	22836566	119	2	60	pips_l40_r400_500-8000.hdf5	right	left
2284.7225	1	Stimulus/S  1	1	22847225	22847233	119	3	70	pips_l40_r400_500-8000.hdf5	right	left
2285.7892	1	Stimulus/S  1	1	22857892	22857900	119	4	50	pips_l40_r400_500-8000.hdf5	right	left
2286.8452	1	Stimulus/S  1	1	22868452	22868460	119	5	30	pips_l40_r400_500-8000.hdf5	right	left
2287.9118	1	Stimulus/S  1	1	22879118	22879126	0	0	20	pips_l40_r400_500-8000.hdf5	right	left
2288.9572	1	Stimulus/S  1	1	22889572	22889580	0	1	40	pips_l40_r400_500-8000.hdf5	right	left
2290.0132	1	Stimulus/S  1	1	22900132	22900140	0	2	60	pips_l40_r400_500-8000.hdf5	right	left
2291.0585	1	Stimulus/S  1	1	22910585	22910593	0	3	70	pips_l40_r400_500-8000.hdf5	right	left
2292.1039	1	Stimulus/S  1	1	22921039	22921047	0	4	50	pips_l40_r400_500-8000.hdf5	right	left
2293.1599	1	Stimulus/S  1	1	22931599	22931607	0	5	30	pips_l40_r400_500-8000.hdf5	right	left
2294.2052	1	Stimulus/S  1	1	22942052	22942060	1	0	20	pips_l40_r400_500-8000.hdf5	right	left
2295.2719	1	Stimulus/S  1	1	22952719	22952727	1	1	40	pips_l40_r400_500-8000.hdf5	right	left
2296.3279	1	Stimulus/S  1	1	22963279	22963287	1	2	60	pips_l40_r400_500-8000.hdf5	right	left
2297.3733	1	Stimulus/S  1	1	22973733	22973741	1	3	70	pips_l40_r400_500-8000.hdf5	right	left
2298.4399	1	Stimulus/S  1	1	22984399	22984407	1	4	50	pips_l40_r400_500-8000.hdf5	right	left
2299.5066	1	Stimulus/S  1	1	22995066	22995074	1	5	30	pips_l40_r400_500-8000.hdf5	right	left
2300.5626	1	Stimulus/S  1	1	23005626	23005634	2	0	20	pips_l40_r400_500-8000.hdf5	right	left
2301.6293	1	Stimulus/S  1	1	23016293	23016301	2	1	40	pips_l40_r400_500-8000.hdf5	right	left
2302.6747	1	Stimulus/S  1	1	23026747	23026755	2	2	60	pips_l40_r400_500-8000.hdf5	right	left
2303.7307	1	Stimulus/S  1	1	23037307	23037315	2	3	70	pips_l40_r400_500-8000.hdf5	right	left
2304.7973	1	Stimulus/S  1	1	23047973	23047981	2	4	50	pips_l40_r400_500-8000.hdf5	right	left
2305.8427	1	Stimulus/S  1	1	23058427	23058435	2	5	30	pips_l40_r400_500-8000.hdf5	right	left
2306.888	1	Stimulus/S  1	1	23068880	23068888	3	0	20	pips_l40_r400_500-8000.hdf5	right	left
2307.9547	1	Stimulus/S  1	1	23079547	23079555	3	1	40	pips_l40_r400_500-8000.hdf5	right	left
2309.0107	1	Stimulus/S  1	1	23090107	23090115	3	2	60	pips_l40_r400_500-8000.hdf5	right	left
2310.0561	1	Stimulus/S  1	1	23100561	23100569	3	3	70	pips_l40_r400_500-8000.hdf5	right	left
2311.1227	1	Stimulus/S  1	1	23111227	23111235	3	4	50	pips_l40_r400_500-8000.hdf5	right	left
2312.1788	1	Stimulus/S  1	1	23121788	23121796	3	5	30	pips_l40_r400_500-8000.hdf5	right	left
2313.2241	1	Stimulus/S  1	1	23132241	23132249	4	0	20	pips_l40_r400_500-8000.hdf5	right	left
2314.2801	1	Stimulus/S  1	1	23142801	23142809	4	1	40	pips_l40_r400_500-8000.hdf5	right	left
2315.3468	1	Stimulus/S  1	1	23153468	23153476	4	2	60	pips_l40_r400_500-8000.hdf5	right	left
2316.3921	1	Stimulus/S  1	1	23163921	23163929	4	3	70	pips_l40_r400_500-8000.hdf5	right	left
2317.4588	1	Stimulus/S  1	1	23174588	23174596	4	4	50	pips_l40_r400_500-8000.hdf5	right	left
2318.5255	1	Stimulus/S  1	1	23185255	23185263	4	5	30	pips_l40_r400_500-8000.hdf5	right	left
2319.5815	1	Stimulus/S  1	1	23195815	23195823	5	0	20	pips_l40_r400_500-8000.hdf5	right	left
2320.6482	1	Stimulus/S  1	1	23206482	23206490	5	1	40	pips_l40_r400_500-8000.hdf5	right	left
2321.7148	1	Stimulus/S  1	1	23217148	23217156	5	2	60	pips_l40_r400_500-8000.hdf5	right	left
2322.7602	1	Stimulus/S  1	1	23227602	23227610	5	3	70	pips_l40_r400_500-8000.hdf5	right	left
2323.8055	1	Stimulus/S  1	1	23238055	23238063	5	4	50	pips_l40_r400_500-8000.hdf5	right	left
2324.8722	1	Stimulus/S  1	1	23248722	23248730	5	5	30	pips_l40_r400_500-8000.hdf5	right	left
2325.9389	1	Stimulus/S  1	1	23259389	23259397	6	0	20	pips_l40_r400_500-8000.hdf5	right	left
2326.9949	1	Stimulus/S  1	1	23269949	23269957	6	1	40	pips_l40_r400_500-8000.hdf5	right	left
2328.0402	1	Stimulus/S  1	1	23280402	23280410	6	2	60	pips_l40_r400_500-8000.hdf5	right	left
2329.1069	1	Stimulus/S  1	1	23291069	23291077	6	3	70	pips_l40_r400_500-8000.hdf5	right	left
2330.1629	1	Stimulus/S  1	1	23301629	23301637	6	4	50	pips_l40_r400_500-8000.hdf5	right	left
2331.2083	1	Stimulus/S  1	1	23312083	23312091	6	5	30	pips_l40_r400_500-8000.hdf5	right	left
2332.2643	1	Stimulus/S  1	1	23322643	23322651	7	0	20	pips_l40_r400_500-8000.hdf5	right	left
2333.3096	1	Stimulus/S  1	1	23333096	23333104	7	1	40	pips_l40_r400_500-8000.hdf5	right	left
2334.3763	1	Stimulus/S  1	1	23343763	23343771	7	2	60	pips_l40_r400_500-8000.hdf5	right	left
2335.443	1	Stimulus/S  1	1	23354430	23354438	7	3	70	pips_l40_r400_500-8000.hdf5	right	left
2336.5097	1	Stimulus/S  1	1	23365097	23365105	7	4	50	pips_l40_r400_500-8000.hdf5	right	left
2337.555	1	Stimulus/S  1	1	23375550	23375558	7	5	30	pips_l40_r400_500-8000.hdf5	right	left
2338.611	1	Stimulus/S  1	1	23386110	23386118	8	0	20	pips_l40_r400_500-8000.hdf5	right	left
2339.6777	1	Stimulus/S  1	1	23396777	23396785	8	1	40	pips_l40_r400_500-8000.hdf5	right	left
2340.723	1	Stimulus/S  1	1	23407230	23407238	8	2	60	pips_l40_r400_500-8000.hdf5	right	left
2341.7791	1	Stimulus/S  1	1	23417791	23417799	8	3	70	pips_l40_r400_500-8000.hdf5	right	left
2342.8457	1	Stimulus/S  1	1	23428457	23428465	8	4	50	pips_l40_r400_500-8000.hdf5	right	left
2343.9124	1	Stimulus/S  1	1	23439124	23439132	8	5	30	pips_l40_r400_500-8000.hdf5	right	left
2344.9791	1	Stimulus/S  1	1	23449791	23449799	9	0	20	pips_l40_r400_500-8000.hdf5	right	left
2346.0244	1	Stimulus/S  1	1	23460244	23460252	9	1	40	pips_l40_r400_500-8000.hdf5	right	left
2347.0804	1	Stimulus/S  1	1	23470804	23470812	9	2	60	pips_l40_r400_500-8000.hdf5	right	left
2348.1471	1	Stimulus/S  1	1	23481471	23481479	9	3	70	pips_l40_r400_500-8000.hdf5	right	left
2349.2138	1	Stimulus/S  1	1	23492138	23492146	9	4	50	pips_l40_r400_500-8000.hdf5	right	left
2350.2805	1	Stimulus/S  1	1	23502805	23502813	9	5	30	pips_l40_r400_500-8000.hdf5	right	left
2351.3258	1	Stimulus/S  1	1	23513258	23513266	10	0	20	pips_l40_r400_500-8000.hdf5	right	left
2352.3818	1	Stimulus/S  1	1	23523818	23523826	10	1	40	pips_l40_r400_500-8000.hdf5	right	left
2353.4272	1	Stimulus/S  1	1	23534272	23534280	10	2	60	pips_l40_r400_500-8000.hdf5	right	left
2354.4725	1	Stimulus/S  1	1	23544725	23544733	10	3	70	pips_l40_r400_500-8000.hdf5	right	left
2355.5392	1	Stimulus/S  1	1	23555392	23555400	10	4	50	pips_l40_r400_500-8000.hdf5	right	left
2356.6059	1	Stimulus/S  1	1	23566059	23566067	10	5	30	pips_l40_r400_500-8000.hdf5	right	left
2357.6725	1	Stimulus/S  1	1	23576725	23576733	11	0	20	pips_l40_r400_500-8000.hdf5	right	left
2358.7392	1	Stimulus/S  1	1	23587392	23587400	11	1	40	pips_l40_r400_500-8000.hdf5	right	left
2359.8059	1	Stimulus/S  1	1	23598059	23598067	11	2	60	pips_l40_r400_500-8000.hdf5	right	left
2360.8619	1	Stimulus/S  1	1	23608619	23608627	11	3	70	pips_l40_r400_500-8000.hdf5	right	left
2361.9073	1	Stimulus/S  1	1	23619073	23619081	11	4	50	pips_l40_r400_500-8000.hdf5	right	left
2362.9739	1	Stimulus/S  1	1	23629739	23629747	11	5	30	pips_l40_r400_500-8000.hdf5	right	left
2364.0299	1	Stimulus/S  1	1	23640299	23640307	12	0	20	pips_l40_r400_500-8000.hdf5	right	left
2365.0753	1	Stimulus/S  1	1	23650753	23650761	12	1	40	pips_l40_r400_500-8000.hdf5	right	left
2366.1313	1	Stimulus/S  1	1	23661313	23661321	12	2	60	pips_l40_r400_500-8000.hdf5	right	left
2367.198	1	Stimulus/S  1	1	23671980	23671988	12	3	70	pips_l40_r400_500-8000.hdf5	right	left
2368.2647	1	Stimulus/S  1	1	23682647	23682655	12	4	50	pips_l40_r400_500-8000.hdf5	right	left
2369.3313	1	Stimulus/S  1	1	23693313	23693321	12	5	30	pips_l40_r400_500-8000.hdf5	right	left
2370.3767	1	Stimulus/S  1	1	23703767	23703775	13	0	20	pips_l40_r400_500-8000.hdf5	right	left
2371.422	1	Stimulus/S  1	1	23714220	23714228	13	1	40	pips_l40_r400_500-8000.hdf5	right	left
2372.4994	1	Stimulus/S  1	1	23724994	23725002	13	2	60	pips_l40_r400_500-8000.hdf5	right	left
2373.5447	1	Stimulus/S  1	1	23735447	23735455	13	3	70	pips_l40_r400_500-8000.hdf5	right	left
2374.59	1	Stimulus/S  1	1	23745900	23745908	13	4	50	pips_l40_r400_500-8000.hdf5	right	left
2375.6461	1	Stimulus/S  1	1	23756461	23756469	13	5	30	pips_l40_r400_500-8000.hdf5	right	left
2376.6914	1	Stimulus/S  1	1	23766914	23766922	14	0	20	pips_l40_r400_500-8000.hdf5	right	left
2377.7581	1	Stimulus/S  1	1	23777581	23777589	14	1	40	pips_l40_r400_500-8000.hdf5	right	left
2378.8248	1	Stimulus/S  1	1	23788248	23788256	14	2	60	pips_l40_r400_500-8000.hdf5	right	left
2379.8808	1	Stimulus/S  1	1	23798808	23798816	14	3	70	pips_l40_r400_500-8000.hdf5	right	left
2380.9474	1	Stimulus/S  1	1	23809474	23809482	14	4	50	pips_l40_r400_500-8000.hdf5	right	left
2382.0141	1	Stimulus/S  1	1	23820141	23820149	14	5	30	pips_l40_r400_500-8000.hdf5	right	left
2383.0595	1	Stimulus/S  1	1	23830595	23830603	15	0	20	pips_l40_r400_500-8000.hdf5	right	left
2384.1155	1	Stimulus/S  1	1	23841155	23841163	15	1	40	pips_l40_r400_500-8000.hdf5	right	left
2385.1822	1	Stimulus/S  1	1	23851822	23851830	15	2	60	pips_l40_r400_500-8000.hdf5	right	left
2386.2275	1	Stimulus/S  1	1	23862275	23862283	15	3	70	pips_l40_r400_500-8000.hdf5	right	left
2387.2728	1	Stimulus/S  1	1	23872728	23872736	15	4	50	pips_l40_r400_500-8000.hdf5	right	left
2388.3395	1	Stimulus/S  1	1	23883395	23883403	15	5	30	pips_l40_r400_500-8000.hdf5	right	left
2389.3955	1	Stimulus/S  1	1	23893955	23893963	16	0	20	pips_l40_r400_500-8000.hdf5	right	left
2390.4409	1	Stimulus/S  1	1	23904409	23904417	16	1	40	pips_l40_r400_500-8000.hdf5	right	left
2391.4969	1	Stimulus/S  1	1	23914969	23914977	16	2	60	pips_l40_r400_500-8000.hdf5	right	left
2392.5636	1	Stimulus/S  1	1	23925636	23925644	16	3	70	pips_l40_r400_500-8000.hdf5	right	left
2393.6089	1	Stimulus/S  1	1	23936089	23936097	16	4	50	pips_l40_r400_500-8000.hdf5	right	left
2394.6649	1	Stimulus/S  1	1	23946649	23946657	16	5	30	pips_l40_r400_500-8000.hdf5	right	left
2395.7316	1	Stimulus/S  1	1	23957316	23957324	17	0	20	pips_l40_r400_500-8000.hdf5	right	left
2396.7983	1	Stimulus/S  1	1	23967983	23967991	17	1	40	pips_l40_r400_500-8000.hdf5	right	left
2397.8436	1	Stimulus/S  1	1	23978436	23978444	17	2	60	pips_l40_r400_500-8000.hdf5	right	left
2398.9103	1	Stimulus/S  1	1	23989103	23989111	17	3	70	pips_l40_r400_500-8000.hdf5	right	left
2399.977	1	Stimulus/S  1	1	23999770	23999778	17	4	50	pips_l40_r400_500-8000.hdf5	right	left
2401.0223	1	Stimulus/S  1	1	24010223	24010231	17	5	30	pips_l40_r400_500-8000.hdf5	right	left
2402.0783	1	Stimulus/S  1	1	24020783	24020791	18	0	20	pips_l40_r400_500-8000.hdf5	right	left
2403.1237	1	Stimulus/S  1	1	24031237	24031245	18	1	40	pips_l40_r400_500-8000.hdf5	right	left
2404.1797	1	Stimulus/S  1	1	24041797	24041805	18	2	60	pips_l40_r400_500-8000.hdf5	right	left
2405.2464	1	Stimulus/S  1	1	24052464	24052472	18	3	70	pips_l40_r400_500-8000.hdf5	right	left
2406.313	1	Stimulus/S  1	1	24063130	24063138	18	4	50	pips_l40_r400_500-8000.hdf5	right	left
2407.3797	1	Stimulus/S  1	1	24073797	24073805	18	5	30	pips_l40_r400_500-8000.hdf5	right	left
2408.4464	1	Stimulus/S  1	1	24084464	24084472	19	0	20	pips_l40_r400_500-8000.hdf5	right	left
2409.5131	1	Stimulus/S  1	1	24095131	24095139	19	1	40	pips_l40_r400_500-8000.hdf5	right	left
2410.5584	1	Stimulus/S  1	1	24105584	24105592	19	2	60	pips_l40_r400_500-8000.hdf5	right	left
2411.6251	1	Stimulus/S  1	1	24116251	24116259	19	3	70	pips_l40_r400_500-8000.hdf5	right	left
2412.6918	1	Stimulus/S  1	1	24126918	24126926	19	4	50	pips_l40_r400_500-8000.hdf5	right	left
2413.7478	1	Stimulus/S  1	1	24137478	24137486	19	5	30	pips_l40_r400_500-8000.hdf5	right	left
2414.7931	1	Stimulus/S  1	1	24147931	24147939	20	0	20	pips_l40_r400_500-8000.hdf5	right	left
2415.8491	1	Stimulus/S  1	1	24158491	24158499	20	1	40	pips_l40_r400_500-8000.hdf5	right	left
2416.8945	1	Stimulus/S  1	1	24168945	24168953	20	2	60	pips_l40_r400_500-8000.hdf5	right	left
2417.9611	1	Stimulus/S  1	1	24179611	24179619	20	3	70	pips_l40_r400_500-8000.hdf5	right	left
2419.0278	1	Stimulus/S  1	1	24190278	24190286	20	4	50	pips_l40_r400_500-8000.hdf5	right	left
2420.0732	1	Stimulus/S  1	1	24200732	24200740	20	5	30	pips_l40_r400_500-8000.hdf5	right	left
2421.1292	1	Stimulus/S  1	1	24211292	24211300	21	0	20	pips_l40_r400_500-8000.hdf5	right	left
2422.1745	1	Stimulus/S  1	1	24221745	24221753	21	1	40	pips_l40_r400_500-8000.hdf5	right	left
2423.2412	1	Stimulus/S  1	1	24232412	24232420	21	2	60	pips_l40_r400_500-8000.hdf5	right	left
2424.3079	1	Stimulus/S  1	1	24243079	24243087	21	3	70	pips_l40_r400_500-8000.hdf5	right	left
2425.3639	1	Stimulus/S  1	1	24253639	24253647	21	4	50	pips_l40_r400_500-8000.hdf5	right	left
2426.4092	1	Stimulus/S  1	1	24264092	24264100	21	5	30	pips_l40_r400_500-8000.hdf5	right	left
2427.4652	1	Stimulus/S  1	1	24274652	24274660	22	0	20	pips_l40_r400_500-8000.hdf5	right	left
2428.5319	1	Stimulus/S  1	1	24285319	24285327	22	1	40	pips_l40_r400_500-8000.hdf5	right	left
2429.5986	1	Stimulus/S  1	1	24295986	24295994	22	2	60	pips_l40_r400_500-8000.hdf5	right	left
2430.6653	1	Stimulus/S  1	1	24306653	24306661	22	3	70	pips_l40_r400_500-8000.hdf5	right	left
2431.732	1	Stimulus/S  1	1	24317320	24317328	22	4	50	pips_l40_r400_500-8000.hdf5	right	left
2432.7986	1	Stimulus/S  1	1	24327986	24327994	22	5	30	pips_l40_r400_500-8000.hdf5	right	left
2433.8653	1	Stimulus/S  1	1	24338653	24338661	23	0	20	pips_l40_r400_500-8000.hdf5	right	left
2434.932	1	Stimulus/S  1	1	24349320	24349328	23	1	40	pips_l40_r400_500-8000.hdf5	right	left
2435.9987	1	Stimulus/S  1	1	24359987	24359995	23	2	60	pips_l40_r400_500-8000.hdf5	right	left
2437.0653	1	Stimulus/S  1	1	24370653	24370661	23	3	70	pips_l40_r400_500-8000.hdf5	right	left
2438.1107	1	Stimulus/S  1	1	24381107	24381115	23	4	50	pips_l40_r400_500-8000.hdf5	right	left
2439.1667	1	Stimulus/S  1	1	24391667	24391675	23	5	30	pips_l40_r400_500-8000.hdf5	right	left
2440.2334	1	Stimulus/S  1	1	24402334	24402342	24	0	20	pips_l40_r400_500-8000.hdf5	right	left
2441.3001	1	Stimulus/S  1	1	24413001	24413009	24	1	40	pips_l40_r400_500-8000.hdf5	right	left
2442.3454	1	Stimulus/S  1	1	24423454	24423462	24	2	60	pips_l40_r400_500-8000.hdf5	right	left
2443.3907	1	Stimulus/S  1	1	24433907	24433915	24	3	70	pips_l40_r400_500-8000.hdf5	right	left
2444.4467	1	Stimulus/S  1	1	24444467	24444475	24	4	50	pips_l40_r400_500-8000.hdf5	right	left
2445.5134	1	Stimulus/S  1	1	24455134	24455142	24	5	30	pips_l40_r400_500-8000.hdf5	right	left
2446.5801	1	Stimulus/S  1	1	24465801	24465809	25	0	20	pips_l40_r400_500-8000.hdf5	right	left
2447.6468	1	Stimulus/S  1	1	24476468	24476476	25	1	40	pips_l40_r400_500-8000.hdf5	right	left
2448.7135	1	Stimulus/S  1	1	24487135	24487143	25	2	60	pips_l40_r400_500-8000.hdf5	right	left
2449.7801	1	Stimulus/S  1	1	24497801	24497809	25	3	70	pips_l40_r400_500-8000.hdf5	right	left
2450.8255	1	Stimulus/S  1	1	24508255	24508263	25	4	50	pips_l40_r400_500-8000.hdf5	right	left
2451.8815	1	Stimulus/S  1	1	24518815	24518823	25	5	30	pips_l40_r400_500-8000.hdf5	right	left
2452.9268	1	Stimulus/S  1	1	24529268	24529276	26	0	20	pips_l40_r400_500-8000.hdf5	right	left
2453.9935	1	Stimulus/S  1	1	24539935	24539943	26	1	40	pips_l40_r400_500-8000.hdf5	right	left
2455.0602	1	Stimulus/S  1	1	24550602	24550610	26	2	60	pips_l40_r400_500-8000.hdf5	right	left
2456.1162	1	Stimulus/S  1	1	24561162	24561170	26	3	70	pips_l40_r400_500-8000.hdf5	right	left
2457.1829	1	Stimulus/S  1	1	24571829	24571837	26	4	50	pips_l40_r400_500-8000.hdf5	right	left
2458.2496	1	Stimulus/S  1	1	24582496	24582504	26	5	30	pips_l40_r400_500-8000.hdf5	right	left
2459.2949	1	Stimulus/S  1	1	24592949	24592957	27	0	20	pips_l40_r400_500-8000.hdf5	right	left
2460.3402	1	Stimulus/S  1	1	24603402	24603410	27	1	40	pips_l40_r400_500-8000.hdf5	right	left
2461.4176	1	Stimulus/S  1	1	24614176	24614184	27	2	60	pips_l40_r400_500-8000.hdf5	right	left
2462.4629	1	Stimulus/S  1	1	24624629	24624637	27	3	70	pips_l40_r400_500-8000.hdf5	right	left
2463.5083	1	Stimulus/S  1	1	24635083	24635091	27	4	50	pips_l40_r400_500-8000.hdf5	right	left
2464.575	1	Stimulus/S  1	1	24645750	24645758	27	5	30	pips_l40_r400_500-8000.hdf5	right	left
2465.6416	1	Stimulus/S  1	1	24656416	24656424	28	0	20	pips_l40_r400_500-8000.hdf5	right	left
2466.6976	1	Stimulus/S  1	1	24666976	24666984	28	1	40	pips_l40_r400_500-8000.hdf5	right	left
2467.743	1	Stimulus/S  1	1	24677430	24677438	28	2	60	pips_l40_r400_500-8000.hdf5	right	left
2468.8097	1	Stimulus/S  1	1	24688097	24688105	28	3	70	pips_l40_r400_500-8000.hdf5	right	left
2469.8763	1	Stimulus/S  1	1	24698763	24698771	28	4	50	pips_l40_r400_500-8000.hdf5	right	left
2470.9323	1	Stimulus/S  1	1	24709323	24709331	28	5	30	pips_l40_r400_500-8000.hdf5	right	left
2471.9777	1	Stimulus/S  1	1	24719777	24719785	29	0	20	pips_l40_r400_500-8000.hdf5	right	left
2473.0444	1	Stimulus/S  1	1	24730444	24730452	29	1	40	pips_l40_r400_500-8000.hdf5	right	left
2474.1004	1	Stimulus/S  1	1	24741004	24741012	29	2	60	pips_l40_r400_500-8000.hdf5	right	left
2475.1457	1	Stimulus/S  1	1	24751457	24751465	29	3	70	pips_l40_r400_500-8000.hdf5	right	left
2476.1911	1	Stimulus/S  1	1	24761911	24761919	29	4	50	pips_l40_r400_500-8000.hdf5	right	left
2477.2577	1	Stimulus/S  1	1	24772577	24772585	29	5	30	pips_l40_r400_500-8000.hdf5	right	left
2478.3244	1	Stimulus/S  1	1	24783244	24783252	30	0	20	pips_l40_r400_500-8000.hdf5	right	left
2479.3804	1	Stimulus/S  1	1	24793804	24793812	30	1	40	pips_l40_r400_500-8000.hdf5	right	left
2480.4471	1	Stimulus/S  1	1	24804471	24804479	30	2	60	pips_l40_r400_500-8000.hdf5	right	left
2481.5138	1	Stimulus/S  1	1	24815138	24815146	30	3	70	pips_l40_r400_500-8000.hdf5	right	left
2482.5591	1	Stimulus/S  1	1	24825591	24825599	30	4	50	pips_l40_r400_500-8000.hdf5	right	left
2483.6258	1	Stimulus/S  1	1	24836258	24836266	30	5	30	pips_l40_r400_500-8000.hdf5	right	left
2484.6925	1	Stimulus/S  1	1	24846925	24846933	31	0	20	pips_l40_r400_500-8000.hdf5	right	left
2485.7592	1	Stimulus/S  1	1	24857592	24857600	31	1	40	pips_l40_r400_500-8000.hdf5	right	left
2486.8258	1	Stimulus/S  1	1	24868258	24868266	31	2	60	pips_l40_r400_500-8000.hdf5	right	left
2487.8925	1	Stimulus/S  1	1	24878925	24878933	31	3	70	pips_l40_r400_500-8000.hdf5	right	left
2488.9592	1	Stimulus/S  1	1	24889592	24889600	31	4	50	pips_l40_r400_500-8000.hdf5	right	left
2490.0259	1	Stimulus/S  1	1	24900259	24900267	31	5	30	pips_l40_r400_500-8000.hdf5	right	left
2491.0926	1	Stimulus/S  1	1	24910926	24910934	32	0	20	pips_l40_r400_500-8000.hdf5	right	left
2492.1486	1	Stimulus/S  1	1	24921486	24921494	32	1	40	pips_l40_r400_500-8000.hdf5	right	left
2493.1939	1	Stimulus/S  1	1	24931939	24931947	32	2	60	pips_l40_r400_500-8000.hdf5	right	left
2494.2499	1	Stimulus/S  1	1	24942499	24942507	32	3	70	pips_l40_r400_500-8000.hdf5	right	left
2495.3166	1	Stimulus/S  1	1	24953166	24953174	32	4	50	pips_l40_r400_500-8000.hdf5	right	left
2496.3619	1	Stimulus/S  1	1	24963619	24963627	32	5	30	pips_l40_r400_500-8000.hdf5	right	left
2497.4179	1	Stimulus/S  1	1	24974179	24974187	33	0	20	pips_l40_r400_500-8000.hdf5	right	left
2498.4633	1	Stimulus/S  1	1	24984633	24984641	33	1	40	pips_l40_r400_500-8000.hdf5	right	left
2499.53	1	Stimulus/S  1	1	24995300	24995308	33	2	60	pips_l40_r400_500-8000.hdf5	right	left
2500.5966	1	Stimulus/S  1	1	25005966	25005974	33	3	70	pips_l40_r400_500-8000.hdf5	right	left
2501.6633	1	Stimulus/S  1	1	25016633	25016641	33	4	50	pips_l40_r400_500-8000.hdf5	right	left
2502.73	1	Stimulus/S  1	1	25027300	25027308	33	5	30	pips_l40_r400_500-8000.hdf5	right	left
2503.7967	1	Stimulus/S  1	1	25037967	25037975	34	0	20	pips_l40_r400_500-8000.hdf5	right	left
2504.842	1	Stimulus/S  1	1	25048420	25048428	34	1	40	pips_l40_r400_500-8000.hdf5	right	left
2505.898	1	Stimulus/S  1	1	25058980	25058988	34	2	60	pips_l40_r400_500-8000.hdf5	right	left
2506.9434	1	Stimulus/S  1	1	25069434	25069442	34	3	70	pips_l40_r400_500-8000.hdf5	right	left
2507.9994	1	Stimulus/S  1	1	25079994	25080002	34	4	50	pips_l40_r400_500-8000.hdf5	right	left
2509.0447	1	Stimulus/S  1	1	25090447	25090455	34	5	30	pips_l40_r400_500-8000.hdf5	right	left
2510.1114	1	Stimulus/S  1	1	25101114	25101122	35	0	20	pips_l40_r400_500-8000.hdf5	right	left
2511.1781	1	Stimulus/S  1	1	25111781	25111789	35	1	40	pips_l40_r400_500-8000.hdf5	right	left
2512.2341	1	Stimulus/S  1	1	25122341	25122349	35	2	60	pips_l40_r400_500-8000.hdf5	right	left
2513.2794	1	Stimulus/S  1	1	25132794	25132802	35	3	70	pips_l40_r400_500-8000.hdf5	right	left
2514.3248	1	Stimulus/S  1	1	25143248	25143256	35	4	50	pips_l40_r400_500-8000.hdf5	right	left
2515.3808	1	Stimulus/S  1	1	25153808	25153816	35	5	30	pips_l40_r400_500-8000.hdf5	right	left
2516.4475	1	Stimulus/S  1	1	25164475	25164483	36	0	20	pips_l40_r400_500-8000.hdf5	right	left
2517.5142	1	Stimulus/S  1	1	25175142	25175150	36	1	40	pips_l40_r400_500-8000.hdf5	right	left
2518.5595	1	Stimulus/S  1	1	25185595	25185603	36	2	60	pips_l40_r400_500-8000.hdf5	right	left
2519.6155	1	Stimulus/S  1	1	25196155	25196163	36	3	70	pips_l40_r400_500-8000.hdf5	right	left
2520.6608	1	Stimulus/S  1	1	25206608	25206616	36	4	50	pips_l40_r400_500-8000.hdf5	right	left
2521.7169	1	Stimulus/S  1	1	25217169	25217177	36	5	30	pips_l40_r400_500-8000.hdf5	right	left
2522.7835	1	Stimulus/S  1	1	25227835	25227843	37	0	20	pips_l40_r400_500-8000.hdf5	right	left
2523.8502	1	Stimulus/S  1	1	25238502	25238510	37	1	40	pips_l40_r400_500-8000.hdf5	right	left
2524.9169	1	Stimulus/S  1	1	25249169	25249177	37	2	60	pips_l40_r400_500-8000.hdf5	right	left
2525.9836	1	Stimulus/S  1	1	25259836	25259844	37	3	70	pips_l40_r400_500-8000.hdf5	right	left
2527.0502	1	Stimulus/S  1	1	25270502	25270510	37	4	50	pips_l40_r400_500-8000.hdf5	right	left
2528.0956	1	Stimulus/S  1	1	25280956	25280964	37	5	30	pips_l40_r400_500-8000.hdf5	right	left
2529.1516	1	Stimulus/S  1	1	25291516	25291524	38	0	20	pips_l40_r400_500-8000.hdf5	right	left
2530.1969	1	Stimulus/S  1	1	25301969	25301977	38	1	40	pips_l40_r400_500-8000.hdf5	right	left
2531.2423	1	Stimulus/S  1	1	25312423	25312431	38	2	60	pips_l40_r400_500-8000.hdf5	right	left
2532.2983	1	Stimulus/S  1	1	25322983	25322991	38	3	70	pips_l40_r400_500-8000.hdf5	right	left
2533.365	1	Stimulus/S  1	1	25333650	25333658	38	4	50	pips_l40_r400_500-8000.hdf5	right	left
2534.4317	1	Stimulus/S  1	1	25344317	25344325	38	5	30	pips_l40_r400_500-8000.hdf5	right	left
2535.477	1	Stimulus/S  1	1	25354770	25354778	39	0	20	pips_l40_r400_500-8000.hdf5	right	left
2536.533	1	Stimulus/S  1	1	25365330	25365338	39	1	40	pips_l40_r400_500-8000.hdf5	right	left
2537.5997	1	Stimulus/S  1	1	25375997	25376005	39	2	60	pips_l40_r400_500-8000.hdf5	right	left
2538.6664	1	Stimulus/S  1	1	25386664	25386672	39	3	70	pips_l40_r400_500-8000.hdf5	right	left
2539.733	1	Stimulus/S  1	1	25397330	25397338	39	4	50	pips_l40_r400_500-8000.hdf5	right	left
2540.7784	1	Stimulus/S  1	1	25407784	25407792	39	5	30	pips_l40_r400_500-8000.hdf5	right	left
2541.8344	1	Stimulus/S  1	1	25418344	25418352	40	0	20	pips_l40_r400_500-8000.hdf5	right	left
2542.8797	1	Stimulus/S  1	1	25428797	25428805	40	1	40	pips_l40_r400_500-8000.hdf5	right	left
2543.9464	1	Stimulus/S  1	1	25439464	25439472	40	2	60	pips_l40_r400_500-8000.hdf5	right	left
2545.0024	1	Stimulus/S  1	1	25450024	25450032	40	3	70	pips_l40_r400_500-8000.hdf5	right	left
2546.0478	1	Stimulus/S  1	1	25460478	25460486	40	4	50	pips_l40_r400_500-8000.hdf5	right	left
2547.0931	1	Stimulus/S  1	1	25470931	25470939	40	5	30	pips_l40_r400_500-8000.hdf5	right	left
2548.1598	1	Stimulus/S  1	1	25481598	25481606	41	0	20	pips_l40_r400_500-8000.hdf5	right	left
2549.2158	1	Stimulus/S  1	1	25492158	25492166	41	1	40	pips_l40_r400_500-8000.hdf5	right	left
2550.2611	1	Stimulus/S  1	1	25502611	25502619	41	2	60	pips_l40_r400_500-8000.hdf5	right	left
2551.3278	1	Stimulus/S  1	1	25513278	25513286	41	3	70	pips_l40_r400_500-8000.hdf5	right	left
2552.3945	1	Stimulus/S  1	1	25523945	25523953	41	4	50	pips_l40_r400_500-8000.hdf5	right	left
2553.4612	1	Stimulus/S  1	1	25534612	25534620	41	5	30	pips_l40_r400_500-8000.hdf5	right	left
2554.5172	1	Stimulus/S  1	1	25545172	25545180	42	0	20	pips_l40_r400_500-8000.hdf5	right	left
2555.5625	1	Stimulus/S  1	1	25555625	25555633	42	1	40	pips_l40_r400_500-8000.hdf5	right	left
2556.6185	1	Stimulus/S  1	1	25566185	25566193	42	2	60	pips_l40_r400_500-8000.hdf5	right	left
2557.6639	1	Stimulus/S  1	1	25576639	25576647	42	3	70	pips_l40_r400_500-8000.hdf5	right	left
2558.7306	1	Stimulus/S  1	1	25587306	25587314	42	4	50	pips_l40_r400_500-8000.hdf5	right	left
2559.7759	1	Stimulus/S  1	1	25597759	25597767	42	5	30	pips_l40_r400_500-8000.hdf5	right	left
2560.8319	1	Stimulus/S  1	1	25608319	25608327	43	0	20	pips_l40_r400_500-8000.hdf5	right	left
2561.8986	1	Stimulus/S  1	1	25618986	25618994	43	1	40	pips_l40_r400_500-8000.hdf5	right	left
2562.9439	1	Stimulus/S  1	1	25629439	25629447	43	2	60	pips_l40_r400_500-8000.hdf5	right	left
2564.0	1	Stimulus/S  1	1	25640000	25640008	43	3	70	pips_l40_r400_500-8000.hdf5	right	left
2565.0666	1	Stimulus/S  1	1	25650666	25650674	43	4	50	pips_l40_r400_500-8000.hdf5	right	left
2566.112	1	Stimulus/S  1	1	25661120	25661128	43	5	30	pips_l40_r400_500-8000.hdf5	right	left
2567.168	1	Stimulus/S  1	1	25671680	25671688	44	0	20	pips_l40_r400_500-8000.hdf5	right	left
2568.2347	1	Stimulus/S  1	1	25682347	25682355	44	1	40	pips_l40_r400_500-8000.hdf5	right	left
2569.28	1	Stimulus/S  1	1	25692800	25692808	44	2	60	pips_l40_r400_500-8000.hdf5	right	left
2570.336	1	Stimulus/S  1	1	25703360	25703368	44	3	70	pips_l40_r400_500-8000.hdf5	right	left
2571.4027	1	Stimulus/S  1	1	25714027	25714035	44	4	50	pips_l40_r400_500-8000.hdf5	right	left
2572.4587	1	Stimulus/S  1	1	25724587	25724595	44	5	30	pips_l40_r400_500-8000.hdf5	right	left
2573.536	1	Stimulus/S  1	1	25735360	25735368	45	0	20	pips_l40_r400_500-8000.hdf5	right	left
2574.6027	1	Stimulus/S  1	1	25746027	25746035	45	1	40	pips_l40_r400_500-8000.hdf5	right	left
2575.6694	1	Stimulus/S  1	1	25756694	25756702	45	2	60	pips_l40_r400_500-8000.hdf5	right	left
2576.7361	1	Stimulus/S  1	1	25767361	25767369	45	3	70	pips_l40_r400_500-8000.hdf5	right	left
2577.8028	1	Stimulus/S  1	1	25778028	25778036	45	4	50	pips_l40_r400_500-8000.hdf5	right	left
2578.8481	1	Stimulus/S  1	1	25788481	25788489	45	5	30	pips_l40_r400_500-8000.hdf5	right	left
2579.8934	1	Stimulus/S  1	1	25798934	25798942	46	0	20	pips_l40_r400_500-8000.hdf5	right	left
2580.9495	1	Stimulus/S  1	1	25809495	25809503	46	1	40	pips_l40_r400_500-8000.hdf5	right	left
2582.0161	1	Stimulus/S  1	1	25820161	25820169	46	2	60	pips_l40_r400_500-8000.hdf5	right	left
2583.0615	1	Stimulus/S  1	1	25830615	25830623	46	3	70	pips_l40_r400_500-8000.hdf5	right	left
2584.1282	1	Stimulus/S  1	1	25841282	25841290	46	4	50	pips_l40_r400_500-8000.hdf5	right	left
2585.1948	1	Stimulus/S  1	1	25851948	25851956	46	5	30	pips_l40_r400_500-8000.hdf5	right	left
2586.2615	1	Stimulus/S  1	1	25862615	25862623	47	0	20	pips_l40_r400_500-8000.hdf5	right	left
2587.3175	1	Stimulus/S  1	1	25873175	25873183	47	1	40	pips_l40_r400_500-8000.hdf5	right	left
2588.3842	1	Stimulus/S  1	1	25883842	25883850	47	2	60	pips_l40_r400_500-8000.hdf5	right	left
2589.4509	1	Stimulus/S  1	1	25894509	25894517	47	3	70	pips_l40_r400_500-8000.hdf5	right	left
2590.4962	1	Stimulus/S  1	1	25904962	25904970	47	4	50	pips_l40_r400_500-8000.hdf5	right	left
2591.5522	1	Stimulus/S  1	1	25915522	25915530	47	5	30	pips_l40_r400_500-8000.hdf5	right	left
2592.6189	1	Stimulus/S  1	1	25926189	25926197	48	0	20	pips_l40_r400_500-8000.hdf5	right	left
2593.6856	1	Stimulus/S  1	1	25936856	25936864	48	1	40	pips_l40_r400_500-8000.hdf5	right	left
2594.7523	1	Stimulus/S  1	1	25947523	25947531	48	2	60	pips_l40_r400_500-8000.hdf5	right	left
2595.7976	1	Stimulus/S  1	1	25957976	25957984	48	3	70	pips_l40_r400_500-8000.hdf5	right	left
2596.8429	1	Stimulus/S  1	1	25968429	25968437	48	4	50	pips_l40_r400_500-8000.hdf5	right	left
2597.899	1	Stimulus/S  1	1	25978990	25978998	48	5	30	pips_l40_r400_500-8000.hdf5	right	left
2598.9443	1	Stimulus/S  1	1	25989443	25989451	49	0	20	pips_l40_r400_500-8000.hdf5	right	left
2600.011	1	Stimulus/S  1	1	26000110	26000118	49	1	40	pips_l40_r400_500-8000.hdf5	right	left
2601.067	1	Stimulus/S  1	1	26010670	26010678	49	2	60	pips_l40_r400_500-8000.hdf5	right	left
2602.1123	1	Stimulus/S  1	1	26021123	26021131	49	3	70	pips_l40_r400_500-8000.hdf5	right	left
2603.1683	1	Stimulus/S  1	1	26031683	26031691	49	4	50	pips_l40_r400_500-8000.hdf5	right	left
2604.235	1	Stimulus/S  1	1	26042350	26042358	49	5	30	pips_l40_r400_500-8000.hdf5	right	left
2605.3017	1	Stimulus/S  1	1	26053017	26053025	50	0	20	pips_l40_r400_500-8000.hdf5	right	left
2606.347	1	Stimulus/S  1	1	26063470	26063478	50	1	40	pips_l40_r400_500-8000.hdf5	right	left
2607.4031	1	Stimulus/S  1	1	26074031	26074039	50	2	60	pips_l40_r400_500-8000.hdf5	right	left
2608.4697	1	Stimulus/S  1	1	26084697	26084705	50	3	70	pips_l40_r400_500-8000.hdf5	right	left
2609.5364	1	Stimulus/S  1	1	26095364	26095372	50	4	50	pips_l40_r400_500-8000.hdf5	right	left
2610.5818	1	Stimulus/S  1	1	26105818	26105826	50	5	30	pips_l40_r400_500-8000.hdf5	right	left
2611.6271	1	Stimulus/S  1	1	26116271	26116279	51	0	20	pips_l40_r400_500-8000.hdf5	right	left
2612.6831	1	Stimulus/S  1	1	26126831	26126839	51	1	40	pips_l40_r400_500-8000.hdf5	right	left
2613.7498	1	Stimulus/S  1	1	26137498	26137506	51	2	60	pips_l40_r400_500-8000.hdf5	right	left
2614.8165	1	Stimulus/S  1	1	26148165	26148173	51	3	70	pips_l40_r400_500-8000.hdf5	right	left
2615.8831	1	Stimulus/S  1	1	26158831	26158839	51	4	50	pips_l40_r400_500-8000.hdf5	right	left
2616.9285	1	Stimulus/S  1	1	26169285	26169293	51	5	30	pips_l40_r400_500-8000.hdf5	right	left
2617.9845	1	Stimulus/S  1	1	26179845	26179853	52	0	20	pips_l40_r400_500-8000.hdf5	right	left
2619.0298	1	Stimulus/S  1	1	26190298	26190306	52	1	40	pips_l40_r400_500-8000.hdf5	right	left
2620.0858	1	Stimulus/S  1	1	26200858	26200866	52	2	60	pips_l40_r400_500-8000.hdf5	right	left
2621.1312	1	Stimulus/S  1	1	26211312	26211320	52	3	70	pips_l40_r400_500-8000.hdf5	right	left
2622.1765	1	Stimulus/S  1	1	26221765	26221773	52	4	50	pips_l40_r400_500-8000.hdf5	right	left
2623.2325	1	Stimulus/S  1	1	26232325	26232333	52	5	30	pips_l40_r400_500-8000.hdf5	right	left
2624.2992	1	Stimulus/S  1	1	26242992	26243000	53	0	20	pips_l40_r400_500-8000.hdf5	right	left
2625.3659	1	Stimulus/S  1	1	26253659	26253667	53	1	40	pips_l40_r400_500-8000.hdf5	right	left
2626.4112	1	Stimulus/S  1	1	26264112	26264120	53	2	60	pips_l40_r400_500-8000.hdf5	right	left
2627.4673	1	Stimulus/S  1	1	26274673	26274681	53	3	70	pips_l40_r400_500-8000.hdf5	right	left
2628.5339	1	Stimulus/S  1	1	26285339	26285347	53	4	50	pips_l40_r400_500-8000.hdf5	right	left
2629.6006	1	Stimulus/S  1	1	26296006	26296014	53	5	30	pips_l40_r400_500-8000.hdf5	right	left
2630.646	1	Stimulus/S  1	1	26306460	26306468	54	0	20	pips_l40_r400_500-8000.hdf5	right	left
2631.702	1	Stimulus/S  1	1	26317020	26317028	54	1	40	pips_l40_r400_500-8000.hdf5	right	left
2632.7686	1	Stimulus/S  1	1	26327686	26327694	54	2	60	pips_l40_r400_500-8000.hdf5	right	left
2633.814	1	Stimulus/S  1	1	26338140	26338148	54	3	70	pips_l40_r400_500-8000.hdf5	right	left
2634.87	1	Stimulus/S  1	1	26348700	26348708	54	4	50	pips_l40_r400_500-8000.hdf5	right	left
2635.9367	1	Stimulus/S  1	1	26359367	26359375	54	5	30	pips_l40_r400_500-8000.hdf5	right	left
2636.982	1	Stimulus/S  1	1	26369820	26369828	55	0	20	pips_l40_r400_500-8000.hdf5	right	left
2638.0274	1	Stimulus/S  1	1	26380274	26380282	55	1	40	pips_l40_r400_500-8000.hdf5	right	left
2639.094	1	Stimulus/S  1	1	26390940	26390948	55	2	60	pips_l40_r400_500-8000.hdf5	right	left
2640.15	1	Stimulus/S  1	1	26401500	26401508	55	3	70	pips_l40_r400_500-8000.hdf5	right	left
2641.1954	1	Stimulus/S  1	1	26411954	26411962	55	4	50	pips_l40_r400_500-8000.hdf5	right	left
2642.2621	1	Stimulus/S  1	1	26422621	26422629	55	5	30	pips_l40_r400_500-8000.hdf5	right	left
2643.3181	1	Stimulus/S  1	1	26433181	26433189	56	0	20	pips_l40_r400_500-8000.hdf5	right	left
2644.3634	1	Stimulus/S  1	1	26443634	26443642	56	1	40	pips_l40_r400_500-8000.hdf5	right	left
2645.4301	1	Stimulus/S  1	1	26454301	26454309	56	2	60	pips_l40_r400_500-8000.hdf5	right	left
2646.4968	1	Stimulus/S  1	1	26464968	26464976	56	3	70	pips_l40_r400_500-8000.hdf5	right	left
2647.5528	1	Stimulus/S  1	1	26475528	26475536	56	4	50	pips_l40_r400_500-8000.hdf5	right	left
2648.5981	1	Stimulus/S  1	1	26485981	26485989	56	5	30	pips_l40_r400_500-8000.hdf5	right	left
2649.6648	1	Stimulus/S  1	1	26496648	26496656	57	0	20	pips_l40_r400_500-8000.hdf5	right	left
2650.7102	1	Stimulus/S  1	1	26507102	26507110	57	1	40	pips_l40_r400_500-8000.hdf5	right	left
2651.7662	1	Stimulus/S  1	1	26517662	26517670	57	2	60	pips_l40_r400_500-8000.hdf5	right	left
2652.8328	1	Stimulus/S  1	1	26528328	26528336	57	3	70	pips_l40_r400_500-8000.hdf5	right	left
2653.8782	1	Stimulus/S  1	1	26538782	26538790	57	4	50	pips_l40_r400_500-8000.hdf5	right	left
2654.9342	1	Stimulus/S  1	1	26549342	26549350	57	5	30	pips_l40_r400_500-8000.hdf5	right	left
2656.0009	1	Stimulus/S  1	1	26560009	26560017	58	0	20	pips_l40_r400_500-8000.hdf5	right	left
2657.0676	1	Stimulus/S  1	1	26570676	26570684	58	1	40	pips_l40_r400_500-8000.hdf5	right	left
2658.1129	1	Stimulus/S  1	1	26581129	26581137	58	2	60	pips_l40_r400_500-8000.hdf5	right	left
2659.1689	1	Stimulus/S  1	1	26591689	26591697	58	3	70	pips_l40_r400_500-8000.hdf5	right	left
2660.2356	1	Stimulus/S  1	1	26602356	26602364	58	4	50	pips_l40_r400_500-8000.hdf5	right	left
2661.3023	1	Stimulus/S  1	1	26613023	26613031	58	5	30	pips_l40_r400_500-8000.hdf5	right	left
2662.3476	1	Stimulus/S  1	1	26623476	26623484	59	0	20	pips_l40_r400_500-8000.hdf5	right	left
2663.4036	1	Stimulus/S  1	1	26634036	26634044	59	1	40	pips_l40_r400_500-8000.hdf5	right	left
2664.4703	1	Stimulus/S  1	1	26644703	26644711	59	2	60	pips_l40_r400_500-8000.hdf5	right	left
2665.537	1	Stimulus/S  1	1	26655370	26655378	59	3	70	pips_l40_r400_500-8000.hdf5	right	left
2666.5823	1	Stimulus/S  1	1	26665823	26665831	59	4	50	pips_l40_r400_500-8000.hdf5	right	left
2667.6277	1	Stimulus/S  1	1	26676277	26676285	59	5	30	pips_l40_r400_500-8000.hdf5	right	left
2668.6943	1	Stimulus/S  1	1	26686943	26686951	60	0	20	pips_l40_r400_500-8000.hdf5	right	left
2669.761	1	Stimulus/S  1	1	26697610	26697618	60	1	40	pips_l40_r400_500-8000.hdf5	right	left
2670.817	1	Stimulus/S  1	1	26708170	26708178	60	2	60	pips_l40_r400_500-8000.hdf5	right	left
2671.8624	1	Stimulus/S  1	1	26718624	26718632	60	3	70	pips_l40_r400_500-8000.hdf5	right	left
2672.9184	1	Stimulus/S  1	1	26729184	26729192	60	4	50	pips_l40_r400_500-8000.hdf5	right	left
2673.9637	1	Stimulus/S  1	1	26739637	26739645	60	5	30	pips_l40_r400_500-8000.hdf5	right	left
2675.0197	1	Stimulus/S  1	1	26750197	26750205	61	0	20	pips_l40_r400_500-8000.hdf5	right	left
2676.0651	1	Stimulus/S  1	1	26760651	26760659	61	1	40	pips_l40_r400_500-8000.hdf5	right	left
2677.1318	1	Stimulus/S  1	1	26771318	26771326	61	2	60	pips_l40_r400_500-8000.hdf5	right	left
2678.1984	1	Stimulus/S  1	1	26781984	26781992	61	3	70	pips_l40_r400_500-8000.hdf5	right	left
2679.2438	1	Stimulus/S  1	1	26792438	26792446	61	4	50	pips_l40_r400_500-8000.hdf5	right	left
2680.3211	1	Stimulus/S  1	1	26803211	26803219	61	5	30	pips_l40_r400_500-8000.hdf5	right	left
2681.3878	1	Stimulus/S  1	1	26813878	26813886	62	0	20	pips_l40_r400_500-8000.hdf5	right	left
2682.4331	1	Stimulus/S  1	1	26824331	26824339	62	1	40	pips_l40_r400_500-8000.hdf5	right	left
2683.4998	1	Stimulus/S  1	1	26834998	26835006	62	2	60	pips_l40_r400_500-8000.hdf5	right	left
2684.5665	1	Stimulus/S  1	1	26845665	26845673	62	3	70	pips_l40_r400_500-8000.hdf5	right	left
2685.6118	1	Stimulus/S  1	1	26856118	26856126	62	4	50	pips_l40_r400_500-8000.hdf5	right	left
2686.6678	1	Stimulus/S  1	1	26866678	26866686	62	5	30	pips_l40_r400_500-8000.hdf5	right	left
2687.7132	1	Stimulus/S  1	1	26877132	26877140	63	0	20	pips_l40_r400_500-8000.hdf5	right	left
2688.7692	1	Stimulus/S  1	1	26887692	26887700	63	1	40	pips_l40_r400_500-8000.hdf5	right	left
2689.8359	1	Stimulus/S  1	1	26898359	26898367	63	2	60	pips_l40_r400_500-8000.hdf5	right	left
2690.9026	1	Stimulus/S  1	1	26909026	26909034	63	3	70	pips_l40_r400_500-8000.hdf5	right	left
2691.9479	1	Stimulus/S  1	1	26919479	26919487	63	4	50	pips_l40_r400_500-8000.hdf5	right	left
2693.0039	1	Stimulus/S  1	1	26930039	26930047	63	5	30	pips_l40_r400_500-8000.hdf5	right	left
2694.0706	1	Stimulus/S  1	1	26940706	26940714	64	0	20	pips_l40_r400_500-8000.hdf5	right	left
2695.1159	1	Stimulus/S  1	1	26951159	26951167	64	1	40	pips_l40_r400_500-8000.hdf5	right	left
2696.1613	1	Stimulus/S  1	1	26961613	26961621	64	2	60	pips_l40_r400_500-8000.hdf5	right	left
2697.228	1	Stimulus/S  1	1	26972280	26972288	64	3	70	pips_l40_r400_500-8000.hdf5	right	left
2698.2946	1	Stimulus/S  1	1	26982946	26982954	64	4	50	pips_l40_r400_500-8000.hdf5	right	left
2699.3613	1	Stimulus/S  1	1	26993613	26993621	64	5	30	pips_l40_r400_500-8000.hdf5	right	left
2700.4173	1	Stimulus/S  1	1	27004173	27004181	65	0	20	pips_l40_r400_500-8000.hdf5	right	left
2701.4627	1	Stimulus/S  1	1	27014627	27014635	65	1	40	pips_l40_r400_500-8000.hdf5	right	left
2702.5187	1	Stimulus/S  1	1	27025187	27025195	65	2	60	pips_l40_r400_500-8000.hdf5	right	left
2703.564	1	Stimulus/S  1	1	27035640	27035648	65	3	70	pips_l40_r400_500-8000.hdf5	right	left
2704.6307	1	Stimulus/S  1	1	27046307	27046315	65	4	50	pips_l40_r400_500-8000.hdf5	right	left
2705.6974	1	Stimulus/S  1	1	27056974	27056982	65	5	30	pips_l40_r400_500-8000.hdf5	right	left
2706.7534	1	Stimulus/S  1	1	27067534	27067542	66	0	20	pips_l40_r400_500-8000.hdf5	right	left
2707.7987	1	Stimulus/S  1	1	27077987	27077995	66	1	40	pips_l40_r400_500-8000.hdf5	right	left
2708.8654	1	Stimulus/S  1	1	27088654	27088662	66	2	60	pips_l40_r400_500-8000.hdf5	right	left
2709.9107	1	Stimulus/S  1	1	27099107	27099115	66	3	70	pips_l40_r400_500-8000.hdf5	right	left
2710.9881	1	Stimulus/S  1	1	27109881	27109889	66	4	50	pips_l40_r400_500-8000.hdf5	right	left
2712.0334	1	Stimulus/S  1	1	27120334	27120342	66	5	30	pips_l40_r400_500-8000.hdf5	right	left
2713.0788	1	Stimulus/S  1	1	27130788	27130796	67	0	20	pips_l40_r400_500-8000.hdf5	right	left
2714.1455	1	Stimulus/S  1	1	27141455	27141463	67	1	40	pips_l40_r400_500-8000.hdf5	right	left
2715.2121	1	Stimulus/S  1	1	27152121	27152129	67	2	60	pips_l40_r400_500-8000.hdf5	right	left
2716.2681	1	Stimulus/S  1	1	27162681	27162689	67	3	70	pips_l40_r400_500-8000.hdf5	right	left
2717.3135	1	Stimulus/S  1	1	27173135	27173143	67	4	50	pips_l40_r400_500-8000.hdf5	right	left
2718.3802	1	Stimulus/S  1	1	27183802	27183810	67	5	30	pips_l40_r400_500-8000.hdf5	right	left
2719.4468	1	Stimulus/S  1	1	27194468	27194476	68	0	20	pips_l40_r400_500-8000.hdf5	right	left
2720.5029	1	Stimulus/S  1	1	27205029	27205037	68	1	40	pips_l40_r400_500-8000.hdf5	right	left
2721.5695	1	Stimulus/S  1	1	27215695	27215703	68	2	60	pips_l40_r400_500-8000.hdf5	right	left
2722.6362	1	Stimulus/S  1	1	27226362	27226370	68	3	70	pips_l40_r400_500-8000.hdf5	right	left
2723.6816	1	Stimulus/S  1	1	27236816	27236824	68	4	50	pips_l40_r400_500-8000.hdf5	right	left
2724.7376	1	Stimulus/S  1	1	27247376	27247384	68	5	30	pips_l40_r400_500-8000.hdf5	right	left
2725.7829	1	Stimulus/S  1	1	27257829	27257837	69	0	20	pips_l40_r400_500-8000.hdf5	right	left
2726.8282	1	Stimulus/S  1	1	27268282	27268290	69	1	40	pips_l40_r400_500-8000.hdf5	right	left
2727.9056	1	Stimulus/S  1	1	27279056	27279064	69	2	60	pips_l40_r400_500-8000.hdf5	right	left
2728.9723	1	Stimulus/S  1	1	27289723	27289731	69	3	70	pips_l40_r400_500-8000.hdf5	right	left
2730.0176	1	Stimulus/S  1	1	27300176	27300184	69	4	50	pips_l40_r400_500-8000.hdf5	right	left
2731.063	1	Stimulus/S  1	1	27310630	27310638	69	5	30	pips_l40_r400_500-8000.hdf5	right	left
2732.119	1	Stimulus/S  1	1	27321190	27321198	70	0	20	pips_l40_r400_500-8000.hdf5	right	left
2733.1856	1	Stimulus/S  1	1	27331856	27331864	70	1	40	pips_l40_r400_500-8000.hdf5	right	left
2734.231	1	Stimulus/S  1	1	27342310	27342318	70	2	60	pips_l40_r400_500-8000.hdf5	right	left
2735.287	1	Stimulus/S  1	1	27352870	27352878	70	3	70	pips_l40_r400_500-8000.hdf5	right	left
2736.3537	1	Stimulus/S  1	1	27363537	27363545	70	4	50	pips_l40_r400_500-8000.hdf5	right	left
2737.4204	1	Stimulus/S  1	1	27374204	27374212	70	5	30	pips_l40_r400_500-8000.hdf5	right	left
2738.4657	1	Stimulus/S  1	1	27384657	27384665	71	0	20	pips_l40_r400_500-8000.hdf5	right	left
2739.5217	1	Stimulus/S  1	1	27395217	27395225	71	1	40	pips_l40_r400_500-8000.hdf5	right	left
2740.5884	1	Stimulus/S  1	1	27405884	27405892	71	2	60	pips_l40_r400_500-8000.hdf5	right	left
2741.6337	1	Stimulus/S  1	1	27416337	27416345	71	3	70	pips_l40_r400_500-8000.hdf5	right	left
2742.6791	1	Stimulus/S  1	1	27426791	27426799	71	4	50	pips_l40_r400_500-8000.hdf5	right	left
2743.7458	1	Stimulus/S  1	1	27437458	27437466	71	5	30	pips_l40_r400_500-8000.hdf5	right	left
2744.8124	1	Stimulus/S  1	1	27448124	27448132	72	0	20	pips_l40_r400_500-8000.hdf5	right	left
2745.8684	1	Stimulus/S  1	1	27458684	27458692	72	1	40	pips_l40_r400_500-8000.hdf5	right	left
2746.9351	1	Stimulus/S  1	1	27469351	27469359	72	2	60	pips_l40_r400_500-8000.hdf5	right	left
2748.0018	1	Stimulus/S  1	1	27480018	27480026	72	3	70	pips_l40_r400_500-8000.hdf5	right	left
2749.0471	1	Stimulus/S  1	1	27490471	27490479	72	4	50	pips_l40_r400_500-8000.hdf5	right	left
2750.1031	1	Stimulus/S  1	1	27501031	27501039	72	5	30	pips_l40_r400_500-8000.hdf5	right	left
2751.1698	1	Stimulus/S  1	1	27511698	27511706	73	0	20	pips_l40_r400_500-8000.hdf5	right	left
2752.2365	1	Stimulus/S  1	1	27522365	27522373	73	1	40	pips_l40_r400_500-8000.hdf5	right	left
2753.2818	1	Stimulus/S  1	1	27532818	27532826	73	2	60	pips_l40_r400_500-8000.hdf5	right	left
2754.3379	1	Stimulus/S  1	1	27543379	27543387	73	3	70	pips_l40_r400_500-8000.hdf5	right	left
2755.4045	1	Stimulus/S  1	1	27554045	27554053	73	4	50	pips_l40_r400_500-8000.hdf5	right	left
2756.4499	1	Stimulus/S  1	1	27564499	27564507	73	5	30	pips_l40_r400_500-8000.hdf5	right	left
2757.5059	1	Stimulus/S  1	1	27575059	27575067	74	0	20	pips_l40_r400_500-8000.hdf5	right	left
2758.5512	1	Stimulus/S  1	1	27585512	27585520	74	1	40	pips_l40_r400_500-8000.hdf5	right	left
2759.6179	1	Stimulus/S  1	1	27596179	27596187	74	2	60	pips_l40_r400_500-8000.hdf5	right	left
2760.6846	1	Stimulus/S  1	1	27606846	27606854	74	3	70	pips_l40_r400_500-8000.hdf5	right	left
2761.7513	1	Stimulus/S  1	1	27617513	27617521	74	4	50	pips_l40_r400_500-8000.hdf5	right	left
2762.7966	1	Stimulus/S  1	1	27627966	27627974	74	5	30	pips_l40_r400_500-8000.hdf5	right	left
2763.8526	1	Stimulus/S  1	1	27638526	27638534	75	0	20	pips_l40_r400_500-8000.hdf5	right	left
2764.898	1	Stimulus/S  1	1	27648980	27648988	75	1	40	pips_l40_r400_500-8000.hdf5	right	left
2765.9646	1	Stimulus/S  1	1	27659646	27659654	75	2	60	pips_l40_r400_500-8000.hdf5	right	left
2767.0313	1	Stimulus/S  1	1	27670313	27670321	75	3	70	pips_l40_r400_500-8000.hdf5	right	left
2768.0873	1	Stimulus/S  1	1	27680873	27680881	75	4	50	pips_l40_r400_500-8000.hdf5	right	left
2769.1327	1	Stimulus/S  1	1	27691327	27691335	75	5	30	pips_l40_r400_500-8000.hdf5	right	left
2770.1887	1	Stimulus/S  1	1	27701887	27701895	76	0	20	pips_l40_r400_500-8000.hdf5	right	left
2771.2554	1	Stimulus/S  1	1	27712554	27712562	76	1	40	pips_l40_r400_500-8000.hdf5	right	left
2772.322	1	Stimulus/S  1	1	27723220	27723228	76	2	60	pips_l40_r400_500-8000.hdf5	right	left
2773.3887	1	Stimulus/S  1	1	27733887	27733895	76	3	70	pips_l40_r400_500-8000.hdf5	right	left
2774.4341	1	Stimulus/S  1	1	27744341	27744349	76	4	50	pips_l40_r400_500-8000.hdf5	right	left
2775.4794	1	Stimulus/S  1	1	27754794	27754802	76	5	30	pips_l40_r400_500-8000.hdf5	right	left
2776.5354	1	Stimulus/S  1	1	27765354	27765362	77	0	20	pips_l40_r400_500-8000.hdf5	right	left
2777.6021	1	Stimulus/S  1	1	27776021	27776029	77	1	40	pips_l40_r400_500-8000.hdf5	right	left
2778.6688	1	Stimulus/S  1	1	27786688	27786696	77	2	60	pips_l40_r400_500-8000.hdf5	right	left
2779.7141	1	Stimulus/S  1	1	27797141	27797149	77	3	70	pips_l40_r400_500-8000.hdf5	right	left
2780.7701	1	Stimulus/S  1	1	27807701	27807709	77	4	50	pips_l40_r400_500-8000.hdf5	right	left
2781.8368	1	Stimulus/S  1	1	27818368	27818376	77	5	30	pips_l40_r400_500-8000.hdf5	right	left
2782.8821	1	Stimulus/S  1	1	27828821	27828829	78	0	20	pips_l40_r400_500-8000.hdf5	right	left
2783.9382	1	Stimulus/S  1	1	27839382	27839390	78	1	40	pips_l40_r400_500-8000.hdf5	right	left
2785.0048	1	Stimulus/S  1	1	27850048	27850056	78	2	60	pips_l40_r400_500-8000.hdf5	right	left
2786.0715	1	Stimulus/S  1	1	27860715	27860723	78	3	70	pips_l40_r400_500-8000.hdf5	right	left
2787.1382	1	Stimulus/S  1	1	27871382	27871390	78	4	50	pips_l40_r400_500-8000.hdf5	right	left
2788.1835	1	Stimulus/S  1	1	27881835	27881843	78	5	30	pips_l40_r400_500-8000.hdf5	right	left
2789.2395	1	Stimulus/S  1	1	27892395	27892403	79	0	20	pips_l40_r400_500-8000.hdf5	right	left
2790.2849	1	Stimulus/S  1	1	27902849	27902857	79	1	40	pips_l40_r400_500-8000.hdf5	right	left
2791.3302	1	Stimulus/S  1	1	27913302	27913310	79	2	60	pips_l40_r400_500-8000.hdf5	right	left
2792.3969	1	Stimulus/S  1	1	27923969	27923977	79	3	70	pips_l40_r400_500-8000.hdf5	right	left
2793.4529	1	Stimulus/S  1	1	27934529	27934537	79	4	50	pips_l40_r400_500-8000.hdf5	right	left
2794.4983	1	Stimulus/S  1	1	27944983	27944991	79	5	30	pips_l40_r400_500-8000.hdf5	right	left
2795.5543	1	Stimulus/S  1	1	27955543	27955551	80	0	20	pips_l40_r400_500-8000.hdf5	right	left
2796.6209	1	Stimulus/S  1	1	27966209	27966217	80	1	40	pips_l40_r400_500-8000.hdf5	right	left
2797.6876	1	Stimulus/S  1	1	27976876	27976884	80	2	60	pips_l40_r400_500-8000.hdf5	right	left
2798.733	1	Stimulus/S  1	1	27987330	27987338	80	3	70	pips_l40_r400_500-8000.hdf5	right	left
2799.789	1	Stimulus/S  1	1	27997890	27997898	80	4	50	pips_l40_r400_500-8000.hdf5	right	left
2800.8557	1	Stimulus/S  1	1	28008557	28008565	80	5	30	pips_l40_r400_500-8000.hdf5	right	left
2801.901	1	Stimulus/S  1	1	28019010	28019018	81	0	20	pips_l40_r400_500-8000.hdf5	right	left
2802.957	1	Stimulus/S  1	1	28029570	28029578	81	1	40	pips_l40_r400_500-8000.hdf5	right	left
2804.0024	1	Stimulus/S  1	1	28040024	28040032	81	2	60	pips_l40_r400_500-8000.hdf5	right	left
2805.069	1	Stimulus/S  1	1	28050690	28050698	81	3	70	pips_l40_r400_500-8000.hdf5	right	left
2806.1357	1	Stimulus/S  1	1	28061357	28061365	81	4	50	pips_l40_r400_500-8000.hdf5	right	left
2807.1811	1	Stimulus/S  1	1	28071811	28071819	81	5	30	pips_l40_r400_500-8000.hdf5	right	left
2808.2371	1	Stimulus/S  1	1	28082371	28082379	82	0	20	pips_l40_r400_500-8000.hdf5	right	left
2809.3037	1	Stimulus/S  1	1	28093037	28093045	82	1	40	pips_l40_r400_500-8000.hdf5	right	left
2810.3704	1	Stimulus/S  1	1	28103704	28103712	82	2	60	pips_l40_r400_500-8000.hdf5	right	left
2811.4158	1	Stimulus/S  1	1	28114158	28114166	82	3	70	pips_l40_r400_500-8000.hdf5	right	left
2812.4718	1	Stimulus/S  1	1	28124718	28124726	82	4	50	pips_l40_r400_500-8000.hdf5	right	left
2813.5385	1	Stimulus/S  1	1	28135385	28135393	82	5	30	pips_l40_r400_500-8000.hdf5	right	left
2814.5838	1	Stimulus/S  1	1	28145838	28145846	83	0	20	pips_l40_r400_500-8000.hdf5	right	left
2815.6398	1	Stimulus/S  1	1	28156398	28156406	83	1	40	pips_l40_r400_500-8000.hdf5	right	left
2816.7065	1	Stimulus/S  1	1	28167065	28167073	83	2	60	pips_l40_r400_500-8000.hdf5	right	left
2817.7518	1	Stimulus/S  1	1	28177518	28177526	83	3	70	pips_l40_r400_500-8000.hdf5	right	left
2818.7972	1	Stimulus/S  1	1	28187972	28187980	83	4	50	pips_l40_r400_500-8000.hdf5	right	left
2819.8638	1	Stimulus/S  1	1	28198638	28198646	83	5	30	pips_l40_r400_500-8000.hdf5	right	left
2820.9199	1	Stimulus/S  1	1	28209199	28209207	84	0	20	pips_l40_r400_500-8000.hdf5	right	left
2821.9652	1	Stimulus/S  1	1	28219652	28219660	84	1	40	pips_l40_r400_500-8000.hdf5	right	left
2823.0319	1	Stimulus/S  1	1	28230319	28230327	84	2	60	pips_l40_r400_500-8000.hdf5	right	left
2824.0879	1	Stimulus/S  1	1	28240879	28240887	84	3	70	pips_l40_r400_500-8000.hdf5	right	left
2825.1332	1	Stimulus/S  1	1	28251332	28251340	84	4	50	pips_l40_r400_500-8000.hdf5	right	left
2826.1999	1	Stimulus/S  1	1	28261999	28262007	84	5	30	pips_l40_r400_500-8000.hdf5	right	left
2827.2559	1	Stimulus/S  1	1	28272559	28272567	85	0	20	pips_l40_r400_500-8000.hdf5	right	left
2828.3013	1	Stimulus/S  1	1	28283013	28283021	85	1	40	pips_l40_r400_500-8000.hdf5	right	left
2829.3679	1	Stimulus/S  1	1	28293679	28293687	85	2	60	pips_l40_r400_500-8000.hdf5	right	left
2830.424	1	Stimulus/S  1	1	28304240	28304248	85	3	70	pips_l40_r400_500-8000.hdf5	right	left
2831.4693	1	Stimulus/S  1	1	28314693	28314701	85	4	50	pips_l40_r400_500-8000.hdf5	right	left
2832.5146	1	Stimulus/S  1	1	28325146	28325154	85	5	30	pips_l40_r400_500-8000.hdf5	right	left
2833.5707	1	Stimulus/S  1	1	28335707	28335715	86	0	20	pips_l40_r400_500-8000.hdf5	right	left
2834.6373	1	Stimulus/S  1	1	28346373	28346381	86	1	40	pips_l40_r400_500-8000.hdf5	right	left
2835.704	1	Stimulus/S  1	1	28357040	28357048	86	2	60	pips_l40_r400_500-8000.hdf5	right	left
2836.7494	1	Stimulus/S  1	1	28367494	28367502	86	3	70	pips_l40_r400_500-8000.hdf5	right	left
2837.8054	1	Stimulus/S  1	1	28378054	28378062	86	4	50	pips_l40_r400_500-8000.hdf5	right	left
2838.872	1	Stimulus/S  1	1	28388720	28388728	86	5	30	pips_l40_r400_500-8000.hdf5	right	left
2839.9387	1	Stimulus/S  1	1	28399387	28399395	87	0	20	pips_l40_r400_500-8000.hdf5	right	left
2840.9841	1	Stimulus/S  1	1	28409841	28409849	87	1	40	pips_l40_r400_500-8000.hdf5	right	left
2842.0401	1	Stimulus/S  1	1	28420401	28420409	87	2	60	pips_l40_r400_500-8000.hdf5	right	left
2843.1067	1	Stimulus/S  1	1	28431067	28431075	87	3	70	pips_l40_r400_500-8000.hdf5	right	left
2844.1734	1	Stimulus/S  1	1	28441734	28441742	87	4	50	pips_l40_r400_500-8000.hdf5	right	left
2845.2188	1	Stimulus/S  1	1	28452188	28452196	87	5	30	pips_l40_r400_500-8000.hdf5	right	left
2846.2854	1	Stimulus/S  1	1	28462854	28462862	88	0	20	pips_l40_r400_500-8000.hdf5	right	left
2847.3308	1	Stimulus/S  1	1	28473308	28473316	88	1	40	pips_l40_r400_500-8000.hdf5	right	left
2848.3868	1	Stimulus/S  1	1	28483868	28483876	88	2	60	pips_l40_r400_500-8000.hdf5	right	left
2849.4321	1	Stimulus/S  1	1	28494321	28494329	88	3	70	pips_l40_r400_500-8000.hdf5	right	left
2850.4882	1	Stimulus/S  1	1	28504882	28504890	88	4	50	pips_l40_r400_500-8000.hdf5	right	left
2851.5335	1	Stimulus/S  1	1	28515335	28515343	88	5	30	pips_l40_r400_500-8000.hdf5	right	left
2852.5895	1	Stimulus/S  1	1	28525895	28525903	89	0	20	pips_l40_r400_500-8000.hdf5	right	left
2853.6562	1	Stimulus/S  1	1	28536562	28536570	89	1	40	pips_l40_r400_500-8000.hdf5	right	left
2854.7015	1	Stimulus/S  1	1	28547015	28547023	89	2	60	pips_l40_r400_500-8000.hdf5	right	left
2855.7575	1	Stimulus/S  1	1	28557575	28557583	89	3	70	pips_l40_r400_500-8000.hdf5	right	left
2856.8136	1	Stimulus/S  1	1	28568136	28568144	89	4	50	pips_l40_r400_500-8000.hdf5	right	left
2857.8696	1	Stimulus/S  1	1	28578696	28578704	89	5	30	pips_l40_r400_500-8000.hdf5	right	left
2858.9149	1	Stimulus/S  1	1	28589149	28589157	90	0	20	pips_l40_r400_500-8000.hdf5	right	left
2859.9709	1	Stimulus/S  1	1	28599709	28599717	90	1	40	pips_l40_r400_500-8000.hdf5	right	left
2861.0376	1	Stimulus/S  1	1	28610376	28610384	90	2	60	pips_l40_r400_500-8000.hdf5	right	left
2862.1043	1	Stimulus/S  1	1	28621043	28621051	90	3	70	pips_l40_r400_500-8000.hdf5	right	left
2863.1709	1	Stimulus/S  1	1	28631709	28631717	90	4	50	pips_l40_r400_500-8000.hdf5	right	left
2864.2376	1	Stimulus/S  1	1	28642376	28642384	90	5	30	pips_l40_r400_500-8000.hdf5	right	left
2865.283	1	Stimulus/S  1	1	28652830	28652838	91	0	20	pips_l40_r400_500-8000.hdf5	right	left
2866.339	1	Stimulus/S  1	1	28663390	28663398	91	1	40	pips_l40_r400_500-8000.hdf5	right	left
2867.3843	1	Stimulus/S  1	1	28673843	28673851	91	2	60	pips_l40_r400_500-8000.hdf5	right	left
2868.4403	1	Stimulus/S  1	1	28684403	28684411	91	3	70	pips_l40_r400_500-8000.hdf5	right	left
2869.4857	1	Stimulus/S  1	1	28694857	28694865	91	4	50	pips_l40_r400_500-8000.hdf5	right	left
2870.5524	1	Stimulus/S  1	1	28705524	28705532	91	5	30	pips_l40_r400_500-8000.hdf5	right	left
2871.619	1	Stimulus/S  1	1	28716190	28716198	92	0	20	pips_l40_r400_500-8000.hdf5	right	left
2872.6644	1	Stimulus/S  1	1	28726644	28726652	92	1	40	pips_l40_r400_500-8000.hdf5	right	left
2873.7204	1	Stimulus/S  1	1	28737204	28737212	92	2	60	pips_l40_r400_500-8000.hdf5	right	left
2874.7657	1	Stimulus/S  1	1	28747657	28747665	92	3	70	pips_l40_r400_500-8000.hdf5	right	left
2875.8324	1	Stimulus/S  1	1	28758324	28758332	92	4	50	pips_l40_r400_500-8000.hdf5	right	left
2876.8991	1	Stimulus/S  1	1	28768991	28768999	92	5	30	pips_l40_r400_500-8000.hdf5	right	left
2877.9658	1	Stimulus/S  1	1	28779658	28779666	93	0	20	pips_l40_r400_500-8000.hdf5	right	left
2879.0218	1	Stimulus/S  1	1	28790218	28790226	93	1	40	pips_l40_r400_500-8000.hdf5	right	left
2880.0671	1	Stimulus/S  1	1	28800671	28800679	93	2	60	pips_l40_r400_500-8000.hdf5	right	left
2881.1338	1	Stimulus/S  1	1	28811338	28811346	93	3	70	pips_l40_r400_500-8000.hdf5	right	left
2882.2005	1	Stimulus/S  1	1	28822005	28822013	93	4	50	pips_l40_r400_500-8000.hdf5	right	left
2883.2565	1	Stimulus/S  1	1	28832565	28832573	93	5	30	pips_l40_r400_500-8000.hdf5	right	left
2884.3018	1	Stimulus/S  1	1	28843018	28843026	94	0	20	pips_l40_r400_500-8000.hdf5	right	left
2885.3685	1	Stimulus/S  1	1	28853685	28853693	94	1	40	pips_l40_r400_500-8000.hdf5	right	left
2886.4352	1	Stimulus/S  1	1	28864352	28864360	94	2	60	pips_l40_r400_500-8000.hdf5	right	left
2887.5019	1	Stimulus/S  1	1	28875019	28875027	94	3	70	pips_l40_r400_500-8000.hdf5	right	left
2888.5685	1	Stimulus/S  1	1	28885685	28885693	94	4	50	pips_l40_r400_500-8000.hdf5	right	left
2889.6352	1	Stimulus/S  1	1	28896352	28896360	94	5	30	pips_l40_r400_500-8000.hdf5	right	left
2890.6912	1	Stimulus/S  1	1	28906912	28906920	95	0	20	pips_l40_r400_500-8000.hdf5	right	left
2891.7366	1	Stimulus/S  1	1	28917366	28917374	95	1	40	pips_l40_r400_500-8000.hdf5	right	left
2892.7819	1	Stimulus/S  1	1	28927819	28927827	95	2	60	pips_l40_r400_500-8000.hdf5	right	left
2893.8486	1	Stimulus/S  1	1	28938486	28938494	95	3	70	pips_l40_r400_500-8000.hdf5	right	left
2894.9046	1	Stimulus/S  1	1	28949046	28949054	95	4	50	pips_l40_r400_500-8000.hdf5	right	left
2895.9499	1	Stimulus/S  1	1	28959499	28959507	95	5	30	pips_l40_r400_500-8000.hdf5	right	left
2897.0166	1	Stimulus/S  1	1	28970166	28970174	96	0	20	pips_l40_r400_500-8000.hdf5	right	left
2898.0726	1	Stimulus/S  1	1	28980726	28980734	96	1	40	pips_l40_r400_500-8000.hdf5	right	left
2899.118	1	Stimulus/S  1	1	28991180	28991188	96	2	60	pips_l40_r400_500-8000.hdf5	right	left
2900.1847	1	Stimulus/S  1	1	29001847	29001855	96	3	70	pips_l40_r400_500-8000.hdf5	right	left
2901.2407	1	Stimulus/S  1	1	29012407	29012415	96	4	50	pips_l40_r400_500-8000.hdf5	right	left
2902.286	1	Stimulus/S  1	1	29022860	29022868	96	5	30	pips_l40_r400_500-8000.hdf5	right	left
2903.3527	1	Stimulus/S  1	1	29033527	29033535	97	0	20	pips_l40_r400_500-8000.hdf5	right	left
2904.4194	1	Stimulus/S  1	1	29044194	29044202	97	1	40	pips_l40_r400_500-8000.hdf5	right	left
2905.4647	1	Stimulus/S  1	1	29054647	29054655	97	2	60	pips_l40_r400_500-8000.hdf5	right	left
2906.5207	1	Stimulus/S  1	1	29065207	29065215	97	3	70	pips_l40_r400_500-8000.hdf5	right	left
2907.5874	1	Stimulus/S  1	1	29075874	29075882	97	4	50	pips_l40_r400_500-8000.hdf5	right	left
2908.6541	1	Stimulus/S  1	1	29086541	29086549	97	5	30	pips_l40_r400_500-8000.hdf5	right	left
2909.6994	1	Stimulus/S  1	1	29096994	29097002	98	0	20	pips_l40_r400_500-8000.hdf5	right	left
2910.7661	1	Stimulus/S  1	1	29107661	29107669	98	1	40	pips_l40_r400_500-8000.hdf5	right	left
2911.8328	1	Stimulus/S  1	1	29118328	29118336	98	2	60	pips_l40_r400_500-8000.hdf5	right	left
2912.8888	1	Stimulus/S  1	1	29128888	29128896	98	3	70	pips_l40_r400_500-8000.hdf5	right	left
2913.9555	1	Stimulus/S  1	1	29139555	29139563	98	4	50	pips_l40_r400_500-8000.hdf5	right	left
2915.0221	1	Stimulus/S  1	1	29150221	29150229	98	5	30	pips_l40_r400_500-8000.hdf5	right	left
2916.0675	1	Stimulus/S  1	1	29160675	29160683	99	0	20	pips_l40_r400_500-8000.hdf5	right	left
2917.1235	1	Stimulus/S  1	1	29171235	29171243	99	1	40	pips_l40_r400_500-8000.hdf5	right	left
2918.1688	1	Stimulus/S  1	1	29181688	29181696	99	2	60	pips_l40_r400_500-8000.hdf5	right	left
2919.2248	1	Stimulus/S  1	1	29192248	29192256	99	3	70	pips_l40_r400_500-8000.hdf5	right	left
2920.2702	1	Stimulus/S  1	1	29202702	29202710	99	4	50	pips_l40_r400_500-8000.hdf5	right	left
2921.3369	1	Stimulus/S  1	1	29213369	29213377	99	5	30	pips_l40_r400_500-8000.hdf5	right	left
2922.3822	1	Stimulus/S  1	1	29223822	29223830	100	0	20	pips_l40_r400_500-8000.hdf5	right	left
2923.4382	1	Stimulus/S  1	1	29234382	29234390	100	1	40	pips_l40_r400_500-8000.hdf5	right	left
2924.4836	1	Stimulus/S  1	1	29244836	29244844	100	2	60	pips_l40_r400_500-8000.hdf5	right	left
2925.5502	1	Stimulus/S  1	1	29255502	29255510	100	3	70	pips_l40_r400_500-8000.hdf5	right	left
2926.6062	1	Stimulus/S  1	1	29266062	29266070	100	4	50	pips_l40_r400_500-8000.hdf5	right	left
2927.6516	1	Stimulus/S  1	1	29276516	29276524	100	5	30	pips_l40_r400_500-8000.hdf5	right	left
2928.7183	1	Stimulus/S  1	1	29287183	29287191	101	0	20	pips_l40_r400_500-8000.hdf5	right	left
2929.7743	1	Stimulus/S  1	1	29297743	29297751	101	1	40	pips_l40_r400_500-8000.hdf5	right	left
2930.8196	1	Stimulus/S  1	1	29308196	29308204	101	2	60	pips_l40_r400_500-8000.hdf5	right	left
2931.8863	1	Stimulus/S  1	1	29318863	29318871	101	3	70	pips_l40_r400_500-8000.hdf5	right	left
2932.9423	1	Stimulus/S  1	1	29329423	29329431	101	4	50	pips_l40_r400_500-8000.hdf5	right	left
2933.9877	1	Stimulus/S  1	1	29339877	29339885	101	5	30	pips_l40_r400_500-8000.hdf5	right	left
2935.0543	1	Stimulus/S  1	1	29350543	29350551	102	0	20	pips_l40_r400_500-8000.hdf5	right	left
2936.121	1	Stimulus/S  1	1	29361210	29361218	102	1	40	pips_l40_r400_500-8000.hdf5	right	left
2937.1877	1	Stimulus/S  1	1	29371877	29371885	102	2	60	pips_l40_r400_500-8000.hdf5	right	left
2938.2544	1	Stimulus/S  1	1	29382544	29382552	102	3	70	pips_l40_r400_500-8000.hdf5	right	left
2939.321	1	Stimulus/S  1	1	29393210	29393218	102	4	50	pips_l40_r400_500-8000.hdf5	right	left
2940.3877	1	Stimulus/S  1	1	29403877	29403885	102	5	30	pips_l40_r400_500-8000.hdf5	right	left
2941.4544	1	Stimulus/S  1	1	29414544	29414552	103	0	20	pips_l40_r400_500-8000.hdf5	right	left
2942.5211	1	Stimulus/S  1	1	29425211	29425219	103	1	40	pips_l40_r400_500-8000.hdf5	right	left
2943.5664	1	Stimulus/S  1	1	29435664	29435672	103	2	60	pips_l40_r400_500-8000.hdf5	right	left
2944.6224	1	Stimulus/S  1	1	29446224	29446232	103	3	70	pips_l40_r400_500-8000.hdf5	right	left
2945.6678	1	Stimulus/S  1	1	29456678	29456686	103	4	50	pips_l40_r400_500-8000.hdf5	right	left
2946.7238	1	Stimulus/S  1	1	29467238	29467246	103	5	30	pips_l40_r400_500-8000.hdf5	right	left
2947.7691	1	Stimulus/S  1	1	29477691	29477699	104	0	20	pips_l40_r400_500-8000.hdf5	right	left
2948.8358	1	Stimulus/S  1	1	29488358	29488366	104	1	40	pips_l40_r400_500-8000.hdf5	right	left
2949.9025	1	Stimulus/S  1	1	29499025	29499033	104	2	60	pips_l40_r400_500-8000.hdf5	right	left
2950.9692	1	Stimulus/S  1	1	29509692	29509700	104	3	70	pips_l40_r400_500-8000.hdf5	right	left
2952.0252	1	Stimulus/S  1	1	29520252	29520260	104	4	50	pips_l40_r400_500-8000.hdf5	right	left
2953.0705	1	Stimulus/S  1	1	29530705	29530713	104	5	30	pips_l40_r400_500-8000.hdf5	right	left
2954.1159	1	Stimulus/S  1	1	29541159	29541167	105	0	20	pips_l40_r400_500-8000.hdf5	right	left
2955.1825	1	Stimulus/S  1	1	29551825	29551833	105	1	40	pips_l40_r400_500-8000.hdf5	right	left
2956.2492	1	Stimulus/S  1	1	29562492	29562500	105	2	60	pips_l40_r400_500-8000.hdf5	right	left
2957.3159	1	Stimulus/S  1	1	29573159	29573167	105	3	70	pips_l40_r400_500-8000.hdf5	right	left
2958.3719	1	Stimulus/S  1	1	29583719	29583727	105	4	50	pips_l40_r400_500-8000.hdf5	right	left
2959.4172	1	Stimulus/S  1	1	29594172	29594180	105	5	30	pips_l40_r400_500-8000.hdf5	right	left
2960.4839	1	Stimulus/S  1	1	29604839	29604847	106	0	20	pips_l40_r400_500-8000.hdf5	right	left
2961.5506	1	Stimulus/S  1	1	29615506	29615514	106	1	40	pips_l40_r400_500-8000.hdf5	right	left
2962.6173	1	Stimulus/S  1	1	29626173	29626181	106	2	60	pips_l40_r400_500-8000.hdf5	right	left
2963.6733	1	Stimulus/S  1	1	29636733	29636741	106	3	70	pips_l40_r400_500-8000.hdf5	right	left
2964.7186	1	Stimulus/S  1	1	29647186	29647194	106	4	50	pips_l40_r400_500-8000.hdf5	right	left
2965.7853	1	Stimulus/S  1	1	29657853	29657861	106	5	30	pips_l40_r400_500-8000.hdf5	right	left
2966.852	1	Stimulus/S  1	1	29668520	29668528	107	0	20	pips_l40_r400_500-8000.hdf5	right	left
2967.908	1	Stimulus/S  1	1	29679080	29679088	107	1	40	pips_l40_r400_500-8000.hdf5	right	left
2968.9533	1	Stimulus/S  1	1	29689533	29689541	107	2	60	pips_l40_r400_500-8000.hdf5	right	left
2970.02	1	Stimulus/S  1	1	29700200	29700208	107	3	70	pips_l40_r400_500-8000.hdf5	right	left
2971.0867	1	Stimulus/S  1	1	29710867	29710875	107	4	50	pips_l40_r400_500-8000.hdf5	right	left
2972.1534	1	Stimulus/S  1	1	29721534	29721542	107	5	30	pips_l40_r400_500-8000.hdf5	right	left
2973.2094	1	Stimulus/S  1	1	29732094	29732102	108	0	20	pips_l40_r400_500-8000.hdf5	right	left
2974.2547	1	Stimulus/S  1	1	29742547	29742555	108	1	40	pips_l40_r400_500-8000.hdf5	right	left
2975.3001	1	Stimulus/S  1	1	29753001	29753009	108	2	60	pips_l40_r400_500-8000.hdf5	right	left
2976.3667	1	Stimulus/S  1	1	29763667	29763675	108	3	70	pips_l40_r400_500-8000.hdf5	right	left
2977.4334	1	Stimulus/S  1	1	29774334	29774342	108	4	50	pips_l40_r400_500-8000.hdf5	right	left
2978.4894	1	Stimulus/S  1	1	29784894	29784902	108	5	30	pips_l40_r400_500-8000.hdf5	right	left
2979.5348	1	Stimulus/S  1	1	29795348	29795356	109	0	20	pips_l40_r400_500-8000.hdf5	right	left
2980.5908	1	Stimulus/S  1	1	29805908	29805916	109	1	40	pips_l40_r400_500-8000.hdf5	right	left
2981.6575	1	Stimulus/S  1	1	29816575	29816583	109	2	60	pips_l40_r400_500-8000.hdf5	right	left
2982.7028	1	Stimulus/S  1	1	29827028	29827036	109	3	70	pips_l40_r400_500-8000.hdf5	right	left
2983.7588	1	Stimulus/S  1	1	29837588	29837596	109	4	50	pips_l40_r400_500-8000.hdf5	right	left
2984.8042	1	Stimulus/S  1	1	29848042	29848050	109	5	30	pips_l40_r400_500-8000.hdf5	right	left
2985.8708	1	Stimulus/S  1	1	29858708	29858716	110	0	20	pips_l40_r400_500-8000.hdf5	right	left
2986.9375	1	Stimulus/S  1	1	29869375	29869383	110	1	40	pips_l40_r400_500-8000.hdf5	right	left
2987.9829	1	Stimulus/S  1	1	29879829	29879837	110	2	60	pips_l40_r400_500-8000.hdf5	right	left
2989.0602	1	Stimulus/S  1	1	29890602	29890610	110	3	70	pips_l40_r400_500-8000.hdf5	right	left
2990.1162	1	Stimulus/S  1	1	29901162	29901170	110	4	50	pips_l40_r400_500-8000.hdf5	right	left
2991.1722	1	Stimulus/S  1	1	29911722	29911730	110	5	30	pips_l40_r400_500-8000.hdf5	right	left
2992.2176	1	Stimulus/S  1	1	29922176	29922184	111	0	20	pips_l40_r400_500-8000.hdf5	right	left
2993.2842	1	Stimulus/S  1	1	29932842	29932850	111	1	40	pips_l40_r400_500-8000.hdf5	right	left
2994.3403	1	Stimulus/S  1	1	29943403	29943411	111	2	60	pips_l40_r400_500-8000.hdf5	right	left
2995.3856	1	Stimulus/S  1	1	29953856	29953864	111	3	70	pips_l40_r400_500-8000.hdf5	right	left
2996.4523	1	Stimulus/S  1	1	29964523	29964531	111	4	50	pips_l40_r400_500-8000.hdf5	right	left
2997.519	1	Stimulus/S  1	1	29975190	29975198	111	5	30	pips_l40_r400_500-8000.hdf5	right	left
2998.575	1	Stimulus/S  1	1	29985750	29985758	112	0	20	pips_l40_r400_500-8000.hdf5	right	left
2999.6203	1	Stimulus/S  1	1	29996203	29996211	112	1	40	pips_l40_r400_500-8000.hdf5	right	left
3000.687	1	Stimulus/S  1	1	30006870	30006878	112	2	60	pips_l40_r400_500-8000.hdf5	right	left
3001.743	1	Stimulus/S  1	1	30017430	30017438	112	3	70	pips_l40_r400_500-8000.hdf5	right	left
3002.7883	1	Stimulus/S  1	1	30027883	30027891	112	4	50	pips_l40_r400_500-8000.hdf5	right	left
3003.855	1	Stimulus/S  1	1	30038550	30038558	112	5	30	pips_l40_r400_500-8000.hdf5	right	left
3004.9217	1	Stimulus/S  1	1	30049217	30049225	113	0	20	pips_l40_r400_500-8000.hdf5	right	left
3005.967	1	Stimulus/S  1	1	30059670	30059678	113	1	40	pips_l40_r400_500-8000.hdf5	right	left
3007.0337	1	Stimulus/S  1	1	30070337	30070345	113	2	60	pips_l40_r400_500-8000.hdf5	right	left
3008.1004	1	Stimulus/S  1	1	30081004	30081012	113	3	70	pips_l40_r400_500-8000.hdf5	right	left
3009.1564	1	Stimulus/S  1	1	30091564	30091572	113	4	50	pips_l40_r400_500-8000.hdf5	right	left
3010.2018	1	Stimulus/S  1	1	30102018	30102026	113	5	30	pips_l40_r400_500-8000.hdf5	right	left
3011.2684	1	Stimulus/S  1	1	30112684	30112692	114	0	20	pips_l40_r400_500-8000.hdf5	right	left
3012.3244	1	Stimulus/S  1	1	30123244	30123252	114	1	40	pips_l40_r400_500-8000.hdf5	right	left
3013.3698	1	Stimulus/S  1	1	30133698	30133706	114	2	60	pips_l40_r400_500-8000.hdf5	right	left
3014.4365	1	Stimulus/S  1	1	30144365	30144373	114	3	70	pips_l40_r400_500-8000.hdf5	right	left
3015.4925	1	Stimulus/S  1	1	30154925	30154933	114	4	50	pips_l40_r400_500-8000.hdf5	right	left
3016.5378	1	Stimulus/S  1	1	30165378	30165386	114	5	30	pips_l40_r400_500-8000.hdf5	right	left
3017.6045	1	Stimulus/S  1	1	30176045	30176053	115	0	20	pips_l40_r400_500-8000.hdf5	right	left
3018.6498	1	Stimulus/S  1	1	30186498	30186506	115	1	40	pips_l40_r400_500-8000.hdf5	right	left
3019.7058	1	Stimulus/S  1	1	30197058	30197066	115	2	60	pips_l40_r400_500-8000.hdf5	right	left
3020.7725	1	Stimulus/S  1	1	30207725	30207733	115	3	70	pips_l40_r400_500-8000.hdf5	right	left
3021.8179	1	Stimulus/S  1	1	30218179	30218187	115	4	50	pips_l40_r400_500-8000.hdf5	right	left
3022.8739	1	Stimulus/S  1	1	30228739	30228747	115	5	30	pips_l40_r400_500-8000.hdf5	right	left
3023.9192	1	Stimulus/S  1	1	30239192	30239200	116	0	20	pips_l40_r400_500-8000.hdf5	right	left
3024.9752	1	Stimulus/S  1	1	30249752	30249760	116	1	40	pips_l40_r400_500-8000.hdf5	right	left
3026.0206	1	Stimulus/S  1	1	30260206	30260214	116	2	60	pips_l40_r400_500-8000.hdf5	right	left
3027.0766	1	Stimulus/S  1	1	30270766	30270774	116	3	70	pips_l40_r400_500-8000.hdf5	right	left
3028.1433	1	Stimulus/S  1	1	30281433	30281441	116	4	50	pips_l40_r400_500-8000.hdf5	right	left
3029.1886	1	Stimulus/S  1	1	30291886	30291894	116	5	30	pips_l40_r400_500-8000.hdf5	right	left
3030.2553	1	Stimulus/S  1	1	30302553	30302561	117	0	20	pips_l40_r400_500-8000.hdf5	right	left
3031.322	1	Stimulus/S  1	1	30313220	30313228	117	1	40	pips_l40_r400_500-8000.hdf5	right	left
3032.3673	1	Stimulus/S  1	1	30323673	30323681	117	2	60	pips_l40_r400_500-8000.hdf5	right	left
3033.4233	1	Stimulus/S  1	1	30334233	30334241	117	3	70	pips_l40_r400_500-8000.hdf5	right	left
3034.4687	1	Stimulus/S  1	1	30344687	30344695	117	4	50	pips_l40_r400_500-8000.hdf5	right	left
3035.5353	1	Stimulus/S  1	1	30355353	30355361	117	5	30	pips_l40_r400_500-8000.hdf5	right	left
3036.602	1	Stimulus/S  1	1	30366020	30366028	118	0	20	pips_l40_r400_500-8000.hdf5	right	left
3037.658	1	Stimulus/S  1	1	30376580	30376588	118	1	40	pips_l40_r400_500-8000.hdf5	right	left
3038.7034	1	Stimulus/S  1	1	30387034	30387042	118	2	60	pips_l40_r400_500-8000.hdf5	right	left
3039.7594	1	Stimulus/S  1	1	30397594	30397602	118	3	70	pips_l40_r400_500-8000.hdf5	right	left
3040.8261	1	Stimulus/S  1	1	30408261	30408269	118	4	50	pips_l40_r400_500-8000.hdf5	right	left
3041.8927	1	Stimulus/S  1	1	30418927	30418935	118	5	30	pips_l40_r400_500-8000.hdf5	right	left
3042.9594	1	Stimulus/S  1	1	30429594	30429602	119	0	20	pips_l40_r400_500-8000.hdf5	right	left
3044.0261	1	Stimulus/S  1	1	30440261	30440269	119	1	40	pips_l40_r400_500-8000.hdf5	right	left
3045.0714	1	Stimulus/S  1	1	30450714	30450722	119	2	60	pips_l40_r400_500-8000.hdf5	right	left
3046.1168	1	Stimulus/S  1	1	30461168	30461176	119	3	70	pips_l40_r400_500-8000.hdf5	right	left
3047.1941	1	Stimulus/S  1	1	30471941	30471949	119	4	50	pips_l40_r400_500-8000.hdf5	right	left
3048.2608	1	Stimulus/S  1	1	30482608	30482616	119	5	30	pips_l40_r400_500-8000.hdf5	right	left
3049.3275	1	Stimulus/S  1	1	30493275	30493283	0	0	20	pips_l40_r400_500-8000.hdf5	right	left
3050.3728	1	Stimulus/S  1	1	30503728	30503736	0	1	40	pips_l40_r400_500-8000.hdf5	right	left
3051.4182	1	Stimulus/S  1	1	30514182	30514190	0	2	60	pips_l40_r400_500-8000.hdf5	right	left
3052.4742	1	Stimulus/S  1	1	30524742	30524750	0	3	70	pips_l40_r400_500-8000.hdf5	right	left
3053.5409	1	Stimulus/S  1	1	30535409	30535417	0	4	50	pips_l40_r400_500-8000.hdf5	right	left
3054.6075	1	Stimulus/S  1	1	30546075	30546083	0	5	30	pips_l40_r400_500-8000.hdf5	right	left
3055.6742	1	Stimulus/S  1	1	30556742	30556750	1	0	20	pips_l40_r400_500-8000.hdf5	right	left
3056.7195	1	Stimulus/S  1	1	30567195	30567203	1	1	40	pips_l40_r400_500-8000.hdf5	right	left
3057.7756	1	Stimulus/S  1	1	30577756	30577764	1	2	60	pips_l40_r400_500-8000.hdf5	right	left
3058.8209	1	Stimulus/S  1	1	30588209	30588217	1	3	70	pips_l40_r400_500-8000.hdf5	right	left
3059.8876	1	Stimulus/S  1	1	30598876	30598884	1	4	50	pips_l40_r400_500-8000.hdf5	right	left
3060.9543	1	Stimulus/S  1	1	30609543	30609551	1	5	30	pips_l40_r400_500-8000.hdf5	right	left
3062.0103	1	Stimulus/S  1	1	30620103	30620111	2	0	20	pips_l40_r400_500-8000.hdf5	right	left
3063.0769	1	Stimulus/S  1	1	30630769	30630777	2	1	40	pips_l40_r400_500-8000.hdf5	right	left
3064.1436	1	Stimulus/S  1	1	30641436	30641444	2	2	60	pips_l40_r400_500-8000.hdf5	right	left
3065.2103	1	Stimulus/S  1	1	30652103	30652111	2	3	70	pips_l40_r400_500-8000.hdf5	right	left
3066.2556	1	Stimulus/S  1	1	30662556	30662564	2	4	50	pips_l40_r400_500-8000.hdf5	right	left
3067.301	1	Stimulus/S  1	1	30673010	30673018	2	5	30	pips_l40_r400_500-8000.hdf5	right	left
3068.3783	1	Stimulus/S  1	1	30683783	30683791	3	0	20	pips_l40_r400_500-8000.hdf5	right	left
3069.4343	1	Stimulus/S  1	1	30694343	30694351	3	1	40	pips_l40_r400_500-8000.hdf5	right	left
3070.501	1	Stimulus/S  1	1	30705010	30705018	3	2	60	pips_l40_r400_500-8000.hdf5	right	left
3071.557	1	Stimulus/S  1	1	30715570	30715578	3	3	70	pips_l40_r400_500-8000.hdf5	right	left
3072.6024	1	Stimulus/S  1	1	30726024	30726032	3	4	50	pips_l40_r400_500-8000.hdf5	right	left
3073.6691	1	Stimulus/S  1	1	30736691	30736699	3	5	30	pips_l40_r400_500-8000.hdf5	right	left
3074.7357	1	Stimulus/S  1	1	30747357	30747365	4	0	20	pips_l40_r400_500-8000.hdf5	right	left
3075.8024	1	Stimulus/S  1	1	30758024	30758032	4	1	40	pips_l40_r400_500-8000.hdf5	right	left
3076.8691	1	Stimulus/S  1	1	30768691	30768699	4	2	60	pips_l40_r400_500-8000.hdf5	right	left
3077.9358	1	Stimulus/S  1	1	30779358	30779366	4	3	70	pips_l40_r400_500-8000.hdf5	right	left
3079.0024	1	Stimulus/S  1	1	30790024	30790032	4	4	50	pips_l40_r400_500-8000.hdf5	right	left
3080.0584	1	Stimulus/S  1	1	30800584	30800592	4	5	30	pips_l40_r400_500-8000.hdf5	right	left
3081.1251	1	Stimulus/S  1	1	30811251	30811259	5	0	20	pips_l40_r400_500-8000.hdf5	right	left
3082.1705	1	Stimulus/S  1	1	30821705	30821713	5	1	40	pips_l40_r400_500-8000.hdf5	right	left
3083.2265	1	Stimulus/S  1	1	30832265	30832273	5	2	60	pips_l40_r400_500-8000.hdf5	right	left
3084.2932	1	Stimulus/S  1	1	30842932	30842940	5	3	70	pips_l40_r400_500-8000.hdf5	right	left
3085.3385	1	Stimulus/S  1	1	30853385	30853393	5	4	50	pips_l40_r400_500-8000.hdf5	right	left
3086.3945	1	Stimulus/S  1	1	30863945	30863953	5	5	30	pips_l40_r400_500-8000.hdf5	right	left
3087.4612	1	Stimulus/S  1	1	30874612	30874620	6	0	20	pips_l40_r400_500-8000.hdf5	right	left
3088.5065	1	Stimulus/S  1	1	30885065	30885073	6	1	40	pips_l40_r400_500-8000.hdf5	right	left
3089.5519	1	Stimulus/S  1	1	30895519	30895527	6	2	60	pips_l40_r400_500-8000.hdf5	right	left
3090.6186	1	Stimulus/S  1	1	30906186	30906194	6	3	70	pips_l40_r400_500-8000.hdf5	right	left
3091.6746	1	Stimulus/S  1	1	30916746	30916754	6	4	50	pips_l40_r400_500-8000.hdf5	right	left
3092.7199	1	Stimulus/S  1	1	30927199	30927207	6	5	30	pips_l40_r400_500-8000.hdf5	right	left
3093.7866	1	Stimulus/S  1	1	30937866	30937874	7	0	20	pips_l40_r400_500-8000.hdf5	right	left
3094.8426	1	Stimulus/S  1	1	30948426	30948434	7	1	40	pips_l40_r400_500-8000.hdf5	right	left
3095.9093	1	Stimulus/S  1	1	30959093	30959101	7	2	60	pips_l40_r400_500-8000.hdf5	right	left
3096.9546	1	Stimulus/S  1	1	30969546	30969554	7	3	70	pips_l40_r400_500-8000.hdf5	right	left
3098.0106	1	Stimulus/S  1	1	30980106	30980114	7	4	50	pips_l40_r400_500-8000.hdf5	right	left
3099.0773	1	Stimulus/S  1	1	30990773	30990781	7	5	30	pips_l40_r400_500-8000.hdf5	right	left
3100.1226	1	Stimulus/S  1	1	31001226	31001234	8	0	20	pips_l40_r400_500-8000.hdf5	right	left
3101.168	1	Stimulus/S  1	1	31011680	31011688	8	1	40	pips_l40_r400_500-8000.hdf5	right	left
3102.2453	1	Stimulus/S  1	1	31022453	31022461	8	2	60	pips_l40_r400_500-8000.hdf5	right	left
3103.2907	1	Stimulus/S  1	1	31032907	31032915	8	3	70	pips_l40_r400_500-8000.hdf5	right	left
3104.336	1	Stimulus/S  1	1	31043360	31043368	8	4	50	pips_l40_r400_500-8000.hdf5	right	left
3105.4027	1	Stimulus/S  1	1	31054027	31054035	8	5	30	pips_l40_r400_500-8000.hdf5	right	left
3106.4694	1	Stimulus/S  1	1	31064694	31064702	9	0	20	pips_l40_r400_500-8000.hdf5	right	left
3107.5254	1	Stimulus/S  1	1	31075254	31075262	9	1	40	pips_l40_r400_500-8000.hdf5	right	left
3108.5707	1	Stimulus/S  1	1	31085707	31085715	9	2	60	pips_l40_r400_500-8000.hdf5	right	left
3109.6374	1	Stimulus/S  1	1	31096374	31096382	9	3	70	pips_l40_r400_500-8000.hdf5	right	left
3110.7041	1	Stimulus/S  1	1	31107041	31107049	9	4	50	pips_l40_r400_500-8000.hdf5	right	left
3111.7601	1	Stimulus/S  1	1	31117601	31117609	9	5	30	pips_l40_r400_500-8000.hdf5	right	left
3112.8054	1	Stimulus/S  1	1	31128054	31128062	10	0	20	pips_l40_r400_500-8000.hdf5	right	left
3113.8508	1	Stimulus/S  1	1	31138508	31138516	10	1	40	pips_l40_r400_500-8000.hdf5	right	left
3114.9281	1	Stimulus/S  1	1	31149281	31149289	10	2	60	pips_l40_r400_500-8000.hdf5	right	left
3115.9948	1	Stimulus/S  1	1	31159948	31159956	10	3	70	pips_l40_r400_500-8000.hdf5	right	left
3117.0402	1	Stimulus/S  1	1	31170402	31170410	10	4	50	pips_l40_r400_500-8000.hdf5	right	left
3118.0855	1	Stimulus/S  1	1	31180855	31180863	10	5	30	pips_l40_r400_500-8000.hdf5	right	left
3119.1415	1	Stimulus/S  1	1	31191415	31191423	11	0	20	pips_l40_r400_500-8000.hdf5	right	left
3120.2082	1	Stimulus/S  1	1	31202082	31202090	11	1	40	pips_l40_r400_500-8000.hdf5	right	left
3121.2749	1	Stimulus/S  1	1	31212749	31212757	11	2	60	pips_l40_r400_500-8000.hdf5	right	left
3122.3415	1	Stimulus/S  1	1	31223415	31223423	11	3	70	pips_l40_r400_500-8000.hdf5	right	left
3123.3869	1	Stimulus/S  1	1	31233869	31233877	11	4	50	pips_l40_r400_500-8000.hdf5	right	left
3124.4536	1	Stimulus/S  1	1	31244536	31244544	11	5	30	pips_l40_r400_500-8000.hdf5	right	left
3125.5202	1	Stimulus/S  1	1	31255202	31255210	12	0	20	pips_l40_r400_500-8000.hdf5	right	left
3126.5762	1	Stimulus/S  1	1	31265762	31265770	12	1	40	pips_l40_r400_500-8000.hdf5	right	left
3127.6216	1	Stimulus/S  1	1	31276216	31276224	12	2	60	pips_l40_r400_500-8000.hdf5	right	left
3128.6883	1	Stimulus/S  1	1	31286883	31286891	12	3	70	pips_l40_r400_500-8000.hdf5	right	left
3129.7443	1	Stimulus/S  1	1	31297443	31297451	12	4	50	pips_l40_r400_500-8000.hdf5	right	left
3130.7896	1	Stimulus/S  1	1	31307896	31307904	12	5	30	pips_l40_r400_500-8000.hdf5	right	left
3131.8456	1	Stimulus/S  1	1	31318456	31318464	13	0	20	pips_l40_r400_500-8000.hdf5	right	left
3132.891	1	Stimulus/S  1	1	31328910	31328918	13	1	40	pips_l40_r400_500-8000.hdf5	right	left
3133.9363	1	Stimulus/S  1	1	31339363	31339371	13	2	60	pips_l40_r400_500-8000.hdf5	right	left
3135.003	1	Stimulus/S  1	1	31350030	31350038	13	3	70	pips_l40_r400_500-8000.hdf5	right	left
3136.0697	1	Stimulus/S  1	1	31360697	31360705	13	4	50	pips_l40_r400_500-8000.hdf5	right	left
3137.1257	1	Stimulus/S  1	1	31371257	31371265	13	5	30	pips_l40_r400_500-8000.hdf5	right	left
3138.171	1	Stimulus/S  1	1	31381710	31381718	14	0	20	pips_l40_r400_500-8000.hdf5	right	left
3139.227	1	Stimulus/S  1	1	31392270	31392278	14	1	40	pips_l40_r400_500-8000.hdf5	right	left
3140.2724	1	Stimulus/S  1	1	31402724	31402732	14	2	60	pips_l40_r400_500-8000.hdf5	right	left
3141.3391	1	Stimulus/S  1	1	31413391	31413399	14	3	70	pips_l40_r400_500-8000.hdf5	right	left
3142.3951	1	Stimulus/S  1	1	31423951	31423959	14	4	50	pips_l40_r400_500-8000.hdf5	right	left
3143.4404	1	Stimulus/S  1	1	31434404	31434412	14	5	30	pips_l40_r400_500-8000.hdf5	right	left
3144.4858	1	Stimulus/S  1	1	31444858	31444866	15	0	20	pips_l40_r400_500-8000.hdf5	right	left
3145.5524	1	Stimulus/S  1	1	31455524	31455532	15	1	40	pips_l40_r400_500-8000.hdf5	right	left
3146.6084	1	Stimulus/S  1	1	31466084	31466092	15	2	60	pips_l40_r400_500-8000.hdf5	right	left
3147.6538	1	Stimulus/S  1	1	31476538	31476546	15	3	70	pips_l40_r400_500-8000.hdf5	right	left
3148.7205	1	Stimulus/S  1	1	31487205	31487213	15	4	50	pips_l40_r400_500-8000.hdf5	right	left
3149.7871	1	Stimulus/S  1	1	31497871	31497879	15	5	30	pips_l40_r400_500-8000.hdf5	right	left
3150.8432	1	Stimulus/S  1	1	31508432	31508440	16	0	20	pips_l40_r400_500-8000.hdf5	right	left
3151.8885	1	Stimulus/S  1	1	31518885	31518893	16	1	40	pips_l40_r400_500-8000.hdf5	right	left
3152.9445	1	Stimulus/S  1	1	31529445	31529453	16	2	60	pips_l40_r400_500-8000.hdf5	right	left
3154.0112	1	Stimulus/S  1	1	31540112	31540120	16	3	70	pips_l40_r400_500-8000.hdf5	right	left
3155.0779	1	Stimulus/S  1	1	31550779	31550787	16	4	50	pips_l40_r400_500-8000.hdf5	right	left
3156.1445	1	Stimulus/S  1	1	31561445	31561453	16	5	30	pips_l40_r400_500-8000.hdf5	right	left
3157.2112	1	Stimulus/S  1	1	31572112	31572120	17	0	20	pips_l40_r400_500-8000.hdf5	right	left
3158.2779	1	Stimulus/S  1	1	31582779	31582787	17	1	40	pips_l40_r400_500-8000.hdf5	right	left
3159.3232	1	Stimulus/S  1	1	31593232	31593240	17	2	60	pips_l40_r400_500-8000.hdf5	right	left
3160.3792	1	Stimulus/S  1	1	31603792	31603800	17	3	70	pips_l40_r400_500-8000.hdf5	right	left
3161.4246	1	Stimulus/S  1	1	31614246	31614254	17	4	50	pips_l40_r400_500-8000.hdf5	right	left
3162.4913	1	Stimulus/S  1	1	31624913	31624921	17	5	30	pips_l40_r400_500-8000.hdf5	right	left
3163.5579	1	Stimulus/S  1	1	31635579	31635587	18	0	20	pips_l40_r400_500-8000.hdf5	right	left
3164.6033	1	Stimulus/S  1	1	31646033	31646041	18	1	40	pips_l40_r400_500-8000.hdf5	right	left
3165.6593	1	Stimulus/S  1	1	31656593	31656601	18	2	60	pips_l40_r400_500-8000.hdf5	right	left
3166.726	1	Stimulus/S  1	1	31667260	31667268	18	3	70	pips_l40_r400_500-8000.hdf5	right	left
3167.7927	1	Stimulus/S  1	1	31677927	31677935	18	4	50	pips_l40_r400_500-8000.hdf5	right	left
3168.838	1	Stimulus/S  1	1	31688380	31688388	18	5	30	pips_l40_r400_500-8000.hdf5	right	left
3169.894	1	Stimulus/S  1	1	31698940	31698948	19	0	20	pips_l40_r400_500-8000.hdf5	right	left
3170.9394	1	Stimulus/S  1	1	31709394	31709402	19	1	40	pips_l40_r400_500-8000.hdf5	right	left
3171.9954	1	Stimulus/S  1	1	31719954	31719962	19	2	60	pips_l40_r400_500-8000.hdf5	right	left
3173.0407	1	Stimulus/S  1	1	31730407	31730415	19	3	70	pips_l40_r400_500-8000.hdf5	right	left
3174.1074	1	Stimulus/S  1	1	31741074	31741082	19	4	50	pips_l40_r400_500-8000.hdf5	right	left
3175.1527	1	Stimulus/S  1	1	31751527	31751535	19	5	30	pips_l40_r400_500-8000.hdf5	right	left
3176.2087	1	Stimulus/S  1	1	31762087	31762095	20	0	20	pips_l40_r400_500-8000.hdf5	right	left
3177.2754	1	Stimulus/S  1	1	31772754	31772762	20	1	40	pips_l40_r400_500-8000.hdf5	right	left
3178.3421	1	Stimulus/S  1	1	31783421	31783429	20	2	60	pips_l40_r400_500-8000.hdf5	right	left
3179.4088	1	Stimulus/S  1	1	31794088	31794096	20	3	70	pips_l40_r400_500-8000.hdf5	right	left
3180.4541	1	Stimulus/S  1	1	31804541	31804549	20	4	50	pips_l40_r400_500-8000.hdf5	right	left
3181.5208	1	Stimulus/S  1	1	31815208	31815216	20	5	30	pips_l40_r400_500-8000.hdf5	right	left
3182.5875	1	Stimulus/S  1	1	31825875	31825883	21	0	20	pips_l40_r400_500-8000.hdf5	right	left
3183.6435	1	Stimulus/S  1	1	31836435	31836443	21	1	40	pips_l40_r400_500-8000.hdf5	right	left
3184.6888	1	Stimulus/S  1	1	31846888	31846896	21	2	60	pips_l40_r400_500-8000.hdf5	right	left
3185.7555	1	Stimulus/S  1	1	31857555	31857563	21	3	70	pips_l40_r400_500-8000.hdf5	right	left
3186.8115	1	Stimulus/S  1	1	31868115	31868123	21	4	50	pips_l40_r400_500-8000.hdf5	right	left
3187.8569	1	Stimulus/S  1	1	31878569	31878577	21	5	30	pips_l40_r400_500-8000.hdf5	right	left
3188.9235	1	Stimulus/S  1	1	31889235	31889243	22	0	20	pips_l40_r400_500-8000.hdf5	right	left
3189.9795	1	Stimulus/S  1	1	31899795	31899803	22	1	40	pips_l40_r400_500-8000.hdf5	right	left
3191.0249	1	Stimulus/S  1	1	31910249	31910257	22	2	60	pips_l40_r400_500-8000.hdf5	right	left
3192.0702	1	Stimulus/S  1	1	31920702	31920710	22	3	70	pips_l40_r400_500-8000.hdf5	right	left
3193.1262	1	Stimulus/S  1	1	31931262	31931270	22	4	50	pips_l40_r400_500-8000.hdf5	right	left
3194.1929	1	Stimulus/S  1	1	31941929	31941937	22	5	30	pips_l40_r400_500-8000.hdf5	right	left
3195.2596	1	Stimulus/S  1	1	31952596	31952604	23	0	20	pips_l40_r400_500-8000.hdf5	right	left
3196.3049	1	Stimulus/S  1	1	31963049	31963057	23	1	40	pips_l40_r400_500-8000.hdf5	right	left
3197.361	1	Stimulus/S  1	1	31973610	31973618	23	2	60	pips_l40_r400_500-8000.hdf5	right	left
3198.4276	1	Stimulus/S  1	1	31984276	31984284	23	3	70	pips_l40_r400_500-8000.hdf5	right	left
3199.4943	1	Stimulus/S  1	1	31994943	31994951	23	4	50	pips_l40_r400_500-8000.hdf5	right	left
3200.5397	1	Stimulus/S  1	1	32005397	32005405	23	5	30	pips_l40_r400_500-8000.hdf5	right	left
3201.5957	1	Stimulus/S  1	1	32015957	32015965	24	0	20	pips_l40_r400_500-8000.hdf5	right	left
3202.641	1	Stimulus/S  1	1	32026410	32026418	24	1	40	pips_l40_r400_500-8000.hdf5	right	left
3203.7077	1	Stimulus/S  1	1	32037077	32037085	24	2	60	pips_l40_r400_500-8000.hdf5	right	left
3204.753	1	Stimulus/S  1	1	32047530	32047538	24	3	70	pips_l40_r400_500-8000.hdf5	right	left
3205.8197	1	Stimulus/S  1	1	32058197	32058205	24	4	50	pips_l40_r400_500-8000.hdf5	right	left
3206.8757	1	Stimulus/S  1	1	32068757	32068765	24	5	30	pips_l40_r400_500-8000.hdf5	right	left
3207.9211	1	Stimulus/S  1	1	32079211	32079219	25	0	20	pips_l40_r400_500-8000.hdf5	right	left
3208.9771	1	Stimulus/S  1	1	32089771	32089779	25	1	40	pips_l40_r400_500-8000.hdf5	right	left
3210.0437	1	Stimulus/S  1	1	32100437	32100445	25	2	60	pips_l40_r400_500-8000.hdf5	right	left
3211.1104	1	Stimulus/S  1	1	32111104	32111112	25	3	70	pips_l40_r400_500-8000.hdf5	right	left
3212.1558	1	Stimulus/S  1	1	32121558	32121566	25	4	50	pips_l40_r400_500-8000.hdf5	right	left
3213.2224	1	Stimulus/S  1	1	32132224	32132232	25	5	30	pips_l40_r400_500-8000.hdf5	right	left
3214.2891	1	Stimulus/S  1	1	32142891	32142899	26	0	20	pips_l40_r400_500-8000.hdf5	right	left
3215.3558	1	Stimulus/S  1	1	32153558	32153566	26	1	40	pips_l40_r400_500-8000.hdf5	right	left
3216.4225	1	Stimulus/S  1	1	32164225	32164233	26	2	60	pips_l40_r400_500-8000.hdf5	right	left
3217.4892	1	Stimulus/S  1	1	32174892	32174900	26	3	70	pips_l40_r400_500-8000.hdf5	right	left
3218.5558	1	Stimulus/S  1	1	32185558	32185566	26	4	50	pips_l40_r400_500-8000.hdf5	right	left
3219.6225	1	Stimulus/S  1	1	32196225	32196233	26	5	30	pips_l40_r400_500-8000.hdf5	right	left
3220.6892	1	Stimulus/S  1	1	32206892	32206900	27	0	20	pips_l40_r400_500-8000.hdf5	right	left
3221.7559	1	Stimulus/S  1	1	32217559	32217567	27	1	40	pips_l40_r400_500-8000.hdf5	right	left
3222.8119	1	Stimulus/S  1	1	32228119	32228127	27	2	60	pips_l40_r400_500-8000.hdf5	right	left
3223.8572	1	Stimulus/S  1	1	32238572	32238580	27	3	70	pips_l40_r400_500-8000.hdf5	right	left
3224.9132	1	Stimulus/S  1	1	32249132	32249140	27	4	50	pips_l40_r400_500-8000.hdf5	right	left
3225.9586	1	Stimulus/S  1	1	32259586	32259594	27	5	30	pips_l40_r400_500-8000.hdf5	right	left
3227.0039	1	Stimulus/S  1	1	32270039	32270047	28	0	20	pips_l40_r400_500-8000.hdf5	right	left
3228.0599	1	Stimulus/S  1	1	32280599	32280607	28	1	40	pips_l40_r400_500-8000.hdf5	right	left
3229.1266	1	Stimulus/S  1	1	32291266	32291274	28	2	60	pips_l40_r400_500-8000.hdf5	right	left
3230.1719	1	Stimulus/S  1	1	32301719	32301727	28	3	70	pips_l40_r400_500-8000.hdf5	right	left
3231.228	1	Stimulus/S  1	1	32312280	32312288	28	4	50	pips_l40_r400_500-8000.hdf5	right	left
3232.2946	1	Stimulus/S  1	1	32322946	32322954	28	5	30	pips_l40_r400_500-8000.hdf5	right	left
3233.3613	1	Stimulus/S  1	1	32333613	32333621	29	0	20	pips_l40_r400_500-8000.hdf5	right	left
3234.428	1	Stimulus/S  1	1	32344280	32344288	29	1	40	pips_l40_r400_500-8000.hdf5	right	left
3235.4733	1	Stimulus/S  1	1	32354733	32354741	29	2	60	pips_l40_r400_500-8000.hdf5	right	left
3236.5293	1	Stimulus/S  1	1	32365293	32365301	29	3	70	pips_l40_r400_500-8000.hdf5	right	left
3237.5747	1	Stimulus/S  1	1	32375747	32375755	29	4	50	pips_l40_r400_500-8000.hdf5	right	left
3238.6414	1	Stimulus/S  1	1	32386414	32386422	29	5	30	pips_l40_r400_500-8000.hdf5	right	left
3239.708	1	Stimulus/S  1	1	32397080	32397088	30	0	20	pips_l40_r400_500-8000.hdf5	right	left
3240.7641	1	Stimulus/S  1	1	32407641	32407649	30	1	40	pips_l40_r400_500-8000.hdf5	right	left
3241.8094	1	Stimulus/S  1	1	32418094	32418102	30	2	60	pips_l40_r400_500-8000.hdf5	right	left
3242.8761	1	Stimulus/S  1	1	32428761	32428769	30	3	70	pips_l40_r400_500-8000.hdf5	right	left
3243.9427	1	Stimulus/S  1	1	32439427	32439435	30	4	50	pips_l40_r400_500-8000.hdf5	right	left
3245.0094	1	Stimulus/S  1	1	32450094	32450102	30	5	30	pips_l40_r400_500-8000.hdf5	right	left
3246.0761	1	Stimulus/S  1	1	32460761	32460769	31	0	20	pips_l40_r400_500-8000.hdf5	right	left
3247.1214	1	Stimulus/S  1	1	32471214	32471222	31	1	40	pips_l40_r400_500-8000.hdf5	right	left
3248.1775	1	Stimulus/S  1	1	32481775	32481783	31	2	60	pips_l40_r400_500-8000.hdf5	right	left
3249.2228	1	Stimulus/S  1	1	32492228	32492236	31	3	70	pips_l40_r400_500-8000.hdf5	right	left
3250.2788	1	Stimulus/S  1	1	32502788	32502796	31	4	50	pips_l40_r400_500-8000.hdf5	right	left
3251.3455	1	Stimulus/S  1	1	32513455	32513463	31	5	30	pips_l40_r400_500-8000.hdf5	right	left
3252.3908	1	Stimulus/S  1	1	32523908	32523916	32	0	20	pips_l40_r400_500-8000.hdf5	right	left
3253.4468	1	Stimulus/S  1	1	32534468	32534476	32	1	40	pips_l40_r400_500-8000.hdf5	right	left
3254.4922	1	Stimulus/S  1	1	32544922	32544930	32	2	60	pips_l40_r400_500-8000.hdf5	right	left
3255.5375	1	Stimulus/S  1	1	32555375	32555383	32	3	70	pips_l40_r400_500-8000.hdf5	right	left
3256.6042	1	Stimulus/S  1	1	32566042	32566050	32	4	50	pips_l40_r400_500-8000.hdf5	right	left
3257.6709	1	Stimulus/S  1	1	32576709	32576717	32	5	30	pips_l40_r400_500-8000.hdf5	right	left
3258.7269	1	Stimulus/S  1	1	32587269	32587277	33	0	20	pips_l40_r400_500-8000.hdf5	right	left
3259.7722	1	Stimulus/S  1	1	32597722	32597730	33	1	40	pips_l40_r400_500-8000.hdf5	right	left
3260.8389	1	Stimulus/S  1	1	32608389	32608397	33	2	60	pips_l40_r400_500-8000.hdf5	right	left
3261.8949	1	Stimulus/S  1	1	32618949	32618957	33	3	70	pips_l40_r400_500-8000.hdf5	right	left
3262.9403	1	Stimulus/S  1	1	32629403	32629411	33	4	50	pips_l40_r400_500-8000.hdf5	right	left
3264.0069	1	Stimulus/S  1	1	32640069	32640077	33	5	30	pips_l40_r400_500-8000.hdf5	right	left
3265.0736	1	Stimulus/S  1	1	32650736	32650744	34	0	20	pips_l40_r400_500-8000.hdf5	right	left
3266.1403	1	Stimulus/S  1	1	32661403	32661411	34	1	40	pips_l40_r400_500-8000.hdf5	right	left
3267.207	1	Stimulus/S  1	1	32672070	32672078	34	2	60	pips_l40_r400_500-8000.hdf5	right	left
3268.263	1	Stimulus/S  1	1	32682630	32682638	34	3	70	pips_l40_r400_500-8000.hdf5	right	left
3269.3083	1	Stimulus/S  1	1	32693083	32693091	34	4	50	pips_l40_r400_500-8000.hdf5	right	left
3270.375	1	Stimulus/S  1	1	32703750	32703758	34	5	30	pips_l40_r400_500-8000.hdf5	right	left
3271.4417	1	Stimulus/S  1	1	32714417	32714425	35	0	20	pips_l40_r400_500-8000.hdf5	right	left
3272.4977	1	Stimulus/S  1	1	32724977	32724985	35	1	40	pips_l40_r400_500-8000.hdf5	right	left
3273.5644	1	Stimulus/S  1	1	32735644	32735652	35	2	60	pips_l40_r400_500-8000.hdf5	right	left
3274.6311	1	Stimulus/S  1	1	32746311	32746319	35	3	70	pips_l40_r400_500-8000.hdf5	right	left
3275.6977	1	Stimulus/S  1	1	32756977	32756985	35	4	50	pips_l40_r400_500-8000.hdf5	right	left
3276.7431	1	Stimulus/S  1	1	32767431	32767439	35	5	30	pips_l40_r400_500-8000.hdf5	right	left
3277.7884	1	Stimulus/S  1	1	32777884	32777892	36	0	20	pips_l40_r400_500-8000.hdf5	right	left
3278.8551	1	Stimulus/S  1	1	32788551	32788559	36	1	40	pips_l40_r400_500-8000.hdf5	right	left
3279.9218	1	Stimulus/S  1	1	32799218	32799226	36	2	60	pips_l40_r400_500-8000.hdf5	right	left
3280.9778	1	Stimulus/S  1	1	32809778	32809786	36	3	70	pips_l40_r400_500-8000.hdf5	right	left
3282.0231	1	Stimulus/S  1	1	32820231	32820239	36	4	50	pips_l40_r400_500-8000.hdf5	right	left
3283.0898	1	Stimulus/S  1	1	32830898	32830906	36	5	30	pips_l40_r400_500-8000.hdf5	right	left
3284.1565	1	Stimulus/S  1	1	32841565	32841573	37	0	20	pips_l40_r400_500-8000.hdf5	right	left
3285.2125	1	Stimulus/S  1	1	32852125	32852133	37	1	40	pips_l40_r400_500-8000.hdf5	right	left
3286.2792	1	Stimulus/S  1	1	32862792	32862800	37	2	60	pips_l40_r400_500-8000.hdf5	right	left
3287.3458	1	Stimulus/S  1	1	32873458	32873466	37	3	70	pips_l40_r400_500-8000.hdf5	right	left
3288.4125	1	Stimulus/S  1	1	32884125	32884133	37	4	50	pips_l40_r400_500-8000.hdf5	right	left
3289.4579	1	Stimulus/S  1	1	32894579	32894587	37	5	30	pips_l40_r400_500-8000.hdf5	right	left
3290.5139	1	Stimulus/S  1	1	32905139	32905147	38	0	20	pips_l40_r400_500-8000.hdf5	right	left
3291.5806	1	Stimulus/S  1	1	32915806	32915814	38	1	40	pips_l40_r400_500-8000.hdf5	right	left
3292.6259	1	Stimulus/S  1	1	32926259	32926267	38	2	60	pips_l40_r400_500-8000.hdf5	right	left
3293.6926	1	Stimulus/S  1	1	32936926	32936934	38	3	70	pips_l40_r400_500-8000.hdf5	right	left
3294.7379	1	Stimulus/S  1	1	32947379	32947387	38	4	50	pips_l40_r400_500-8000.hdf5	right	left
3295.7939	1	Stimulus/S  1	1	32957939	32957947	38	5	30	pips_l40_r400_500-8000.hdf5	right	left
3296.8606	1	Stimulus/S  1	1	32968606	32968614	39	0	20	pips_l40_r400_500-8000.hdf5	right	left
3297.906	1	Stimulus/S  1	1	32979060	32979068	39	1	40	pips_l40_r400_500-8000.hdf5	right	left
3298.9726	1	Stimulus/S  1	1	32989726	32989734	39	2	60	pips_l40_r400_500-8000.hdf5	right	left
3300.0393	1	Stimulus/S  1	1	33000393	33000401	39	3	70	pips_l40_r400_500-8000.hdf5	right	left
3301.0953	1	Stimulus/S  1	1	33010953	33010961	39	4	50	pips_l40_r400_500-8000.hdf5	right	left
3302.1407	1	Stimulus/S  1	1	33021407	33021415	39	5	30	pips_l40_r400_500-8000.hdf5	right	left
3303.2073	1	Stimulus/S  1	1	33032073	33032081	40	0	20	pips_l40_r400_500-8000.hdf5	right	left
3304.2634	1	Stimulus/S  1	1	33042634	33042642	40	1	40	pips_l40_r400_500-8000.hdf5	right	left
3305.3087	1	Stimulus/S  1	1	33053087	33053095	40	2	60	pips_l40_r400_500-8000.hdf5	right	left
3306.3647	1	Stimulus/S  1	1	33063647	33063655	40	3	70	pips_l40_r400_500-8000.hdf5	right	left
3307.41	1	Stimulus/S  1	1	33074100	33074108	40	4	50	pips_l40_r400_500-8000.hdf5	right	left
3308.4554	1	Stimulus/S  1	1	33084554	33084562	40	5	30	pips_l40_r400_500-8000.hdf5	right	left
3309.5221	1	Stimulus/S  1	1	33095221	33095229	41	0	20	pips_l40_r400_500-8000.hdf5	right	left
3310.5887	1	Stimulus/S  1	1	33105887	33105895	41	1	40	pips_l40_r400_500-8000.hdf5	right	left
3311.6448	1	Stimulus/S  1	1	33116448	33116456	41	2	60	pips_l40_r400_500-8000.hdf5	right	left
3312.7114	1	Stimulus/S  1	1	33127114	33127122	41	3	70	pips_l40_r400_500-8000.hdf5	right	left
3313.7568	1	Stimulus/S  1	1	33137568	33137576	41	4	50	pips_l40_r400_500-8000.hdf5	right	left
3314.8235	1	Stimulus/S  1	1	33148235	33148243	41	5	30	pips_l40_r400_500-8000.hdf5	right	left
3315.8795	1	Stimulus/S  1	1	33158795	33158803	42	0	20	pips_l40_r400_500-8000.hdf5	right	left
3316.9248	1	Stimulus/S  1	1	33169248	33169256	42	1	40	pips_l40_r400_500-8000.hdf5	right	left
3317.9915	1	Stimulus/S  1	1	33179915	33179923	42	2	60	pips_l40_r400_500-8000.hdf5	right	left
3319.0475	1	Stimulus/S  1	1	33190475	33190483	42	3	70	pips_l40_r400_500-8000.hdf5	right	left
3320.1142	1	Stimulus/S  1	1	33201142	33201150	42	4	50	pips_l40_r400_500-8000.hdf5	right	left
3321.1595	1	Stimulus/S  1	1	33211595	33211603	42	5	30	pips_l40_r400_500-8000.hdf5	right	left
3322.2155	1	Stimulus/S  1	1	33222155	33222163	43	0	20	pips_l40_r400_500-8000.hdf5	right	left
3323.2609	1	Stimulus/S  1	1	33232609	33232617	43	1	40	pips_l40_r400_500-8000.hdf5	right	left
3324.3062	1	Stimulus/S  1	1	33243062	33243070	43	2	60	pips_l40_r400_500-8000.hdf5	right	left
3325.3622	1	Stimulus/S  1	1	33253622	33253630	43	3	70	pips_l40_r400_500-8000.hdf5	right	left
3326.4289	1	Stimulus/S  1	1	33264289	33264297	43	4	50	pips_l40_r400_500-8000.hdf5	right	left
3327.4742	1	Stimulus/S  1	1	33274742	33274750	43	5	30	pips_l40_r400_500-8000.hdf5	right	left
3328.5303	1	Stimulus/S  1	1	33285303	33285311	44	0	20	pips_l40_r400_500-8000.hdf5	right	left
3329.5756	1	Stimulus/S  1	1	33295756	33295764	44	1	40	pips_l40_r400_500-8000.hdf5	right	left
3330.6316	1	Stimulus/S  1	1	33306316	33306324	44	2	60	pips_l40_r400_500-8000.hdf5	right	left
3331.6983	1	Stimulus/S  1	1	33316983	33316991	44	3	70	pips_l40_r400_500-8000.hdf5	right	left
3332.765	1	Stimulus/S  1	1	33327650	33327658	44	4	50	pips_l40_r400_500-8000.hdf5	right	left
3333.8103	1	Stimulus/S  1	1	33338103	33338111	44	5	30	pips_l40_r400_500-8000.hdf5	right	left
3334.877	1	Stimulus/S  1	1	33348770	33348778	45	0	20	pips_l40_r400_500-8000.hdf5	right	left
3335.9223	1	Stimulus/S  1	1	33359223	33359231	45	1	40	pips_l40_r400_500-8000.hdf5	right	left
3336.9783	1	Stimulus/S  1	1	33369783	33369791	45	2	60	pips_l40_r400_500-8000.hdf5	right	left
3338.045	1	Stimulus/S  1	1	33380450	33380458	45	3	70	pips_l40_r400_500-8000.hdf5	right	left
3339.1117	1	Stimulus/S  1	1	33391117	33391125	45	4	50	pips_l40_r400_500-8000.hdf5	right	left
3340.157	1	Stimulus/S  1	1	33401570	33401578	45	5	30	pips_l40_r400_500-8000.hdf5	right	left
3341.2237	1	Stimulus/S  1	1	33412237	33412245	46	0	20	pips_l40_r400_500-8000.hdf5	right	left
3342.2904	1	Stimulus/S  1	1	33422904	33422912	46	1	40	pips_l40_r400_500-8000.hdf5	right	left
3343.3464	1	Stimulus/S  1	1	33433464	33433472	46	2	60	pips_l40_r400_500-8000.hdf5	right	left
3344.4131	1	Stimulus/S  1	1	33444131	33444139	46	3	70	pips_l40_r400_500-8000.hdf5	right	left
3345.4798	1	Stimulus/S  1	1	33454798	33454806	46	4	50	pips_l40_r400_500-8000.hdf5	right	left
3346.5251	1	Stimulus/S  1	1	33465251	33465259	46	5	30	pips_l40_r400_500-8000.hdf5	right	left
3347.5918	1	Stimulus/S  1	1	33475918	33475926	47	0	20	pips_l40_r400_500-8000.hdf5	right	left
3348.6478	1	Stimulus/S  1	1	33486478	33486486	47	1	40	pips_l40_r400_500-8000.hdf5	right	left
3349.6931	1	Stimulus/S  1	1	33496931	33496939	47	2	60	pips_l40_r400_500-8000.hdf5	right	left
3350.7598	1	Stimulus/S  1	1	33507598	33507606	47	3	70	pips_l40_r400_500-8000.hdf5	right	left
3351.8158	1	Stimulus/S  1	1	33518158	33518166	47	4	50	pips_l40_r400_500-8000.hdf5	right	left
3352.8612	1	Stimulus/S  1	1	33528612	33528620	47	5	30	pips_l40_r400_500-8000.hdf5	right	left
3353.9065	1	Stimulus/S  1	1	33539065	33539073	48	0	20	pips_l40_r400_500-8000.hdf5	right	left
3354.9625	1	Stimulus/S  1	1	33549625	33549633	48	1	40	pips_l40_r400_500-8000.hdf5	right	left
3356.0079	1	Stimulus/S  1	1	33560079	33560087	48	2	60	pips_l40_r400_500-8000.hdf5	right	left
3357.0639	1	Stimulus/S  1	1	33570639	33570647	48	3	70	pips_l40_r400_500-8000.hdf5	right	left
3358.1306	1	Stimulus/S  1	1	33581306	33581314	48	4	50	pips_l40_r400_500-8000.hdf5	right	left
3359.1759	1	Stimulus/S  1	1	33591759	33591767	48	5	30	pips_l40_r400_500-8000.hdf5	right	left
3360.2426	1	Stimulus/S  1	1	33602426	33602434	49	0	20	pips_l40_r400_500-8000.hdf5	right	left
3361.2986	1	Stimulus/S  1	1	33612986	33612994	49	1	40	pips_l40_r400_500-8000.hdf5	right	left
3362.3653	1	Stimulus/S  1	1	33623653	33623661	49	2	60	pips_l40_r400_500-8000.hdf5	right	left
3363.4106	1	Stimulus/S  1	1	33634106	33634114	49	3	70	pips_l40_r400_500-8000.hdf5	right	left
3364.4773	1	Stimulus/S  1	1	33644773	33644781	49	4	50	pips_l40_r400_500-8000.hdf5	right	left
3365.5226	1	Stimulus/S  1	1	33655226	33655234	49	5	30	pips_l40_r400_500-8000.hdf5	right	left
3366.6	1	Stimulus/S  1	1	33666000	33666008	50	0	20	pips_l40_r400_500-8000.hdf5	right	left
3367.6453	1	Stimulus/S  1	1	33676453	33676461	50	1	40	pips_l40_r400_500-8000.hdf5	right	left
3368.6907	1	Stimulus/S  1	1	33686907	33686915	50	2	60	pips_l40_r400_500-8000.hdf5	right	left
3369.7573	1	Stimulus/S  1	1	33697573	33697581	50	3	70	pips_l40_r400_500-8000.hdf5	right	left
3370.8133	1	Stimulus/S  1	1	33708133	33708141	50	4	50	pips_l40_r400_500-8000.hdf5	right	left
3371.88	1	Stimulus/S  1	1	33718800	33718808	50	5	30	pips_l40_r400_500-8000.hdf5	right	left
3372.9254	1	Stimulus/S  1	1	33729254	33729262	51	0	20	pips_l40_r400_500-8000.hdf5	right	left
3373.992	1	Stimulus/S  1	1	33739920	33739928	51	1	40	pips_l40_r400_500-8000.hdf5	right	left
3375.0481	1	Stimulus/S  1	1	33750481	33750489	51	2	60	pips_l40_r400_500-8000.hdf5	right	left
3376.0934	1	Stimulus/S  1	1	33760934	33760942	51	3	70	pips_l40_r400_500-8000.hdf5	right	left
3377.1494	1	Stimulus/S  1	1	33771494	33771502	51	4	50	pips_l40_r400_500-8000.hdf5	right	left
3378.2161	1	Stimulus/S  1	1	33782161	33782169	51	5	30	pips_l40_r400_500-8000.hdf5	right	left
3379.2614	1	Stimulus/S  1	1	33792614	33792622	52	0	20	pips_l40_r400_500-8000.hdf5	right	left
3380.3281	1	Stimulus/S  1	1	33803281	33803289	52	1	40	pips_l40_r400_500-8000.hdf5	right	left
3381.3948	1	Stimulus/S  1	1	33813948	33813956	52	2	60	pips_l40_r400_500-8000.hdf5	right	left
3382.4401	1	Stimulus/S  1	1	33824401	33824409	52	3	70	pips_l40_r400_500-8000.hdf5	right	left
3383.4961	1	Stimulus/S  1	1	33834961	33834969	52	4	50	pips_l40_r400_500-8000.hdf5	right	left
3384.5415	1	Stimulus/S  1	1	33845415	33845423	52	5	30	pips_l40_r400_500-8000.hdf5	right	left
3385.5975	1	Stimulus/S  1	1	33855975	33855983	53	0	20	pips_l40_r400_500-8000.hdf5	right	left
3386.6428	1	Stimulus/S  1	1	33866428	33866436	53	1	40	pips_l40_r400_500-8000.hdf5	right	left
3387.7095	1	Stimulus/S  1	1	33877095	33877103	53	2	60	pips_l40_r400_500-8000.hdf5	right	left
3388.7655	1	Stimulus/S  1	1	33887655	33887663	53	3	70	pips_l40_r400_500-8000.hdf5	right	left
3389.8109	1	Stimulus/S  1	1	33898109	33898117	53	4	50	pips_l40_r400_500-8000.hdf5	right	left
3390.8775	1	Stimulus/S  1	1	33908775	33908783	53	5	30	pips_l40_r400_500-8000.hdf5	right	left
3391.9336	1	Stimulus/S  1	1	33919336	33919344	54	0	20	pips_l40_r400_500-8000.hdf5	right	left
3392.9789	1	Stimulus/S  1	1	33929789	33929797	54	1	40	pips_l40_r400_500-8000.hdf5	right	left
3394.0456	1	Stimulus/S  1	1	33940456	33940464	54	2	60	pips_l40_r400_500-8000.hdf5	right	left
3395.1123	1	Stimulus/S  1	1	33951123	33951131	54	3	70	pips_l40_r400_500-8000.hdf5	right	left
3396.1576	1	Stimulus/S  1	1	33961576	33961584	54	4	50	pips_l40_r400_500-8000.hdf5	right	left
3397.2243	1	Stimulus/S  1	1	33972243	33972251	54	5	30	pips_l40_r400_500-8000.hdf5	right	left
3398.291	1	Stimulus/S  1	1	33982910	33982918	55	0	20	pips_l40_r400_500-8000.hdf5	right	left
3399.347	1	Stimulus/S  1	1	33993470	33993478	55	1	40	pips_l40_r400_500-8000.hdf5	right	left
3400.4136	1	Stimulus/S  1	1	34004136	34004144	55	2	60	pips_l40_r400_500-8000.hdf5	right	left
3401.459	1	Stimulus/S  1	1	34014590	34014598	55	3	70	pips_l40_r400_500-8000.hdf5	right	left
3402.5257	1	Stimulus/S  1	1	34025257	34025265	55	4	50	pips_l40_r400_500-8000.hdf5	right	left
3403.5817	1	Stimulus/S  1	1	34035817	34035825	55	5	30	pips_l40_r400_500-8000.hdf5	right	left
3404.627	1	Stimulus/S  1	1	34046270	34046278	56	0	20	pips_l40_r400_500-8000.hdf5	right	left
3405.683	1	Stimulus/S  1	1	34056830	34056838	56	1	40	pips_l40_r400_500-8000.hdf5	right	left
3406.7284	1	Stimulus/S  1	1	34067284	34067292	56	2	60	pips_l40_r400_500-8000.hdf5	right	left
3407.7844	1	Stimulus/S  1	1	34077844	34077852	56	3	70	pips_l40_r400_500-8000.hdf5	right	left
3408.8297	1	Stimulus/S  1	1	34088297	34088305	56	4	50	pips_l40_r400_500-8000.hdf5	right	left
3409.8964	1	Stimulus/S  1	1	34098964	34098972	56	5	30	pips_l40_r400_500-8000.hdf5	right	left
3410.9417	1	Stimulus/S  1	1	34109417	34109425	57	0	20	pips_l40_r400_500-8000.hdf5	right	left
3411.9978	1	Stimulus/S  1	1	34119978	34119986	57	1	40	pips_l40_r400_500-8000.hdf5	right	left
3413.0431	1	Stimulus/S  1	1	34130431	34130439	57	2	60	pips_l40_r400_500-8000.hdf5	right	left
3414.0991	1	Stimulus/S  1	1	34140991	34140999	57	3	70	pips_l40_r400_500-8000.hdf5	right	left
3415.1658	1	Stimulus/S  1	1	34151658	34151666	57	4	50	pips_l40_r400_500-8000.hdf5	right	left
3416.2111	1	Stimulus/S  1	1	34162111	34162119	57	5	30	pips_l40_r400_500-8000.hdf5	right	left
3417.2778	1	Stimulus/S  1	1	34172778	34172786	58	0	20	pips_l40_r400_500-8000.hdf5	right	left
3418.3445	1	Stimulus/S  1	1	34183445	34183453	58	1	40	pips_l40_r400_500-8000.hdf5	right	left
3419.4005	1	Stimulus/S  1	1	34194005	34194013	58	2	60	pips_l40_r400_500-8000.hdf5	right	left
3420.4458	1	Stimulus/S  1	1	34204458	34204466	58	3	70	pips_l40_r400_500-8000.hdf5	right	left
3421.5125	1	Stimulus/S  1	1	34215125	34215133	58	4	50	pips_l40_r400_500-8000.hdf5	right	left
3422.5579	1	Stimulus/S  1	1	34225579	34225587	58	5	30	pips_l40_r400_500-8000.hdf5	right	left
3423.6139	1	Stimulus/S  1	1	34236139	34236147	59	0	20	pips_l40_r400_500-8000.hdf5	right	left
3424.6805	1	Stimulus/S  1	1	34246805	34246813	59	1	40	pips_l40_r400_500-8000.hdf5	right	left
3425.7259	1	Stimulus/S  1	1	34257259	34257267	59	2	60	pips_l40_r400_500-8000.hdf5	right	left
3426.7819	1	Stimulus/S  1	1	34267819	34267827	59	3	70	pips_l40_r400_500-8000.hdf5	right	left
3427.8486	1	Stimulus/S  1	1	34278486	34278494	59	4	50	pips_l40_r400_500-8000.hdf5	right	left
3428.8939	1	Stimulus/S  1	1	34288939	34288947	59	5	30	pips_l40_r400_500-8000.hdf5	right	left
3429.9606	1	Stimulus/S  1	1	34299606	34299614	60	0	20	pips_l40_r400_500-8000.hdf5	right	left
3431.0273	1	Stimulus/S  1	1	34310273	34310281	60	1	40	pips_l40_r400_500-8000.hdf5	right	left
3432.0833	1	Stimulus/S  1	1	34320833	34320841	60	2	60	pips_l40_r400_500-8000.hdf5	right	left
3433.1286	1	Stimulus/S  1	1	34331286	34331294	60	3	70	pips_l40_r400_500-8000.hdf5	right	left
3434.174	1	Stimulus/S  1	1	34341740	34341748	60	4	50	pips_l40_r400_500-8000.hdf5	right	left
3435.23	1	Stimulus/S  1	1	34352300	34352308	60	5	30	pips_l40_r400_500-8000.hdf5	right	left
3436.2967	1	Stimulus/S  1	1	34362967	34362975	61	0	20	pips_l40_r400_500-8000.hdf5	right	left
3437.342	1	Stimulus/S  1	1	34373420	34373428	61	1	40	pips_l40_r400_500-8000.hdf5	right	left
3438.4087	1	Stimulus/S  1	1	34384087	34384095	61	2	60	pips_l40_r400_500-8000.hdf5	right	left
3439.4647	1	Stimulus/S  1	1	34394647	34394655	61	3	70	pips_l40_r400_500-8000.hdf5	right	left
3440.51	1	Stimulus/S  1	1	34405100	34405108	61	4	50	pips_l40_r400_500-8000.hdf5	right	left
3441.5661	1	Stimulus/S  1	1	34415661	34415669	61	5	30	pips_l40_r400_500-8000.hdf5	right	left
3442.6114	1	Stimulus/S  1	1	34426114	34426122	62	0	20	pips_l40_r400_500-8000.hdf5	right	left
3443.6781	1	Stimulus/S  1	1	34436781	34436789	62	1	40	pips_l40_r400_500-8000.hdf5	right	left
3444.7341	1	Stimulus/S  1	1	34447341	34447349	62	2	60	pips_l40_r400_500-8000.hdf5	right	left
3445.7794	1	Stimulus/S  1	1	34457794	34457802	62	3	70	pips_l40_r400_500-8000.hdf5	right	left
3446.8461	1	Stimulus/S  1	1	34468461	34468469	62	4	50	pips_l40_r400_500-8000.hdf5	right	left
3447.8914	1	Stimulus/S  1	1	34478914	34478922	62	5	30	pips_l40_r400_500-8000.hdf5	right	left
3448.9475	1	Stimulus/S  1	1	34489475	34489483	63	0	20	pips_l40_r400_500-8000.hdf5	right	left
3450.0141	1	Stimulus/S  1	1	34500141	34500149	63	1	40	pips_l40_r400_500-8000.hdf5	right	left
3451.0595	1	Stimulus/S  1	1	34510595	34510603	63	2	60	pips_l40_r400_500-8000.hdf5	right	left
3452.1262	1	Stimulus/S  1	1	34521262	34521270	63	3	70	pips_l40_r400_500-8000.hdf5	right	left
3453.1822	1	Stimulus/S  1	1	34531822	34531830	63	4	50	pips_l40_r400_500-8000.hdf5	right	left
3454.2488	1	Stimulus/S  1	1	34542488	34542496	63	5	30	pips_l40_r400_500-8000.hdf5	right	left
3455.2942	1	Stimulus/S  1	1	34552942	34552950	64	0	20	pips_l40_r400_500-8000.hdf5	right	left
3456.3609	1	Stimulus/S  1	1	34563609	34563617	64	1	40	pips_l40_r400_500-8000.hdf5	right	left
3457.4169	1	Stimulus/S  1	1	34574169	34574177	64	2	60	pips_l40_r400_500-8000.hdf5	right	left
3458.4836	1	Stimulus/S  1	1	34584836	34584844	64	3	70	pips_l40_r400_500-8000.hdf5	right	left
3459.5289	1	Stimulus/S  1	1	34595289	34595297	64	4	50	pips_l40_r400_500-8000.hdf5	right	left
3460.5742	1	Stimulus/S  1	1	34605742	34605750	64	5	30	pips_l40_r400_500-8000.hdf5	right	left
3461.6516	1	Stimulus/S  1	1	34616516	34616524	65	0	20	pips_l40_r400_500-8000.hdf5	right	left
3462.6969	1	Stimulus/S  1	1	34626969	34626977	65	1	40	pips_l40_r400_500-8000.hdf5	right	left
3463.7636	1	Stimulus/S  1	1	34637636	34637644	65	2	60	pips_l40_r400_500-8000.hdf5	right	left
3464.8089	1	Stimulus/S  1	1	34648089	34648097	65	3	70	pips_l40_r400_500-8000.hdf5	right	left
3465.8756	1	Stimulus/S  1	1	34658756	34658764	65	4	50	pips_l40_r400_500-8000.hdf5	right	left
3466.9316	1	Stimulus/S  1	1	34669316	34669324	65	5	30	pips_l40_r400_500-8000.hdf5	right	left
3467.977	1	Stimulus/S  1	1	34679770	34679778	66	0	20	pips_l40_r400_500-8000.hdf5	right	left
3469.033	1	Stimulus/S  1	1	34690330	34690338	66	1	40	pips_l40_r400_500-8000.hdf5	right	left
3470.0783	1	Stimulus/S  1	1	34700783	34700791	66	2	60	pips_l40_r400_500-8000.hdf5	right	left
3471.1343	1	Stimulus/S  1	1	34711343	34711351	66	3	70	pips_l40_r400_500-8000.hdf5	right	left
3472.1797	1	Stimulus/S  1	1	34721797	34721805	66	4	50	pips_l40_r400_500-8000.hdf5	right	left
3473.225	1	Stimulus/S  1	1	34732250	34732258	66	5	30	pips_l40_r400_500-8000.hdf5	right	left
3474.2917	1	Stimulus/S  1	1	34742917	34742925	67	0	20	pips_l40_r400_500-8000.hdf5	right	left
3475.3584	1	Stimulus/S  1	1	34753584	34753592	67	1	40	pips_l40_r400_500-8000.hdf5	right	left
3476.4144	1	Stimulus/S  1	1	34764144	34764152	67	2	60	pips_l40_r400_500-8000.hdf5	right	left
3477.4811	1	Stimulus/S  1	1	34774811	34774819	67	3	70	pips_l40_r400_500-8000.hdf5	right	left
3478.5264	1	Stimulus/S  1	1	34785264	34785272	67	4	50	pips_l40_r400_500-8000.hdf5	right	left
3479.5824	1	Stimulus/S  1	1	34795824	34795832	67	5	30	pips_l40_r400_500-8000.hdf5	right	left
3480.6491	1	Stimulus/S  1	1	34806491	34806499	68	0	20	pips_l40_r400_500-8000.hdf5	right	left
3481.6945	1	Stimulus/S  1	1	34816945	34816953	68	1	40	pips_l40_r400_500-8000.hdf5	right	left
3482.7611	1	Stimulus/S  1	1	34827611	34827619	68	2	60	pips_l40_r400_500-8000.hdf5	right	left
3483.8278	1	Stimulus/S  1	1	34838278	34838286	68	3	70	pips_l40_r400_500-8000.hdf5	right	left
3484.8838	1	Stimulus/S  1	1	34848838	34848846	68	4	50	pips_l40_r400_500-8000.hdf5	right	left
3485.9292	1	Stimulus/S  1	1	34859292	34859300	68	5	30	pips_l40_r400_500-8000.hdf5	right	left
3486.9958	1	Stimulus/S  1	1	34869958	34869966	69	0	20	pips_l40_r400_500-8000.hdf5	right	left
3488.0412	1	Stimulus/S  1	1	34880412	34880420	69	1	40	pips_l40_r400_500-8000.hdf5	right	left
3489.0972	1	Stimulus/S  1	1	34890972	34890980	69	2	60	pips_l40_r400_500-8000.hdf5	right	left
3490.1639	1	Stimulus/S  1	1	34901639	34901647	69	3	70	pips_l40_r400_500-8000.hdf5	right	left
3491.2092	1	Stimulus/S  1	1	34912092	34912100	69	4	50	pips_l40_r400_500-8000.hdf5	right	left
3492.2759	1	Stimulus/S  1	1	34922759	34922767	69	5	30	pips_l40_r400_500-8000.hdf5	right	left
3493.3426	1	Stimulus/S  1	1	34933426	34933434	70	0	20	pips_l40_r400_500-8000.hdf5	right	left
3494.3986	1	Stimulus/S  1	1	34943986	34943994	70	1	40	pips_l40_r400_500-8000.hdf5	right	left
3495.4439	1	Stimulus/S  1	1	34954439	34954447	70	2	60	pips_l40_r400_500-8000.hdf5	right	left
3496.5106	1	Stimulus/S  1	1	34965106	34965114	70	3	70	pips_l40_r400_500-8000.hdf5	right	left
3497.5666	1	Stimulus/S  1	1	34975666	34975674	70	4	50	pips_l40_r400_500-8000.hdf5	right	left
3498.612	1	Stimulus/S  1	1	34986120	34986128	70	5	30	pips_l40_r400_500-8000.hdf5	right	left
3499.668	1	Stimulus/S  1	1	34996680	34996688	71	0	20	pips_l40_r400_500-8000.hdf5	right	left
3500.7133	1	Stimulus/S  1	1	35007133	35007141	71	1	40	pips_l40_r400_500-8000.hdf5	right	left
3501.7587	1	Stimulus/S  1	1	35017587	35017595	71	2	60	pips_l40_r400_500-8000.hdf5	right	left
3502.8147	1	Stimulus/S  1	1	35028147	35028155	71	3	70	pips_l40_r400_500-8000.hdf5	right	left
3503.86	1	Stimulus/S  1	1	35038600	35038608	71	4	50	pips_l40_r400_500-8000.hdf5	right	left
3504.9267	1	Stimulus/S  1	1	35049267	35049275	71	5	30	pips_l40_r400_500-8000.hdf5	right	left
3505.9827	1	Stimulus/S  1	1	35059827	35059835	72	0	20	pips_l40_r400_500-8000.hdf5	right	left
3507.028	1	Stimulus/S  1	1	35070280	35070288	72	1	40	pips_l40_r400_500-8000.hdf5	right	left
3508.0947	1	Stimulus/S  1	1	35080947	35080955	72	2	60	pips_l40_r400_500-8000.hdf5	right	left
3509.1507	1	Stimulus/S  1	1	35091507	35091515	72	3	70	pips_l40_r400_500-8000.hdf5	right	left
3510.2174	1	Stimulus/S  1	1	35102174	35102182	72	4	50	pips_l40_r400_500-8000.hdf5	right	left
3511.2627	1	Stimulus/S  1	1	35112627	35112635	72	5	30	pips_l40_r400_500-8000.hdf5	right	left
3512.3188	1	Stimulus/S  1	1	35123188	35123196	73	0	20	pips_l40_r400_500-8000.hdf5	right	left
3513.3854	1	Stimulus/S  1	1	35133854	35133862	73	1	40	pips_l40_r400_500-8000.hdf5	right	left
3514.4308	1	Stimulus/S  1	1	35144308	35144316	73	2	60	pips_l40_r400_500-8000.hdf5	right	left
3515.4975	1	Stimulus/S  1	1	35154975	35154983	73	3	70	pips_l40_r400_500-8000.hdf5	right	left
3516.5641	1	Stimulus/S  1	1	35165641	35165649	73	4	50	pips_l40_r400_500-8000.hdf5	right	left
3517.6095	1	Stimulus/S  1	1	35176095	35176103	73	5	30	pips_l40_r400_500-8000.hdf5	right	left
3518.6762	1	Stimulus/S  1	1	35186762	35186770	74	0	20	pips_l40_r400_500-8000.hdf5	right	left
3519.7322	1	Stimulus/S  1	1	35197322	35197330	74	1	40	pips_l40_r400_500-8000.hdf5	right	left
3520.7775	1	Stimulus/S  1	1	35207775	35207783	74	2	60	pips_l40_r400_500-8000.hdf5	right	left
3521.8335	1	Stimulus/S  1	1	35218335	35218343	74	3	70	pips_l40_r400_500-8000.hdf5	right	left
3522.8789	1	Stimulus/S  1	1	35228789	35228797	74	4	50	pips_l40_r400_500-8000.hdf5	right	left
3523.9455	1	Stimulus/S  1	1	35239455	35239463	74	5	30	pips_l40_r400_500-8000.hdf5	right	left
3525.0015	1	Stimulus/S  1	1	35250015	35250023	75	0	20	pips_l40_r400_500-8000.hdf5	right	left
3526.0682	1	Stimulus/S  1	1	35260682	35260690	75	1	40	pips_l40_r400_500-8000.hdf5	right	left
3527.1136	1	Stimulus/S  1	1	35271136	35271144	75	2	60	pips_l40_r400_500-8000.hdf5	right	left
3528.1589	1	Stimulus/S  1	1	35281589	35281597	75	3	70	pips_l40_r400_500-8000.hdf5	right	left
3529.2149	1	Stimulus/S  1	1	35292149	35292157	75	4	50	pips_l40_r400_500-8000.hdf5	right	left
3530.2603	1	Stimulus/S  1	1	35302603	35302611	75	5	30	pips_l40_r400_500-8000.hdf5	right	left
3531.3269	1	Stimulus/S  1	1	35313269	35313277	76	0	20	pips_l40_r400_500-8000.hdf5	right	left
3532.383	1	Stimulus/S  1	1	35323830	35323838	76	1	40	pips_l40_r400_500-8000.hdf5	right	left
3533.4283	1	Stimulus/S  1	1	35334283	35334291	76	2	60	pips_l40_r400_500-8000.hdf5	right	left
3534.4843	1	Stimulus/S  1	1	35344843	35344851	76	3	70	pips_l40_r400_500-8000.hdf5	right	left
3535.5297	1	Stimulus/S  1	1	35355297	35355305	76	4	50	pips_l40_r400_500-8000.hdf5	right	left
3536.5963	1	Stimulus/S  1	1	35365963	35365971	76	5	30	pips_l40_r400_500-8000.hdf5	right	left
3537.6523	1	Stimulus/S  1	1	35376523	35376531	77	0	20	pips_l40_r400_500-8000.hdf5	right	left
3538.6977	1	Stimulus/S  1	1	35386977	35386985	77	1	40	pips_l40_r400_500-8000.hdf5	right	left
3539.743	1	Stimulus/S  1	1	35397430	35397438	77	2	60	pips_l40_r400_500-8000.hdf5	right	left
3540.8097	1	Stimulus/S  1	1	35408097	35408105	77	3	70	pips_l40_r400_500-8000.hdf5	right	left
3541.8657	1	Stimulus/S  1	1	35418657	35418665	77	4	50	pips_l40_r400_500-8000.hdf5	right	left
3542.9324	1	Stimulus/S  1	1	35429324	35429332	77	5	30	pips_l40_r400_500-8000.hdf5	right	left
3543.9777	1	Stimulus/S  1	1	35439777	35439785	78	0	20	pips_l40_r400_500-8000.hdf5	right	left
3545.0444	1	Stimulus/S  1	1	35450444	35450452	78	1	40	pips_l40_r400_500-8000.hdf5	right	left
3546.1004	1	Stimulus/S  1	1	35461004	35461012	78	2	60	pips_l40_r400_500-8000.hdf5	right	left
3547.1671	1	Stimulus/S  1	1	35471671	35471679	78	3	70	pips_l40_r400_500-8000.hdf5	right	left
3548.2124	1	Stimulus/S  1	1	35482124	35482132	78	4	50	pips_l40_r400_500-8000.hdf5	right	left
3549.2791	1	Stimulus/S  1	1	35492791	35492799	78	5	30	pips_l40_r400_500-8000.hdf5	right	left
3550.3351	1	Stimulus/S  1	1	35503351	35503359	79	0	20	pips_l40_r400_500-8000.hdf5	right	left
3551.3805	1	Stimulus/S  1	1	35513805	35513813	79	1	40	pips_l40_r400_500-8000.hdf5	right	left
3552.4472	1	Stimulus/S  1	1	35524472	35524480	79	2	60	pips_l40_r400_500-8000.hdf5	right	left
3553.4925	1	Stimulus/S  1	1	35534925	35534933	79	3	70	pips_l40_r400_500-8000.hdf5	right	left
3554.5592	1	Stimulus/S  1	1	35545592	35545600	79	4	50	pips_l40_r400_500-8000.hdf5	right	left
3555.6152	1	Stimulus/S  1	1	35556152	35556160	79	5	30	pips_l40_r400_500-8000.hdf5	right	left
3556.6605	1	Stimulus/S  1	1	35566605	35566613	80	0	20	pips_l40_r400_500-8000.hdf5	right	left
3557.7272	1	Stimulus/S  1	1	35577272	35577280	80	1	40	pips_l40_r400_500-8000.hdf5	right	left
3558.7832	1	Stimulus/S  1	1	35587832	35587840	80	2	60	pips_l40_r400_500-8000.hdf5	right	left
3559.8499	1	Stimulus/S  1	1	35598499	35598507	80	3	70	pips_l40_r400_500-8000.hdf5	right	left
3560.8952	1	Stimulus/S  1	1	35608952	35608960	80	4	50	pips_l40_r400_500-8000.hdf5	right	left
3561.9619	1	Stimulus/S  1	1	35619619	35619627	80	5	30	pips_l40_r400_500-8000.hdf5	right	left
3563.0179	1	Stimulus/S  1	1	35630179	35630187	81	0	20	pips_l40_r400_500-8000.hdf5	right	left
3564.0846	1	Stimulus/S  1	1	35640846	35640854	81	1	40	pips_l40_r400_500-8000.hdf5	right	left
3565.1299	1	Stimulus/S  1	1	35651299	35651307	81	2	60	pips_l40_r400_500-8000.hdf5	right	left
3566.1966	1	Stimulus/S  1	1	35661966	35661974	81	3	70	pips_l40_r400_500-8000.hdf5	right	left
3567.2526	1	Stimulus/S  1	1	35672526	35672534	81	4	50	pips_l40_r400_500-8000.hdf5	right	left
3568.3193	1	Stimulus/S  1	1	35683193	35683201	81	5	30	pips_l40_r400_500-8000.hdf5	right	left
3569.3647	1	Stimulus/S  1	1	35693647	35693655	82	0	20	pips_l40_r400_500-8000.hdf5	right	left
3570.4313	1	Stimulus/S  1	1	35704313	35704321	82	1	40	pips_l40_r400_500-8000.hdf5	right	left
3571.498	1	Stimulus/S  1	1	35714980	35714988	82	2	60	pips_l40_r400_500-8000.hdf5	right	left
3572.5434	1	Stimulus/S  1	1	35725434	35725442	82	3	70	pips_l40_r400_500-8000.hdf5	right	left
3573.61	1	Stimulus/S  1	1	35736100	35736108	82	4	50	pips_l40_r400_500-8000.hdf5	right	left
3574.666	1	Stimulus/S  1	1	35746660	35746668	82	5	30	pips_l40_r400_500-8000.hdf5	right	left
3575.7114	1	Stimulus/S  1	1	35757114	35757122	83	0	20	pips_l40_r400_500-8000.hdf5	right	left
3576.7674	1	Stimulus/S  1	1	35767674	35767682	83	1	40	pips_l40_r400_500-8000.hdf5	right	left
3577.8127	1	Stimulus/S  1	1	35778127	35778135	83	2	60	pips_l40_r400_500-8000.hdf5	right	left
3578.8794	1	Stimulus/S  1	1	35788794	35788802	83	3	70	pips_l40_r400_500-8000.hdf5	right	left
3579.9461	1	Stimulus/S  1	1	35799461	35799469	83	4	50	pips_l40_r400_500-8000.hdf5	right	left
3581.0021	1	Stimulus/S  1	1	35810021	35810029	83	5	30	pips_l40_r400_500-8000.hdf5	right	left
3582.0474	1	Stimulus/S  1	1	35820474	35820482	84	0	20	pips_l40_r400_500-8000.hdf5	right	left
3583.1141	1	Stimulus/S  1	1	35831141	35831149	84	1	40	pips_l40_r400_500-8000.hdf5	right	left
3584.1701	1	Stimulus/S  1	1	35841701	35841709	84	2	60	pips_l40_r400_500-8000.hdf5	right	left
3585.2155	1	Stimulus/S  1	1	35852155	35852163	84	3	70	pips_l40_r400_500-8000.hdf5	right	left
3586.2608	1	Stimulus/S  1	1	35862608	35862616	84	4	50	pips_l40_r400_500-8000.hdf5	right	left
3587.3168	1	Stimulus/S  1	1	35873168	35873176	84	5	30	pips_l40_r400_500-8000.hdf5	right	left
3588.3622	1	Stimulus/S  1	1	35883622	35883630	85	0	20	pips_l40_r400_500-8000.hdf5	right	left
3589.4182	1	Stimulus/S  1	1	35894182	35894190	85	1	40	pips_l40_r400_500-8000.hdf5	right	left
3590.4849	1	Stimulus/S  1	1	35904849	35904857	85	2	60	pips_l40_r400_500-8000.hdf5	right	left
3591.5302	1	Stimulus/S  1	1	35915302	35915310	85	3	70	pips_l40_r400_500-8000.hdf5	right	left
3592.5862	1	Stimulus/S  1	1	35925862	35925870	85	4	50	pips_l40_r400_500-8000.hdf5	right	left
3593.6529	1	Stimulus/S  1	1	35936529	35936537	85	5	30	pips_l40_r400_500-8000.hdf5	right	left
3594.6982	1	Stimulus/S  1	1	35946982	35946990	86	0	20	pips_l40_r400_500-8000.hdf5	right	left
3595.7436	1	Stimulus/S  1	1	35957436	35957444	86	1	40	pips_l40_r400_500-8000.hdf5	right	left
3596.8103	1	Stimulus/S  1	1	35968103	35968111	86	2	60	pips_l40_r400_500-8000.hdf5	right	left
3597.8663	1	Stimulus/S  1	1	35978663	35978671	86	3	70	pips_l40_r400_500-8000.hdf5	right	left
3598.9116	1	Stimulus/S  1	1	35989116	35989124	86	4	50	pips_l40_r400_500-8000.hdf5	right	left
3599.9783	1	Stimulus/S  1	1	35999783	35999791	86	5	30	pips_l40_r400_500-8000.hdf5	right	left
3601.045	1	Stimulus/S  1	1	36010450	36010458	87	0	20	pips_l40_r400_500-8000.hdf5	right	left
3602.1116	1	Stimulus/S  1	1	36021116	36021124	87	1	40	pips_l40_r400_500-8000.hdf5	right	left
3603.1677	1	Stimulus/S  1	1	36031677	36031685	87	2	60	pips_l40_r400_500-8000.hdf5	right	left
3604.2343	1	Stimulus/S  1	1	36042343	36042351	87	3	70	pips_l40_r400_500-8000.hdf5	right	left
3605.2797	1	Stimulus/S  1	1	36052797	36052805	87	4	50	pips_l40_r400_500-8000.hdf5	right	left
3606.3357	1	Stimulus/S  1	1	36063357	36063365	87	5	30	pips_l40_r400_500-8000.hdf5	right	left
3607.381	1	Stimulus/S  1	1	36073810	36073818	88	0	20	pips_l40_r400_500-8000.hdf5	right	left
3608.4264	1	Stimulus/S  1	1	36084264	36084272	88	1	40	pips_l40_r400_500-8000.hdf5	right	left
3609.5037	1	Stimulus/S  1	1	36095037	36095045	88	2	60	pips_l40_r400_500-8000.hdf5	right	left
3610.5491	1	Stimulus/S  1	1	36105491	36105499	88	3	70	pips_l40_r400_500-8000.hdf5	right	left
3611.5944	1	Stimulus/S  1	1	36115944	36115952	88	4	50	pips_l40_r400_500-8000.hdf5	right	left
3612.6504	1	Stimulus/S  1	1	36126504	36126512	88	5	30	pips_l40_r400_500-8000.hdf5	right	left
3613.6958	1	Stimulus/S  1	1	36136958	36136966	89	0	20	pips_l40_r400_500-8000.hdf5	right	left
3614.7624	1	Stimulus/S  1	1	36147624	36147632	89	1	40	pips_l40_r400_500-8000.hdf5	right	left
3615.8185	1	Stimulus/S  1	1	36158185	36158193	89	2	60	pips_l40_r400_500-8000.hdf5	right	left
3616.8638	1	Stimulus/S  1	1	36168638	36168646	89	3	70	pips_l40_r400_500-8000.hdf5	right	left
3617.9198	1	Stimulus/S  1	1	36179198	36179206	89	4	50	pips_l40_r400_500-8000.hdf5	right	left
3618.9865	1	Stimulus/S  1	1	36189865	36189873	89	5	30	pips_l40_r400_500-8000.hdf5	right	left
3620.0532	1	Stimulus/S  1	1	36200532	36200540	90	0	20	pips_l40_r400_500-8000.hdf5	right	left
3621.0985	1	Stimulus/S  1	1	36210985	36210993	90	1	40	pips_l40_r400_500-8000.hdf5	right	left
3622.1438	1	Stimulus/S  1	1	36221438	36221446	90	2	60	pips_l40_r400_500-8000.hdf5	right	left
3623.2212	1	Stimulus/S  1	1	36232212	36232220	90	3	70	pips_l40_r400_500-8000.hdf5	right	left
3624.2665	1	Stimulus/S  1	1	36242665	36242673	90	4	50	pips_l40_r400_500-8000.hdf5	right	left
3625.3119	1	Stimulus/S  1	1	36253119	36253127	90	5	30	pips_l40_r400_500-8000.hdf5	right	left
3626.3786	1	Stimulus/S  1	1	36263786	36263794	91	0	20	pips_l40_r400_500-8000.hdf5	right	left
3627.4346	1	Stimulus/S  1	1	36274346	36274354	91	1	40	pips_l40_r400_500-8000.hdf5	right	left
3628.5012	1	Stimulus/S  1	1	36285012	36285020	91	2	60	pips_l40_r400_500-8000.hdf5	right	left
3629.5679	1	Stimulus/S  1	1	36295679	36295687	91	3	70	pips_l40_r400_500-8000.hdf5	right	left
3630.6133	1	Stimulus/S  1	1	36306133	36306141	91	4	50	pips_l40_r400_500-8000.hdf5	right	left
3631.6693	1	Stimulus/S  1	1	36316693	36316701	91	5	30	pips_l40_r400_500-8000.hdf5	right	left
3632.736	1	Stimulus/S  1	1	36327360	36327368	92	0	20	pips_l40_r400_500-8000.hdf5	right	left
3633.8026	1	Stimulus/S  1	1	36338026	36338034	92	1	40	pips_l40_r400_500-8000.hdf5	right	left
3634.848	1	Stimulus/S  1	1	36348480	36348488	92	2	60	pips_l40_r400_500-8000.hdf5	right	left
3635.904	1	Stimulus/S  1	1	36359040	36359048	92	3	70	pips_l40_r400_500-8000.hdf5	right	left
3636.9493	1	Stimulus/S  1	1	36369493	36369501	92	4	50	pips_l40_r400_500-8000.hdf5	right	left
3638.016	1	Stimulus/S  1	1	36380160	36380168	92	5	30	pips_l40_r400_500-8000.hdf5	right	left
3639.0613	1	Stimulus/S  1	1	36390613	36390621	93	0	20	pips_l40_r400_500-8000.hdf5	right	left
3640.128	1	Stimulus/S  1	1	36401280	36401288	93	1	40	pips_l40_r400_500-8000.hdf5	right	left
3641.184	1	Stimulus/S  1	1	36411840	36411848	93	2	60	pips_l40_r400_500-8000.hdf5	right	left
3642.2294	1	Stimulus/S  1	1	36422294	36422302	93	3	70	pips_l40_r400_500-8000.hdf5	right	left
3643.2854	1	Stimulus/S  1	1	36432854	36432862	93	4	50	pips_l40_r400_500-8000.hdf5	right	left
3644.3521	1	Stimulus/S  1	1	36443521	36443529	93	5	30	pips_l40_r400_500-8000.hdf5	right	left
3645.4187	1	Stimulus/S  1	1	36454187	36454195	94	0	20	pips_l40_r400_500-8000.hdf5	right	left
3646.4641	1	Stimulus/S  1	1	36464641	36464649	94	1	40	pips_l40_r400_500-8000.hdf5	right	left
3647.5308	1	Stimulus/S  1	1	36475308	36475316	94	2	60	pips_l40_r400_500-8000.hdf5	right	left
3648.5868	1	Stimulus/S  1	1	36485868	36485876	94	3	70	pips_l40_r400_500-8000.hdf5	right	left
3649.6535	1	Stimulus/S  1	1	36496535	36496543	94	4	50	pips_l40_r400_500-8000.hdf5	right	left
3650.7201	1	Stimulus/S  1	1	36507201	36507209	94	5	30	pips_l40_r400_500-8000.hdf5	right	left
3651.7655	1	Stimulus/S  1	1	36517655	36517663	95	0	20	pips_l40_r400_500-8000.hdf5	right	left
3652.8322	1	Stimulus/S  1	1	36528322	36528330	95	1	40	pips_l40_r400_500-8000.hdf5	right	left
3653.8882	1	Stimulus/S  1	1	36538882	36538890	95	2	60	pips_l40_r400_500-8000.hdf5	right	left
3654.9335	1	Stimulus/S  1	1	36549335	36549343	95	3	70	pips_l40_r400_500-8000.hdf5	right	left
3656.0002	1	Stimulus/S  1	1	36560002	36560010	95	4	50	pips_l40_r400_500-8000.hdf5	right	left
3657.0455	1	Stimulus/S  1	1	36570455	36570463	95	5	30	pips_l40_r400_500-8000.hdf5	right	left
3658.1122	1	Stimulus/S  1	1	36581122	36581130	96	0	20	pips_l40_r400_500-8000.hdf5	right	left
3659.1789	1	Stimulus/S  1	1	36591789	36591797	96	1	40	pips_l40_r400_500-8000.hdf5	right	left
3660.2349	1	Stimulus/S  1	1	36602349	36602357	96	2	60	pips_l40_r400_500-8000.hdf5	right	left
3661.3016	1	Stimulus/S  1	1	36613016	36613024	96	3	70	pips_l40_r400_500-8000.hdf5	right	left
3662.3682	1	Stimulus/S  1	1	36623682	36623690	96	4	50	pips_l40_r400_500-8000.hdf5	right	left
3663.4136	1	Stimulus/S  1	1	36634136	36634144	96	5	30	pips_l40_r400_500-8000.hdf5	right	left
3664.4803	1	Stimulus/S  1	1	36644803	36644811	97	0	20	pips_l40_r400_500-8000.hdf5	right	left
3665.5363	1	Stimulus/S  1	1	36655363	36655371	97	1	40	pips_l40_r400_500-8000.hdf5	right	left
3666.5816	1	Stimulus/S  1	1	36665816	36665824	97	2	60	pips_l40_r400_500-8000.hdf5	right	left
3667.6483	1	Stimulus/S  1	1	36676483	36676491	97	3	70	pips_l40_r400_500-8000.hdf5	right	left
3668.715	1	Stimulus/S  1	1	36687150	36687158	97	4	50	pips_l40_r400_500-8000.hdf5	right	left
3669.771	1	Stimulus/S  1	1	36697710	36697718	97	5	30	pips_l40_r400_500-8000.hdf5	right	left
3670.8163	1	Stimulus/S  1	1	36708163	36708171	98	0	20	pips_l40_r400_500-8000.hdf5	right	left
3671.883	1	Stimulus/S  1	1	36718830	36718838	98	1	40	pips_l40_r400_500-8000.hdf5	right	left
3672.9497	1	Stimulus/S  1	1	36729497	36729505	98	2	60	pips_l40_r400_500-8000.hdf5	right	left
3673.995	1	Stimulus/S  1	1	36739950	36739958	98	3	70	pips_l40_r400_500-8000.hdf5	right	left
3675.0617	1	Stimulus/S  1	1	36750617	36750625	98	4	50	pips_l40_r400_500-8000.hdf5	right	left
3676.1177	1	Stimulus/S  1	1	36761177	36761185	98	5	30	pips_l40_r400_500-8000.hdf5	right	left
3677.1631	1	Stimulus/S  1	1	36771631	36771639	99	0	20	pips_l40_r400_500-8000.hdf5	right	left
3678.2191	1	Stimulus/S  1	1	36782191	36782199	99	1	40	pips_l40_r400_500-8000.hdf5	right	left
3679.2857	1	Stimulus/S  1	1	36792857	36792865	99	2	60	pips_l40_r400_500-8000.hdf5	right	left
3680.3311	1	Stimulus/S  1	1	36803311	36803319	99	3	70	pips_l40_r400_500-8000.hdf5	right	left
3681.3871	1	Stimulus/S  1	1	36813871	36813879	99	4	50	pips_l40_r400_500-8000.hdf5	right	left
3682.4538	1	Stimulus/S  1	1	36824538	36824546	99	5	30	pips_l40_r400_500-8000.hdf5	right	left
3683.4991	1	Stimulus/S  1	1	36834991	36834999	100	0	20	pips_l40_r400_500-8000.hdf5	right	left
3684.5551	1	Stimulus/S  1	1	36845551	36845559	100	1	40	pips_l40_r400_500-8000.hdf5	right	left
3685.6218	1	Stimulus/S  1	1	36856218	36856226	100	2	60	pips_l40_r400_500-8000.hdf5	right	left
3686.6885	1	Stimulus/S  1	1	36866885	36866893	100	3	70	pips_l40_r400_500-8000.hdf5	right	left
3687.7338	1	Stimulus/S  1	1	36877338	36877346	100	4	50	pips_l40_r400_500-8000.hdf5	right	left
3688.7792	1	Stimulus/S  1	1	36887792	36887800	100	5	30	pips_l40_r400_500-8000.hdf5	right	left
3689.8459	1	Stimulus/S  1	1	36898459	36898467	101	0	20	pips_l40_r400_500-8000.hdf5	right	left
3690.9019	1	Stimulus/S  1	1	36909019	36909027	101	1	40	pips_l40_r400_500-8000.hdf5	right	left
3691.9472	1	Stimulus/S  1	1	36919472	36919480	101	2	60	pips_l40_r400_500-8000.hdf5	right	left
3693.0032	1	Stimulus/S  1	1	36930032	36930040	101	3	70	pips_l40_r400_500-8000.hdf5	right	left
3694.0699	1	Stimulus/S  1	1	36940699	36940707	101	4	50	pips_l40_r400_500-8000.hdf5	right	left
3695.1366	1	Stimulus/S  1	1	36951366	36951374	101	5	30	pips_l40_r400_500-8000.hdf5	right	left
3696.1819	1	Stimulus/S  1	1	36961819	36961827	102	0	20	pips_l40_r400_500-8000.hdf5	right	left
3697.2379	1	Stimulus/S  1	1	36972379	36972387	102	1	40	pips_l40_r400_500-8000.hdf5	right	left
3698.3046	1	Stimulus/S  1	1	36983046	36983054	102	2	60	pips_l40_r400_500-8000.hdf5	right	left
3699.3499	1	Stimulus/S  1	1	36993499	36993507	102	3	70	pips_l40_r400_500-8000.hdf5	right	left
3700.3953	1	Stimulus/S  1	1	37003953	37003961	102	4	50	pips_l40_r400_500-8000.hdf5	right	left
3701.462	1	Stimulus/S  1	1	37014620	37014628	102	5	30	pips_l40_r400_500-8000.hdf5	right	left
3702.518	1	Stimulus/S  1	1	37025180	37025188	103	0	20	pips_l40_r400_500-8000.hdf5	right	left
3703.5847	1	Stimulus/S  1	1	37035847	37035855	103	1	40	pips_l40_r400_500-8000.hdf5	right	left
3704.6513	1	Stimulus/S  1	1	37046513	37046521	103	2	60	pips_l40_r400_500-8000.hdf5	right	left
3705.6967	1	Stimulus/S  1	1	37056967	37056975	103	3	70	pips_l40_r400_500-8000.hdf5	right	left
3706.7634	1	Stimulus/S  1	1	37067634	37067642	103	4	50	pips_l40_r400_500-8000.hdf5	right	left
3707.8194	1	Stimulus/S  1	1	37078194	37078202	103	5	30	pips_l40_r400_500-8000.hdf5	right	left
3708.8647	1	Stimulus/S  1	1	37088647	37088655	104	0	20	pips_l40_r400_500-8000.hdf5	right	left
3709.9314	1	Stimulus/S  1	1	37099314	37099322	104	1	40	pips_l40_r400_500-8000.hdf5	right	left
3710.9874	1	Stimulus/S  1	1	37109874	37109882	104	2	60	pips_l40_r400_500-8000.hdf5	right	left
3712.0327	1	Stimulus/S  1	1	37120327	37120335	104	3	70	pips_l40_r400_500-8000.hdf5	right	left
3713.0994	1	Stimulus/S  1	1	37130994	37131002	104	4	50	pips_l40_r400_500-8000.hdf5	right	left
3714.1554	1	Stimulus/S  1	1	37141554	37141562	104	5	30	pips_l40_r400_500-8000.hdf5	right	left
3715.2008	1	Stimulus/S  1	1	37152008	37152016	105	0	20	pips_l40_r400_500-8000.hdf5	right	left
3716.2674	1	Stimulus/S  1	1	37162674	37162682	105	1	40	pips_l40_r400_500-8000.hdf5	right	left
3717.3128	1	Stimulus/S  1	1	37173128	37173136	105	2	60	pips_l40_r400_500-8000.hdf5	right	left
3718.3688	1	Stimulus/S  1	1	37183688	37183696	105	3	70	pips_l40_r400_500-8000.hdf5	right	left
3719.4355	1	Stimulus/S  1	1	37194355	37194363	105	4	50	pips_l40_r400_500-8000.hdf5	right	left
3720.4808	1	Stimulus/S  1	1	37204808	37204816	105	5	30	pips_l40_r400_500-8000.hdf5	right	left
3721.5368	1	Stimulus/S  1	1	37215368	37215376	106	0	20	pips_l40_r400_500-8000.hdf5	right	left
3722.5822	1	Stimulus/S  1	1	37225822	37225830	106	1	40	pips_l40_r400_500-8000.hdf5	right	left
3723.6382	1	Stimulus/S  1	1	37236382	37236390	106	2	60	pips_l40_r400_500-8000.hdf5	right	left
3724.7049	1	Stimulus/S  1	1	37247049	37247057	106	3	70	pips_l40_r400_500-8000.hdf5	right	left
3725.7715	1	Stimulus/S  1	1	37257715	37257723	106	4	50	pips_l40_r400_500-8000.hdf5	right	left
3726.8169	1	Stimulus/S  1	1	37268169	37268177	106	5	30	pips_l40_r400_500-8000.hdf5	right	left
3727.8622	1	Stimulus/S  1	1	37278622	37278630	107	0	20	pips_l40_r400_500-8000.hdf5	right	left
3728.9289	1	Stimulus/S  1	1	37289289	37289297	107	1	40	pips_l40_r400_500-8000.hdf5	right	left
3730.0063	1	Stimulus/S  1	1	37300063	37300071	107	2	60	pips_l40_r400_500-8000.hdf5	right	left
3731.0516	1	Stimulus/S  1	1	37310516	37310524	107	3	70	pips_l40_r400_500-8000.hdf5	right	left
3732.1183	1	Stimulus/S  1	1	37321183	37321191	107	4	50	pips_l40_r400_500-8000.hdf5	right	left
3733.1849	1	Stimulus/S  1	1	37331849	37331857	107	5	30	pips_l40_r400_500-8000.hdf5	right	left
3734.2303	1	Stimulus/S  1	1	37342303	37342311	108	0	20	pips_l40_r400_500-8000.hdf5	right	left
3735.297	1	Stimulus/S  1	1	37352970	37352978	108	1	40	pips_l40_r400_500-8000.hdf5	right	left
3736.3636	1	Stimulus/S  1	1	37363636	37363644	108	2	60	pips_l40_r400_500-8000.hdf5	right	left
3737.4197	1	Stimulus/S  1	1	37374197	37374205	108	3	70	pips_l40_r400_500-8000.hdf5	right	left
3738.465	1	Stimulus/S  1	1	37384650	37384658	108	4	50	pips_l40_r400_500-8000.hdf5	right	left
3739.521	1	Stimulus/S  1	1	37395210	37395218	108	5	30	pips_l40_r400_500-8000.hdf5	right	left
3740.5877	1	Stimulus/S  1	1	37405877	37405885	109	0	20	pips_l40_r400_500-8000.hdf5	right	left
3741.6544	1	Stimulus/S  1	1	37416544	37416552	109	1	40	pips_l40_r400_500-8000.hdf5	right	left
3742.6997	1	Stimulus/S  1	1	37426997	37427005	109	2	60	pips_l40_r400_500-8000.hdf5	right	left
3743.7557	1	Stimulus/S  1	1	37437557	37437565	109	3	70	pips_l40_r400_500-8000.hdf5	right	left
3744.8011	1	Stimulus/S  1	1	37448011	37448019	109	4	50	pips_l40_r400_500-8000.hdf5	right	left
3745.8464	1	Stimulus/S  1	1	37458464	37458472	109	5	30	pips_l40_r400_500-8000.hdf5	right	left
3746.9131	1	Stimulus/S  1	1	37469131	37469139	110	0	20	pips_l40_r400_500-8000.hdf5	right	left
3747.9798	1	Stimulus/S  1	1	37479798	37479806	110	1	40	pips_l40_r400_500-8000.hdf5	right	left
3749.0464	1	Stimulus/S  1	1	37490464	37490472	110	2	60	pips_l40_r400_500-8000.hdf5	right	left
3750.1025	1	Stimulus/S  1	1	37501025	37501033	110	3	70	pips_l40_r400_500-8000.hdf5	right	left
3751.1691	1	Stimulus/S  1	1	37511691	37511699	110	4	50	pips_l40_r400_500-8000.hdf5	right	left
3752.2358	1	Stimulus/S  1	1	37522358	37522366	110	5	30	pips_l40_r400_500-8000.hdf5	right	left
3753.2811	1	Stimulus/S  1	1	37532811	37532819	111	0	20	pips_l40_r400_500-8000.hdf5	right	left
3754.3372	1	Stimulus/S  1	1	37543372	37543380	111	1	40	pips_l40_r400_500-8000.hdf5	right	left
3755.4038	1	Stimulus/S  1	1	37554038	37554046	111	2	60	pips_l40_r400_500-8000.hdf5	right	left
3756.4705	1	Stimulus/S  1	1	37564705	37564713	111	3	70	pips_l40_r400_500-8000.hdf5	right	left
3757.5159	1	Stimulus/S  1	1	37575159	37575167	111	4	50	pips_l40_r400_500-8000.hdf5	right	left
3758.5719	1	Stimulus/S  1	1	37585719	37585727	111	5	30	pips_l40_r400_500-8000.hdf5	right	left
3759.6172	1	Stimulus/S  1	1	37596172	37596180	112	0	20	pips_l40_r400_500-8000.hdf5	right	left
3760.6839	1	Stimulus/S  1	1	37606839	37606847	112	1	40	pips_l40_r400_500-8000.hdf5	right	left
3761.7292	1	Stimulus/S  1	1	37617292	37617300	112	2	60	pips_l40_r400_500-8000.hdf5	right	left
3762.7852	1	Stimulus/S  1	1	37627852	37627860	112	3	70	pips_l40_r400_500-8000.hdf5	right	left
3763.8306	1	Stimulus/S  1	1	37638306	37638314	112	4	50	pips_l40_r400_500-8000.hdf5	right	left
3764.8973	1	Stimulus/S  1	1	37648973	37648981	112	5	30	pips_l40_r400_500-8000.hdf5	right	left
3765.9533	1	Stimulus/S  1	1	37659533	37659541	113	0	20	pips_l40_r400_500-8000.hdf5	right	left
3766.9986	1	Stimulus/S  1	1	37669986	37669994	113	1	40	pips_l40_r400_500-8000.hdf5	right	left
3768.0546	1	Stimulus/S  1	1	37680546	37680554	113	2	60	pips_l40_r400_500-8000.hdf5	right	left
3769.1	1	Stimulus/S  1	1	37691000	37691008	113	3	70	pips_l40_r400_500-8000.hdf5	right	left
3770.156	1	Stimulus/S  1	1	37701560	37701568	113	4	50	pips_l40_r400_500-8000.hdf5	right	left
3771.2227	1	Stimulus/S  1	1	37712227	37712235	113	5	30	pips_l40_r400_500-8000.hdf5	right	left
3772.268	1	Stimulus/S  1	1	37722680	37722688	114	0	20	pips_l40_r400_500-8000.hdf5	right	left
3773.3133	1	Stimulus/S  1	1	37733133	37733141	114	1	40	pips_l40_r400_500-8000.hdf5	right	left
3774.3694	1	Stimulus/S  1	1	37743694	37743702	114	2	60	pips_l40_r400_500-8000.hdf5	right	left
3775.436	1	Stimulus/S  1	1	37754360	37754368	114	3	70	pips_l40_r400_500-8000.hdf5	right	left
3776.5027	1	Stimulus/S  1	1	37765027	37765035	114	4	50	pips_l40_r400_500-8000.hdf5	right	left
3777.5694	1	Stimulus/S  1	1	37775694	37775702	114	5	30	pips_l40_r400_500-8000.hdf5	right	left
3778.6361	1	Stimulus/S  1	1	37786361	37786369	115	0	20	pips_l40_r400_500-8000.hdf5	right	left
3779.7027	1	Stimulus/S  1	1	37797027	37797035	115	1	40	pips_l40_r400_500-8000.hdf5	right	left
3780.7694	1	Stimulus/S  1	1	37807694	37807702	115	2	60	pips_l40_r400_500-8000.hdf5	right	left
3781.8148	1	Stimulus/S  1	1	37818148	37818156	115	3	70	pips_l40_r400_500-8000.hdf5	right	left
3782.8708	1	Stimulus/S  1	1	37828708	37828716	115	4	50	pips_l40_r400_500-8000.hdf5	right	left
3783.9375	1	Stimulus/S  1	1	37839375	37839383	115	5	30	pips_l40_r400_500-8000.hdf5	right	left
3785.0041	1	Stimulus/S  1	1	37850041	37850049	116	0	20	pips_l40_r400_500-8000.hdf5	right	left
3786.0495	1	Stimulus/S  1	1	37860495	37860503	116	1	40	pips_l40_r400_500-8000.hdf5	right	left
3787.1162	1	Stimulus/S  1	1	37871162	37871170	116	2	60	pips_l40_r400_500-8000.hdf5	right	left
3788.1828	1	Stimulus/S  1	1	37881828	37881836	116	3	70	pips_l40_r400_500-8000.hdf5	right	left
3789.2495	1	Stimulus/S  1	1	37892495	37892503	116	4	50	pips_l40_r400_500-8000.hdf5	right	left
3790.3055	1	Stimulus/S  1	1	37903055	37903063	116	5	30	pips_l40_r400_500-8000.hdf5	right	left
3791.3509	1	Stimulus/S  1	1	37913509	37913517	117	0	20	pips_l40_r400_500-8000.hdf5	right	left
3792.4175	1	Stimulus/S  1	1	37924175	37924183	117	1	40	pips_l40_r400_500-8000.hdf5	right	left
3793.4842	1	Stimulus/S  1	1	37934842	37934850	117	2	60	pips_l40_r400_500-8000.hdf5	right	left
3794.5509	1	Stimulus/S  1	1	37945509	37945517	117	3	70	pips_l40_r400_500-8000.hdf5	right	left
3795.5962	1	Stimulus/S  1	1	37955962	37955970	117	4	50	pips_l40_r400_500-8000.hdf5	right	left
3796.6522	1	Stimulus/S  1	1	37966522	37966530	117	5	30	pips_l40_r400_500-8000.hdf5	right	left
3797.7189	1	Stimulus/S  1	1	37977189	37977197	118	0	20	pips_l40_r400_500-8000.hdf5	right	left
3798.7856	1	Stimulus/S  1	1	37987856	37987864	118	1	40	pips_l40_r400_500-8000.hdf5	right	left
3799.8523	1	Stimulus/S  1	1	37998523	37998531	118	2	60	pips_l40_r400_500-8000.hdf5	right	left
3800.8976	1	Stimulus/S  1	1	38008976	38008984	118	3	70	pips_l40_r400_500-8000.hdf5	right	left
3801.9536	1	Stimulus/S  1	1	38019536	38019544	118	4	50	pips_l40_r400_500-8000.hdf5	right	left
3802.999	1	Stimulus/S  1	1	38029990	38029998	118	5	30	pips_l40_r400_500-8000.hdf5	right	left
3804.0657	1	Stimulus/S  1	1	38040657	38040665	119	0	20	pips_l40_r400_500-8000.hdf5	right	left
3805.1323	1	Stimulus/S  1	1	38051323	38051331	119	1	40	pips_l40_r400_500-8000.hdf5	right	left
3806.1883	1	Stimulus/S  1	1	38061883	38061891	119	2	60	pips_l40_r400_500-8000.hdf5	right	left
3807.2337	1	Stimulus/S  1	1	38072337	38072345	119	3	70	pips_l40_r400_500-8000.hdf5	right	left
3808.2897	1	Stimulus/S  1	1	38082897	38082905	119	4	50	pips_l40_r400_500-8000.hdf5	right	left
3809.335	1	Stimulus/S  1	1	38093350	38093358	119	5	30	pips_l40_r400_500-8000.hdf5	right	left
