onset	duration	trial_type	value	sample	sample_corrected	token	run	level	stim_file	ear_ac	ear_bc
21.3391	1	Stimulus/S  1	1	213391	213399	0	0	20	pips_l400_r40_500-8000.hdf5	left	right
22.4058	1	Stimulus/S  1	1	224058	224066	0	1	40	pips_l400_r40_500-8000.hdf5	left	right
23.4512	1	Stimulus/S  1	1	234512	234520	0	2	60	pips_l400_r40_500-8000.hdf5	left	right
24.5178	1	Stimulus/S  1	1	245178	245186	0	3	70	pips_l400_r40_500-8000.hdf5	left	right
25.5632	1	Stimulus/S  1	1	255632	255640	0	4	50	pips_l400_r40_500-8000.hdf5	left	right
26.6192	1	Stimulus/S  1	1	266192	266200	0	5	30	pips_l400_r40_500-8000.hdf5	left	right
27.6859	1	Stimulus/S  1	1	276859	276867	1	0	20	pips_l400_r40_500-8000.hdf5	left	right
28.7312	1	Stimulus/S  1	1	287312	287320	1	1	40	pips_l400_r40_500-8000.hdf5	left	right
29.7979	1	Stimulus/S  1	1	297979	297987	1	2	60	pips_l400_r40_500-8000.hdf5	left	right
30.8539	1	Stimulus/S  1	1	308539	308547	1	3	70	pips_l400_r40_500-8000.hdf5	left	right
31.9206	1	Stimulus/S  1	1	319206	319214	1	4	50	pips_l400_r40_500-8000.hdf5	left	right
32.9659	1	Stimulus/S  1	1	329659	329667	1	5	30	pips_l400_r40_500-8000.hdf5	left	right
34.0219	1	Stimulus/S  1	1	340219	340227	2	0	20	pips_l400_r40_500-8000.hdf5	left	right
35.0886	1	Stimulus/S  1	1	350886	350894	2	1	40	pips_l400_r40_500-8000.hdf5	left	right
36.134	1	Stimulus/S  1	1	361340	361348	2	2	60	pips_l400_r40_500-8000.hdf5	left	right
37.19	1	Stimulus/S  1	1	371900	371908	2	3	70	pips_l400_r40_500-8000.hdf5	left	right
38.2353	1	Stimulus/S  1	1	382353	382361	2	4	50	pips_l400_r40_500-8000.hdf5	left	right
39.302	1	Stimulus/S  1	1	393020	393028	2	5	30	pips_l400_r40_500-8000.hdf5	left	right
40.3473	1	Stimulus/S  1	1	403473	403481	3	0	20	pips_l400_r40_500-8000.hdf5	left	right
41.414	1	Stimulus/S  1	1	414140	414148	3	1	40	pips_l400_r40_500-8000.hdf5	left	right
42.47	1	Stimulus/S  1	1	424700	424708	3	2	60	pips_l400_r40_500-8000.hdf5	left	right
43.5154	1	Stimulus/S  1	1	435154	435162	3	3	70	pips_l400_r40_500-8000.hdf5	left	right
44.582	1	Stimulus/S  1	1	445820	445828	3	4	50	pips_l400_r40_500-8000.hdf5	left	right
45.6487	1	Stimulus/S  1	1	456487	456495	3	5	30	pips_l400_r40_500-8000.hdf5	left	right
46.7047	1	Stimulus/S  1	1	467047	467055	4	0	20	pips_l400_r40_500-8000.hdf5	left	right
47.7714	1	Stimulus/S  1	1	477714	477722	4	1	40	pips_l400_r40_500-8000.hdf5	left	right
48.8168	1	Stimulus/S  1	1	488168	488176	4	2	60	pips_l400_r40_500-8000.hdf5	left	right
49.8728	1	Stimulus/S  1	1	498728	498736	4	3	70	pips_l400_r40_500-8000.hdf5	left	right
50.9181	1	Stimulus/S  1	1	509181	509189	4	4	50	pips_l400_r40_500-8000.hdf5	left	right
51.9741	1	Stimulus/S  1	1	519741	519749	4	5	30	pips_l400_r40_500-8000.hdf5	left	right
53.0195	1	Stimulus/S  1	1	530195	530203	5	0	20	pips_l400_r40_500-8000.hdf5	left	right
54.0861	1	Stimulus/S  1	1	540861	540869	5	1	40	pips_l400_r40_500-8000.hdf5	left	right
55.1315	1	Stimulus/S  1	1	551315	551323	5	2	60	pips_l400_r40_500-8000.hdf5	left	right
56.1875	1	Stimulus/S  1	1	561875	561883	5	3	70	pips_l400_r40_500-8000.hdf5	left	right
57.2542	1	Stimulus/S  1	1	572542	572550	5	4	50	pips_l400_r40_500-8000.hdf5	left	right
58.2995	1	Stimulus/S  1	1	582995	583003	5	5	30	pips_l400_r40_500-8000.hdf5	left	right
59.3555	1	Stimulus/S  1	1	593555	593563	6	0	20	pips_l400_r40_500-8000.hdf5	left	right
60.4222	1	Stimulus/S  1	1	604222	604230	6	1	40	pips_l400_r40_500-8000.hdf5	left	right
61.4675	1	Stimulus/S  1	1	614675	614683	6	2	60	pips_l400_r40_500-8000.hdf5	left	right
62.5342	1	Stimulus/S  1	1	625342	625350	6	3	70	pips_l400_r40_500-8000.hdf5	left	right
63.5902	1	Stimulus/S  1	1	635902	635910	6	4	50	pips_l400_r40_500-8000.hdf5	left	right
64.6569	1	Stimulus/S  1	1	646569	646577	6	5	30	pips_l400_r40_500-8000.hdf5	left	right
65.7236	1	Stimulus/S  1	1	657236	657244	7	0	20	pips_l400_r40_500-8000.hdf5	left	right
66.7689	1	Stimulus/S  1	1	667689	667697	7	1	40	pips_l400_r40_500-8000.hdf5	left	right
67.8356	1	Stimulus/S  1	1	678356	678364	7	2	60	pips_l400_r40_500-8000.hdf5	left	right
68.8809	1	Stimulus/S  1	1	688809	688817	7	3	70	pips_l400_r40_500-8000.hdf5	left	right
69.9476	1	Stimulus/S  1	1	699476	699484	7	4	50	pips_l400_r40_500-8000.hdf5	left	right
71.0036	1	Stimulus/S  1	1	710036	710044	7	5	30	pips_l400_r40_500-8000.hdf5	left	right
72.049	1	Stimulus/S  1	1	720490	720498	8	0	20	pips_l400_r40_500-8000.hdf5	left	right
73.1157	1	Stimulus/S  1	1	731157	731165	8	1	40	pips_l400_r40_500-8000.hdf5	left	right
74.1717	1	Stimulus/S  1	1	741717	741725	8	2	60	pips_l400_r40_500-8000.hdf5	left	right
75.217	1	Stimulus/S  1	1	752170	752178	8	3	70	pips_l400_r40_500-8000.hdf5	left	right
76.2837	1	Stimulus/S  1	1	762837	762845	8	4	50	pips_l400_r40_500-8000.hdf5	left	right
77.3504	1	Stimulus/S  1	1	773504	773512	8	5	30	pips_l400_r40_500-8000.hdf5	left	right
78.4064	1	Stimulus/S  1	1	784064	784072	9	0	20	pips_l400_r40_500-8000.hdf5	left	right
79.4731	1	Stimulus/S  1	1	794731	794739	9	1	40	pips_l400_r40_500-8000.hdf5	left	right
80.5397	1	Stimulus/S  1	1	805397	805405	9	2	60	pips_l400_r40_500-8000.hdf5	left	right
81.5851	1	Stimulus/S  1	1	815851	815859	9	3	70	pips_l400_r40_500-8000.hdf5	left	right
82.6411	1	Stimulus/S  1	1	826411	826419	9	4	50	pips_l400_r40_500-8000.hdf5	left	right
83.6864	1	Stimulus/S  1	1	836864	836872	9	5	30	pips_l400_r40_500-8000.hdf5	left	right
84.7318	1	Stimulus/S  1	1	847318	847326	10	0	20	pips_l400_r40_500-8000.hdf5	left	right
85.7878	1	Stimulus/S  1	1	857878	857886	10	1	40	pips_l400_r40_500-8000.hdf5	left	right
86.8331	1	Stimulus/S  1	1	868331	868339	10	2	60	pips_l400_r40_500-8000.hdf5	left	right
87.8998	1	Stimulus/S  1	1	878998	879006	10	3	70	pips_l400_r40_500-8000.hdf5	left	right
88.9558	1	Stimulus/S  1	1	889558	889566	10	4	50	pips_l400_r40_500-8000.hdf5	left	right
90.0225	1	Stimulus/S  1	1	900225	900233	10	5	30	pips_l400_r40_500-8000.hdf5	left	right
91.0678	1	Stimulus/S  1	1	910678	910686	11	0	20	pips_l400_r40_500-8000.hdf5	left	right
92.1238	1	Stimulus/S  1	1	921238	921246	11	1	40	pips_l400_r40_500-8000.hdf5	left	right
93.1692	1	Stimulus/S  1	1	931692	931700	11	2	60	pips_l400_r40_500-8000.hdf5	left	right
94.2145	1	Stimulus/S  1	1	942145	942153	11	3	70	pips_l400_r40_500-8000.hdf5	left	right
95.2705	1	Stimulus/S  1	1	952705	952713	11	4	50	pips_l400_r40_500-8000.hdf5	left	right
96.3159	1	Stimulus/S  1	1	963159	963167	11	5	30	pips_l400_r40_500-8000.hdf5	left	right
97.3826	1	Stimulus/S  1	1	973826	973834	12	0	20	pips_l400_r40_500-8000.hdf5	left	right
98.4386	1	Stimulus/S  1	1	984386	984394	12	1	40	pips_l400_r40_500-8000.hdf5	left	right
99.5052	1	Stimulus/S  1	1	995052	995060	12	2	60	pips_l400_r40_500-8000.hdf5	left	right
100.5506	1	Stimulus/S  1	1	1005506	1005514	12	3	70	pips_l400_r40_500-8000.hdf5	left	right
101.6173	1	Stimulus/S  1	1	1016173	1016181	12	4	50	pips_l400_r40_500-8000.hdf5	left	right
102.6733	1	Stimulus/S  1	1	1026733	1026741	12	5	30	pips_l400_r40_500-8000.hdf5	left	right
103.74	1	Stimulus/S  1	1	1037400	1037408	13	0	20	pips_l400_r40_500-8000.hdf5	left	right
104.7853	1	Stimulus/S  1	1	1047853	1047861	13	1	40	pips_l400_r40_500-8000.hdf5	left	right
105.8413	1	Stimulus/S  1	1	1058413	1058421	13	2	60	pips_l400_r40_500-8000.hdf5	left	right
106.908	1	Stimulus/S  1	1	1069080	1069088	13	3	70	pips_l400_r40_500-8000.hdf5	left	right
107.9533	1	Stimulus/S  1	1	1079533	1079541	13	4	50	pips_l400_r40_500-8000.hdf5	left	right
109.02	1	Stimulus/S  1	1	1090200	1090208	13	5	30	pips_l400_r40_500-8000.hdf5	left	right
110.0867	1	Stimulus/S  1	1	1100867	1100875	14	0	20	pips_l400_r40_500-8000.hdf5	left	right
111.132	1	Stimulus/S  1	1	1111320	1111328	14	1	40	pips_l400_r40_500-8000.hdf5	left	right
112.188	1	Stimulus/S  1	1	1121880	1121888	14	2	60	pips_l400_r40_500-8000.hdf5	left	right
113.2547	1	Stimulus/S  1	1	1132547	1132555	14	3	70	pips_l400_r40_500-8000.hdf5	left	right
114.3214	1	Stimulus/S  1	1	1143214	1143222	14	4	50	pips_l400_r40_500-8000.hdf5	left	right
115.3667	1	Stimulus/S  1	1	1153667	1153675	14	5	30	pips_l400_r40_500-8000.hdf5	left	right
116.4227	1	Stimulus/S  1	1	1164227	1164235	15	0	20	pips_l400_r40_500-8000.hdf5	left	right
117.4894	1	Stimulus/S  1	1	1174894	1174902	15	1	40	pips_l400_r40_500-8000.hdf5	left	right
118.5348	1	Stimulus/S  1	1	1185348	1185356	15	2	60	pips_l400_r40_500-8000.hdf5	left	right
119.5908	1	Stimulus/S  1	1	1195908	1195916	15	3	70	pips_l400_r40_500-8000.hdf5	left	right
120.6361	1	Stimulus/S  1	1	1206361	1206369	15	4	50	pips_l400_r40_500-8000.hdf5	left	right
121.6815	1	Stimulus/S  1	1	1216815	1216823	15	5	30	pips_l400_r40_500-8000.hdf5	left	right
122.7588	1	Stimulus/S  1	1	1227588	1227596	16	0	20	pips_l400_r40_500-8000.hdf5	left	right
123.8042	1	Stimulus/S  1	1	1238042	1238050	16	1	40	pips_l400_r40_500-8000.hdf5	left	right
124.8495	1	Stimulus/S  1	1	1248495	1248503	16	2	60	pips_l400_r40_500-8000.hdf5	left	right
125.9055	1	Stimulus/S  1	1	1259055	1259063	16	3	70	pips_l400_r40_500-8000.hdf5	left	right
126.9508	1	Stimulus/S  1	1	1269508	1269516	16	4	50	pips_l400_r40_500-8000.hdf5	left	right
128.0069	1	Stimulus/S  1	1	1280069	1280077	16	5	30	pips_l400_r40_500-8000.hdf5	left	right
129.0522	1	Stimulus/S  1	1	1290522	1290530	17	0	20	pips_l400_r40_500-8000.hdf5	left	right
130.1082	1	Stimulus/S  1	1	1301082	1301090	17	1	40	pips_l400_r40_500-8000.hdf5	left	right
131.1536	1	Stimulus/S  1	1	1311536	1311544	17	2	60	pips_l400_r40_500-8000.hdf5	left	right
132.2202	1	Stimulus/S  1	1	1322202	1322210	17	3	70	pips_l400_r40_500-8000.hdf5	left	right
133.2656	1	Stimulus/S  1	1	1332656	1332664	17	4	50	pips_l400_r40_500-8000.hdf5	left	right
134.3323	1	Stimulus/S  1	1	1343323	1343331	17	5	30	pips_l400_r40_500-8000.hdf5	left	right
135.3989	1	Stimulus/S  1	1	1353989	1353997	18	0	20	pips_l400_r40_500-8000.hdf5	left	right
136.4549	1	Stimulus/S  1	1	1364549	1364557	18	1	40	pips_l400_r40_500-8000.hdf5	left	right
137.5216	1	Stimulus/S  1	1	1375216	1375224	18	2	60	pips_l400_r40_500-8000.hdf5	left	right
138.5883	1	Stimulus/S  1	1	1385883	1385891	18	3	70	pips_l400_r40_500-8000.hdf5	left	right
139.6336	1	Stimulus/S  1	1	1396336	1396344	18	4	50	pips_l400_r40_500-8000.hdf5	left	right
140.6896	1	Stimulus/S  1	1	1406896	1406904	18	5	30	pips_l400_r40_500-8000.hdf5	left	right
141.7563	1	Stimulus/S  1	1	1417563	1417571	19	0	20	pips_l400_r40_500-8000.hdf5	left	right
142.8017	1	Stimulus/S  1	1	1428017	1428025	19	1	40	pips_l400_r40_500-8000.hdf5	left	right
143.8577	1	Stimulus/S  1	1	1438577	1438585	19	2	60	pips_l400_r40_500-8000.hdf5	left	right
144.9244	1	Stimulus/S  1	1	1449244	1449252	19	3	70	pips_l400_r40_500-8000.hdf5	left	right
145.9697	1	Stimulus/S  1	1	1459697	1459705	19	4	50	pips_l400_r40_500-8000.hdf5	left	right
147.0257	1	Stimulus/S  1	1	1470257	1470265	19	5	30	pips_l400_r40_500-8000.hdf5	left	right
148.0711	1	Stimulus/S  1	1	1480711	1480719	20	0	20	pips_l400_r40_500-8000.hdf5	left	right
149.1164	1	Stimulus/S  1	1	1491164	1491172	20	1	40	pips_l400_r40_500-8000.hdf5	left	right
150.1831	1	Stimulus/S  1	1	1501831	1501839	20	2	60	pips_l400_r40_500-8000.hdf5	left	right
151.2391	1	Stimulus/S  1	1	1512391	1512399	20	3	70	pips_l400_r40_500-8000.hdf5	left	right
152.3058	1	Stimulus/S  1	1	1523058	1523066	20	4	50	pips_l400_r40_500-8000.hdf5	left	right
153.3724	1	Stimulus/S  1	1	1533724	1533732	20	5	30	pips_l400_r40_500-8000.hdf5	left	right
154.4178	1	Stimulus/S  1	1	1544178	1544186	21	0	20	pips_l400_r40_500-8000.hdf5	left	right
155.4845	1	Stimulus/S  1	1	1554845	1554853	21	1	40	pips_l400_r40_500-8000.hdf5	left	right
156.5511	1	Stimulus/S  1	1	1565511	1565519	21	2	60	pips_l400_r40_500-8000.hdf5	left	right
157.6071	1	Stimulus/S  1	1	1576071	1576079	21	3	70	pips_l400_r40_500-8000.hdf5	left	right
158.6738	1	Stimulus/S  1	1	1586738	1586746	21	4	50	pips_l400_r40_500-8000.hdf5	left	right
159.7192	1	Stimulus/S  1	1	1597192	1597200	21	5	30	pips_l400_r40_500-8000.hdf5	left	right
160.7752	1	Stimulus/S  1	1	1607752	1607760	22	0	20	pips_l400_r40_500-8000.hdf5	left	right
161.8419	1	Stimulus/S  1	1	1618419	1618427	22	1	40	pips_l400_r40_500-8000.hdf5	left	right
162.8872	1	Stimulus/S  1	1	1628872	1628880	22	2	60	pips_l400_r40_500-8000.hdf5	left	right
163.9539	1	Stimulus/S  1	1	1639539	1639547	22	3	70	pips_l400_r40_500-8000.hdf5	left	right
164.9992	1	Stimulus/S  1	1	1649992	1650000	22	4	50	pips_l400_r40_500-8000.hdf5	left	right
166.0659	1	Stimulus/S  1	1	1660659	1660667	22	5	30	pips_l400_r40_500-8000.hdf5	left	right
167.1219	1	Stimulus/S  1	1	1671219	1671227	23	0	20	pips_l400_r40_500-8000.hdf5	left	right
168.1673	1	Stimulus/S  1	1	1681673	1681681	23	1	40	pips_l400_r40_500-8000.hdf5	left	right
169.2339	1	Stimulus/S  1	1	1692339	1692347	23	2	60	pips_l400_r40_500-8000.hdf5	left	right
170.2899	1	Stimulus/S  1	1	1702899	1702907	23	3	70	pips_l400_r40_500-8000.hdf5	left	right
171.3566	1	Stimulus/S  1	1	1713566	1713574	23	4	50	pips_l400_r40_500-8000.hdf5	left	right
172.402	1	Stimulus/S  1	1	1724020	1724028	23	5	30	pips_l400_r40_500-8000.hdf5	left	right
173.4686	1	Stimulus/S  1	1	1734686	1734694	24	0	20	pips_l400_r40_500-8000.hdf5	left	right
174.5246	1	Stimulus/S  1	1	1745246	1745254	24	1	40	pips_l400_r40_500-8000.hdf5	left	right
175.5913	1	Stimulus/S  1	1	1755913	1755921	24	2	60	pips_l400_r40_500-8000.hdf5	left	right
176.6367	1	Stimulus/S  1	1	1766367	1766375	24	3	70	pips_l400_r40_500-8000.hdf5	left	right
177.682	1	Stimulus/S  1	1	1776820	1776828	24	4	50	pips_l400_r40_500-8000.hdf5	left	right
178.7594	1	Stimulus/S  1	1	1787594	1787602	24	5	30	pips_l400_r40_500-8000.hdf5	left	right
179.8047	1	Stimulus/S  1	1	1798047	1798055	25	0	20	pips_l400_r40_500-8000.hdf5	left	right
180.8714	1	Stimulus/S  1	1	1808714	1808722	25	1	40	pips_l400_r40_500-8000.hdf5	left	right
181.9167	1	Stimulus/S  1	1	1819167	1819175	25	2	60	pips_l400_r40_500-8000.hdf5	left	right
182.9727	1	Stimulus/S  1	1	1829727	1829735	25	3	70	pips_l400_r40_500-8000.hdf5	left	right
184.0181	1	Stimulus/S  1	1	1840181	1840189	25	4	50	pips_l400_r40_500-8000.hdf5	left	right
185.0847	1	Stimulus/S  1	1	1850847	1850855	25	5	30	pips_l400_r40_500-8000.hdf5	left	right
186.1408	1	Stimulus/S  1	1	1861408	1861416	26	0	20	pips_l400_r40_500-8000.hdf5	left	right
187.2074	1	Stimulus/S  1	1	1872074	1872082	26	1	40	pips_l400_r40_500-8000.hdf5	left	right
188.2528	1	Stimulus/S  1	1	1882528	1882536	26	2	60	pips_l400_r40_500-8000.hdf5	left	right
189.3195	1	Stimulus/S  1	1	1893195	1893203	26	3	70	pips_l400_r40_500-8000.hdf5	left	right
190.3861	1	Stimulus/S  1	1	1903861	1903869	26	4	50	pips_l400_r40_500-8000.hdf5	left	right
191.4421	1	Stimulus/S  1	1	1914421	1914429	26	5	30	pips_l400_r40_500-8000.hdf5	left	right
192.5088	1	Stimulus/S  1	1	1925088	1925096	27	0	20	pips_l400_r40_500-8000.hdf5	left	right
193.5755	1	Stimulus/S  1	1	1935755	1935763	27	1	40	pips_l400_r40_500-8000.hdf5	left	right
194.6208	1	Stimulus/S  1	1	1946208	1946216	27	2	60	pips_l400_r40_500-8000.hdf5	left	right
195.6875	1	Stimulus/S  1	1	1956875	1956883	27	3	70	pips_l400_r40_500-8000.hdf5	left	right
196.7329	1	Stimulus/S  1	1	1967329	1967337	27	4	50	pips_l400_r40_500-8000.hdf5	left	right
197.7889	1	Stimulus/S  1	1	1977889	1977897	27	5	30	pips_l400_r40_500-8000.hdf5	left	right
198.8342	1	Stimulus/S  1	1	1988342	1988350	28	0	20	pips_l400_r40_500-8000.hdf5	left	right
199.8902	1	Stimulus/S  1	1	1998902	1998910	28	1	40	pips_l400_r40_500-8000.hdf5	left	right
200.9569	1	Stimulus/S  1	1	2009569	2009577	28	2	60	pips_l400_r40_500-8000.hdf5	left	right
202.0022	1	Stimulus/S  1	1	2020022	2020030	28	3	70	pips_l400_r40_500-8000.hdf5	left	right
203.0689	1	Stimulus/S  1	1	2030689	2030697	28	4	50	pips_l400_r40_500-8000.hdf5	left	right
204.1356	1	Stimulus/S  1	1	2041356	2041364	28	5	30	pips_l400_r40_500-8000.hdf5	left	right
205.1916	1	Stimulus/S  1	1	2051916	2051924	29	0	20	pips_l400_r40_500-8000.hdf5	left	right
206.2583	1	Stimulus/S  1	1	2062583	2062591	29	1	40	pips_l400_r40_500-8000.hdf5	left	right
207.3036	1	Stimulus/S  1	1	2073036	2073044	29	2	60	pips_l400_r40_500-8000.hdf5	left	right
208.3596	1	Stimulus/S  1	1	2083596	2083604	29	3	70	pips_l400_r40_500-8000.hdf5	left	right
209.4263	1	Stimulus/S  1	1	2094263	2094271	29	4	50	pips_l400_r40_500-8000.hdf5	left	right
210.493	1	Stimulus/S  1	1	2104930	2104938	29	5	30	pips_l400_r40_500-8000.hdf5	left	right
211.5383	1	Stimulus/S  1	1	2115383	2115391	30	0	20	pips_l400_r40_500-8000.hdf5	left	right
212.605	1	Stimulus/S  1	1	2126050	2126058	30	1	40	pips_l400_r40_500-8000.hdf5	left	right
213.6504	1	Stimulus/S  1	1	2136504	2136512	30	2	60	pips_l400_r40_500-8000.hdf5	left	right
214.717	1	Stimulus/S  1	1	2147170	2147178	30	3	70	pips_l400_r40_500-8000.hdf5	left	right
215.7837	1	Stimulus/S  1	1	2157837	2157845	30	4	50	pips_l400_r40_500-8000.hdf5	left	right
216.8397	1	Stimulus/S  1	1	2168397	2168405	30	5	30	pips_l400_r40_500-8000.hdf5	left	right
217.8851	1	Stimulus/S  1	1	2178851	2178859	31	0	20	pips_l400_r40_500-8000.hdf5	left	right
218.9517	1	Stimulus/S  1	1	2189517	2189525	31	1	40	pips_l400_r40_500-8000.hdf5	left	right
220.0184	1	Stimulus/S  1	1	2200184	2200192	31	2	60	pips_l400_r40_500-8000.hdf5	left	right
221.0744	1	Stimulus/S  1	1	2210744	2210752	31	3	70	pips_l400_r40_500-8000.hdf5	left	right
222.1198	1	Stimulus/S  1	1	2221198	2221206	31	4	50	pips_l400_r40_500-8000.hdf5	left	right
223.1758	1	Stimulus/S  1	1	2231758	2231766	31	5	30	pips_l400_r40_500-8000.hdf5	left	right
224.2211	1	Stimulus/S  1	1	2242211	2242219	32	0	20	pips_l400_r40_500-8000.hdf5	left	right
225.2665	1	Stimulus/S  1	1	2252665	2252673	32	1	40	pips_l400_r40_500-8000.hdf5	left	right
226.3438	1	Stimulus/S  1	1	2263438	2263446	32	2	60	pips_l400_r40_500-8000.hdf5	left	right
227.3892	1	Stimulus/S  1	1	2273892	2273900	32	3	70	pips_l400_r40_500-8000.hdf5	left	right
228.4558	1	Stimulus/S  1	1	2284558	2284566	32	4	50	pips_l400_r40_500-8000.hdf5	left	right
229.5012	1	Stimulus/S  1	1	2295012	2295020	32	5	30	pips_l400_r40_500-8000.hdf5	left	right
230.5679	1	Stimulus/S  1	1	2305679	2305687	33	0	20	pips_l400_r40_500-8000.hdf5	left	right
231.6345	1	Stimulus/S  1	1	2316345	2316353	33	1	40	pips_l400_r40_500-8000.hdf5	left	right
232.6905	1	Stimulus/S  1	1	2326905	2326913	33	2	60	pips_l400_r40_500-8000.hdf5	left	right
233.7572	1	Stimulus/S  1	1	2337572	2337580	33	3	70	pips_l400_r40_500-8000.hdf5	left	right
234.8239	1	Stimulus/S  1	1	2348239	2348247	33	4	50	pips_l400_r40_500-8000.hdf5	left	right
235.8692	1	Stimulus/S  1	1	2358692	2358700	33	5	30	pips_l400_r40_500-8000.hdf5	left	right
236.9359	1	Stimulus/S  1	1	2369359	2369367	34	0	20	pips_l400_r40_500-8000.hdf5	left	right
238.0026	1	Stimulus/S  1	1	2380026	2380034	34	1	40	pips_l400_r40_500-8000.hdf5	left	right
239.0586	1	Stimulus/S  1	1	2390586	2390594	34	2	60	pips_l400_r40_500-8000.hdf5	left	right
240.104	1	Stimulus/S  1	1	2401040	2401048	34	3	70	pips_l400_r40_500-8000.hdf5	left	right
241.16	1	Stimulus/S  1	1	2411600	2411608	34	4	50	pips_l400_r40_500-8000.hdf5	left	right
242.2266	1	Stimulus/S  1	1	2422266	2422274	34	5	30	pips_l400_r40_500-8000.hdf5	left	right
243.272	1	Stimulus/S  1	1	2432720	2432728	35	0	20	pips_l400_r40_500-8000.hdf5	left	right
244.3387	1	Stimulus/S  1	1	2443387	2443395	35	1	40	pips_l400_r40_500-8000.hdf5	left	right
245.384	1	Stimulus/S  1	1	2453840	2453848	35	2	60	pips_l400_r40_500-8000.hdf5	left	right
246.44	1	Stimulus/S  1	1	2464400	2464408	35	3	70	pips_l400_r40_500-8000.hdf5	left	right
247.5067	1	Stimulus/S  1	1	2475067	2475075	35	4	50	pips_l400_r40_500-8000.hdf5	left	right
248.552	1	Stimulus/S  1	1	2485520	2485528	35	5	30	pips_l400_r40_500-8000.hdf5	left	right
249.608	1	Stimulus/S  1	1	2496080	2496088	36	0	20	pips_l400_r40_500-8000.hdf5	left	right
250.6747	1	Stimulus/S  1	1	2506747	2506755	36	1	40	pips_l400_r40_500-8000.hdf5	left	right
251.7201	1	Stimulus/S  1	1	2517201	2517209	36	2	60	pips_l400_r40_500-8000.hdf5	left	right
252.7761	1	Stimulus/S  1	1	2527761	2527769	36	3	70	pips_l400_r40_500-8000.hdf5	left	right
253.8214	1	Stimulus/S  1	1	2538214	2538222	36	4	50	pips_l400_r40_500-8000.hdf5	left	right
254.8774	1	Stimulus/S  1	1	2548774	2548782	36	5	30	pips_l400_r40_500-8000.hdf5	left	right
255.9441	1	Stimulus/S  1	1	2559441	2559449	37	0	20	pips_l400_r40_500-8000.hdf5	left	right
256.9895	1	Stimulus/S  1	1	2569895	2569903	37	1	40	pips_l400_r40_500-8000.hdf5	left	right
258.0348	1	Stimulus/S  1	1	2580348	2580356	37	2	60	pips_l400_r40_500-8000.hdf5	left	right
259.1015	1	Stimulus/S  1	1	2591015	2591023	37	3	70	pips_l400_r40_500-8000.hdf5	left	right
260.1575	1	Stimulus/S  1	1	2601575	2601583	37	4	50	pips_l400_r40_500-8000.hdf5	left	right
261.2028	1	Stimulus/S  1	1	2612028	2612036	37	5	30	pips_l400_r40_500-8000.hdf5	left	right
262.2588	1	Stimulus/S  1	1	2622588	2622596	38	0	20	pips_l400_r40_500-8000.hdf5	left	right
263.3255	1	Stimulus/S  1	1	2633255	2633263	38	1	40	pips_l400_r40_500-8000.hdf5	left	right
264.3709	1	Stimulus/S  1	1	2643709	2643717	38	2	60	pips_l400_r40_500-8000.hdf5	left	right
265.4269	1	Stimulus/S  1	1	2654269	2654277	38	3	70	pips_l400_r40_500-8000.hdf5	left	right
266.4935	1	Stimulus/S  1	1	2664935	2664943	38	4	50	pips_l400_r40_500-8000.hdf5	left	right
267.5389	1	Stimulus/S  1	1	2675389	2675397	38	5	30	pips_l400_r40_500-8000.hdf5	left	right
268.6056	1	Stimulus/S  1	1	2686056	2686064	39	0	20	pips_l400_r40_500-8000.hdf5	left	right
269.6509	1	Stimulus/S  1	1	2696509	2696517	39	1	40	pips_l400_r40_500-8000.hdf5	left	right
270.7069	1	Stimulus/S  1	1	2707069	2707077	39	2	60	pips_l400_r40_500-8000.hdf5	left	right
271.7523	1	Stimulus/S  1	1	2717523	2717531	39	3	70	pips_l400_r40_500-8000.hdf5	left	right
272.8189	1	Stimulus/S  1	1	2728189	2728197	39	4	50	pips_l400_r40_500-8000.hdf5	left	right
273.8856	1	Stimulus/S  1	1	2738856	2738864	39	5	30	pips_l400_r40_500-8000.hdf5	left	right
274.9416	1	Stimulus/S  1	1	2749416	2749424	40	0	20	pips_l400_r40_500-8000.hdf5	left	right
276.0083	1	Stimulus/S  1	1	2760083	2760091	40	1	40	pips_l400_r40_500-8000.hdf5	left	right
277.075	1	Stimulus/S  1	1	2770750	2770758	40	2	60	pips_l400_r40_500-8000.hdf5	left	right
278.1417	1	Stimulus/S  1	1	2781417	2781425	40	3	70	pips_l400_r40_500-8000.hdf5	left	right
279.187	1	Stimulus/S  1	1	2791870	2791878	40	4	50	pips_l400_r40_500-8000.hdf5	left	right
280.2537	1	Stimulus/S  1	1	2802537	2802545	40	5	30	pips_l400_r40_500-8000.hdf5	left	right
281.3097	1	Stimulus/S  1	1	2813097	2813105	41	0	20	pips_l400_r40_500-8000.hdf5	left	right
282.3764	1	Stimulus/S  1	1	2823764	2823772	41	1	40	pips_l400_r40_500-8000.hdf5	left	right
283.443	1	Stimulus/S  1	1	2834430	2834438	41	2	60	pips_l400_r40_500-8000.hdf5	left	right
284.5097	1	Stimulus/S  1	1	2845097	2845105	41	3	70	pips_l400_r40_500-8000.hdf5	left	right
285.5551	1	Stimulus/S  1	1	2855551	2855559	41	4	50	pips_l400_r40_500-8000.hdf5	left	right
286.6004	1	Stimulus/S  1	1	2866004	2866012	41	5	30	pips_l400_r40_500-8000.hdf5	left	right
287.6778	1	Stimulus/S  1	1	2876778	2876786	42	0	20	pips_l400_r40_500-8000.hdf5	left	right
288.7231	1	Stimulus/S  1	1	2887231	2887239	42	1	40	pips_l400_r40_500-8000.hdf5	left	right
289.7684	1	Stimulus/S  1	1	2897684	2897692	42	2	60	pips_l400_r40_500-8000.hdf5	left	right
290.8244	1	Stimulus/S  1	1	2908244	2908252	42	3	70	pips_l400_r40_500-8000.hdf5	left	right
291.8698	1	Stimulus/S  1	1	2918698	2918706	42	4	50	pips_l400_r40_500-8000.hdf5	left	right
292.9258	1	Stimulus/S  1	1	2929258	2929266	42	5	30	pips_l400_r40_500-8000.hdf5	left	right
293.9925	1	Stimulus/S  1	1	2939925	2939933	43	0	20	pips_l400_r40_500-8000.hdf5	left	right
295.0378	1	Stimulus/S  1	1	2950378	2950386	43	1	40	pips_l400_r40_500-8000.hdf5	left	right
296.0938	1	Stimulus/S  1	1	2960938	2960946	43	2	60	pips_l400_r40_500-8000.hdf5	left	right
297.1605	1	Stimulus/S  1	1	2971605	2971613	43	3	70	pips_l400_r40_500-8000.hdf5	left	right
298.2059	1	Stimulus/S  1	1	2982059	2982067	43	4	50	pips_l400_r40_500-8000.hdf5	left	right
299.2512	1	Stimulus/S  1	1	2992512	2992520	43	5	30	pips_l400_r40_500-8000.hdf5	left	right
300.3072	1	Stimulus/S  1	1	3003072	3003080	44	0	20	pips_l400_r40_500-8000.hdf5	left	right
301.3526	1	Stimulus/S  1	1	3013526	3013534	44	1	40	pips_l400_r40_500-8000.hdf5	left	right
302.4086	1	Stimulus/S  1	1	3024086	3024094	44	2	60	pips_l400_r40_500-8000.hdf5	left	right
303.4752	1	Stimulus/S  1	1	3034752	3034760	44	3	70	pips_l400_r40_500-8000.hdf5	left	right
304.5206	1	Stimulus/S  1	1	3045206	3045214	44	4	50	pips_l400_r40_500-8000.hdf5	left	right
305.5873	1	Stimulus/S  1	1	3055873	3055881	44	5	30	pips_l400_r40_500-8000.hdf5	left	right
306.6433	1	Stimulus/S  1	1	3066433	3066441	45	0	20	pips_l400_r40_500-8000.hdf5	left	right
307.6886	1	Stimulus/S  1	1	3076886	3076894	45	1	40	pips_l400_r40_500-8000.hdf5	left	right
308.7553	1	Stimulus/S  1	1	3087553	3087561	45	2	60	pips_l400_r40_500-8000.hdf5	left	right
309.822	1	Stimulus/S  1	1	3098220	3098228	45	3	70	pips_l400_r40_500-8000.hdf5	left	right
310.878	1	Stimulus/S  1	1	3108780	3108788	45	4	50	pips_l400_r40_500-8000.hdf5	left	right
311.9233	1	Stimulus/S  1	1	3119233	3119241	45	5	30	pips_l400_r40_500-8000.hdf5	left	right
312.99	1	Stimulus/S  1	1	3129900	3129908	46	0	20	pips_l400_r40_500-8000.hdf5	left	right
314.0353	1	Stimulus/S  1	1	3140353	3140361	46	1	40	pips_l400_r40_500-8000.hdf5	left	right
315.0914	1	Stimulus/S  1	1	3150914	3150922	46	2	60	pips_l400_r40_500-8000.hdf5	left	right
316.158	1	Stimulus/S  1	1	3161580	3161588	46	3	70	pips_l400_r40_500-8000.hdf5	left	right
317.2034	1	Stimulus/S  1	1	3172034	3172042	46	4	50	pips_l400_r40_500-8000.hdf5	left	right
318.2594	1	Stimulus/S  1	1	3182594	3182602	46	5	30	pips_l400_r40_500-8000.hdf5	left	right
319.3261	1	Stimulus/S  1	1	3193261	3193269	47	0	20	pips_l400_r40_500-8000.hdf5	left	right
320.3927	1	Stimulus/S  1	1	3203927	3203935	47	1	40	pips_l400_r40_500-8000.hdf5	left	right
321.4381	1	Stimulus/S  1	1	3214381	3214389	47	2	60	pips_l400_r40_500-8000.hdf5	left	right
322.5048	1	Stimulus/S  1	1	3225048	3225056	47	3	70	pips_l400_r40_500-8000.hdf5	left	right
323.5714	1	Stimulus/S  1	1	3235714	3235722	47	4	50	pips_l400_r40_500-8000.hdf5	left	right
324.6274	1	Stimulus/S  1	1	3246274	3246282	47	5	30	pips_l400_r40_500-8000.hdf5	left	right
325.6728	1	Stimulus/S  1	1	3256728	3256736	48	0	20	pips_l400_r40_500-8000.hdf5	left	right
326.7395	1	Stimulus/S  1	1	3267395	3267403	48	1	40	pips_l400_r40_500-8000.hdf5	left	right
327.7955	1	Stimulus/S  1	1	3277955	3277963	48	2	60	pips_l400_r40_500-8000.hdf5	left	right
328.8408	1	Stimulus/S  1	1	3288408	3288416	48	3	70	pips_l400_r40_500-8000.hdf5	left	right
329.8862	1	Stimulus/S  1	1	3298862	3298870	48	4	50	pips_l400_r40_500-8000.hdf5	left	right
330.9528	1	Stimulus/S  1	1	3309528	3309536	48	5	30	pips_l400_r40_500-8000.hdf5	left	right
332.0195	1	Stimulus/S  1	1	3320195	3320203	49	0	20	pips_l400_r40_500-8000.hdf5	left	right
333.0755	1	Stimulus/S  1	1	3330755	3330763	49	1	40	pips_l400_r40_500-8000.hdf5	left	right
334.1209	1	Stimulus/S  1	1	3341209	3341217	49	2	60	pips_l400_r40_500-8000.hdf5	left	right
335.1875	1	Stimulus/S  1	1	3351875	3351883	49	3	70	pips_l400_r40_500-8000.hdf5	left	right
336.2542	1	Stimulus/S  1	1	3362542	3362550	49	4	50	pips_l400_r40_500-8000.hdf5	left	right
337.3209	1	Stimulus/S  1	1	3373209	3373217	49	5	30	pips_l400_r40_500-8000.hdf5	left	right
338.3876	1	Stimulus/S  1	1	3383876	3383884	50	0	20	pips_l400_r40_500-8000.hdf5	left	right
339.4436	1	Stimulus/S  1	1	3394436	3394444	50	1	40	pips_l400_r40_500-8000.hdf5	left	right
340.5103	1	Stimulus/S  1	1	3405103	3405111	50	2	60	pips_l400_r40_500-8000.hdf5	left	right
341.5769	1	Stimulus/S  1	1	3415769	3415777	50	3	70	pips_l400_r40_500-8000.hdf5	left	right
342.6223	1	Stimulus/S  1	1	3426223	3426231	50	4	50	pips_l400_r40_500-8000.hdf5	left	right
343.6783	1	Stimulus/S  1	1	3436783	3436791	50	5	30	pips_l400_r40_500-8000.hdf5	left	right
344.745	1	Stimulus/S  1	1	3447450	3447458	51	0	20	pips_l400_r40_500-8000.hdf5	left	right
345.8117	1	Stimulus/S  1	1	3458117	3458125	51	1	40	pips_l400_r40_500-8000.hdf5	left	right
346.857	1	Stimulus/S  1	1	3468570	3468578	51	2	60	pips_l400_r40_500-8000.hdf5	left	right
347.9023	1	Stimulus/S  1	1	3479023	3479031	51	3	70	pips_l400_r40_500-8000.hdf5	left	right
348.969	1	Stimulus/S  1	1	3489690	3489698	51	4	50	pips_l400_r40_500-8000.hdf5	left	right
350.025	1	Stimulus/S  1	1	3500250	3500258	51	5	30	pips_l400_r40_500-8000.hdf5	left	right
351.0704	1	Stimulus/S  1	1	3510704	3510712	52	0	20	pips_l400_r40_500-8000.hdf5	left	right
352.1264	1	Stimulus/S  1	1	3521264	3521272	52	1	40	pips_l400_r40_500-8000.hdf5	left	right
353.1931	1	Stimulus/S  1	1	3531931	3531939	52	2	60	pips_l400_r40_500-8000.hdf5	left	right
354.2384	1	Stimulus/S  1	1	3542384	3542392	52	3	70	pips_l400_r40_500-8000.hdf5	left	right
355.2944	1	Stimulus/S  1	1	3552944	3552952	52	4	50	pips_l400_r40_500-8000.hdf5	left	right
356.3398	1	Stimulus/S  1	1	3563398	3563406	52	5	30	pips_l400_r40_500-8000.hdf5	left	right
357.4064	1	Stimulus/S  1	1	3574064	3574072	53	0	20	pips_l400_r40_500-8000.hdf5	left	right
358.4731	1	Stimulus/S  1	1	3584731	3584739	53	1	40	pips_l400_r40_500-8000.hdf5	left	right
359.5185	1	Stimulus/S  1	1	3595185	3595193	53	2	60	pips_l400_r40_500-8000.hdf5	left	right
360.5745	1	Stimulus/S  1	1	3605745	3605753	53	3	70	pips_l400_r40_500-8000.hdf5	left	right
361.6411	1	Stimulus/S  1	1	3616411	3616419	53	4	50	pips_l400_r40_500-8000.hdf5	left	right
362.6865	1	Stimulus/S  1	1	3626865	3626873	53	5	30	pips_l400_r40_500-8000.hdf5	left	right
363.7425	1	Stimulus/S  1	1	3637425	3637433	54	0	20	pips_l400_r40_500-8000.hdf5	left	right
364.7878	1	Stimulus/S  1	1	3647878	3647886	54	1	40	pips_l400_r40_500-8000.hdf5	left	right
365.8438	1	Stimulus/S  1	1	3658438	3658446	54	2	60	pips_l400_r40_500-8000.hdf5	left	right
366.9105	1	Stimulus/S  1	1	3669105	3669113	54	3	70	pips_l400_r40_500-8000.hdf5	left	right
367.9559	1	Stimulus/S  1	1	3679559	3679567	54	4	50	pips_l400_r40_500-8000.hdf5	left	right
369.0119	1	Stimulus/S  1	1	3690119	3690127	54	5	30	pips_l400_r40_500-8000.hdf5	left	right
370.0572	1	Stimulus/S  1	1	3700572	3700580	55	0	20	pips_l400_r40_500-8000.hdf5	left	right
371.1239	1	Stimulus/S  1	1	3711239	3711247	55	1	40	pips_l400_r40_500-8000.hdf5	left	right
372.1906	1	Stimulus/S  1	1	3721906	3721914	55	2	60	pips_l400_r40_500-8000.hdf5	left	right
373.2359	1	Stimulus/S  1	1	3732359	3732367	55	3	70	pips_l400_r40_500-8000.hdf5	left	right
374.2919	1	Stimulus/S  1	1	3742919	3742927	55	4	50	pips_l400_r40_500-8000.hdf5	left	right
375.3586	1	Stimulus/S  1	1	3753586	3753594	55	5	30	pips_l400_r40_500-8000.hdf5	left	right
376.404	1	Stimulus/S  1	1	3764040	3764048	56	0	20	pips_l400_r40_500-8000.hdf5	left	right
377.46	1	Stimulus/S  1	1	3774600	3774608	56	1	40	pips_l400_r40_500-8000.hdf5	left	right
378.5053	1	Stimulus/S  1	1	3785053	3785061	56	2	60	pips_l400_r40_500-8000.hdf5	left	right
379.572	1	Stimulus/S  1	1	3795720	3795728	56	3	70	pips_l400_r40_500-8000.hdf5	left	right
380.628	1	Stimulus/S  1	1	3806280	3806288	56	4	50	pips_l400_r40_500-8000.hdf5	left	right
381.6733	1	Stimulus/S  1	1	3816733	3816741	56	5	30	pips_l400_r40_500-8000.hdf5	left	right
382.7293	1	Stimulus/S  1	1	3827293	3827301	57	0	20	pips_l400_r40_500-8000.hdf5	left	right
383.796	1	Stimulus/S  1	1	3837960	3837968	57	1	40	pips_l400_r40_500-8000.hdf5	left	right
384.8414	1	Stimulus/S  1	1	3848414	3848422	57	2	60	pips_l400_r40_500-8000.hdf5	left	right
385.8867	1	Stimulus/S  1	1	3858867	3858875	57	3	70	pips_l400_r40_500-8000.hdf5	left	right
386.9534	1	Stimulus/S  1	1	3869534	3869542	57	4	50	pips_l400_r40_500-8000.hdf5	left	right
388.0201	1	Stimulus/S  1	1	3880201	3880209	57	5	30	pips_l400_r40_500-8000.hdf5	left	right
389.0761	1	Stimulus/S  1	1	3890761	3890769	58	0	20	pips_l400_r40_500-8000.hdf5	left	right
390.1428	1	Stimulus/S  1	1	3901428	3901436	58	1	40	pips_l400_r40_500-8000.hdf5	left	right
391.1881	1	Stimulus/S  1	1	3911881	3911889	58	2	60	pips_l400_r40_500-8000.hdf5	left	right
392.2441	1	Stimulus/S  1	1	3922441	3922449	58	3	70	pips_l400_r40_500-8000.hdf5	left	right
393.3108	1	Stimulus/S  1	1	3933108	3933116	58	4	50	pips_l400_r40_500-8000.hdf5	left	right
394.3561	1	Stimulus/S  1	1	3943561	3943569	58	5	30	pips_l400_r40_500-8000.hdf5	left	right
395.4121	1	Stimulus/S  1	1	3954121	3954129	59	0	20	pips_l400_r40_500-8000.hdf5	left	right
396.4788	1	Stimulus/S  1	1	3964788	3964796	59	1	40	pips_l400_r40_500-8000.hdf5	left	right
397.5242	1	Stimulus/S  1	1	3975242	3975250	59	2	60	pips_l400_r40_500-8000.hdf5	left	right
398.5695	1	Stimulus/S  1	1	3985695	3985703	59	3	70	pips_l400_r40_500-8000.hdf5	left	right
399.6362	1	Stimulus/S  1	1	3996362	3996370	59	4	50	pips_l400_r40_500-8000.hdf5	left	right
400.6922	1	Stimulus/S  1	1	4006922	4006930	59	5	30	pips_l400_r40_500-8000.hdf5	left	right
401.7375	1	Stimulus/S  1	1	4017375	4017383	60	0	20	pips_l400_r40_500-8000.hdf5	left	right
402.7935	1	Stimulus/S  1	1	4027935	4027943	60	1	40	pips_l400_r40_500-8000.hdf5	left	right
403.8602	1	Stimulus/S  1	1	4038602	4038610	60	2	60	pips_l400_r40_500-8000.hdf5	left	right
404.9056	1	Stimulus/S  1	1	4049056	4049064	60	3	70	pips_l400_r40_500-8000.hdf5	left	right
405.9616	1	Stimulus/S  1	1	4059616	4059624	60	4	50	pips_l400_r40_500-8000.hdf5	left	right
407.0283	1	Stimulus/S  1	1	4070283	4070291	60	5	30	pips_l400_r40_500-8000.hdf5	left	right
408.0949	1	Stimulus/S  1	1	4080949	4080957	61	0	20	pips_l400_r40_500-8000.hdf5	left	right
409.1616	1	Stimulus/S  1	1	4091616	4091624	61	1	40	pips_l400_r40_500-8000.hdf5	left	right
410.2069	1	Stimulus/S  1	1	4102069	4102077	61	2	60	pips_l400_r40_500-8000.hdf5	left	right
411.263	1	Stimulus/S  1	1	4112630	4112638	61	3	70	pips_l400_r40_500-8000.hdf5	left	right
412.3083	1	Stimulus/S  1	1	4123083	4123091	61	4	50	pips_l400_r40_500-8000.hdf5	left	right
413.3536	1	Stimulus/S  1	1	4133536	4133544	61	5	30	pips_l400_r40_500-8000.hdf5	left	right
414.4203	1	Stimulus/S  1	1	4144203	4144211	62	0	20	pips_l400_r40_500-8000.hdf5	left	right
415.487	1	Stimulus/S  1	1	4154870	4154878	62	1	40	pips_l400_r40_500-8000.hdf5	left	right
416.543	1	Stimulus/S  1	1	4165430	4165438	62	2	60	pips_l400_r40_500-8000.hdf5	left	right
417.5884	1	Stimulus/S  1	1	4175884	4175892	62	3	70	pips_l400_r40_500-8000.hdf5	left	right
418.6444	1	Stimulus/S  1	1	4186444	4186452	62	4	50	pips_l400_r40_500-8000.hdf5	left	right
419.711	1	Stimulus/S  1	1	4197110	4197118	62	5	30	pips_l400_r40_500-8000.hdf5	left	right
420.7564	1	Stimulus/S  1	1	4207564	4207572	63	0	20	pips_l400_r40_500-8000.hdf5	left	right
421.8231	1	Stimulus/S  1	1	4218231	4218239	63	1	40	pips_l400_r40_500-8000.hdf5	left	right
422.8897	1	Stimulus/S  1	1	4228897	4228905	63	2	60	pips_l400_r40_500-8000.hdf5	left	right
423.9564	1	Stimulus/S  1	1	4239564	4239572	63	3	70	pips_l400_r40_500-8000.hdf5	left	right
425.0124	1	Stimulus/S  1	1	4250124	4250132	63	4	50	pips_l400_r40_500-8000.hdf5	left	right
426.0578	1	Stimulus/S  1	1	4260578	4260586	63	5	30	pips_l400_r40_500-8000.hdf5	left	right
427.1244	1	Stimulus/S  1	1	4271244	4271252	64	0	20	pips_l400_r40_500-8000.hdf5	left	right
428.1911	1	Stimulus/S  1	1	4281911	4281919	64	1	40	pips_l400_r40_500-8000.hdf5	left	right
429.2365	1	Stimulus/S  1	1	4292365	4292373	64	2	60	pips_l400_r40_500-8000.hdf5	left	right
430.2925	1	Stimulus/S  1	1	4302925	4302933	64	3	70	pips_l400_r40_500-8000.hdf5	left	right
431.3378	1	Stimulus/S  1	1	4313378	4313386	64	4	50	pips_l400_r40_500-8000.hdf5	left	right
432.4045	1	Stimulus/S  1	1	4324045	4324053	64	5	30	pips_l400_r40_500-8000.hdf5	left	right
433.4605	1	Stimulus/S  1	1	4334605	4334613	65	0	20	pips_l400_r40_500-8000.hdf5	left	right
434.5059	1	Stimulus/S  1	1	4345059	4345067	65	1	40	pips_l400_r40_500-8000.hdf5	left	right
435.5725	1	Stimulus/S  1	1	4355725	4355733	65	2	60	pips_l400_r40_500-8000.hdf5	left	right
436.6392	1	Stimulus/S  1	1	4366392	4366400	65	3	70	pips_l400_r40_500-8000.hdf5	left	right
437.6952	1	Stimulus/S  1	1	4376952	4376960	65	4	50	pips_l400_r40_500-8000.hdf5	left	right
438.7406	1	Stimulus/S  1	1	4387406	4387414	65	5	30	pips_l400_r40_500-8000.hdf5	left	right
439.8072	1	Stimulus/S  1	1	4398072	4398080	66	0	20	pips_l400_r40_500-8000.hdf5	left	right
440.8739	1	Stimulus/S  1	1	4408739	4408747	66	1	40	pips_l400_r40_500-8000.hdf5	left	right
441.9299	1	Stimulus/S  1	1	4419299	4419307	66	2	60	pips_l400_r40_500-8000.hdf5	left	right
442.9753	1	Stimulus/S  1	1	4429753	4429761	66	3	70	pips_l400_r40_500-8000.hdf5	left	right
444.0419	1	Stimulus/S  1	1	4440419	4440427	66	4	50	pips_l400_r40_500-8000.hdf5	left	right
445.1086	1	Stimulus/S  1	1	4451086	4451094	66	5	30	pips_l400_r40_500-8000.hdf5	left	right
446.154	1	Stimulus/S  1	1	4461540	4461548	67	0	20	pips_l400_r40_500-8000.hdf5	left	right
447.21	1	Stimulus/S  1	1	4472100	4472108	67	1	40	pips_l400_r40_500-8000.hdf5	left	right
448.2553	1	Stimulus/S  1	1	4482553	4482561	67	2	60	pips_l400_r40_500-8000.hdf5	left	right
449.322	1	Stimulus/S  1	1	4493220	4493228	67	3	70	pips_l400_r40_500-8000.hdf5	left	right
450.3887	1	Stimulus/S  1	1	4503887	4503895	67	4	50	pips_l400_r40_500-8000.hdf5	left	right
451.4554	1	Stimulus/S  1	1	4514554	4514562	67	5	30	pips_l400_r40_500-8000.hdf5	left	right
452.5114	1	Stimulus/S  1	1	4525114	4525122	68	0	20	pips_l400_r40_500-8000.hdf5	left	right
453.5567	1	Stimulus/S  1	1	4535567	4535575	68	1	40	pips_l400_r40_500-8000.hdf5	left	right
454.6127	1	Stimulus/S  1	1	4546127	4546135	68	2	60	pips_l400_r40_500-8000.hdf5	left	right
455.6581	1	Stimulus/S  1	1	4556581	4556589	68	3	70	pips_l400_r40_500-8000.hdf5	left	right
456.7247	1	Stimulus/S  1	1	4567247	4567255	68	4	50	pips_l400_r40_500-8000.hdf5	left	right
457.7914	1	Stimulus/S  1	1	4577914	4577922	68	5	30	pips_l400_r40_500-8000.hdf5	left	right
458.8581	1	Stimulus/S  1	1	4588581	4588589	69	0	20	pips_l400_r40_500-8000.hdf5	left	right
459.9248	1	Stimulus/S  1	1	4599248	4599256	69	1	40	pips_l400_r40_500-8000.hdf5	left	right
460.9914	1	Stimulus/S  1	1	4609914	4609922	69	2	60	pips_l400_r40_500-8000.hdf5	left	right
462.0475	1	Stimulus/S  1	1	4620475	4620483	69	3	70	pips_l400_r40_500-8000.hdf5	left	right
463.0928	1	Stimulus/S  1	1	4630928	4630936	69	4	50	pips_l400_r40_500-8000.hdf5	left	right
464.1381	1	Stimulus/S  1	1	4641381	4641389	69	5	30	pips_l400_r40_500-8000.hdf5	left	right
465.1942	1	Stimulus/S  1	1	4651942	4651950	70	0	20	pips_l400_r40_500-8000.hdf5	left	right
466.2608	1	Stimulus/S  1	1	4662608	4662616	70	1	40	pips_l400_r40_500-8000.hdf5	left	right
467.3062	1	Stimulus/S  1	1	4673062	4673070	70	2	60	pips_l400_r40_500-8000.hdf5	left	right
468.3729	1	Stimulus/S  1	1	4683729	4683737	70	3	70	pips_l400_r40_500-8000.hdf5	left	right
469.4395	1	Stimulus/S  1	1	4694395	4694403	70	4	50	pips_l400_r40_500-8000.hdf5	left	right
470.4955	1	Stimulus/S  1	1	4704955	4704963	70	5	30	pips_l400_r40_500-8000.hdf5	left	right
471.5409	1	Stimulus/S  1	1	4715409	4715417	71	0	20	pips_l400_r40_500-8000.hdf5	left	right
472.6076	1	Stimulus/S  1	1	4726076	4726084	71	1	40	pips_l400_r40_500-8000.hdf5	left	right
473.6742	1	Stimulus/S  1	1	4736742	4736750	71	2	60	pips_l400_r40_500-8000.hdf5	left	right
474.7302	1	Stimulus/S  1	1	4747302	4747310	71	3	70	pips_l400_r40_500-8000.hdf5	left	right
475.7756	1	Stimulus/S  1	1	4757756	4757764	71	4	50	pips_l400_r40_500-8000.hdf5	left	right
476.8209	1	Stimulus/S  1	1	4768209	4768217	71	5	30	pips_l400_r40_500-8000.hdf5	left	right
477.8983	1	Stimulus/S  1	1	4778983	4778991	72	0	20	pips_l400_r40_500-8000.hdf5	left	right
478.9436	1	Stimulus/S  1	1	4789436	4789444	72	1	40	pips_l400_r40_500-8000.hdf5	left	right
479.989	1	Stimulus/S  1	1	4799890	4799898	72	2	60	pips_l400_r40_500-8000.hdf5	left	right
481.045	1	Stimulus/S  1	1	4810450	4810458	72	3	70	pips_l400_r40_500-8000.hdf5	left	right
482.1117	1	Stimulus/S  1	1	4821117	4821125	72	4	50	pips_l400_r40_500-8000.hdf5	left	right
483.1783	1	Stimulus/S  1	1	4831783	4831791	72	5	30	pips_l400_r40_500-8000.hdf5	left	right
484.2237	1	Stimulus/S  1	1	4842237	4842245	73	0	20	pips_l400_r40_500-8000.hdf5	left	right
485.2797	1	Stimulus/S  1	1	4852797	4852805	73	1	40	pips_l400_r40_500-8000.hdf5	left	right
486.3464	1	Stimulus/S  1	1	4863464	4863472	73	2	60	pips_l400_r40_500-8000.hdf5	left	right
487.413	1	Stimulus/S  1	1	4874130	4874138	73	3	70	pips_l400_r40_500-8000.hdf5	left	right
488.4584	1	Stimulus/S  1	1	4884584	4884592	73	4	50	pips_l400_r40_500-8000.hdf5	left	right
489.5144	1	Stimulus/S  1	1	4895144	4895152	73	5	30	pips_l400_r40_500-8000.hdf5	left	right
490.5811	1	Stimulus/S  1	1	4905811	4905819	74	0	20	pips_l400_r40_500-8000.hdf5	left	right
491.6264	1	Stimulus/S  1	1	4916264	4916272	74	1	40	pips_l400_r40_500-8000.hdf5	left	right
492.6718	1	Stimulus/S  1	1	4926718	4926726	74	2	60	pips_l400_r40_500-8000.hdf5	left	right
493.7384	1	Stimulus/S  1	1	4937384	4937392	74	3	70	pips_l400_r40_500-8000.hdf5	left	right
494.8051	1	Stimulus/S  1	1	4948051	4948059	74	4	50	pips_l400_r40_500-8000.hdf5	left	right
495.8611	1	Stimulus/S  1	1	4958611	4958619	74	5	30	pips_l400_r40_500-8000.hdf5	left	right
496.9065	1	Stimulus/S  1	1	4969065	4969073	75	0	20	pips_l400_r40_500-8000.hdf5	left	right
497.9731	1	Stimulus/S  1	1	4979731	4979739	75	1	40	pips_l400_r40_500-8000.hdf5	left	right
499.0398	1	Stimulus/S  1	1	4990398	4990406	75	2	60	pips_l400_r40_500-8000.hdf5	left	right
500.0958	1	Stimulus/S  1	1	5000958	5000966	75	3	70	pips_l400_r40_500-8000.hdf5	left	right
501.1412	1	Stimulus/S  1	1	5011412	5011420	75	4	50	pips_l400_r40_500-8000.hdf5	left	right
502.2078	1	Stimulus/S  1	1	5022078	5022086	75	5	30	pips_l400_r40_500-8000.hdf5	left	right
503.2745	1	Stimulus/S  1	1	5032745	5032753	76	0	20	pips_l400_r40_500-8000.hdf5	left	right
504.3412	1	Stimulus/S  1	1	5043412	5043420	76	1	40	pips_l400_r40_500-8000.hdf5	left	right
505.4079	1	Stimulus/S  1	1	5054079	5054087	76	2	60	pips_l400_r40_500-8000.hdf5	left	right
506.4746	1	Stimulus/S  1	1	5064746	5064754	76	3	70	pips_l400_r40_500-8000.hdf5	left	right
507.5306	1	Stimulus/S  1	1	5075306	5075314	76	4	50	pips_l400_r40_500-8000.hdf5	left	right
508.5759	1	Stimulus/S  1	1	5085759	5085767	76	5	30	pips_l400_r40_500-8000.hdf5	left	right
509.6426	1	Stimulus/S  1	1	5096426	5096434	77	0	20	pips_l400_r40_500-8000.hdf5	left	right
510.7093	1	Stimulus/S  1	1	5107093	5107101	77	1	40	pips_l400_r40_500-8000.hdf5	left	right
511.7546	1	Stimulus/S  1	1	5117546	5117554	77	2	60	pips_l400_r40_500-8000.hdf5	left	right
512.8106	1	Stimulus/S  1	1	5128106	5128114	77	3	70	pips_l400_r40_500-8000.hdf5	left	right
513.8773	1	Stimulus/S  1	1	5138773	5138781	77	4	50	pips_l400_r40_500-8000.hdf5	left	right
514.9226	1	Stimulus/S  1	1	5149226	5149234	77	5	30	pips_l400_r40_500-8000.hdf5	left	right
515.9786	1	Stimulus/S  1	1	5159786	5159794	78	0	20	pips_l400_r40_500-8000.hdf5	left	right
517.024	1	Stimulus/S  1	1	5170240	5170248	78	1	40	pips_l400_r40_500-8000.hdf5	left	right
518.0907	1	Stimulus/S  1	1	5180907	5180915	78	2	60	pips_l400_r40_500-8000.hdf5	left	right
519.1573	1	Stimulus/S  1	1	5191573	5191581	78	3	70	pips_l400_r40_500-8000.hdf5	left	right
520.224	1	Stimulus/S  1	1	5202240	5202248	78	4	50	pips_l400_r40_500-8000.hdf5	left	right
521.2907	1	Stimulus/S  1	1	5212907	5212915	78	5	30	pips_l400_r40_500-8000.hdf5	left	right
522.3574	1	Stimulus/S  1	1	5223574	5223582	79	0	20	pips_l400_r40_500-8000.hdf5	left	right
523.4134	1	Stimulus/S  1	1	5234134	5234142	79	1	40	pips_l400_r40_500-8000.hdf5	left	right
524.4587	1	Stimulus/S  1	1	5244587	5244595	79	2	60	pips_l400_r40_500-8000.hdf5	left	right
525.5147	1	Stimulus/S  1	1	5255147	5255155	79	3	70	pips_l400_r40_500-8000.hdf5	left	right
526.5814	1	Stimulus/S  1	1	5265814	5265822	79	4	50	pips_l400_r40_500-8000.hdf5	left	right
527.6268	1	Stimulus/S  1	1	5276268	5276276	79	5	30	pips_l400_r40_500-8000.hdf5	left	right
528.6721	1	Stimulus/S  1	1	5286721	5286729	80	0	20	pips_l400_r40_500-8000.hdf5	left	right
529.7388	1	Stimulus/S  1	1	5297388	5297396	80	1	40	pips_l400_r40_500-8000.hdf5	left	right
530.8055	1	Stimulus/S  1	1	5308055	5308063	80	2	60	pips_l400_r40_500-8000.hdf5	left	right
531.8721	1	Stimulus/S  1	1	5318721	5318729	80	3	70	pips_l400_r40_500-8000.hdf5	left	right
532.9281	1	Stimulus/S  1	1	5329281	5329289	80	4	50	pips_l400_r40_500-8000.hdf5	left	right
533.9735	1	Stimulus/S  1	1	5339735	5339743	80	5	30	pips_l400_r40_500-8000.hdf5	left	right
535.0295	1	Stimulus/S  1	1	5350295	5350303	81	0	20	pips_l400_r40_500-8000.hdf5	left	right
536.0962	1	Stimulus/S  1	1	5360962	5360970	81	1	40	pips_l400_r40_500-8000.hdf5	left	right
537.1629	1	Stimulus/S  1	1	5371629	5371637	81	2	60	pips_l400_r40_500-8000.hdf5	left	right
538.2082	1	Stimulus/S  1	1	5382082	5382090	81	3	70	pips_l400_r40_500-8000.hdf5	left	right
539.2642	1	Stimulus/S  1	1	5392642	5392650	81	4	50	pips_l400_r40_500-8000.hdf5	left	right
540.3096	1	Stimulus/S  1	1	5403096	5403104	81	5	30	pips_l400_r40_500-8000.hdf5	left	right
541.3656	1	Stimulus/S  1	1	5413656	5413664	82	0	20	pips_l400_r40_500-8000.hdf5	left	right
542.4322	1	Stimulus/S  1	1	5424322	5424330	82	1	40	pips_l400_r40_500-8000.hdf5	left	right
543.4989	1	Stimulus/S  1	1	5434989	5434997	82	2	60	pips_l400_r40_500-8000.hdf5	left	right
544.5443	1	Stimulus/S  1	1	5445443	5445451	82	3	70	pips_l400_r40_500-8000.hdf5	left	right
545.5896	1	Stimulus/S  1	1	5455896	5455904	82	4	50	pips_l400_r40_500-8000.hdf5	left	right
546.6456	1	Stimulus/S  1	1	5466456	5466464	82	5	30	pips_l400_r40_500-8000.hdf5	left	right
547.691	1	Stimulus/S  1	1	5476910	5476918	83	0	20	pips_l400_r40_500-8000.hdf5	left	right
548.7576	1	Stimulus/S  1	1	5487576	5487584	83	1	40	pips_l400_r40_500-8000.hdf5	left	right
549.8136	1	Stimulus/S  1	1	5498136	5498144	83	2	60	pips_l400_r40_500-8000.hdf5	left	right
550.859	1	Stimulus/S  1	1	5508590	5508598	83	3	70	pips_l400_r40_500-8000.hdf5	left	right
551.915	1	Stimulus/S  1	1	5519150	5519158	83	4	50	pips_l400_r40_500-8000.hdf5	left	right
552.9603	1	Stimulus/S  1	1	5529603	5529611	83	5	30	pips_l400_r40_500-8000.hdf5	left	right
554.027	1	Stimulus/S  1	1	5540270	5540278	84	0	20	pips_l400_r40_500-8000.hdf5	left	right
555.0937	1	Stimulus/S  1	1	5550937	5550945	84	1	40	pips_l400_r40_500-8000.hdf5	left	right
556.1497	1	Stimulus/S  1	1	5561497	5561505	84	2	60	pips_l400_r40_500-8000.hdf5	left	right
557.1951	1	Stimulus/S  1	1	5571951	5571959	84	3	70	pips_l400_r40_500-8000.hdf5	left	right
558.2404	1	Stimulus/S  1	1	5582404	5582412	84	4	50	pips_l400_r40_500-8000.hdf5	left	right
559.3071	1	Stimulus/S  1	1	5593071	5593079	84	5	30	pips_l400_r40_500-8000.hdf5	left	right
560.3737	1	Stimulus/S  1	1	5603737	5603745	85	0	20	pips_l400_r40_500-8000.hdf5	left	right
561.4404	1	Stimulus/S  1	1	5614404	5614412	85	1	40	pips_l400_r40_500-8000.hdf5	left	right
562.4964	1	Stimulus/S  1	1	5624964	5624972	85	2	60	pips_l400_r40_500-8000.hdf5	left	right
563.5418	1	Stimulus/S  1	1	5635418	5635426	85	3	70	pips_l400_r40_500-8000.hdf5	left	right
564.6085	1	Stimulus/S  1	1	5646085	5646093	85	4	50	pips_l400_r40_500-8000.hdf5	left	right
565.6751	1	Stimulus/S  1	1	5656751	5656759	85	5	30	pips_l400_r40_500-8000.hdf5	left	right
566.7311	1	Stimulus/S  1	1	5667311	5667319	86	0	20	pips_l400_r40_500-8000.hdf5	left	right
567.7978	1	Stimulus/S  1	1	5677978	5677986	86	1	40	pips_l400_r40_500-8000.hdf5	left	right
568.8645	1	Stimulus/S  1	1	5688645	5688653	86	2	60	pips_l400_r40_500-8000.hdf5	left	right
569.9312	1	Stimulus/S  1	1	5699312	5699320	86	3	70	pips_l400_r40_500-8000.hdf5	left	right
570.9765	1	Stimulus/S  1	1	5709765	5709773	86	4	50	pips_l400_r40_500-8000.hdf5	left	right
572.0325	1	Stimulus/S  1	1	5720325	5720333	86	5	30	pips_l400_r40_500-8000.hdf5	left	right
573.0992	1	Stimulus/S  1	1	5730992	5731000	87	0	20	pips_l400_r40_500-8000.hdf5	left	right
574.1445	1	Stimulus/S  1	1	5741445	5741453	87	1	40	pips_l400_r40_500-8000.hdf5	left	right
575.1899	1	Stimulus/S  1	1	5751899	5751907	87	2	60	pips_l400_r40_500-8000.hdf5	left	right
576.2566	1	Stimulus/S  1	1	5762566	5762574	87	3	70	pips_l400_r40_500-8000.hdf5	left	right
577.3126	1	Stimulus/S  1	1	5773126	5773134	87	4	50	pips_l400_r40_500-8000.hdf5	left	right
578.3579	1	Stimulus/S  1	1	5783579	5783587	87	5	30	pips_l400_r40_500-8000.hdf5	left	right
579.4246	1	Stimulus/S  1	1	5794246	5794254	88	0	20	pips_l400_r40_500-8000.hdf5	left	right
580.4913	1	Stimulus/S  1	1	5804913	5804921	88	1	40	pips_l400_r40_500-8000.hdf5	left	right
581.5473	1	Stimulus/S  1	1	5815473	5815481	88	2	60	pips_l400_r40_500-8000.hdf5	left	right
582.5926	1	Stimulus/S  1	1	5825926	5825934	88	3	70	pips_l400_r40_500-8000.hdf5	left	right
583.6593	1	Stimulus/S  1	1	5836593	5836601	88	4	50	pips_l400_r40_500-8000.hdf5	left	right
584.7153	1	Stimulus/S  1	1	5847153	5847161	88	5	30	pips_l400_r40_500-8000.hdf5	left	right
585.7607	1	Stimulus/S  1	1	5857607	5857615	89	0	20	pips_l400_r40_500-8000.hdf5	left	right
586.8273	1	Stimulus/S  1	1	5868273	5868281	89	1	40	pips_l400_r40_500-8000.hdf5	left	right
587.8833	1	Stimulus/S  1	1	5878833	5878841	89	2	60	pips_l400_r40_500-8000.hdf5	left	right
588.9287	1	Stimulus/S  1	1	5889287	5889295	89	3	70	pips_l400_r40_500-8000.hdf5	left	right
589.974	1	Stimulus/S  1	1	5899740	5899748	89	4	50	pips_l400_r40_500-8000.hdf5	left	right
591.03	1	Stimulus/S  1	1	5910300	5910308	89	5	30	pips_l400_r40_500-8000.hdf5	left	right
592.0967	1	Stimulus/S  1	1	5920967	5920975	90	0	20	pips_l400_r40_500-8000.hdf5	left	right
593.1634	1	Stimulus/S  1	1	5931634	5931642	90	1	40	pips_l400_r40_500-8000.hdf5	left	right
594.2301	1	Stimulus/S  1	1	5942301	5942309	90	2	60	pips_l400_r40_500-8000.hdf5	left	right
595.2968	1	Stimulus/S  1	1	5952968	5952976	90	3	70	pips_l400_r40_500-8000.hdf5	left	right
596.3421	1	Stimulus/S  1	1	5963421	5963429	90	4	50	pips_l400_r40_500-8000.hdf5	left	right
597.3981	1	Stimulus/S  1	1	5973981	5973989	90	5	30	pips_l400_r40_500-8000.hdf5	left	right
598.4648	1	Stimulus/S  1	1	5984648	5984656	91	0	20	pips_l400_r40_500-8000.hdf5	left	right
599.5315	1	Stimulus/S  1	1	5995315	5995323	91	1	40	pips_l400_r40_500-8000.hdf5	left	right
600.5981	1	Stimulus/S  1	1	6005981	6005989	91	2	60	pips_l400_r40_500-8000.hdf5	left	right
601.6648	1	Stimulus/S  1	1	6016648	6016656	91	3	70	pips_l400_r40_500-8000.hdf5	left	right
602.7315	1	Stimulus/S  1	1	6027315	6027323	91	4	50	pips_l400_r40_500-8000.hdf5	left	right
603.7768	1	Stimulus/S  1	1	6037768	6037776	91	5	30	pips_l400_r40_500-8000.hdf5	left	right
604.8328	1	Stimulus/S  1	1	6048328	6048336	92	0	20	pips_l400_r40_500-8000.hdf5	left	right
605.8995	1	Stimulus/S  1	1	6058995	6059003	92	1	40	pips_l400_r40_500-8000.hdf5	left	right
606.9449	1	Stimulus/S  1	1	6069449	6069457	92	2	60	pips_l400_r40_500-8000.hdf5	left	right
607.9902	1	Stimulus/S  1	1	6079902	6079910	92	3	70	pips_l400_r40_500-8000.hdf5	left	right
609.0462	1	Stimulus/S  1	1	6090462	6090470	92	4	50	pips_l400_r40_500-8000.hdf5	left	right
610.0916	1	Stimulus/S  1	1	6100916	6100924	92	5	30	pips_l400_r40_500-8000.hdf5	left	right
611.1582	1	Stimulus/S  1	1	6111582	6111590	93	0	20	pips_l400_r40_500-8000.hdf5	left	right
612.2249	1	Stimulus/S  1	1	6122249	6122257	93	1	40	pips_l400_r40_500-8000.hdf5	left	right
613.2809	1	Stimulus/S  1	1	6132809	6132817	93	2	60	pips_l400_r40_500-8000.hdf5	left	right
614.3263	1	Stimulus/S  1	1	6143263	6143271	93	3	70	pips_l400_r40_500-8000.hdf5	left	right
615.3823	1	Stimulus/S  1	1	6153823	6153831	93	4	50	pips_l400_r40_500-8000.hdf5	left	right
616.449	1	Stimulus/S  1	1	6164490	6164498	93	5	30	pips_l400_r40_500-8000.hdf5	left	right
617.5156	1	Stimulus/S  1	1	6175156	6175164	94	0	20	pips_l400_r40_500-8000.hdf5	left	right
618.5823	1	Stimulus/S  1	1	6185823	6185831	94	1	40	pips_l400_r40_500-8000.hdf5	left	right
619.649	1	Stimulus/S  1	1	6196490	6196498	94	2	60	pips_l400_r40_500-8000.hdf5	left	right
620.7157	1	Stimulus/S  1	1	6207157	6207165	94	3	70	pips_l400_r40_500-8000.hdf5	left	right
621.7823	1	Stimulus/S  1	1	6217823	6217831	94	4	50	pips_l400_r40_500-8000.hdf5	left	right
622.8277	1	Stimulus/S  1	1	6228277	6228285	94	5	30	pips_l400_r40_500-8000.hdf5	left	right
623.8837	1	Stimulus/S  1	1	6238837	6238845	95	0	20	pips_l400_r40_500-8000.hdf5	left	right
624.929	1	Stimulus/S  1	1	6249290	6249298	95	1	40	pips_l400_r40_500-8000.hdf5	left	right
625.9957	1	Stimulus/S  1	1	6259957	6259965	95	2	60	pips_l400_r40_500-8000.hdf5	left	right
627.0624	1	Stimulus/S  1	1	6270624	6270632	95	3	70	pips_l400_r40_500-8000.hdf5	left	right
628.1291	1	Stimulus/S  1	1	6281291	6281299	95	4	50	pips_l400_r40_500-8000.hdf5	left	right
629.1958	1	Stimulus/S  1	1	6291958	6291966	95	5	30	pips_l400_r40_500-8000.hdf5	left	right
630.2411	1	Stimulus/S  1	1	6302411	6302419	96	0	20	pips_l400_r40_500-8000.hdf5	left	right
631.2971	1	Stimulus/S  1	1	6312971	6312979	96	1	40	pips_l400_r40_500-8000.hdf5	left	right
632.3638	1	Stimulus/S  1	1	6323638	6323646	96	2	60	pips_l400_r40_500-8000.hdf5	left	right
633.4305	1	Stimulus/S  1	1	6334305	6334313	96	3	70	pips_l400_r40_500-8000.hdf5	left	right
634.4971	1	Stimulus/S  1	1	6344971	6344979	96	4	50	pips_l400_r40_500-8000.hdf5	left	right
635.5638	1	Stimulus/S  1	1	6355638	6355646	96	5	30	pips_l400_r40_500-8000.hdf5	left	right
636.6092	1	Stimulus/S  1	1	6366092	6366100	97	0	20	pips_l400_r40_500-8000.hdf5	left	right
637.6652	1	Stimulus/S  1	1	6376652	6376660	97	1	40	pips_l400_r40_500-8000.hdf5	left	right
638.7105	1	Stimulus/S  1	1	6387105	6387113	97	2	60	pips_l400_r40_500-8000.hdf5	left	right
639.7772	1	Stimulus/S  1	1	6397772	6397780	97	3	70	pips_l400_r40_500-8000.hdf5	left	right
640.8332	1	Stimulus/S  1	1	6408332	6408340	97	4	50	pips_l400_r40_500-8000.hdf5	left	right
641.8999	1	Stimulus/S  1	1	6418999	6419007	97	5	30	pips_l400_r40_500-8000.hdf5	left	right
642.9452	1	Stimulus/S  1	1	6429452	6429460	98	0	20	pips_l400_r40_500-8000.hdf5	left	right
643.9906	1	Stimulus/S  1	1	6439906	6439914	98	1	40	pips_l400_r40_500-8000.hdf5	left	right
645.0466	1	Stimulus/S  1	1	6450466	6450474	98	2	60	pips_l400_r40_500-8000.hdf5	left	right
646.1133	1	Stimulus/S  1	1	6461133	6461141	98	3	70	pips_l400_r40_500-8000.hdf5	left	right
647.1586	1	Stimulus/S  1	1	6471586	6471594	98	4	50	pips_l400_r40_500-8000.hdf5	left	right
648.2146	1	Stimulus/S  1	1	6482146	6482154	98	5	30	pips_l400_r40_500-8000.hdf5	left	right
649.2599	1	Stimulus/S  1	1	6492599	6492607	99	0	20	pips_l400_r40_500-8000.hdf5	left	right
650.316	1	Stimulus/S  1	1	6503160	6503168	99	1	40	pips_l400_r40_500-8000.hdf5	left	right
651.3613	1	Stimulus/S  1	1	6513613	6513621	99	2	60	pips_l400_r40_500-8000.hdf5	left	right
652.428	1	Stimulus/S  1	1	6524280	6524288	99	3	70	pips_l400_r40_500-8000.hdf5	left	right
653.4947	1	Stimulus/S  1	1	6534947	6534955	99	4	50	pips_l400_r40_500-8000.hdf5	left	right
654.5507	1	Stimulus/S  1	1	6545507	6545515	99	5	30	pips_l400_r40_500-8000.hdf5	left	right
655.596	1	Stimulus/S  1	1	6555960	6555968	100	0	20	pips_l400_r40_500-8000.hdf5	left	right
656.6627	1	Stimulus/S  1	1	6566627	6566635	100	1	40	pips_l400_r40_500-8000.hdf5	left	right
657.7294	1	Stimulus/S  1	1	6577294	6577302	100	2	60	pips_l400_r40_500-8000.hdf5	left	right
658.7854	1	Stimulus/S  1	1	6587854	6587862	100	3	70	pips_l400_r40_500-8000.hdf5	left	right
659.8307	1	Stimulus/S  1	1	6598307	6598315	100	4	50	pips_l400_r40_500-8000.hdf5	left	right
660.8761	1	Stimulus/S  1	1	6608761	6608769	100	5	30	pips_l400_r40_500-8000.hdf5	left	right
661.9321	1	Stimulus/S  1	1	6619321	6619329	101	0	20	pips_l400_r40_500-8000.hdf5	left	right
663.0094	1	Stimulus/S  1	1	6630094	6630102	101	1	40	pips_l400_r40_500-8000.hdf5	left	right
664.0761	1	Stimulus/S  1	1	6640761	6640769	101	2	60	pips_l400_r40_500-8000.hdf5	left	right
665.1321	1	Stimulus/S  1	1	6651321	6651329	101	3	70	pips_l400_r40_500-8000.hdf5	left	right
666.1774	1	Stimulus/S  1	1	6661774	6661782	101	4	50	pips_l400_r40_500-8000.hdf5	left	right
667.2441	1	Stimulus/S  1	1	6672441	6672449	101	5	30	pips_l400_r40_500-8000.hdf5	left	right
668.3108	1	Stimulus/S  1	1	6683108	6683116	102	0	20	pips_l400_r40_500-8000.hdf5	left	right
669.3668	1	Stimulus/S  1	1	6693668	6693676	102	1	40	pips_l400_r40_500-8000.hdf5	left	right
670.4122	1	Stimulus/S  1	1	6704122	6704130	102	2	60	pips_l400_r40_500-8000.hdf5	left	right
671.4788	1	Stimulus/S  1	1	6714788	6714796	102	3	70	pips_l400_r40_500-8000.hdf5	left	right
672.5242	1	Stimulus/S  1	1	6725242	6725250	102	4	50	pips_l400_r40_500-8000.hdf5	left	right
673.5909	1	Stimulus/S  1	1	6735909	6735917	102	5	30	pips_l400_r40_500-8000.hdf5	left	right
674.6682	1	Stimulus/S  1	1	6746682	6746690	103	0	20	pips_l400_r40_500-8000.hdf5	left	right
675.7135	1	Stimulus/S  1	1	6757135	6757143	103	1	40	pips_l400_r40_500-8000.hdf5	left	right
676.7589	1	Stimulus/S  1	1	6767589	6767597	103	2	60	pips_l400_r40_500-8000.hdf5	left	right
677.8256	1	Stimulus/S  1	1	6778256	6778264	103	3	70	pips_l400_r40_500-8000.hdf5	left	right
678.8922	1	Stimulus/S  1	1	6788922	6788930	103	4	50	pips_l400_r40_500-8000.hdf5	left	right
679.9589	1	Stimulus/S  1	1	6799589	6799597	103	5	30	pips_l400_r40_500-8000.hdf5	left	right
681.0149	1	Stimulus/S  1	1	6810149	6810157	104	0	20	pips_l400_r40_500-8000.hdf5	left	right
682.0603	1	Stimulus/S  1	1	6820603	6820611	104	1	40	pips_l400_r40_500-8000.hdf5	left	right
683.1163	1	Stimulus/S  1	1	6831163	6831171	104	2	60	pips_l400_r40_500-8000.hdf5	left	right
684.1616	1	Stimulus/S  1	1	6841616	6841624	104	3	70	pips_l400_r40_500-8000.hdf5	left	right
685.2176	1	Stimulus/S  1	1	6852176	6852184	104	4	50	pips_l400_r40_500-8000.hdf5	left	right
686.263	1	Stimulus/S  1	1	6862630	6862638	104	5	30	pips_l400_r40_500-8000.hdf5	left	right
687.3297	1	Stimulus/S  1	1	6873297	6873305	105	0	20	pips_l400_r40_500-8000.hdf5	left	right
688.375	1	Stimulus/S  1	1	6883750	6883758	105	1	40	pips_l400_r40_500-8000.hdf5	left	right
689.4417	1	Stimulus/S  1	1	6894417	6894425	105	2	60	pips_l400_r40_500-8000.hdf5	left	right
690.5084	1	Stimulus/S  1	1	6905084	6905092	105	3	70	pips_l400_r40_500-8000.hdf5	left	right
691.575	1	Stimulus/S  1	1	6915750	6915758	105	4	50	pips_l400_r40_500-8000.hdf5	left	right
692.631	1	Stimulus/S  1	1	6926310	6926318	105	5	30	pips_l400_r40_500-8000.hdf5	left	right
693.6764	1	Stimulus/S  1	1	6936764	6936772	106	0	20	pips_l400_r40_500-8000.hdf5	left	right
694.7324	1	Stimulus/S  1	1	6947324	6947332	106	1	40	pips_l400_r40_500-8000.hdf5	left	right
695.7777	1	Stimulus/S  1	1	6957777	6957785	106	2	60	pips_l400_r40_500-8000.hdf5	left	right
696.8337	1	Stimulus/S  1	1	6968337	6968345	106	3	70	pips_l400_r40_500-8000.hdf5	left	right
697.9004	1	Stimulus/S  1	1	6979004	6979012	106	4	50	pips_l400_r40_500-8000.hdf5	left	right
698.9671	1	Stimulus/S  1	1	6989671	6989679	106	5	30	pips_l400_r40_500-8000.hdf5	left	right
700.0124	1	Stimulus/S  1	1	7000124	7000132	107	0	20	pips_l400_r40_500-8000.hdf5	left	right
701.0578	1	Stimulus/S  1	1	7010578	7010586	107	1	40	pips_l400_r40_500-8000.hdf5	left	right
702.1138	1	Stimulus/S  1	1	7021138	7021146	107	2	60	pips_l400_r40_500-8000.hdf5	left	right
703.1591	1	Stimulus/S  1	1	7031591	7031599	107	3	70	pips_l400_r40_500-8000.hdf5	left	right
704.2258	1	Stimulus/S  1	1	7042258	7042266	107	4	50	pips_l400_r40_500-8000.hdf5	left	right
705.2818	1	Stimulus/S  1	1	7052818	7052826	107	5	30	pips_l400_r40_500-8000.hdf5	left	right
706.3272	1	Stimulus/S  1	1	7063272	7063280	108	0	20	pips_l400_r40_500-8000.hdf5	left	right
707.3938	1	Stimulus/S  1	1	7073938	7073946	108	1	40	pips_l400_r40_500-8000.hdf5	left	right
708.4605	1	Stimulus/S  1	1	7084605	7084613	108	2	60	pips_l400_r40_500-8000.hdf5	left	right
709.5272	1	Stimulus/S  1	1	7095272	7095280	108	3	70	pips_l400_r40_500-8000.hdf5	left	right
710.5939	1	Stimulus/S  1	1	7105939	7105947	108	4	50	pips_l400_r40_500-8000.hdf5	left	right
711.6499	1	Stimulus/S  1	1	7116499	7116507	108	5	30	pips_l400_r40_500-8000.hdf5	left	right
712.6952	1	Stimulus/S  1	1	7126952	7126960	109	0	20	pips_l400_r40_500-8000.hdf5	left	right
713.7619	1	Stimulus/S  1	1	7137619	7137627	109	1	40	pips_l400_r40_500-8000.hdf5	left	right
714.8286	1	Stimulus/S  1	1	7148286	7148294	109	2	60	pips_l400_r40_500-8000.hdf5	left	right
715.8846	1	Stimulus/S  1	1	7158846	7158854	109	3	70	pips_l400_r40_500-8000.hdf5	left	right
716.9299	1	Stimulus/S  1	1	7169299	7169307	109	4	50	pips_l400_r40_500-8000.hdf5	left	right
717.9966	1	Stimulus/S  1	1	7179966	7179974	109	5	30	pips_l400_r40_500-8000.hdf5	left	right
719.042	1	Stimulus/S  1	1	7190420	7190428	110	0	20	pips_l400_r40_500-8000.hdf5	left	right
720.098	1	Stimulus/S  1	1	7200980	7200988	110	1	40	pips_l400_r40_500-8000.hdf5	left	right
721.1433	1	Stimulus/S  1	1	7211433	7211441	110	2	60	pips_l400_r40_500-8000.hdf5	left	right
722.21	1	Stimulus/S  1	1	7222100	7222108	110	3	70	pips_l400_r40_500-8000.hdf5	left	right
723.2767	1	Stimulus/S  1	1	7232767	7232775	110	4	50	pips_l400_r40_500-8000.hdf5	left	right
724.3327	1	Stimulus/S  1	1	7243327	7243335	110	5	30	pips_l400_r40_500-8000.hdf5	left	right
725.3994	1	Stimulus/S  1	1	7253994	7254002	111	0	20	pips_l400_r40_500-8000.hdf5	left	right
726.466	1	Stimulus/S  1	1	7264660	7264668	111	1	40	pips_l400_r40_500-8000.hdf5	left	right
727.5327	1	Stimulus/S  1	1	7275327	7275335	111	2	60	pips_l400_r40_500-8000.hdf5	left	right
728.5781	1	Stimulus/S  1	1	7285781	7285789	111	3	70	pips_l400_r40_500-8000.hdf5	left	right
729.6341	1	Stimulus/S  1	1	7296341	7296349	111	4	50	pips_l400_r40_500-8000.hdf5	left	right
730.7007	1	Stimulus/S  1	1	7307007	7307015	111	5	30	pips_l400_r40_500-8000.hdf5	left	right
731.7461	1	Stimulus/S  1	1	7317461	7317469	112	0	20	pips_l400_r40_500-8000.hdf5	left	right
732.8021	1	Stimulus/S  1	1	7328021	7328029	112	1	40	pips_l400_r40_500-8000.hdf5	left	right
733.8688	1	Stimulus/S  1	1	7338688	7338696	112	2	60	pips_l400_r40_500-8000.hdf5	left	right
734.9141	1	Stimulus/S  1	1	7349141	7349149	112	3	70	pips_l400_r40_500-8000.hdf5	left	right
735.9595	1	Stimulus/S  1	1	7359595	7359603	112	4	50	pips_l400_r40_500-8000.hdf5	left	right
737.0155	1	Stimulus/S  1	1	7370155	7370163	112	5	30	pips_l400_r40_500-8000.hdf5	left	right
738.0821	1	Stimulus/S  1	1	7380821	7380829	113	0	20	pips_l400_r40_500-8000.hdf5	left	right
739.1488	1	Stimulus/S  1	1	7391488	7391496	113	1	40	pips_l400_r40_500-8000.hdf5	left	right
740.1942	1	Stimulus/S  1	1	7401942	7401950	113	2	60	pips_l400_r40_500-8000.hdf5	left	right
741.2502	1	Stimulus/S  1	1	7412502	7412510	113	3	70	pips_l400_r40_500-8000.hdf5	left	right
742.3169	1	Stimulus/S  1	1	7423169	7423177	113	4	50	pips_l400_r40_500-8000.hdf5	left	right
743.3622	1	Stimulus/S  1	1	7433622	7433630	113	5	30	pips_l400_r40_500-8000.hdf5	left	right
744.4182	1	Stimulus/S  1	1	7444182	7444190	114	0	20	pips_l400_r40_500-8000.hdf5	left	right
745.4849	1	Stimulus/S  1	1	7454849	7454857	114	1	40	pips_l400_r40_500-8000.hdf5	left	right
746.5302	1	Stimulus/S  1	1	7465302	7465310	114	2	60	pips_l400_r40_500-8000.hdf5	left	right
747.5756	1	Stimulus/S  1	1	7475756	7475764	114	3	70	pips_l400_r40_500-8000.hdf5	left	right
748.6423	1	Stimulus/S  1	1	7486423	7486431	114	4	50	pips_l400_r40_500-8000.hdf5	left	right
749.6983	1	Stimulus/S  1	1	7496983	7496991	114	5	30	pips_l400_r40_500-8000.hdf5	left	right
750.7649	1	Stimulus/S  1	1	7507649	7507657	115	0	20	pips_l400_r40_500-8000.hdf5	left	right
751.8103	1	Stimulus/S  1	1	7518103	7518111	115	1	40	pips_l400_r40_500-8000.hdf5	left	right
752.8663	1	Stimulus/S  1	1	7528663	7528671	115	2	60	pips_l400_r40_500-8000.hdf5	left	right
753.933	1	Stimulus/S  1	1	7539330	7539338	115	3	70	pips_l400_r40_500-8000.hdf5	left	right
754.9783	1	Stimulus/S  1	1	7549783	7549791	115	4	50	pips_l400_r40_500-8000.hdf5	left	right
756.0343	1	Stimulus/S  1	1	7560343	7560351	115	5	30	pips_l400_r40_500-8000.hdf5	left	right
757.0797	1	Stimulus/S  1	1	7570797	7570805	116	0	20	pips_l400_r40_500-8000.hdf5	left	right
758.1357	1	Stimulus/S  1	1	7581357	7581365	116	1	40	pips_l400_r40_500-8000.hdf5	left	right
759.181	1	Stimulus/S  1	1	7591810	7591818	116	2	60	pips_l400_r40_500-8000.hdf5	left	right
760.2477	1	Stimulus/S  1	1	7602477	7602485	116	3	70	pips_l400_r40_500-8000.hdf5	left	right
761.3144	1	Stimulus/S  1	1	7613144	7613152	116	4	50	pips_l400_r40_500-8000.hdf5	left	right
762.3811	1	Stimulus/S  1	1	7623811	7623819	116	5	30	pips_l400_r40_500-8000.hdf5	left	right
763.4264	1	Stimulus/S  1	1	7634264	7634272	117	0	20	pips_l400_r40_500-8000.hdf5	left	right
764.4931	1	Stimulus/S  1	1	7644931	7644939	117	1	40	pips_l400_r40_500-8000.hdf5	left	right
765.5597	1	Stimulus/S  1	1	7655597	7655605	117	2	60	pips_l400_r40_500-8000.hdf5	left	right
766.6158	1	Stimulus/S  1	1	7666158	7666166	117	3	70	pips_l400_r40_500-8000.hdf5	left	right
767.6611	1	Stimulus/S  1	1	7676611	7676619	117	4	50	pips_l400_r40_500-8000.hdf5	left	right
768.7278	1	Stimulus/S  1	1	7687278	7687286	117	5	30	pips_l400_r40_500-8000.hdf5	left	right
769.7838	1	Stimulus/S  1	1	7697838	7697846	118	0	20	pips_l400_r40_500-8000.hdf5	left	right
770.8291	1	Stimulus/S  1	1	7708291	7708299	118	1	40	pips_l400_r40_500-8000.hdf5	left	right
771.8958	1	Stimulus/S  1	1	7718958	7718966	118	2	60	pips_l400_r40_500-8000.hdf5	left	right
772.9518	1	Stimulus/S  1	1	7729518	7729526	118	3	70	pips_l400_r40_500-8000.hdf5	left	right
773.9972	1	Stimulus/S  1	1	7739972	7739980	118	4	50	pips_l400_r40_500-8000.hdf5	left	right
775.0425	1	Stimulus/S  1	1	7750425	7750433	118	5	30	pips_l400_r40_500-8000.hdf5	left	right
776.1199	1	Stimulus/S  1	1	7761199	7761207	119	0	20	pips_l400_r40_500-8000.hdf5	left	right
777.1759	1	Stimulus/S  1	1	7771759	7771767	119	1	40	pips_l400_r40_500-8000.hdf5	left	right
778.2319	1	Stimulus/S  1	1	7782319	7782327	119	2	60	pips_l400_r40_500-8000.hdf5	left	right
779.2772	1	Stimulus/S  1	1	7792772	7792780	119	3	70	pips_l400_r40_500-8000.hdf5	left	right
780.3439	1	Stimulus/S  1	1	7803439	7803447	119	4	50	pips_l400_r40_500-8000.hdf5	left	right
781.3999	1	Stimulus/S  1	1	7813999	7814007	119	5	30	pips_l400_r40_500-8000.hdf5	left	right
782.4452	1	Stimulus/S  1	1	7824452	7824460	0	0	20	pips_l400_r40_500-8000.hdf5	left	right
783.5119	1	Stimulus/S  1	1	7835119	7835127	0	1	40	pips_l400_r40_500-8000.hdf5	left	right
784.5786	1	Stimulus/S  1	1	7845786	7845794	0	2	60	pips_l400_r40_500-8000.hdf5	left	right
785.6453	1	Stimulus/S  1	1	7856453	7856461	0	3	70	pips_l400_r40_500-8000.hdf5	left	right
786.712	1	Stimulus/S  1	1	7867120	7867128	0	4	50	pips_l400_r40_500-8000.hdf5	left	right
787.7786	1	Stimulus/S  1	1	7877786	7877794	0	5	30	pips_l400_r40_500-8000.hdf5	left	right
788.8346	1	Stimulus/S  1	1	7888346	7888354	1	0	20	pips_l400_r40_500-8000.hdf5	left	right
789.88	1	Stimulus/S  1	1	7898800	7898808	1	1	40	pips_l400_r40_500-8000.hdf5	left	right
790.936	1	Stimulus/S  1	1	7909360	7909368	1	2	60	pips_l400_r40_500-8000.hdf5	left	right
792.0027	1	Stimulus/S  1	1	7920027	7920035	1	3	70	pips_l400_r40_500-8000.hdf5	left	right
793.048	1	Stimulus/S  1	1	7930480	7930488	1	4	50	pips_l400_r40_500-8000.hdf5	left	right
794.0934	1	Stimulus/S  1	1	7940934	7940942	1	5	30	pips_l400_r40_500-8000.hdf5	left	right
795.1494	1	Stimulus/S  1	1	7951494	7951502	2	0	20	pips_l400_r40_500-8000.hdf5	left	right
796.1947	1	Stimulus/S  1	1	7961947	7961955	2	1	40	pips_l400_r40_500-8000.hdf5	left	right
797.2614	1	Stimulus/S  1	1	7972614	7972622	2	2	60	pips_l400_r40_500-8000.hdf5	left	right
798.3281	1	Stimulus/S  1	1	7983281	7983289	2	3	70	pips_l400_r40_500-8000.hdf5	left	right
799.3947	1	Stimulus/S  1	1	7993947	7993955	2	4	50	pips_l400_r40_500-8000.hdf5	left	right
800.4614	1	Stimulus/S  1	1	8004614	8004622	2	5	30	pips_l400_r40_500-8000.hdf5	left	right
801.5281	1	Stimulus/S  1	1	8015281	8015289	3	0	20	pips_l400_r40_500-8000.hdf5	left	right
802.5841	1	Stimulus/S  1	1	8025841	8025849	3	1	40	pips_l400_r40_500-8000.hdf5	left	right
803.6295	1	Stimulus/S  1	1	8036295	8036303	3	2	60	pips_l400_r40_500-8000.hdf5	left	right
804.6961	1	Stimulus/S  1	1	8046961	8046969	3	3	70	pips_l400_r40_500-8000.hdf5	left	right
805.7628	1	Stimulus/S  1	1	8057628	8057636	3	4	50	pips_l400_r40_500-8000.hdf5	left	right
806.8295	1	Stimulus/S  1	1	8068295	8068303	3	5	30	pips_l400_r40_500-8000.hdf5	left	right
807.8855	1	Stimulus/S  1	1	8078855	8078863	4	0	20	pips_l400_r40_500-8000.hdf5	left	right
808.9308	1	Stimulus/S  1	1	8089308	8089316	4	1	40	pips_l400_r40_500-8000.hdf5	left	right
809.9762	1	Stimulus/S  1	1	8099762	8099770	4	2	60	pips_l400_r40_500-8000.hdf5	left	right
811.0535	1	Stimulus/S  1	1	8110535	8110543	4	3	70	pips_l400_r40_500-8000.hdf5	left	right
812.1202	1	Stimulus/S  1	1	8121202	8121210	4	4	50	pips_l400_r40_500-8000.hdf5	left	right
813.1869	1	Stimulus/S  1	1	8131869	8131877	4	5	30	pips_l400_r40_500-8000.hdf5	left	right
814.2322	1	Stimulus/S  1	1	8142322	8142330	5	0	20	pips_l400_r40_500-8000.hdf5	left	right
815.2776	1	Stimulus/S  1	1	8152776	8152784	5	1	40	pips_l400_r40_500-8000.hdf5	left	right
816.3442	1	Stimulus/S  1	1	8163442	8163450	5	2	60	pips_l400_r40_500-8000.hdf5	left	right
817.4109	1	Stimulus/S  1	1	8174109	8174117	5	3	70	pips_l400_r40_500-8000.hdf5	left	right
818.4776	1	Stimulus/S  1	1	8184776	8184784	5	4	50	pips_l400_r40_500-8000.hdf5	left	right
819.5443	1	Stimulus/S  1	1	8195443	8195451	5	5	30	pips_l400_r40_500-8000.hdf5	left	right
820.6003	1	Stimulus/S  1	1	8206003	8206011	6	0	20	pips_l400_r40_500-8000.hdf5	left	right
821.6456	1	Stimulus/S  1	1	8216456	8216464	6	1	40	pips_l400_r40_500-8000.hdf5	left	right
822.7123	1	Stimulus/S  1	1	8227123	8227131	6	2	60	pips_l400_r40_500-8000.hdf5	left	right
823.779	1	Stimulus/S  1	1	8237790	8237798	6	3	70	pips_l400_r40_500-8000.hdf5	left	right
824.835	1	Stimulus/S  1	1	8248350	8248358	6	4	50	pips_l400_r40_500-8000.hdf5	left	right
825.8803	1	Stimulus/S  1	1	8258803	8258811	6	5	30	pips_l400_r40_500-8000.hdf5	left	right
826.947	1	Stimulus/S  1	1	8269470	8269478	7	0	20	pips_l400_r40_500-8000.hdf5	left	right
828.0137	1	Stimulus/S  1	1	8280137	8280145	7	1	40	pips_l400_r40_500-8000.hdf5	left	right
829.0697	1	Stimulus/S  1	1	8290697	8290705	7	2	60	pips_l400_r40_500-8000.hdf5	left	right
830.115	1	Stimulus/S  1	1	8301150	8301158	7	3	70	pips_l400_r40_500-8000.hdf5	left	right
831.1604	1	Stimulus/S  1	1	8311604	8311612	7	4	50	pips_l400_r40_500-8000.hdf5	left	right
832.2271	1	Stimulus/S  1	1	8322271	8322279	7	5	30	pips_l400_r40_500-8000.hdf5	left	right
833.2937	1	Stimulus/S  1	1	8332937	8332945	8	0	20	pips_l400_r40_500-8000.hdf5	left	right
834.3498	1	Stimulus/S  1	1	8343498	8343506	8	1	40	pips_l400_r40_500-8000.hdf5	left	right
835.3951	1	Stimulus/S  1	1	8353951	8353959	8	2	60	pips_l400_r40_500-8000.hdf5	left	right
836.4618	1	Stimulus/S  1	1	8364618	8364626	8	3	70	pips_l400_r40_500-8000.hdf5	left	right
837.5285	1	Stimulus/S  1	1	8375285	8375293	8	4	50	pips_l400_r40_500-8000.hdf5	left	right
838.5951	1	Stimulus/S  1	1	8385951	8385959	8	5	30	pips_l400_r40_500-8000.hdf5	left	right
839.6511	1	Stimulus/S  1	1	8396511	8396519	9	0	20	pips_l400_r40_500-8000.hdf5	left	right
840.7178	1	Stimulus/S  1	1	8407178	8407186	9	1	40	pips_l400_r40_500-8000.hdf5	left	right
841.7845	1	Stimulus/S  1	1	8417845	8417853	9	2	60	pips_l400_r40_500-8000.hdf5	left	right
842.8298	1	Stimulus/S  1	1	8428298	8428306	9	3	70	pips_l400_r40_500-8000.hdf5	left	right
843.8858	1	Stimulus/S  1	1	8438858	8438866	9	4	50	pips_l400_r40_500-8000.hdf5	left	right
844.9312	1	Stimulus/S  1	1	8449312	8449320	9	5	30	pips_l400_r40_500-8000.hdf5	left	right
845.9872	1	Stimulus/S  1	1	8459872	8459880	10	0	20	pips_l400_r40_500-8000.hdf5	left	right
847.0539	1	Stimulus/S  1	1	8470539	8470547	10	1	40	pips_l400_r40_500-8000.hdf5	left	right
848.0992	1	Stimulus/S  1	1	8480992	8481000	10	2	60	pips_l400_r40_500-8000.hdf5	left	right
849.1659	1	Stimulus/S  1	1	8491659	8491667	10	3	70	pips_l400_r40_500-8000.hdf5	left	right
850.2326	1	Stimulus/S  1	1	8502326	8502334	10	4	50	pips_l400_r40_500-8000.hdf5	left	right
851.2779	1	Stimulus/S  1	1	8512779	8512787	10	5	30	pips_l400_r40_500-8000.hdf5	left	right
852.3339	1	Stimulus/S  1	1	8523339	8523347	11	0	20	pips_l400_r40_500-8000.hdf5	left	right
853.4006	1	Stimulus/S  1	1	8534006	8534014	11	1	40	pips_l400_r40_500-8000.hdf5	left	right
854.4673	1	Stimulus/S  1	1	8544673	8544681	11	2	60	pips_l400_r40_500-8000.hdf5	left	right
855.534	1	Stimulus/S  1	1	8555340	8555348	11	3	70	pips_l400_r40_500-8000.hdf5	left	right
856.5793	1	Stimulus/S  1	1	8565793	8565801	11	4	50	pips_l400_r40_500-8000.hdf5	left	right
857.6353	1	Stimulus/S  1	1	8576353	8576361	11	5	30	pips_l400_r40_500-8000.hdf5	left	right
858.702	1	Stimulus/S  1	1	8587020	8587028	12	0	20	pips_l400_r40_500-8000.hdf5	left	right
859.7473	1	Stimulus/S  1	1	8597473	8597481	12	1	40	pips_l400_r40_500-8000.hdf5	left	right
860.8033	1	Stimulus/S  1	1	8608033	8608041	12	2	60	pips_l400_r40_500-8000.hdf5	left	right
861.87	1	Stimulus/S  1	1	8618700	8618708	12	3	70	pips_l400_r40_500-8000.hdf5	left	right
862.9154	1	Stimulus/S  1	1	8629154	8629162	12	4	50	pips_l400_r40_500-8000.hdf5	left	right
863.9607	1	Stimulus/S  1	1	8639607	8639615	12	5	30	pips_l400_r40_500-8000.hdf5	left	right
865.0167	1	Stimulus/S  1	1	8650167	8650175	13	0	20	pips_l400_r40_500-8000.hdf5	left	right
866.0834	1	Stimulus/S  1	1	8660834	8660842	13	1	40	pips_l400_r40_500-8000.hdf5	left	right
867.1501	1	Stimulus/S  1	1	8671501	8671509	13	2	60	pips_l400_r40_500-8000.hdf5	left	right
868.1954	1	Stimulus/S  1	1	8681954	8681962	13	3	70	pips_l400_r40_500-8000.hdf5	left	right
869.2514	1	Stimulus/S  1	1	8692514	8692522	13	4	50	pips_l400_r40_500-8000.hdf5	left	right
870.2968	1	Stimulus/S  1	1	8702968	8702976	13	5	30	pips_l400_r40_500-8000.hdf5	left	right
871.3528	1	Stimulus/S  1	1	8713528	8713536	14	0	20	pips_l400_r40_500-8000.hdf5	left	right
872.4195	1	Stimulus/S  1	1	8724195	8724203	14	1	40	pips_l400_r40_500-8000.hdf5	left	right
873.4648	1	Stimulus/S  1	1	8734648	8734656	14	2	60	pips_l400_r40_500-8000.hdf5	left	right
874.5208	1	Stimulus/S  1	1	8745208	8745216	14	3	70	pips_l400_r40_500-8000.hdf5	left	right
875.5662	1	Stimulus/S  1	1	8755662	8755670	14	4	50	pips_l400_r40_500-8000.hdf5	left	right
876.6328	1	Stimulus/S  1	1	8766328	8766336	14	5	30	pips_l400_r40_500-8000.hdf5	left	right
877.6995	1	Stimulus/S  1	1	8776995	8777003	15	0	20	pips_l400_r40_500-8000.hdf5	left	right
878.7449	1	Stimulus/S  1	1	8787449	8787457	15	1	40	pips_l400_r40_500-8000.hdf5	left	right
879.8009	1	Stimulus/S  1	1	8798009	8798017	15	2	60	pips_l400_r40_500-8000.hdf5	left	right
880.8675	1	Stimulus/S  1	1	8808675	8808683	15	3	70	pips_l400_r40_500-8000.hdf5	left	right
881.9342	1	Stimulus/S  1	1	8819342	8819350	15	4	50	pips_l400_r40_500-8000.hdf5	left	right
883.0009	1	Stimulus/S  1	1	8830009	8830017	15	5	30	pips_l400_r40_500-8000.hdf5	left	right
884.0462	1	Stimulus/S  1	1	8840462	8840470	16	0	20	pips_l400_r40_500-8000.hdf5	left	right
885.1022	1	Stimulus/S  1	1	8851022	8851030	16	1	40	pips_l400_r40_500-8000.hdf5	left	right
886.1689	1	Stimulus/S  1	1	8861689	8861697	16	2	60	pips_l400_r40_500-8000.hdf5	left	right
887.2143	1	Stimulus/S  1	1	8872143	8872151	16	3	70	pips_l400_r40_500-8000.hdf5	left	right
888.2703	1	Stimulus/S  1	1	8882703	8882711	16	4	50	pips_l400_r40_500-8000.hdf5	left	right
889.3156	1	Stimulus/S  1	1	8893156	8893164	16	5	30	pips_l400_r40_500-8000.hdf5	left	right
890.3823	1	Stimulus/S  1	1	8903823	8903831	17	0	20	pips_l400_r40_500-8000.hdf5	left	right
891.4276	1	Stimulus/S  1	1	8914276	8914284	17	1	40	pips_l400_r40_500-8000.hdf5	left	right
892.4837	1	Stimulus/S  1	1	8924837	8924845	17	2	60	pips_l400_r40_500-8000.hdf5	left	right
893.529	1	Stimulus/S  1	1	8935290	8935298	17	3	70	pips_l400_r40_500-8000.hdf5	left	right
894.5957	1	Stimulus/S  1	1	8945957	8945965	17	4	50	pips_l400_r40_500-8000.hdf5	left	right
895.6624	1	Stimulus/S  1	1	8956624	8956632	17	5	30	pips_l400_r40_500-8000.hdf5	left	right
896.7184	1	Stimulus/S  1	1	8967184	8967192	18	0	20	pips_l400_r40_500-8000.hdf5	left	right
897.7637	1	Stimulus/S  1	1	8977637	8977645	18	1	40	pips_l400_r40_500-8000.hdf5	left	right
898.8304	1	Stimulus/S  1	1	8988304	8988312	18	2	60	pips_l400_r40_500-8000.hdf5	left	right
899.8971	1	Stimulus/S  1	1	8998971	8998979	18	3	70	pips_l400_r40_500-8000.hdf5	left	right
900.9531	1	Stimulus/S  1	1	9009531	9009539	18	4	50	pips_l400_r40_500-8000.hdf5	left	right
901.9984	1	Stimulus/S  1	1	9019984	9019992	18	5	30	pips_l400_r40_500-8000.hdf5	left	right
903.0544	1	Stimulus/S  1	1	9030544	9030552	19	0	20	pips_l400_r40_500-8000.hdf5	left	right
904.1211	1	Stimulus/S  1	1	9041211	9041219	19	1	40	pips_l400_r40_500-8000.hdf5	left	right
905.1878	1	Stimulus/S  1	1	9051878	9051886	19	2	60	pips_l400_r40_500-8000.hdf5	left	right
906.2545	1	Stimulus/S  1	1	9062545	9062553	19	3	70	pips_l400_r40_500-8000.hdf5	left	right
907.3211	1	Stimulus/S  1	1	9073211	9073219	19	4	50	pips_l400_r40_500-8000.hdf5	left	right
908.3665	1	Stimulus/S  1	1	9083665	9083673	19	5	30	pips_l400_r40_500-8000.hdf5	left	right
909.4225	1	Stimulus/S  1	1	9094225	9094233	20	0	20	pips_l400_r40_500-8000.hdf5	left	right
910.4678	1	Stimulus/S  1	1	9104678	9104686	20	1	40	pips_l400_r40_500-8000.hdf5	left	right
911.5345	1	Stimulus/S  1	1	9115345	9115353	20	2	60	pips_l400_r40_500-8000.hdf5	left	right
912.6012	1	Stimulus/S  1	1	9126012	9126020	20	3	70	pips_l400_r40_500-8000.hdf5	left	right
913.6465	1	Stimulus/S  1	1	9136465	9136473	20	4	50	pips_l400_r40_500-8000.hdf5	left	right
914.7025	1	Stimulus/S  1	1	9147025	9147033	20	5	30	pips_l400_r40_500-8000.hdf5	left	right
915.7479	1	Stimulus/S  1	1	9157479	9157487	21	0	20	pips_l400_r40_500-8000.hdf5	left	right
916.8146	1	Stimulus/S  1	1	9168146	9168154	21	1	40	pips_l400_r40_500-8000.hdf5	left	right
917.8812	1	Stimulus/S  1	1	9178812	9178820	21	2	60	pips_l400_r40_500-8000.hdf5	left	right
918.9372	1	Stimulus/S  1	1	9189372	9189380	21	3	70	pips_l400_r40_500-8000.hdf5	left	right
919.9826	1	Stimulus/S  1	1	9199826	9199834	21	4	50	pips_l400_r40_500-8000.hdf5	left	right
921.0386	1	Stimulus/S  1	1	9210386	9210394	21	5	30	pips_l400_r40_500-8000.hdf5	left	right
922.1053	1	Stimulus/S  1	1	9221053	9221061	22	0	20	pips_l400_r40_500-8000.hdf5	left	right
923.172	1	Stimulus/S  1	1	9231720	9231728	22	1	40	pips_l400_r40_500-8000.hdf5	left	right
924.2173	1	Stimulus/S  1	1	9242173	9242181	22	2	60	pips_l400_r40_500-8000.hdf5	left	right
925.284	1	Stimulus/S  1	1	9252840	9252848	22	3	70	pips_l400_r40_500-8000.hdf5	left	right
926.3506	1	Stimulus/S  1	1	9263506	9263514	22	4	50	pips_l400_r40_500-8000.hdf5	left	right
927.396	1	Stimulus/S  1	1	9273960	9273968	22	5	30	pips_l400_r40_500-8000.hdf5	left	right
928.452	1	Stimulus/S  1	1	9284520	9284528	23	0	20	pips_l400_r40_500-8000.hdf5	left	right
929.5187	1	Stimulus/S  1	1	9295187	9295195	23	1	40	pips_l400_r40_500-8000.hdf5	left	right
930.564	1	Stimulus/S  1	1	9305640	9305648	23	2	60	pips_l400_r40_500-8000.hdf5	left	right
931.62	1	Stimulus/S  1	1	9316200	9316208	23	3	70	pips_l400_r40_500-8000.hdf5	left	right
932.6867	1	Stimulus/S  1	1	9326867	9326875	23	4	50	pips_l400_r40_500-8000.hdf5	left	right
933.7321	1	Stimulus/S  1	1	9337321	9337329	23	5	30	pips_l400_r40_500-8000.hdf5	left	right
934.7881	1	Stimulus/S  1	1	9347881	9347889	24	0	20	pips_l400_r40_500-8000.hdf5	left	right
935.8547	1	Stimulus/S  1	1	9358547	9358555	24	1	40	pips_l400_r40_500-8000.hdf5	left	right
936.9214	1	Stimulus/S  1	1	9369214	9369222	24	2	60	pips_l400_r40_500-8000.hdf5	left	right
937.9881	1	Stimulus/S  1	1	9379881	9379889	24	3	70	pips_l400_r40_500-8000.hdf5	left	right
939.0334	1	Stimulus/S  1	1	9390334	9390342	24	4	50	pips_l400_r40_500-8000.hdf5	left	right
940.0788	1	Stimulus/S  1	1	9400788	9400796	24	5	30	pips_l400_r40_500-8000.hdf5	left	right
941.1561	1	Stimulus/S  1	1	9411561	9411569	25	0	20	pips_l400_r40_500-8000.hdf5	left	right
942.2015	1	Stimulus/S  1	1	9422015	9422023	25	1	40	pips_l400_r40_500-8000.hdf5	left	right
943.2468	1	Stimulus/S  1	1	9432468	9432476	25	2	60	pips_l400_r40_500-8000.hdf5	left	right
944.3135	1	Stimulus/S  1	1	9443135	9443143	25	3	70	pips_l400_r40_500-8000.hdf5	left	right
945.3695	1	Stimulus/S  1	1	9453695	9453703	25	4	50	pips_l400_r40_500-8000.hdf5	left	right
946.4362	1	Stimulus/S  1	1	9464362	9464370	25	5	30	pips_l400_r40_500-8000.hdf5	left	right
947.4815	1	Stimulus/S  1	1	9474815	9474823	26	0	20	pips_l400_r40_500-8000.hdf5	left	right
948.5375	1	Stimulus/S  1	1	9485375	9485383	26	1	40	pips_l400_r40_500-8000.hdf5	left	right
949.6042	1	Stimulus/S  1	1	9496042	9496050	26	2	60	pips_l400_r40_500-8000.hdf5	left	right
950.6496	1	Stimulus/S  1	1	9506496	9506504	26	3	70	pips_l400_r40_500-8000.hdf5	left	right
951.7056	1	Stimulus/S  1	1	9517056	9517064	26	4	50	pips_l400_r40_500-8000.hdf5	left	right
952.7509	1	Stimulus/S  1	1	9527509	9527517	26	5	30	pips_l400_r40_500-8000.hdf5	left	right
953.7963	1	Stimulus/S  1	1	9537963	9537971	27	0	20	pips_l400_r40_500-8000.hdf5	left	right
954.8523	1	Stimulus/S  1	1	9548523	9548531	27	1	40	pips_l400_r40_500-8000.hdf5	left	right
955.9189	1	Stimulus/S  1	1	9559189	9559197	27	2	60	pips_l400_r40_500-8000.hdf5	left	right
956.9856	1	Stimulus/S  1	1	9569856	9569864	27	3	70	pips_l400_r40_500-8000.hdf5	left	right
958.0523	1	Stimulus/S  1	1	9580523	9580531	27	4	50	pips_l400_r40_500-8000.hdf5	left	right
959.0976	1	Stimulus/S  1	1	9590976	9590984	27	5	30	pips_l400_r40_500-8000.hdf5	left	right
960.1643	1	Stimulus/S  1	1	9601643	9601651	28	0	20	pips_l400_r40_500-8000.hdf5	left	right
961.2203	1	Stimulus/S  1	1	9612203	9612211	28	1	40	pips_l400_r40_500-8000.hdf5	left	right
962.2657	1	Stimulus/S  1	1	9622657	9622665	28	2	60	pips_l400_r40_500-8000.hdf5	left	right
963.3217	1	Stimulus/S  1	1	9633217	9633225	28	3	70	pips_l400_r40_500-8000.hdf5	left	right
964.3884	1	Stimulus/S  1	1	9643884	9643892	28	4	50	pips_l400_r40_500-8000.hdf5	left	right
965.4337	1	Stimulus/S  1	1	9654337	9654345	28	5	30	pips_l400_r40_500-8000.hdf5	left	right
966.4897	1	Stimulus/S  1	1	9664897	9664905	29	0	20	pips_l400_r40_500-8000.hdf5	left	right
967.5351	1	Stimulus/S  1	1	9675351	9675359	29	1	40	pips_l400_r40_500-8000.hdf5	left	right
968.6017	1	Stimulus/S  1	1	9686017	9686025	29	2	60	pips_l400_r40_500-8000.hdf5	left	right
969.6471	1	Stimulus/S  1	1	9696471	9696479	29	3	70	pips_l400_r40_500-8000.hdf5	left	right
970.7031	1	Stimulus/S  1	1	9707031	9707039	29	4	50	pips_l400_r40_500-8000.hdf5	left	right
971.7698	1	Stimulus/S  1	1	9717698	9717706	29	5	30	pips_l400_r40_500-8000.hdf5	left	right
972.8364	1	Stimulus/S  1	1	9728364	9728372	30	0	20	pips_l400_r40_500-8000.hdf5	left	right
973.9031	1	Stimulus/S  1	1	9739031	9739039	30	1	40	pips_l400_r40_500-8000.hdf5	left	right
974.9698	1	Stimulus/S  1	1	9749698	9749706	30	2	60	pips_l400_r40_500-8000.hdf5	left	right
976.0365	1	Stimulus/S  1	1	9760365	9760373	30	3	70	pips_l400_r40_500-8000.hdf5	left	right
977.0818	1	Stimulus/S  1	1	9770818	9770826	30	4	50	pips_l400_r40_500-8000.hdf5	left	right
978.1378	1	Stimulus/S  1	1	9781378	9781386	30	5	30	pips_l400_r40_500-8000.hdf5	left	right
979.1832	1	Stimulus/S  1	1	9791832	9791840	31	0	20	pips_l400_r40_500-8000.hdf5	left	right
980.2498	1	Stimulus/S  1	1	9802498	9802506	31	1	40	pips_l400_r40_500-8000.hdf5	left	right
981.3059	1	Stimulus/S  1	1	9813059	9813067	31	2	60	pips_l400_r40_500-8000.hdf5	left	right
982.3512	1	Stimulus/S  1	1	9823512	9823520	31	3	70	pips_l400_r40_500-8000.hdf5	left	right
983.4179	1	Stimulus/S  1	1	9834179	9834187	31	4	50	pips_l400_r40_500-8000.hdf5	left	right
984.4845	1	Stimulus/S  1	1	9844845	9844853	31	5	30	pips_l400_r40_500-8000.hdf5	left	right
985.5299	1	Stimulus/S  1	1	9855299	9855307	32	0	20	pips_l400_r40_500-8000.hdf5	left	right
986.5859	1	Stimulus/S  1	1	9865859	9865867	32	1	40	pips_l400_r40_500-8000.hdf5	left	right
987.6526	1	Stimulus/S  1	1	9876526	9876534	32	2	60	pips_l400_r40_500-8000.hdf5	left	right
988.7193	1	Stimulus/S  1	1	9887193	9887201	32	3	70	pips_l400_r40_500-8000.hdf5	left	right
989.7646	1	Stimulus/S  1	1	9897646	9897654	32	4	50	pips_l400_r40_500-8000.hdf5	left	right
990.8313	1	Stimulus/S  1	1	9908313	9908321	32	5	30	pips_l400_r40_500-8000.hdf5	left	right
991.8873	1	Stimulus/S  1	1	9918873	9918881	33	0	20	pips_l400_r40_500-8000.hdf5	left	right
992.9326	1	Stimulus/S  1	1	9929326	9929334	33	1	40	pips_l400_r40_500-8000.hdf5	left	right
993.9886	1	Stimulus/S  1	1	9939886	9939894	33	2	60	pips_l400_r40_500-8000.hdf5	left	right
995.034	1	Stimulus/S  1	1	9950340	9950348	33	3	70	pips_l400_r40_500-8000.hdf5	left	right
996.09	1	Stimulus/S  1	1	9960900	9960908	33	4	50	pips_l400_r40_500-8000.hdf5	left	right
997.1353	1	Stimulus/S  1	1	9971353	9971361	33	5	30	pips_l400_r40_500-8000.hdf5	left	right
998.202	1	Stimulus/S  1	1	9982020	9982028	34	0	20	pips_l400_r40_500-8000.hdf5	left	right
999.2687	1	Stimulus/S  1	1	9992687	9992695	34	1	40	pips_l400_r40_500-8000.hdf5	left	right
1000.314	1	Stimulus/S  1	1	10003140	10003148	34	2	60	pips_l400_r40_500-8000.hdf5	left	right
1001.3807	1	Stimulus/S  1	1	10013807	10013815	34	3	70	pips_l400_r40_500-8000.hdf5	left	right
1002.4367	1	Stimulus/S  1	1	10024367	10024375	34	4	50	pips_l400_r40_500-8000.hdf5	left	right
1003.5034	1	Stimulus/S  1	1	10035034	10035042	34	5	30	pips_l400_r40_500-8000.hdf5	left	right
1004.5487	1	Stimulus/S  1	1	10045487	10045495	35	0	20	pips_l400_r40_500-8000.hdf5	left	right
1005.6048	1	Stimulus/S  1	1	10056048	10056056	35	1	40	pips_l400_r40_500-8000.hdf5	left	right
1006.6501	1	Stimulus/S  1	1	10066501	10066509	35	2	60	pips_l400_r40_500-8000.hdf5	left	right
1007.7168	1	Stimulus/S  1	1	10077168	10077176	35	3	70	pips_l400_r40_500-8000.hdf5	left	right
1008.7835	1	Stimulus/S  1	1	10087835	10087843	35	4	50	pips_l400_r40_500-8000.hdf5	left	right
1009.8501	1	Stimulus/S  1	1	10098501	10098509	35	5	30	pips_l400_r40_500-8000.hdf5	left	right
1010.9061	1	Stimulus/S  1	1	10109061	10109069	36	0	20	pips_l400_r40_500-8000.hdf5	left	right
1011.9515	1	Stimulus/S  1	1	10119515	10119523	36	1	40	pips_l400_r40_500-8000.hdf5	left	right
1012.9968	1	Stimulus/S  1	1	10129968	10129976	36	2	60	pips_l400_r40_500-8000.hdf5	left	right
1014.0635	1	Stimulus/S  1	1	10140635	10140643	36	3	70	pips_l400_r40_500-8000.hdf5	left	right
1015.1302	1	Stimulus/S  1	1	10151302	10151310	36	4	50	pips_l400_r40_500-8000.hdf5	left	right
1016.1969	1	Stimulus/S  1	1	10161969	10161977	36	5	30	pips_l400_r40_500-8000.hdf5	left	right
1017.2529	1	Stimulus/S  1	1	10172529	10172537	37	0	20	pips_l400_r40_500-8000.hdf5	left	right
1018.2982	1	Stimulus/S  1	1	10182982	10182990	37	1	40	pips_l400_r40_500-8000.hdf5	left	right
1019.3649	1	Stimulus/S  1	1	10193649	10193657	37	2	60	pips_l400_r40_500-8000.hdf5	left	right
1020.4209	1	Stimulus/S  1	1	10204209	10204217	37	3	70	pips_l400_r40_500-8000.hdf5	left	right
1021.4662	1	Stimulus/S  1	1	10214662	10214670	37	4	50	pips_l400_r40_500-8000.hdf5	left	right
1022.5329	1	Stimulus/S  1	1	10225329	10225337	37	5	30	pips_l400_r40_500-8000.hdf5	left	right
1023.5889	1	Stimulus/S  1	1	10235889	10235897	38	0	20	pips_l400_r40_500-8000.hdf5	left	right
1024.6343	1	Stimulus/S  1	1	10246343	10246351	38	1	40	pips_l400_r40_500-8000.hdf5	left	right
1025.6903	1	Stimulus/S  1	1	10256903	10256911	38	2	60	pips_l400_r40_500-8000.hdf5	left	right
1026.757	1	Stimulus/S  1	1	10267570	10267578	38	3	70	pips_l400_r40_500-8000.hdf5	left	right
1027.8023	1	Stimulus/S  1	1	10278023	10278031	38	4	50	pips_l400_r40_500-8000.hdf5	left	right
1028.8476	1	Stimulus/S  1	1	10288476	10288484	38	5	30	pips_l400_r40_500-8000.hdf5	left	right
1029.9143	1	Stimulus/S  1	1	10299143	10299151	39	0	20	pips_l400_r40_500-8000.hdf5	left	right
1030.981	1	Stimulus/S  1	1	10309810	10309818	39	1	40	pips_l400_r40_500-8000.hdf5	left	right
1032.037	1	Stimulus/S  1	1	10320370	10320378	39	2	60	pips_l400_r40_500-8000.hdf5	left	right
1033.0824	1	Stimulus/S  1	1	10330824	10330832	39	3	70	pips_l400_r40_500-8000.hdf5	left	right
1034.1384	1	Stimulus/S  1	1	10341384	10341392	39	4	50	pips_l400_r40_500-8000.hdf5	left	right
1035.205	1	Stimulus/S  1	1	10352050	10352058	39	5	30	pips_l400_r40_500-8000.hdf5	left	right
1036.2504	1	Stimulus/S  1	1	10362504	10362512	40	0	20	pips_l400_r40_500-8000.hdf5	left	right
1037.3064	1	Stimulus/S  1	1	10373064	10373072	40	1	40	pips_l400_r40_500-8000.hdf5	left	right
1038.3517	1	Stimulus/S  1	1	10383517	10383525	40	2	60	pips_l400_r40_500-8000.hdf5	left	right
1039.4078	1	Stimulus/S  1	1	10394078	10394086	40	3	70	pips_l400_r40_500-8000.hdf5	left	right
1040.4638	1	Stimulus/S  1	1	10404638	10404646	40	4	50	pips_l400_r40_500-8000.hdf5	left	right
1041.5304	1	Stimulus/S  1	1	10415304	10415312	40	5	30	pips_l400_r40_500-8000.hdf5	left	right
1042.5864	1	Stimulus/S  1	1	10425864	10425872	41	0	20	pips_l400_r40_500-8000.hdf5	left	right
1043.6531	1	Stimulus/S  1	1	10436531	10436539	41	1	40	pips_l400_r40_500-8000.hdf5	left	right
1044.7198	1	Stimulus/S  1	1	10447198	10447206	41	2	60	pips_l400_r40_500-8000.hdf5	left	right
1045.7865	1	Stimulus/S  1	1	10457865	10457873	41	3	70	pips_l400_r40_500-8000.hdf5	left	right
1046.8318	1	Stimulus/S  1	1	10468318	10468326	41	4	50	pips_l400_r40_500-8000.hdf5	left	right
1047.8878	1	Stimulus/S  1	1	10478878	10478886	41	5	30	pips_l400_r40_500-8000.hdf5	left	right
1048.9332	1	Stimulus/S  1	1	10489332	10489340	42	0	20	pips_l400_r40_500-8000.hdf5	left	right
1049.9892	1	Stimulus/S  1	1	10499892	10499900	42	1	40	pips_l400_r40_500-8000.hdf5	left	right
1051.0345	1	Stimulus/S  1	1	10510345	10510353	42	2	60	pips_l400_r40_500-8000.hdf5	left	right
1052.1012	1	Stimulus/S  1	1	10521012	10521020	42	3	70	pips_l400_r40_500-8000.hdf5	left	right
1053.1572	1	Stimulus/S  1	1	10531572	10531580	42	4	50	pips_l400_r40_500-8000.hdf5	left	right
1054.2026	1	Stimulus/S  1	1	10542026	10542034	42	5	30	pips_l400_r40_500-8000.hdf5	left	right
1055.2479	1	Stimulus/S  1	1	10552479	10552487	43	0	20	pips_l400_r40_500-8000.hdf5	left	right
1056.3146	1	Stimulus/S  1	1	10563146	10563154	43	1	40	pips_l400_r40_500-8000.hdf5	left	right
1057.3813	1	Stimulus/S  1	1	10573813	10573821	43	2	60	pips_l400_r40_500-8000.hdf5	left	right
1058.4479	1	Stimulus/S  1	1	10584479	10584487	43	3	70	pips_l400_r40_500-8000.hdf5	left	right
1059.5146	1	Stimulus/S  1	1	10595146	10595154	43	4	50	pips_l400_r40_500-8000.hdf5	left	right
1060.5813	1	Stimulus/S  1	1	10605813	10605821	43	5	30	pips_l400_r40_500-8000.hdf5	left	right
1061.648	1	Stimulus/S  1	1	10616480	10616488	44	0	20	pips_l400_r40_500-8000.hdf5	left	right
1062.7146	1	Stimulus/S  1	1	10627146	10627154	44	1	40	pips_l400_r40_500-8000.hdf5	left	right
1063.7813	1	Stimulus/S  1	1	10637813	10637821	44	2	60	pips_l400_r40_500-8000.hdf5	left	right
1064.848	1	Stimulus/S  1	1	10648480	10648488	44	3	70	pips_l400_r40_500-8000.hdf5	left	right
1065.9147	1	Stimulus/S  1	1	10659147	10659155	44	4	50	pips_l400_r40_500-8000.hdf5	left	right
1066.9814	1	Stimulus/S  1	1	10669814	10669822	44	5	30	pips_l400_r40_500-8000.hdf5	left	right
1068.0374	1	Stimulus/S  1	1	10680374	10680382	45	0	20	pips_l400_r40_500-8000.hdf5	left	right
1069.104	1	Stimulus/S  1	1	10691040	10691048	45	1	40	pips_l400_r40_500-8000.hdf5	left	right
1070.1707	1	Stimulus/S  1	1	10701707	10701715	45	2	60	pips_l400_r40_500-8000.hdf5	left	right
1071.2374	1	Stimulus/S  1	1	10712374	10712382	45	3	70	pips_l400_r40_500-8000.hdf5	left	right
1072.3041	1	Stimulus/S  1	1	10723041	10723049	45	4	50	pips_l400_r40_500-8000.hdf5	left	right
1073.3707	1	Stimulus/S  1	1	10733707	10733715	45	5	30	pips_l400_r40_500-8000.hdf5	left	right
1074.4161	1	Stimulus/S  1	1	10744161	10744169	46	0	20	pips_l400_r40_500-8000.hdf5	left	right
1075.4721	1	Stimulus/S  1	1	10754721	10754729	46	1	40	pips_l400_r40_500-8000.hdf5	left	right
1076.5174	1	Stimulus/S  1	1	10765174	10765182	46	2	60	pips_l400_r40_500-8000.hdf5	left	right
1077.5841	1	Stimulus/S  1	1	10775841	10775849	46	3	70	pips_l400_r40_500-8000.hdf5	left	right
1078.6508	1	Stimulus/S  1	1	10786508	10786516	46	4	50	pips_l400_r40_500-8000.hdf5	left	right
1079.7175	1	Stimulus/S  1	1	10797175	10797183	46	5	30	pips_l400_r40_500-8000.hdf5	left	right
1080.7735	1	Stimulus/S  1	1	10807735	10807743	47	0	20	pips_l400_r40_500-8000.hdf5	left	right
1081.8188	1	Stimulus/S  1	1	10818188	10818196	47	1	40	pips_l400_r40_500-8000.hdf5	left	right
1082.8855	1	Stimulus/S  1	1	10828855	10828863	47	2	60	pips_l400_r40_500-8000.hdf5	left	right
1083.9522	1	Stimulus/S  1	1	10839522	10839530	47	3	70	pips_l400_r40_500-8000.hdf5	left	right
1084.9975	1	Stimulus/S  1	1	10849975	10849983	47	4	50	pips_l400_r40_500-8000.hdf5	left	right
1086.0535	1	Stimulus/S  1	1	10860535	10860543	47	5	30	pips_l400_r40_500-8000.hdf5	left	right
1087.0989	1	Stimulus/S  1	1	10870989	10870997	48	0	20	pips_l400_r40_500-8000.hdf5	left	right
1088.1656	1	Stimulus/S  1	1	10881656	10881664	48	1	40	pips_l400_r40_500-8000.hdf5	left	right
1089.2216	1	Stimulus/S  1	1	10892216	10892224	48	2	60	pips_l400_r40_500-8000.hdf5	left	right
1090.2669	1	Stimulus/S  1	1	10902669	10902677	48	3	70	pips_l400_r40_500-8000.hdf5	left	right
1091.3336	1	Stimulus/S  1	1	10913336	10913344	48	4	50	pips_l400_r40_500-8000.hdf5	left	right
1092.4003	1	Stimulus/S  1	1	10924003	10924011	48	5	30	pips_l400_r40_500-8000.hdf5	left	right
1093.4563	1	Stimulus/S  1	1	10934563	10934571	49	0	20	pips_l400_r40_500-8000.hdf5	left	right
1094.5016	1	Stimulus/S  1	1	10945016	10945024	49	1	40	pips_l400_r40_500-8000.hdf5	left	right
1095.5576	1	Stimulus/S  1	1	10955576	10955584	49	2	60	pips_l400_r40_500-8000.hdf5	left	right
1096.603	1	Stimulus/S  1	1	10966030	10966038	49	3	70	pips_l400_r40_500-8000.hdf5	left	right
1097.6697	1	Stimulus/S  1	1	10976697	10976705	49	4	50	pips_l400_r40_500-8000.hdf5	left	right
1098.7363	1	Stimulus/S  1	1	10987363	10987371	49	5	30	pips_l400_r40_500-8000.hdf5	left	right
1099.803	1	Stimulus/S  1	1	10998030	10998038	50	0	20	pips_l400_r40_500-8000.hdf5	left	right
1100.8697	1	Stimulus/S  1	1	11008697	11008705	50	1	40	pips_l400_r40_500-8000.hdf5	left	right
1101.9364	1	Stimulus/S  1	1	11019364	11019372	50	2	60	pips_l400_r40_500-8000.hdf5	left	right
1103.003	1	Stimulus/S  1	1	11030030	11030038	50	3	70	pips_l400_r40_500-8000.hdf5	left	right
1104.0484	1	Stimulus/S  1	1	11040484	11040492	50	4	50	pips_l400_r40_500-8000.hdf5	left	right
1105.1044	1	Stimulus/S  1	1	11051044	11051052	50	5	30	pips_l400_r40_500-8000.hdf5	left	right
1106.1497	1	Stimulus/S  1	1	11061497	11061505	51	0	20	pips_l400_r40_500-8000.hdf5	left	right
1107.2164	1	Stimulus/S  1	1	11072164	11072172	51	1	40	pips_l400_r40_500-8000.hdf5	left	right
1108.2831	1	Stimulus/S  1	1	11082831	11082839	51	2	60	pips_l400_r40_500-8000.hdf5	left	right
1109.3391	1	Stimulus/S  1	1	11093391	11093399	51	3	70	pips_l400_r40_500-8000.hdf5	left	right
1110.4058	1	Stimulus/S  1	1	11104058	11104066	51	4	50	pips_l400_r40_500-8000.hdf5	left	right
1111.4511	1	Stimulus/S  1	1	11114511	11114519	51	5	30	pips_l400_r40_500-8000.hdf5	left	right
1112.5178	1	Stimulus/S  1	1	11125178	11125186	52	0	20	pips_l400_r40_500-8000.hdf5	left	right
1113.5845	1	Stimulus/S  1	1	11135845	11135853	52	1	40	pips_l400_r40_500-8000.hdf5	left	right
1114.6405	1	Stimulus/S  1	1	11146405	11146413	52	2	60	pips_l400_r40_500-8000.hdf5	left	right
1115.6858	1	Stimulus/S  1	1	11156858	11156866	52	3	70	pips_l400_r40_500-8000.hdf5	left	right
1116.7525	1	Stimulus/S  1	1	11167525	11167533	52	4	50	pips_l400_r40_500-8000.hdf5	left	right
1117.8085	1	Stimulus/S  1	1	11178085	11178093	52	5	30	pips_l400_r40_500-8000.hdf5	left	right
1118.8539	1	Stimulus/S  1	1	11188539	11188547	53	0	20	pips_l400_r40_500-8000.hdf5	left	right
1119.9205	1	Stimulus/S  1	1	11199205	11199213	53	1	40	pips_l400_r40_500-8000.hdf5	left	right
1120.9872	1	Stimulus/S  1	1	11209872	11209880	53	2	60	pips_l400_r40_500-8000.hdf5	left	right
1122.0326	1	Stimulus/S  1	1	11220326	11220334	53	3	70	pips_l400_r40_500-8000.hdf5	left	right
1123.0992	1	Stimulus/S  1	1	11230992	11231000	53	4	50	pips_l400_r40_500-8000.hdf5	left	right
1124.1659	1	Stimulus/S  1	1	11241659	11241667	53	5	30	pips_l400_r40_500-8000.hdf5	left	right
1125.2219	1	Stimulus/S  1	1	11252219	11252227	54	0	20	pips_l400_r40_500-8000.hdf5	left	right
1126.2673	1	Stimulus/S  1	1	11262673	11262681	54	1	40	pips_l400_r40_500-8000.hdf5	left	right
1127.3339	1	Stimulus/S  1	1	11273339	11273347	54	2	60	pips_l400_r40_500-8000.hdf5	left	right
1128.4006	1	Stimulus/S  1	1	11284006	11284014	54	3	70	pips_l400_r40_500-8000.hdf5	left	right
1129.4566	1	Stimulus/S  1	1	11294566	11294574	54	4	50	pips_l400_r40_500-8000.hdf5	left	right
1130.5233	1	Stimulus/S  1	1	11305233	11305241	54	5	30	pips_l400_r40_500-8000.hdf5	left	right
1131.59	1	Stimulus/S  1	1	11315900	11315908	55	0	20	pips_l400_r40_500-8000.hdf5	left	right
1132.6567	1	Stimulus/S  1	1	11326567	11326575	55	1	40	pips_l400_r40_500-8000.hdf5	left	right
1133.702	1	Stimulus/S  1	1	11337020	11337028	55	2	60	pips_l400_r40_500-8000.hdf5	left	right
1134.758	1	Stimulus/S  1	1	11347580	11347588	55	3	70	pips_l400_r40_500-8000.hdf5	left	right
1135.8247	1	Stimulus/S  1	1	11358247	11358255	55	4	50	pips_l400_r40_500-8000.hdf5	left	right
1136.87	1	Stimulus/S  1	1	11368700	11368708	55	5	30	pips_l400_r40_500-8000.hdf5	left	right
1137.9154	1	Stimulus/S  1	1	11379154	11379162	56	0	20	pips_l400_r40_500-8000.hdf5	left	right
1138.9821	1	Stimulus/S  1	1	11389821	11389829	56	1	40	pips_l400_r40_500-8000.hdf5	left	right
1140.0381	1	Stimulus/S  1	1	11400381	11400389	56	2	60	pips_l400_r40_500-8000.hdf5	left	right
1141.0834	1	Stimulus/S  1	1	11410834	11410842	56	3	70	pips_l400_r40_500-8000.hdf5	left	right
1142.1394	1	Stimulus/S  1	1	11421394	11421402	56	4	50	pips_l400_r40_500-8000.hdf5	left	right
1143.2061	1	Stimulus/S  1	1	11432061	11432069	56	5	30	pips_l400_r40_500-8000.hdf5	left	right
1144.2728	1	Stimulus/S  1	1	11442728	11442736	57	0	20	pips_l400_r40_500-8000.hdf5	left	right
1145.3181	1	Stimulus/S  1	1	11453181	11453189	57	1	40	pips_l400_r40_500-8000.hdf5	left	right
1146.3741	1	Stimulus/S  1	1	11463741	11463749	57	2	60	pips_l400_r40_500-8000.hdf5	left	right
1147.4195	1	Stimulus/S  1	1	11474195	11474203	57	3	70	pips_l400_r40_500-8000.hdf5	left	right
1148.4861	1	Stimulus/S  1	1	11484861	11484869	57	4	50	pips_l400_r40_500-8000.hdf5	left	right
1149.5422	1	Stimulus/S  1	1	11495422	11495430	57	5	30	pips_l400_r40_500-8000.hdf5	left	right
1150.6088	1	Stimulus/S  1	1	11506088	11506096	58	0	20	pips_l400_r40_500-8000.hdf5	left	right
1151.6755	1	Stimulus/S  1	1	11516755	11516763	58	1	40	pips_l400_r40_500-8000.hdf5	left	right
1152.7209	1	Stimulus/S  1	1	11527209	11527217	58	2	60	pips_l400_r40_500-8000.hdf5	left	right
1153.7662	1	Stimulus/S  1	1	11537662	11537670	58	3	70	pips_l400_r40_500-8000.hdf5	left	right
1154.8222	1	Stimulus/S  1	1	11548222	11548230	58	4	50	pips_l400_r40_500-8000.hdf5	left	right
1155.8889	1	Stimulus/S  1	1	11558889	11558897	58	5	30	pips_l400_r40_500-8000.hdf5	left	right
1156.9556	1	Stimulus/S  1	1	11569556	11569564	59	0	20	pips_l400_r40_500-8000.hdf5	left	right
1158.0222	1	Stimulus/S  1	1	11580222	11580230	59	1	40	pips_l400_r40_500-8000.hdf5	left	right
1159.0676	1	Stimulus/S  1	1	11590676	11590684	59	2	60	pips_l400_r40_500-8000.hdf5	left	right
1160.1236	1	Stimulus/S  1	1	11601236	11601244	59	3	70	pips_l400_r40_500-8000.hdf5	left	right
1161.1903	1	Stimulus/S  1	1	11611903	11611911	59	4	50	pips_l400_r40_500-8000.hdf5	left	right
1162.2569	1	Stimulus/S  1	1	11622569	11622577	59	5	30	pips_l400_r40_500-8000.hdf5	left	right
1163.3236	1	Stimulus/S  1	1	11633236	11633244	60	0	20	pips_l400_r40_500-8000.hdf5	left	right
1164.369	1	Stimulus/S  1	1	11643690	11643698	60	1	40	pips_l400_r40_500-8000.hdf5	left	right
1165.425	1	Stimulus/S  1	1	11654250	11654258	60	2	60	pips_l400_r40_500-8000.hdf5	left	right
1166.4703	1	Stimulus/S  1	1	11664703	11664711	60	3	70	pips_l400_r40_500-8000.hdf5	left	right
1167.5263	1	Stimulus/S  1	1	11675263	11675271	60	4	50	pips_l400_r40_500-8000.hdf5	left	right
1168.5823	1	Stimulus/S  1	1	11685823	11685831	60	5	30	pips_l400_r40_500-8000.hdf5	left	right
1169.6597	1	Stimulus/S  1	1	11696597	11696605	61	0	20	pips_l400_r40_500-8000.hdf5	left	right
1170.705	1	Stimulus/S  1	1	11707050	11707058	61	1	40	pips_l400_r40_500-8000.hdf5	left	right
1171.7504	1	Stimulus/S  1	1	11717504	11717512	61	2	60	pips_l400_r40_500-8000.hdf5	left	right
1172.8064	1	Stimulus/S  1	1	11728064	11728072	61	3	70	pips_l400_r40_500-8000.hdf5	left	right
1173.8517	1	Stimulus/S  1	1	11738517	11738525	61	4	50	pips_l400_r40_500-8000.hdf5	left	right
1174.9077	1	Stimulus/S  1	1	11749077	11749085	61	5	30	pips_l400_r40_500-8000.hdf5	left	right
1175.9531	1	Stimulus/S  1	1	11759531	11759539	62	0	20	pips_l400_r40_500-8000.hdf5	left	right
1177.0091	1	Stimulus/S  1	1	11770091	11770099	62	1	40	pips_l400_r40_500-8000.hdf5	left	right
1178.0758	1	Stimulus/S  1	1	11780758	11780766	62	2	60	pips_l400_r40_500-8000.hdf5	left	right
1179.1211	1	Stimulus/S  1	1	11791211	11791219	62	3	70	pips_l400_r40_500-8000.hdf5	left	right
1180.1665	1	Stimulus/S  1	1	11801665	11801673	62	4	50	pips_l400_r40_500-8000.hdf5	left	right
1181.2225	1	Stimulus/S  1	1	11812225	11812233	62	5	30	pips_l400_r40_500-8000.hdf5	left	right
1182.2678	1	Stimulus/S  1	1	11822678	11822686	63	0	20	pips_l400_r40_500-8000.hdf5	left	right
1183.3345	1	Stimulus/S  1	1	11833345	11833353	63	1	40	pips_l400_r40_500-8000.hdf5	left	right
1184.3905	1	Stimulus/S  1	1	11843905	11843913	63	2	60	pips_l400_r40_500-8000.hdf5	left	right
1185.4358	1	Stimulus/S  1	1	11854358	11854366	63	3	70	pips_l400_r40_500-8000.hdf5	left	right
1186.5025	1	Stimulus/S  1	1	11865025	11865033	63	4	50	pips_l400_r40_500-8000.hdf5	left	right
1187.5585	1	Stimulus/S  1	1	11875585	11875593	63	5	30	pips_l400_r40_500-8000.hdf5	left	right
1188.6039	1	Stimulus/S  1	1	11886039	11886047	64	0	20	pips_l400_r40_500-8000.hdf5	left	right
1189.6705	1	Stimulus/S  1	1	11896705	11896713	64	1	40	pips_l400_r40_500-8000.hdf5	left	right
1190.7372	1	Stimulus/S  1	1	11907372	11907380	64	2	60	pips_l400_r40_500-8000.hdf5	left	right
1191.8039	1	Stimulus/S  1	1	11918039	11918047	64	3	70	pips_l400_r40_500-8000.hdf5	left	right
1192.8706	1	Stimulus/S  1	1	11928706	11928714	64	4	50	pips_l400_r40_500-8000.hdf5	left	right
1193.9373	1	Stimulus/S  1	1	11939373	11939381	64	5	30	pips_l400_r40_500-8000.hdf5	left	right
1194.9933	1	Stimulus/S  1	1	11949933	11949941	65	0	20	pips_l400_r40_500-8000.hdf5	left	right
1196.0386	1	Stimulus/S  1	1	11960386	11960394	65	1	40	pips_l400_r40_500-8000.hdf5	left	right
1197.084	1	Stimulus/S  1	1	11970840	11970848	65	2	60	pips_l400_r40_500-8000.hdf5	left	right
1198.1506	1	Stimulus/S  1	1	11981506	11981514	65	3	70	pips_l400_r40_500-8000.hdf5	left	right
1199.2173	1	Stimulus/S  1	1	11992173	11992181	65	4	50	pips_l400_r40_500-8000.hdf5	left	right
1200.284	1	Stimulus/S  1	1	12002840	12002848	65	5	30	pips_l400_r40_500-8000.hdf5	left	right
1201.34	1	Stimulus/S  1	1	12013400	12013408	66	0	20	pips_l400_r40_500-8000.hdf5	left	right
1202.3853	1	Stimulus/S  1	1	12023853	12023861	66	1	40	pips_l400_r40_500-8000.hdf5	left	right
1203.4413	1	Stimulus/S  1	1	12034413	12034421	66	2	60	pips_l400_r40_500-8000.hdf5	left	right
1204.508	1	Stimulus/S  1	1	12045080	12045088	66	3	70	pips_l400_r40_500-8000.hdf5	left	right
1205.5534	1	Stimulus/S  1	1	12055534	12055542	66	4	50	pips_l400_r40_500-8000.hdf5	left	right
1206.6094	1	Stimulus/S  1	1	12066094	12066102	66	5	30	pips_l400_r40_500-8000.hdf5	left	right
1207.6761	1	Stimulus/S  1	1	12076761	12076769	67	0	20	pips_l400_r40_500-8000.hdf5	left	right
1208.7427	1	Stimulus/S  1	1	12087427	12087435	67	1	40	pips_l400_r40_500-8000.hdf5	left	right
1209.7881	1	Stimulus/S  1	1	12097881	12097889	67	2	60	pips_l400_r40_500-8000.hdf5	left	right
1210.8334	1	Stimulus/S  1	1	12108334	12108342	67	3	70	pips_l400_r40_500-8000.hdf5	left	right
1211.9001	1	Stimulus/S  1	1	12119001	12119009	67	4	50	pips_l400_r40_500-8000.hdf5	left	right
1212.9668	1	Stimulus/S  1	1	12129668	12129676	67	5	30	pips_l400_r40_500-8000.hdf5	left	right
1214.0228	1	Stimulus/S  1	1	12140228	12140236	68	0	20	pips_l400_r40_500-8000.hdf5	left	right
1215.0895	1	Stimulus/S  1	1	12150895	12150903	68	1	40	pips_l400_r40_500-8000.hdf5	left	right
1216.1348	1	Stimulus/S  1	1	12161348	12161356	68	2	60	pips_l400_r40_500-8000.hdf5	left	right
1217.1908	1	Stimulus/S  1	1	12171908	12171916	68	3	70	pips_l400_r40_500-8000.hdf5	left	right
1218.2362	1	Stimulus/S  1	1	12182362	12182370	68	4	50	pips_l400_r40_500-8000.hdf5	left	right
1219.2922	1	Stimulus/S  1	1	12192922	12192930	68	5	30	pips_l400_r40_500-8000.hdf5	left	right
1220.3375	1	Stimulus/S  1	1	12203375	12203383	69	0	20	pips_l400_r40_500-8000.hdf5	left	right
1221.4042	1	Stimulus/S  1	1	12214042	12214050	69	1	40	pips_l400_r40_500-8000.hdf5	left	right
1222.4602	1	Stimulus/S  1	1	12224602	12224610	69	2	60	pips_l400_r40_500-8000.hdf5	left	right
1223.5055	1	Stimulus/S  1	1	12235055	12235063	69	3	70	pips_l400_r40_500-8000.hdf5	left	right
1224.5722	1	Stimulus/S  1	1	12245722	12245730	69	4	50	pips_l400_r40_500-8000.hdf5	left	right
1225.6389	1	Stimulus/S  1	1	12256389	12256397	69	5	30	pips_l400_r40_500-8000.hdf5	left	right
1226.6842	1	Stimulus/S  1	1	12266842	12266850	70	0	20	pips_l400_r40_500-8000.hdf5	left	right
1227.7509	1	Stimulus/S  1	1	12277509	12277517	70	1	40	pips_l400_r40_500-8000.hdf5	left	right
1228.8176	1	Stimulus/S  1	1	12288176	12288184	70	2	60	pips_l400_r40_500-8000.hdf5	left	right
1229.8736	1	Stimulus/S  1	1	12298736	12298744	70	3	70	pips_l400_r40_500-8000.hdf5	left	right
1230.9189	1	Stimulus/S  1	1	12309189	12309197	70	4	50	pips_l400_r40_500-8000.hdf5	left	right
1231.9856	1	Stimulus/S  1	1	12319856	12319864	70	5	30	pips_l400_r40_500-8000.hdf5	left	right
1233.0416	1	Stimulus/S  1	1	12330416	12330424	71	0	20	pips_l400_r40_500-8000.hdf5	left	right
1234.087	1	Stimulus/S  1	1	12340870	12340878	71	1	40	pips_l400_r40_500-8000.hdf5	left	right
1235.143	1	Stimulus/S  1	1	12351430	12351438	71	2	60	pips_l400_r40_500-8000.hdf5	left	right
1236.1883	1	Stimulus/S  1	1	12361883	12361891	71	3	70	pips_l400_r40_500-8000.hdf5	left	right
1237.2337	1	Stimulus/S  1	1	12372337	12372345	71	4	50	pips_l400_r40_500-8000.hdf5	left	right
1238.3004	1	Stimulus/S  1	1	12383004	12383012	71	5	30	pips_l400_r40_500-8000.hdf5	left	right
1239.367	1	Stimulus/S  1	1	12393670	12393678	72	0	20	pips_l400_r40_500-8000.hdf5	left	right
1240.4337	1	Stimulus/S  1	1	12404337	12404345	72	1	40	pips_l400_r40_500-8000.hdf5	left	right
1241.5111	1	Stimulus/S  1	1	12415111	12415119	72	2	60	pips_l400_r40_500-8000.hdf5	left	right
1242.5564	1	Stimulus/S  1	1	12425564	12425572	72	3	70	pips_l400_r40_500-8000.hdf5	left	right
1243.6017	1	Stimulus/S  1	1	12436017	12436025	72	4	50	pips_l400_r40_500-8000.hdf5	left	right
1244.6684	1	Stimulus/S  1	1	12446684	12446692	72	5	30	pips_l400_r40_500-8000.hdf5	left	right
1245.7351	1	Stimulus/S  1	1	12457351	12457359	73	0	20	pips_l400_r40_500-8000.hdf5	left	right
1246.8018	1	Stimulus/S  1	1	12468018	12468026	73	1	40	pips_l400_r40_500-8000.hdf5	left	right
1247.8684	1	Stimulus/S  1	1	12478684	12478692	73	2	60	pips_l400_r40_500-8000.hdf5	left	right
1248.9245	1	Stimulus/S  1	1	12489245	12489253	73	3	70	pips_l400_r40_500-8000.hdf5	left	right
1249.9698	1	Stimulus/S  1	1	12499698	12499706	73	4	50	pips_l400_r40_500-8000.hdf5	left	right
1251.0365	1	Stimulus/S  1	1	12510365	12510373	73	5	30	pips_l400_r40_500-8000.hdf5	left	right
1252.1032	1	Stimulus/S  1	1	12521032	12521040	74	0	20	pips_l400_r40_500-8000.hdf5	left	right
1253.1698	1	Stimulus/S  1	1	12531698	12531706	74	1	40	pips_l400_r40_500-8000.hdf5	left	right
1254.2258	1	Stimulus/S  1	1	12542258	12542266	74	2	60	pips_l400_r40_500-8000.hdf5	left	right
1255.2925	1	Stimulus/S  1	1	12552925	12552933	74	3	70	pips_l400_r40_500-8000.hdf5	left	right
1256.3592	1	Stimulus/S  1	1	12563592	12563600	74	4	50	pips_l400_r40_500-8000.hdf5	left	right
1257.4045	1	Stimulus/S  1	1	12574045	12574053	74	5	30	pips_l400_r40_500-8000.hdf5	left	right
1258.4606	1	Stimulus/S  1	1	12584606	12584614	75	0	20	pips_l400_r40_500-8000.hdf5	left	right
1259.5059	1	Stimulus/S  1	1	12595059	12595067	75	1	40	pips_l400_r40_500-8000.hdf5	left	right
1260.5726	1	Stimulus/S  1	1	12605726	12605734	75	2	60	pips_l400_r40_500-8000.hdf5	left	right
1261.6392	1	Stimulus/S  1	1	12616392	12616400	75	3	70	pips_l400_r40_500-8000.hdf5	left	right
1262.7059	1	Stimulus/S  1	1	12627059	12627067	75	4	50	pips_l400_r40_500-8000.hdf5	left	right
1263.7726	1	Stimulus/S  1	1	12637726	12637734	75	5	30	pips_l400_r40_500-8000.hdf5	left	right
1264.8179	1	Stimulus/S  1	1	12648179	12648187	76	0	20	pips_l400_r40_500-8000.hdf5	left	right
1265.8846	1	Stimulus/S  1	1	12658846	12658854	76	1	40	pips_l400_r40_500-8000.hdf5	left	right
1266.9513	1	Stimulus/S  1	1	12669513	12669521	76	2	60	pips_l400_r40_500-8000.hdf5	left	right
1268.018	1	Stimulus/S  1	1	12680180	12680188	76	3	70	pips_l400_r40_500-8000.hdf5	left	right
1269.0847	1	Stimulus/S  1	1	12690847	12690855	76	4	50	pips_l400_r40_500-8000.hdf5	left	right
1270.1407	1	Stimulus/S  1	1	12701407	12701415	76	5	30	pips_l400_r40_500-8000.hdf5	left	right
1271.2073	1	Stimulus/S  1	1	12712073	12712081	77	0	20	pips_l400_r40_500-8000.hdf5	left	right
1272.2527	1	Stimulus/S  1	1	12722527	12722535	77	1	40	pips_l400_r40_500-8000.hdf5	left	right
1273.3194	1	Stimulus/S  1	1	12733194	12733202	77	2	60	pips_l400_r40_500-8000.hdf5	left	right
1274.386	1	Stimulus/S  1	1	12743860	12743868	77	3	70	pips_l400_r40_500-8000.hdf5	left	right
1275.442	1	Stimulus/S  1	1	12754420	12754428	77	4	50	pips_l400_r40_500-8000.hdf5	left	right
1276.4874	1	Stimulus/S  1	1	12764874	12764882	77	5	30	pips_l400_r40_500-8000.hdf5	left	right
1277.5434	1	Stimulus/S  1	1	12775434	12775442	78	0	20	pips_l400_r40_500-8000.hdf5	left	right
1278.6101	1	Stimulus/S  1	1	12786101	12786109	78	1	40	pips_l400_r40_500-8000.hdf5	left	right
1279.6554	1	Stimulus/S  1	1	12796554	12796562	78	2	60	pips_l400_r40_500-8000.hdf5	left	right
1280.7114	1	Stimulus/S  1	1	12807114	12807122	78	3	70	pips_l400_r40_500-8000.hdf5	left	right
1281.7568	1	Stimulus/S  1	1	12817568	12817576	78	4	50	pips_l400_r40_500-8000.hdf5	left	right
1282.8235	1	Stimulus/S  1	1	12828235	12828243	78	5	30	pips_l400_r40_500-8000.hdf5	left	right
1283.8901	1	Stimulus/S  1	1	12838901	12838909	79	0	20	pips_l400_r40_500-8000.hdf5	left	right
1284.9355	1	Stimulus/S  1	1	12849355	12849363	79	1	40	pips_l400_r40_500-8000.hdf5	left	right
1285.9915	1	Stimulus/S  1	1	12859915	12859923	79	2	60	pips_l400_r40_500-8000.hdf5	left	right
1287.0582	1	Stimulus/S  1	1	12870582	12870590	79	3	70	pips_l400_r40_500-8000.hdf5	left	right
1288.1248	1	Stimulus/S  1	1	12881248	12881256	79	4	50	pips_l400_r40_500-8000.hdf5	left	right
1289.1702	1	Stimulus/S  1	1	12891702	12891710	79	5	30	pips_l400_r40_500-8000.hdf5	left	right
1290.2369	1	Stimulus/S  1	1	12902369	12902377	80	0	20	pips_l400_r40_500-8000.hdf5	left	right
1291.3035	1	Stimulus/S  1	1	12913035	12913043	80	1	40	pips_l400_r40_500-8000.hdf5	left	right
1292.3595	1	Stimulus/S  1	1	12923595	12923603	80	2	60	pips_l400_r40_500-8000.hdf5	left	right
1293.4049	1	Stimulus/S  1	1	12934049	12934057	80	3	70	pips_l400_r40_500-8000.hdf5	left	right
1294.4716	1	Stimulus/S  1	1	12944716	12944724	80	4	50	pips_l400_r40_500-8000.hdf5	left	right
1295.5382	1	Stimulus/S  1	1	12955382	12955390	80	5	30	pips_l400_r40_500-8000.hdf5	left	right
1296.5943	1	Stimulus/S  1	1	12965943	12965951	81	0	20	pips_l400_r40_500-8000.hdf5	left	right
1297.6396	1	Stimulus/S  1	1	12976396	12976404	81	1	40	pips_l400_r40_500-8000.hdf5	left	right
1298.7063	1	Stimulus/S  1	1	12987063	12987071	81	2	60	pips_l400_r40_500-8000.hdf5	left	right
1299.7516	1	Stimulus/S  1	1	12997516	12997524	81	3	70	pips_l400_r40_500-8000.hdf5	left	right
1300.8076	1	Stimulus/S  1	1	13008076	13008084	81	4	50	pips_l400_r40_500-8000.hdf5	left	right
1301.8743	1	Stimulus/S  1	1	13018743	13018751	81	5	30	pips_l400_r40_500-8000.hdf5	left	right
1302.9196	1	Stimulus/S  1	1	13029196	13029204	82	0	20	pips_l400_r40_500-8000.hdf5	left	right
1303.9757	1	Stimulus/S  1	1	13039757	13039765	82	1	40	pips_l400_r40_500-8000.hdf5	left	right
1305.0423	1	Stimulus/S  1	1	13050423	13050431	82	2	60	pips_l400_r40_500-8000.hdf5	left	right
1306.0877	1	Stimulus/S  1	1	13060877	13060885	82	3	70	pips_l400_r40_500-8000.hdf5	left	right
1307.1544	1	Stimulus/S  1	1	13071544	13071552	82	4	50	pips_l400_r40_500-8000.hdf5	left	right
1308.2104	1	Stimulus/S  1	1	13082104	13082112	82	5	30	pips_l400_r40_500-8000.hdf5	left	right
1309.2557	1	Stimulus/S  1	1	13092557	13092565	83	0	20	pips_l400_r40_500-8000.hdf5	left	right
1310.3224	1	Stimulus/S  1	1	13103224	13103232	83	1	40	pips_l400_r40_500-8000.hdf5	left	right
1311.3784	1	Stimulus/S  1	1	13113784	13113792	83	2	60	pips_l400_r40_500-8000.hdf5	left	right
1312.4237	1	Stimulus/S  1	1	13124237	13124245	83	3	70	pips_l400_r40_500-8000.hdf5	left	right
1313.4904	1	Stimulus/S  1	1	13134904	13134912	83	4	50	pips_l400_r40_500-8000.hdf5	left	right
1314.5358	1	Stimulus/S  1	1	13145358	13145366	83	5	30	pips_l400_r40_500-8000.hdf5	left	right
1315.5918	1	Stimulus/S  1	1	13155918	13155926	84	0	20	pips_l400_r40_500-8000.hdf5	left	right
1316.6585	1	Stimulus/S  1	1	13166585	13166593	84	1	40	pips_l400_r40_500-8000.hdf5	left	right
1317.7038	1	Stimulus/S  1	1	13177038	13177046	84	2	60	pips_l400_r40_500-8000.hdf5	left	right
1318.7705	1	Stimulus/S  1	1	13187705	13187713	84	3	70	pips_l400_r40_500-8000.hdf5	left	right
1319.8371	1	Stimulus/S  1	1	13198371	13198379	84	4	50	pips_l400_r40_500-8000.hdf5	left	right
1320.9038	1	Stimulus/S  1	1	13209038	13209046	84	5	30	pips_l400_r40_500-8000.hdf5	left	right
1321.9598	1	Stimulus/S  1	1	13219598	13219606	85	0	20	pips_l400_r40_500-8000.hdf5	left	right
1323.0052	1	Stimulus/S  1	1	13230052	13230060	85	1	40	pips_l400_r40_500-8000.hdf5	left	right
1324.0719	1	Stimulus/S  1	1	13240719	13240727	85	2	60	pips_l400_r40_500-8000.hdf5	left	right
1325.1279	1	Stimulus/S  1	1	13251279	13251287	85	3	70	pips_l400_r40_500-8000.hdf5	left	right
1326.1732	1	Stimulus/S  1	1	13261732	13261740	85	4	50	pips_l400_r40_500-8000.hdf5	left	right
1327.2186	1	Stimulus/S  1	1	13272186	13272194	85	5	30	pips_l400_r40_500-8000.hdf5	left	right
1328.2852	1	Stimulus/S  1	1	13282852	13282860	86	0	20	pips_l400_r40_500-8000.hdf5	left	right
1329.3412	1	Stimulus/S  1	1	13293412	13293420	86	1	40	pips_l400_r40_500-8000.hdf5	left	right
1330.4079	1	Stimulus/S  1	1	13304079	13304087	86	2	60	pips_l400_r40_500-8000.hdf5	left	right
1331.4746	1	Stimulus/S  1	1	13314746	13314754	86	3	70	pips_l400_r40_500-8000.hdf5	left	right
1332.5199	1	Stimulus/S  1	1	13325199	13325207	86	4	50	pips_l400_r40_500-8000.hdf5	left	right
1333.5759	1	Stimulus/S  1	1	13335759	13335767	86	5	30	pips_l400_r40_500-8000.hdf5	left	right
1334.6213	1	Stimulus/S  1	1	13346213	13346221	87	0	20	pips_l400_r40_500-8000.hdf5	left	right
1335.6773	1	Stimulus/S  1	1	13356773	13356781	87	1	40	pips_l400_r40_500-8000.hdf5	left	right
1336.7226	1	Stimulus/S  1	1	13367226	13367234	87	2	60	pips_l400_r40_500-8000.hdf5	left	right
1337.7787	1	Stimulus/S  1	1	13377787	13377795	87	3	70	pips_l400_r40_500-8000.hdf5	left	right
1338.824	1	Stimulus/S  1	1	13388240	13388248	87	4	50	pips_l400_r40_500-8000.hdf5	left	right
1339.8693	1	Stimulus/S  1	1	13398693	13398701	87	5	30	pips_l400_r40_500-8000.hdf5	left	right
1340.936	1	Stimulus/S  1	1	13409360	13409368	88	0	20	pips_l400_r40_500-8000.hdf5	left	right
1341.992	1	Stimulus/S  1	1	13419920	13419928	88	1	40	pips_l400_r40_500-8000.hdf5	left	right
1343.0374	1	Stimulus/S  1	1	13430374	13430382	88	2	60	pips_l400_r40_500-8000.hdf5	left	right
1344.1041	1	Stimulus/S  1	1	13441041	13441049	88	3	70	pips_l400_r40_500-8000.hdf5	left	right
1345.1707	1	Stimulus/S  1	1	13451707	13451715	88	4	50	pips_l400_r40_500-8000.hdf5	left	right
1346.2267	1	Stimulus/S  1	1	13462267	13462275	88	5	30	pips_l400_r40_500-8000.hdf5	left	right
1347.2934	1	Stimulus/S  1	1	13472934	13472942	89	0	20	pips_l400_r40_500-8000.hdf5	left	right
1348.3388	1	Stimulus/S  1	1	13483388	13483396	89	1	40	pips_l400_r40_500-8000.hdf5	left	right
1349.3948	1	Stimulus/S  1	1	13493948	13493956	89	2	60	pips_l400_r40_500-8000.hdf5	left	right
1350.4401	1	Stimulus/S  1	1	13504401	13504409	89	3	70	pips_l400_r40_500-8000.hdf5	left	right
1351.5068	1	Stimulus/S  1	1	13515068	13515076	89	4	50	pips_l400_r40_500-8000.hdf5	left	right
1352.5735	1	Stimulus/S  1	1	13525735	13525743	89	5	30	pips_l400_r40_500-8000.hdf5	left	right
1353.6188	1	Stimulus/S  1	1	13536188	13536196	90	0	20	pips_l400_r40_500-8000.hdf5	left	right
1354.6748	1	Stimulus/S  1	1	13546748	13546756	90	1	40	pips_l400_r40_500-8000.hdf5	left	right
1355.7415	1	Stimulus/S  1	1	13557415	13557423	90	2	60	pips_l400_r40_500-8000.hdf5	left	right
1356.7868	1	Stimulus/S  1	1	13567868	13567876	90	3	70	pips_l400_r40_500-8000.hdf5	left	right
1357.8429	1	Stimulus/S  1	1	13578429	13578437	90	4	50	pips_l400_r40_500-8000.hdf5	left	right
1358.8882	1	Stimulus/S  1	1	13588882	13588890	90	5	30	pips_l400_r40_500-8000.hdf5	left	right
1359.9442	1	Stimulus/S  1	1	13599442	13599450	91	0	20	pips_l400_r40_500-8000.hdf5	left	right
1361.0109	1	Stimulus/S  1	1	13610109	13610117	91	1	40	pips_l400_r40_500-8000.hdf5	left	right
1362.0562	1	Stimulus/S  1	1	13620562	13620570	91	2	60	pips_l400_r40_500-8000.hdf5	left	right
1363.1229	1	Stimulus/S  1	1	13631229	13631237	91	3	70	pips_l400_r40_500-8000.hdf5	left	right
1364.1789	1	Stimulus/S  1	1	13641789	13641797	91	4	50	pips_l400_r40_500-8000.hdf5	left	right
1365.2243	1	Stimulus/S  1	1	13652243	13652251	91	5	30	pips_l400_r40_500-8000.hdf5	left	right
1366.2696	1	Stimulus/S  1	1	13662696	13662704	92	0	20	pips_l400_r40_500-8000.hdf5	left	right
1367.3256	1	Stimulus/S  1	1	13673256	13673264	92	1	40	pips_l400_r40_500-8000.hdf5	left	right
1368.3923	1	Stimulus/S  1	1	13683923	13683931	92	2	60	pips_l400_r40_500-8000.hdf5	left	right
1369.4376	1	Stimulus/S  1	1	13694376	13694384	92	3	70	pips_l400_r40_500-8000.hdf5	left	right
1370.4936	1	Stimulus/S  1	1	13704936	13704944	92	4	50	pips_l400_r40_500-8000.hdf5	left	right
1371.5603	1	Stimulus/S  1	1	13715603	13715611	92	5	30	pips_l400_r40_500-8000.hdf5	left	right
1372.6057	1	Stimulus/S  1	1	13726057	13726065	93	0	20	pips_l400_r40_500-8000.hdf5	left	right
1373.6723	1	Stimulus/S  1	1	13736723	13736731	93	1	40	pips_l400_r40_500-8000.hdf5	left	right
1374.7283	1	Stimulus/S  1	1	13747283	13747291	93	2	60	pips_l400_r40_500-8000.hdf5	left	right
1375.795	1	Stimulus/S  1	1	13757950	13757958	93	3	70	pips_l400_r40_500-8000.hdf5	left	right
1376.8404	1	Stimulus/S  1	1	13768404	13768412	93	4	50	pips_l400_r40_500-8000.hdf5	left	right
1377.8964	1	Stimulus/S  1	1	13778964	13778972	93	5	30	pips_l400_r40_500-8000.hdf5	left	right
1378.9631	1	Stimulus/S  1	1	13789631	13789639	94	0	20	pips_l400_r40_500-8000.hdf5	left	right
1380.0084	1	Stimulus/S  1	1	13800084	13800092	94	1	40	pips_l400_r40_500-8000.hdf5	left	right
1381.0537	1	Stimulus/S  1	1	13810537	13810545	94	2	60	pips_l400_r40_500-8000.hdf5	left	right
1382.1204	1	Stimulus/S  1	1	13821204	13821212	94	3	70	pips_l400_r40_500-8000.hdf5	left	right
1383.1764	1	Stimulus/S  1	1	13831764	13831772	94	4	50	pips_l400_r40_500-8000.hdf5	left	right
1384.2218	1	Stimulus/S  1	1	13842218	13842226	94	5	30	pips_l400_r40_500-8000.hdf5	left	right
1385.2778	1	Stimulus/S  1	1	13852778	13852786	95	0	20	pips_l400_r40_500-8000.hdf5	left	right
1386.3445	1	Stimulus/S  1	1	13863445	13863453	95	1	40	pips_l400_r40_500-8000.hdf5	left	right
1387.3898	1	Stimulus/S  1	1	13873898	13873906	95	2	60	pips_l400_r40_500-8000.hdf5	left	right
1388.4458	1	Stimulus/S  1	1	13884458	13884466	95	3	70	pips_l400_r40_500-8000.hdf5	left	right
1389.5125	1	Stimulus/S  1	1	13895125	13895133	95	4	50	pips_l400_r40_500-8000.hdf5	left	right
1390.5578	1	Stimulus/S  1	1	13905578	13905586	95	5	30	pips_l400_r40_500-8000.hdf5	left	right
1391.6245	1	Stimulus/S  1	1	13916245	13916253	96	0	20	pips_l400_r40_500-8000.hdf5	left	right
1392.6699	1	Stimulus/S  1	1	13926699	13926707	96	1	40	pips_l400_r40_500-8000.hdf5	left	right
1393.7365	1	Stimulus/S  1	1	13937365	13937373	96	2	60	pips_l400_r40_500-8000.hdf5	left	right
1394.7925	1	Stimulus/S  1	1	13947925	13947933	96	3	70	pips_l400_r40_500-8000.hdf5	left	right
1395.8592	1	Stimulus/S  1	1	13958592	13958600	96	4	50	pips_l400_r40_500-8000.hdf5	left	right
1396.9259	1	Stimulus/S  1	1	13969259	13969267	96	5	30	pips_l400_r40_500-8000.hdf5	left	right
1397.9712	1	Stimulus/S  1	1	13979712	13979720	97	0	20	pips_l400_r40_500-8000.hdf5	left	right
1399.0273	1	Stimulus/S  1	1	13990273	13990281	97	1	40	pips_l400_r40_500-8000.hdf5	left	right
1400.0726	1	Stimulus/S  1	1	14000726	14000734	97	2	60	pips_l400_r40_500-8000.hdf5	left	right
1401.1393	1	Stimulus/S  1	1	14011393	14011401	97	3	70	pips_l400_r40_500-8000.hdf5	left	right
1402.1953	1	Stimulus/S  1	1	14021953	14021961	97	4	50	pips_l400_r40_500-8000.hdf5	left	right
1403.2406	1	Stimulus/S  1	1	14032406	14032414	97	5	30	pips_l400_r40_500-8000.hdf5	left	right
1404.2966	1	Stimulus/S  1	1	14042966	14042974	98	0	20	pips_l400_r40_500-8000.hdf5	left	right
1405.3633	1	Stimulus/S  1	1	14053633	14053641	98	1	40	pips_l400_r40_500-8000.hdf5	left	right
1406.4087	1	Stimulus/S  1	1	14064087	14064095	98	2	60	pips_l400_r40_500-8000.hdf5	left	right
1407.454	1	Stimulus/S  1	1	14074540	14074548	98	3	70	pips_l400_r40_500-8000.hdf5	left	right
1408.5207	1	Stimulus/S  1	1	14085207	14085215	98	4	50	pips_l400_r40_500-8000.hdf5	left	right
1409.5767	1	Stimulus/S  1	1	14095767	14095775	98	5	30	pips_l400_r40_500-8000.hdf5	left	right
1410.6434	1	Stimulus/S  1	1	14106434	14106442	99	0	20	pips_l400_r40_500-8000.hdf5	left	right
1411.6887	1	Stimulus/S  1	1	14116887	14116895	99	1	40	pips_l400_r40_500-8000.hdf5	left	right
1412.7554	1	Stimulus/S  1	1	14127554	14127562	99	2	60	pips_l400_r40_500-8000.hdf5	left	right
1413.8114	1	Stimulus/S  1	1	14138114	14138122	99	3	70	pips_l400_r40_500-8000.hdf5	left	right
1414.8781	1	Stimulus/S  1	1	14148781	14148789	99	4	50	pips_l400_r40_500-8000.hdf5	left	right
1415.9234	1	Stimulus/S  1	1	14159234	14159242	99	5	30	pips_l400_r40_500-8000.hdf5	left	right
1416.9901	1	Stimulus/S  1	1	14169901	14169909	100	0	20	pips_l400_r40_500-8000.hdf5	left	right
1418.0568	1	Stimulus/S  1	1	14180568	14180576	100	1	40	pips_l400_r40_500-8000.hdf5	left	right
1419.1128	1	Stimulus/S  1	1	14191128	14191136	100	2	60	pips_l400_r40_500-8000.hdf5	left	right
1420.1795	1	Stimulus/S  1	1	14201795	14201803	100	3	70	pips_l400_r40_500-8000.hdf5	left	right
1421.2248	1	Stimulus/S  1	1	14212248	14212256	100	4	50	pips_l400_r40_500-8000.hdf5	left	right
1422.2915	1	Stimulus/S  1	1	14222915	14222923	100	5	30	pips_l400_r40_500-8000.hdf5	left	right
1423.3475	1	Stimulus/S  1	1	14233475	14233483	101	0	20	pips_l400_r40_500-8000.hdf5	left	right
1424.3928	1	Stimulus/S  1	1	14243928	14243936	101	1	40	pips_l400_r40_500-8000.hdf5	left	right
1425.4595	1	Stimulus/S  1	1	14254595	14254603	101	2	60	pips_l400_r40_500-8000.hdf5	left	right
1426.5049	1	Stimulus/S  1	1	14265049	14265057	101	3	70	pips_l400_r40_500-8000.hdf5	left	right
1427.5609	1	Stimulus/S  1	1	14275609	14275617	101	4	50	pips_l400_r40_500-8000.hdf5	left	right
1428.6275	1	Stimulus/S  1	1	14286275	14286283	101	5	30	pips_l400_r40_500-8000.hdf5	left	right
1429.6729	1	Stimulus/S  1	1	14296729	14296737	102	0	20	pips_l400_r40_500-8000.hdf5	left	right
1430.7396	1	Stimulus/S  1	1	14307396	14307404	102	1	40	pips_l400_r40_500-8000.hdf5	left	right
1431.7956	1	Stimulus/S  1	1	14317956	14317964	102	2	60	pips_l400_r40_500-8000.hdf5	left	right
1432.8622	1	Stimulus/S  1	1	14328622	14328630	102	3	70	pips_l400_r40_500-8000.hdf5	left	right
1433.9076	1	Stimulus/S  1	1	14339076	14339084	102	4	50	pips_l400_r40_500-8000.hdf5	left	right
1434.9636	1	Stimulus/S  1	1	14349636	14349644	102	5	30	pips_l400_r40_500-8000.hdf5	left	right
1436.0303	1	Stimulus/S  1	1	14360303	14360311	103	0	20	pips_l400_r40_500-8000.hdf5	left	right
1437.097	1	Stimulus/S  1	1	14370970	14370978	103	1	40	pips_l400_r40_500-8000.hdf5	left	right
1438.1423	1	Stimulus/S  1	1	14381423	14381431	103	2	60	pips_l400_r40_500-8000.hdf5	left	right
1439.209	1	Stimulus/S  1	1	14392090	14392098	103	3	70	pips_l400_r40_500-8000.hdf5	left	right
1440.265	1	Stimulus/S  1	1	14402650	14402658	103	4	50	pips_l400_r40_500-8000.hdf5	left	right
1441.321	1	Stimulus/S  1	1	14413210	14413218	103	5	30	pips_l400_r40_500-8000.hdf5	left	right
1442.377	1	Stimulus/S  1	1	14423770	14423778	104	0	20	pips_l400_r40_500-8000.hdf5	left	right
1443.4224	1	Stimulus/S  1	1	14434224	14434232	104	1	40	pips_l400_r40_500-8000.hdf5	left	right
1444.489	1	Stimulus/S  1	1	14444890	14444898	104	2	60	pips_l400_r40_500-8000.hdf5	left	right
1445.545	1	Stimulus/S  1	1	14455450	14455458	104	3	70	pips_l400_r40_500-8000.hdf5	left	right
1446.6117	1	Stimulus/S  1	1	14466117	14466125	104	4	50	pips_l400_r40_500-8000.hdf5	left	right
1447.6571	1	Stimulus/S  1	1	14476571	14476579	104	5	30	pips_l400_r40_500-8000.hdf5	left	right
1448.7237	1	Stimulus/S  1	1	14487237	14487245	105	0	20	pips_l400_r40_500-8000.hdf5	left	right
1449.7904	1	Stimulus/S  1	1	14497904	14497912	105	1	40	pips_l400_r40_500-8000.hdf5	left	right
1450.8464	1	Stimulus/S  1	1	14508464	14508472	105	2	60	pips_l400_r40_500-8000.hdf5	left	right
1451.9131	1	Stimulus/S  1	1	14519131	14519139	105	3	70	pips_l400_r40_500-8000.hdf5	left	right
1452.9584	1	Stimulus/S  1	1	14529584	14529592	105	4	50	pips_l400_r40_500-8000.hdf5	left	right
1454.0251	1	Stimulus/S  1	1	14540251	14540259	105	5	30	pips_l400_r40_500-8000.hdf5	left	right
1455.0918	1	Stimulus/S  1	1	14550918	14550926	106	0	20	pips_l400_r40_500-8000.hdf5	left	right
1456.1371	1	Stimulus/S  1	1	14561371	14561379	106	1	40	pips_l400_r40_500-8000.hdf5	left	right
1457.2145	1	Stimulus/S  1	1	14572145	14572153	106	2	60	pips_l400_r40_500-8000.hdf5	left	right
1458.2598	1	Stimulus/S  1	1	14582598	14582606	106	3	70	pips_l400_r40_500-8000.hdf5	left	right
1459.3052	1	Stimulus/S  1	1	14593052	14593060	106	4	50	pips_l400_r40_500-8000.hdf5	left	right
1460.3612	1	Stimulus/S  1	1	14603612	14603620	106	5	30	pips_l400_r40_500-8000.hdf5	left	right
1461.4279	1	Stimulus/S  1	1	14614279	14614287	107	0	20	pips_l400_r40_500-8000.hdf5	left	right
1462.4945	1	Stimulus/S  1	1	14624945	14624953	107	1	40	pips_l400_r40_500-8000.hdf5	left	right
1463.5399	1	Stimulus/S  1	1	14635399	14635407	107	2	60	pips_l400_r40_500-8000.hdf5	left	right
1464.6066	1	Stimulus/S  1	1	14646066	14646074	107	3	70	pips_l400_r40_500-8000.hdf5	left	right
1465.6626	1	Stimulus/S  1	1	14656626	14656634	107	4	50	pips_l400_r40_500-8000.hdf5	left	right
1466.7079	1	Stimulus/S  1	1	14667079	14667087	107	5	30	pips_l400_r40_500-8000.hdf5	left	right
1467.7746	1	Stimulus/S  1	1	14677746	14677754	108	0	20	pips_l400_r40_500-8000.hdf5	left	right
1468.8306	1	Stimulus/S  1	1	14688306	14688314	108	1	40	pips_l400_r40_500-8000.hdf5	left	right
1469.8973	1	Stimulus/S  1	1	14698973	14698981	108	2	60	pips_l400_r40_500-8000.hdf5	left	right
1470.9426	1	Stimulus/S  1	1	14709426	14709434	108	3	70	pips_l400_r40_500-8000.hdf5	left	right
1471.988	1	Stimulus/S  1	1	14719880	14719888	108	4	50	pips_l400_r40_500-8000.hdf5	left	right
1473.044	1	Stimulus/S  1	1	14730440	14730448	108	5	30	pips_l400_r40_500-8000.hdf5	left	right
1474.0893	1	Stimulus/S  1	1	14740893	14740901	109	0	20	pips_l400_r40_500-8000.hdf5	left	right
1475.1453	1	Stimulus/S  1	1	14751453	14751461	109	1	40	pips_l400_r40_500-8000.hdf5	left	right
1476.1907	1	Stimulus/S  1	1	14761907	14761915	109	2	60	pips_l400_r40_500-8000.hdf5	left	right
1477.2467	1	Stimulus/S  1	1	14772467	14772475	109	3	70	pips_l400_r40_500-8000.hdf5	left	right
1478.3134	1	Stimulus/S  1	1	14783134	14783142	109	4	50	pips_l400_r40_500-8000.hdf5	left	right
1479.3587	1	Stimulus/S  1	1	14793587	14793595	109	5	30	pips_l400_r40_500-8000.hdf5	left	right
1480.4254	1	Stimulus/S  1	1	14804254	14804262	110	0	20	pips_l400_r40_500-8000.hdf5	left	right
1481.4814	1	Stimulus/S  1	1	14814814	14814822	110	1	40	pips_l400_r40_500-8000.hdf5	left	right
1482.5481	1	Stimulus/S  1	1	14825481	14825489	110	2	60	pips_l400_r40_500-8000.hdf5	left	right
1483.5934	1	Stimulus/S  1	1	14835934	14835942	110	3	70	pips_l400_r40_500-8000.hdf5	left	right
1484.6601	1	Stimulus/S  1	1	14846601	14846609	110	4	50	pips_l400_r40_500-8000.hdf5	left	right
1485.7054	1	Stimulus/S  1	1	14857054	14857062	110	5	30	pips_l400_r40_500-8000.hdf5	left	right
1486.7721	1	Stimulus/S  1	1	14867721	14867729	111	0	20	pips_l400_r40_500-8000.hdf5	left	right
1487.8281	1	Stimulus/S  1	1	14878281	14878289	111	1	40	pips_l400_r40_500-8000.hdf5	left	right
1488.8735	1	Stimulus/S  1	1	14888735	14888743	111	2	60	pips_l400_r40_500-8000.hdf5	left	right
1489.9295	1	Stimulus/S  1	1	14899295	14899303	111	3	70	pips_l400_r40_500-8000.hdf5	left	right
1490.9961	1	Stimulus/S  1	1	14909961	14909969	111	4	50	pips_l400_r40_500-8000.hdf5	left	right
1492.0415	1	Stimulus/S  1	1	14920415	14920423	111	5	30	pips_l400_r40_500-8000.hdf5	left	right
1493.1082	1	Stimulus/S  1	1	14931082	14931090	112	0	20	pips_l400_r40_500-8000.hdf5	left	right
1494.1642	1	Stimulus/S  1	1	14941642	14941650	112	1	40	pips_l400_r40_500-8000.hdf5	left	right
1495.2309	1	Stimulus/S  1	1	14952309	14952317	112	2	60	pips_l400_r40_500-8000.hdf5	left	right
1496.2762	1	Stimulus/S  1	1	14962762	14962770	112	3	70	pips_l400_r40_500-8000.hdf5	left	right
1497.3215	1	Stimulus/S  1	1	14973215	14973223	112	4	50	pips_l400_r40_500-8000.hdf5	left	right
1498.3882	1	Stimulus/S  1	1	14983882	14983890	112	5	30	pips_l400_r40_500-8000.hdf5	left	right
1499.4442	1	Stimulus/S  1	1	14994442	14994450	113	0	20	pips_l400_r40_500-8000.hdf5	left	right
1500.4896	1	Stimulus/S  1	1	15004896	15004904	113	1	40	pips_l400_r40_500-8000.hdf5	left	right
1501.5456	1	Stimulus/S  1	1	15015456	15015464	113	2	60	pips_l400_r40_500-8000.hdf5	left	right
1502.5909	1	Stimulus/S  1	1	15025909	15025917	113	3	70	pips_l400_r40_500-8000.hdf5	left	right
1503.6469	1	Stimulus/S  1	1	15036469	15036477	113	4	50	pips_l400_r40_500-8000.hdf5	left	right
1504.7136	1	Stimulus/S  1	1	15047136	15047144	113	5	30	pips_l400_r40_500-8000.hdf5	left	right
1505.759	1	Stimulus/S  1	1	15057590	15057598	114	0	20	pips_l400_r40_500-8000.hdf5	left	right
1506.8256	1	Stimulus/S  1	1	15068256	15068264	114	1	40	pips_l400_r40_500-8000.hdf5	left	right
1507.8816	1	Stimulus/S  1	1	15078816	15078824	114	2	60	pips_l400_r40_500-8000.hdf5	left	right
1508.9483	1	Stimulus/S  1	1	15089483	15089491	114	3	70	pips_l400_r40_500-8000.hdf5	left	right
1509.9937	1	Stimulus/S  1	1	15099937	15099945	114	4	50	pips_l400_r40_500-8000.hdf5	left	right
1511.039	1	Stimulus/S  1	1	15110390	15110398	114	5	30	pips_l400_r40_500-8000.hdf5	left	right
1512.1057	1	Stimulus/S  1	1	15121057	15121065	115	0	20	pips_l400_r40_500-8000.hdf5	left	right
1513.1617	1	Stimulus/S  1	1	15131617	15131625	115	1	40	pips_l400_r40_500-8000.hdf5	left	right
1514.2284	1	Stimulus/S  1	1	15142284	15142292	115	2	60	pips_l400_r40_500-8000.hdf5	left	right
1515.2737	1	Stimulus/S  1	1	15152737	15152745	115	3	70	pips_l400_r40_500-8000.hdf5	left	right
1516.3297	1	Stimulus/S  1	1	15163297	15163305	115	4	50	pips_l400_r40_500-8000.hdf5	left	right
1517.3964	1	Stimulus/S  1	1	15173964	15173972	115	5	30	pips_l400_r40_500-8000.hdf5	left	right
1518.4417	1	Stimulus/S  1	1	15184417	15184425	116	0	20	pips_l400_r40_500-8000.hdf5	left	right
1519.4978	1	Stimulus/S  1	1	15194978	15194986	116	1	40	pips_l400_r40_500-8000.hdf5	left	right
1520.5644	1	Stimulus/S  1	1	15205644	15205652	116	2	60	pips_l400_r40_500-8000.hdf5	left	right
1521.6098	1	Stimulus/S  1	1	15216098	15216106	116	3	70	pips_l400_r40_500-8000.hdf5	left	right
1522.6765	1	Stimulus/S  1	1	15226765	15226773	116	4	50	pips_l400_r40_500-8000.hdf5	left	right
1523.7218	1	Stimulus/S  1	1	15237218	15237226	116	5	30	pips_l400_r40_500-8000.hdf5	left	right
1524.7778	1	Stimulus/S  1	1	15247778	15247786	117	0	20	pips_l400_r40_500-8000.hdf5	left	right
1525.8445	1	Stimulus/S  1	1	15258445	15258453	117	1	40	pips_l400_r40_500-8000.hdf5	left	right
1526.8898	1	Stimulus/S  1	1	15268898	15268906	117	2	60	pips_l400_r40_500-8000.hdf5	left	right
1527.9565	1	Stimulus/S  1	1	15279565	15279573	117	3	70	pips_l400_r40_500-8000.hdf5	left	right
1529.0125	1	Stimulus/S  1	1	15290125	15290133	117	4	50	pips_l400_r40_500-8000.hdf5	left	right
1530.0579	1	Stimulus/S  1	1	15300579	15300587	117	5	30	pips_l400_r40_500-8000.hdf5	left	right
1531.1245	1	Stimulus/S  1	1	15311245	15311253	118	0	20	pips_l400_r40_500-8000.hdf5	left	right
1532.1912	1	Stimulus/S  1	1	15321912	15321920	118	1	40	pips_l400_r40_500-8000.hdf5	left	right
1533.2472	1	Stimulus/S  1	1	15332472	15332480	118	2	60	pips_l400_r40_500-8000.hdf5	left	right
1534.3139	1	Stimulus/S  1	1	15343139	15343147	118	3	70	pips_l400_r40_500-8000.hdf5	left	right
1535.3806	1	Stimulus/S  1	1	15353806	15353814	118	4	50	pips_l400_r40_500-8000.hdf5	left	right
1536.4259	1	Stimulus/S  1	1	15364259	15364267	118	5	30	pips_l400_r40_500-8000.hdf5	left	right
1537.4926	1	Stimulus/S  1	1	15374926	15374934	119	0	20	pips_l400_r40_500-8000.hdf5	left	right
1538.5486	1	Stimulus/S  1	1	15385486	15385494	119	1	40	pips_l400_r40_500-8000.hdf5	left	right
1539.594	1	Stimulus/S  1	1	15395940	15395948	119	2	60	pips_l400_r40_500-8000.hdf5	left	right
1540.6606	1	Stimulus/S  1	1	15406606	15406614	119	3	70	pips_l400_r40_500-8000.hdf5	left	right
1541.706	1	Stimulus/S  1	1	15417060	15417068	119	4	50	pips_l400_r40_500-8000.hdf5	left	right
1542.7727	1	Stimulus/S  1	1	15427727	15427735	119	5	30	pips_l400_r40_500-8000.hdf5	left	right
1543.8393	1	Stimulus/S  1	1	15438393	15438401	0	0	20	pips_l400_r40_500-8000.hdf5	left	right
1544.8953	1	Stimulus/S  1	1	15448953	15448961	0	1	40	pips_l400_r40_500-8000.hdf5	left	right
1545.9407	1	Stimulus/S  1	1	15459407	15459415	0	2	60	pips_l400_r40_500-8000.hdf5	left	right
1546.9967	1	Stimulus/S  1	1	15469967	15469975	0	3	70	pips_l400_r40_500-8000.hdf5	left	right
1548.0634	1	Stimulus/S  1	1	15480634	15480642	0	4	50	pips_l400_r40_500-8000.hdf5	left	right
1549.13	1	Stimulus/S  1	1	15491300	15491308	0	5	30	pips_l400_r40_500-8000.hdf5	left	right
1550.1754	1	Stimulus/S  1	1	15501754	15501762	1	0	20	pips_l400_r40_500-8000.hdf5	left	right
1551.2314	1	Stimulus/S  1	1	15512314	15512322	1	1	40	pips_l400_r40_500-8000.hdf5	left	right
1552.2981	1	Stimulus/S  1	1	15522981	15522989	1	2	60	pips_l400_r40_500-8000.hdf5	left	right
1553.3434	1	Stimulus/S  1	1	15533434	15533442	1	3	70	pips_l400_r40_500-8000.hdf5	left	right
1554.3994	1	Stimulus/S  1	1	15543994	15544002	1	4	50	pips_l400_r40_500-8000.hdf5	left	right
1555.4554	1	Stimulus/S  1	1	15554554	15554562	1	5	30	pips_l400_r40_500-8000.hdf5	left	right
1556.5115	1	Stimulus/S  1	1	15565115	15565123	2	0	20	pips_l400_r40_500-8000.hdf5	left	right
1557.5568	1	Stimulus/S  1	1	15575568	15575576	2	1	40	pips_l400_r40_500-8000.hdf5	left	right
1558.6128	1	Stimulus/S  1	1	15586128	15586136	2	2	60	pips_l400_r40_500-8000.hdf5	left	right
1559.6581	1	Stimulus/S  1	1	15596581	15596589	2	3	70	pips_l400_r40_500-8000.hdf5	left	right
1560.7248	1	Stimulus/S  1	1	15607248	15607256	2	4	50	pips_l400_r40_500-8000.hdf5	left	right
1561.7808	1	Stimulus/S  1	1	15617808	15617816	2	5	30	pips_l400_r40_500-8000.hdf5	left	right
1562.8475	1	Stimulus/S  1	1	15628475	15628483	3	0	20	pips_l400_r40_500-8000.hdf5	left	right
1563.8929	1	Stimulus/S  1	1	15638929	15638937	3	1	40	pips_l400_r40_500-8000.hdf5	left	right
1564.9489	1	Stimulus/S  1	1	15649489	15649497	3	2	60	pips_l400_r40_500-8000.hdf5	left	right
1565.9942	1	Stimulus/S  1	1	15659942	15659950	3	3	70	pips_l400_r40_500-8000.hdf5	left	right
1567.0396	1	Stimulus/S  1	1	15670396	15670404	3	4	50	pips_l400_r40_500-8000.hdf5	left	right
1568.1062	1	Stimulus/S  1	1	15681062	15681070	3	5	30	pips_l400_r40_500-8000.hdf5	left	right
1569.1729	1	Stimulus/S  1	1	15691729	15691737	4	0	20	pips_l400_r40_500-8000.hdf5	left	right
1570.2289	1	Stimulus/S  1	1	15702289	15702297	4	1	40	pips_l400_r40_500-8000.hdf5	left	right
1571.2956	1	Stimulus/S  1	1	15712956	15712964	4	2	60	pips_l400_r40_500-8000.hdf5	left	right
1572.3623	1	Stimulus/S  1	1	15723623	15723631	4	3	70	pips_l400_r40_500-8000.hdf5	left	right
1573.4076	1	Stimulus/S  1	1	15734076	15734084	4	4	50	pips_l400_r40_500-8000.hdf5	left	right
1574.4743	1	Stimulus/S  1	1	15744743	15744751	4	5	30	pips_l400_r40_500-8000.hdf5	left	right
1575.5303	1	Stimulus/S  1	1	15755303	15755311	5	0	20	pips_l400_r40_500-8000.hdf5	left	right
1576.5756	1	Stimulus/S  1	1	15765756	15765764	5	1	40	pips_l400_r40_500-8000.hdf5	left	right
1577.6423	1	Stimulus/S  1	1	15776423	15776431	5	2	60	pips_l400_r40_500-8000.hdf5	left	right
1578.6983	1	Stimulus/S  1	1	15786983	15786991	5	3	70	pips_l400_r40_500-8000.hdf5	left	right
1579.7437	1	Stimulus/S  1	1	15797437	15797445	5	4	50	pips_l400_r40_500-8000.hdf5	left	right
1580.8104	1	Stimulus/S  1	1	15808104	15808112	5	5	30	pips_l400_r40_500-8000.hdf5	left	right
1581.8664	1	Stimulus/S  1	1	15818664	15818672	6	0	20	pips_l400_r40_500-8000.hdf5	left	right
1582.9117	1	Stimulus/S  1	1	15829117	15829125	6	1	40	pips_l400_r40_500-8000.hdf5	left	right
1583.9571	1	Stimulus/S  1	1	15839571	15839579	6	2	60	pips_l400_r40_500-8000.hdf5	left	right
1585.0131	1	Stimulus/S  1	1	15850131	15850139	6	3	70	pips_l400_r40_500-8000.hdf5	left	right
1586.0797	1	Stimulus/S  1	1	15860797	15860805	6	4	50	pips_l400_r40_500-8000.hdf5	left	right
1587.1251	1	Stimulus/S  1	1	15871251	15871259	6	5	30	pips_l400_r40_500-8000.hdf5	left	right
1588.1811	1	Stimulus/S  1	1	15881811	15881819	7	0	20	pips_l400_r40_500-8000.hdf5	left	right
1589.2264	1	Stimulus/S  1	1	15892264	15892272	7	1	40	pips_l400_r40_500-8000.hdf5	left	right
1590.2824	1	Stimulus/S  1	1	15902824	15902832	7	2	60	pips_l400_r40_500-8000.hdf5	left	right
1591.3491	1	Stimulus/S  1	1	15913491	15913499	7	3	70	pips_l400_r40_500-8000.hdf5	left	right
1592.4158	1	Stimulus/S  1	1	15924158	15924166	7	4	50	pips_l400_r40_500-8000.hdf5	left	right
1593.4611	1	Stimulus/S  1	1	15934611	15934619	7	5	30	pips_l400_r40_500-8000.hdf5	left	right
1594.5278	1	Stimulus/S  1	1	15945278	15945286	8	0	20	pips_l400_r40_500-8000.hdf5	left	right
1595.5732	1	Stimulus/S  1	1	15955732	15955740	8	1	40	pips_l400_r40_500-8000.hdf5	left	right
1596.6292	1	Stimulus/S  1	1	15966292	15966300	8	2	60	pips_l400_r40_500-8000.hdf5	left	right
1597.6745	1	Stimulus/S  1	1	15976745	15976753	8	3	70	pips_l400_r40_500-8000.hdf5	left	right
1598.7305	1	Stimulus/S  1	1	15987305	15987313	8	4	50	pips_l400_r40_500-8000.hdf5	left	right
1599.7972	1	Stimulus/S  1	1	15997972	15997980	8	5	30	pips_l400_r40_500-8000.hdf5	left	right
1600.8639	1	Stimulus/S  1	1	16008639	16008647	9	0	20	pips_l400_r40_500-8000.hdf5	left	right
1601.9092	1	Stimulus/S  1	1	16019092	16019100	9	1	40	pips_l400_r40_500-8000.hdf5	left	right
1602.9759	1	Stimulus/S  1	1	16029759	16029767	9	2	60	pips_l400_r40_500-8000.hdf5	left	right
1604.0319	1	Stimulus/S  1	1	16040319	16040327	9	3	70	pips_l400_r40_500-8000.hdf5	left	right
1605.0986	1	Stimulus/S  1	1	16050986	16050994	9	4	50	pips_l400_r40_500-8000.hdf5	left	right
1606.1439	1	Stimulus/S  1	1	16061439	16061447	9	5	30	pips_l400_r40_500-8000.hdf5	left	right
1607.1999	1	Stimulus/S  1	1	16071999	16072007	10	0	20	pips_l400_r40_500-8000.hdf5	left	right
1608.2666	1	Stimulus/S  1	1	16082666	16082674	10	1	40	pips_l400_r40_500-8000.hdf5	left	right
1609.312	1	Stimulus/S  1	1	16093120	16093128	10	2	60	pips_l400_r40_500-8000.hdf5	left	right
1610.3573	1	Stimulus/S  1	1	16103573	16103581	10	3	70	pips_l400_r40_500-8000.hdf5	left	right
1611.424	1	Stimulus/S  1	1	16114240	16114248	10	4	50	pips_l400_r40_500-8000.hdf5	left	right
1612.48	1	Stimulus/S  1	1	16124800	16124808	10	5	30	pips_l400_r40_500-8000.hdf5	left	right
1613.5253	1	Stimulus/S  1	1	16135253	16135261	11	0	20	pips_l400_r40_500-8000.hdf5	left	right
1614.592	1	Stimulus/S  1	1	16145920	16145928	11	1	40	pips_l400_r40_500-8000.hdf5	left	right
1615.648	1	Stimulus/S  1	1	16156480	16156488	11	2	60	pips_l400_r40_500-8000.hdf5	left	right
1616.6934	1	Stimulus/S  1	1	16166934	16166942	11	3	70	pips_l400_r40_500-8000.hdf5	left	right
1617.76	1	Stimulus/S  1	1	16177600	16177608	11	4	50	pips_l400_r40_500-8000.hdf5	left	right
1618.8161	1	Stimulus/S  1	1	16188161	16188169	11	5	30	pips_l400_r40_500-8000.hdf5	left	right
1619.8827	1	Stimulus/S  1	1	16198827	16198835	12	0	20	pips_l400_r40_500-8000.hdf5	left	right
1620.9281	1	Stimulus/S  1	1	16209281	16209289	12	1	40	pips_l400_r40_500-8000.hdf5	left	right
1621.9948	1	Stimulus/S  1	1	16219948	16219956	12	2	60	pips_l400_r40_500-8000.hdf5	left	right
1623.0508	1	Stimulus/S  1	1	16230508	16230516	12	3	70	pips_l400_r40_500-8000.hdf5	left	right
1624.0961	1	Stimulus/S  1	1	16240961	16240969	12	4	50	pips_l400_r40_500-8000.hdf5	left	right
1625.1628	1	Stimulus/S  1	1	16251628	16251636	12	5	30	pips_l400_r40_500-8000.hdf5	left	right
1626.2081	1	Stimulus/S  1	1	16262081	16262089	13	0	20	pips_l400_r40_500-8000.hdf5	left	right
1627.2748	1	Stimulus/S  1	1	16272748	16272756	13	1	40	pips_l400_r40_500-8000.hdf5	left	right
1628.3308	1	Stimulus/S  1	1	16283308	16283316	13	2	60	pips_l400_r40_500-8000.hdf5	left	right
1629.3762	1	Stimulus/S  1	1	16293762	16293770	13	3	70	pips_l400_r40_500-8000.hdf5	left	right
1630.4322	1	Stimulus/S  1	1	16304322	16304330	13	4	50	pips_l400_r40_500-8000.hdf5	left	right
1631.4775	1	Stimulus/S  1	1	16314775	16314783	13	5	30	pips_l400_r40_500-8000.hdf5	left	right
1632.5442	1	Stimulus/S  1	1	16325442	16325450	14	0	20	pips_l400_r40_500-8000.hdf5	left	right
1633.6002	1	Stimulus/S  1	1	16336002	16336010	14	1	40	pips_l400_r40_500-8000.hdf5	left	right
1634.6669	1	Stimulus/S  1	1	16346669	16346677	14	2	60	pips_l400_r40_500-8000.hdf5	left	right
1635.7336	1	Stimulus/S  1	1	16357336	16357344	14	3	70	pips_l400_r40_500-8000.hdf5	left	right
1636.7789	1	Stimulus/S  1	1	16367789	16367797	14	4	50	pips_l400_r40_500-8000.hdf5	left	right
1637.8456	1	Stimulus/S  1	1	16378456	16378464	14	5	30	pips_l400_r40_500-8000.hdf5	left	right
1638.8909	1	Stimulus/S  1	1	16388909	16388917	15	0	20	pips_l400_r40_500-8000.hdf5	left	right
1639.9469	1	Stimulus/S  1	1	16399469	16399477	15	1	40	pips_l400_r40_500-8000.hdf5	left	right
1641.0136	1	Stimulus/S  1	1	16410136	16410144	15	2	60	pips_l400_r40_500-8000.hdf5	left	right
1642.0589	1	Stimulus/S  1	1	16420589	16420597	15	3	70	pips_l400_r40_500-8000.hdf5	left	right
1643.1256	1	Stimulus/S  1	1	16431256	16431264	15	4	50	pips_l400_r40_500-8000.hdf5	left	right
1644.1816	1	Stimulus/S  1	1	16441816	16441824	15	5	30	pips_l400_r40_500-8000.hdf5	left	right
1645.227	1	Stimulus/S  1	1	16452270	16452278	16	0	20	pips_l400_r40_500-8000.hdf5	left	right
1646.2937	1	Stimulus/S  1	1	16462937	16462945	16	1	40	pips_l400_r40_500-8000.hdf5	left	right
1647.3497	1	Stimulus/S  1	1	16473497	16473505	16	2	60	pips_l400_r40_500-8000.hdf5	left	right
1648.4163	1	Stimulus/S  1	1	16484163	16484171	16	3	70	pips_l400_r40_500-8000.hdf5	left	right
1649.4617	1	Stimulus/S  1	1	16494617	16494625	16	4	50	pips_l400_r40_500-8000.hdf5	left	right
1650.5284	1	Stimulus/S  1	1	16505284	16505292	16	5	30	pips_l400_r40_500-8000.hdf5	left	right
1651.5844	1	Stimulus/S  1	1	16515844	16515852	17	0	20	pips_l400_r40_500-8000.hdf5	left	right
1652.6404	1	Stimulus/S  1	1	16526404	16526412	17	1	40	pips_l400_r40_500-8000.hdf5	left	right
1653.7177	1	Stimulus/S  1	1	16537177	16537185	17	2	60	pips_l400_r40_500-8000.hdf5	left	right
1654.7631	1	Stimulus/S  1	1	16547631	16547639	17	3	70	pips_l400_r40_500-8000.hdf5	left	right
1655.8298	1	Stimulus/S  1	1	16558298	16558306	17	4	50	pips_l400_r40_500-8000.hdf5	left	right
1656.8751	1	Stimulus/S  1	1	16568751	16568759	17	5	30	pips_l400_r40_500-8000.hdf5	left	right
1657.9418	1	Stimulus/S  1	1	16579418	16579426	18	0	20	pips_l400_r40_500-8000.hdf5	left	right
1659.0084	1	Stimulus/S  1	1	16590084	16590092	18	1	40	pips_l400_r40_500-8000.hdf5	left	right
1660.0645	1	Stimulus/S  1	1	16600645	16600653	18	2	60	pips_l400_r40_500-8000.hdf5	left	right
1661.1098	1	Stimulus/S  1	1	16611098	16611106	18	3	70	pips_l400_r40_500-8000.hdf5	left	right
1662.1658	1	Stimulus/S  1	1	16621658	16621666	18	4	50	pips_l400_r40_500-8000.hdf5	left	right
1663.2112	1	Stimulus/S  1	1	16632112	16632120	18	5	30	pips_l400_r40_500-8000.hdf5	left	right
1664.2778	1	Stimulus/S  1	1	16642778	16642786	19	0	20	pips_l400_r40_500-8000.hdf5	left	right
1665.3338	1	Stimulus/S  1	1	16653338	16653346	19	1	40	pips_l400_r40_500-8000.hdf5	left	right
1666.4005	1	Stimulus/S  1	1	16664005	16664013	19	2	60	pips_l400_r40_500-8000.hdf5	left	right
1667.4459	1	Stimulus/S  1	1	16674459	16674467	19	3	70	pips_l400_r40_500-8000.hdf5	left	right
1668.4912	1	Stimulus/S  1	1	16684912	16684920	19	4	50	pips_l400_r40_500-8000.hdf5	left	right
1669.5472	1	Stimulus/S  1	1	16695472	16695480	19	5	30	pips_l400_r40_500-8000.hdf5	left	right
1670.6139	1	Stimulus/S  1	1	16706139	16706147	20	0	20	pips_l400_r40_500-8000.hdf5	left	right
1671.6592	1	Stimulus/S  1	1	16716592	16716600	20	1	40	pips_l400_r40_500-8000.hdf5	left	right
1672.7152	1	Stimulus/S  1	1	16727152	16727160	20	2	60	pips_l400_r40_500-8000.hdf5	left	right
1673.7606	1	Stimulus/S  1	1	16737606	16737614	20	3	70	pips_l400_r40_500-8000.hdf5	left	right
1674.8166	1	Stimulus/S  1	1	16748166	16748174	20	4	50	pips_l400_r40_500-8000.hdf5	left	right
1675.8833	1	Stimulus/S  1	1	16758833	16758841	20	5	30	pips_l400_r40_500-8000.hdf5	left	right
1676.9286	1	Stimulus/S  1	1	16769286	16769294	21	0	20	pips_l400_r40_500-8000.hdf5	left	right
1677.9846	1	Stimulus/S  1	1	16779846	16779854	21	1	40	pips_l400_r40_500-8000.hdf5	left	right
1679.03	1	Stimulus/S  1	1	16790300	16790308	21	2	60	pips_l400_r40_500-8000.hdf5	left	right
1680.0967	1	Stimulus/S  1	1	16800967	16800975	21	3	70	pips_l400_r40_500-8000.hdf5	left	right
1681.142	1	Stimulus/S  1	1	16811420	16811428	21	4	50	pips_l400_r40_500-8000.hdf5	left	right
1682.198	1	Stimulus/S  1	1	16821980	16821988	21	5	30	pips_l400_r40_500-8000.hdf5	left	right
1683.2434	1	Stimulus/S  1	1	16832434	16832442	22	0	20	pips_l400_r40_500-8000.hdf5	left	right
1684.2994	1	Stimulus/S  1	1	16842994	16843002	22	1	40	pips_l400_r40_500-8000.hdf5	left	right
1685.366	1	Stimulus/S  1	1	16853660	16853668	22	2	60	pips_l400_r40_500-8000.hdf5	left	right
1686.4114	1	Stimulus/S  1	1	16864114	16864122	22	3	70	pips_l400_r40_500-8000.hdf5	left	right
1687.4781	1	Stimulus/S  1	1	16874781	16874789	22	4	50	pips_l400_r40_500-8000.hdf5	left	right
1688.5341	1	Stimulus/S  1	1	16885341	16885349	22	5	30	pips_l400_r40_500-8000.hdf5	left	right
1689.6007	1	Stimulus/S  1	1	16896007	16896015	23	0	20	pips_l400_r40_500-8000.hdf5	left	right
1690.6461	1	Stimulus/S  1	1	16906461	16906469	23	1	40	pips_l400_r40_500-8000.hdf5	left	right
1691.6914	1	Stimulus/S  1	1	16916914	16916922	23	2	60	pips_l400_r40_500-8000.hdf5	left	right
1692.7581	1	Stimulus/S  1	1	16927581	16927589	23	3	70	pips_l400_r40_500-8000.hdf5	left	right
1693.8141	1	Stimulus/S  1	1	16938141	16938149	23	4	50	pips_l400_r40_500-8000.hdf5	left	right
1694.8595	1	Stimulus/S  1	1	16948595	16948603	23	5	30	pips_l400_r40_500-8000.hdf5	left	right
1695.9155	1	Stimulus/S  1	1	16959155	16959163	24	0	20	pips_l400_r40_500-8000.hdf5	left	right
1696.9608	1	Stimulus/S  1	1	16969608	16969616	24	1	40	pips_l400_r40_500-8000.hdf5	left	right
1698.0275	1	Stimulus/S  1	1	16980275	16980283	24	2	60	pips_l400_r40_500-8000.hdf5	left	right
1699.0835	1	Stimulus/S  1	1	16990835	16990843	24	3	70	pips_l400_r40_500-8000.hdf5	left	right
1700.1288	1	Stimulus/S  1	1	17001288	17001296	24	4	50	pips_l400_r40_500-8000.hdf5	left	right
1701.1955	1	Stimulus/S  1	1	17011955	17011963	24	5	30	pips_l400_r40_500-8000.hdf5	left	right
1702.2515	1	Stimulus/S  1	1	17022515	17022523	25	0	20	pips_l400_r40_500-8000.hdf5	left	right
1703.2969	1	Stimulus/S  1	1	17032969	17032977	25	1	40	pips_l400_r40_500-8000.hdf5	left	right
1704.3636	1	Stimulus/S  1	1	17043636	17043644	25	2	60	pips_l400_r40_500-8000.hdf5	left	right
1705.4302	1	Stimulus/S  1	1	17054302	17054310	25	3	70	pips_l400_r40_500-8000.hdf5	left	right
1706.4756	1	Stimulus/S  1	1	17064756	17064764	25	4	50	pips_l400_r40_500-8000.hdf5	left	right
1707.5316	1	Stimulus/S  1	1	17075316	17075324	25	5	30	pips_l400_r40_500-8000.hdf5	left	right
1708.5983	1	Stimulus/S  1	1	17085983	17085991	26	0	20	pips_l400_r40_500-8000.hdf5	left	right
1709.6436	1	Stimulus/S  1	1	17096436	17096444	26	1	40	pips_l400_r40_500-8000.hdf5	left	right
1710.7103	1	Stimulus/S  1	1	17107103	17107111	26	2	60	pips_l400_r40_500-8000.hdf5	left	right
1711.777	1	Stimulus/S  1	1	17117770	17117778	26	3	70	pips_l400_r40_500-8000.hdf5	left	right
1712.833	1	Stimulus/S  1	1	17128330	17128338	26	4	50	pips_l400_r40_500-8000.hdf5	left	right
1713.8783	1	Stimulus/S  1	1	17138783	17138791	26	5	30	pips_l400_r40_500-8000.hdf5	left	right
1714.9343	1	Stimulus/S  1	1	17149343	17149351	27	0	20	pips_l400_r40_500-8000.hdf5	left	right
1715.9797	1	Stimulus/S  1	1	17159797	17159805	27	1	40	pips_l400_r40_500-8000.hdf5	left	right
1717.0463	1	Stimulus/S  1	1	17170463	17170471	27	2	60	pips_l400_r40_500-8000.hdf5	left	right
1718.113	1	Stimulus/S  1	1	17181130	17181138	27	3	70	pips_l400_r40_500-8000.hdf5	left	right
1719.1584	1	Stimulus/S  1	1	17191584	17191592	27	4	50	pips_l400_r40_500-8000.hdf5	left	right
1720.2144	1	Stimulus/S  1	1	17202144	17202152	27	5	30	pips_l400_r40_500-8000.hdf5	left	right
1721.2597	1	Stimulus/S  1	1	17212597	17212605	28	0	20	pips_l400_r40_500-8000.hdf5	left	right
1722.3157	1	Stimulus/S  1	1	17223157	17223165	28	1	40	pips_l400_r40_500-8000.hdf5	left	right
1723.3824	1	Stimulus/S  1	1	17233824	17233832	28	2	60	pips_l400_r40_500-8000.hdf5	left	right
1724.4491	1	Stimulus/S  1	1	17244491	17244499	28	3	70	pips_l400_r40_500-8000.hdf5	left	right
1725.4944	1	Stimulus/S  1	1	17254944	17254952	28	4	50	pips_l400_r40_500-8000.hdf5	left	right
1726.5504	1	Stimulus/S  1	1	17265504	17265512	28	5	30	pips_l400_r40_500-8000.hdf5	left	right
1727.6171	1	Stimulus/S  1	1	17276171	17276179	29	0	20	pips_l400_r40_500-8000.hdf5	left	right
1728.6838	1	Stimulus/S  1	1	17286838	17286846	29	1	40	pips_l400_r40_500-8000.hdf5	left	right
1729.7291	1	Stimulus/S  1	1	17297291	17297299	29	2	60	pips_l400_r40_500-8000.hdf5	left	right
1730.7958	1	Stimulus/S  1	1	17307958	17307966	29	3	70	pips_l400_r40_500-8000.hdf5	left	right
1731.8625	1	Stimulus/S  1	1	17318625	17318633	29	4	50	pips_l400_r40_500-8000.hdf5	left	right
1732.9185	1	Stimulus/S  1	1	17329185	17329193	29	5	30	pips_l400_r40_500-8000.hdf5	left	right
1733.9638	1	Stimulus/S  1	1	17339638	17339646	30	0	20	pips_l400_r40_500-8000.hdf5	left	right
1735.0305	1	Stimulus/S  1	1	17350305	17350313	30	1	40	pips_l400_r40_500-8000.hdf5	left	right
1736.0759	1	Stimulus/S  1	1	17360759	17360767	30	2	60	pips_l400_r40_500-8000.hdf5	left	right
1737.1425	1	Stimulus/S  1	1	17371425	17371433	30	3	70	pips_l400_r40_500-8000.hdf5	left	right
1738.1986	1	Stimulus/S  1	1	17381986	17381994	30	4	50	pips_l400_r40_500-8000.hdf5	left	right
1739.2652	1	Stimulus/S  1	1	17392652	17392660	30	5	30	pips_l400_r40_500-8000.hdf5	left	right
1740.3106	1	Stimulus/S  1	1	17403106	17403114	31	0	20	pips_l400_r40_500-8000.hdf5	left	right
1741.3666	1	Stimulus/S  1	1	17413666	17413674	31	1	40	pips_l400_r40_500-8000.hdf5	left	right
1742.4333	1	Stimulus/S  1	1	17424333	17424341	31	2	60	pips_l400_r40_500-8000.hdf5	left	right
1743.4786	1	Stimulus/S  1	1	17434786	17434794	31	3	70	pips_l400_r40_500-8000.hdf5	left	right
1744.5453	1	Stimulus/S  1	1	17445453	17445461	31	4	50	pips_l400_r40_500-8000.hdf5	left	right
1745.612	1	Stimulus/S  1	1	17456120	17456128	31	5	30	pips_l400_r40_500-8000.hdf5	left	right
1746.668	1	Stimulus/S  1	1	17466680	17466688	32	0	20	pips_l400_r40_500-8000.hdf5	left	right
1747.7346	1	Stimulus/S  1	1	17477346	17477354	32	1	40	pips_l400_r40_500-8000.hdf5	left	right
1748.78	1	Stimulus/S  1	1	17487800	17487808	32	2	60	pips_l400_r40_500-8000.hdf5	left	right
1749.836	1	Stimulus/S  1	1	17498360	17498368	32	3	70	pips_l400_r40_500-8000.hdf5	left	right
1750.9027	1	Stimulus/S  1	1	17509027	17509035	32	4	50	pips_l400_r40_500-8000.hdf5	left	right
1751.9694	1	Stimulus/S  1	1	17519694	17519702	32	5	30	pips_l400_r40_500-8000.hdf5	left	right
1753.0147	1	Stimulus/S  1	1	17530147	17530155	33	0	20	pips_l400_r40_500-8000.hdf5	left	right
1754.0814	1	Stimulus/S  1	1	17540814	17540822	33	1	40	pips_l400_r40_500-8000.hdf5	left	right
1755.1267	1	Stimulus/S  1	1	17551267	17551275	33	2	60	pips_l400_r40_500-8000.hdf5	left	right
1756.1827	1	Stimulus/S  1	1	17561827	17561835	33	3	70	pips_l400_r40_500-8000.hdf5	left	right
1757.2494	1	Stimulus/S  1	1	17572494	17572502	33	4	50	pips_l400_r40_500-8000.hdf5	left	right
1758.2947	1	Stimulus/S  1	1	17582947	17582955	33	5	30	pips_l400_r40_500-8000.hdf5	left	right
1759.3508	1	Stimulus/S  1	1	17593508	17593516	34	0	20	pips_l400_r40_500-8000.hdf5	left	right
1760.4174	1	Stimulus/S  1	1	17604174	17604182	34	1	40	pips_l400_r40_500-8000.hdf5	left	right
1761.4628	1	Stimulus/S  1	1	17614628	17614636	34	2	60	pips_l400_r40_500-8000.hdf5	left	right
1762.5188	1	Stimulus/S  1	1	17625188	17625196	34	3	70	pips_l400_r40_500-8000.hdf5	left	right
1763.5855	1	Stimulus/S  1	1	17635855	17635863	34	4	50	pips_l400_r40_500-8000.hdf5	left	right
1764.6308	1	Stimulus/S  1	1	17646308	17646316	34	5	30	pips_l400_r40_500-8000.hdf5	left	right
1765.6975	1	Stimulus/S  1	1	17656975	17656983	35	0	20	pips_l400_r40_500-8000.hdf5	left	right
1766.7428	1	Stimulus/S  1	1	17667428	17667436	35	1	40	pips_l400_r40_500-8000.hdf5	left	right
1767.8095	1	Stimulus/S  1	1	17678095	17678103	35	2	60	pips_l400_r40_500-8000.hdf5	left	right
1768.8655	1	Stimulus/S  1	1	17688655	17688663	35	3	70	pips_l400_r40_500-8000.hdf5	left	right
1769.9109	1	Stimulus/S  1	1	17699109	17699117	35	4	50	pips_l400_r40_500-8000.hdf5	left	right
1770.9669	1	Stimulus/S  1	1	17709669	17709677	35	5	30	pips_l400_r40_500-8000.hdf5	left	right
1772.0122	1	Stimulus/S  1	1	17720122	17720130	36	0	20	pips_l400_r40_500-8000.hdf5	left	right
1773.0789	1	Stimulus/S  1	1	17730789	17730797	36	1	40	pips_l400_r40_500-8000.hdf5	left	right
1774.1349	1	Stimulus/S  1	1	17741349	17741357	36	2	60	pips_l400_r40_500-8000.hdf5	left	right
1775.2016	1	Stimulus/S  1	1	17752016	17752024	36	3	70	pips_l400_r40_500-8000.hdf5	left	right
1776.2469	1	Stimulus/S  1	1	17762469	17762477	36	4	50	pips_l400_r40_500-8000.hdf5	left	right
1777.3029	1	Stimulus/S  1	1	17773029	17773037	36	5	30	pips_l400_r40_500-8000.hdf5	left	right
1778.3483	1	Stimulus/S  1	1	17783483	17783491	37	0	20	pips_l400_r40_500-8000.hdf5	left	right
1779.415	1	Stimulus/S  1	1	17794150	17794158	37	1	40	pips_l400_r40_500-8000.hdf5	left	right
1780.4603	1	Stimulus/S  1	1	17804603	17804611	37	2	60	pips_l400_r40_500-8000.hdf5	left	right
1781.5163	1	Stimulus/S  1	1	17815163	17815171	37	3	70	pips_l400_r40_500-8000.hdf5	left	right
1782.583	1	Stimulus/S  1	1	17825830	17825838	37	4	50	pips_l400_r40_500-8000.hdf5	left	right
1783.6497	1	Stimulus/S  1	1	17836497	17836505	37	5	30	pips_l400_r40_500-8000.hdf5	left	right
1784.695	1	Stimulus/S  1	1	17846950	17846958	38	0	20	pips_l400_r40_500-8000.hdf5	left	right
1785.751	1	Stimulus/S  1	1	17857510	17857518	38	1	40	pips_l400_r40_500-8000.hdf5	left	right
1786.8177	1	Stimulus/S  1	1	17868177	17868185	38	2	60	pips_l400_r40_500-8000.hdf5	left	right
1787.863	1	Stimulus/S  1	1	17878630	17878638	38	3	70	pips_l400_r40_500-8000.hdf5	left	right
1788.919	1	Stimulus/S  1	1	17889190	17889198	38	4	50	pips_l400_r40_500-8000.hdf5	left	right
1789.9857	1	Stimulus/S  1	1	17899857	17899865	38	5	30	pips_l400_r40_500-8000.hdf5	left	right
1791.0311	1	Stimulus/S  1	1	17910311	17910319	39	0	20	pips_l400_r40_500-8000.hdf5	left	right
1792.0977	1	Stimulus/S  1	1	17920977	17920985	39	1	40	pips_l400_r40_500-8000.hdf5	left	right
1793.1644	1	Stimulus/S  1	1	17931644	17931652	39	2	60	pips_l400_r40_500-8000.hdf5	left	right
1794.2311	1	Stimulus/S  1	1	17942311	17942319	39	3	70	pips_l400_r40_500-8000.hdf5	left	right
1795.2978	1	Stimulus/S  1	1	17952978	17952986	39	4	50	pips_l400_r40_500-8000.hdf5	left	right
1796.3431	1	Stimulus/S  1	1	17963431	17963439	39	5	30	pips_l400_r40_500-8000.hdf5	left	right
1797.4205	1	Stimulus/S  1	1	17974205	17974213	40	0	20	pips_l400_r40_500-8000.hdf5	left	right
1798.4765	1	Stimulus/S  1	1	17984765	17984773	40	1	40	pips_l400_r40_500-8000.hdf5	left	right
1799.5325	1	Stimulus/S  1	1	17995325	17995333	40	2	60	pips_l400_r40_500-8000.hdf5	left	right
1800.5778	1	Stimulus/S  1	1	18005778	18005786	40	3	70	pips_l400_r40_500-8000.hdf5	left	right
1801.6445	1	Stimulus/S  1	1	18016445	18016453	40	4	50	pips_l400_r40_500-8000.hdf5	left	right
1802.7005	1	Stimulus/S  1	1	18027005	18027013	40	5	30	pips_l400_r40_500-8000.hdf5	left	right
1803.7672	1	Stimulus/S  1	1	18037672	18037680	41	0	20	pips_l400_r40_500-8000.hdf5	left	right
1804.8125	1	Stimulus/S  1	1	18048125	18048133	41	1	40	pips_l400_r40_500-8000.hdf5	left	right
1805.8792	1	Stimulus/S  1	1	18058792	18058800	41	2	60	pips_l400_r40_500-8000.hdf5	left	right
1806.9352	1	Stimulus/S  1	1	18069352	18069360	41	3	70	pips_l400_r40_500-8000.hdf5	left	right
1807.9806	1	Stimulus/S  1	1	18079806	18079814	41	4	50	pips_l400_r40_500-8000.hdf5	left	right
1809.0472	1	Stimulus/S  1	1	18090472	18090480	41	5	30	pips_l400_r40_500-8000.hdf5	left	right
1810.1139	1	Stimulus/S  1	1	18101139	18101147	42	0	20	pips_l400_r40_500-8000.hdf5	left	right
1811.1806	1	Stimulus/S  1	1	18111806	18111814	42	1	40	pips_l400_r40_500-8000.hdf5	left	right
1812.2473	1	Stimulus/S  1	1	18122473	18122481	42	2	60	pips_l400_r40_500-8000.hdf5	left	right
1813.314	1	Stimulus/S  1	1	18133140	18133148	42	3	70	pips_l400_r40_500-8000.hdf5	left	right
1814.3806	1	Stimulus/S  1	1	18143806	18143814	42	4	50	pips_l400_r40_500-8000.hdf5	left	right
1815.4473	1	Stimulus/S  1	1	18154473	18154481	42	5	30	pips_l400_r40_500-8000.hdf5	left	right
1816.514	1	Stimulus/S  1	1	18165140	18165148	43	0	20	pips_l400_r40_500-8000.hdf5	left	right
1817.5807	1	Stimulus/S  1	1	18175807	18175815	43	1	40	pips_l400_r40_500-8000.hdf5	left	right
1818.6473	1	Stimulus/S  1	1	18186473	18186481	43	2	60	pips_l400_r40_500-8000.hdf5	left	right
1819.714	1	Stimulus/S  1	1	18197140	18197148	43	3	70	pips_l400_r40_500-8000.hdf5	left	right
1820.7807	1	Stimulus/S  1	1	18207807	18207815	43	4	50	pips_l400_r40_500-8000.hdf5	left	right
1821.8367	1	Stimulus/S  1	1	18218367	18218375	43	5	30	pips_l400_r40_500-8000.hdf5	left	right
1822.882	1	Stimulus/S  1	1	18228820	18228828	44	0	20	pips_l400_r40_500-8000.hdf5	left	right
1823.9487	1	Stimulus/S  1	1	18239487	18239495	44	1	40	pips_l400_r40_500-8000.hdf5	left	right
1825.0154	1	Stimulus/S  1	1	18250154	18250162	44	2	60	pips_l400_r40_500-8000.hdf5	left	right
1826.0607	1	Stimulus/S  1	1	18260607	18260615	44	3	70	pips_l400_r40_500-8000.hdf5	left	right
1827.1168	1	Stimulus/S  1	1	18271168	18271176	44	4	50	pips_l400_r40_500-8000.hdf5	left	right
1828.1621	1	Stimulus/S  1	1	18281621	18281629	44	5	30	pips_l400_r40_500-8000.hdf5	left	right
1829.2288	1	Stimulus/S  1	1	18292288	18292296	45	0	20	pips_l400_r40_500-8000.hdf5	left	right
1830.2954	1	Stimulus/S  1	1	18302954	18302962	45	1	40	pips_l400_r40_500-8000.hdf5	left	right
1831.3621	1	Stimulus/S  1	1	18313621	18313629	45	2	60	pips_l400_r40_500-8000.hdf5	left	right
1832.4288	1	Stimulus/S  1	1	18324288	18324296	45	3	70	pips_l400_r40_500-8000.hdf5	left	right
1833.4955	1	Stimulus/S  1	1	18334955	18334963	45	4	50	pips_l400_r40_500-8000.hdf5	left	right
1834.5515	1	Stimulus/S  1	1	18345515	18345523	45	5	30	pips_l400_r40_500-8000.hdf5	left	right
1835.5968	1	Stimulus/S  1	1	18355968	18355976	46	0	20	pips_l400_r40_500-8000.hdf5	left	right
1836.6635	1	Stimulus/S  1	1	18366635	18366643	46	1	40	pips_l400_r40_500-8000.hdf5	left	right
1837.7195	1	Stimulus/S  1	1	18377195	18377203	46	2	60	pips_l400_r40_500-8000.hdf5	left	right
1838.7649	1	Stimulus/S  1	1	18387649	18387657	46	3	70	pips_l400_r40_500-8000.hdf5	left	right
1839.8102	1	Stimulus/S  1	1	18398102	18398110	46	4	50	pips_l400_r40_500-8000.hdf5	left	right
1840.8876	1	Stimulus/S  1	1	18408876	18408884	46	5	30	pips_l400_r40_500-8000.hdf5	left	right
1841.9542	1	Stimulus/S  1	1	18419542	18419550	47	0	20	pips_l400_r40_500-8000.hdf5	left	right
1842.9996	1	Stimulus/S  1	1	18429996	18430004	47	1	40	pips_l400_r40_500-8000.hdf5	left	right
1844.0449	1	Stimulus/S  1	1	18440449	18440457	47	2	60	pips_l400_r40_500-8000.hdf5	left	right
1845.1009	1	Stimulus/S  1	1	18451009	18451017	47	3	70	pips_l400_r40_500-8000.hdf5	left	right
1846.1463	1	Stimulus/S  1	1	18461463	18461471	47	4	50	pips_l400_r40_500-8000.hdf5	left	right
1847.2129	1	Stimulus/S  1	1	18472129	18472137	47	5	30	pips_l400_r40_500-8000.hdf5	left	right
1848.269	1	Stimulus/S  1	1	18482690	18482698	48	0	20	pips_l400_r40_500-8000.hdf5	left	right
1849.3143	1	Stimulus/S  1	1	18493143	18493151	48	1	40	pips_l400_r40_500-8000.hdf5	left	right
1850.3703	1	Stimulus/S  1	1	18503703	18503711	48	2	60	pips_l400_r40_500-8000.hdf5	left	right
1851.4157	1	Stimulus/S  1	1	18514157	18514165	48	3	70	pips_l400_r40_500-8000.hdf5	left	right
1852.461	1	Stimulus/S  1	1	18524610	18524618	48	4	50	pips_l400_r40_500-8000.hdf5	left	right
1853.5277	1	Stimulus/S  1	1	18535277	18535285	48	5	30	pips_l400_r40_500-8000.hdf5	left	right
1854.605	1	Stimulus/S  1	1	18546050	18546058	49	0	20	pips_l400_r40_500-8000.hdf5	left	right
1855.6504	1	Stimulus/S  1	1	18556504	18556512	49	1	40	pips_l400_r40_500-8000.hdf5	left	right
1856.6957	1	Stimulus/S  1	1	18566957	18566965	49	2	60	pips_l400_r40_500-8000.hdf5	left	right
1857.7624	1	Stimulus/S  1	1	18577624	18577632	49	3	70	pips_l400_r40_500-8000.hdf5	left	right
1858.8184	1	Stimulus/S  1	1	18588184	18588192	49	4	50	pips_l400_r40_500-8000.hdf5	left	right
1859.8637	1	Stimulus/S  1	1	18598637	18598645	49	5	30	pips_l400_r40_500-8000.hdf5	left	right
1860.9304	1	Stimulus/S  1	1	18609304	18609312	50	0	20	pips_l400_r40_500-8000.hdf5	left	right
1861.9864	1	Stimulus/S  1	1	18619864	18619872	50	1	40	pips_l400_r40_500-8000.hdf5	left	right
1863.0318	1	Stimulus/S  1	1	18630318	18630326	50	2	60	pips_l400_r40_500-8000.hdf5	left	right
1864.0984	1	Stimulus/S  1	1	18640984	18640992	50	3	70	pips_l400_r40_500-8000.hdf5	left	right
1865.1651	1	Stimulus/S  1	1	18651651	18651659	50	4	50	pips_l400_r40_500-8000.hdf5	left	right
1866.2211	1	Stimulus/S  1	1	18662211	18662219	50	5	30	pips_l400_r40_500-8000.hdf5	left	right
1867.2878	1	Stimulus/S  1	1	18672878	18672886	51	0	20	pips_l400_r40_500-8000.hdf5	left	right
1868.3545	1	Stimulus/S  1	1	18683545	18683553	51	1	40	pips_l400_r40_500-8000.hdf5	left	right
1869.3998	1	Stimulus/S  1	1	18693998	18694006	51	2	60	pips_l400_r40_500-8000.hdf5	left	right
1870.4452	1	Stimulus/S  1	1	18704452	18704460	51	3	70	pips_l400_r40_500-8000.hdf5	left	right
1871.5012	1	Stimulus/S  1	1	18715012	18715020	51	4	50	pips_l400_r40_500-8000.hdf5	left	right
1872.5679	1	Stimulus/S  1	1	18725679	18725687	51	5	30	pips_l400_r40_500-8000.hdf5	left	right
1873.6345	1	Stimulus/S  1	1	18736345	18736353	52	0	20	pips_l400_r40_500-8000.hdf5	left	right
1874.6799	1	Stimulus/S  1	1	18746799	18746807	52	1	40	pips_l400_r40_500-8000.hdf5	left	right
1875.7466	1	Stimulus/S  1	1	18757466	18757474	52	2	60	pips_l400_r40_500-8000.hdf5	left	right
1876.8132	1	Stimulus/S  1	1	18768132	18768140	52	3	70	pips_l400_r40_500-8000.hdf5	left	right
1877.8692	1	Stimulus/S  1	1	18778692	18778700	52	4	50	pips_l400_r40_500-8000.hdf5	left	right
1878.9146	1	Stimulus/S  1	1	18789146	18789154	52	5	30	pips_l400_r40_500-8000.hdf5	left	right
1879.9813	1	Stimulus/S  1	1	18799813	18799821	53	0	20	pips_l400_r40_500-8000.hdf5	left	right
1881.0479	1	Stimulus/S  1	1	18810479	18810487	53	1	40	pips_l400_r40_500-8000.hdf5	left	right
1882.104	1	Stimulus/S  1	1	18821040	18821048	53	2	60	pips_l400_r40_500-8000.hdf5	left	right
1883.1493	1	Stimulus/S  1	1	18831493	18831501	53	3	70	pips_l400_r40_500-8000.hdf5	left	right
1884.1946	1	Stimulus/S  1	1	18841946	18841954	53	4	50	pips_l400_r40_500-8000.hdf5	left	right
1885.2507	1	Stimulus/S  1	1	18852507	18852515	53	5	30	pips_l400_r40_500-8000.hdf5	left	right
1886.296	1	Stimulus/S  1	1	18862960	18862968	54	0	20	pips_l400_r40_500-8000.hdf5	left	right
1887.3627	1	Stimulus/S  1	1	18873627	18873635	54	1	40	pips_l400_r40_500-8000.hdf5	left	right
1888.4293	1	Stimulus/S  1	1	18884293	18884301	54	2	60	pips_l400_r40_500-8000.hdf5	left	right
1889.496	1	Stimulus/S  1	1	18894960	18894968	54	3	70	pips_l400_r40_500-8000.hdf5	left	right
1890.552	1	Stimulus/S  1	1	18905520	18905528	54	4	50	pips_l400_r40_500-8000.hdf5	left	right
1891.5974	1	Stimulus/S  1	1	18915974	18915982	54	5	30	pips_l400_r40_500-8000.hdf5	left	right
1892.6534	1	Stimulus/S  1	1	18926534	18926542	55	0	20	pips_l400_r40_500-8000.hdf5	left	right
1893.7201	1	Stimulus/S  1	1	18937201	18937209	55	1	40	pips_l400_r40_500-8000.hdf5	left	right
1894.7867	1	Stimulus/S  1	1	18947867	18947875	55	2	60	pips_l400_r40_500-8000.hdf5	left	right
1895.8534	1	Stimulus/S  1	1	18958534	18958542	55	3	70	pips_l400_r40_500-8000.hdf5	left	right
1896.9201	1	Stimulus/S  1	1	18969201	18969209	55	4	50	pips_l400_r40_500-8000.hdf5	left	right
1897.9868	1	Stimulus/S  1	1	18979868	18979876	55	5	30	pips_l400_r40_500-8000.hdf5	left	right
1899.0535	1	Stimulus/S  1	1	18990535	18990543	56	0	20	pips_l400_r40_500-8000.hdf5	left	right
1900.1201	1	Stimulus/S  1	1	19001201	19001209	56	1	40	pips_l400_r40_500-8000.hdf5	left	right
1901.1868	1	Stimulus/S  1	1	19011868	19011876	56	2	60	pips_l400_r40_500-8000.hdf5	left	right
1902.2321	1	Stimulus/S  1	1	19022321	19022329	56	3	70	pips_l400_r40_500-8000.hdf5	left	right
1903.2882	1	Stimulus/S  1	1	19032882	19032890	56	4	50	pips_l400_r40_500-8000.hdf5	left	right
1904.3335	1	Stimulus/S  1	1	19043335	19043343	56	5	30	pips_l400_r40_500-8000.hdf5	left	right
1905.3788	1	Stimulus/S  1	1	19053788	19053796	57	0	20	pips_l400_r40_500-8000.hdf5	left	right
1906.4455	1	Stimulus/S  1	1	19064455	19064463	57	1	40	pips_l400_r40_500-8000.hdf5	left	right
1907.5122	1	Stimulus/S  1	1	19075122	19075130	57	2	60	pips_l400_r40_500-8000.hdf5	left	right
1908.5789	1	Stimulus/S  1	1	19085789	19085797	57	3	70	pips_l400_r40_500-8000.hdf5	left	right
1909.6456	1	Stimulus/S  1	1	19096456	19096464	57	4	50	pips_l400_r40_500-8000.hdf5	left	right
1910.7122	1	Stimulus/S  1	1	19107122	19107130	57	5	30	pips_l400_r40_500-8000.hdf5	left	right
1911.7789	1	Stimulus/S  1	1	19117789	19117797	58	0	20	pips_l400_r40_500-8000.hdf5	left	right
1912.8456	1	Stimulus/S  1	1	19128456	19128464	58	1	40	pips_l400_r40_500-8000.hdf5	left	right
1913.9123	1	Stimulus/S  1	1	19139123	19139131	58	2	60	pips_l400_r40_500-8000.hdf5	left	right
1914.9789	1	Stimulus/S  1	1	19149789	19149797	58	3	70	pips_l400_r40_500-8000.hdf5	left	right
1916.0456	1	Stimulus/S  1	1	19160456	19160464	58	4	50	pips_l400_r40_500-8000.hdf5	left	right
1917.1016	1	Stimulus/S  1	1	19171016	19171024	58	5	30	pips_l400_r40_500-8000.hdf5	left	right
1918.147	1	Stimulus/S  1	1	19181470	19181478	59	0	20	pips_l400_r40_500-8000.hdf5	left	right
1919.203	1	Stimulus/S  1	1	19192030	19192038	59	1	40	pips_l400_r40_500-8000.hdf5	left	right
1920.2697	1	Stimulus/S  1	1	19202697	19202705	59	2	60	pips_l400_r40_500-8000.hdf5	left	right
1921.3363	1	Stimulus/S  1	1	19213363	19213371	59	3	70	pips_l400_r40_500-8000.hdf5	left	right
1922.403	1	Stimulus/S  1	1	19224030	19224038	59	4	50	pips_l400_r40_500-8000.hdf5	left	right
1923.4697	1	Stimulus/S  1	1	19234697	19234705	59	5	30	pips_l400_r40_500-8000.hdf5	left	right
1924.515	1	Stimulus/S  1	1	19245150	19245158	60	0	20	pips_l400_r40_500-8000.hdf5	left	right
1925.571	1	Stimulus/S  1	1	19255710	19255718	60	1	40	pips_l400_r40_500-8000.hdf5	left	right
1926.6164	1	Stimulus/S  1	1	19266164	19266172	60	2	60	pips_l400_r40_500-8000.hdf5	left	right
1927.6617	1	Stimulus/S  1	1	19276617	19276625	60	3	70	pips_l400_r40_500-8000.hdf5	left	right
1928.7391	1	Stimulus/S  1	1	19287391	19287399	60	4	50	pips_l400_r40_500-8000.hdf5	left	right
1929.7844	1	Stimulus/S  1	1	19297844	19297852	60	5	30	pips_l400_r40_500-8000.hdf5	left	right
1930.8298	1	Stimulus/S  1	1	19308298	19308306	61	0	20	pips_l400_r40_500-8000.hdf5	left	right
1931.8964	1	Stimulus/S  1	1	19318964	19318972	61	1	40	pips_l400_r40_500-8000.hdf5	left	right
1932.9631	1	Stimulus/S  1	1	19329631	19329639	61	2	60	pips_l400_r40_500-8000.hdf5	left	right
1934.0298	1	Stimulus/S  1	1	19340298	19340306	61	3	70	pips_l400_r40_500-8000.hdf5	left	right
1935.0965	1	Stimulus/S  1	1	19350965	19350973	61	4	50	pips_l400_r40_500-8000.hdf5	left	right
1936.1631	1	Stimulus/S  1	1	19361631	19361639	61	5	30	pips_l400_r40_500-8000.hdf5	left	right
1937.2298	1	Stimulus/S  1	1	19372298	19372306	62	0	20	pips_l400_r40_500-8000.hdf5	left	right
1938.2965	1	Stimulus/S  1	1	19382965	19382973	62	1	40	pips_l400_r40_500-8000.hdf5	left	right
1939.3525	1	Stimulus/S  1	1	19393525	19393533	62	2	60	pips_l400_r40_500-8000.hdf5	left	right
1940.3979	1	Stimulus/S  1	1	19403979	19403987	62	3	70	pips_l400_r40_500-8000.hdf5	left	right
1941.4539	1	Stimulus/S  1	1	19414539	19414547	62	4	50	pips_l400_r40_500-8000.hdf5	left	right
1942.4992	1	Stimulus/S  1	1	19424992	19425000	62	5	30	pips_l400_r40_500-8000.hdf5	left	right
1943.5659	1	Stimulus/S  1	1	19435659	19435667	63	0	20	pips_l400_r40_500-8000.hdf5	left	right
1944.6326	1	Stimulus/S  1	1	19446326	19446334	63	1	40	pips_l400_r40_500-8000.hdf5	left	right
1945.6992	1	Stimulus/S  1	1	19456992	19457000	63	2	60	pips_l400_r40_500-8000.hdf5	left	right
1946.7659	1	Stimulus/S  1	1	19467659	19467667	63	3	70	pips_l400_r40_500-8000.hdf5	left	right
1947.8219	1	Stimulus/S  1	1	19478219	19478227	63	4	50	pips_l400_r40_500-8000.hdf5	left	right
1948.8886	1	Stimulus/S  1	1	19488886	19488894	63	5	30	pips_l400_r40_500-8000.hdf5	left	right
1949.9339	1	Stimulus/S  1	1	19499339	19499347	64	0	20	pips_l400_r40_500-8000.hdf5	left	right
1951.0006	1	Stimulus/S  1	1	19510006	19510014	64	1	40	pips_l400_r40_500-8000.hdf5	left	right
1952.046	1	Stimulus/S  1	1	19520460	19520468	64	2	60	pips_l400_r40_500-8000.hdf5	left	right
1953.102	1	Stimulus/S  1	1	19531020	19531028	64	3	70	pips_l400_r40_500-8000.hdf5	left	right
1954.1473	1	Stimulus/S  1	1	19541473	19541481	64	4	50	pips_l400_r40_500-8000.hdf5	left	right
1955.214	1	Stimulus/S  1	1	19552140	19552148	64	5	30	pips_l400_r40_500-8000.hdf5	left	right
1956.2807	1	Stimulus/S  1	1	19562807	19562815	65	0	20	pips_l400_r40_500-8000.hdf5	left	right
1957.3367	1	Stimulus/S  1	1	19573367	19573375	65	1	40	pips_l400_r40_500-8000.hdf5	left	right
1958.382	1	Stimulus/S  1	1	19583820	19583828	65	2	60	pips_l400_r40_500-8000.hdf5	left	right
1959.4487	1	Stimulus/S  1	1	19594487	19594495	65	3	70	pips_l400_r40_500-8000.hdf5	left	right
1960.5154	1	Stimulus/S  1	1	19605154	19605162	65	4	50	pips_l400_r40_500-8000.hdf5	left	right
1961.5714	1	Stimulus/S  1	1	19615714	19615722	65	5	30	pips_l400_r40_500-8000.hdf5	left	right
1962.6381	1	Stimulus/S  1	1	19626381	19626389	66	0	20	pips_l400_r40_500-8000.hdf5	left	right
1963.7047	1	Stimulus/S  1	1	19637047	19637055	66	1	40	pips_l400_r40_500-8000.hdf5	left	right
1964.7714	1	Stimulus/S  1	1	19647714	19647722	66	2	60	pips_l400_r40_500-8000.hdf5	left	right
1965.8168	1	Stimulus/S  1	1	19658168	19658176	66	3	70	pips_l400_r40_500-8000.hdf5	left	right
1966.8728	1	Stimulus/S  1	1	19668728	19668736	66	4	50	pips_l400_r40_500-8000.hdf5	left	right
1967.9181	1	Stimulus/S  1	1	19679181	19679189	66	5	30	pips_l400_r40_500-8000.hdf5	left	right
1968.9848	1	Stimulus/S  1	1	19689848	19689856	67	0	20	pips_l400_r40_500-8000.hdf5	left	right
1970.0515	1	Stimulus/S  1	1	19700515	19700523	67	1	40	pips_l400_r40_500-8000.hdf5	left	right
1971.1182	1	Stimulus/S  1	1	19711182	19711190	67	2	60	pips_l400_r40_500-8000.hdf5	left	right
1972.1635	1	Stimulus/S  1	1	19721635	19721643	67	3	70	pips_l400_r40_500-8000.hdf5	left	right
1973.2195	1	Stimulus/S  1	1	19732195	19732203	67	4	50	pips_l400_r40_500-8000.hdf5	left	right
1974.2862	1	Stimulus/S  1	1	19742862	19742870	67	5	30	pips_l400_r40_500-8000.hdf5	left	right
1975.3529	1	Stimulus/S  1	1	19753529	19753537	68	0	20	pips_l400_r40_500-8000.hdf5	left	right
1976.4195	1	Stimulus/S  1	1	19764195	19764203	68	1	40	pips_l400_r40_500-8000.hdf5	left	right
1977.4862	1	Stimulus/S  1	1	19774862	19774870	68	2	60	pips_l400_r40_500-8000.hdf5	left	right
1978.5529	1	Stimulus/S  1	1	19785529	19785537	68	3	70	pips_l400_r40_500-8000.hdf5	left	right
1979.6196	1	Stimulus/S  1	1	19796196	19796204	68	4	50	pips_l400_r40_500-8000.hdf5	left	right
1980.6649	1	Stimulus/S  1	1	19806649	19806657	68	5	30	pips_l400_r40_500-8000.hdf5	left	right
1981.7209	1	Stimulus/S  1	1	19817209	19817217	69	0	20	pips_l400_r40_500-8000.hdf5	left	right
1982.7663	1	Stimulus/S  1	1	19827663	19827671	69	1	40	pips_l400_r40_500-8000.hdf5	left	right
1983.8223	1	Stimulus/S  1	1	19838223	19838231	69	2	60	pips_l400_r40_500-8000.hdf5	left	right
1984.889	1	Stimulus/S  1	1	19848890	19848898	69	3	70	pips_l400_r40_500-8000.hdf5	left	right
1985.9343	1	Stimulus/S  1	1	19859343	19859351	69	4	50	pips_l400_r40_500-8000.hdf5	left	right
1986.9903	1	Stimulus/S  1	1	19869903	19869911	69	5	30	pips_l400_r40_500-8000.hdf5	left	right
1988.0357	1	Stimulus/S  1	1	19880357	19880365	70	0	20	pips_l400_r40_500-8000.hdf5	left	right
1989.1023	1	Stimulus/S  1	1	19891023	19891031	70	1	40	pips_l400_r40_500-8000.hdf5	left	right
1990.169	1	Stimulus/S  1	1	19901690	19901698	70	2	60	pips_l400_r40_500-8000.hdf5	left	right
1991.2143	1	Stimulus/S  1	1	19912143	19912151	70	3	70	pips_l400_r40_500-8000.hdf5	left	right
1992.2704	1	Stimulus/S  1	1	19922704	19922712	70	4	50	pips_l400_r40_500-8000.hdf5	left	right
1993.3157	1	Stimulus/S  1	1	19933157	19933165	70	5	30	pips_l400_r40_500-8000.hdf5	left	right
1994.3824	1	Stimulus/S  1	1	19943824	19943832	71	0	20	pips_l400_r40_500-8000.hdf5	left	right
1995.4491	1	Stimulus/S  1	1	19954491	19954499	71	1	40	pips_l400_r40_500-8000.hdf5	left	right
1996.5157	1	Stimulus/S  1	1	19965157	19965165	71	2	60	pips_l400_r40_500-8000.hdf5	left	right
1997.5824	1	Stimulus/S  1	1	19975824	19975832	71	3	70	pips_l400_r40_500-8000.hdf5	left	right
1998.6491	1	Stimulus/S  1	1	19986491	19986499	71	4	50	pips_l400_r40_500-8000.hdf5	left	right
1999.7158	1	Stimulus/S  1	1	19997158	19997166	71	5	30	pips_l400_r40_500-8000.hdf5	left	right
2000.7824	1	Stimulus/S  1	1	20007824	20007832	72	0	20	pips_l400_r40_500-8000.hdf5	left	right
2001.8491	1	Stimulus/S  1	1	20018491	20018499	72	1	40	pips_l400_r40_500-8000.hdf5	left	right
2002.9051	1	Stimulus/S  1	1	20029051	20029059	72	2	60	pips_l400_r40_500-8000.hdf5	left	right
2003.9718	1	Stimulus/S  1	1	20039718	20039726	72	3	70	pips_l400_r40_500-8000.hdf5	left	right
2005.0172	1	Stimulus/S  1	1	20050172	20050180	72	4	50	pips_l400_r40_500-8000.hdf5	left	right
2006.0838	1	Stimulus/S  1	1	20060838	20060846	72	5	30	pips_l400_r40_500-8000.hdf5	left	right
2007.1398	1	Stimulus/S  1	1	20071398	20071406	73	0	20	pips_l400_r40_500-8000.hdf5	left	right
2008.1852	1	Stimulus/S  1	1	20081852	20081860	73	1	40	pips_l400_r40_500-8000.hdf5	left	right
2009.2305	1	Stimulus/S  1	1	20092305	20092313	73	2	60	pips_l400_r40_500-8000.hdf5	left	right
2010.2865	1	Stimulus/S  1	1	20102865	20102873	73	3	70	pips_l400_r40_500-8000.hdf5	left	right
2011.3532	1	Stimulus/S  1	1	20113532	20113540	73	4	50	pips_l400_r40_500-8000.hdf5	left	right
2012.4199	1	Stimulus/S  1	1	20124199	20124207	73	5	30	pips_l400_r40_500-8000.hdf5	left	right
2013.4652	1	Stimulus/S  1	1	20134652	20134660	74	0	20	pips_l400_r40_500-8000.hdf5	left	right
2014.5212	1	Stimulus/S  1	1	20145212	20145220	74	1	40	pips_l400_r40_500-8000.hdf5	left	right
2015.5666	1	Stimulus/S  1	1	20155666	20155674	74	2	60	pips_l400_r40_500-8000.hdf5	left	right
2016.6333	1	Stimulus/S  1	1	20166333	20166341	74	3	70	pips_l400_r40_500-8000.hdf5	left	right
2017.6893	1	Stimulus/S  1	1	20176893	20176901	74	4	50	pips_l400_r40_500-8000.hdf5	left	right
2018.7346	1	Stimulus/S  1	1	20187346	20187354	74	5	30	pips_l400_r40_500-8000.hdf5	left	right
2019.7906	1	Stimulus/S  1	1	20197906	20197914	75	0	20	pips_l400_r40_500-8000.hdf5	left	right
2020.836	1	Stimulus/S  1	1	20208360	20208368	75	1	40	pips_l400_r40_500-8000.hdf5	left	right
2021.8813	1	Stimulus/S  1	1	20218813	20218821	75	2	60	pips_l400_r40_500-8000.hdf5	left	right
2022.948	1	Stimulus/S  1	1	20229480	20229488	75	3	70	pips_l400_r40_500-8000.hdf5	left	right
2024.0147	1	Stimulus/S  1	1	20240147	20240155	75	4	50	pips_l400_r40_500-8000.hdf5	left	right
2025.0707	1	Stimulus/S  1	1	20250707	20250715	75	5	30	pips_l400_r40_500-8000.hdf5	left	right
2026.1374	1	Stimulus/S  1	1	20261374	20261382	76	0	20	pips_l400_r40_500-8000.hdf5	left	right
2027.204	1	Stimulus/S  1	1	20272040	20272048	76	1	40	pips_l400_r40_500-8000.hdf5	left	right
2028.2494	1	Stimulus/S  1	1	20282494	20282502	76	2	60	pips_l400_r40_500-8000.hdf5	left	right
2029.3054	1	Stimulus/S  1	1	20293054	20293062	76	3	70	pips_l400_r40_500-8000.hdf5	left	right
2030.3507	1	Stimulus/S  1	1	20303507	20303515	76	4	50	pips_l400_r40_500-8000.hdf5	left	right
2031.4174	1	Stimulus/S  1	1	20314174	20314182	76	5	30	pips_l400_r40_500-8000.hdf5	left	right
2032.4841	1	Stimulus/S  1	1	20324841	20324849	77	0	20	pips_l400_r40_500-8000.hdf5	left	right
2033.5508	1	Stimulus/S  1	1	20335508	20335516	77	1	40	pips_l400_r40_500-8000.hdf5	left	right
2034.6068	1	Stimulus/S  1	1	20346068	20346076	77	2	60	pips_l400_r40_500-8000.hdf5	left	right
2035.6521	1	Stimulus/S  1	1	20356521	20356529	77	3	70	pips_l400_r40_500-8000.hdf5	left	right
2036.7188	1	Stimulus/S  1	1	20367188	20367196	77	4	50	pips_l400_r40_500-8000.hdf5	left	right
2037.7641	1	Stimulus/S  1	1	20377641	20377649	77	5	30	pips_l400_r40_500-8000.hdf5	left	right
2038.8415	1	Stimulus/S  1	1	20388415	20388423	78	0	20	pips_l400_r40_500-8000.hdf5	left	right
2039.8975	1	Stimulus/S  1	1	20398975	20398983	78	1	40	pips_l400_r40_500-8000.hdf5	left	right
2040.9535	1	Stimulus/S  1	1	20409535	20409543	78	2	60	pips_l400_r40_500-8000.hdf5	left	right
2041.9988	1	Stimulus/S  1	1	20419988	20419996	78	3	70	pips_l400_r40_500-8000.hdf5	left	right
2043.0549	1	Stimulus/S  1	1	20430549	20430557	78	4	50	pips_l400_r40_500-8000.hdf5	left	right
2044.1215	1	Stimulus/S  1	1	20441215	20441223	78	5	30	pips_l400_r40_500-8000.hdf5	left	right
2045.1882	1	Stimulus/S  1	1	20451882	20451890	79	0	20	pips_l400_r40_500-8000.hdf5	left	right
2046.2549	1	Stimulus/S  1	1	20462549	20462557	79	1	40	pips_l400_r40_500-8000.hdf5	left	right
2047.3216	1	Stimulus/S  1	1	20473216	20473224	79	2	60	pips_l400_r40_500-8000.hdf5	left	right
2048.3669	1	Stimulus/S  1	1	20483669	20483677	79	3	70	pips_l400_r40_500-8000.hdf5	left	right
2049.4229	1	Stimulus/S  1	1	20494229	20494237	79	4	50	pips_l400_r40_500-8000.hdf5	left	right
2050.4896	1	Stimulus/S  1	1	20504896	20504904	79	5	30	pips_l400_r40_500-8000.hdf5	left	right
2051.5349	1	Stimulus/S  1	1	20515349	20515357	80	0	20	pips_l400_r40_500-8000.hdf5	left	right
2052.5909	1	Stimulus/S  1	1	20525909	20525917	80	1	40	pips_l400_r40_500-8000.hdf5	left	right
2053.6363	1	Stimulus/S  1	1	20536363	20536371	80	2	60	pips_l400_r40_500-8000.hdf5	left	right
2054.6816	1	Stimulus/S  1	1	20546816	20546824	80	3	70	pips_l400_r40_500-8000.hdf5	left	right
2055.7483	1	Stimulus/S  1	1	20557483	20557491	80	4	50	pips_l400_r40_500-8000.hdf5	left	right
2056.815	1	Stimulus/S  1	1	20568150	20568158	80	5	30	pips_l400_r40_500-8000.hdf5	left	right
2057.871	1	Stimulus/S  1	1	20578710	20578718	81	0	20	pips_l400_r40_500-8000.hdf5	left	right
2058.9163	1	Stimulus/S  1	1	20589163	20589171	81	1	40	pips_l400_r40_500-8000.hdf5	left	right
2059.983	1	Stimulus/S  1	1	20599830	20599838	81	2	60	pips_l400_r40_500-8000.hdf5	left	right
2061.0497	1	Stimulus/S  1	1	20610497	20610505	81	3	70	pips_l400_r40_500-8000.hdf5	left	right
2062.1057	1	Stimulus/S  1	1	20621057	20621065	81	4	50	pips_l400_r40_500-8000.hdf5	left	right
2063.1511	1	Stimulus/S  1	1	20631511	20631519	81	5	30	pips_l400_r40_500-8000.hdf5	left	right
2064.2177	1	Stimulus/S  1	1	20642177	20642185	82	0	20	pips_l400_r40_500-8000.hdf5	left	right
2065.2737	1	Stimulus/S  1	1	20652737	20652745	82	1	40	pips_l400_r40_500-8000.hdf5	left	right
2066.3191	1	Stimulus/S  1	1	20663191	20663199	82	2	60	pips_l400_r40_500-8000.hdf5	left	right
2067.3644	1	Stimulus/S  1	1	20673644	20673652	82	3	70	pips_l400_r40_500-8000.hdf5	left	right
2068.4311	1	Stimulus/S  1	1	20684311	20684319	82	4	50	pips_l400_r40_500-8000.hdf5	left	right
2069.4978	1	Stimulus/S  1	1	20694978	20694986	82	5	30	pips_l400_r40_500-8000.hdf5	left	right
2070.5538	1	Stimulus/S  1	1	20705538	20705546	83	0	20	pips_l400_r40_500-8000.hdf5	left	right
2071.6205	1	Stimulus/S  1	1	20716205	20716213	83	1	40	pips_l400_r40_500-8000.hdf5	left	right
2072.6871	1	Stimulus/S  1	1	20726871	20726879	83	2	60	pips_l400_r40_500-8000.hdf5	left	right
2073.7538	1	Stimulus/S  1	1	20737538	20737546	83	3	70	pips_l400_r40_500-8000.hdf5	left	right
2074.7992	1	Stimulus/S  1	1	20747992	20748000	83	4	50	pips_l400_r40_500-8000.hdf5	left	right
2075.8658	1	Stimulus/S  1	1	20758658	20758666	83	5	30	pips_l400_r40_500-8000.hdf5	left	right
2076.9325	1	Stimulus/S  1	1	20769325	20769333	84	0	20	pips_l400_r40_500-8000.hdf5	left	right
2077.9992	1	Stimulus/S  1	1	20779992	20780000	84	1	40	pips_l400_r40_500-8000.hdf5	left	right
2079.0552	1	Stimulus/S  1	1	20790552	20790560	84	2	60	pips_l400_r40_500-8000.hdf5	left	right
2080.1005	1	Stimulus/S  1	1	20801005	20801013	84	3	70	pips_l400_r40_500-8000.hdf5	left	right
2081.1672	1	Stimulus/S  1	1	20811672	20811680	84	4	50	pips_l400_r40_500-8000.hdf5	left	right
2082.2232	1	Stimulus/S  1	1	20822232	20822240	84	5	30	pips_l400_r40_500-8000.hdf5	left	right
2083.2686	1	Stimulus/S  1	1	20832686	20832694	85	0	20	pips_l400_r40_500-8000.hdf5	left	right
2084.3353	1	Stimulus/S  1	1	20843353	20843361	85	1	40	pips_l400_r40_500-8000.hdf5	left	right
2085.3913	1	Stimulus/S  1	1	20853913	20853921	85	2	60	pips_l400_r40_500-8000.hdf5	left	right
2086.4366	1	Stimulus/S  1	1	20864366	20864374	85	3	70	pips_l400_r40_500-8000.hdf5	left	right
2087.482	1	Stimulus/S  1	1	20874820	20874828	85	4	50	pips_l400_r40_500-8000.hdf5	left	right
2088.538	1	Stimulus/S  1	1	20885380	20885388	85	5	30	pips_l400_r40_500-8000.hdf5	left	right
2089.5833	1	Stimulus/S  1	1	20895833	20895841	86	0	20	pips_l400_r40_500-8000.hdf5	left	right
2090.65	1	Stimulus/S  1	1	20906500	20906508	86	1	40	pips_l400_r40_500-8000.hdf5	left	right
2091.706	1	Stimulus/S  1	1	20917060	20917068	86	2	60	pips_l400_r40_500-8000.hdf5	left	right
2092.7513	1	Stimulus/S  1	1	20927513	20927521	86	3	70	pips_l400_r40_500-8000.hdf5	left	right
2093.8073	1	Stimulus/S  1	1	20938073	20938081	86	4	50	pips_l400_r40_500-8000.hdf5	left	right
2094.874	1	Stimulus/S  1	1	20948740	20948748	86	5	30	pips_l400_r40_500-8000.hdf5	left	right
2095.9194	1	Stimulus/S  1	1	20959194	20959202	87	0	20	pips_l400_r40_500-8000.hdf5	left	right
2096.9647	1	Stimulus/S  1	1	20969647	20969655	87	1	40	pips_l400_r40_500-8000.hdf5	left	right
2098.0314	1	Stimulus/S  1	1	20980314	20980322	87	2	60	pips_l400_r40_500-8000.hdf5	left	right
2099.0874	1	Stimulus/S  1	1	20990874	20990882	87	3	70	pips_l400_r40_500-8000.hdf5	left	right
2100.1327	1	Stimulus/S  1	1	21001327	21001335	87	4	50	pips_l400_r40_500-8000.hdf5	left	right
2101.1994	1	Stimulus/S  1	1	21011994	21012002	87	5	30	pips_l400_r40_500-8000.hdf5	left	right
2102.2554	1	Stimulus/S  1	1	21022554	21022562	88	0	20	pips_l400_r40_500-8000.hdf5	left	right
2103.3221	1	Stimulus/S  1	1	21033221	21033229	88	1	40	pips_l400_r40_500-8000.hdf5	left	right
2104.3888	1	Stimulus/S  1	1	21043888	21043896	88	2	60	pips_l400_r40_500-8000.hdf5	left	right
2105.4341	1	Stimulus/S  1	1	21054341	21054349	88	3	70	pips_l400_r40_500-8000.hdf5	left	right
2106.5008	1	Stimulus/S  1	1	21065008	21065016	88	4	50	pips_l400_r40_500-8000.hdf5	left	right
2107.5568	1	Stimulus/S  1	1	21075568	21075576	88	5	30	pips_l400_r40_500-8000.hdf5	left	right
2108.6022	1	Stimulus/S  1	1	21086022	21086030	89	0	20	pips_l400_r40_500-8000.hdf5	left	right
2109.6688	1	Stimulus/S  1	1	21096688	21096696	89	1	40	pips_l400_r40_500-8000.hdf5	left	right
2110.7248	1	Stimulus/S  1	1	21107248	21107256	89	2	60	pips_l400_r40_500-8000.hdf5	left	right
2111.7702	1	Stimulus/S  1	1	21117702	21117710	89	3	70	pips_l400_r40_500-8000.hdf5	left	right
2112.8155	1	Stimulus/S  1	1	21128155	21128163	89	4	50	pips_l400_r40_500-8000.hdf5	left	right
2113.8715	1	Stimulus/S  1	1	21138715	21138723	89	5	30	pips_l400_r40_500-8000.hdf5	left	right
2114.9382	1	Stimulus/S  1	1	21149382	21149390	90	0	20	pips_l400_r40_500-8000.hdf5	left	right
2115.9836	1	Stimulus/S  1	1	21159836	21159844	90	1	40	pips_l400_r40_500-8000.hdf5	left	right
2117.0502	1	Stimulus/S  1	1	21170502	21170510	90	2	60	pips_l400_r40_500-8000.hdf5	left	right
2118.1169	1	Stimulus/S  1	1	21181169	21181177	90	3	70	pips_l400_r40_500-8000.hdf5	left	right
2119.1729	1	Stimulus/S  1	1	21191729	21191737	90	4	50	pips_l400_r40_500-8000.hdf5	left	right
2120.2183	1	Stimulus/S  1	1	21202183	21202191	90	5	30	pips_l400_r40_500-8000.hdf5	left	right
2121.2849	1	Stimulus/S  1	1	21212849	21212857	91	0	20	pips_l400_r40_500-8000.hdf5	left	right
2122.341	1	Stimulus/S  1	1	21223410	21223418	91	1	40	pips_l400_r40_500-8000.hdf5	left	right
2123.3863	1	Stimulus/S  1	1	21233863	21233871	91	2	60	pips_l400_r40_500-8000.hdf5	left	right
2124.453	1	Stimulus/S  1	1	21244530	21244538	91	3	70	pips_l400_r40_500-8000.hdf5	left	right
2125.5197	1	Stimulus/S  1	1	21255197	21255205	91	4	50	pips_l400_r40_500-8000.hdf5	left	right
2126.5757	1	Stimulus/S  1	1	21265757	21265765	91	5	30	pips_l400_r40_500-8000.hdf5	left	right
2127.621	1	Stimulus/S  1	1	21276210	21276218	92	0	20	pips_l400_r40_500-8000.hdf5	left	right
2128.6664	1	Stimulus/S  1	1	21286664	21286672	92	1	40	pips_l400_r40_500-8000.hdf5	left	right
2129.7224	1	Stimulus/S  1	1	21297224	21297232	92	2	60	pips_l400_r40_500-8000.hdf5	left	right
2130.789	1	Stimulus/S  1	1	21307890	21307898	92	3	70	pips_l400_r40_500-8000.hdf5	left	right
2131.8344	1	Stimulus/S  1	1	21318344	21318352	92	4	50	pips_l400_r40_500-8000.hdf5	left	right
2132.8904	1	Stimulus/S  1	1	21328904	21328912	92	5	30	pips_l400_r40_500-8000.hdf5	left	right
2133.9357	1	Stimulus/S  1	1	21339357	21339365	93	0	20	pips_l400_r40_500-8000.hdf5	left	right
2135.0024	1	Stimulus/S  1	1	21350024	21350032	93	1	40	pips_l400_r40_500-8000.hdf5	left	right
2136.0691	1	Stimulus/S  1	1	21360691	21360699	93	2	60	pips_l400_r40_500-8000.hdf5	left	right
2137.1251	1	Stimulus/S  1	1	21371251	21371259	93	3	70	pips_l400_r40_500-8000.hdf5	left	right
2138.1918	1	Stimulus/S  1	1	21381918	21381926	93	4	50	pips_l400_r40_500-8000.hdf5	left	right
2139.2371	1	Stimulus/S  1	1	21392371	21392379	93	5	30	pips_l400_r40_500-8000.hdf5	left	right
2140.3038	1	Stimulus/S  1	1	21403038	21403046	94	0	20	pips_l400_r40_500-8000.hdf5	left	right
2141.3491	1	Stimulus/S  1	1	21413491	21413499	94	1	40	pips_l400_r40_500-8000.hdf5	left	right
2142.4052	1	Stimulus/S  1	1	21424052	21424060	94	2	60	pips_l400_r40_500-8000.hdf5	left	right
2143.4718	1	Stimulus/S  1	1	21434718	21434726	94	3	70	pips_l400_r40_500-8000.hdf5	left	right
2144.5172	1	Stimulus/S  1	1	21445172	21445180	94	4	50	pips_l400_r40_500-8000.hdf5	left	right
2145.5839	1	Stimulus/S  1	1	21455839	21455847	94	5	30	pips_l400_r40_500-8000.hdf5	left	right
2146.6505	1	Stimulus/S  1	1	21466505	21466513	95	0	20	pips_l400_r40_500-8000.hdf5	left	right
2147.7065	1	Stimulus/S  1	1	21477065	21477073	95	1	40	pips_l400_r40_500-8000.hdf5	left	right
2148.7732	1	Stimulus/S  1	1	21487732	21487740	95	2	60	pips_l400_r40_500-8000.hdf5	left	right
2149.8186	1	Stimulus/S  1	1	21498186	21498194	95	3	70	pips_l400_r40_500-8000.hdf5	left	right
2150.8746	1	Stimulus/S  1	1	21508746	21508754	95	4	50	pips_l400_r40_500-8000.hdf5	left	right
2151.9412	1	Stimulus/S  1	1	21519412	21519420	95	5	30	pips_l400_r40_500-8000.hdf5	left	right
2152.9866	1	Stimulus/S  1	1	21529866	21529874	96	0	20	pips_l400_r40_500-8000.hdf5	left	right
2154.0319	1	Stimulus/S  1	1	21540319	21540327	96	1	40	pips_l400_r40_500-8000.hdf5	left	right
2155.1093	1	Stimulus/S  1	1	21551093	21551101	96	2	60	pips_l400_r40_500-8000.hdf5	left	right
2156.1546	1	Stimulus/S  1	1	21561546	21561554	96	3	70	pips_l400_r40_500-8000.hdf5	left	right
2157.2	1	Stimulus/S  1	1	21572000	21572008	96	4	50	pips_l400_r40_500-8000.hdf5	left	right
2158.2666	1	Stimulus/S  1	1	21582666	21582674	96	5	30	pips_l400_r40_500-8000.hdf5	left	right
2159.3333	1	Stimulus/S  1	1	21593333	21593341	97	0	20	pips_l400_r40_500-8000.hdf5	left	right
2160.3893	1	Stimulus/S  1	1	21603893	21603901	97	1	40	pips_l400_r40_500-8000.hdf5	left	right
2161.4347	1	Stimulus/S  1	1	21614347	21614355	97	2	60	pips_l400_r40_500-8000.hdf5	left	right
2162.5014	1	Stimulus/S  1	1	21625014	21625022	97	3	70	pips_l400_r40_500-8000.hdf5	left	right
2163.568	1	Stimulus/S  1	1	21635680	21635688	97	4	50	pips_l400_r40_500-8000.hdf5	left	right
2164.6347	1	Stimulus/S  1	1	21646347	21646355	97	5	30	pips_l400_r40_500-8000.hdf5	left	right
2165.6907	1	Stimulus/S  1	1	21656907	21656915	98	0	20	pips_l400_r40_500-8000.hdf5	left	right
2166.7361	1	Stimulus/S  1	1	21667361	21667369	98	1	40	pips_l400_r40_500-8000.hdf5	left	right
2167.8027	1	Stimulus/S  1	1	21678027	21678035	98	2	60	pips_l400_r40_500-8000.hdf5	left	right
2168.8694	1	Stimulus/S  1	1	21688694	21688702	98	3	70	pips_l400_r40_500-8000.hdf5	left	right
2169.9254	1	Stimulus/S  1	1	21699254	21699262	98	4	50	pips_l400_r40_500-8000.hdf5	left	right
2170.9708	1	Stimulus/S  1	1	21709708	21709716	98	5	30	pips_l400_r40_500-8000.hdf5	left	right
2172.0374	1	Stimulus/S  1	1	21720374	21720382	99	0	20	pips_l400_r40_500-8000.hdf5	left	right
2173.1041	1	Stimulus/S  1	1	21731041	21731049	99	1	40	pips_l400_r40_500-8000.hdf5	left	right
2174.1708	1	Stimulus/S  1	1	21741708	21741716	99	2	60	pips_l400_r40_500-8000.hdf5	left	right
2175.2375	1	Stimulus/S  1	1	21752375	21752383	99	3	70	pips_l400_r40_500-8000.hdf5	left	right
2176.2828	1	Stimulus/S  1	1	21762828	21762836	99	4	50	pips_l400_r40_500-8000.hdf5	left	right
2177.3388	1	Stimulus/S  1	1	21773388	21773396	99	5	30	pips_l400_r40_500-8000.hdf5	left	right
2178.4055	1	Stimulus/S  1	1	21784055	21784063	100	0	20	pips_l400_r40_500-8000.hdf5	left	right
2179.4508	1	Stimulus/S  1	1	21794508	21794516	100	1	40	pips_l400_r40_500-8000.hdf5	left	right
2180.5069	1	Stimulus/S  1	1	21805069	21805077	100	2	60	pips_l400_r40_500-8000.hdf5	left	right
2181.5735	1	Stimulus/S  1	1	21815735	21815743	100	3	70	pips_l400_r40_500-8000.hdf5	left	right
2182.6402	1	Stimulus/S  1	1	21826402	21826410	100	4	50	pips_l400_r40_500-8000.hdf5	left	right
2183.6856	1	Stimulus/S  1	1	21836856	21836864	100	5	30	pips_l400_r40_500-8000.hdf5	left	right
2184.7416	1	Stimulus/S  1	1	21847416	21847424	101	0	20	pips_l400_r40_500-8000.hdf5	left	right
2185.8082	1	Stimulus/S  1	1	21858082	21858090	101	1	40	pips_l400_r40_500-8000.hdf5	left	right
2186.8749	1	Stimulus/S  1	1	21868749	21868757	101	2	60	pips_l400_r40_500-8000.hdf5	left	right
2187.9203	1	Stimulus/S  1	1	21879203	21879211	101	3	70	pips_l400_r40_500-8000.hdf5	left	right
2188.9763	1	Stimulus/S  1	1	21889763	21889771	101	4	50	pips_l400_r40_500-8000.hdf5	left	right
2190.043	1	Stimulus/S  1	1	21900430	21900438	101	5	30	pips_l400_r40_500-8000.hdf5	left	right
2191.0883	1	Stimulus/S  1	1	21910883	21910891	102	0	20	pips_l400_r40_500-8000.hdf5	left	right
2192.155	1	Stimulus/S  1	1	21921550	21921558	102	1	40	pips_l400_r40_500-8000.hdf5	left	right
2193.2003	1	Stimulus/S  1	1	21932003	21932011	102	2	60	pips_l400_r40_500-8000.hdf5	left	right
2194.2563	1	Stimulus/S  1	1	21942563	21942571	102	3	70	pips_l400_r40_500-8000.hdf5	left	right
2195.3017	1	Stimulus/S  1	1	21953017	21953025	102	4	50	pips_l400_r40_500-8000.hdf5	left	right
2196.3577	1	Stimulus/S  1	1	21963577	21963585	102	5	30	pips_l400_r40_500-8000.hdf5	left	right
2197.403	1	Stimulus/S  1	1	21974030	21974038	103	0	20	pips_l400_r40_500-8000.hdf5	left	right
2198.459	1	Stimulus/S  1	1	21984590	21984598	103	1	40	pips_l400_r40_500-8000.hdf5	left	right
2199.5257	1	Stimulus/S  1	1	21995257	21995265	103	2	60	pips_l400_r40_500-8000.hdf5	left	right
2200.5711	1	Stimulus/S  1	1	22005711	22005719	103	3	70	pips_l400_r40_500-8000.hdf5	left	right
2201.6164	1	Stimulus/S  1	1	22016164	22016172	103	4	50	pips_l400_r40_500-8000.hdf5	left	right
2202.6937	1	Stimulus/S  1	1	22026937	22026945	103	5	30	pips_l400_r40_500-8000.hdf5	left	right
2203.7391	1	Stimulus/S  1	1	22037391	22037399	104	0	20	pips_l400_r40_500-8000.hdf5	left	right
2204.7844	1	Stimulus/S  1	1	22047844	22047852	104	1	40	pips_l400_r40_500-8000.hdf5	left	right
2205.8511	1	Stimulus/S  1	1	22058511	22058519	104	2	60	pips_l400_r40_500-8000.hdf5	left	right
2206.9071	1	Stimulus/S  1	1	22069071	22069079	104	3	70	pips_l400_r40_500-8000.hdf5	left	right
2207.9738	1	Stimulus/S  1	1	22079738	22079746	104	4	50	pips_l400_r40_500-8000.hdf5	left	right
2209.0405	1	Stimulus/S  1	1	22090405	22090413	104	5	30	pips_l400_r40_500-8000.hdf5	left	right
2210.0858	1	Stimulus/S  1	1	22100858	22100866	105	0	20	pips_l400_r40_500-8000.hdf5	left	right
2211.1525	1	Stimulus/S  1	1	22111525	22111533	105	1	40	pips_l400_r40_500-8000.hdf5	left	right
2212.2085	1	Stimulus/S  1	1	22122085	22122093	105	2	60	pips_l400_r40_500-8000.hdf5	left	right
2213.2538	1	Stimulus/S  1	1	22132538	22132546	105	3	70	pips_l400_r40_500-8000.hdf5	left	right
2214.3205	1	Stimulus/S  1	1	22143205	22143213	105	4	50	pips_l400_r40_500-8000.hdf5	left	right
2215.3765	1	Stimulus/S  1	1	22153765	22153773	105	5	30	pips_l400_r40_500-8000.hdf5	left	right
2216.4219	1	Stimulus/S  1	1	22164219	22164227	106	0	20	pips_l400_r40_500-8000.hdf5	left	right
2217.4886	1	Stimulus/S  1	1	22174886	22174894	106	1	40	pips_l400_r40_500-8000.hdf5	left	right
2218.5339	1	Stimulus/S  1	1	22185339	22185347	106	2	60	pips_l400_r40_500-8000.hdf5	left	right
2219.6112	1	Stimulus/S  1	1	22196112	22196120	106	3	70	pips_l400_r40_500-8000.hdf5	left	right
2220.6566	1	Stimulus/S  1	1	22206566	22206574	106	4	50	pips_l400_r40_500-8000.hdf5	left	right
2221.7019	1	Stimulus/S  1	1	22217019	22217027	106	5	30	pips_l400_r40_500-8000.hdf5	left	right
2222.7686	1	Stimulus/S  1	1	22227686	22227694	107	0	20	pips_l400_r40_500-8000.hdf5	left	right
2223.8246	1	Stimulus/S  1	1	22238246	22238254	107	1	40	pips_l400_r40_500-8000.hdf5	left	right
2224.8913	1	Stimulus/S  1	1	22248913	22248921	107	2	60	pips_l400_r40_500-8000.hdf5	left	right
2225.958	1	Stimulus/S  1	1	22259580	22259588	107	3	70	pips_l400_r40_500-8000.hdf5	left	right
2227.0033	1	Stimulus/S  1	1	22270033	22270041	107	4	50	pips_l400_r40_500-8000.hdf5	left	right
2228.0593	1	Stimulus/S  1	1	22280593	22280601	107	5	30	pips_l400_r40_500-8000.hdf5	left	right
2229.126	1	Stimulus/S  1	1	22291260	22291268	108	0	20	pips_l400_r40_500-8000.hdf5	left	right
2230.1927	1	Stimulus/S  1	1	22301927	22301935	108	1	40	pips_l400_r40_500-8000.hdf5	left	right
2231.238	1	Stimulus/S  1	1	22312380	22312388	108	2	60	pips_l400_r40_500-8000.hdf5	left	right
2232.294	1	Stimulus/S  1	1	22322940	22322948	108	3	70	pips_l400_r40_500-8000.hdf5	left	right
2233.3394	1	Stimulus/S  1	1	22333394	22333402	108	4	50	pips_l400_r40_500-8000.hdf5	left	right
2234.3847	1	Stimulus/S  1	1	22343847	22343855	108	5	30	pips_l400_r40_500-8000.hdf5	left	right
2235.4407	1	Stimulus/S  1	1	22354407	22354415	109	0	20	pips_l400_r40_500-8000.hdf5	left	right
2236.5074	1	Stimulus/S  1	1	22365074	22365082	109	1	40	pips_l400_r40_500-8000.hdf5	left	right
2237.5527	1	Stimulus/S  1	1	22375527	22375535	109	2	60	pips_l400_r40_500-8000.hdf5	left	right
2238.6088	1	Stimulus/S  1	1	22386088	22386096	109	3	70	pips_l400_r40_500-8000.hdf5	left	right
2239.6754	1	Stimulus/S  1	1	22396754	22396762	109	4	50	pips_l400_r40_500-8000.hdf5	left	right
2240.7208	1	Stimulus/S  1	1	22407208	22407216	109	5	30	pips_l400_r40_500-8000.hdf5	left	right
2241.7768	1	Stimulus/S  1	1	22417768	22417776	110	0	20	pips_l400_r40_500-8000.hdf5	left	right
2242.8435	1	Stimulus/S  1	1	22428435	22428443	110	1	40	pips_l400_r40_500-8000.hdf5	left	right
2243.8888	1	Stimulus/S  1	1	22438888	22438896	110	2	60	pips_l400_r40_500-8000.hdf5	left	right
2244.9342	1	Stimulus/S  1	1	22449342	22449350	110	3	70	pips_l400_r40_500-8000.hdf5	left	right
2246.0008	1	Stimulus/S  1	1	22460008	22460016	110	4	50	pips_l400_r40_500-8000.hdf5	left	right
2247.0568	1	Stimulus/S  1	1	22470568	22470576	110	5	30	pips_l400_r40_500-8000.hdf5	left	right
2248.1235	1	Stimulus/S  1	1	22481235	22481243	111	0	20	pips_l400_r40_500-8000.hdf5	left	right
2249.1902	1	Stimulus/S  1	1	22491902	22491910	111	1	40	pips_l400_r40_500-8000.hdf5	left	right
2250.2355	1	Stimulus/S  1	1	22502355	22502363	111	2	60	pips_l400_r40_500-8000.hdf5	left	right
2251.2915	1	Stimulus/S  1	1	22512915	22512923	111	3	70	pips_l400_r40_500-8000.hdf5	left	right
2252.3369	1	Stimulus/S  1	1	22523369	22523377	111	4	50	pips_l400_r40_500-8000.hdf5	left	right
2253.4036	1	Stimulus/S  1	1	22534036	22534044	111	5	30	pips_l400_r40_500-8000.hdf5	left	right
2254.4596	1	Stimulus/S  1	1	22544596	22544604	112	0	20	pips_l400_r40_500-8000.hdf5	left	right
2255.5263	1	Stimulus/S  1	1	22555263	22555271	112	1	40	pips_l400_r40_500-8000.hdf5	left	right
2256.5716	1	Stimulus/S  1	1	22565716	22565724	112	2	60	pips_l400_r40_500-8000.hdf5	left	right
2257.6276	1	Stimulus/S  1	1	22576276	22576284	112	3	70	pips_l400_r40_500-8000.hdf5	left	right
2258.6943	1	Stimulus/S  1	1	22586943	22586951	112	4	50	pips_l400_r40_500-8000.hdf5	left	right
2259.761	1	Stimulus/S  1	1	22597610	22597618	112	5	30	pips_l400_r40_500-8000.hdf5	left	right
2260.8063	1	Stimulus/S  1	1	22608063	22608071	113	0	20	pips_l400_r40_500-8000.hdf5	left	right
2261.8517	1	Stimulus/S  1	1	22618517	22618525	113	1	40	pips_l400_r40_500-8000.hdf5	left	right
2262.9183	1	Stimulus/S  1	1	22629183	22629191	113	2	60	pips_l400_r40_500-8000.hdf5	left	right
2263.985	1	Stimulus/S  1	1	22639850	22639858	113	3	70	pips_l400_r40_500-8000.hdf5	left	right
2265.041	1	Stimulus/S  1	1	22650410	22650418	113	4	50	pips_l400_r40_500-8000.hdf5	left	right
2266.0864	1	Stimulus/S  1	1	22660864	22660872	113	5	30	pips_l400_r40_500-8000.hdf5	left	right
2267.1424	1	Stimulus/S  1	1	22671424	22671432	114	0	20	pips_l400_r40_500-8000.hdf5	left	right
2268.209	1	Stimulus/S  1	1	22682090	22682098	114	1	40	pips_l400_r40_500-8000.hdf5	left	right
2269.2757	1	Stimulus/S  1	1	22692757	22692765	114	2	60	pips_l400_r40_500-8000.hdf5	left	right
2270.3424	1	Stimulus/S  1	1	22703424	22703432	114	3	70	pips_l400_r40_500-8000.hdf5	left	right
2271.3877	1	Stimulus/S  1	1	22713877	22713885	114	4	50	pips_l400_r40_500-8000.hdf5	left	right
2272.4438	1	Stimulus/S  1	1	22724438	22724446	114	5	30	pips_l400_r40_500-8000.hdf5	left	right
2273.5104	1	Stimulus/S  1	1	22735104	22735112	115	0	20	pips_l400_r40_500-8000.hdf5	left	right
2274.5558	1	Stimulus/S  1	1	22745558	22745566	115	1	40	pips_l400_r40_500-8000.hdf5	left	right
2275.6118	1	Stimulus/S  1	1	22756118	22756126	115	2	60	pips_l400_r40_500-8000.hdf5	left	right
2276.6571	1	Stimulus/S  1	1	22766571	22766579	115	3	70	pips_l400_r40_500-8000.hdf5	left	right
2277.7238	1	Stimulus/S  1	1	22777238	22777246	115	4	50	pips_l400_r40_500-8000.hdf5	left	right
2278.7691	1	Stimulus/S  1	1	22787691	22787699	115	5	30	pips_l400_r40_500-8000.hdf5	left	right
2279.8358	1	Stimulus/S  1	1	22798358	22798366	116	0	20	pips_l400_r40_500-8000.hdf5	left	right
2280.8918	1	Stimulus/S  1	1	22808918	22808926	116	1	40	pips_l400_r40_500-8000.hdf5	left	right
2281.9372	1	Stimulus/S  1	1	22819372	22819380	116	2	60	pips_l400_r40_500-8000.hdf5	left	right
2283.0039	1	Stimulus/S  1	1	22830039	22830047	116	3	70	pips_l400_r40_500-8000.hdf5	left	right
2284.0599	1	Stimulus/S  1	1	22840599	22840607	116	4	50	pips_l400_r40_500-8000.hdf5	left	right
2285.1265	1	Stimulus/S  1	1	22851265	22851273	116	5	30	pips_l400_r40_500-8000.hdf5	left	right
2286.1932	1	Stimulus/S  1	1	22861932	22861940	117	0	20	pips_l400_r40_500-8000.hdf5	left	right
2287.2386	1	Stimulus/S  1	1	22872386	22872394	117	1	40	pips_l400_r40_500-8000.hdf5	left	right
2288.2946	1	Stimulus/S  1	1	22882946	22882954	117	2	60	pips_l400_r40_500-8000.hdf5	left	right
2289.3613	1	Stimulus/S  1	1	22893613	22893621	117	3	70	pips_l400_r40_500-8000.hdf5	left	right
2290.4279	1	Stimulus/S  1	1	22904279	22904287	117	4	50	pips_l400_r40_500-8000.hdf5	left	right
2291.4733	1	Stimulus/S  1	1	22914733	22914741	117	5	30	pips_l400_r40_500-8000.hdf5	left	right
2292.5186	1	Stimulus/S  1	1	22925186	22925194	118	0	20	pips_l400_r40_500-8000.hdf5	left	right
2293.5853	1	Stimulus/S  1	1	22935853	22935861	118	1	40	pips_l400_r40_500-8000.hdf5	left	right
2294.6413	1	Stimulus/S  1	1	22946413	22946421	118	2	60	pips_l400_r40_500-8000.hdf5	left	right
2295.708	1	Stimulus/S  1	1	22957080	22957088	118	3	70	pips_l400_r40_500-8000.hdf5	left	right
2296.7747	1	Stimulus/S  1	1	22967747	22967755	118	4	50	pips_l400_r40_500-8000.hdf5	left	right
2297.82	1	Stimulus/S  1	1	22978200	22978208	118	5	30	pips_l400_r40_500-8000.hdf5	left	right
2298.876	1	Stimulus/S  1	1	22988760	22988768	119	0	20	pips_l400_r40_500-8000.hdf5	left	right
2299.9427	1	Stimulus/S  1	1	22999427	22999435	119	1	40	pips_l400_r40_500-8000.hdf5	left	right
2300.988	1	Stimulus/S  1	1	23009880	23009888	119	2	60	pips_l400_r40_500-8000.hdf5	left	right
2302.044	1	Stimulus/S  1	1	23020440	23020448	119	3	70	pips_l400_r40_500-8000.hdf5	left	right
2303.1107	1	Stimulus/S  1	1	23031107	23031115	119	4	50	pips_l400_r40_500-8000.hdf5	left	right
2304.1561	1	Stimulus/S  1	1	23041561	23041569	119	5	30	pips_l400_r40_500-8000.hdf5	left	right
2305.2227	1	Stimulus/S  1	1	23052227	23052235	0	0	20	pips_l400_r40_500-8000.hdf5	left	right
2306.2788	1	Stimulus/S  1	1	23062788	23062796	0	1	40	pips_l400_r40_500-8000.hdf5	left	right
2307.3454	1	Stimulus/S  1	1	23073454	23073462	0	2	60	pips_l400_r40_500-8000.hdf5	left	right
2308.4121	1	Stimulus/S  1	1	23084121	23084129	0	3	70	pips_l400_r40_500-8000.hdf5	left	right
2309.4574	1	Stimulus/S  1	1	23094574	23094582	0	4	50	pips_l400_r40_500-8000.hdf5	left	right
2310.5241	1	Stimulus/S  1	1	23105241	23105249	0	5	30	pips_l400_r40_500-8000.hdf5	left	right
2311.5908	1	Stimulus/S  1	1	23115908	23115916	1	0	20	pips_l400_r40_500-8000.hdf5	left	right
2312.6361	1	Stimulus/S  1	1	23126361	23126369	1	1	40	pips_l400_r40_500-8000.hdf5	left	right
2313.6922	1	Stimulus/S  1	1	23136922	23136930	1	2	60	pips_l400_r40_500-8000.hdf5	left	right
2314.7375	1	Stimulus/S  1	1	23147375	23147383	1	3	70	pips_l400_r40_500-8000.hdf5	left	right
2315.7935	1	Stimulus/S  1	1	23157935	23157943	1	4	50	pips_l400_r40_500-8000.hdf5	left	right
2316.8602	1	Stimulus/S  1	1	23168602	23168610	1	5	30	pips_l400_r40_500-8000.hdf5	left	right
2317.9269	1	Stimulus/S  1	1	23179269	23179277	2	0	20	pips_l400_r40_500-8000.hdf5	left	right
2318.9722	1	Stimulus/S  1	1	23189722	23189730	2	1	40	pips_l400_r40_500-8000.hdf5	left	right
2320.0282	1	Stimulus/S  1	1	23200282	23200290	2	2	60	pips_l400_r40_500-8000.hdf5	left	right
2321.0736	1	Stimulus/S  1	1	23210736	23210744	2	3	70	pips_l400_r40_500-8000.hdf5	left	right
2322.1189	1	Stimulus/S  1	1	23221189	23221197	2	4	50	pips_l400_r40_500-8000.hdf5	left	right
2323.1856	1	Stimulus/S  1	1	23231856	23231864	2	5	30	pips_l400_r40_500-8000.hdf5	left	right
2324.2416	1	Stimulus/S  1	1	23242416	23242424	3	0	20	pips_l400_r40_500-8000.hdf5	left	right
2325.3083	1	Stimulus/S  1	1	23253083	23253091	3	1	40	pips_l400_r40_500-8000.hdf5	left	right
2326.3536	1	Stimulus/S  1	1	23263536	23263544	3	2	60	pips_l400_r40_500-8000.hdf5	left	right
2327.4096	1	Stimulus/S  1	1	23274096	23274104	3	3	70	pips_l400_r40_500-8000.hdf5	left	right
2328.4763	1	Stimulus/S  1	1	23284763	23284771	3	4	50	pips_l400_r40_500-8000.hdf5	left	right
2329.5216	1	Stimulus/S  1	1	23295216	23295224	3	5	30	pips_l400_r40_500-8000.hdf5	left	right
2330.5883	1	Stimulus/S  1	1	23305883	23305891	4	0	20	pips_l400_r40_500-8000.hdf5	left	right
2331.6443	1	Stimulus/S  1	1	23316443	23316451	4	1	40	pips_l400_r40_500-8000.hdf5	left	right
2332.6897	1	Stimulus/S  1	1	23326897	23326905	4	2	60	pips_l400_r40_500-8000.hdf5	left	right
2333.7564	1	Stimulus/S  1	1	23337564	23337572	4	3	70	pips_l400_r40_500-8000.hdf5	left	right
2334.8124	1	Stimulus/S  1	1	23348124	23348132	4	4	50	pips_l400_r40_500-8000.hdf5	left	right
2335.8577	1	Stimulus/S  1	1	23358577	23358585	4	5	30	pips_l400_r40_500-8000.hdf5	left	right
2336.9244	1	Stimulus/S  1	1	23369244	23369252	5	0	20	pips_l400_r40_500-8000.hdf5	left	right
2337.9697	1	Stimulus/S  1	1	23379697	23379705	5	1	40	pips_l400_r40_500-8000.hdf5	left	right
2339.0257	1	Stimulus/S  1	1	23390257	23390265	5	2	60	pips_l400_r40_500-8000.hdf5	left	right
2340.0711	1	Stimulus/S  1	1	23400711	23400719	5	3	70	pips_l400_r40_500-8000.hdf5	left	right
2341.1271	1	Stimulus/S  1	1	23411271	23411279	5	4	50	pips_l400_r40_500-8000.hdf5	left	right
2342.1938	1	Stimulus/S  1	1	23421938	23421946	5	5	30	pips_l400_r40_500-8000.hdf5	left	right
2343.2604	1	Stimulus/S  1	1	23432604	23432612	6	0	20	pips_l400_r40_500-8000.hdf5	left	right
2344.3271	1	Stimulus/S  1	1	23443271	23443279	6	1	40	pips_l400_r40_500-8000.hdf5	left	right
2345.3725	1	Stimulus/S  1	1	23453725	23453733	6	2	60	pips_l400_r40_500-8000.hdf5	left	right
2346.4285	1	Stimulus/S  1	1	23464285	23464293	6	3	70	pips_l400_r40_500-8000.hdf5	left	right
2347.4952	1	Stimulus/S  1	1	23474952	23474960	6	4	50	pips_l400_r40_500-8000.hdf5	left	right
2348.5618	1	Stimulus/S  1	1	23485618	23485626	6	5	30	pips_l400_r40_500-8000.hdf5	left	right
2349.6072	1	Stimulus/S  1	1	23496072	23496080	7	0	20	pips_l400_r40_500-8000.hdf5	left	right
2350.6525	1	Stimulus/S  1	1	23506525	23506533	7	1	40	pips_l400_r40_500-8000.hdf5	left	right
2351.7085	1	Stimulus/S  1	1	23517085	23517093	7	2	60	pips_l400_r40_500-8000.hdf5	left	right
2352.7539	1	Stimulus/S  1	1	23527539	23527547	7	3	70	pips_l400_r40_500-8000.hdf5	left	right
2353.8205	1	Stimulus/S  1	1	23538205	23538213	7	4	50	pips_l400_r40_500-8000.hdf5	left	right
2354.8872	1	Stimulus/S  1	1	23548872	23548880	7	5	30	pips_l400_r40_500-8000.hdf5	left	right
2355.9539	1	Stimulus/S  1	1	23559539	23559547	8	0	20	pips_l400_r40_500-8000.hdf5	left	right
2357.0099	1	Stimulus/S  1	1	23570099	23570107	8	1	40	pips_l400_r40_500-8000.hdf5	left	right
2358.0553	1	Stimulus/S  1	1	23580553	23580561	8	2	60	pips_l400_r40_500-8000.hdf5	left	right
2359.1219	1	Stimulus/S  1	1	23591219	23591227	8	3	70	pips_l400_r40_500-8000.hdf5	left	right
2360.1886	1	Stimulus/S  1	1	23601886	23601894	8	4	50	pips_l400_r40_500-8000.hdf5	left	right
2361.2553	1	Stimulus/S  1	1	23612553	23612561	8	5	30	pips_l400_r40_500-8000.hdf5	left	right
2362.3113	1	Stimulus/S  1	1	23623113	23623121	9	0	20	pips_l400_r40_500-8000.hdf5	left	right
2363.3566	1	Stimulus/S  1	1	23633566	23633574	9	1	40	pips_l400_r40_500-8000.hdf5	left	right
2364.4127	1	Stimulus/S  1	1	23644127	23644135	9	2	60	pips_l400_r40_500-8000.hdf5	left	right
2365.458	1	Stimulus/S  1	1	23654580	23654588	9	3	70	pips_l400_r40_500-8000.hdf5	left	right
2366.5247	1	Stimulus/S  1	1	23665247	23665255	9	4	50	pips_l400_r40_500-8000.hdf5	left	right
2367.57	1	Stimulus/S  1	1	23675700	23675708	9	5	30	pips_l400_r40_500-8000.hdf5	left	right
2368.626	1	Stimulus/S  1	1	23686260	23686268	10	0	20	pips_l400_r40_500-8000.hdf5	left	right
2369.6927	1	Stimulus/S  1	1	23696927	23696935	10	1	40	pips_l400_r40_500-8000.hdf5	left	right
2370.738	1	Stimulus/S  1	1	23707380	23707388	10	2	60	pips_l400_r40_500-8000.hdf5	left	right
2371.7941	1	Stimulus/S  1	1	23717941	23717949	10	3	70	pips_l400_r40_500-8000.hdf5	left	right
2372.8607	1	Stimulus/S  1	1	23728607	23728615	10	4	50	pips_l400_r40_500-8000.hdf5	left	right
2373.9274	1	Stimulus/S  1	1	23739274	23739282	10	5	30	pips_l400_r40_500-8000.hdf5	left	right
2374.9728	1	Stimulus/S  1	1	23749728	23749736	11	0	20	pips_l400_r40_500-8000.hdf5	left	right
2376.0288	1	Stimulus/S  1	1	23760288	23760296	11	1	40	pips_l400_r40_500-8000.hdf5	left	right
2377.0954	1	Stimulus/S  1	1	23770954	23770962	11	2	60	pips_l400_r40_500-8000.hdf5	left	right
2378.1408	1	Stimulus/S  1	1	23781408	23781416	11	3	70	pips_l400_r40_500-8000.hdf5	left	right
2379.1968	1	Stimulus/S  1	1	23791968	23791976	11	4	50	pips_l400_r40_500-8000.hdf5	left	right
2380.2421	1	Stimulus/S  1	1	23802421	23802429	11	5	30	pips_l400_r40_500-8000.hdf5	left	right
2381.3088	1	Stimulus/S  1	1	23813088	23813096	12	0	20	pips_l400_r40_500-8000.hdf5	left	right
2382.3542	1	Stimulus/S  1	1	23823542	23823550	12	1	40	pips_l400_r40_500-8000.hdf5	left	right
2383.4102	1	Stimulus/S  1	1	23834102	23834110	12	2	60	pips_l400_r40_500-8000.hdf5	left	right
2384.4768	1	Stimulus/S  1	1	23844768	23844776	12	3	70	pips_l400_r40_500-8000.hdf5	left	right
2385.5435	1	Stimulus/S  1	1	23855435	23855443	12	4	50	pips_l400_r40_500-8000.hdf5	left	right
2386.5889	1	Stimulus/S  1	1	23865889	23865897	12	5	30	pips_l400_r40_500-8000.hdf5	left	right
2387.6449	1	Stimulus/S  1	1	23876449	23876457	13	0	20	pips_l400_r40_500-8000.hdf5	left	right
2388.6902	1	Stimulus/S  1	1	23886902	23886910	13	1	40	pips_l400_r40_500-8000.hdf5	left	right
2389.7462	1	Stimulus/S  1	1	23897462	23897470	13	2	60	pips_l400_r40_500-8000.hdf5	left	right
2390.8129	1	Stimulus/S  1	1	23908129	23908137	13	3	70	pips_l400_r40_500-8000.hdf5	left	right
2391.8796	1	Stimulus/S  1	1	23918796	23918804	13	4	50	pips_l400_r40_500-8000.hdf5	left	right
2392.9249	1	Stimulus/S  1	1	23929249	23929257	13	5	30	pips_l400_r40_500-8000.hdf5	left	right
2393.9703	1	Stimulus/S  1	1	23939703	23939711	14	0	20	pips_l400_r40_500-8000.hdf5	left	right
2395.0369	1	Stimulus/S  1	1	23950369	23950377	14	1	40	pips_l400_r40_500-8000.hdf5	left	right
2396.093	1	Stimulus/S  1	1	23960930	23960938	14	2	60	pips_l400_r40_500-8000.hdf5	left	right
2397.1596	1	Stimulus/S  1	1	23971596	23971604	14	3	70	pips_l400_r40_500-8000.hdf5	left	right
2398.205	1	Stimulus/S  1	1	23982050	23982058	14	4	50	pips_l400_r40_500-8000.hdf5	left	right
2399.261	1	Stimulus/S  1	1	23992610	23992618	14	5	30	pips_l400_r40_500-8000.hdf5	left	right
2400.3277	1	Stimulus/S  1	1	24003277	24003285	15	0	20	pips_l400_r40_500-8000.hdf5	left	right
2401.373	1	Stimulus/S  1	1	24013730	24013738	15	1	40	pips_l400_r40_500-8000.hdf5	left	right
2402.4397	1	Stimulus/S  1	1	24024397	24024405	15	2	60	pips_l400_r40_500-8000.hdf5	left	right
2403.5064	1	Stimulus/S  1	1	24035064	24035072	15	3	70	pips_l400_r40_500-8000.hdf5	left	right
2404.5624	1	Stimulus/S  1	1	24045624	24045632	15	4	50	pips_l400_r40_500-8000.hdf5	left	right
2405.6077	1	Stimulus/S  1	1	24056077	24056085	15	5	30	pips_l400_r40_500-8000.hdf5	left	right
2406.6744	1	Stimulus/S  1	1	24066744	24066752	16	0	20	pips_l400_r40_500-8000.hdf5	left	right
2407.7304	1	Stimulus/S  1	1	24077304	24077312	16	1	40	pips_l400_r40_500-8000.hdf5	left	right
2408.7757	1	Stimulus/S  1	1	24087757	24087765	16	2	60	pips_l400_r40_500-8000.hdf5	left	right
2409.8424	1	Stimulus/S  1	1	24098424	24098432	16	3	70	pips_l400_r40_500-8000.hdf5	left	right
2410.9091	1	Stimulus/S  1	1	24109091	24109099	16	4	50	pips_l400_r40_500-8000.hdf5	left	right
2411.9544	1	Stimulus/S  1	1	24119544	24119552	16	5	30	pips_l400_r40_500-8000.hdf5	left	right
2413.0105	1	Stimulus/S  1	1	24130105	24130113	17	0	20	pips_l400_r40_500-8000.hdf5	left	right
2414.0771	1	Stimulus/S  1	1	24140771	24140779	17	1	40	pips_l400_r40_500-8000.hdf5	left	right
2415.1225	1	Stimulus/S  1	1	24151225	24151233	17	2	60	pips_l400_r40_500-8000.hdf5	left	right
2416.1892	1	Stimulus/S  1	1	24161892	24161900	17	3	70	pips_l400_r40_500-8000.hdf5	left	right
2417.2452	1	Stimulus/S  1	1	24172452	24172460	17	4	50	pips_l400_r40_500-8000.hdf5	left	right
2418.2905	1	Stimulus/S  1	1	24182905	24182913	17	5	30	pips_l400_r40_500-8000.hdf5	left	right
2419.3572	1	Stimulus/S  1	1	24193572	24193580	18	0	20	pips_l400_r40_500-8000.hdf5	left	right
2420.4132	1	Stimulus/S  1	1	24204132	24204140	18	1	40	pips_l400_r40_500-8000.hdf5	left	right
2421.4585	1	Stimulus/S  1	1	24214585	24214593	18	2	60	pips_l400_r40_500-8000.hdf5	left	right
2422.5252	1	Stimulus/S  1	1	24225252	24225260	18	3	70	pips_l400_r40_500-8000.hdf5	left	right
2423.5706	1	Stimulus/S  1	1	24235706	24235714	18	4	50	pips_l400_r40_500-8000.hdf5	left	right
2424.6266	1	Stimulus/S  1	1	24246266	24246274	18	5	30	pips_l400_r40_500-8000.hdf5	left	right
2425.6932	1	Stimulus/S  1	1	24256932	24256940	19	0	20	pips_l400_r40_500-8000.hdf5	left	right
2426.7599	1	Stimulus/S  1	1	24267599	24267607	19	1	40	pips_l400_r40_500-8000.hdf5	left	right
2427.8053	1	Stimulus/S  1	1	24278053	24278061	19	2	60	pips_l400_r40_500-8000.hdf5	left	right
2428.8613	1	Stimulus/S  1	1	24288613	24288621	19	3	70	pips_l400_r40_500-8000.hdf5	left	right
2429.9066	1	Stimulus/S  1	1	24299066	24299074	19	4	50	pips_l400_r40_500-8000.hdf5	left	right
2430.9733	1	Stimulus/S  1	1	24309733	24309741	19	5	30	pips_l400_r40_500-8000.hdf5	left	right
2432.04	1	Stimulus/S  1	1	24320400	24320408	20	0	20	pips_l400_r40_500-8000.hdf5	left	right
2433.096	1	Stimulus/S  1	1	24330960	24330968	20	1	40	pips_l400_r40_500-8000.hdf5	left	right
2434.1413	1	Stimulus/S  1	1	24341413	24341421	20	2	60	pips_l400_r40_500-8000.hdf5	left	right
2435.1973	1	Stimulus/S  1	1	24351973	24351981	20	3	70	pips_l400_r40_500-8000.hdf5	left	right
2436.264	1	Stimulus/S  1	1	24362640	24362648	20	4	50	pips_l400_r40_500-8000.hdf5	left	right
2437.3307	1	Stimulus/S  1	1	24373307	24373315	20	5	30	pips_l400_r40_500-8000.hdf5	left	right
2438.3974	1	Stimulus/S  1	1	24383974	24383982	21	0	20	pips_l400_r40_500-8000.hdf5	left	right
2439.464	1	Stimulus/S  1	1	24394640	24394648	21	1	40	pips_l400_r40_500-8000.hdf5	left	right
2440.5307	1	Stimulus/S  1	1	24405307	24405315	21	2	60	pips_l400_r40_500-8000.hdf5	left	right
2441.5974	1	Stimulus/S  1	1	24415974	24415982	21	3	70	pips_l400_r40_500-8000.hdf5	left	right
2442.6427	1	Stimulus/S  1	1	24426427	24426435	21	4	50	pips_l400_r40_500-8000.hdf5	left	right
2443.6881	1	Stimulus/S  1	1	24436881	24436889	21	5	30	pips_l400_r40_500-8000.hdf5	left	right
2444.7441	1	Stimulus/S  1	1	24447441	24447449	22	0	20	pips_l400_r40_500-8000.hdf5	left	right
2445.8108	1	Stimulus/S  1	1	24458108	24458116	22	1	40	pips_l400_r40_500-8000.hdf5	left	right
2446.8775	1	Stimulus/S  1	1	24468775	24468783	22	2	60	pips_l400_r40_500-8000.hdf5	left	right
2447.9441	1	Stimulus/S  1	1	24479441	24479449	22	3	70	pips_l400_r40_500-8000.hdf5	left	right
2449.0108	1	Stimulus/S  1	1	24490108	24490116	22	4	50	pips_l400_r40_500-8000.hdf5	left	right
2450.0775	1	Stimulus/S  1	1	24500775	24500783	22	5	30	pips_l400_r40_500-8000.hdf5	left	right
2451.1228	1	Stimulus/S  1	1	24511228	24511236	23	0	20	pips_l400_r40_500-8000.hdf5	left	right
2452.1788	1	Stimulus/S  1	1	24521788	24521796	23	1	40	pips_l400_r40_500-8000.hdf5	left	right
2453.2455	1	Stimulus/S  1	1	24532455	24532463	23	2	60	pips_l400_r40_500-8000.hdf5	left	right
2454.2909	1	Stimulus/S  1	1	24542909	24542917	23	3	70	pips_l400_r40_500-8000.hdf5	left	right
2455.3469	1	Stimulus/S  1	1	24553469	24553477	23	4	50	pips_l400_r40_500-8000.hdf5	left	right
2456.3922	1	Stimulus/S  1	1	24563922	24563930	23	5	30	pips_l400_r40_500-8000.hdf5	left	right
2457.4482	1	Stimulus/S  1	1	24574482	24574490	24	0	20	pips_l400_r40_500-8000.hdf5	left	right
2458.4936	1	Stimulus/S  1	1	24584936	24584944	24	1	40	pips_l400_r40_500-8000.hdf5	left	right
2459.5602	1	Stimulus/S  1	1	24595602	24595610	24	2	60	pips_l400_r40_500-8000.hdf5	left	right
2460.6056	1	Stimulus/S  1	1	24606056	24606064	24	3	70	pips_l400_r40_500-8000.hdf5	left	right
2461.6616	1	Stimulus/S  1	1	24616616	24616624	24	4	50	pips_l400_r40_500-8000.hdf5	left	right
2462.7283	1	Stimulus/S  1	1	24627283	24627291	24	5	30	pips_l400_r40_500-8000.hdf5	left	right
2463.7736	1	Stimulus/S  1	1	24637736	24637744	25	0	20	pips_l400_r40_500-8000.hdf5	left	right
2464.8403	1	Stimulus/S  1	1	24648403	24648411	25	1	40	pips_l400_r40_500-8000.hdf5	left	right
2465.907	1	Stimulus/S  1	1	24659070	24659078	25	2	60	pips_l400_r40_500-8000.hdf5	left	right
2466.963	1	Stimulus/S  1	1	24669630	24669638	25	3	70	pips_l400_r40_500-8000.hdf5	left	right
2468.0297	1	Stimulus/S  1	1	24680297	24680305	25	4	50	pips_l400_r40_500-8000.hdf5	left	right
2469.0963	1	Stimulus/S  1	1	24690963	24690971	25	5	30	pips_l400_r40_500-8000.hdf5	left	right
2470.1417	1	Stimulus/S  1	1	24701417	24701425	26	0	20	pips_l400_r40_500-8000.hdf5	left	right
2471.1977	1	Stimulus/S  1	1	24711977	24711985	26	1	40	pips_l400_r40_500-8000.hdf5	left	right
2472.243	1	Stimulus/S  1	1	24722430	24722438	26	2	60	pips_l400_r40_500-8000.hdf5	left	right
2473.2884	1	Stimulus/S  1	1	24732884	24732892	26	3	70	pips_l400_r40_500-8000.hdf5	left	right
2474.3551	1	Stimulus/S  1	1	24743551	24743559	26	4	50	pips_l400_r40_500-8000.hdf5	left	right
2475.4111	1	Stimulus/S  1	1	24754111	24754119	26	5	30	pips_l400_r40_500-8000.hdf5	left	right
2476.4564	1	Stimulus/S  1	1	24764564	24764572	27	0	20	pips_l400_r40_500-8000.hdf5	left	right
2477.5231	1	Stimulus/S  1	1	24775231	24775239	27	1	40	pips_l400_r40_500-8000.hdf5	left	right
2478.5791	1	Stimulus/S  1	1	24785791	24785799	27	2	60	pips_l400_r40_500-8000.hdf5	left	right
2479.6244	1	Stimulus/S  1	1	24796244	24796252	27	3	70	pips_l400_r40_500-8000.hdf5	left	right
2480.6911	1	Stimulus/S  1	1	24806911	24806919	27	4	50	pips_l400_r40_500-8000.hdf5	left	right
2481.7471	1	Stimulus/S  1	1	24817471	24817479	27	5	30	pips_l400_r40_500-8000.hdf5	left	right
2482.7925	1	Stimulus/S  1	1	24827925	24827933	28	0	20	pips_l400_r40_500-8000.hdf5	left	right
2483.8591	1	Stimulus/S  1	1	24838591	24838599	28	1	40	pips_l400_r40_500-8000.hdf5	left	right
2484.9152	1	Stimulus/S  1	1	24849152	24849160	28	2	60	pips_l400_r40_500-8000.hdf5	left	right
2485.9605	1	Stimulus/S  1	1	24859605	24859613	28	3	70	pips_l400_r40_500-8000.hdf5	left	right
2487.0272	1	Stimulus/S  1	1	24870272	24870280	28	4	50	pips_l400_r40_500-8000.hdf5	left	right
2488.0725	1	Stimulus/S  1	1	24880725	24880733	28	5	30	pips_l400_r40_500-8000.hdf5	left	right
2489.1285	1	Stimulus/S  1	1	24891285	24891293	29	0	20	pips_l400_r40_500-8000.hdf5	left	right
2490.1952	1	Stimulus/S  1	1	24901952	24901960	29	1	40	pips_l400_r40_500-8000.hdf5	left	right
2491.2619	1	Stimulus/S  1	1	24912619	24912627	29	2	60	pips_l400_r40_500-8000.hdf5	left	right
2492.3072	1	Stimulus/S  1	1	24923072	24923080	29	3	70	pips_l400_r40_500-8000.hdf5	left	right
2493.3632	1	Stimulus/S  1	1	24933632	24933640	29	4	50	pips_l400_r40_500-8000.hdf5	left	right
2494.4086	1	Stimulus/S  1	1	24944086	24944094	29	5	30	pips_l400_r40_500-8000.hdf5	left	right
2495.4753	1	Stimulus/S  1	1	24954753	24954761	30	0	20	pips_l400_r40_500-8000.hdf5	left	right
2496.5419	1	Stimulus/S  1	1	24965419	24965427	30	1	40	pips_l400_r40_500-8000.hdf5	left	right
2497.5979	1	Stimulus/S  1	1	24975979	24975987	30	2	60	pips_l400_r40_500-8000.hdf5	left	right
2498.6433	1	Stimulus/S  1	1	24986433	24986441	30	3	70	pips_l400_r40_500-8000.hdf5	left	right
2499.71	1	Stimulus/S  1	1	24997100	24997108	30	4	50	pips_l400_r40_500-8000.hdf5	left	right
2500.7766	1	Stimulus/S  1	1	25007766	25007774	30	5	30	pips_l400_r40_500-8000.hdf5	left	right
2501.822	1	Stimulus/S  1	1	25018220	25018228	31	0	20	pips_l400_r40_500-8000.hdf5	left	right
2502.878	1	Stimulus/S  1	1	25028780	25028788	31	1	40	pips_l400_r40_500-8000.hdf5	left	right
2503.9447	1	Stimulus/S  1	1	25039447	25039455	31	2	60	pips_l400_r40_500-8000.hdf5	left	right
2505.0114	1	Stimulus/S  1	1	25050114	25050122	31	3	70	pips_l400_r40_500-8000.hdf5	left	right
2506.078	1	Stimulus/S  1	1	25060780	25060788	31	4	50	pips_l400_r40_500-8000.hdf5	left	right
2507.1234	1	Stimulus/S  1	1	25071234	25071242	31	5	30	pips_l400_r40_500-8000.hdf5	left	right
2508.1794	1	Stimulus/S  1	1	25081794	25081802	32	0	20	pips_l400_r40_500-8000.hdf5	left	right
2509.2461	1	Stimulus/S  1	1	25092461	25092469	32	1	40	pips_l400_r40_500-8000.hdf5	left	right
2510.3127	1	Stimulus/S  1	1	25103127	25103135	32	2	60	pips_l400_r40_500-8000.hdf5	left	right
2511.3581	1	Stimulus/S  1	1	25113581	25113589	32	3	70	pips_l400_r40_500-8000.hdf5	left	right
2512.4141	1	Stimulus/S  1	1	25124141	25124149	32	4	50	pips_l400_r40_500-8000.hdf5	left	right
2513.4594	1	Stimulus/S  1	1	25134594	25134602	32	5	30	pips_l400_r40_500-8000.hdf5	left	right
2514.5261	1	Stimulus/S  1	1	25145261	25145269	33	0	20	pips_l400_r40_500-8000.hdf5	left	right
2515.5715	1	Stimulus/S  1	1	25155715	25155723	33	1	40	pips_l400_r40_500-8000.hdf5	left	right
2516.6488	1	Stimulus/S  1	1	25166488	25166496	33	2	60	pips_l400_r40_500-8000.hdf5	left	right
2517.7155	1	Stimulus/S  1	1	25177155	25177163	33	3	70	pips_l400_r40_500-8000.hdf5	left	right
2518.7608	1	Stimulus/S  1	1	25187608	25187616	33	4	50	pips_l400_r40_500-8000.hdf5	left	right
2519.8275	1	Stimulus/S  1	1	25198275	25198283	33	5	30	pips_l400_r40_500-8000.hdf5	left	right
2520.8728	1	Stimulus/S  1	1	25208728	25208736	34	0	20	pips_l400_r40_500-8000.hdf5	left	right
2521.9395	1	Stimulus/S  1	1	25219395	25219403	34	1	40	pips_l400_r40_500-8000.hdf5	left	right
2523.0062	1	Stimulus/S  1	1	25230062	25230070	34	2	60	pips_l400_r40_500-8000.hdf5	left	right
2524.0729	1	Stimulus/S  1	1	25240729	25240737	34	3	70	pips_l400_r40_500-8000.hdf5	left	right
2525.1395	1	Stimulus/S  1	1	25251395	25251403	34	4	50	pips_l400_r40_500-8000.hdf5	left	right
2526.1956	1	Stimulus/S  1	1	25261956	25261964	34	5	30	pips_l400_r40_500-8000.hdf5	left	right
2527.2409	1	Stimulus/S  1	1	25272409	25272417	35	0	20	pips_l400_r40_500-8000.hdf5	left	right
2528.2969	1	Stimulus/S  1	1	25282969	25282977	35	1	40	pips_l400_r40_500-8000.hdf5	left	right
2529.3423	1	Stimulus/S  1	1	25293423	25293431	35	2	60	pips_l400_r40_500-8000.hdf5	left	right
2530.3983	1	Stimulus/S  1	1	25303983	25303991	35	3	70	pips_l400_r40_500-8000.hdf5	left	right
2531.4649	1	Stimulus/S  1	1	25314649	25314657	35	4	50	pips_l400_r40_500-8000.hdf5	left	right
2532.5316	1	Stimulus/S  1	1	25325316	25325324	35	5	30	pips_l400_r40_500-8000.hdf5	left	right
2533.5983	1	Stimulus/S  1	1	25335983	25335991	36	0	20	pips_l400_r40_500-8000.hdf5	left	right
2534.665	1	Stimulus/S  1	1	25346650	25346658	36	1	40	pips_l400_r40_500-8000.hdf5	left	right
2535.7317	1	Stimulus/S  1	1	25357317	25357325	36	2	60	pips_l400_r40_500-8000.hdf5	left	right
2536.7983	1	Stimulus/S  1	1	25367983	25367991	36	3	70	pips_l400_r40_500-8000.hdf5	left	right
2537.8437	1	Stimulus/S  1	1	25378437	25378445	36	4	50	pips_l400_r40_500-8000.hdf5	left	right
2538.889	1	Stimulus/S  1	1	25388890	25388898	36	5	30	pips_l400_r40_500-8000.hdf5	left	right
2539.945	1	Stimulus/S  1	1	25399450	25399458	37	0	20	pips_l400_r40_500-8000.hdf5	left	right
2540.9904	1	Stimulus/S  1	1	25409904	25409912	37	1	40	pips_l400_r40_500-8000.hdf5	left	right
2542.0464	1	Stimulus/S  1	1	25420464	25420472	37	2	60	pips_l400_r40_500-8000.hdf5	left	right
2543.1131	1	Stimulus/S  1	1	25431131	25431139	37	3	70	pips_l400_r40_500-8000.hdf5	left	right
2544.1797	1	Stimulus/S  1	1	25441797	25441805	37	4	50	pips_l400_r40_500-8000.hdf5	left	right
2545.2464	1	Stimulus/S  1	1	25452464	25452472	37	5	30	pips_l400_r40_500-8000.hdf5	left	right
2546.3131	1	Stimulus/S  1	1	25463131	25463139	38	0	20	pips_l400_r40_500-8000.hdf5	left	right
2547.3798	1	Stimulus/S  1	1	25473798	25473806	38	1	40	pips_l400_r40_500-8000.hdf5	left	right
2548.4464	1	Stimulus/S  1	1	25484464	25484472	38	2	60	pips_l400_r40_500-8000.hdf5	left	right
2549.5131	1	Stimulus/S  1	1	25495131	25495139	38	3	70	pips_l400_r40_500-8000.hdf5	left	right
2550.5798	1	Stimulus/S  1	1	25505798	25505806	38	4	50	pips_l400_r40_500-8000.hdf5	left	right
2551.6465	1	Stimulus/S  1	1	25516465	25516473	38	5	30	pips_l400_r40_500-8000.hdf5	left	right
2552.6918	1	Stimulus/S  1	1	25526918	25526926	39	0	20	pips_l400_r40_500-8000.hdf5	left	right
2553.7585	1	Stimulus/S  1	1	25537585	25537593	39	1	40	pips_l400_r40_500-8000.hdf5	left	right
2554.8252	1	Stimulus/S  1	1	25548252	25548260	39	2	60	pips_l400_r40_500-8000.hdf5	left	right
2555.8918	1	Stimulus/S  1	1	25558918	25558926	39	3	70	pips_l400_r40_500-8000.hdf5	left	right
2556.9585	1	Stimulus/S  1	1	25569585	25569593	39	4	50	pips_l400_r40_500-8000.hdf5	left	right
2558.0252	1	Stimulus/S  1	1	25580252	25580260	39	5	30	pips_l400_r40_500-8000.hdf5	left	right
2559.0919	1	Stimulus/S  1	1	25590919	25590927	40	0	20	pips_l400_r40_500-8000.hdf5	left	right
2560.1479	1	Stimulus/S  1	1	25601479	25601487	40	1	40	pips_l400_r40_500-8000.hdf5	left	right
2561.1932	1	Stimulus/S  1	1	25611932	25611940	40	2	60	pips_l400_r40_500-8000.hdf5	left	right
2562.2599	1	Stimulus/S  1	1	25622599	25622607	40	3	70	pips_l400_r40_500-8000.hdf5	left	right
2563.3266	1	Stimulus/S  1	1	25633266	25633274	40	4	50	pips_l400_r40_500-8000.hdf5	left	right
2564.3933	1	Stimulus/S  1	1	25643933	25643941	40	5	30	pips_l400_r40_500-8000.hdf5	left	right
2565.4493	1	Stimulus/S  1	1	25654493	25654501	41	0	20	pips_l400_r40_500-8000.hdf5	left	right
2566.4946	1	Stimulus/S  1	1	25664946	25664954	41	1	40	pips_l400_r40_500-8000.hdf5	left	right
2567.5613	1	Stimulus/S  1	1	25675613	25675621	41	2	60	pips_l400_r40_500-8000.hdf5	left	right
2568.628	1	Stimulus/S  1	1	25686280	25686288	41	3	70	pips_l400_r40_500-8000.hdf5	left	right
2569.6946	1	Stimulus/S  1	1	25696946	25696954	41	4	50	pips_l400_r40_500-8000.hdf5	left	right
2570.74	1	Stimulus/S  1	1	25707400	25707408	41	5	30	pips_l400_r40_500-8000.hdf5	left	right
2571.796	1	Stimulus/S  1	1	25717960	25717968	42	0	20	pips_l400_r40_500-8000.hdf5	left	right
2572.8413	1	Stimulus/S  1	1	25728413	25728421	42	1	40	pips_l400_r40_500-8000.hdf5	left	right
2573.8974	1	Stimulus/S  1	1	25738974	25738982	42	2	60	pips_l400_r40_500-8000.hdf5	left	right
2574.964	1	Stimulus/S  1	1	25749640	25749648	42	3	70	pips_l400_r40_500-8000.hdf5	left	right
2576.0094	1	Stimulus/S  1	1	25760094	25760102	42	4	50	pips_l400_r40_500-8000.hdf5	left	right
2577.0654	1	Stimulus/S  1	1	25770654	25770662	42	5	30	pips_l400_r40_500-8000.hdf5	left	right
2578.1321	1	Stimulus/S  1	1	25781321	25781329	43	0	20	pips_l400_r40_500-8000.hdf5	left	right
2579.1987	1	Stimulus/S  1	1	25791987	25791995	43	1	40	pips_l400_r40_500-8000.hdf5	left	right
2580.2654	1	Stimulus/S  1	1	25802654	25802662	43	2	60	pips_l400_r40_500-8000.hdf5	left	right
2581.3108	1	Stimulus/S  1	1	25813108	25813116	43	3	70	pips_l400_r40_500-8000.hdf5	left	right
2582.3668	1	Stimulus/S  1	1	25823668	25823676	43	4	50	pips_l400_r40_500-8000.hdf5	left	right
2583.4334	1	Stimulus/S  1	1	25834334	25834342	43	5	30	pips_l400_r40_500-8000.hdf5	left	right
2584.4788	1	Stimulus/S  1	1	25844788	25844796	44	0	20	pips_l400_r40_500-8000.hdf5	left	right
2585.5241	1	Stimulus/S  1	1	25855241	25855249	44	1	40	pips_l400_r40_500-8000.hdf5	left	right
2586.5908	1	Stimulus/S  1	1	25865908	25865916	44	2	60	pips_l400_r40_500-8000.hdf5	left	right
2587.6575	1	Stimulus/S  1	1	25876575	25876583	44	3	70	pips_l400_r40_500-8000.hdf5	left	right
2588.7135	1	Stimulus/S  1	1	25887135	25887143	44	4	50	pips_l400_r40_500-8000.hdf5	left	right
2589.7588	1	Stimulus/S  1	1	25897588	25897596	44	5	30	pips_l400_r40_500-8000.hdf5	left	right
2590.8149	1	Stimulus/S  1	1	25908149	25908157	45	0	20	pips_l400_r40_500-8000.hdf5	left	right
2591.8815	1	Stimulus/S  1	1	25918815	25918823	45	1	40	pips_l400_r40_500-8000.hdf5	left	right
2592.9482	1	Stimulus/S  1	1	25929482	25929490	45	2	60	pips_l400_r40_500-8000.hdf5	left	right
2593.9936	1	Stimulus/S  1	1	25939936	25939944	45	3	70	pips_l400_r40_500-8000.hdf5	left	right
2595.0496	1	Stimulus/S  1	1	25950496	25950504	45	4	50	pips_l400_r40_500-8000.hdf5	left	right
2596.0949	1	Stimulus/S  1	1	25960949	25960957	45	5	30	pips_l400_r40_500-8000.hdf5	left	right
2597.1616	1	Stimulus/S  1	1	25971616	25971624	46	0	20	pips_l400_r40_500-8000.hdf5	left	right
2598.2283	1	Stimulus/S  1	1	25982283	25982291	46	1	40	pips_l400_r40_500-8000.hdf5	left	right
2599.2736	1	Stimulus/S  1	1	25992736	25992744	46	2	60	pips_l400_r40_500-8000.hdf5	left	right
2600.3296	1	Stimulus/S  1	1	26003296	26003304	46	3	70	pips_l400_r40_500-8000.hdf5	left	right
2601.3963	1	Stimulus/S  1	1	26013963	26013971	46	4	50	pips_l400_r40_500-8000.hdf5	left	right
2602.463	1	Stimulus/S  1	1	26024630	26024638	46	5	30	pips_l400_r40_500-8000.hdf5	left	right
2603.5083	1	Stimulus/S  1	1	26035083	26035091	47	0	20	pips_l400_r40_500-8000.hdf5	left	right
2604.5643	1	Stimulus/S  1	1	26045643	26045651	47	1	40	pips_l400_r40_500-8000.hdf5	left	right
2605.6097	1	Stimulus/S  1	1	26056097	26056105	47	2	60	pips_l400_r40_500-8000.hdf5	left	right
2606.6657	1	Stimulus/S  1	1	26066657	26066665	47	3	70	pips_l400_r40_500-8000.hdf5	left	right
2607.711	1	Stimulus/S  1	1	26077110	26077118	47	4	50	pips_l400_r40_500-8000.hdf5	left	right
2608.767	1	Stimulus/S  1	1	26087670	26087678	47	5	30	pips_l400_r40_500-8000.hdf5	left	right
2609.8124	1	Stimulus/S  1	1	26098124	26098132	48	0	20	pips_l400_r40_500-8000.hdf5	left	right
2610.879	1	Stimulus/S  1	1	26108790	26108798	48	1	40	pips_l400_r40_500-8000.hdf5	left	right
2611.9457	1	Stimulus/S  1	1	26119457	26119465	48	2	60	pips_l400_r40_500-8000.hdf5	left	right
2613.0124	1	Stimulus/S  1	1	26130124	26130132	48	3	70	pips_l400_r40_500-8000.hdf5	left	right
2614.0791	1	Stimulus/S  1	1	26140791	26140799	48	4	50	pips_l400_r40_500-8000.hdf5	left	right
2615.1458	1	Stimulus/S  1	1	26151458	26151466	48	5	30	pips_l400_r40_500-8000.hdf5	left	right
2616.1911	1	Stimulus/S  1	1	26161911	26161919	49	0	20	pips_l400_r40_500-8000.hdf5	left	right
2617.2471	1	Stimulus/S  1	1	26172471	26172479	49	1	40	pips_l400_r40_500-8000.hdf5	left	right
2618.2925	1	Stimulus/S  1	1	26182925	26182933	49	2	60	pips_l400_r40_500-8000.hdf5	left	right
2619.3591	1	Stimulus/S  1	1	26193591	26193599	49	3	70	pips_l400_r40_500-8000.hdf5	left	right
2620.4151	1	Stimulus/S  1	1	26204151	26204159	49	4	50	pips_l400_r40_500-8000.hdf5	left	right
2621.4605	1	Stimulus/S  1	1	26214605	26214613	49	5	30	pips_l400_r40_500-8000.hdf5	left	right
2622.5272	1	Stimulus/S  1	1	26225272	26225280	50	0	20	pips_l400_r40_500-8000.hdf5	left	right
2623.5938	1	Stimulus/S  1	1	26235938	26235946	50	1	40	pips_l400_r40_500-8000.hdf5	left	right
2624.6605	1	Stimulus/S  1	1	26246605	26246613	50	2	60	pips_l400_r40_500-8000.hdf5	left	right
2625.7272	1	Stimulus/S  1	1	26257272	26257280	50	3	70	pips_l400_r40_500-8000.hdf5	left	right
2626.7832	1	Stimulus/S  1	1	26267832	26267840	50	4	50	pips_l400_r40_500-8000.hdf5	left	right
2627.8285	1	Stimulus/S  1	1	26278285	26278293	50	5	30	pips_l400_r40_500-8000.hdf5	left	right
2628.8846	1	Stimulus/S  1	1	26288846	26288854	51	0	20	pips_l400_r40_500-8000.hdf5	left	right
2629.9299	1	Stimulus/S  1	1	26299299	26299307	51	1	40	pips_l400_r40_500-8000.hdf5	left	right
2630.9752	1	Stimulus/S  1	1	26309752	26309760	51	2	60	pips_l400_r40_500-8000.hdf5	left	right
2632.0419	1	Stimulus/S  1	1	26320419	26320427	51	3	70	pips_l400_r40_500-8000.hdf5	left	right
2633.0979	1	Stimulus/S  1	1	26330979	26330987	51	4	50	pips_l400_r40_500-8000.hdf5	left	right
2634.1433	1	Stimulus/S  1	1	26341433	26341441	51	5	30	pips_l400_r40_500-8000.hdf5	left	right
2635.21	1	Stimulus/S  1	1	26352100	26352108	52	0	20	pips_l400_r40_500-8000.hdf5	left	right
2636.2766	1	Stimulus/S  1	1	26362766	26362774	52	1	40	pips_l400_r40_500-8000.hdf5	left	right
2637.3433	1	Stimulus/S  1	1	26373433	26373441	52	2	60	pips_l400_r40_500-8000.hdf5	left	right
2638.41	1	Stimulus/S  1	1	26384100	26384108	52	3	70	pips_l400_r40_500-8000.hdf5	left	right
2639.4767	1	Stimulus/S  1	1	26394767	26394775	52	4	50	pips_l400_r40_500-8000.hdf5	left	right
2640.5433	1	Stimulus/S  1	1	26405433	26405441	52	5	30	pips_l400_r40_500-8000.hdf5	left	right
2641.61	1	Stimulus/S  1	1	26416100	26416108	53	0	20	pips_l400_r40_500-8000.hdf5	left	right
2642.6767	1	Stimulus/S  1	1	26426767	26426775	53	1	40	pips_l400_r40_500-8000.hdf5	left	right
2643.7327	1	Stimulus/S  1	1	26437327	26437335	53	2	60	pips_l400_r40_500-8000.hdf5	left	right
2644.7994	1	Stimulus/S  1	1	26447994	26448002	53	3	70	pips_l400_r40_500-8000.hdf5	left	right
2645.8661	1	Stimulus/S  1	1	26458661	26458669	53	4	50	pips_l400_r40_500-8000.hdf5	left	right
2646.9327	1	Stimulus/S  1	1	26469327	26469335	53	5	30	pips_l400_r40_500-8000.hdf5	left	right
2647.9994	1	Stimulus/S  1	1	26479994	26480002	54	0	20	pips_l400_r40_500-8000.hdf5	left	right
2649.0661	1	Stimulus/S  1	1	26490661	26490669	54	1	40	pips_l400_r40_500-8000.hdf5	left	right
2650.1328	1	Stimulus/S  1	1	26501328	26501336	54	2	60	pips_l400_r40_500-8000.hdf5	left	right
2651.1994	1	Stimulus/S  1	1	26511994	26512002	54	3	70	pips_l400_r40_500-8000.hdf5	left	right
2652.2661	1	Stimulus/S  1	1	26522661	26522669	54	4	50	pips_l400_r40_500-8000.hdf5	left	right
2653.3328	1	Stimulus/S  1	1	26533328	26533336	54	5	30	pips_l400_r40_500-8000.hdf5	left	right
2654.3995	1	Stimulus/S  1	1	26543995	26544003	55	0	20	pips_l400_r40_500-8000.hdf5	left	right
2655.4662	1	Stimulus/S  1	1	26554662	26554670	55	1	40	pips_l400_r40_500-8000.hdf5	left	right
2656.5328	1	Stimulus/S  1	1	26565328	26565336	55	2	60	pips_l400_r40_500-8000.hdf5	left	right
2657.5995	1	Stimulus/S  1	1	26575995	26576003	55	3	70	pips_l400_r40_500-8000.hdf5	left	right
2658.6662	1	Stimulus/S  1	1	26586662	26586670	55	4	50	pips_l400_r40_500-8000.hdf5	left	right
2659.7329	1	Stimulus/S  1	1	26597329	26597337	55	5	30	pips_l400_r40_500-8000.hdf5	left	right
2660.7995	1	Stimulus/S  1	1	26607995	26608003	56	0	20	pips_l400_r40_500-8000.hdf5	left	right
2661.8662	1	Stimulus/S  1	1	26618662	26618670	56	1	40	pips_l400_r40_500-8000.hdf5	left	right
2662.9116	1	Stimulus/S  1	1	26629116	26629124	56	2	60	pips_l400_r40_500-8000.hdf5	left	right
2663.9676	1	Stimulus/S  1	1	26639676	26639684	56	3	70	pips_l400_r40_500-8000.hdf5	left	right
2665.0342	1	Stimulus/S  1	1	26650342	26650350	56	4	50	pips_l400_r40_500-8000.hdf5	left	right
2666.1009	1	Stimulus/S  1	1	26661009	26661017	56	5	30	pips_l400_r40_500-8000.hdf5	left	right
2667.1676	1	Stimulus/S  1	1	26671676	26671684	57	0	20	pips_l400_r40_500-8000.hdf5	left	right
2668.2343	1	Stimulus/S  1	1	26682343	26682351	57	1	40	pips_l400_r40_500-8000.hdf5	left	right
2669.2796	1	Stimulus/S  1	1	26692796	26692804	57	2	60	pips_l400_r40_500-8000.hdf5	left	right
2670.325	1	Stimulus/S  1	1	26703250	26703258	57	3	70	pips_l400_r40_500-8000.hdf5	left	right
2671.3916	1	Stimulus/S  1	1	26713916	26713924	57	4	50	pips_l400_r40_500-8000.hdf5	left	right
2672.4583	1	Stimulus/S  1	1	26724583	26724591	57	5	30	pips_l400_r40_500-8000.hdf5	left	right
2673.525	1	Stimulus/S  1	1	26735250	26735258	58	0	20	pips_l400_r40_500-8000.hdf5	left	right
2674.5917	1	Stimulus/S  1	1	26745917	26745925	58	1	40	pips_l400_r40_500-8000.hdf5	left	right
2675.6477	1	Stimulus/S  1	1	26756477	26756485	58	2	60	pips_l400_r40_500-8000.hdf5	left	right
2676.693	1	Stimulus/S  1	1	26766930	26766938	58	3	70	pips_l400_r40_500-8000.hdf5	left	right
2677.749	1	Stimulus/S  1	1	26777490	26777498	58	4	50	pips_l400_r40_500-8000.hdf5	left	right
2678.8157	1	Stimulus/S  1	1	26788157	26788165	58	5	30	pips_l400_r40_500-8000.hdf5	left	right
2679.8824	1	Stimulus/S  1	1	26798824	26798832	59	0	20	pips_l400_r40_500-8000.hdf5	left	right
2680.9277	1	Stimulus/S  1	1	26809277	26809285	59	1	40	pips_l400_r40_500-8000.hdf5	left	right
2681.9837	1	Stimulus/S  1	1	26819837	26819845	59	2	60	pips_l400_r40_500-8000.hdf5	left	right
2683.0291	1	Stimulus/S  1	1	26830291	26830299	59	3	70	pips_l400_r40_500-8000.hdf5	left	right
2684.0958	1	Stimulus/S  1	1	26840958	26840966	59	4	50	pips_l400_r40_500-8000.hdf5	left	right
2685.1624	1	Stimulus/S  1	1	26851624	26851632	59	5	30	pips_l400_r40_500-8000.hdf5	left	right
2686.2291	1	Stimulus/S  1	1	26862291	26862299	60	0	20	pips_l400_r40_500-8000.hdf5	left	right
2687.2851	1	Stimulus/S  1	1	26872851	26872859	60	1	40	pips_l400_r40_500-8000.hdf5	left	right
2688.3305	1	Stimulus/S  1	1	26883305	26883313	60	2	60	pips_l400_r40_500-8000.hdf5	left	right
2689.3758	1	Stimulus/S  1	1	26893758	26893766	60	3	70	pips_l400_r40_500-8000.hdf5	left	right
2690.4425	1	Stimulus/S  1	1	26904425	26904433	60	4	50	pips_l400_r40_500-8000.hdf5	left	right
2691.5092	1	Stimulus/S  1	1	26915092	26915100	60	5	30	pips_l400_r40_500-8000.hdf5	left	right
2692.5758	1	Stimulus/S  1	1	26925758	26925766	61	0	20	pips_l400_r40_500-8000.hdf5	left	right
2693.6319	1	Stimulus/S  1	1	26936319	26936327	61	1	40	pips_l400_r40_500-8000.hdf5	left	right
2694.6772	1	Stimulus/S  1	1	26946772	26946780	61	2	60	pips_l400_r40_500-8000.hdf5	left	right
2695.7439	1	Stimulus/S  1	1	26957439	26957447	61	3	70	pips_l400_r40_500-8000.hdf5	left	right
2696.7999	1	Stimulus/S  1	1	26967999	26968007	61	4	50	pips_l400_r40_500-8000.hdf5	left	right
2697.8452	1	Stimulus/S  1	1	26978452	26978460	61	5	30	pips_l400_r40_500-8000.hdf5	left	right
2698.9012	1	Stimulus/S  1	1	26989012	26989020	62	0	20	pips_l400_r40_500-8000.hdf5	left	right
2699.9679	1	Stimulus/S  1	1	26999679	26999687	62	1	40	pips_l400_r40_500-8000.hdf5	left	right
2701.0346	1	Stimulus/S  1	1	27010346	27010354	62	2	60	pips_l400_r40_500-8000.hdf5	left	right
2702.0799	1	Stimulus/S  1	1	27020799	27020807	62	3	70	pips_l400_r40_500-8000.hdf5	left	right
2703.1253	1	Stimulus/S  1	1	27031253	27031261	62	4	50	pips_l400_r40_500-8000.hdf5	left	right
2704.1813	1	Stimulus/S  1	1	27041813	27041821	62	5	30	pips_l400_r40_500-8000.hdf5	left	right
2705.2266	1	Stimulus/S  1	1	27052266	27052274	63	0	20	pips_l400_r40_500-8000.hdf5	left	right
2706.2933	1	Stimulus/S  1	1	27062933	27062941	63	1	40	pips_l400_r40_500-8000.hdf5	left	right
2707.36	1	Stimulus/S  1	1	27073600	27073608	63	2	60	pips_l400_r40_500-8000.hdf5	left	right
2708.4267	1	Stimulus/S  1	1	27084267	27084275	63	3	70	pips_l400_r40_500-8000.hdf5	left	right
2709.4827	1	Stimulus/S  1	1	27094827	27094835	63	4	50	pips_l400_r40_500-8000.hdf5	left	right
2710.528	1	Stimulus/S  1	1	27105280	27105288	63	5	30	pips_l400_r40_500-8000.hdf5	left	right
2711.584	1	Stimulus/S  1	1	27115840	27115848	64	0	20	pips_l400_r40_500-8000.hdf5	left	right
2712.6507	1	Stimulus/S  1	1	27126507	27126515	64	1	40	pips_l400_r40_500-8000.hdf5	left	right
2713.7174	1	Stimulus/S  1	1	27137174	27137182	64	2	60	pips_l400_r40_500-8000.hdf5	left	right
2714.7841	1	Stimulus/S  1	1	27147841	27147849	64	3	70	pips_l400_r40_500-8000.hdf5	left	right
2715.8507	1	Stimulus/S  1	1	27158507	27158515	64	4	50	pips_l400_r40_500-8000.hdf5	left	right
2716.8961	1	Stimulus/S  1	1	27168961	27168969	64	5	30	pips_l400_r40_500-8000.hdf5	left	right
2717.9521	1	Stimulus/S  1	1	27179521	27179529	65	0	20	pips_l400_r40_500-8000.hdf5	left	right
2719.0188	1	Stimulus/S  1	1	27190188	27190196	65	1	40	pips_l400_r40_500-8000.hdf5	left	right
2720.0854	1	Stimulus/S  1	1	27200854	27200862	65	2	60	pips_l400_r40_500-8000.hdf5	left	right
2721.1308	1	Stimulus/S  1	1	27211308	27211316	65	3	70	pips_l400_r40_500-8000.hdf5	left	right
2722.1761	1	Stimulus/S  1	1	27221761	27221769	65	4	50	pips_l400_r40_500-8000.hdf5	left	right
2723.2428	1	Stimulus/S  1	1	27232428	27232436	65	5	30	pips_l400_r40_500-8000.hdf5	left	right
2724.3095	1	Stimulus/S  1	1	27243095	27243103	66	0	20	pips_l400_r40_500-8000.hdf5	left	right
2725.3762	1	Stimulus/S  1	1	27253762	27253770	66	1	40	pips_l400_r40_500-8000.hdf5	left	right
2726.4322	1	Stimulus/S  1	1	27264322	27264330	66	2	60	pips_l400_r40_500-8000.hdf5	left	right
2727.4775	1	Stimulus/S  1	1	27274775	27274783	66	3	70	pips_l400_r40_500-8000.hdf5	left	right
2728.5442	1	Stimulus/S  1	1	27285442	27285450	66	4	50	pips_l400_r40_500-8000.hdf5	left	right
2729.6002	1	Stimulus/S  1	1	27296002	27296010	66	5	30	pips_l400_r40_500-8000.hdf5	left	right
2730.6455	1	Stimulus/S  1	1	27306455	27306463	67	0	20	pips_l400_r40_500-8000.hdf5	left	right
2731.7016	1	Stimulus/S  1	1	27317016	27317024	67	1	40	pips_l400_r40_500-8000.hdf5	left	right
2732.7469	1	Stimulus/S  1	1	27327469	27327477	67	2	60	pips_l400_r40_500-8000.hdf5	left	right
2733.8136	1	Stimulus/S  1	1	27338136	27338144	67	3	70	pips_l400_r40_500-8000.hdf5	left	right
2734.8803	1	Stimulus/S  1	1	27348803	27348811	67	4	50	pips_l400_r40_500-8000.hdf5	left	right
2735.9363	1	Stimulus/S  1	1	27359363	27359371	67	5	30	pips_l400_r40_500-8000.hdf5	left	right
2736.9816	1	Stimulus/S  1	1	27369816	27369824	68	0	20	pips_l400_r40_500-8000.hdf5	left	right
2738.0483	1	Stimulus/S  1	1	27380483	27380491	68	1	40	pips_l400_r40_500-8000.hdf5	left	right
2739.0936	1	Stimulus/S  1	1	27390936	27390944	68	2	60	pips_l400_r40_500-8000.hdf5	left	right
2740.1496	1	Stimulus/S  1	1	27401496	27401504	68	3	70	pips_l400_r40_500-8000.hdf5	left	right
2741.2163	1	Stimulus/S  1	1	27412163	27412171	68	4	50	pips_l400_r40_500-8000.hdf5	left	right
2742.2617	1	Stimulus/S  1	1	27422617	27422625	68	5	30	pips_l400_r40_500-8000.hdf5	left	right
2743.3177	1	Stimulus/S  1	1	27433177	27433185	69	0	20	pips_l400_r40_500-8000.hdf5	left	right
2744.3843	1	Stimulus/S  1	1	27443843	27443851	69	1	40	pips_l400_r40_500-8000.hdf5	left	right
2745.451	1	Stimulus/S  1	1	27454510	27454518	69	2	60	pips_l400_r40_500-8000.hdf5	left	right
2746.4964	1	Stimulus/S  1	1	27464964	27464972	69	3	70	pips_l400_r40_500-8000.hdf5	left	right
2747.5524	1	Stimulus/S  1	1	27475524	27475532	69	4	50	pips_l400_r40_500-8000.hdf5	left	right
2748.6191	1	Stimulus/S  1	1	27486191	27486199	69	5	30	pips_l400_r40_500-8000.hdf5	left	right
2749.6857	1	Stimulus/S  1	1	27496857	27496865	70	0	20	pips_l400_r40_500-8000.hdf5	left	right
2750.7311	1	Stimulus/S  1	1	27507311	27507319	70	1	40	pips_l400_r40_500-8000.hdf5	left	right
2751.7764	1	Stimulus/S  1	1	27517764	27517772	70	2	60	pips_l400_r40_500-8000.hdf5	left	right
2752.8324	1	Stimulus/S  1	1	27528324	27528332	70	3	70	pips_l400_r40_500-8000.hdf5	left	right
2753.8778	1	Stimulus/S  1	1	27538778	27538786	70	4	50	pips_l400_r40_500-8000.hdf5	left	right
2754.9445	1	Stimulus/S  1	1	27549445	27549453	70	5	30	pips_l400_r40_500-8000.hdf5	left	right
2756.0111	1	Stimulus/S  1	1	27560111	27560119	71	0	20	pips_l400_r40_500-8000.hdf5	left	right
2757.0671	1	Stimulus/S  1	1	27570671	27570679	71	1	40	pips_l400_r40_500-8000.hdf5	left	right
2758.1125	1	Stimulus/S  1	1	27581125	27581133	71	2	60	pips_l400_r40_500-8000.hdf5	left	right
2759.1792	1	Stimulus/S  1	1	27591792	27591800	71	3	70	pips_l400_r40_500-8000.hdf5	left	right
2760.2352	1	Stimulus/S  1	1	27602352	27602360	71	4	50	pips_l400_r40_500-8000.hdf5	left	right
2761.2805	1	Stimulus/S  1	1	27612805	27612813	71	5	30	pips_l400_r40_500-8000.hdf5	left	right
2762.3472	1	Stimulus/S  1	1	27623472	27623480	72	0	20	pips_l400_r40_500-8000.hdf5	left	right
2763.4139	1	Stimulus/S  1	1	27634139	27634147	72	1	40	pips_l400_r40_500-8000.hdf5	left	right
2764.4699	1	Stimulus/S  1	1	27644699	27644707	72	2	60	pips_l400_r40_500-8000.hdf5	left	right
2765.5366	1	Stimulus/S  1	1	27655366	27655374	72	3	70	pips_l400_r40_500-8000.hdf5	left	right
2766.6032	1	Stimulus/S  1	1	27666032	27666040	72	4	50	pips_l400_r40_500-8000.hdf5	left	right
2767.6486	1	Stimulus/S  1	1	27676486	27676494	72	5	30	pips_l400_r40_500-8000.hdf5	left	right
2768.6939	1	Stimulus/S  1	1	27686939	27686947	73	0	20	pips_l400_r40_500-8000.hdf5	left	right
2769.7606	1	Stimulus/S  1	1	27697606	27697614	73	1	40	pips_l400_r40_500-8000.hdf5	left	right
2770.8166	1	Stimulus/S  1	1	27708166	27708174	73	2	60	pips_l400_r40_500-8000.hdf5	left	right
2771.8619	1	Stimulus/S  1	1	27718619	27718627	73	3	70	pips_l400_r40_500-8000.hdf5	left	right
2772.9286	1	Stimulus/S  1	1	27729286	27729294	73	4	50	pips_l400_r40_500-8000.hdf5	left	right
2773.9846	1	Stimulus/S  1	1	27739846	27739854	73	5	30	pips_l400_r40_500-8000.hdf5	left	right
2775.03	1	Stimulus/S  1	1	27750300	27750308	74	0	20	pips_l400_r40_500-8000.hdf5	left	right
2776.0967	1	Stimulus/S  1	1	27760967	27760975	74	1	40	pips_l400_r40_500-8000.hdf5	left	right
2777.1633	1	Stimulus/S  1	1	27771633	27771641	74	2	60	pips_l400_r40_500-8000.hdf5	left	right
2778.2193	1	Stimulus/S  1	1	27782193	27782201	74	3	70	pips_l400_r40_500-8000.hdf5	left	right
2779.2647	1	Stimulus/S  1	1	27792647	27792655	74	4	50	pips_l400_r40_500-8000.hdf5	left	right
2780.3314	1	Stimulus/S  1	1	27803314	27803322	74	5	30	pips_l400_r40_500-8000.hdf5	left	right
2781.3767	1	Stimulus/S  1	1	27813767	27813775	75	0	20	pips_l400_r40_500-8000.hdf5	left	right
2782.4327	1	Stimulus/S  1	1	27824327	27824335	75	1	40	pips_l400_r40_500-8000.hdf5	left	right
2783.4994	1	Stimulus/S  1	1	27834994	27835002	75	2	60	pips_l400_r40_500-8000.hdf5	left	right
2784.5661	1	Stimulus/S  1	1	27845661	27845669	75	3	70	pips_l400_r40_500-8000.hdf5	left	right
2785.6114	1	Stimulus/S  1	1	27856114	27856122	75	4	50	pips_l400_r40_500-8000.hdf5	left	right
2786.6674	1	Stimulus/S  1	1	27866674	27866682	75	5	30	pips_l400_r40_500-8000.hdf5	left	right
2787.7128	1	Stimulus/S  1	1	27877128	27877136	76	0	20	pips_l400_r40_500-8000.hdf5	left	right
2788.7794	1	Stimulus/S  1	1	27887794	27887802	76	1	40	pips_l400_r40_500-8000.hdf5	left	right
2789.8355	1	Stimulus/S  1	1	27898355	27898363	76	2	60	pips_l400_r40_500-8000.hdf5	left	right
2790.8808	1	Stimulus/S  1	1	27908808	27908816	76	3	70	pips_l400_r40_500-8000.hdf5	left	right
2791.9368	1	Stimulus/S  1	1	27919368	27919376	76	4	50	pips_l400_r40_500-8000.hdf5	left	right
2793.0035	1	Stimulus/S  1	1	27930035	27930043	76	5	30	pips_l400_r40_500-8000.hdf5	left	right
2794.0488	1	Stimulus/S  1	1	27940488	27940496	77	0	20	pips_l400_r40_500-8000.hdf5	left	right
2795.0942	1	Stimulus/S  1	1	27950942	27950950	77	1	40	pips_l400_r40_500-8000.hdf5	left	right
2796.1502	1	Stimulus/S  1	1	27961502	27961510	77	2	60	pips_l400_r40_500-8000.hdf5	left	right
2797.2169	1	Stimulus/S  1	1	27972169	27972177	77	3	70	pips_l400_r40_500-8000.hdf5	left	right
2798.2835	1	Stimulus/S  1	1	27982835	27982843	77	4	50	pips_l400_r40_500-8000.hdf5	left	right
2799.3289	1	Stimulus/S  1	1	27993289	27993297	77	5	30	pips_l400_r40_500-8000.hdf5	left	right
2800.3849	1	Stimulus/S  1	1	28003849	28003857	78	0	20	pips_l400_r40_500-8000.hdf5	left	right
2801.4302	1	Stimulus/S  1	1	28014302	28014310	78	1	40	pips_l400_r40_500-8000.hdf5	left	right
2802.4969	1	Stimulus/S  1	1	28024969	28024977	78	2	60	pips_l400_r40_500-8000.hdf5	left	right
2803.5636	1	Stimulus/S  1	1	28035636	28035644	78	3	70	pips_l400_r40_500-8000.hdf5	left	right
2804.6303	1	Stimulus/S  1	1	28046303	28046311	78	4	50	pips_l400_r40_500-8000.hdf5	left	right
2805.6969	1	Stimulus/S  1	1	28056969	28056977	78	5	30	pips_l400_r40_500-8000.hdf5	left	right
2806.753	1	Stimulus/S  1	1	28067530	28067538	79	0	20	pips_l400_r40_500-8000.hdf5	left	right
2807.8196	1	Stimulus/S  1	1	28078196	28078204	79	1	40	pips_l400_r40_500-8000.hdf5	left	right
2808.8863	1	Stimulus/S  1	1	28088863	28088871	79	2	60	pips_l400_r40_500-8000.hdf5	left	right
2809.9317	1	Stimulus/S  1	1	28099317	28099325	79	3	70	pips_l400_r40_500-8000.hdf5	left	right
2810.9983	1	Stimulus/S  1	1	28109983	28109991	79	4	50	pips_l400_r40_500-8000.hdf5	left	right
2812.0543	1	Stimulus/S  1	1	28120543	28120551	79	5	30	pips_l400_r40_500-8000.hdf5	left	right
2813.0997	1	Stimulus/S  1	1	28130997	28131005	80	0	20	pips_l400_r40_500-8000.hdf5	left	right
2814.1664	1	Stimulus/S  1	1	28141664	28141672	80	1	40	pips_l400_r40_500-8000.hdf5	left	right
2815.233	1	Stimulus/S  1	1	28152330	28152338	80	2	60	pips_l400_r40_500-8000.hdf5	left	right
2816.2784	1	Stimulus/S  1	1	28162784	28162792	80	3	70	pips_l400_r40_500-8000.hdf5	left	right
2817.3344	1	Stimulus/S  1	1	28173344	28173352	80	4	50	pips_l400_r40_500-8000.hdf5	left	right
2818.4011	1	Stimulus/S  1	1	28184011	28184019	80	5	30	pips_l400_r40_500-8000.hdf5	left	right
2819.4464	1	Stimulus/S  1	1	28194464	28194472	81	0	20	pips_l400_r40_500-8000.hdf5	left	right
2820.5024	1	Stimulus/S  1	1	28205024	28205032	81	1	40	pips_l400_r40_500-8000.hdf5	left	right
2821.5691	1	Stimulus/S  1	1	28215691	28215699	81	2	60	pips_l400_r40_500-8000.hdf5	left	right
2822.6358	1	Stimulus/S  1	1	28226358	28226366	81	3	70	pips_l400_r40_500-8000.hdf5	left	right
2823.6811	1	Stimulus/S  1	1	28236811	28236819	81	4	50	pips_l400_r40_500-8000.hdf5	left	right
2824.7371	1	Stimulus/S  1	1	28247371	28247379	81	5	30	pips_l400_r40_500-8000.hdf5	left	right
2825.7825	1	Stimulus/S  1	1	28257825	28257833	82	0	20	pips_l400_r40_500-8000.hdf5	left	right
2826.8278	1	Stimulus/S  1	1	28268278	28268286	82	1	40	pips_l400_r40_500-8000.hdf5	left	right
2827.8945	1	Stimulus/S  1	1	28278945	28278953	82	2	60	pips_l400_r40_500-8000.hdf5	left	right
2828.9505	1	Stimulus/S  1	1	28289505	28289513	82	3	70	pips_l400_r40_500-8000.hdf5	left	right
2829.9958	1	Stimulus/S  1	1	28299958	28299966	82	4	50	pips_l400_r40_500-8000.hdf5	left	right
2831.0625	1	Stimulus/S  1	1	28310625	28310633	82	5	30	pips_l400_r40_500-8000.hdf5	left	right
2832.1185	1	Stimulus/S  1	1	28321185	28321193	83	0	20	pips_l400_r40_500-8000.hdf5	left	right
2833.1639	1	Stimulus/S  1	1	28331639	28331647	83	1	40	pips_l400_r40_500-8000.hdf5	left	right
2834.2199	1	Stimulus/S  1	1	28342199	28342207	83	2	60	pips_l400_r40_500-8000.hdf5	left	right
2835.2652	1	Stimulus/S  1	1	28352652	28352660	83	3	70	pips_l400_r40_500-8000.hdf5	left	right
2836.3319	1	Stimulus/S  1	1	28363319	28363327	83	4	50	pips_l400_r40_500-8000.hdf5	left	right
2837.3986	1	Stimulus/S  1	1	28373986	28373994	83	5	30	pips_l400_r40_500-8000.hdf5	left	right
2838.4546	1	Stimulus/S  1	1	28384546	28384554	84	0	20	pips_l400_r40_500-8000.hdf5	left	right
2839.4999	1	Stimulus/S  1	1	28394999	28395007	84	1	40	pips_l400_r40_500-8000.hdf5	left	right
2840.5666	1	Stimulus/S  1	1	28405666	28405674	84	2	60	pips_l400_r40_500-8000.hdf5	left	right
2841.612	1	Stimulus/S  1	1	28416120	28416128	84	3	70	pips_l400_r40_500-8000.hdf5	left	right
2842.668	1	Stimulus/S  1	1	28426680	28426688	84	4	50	pips_l400_r40_500-8000.hdf5	left	right
2843.7346	1	Stimulus/S  1	1	28437346	28437354	84	5	30	pips_l400_r40_500-8000.hdf5	left	right
2844.78	1	Stimulus/S  1	1	28447800	28447808	85	0	20	pips_l400_r40_500-8000.hdf5	left	right
2845.836	1	Stimulus/S  1	1	28458360	28458368	85	1	40	pips_l400_r40_500-8000.hdf5	left	right
2846.9027	1	Stimulus/S  1	1	28469027	28469035	85	2	60	pips_l400_r40_500-8000.hdf5	left	right
2847.948	1	Stimulus/S  1	1	28479480	28479488	85	3	70	pips_l400_r40_500-8000.hdf5	left	right
2849.004	1	Stimulus/S  1	1	28490040	28490048	85	4	50	pips_l400_r40_500-8000.hdf5	left	right
2850.0707	1	Stimulus/S  1	1	28500707	28500715	85	5	30	pips_l400_r40_500-8000.hdf5	left	right
2851.1161	1	Stimulus/S  1	1	28511161	28511169	86	0	20	pips_l400_r40_500-8000.hdf5	left	right
2852.1614	1	Stimulus/S  1	1	28521614	28521622	86	1	40	pips_l400_r40_500-8000.hdf5	left	right
2853.2281	1	Stimulus/S  1	1	28532281	28532289	86	2	60	pips_l400_r40_500-8000.hdf5	left	right
2854.2948	1	Stimulus/S  1	1	28542948	28542956	86	3	70	pips_l400_r40_500-8000.hdf5	left	right
2855.3508	1	Stimulus/S  1	1	28553508	28553516	86	4	50	pips_l400_r40_500-8000.hdf5	left	right
2856.4174	1	Stimulus/S  1	1	28564174	28564182	86	5	30	pips_l400_r40_500-8000.hdf5	left	right
2857.4628	1	Stimulus/S  1	1	28574628	28574636	87	0	20	pips_l400_r40_500-8000.hdf5	left	right
2858.5188	1	Stimulus/S  1	1	28585188	28585196	87	1	40	pips_l400_r40_500-8000.hdf5	left	right
2859.5641	1	Stimulus/S  1	1	28595641	28595649	87	2	60	pips_l400_r40_500-8000.hdf5	left	right
2860.6201	1	Stimulus/S  1	1	28606201	28606209	87	3	70	pips_l400_r40_500-8000.hdf5	left	right
2861.6868	1	Stimulus/S  1	1	28616868	28616876	87	4	50	pips_l400_r40_500-8000.hdf5	left	right
2862.7322	1	Stimulus/S  1	1	28627322	28627330	87	5	30	pips_l400_r40_500-8000.hdf5	left	right
2863.7882	1	Stimulus/S  1	1	28637882	28637890	88	0	20	pips_l400_r40_500-8000.hdf5	left	right
2864.8549	1	Stimulus/S  1	1	28648549	28648557	88	1	40	pips_l400_r40_500-8000.hdf5	left	right
2865.9215	1	Stimulus/S  1	1	28659215	28659223	88	2	60	pips_l400_r40_500-8000.hdf5	left	right
2866.9669	1	Stimulus/S  1	1	28669669	28669677	88	3	70	pips_l400_r40_500-8000.hdf5	left	right
2868.0122	1	Stimulus/S  1	1	28680122	28680130	88	4	50	pips_l400_r40_500-8000.hdf5	left	right
2869.0789	1	Stimulus/S  1	1	28690789	28690797	88	5	30	pips_l400_r40_500-8000.hdf5	left	right
2870.1456	1	Stimulus/S  1	1	28701456	28701464	89	0	20	pips_l400_r40_500-8000.hdf5	left	right
2871.2123	1	Stimulus/S  1	1	28712123	28712131	89	1	40	pips_l400_r40_500-8000.hdf5	left	right
2872.2683	1	Stimulus/S  1	1	28722683	28722691	89	2	60	pips_l400_r40_500-8000.hdf5	left	right
2873.3136	1	Stimulus/S  1	1	28733136	28733144	89	3	70	pips_l400_r40_500-8000.hdf5	left	right
2874.3803	1	Stimulus/S  1	1	28743803	28743811	89	4	50	pips_l400_r40_500-8000.hdf5	left	right
2875.447	1	Stimulus/S  1	1	28754470	28754478	89	5	30	pips_l400_r40_500-8000.hdf5	left	right
2876.503	1	Stimulus/S  1	1	28765030	28765038	90	0	20	pips_l400_r40_500-8000.hdf5	left	right
2877.5483	1	Stimulus/S  1	1	28775483	28775491	90	1	40	pips_l400_r40_500-8000.hdf5	left	right
2878.615	1	Stimulus/S  1	1	28786150	28786158	90	2	60	pips_l400_r40_500-8000.hdf5	left	right
2879.6817	1	Stimulus/S  1	1	28796817	28796825	90	3	70	pips_l400_r40_500-8000.hdf5	left	right
2880.7483	1	Stimulus/S  1	1	28807483	28807491	90	4	50	pips_l400_r40_500-8000.hdf5	left	right
2881.8044	1	Stimulus/S  1	1	28818044	28818052	90	5	30	pips_l400_r40_500-8000.hdf5	left	right
2882.8497	1	Stimulus/S  1	1	28828497	28828505	91	0	20	pips_l400_r40_500-8000.hdf5	left	right
2883.9164	1	Stimulus/S  1	1	28839164	28839172	91	1	40	pips_l400_r40_500-8000.hdf5	left	right
2884.9724	1	Stimulus/S  1	1	28849724	28849732	91	2	60	pips_l400_r40_500-8000.hdf5	left	right
2886.0177	1	Stimulus/S  1	1	28860177	28860185	91	3	70	pips_l400_r40_500-8000.hdf5	left	right
2887.0844	1	Stimulus/S  1	1	28870844	28870852	91	4	50	pips_l400_r40_500-8000.hdf5	left	right
2888.1297	1	Stimulus/S  1	1	28881297	28881305	91	5	30	pips_l400_r40_500-8000.hdf5	left	right
2889.1858	1	Stimulus/S  1	1	28891858	28891866	92	0	20	pips_l400_r40_500-8000.hdf5	left	right
2890.2311	1	Stimulus/S  1	1	28902311	28902319	92	1	40	pips_l400_r40_500-8000.hdf5	left	right
2891.2978	1	Stimulus/S  1	1	28912978	28912986	92	2	60	pips_l400_r40_500-8000.hdf5	left	right
2892.3645	1	Stimulus/S  1	1	28923645	28923653	92	3	70	pips_l400_r40_500-8000.hdf5	left	right
2893.4311	1	Stimulus/S  1	1	28934311	28934319	92	4	50	pips_l400_r40_500-8000.hdf5	left	right
2894.4871	1	Stimulus/S  1	1	28944871	28944879	92	5	30	pips_l400_r40_500-8000.hdf5	left	right
2895.5325	1	Stimulus/S  1	1	28955325	28955333	93	0	20	pips_l400_r40_500-8000.hdf5	left	right
2896.5992	1	Stimulus/S  1	1	28965992	28966000	93	1	40	pips_l400_r40_500-8000.hdf5	left	right
2897.6552	1	Stimulus/S  1	1	28976552	28976560	93	2	60	pips_l400_r40_500-8000.hdf5	left	right
2898.7005	1	Stimulus/S  1	1	28987005	28987013	93	3	70	pips_l400_r40_500-8000.hdf5	left	right
2899.7672	1	Stimulus/S  1	1	28997672	28997680	93	4	50	pips_l400_r40_500-8000.hdf5	left	right
2900.8125	1	Stimulus/S  1	1	29008125	29008133	93	5	30	pips_l400_r40_500-8000.hdf5	left	right
2901.8685	1	Stimulus/S  1	1	29018685	29018693	94	0	20	pips_l400_r40_500-8000.hdf5	left	right
2902.9139	1	Stimulus/S  1	1	29029139	29029147	94	1	40	pips_l400_r40_500-8000.hdf5	left	right
2903.9699	1	Stimulus/S  1	1	29039699	29039707	94	2	60	pips_l400_r40_500-8000.hdf5	left	right
2905.0366	1	Stimulus/S  1	1	29050366	29050374	94	3	70	pips_l400_r40_500-8000.hdf5	left	right
2906.1033	1	Stimulus/S  1	1	29061033	29061041	94	4	50	pips_l400_r40_500-8000.hdf5	left	right
2907.1486	1	Stimulus/S  1	1	29071486	29071494	94	5	30	pips_l400_r40_500-8000.hdf5	left	right
2908.2046	1	Stimulus/S  1	1	29082046	29082054	95	0	20	pips_l400_r40_500-8000.hdf5	left	right
2909.25	1	Stimulus/S  1	1	29092500	29092508	95	1	40	pips_l400_r40_500-8000.hdf5	left	right
2910.2953	1	Stimulus/S  1	1	29102953	29102961	95	2	60	pips_l400_r40_500-8000.hdf5	left	right
2911.3726	1	Stimulus/S  1	1	29113726	29113734	95	3	70	pips_l400_r40_500-8000.hdf5	left	right
2912.4287	1	Stimulus/S  1	1	29124287	29124295	95	4	50	pips_l400_r40_500-8000.hdf5	left	right
2913.4847	1	Stimulus/S  1	1	29134847	29134855	95	5	30	pips_l400_r40_500-8000.hdf5	left	right
2914.5513	1	Stimulus/S  1	1	29145513	29145521	96	0	20	pips_l400_r40_500-8000.hdf5	left	right
2915.618	1	Stimulus/S  1	1	29156180	29156188	96	1	40	pips_l400_r40_500-8000.hdf5	left	right
2916.6847	1	Stimulus/S  1	1	29166847	29166855	96	2	60	pips_l400_r40_500-8000.hdf5	left	right
2917.73	1	Stimulus/S  1	1	29177300	29177308	96	3	70	pips_l400_r40_500-8000.hdf5	left	right
2918.7967	1	Stimulus/S  1	1	29187967	29187975	96	4	50	pips_l400_r40_500-8000.hdf5	left	right
2919.8527	1	Stimulus/S  1	1	29198527	29198535	96	5	30	pips_l400_r40_500-8000.hdf5	left	right
2920.8981	1	Stimulus/S  1	1	29208981	29208989	97	0	20	pips_l400_r40_500-8000.hdf5	left	right
2921.9647	1	Stimulus/S  1	1	29219647	29219655	97	1	40	pips_l400_r40_500-8000.hdf5	left	right
2923.0208	1	Stimulus/S  1	1	29230208	29230216	97	2	60	pips_l400_r40_500-8000.hdf5	left	right
2924.0661	1	Stimulus/S  1	1	29240661	29240669	97	3	70	pips_l400_r40_500-8000.hdf5	left	right
2925.1328	1	Stimulus/S  1	1	29251328	29251336	97	4	50	pips_l400_r40_500-8000.hdf5	left	right
2926.1888	1	Stimulus/S  1	1	29261888	29261896	97	5	30	pips_l400_r40_500-8000.hdf5	left	right
2927.2555	1	Stimulus/S  1	1	29272555	29272563	98	0	20	pips_l400_r40_500-8000.hdf5	left	right
2928.3008	1	Stimulus/S  1	1	29283008	29283016	98	1	40	pips_l400_r40_500-8000.hdf5	left	right
2929.3461	1	Stimulus/S  1	1	29293461	29293469	98	2	60	pips_l400_r40_500-8000.hdf5	left	right
2930.4128	1	Stimulus/S  1	1	29304128	29304136	98	3	70	pips_l400_r40_500-8000.hdf5	left	right
2931.4688	1	Stimulus/S  1	1	29314688	29314696	98	4	50	pips_l400_r40_500-8000.hdf5	left	right
2932.5142	1	Stimulus/S  1	1	29325142	29325150	98	5	30	pips_l400_r40_500-8000.hdf5	left	right
2933.5809	1	Stimulus/S  1	1	29335809	29335817	99	0	20	pips_l400_r40_500-8000.hdf5	left	right
2934.6369	1	Stimulus/S  1	1	29346369	29346377	99	1	40	pips_l400_r40_500-8000.hdf5	left	right
2935.6822	1	Stimulus/S  1	1	29356822	29356830	99	2	60	pips_l400_r40_500-8000.hdf5	left	right
2936.7382	1	Stimulus/S  1	1	29367382	29367390	99	3	70	pips_l400_r40_500-8000.hdf5	left	right
2937.7836	1	Stimulus/S  1	1	29377836	29377844	99	4	50	pips_l400_r40_500-8000.hdf5	left	right
2938.8502	1	Stimulus/S  1	1	29388502	29388510	99	5	30	pips_l400_r40_500-8000.hdf5	left	right
2939.9169	1	Stimulus/S  1	1	29399169	29399177	100	0	20	pips_l400_r40_500-8000.hdf5	left	right
2940.9729	1	Stimulus/S  1	1	29409729	29409737	100	1	40	pips_l400_r40_500-8000.hdf5	left	right
2942.0396	1	Stimulus/S  1	1	29420396	29420404	100	2	60	pips_l400_r40_500-8000.hdf5	left	right
2943.1063	1	Stimulus/S  1	1	29431063	29431071	100	3	70	pips_l400_r40_500-8000.hdf5	left	right
2944.1516	1	Stimulus/S  1	1	29441516	29441524	100	4	50	pips_l400_r40_500-8000.hdf5	left	right
2945.2183	1	Stimulus/S  1	1	29452183	29452191	100	5	30	pips_l400_r40_500-8000.hdf5	left	right
2946.2636	1	Stimulus/S  1	1	29462636	29462644	101	0	20	pips_l400_r40_500-8000.hdf5	left	right
2947.3197	1	Stimulus/S  1	1	29473197	29473205	101	1	40	pips_l400_r40_500-8000.hdf5	left	right
2948.3863	1	Stimulus/S  1	1	29483863	29483871	101	2	60	pips_l400_r40_500-8000.hdf5	left	right
2949.4317	1	Stimulus/S  1	1	29494317	29494325	101	3	70	pips_l400_r40_500-8000.hdf5	left	right
2950.4877	1	Stimulus/S  1	1	29504877	29504885	101	4	50	pips_l400_r40_500-8000.hdf5	left	right
2951.5544	1	Stimulus/S  1	1	29515544	29515552	101	5	30	pips_l400_r40_500-8000.hdf5	left	right
2952.5997	1	Stimulus/S  1	1	29525997	29526005	102	0	20	pips_l400_r40_500-8000.hdf5	left	right
2953.6557	1	Stimulus/S  1	1	29536557	29536565	102	1	40	pips_l400_r40_500-8000.hdf5	left	right
2954.7224	1	Stimulus/S  1	1	29547224	29547232	102	2	60	pips_l400_r40_500-8000.hdf5	left	right
2955.7677	1	Stimulus/S  1	1	29557677	29557685	102	3	70	pips_l400_r40_500-8000.hdf5	left	right
2956.8131	1	Stimulus/S  1	1	29568131	29568139	102	4	50	pips_l400_r40_500-8000.hdf5	left	right
2957.8691	1	Stimulus/S  1	1	29578691	29578699	102	5	30	pips_l400_r40_500-8000.hdf5	left	right
2958.9358	1	Stimulus/S  1	1	29589358	29589366	103	0	20	pips_l400_r40_500-8000.hdf5	left	right
2960.0024	1	Stimulus/S  1	1	29600024	29600032	103	1	40	pips_l400_r40_500-8000.hdf5	left	right
2961.0478	1	Stimulus/S  1	1	29610478	29610486	103	2	60	pips_l400_r40_500-8000.hdf5	left	right
2962.1038	1	Stimulus/S  1	1	29621038	29621046	103	3	70	pips_l400_r40_500-8000.hdf5	left	right
2963.1491	1	Stimulus/S  1	1	29631491	29631499	103	4	50	pips_l400_r40_500-8000.hdf5	left	right
2964.2158	1	Stimulus/S  1	1	29642158	29642166	103	5	30	pips_l400_r40_500-8000.hdf5	left	right
2965.2825	1	Stimulus/S  1	1	29652825	29652833	104	0	20	pips_l400_r40_500-8000.hdf5	left	right
2966.3492	1	Stimulus/S  1	1	29663492	29663500	104	1	40	pips_l400_r40_500-8000.hdf5	left	right
2967.4052	1	Stimulus/S  1	1	29674052	29674060	104	2	60	pips_l400_r40_500-8000.hdf5	left	right
2968.4505	1	Stimulus/S  1	1	29684505	29684513	104	3	70	pips_l400_r40_500-8000.hdf5	left	right
2969.5172	1	Stimulus/S  1	1	29695172	29695180	104	4	50	pips_l400_r40_500-8000.hdf5	left	right
2970.5839	1	Stimulus/S  1	1	29705839	29705847	104	5	30	pips_l400_r40_500-8000.hdf5	left	right
2971.6399	1	Stimulus/S  1	1	29716399	29716407	105	0	20	pips_l400_r40_500-8000.hdf5	left	right
2972.6852	1	Stimulus/S  1	1	29726852	29726860	105	1	40	pips_l400_r40_500-8000.hdf5	left	right
2973.7519	1	Stimulus/S  1	1	29737519	29737527	105	2	60	pips_l400_r40_500-8000.hdf5	left	right
2974.7973	1	Stimulus/S  1	1	29747973	29747981	105	3	70	pips_l400_r40_500-8000.hdf5	left	right
2975.8533	1	Stimulus/S  1	1	29758533	29758541	105	4	50	pips_l400_r40_500-8000.hdf5	left	right
2976.8986	1	Stimulus/S  1	1	29768986	29768994	105	5	30	pips_l400_r40_500-8000.hdf5	left	right
2977.9546	1	Stimulus/S  1	1	29779546	29779554	106	0	20	pips_l400_r40_500-8000.hdf5	left	right
2979.0	1	Stimulus/S  1	1	29790000	29790008	106	1	40	pips_l400_r40_500-8000.hdf5	left	right
2980.0666	1	Stimulus/S  1	1	29800666	29800674	106	2	60	pips_l400_r40_500-8000.hdf5	left	right
2981.1227	1	Stimulus/S  1	1	29811227	29811235	106	3	70	pips_l400_r40_500-8000.hdf5	left	right
2982.168	1	Stimulus/S  1	1	29821680	29821688	106	4	50	pips_l400_r40_500-8000.hdf5	left	right
2983.2347	1	Stimulus/S  1	1	29832347	29832355	106	5	30	pips_l400_r40_500-8000.hdf5	left	right
2984.3014	1	Stimulus/S  1	1	29843014	29843022	107	0	20	pips_l400_r40_500-8000.hdf5	left	right
2985.3467	1	Stimulus/S  1	1	29853467	29853475	107	1	40	pips_l400_r40_500-8000.hdf5	left	right
2986.4134	1	Stimulus/S  1	1	29864134	29864142	107	2	60	pips_l400_r40_500-8000.hdf5	left	right
2987.4907	1	Stimulus/S  1	1	29874907	29874915	107	3	70	pips_l400_r40_500-8000.hdf5	left	right
2988.5361	1	Stimulus/S  1	1	29885361	29885369	107	4	50	pips_l400_r40_500-8000.hdf5	left	right
2989.6027	1	Stimulus/S  1	1	29896027	29896035	107	5	30	pips_l400_r40_500-8000.hdf5	left	right
2990.6481	1	Stimulus/S  1	1	29906481	29906489	108	0	20	pips_l400_r40_500-8000.hdf5	left	right
2991.7041	1	Stimulus/S  1	1	29917041	29917049	108	1	40	pips_l400_r40_500-8000.hdf5	left	right
2992.7708	1	Stimulus/S  1	1	29927708	29927716	108	2	60	pips_l400_r40_500-8000.hdf5	left	right
2993.8374	1	Stimulus/S  1	1	29938374	29938382	108	3	70	pips_l400_r40_500-8000.hdf5	left	right
2994.8828	1	Stimulus/S  1	1	29948828	29948836	108	4	50	pips_l400_r40_500-8000.hdf5	left	right
2995.9388	1	Stimulus/S  1	1	29959388	29959396	108	5	30	pips_l400_r40_500-8000.hdf5	left	right
2997.0055	1	Stimulus/S  1	1	29970055	29970063	109	0	20	pips_l400_r40_500-8000.hdf5	left	right
2998.0508	1	Stimulus/S  1	1	29980508	29980516	109	1	40	pips_l400_r40_500-8000.hdf5	left	right
2999.1175	1	Stimulus/S  1	1	29991175	29991183	109	2	60	pips_l400_r40_500-8000.hdf5	left	right
3000.1842	1	Stimulus/S  1	1	30001842	30001850	109	3	70	pips_l400_r40_500-8000.hdf5	left	right
3001.2402	1	Stimulus/S  1	1	30012402	30012410	109	4	50	pips_l400_r40_500-8000.hdf5	left	right
3002.2855	1	Stimulus/S  1	1	30022855	30022863	109	5	30	pips_l400_r40_500-8000.hdf5	left	right
3003.3522	1	Stimulus/S  1	1	30033522	30033530	110	0	20	pips_l400_r40_500-8000.hdf5	left	right
3004.3975	1	Stimulus/S  1	1	30043975	30043983	110	1	40	pips_l400_r40_500-8000.hdf5	left	right
3005.4536	1	Stimulus/S  1	1	30054536	30054544	110	2	60	pips_l400_r40_500-8000.hdf5	left	right
3006.5202	1	Stimulus/S  1	1	30065202	30065210	110	3	70	pips_l400_r40_500-8000.hdf5	left	right
3007.5656	1	Stimulus/S  1	1	30075656	30075664	110	4	50	pips_l400_r40_500-8000.hdf5	left	right
3008.6216	1	Stimulus/S  1	1	30086216	30086224	110	5	30	pips_l400_r40_500-8000.hdf5	left	right
3009.6669	1	Stimulus/S  1	1	30096669	30096677	111	0	20	pips_l400_r40_500-8000.hdf5	left	right
3010.7229	1	Stimulus/S  1	1	30107229	30107237	111	1	40	pips_l400_r40_500-8000.hdf5	left	right
3011.7896	1	Stimulus/S  1	1	30117896	30117904	111	2	60	pips_l400_r40_500-8000.hdf5	left	right
3012.835	1	Stimulus/S  1	1	30128350	30128358	111	3	70	pips_l400_r40_500-8000.hdf5	left	right
3013.9016	1	Stimulus/S  1	1	30139016	30139024	111	4	50	pips_l400_r40_500-8000.hdf5	left	right
3014.9683	1	Stimulus/S  1	1	30149683	30149691	111	5	30	pips_l400_r40_500-8000.hdf5	left	right
3016.0243	1	Stimulus/S  1	1	30160243	30160251	112	0	20	pips_l400_r40_500-8000.hdf5	left	right
3017.0803	1	Stimulus/S  1	1	30170803	30170811	112	1	40	pips_l400_r40_500-8000.hdf5	left	right
3018.1363	1	Stimulus/S  1	1	30181363	30181371	112	2	60	pips_l400_r40_500-8000.hdf5	left	right
3019.1817	1	Stimulus/S  1	1	30191817	30191825	112	3	70	pips_l400_r40_500-8000.hdf5	left	right
3020.2484	1	Stimulus/S  1	1	30202484	30202492	112	4	50	pips_l400_r40_500-8000.hdf5	left	right
3021.3044	1	Stimulus/S  1	1	30213044	30213052	112	5	30	pips_l400_r40_500-8000.hdf5	left	right
3022.3497	1	Stimulus/S  1	1	30223497	30223505	113	0	20	pips_l400_r40_500-8000.hdf5	left	right
3023.4164	1	Stimulus/S  1	1	30234164	30234172	113	1	40	pips_l400_r40_500-8000.hdf5	left	right
3024.4724	1	Stimulus/S  1	1	30244724	30244732	113	2	60	pips_l400_r40_500-8000.hdf5	left	right
3025.5178	1	Stimulus/S  1	1	30255178	30255186	113	3	70	pips_l400_r40_500-8000.hdf5	left	right
3026.5844	1	Stimulus/S  1	1	30265844	30265852	113	4	50	pips_l400_r40_500-8000.hdf5	left	right
3027.6404	1	Stimulus/S  1	1	30276404	30276412	113	5	30	pips_l400_r40_500-8000.hdf5	left	right
3028.6858	1	Stimulus/S  1	1	30286858	30286866	114	0	20	pips_l400_r40_500-8000.hdf5	left	right
3029.7311	1	Stimulus/S  1	1	30297311	30297319	114	1	40	pips_l400_r40_500-8000.hdf5	left	right
3030.7871	1	Stimulus/S  1	1	30307871	30307879	114	2	60	pips_l400_r40_500-8000.hdf5	left	right
3031.8538	1	Stimulus/S  1	1	30318538	30318546	114	3	70	pips_l400_r40_500-8000.hdf5	left	right
3032.8992	1	Stimulus/S  1	1	30328992	30329000	114	4	50	pips_l400_r40_500-8000.hdf5	left	right
3033.9552	1	Stimulus/S  1	1	30339552	30339560	114	5	30	pips_l400_r40_500-8000.hdf5	left	right
3035.0218	1	Stimulus/S  1	1	30350218	30350226	115	0	20	pips_l400_r40_500-8000.hdf5	left	right
3036.0672	1	Stimulus/S  1	1	30360672	30360680	115	1	40	pips_l400_r40_500-8000.hdf5	left	right
3037.1232	1	Stimulus/S  1	1	30371232	30371240	115	2	60	pips_l400_r40_500-8000.hdf5	left	right
3038.1899	1	Stimulus/S  1	1	30381899	30381907	115	3	70	pips_l400_r40_500-8000.hdf5	left	right
3039.2352	1	Stimulus/S  1	1	30392352	30392360	115	4	50	pips_l400_r40_500-8000.hdf5	left	right
3040.2912	1	Stimulus/S  1	1	30402912	30402920	115	5	30	pips_l400_r40_500-8000.hdf5	left	right
3041.3366	1	Stimulus/S  1	1	30413366	30413374	116	0	20	pips_l400_r40_500-8000.hdf5	left	right
3042.3819	1	Stimulus/S  1	1	30423819	30423827	116	1	40	pips_l400_r40_500-8000.hdf5	left	right
3043.4379	1	Stimulus/S  1	1	30434379	30434387	116	2	60	pips_l400_r40_500-8000.hdf5	left	right
3044.4833	1	Stimulus/S  1	1	30444833	30444841	116	3	70	pips_l400_r40_500-8000.hdf5	left	right
3045.5393	1	Stimulus/S  1	1	30455393	30455401	116	4	50	pips_l400_r40_500-8000.hdf5	left	right
3046.5846	1	Stimulus/S  1	1	30465846	30465854	116	5	30	pips_l400_r40_500-8000.hdf5	left	right
3047.6406	1	Stimulus/S  1	1	30476406	30476414	117	0	20	pips_l400_r40_500-8000.hdf5	left	right
3048.7073	1	Stimulus/S  1	1	30487073	30487081	117	1	40	pips_l400_r40_500-8000.hdf5	left	right
3049.774	1	Stimulus/S  1	1	30497740	30497748	117	2	60	pips_l400_r40_500-8000.hdf5	left	right
3050.8193	1	Stimulus/S  1	1	30508193	30508201	117	3	70	pips_l400_r40_500-8000.hdf5	left	right
3051.8647	1	Stimulus/S  1	1	30518647	30518655	117	4	50	pips_l400_r40_500-8000.hdf5	left	right
3052.9314	1	Stimulus/S  1	1	30529314	30529322	117	5	30	pips_l400_r40_500-8000.hdf5	left	right
3054.0087	1	Stimulus/S  1	1	30540087	30540095	118	0	20	pips_l400_r40_500-8000.hdf5	left	right
3055.054	1	Stimulus/S  1	1	30550540	30550548	118	1	40	pips_l400_r40_500-8000.hdf5	left	right
3056.0994	1	Stimulus/S  1	1	30560994	30561002	118	2	60	pips_l400_r40_500-8000.hdf5	left	right
3057.1554	1	Stimulus/S  1	1	30571554	30571562	118	3	70	pips_l400_r40_500-8000.hdf5	left	right
3058.2007	1	Stimulus/S  1	1	30582007	30582015	118	4	50	pips_l400_r40_500-8000.hdf5	left	right
3059.2567	1	Stimulus/S  1	1	30592567	30592575	118	5	30	pips_l400_r40_500-8000.hdf5	left	right
3060.3234	1	Stimulus/S  1	1	30603234	30603242	119	0	20	pips_l400_r40_500-8000.hdf5	left	right
3061.3688	1	Stimulus/S  1	1	30613688	30613696	119	1	40	pips_l400_r40_500-8000.hdf5	left	right
3062.4248	1	Stimulus/S  1	1	30624248	30624256	119	2	60	pips_l400_r40_500-8000.hdf5	left	right
3063.4915	1	Stimulus/S  1	1	30634915	30634923	119	3	70	pips_l400_r40_500-8000.hdf5	left	right
3064.5581	1	Stimulus/S  1	1	30645581	30645589	119	4	50	pips_l400_r40_500-8000.hdf5	left	right
3065.6035	1	Stimulus/S  1	1	30656035	30656043	119	5	30	pips_l400_r40_500-8000.hdf5	left	right
3066.6488	1	Stimulus/S  1	1	30666488	30666496	0	0	20	pips_l400_r40_500-8000.hdf5	left	right
3067.7155	1	Stimulus/S  1	1	30677155	30677163	0	1	40	pips_l400_r40_500-8000.hdf5	left	right
3068.7715	1	Stimulus/S  1	1	30687715	30687723	0	2	60	pips_l400_r40_500-8000.hdf5	left	right
3069.8169	1	Stimulus/S  1	1	30698169	30698177	0	3	70	pips_l400_r40_500-8000.hdf5	left	right
3070.8835	1	Stimulus/S  1	1	30708835	30708843	0	4	50	pips_l400_r40_500-8000.hdf5	left	right
3071.9395	1	Stimulus/S  1	1	30719395	30719403	0	5	30	pips_l400_r40_500-8000.hdf5	left	right
3072.9849	1	Stimulus/S  1	1	30729849	30729857	1	0	20	pips_l400_r40_500-8000.hdf5	left	right
3074.0516	1	Stimulus/S  1	1	30740516	30740524	1	1	40	pips_l400_r40_500-8000.hdf5	left	right
3075.1076	1	Stimulus/S  1	1	30751076	30751084	1	2	60	pips_l400_r40_500-8000.hdf5	left	right
3076.1529	1	Stimulus/S  1	1	30761529	30761537	1	3	70	pips_l400_r40_500-8000.hdf5	left	right
3077.2196	1	Stimulus/S  1	1	30772196	30772204	1	4	50	pips_l400_r40_500-8000.hdf5	left	right
3078.2863	1	Stimulus/S  1	1	30782863	30782871	1	5	30	pips_l400_r40_500-8000.hdf5	left	right
3079.3316	1	Stimulus/S  1	1	30793316	30793324	2	0	20	pips_l400_r40_500-8000.hdf5	left	right
3080.3876	1	Stimulus/S  1	1	30803876	30803884	2	1	40	pips_l400_r40_500-8000.hdf5	left	right
3081.4543	1	Stimulus/S  1	1	30814543	30814551	2	2	60	pips_l400_r40_500-8000.hdf5	left	right
3082.4996	1	Stimulus/S  1	1	30824996	30825004	2	3	70	pips_l400_r40_500-8000.hdf5	left	right
3083.5557	1	Stimulus/S  1	1	30835557	30835565	2	4	50	pips_l400_r40_500-8000.hdf5	left	right
3084.601	1	Stimulus/S  1	1	30846010	30846018	2	5	30	pips_l400_r40_500-8000.hdf5	left	right
3085.657	1	Stimulus/S  1	1	30856570	30856578	3	0	20	pips_l400_r40_500-8000.hdf5	left	right
3086.7023	1	Stimulus/S  1	1	30867023	30867031	3	1	40	pips_l400_r40_500-8000.hdf5	left	right
3087.769	1	Stimulus/S  1	1	30877690	30877698	3	2	60	pips_l400_r40_500-8000.hdf5	left	right
3088.8357	1	Stimulus/S  1	1	30888357	30888365	3	3	70	pips_l400_r40_500-8000.hdf5	left	right
3089.8917	1	Stimulus/S  1	1	30898917	30898925	3	4	50	pips_l400_r40_500-8000.hdf5	left	right
3090.9371	1	Stimulus/S  1	1	30909371	30909379	3	5	30	pips_l400_r40_500-8000.hdf5	left	right
3092.0037	1	Stimulus/S  1	1	30920037	30920045	4	0	20	pips_l400_r40_500-8000.hdf5	left	right
3093.0491	1	Stimulus/S  1	1	30930491	30930499	4	1	40	pips_l400_r40_500-8000.hdf5	left	right
3094.1158	1	Stimulus/S  1	1	30941158	30941166	4	2	60	pips_l400_r40_500-8000.hdf5	left	right
3095.1718	1	Stimulus/S  1	1	30951718	30951726	4	3	70	pips_l400_r40_500-8000.hdf5	left	right
3096.2171	1	Stimulus/S  1	1	30962171	30962179	4	4	50	pips_l400_r40_500-8000.hdf5	left	right
3097.2731	1	Stimulus/S  1	1	30972731	30972739	4	5	30	pips_l400_r40_500-8000.hdf5	left	right
3098.3185	1	Stimulus/S  1	1	30983185	30983193	5	0	20	pips_l400_r40_500-8000.hdf5	left	right
3099.3851	1	Stimulus/S  1	1	30993851	30993859	5	1	40	pips_l400_r40_500-8000.hdf5	left	right
3100.4518	1	Stimulus/S  1	1	31004518	31004526	5	2	60	pips_l400_r40_500-8000.hdf5	left	right
3101.5185	1	Stimulus/S  1	1	31015185	31015193	5	3	70	pips_l400_r40_500-8000.hdf5	left	right
3102.5852	1	Stimulus/S  1	1	31025852	31025860	5	4	50	pips_l400_r40_500-8000.hdf5	left	right
3103.6412	1	Stimulus/S  1	1	31036412	31036420	5	5	30	pips_l400_r40_500-8000.hdf5	left	right
3104.6865	1	Stimulus/S  1	1	31046865	31046873	6	0	20	pips_l400_r40_500-8000.hdf5	left	right
3105.7319	1	Stimulus/S  1	1	31057319	31057327	6	1	40	pips_l400_r40_500-8000.hdf5	left	right
3106.7879	1	Stimulus/S  1	1	31067879	31067887	6	2	60	pips_l400_r40_500-8000.hdf5	left	right
3107.8546	1	Stimulus/S  1	1	31078546	31078554	6	3	70	pips_l400_r40_500-8000.hdf5	left	right
3108.8999	1	Stimulus/S  1	1	31088999	31089007	6	4	50	pips_l400_r40_500-8000.hdf5	left	right
3109.9559	1	Stimulus/S  1	1	31099559	31099567	6	5	30	pips_l400_r40_500-8000.hdf5	left	right
3111.0226	1	Stimulus/S  1	1	31110226	31110234	7	0	20	pips_l400_r40_500-8000.hdf5	left	right
3112.0679	1	Stimulus/S  1	1	31120679	31120687	7	1	40	pips_l400_r40_500-8000.hdf5	left	right
3113.1239	1	Stimulus/S  1	1	31131239	31131247	7	2	60	pips_l400_r40_500-8000.hdf5	left	right
3114.1906	1	Stimulus/S  1	1	31141906	31141914	7	3	70	pips_l400_r40_500-8000.hdf5	left	right
3115.236	1	Stimulus/S  1	1	31152360	31152368	7	4	50	pips_l400_r40_500-8000.hdf5	left	right
3116.292	1	Stimulus/S  1	1	31162920	31162928	7	5	30	pips_l400_r40_500-8000.hdf5	left	right
3117.3586	1	Stimulus/S  1	1	31173586	31173594	8	0	20	pips_l400_r40_500-8000.hdf5	left	right
3118.4253	1	Stimulus/S  1	1	31184253	31184261	8	1	40	pips_l400_r40_500-8000.hdf5	left	right
3119.4707	1	Stimulus/S  1	1	31194707	31194715	8	2	60	pips_l400_r40_500-8000.hdf5	left	right
3120.5373	1	Stimulus/S  1	1	31205373	31205381	8	3	70	pips_l400_r40_500-8000.hdf5	left	right
3121.604	1	Stimulus/S  1	1	31216040	31216048	8	4	50	pips_l400_r40_500-8000.hdf5	left	right
3122.6494	1	Stimulus/S  1	1	31226494	31226502	8	5	30	pips_l400_r40_500-8000.hdf5	left	right
3123.7054	1	Stimulus/S  1	1	31237054	31237062	9	0	20	pips_l400_r40_500-8000.hdf5	left	right
3124.7507	1	Stimulus/S  1	1	31247507	31247515	9	1	40	pips_l400_r40_500-8000.hdf5	left	right
3125.8174	1	Stimulus/S  1	1	31258174	31258182	9	2	60	pips_l400_r40_500-8000.hdf5	left	right
3126.8841	1	Stimulus/S  1	1	31268841	31268849	9	3	70	pips_l400_r40_500-8000.hdf5	left	right
3127.9401	1	Stimulus/S  1	1	31279401	31279409	9	4	50	pips_l400_r40_500-8000.hdf5	left	right
3128.9854	1	Stimulus/S  1	1	31289854	31289862	9	5	30	pips_l400_r40_500-8000.hdf5	left	right
3130.0414	1	Stimulus/S  1	1	31300414	31300422	10	0	20	pips_l400_r40_500-8000.hdf5	left	right
3131.1081	1	Stimulus/S  1	1	31311081	31311089	10	1	40	pips_l400_r40_500-8000.hdf5	left	right
3132.1748	1	Stimulus/S  1	1	31321748	31321756	10	2	60	pips_l400_r40_500-8000.hdf5	left	right
3133.2415	1	Stimulus/S  1	1	31332415	31332423	10	3	70	pips_l400_r40_500-8000.hdf5	left	right
3134.3081	1	Stimulus/S  1	1	31343081	31343089	10	4	50	pips_l400_r40_500-8000.hdf5	left	right
3135.3535	1	Stimulus/S  1	1	31353535	31353543	10	5	30	pips_l400_r40_500-8000.hdf5	left	right
3136.4095	1	Stimulus/S  1	1	31364095	31364103	11	0	20	pips_l400_r40_500-8000.hdf5	left	right
3137.4548	1	Stimulus/S  1	1	31374548	31374556	11	1	40	pips_l400_r40_500-8000.hdf5	left	right
3138.5215	1	Stimulus/S  1	1	31385215	31385223	11	2	60	pips_l400_r40_500-8000.hdf5	left	right
3139.5882	1	Stimulus/S  1	1	31395882	31395890	11	3	70	pips_l400_r40_500-8000.hdf5	left	right
3140.6549	1	Stimulus/S  1	1	31406549	31406557	11	4	50	pips_l400_r40_500-8000.hdf5	left	right
3141.7002	1	Stimulus/S  1	1	31417002	31417010	11	5	30	pips_l400_r40_500-8000.hdf5	left	right
3142.7562	1	Stimulus/S  1	1	31427562	31427570	12	0	20	pips_l400_r40_500-8000.hdf5	left	right
3143.8016	1	Stimulus/S  1	1	31438016	31438024	12	1	40	pips_l400_r40_500-8000.hdf5	left	right
3144.8682	1	Stimulus/S  1	1	31448682	31448690	12	2	60	pips_l400_r40_500-8000.hdf5	left	right
3145.9349	1	Stimulus/S  1	1	31459349	31459357	12	3	70	pips_l400_r40_500-8000.hdf5	left	right
3147.0016	1	Stimulus/S  1	1	31470016	31470024	12	4	50	pips_l400_r40_500-8000.hdf5	left	right
3148.0683	1	Stimulus/S  1	1	31480683	31480691	12	5	30	pips_l400_r40_500-8000.hdf5	left	right
3149.1243	1	Stimulus/S  1	1	31491243	31491251	13	0	20	pips_l400_r40_500-8000.hdf5	left	right
3150.1696	1	Stimulus/S  1	1	31501696	31501704	13	1	40	pips_l400_r40_500-8000.hdf5	left	right
3151.2363	1	Stimulus/S  1	1	31512363	31512371	13	2	60	pips_l400_r40_500-8000.hdf5	left	right
3152.303	1	Stimulus/S  1	1	31523030	31523038	13	3	70	pips_l400_r40_500-8000.hdf5	left	right
3153.359	1	Stimulus/S  1	1	31533590	31533598	13	4	50	pips_l400_r40_500-8000.hdf5	left	right
3154.4043	1	Stimulus/S  1	1	31544043	31544051	13	5	30	pips_l400_r40_500-8000.hdf5	left	right
3155.471	1	Stimulus/S  1	1	31554710	31554718	14	0	20	pips_l400_r40_500-8000.hdf5	left	right
3156.5377	1	Stimulus/S  1	1	31565377	31565385	14	1	40	pips_l400_r40_500-8000.hdf5	left	right
3157.583	1	Stimulus/S  1	1	31575830	31575838	14	2	60	pips_l400_r40_500-8000.hdf5	left	right
3158.6604	1	Stimulus/S  1	1	31586604	31586612	14	3	70	pips_l400_r40_500-8000.hdf5	left	right
3159.7164	1	Stimulus/S  1	1	31597164	31597172	14	4	50	pips_l400_r40_500-8000.hdf5	left	right
3160.7724	1	Stimulus/S  1	1	31607724	31607732	14	5	30	pips_l400_r40_500-8000.hdf5	left	right
3161.8177	1	Stimulus/S  1	1	31618177	31618185	15	0	20	pips_l400_r40_500-8000.hdf5	left	right
3162.8844	1	Stimulus/S  1	1	31628844	31628852	15	1	40	pips_l400_r40_500-8000.hdf5	left	right
3163.9511	1	Stimulus/S  1	1	31639511	31639519	15	2	60	pips_l400_r40_500-8000.hdf5	left	right
3165.0178	1	Stimulus/S  1	1	31650178	31650186	15	3	70	pips_l400_r40_500-8000.hdf5	left	right
3166.0738	1	Stimulus/S  1	1	31660738	31660746	15	4	50	pips_l400_r40_500-8000.hdf5	left	right
3167.1405	1	Stimulus/S  1	1	31671405	31671413	15	5	30	pips_l400_r40_500-8000.hdf5	left	right
3168.2071	1	Stimulus/S  1	1	31682071	31682079	16	0	20	pips_l400_r40_500-8000.hdf5	left	right
3169.2525	1	Stimulus/S  1	1	31692525	31692533	16	1	40	pips_l400_r40_500-8000.hdf5	left	right
3170.3085	1	Stimulus/S  1	1	31703085	31703093	16	2	60	pips_l400_r40_500-8000.hdf5	left	right
3171.3752	1	Stimulus/S  1	1	31713752	31713760	16	3	70	pips_l400_r40_500-8000.hdf5	left	right
3172.4205	1	Stimulus/S  1	1	31724205	31724213	16	4	50	pips_l400_r40_500-8000.hdf5	left	right
3173.4765	1	Stimulus/S  1	1	31734765	31734773	16	5	30	pips_l400_r40_500-8000.hdf5	left	right
3174.5432	1	Stimulus/S  1	1	31745432	31745440	17	0	20	pips_l400_r40_500-8000.hdf5	left	right
3175.5885	1	Stimulus/S  1	1	31755885	31755893	17	1	40	pips_l400_r40_500-8000.hdf5	left	right
3176.6339	1	Stimulus/S  1	1	31766339	31766347	17	2	60	pips_l400_r40_500-8000.hdf5	left	right
3177.7006	1	Stimulus/S  1	1	31777006	31777014	17	3	70	pips_l400_r40_500-8000.hdf5	left	right
3178.7672	1	Stimulus/S  1	1	31787672	31787680	17	4	50	pips_l400_r40_500-8000.hdf5	left	right
3179.8339	1	Stimulus/S  1	1	31798339	31798347	17	5	30	pips_l400_r40_500-8000.hdf5	left	right
3180.8899	1	Stimulus/S  1	1	31808899	31808907	18	0	20	pips_l400_r40_500-8000.hdf5	left	right
3181.9353	1	Stimulus/S  1	1	31819353	31819361	18	1	40	pips_l400_r40_500-8000.hdf5	left	right
3183.002	1	Stimulus/S  1	1	31830020	31830028	18	2	60	pips_l400_r40_500-8000.hdf5	left	right
3184.058	1	Stimulus/S  1	1	31840580	31840588	18	3	70	pips_l400_r40_500-8000.hdf5	left	right
3185.1033	1	Stimulus/S  1	1	31851033	31851041	18	4	50	pips_l400_r40_500-8000.hdf5	left	right
3186.1593	1	Stimulus/S  1	1	31861593	31861601	18	5	30	pips_l400_r40_500-8000.hdf5	left	right
3187.2047	1	Stimulus/S  1	1	31872047	31872055	19	0	20	pips_l400_r40_500-8000.hdf5	left	right
3188.25	1	Stimulus/S  1	1	31882500	31882508	19	1	40	pips_l400_r40_500-8000.hdf5	left	right
3189.306	1	Stimulus/S  1	1	31893060	31893068	19	2	60	pips_l400_r40_500-8000.hdf5	left	right
3190.3727	1	Stimulus/S  1	1	31903727	31903735	19	3	70	pips_l400_r40_500-8000.hdf5	left	right
3191.4394	1	Stimulus/S  1	1	31914394	31914402	19	4	50	pips_l400_r40_500-8000.hdf5	left	right
3192.506	1	Stimulus/S  1	1	31925060	31925068	19	5	30	pips_l400_r40_500-8000.hdf5	left	right
3193.5514	1	Stimulus/S  1	1	31935514	31935522	20	0	20	pips_l400_r40_500-8000.hdf5	left	right
3194.6181	1	Stimulus/S  1	1	31946181	31946189	20	1	40	pips_l400_r40_500-8000.hdf5	left	right
3195.6741	1	Stimulus/S  1	1	31956741	31956749	20	2	60	pips_l400_r40_500-8000.hdf5	left	right
3196.7194	1	Stimulus/S  1	1	31967194	31967202	20	3	70	pips_l400_r40_500-8000.hdf5	left	right
3197.7754	1	Stimulus/S  1	1	31977754	31977762	20	4	50	pips_l400_r40_500-8000.hdf5	left	right
3198.8421	1	Stimulus/S  1	1	31988421	31988429	20	5	30	pips_l400_r40_500-8000.hdf5	left	right
3199.9088	1	Stimulus/S  1	1	31999088	31999096	21	0	20	pips_l400_r40_500-8000.hdf5	left	right
3200.9755	1	Stimulus/S  1	1	32009755	32009763	21	1	40	pips_l400_r40_500-8000.hdf5	left	right
3202.0208	1	Stimulus/S  1	1	32020208	32020216	21	2	60	pips_l400_r40_500-8000.hdf5	left	right
3203.0768	1	Stimulus/S  1	1	32030768	32030776	21	3	70	pips_l400_r40_500-8000.hdf5	left	right
3204.1222	1	Stimulus/S  1	1	32041222	32041230	21	4	50	pips_l400_r40_500-8000.hdf5	left	right
3205.1888	1	Stimulus/S  1	1	32051888	32051896	21	5	30	pips_l400_r40_500-8000.hdf5	left	right
3206.2555	1	Stimulus/S  1	1	32062555	32062563	22	0	20	pips_l400_r40_500-8000.hdf5	left	right
3207.3222	1	Stimulus/S  1	1	32073222	32073230	22	1	40	pips_l400_r40_500-8000.hdf5	left	right
3208.3889	1	Stimulus/S  1	1	32083889	32083897	22	2	60	pips_l400_r40_500-8000.hdf5	left	right
3209.4555	1	Stimulus/S  1	1	32094555	32094563	22	3	70	pips_l400_r40_500-8000.hdf5	left	right
3210.5116	1	Stimulus/S  1	1	32105116	32105124	22	4	50	pips_l400_r40_500-8000.hdf5	left	right
3211.5569	1	Stimulus/S  1	1	32115569	32115577	22	5	30	pips_l400_r40_500-8000.hdf5	left	right
3212.6022	1	Stimulus/S  1	1	32126022	32126030	23	0	20	pips_l400_r40_500-8000.hdf5	left	right
3213.6583	1	Stimulus/S  1	1	32136583	32136591	23	1	40	pips_l400_r40_500-8000.hdf5	left	right
3214.7249	1	Stimulus/S  1	1	32147249	32147257	23	2	60	pips_l400_r40_500-8000.hdf5	left	right
3215.7916	1	Stimulus/S  1	1	32157916	32157924	23	3	70	pips_l400_r40_500-8000.hdf5	left	right
3216.8583	1	Stimulus/S  1	1	32168583	32168591	23	4	50	pips_l400_r40_500-8000.hdf5	left	right
3217.9036	1	Stimulus/S  1	1	32179036	32179044	23	5	30	pips_l400_r40_500-8000.hdf5	left	right
3218.9596	1	Stimulus/S  1	1	32189596	32189604	24	0	20	pips_l400_r40_500-8000.hdf5	left	right
3220.0263	1	Stimulus/S  1	1	32200263	32200271	24	1	40	pips_l400_r40_500-8000.hdf5	left	right
3221.093	1	Stimulus/S  1	1	32210930	32210938	24	2	60	pips_l400_r40_500-8000.hdf5	left	right
3222.1383	1	Stimulus/S  1	1	32221383	32221391	24	3	70	pips_l400_r40_500-8000.hdf5	left	right
3223.1943	1	Stimulus/S  1	1	32231943	32231951	24	4	50	pips_l400_r40_500-8000.hdf5	left	right
3224.2397	1	Stimulus/S  1	1	32242397	32242405	24	5	30	pips_l400_r40_500-8000.hdf5	left	right
3225.3064	1	Stimulus/S  1	1	32253064	32253072	25	0	20	pips_l400_r40_500-8000.hdf5	left	right
3226.373	1	Stimulus/S  1	1	32263730	32263738	25	1	40	pips_l400_r40_500-8000.hdf5	left	right
3227.4397	1	Stimulus/S  1	1	32274397	32274405	25	2	60	pips_l400_r40_500-8000.hdf5	left	right
3228.4851	1	Stimulus/S  1	1	32284851	32284859	25	3	70	pips_l400_r40_500-8000.hdf5	left	right
3229.5411	1	Stimulus/S  1	1	32295411	32295419	25	4	50	pips_l400_r40_500-8000.hdf5	left	right
3230.5864	1	Stimulus/S  1	1	32305864	32305872	25	5	30	pips_l400_r40_500-8000.hdf5	left	right
3231.6531	1	Stimulus/S  1	1	32316531	32316539	26	0	20	pips_l400_r40_500-8000.hdf5	left	right
3232.7091	1	Stimulus/S  1	1	32327091	32327099	26	1	40	pips_l400_r40_500-8000.hdf5	left	right
3233.7544	1	Stimulus/S  1	1	32337544	32337552	26	2	60	pips_l400_r40_500-8000.hdf5	left	right
3234.8211	1	Stimulus/S  1	1	32348211	32348219	26	3	70	pips_l400_r40_500-8000.hdf5	left	right
3235.8771	1	Stimulus/S  1	1	32358771	32358779	26	4	50	pips_l400_r40_500-8000.hdf5	left	right
3236.9225	1	Stimulus/S  1	1	32369225	32369233	26	5	30	pips_l400_r40_500-8000.hdf5	left	right
3237.9678	1	Stimulus/S  1	1	32379678	32379686	27	0	20	pips_l400_r40_500-8000.hdf5	left	right
3239.0345	1	Stimulus/S  1	1	32390345	32390353	27	1	40	pips_l400_r40_500-8000.hdf5	left	right
3240.0905	1	Stimulus/S  1	1	32400905	32400913	27	2	60	pips_l400_r40_500-8000.hdf5	left	right
3241.1359	1	Stimulus/S  1	1	32411359	32411367	27	3	70	pips_l400_r40_500-8000.hdf5	left	right
3242.2025	1	Stimulus/S  1	1	32422025	32422033	27	4	50	pips_l400_r40_500-8000.hdf5	left	right
3243.2585	1	Stimulus/S  1	1	32432585	32432593	27	5	30	pips_l400_r40_500-8000.hdf5	left	right
3244.3252	1	Stimulus/S  1	1	32443252	32443260	28	0	20	pips_l400_r40_500-8000.hdf5	left	right
3245.3706	1	Stimulus/S  1	1	32453706	32453714	28	1	40	pips_l400_r40_500-8000.hdf5	left	right
3246.4266	1	Stimulus/S  1	1	32464266	32464274	28	2	60	pips_l400_r40_500-8000.hdf5	left	right
3247.4932	1	Stimulus/S  1	1	32474932	32474940	28	3	70	pips_l400_r40_500-8000.hdf5	left	right
3248.5599	1	Stimulus/S  1	1	32485599	32485607	28	4	50	pips_l400_r40_500-8000.hdf5	left	right
3249.6266	1	Stimulus/S  1	1	32496266	32496274	28	5	30	pips_l400_r40_500-8000.hdf5	left	right
3250.6719	1	Stimulus/S  1	1	32506719	32506727	29	0	20	pips_l400_r40_500-8000.hdf5	left	right
3251.728	1	Stimulus/S  1	1	32517280	32517288	29	1	40	pips_l400_r40_500-8000.hdf5	left	right
3252.7946	1	Stimulus/S  1	1	32527946	32527954	29	2	60	pips_l400_r40_500-8000.hdf5	left	right
3253.8613	1	Stimulus/S  1	1	32538613	32538621	29	3	70	pips_l400_r40_500-8000.hdf5	left	right
3254.928	1	Stimulus/S  1	1	32549280	32549288	29	4	50	pips_l400_r40_500-8000.hdf5	left	right
3255.9733	1	Stimulus/S  1	1	32559733	32559741	29	5	30	pips_l400_r40_500-8000.hdf5	left	right
3257.0187	1	Stimulus/S  1	1	32570187	32570195	30	0	20	pips_l400_r40_500-8000.hdf5	left	right
3258.0854	1	Stimulus/S  1	1	32580854	32580862	30	1	40	pips_l400_r40_500-8000.hdf5	left	right
3259.1414	1	Stimulus/S  1	1	32591414	32591422	30	2	60	pips_l400_r40_500-8000.hdf5	left	right
3260.1867	1	Stimulus/S  1	1	32601867	32601875	30	3	70	pips_l400_r40_500-8000.hdf5	left	right
3261.2427	1	Stimulus/S  1	1	32612427	32612435	30	4	50	pips_l400_r40_500-8000.hdf5	left	right
3262.2881	1	Stimulus/S  1	1	32622881	32622889	30	5	30	pips_l400_r40_500-8000.hdf5	left	right
3263.3547	1	Stimulus/S  1	1	32633547	32633555	31	0	20	pips_l400_r40_500-8000.hdf5	left	right
3264.4107	1	Stimulus/S  1	1	32644107	32644115	31	1	40	pips_l400_r40_500-8000.hdf5	left	right
3265.4561	1	Stimulus/S  1	1	32654561	32654569	31	2	60	pips_l400_r40_500-8000.hdf5	left	right
3266.5121	1	Stimulus/S  1	1	32665121	32665129	31	3	70	pips_l400_r40_500-8000.hdf5	left	right
3267.5574	1	Stimulus/S  1	1	32675574	32675582	31	4	50	pips_l400_r40_500-8000.hdf5	left	right
3268.6241	1	Stimulus/S  1	1	32686241	32686249	31	5	30	pips_l400_r40_500-8000.hdf5	left	right
3269.6908	1	Stimulus/S  1	1	32696908	32696916	32	0	20	pips_l400_r40_500-8000.hdf5	left	right
3270.7575	1	Stimulus/S  1	1	32707575	32707583	32	1	40	pips_l400_r40_500-8000.hdf5	left	right
3271.8028	1	Stimulus/S  1	1	32718028	32718036	32	2	60	pips_l400_r40_500-8000.hdf5	left	right
3272.8695	1	Stimulus/S  1	1	32728695	32728703	32	3	70	pips_l400_r40_500-8000.hdf5	left	right
3273.9255	1	Stimulus/S  1	1	32739255	32739263	32	4	50	pips_l400_r40_500-8000.hdf5	left	right
3274.9708	1	Stimulus/S  1	1	32749708	32749716	32	5	30	pips_l400_r40_500-8000.hdf5	left	right
3276.0375	1	Stimulus/S  1	1	32760375	32760383	33	0	20	pips_l400_r40_500-8000.hdf5	left	right
3277.0935	1	Stimulus/S  1	1	32770935	32770943	33	1	40	pips_l400_r40_500-8000.hdf5	left	right
3278.1389	1	Stimulus/S  1	1	32781389	32781397	33	2	60	pips_l400_r40_500-8000.hdf5	left	right
3279.2056	1	Stimulus/S  1	1	32792056	32792064	33	3	70	pips_l400_r40_500-8000.hdf5	left	right
3280.2722	1	Stimulus/S  1	1	32802722	32802730	33	4	50	pips_l400_r40_500-8000.hdf5	left	right
3281.3282	1	Stimulus/S  1	1	32813282	32813290	33	5	30	pips_l400_r40_500-8000.hdf5	left	right
3282.3736	1	Stimulus/S  1	1	32823736	32823744	34	0	20	pips_l400_r40_500-8000.hdf5	left	right
3283.4189	1	Stimulus/S  1	1	32834189	32834197	34	1	40	pips_l400_r40_500-8000.hdf5	left	right
3284.4856	1	Stimulus/S  1	1	32844856	32844864	34	2	60	pips_l400_r40_500-8000.hdf5	left	right
3285.5523	1	Stimulus/S  1	1	32855523	32855531	34	3	70	pips_l400_r40_500-8000.hdf5	left	right
3286.619	1	Stimulus/S  1	1	32866190	32866198	34	4	50	pips_l400_r40_500-8000.hdf5	left	right
3287.675	1	Stimulus/S  1	1	32876750	32876758	34	5	30	pips_l400_r40_500-8000.hdf5	left	right
3288.7203	1	Stimulus/S  1	1	32887203	32887211	35	0	20	pips_l400_r40_500-8000.hdf5	left	right
3289.787	1	Stimulus/S  1	1	32897870	32897878	35	1	40	pips_l400_r40_500-8000.hdf5	left	right
3290.843	1	Stimulus/S  1	1	32908430	32908438	35	2	60	pips_l400_r40_500-8000.hdf5	left	right
3291.8883	1	Stimulus/S  1	1	32918883	32918891	35	3	70	pips_l400_r40_500-8000.hdf5	left	right
3292.9444	1	Stimulus/S  1	1	32929444	32929452	35	4	50	pips_l400_r40_500-8000.hdf5	left	right
3294.011	1	Stimulus/S  1	1	32940110	32940118	35	5	30	pips_l400_r40_500-8000.hdf5	left	right
3295.0777	1	Stimulus/S  1	1	32950777	32950785	36	0	20	pips_l400_r40_500-8000.hdf5	left	right
3296.1444	1	Stimulus/S  1	1	32961444	32961452	36	1	40	pips_l400_r40_500-8000.hdf5	left	right
3297.2111	1	Stimulus/S  1	1	32972111	32972119	36	2	60	pips_l400_r40_500-8000.hdf5	left	right
3298.2564	1	Stimulus/S  1	1	32982564	32982572	36	3	70	pips_l400_r40_500-8000.hdf5	left	right
3299.3018	1	Stimulus/S  1	1	32993018	32993026	36	4	50	pips_l400_r40_500-8000.hdf5	left	right
3300.3791	1	Stimulus/S  1	1	33003791	33003799	36	5	30	pips_l400_r40_500-8000.hdf5	left	right
3301.4244	1	Stimulus/S  1	1	33014244	33014252	37	0	20	pips_l400_r40_500-8000.hdf5	left	right
3302.4698	1	Stimulus/S  1	1	33024698	33024706	37	1	40	pips_l400_r40_500-8000.hdf5	left	right
3303.5258	1	Stimulus/S  1	1	33035258	33035266	37	2	60	pips_l400_r40_500-8000.hdf5	left	right
3304.5925	1	Stimulus/S  1	1	33045925	33045933	37	3	70	pips_l400_r40_500-8000.hdf5	left	right
3305.6378	1	Stimulus/S  1	1	33056378	33056386	37	4	50	pips_l400_r40_500-8000.hdf5	left	right
3306.6938	1	Stimulus/S  1	1	33066938	33066946	37	5	30	pips_l400_r40_500-8000.hdf5	left	right
3307.7605	1	Stimulus/S  1	1	33077605	33077613	38	0	20	pips_l400_r40_500-8000.hdf5	left	right
3308.8058	1	Stimulus/S  1	1	33088058	33088066	38	1	40	pips_l400_r40_500-8000.hdf5	left	right
3309.8619	1	Stimulus/S  1	1	33098619	33098627	38	2	60	pips_l400_r40_500-8000.hdf5	left	right
3310.9072	1	Stimulus/S  1	1	33109072	33109080	38	3	70	pips_l400_r40_500-8000.hdf5	left	right
3311.9739	1	Stimulus/S  1	1	33119739	33119747	38	4	50	pips_l400_r40_500-8000.hdf5	left	right
3313.0406	1	Stimulus/S  1	1	33130406	33130414	38	5	30	pips_l400_r40_500-8000.hdf5	left	right
3314.0966	1	Stimulus/S  1	1	33140966	33140974	39	0	20	pips_l400_r40_500-8000.hdf5	left	right
3315.1419	1	Stimulus/S  1	1	33151419	33151427	39	1	40	pips_l400_r40_500-8000.hdf5	left	right
3316.2086	1	Stimulus/S  1	1	33162086	33162094	39	2	60	pips_l400_r40_500-8000.hdf5	left	right
3317.2753	1	Stimulus/S  1	1	33172753	33172761	39	3	70	pips_l400_r40_500-8000.hdf5	left	right
3318.3206	1	Stimulus/S  1	1	33183206	33183214	39	4	50	pips_l400_r40_500-8000.hdf5	left	right
3319.3766	1	Stimulus/S  1	1	33193766	33193774	39	5	30	pips_l400_r40_500-8000.hdf5	left	right
3320.422	1	Stimulus/S  1	1	33204220	33204228	40	0	20	pips_l400_r40_500-8000.hdf5	left	right
3321.478	1	Stimulus/S  1	1	33214780	33214788	40	1	40	pips_l400_r40_500-8000.hdf5	left	right
3322.5233	1	Stimulus/S  1	1	33225233	33225241	40	2	60	pips_l400_r40_500-8000.hdf5	left	right
3323.5687	1	Stimulus/S  1	1	33235687	33235695	40	3	70	pips_l400_r40_500-8000.hdf5	left	right
3324.646	1	Stimulus/S  1	1	33246460	33246468	40	4	50	pips_l400_r40_500-8000.hdf5	left	right
3325.6913	1	Stimulus/S  1	1	33256913	33256921	40	5	30	pips_l400_r40_500-8000.hdf5	left	right
3326.7367	1	Stimulus/S  1	1	33267367	33267375	41	0	20	pips_l400_r40_500-8000.hdf5	left	right
3327.7927	1	Stimulus/S  1	1	33277927	33277935	41	1	40	pips_l400_r40_500-8000.hdf5	left	right
3328.8594	1	Stimulus/S  1	1	33288594	33288602	41	2	60	pips_l400_r40_500-8000.hdf5	left	right
3329.926	1	Stimulus/S  1	1	33299260	33299268	41	3	70	pips_l400_r40_500-8000.hdf5	left	right
3330.9927	1	Stimulus/S  1	1	33309927	33309935	41	4	50	pips_l400_r40_500-8000.hdf5	left	right
3332.0594	1	Stimulus/S  1	1	33320594	33320602	41	5	30	pips_l400_r40_500-8000.hdf5	left	right
3333.1047	1	Stimulus/S  1	1	33331047	33331055	42	0	20	pips_l400_r40_500-8000.hdf5	left	right
3334.1608	1	Stimulus/S  1	1	33341608	33341616	42	1	40	pips_l400_r40_500-8000.hdf5	left	right
3335.2274	1	Stimulus/S  1	1	33352274	33352282	42	2	60	pips_l400_r40_500-8000.hdf5	left	right
3336.2941	1	Stimulus/S  1	1	33362941	33362949	42	3	70	pips_l400_r40_500-8000.hdf5	left	right
3337.3395	1	Stimulus/S  1	1	33373395	33373403	42	4	50	pips_l400_r40_500-8000.hdf5	left	right
3338.3955	1	Stimulus/S  1	1	33383955	33383963	42	5	30	pips_l400_r40_500-8000.hdf5	left	right
3339.4621	1	Stimulus/S  1	1	33394621	33394629	43	0	20	pips_l400_r40_500-8000.hdf5	left	right
3340.5075	1	Stimulus/S  1	1	33405075	33405083	43	1	40	pips_l400_r40_500-8000.hdf5	left	right
3341.5635	1	Stimulus/S  1	1	33415635	33415643	43	2	60	pips_l400_r40_500-8000.hdf5	left	right
3342.6088	1	Stimulus/S  1	1	33426088	33426096	43	3	70	pips_l400_r40_500-8000.hdf5	left	right
3343.6542	1	Stimulus/S  1	1	33436542	33436550	43	4	50	pips_l400_r40_500-8000.hdf5	left	right
3344.7209	1	Stimulus/S  1	1	33447209	33447217	43	5	30	pips_l400_r40_500-8000.hdf5	left	right
3345.7875	1	Stimulus/S  1	1	33457875	33457883	44	0	20	pips_l400_r40_500-8000.hdf5	left	right
3346.8435	1	Stimulus/S  1	1	33468435	33468443	44	1	40	pips_l400_r40_500-8000.hdf5	left	right
3347.8889	1	Stimulus/S  1	1	33478889	33478897	44	2	60	pips_l400_r40_500-8000.hdf5	left	right
3348.9556	1	Stimulus/S  1	1	33489556	33489564	44	3	70	pips_l400_r40_500-8000.hdf5	left	right
3350.0222	1	Stimulus/S  1	1	33500222	33500230	44	4	50	pips_l400_r40_500-8000.hdf5	left	right
3351.0889	1	Stimulus/S  1	1	33510889	33510897	44	5	30	pips_l400_r40_500-8000.hdf5	left	right
3352.1556	1	Stimulus/S  1	1	33521556	33521564	45	0	20	pips_l400_r40_500-8000.hdf5	left	right
3353.2116	1	Stimulus/S  1	1	33532116	33532124	45	1	40	pips_l400_r40_500-8000.hdf5	left	right
3354.257	1	Stimulus/S  1	1	33542570	33542578	45	2	60	pips_l400_r40_500-8000.hdf5	left	right
3355.313	1	Stimulus/S  1	1	33553130	33553138	45	3	70	pips_l400_r40_500-8000.hdf5	left	right
3356.3583	1	Stimulus/S  1	1	33563583	33563591	45	4	50	pips_l400_r40_500-8000.hdf5	left	right
3357.425	1	Stimulus/S  1	1	33574250	33574258	45	5	30	pips_l400_r40_500-8000.hdf5	left	right
3358.4917	1	Stimulus/S  1	1	33584917	33584925	46	0	20	pips_l400_r40_500-8000.hdf5	left	right
3359.5583	1	Stimulus/S  1	1	33595583	33595591	46	1	40	pips_l400_r40_500-8000.hdf5	left	right
3360.6037	1	Stimulus/S  1	1	33606037	33606045	46	2	60	pips_l400_r40_500-8000.hdf5	left	right
3361.6597	1	Stimulus/S  1	1	33616597	33616605	46	3	70	pips_l400_r40_500-8000.hdf5	left	right
3362.7264	1	Stimulus/S  1	1	33627264	33627272	46	4	50	pips_l400_r40_500-8000.hdf5	left	right
3363.793	1	Stimulus/S  1	1	33637930	33637938	46	5	30	pips_l400_r40_500-8000.hdf5	left	right
3364.8384	1	Stimulus/S  1	1	33648384	33648392	47	0	20	pips_l400_r40_500-8000.hdf5	left	right
3365.8944	1	Stimulus/S  1	1	33658944	33658952	47	1	40	pips_l400_r40_500-8000.hdf5	left	right
3366.9611	1	Stimulus/S  1	1	33669611	33669619	47	2	60	pips_l400_r40_500-8000.hdf5	left	right
3368.0064	1	Stimulus/S  1	1	33680064	33680072	47	3	70	pips_l400_r40_500-8000.hdf5	left	right
3369.0624	1	Stimulus/S  1	1	33690624	33690632	47	4	50	pips_l400_r40_500-8000.hdf5	left	right
3370.1291	1	Stimulus/S  1	1	33701291	33701299	47	5	30	pips_l400_r40_500-8000.hdf5	left	right
3371.1958	1	Stimulus/S  1	1	33711958	33711966	48	0	20	pips_l400_r40_500-8000.hdf5	left	right
3372.2625	1	Stimulus/S  1	1	33722625	33722633	48	1	40	pips_l400_r40_500-8000.hdf5	left	right
3373.3078	1	Stimulus/S  1	1	33733078	33733086	48	2	60	pips_l400_r40_500-8000.hdf5	left	right
3374.3638	1	Stimulus/S  1	1	33743638	33743646	48	3	70	pips_l400_r40_500-8000.hdf5	left	right
3375.4305	1	Stimulus/S  1	1	33754305	33754313	48	4	50	pips_l400_r40_500-8000.hdf5	left	right
3376.4758	1	Stimulus/S  1	1	33764758	33764766	48	5	30	pips_l400_r40_500-8000.hdf5	left	right
3377.5212	1	Stimulus/S  1	1	33775212	33775220	49	0	20	pips_l400_r40_500-8000.hdf5	left	right
3378.5879	1	Stimulus/S  1	1	33785879	33785887	49	1	40	pips_l400_r40_500-8000.hdf5	left	right
3379.6545	1	Stimulus/S  1	1	33796545	33796553	49	2	60	pips_l400_r40_500-8000.hdf5	left	right
3380.7105	1	Stimulus/S  1	1	33807105	33807113	49	3	70	pips_l400_r40_500-8000.hdf5	left	right
3381.7559	1	Stimulus/S  1	1	33817559	33817567	49	4	50	pips_l400_r40_500-8000.hdf5	left	right
3382.8226	1	Stimulus/S  1	1	33828226	33828234	49	5	30	pips_l400_r40_500-8000.hdf5	left	right
3383.8892	1	Stimulus/S  1	1	33838892	33838900	50	0	20	pips_l400_r40_500-8000.hdf5	left	right
3384.9453	1	Stimulus/S  1	1	33849453	33849461	50	1	40	pips_l400_r40_500-8000.hdf5	left	right
3385.9906	1	Stimulus/S  1	1	33859906	33859914	50	2	60	pips_l400_r40_500-8000.hdf5	left	right
3387.0573	1	Stimulus/S  1	1	33870573	33870581	50	3	70	pips_l400_r40_500-8000.hdf5	left	right
3388.1133	1	Stimulus/S  1	1	33881133	33881141	50	4	50	pips_l400_r40_500-8000.hdf5	left	right
3389.1586	1	Stimulus/S  1	1	33891586	33891594	50	5	30	pips_l400_r40_500-8000.hdf5	left	right
3390.2253	1	Stimulus/S  1	1	33902253	33902261	51	0	20	pips_l400_r40_500-8000.hdf5	left	right
3391.2706	1	Stimulus/S  1	1	33912706	33912714	51	1	40	pips_l400_r40_500-8000.hdf5	left	right
3392.3267	1	Stimulus/S  1	1	33923267	33923275	51	2	60	pips_l400_r40_500-8000.hdf5	left	right
3393.372	1	Stimulus/S  1	1	33933720	33933728	51	3	70	pips_l400_r40_500-8000.hdf5	left	right
3394.4387	1	Stimulus/S  1	1	33944387	33944395	51	4	50	pips_l400_r40_500-8000.hdf5	left	right
3395.4947	1	Stimulus/S  1	1	33954947	33954955	51	5	30	pips_l400_r40_500-8000.hdf5	left	right
3396.54	1	Stimulus/S  1	1	33965400	33965408	52	0	20	pips_l400_r40_500-8000.hdf5	left	right
3397.6067	1	Stimulus/S  1	1	33976067	33976075	52	1	40	pips_l400_r40_500-8000.hdf5	left	right
3398.6734	1	Stimulus/S  1	1	33986734	33986742	52	2	60	pips_l400_r40_500-8000.hdf5	left	right
3399.7294	1	Stimulus/S  1	1	33997294	33997302	52	3	70	pips_l400_r40_500-8000.hdf5	left	right
3400.7747	1	Stimulus/S  1	1	34007747	34007755	52	4	50	pips_l400_r40_500-8000.hdf5	left	right
3401.8201	1	Stimulus/S  1	1	34018201	34018209	52	5	30	pips_l400_r40_500-8000.hdf5	left	right
3402.8974	1	Stimulus/S  1	1	34028974	34028982	53	0	20	pips_l400_r40_500-8000.hdf5	left	right
3403.9428	1	Stimulus/S  1	1	34039428	34039436	53	1	40	pips_l400_r40_500-8000.hdf5	left	right
3404.9881	1	Stimulus/S  1	1	34049881	34049889	53	2	60	pips_l400_r40_500-8000.hdf5	left	right
3406.0441	1	Stimulus/S  1	1	34060441	34060449	53	3	70	pips_l400_r40_500-8000.hdf5	left	right
3407.1108	1	Stimulus/S  1	1	34071108	34071116	53	4	50	pips_l400_r40_500-8000.hdf5	left	right
3408.1775	1	Stimulus/S  1	1	34081775	34081783	53	5	30	pips_l400_r40_500-8000.hdf5	left	right
3409.2228	1	Stimulus/S  1	1	34092228	34092236	54	0	20	pips_l400_r40_500-8000.hdf5	left	right
3410.2788	1	Stimulus/S  1	1	34102788	34102796	54	1	40	pips_l400_r40_500-8000.hdf5	left	right
3411.3455	1	Stimulus/S  1	1	34113455	34113463	54	2	60	pips_l400_r40_500-8000.hdf5	left	right
3412.4122	1	Stimulus/S  1	1	34124122	34124130	54	3	70	pips_l400_r40_500-8000.hdf5	left	right
3413.4575	1	Stimulus/S  1	1	34134575	34134583	54	4	50	pips_l400_r40_500-8000.hdf5	left	right
3414.5135	1	Stimulus/S  1	1	34145135	34145143	54	5	30	pips_l400_r40_500-8000.hdf5	left	right
3415.5802	1	Stimulus/S  1	1	34155802	34155810	55	0	20	pips_l400_r40_500-8000.hdf5	left	right
3416.6256	1	Stimulus/S  1	1	34166256	34166264	55	1	40	pips_l400_r40_500-8000.hdf5	left	right
3417.6709	1	Stimulus/S  1	1	34176709	34176717	55	2	60	pips_l400_r40_500-8000.hdf5	left	right
3418.7376	1	Stimulus/S  1	1	34187376	34187384	55	3	70	pips_l400_r40_500-8000.hdf5	left	right
3419.8043	1	Stimulus/S  1	1	34198043	34198051	55	4	50	pips_l400_r40_500-8000.hdf5	left	right
3420.8709	1	Stimulus/S  1	1	34208709	34208717	55	5	30	pips_l400_r40_500-8000.hdf5	left	right
3421.9269	1	Stimulus/S  1	1	34219269	34219277	56	0	20	pips_l400_r40_500-8000.hdf5	left	right
3422.9723	1	Stimulus/S  1	1	34229723	34229731	56	1	40	pips_l400_r40_500-8000.hdf5	left	right
3424.039	1	Stimulus/S  1	1	34240390	34240398	56	2	60	pips_l400_r40_500-8000.hdf5	left	right
3425.1056	1	Stimulus/S  1	1	34251056	34251064	56	3	70	pips_l400_r40_500-8000.hdf5	left	right
3426.1723	1	Stimulus/S  1	1	34261723	34261731	56	4	50	pips_l400_r40_500-8000.hdf5	left	right
3427.2283	1	Stimulus/S  1	1	34272283	34272291	56	5	30	pips_l400_r40_500-8000.hdf5	left	right
3428.2737	1	Stimulus/S  1	1	34282737	34282745	57	0	20	pips_l400_r40_500-8000.hdf5	left	right
3429.3404	1	Stimulus/S  1	1	34293404	34293412	57	1	40	pips_l400_r40_500-8000.hdf5	left	right
3430.3964	1	Stimulus/S  1	1	34303964	34303972	57	2	60	pips_l400_r40_500-8000.hdf5	left	right
3431.4417	1	Stimulus/S  1	1	34314417	34314425	57	3	70	pips_l400_r40_500-8000.hdf5	left	right
3432.5084	1	Stimulus/S  1	1	34325084	34325092	57	4	50	pips_l400_r40_500-8000.hdf5	left	right
3433.5751	1	Stimulus/S  1	1	34335751	34335759	57	5	30	pips_l400_r40_500-8000.hdf5	left	right
3434.6417	1	Stimulus/S  1	1	34346417	34346425	58	0	20	pips_l400_r40_500-8000.hdf5	left	right
3435.6977	1	Stimulus/S  1	1	34356977	34356985	58	1	40	pips_l400_r40_500-8000.hdf5	left	right
3436.7431	1	Stimulus/S  1	1	34367431	34367439	58	2	60	pips_l400_r40_500-8000.hdf5	left	right
3437.7884	1	Stimulus/S  1	1	34377884	34377892	58	3	70	pips_l400_r40_500-8000.hdf5	left	right
3438.8551	1	Stimulus/S  1	1	34388551	34388559	58	4	50	pips_l400_r40_500-8000.hdf5	left	right
3439.9218	1	Stimulus/S  1	1	34399218	34399226	58	5	30	pips_l400_r40_500-8000.hdf5	left	right
3440.9778	1	Stimulus/S  1	1	34409778	34409786	59	0	20	pips_l400_r40_500-8000.hdf5	left	right
3442.0445	1	Stimulus/S  1	1	34420445	34420453	59	1	40	pips_l400_r40_500-8000.hdf5	left	right
3443.0898	1	Stimulus/S  1	1	34430898	34430906	59	2	60	pips_l400_r40_500-8000.hdf5	left	right
3444.1458	1	Stimulus/S  1	1	34441458	34441466	59	3	70	pips_l400_r40_500-8000.hdf5	left	right
3445.1912	1	Stimulus/S  1	1	34451912	34451920	59	4	50	pips_l400_r40_500-8000.hdf5	left	right
3446.2472	1	Stimulus/S  1	1	34462472	34462480	59	5	30	pips_l400_r40_500-8000.hdf5	left	right
3447.2925	1	Stimulus/S  1	1	34472925	34472933	60	0	20	pips_l400_r40_500-8000.hdf5	left	right
3448.3379	1	Stimulus/S  1	1	34483379	34483387	60	1	40	pips_l400_r40_500-8000.hdf5	left	right
3449.3939	1	Stimulus/S  1	1	34493939	34493947	60	2	60	pips_l400_r40_500-8000.hdf5	left	right
3450.4392	1	Stimulus/S  1	1	34504392	34504400	60	3	70	pips_l400_r40_500-8000.hdf5	left	right
3451.4952	1	Stimulus/S  1	1	34514952	34514960	60	4	50	pips_l400_r40_500-8000.hdf5	left	right
3452.5619	1	Stimulus/S  1	1	34525619	34525627	60	5	30	pips_l400_r40_500-8000.hdf5	left	right
3453.6286	1	Stimulus/S  1	1	34536286	34536294	61	0	20	pips_l400_r40_500-8000.hdf5	left	right
3454.6739	1	Stimulus/S  1	1	34546739	34546747	61	1	40	pips_l400_r40_500-8000.hdf5	left	right
3455.7299	1	Stimulus/S  1	1	34557299	34557307	61	2	60	pips_l400_r40_500-8000.hdf5	left	right
3456.7966	1	Stimulus/S  1	1	34567966	34567974	61	3	70	pips_l400_r40_500-8000.hdf5	left	right
3457.842	1	Stimulus/S  1	1	34578420	34578428	61	4	50	pips_l400_r40_500-8000.hdf5	left	right
3458.9086	1	Stimulus/S  1	1	34589086	34589094	61	5	30	pips_l400_r40_500-8000.hdf5	left	right
3459.9646	1	Stimulus/S  1	1	34599646	34599654	62	0	20	pips_l400_r40_500-8000.hdf5	left	right
3461.01	1	Stimulus/S  1	1	34610100	34610108	62	1	40	pips_l400_r40_500-8000.hdf5	left	right
3462.0553	1	Stimulus/S  1	1	34620553	34620561	62	2	60	pips_l400_r40_500-8000.hdf5	left	right
3463.122	1	Stimulus/S  1	1	34631220	34631228	62	3	70	pips_l400_r40_500-8000.hdf5	left	right
3464.1887	1	Stimulus/S  1	1	34641887	34641895	62	4	50	pips_l400_r40_500-8000.hdf5	left	right
3465.2554	1	Stimulus/S  1	1	34652554	34652562	62	5	30	pips_l400_r40_500-8000.hdf5	left	right
3466.322	1	Stimulus/S  1	1	34663220	34663228	63	0	20	pips_l400_r40_500-8000.hdf5	left	right
3467.3887	1	Stimulus/S  1	1	34673887	34673895	63	1	40	pips_l400_r40_500-8000.hdf5	left	right
3468.4447	1	Stimulus/S  1	1	34684447	34684455	63	2	60	pips_l400_r40_500-8000.hdf5	left	right
3469.4901	1	Stimulus/S  1	1	34694901	34694909	63	3	70	pips_l400_r40_500-8000.hdf5	left	right
3470.5461	1	Stimulus/S  1	1	34705461	34705469	63	4	50	pips_l400_r40_500-8000.hdf5	left	right
3471.6128	1	Stimulus/S  1	1	34716128	34716136	63	5	30	pips_l400_r40_500-8000.hdf5	left	right
3472.6794	1	Stimulus/S  1	1	34726794	34726802	64	0	20	pips_l400_r40_500-8000.hdf5	left	right
3473.7248	1	Stimulus/S  1	1	34737248	34737256	64	1	40	pips_l400_r40_500-8000.hdf5	left	right
3474.7808	1	Stimulus/S  1	1	34747808	34747816	64	2	60	pips_l400_r40_500-8000.hdf5	left	right
3475.8261	1	Stimulus/S  1	1	34758261	34758269	64	3	70	pips_l400_r40_500-8000.hdf5	left	right
3476.8715	1	Stimulus/S  1	1	34768715	34768723	64	4	50	pips_l400_r40_500-8000.hdf5	left	right
3477.9488	1	Stimulus/S  1	1	34779488	34779496	64	5	30	pips_l400_r40_500-8000.hdf5	left	right
3478.9942	1	Stimulus/S  1	1	34789942	34789950	65	0	20	pips_l400_r40_500-8000.hdf5	left	right
3480.0395	1	Stimulus/S  1	1	34800395	34800403	65	1	40	pips_l400_r40_500-8000.hdf5	left	right
3481.0955	1	Stimulus/S  1	1	34810955	34810963	65	2	60	pips_l400_r40_500-8000.hdf5	left	right
3482.1622	1	Stimulus/S  1	1	34821622	34821630	65	3	70	pips_l400_r40_500-8000.hdf5	left	right
3483.2289	1	Stimulus/S  1	1	34832289	34832297	65	4	50	pips_l400_r40_500-8000.hdf5	left	right
3484.2956	1	Stimulus/S  1	1	34842956	34842964	65	5	30	pips_l400_r40_500-8000.hdf5	left	right
3485.3409	1	Stimulus/S  1	1	34853409	34853417	66	0	20	pips_l400_r40_500-8000.hdf5	left	right
3486.3969	1	Stimulus/S  1	1	34863969	34863977	66	1	40	pips_l400_r40_500-8000.hdf5	left	right
3487.4636	1	Stimulus/S  1	1	34874636	34874644	66	2	60	pips_l400_r40_500-8000.hdf5	left	right
3488.5303	1	Stimulus/S  1	1	34885303	34885311	66	3	70	pips_l400_r40_500-8000.hdf5	left	right
3489.5969	1	Stimulus/S  1	1	34895969	34895977	66	4	50	pips_l400_r40_500-8000.hdf5	left	right
3490.6423	1	Stimulus/S  1	1	34906423	34906431	66	5	30	pips_l400_r40_500-8000.hdf5	left	right
3491.6983	1	Stimulus/S  1	1	34916983	34916991	67	0	20	pips_l400_r40_500-8000.hdf5	left	right
3492.7436	1	Stimulus/S  1	1	34927436	34927444	67	1	40	pips_l400_r40_500-8000.hdf5	left	right
3493.789	1	Stimulus/S  1	1	34937890	34937898	67	2	60	pips_l400_r40_500-8000.hdf5	left	right
3494.845	1	Stimulus/S  1	1	34948450	34948458	67	3	70	pips_l400_r40_500-8000.hdf5	left	right
3495.8903	1	Stimulus/S  1	1	34958903	34958911	67	4	50	pips_l400_r40_500-8000.hdf5	left	right
3496.957	1	Stimulus/S  1	1	34969570	34969578	67	5	30	pips_l400_r40_500-8000.hdf5	left	right
3498.013	1	Stimulus/S  1	1	34980130	34980138	68	0	20	pips_l400_r40_500-8000.hdf5	left	right
3499.0797	1	Stimulus/S  1	1	34990797	34990805	68	1	40	pips_l400_r40_500-8000.hdf5	left	right
3500.125	1	Stimulus/S  1	1	35001250	35001258	68	2	60	pips_l400_r40_500-8000.hdf5	left	right
3501.1811	1	Stimulus/S  1	1	35011811	35011819	68	3	70	pips_l400_r40_500-8000.hdf5	left	right
3502.2264	1	Stimulus/S  1	1	35022264	35022272	68	4	50	pips_l400_r40_500-8000.hdf5	left	right
3503.2824	1	Stimulus/S  1	1	35032824	35032832	68	5	30	pips_l400_r40_500-8000.hdf5	left	right
3504.3277	1	Stimulus/S  1	1	35043277	35043285	69	0	20	pips_l400_r40_500-8000.hdf5	left	right
3505.3731	1	Stimulus/S  1	1	35053731	35053739	69	1	40	pips_l400_r40_500-8000.hdf5	left	right
3506.4398	1	Stimulus/S  1	1	35064398	35064406	69	2	60	pips_l400_r40_500-8000.hdf5	left	right
3507.4958	1	Stimulus/S  1	1	35074958	35074966	69	3	70	pips_l400_r40_500-8000.hdf5	left	right
3508.5411	1	Stimulus/S  1	1	35085411	35085419	69	4	50	pips_l400_r40_500-8000.hdf5	left	right
3509.6078	1	Stimulus/S  1	1	35096078	35096086	69	5	30	pips_l400_r40_500-8000.hdf5	left	right
3510.6745	1	Stimulus/S  1	1	35106745	35106753	70	0	20	pips_l400_r40_500-8000.hdf5	left	right
3511.7412	1	Stimulus/S  1	1	35117412	35117420	70	1	40	pips_l400_r40_500-8000.hdf5	left	right
3512.7972	1	Stimulus/S  1	1	35127972	35127980	70	2	60	pips_l400_r40_500-8000.hdf5	left	right
3513.8425	1	Stimulus/S  1	1	35138425	35138433	70	3	70	pips_l400_r40_500-8000.hdf5	left	right
3514.8985	1	Stimulus/S  1	1	35148985	35148993	70	4	50	pips_l400_r40_500-8000.hdf5	left	right
3515.9439	1	Stimulus/S  1	1	35159439	35159447	70	5	30	pips_l400_r40_500-8000.hdf5	left	right
3516.9892	1	Stimulus/S  1	1	35169892	35169900	71	0	20	pips_l400_r40_500-8000.hdf5	left	right
3518.0452	1	Stimulus/S  1	1	35180452	35180460	71	1	40	pips_l400_r40_500-8000.hdf5	left	right
3519.1119	1	Stimulus/S  1	1	35191119	35191127	71	2	60	pips_l400_r40_500-8000.hdf5	left	right
3520.1786	1	Stimulus/S  1	1	35201786	35201794	71	3	70	pips_l400_r40_500-8000.hdf5	left	right
3521.2239	1	Stimulus/S  1	1	35212239	35212247	71	4	50	pips_l400_r40_500-8000.hdf5	left	right
3522.2799	1	Stimulus/S  1	1	35222799	35222807	71	5	30	pips_l400_r40_500-8000.hdf5	left	right
3523.3466	1	Stimulus/S  1	1	35233466	35233474	72	0	20	pips_l400_r40_500-8000.hdf5	left	right
3524.3919	1	Stimulus/S  1	1	35243919	35243927	72	1	40	pips_l400_r40_500-8000.hdf5	left	right
3525.448	1	Stimulus/S  1	1	35254480	35254488	72	2	60	pips_l400_r40_500-8000.hdf5	left	right
3526.5146	1	Stimulus/S  1	1	35265146	35265154	72	3	70	pips_l400_r40_500-8000.hdf5	left	right
3527.5813	1	Stimulus/S  1	1	35275813	35275821	72	4	50	pips_l400_r40_500-8000.hdf5	left	right
3528.648	1	Stimulus/S  1	1	35286480	35286488	72	5	30	pips_l400_r40_500-8000.hdf5	left	right
3529.6933	1	Stimulus/S  1	1	35296933	35296941	73	0	20	pips_l400_r40_500-8000.hdf5	left	right
3530.7493	1	Stimulus/S  1	1	35307493	35307501	73	1	40	pips_l400_r40_500-8000.hdf5	left	right
3531.7947	1	Stimulus/S  1	1	35317947	35317955	73	2	60	pips_l400_r40_500-8000.hdf5	left	right
3532.8614	1	Stimulus/S  1	1	35328614	35328622	73	3	70	pips_l400_r40_500-8000.hdf5	left	right
3533.928	1	Stimulus/S  1	1	35339280	35339288	73	4	50	pips_l400_r40_500-8000.hdf5	left	right
3534.9947	1	Stimulus/S  1	1	35349947	35349955	73	5	30	pips_l400_r40_500-8000.hdf5	left	right
3536.0401	1	Stimulus/S  1	1	35360401	35360409	74	0	20	pips_l400_r40_500-8000.hdf5	left	right
3537.0961	1	Stimulus/S  1	1	35370961	35370969	74	1	40	pips_l400_r40_500-8000.hdf5	left	right
3538.1627	1	Stimulus/S  1	1	35381627	35381635	74	2	60	pips_l400_r40_500-8000.hdf5	left	right
3539.2081	1	Stimulus/S  1	1	35392081	35392089	74	3	70	pips_l400_r40_500-8000.hdf5	left	right
3540.2641	1	Stimulus/S  1	1	35402641	35402649	74	4	50	pips_l400_r40_500-8000.hdf5	left	right
3541.3308	1	Stimulus/S  1	1	35413308	35413316	74	5	30	pips_l400_r40_500-8000.hdf5	left	right
3542.3975	1	Stimulus/S  1	1	35423975	35423983	75	0	20	pips_l400_r40_500-8000.hdf5	left	right
3543.4428	1	Stimulus/S  1	1	35434428	35434436	75	1	40	pips_l400_r40_500-8000.hdf5	left	right
3544.4988	1	Stimulus/S  1	1	35444988	35444996	75	2	60	pips_l400_r40_500-8000.hdf5	left	right
3545.5655	1	Stimulus/S  1	1	35455655	35455663	75	3	70	pips_l400_r40_500-8000.hdf5	left	right
3546.6108	1	Stimulus/S  1	1	35466108	35466116	75	4	50	pips_l400_r40_500-8000.hdf5	left	right
3547.6562	1	Stimulus/S  1	1	35476562	35476570	75	5	30	pips_l400_r40_500-8000.hdf5	left	right
3548.7122	1	Stimulus/S  1	1	35487122	35487130	76	0	20	pips_l400_r40_500-8000.hdf5	left	right
3549.7575	1	Stimulus/S  1	1	35497575	35497583	76	1	40	pips_l400_r40_500-8000.hdf5	left	right
3550.8135	1	Stimulus/S  1	1	35508135	35508143	76	2	60	pips_l400_r40_500-8000.hdf5	left	right
3551.8589	1	Stimulus/S  1	1	35518589	35518597	76	3	70	pips_l400_r40_500-8000.hdf5	left	right
3552.9149	1	Stimulus/S  1	1	35529149	35529157	76	4	50	pips_l400_r40_500-8000.hdf5	left	right
3553.9816	1	Stimulus/S  1	1	35539816	35539824	76	5	30	pips_l400_r40_500-8000.hdf5	left	right
3555.0482	1	Stimulus/S  1	1	35550482	35550490	77	0	20	pips_l400_r40_500-8000.hdf5	left	right
3556.1149	1	Stimulus/S  1	1	35561149	35561157	77	1	40	pips_l400_r40_500-8000.hdf5	left	right
3557.1603	1	Stimulus/S  1	1	35571603	35571611	77	2	60	pips_l400_r40_500-8000.hdf5	left	right
3558.2269	1	Stimulus/S  1	1	35582269	35582277	77	3	70	pips_l400_r40_500-8000.hdf5	left	right
3559.2936	1	Stimulus/S  1	1	35592936	35592944	77	4	50	pips_l400_r40_500-8000.hdf5	left	right
3560.3496	1	Stimulus/S  1	1	35603496	35603504	77	5	30	pips_l400_r40_500-8000.hdf5	left	right
3561.395	1	Stimulus/S  1	1	35613950	35613958	78	0	20	pips_l400_r40_500-8000.hdf5	left	right
3562.4616	1	Stimulus/S  1	1	35624616	35624624	78	1	40	pips_l400_r40_500-8000.hdf5	left	right
3563.507	1	Stimulus/S  1	1	35635070	35635078	78	2	60	pips_l400_r40_500-8000.hdf5	left	right
3564.563	1	Stimulus/S  1	1	35645630	35645638	78	3	70	pips_l400_r40_500-8000.hdf5	left	right
3565.6297	1	Stimulus/S  1	1	35656297	35656305	78	4	50	pips_l400_r40_500-8000.hdf5	left	right
3566.6964	1	Stimulus/S  1	1	35666964	35666972	78	5	30	pips_l400_r40_500-8000.hdf5	left	right
3567.7417	1	Stimulus/S  1	1	35677417	35677425	79	0	20	pips_l400_r40_500-8000.hdf5	left	right
3568.7977	1	Stimulus/S  1	1	35687977	35687985	79	1	40	pips_l400_r40_500-8000.hdf5	left	right
3569.8431	1	Stimulus/S  1	1	35698431	35698439	79	2	60	pips_l400_r40_500-8000.hdf5	left	right
3570.9097	1	Stimulus/S  1	1	35709097	35709105	79	3	70	pips_l400_r40_500-8000.hdf5	left	right
3571.9764	1	Stimulus/S  1	1	35719764	35719772	79	4	50	pips_l400_r40_500-8000.hdf5	left	right
3573.0324	1	Stimulus/S  1	1	35730324	35730332	79	5	30	pips_l400_r40_500-8000.hdf5	left	right
3574.0778	1	Stimulus/S  1	1	35740778	35740786	80	0	20	pips_l400_r40_500-8000.hdf5	left	right
3575.1444	1	Stimulus/S  1	1	35751444	35751452	80	1	40	pips_l400_r40_500-8000.hdf5	left	right
3576.2004	1	Stimulus/S  1	1	35762004	35762012	80	2	60	pips_l400_r40_500-8000.hdf5	left	right
3577.2458	1	Stimulus/S  1	1	35772458	35772466	80	3	70	pips_l400_r40_500-8000.hdf5	left	right
3578.3125	1	Stimulus/S  1	1	35783125	35783133	80	4	50	pips_l400_r40_500-8000.hdf5	left	right
3579.3791	1	Stimulus/S  1	1	35793791	35793799	80	5	30	pips_l400_r40_500-8000.hdf5	left	right
3580.4245	1	Stimulus/S  1	1	35804245	35804253	81	0	20	pips_l400_r40_500-8000.hdf5	left	right
3581.4805	1	Stimulus/S  1	1	35814805	35814813	81	1	40	pips_l400_r40_500-8000.hdf5	left	right
3582.5472	1	Stimulus/S  1	1	35825472	35825480	81	2	60	pips_l400_r40_500-8000.hdf5	left	right
3583.5925	1	Stimulus/S  1	1	35835925	35835933	81	3	70	pips_l400_r40_500-8000.hdf5	left	right
3584.6485	1	Stimulus/S  1	1	35846485	35846493	81	4	50	pips_l400_r40_500-8000.hdf5	left	right
3585.7152	1	Stimulus/S  1	1	35857152	35857160	81	5	30	pips_l400_r40_500-8000.hdf5	left	right
3586.7606	1	Stimulus/S  1	1	35867606	35867614	82	0	20	pips_l400_r40_500-8000.hdf5	left	right
3587.8166	1	Stimulus/S  1	1	35878166	35878174	82	1	40	pips_l400_r40_500-8000.hdf5	left	right
3588.8832	1	Stimulus/S  1	1	35888832	35888840	82	2	60	pips_l400_r40_500-8000.hdf5	left	right
3589.9286	1	Stimulus/S  1	1	35899286	35899294	82	3	70	pips_l400_r40_500-8000.hdf5	left	right
3590.9953	1	Stimulus/S  1	1	35909953	35909961	82	4	50	pips_l400_r40_500-8000.hdf5	left	right
3592.0406	1	Stimulus/S  1	1	35920406	35920414	82	5	30	pips_l400_r40_500-8000.hdf5	left	right
3593.0966	1	Stimulus/S  1	1	35930966	35930974	83	0	20	pips_l400_r40_500-8000.hdf5	left	right
3594.1633	1	Stimulus/S  1	1	35941633	35941641	83	1	40	pips_l400_r40_500-8000.hdf5	left	right
3595.2086	1	Stimulus/S  1	1	35952086	35952094	83	2	60	pips_l400_r40_500-8000.hdf5	left	right
3596.2646	1	Stimulus/S  1	1	35962646	35962654	83	3	70	pips_l400_r40_500-8000.hdf5	left	right
3597.3313	1	Stimulus/S  1	1	35973313	35973321	83	4	50	pips_l400_r40_500-8000.hdf5	left	right
3598.3767	1	Stimulus/S  1	1	35983767	35983775	83	5	30	pips_l400_r40_500-8000.hdf5	left	right
3599.4327	1	Stimulus/S  1	1	35994327	35994335	84	0	20	pips_l400_r40_500-8000.hdf5	left	right
3600.4994	1	Stimulus/S  1	1	36004994	36005002	84	1	40	pips_l400_r40_500-8000.hdf5	left	right
3601.566	1	Stimulus/S  1	1	36015660	36015668	84	2	60	pips_l400_r40_500-8000.hdf5	left	right
3602.6327	1	Stimulus/S  1	1	36026327	36026335	84	3	70	pips_l400_r40_500-8000.hdf5	left	right
3603.678	1	Stimulus/S  1	1	36036780	36036788	84	4	50	pips_l400_r40_500-8000.hdf5	left	right
3604.7447	1	Stimulus/S  1	1	36047447	36047455	84	5	30	pips_l400_r40_500-8000.hdf5	left	right
3605.8007	1	Stimulus/S  1	1	36058007	36058015	85	0	20	pips_l400_r40_500-8000.hdf5	left	right
3606.8461	1	Stimulus/S  1	1	36068461	36068469	85	1	40	pips_l400_r40_500-8000.hdf5	left	right
3607.8914	1	Stimulus/S  1	1	36078914	36078922	85	2	60	pips_l400_r40_500-8000.hdf5	left	right
3608.9474	1	Stimulus/S  1	1	36089474	36089482	85	3	70	pips_l400_r40_500-8000.hdf5	left	right
3609.9928	1	Stimulus/S  1	1	36099928	36099936	85	4	50	pips_l400_r40_500-8000.hdf5	left	right
3611.0595	1	Stimulus/S  1	1	36110595	36110603	85	5	30	pips_l400_r40_500-8000.hdf5	left	right
3612.1155	1	Stimulus/S  1	1	36121155	36121163	86	0	20	pips_l400_r40_500-8000.hdf5	left	right
3613.1608	1	Stimulus/S  1	1	36131608	36131616	86	1	40	pips_l400_r40_500-8000.hdf5	left	right
3614.2275	1	Stimulus/S  1	1	36142275	36142283	86	2	60	pips_l400_r40_500-8000.hdf5	left	right
3615.2835	1	Stimulus/S  1	1	36152835	36152843	86	3	70	pips_l400_r40_500-8000.hdf5	left	right
3616.3288	1	Stimulus/S  1	1	36163288	36163296	86	4	50	pips_l400_r40_500-8000.hdf5	left	right
3617.3955	1	Stimulus/S  1	1	36173955	36173963	86	5	30	pips_l400_r40_500-8000.hdf5	left	right
3618.4622	1	Stimulus/S  1	1	36184622	36184630	87	0	20	pips_l400_r40_500-8000.hdf5	left	right
3619.5075	1	Stimulus/S  1	1	36195075	36195083	87	1	40	pips_l400_r40_500-8000.hdf5	left	right
3620.5635	1	Stimulus/S  1	1	36205635	36205643	87	2	60	pips_l400_r40_500-8000.hdf5	left	right
3621.6302	1	Stimulus/S  1	1	36216302	36216310	87	3	70	pips_l400_r40_500-8000.hdf5	left	right
3622.6756	1	Stimulus/S  1	1	36226756	36226764	87	4	50	pips_l400_r40_500-8000.hdf5	left	right
3623.7316	1	Stimulus/S  1	1	36237316	36237324	87	5	30	pips_l400_r40_500-8000.hdf5	left	right
3624.7983	1	Stimulus/S  1	1	36247983	36247991	88	0	20	pips_l400_r40_500-8000.hdf5	left	right
3625.8649	1	Stimulus/S  1	1	36258649	36258657	88	1	40	pips_l400_r40_500-8000.hdf5	left	right
3626.9103	1	Stimulus/S  1	1	36269103	36269111	88	2	60	pips_l400_r40_500-8000.hdf5	left	right
3627.9663	1	Stimulus/S  1	1	36279663	36279671	88	3	70	pips_l400_r40_500-8000.hdf5	left	right
3629.033	1	Stimulus/S  1	1	36290330	36290338	88	4	50	pips_l400_r40_500-8000.hdf5	left	right
3630.0783	1	Stimulus/S  1	1	36300783	36300791	88	5	30	pips_l400_r40_500-8000.hdf5	left	right
3631.1343	1	Stimulus/S  1	1	36311343	36311351	89	0	20	pips_l400_r40_500-8000.hdf5	left	right
3632.1797	1	Stimulus/S  1	1	36321797	36321805	89	1	40	pips_l400_r40_500-8000.hdf5	left	right
3633.2463	1	Stimulus/S  1	1	36332463	36332471	89	2	60	pips_l400_r40_500-8000.hdf5	left	right
3634.313	1	Stimulus/S  1	1	36343130	36343138	89	3	70	pips_l400_r40_500-8000.hdf5	left	right
3635.3797	1	Stimulus/S  1	1	36353797	36353805	89	4	50	pips_l400_r40_500-8000.hdf5	left	right
3636.4464	1	Stimulus/S  1	1	36364464	36364472	89	5	30	pips_l400_r40_500-8000.hdf5	left	right
3637.513	1	Stimulus/S  1	1	36375130	36375138	90	0	20	pips_l400_r40_500-8000.hdf5	left	right
3638.5584	1	Stimulus/S  1	1	36385584	36385592	90	1	40	pips_l400_r40_500-8000.hdf5	left	right
3639.6144	1	Stimulus/S  1	1	36396144	36396152	90	2	60	pips_l400_r40_500-8000.hdf5	left	right
3640.6597	1	Stimulus/S  1	1	36406597	36406605	90	3	70	pips_l400_r40_500-8000.hdf5	left	right
3641.7264	1	Stimulus/S  1	1	36417264	36417272	90	4	50	pips_l400_r40_500-8000.hdf5	left	right
3642.7931	1	Stimulus/S  1	1	36427931	36427939	90	5	30	pips_l400_r40_500-8000.hdf5	left	right
3643.8598	1	Stimulus/S  1	1	36438598	36438606	91	0	20	pips_l400_r40_500-8000.hdf5	left	right
3644.9158	1	Stimulus/S  1	1	36449158	36449166	91	1	40	pips_l400_r40_500-8000.hdf5	left	right
3645.9611	1	Stimulus/S  1	1	36459611	36459619	91	2	60	pips_l400_r40_500-8000.hdf5	left	right
3647.0171	1	Stimulus/S  1	1	36470171	36470179	91	3	70	pips_l400_r40_500-8000.hdf5	left	right
3648.0838	1	Stimulus/S  1	1	36480838	36480846	91	4	50	pips_l400_r40_500-8000.hdf5	left	right
3649.1505	1	Stimulus/S  1	1	36491505	36491513	91	5	30	pips_l400_r40_500-8000.hdf5	left	right
3650.2172	1	Stimulus/S  1	1	36502172	36502180	92	0	20	pips_l400_r40_500-8000.hdf5	left	right
3651.2625	1	Stimulus/S  1	1	36512625	36512633	92	1	40	pips_l400_r40_500-8000.hdf5	left	right
3652.3185	1	Stimulus/S  1	1	36523185	36523193	92	2	60	pips_l400_r40_500-8000.hdf5	left	right
3653.3852	1	Stimulus/S  1	1	36533852	36533860	92	3	70	pips_l400_r40_500-8000.hdf5	left	right
3654.4305	1	Stimulus/S  1	1	36544305	36544313	92	4	50	pips_l400_r40_500-8000.hdf5	left	right
3655.4759	1	Stimulus/S  1	1	36554759	36554767	92	5	30	pips_l400_r40_500-8000.hdf5	left	right
3656.5319	1	Stimulus/S  1	1	36565319	36565327	93	0	20	pips_l400_r40_500-8000.hdf5	left	right
3657.5986	1	Stimulus/S  1	1	36575986	36575994	93	1	40	pips_l400_r40_500-8000.hdf5	left	right
3658.6439	1	Stimulus/S  1	1	36586439	36586447	93	2	60	pips_l400_r40_500-8000.hdf5	left	right
3659.6999	1	Stimulus/S  1	1	36596999	36597007	93	3	70	pips_l400_r40_500-8000.hdf5	left	right
3660.7453	1	Stimulus/S  1	1	36607453	36607461	93	4	50	pips_l400_r40_500-8000.hdf5	left	right
3661.8013	1	Stimulus/S  1	1	36618013	36618021	93	5	30	pips_l400_r40_500-8000.hdf5	left	right
3662.868	1	Stimulus/S  1	1	36628680	36628688	94	0	20	pips_l400_r40_500-8000.hdf5	left	right
3663.9133	1	Stimulus/S  1	1	36639133	36639141	94	1	40	pips_l400_r40_500-8000.hdf5	left	right
3664.9586	1	Stimulus/S  1	1	36649586	36649594	94	2	60	pips_l400_r40_500-8000.hdf5	left	right
3666.0253	1	Stimulus/S  1	1	36660253	36660261	94	3	70	pips_l400_r40_500-8000.hdf5	left	right
3667.092	1	Stimulus/S  1	1	36670920	36670928	94	4	50	pips_l400_r40_500-8000.hdf5	left	right
3668.148	1	Stimulus/S  1	1	36681480	36681488	94	5	30	pips_l400_r40_500-8000.hdf5	left	right
3669.1934	1	Stimulus/S  1	1	36691934	36691942	95	0	20	pips_l400_r40_500-8000.hdf5	left	right
3670.26	1	Stimulus/S  1	1	36702600	36702608	95	1	40	pips_l400_r40_500-8000.hdf5	left	right
3671.316	1	Stimulus/S  1	1	36713160	36713168	95	2	60	pips_l400_r40_500-8000.hdf5	left	right
3672.3614	1	Stimulus/S  1	1	36723614	36723622	95	3	70	pips_l400_r40_500-8000.hdf5	left	right
3673.4281	1	Stimulus/S  1	1	36734281	36734289	95	4	50	pips_l400_r40_500-8000.hdf5	left	right
3674.4947	1	Stimulus/S  1	1	36744947	36744955	95	5	30	pips_l400_r40_500-8000.hdf5	left	right
3675.5507	1	Stimulus/S  1	1	36755507	36755515	96	0	20	pips_l400_r40_500-8000.hdf5	left	right
3676.5961	1	Stimulus/S  1	1	36765961	36765969	96	1	40	pips_l400_r40_500-8000.hdf5	left	right
3677.6521	1	Stimulus/S  1	1	36776521	36776529	96	2	60	pips_l400_r40_500-8000.hdf5	left	right
3678.6974	1	Stimulus/S  1	1	36786974	36786982	96	3	70	pips_l400_r40_500-8000.hdf5	left	right
3679.7428	1	Stimulus/S  1	1	36797428	36797436	96	4	50	pips_l400_r40_500-8000.hdf5	left	right
3680.8095	1	Stimulus/S  1	1	36808095	36808103	96	5	30	pips_l400_r40_500-8000.hdf5	left	right
3681.8761	1	Stimulus/S  1	1	36818761	36818769	97	0	20	pips_l400_r40_500-8000.hdf5	left	right
3682.9322	1	Stimulus/S  1	1	36829322	36829330	97	1	40	pips_l400_r40_500-8000.hdf5	left	right
3683.9775	1	Stimulus/S  1	1	36839775	36839783	97	2	60	pips_l400_r40_500-8000.hdf5	left	right
3685.0442	1	Stimulus/S  1	1	36850442	36850450	97	3	70	pips_l400_r40_500-8000.hdf5	left	right
3686.1109	1	Stimulus/S  1	1	36861109	36861117	97	4	50	pips_l400_r40_500-8000.hdf5	left	right
3687.1669	1	Stimulus/S  1	1	36871669	36871677	97	5	30	pips_l400_r40_500-8000.hdf5	left	right
3688.2335	1	Stimulus/S  1	1	36882335	36882343	98	0	20	pips_l400_r40_500-8000.hdf5	left	right
3689.3002	1	Stimulus/S  1	1	36893002	36893010	98	1	40	pips_l400_r40_500-8000.hdf5	left	right
3690.3669	1	Stimulus/S  1	1	36903669	36903677	98	2	60	pips_l400_r40_500-8000.hdf5	left	right
3691.4122	1	Stimulus/S  1	1	36914122	36914130	98	3	70	pips_l400_r40_500-8000.hdf5	left	right
3692.4789	1	Stimulus/S  1	1	36924789	36924797	98	4	50	pips_l400_r40_500-8000.hdf5	left	right
3693.5349	1	Stimulus/S  1	1	36935349	36935357	98	5	30	pips_l400_r40_500-8000.hdf5	left	right
3694.6016	1	Stimulus/S  1	1	36946016	36946024	99	0	20	pips_l400_r40_500-8000.hdf5	left	right
3695.6469	1	Stimulus/S  1	1	36956469	36956477	99	1	40	pips_l400_r40_500-8000.hdf5	left	right
3696.6923	1	Stimulus/S  1	1	36966923	36966931	99	2	60	pips_l400_r40_500-8000.hdf5	left	right
3697.759	1	Stimulus/S  1	1	36977590	36977598	99	3	70	pips_l400_r40_500-8000.hdf5	left	right
3698.815	1	Stimulus/S  1	1	36988150	36988158	99	4	50	pips_l400_r40_500-8000.hdf5	left	right
3699.8603	1	Stimulus/S  1	1	36998603	36998611	99	5	30	pips_l400_r40_500-8000.hdf5	left	right
3700.927	1	Stimulus/S  1	1	37009270	37009278	100	0	20	pips_l400_r40_500-8000.hdf5	left	right
3701.983	1	Stimulus/S  1	1	37019830	37019838	100	1	40	pips_l400_r40_500-8000.hdf5	left	right
3703.0497	1	Stimulus/S  1	1	37030497	37030505	100	2	60	pips_l400_r40_500-8000.hdf5	left	right
3704.095	1	Stimulus/S  1	1	37040950	37040958	100	3	70	pips_l400_r40_500-8000.hdf5	left	right
3705.151	1	Stimulus/S  1	1	37051510	37051518	100	4	50	pips_l400_r40_500-8000.hdf5	left	right
3706.2177	1	Stimulus/S  1	1	37062177	37062185	100	5	30	pips_l400_r40_500-8000.hdf5	left	right
3707.2631	1	Stimulus/S  1	1	37072631	37072639	101	0	20	pips_l400_r40_500-8000.hdf5	left	right
3708.3191	1	Stimulus/S  1	1	37083191	37083199	101	1	40	pips_l400_r40_500-8000.hdf5	left	right
3709.3857	1	Stimulus/S  1	1	37093857	37093865	101	2	60	pips_l400_r40_500-8000.hdf5	left	right
3710.4311	1	Stimulus/S  1	1	37104311	37104319	101	3	70	pips_l400_r40_500-8000.hdf5	left	right
3711.4764	1	Stimulus/S  1	1	37114764	37114772	101	4	50	pips_l400_r40_500-8000.hdf5	left	right
3712.5324	1	Stimulus/S  1	1	37125324	37125332	101	5	30	pips_l400_r40_500-8000.hdf5	left	right
3713.5778	1	Stimulus/S  1	1	37135778	37135786	102	0	20	pips_l400_r40_500-8000.hdf5	left	right
3714.6338	1	Stimulus/S  1	1	37146338	37146346	102	1	40	pips_l400_r40_500-8000.hdf5	left	right
3715.6791	1	Stimulus/S  1	1	37156791	37156799	102	2	60	pips_l400_r40_500-8000.hdf5	left	right
3716.7351	1	Stimulus/S  1	1	37167351	37167359	102	3	70	pips_l400_r40_500-8000.hdf5	left	right
3717.7805	1	Stimulus/S  1	1	37177805	37177813	102	4	50	pips_l400_r40_500-8000.hdf5	left	right
3718.8258	1	Stimulus/S  1	1	37188258	37188266	102	5	30	pips_l400_r40_500-8000.hdf5	left	right
3719.8818	1	Stimulus/S  1	1	37198818	37198826	103	0	20	pips_l400_r40_500-8000.hdf5	left	right
3720.9485	1	Stimulus/S  1	1	37209485	37209493	103	1	40	pips_l400_r40_500-8000.hdf5	left	right
3721.9939	1	Stimulus/S  1	1	37219939	37219947	103	2	60	pips_l400_r40_500-8000.hdf5	left	right
3723.0499	1	Stimulus/S  1	1	37230499	37230507	103	3	70	pips_l400_r40_500-8000.hdf5	left	right
3724.1166	1	Stimulus/S  1	1	37241166	37241174	103	4	50	pips_l400_r40_500-8000.hdf5	left	right
3725.1619	1	Stimulus/S  1	1	37251619	37251627	103	5	30	pips_l400_r40_500-8000.hdf5	left	right
3726.2179	1	Stimulus/S  1	1	37262179	37262187	104	0	20	pips_l400_r40_500-8000.hdf5	left	right
3727.2846	1	Stimulus/S  1	1	37272846	37272854	104	1	40	pips_l400_r40_500-8000.hdf5	left	right
3728.3299	1	Stimulus/S  1	1	37283299	37283307	104	2	60	pips_l400_r40_500-8000.hdf5	left	right
3729.3859	1	Stimulus/S  1	1	37293859	37293867	104	3	70	pips_l400_r40_500-8000.hdf5	left	right
3730.4526	1	Stimulus/S  1	1	37304526	37304534	104	4	50	pips_l400_r40_500-8000.hdf5	left	right
3731.498	1	Stimulus/S  1	1	37314980	37314988	104	5	30	pips_l400_r40_500-8000.hdf5	left	right
3732.5433	1	Stimulus/S  1	1	37325433	37325441	105	0	20	pips_l400_r40_500-8000.hdf5	left	right
3733.61	1	Stimulus/S  1	1	37336100	37336108	105	1	40	pips_l400_r40_500-8000.hdf5	left	right
3734.6767	1	Stimulus/S  1	1	37346767	37346775	105	2	60	pips_l400_r40_500-8000.hdf5	left	right
3735.7327	1	Stimulus/S  1	1	37357327	37357335	105	3	70	pips_l400_r40_500-8000.hdf5	left	right
3736.778	1	Stimulus/S  1	1	37367780	37367788	105	4	50	pips_l400_r40_500-8000.hdf5	left	right
3737.8447	1	Stimulus/S  1	1	37378447	37378455	105	5	30	pips_l400_r40_500-8000.hdf5	left	right
3738.9007	1	Stimulus/S  1	1	37389007	37389015	106	0	20	pips_l400_r40_500-8000.hdf5	left	right
3739.946	1	Stimulus/S  1	1	37399460	37399468	106	1	40	pips_l400_r40_500-8000.hdf5	left	right
3741.0021	1	Stimulus/S  1	1	37410021	37410029	106	2	60	pips_l400_r40_500-8000.hdf5	left	right
3742.0474	1	Stimulus/S  1	1	37420474	37420482	106	3	70	pips_l400_r40_500-8000.hdf5	left	right
3743.0927	1	Stimulus/S  1	1	37430927	37430935	106	4	50	pips_l400_r40_500-8000.hdf5	left	right
3744.1487	1	Stimulus/S  1	1	37441487	37441495	106	5	30	pips_l400_r40_500-8000.hdf5	left	right
3745.1941	1	Stimulus/S  1	1	37451941	37451949	107	0	20	pips_l400_r40_500-8000.hdf5	left	right
3746.2501	1	Stimulus/S  1	1	37462501	37462509	107	1	40	pips_l400_r40_500-8000.hdf5	left	right
3747.3168	1	Stimulus/S  1	1	37473168	37473176	107	2	60	pips_l400_r40_500-8000.hdf5	left	right
3748.3621	1	Stimulus/S  1	1	37483621	37483629	107	3	70	pips_l400_r40_500-8000.hdf5	left	right
3749.4181	1	Stimulus/S  1	1	37494181	37494189	107	4	50	pips_l400_r40_500-8000.hdf5	left	right
3750.4635	1	Stimulus/S  1	1	37504635	37504643	107	5	30	pips_l400_r40_500-8000.hdf5	left	right
3751.5302	1	Stimulus/S  1	1	37515302	37515310	108	0	20	pips_l400_r40_500-8000.hdf5	left	right
3752.5862	1	Stimulus/S  1	1	37525862	37525870	108	1	40	pips_l400_r40_500-8000.hdf5	left	right
3753.6315	1	Stimulus/S  1	1	37536315	37536323	108	2	60	pips_l400_r40_500-8000.hdf5	left	right
3754.6769	1	Stimulus/S  1	1	37546769	37546777	108	3	70	pips_l400_r40_500-8000.hdf5	left	right
3755.7329	1	Stimulus/S  1	1	37557329	37557337	108	4	50	pips_l400_r40_500-8000.hdf5	left	right
3756.7995	1	Stimulus/S  1	1	37567995	37568003	108	5	30	pips_l400_r40_500-8000.hdf5	left	right
3757.8449	1	Stimulus/S  1	1	37578449	37578457	109	0	20	pips_l400_r40_500-8000.hdf5	left	right
3758.9116	1	Stimulus/S  1	1	37589116	37589124	109	1	40	pips_l400_r40_500-8000.hdf5	left	right
3759.9676	1	Stimulus/S  1	1	37599676	37599684	109	2	60	pips_l400_r40_500-8000.hdf5	left	right
3761.0129	1	Stimulus/S  1	1	37610129	37610137	109	3	70	pips_l400_r40_500-8000.hdf5	left	right
3762.0689	1	Stimulus/S  1	1	37620689	37620697	109	4	50	pips_l400_r40_500-8000.hdf5	left	right
3763.1143	1	Stimulus/S  1	1	37631143	37631151	109	5	30	pips_l400_r40_500-8000.hdf5	left	right
3764.1809	1	Stimulus/S  1	1	37641809	37641817	110	0	20	pips_l400_r40_500-8000.hdf5	left	right
3765.237	1	Stimulus/S  1	1	37652370	37652378	110	1	40	pips_l400_r40_500-8000.hdf5	left	right
3766.2823	1	Stimulus/S  1	1	37662823	37662831	110	2	60	pips_l400_r40_500-8000.hdf5	left	right
3767.3276	1	Stimulus/S  1	1	37673276	37673284	110	3	70	pips_l400_r40_500-8000.hdf5	left	right
3768.3837	1	Stimulus/S  1	1	37683837	37683845	110	4	50	pips_l400_r40_500-8000.hdf5	left	right
3769.4503	1	Stimulus/S  1	1	37694503	37694511	110	5	30	pips_l400_r40_500-8000.hdf5	left	right
3770.4957	1	Stimulus/S  1	1	37704957	37704965	111	0	20	pips_l400_r40_500-8000.hdf5	left	right
3771.5517	1	Stimulus/S  1	1	37715517	37715525	111	1	40	pips_l400_r40_500-8000.hdf5	left	right
3772.6184	1	Stimulus/S  1	1	37726184	37726192	111	2	60	pips_l400_r40_500-8000.hdf5	left	right
3773.6637	1	Stimulus/S  1	1	37736637	37736645	111	3	70	pips_l400_r40_500-8000.hdf5	left	right
3774.7304	1	Stimulus/S  1	1	37747304	37747312	111	4	50	pips_l400_r40_500-8000.hdf5	left	right
3775.7864	1	Stimulus/S  1	1	37757864	37757872	111	5	30	pips_l400_r40_500-8000.hdf5	left	right
3776.8317	1	Stimulus/S  1	1	37768317	37768325	112	0	20	pips_l400_r40_500-8000.hdf5	left	right
3777.8984	1	Stimulus/S  1	1	37778984	37778992	112	1	40	pips_l400_r40_500-8000.hdf5	left	right
3778.9651	1	Stimulus/S  1	1	37789651	37789659	112	2	60	pips_l400_r40_500-8000.hdf5	left	right
3780.0104	1	Stimulus/S  1	1	37800104	37800112	112	3	70	pips_l400_r40_500-8000.hdf5	left	right
3781.0771	1	Stimulus/S  1	1	37810771	37810779	112	4	50	pips_l400_r40_500-8000.hdf5	left	right
3782.1438	1	Stimulus/S  1	1	37821438	37821446	112	5	30	pips_l400_r40_500-8000.hdf5	left	right
3783.2211	1	Stimulus/S  1	1	37832211	37832219	113	0	20	pips_l400_r40_500-8000.hdf5	left	right
3784.2665	1	Stimulus/S  1	1	37842665	37842673	113	1	40	pips_l400_r40_500-8000.hdf5	left	right
3785.3332	1	Stimulus/S  1	1	37853332	37853340	113	2	60	pips_l400_r40_500-8000.hdf5	left	right
3786.3785	1	Stimulus/S  1	1	37863785	37863793	113	3	70	pips_l400_r40_500-8000.hdf5	left	right
3787.4345	1	Stimulus/S  1	1	37874345	37874353	113	4	50	pips_l400_r40_500-8000.hdf5	left	right
3788.4798	1	Stimulus/S  1	1	37884798	37884806	113	5	30	pips_l400_r40_500-8000.hdf5	left	right
3789.5465	1	Stimulus/S  1	1	37895465	37895473	114	0	20	pips_l400_r40_500-8000.hdf5	left	right
3790.6132	1	Stimulus/S  1	1	37906132	37906140	114	1	40	pips_l400_r40_500-8000.hdf5	left	right
3791.6692	1	Stimulus/S  1	1	37916692	37916700	114	2	60	pips_l400_r40_500-8000.hdf5	left	right
3792.7146	1	Stimulus/S  1	1	37927146	37927154	114	3	70	pips_l400_r40_500-8000.hdf5	left	right
3793.7706	1	Stimulus/S  1	1	37937706	37937714	114	4	50	pips_l400_r40_500-8000.hdf5	left	right
3794.8159	1	Stimulus/S  1	1	37948159	37948167	114	5	30	pips_l400_r40_500-8000.hdf5	left	right
3795.8613	1	Stimulus/S  1	1	37958613	37958621	115	0	20	pips_l400_r40_500-8000.hdf5	left	right
3796.9173	1	Stimulus/S  1	1	37969173	37969181	115	1	40	pips_l400_r40_500-8000.hdf5	left	right
3797.9839	1	Stimulus/S  1	1	37979839	37979847	115	2	60	pips_l400_r40_500-8000.hdf5	left	right
3799.0293	1	Stimulus/S  1	1	37990293	37990301	115	3	70	pips_l400_r40_500-8000.hdf5	left	right
3800.0853	1	Stimulus/S  1	1	38000853	38000861	115	4	50	pips_l400_r40_500-8000.hdf5	left	right
3801.152	1	Stimulus/S  1	1	38011520	38011528	115	5	30	pips_l400_r40_500-8000.hdf5	left	right
3802.1973	1	Stimulus/S  1	1	38021973	38021981	116	0	20	pips_l400_r40_500-8000.hdf5	left	right
3803.2533	1	Stimulus/S  1	1	38032533	38032541	116	1	40	pips_l400_r40_500-8000.hdf5	left	right
3804.32	1	Stimulus/S  1	1	38043200	38043208	116	2	60	pips_l400_r40_500-8000.hdf5	left	right
3805.3653	1	Stimulus/S  1	1	38053653	38053661	116	3	70	pips_l400_r40_500-8000.hdf5	left	right
3806.432	1	Stimulus/S  1	1	38064320	38064328	116	4	50	pips_l400_r40_500-8000.hdf5	left	right
3807.488	1	Stimulus/S  1	1	38074880	38074888	116	5	30	pips_l400_r40_500-8000.hdf5	left	right
3808.5547	1	Stimulus/S  1	1	38085547	38085555	117	0	20	pips_l400_r40_500-8000.hdf5	left	right
3809.6107	1	Stimulus/S  1	1	38096107	38096115	117	1	40	pips_l400_r40_500-8000.hdf5	left	right
3810.6881	1	Stimulus/S  1	1	38106881	38106889	117	2	60	pips_l400_r40_500-8000.hdf5	left	right
3811.7334	1	Stimulus/S  1	1	38117334	38117342	117	3	70	pips_l400_r40_500-8000.hdf5	left	right
3812.8001	1	Stimulus/S  1	1	38128001	38128009	117	4	50	pips_l400_r40_500-8000.hdf5	left	right
3813.8454	1	Stimulus/S  1	1	38138454	38138462	117	5	30	pips_l400_r40_500-8000.hdf5	left	right
3814.9014	1	Stimulus/S  1	1	38149014	38149022	118	0	20	pips_l400_r40_500-8000.hdf5	left	right
3815.9681	1	Stimulus/S  1	1	38159681	38159689	118	1	40	pips_l400_r40_500-8000.hdf5	left	right
3817.0135	1	Stimulus/S  1	1	38170135	38170143	118	2	60	pips_l400_r40_500-8000.hdf5	left	right
3818.0801	1	Stimulus/S  1	1	38180801	38180809	118	3	70	pips_l400_r40_500-8000.hdf5	left	right
3819.1361	1	Stimulus/S  1	1	38191361	38191369	118	4	50	pips_l400_r40_500-8000.hdf5	left	right
3820.2028	1	Stimulus/S  1	1	38202028	38202036	118	5	30	pips_l400_r40_500-8000.hdf5	left	right
3821.2482	1	Stimulus/S  1	1	38212482	38212490	119	0	20	pips_l400_r40_500-8000.hdf5	left	right
3822.3042	1	Stimulus/S  1	1	38223042	38223050	119	1	40	pips_l400_r40_500-8000.hdf5	left	right
3823.3709	1	Stimulus/S  1	1	38233709	38233717	119	2	60	pips_l400_r40_500-8000.hdf5	left	right
3824.4162	1	Stimulus/S  1	1	38244162	38244170	119	3	70	pips_l400_r40_500-8000.hdf5	left	right
3825.4829	1	Stimulus/S  1	1	38254829	38254837	119	4	50	pips_l400_r40_500-8000.hdf5	left	right
3826.5282	1	Stimulus/S  1	1	38265282	38265290	119	5	30	pips_l400_r40_500-8000.hdf5	left	right
