onset	duration	trial_type	value	sample	sample_corrected	token	run	level	stim_file	ear_ac	ear_bc
1.012	1	Stimulus/S  1	1	10120	10128	3	0	20	pips_l400_r40_500-8000.hdf5	left	right
2.0681	1	Stimulus/S  1	1	20681	20689	3	1	40	pips_l400_r40_500-8000.hdf5	left	right
3.1134	1	Stimulus/S  1	1	31134	31142	3	2	60	pips_l400_r40_500-8000.hdf5	left	right
4.1801	1	Stimulus/S  1	1	41801	41809	3	3	70	pips_l400_r40_500-8000.hdf5	left	right
5.2361	1	Stimulus/S  1	1	52361	52369	3	4	50	pips_l400_r40_500-8000.hdf5	left	right
6.2814	1	Stimulus/S  1	1	62814	62822	3	5	30	pips_l400_r40_500-8000.hdf5	left	right
7.3481	1	Stimulus/S  1	1	73481	73489	4	0	20	pips_l400_r40_500-8000.hdf5	left	right
8.3934	1	Stimulus/S  1	1	83934	83942	4	1	40	pips_l400_r40_500-8000.hdf5	left	right
9.4495	1	Stimulus/S  1	1	94495	94503	4	2	60	pips_l400_r40_500-8000.hdf5	left	right
10.4948	1	Stimulus/S  1	1	104948	104956	4	3	70	pips_l400_r40_500-8000.hdf5	left	right
11.5615	1	Stimulus/S  1	1	115615	115623	4	4	50	pips_l400_r40_500-8000.hdf5	left	right
12.6175	1	Stimulus/S  1	1	126175	126183	4	5	30	pips_l400_r40_500-8000.hdf5	left	right
13.6628	1	Stimulus/S  1	1	136628	136636	5	0	20	pips_l400_r40_500-8000.hdf5	left	right
14.7188	1	Stimulus/S  1	1	147188	147196	5	1	40	pips_l400_r40_500-8000.hdf5	left	right
15.7642	1	Stimulus/S  1	1	157642	157650	5	2	60	pips_l400_r40_500-8000.hdf5	left	right
16.8309	1	Stimulus/S  1	1	168309	168317	5	3	70	pips_l400_r40_500-8000.hdf5	left	right
17.8762	1	Stimulus/S  1	1	178762	178770	5	4	50	pips_l400_r40_500-8000.hdf5	left	right
18.9535	1	Stimulus/S  1	1	189535	189543	5	5	30	pips_l400_r40_500-8000.hdf5	left	right
19.9989	1	Stimulus/S  1	1	199989	199997	6	0	20	pips_l400_r40_500-8000.hdf5	left	right
21.0656	1	Stimulus/S  1	1	210656	210664	6	1	40	pips_l400_r40_500-8000.hdf5	left	right
22.1322	1	Stimulus/S  1	1	221322	221330	6	2	60	pips_l400_r40_500-8000.hdf5	left	right
23.1776	1	Stimulus/S  1	1	231776	231784	6	3	70	pips_l400_r40_500-8000.hdf5	left	right
24.2443	1	Stimulus/S  1	1	242443	242451	6	4	50	pips_l400_r40_500-8000.hdf5	left	right
25.3109	1	Stimulus/S  1	1	253109	253117	6	5	30	pips_l400_r40_500-8000.hdf5	left	right
26.3669	1	Stimulus/S  1	1	263669	263677	7	0	20	pips_l400_r40_500-8000.hdf5	left	right
27.4336	1	Stimulus/S  1	1	274336	274344	7	1	40	pips_l400_r40_500-8000.hdf5	left	right
28.479	1	Stimulus/S  1	1	284790	284798	7	2	60	pips_l400_r40_500-8000.hdf5	left	right
29.5456	1	Stimulus/S  1	1	295456	295464	7	3	70	pips_l400_r40_500-8000.hdf5	left	right
30.6123	1	Stimulus/S  1	1	306123	306131	7	4	50	pips_l400_r40_500-8000.hdf5	left	right
31.6683	1	Stimulus/S  1	1	316683	316691	7	5	30	pips_l400_r40_500-8000.hdf5	left	right
32.735	1	Stimulus/S  1	1	327350	327358	8	0	20	pips_l400_r40_500-8000.hdf5	left	right
33.7804	1	Stimulus/S  1	1	337804	337812	8	1	40	pips_l400_r40_500-8000.hdf5	left	right
34.847	1	Stimulus/S  1	1	348470	348478	8	2	60	pips_l400_r40_500-8000.hdf5	left	right
35.903	1	Stimulus/S  1	1	359030	359038	8	3	70	pips_l400_r40_500-8000.hdf5	left	right
36.9697	1	Stimulus/S  1	1	369697	369705	8	4	50	pips_l400_r40_500-8000.hdf5	left	right
38.0364	1	Stimulus/S  1	1	380364	380372	8	5	30	pips_l400_r40_500-8000.hdf5	left	right
39.0817	1	Stimulus/S  1	1	390817	390825	9	0	20	pips_l400_r40_500-8000.hdf5	left	right
40.1484	1	Stimulus/S  1	1	401484	401492	9	1	40	pips_l400_r40_500-8000.hdf5	left	right
41.2151	1	Stimulus/S  1	1	412151	412159	9	2	60	pips_l400_r40_500-8000.hdf5	left	right
42.2604	1	Stimulus/S  1	1	422604	422612	9	3	70	pips_l400_r40_500-8000.hdf5	left	right
43.3271	1	Stimulus/S  1	1	433271	433279	9	4	50	pips_l400_r40_500-8000.hdf5	left	right
44.3938	1	Stimulus/S  1	1	443938	443946	9	5	30	pips_l400_r40_500-8000.hdf5	left	right
45.4498	1	Stimulus/S  1	1	454498	454506	10	0	20	pips_l400_r40_500-8000.hdf5	left	right
46.5165	1	Stimulus/S  1	1	465165	465173	10	1	40	pips_l400_r40_500-8000.hdf5	left	right
47.5618	1	Stimulus/S  1	1	475618	475626	10	2	60	pips_l400_r40_500-8000.hdf5	left	right
48.6178	1	Stimulus/S  1	1	486178	486186	10	3	70	pips_l400_r40_500-8000.hdf5	left	right
49.6632	1	Stimulus/S  1	1	496632	496640	10	4	50	pips_l400_r40_500-8000.hdf5	left	right
50.7192	1	Stimulus/S  1	1	507192	507200	10	5	30	pips_l400_r40_500-8000.hdf5	left	right
51.7645	1	Stimulus/S  1	1	517645	517653	11	0	20	pips_l400_r40_500-8000.hdf5	left	right
52.8205	1	Stimulus/S  1	1	528205	528213	11	1	40	pips_l400_r40_500-8000.hdf5	left	right
53.8659	1	Stimulus/S  1	1	538659	538667	11	2	60	pips_l400_r40_500-8000.hdf5	left	right
54.9112	1	Stimulus/S  1	1	549112	549120	11	3	70	pips_l400_r40_500-8000.hdf5	left	right
55.9779	1	Stimulus/S  1	1	559779	559787	11	4	50	pips_l400_r40_500-8000.hdf5	left	right
57.0339	1	Stimulus/S  1	1	570339	570347	11	5	30	pips_l400_r40_500-8000.hdf5	left	right
58.1006	1	Stimulus/S  1	1	581006	581014	12	0	20	pips_l400_r40_500-8000.hdf5	left	right
59.1459	1	Stimulus/S  1	1	591459	591467	12	1	40	pips_l400_r40_500-8000.hdf5	left	right
60.2019	1	Stimulus/S  1	1	602019	602027	12	2	60	pips_l400_r40_500-8000.hdf5	left	right
61.2686	1	Stimulus/S  1	1	612686	612694	12	3	70	pips_l400_r40_500-8000.hdf5	left	right
62.314	1	Stimulus/S  1	1	623140	623148	12	4	50	pips_l400_r40_500-8000.hdf5	left	right
63.37	1	Stimulus/S  1	1	633700	633708	12	5	30	pips_l400_r40_500-8000.hdf5	left	right
64.4153	1	Stimulus/S  1	1	644153	644161	13	0	20	pips_l400_r40_500-8000.hdf5	left	right
65.4607	1	Stimulus/S  1	1	654607	654615	13	1	40	pips_l400_r40_500-8000.hdf5	left	right
66.5273	1	Stimulus/S  1	1	665273	665281	13	2	60	pips_l400_r40_500-8000.hdf5	left	right
67.5833	1	Stimulus/S  1	1	675833	675841	13	3	70	pips_l400_r40_500-8000.hdf5	left	right
68.65	1	Stimulus/S  1	1	686500	686508	13	4	50	pips_l400_r40_500-8000.hdf5	left	right
69.6954	1	Stimulus/S  1	1	696954	696962	13	5	30	pips_l400_r40_500-8000.hdf5	left	right
70.762	1	Stimulus/S  1	1	707620	707628	14	0	20	pips_l400_r40_500-8000.hdf5	left	right
71.8181	1	Stimulus/S  1	1	718181	718189	14	1	40	pips_l400_r40_500-8000.hdf5	left	right
72.8634	1	Stimulus/S  1	1	728634	728642	14	2	60	pips_l400_r40_500-8000.hdf5	left	right
73.9194	1	Stimulus/S  1	1	739194	739202	14	3	70	pips_l400_r40_500-8000.hdf5	left	right
74.9861	1	Stimulus/S  1	1	749861	749869	14	4	50	pips_l400_r40_500-8000.hdf5	left	right
76.0314	1	Stimulus/S  1	1	760314	760322	14	5	30	pips_l400_r40_500-8000.hdf5	left	right
77.0981	1	Stimulus/S  1	1	770981	770989	15	0	20	pips_l400_r40_500-8000.hdf5	left	right
78.1541	1	Stimulus/S  1	1	781541	781549	15	1	40	pips_l400_r40_500-8000.hdf5	left	right
79.2208	1	Stimulus/S  1	1	792208	792216	15	2	60	pips_l400_r40_500-8000.hdf5	left	right
80.2661	1	Stimulus/S  1	1	802661	802669	15	3	70	pips_l400_r40_500-8000.hdf5	left	right
81.3328	1	Stimulus/S  1	1	813328	813336	15	4	50	pips_l400_r40_500-8000.hdf5	left	right
82.3782	1	Stimulus/S  1	1	823782	823790	15	5	30	pips_l400_r40_500-8000.hdf5	left	right
83.4448	1	Stimulus/S  1	1	834448	834456	16	0	20	pips_l400_r40_500-8000.hdf5	left	right
84.5115	1	Stimulus/S  1	1	845115	845123	16	1	40	pips_l400_r40_500-8000.hdf5	left	right
85.5675	1	Stimulus/S  1	1	855675	855683	16	2	60	pips_l400_r40_500-8000.hdf5	left	right
86.6342	1	Stimulus/S  1	1	866342	866350	16	3	70	pips_l400_r40_500-8000.hdf5	left	right
87.6795	1	Stimulus/S  1	1	876795	876803	16	4	50	pips_l400_r40_500-8000.hdf5	left	right
88.7462	1	Stimulus/S  1	1	887462	887470	16	5	30	pips_l400_r40_500-8000.hdf5	left	right
89.8129	1	Stimulus/S  1	1	898129	898137	17	0	20	pips_l400_r40_500-8000.hdf5	left	right
90.8689	1	Stimulus/S  1	1	908689	908697	17	1	40	pips_l400_r40_500-8000.hdf5	left	right
91.9356	1	Stimulus/S  1	1	919356	919364	17	2	60	pips_l400_r40_500-8000.hdf5	left	right
92.9809	1	Stimulus/S  1	1	929809	929817	17	3	70	pips_l400_r40_500-8000.hdf5	left	right
94.0476	1	Stimulus/S  1	1	940476	940484	17	4	50	pips_l400_r40_500-8000.hdf5	left	right
95.1036	1	Stimulus/S  1	1	951036	951044	17	5	30	pips_l400_r40_500-8000.hdf5	left	right
96.1703	1	Stimulus/S  1	1	961703	961711	18	0	20	pips_l400_r40_500-8000.hdf5	left	right
97.237	1	Stimulus/S  1	1	972370	972378	18	1	40	pips_l400_r40_500-8000.hdf5	left	right
98.2823	1	Stimulus/S  1	1	982823	982831	18	2	60	pips_l400_r40_500-8000.hdf5	left	right
99.349	1	Stimulus/S  1	1	993490	993498	18	3	70	pips_l400_r40_500-8000.hdf5	left	right
100.405	1	Stimulus/S  1	1	1004050	1004058	18	4	50	pips_l400_r40_500-8000.hdf5	left	right
101.4717	1	Stimulus/S  1	1	1014717	1014725	18	5	30	pips_l400_r40_500-8000.hdf5	left	right
102.517	1	Stimulus/S  1	1	1025170	1025178	19	0	20	pips_l400_r40_500-8000.hdf5	left	right
103.5837	1	Stimulus/S  1	1	1035837	1035845	19	1	40	pips_l400_r40_500-8000.hdf5	left	right
104.629	1	Stimulus/S  1	1	1046290	1046298	19	2	60	pips_l400_r40_500-8000.hdf5	left	right
105.685	1	Stimulus/S  1	1	1056850	1056858	19	3	70	pips_l400_r40_500-8000.hdf5	left	right
106.7304	1	Stimulus/S  1	1	1067304	1067312	19	4	50	pips_l400_r40_500-8000.hdf5	left	right
107.7864	1	Stimulus/S  1	1	1077864	1077872	19	5	30	pips_l400_r40_500-8000.hdf5	left	right
108.8317	1	Stimulus/S  1	1	1088317	1088325	20	0	20	pips_l400_r40_500-8000.hdf5	left	right
109.8984	1	Stimulus/S  1	1	1098984	1098992	20	1	40	pips_l400_r40_500-8000.hdf5	left	right
110.9544	1	Stimulus/S  1	1	1109544	1109552	20	2	60	pips_l400_r40_500-8000.hdf5	left	right
111.9998	1	Stimulus/S  1	1	1119998	1120006	20	3	70	pips_l400_r40_500-8000.hdf5	left	right
113.0664	1	Stimulus/S  1	1	1130664	1130672	20	4	50	pips_l400_r40_500-8000.hdf5	left	right
114.1118	1	Stimulus/S  1	1	1141118	1141126	20	5	30	pips_l400_r40_500-8000.hdf5	left	right
115.1785	1	Stimulus/S  1	1	1151785	1151793	21	0	20	pips_l400_r40_500-8000.hdf5	left	right
116.2345	1	Stimulus/S  1	1	1162345	1162353	21	1	40	pips_l400_r40_500-8000.hdf5	left	right
117.3012	1	Stimulus/S  1	1	1173012	1173020	21	2	60	pips_l400_r40_500-8000.hdf5	left	right
118.3678	1	Stimulus/S  1	1	1183678	1183686	21	3	70	pips_l400_r40_500-8000.hdf5	left	right
119.4345	1	Stimulus/S  1	1	1194345	1194353	21	4	50	pips_l400_r40_500-8000.hdf5	left	right
120.4798	1	Stimulus/S  1	1	1204798	1204806	21	5	30	pips_l400_r40_500-8000.hdf5	left	right
121.5465	1	Stimulus/S  1	1	1215465	1215473	22	0	20	pips_l400_r40_500-8000.hdf5	left	right
122.6132	1	Stimulus/S  1	1	1226132	1226140	22	1	40	pips_l400_r40_500-8000.hdf5	left	right
123.6692	1	Stimulus/S  1	1	1236692	1236700	22	2	60	pips_l400_r40_500-8000.hdf5	left	right
124.7359	1	Stimulus/S  1	1	1247359	1247367	22	3	70	pips_l400_r40_500-8000.hdf5	left	right
125.7812	1	Stimulus/S  1	1	1257812	1257820	22	4	50	pips_l400_r40_500-8000.hdf5	left	right
126.8372	1	Stimulus/S  1	1	1268372	1268380	22	5	30	pips_l400_r40_500-8000.hdf5	left	right
127.8826	1	Stimulus/S  1	1	1278826	1278834	23	0	20	pips_l400_r40_500-8000.hdf5	left	right
128.9279	1	Stimulus/S  1	1	1289279	1289287	23	1	40	pips_l400_r40_500-8000.hdf5	left	right
129.9946	1	Stimulus/S  1	1	1299946	1299954	23	2	60	pips_l400_r40_500-8000.hdf5	left	right
131.0506	1	Stimulus/S  1	1	1310506	1310514	23	3	70	pips_l400_r40_500-8000.hdf5	left	right
132.096	1	Stimulus/S  1	1	1320960	1320968	23	4	50	pips_l400_r40_500-8000.hdf5	left	right
133.1626	1	Stimulus/S  1	1	1331626	1331634	23	5	30	pips_l400_r40_500-8000.hdf5	left	right
134.2186	1	Stimulus/S  1	1	1342186	1342194	24	0	20	pips_l400_r40_500-8000.hdf5	left	right
135.2853	1	Stimulus/S  1	1	1352853	1352861	24	1	40	pips_l400_r40_500-8000.hdf5	left	right
136.3307	1	Stimulus/S  1	1	1363307	1363315	24	2	60	pips_l400_r40_500-8000.hdf5	left	right
137.3973	1	Stimulus/S  1	1	1373973	1373981	24	3	70	pips_l400_r40_500-8000.hdf5	left	right
138.4534	1	Stimulus/S  1	1	1384534	1384542	24	4	50	pips_l400_r40_500-8000.hdf5	left	right
139.52	1	Stimulus/S  1	1	1395200	1395208	24	5	30	pips_l400_r40_500-8000.hdf5	left	right
140.5654	1	Stimulus/S  1	1	1405654	1405662	25	0	20	pips_l400_r40_500-8000.hdf5	left	right
141.6214	1	Stimulus/S  1	1	1416214	1416222	25	1	40	pips_l400_r40_500-8000.hdf5	left	right
142.6667	1	Stimulus/S  1	1	1426667	1426675	25	2	60	pips_l400_r40_500-8000.hdf5	left	right
143.7121	1	Stimulus/S  1	1	1437121	1437129	25	3	70	pips_l400_r40_500-8000.hdf5	left	right
144.7787	1	Stimulus/S  1	1	1447787	1447795	25	4	50	pips_l400_r40_500-8000.hdf5	left	right
145.8348	1	Stimulus/S  1	1	1458348	1458356	25	5	30	pips_l400_r40_500-8000.hdf5	left	right
146.9014	1	Stimulus/S  1	1	1469014	1469022	26	0	20	pips_l400_r40_500-8000.hdf5	left	right
147.9681	1	Stimulus/S  1	1	1479681	1479689	26	1	40	pips_l400_r40_500-8000.hdf5	left	right
149.0135	1	Stimulus/S  1	1	1490135	1490143	26	2	60	pips_l400_r40_500-8000.hdf5	left	right
150.0801	1	Stimulus/S  1	1	1500801	1500809	26	3	70	pips_l400_r40_500-8000.hdf5	left	right
151.1361	1	Stimulus/S  1	1	1511361	1511369	26	4	50	pips_l400_r40_500-8000.hdf5	left	right
152.1815	1	Stimulus/S  1	1	1521815	1521823	26	5	30	pips_l400_r40_500-8000.hdf5	left	right
153.2482	1	Stimulus/S  1	1	1532482	1532490	27	0	20	pips_l400_r40_500-8000.hdf5	left	right
154.3042	1	Stimulus/S  1	1	1543042	1543050	27	1	40	pips_l400_r40_500-8000.hdf5	left	right
155.3708	1	Stimulus/S  1	1	1553708	1553716	27	2	60	pips_l400_r40_500-8000.hdf5	left	right
156.4162	1	Stimulus/S  1	1	1564162	1564170	27	3	70	pips_l400_r40_500-8000.hdf5	left	right
157.4829	1	Stimulus/S  1	1	1574829	1574837	27	4	50	pips_l400_r40_500-8000.hdf5	left	right
158.5282	1	Stimulus/S  1	1	1585282	1585290	27	5	30	pips_l400_r40_500-8000.hdf5	left	right
159.5842	1	Stimulus/S  1	1	1595842	1595850	28	0	20	pips_l400_r40_500-8000.hdf5	left	right
160.6509	1	Stimulus/S  1	1	1606509	1606517	28	1	40	pips_l400_r40_500-8000.hdf5	left	right
161.6962	1	Stimulus/S  1	1	1616962	1616970	28	2	60	pips_l400_r40_500-8000.hdf5	left	right
162.7629	1	Stimulus/S  1	1	1627629	1627637	28	3	70	pips_l400_r40_500-8000.hdf5	left	right
163.8189	1	Stimulus/S  1	1	1638189	1638197	28	4	50	pips_l400_r40_500-8000.hdf5	left	right
164.8643	1	Stimulus/S  1	1	1648643	1648651	28	5	30	pips_l400_r40_500-8000.hdf5	left	right
165.9203	1	Stimulus/S  1	1	1659203	1659211	29	0	20	pips_l400_r40_500-8000.hdf5	left	right
166.9656	1	Stimulus/S  1	1	1669656	1669664	29	1	40	pips_l400_r40_500-8000.hdf5	left	right
168.0323	1	Stimulus/S  1	1	1680323	1680331	29	2	60	pips_l400_r40_500-8000.hdf5	left	right
169.0883	1	Stimulus/S  1	1	1690883	1690891	29	3	70	pips_l400_r40_500-8000.hdf5	left	right
170.1337	1	Stimulus/S  1	1	1701337	1701345	29	4	50	pips_l400_r40_500-8000.hdf5	left	right
171.179	1	Stimulus/S  1	1	1711790	1711798	29	5	30	pips_l400_r40_500-8000.hdf5	left	right
172.235	1	Stimulus/S  1	1	1722350	1722358	30	0	20	pips_l400_r40_500-8000.hdf5	left	right
173.2804	1	Stimulus/S  1	1	1732804	1732812	30	1	40	pips_l400_r40_500-8000.hdf5	left	right
174.3364	1	Stimulus/S  1	1	1743364	1743372	30	2	60	pips_l400_r40_500-8000.hdf5	left	right
175.403	1	Stimulus/S  1	1	1754030	1754038	30	3	70	pips_l400_r40_500-8000.hdf5	left	right
176.4484	1	Stimulus/S  1	1	1764484	1764492	30	4	50	pips_l400_r40_500-8000.hdf5	left	right
177.5151	1	Stimulus/S  1	1	1775151	1775159	30	5	30	pips_l400_r40_500-8000.hdf5	left	right
178.5711	1	Stimulus/S  1	1	1785711	1785719	31	0	20	pips_l400_r40_500-8000.hdf5	left	right
179.6377	1	Stimulus/S  1	1	1796377	1796385	31	1	40	pips_l400_r40_500-8000.hdf5	left	right
180.6831	1	Stimulus/S  1	1	1806831	1806839	31	2	60	pips_l400_r40_500-8000.hdf5	left	right
181.7498	1	Stimulus/S  1	1	1817498	1817506	31	3	70	pips_l400_r40_500-8000.hdf5	left	right
182.8164	1	Stimulus/S  1	1	1828164	1828172	31	4	50	pips_l400_r40_500-8000.hdf5	left	right
183.8725	1	Stimulus/S  1	1	1838725	1838733	31	5	30	pips_l400_r40_500-8000.hdf5	left	right
184.9178	1	Stimulus/S  1	1	1849178	1849186	32	0	20	pips_l400_r40_500-8000.hdf5	left	right
185.9631	1	Stimulus/S  1	1	1859631	1859639	32	1	40	pips_l400_r40_500-8000.hdf5	left	right
187.0298	1	Stimulus/S  1	1	1870298	1870306	32	2	60	pips_l400_r40_500-8000.hdf5	left	right
188.0858	1	Stimulus/S  1	1	1880858	1880866	32	3	70	pips_l400_r40_500-8000.hdf5	left	right
189.1525	1	Stimulus/S  1	1	1891525	1891533	32	4	50	pips_l400_r40_500-8000.hdf5	left	right
190.1978	1	Stimulus/S  1	1	1901978	1901986	32	5	30	pips_l400_r40_500-8000.hdf5	left	right
191.2645	1	Stimulus/S  1	1	1912645	1912653	33	0	20	pips_l400_r40_500-8000.hdf5	left	right
192.3205	1	Stimulus/S  1	1	1923205	1923213	33	1	40	pips_l400_r40_500-8000.hdf5	left	right
193.3872	1	Stimulus/S  1	1	1933872	1933880	33	2	60	pips_l400_r40_500-8000.hdf5	left	right
194.4326	1	Stimulus/S  1	1	1944326	1944334	33	3	70	pips_l400_r40_500-8000.hdf5	left	right
195.4886	1	Stimulus/S  1	1	1954886	1954894	33	4	50	pips_l400_r40_500-8000.hdf5	left	right
196.5339	1	Stimulus/S  1	1	1965339	1965347	33	5	30	pips_l400_r40_500-8000.hdf5	left	right
197.6006	1	Stimulus/S  1	1	1976006	1976014	34	0	20	pips_l400_r40_500-8000.hdf5	left	right
198.6459	1	Stimulus/S  1	1	1986459	1986467	34	1	40	pips_l400_r40_500-8000.hdf5	left	right
199.7019	1	Stimulus/S  1	1	1997019	1997027	34	2	60	pips_l400_r40_500-8000.hdf5	left	right
200.7686	1	Stimulus/S  1	1	2007686	2007694	34	3	70	pips_l400_r40_500-8000.hdf5	left	right
201.8353	1	Stimulus/S  1	1	2018353	2018361	34	4	50	pips_l400_r40_500-8000.hdf5	left	right
202.8806	1	Stimulus/S  1	1	2028806	2028814	34	5	30	pips_l400_r40_500-8000.hdf5	left	right
203.9473	1	Stimulus/S  1	1	2039473	2039481	35	0	20	pips_l400_r40_500-8000.hdf5	left	right
205.0033	1	Stimulus/S  1	1	2050033	2050041	35	1	40	pips_l400_r40_500-8000.hdf5	left	right
206.0487	1	Stimulus/S  1	1	2060487	2060495	35	2	60	pips_l400_r40_500-8000.hdf5	left	right
207.1153	1	Stimulus/S  1	1	2071153	2071161	35	3	70	pips_l400_r40_500-8000.hdf5	left	right
208.1714	1	Stimulus/S  1	1	2081714	2081722	35	4	50	pips_l400_r40_500-8000.hdf5	left	right
209.2167	1	Stimulus/S  1	1	2092167	2092175	35	5	30	pips_l400_r40_500-8000.hdf5	left	right
210.2834	1	Stimulus/S  1	1	2102834	2102842	36	0	20	pips_l400_r40_500-8000.hdf5	left	right
211.3287	1	Stimulus/S  1	1	2113287	2113295	36	1	40	pips_l400_r40_500-8000.hdf5	left	right
212.4061	1	Stimulus/S  1	1	2124061	2124069	36	2	60	pips_l400_r40_500-8000.hdf5	left	right
213.4514	1	Stimulus/S  1	1	2134514	2134522	36	3	70	pips_l400_r40_500-8000.hdf5	left	right
214.4967	1	Stimulus/S  1	1	2144967	2144975	36	4	50	pips_l400_r40_500-8000.hdf5	left	right
215.5528	1	Stimulus/S  1	1	2155528	2155536	36	5	30	pips_l400_r40_500-8000.hdf5	left	right
216.5981	1	Stimulus/S  1	1	2165981	2165989	37	0	20	pips_l400_r40_500-8000.hdf5	left	right
217.6648	1	Stimulus/S  1	1	2176648	2176656	37	1	40	pips_l400_r40_500-8000.hdf5	left	right
218.7208	1	Stimulus/S  1	1	2187208	2187216	37	2	60	pips_l400_r40_500-8000.hdf5	left	right
219.7875	1	Stimulus/S  1	1	2197875	2197883	37	3	70	pips_l400_r40_500-8000.hdf5	left	right
220.8541	1	Stimulus/S  1	1	2208541	2208549	37	4	50	pips_l400_r40_500-8000.hdf5	left	right
221.8995	1	Stimulus/S  1	1	2218995	2219003	37	5	30	pips_l400_r40_500-8000.hdf5	left	right
222.9662	1	Stimulus/S  1	1	2229662	2229670	38	0	20	pips_l400_r40_500-8000.hdf5	left	right
224.0222	1	Stimulus/S  1	1	2240222	2240230	38	1	40	pips_l400_r40_500-8000.hdf5	left	right
225.0675	1	Stimulus/S  1	1	2250675	2250683	38	2	60	pips_l400_r40_500-8000.hdf5	left	right
226.1342	1	Stimulus/S  1	1	2261342	2261350	38	3	70	pips_l400_r40_500-8000.hdf5	left	right
227.1795	1	Stimulus/S  1	1	2271795	2271803	38	4	50	pips_l400_r40_500-8000.hdf5	left	right
228.2355	1	Stimulus/S  1	1	2282355	2282363	38	5	30	pips_l400_r40_500-8000.hdf5	left	right
229.2809	1	Stimulus/S  1	1	2292809	2292817	39	0	20	pips_l400_r40_500-8000.hdf5	left	right
230.3476	1	Stimulus/S  1	1	2303476	2303484	39	1	40	pips_l400_r40_500-8000.hdf5	left	right
231.4036	1	Stimulus/S  1	1	2314036	2314044	39	2	60	pips_l400_r40_500-8000.hdf5	left	right
232.4703	1	Stimulus/S  1	1	2324703	2324711	39	3	70	pips_l400_r40_500-8000.hdf5	left	right
233.5369	1	Stimulus/S  1	1	2335369	2335377	39	4	50	pips_l400_r40_500-8000.hdf5	left	right
234.5823	1	Stimulus/S  1	1	2345823	2345831	39	5	30	pips_l400_r40_500-8000.hdf5	left	right
235.6489	1	Stimulus/S  1	1	2356489	2356497	40	0	20	pips_l400_r40_500-8000.hdf5	left	right
236.705	1	Stimulus/S  1	1	2367050	2367058	40	1	40	pips_l400_r40_500-8000.hdf5	left	right
237.7716	1	Stimulus/S  1	1	2377716	2377724	40	2	60	pips_l400_r40_500-8000.hdf5	left	right
238.8383	1	Stimulus/S  1	1	2388383	2388391	40	3	70	pips_l400_r40_500-8000.hdf5	left	right
239.8837	1	Stimulus/S  1	1	2398837	2398845	40	4	50	pips_l400_r40_500-8000.hdf5	left	right
240.9397	1	Stimulus/S  1	1	2409397	2409405	40	5	30	pips_l400_r40_500-8000.hdf5	left	right
242.0063	1	Stimulus/S  1	1	2420063	2420071	41	0	20	pips_l400_r40_500-8000.hdf5	left	right
243.0517	1	Stimulus/S  1	1	2430517	2430525	41	1	40	pips_l400_r40_500-8000.hdf5	left	right
244.1184	1	Stimulus/S  1	1	2441184	2441192	41	2	60	pips_l400_r40_500-8000.hdf5	left	right
245.185	1	Stimulus/S  1	1	2451850	2451858	41	3	70	pips_l400_r40_500-8000.hdf5	left	right
246.2304	1	Stimulus/S  1	1	2462304	2462312	41	4	50	pips_l400_r40_500-8000.hdf5	left	right
247.2864	1	Stimulus/S  1	1	2472864	2472872	41	5	30	pips_l400_r40_500-8000.hdf5	left	right
248.3531	1	Stimulus/S  1	1	2483531	2483539	42	0	20	pips_l400_r40_500-8000.hdf5	left	right
249.3984	1	Stimulus/S  1	1	2493984	2493992	42	1	40	pips_l400_r40_500-8000.hdf5	left	right
250.4544	1	Stimulus/S  1	1	2504544	2504552	42	2	60	pips_l400_r40_500-8000.hdf5	left	right
251.5211	1	Stimulus/S  1	1	2515211	2515219	42	3	70	pips_l400_r40_500-8000.hdf5	left	right
252.5664	1	Stimulus/S  1	1	2525664	2525672	42	4	50	pips_l400_r40_500-8000.hdf5	left	right
253.6331	1	Stimulus/S  1	1	2536331	2536339	42	5	30	pips_l400_r40_500-8000.hdf5	left	right
254.6998	1	Stimulus/S  1	1	2546998	2547006	43	0	20	pips_l400_r40_500-8000.hdf5	left	right
255.7665	1	Stimulus/S  1	1	2557665	2557673	43	1	40	pips_l400_r40_500-8000.hdf5	left	right
256.8225	1	Stimulus/S  1	1	2568225	2568233	43	2	60	pips_l400_r40_500-8000.hdf5	left	right
257.8892	1	Stimulus/S  1	1	2578892	2578900	43	3	70	pips_l400_r40_500-8000.hdf5	left	right
258.9558	1	Stimulus/S  1	1	2589558	2589566	43	4	50	pips_l400_r40_500-8000.hdf5	left	right
260.0012	1	Stimulus/S  1	1	2600012	2600020	43	5	30	pips_l400_r40_500-8000.hdf5	left	right
261.0465	1	Stimulus/S  1	1	2610465	2610473	44	0	20	pips_l400_r40_500-8000.hdf5	left	right
262.1025	1	Stimulus/S  1	1	2621025	2621033	44	1	40	pips_l400_r40_500-8000.hdf5	left	right
263.1479	1	Stimulus/S  1	1	2631479	2631487	44	2	60	pips_l400_r40_500-8000.hdf5	left	right
264.2146	1	Stimulus/S  1	1	2642146	2642154	44	3	70	pips_l400_r40_500-8000.hdf5	left	right
265.2706	1	Stimulus/S  1	1	2652706	2652714	44	4	50	pips_l400_r40_500-8000.hdf5	left	right
266.3372	1	Stimulus/S  1	1	2663372	2663380	44	5	30	pips_l400_r40_500-8000.hdf5	left	right
267.3826	1	Stimulus/S  1	1	2673826	2673834	45	0	20	pips_l400_r40_500-8000.hdf5	left	right
268.4386	1	Stimulus/S  1	1	2684386	2684394	45	1	40	pips_l400_r40_500-8000.hdf5	left	right
269.5053	1	Stimulus/S  1	1	2695053	2695061	45	2	60	pips_l400_r40_500-8000.hdf5	left	right
270.5506	1	Stimulus/S  1	1	2705506	2705514	45	3	70	pips_l400_r40_500-8000.hdf5	left	right
271.6066	1	Stimulus/S  1	1	2716066	2716074	45	4	50	pips_l400_r40_500-8000.hdf5	left	right
272.6733	1	Stimulus/S  1	1	2726733	2726741	45	5	30	pips_l400_r40_500-8000.hdf5	left	right
273.7186	1	Stimulus/S  1	1	2737186	2737194	46	0	20	pips_l400_r40_500-8000.hdf5	left	right
274.764	1	Stimulus/S  1	1	2747640	2747648	46	1	40	pips_l400_r40_500-8000.hdf5	left	right
275.8307	1	Stimulus/S  1	1	2758307	2758315	46	2	60	pips_l400_r40_500-8000.hdf5	left	right
276.8867	1	Stimulus/S  1	1	2768867	2768875	46	3	70	pips_l400_r40_500-8000.hdf5	left	right
277.9534	1	Stimulus/S  1	1	2779534	2779542	46	4	50	pips_l400_r40_500-8000.hdf5	left	right
278.9987	1	Stimulus/S  1	1	2789987	2789995	46	5	30	pips_l400_r40_500-8000.hdf5	left	right
280.0547	1	Stimulus/S  1	1	2800547	2800555	47	0	20	pips_l400_r40_500-8000.hdf5	left	right
281.1214	1	Stimulus/S  1	1	2811214	2811222	47	1	40	pips_l400_r40_500-8000.hdf5	left	right
282.1667	1	Stimulus/S  1	1	2821667	2821675	47	2	60	pips_l400_r40_500-8000.hdf5	left	right
283.2227	1	Stimulus/S  1	1	2832227	2832235	47	3	70	pips_l400_r40_500-8000.hdf5	left	right
284.2894	1	Stimulus/S  1	1	2842894	2842902	47	4	50	pips_l400_r40_500-8000.hdf5	left	right
285.3348	1	Stimulus/S  1	1	2853348	2853356	47	5	30	pips_l400_r40_500-8000.hdf5	left	right
286.4014	1	Stimulus/S  1	1	2864014	2864022	48	0	20	pips_l400_r40_500-8000.hdf5	left	right
287.4574	1	Stimulus/S  1	1	2874574	2874582	48	1	40	pips_l400_r40_500-8000.hdf5	left	right
288.5028	1	Stimulus/S  1	1	2885028	2885036	48	2	60	pips_l400_r40_500-8000.hdf5	left	right
289.5695	1	Stimulus/S  1	1	2895695	2895703	48	3	70	pips_l400_r40_500-8000.hdf5	left	right
290.6361	1	Stimulus/S  1	1	2906361	2906369	48	4	50	pips_l400_r40_500-8000.hdf5	left	right
291.6815	1	Stimulus/S  1	1	2916815	2916823	48	5	30	pips_l400_r40_500-8000.hdf5	left	right
292.7482	1	Stimulus/S  1	1	2927482	2927490	49	0	20	pips_l400_r40_500-8000.hdf5	left	right
293.8042	1	Stimulus/S  1	1	2938042	2938050	49	1	40	pips_l400_r40_500-8000.hdf5	left	right
294.8708	1	Stimulus/S  1	1	2948708	2948716	49	2	60	pips_l400_r40_500-8000.hdf5	left	right
295.9162	1	Stimulus/S  1	1	2959162	2959170	49	3	70	pips_l400_r40_500-8000.hdf5	left	right
296.9722	1	Stimulus/S  1	1	2969722	2969730	49	4	50	pips_l400_r40_500-8000.hdf5	left	right
298.0389	1	Stimulus/S  1	1	2980389	2980397	49	5	30	pips_l400_r40_500-8000.hdf5	left	right
299.1056	1	Stimulus/S  1	1	2991056	2991064	50	0	20	pips_l400_r40_500-8000.hdf5	left	right
300.1509	1	Stimulus/S  1	1	3001509	3001517	50	1	40	pips_l400_r40_500-8000.hdf5	left	right
301.2176	1	Stimulus/S  1	1	3012176	3012184	50	2	60	pips_l400_r40_500-8000.hdf5	left	right
302.2736	1	Stimulus/S  1	1	3022736	3022744	50	3	70	pips_l400_r40_500-8000.hdf5	left	right
303.3189	1	Stimulus/S  1	1	3033189	3033197	50	4	50	pips_l400_r40_500-8000.hdf5	left	right
304.3856	1	Stimulus/S  1	1	3043856	3043864	50	5	30	pips_l400_r40_500-8000.hdf5	left	right
305.4416	1	Stimulus/S  1	1	3054416	3054424	51	0	20	pips_l400_r40_500-8000.hdf5	left	right
306.487	1	Stimulus/S  1	1	3064870	3064878	51	1	40	pips_l400_r40_500-8000.hdf5	left	right
307.5323	1	Stimulus/S  1	1	3075323	3075331	51	2	60	pips_l400_r40_500-8000.hdf5	left	right
308.5883	1	Stimulus/S  1	1	3085883	3085891	51	3	70	pips_l400_r40_500-8000.hdf5	left	right
309.655	1	Stimulus/S  1	1	3096550	3096558	51	4	50	pips_l400_r40_500-8000.hdf5	left	right
310.7217	1	Stimulus/S  1	1	3107217	3107225	51	5	30	pips_l400_r40_500-8000.hdf5	left	right
311.767	1	Stimulus/S  1	1	3117670	3117678	52	0	20	pips_l400_r40_500-8000.hdf5	left	right
312.8337	1	Stimulus/S  1	1	3128337	3128345	52	1	40	pips_l400_r40_500-8000.hdf5	left	right
313.8897	1	Stimulus/S  1	1	3138897	3138905	52	2	60	pips_l400_r40_500-8000.hdf5	left	right
314.935	1	Stimulus/S  1	1	3149350	3149358	52	3	70	pips_l400_r40_500-8000.hdf5	left	right
315.991	1	Stimulus/S  1	1	3159910	3159918	52	4	50	pips_l400_r40_500-8000.hdf5	left	right
317.0364	1	Stimulus/S  1	1	3170364	3170372	52	5	30	pips_l400_r40_500-8000.hdf5	left	right
318.0924	1	Stimulus/S  1	1	3180924	3180932	53	0	20	pips_l400_r40_500-8000.hdf5	left	right
319.1377	1	Stimulus/S  1	1	3191377	3191385	53	1	40	pips_l400_r40_500-8000.hdf5	left	right
320.2044	1	Stimulus/S  1	1	3202044	3202052	53	2	60	pips_l400_r40_500-8000.hdf5	left	right
321.2498	1	Stimulus/S  1	1	3212498	3212506	53	3	70	pips_l400_r40_500-8000.hdf5	left	right
322.3058	1	Stimulus/S  1	1	3223058	3223066	53	4	50	pips_l400_r40_500-8000.hdf5	left	right
323.3725	1	Stimulus/S  1	1	3233725	3233733	53	5	30	pips_l400_r40_500-8000.hdf5	left	right
324.4178	1	Stimulus/S  1	1	3244178	3244186	54	0	20	pips_l400_r40_500-8000.hdf5	left	right
325.4738	1	Stimulus/S  1	1	3254738	3254746	54	1	40	pips_l400_r40_500-8000.hdf5	left	right
326.5405	1	Stimulus/S  1	1	3265405	3265413	54	2	60	pips_l400_r40_500-8000.hdf5	left	right
327.6072	1	Stimulus/S  1	1	3276072	3276080	54	3	70	pips_l400_r40_500-8000.hdf5	left	right
328.6525	1	Stimulus/S  1	1	3286525	3286533	54	4	50	pips_l400_r40_500-8000.hdf5	left	right
329.7192	1	Stimulus/S  1	1	3297192	3297200	54	5	30	pips_l400_r40_500-8000.hdf5	left	right
330.7859	1	Stimulus/S  1	1	3307859	3307867	55	0	20	pips_l400_r40_500-8000.hdf5	left	right
331.8525	1	Stimulus/S  1	1	3318525	3318533	55	1	40	pips_l400_r40_500-8000.hdf5	left	right
332.9085	1	Stimulus/S  1	1	3329085	3329093	55	2	60	pips_l400_r40_500-8000.hdf5	left	right
333.9752	1	Stimulus/S  1	1	3339752	3339760	55	3	70	pips_l400_r40_500-8000.hdf5	left	right
335.0206	1	Stimulus/S  1	1	3350206	3350214	55	4	50	pips_l400_r40_500-8000.hdf5	left	right
336.0659	1	Stimulus/S  1	1	3360659	3360667	55	5	30	pips_l400_r40_500-8000.hdf5	left	right
337.1326	1	Stimulus/S  1	1	3371326	3371334	56	0	20	pips_l400_r40_500-8000.hdf5	left	right
338.1886	1	Stimulus/S  1	1	3381886	3381894	56	1	40	pips_l400_r40_500-8000.hdf5	left	right
339.2339	1	Stimulus/S  1	1	3392339	3392347	56	2	60	pips_l400_r40_500-8000.hdf5	left	right
340.2899	1	Stimulus/S  1	1	3402899	3402907	56	3	70	pips_l400_r40_500-8000.hdf5	left	right
341.3566	1	Stimulus/S  1	1	3413566	3413574	56	4	50	pips_l400_r40_500-8000.hdf5	left	right
342.402	1	Stimulus/S  1	1	3424020	3424028	56	5	30	pips_l400_r40_500-8000.hdf5	left	right
343.458	1	Stimulus/S  1	1	3434580	3434588	57	0	20	pips_l400_r40_500-8000.hdf5	left	right
344.5247	1	Stimulus/S  1	1	3445247	3445255	57	1	40	pips_l400_r40_500-8000.hdf5	left	right
345.57	1	Stimulus/S  1	1	3455700	3455708	57	2	60	pips_l400_r40_500-8000.hdf5	left	right
346.6153	1	Stimulus/S  1	1	3466153	3466161	57	3	70	pips_l400_r40_500-8000.hdf5	left	right
347.682	1	Stimulus/S  1	1	3476820	3476828	57	4	50	pips_l400_r40_500-8000.hdf5	left	right
348.7487	1	Stimulus/S  1	1	3487487	3487495	57	5	30	pips_l400_r40_500-8000.hdf5	left	right
349.8047	1	Stimulus/S  1	1	3498047	3498055	58	0	20	pips_l400_r40_500-8000.hdf5	left	right
350.85	1	Stimulus/S  1	1	3508500	3508508	58	1	40	pips_l400_r40_500-8000.hdf5	left	right
351.9167	1	Stimulus/S  1	1	3519167	3519175	58	2	60	pips_l400_r40_500-8000.hdf5	left	right
352.9834	1	Stimulus/S  1	1	3529834	3529842	58	3	70	pips_l400_r40_500-8000.hdf5	left	right
354.0394	1	Stimulus/S  1	1	3540394	3540402	58	4	50	pips_l400_r40_500-8000.hdf5	left	right
355.0848	1	Stimulus/S  1	1	3550848	3550856	58	5	30	pips_l400_r40_500-8000.hdf5	left	right
356.1514	1	Stimulus/S  1	1	3561514	3561522	59	0	20	pips_l400_r40_500-8000.hdf5	left	right
357.2181	1	Stimulus/S  1	1	3572181	3572189	59	1	40	pips_l400_r40_500-8000.hdf5	left	right
358.2741	1	Stimulus/S  1	1	3582741	3582749	59	2	60	pips_l400_r40_500-8000.hdf5	left	right
359.3195	1	Stimulus/S  1	1	3593195	3593203	59	3	70	pips_l400_r40_500-8000.hdf5	left	right
360.3755	1	Stimulus/S  1	1	3603755	3603763	59	4	50	pips_l400_r40_500-8000.hdf5	left	right
361.4421	1	Stimulus/S  1	1	3614421	3614429	59	5	30	pips_l400_r40_500-8000.hdf5	left	right
362.5088	1	Stimulus/S  1	1	3625088	3625096	60	0	20	pips_l400_r40_500-8000.hdf5	left	right
363.5542	1	Stimulus/S  1	1	3635542	3635550	60	1	40	pips_l400_r40_500-8000.hdf5	left	right
364.5995	1	Stimulus/S  1	1	3645995	3646003	60	2	60	pips_l400_r40_500-8000.hdf5	left	right
365.6555	1	Stimulus/S  1	1	3656555	3656563	60	3	70	pips_l400_r40_500-8000.hdf5	left	right
366.7009	1	Stimulus/S  1	1	3667009	3667017	60	4	50	pips_l400_r40_500-8000.hdf5	left	right
367.7675	1	Stimulus/S  1	1	3677675	3677683	60	5	30	pips_l400_r40_500-8000.hdf5	left	right
368.8236	1	Stimulus/S  1	1	3688236	3688244	61	0	20	pips_l400_r40_500-8000.hdf5	left	right
369.8689	1	Stimulus/S  1	1	3698689	3698697	61	1	40	pips_l400_r40_500-8000.hdf5	left	right
370.9356	1	Stimulus/S  1	1	3709356	3709364	61	2	60	pips_l400_r40_500-8000.hdf5	left	right
371.9916	1	Stimulus/S  1	1	3719916	3719924	61	3	70	pips_l400_r40_500-8000.hdf5	left	right
373.0369	1	Stimulus/S  1	1	3730369	3730377	61	4	50	pips_l400_r40_500-8000.hdf5	left	right
374.1036	1	Stimulus/S  1	1	3741036	3741044	61	5	30	pips_l400_r40_500-8000.hdf5	left	right
375.1596	1	Stimulus/S  1	1	3751596	3751604	62	0	20	pips_l400_r40_500-8000.hdf5	left	right
376.205	1	Stimulus/S  1	1	3762050	3762058	62	1	40	pips_l400_r40_500-8000.hdf5	left	right
377.2716	1	Stimulus/S  1	1	3772716	3772724	62	2	60	pips_l400_r40_500-8000.hdf5	left	right
378.317	1	Stimulus/S  1	1	3783170	3783178	62	3	70	pips_l400_r40_500-8000.hdf5	left	right
379.373	1	Stimulus/S  1	1	3793730	3793738	62	4	50	pips_l400_r40_500-8000.hdf5	left	right
380.4397	1	Stimulus/S  1	1	3804397	3804405	62	5	30	pips_l400_r40_500-8000.hdf5	left	right
381.485	1	Stimulus/S  1	1	3814850	3814858	63	0	20	pips_l400_r40_500-8000.hdf5	left	right
382.5517	1	Stimulus/S  1	1	3825517	3825525	63	1	40	pips_l400_r40_500-8000.hdf5	left	right
383.6184	1	Stimulus/S  1	1	3836184	3836192	63	2	60	pips_l400_r40_500-8000.hdf5	left	right
384.6744	1	Stimulus/S  1	1	3846744	3846752	63	3	70	pips_l400_r40_500-8000.hdf5	left	right
385.7197	1	Stimulus/S  1	1	3857197	3857205	63	4	50	pips_l400_r40_500-8000.hdf5	left	right
386.7864	1	Stimulus/S  1	1	3867864	3867872	63	5	30	pips_l400_r40_500-8000.hdf5	left	right
387.8424	1	Stimulus/S  1	1	3878424	3878432	64	0	20	pips_l400_r40_500-8000.hdf5	left	right
388.8877	1	Stimulus/S  1	1	3888877	3888885	64	1	40	pips_l400_r40_500-8000.hdf5	left	right
389.9331	1	Stimulus/S  1	1	3899331	3899339	64	2	60	pips_l400_r40_500-8000.hdf5	left	right
390.9891	1	Stimulus/S  1	1	3909891	3909899	64	3	70	pips_l400_r40_500-8000.hdf5	left	right
392.0558	1	Stimulus/S  1	1	3920558	3920566	64	4	50	pips_l400_r40_500-8000.hdf5	left	right
393.1224	1	Stimulus/S  1	1	3931224	3931232	64	5	30	pips_l400_r40_500-8000.hdf5	left	right
394.1678	1	Stimulus/S  1	1	3941678	3941686	65	0	20	pips_l400_r40_500-8000.hdf5	left	right
395.2345	1	Stimulus/S  1	1	3952345	3952353	65	1	40	pips_l400_r40_500-8000.hdf5	left	right
396.3011	1	Stimulus/S  1	1	3963011	3963019	65	2	60	pips_l400_r40_500-8000.hdf5	left	right
397.3572	1	Stimulus/S  1	1	3973572	3973580	65	3	70	pips_l400_r40_500-8000.hdf5	left	right
398.4025	1	Stimulus/S  1	1	3984025	3984033	65	4	50	pips_l400_r40_500-8000.hdf5	left	right
399.4585	1	Stimulus/S  1	1	3994585	3994593	65	5	30	pips_l400_r40_500-8000.hdf5	left	right
400.5039	1	Stimulus/S  1	1	4005039	4005047	66	0	20	pips_l400_r40_500-8000.hdf5	left	right
401.5492	1	Stimulus/S  1	1	4015492	4015500	66	1	40	pips_l400_r40_500-8000.hdf5	left	right
402.6159	1	Stimulus/S  1	1	4026159	4026167	66	2	60	pips_l400_r40_500-8000.hdf5	left	right
403.6932	1	Stimulus/S  1	1	4036932	4036940	66	3	70	pips_l400_r40_500-8000.hdf5	left	right
404.7386	1	Stimulus/S  1	1	4047386	4047394	66	4	50	pips_l400_r40_500-8000.hdf5	left	right
405.7839	1	Stimulus/S  1	1	4057839	4057847	66	5	30	pips_l400_r40_500-8000.hdf5	left	right
406.8399	1	Stimulus/S  1	1	4068399	4068407	67	0	20	pips_l400_r40_500-8000.hdf5	left	right
407.9066	1	Stimulus/S  1	1	4079066	4079074	67	1	40	pips_l400_r40_500-8000.hdf5	left	right
408.9733	1	Stimulus/S  1	1	4089733	4089741	67	2	60	pips_l400_r40_500-8000.hdf5	left	right
410.0399	1	Stimulus/S  1	1	4100399	4100407	67	3	70	pips_l400_r40_500-8000.hdf5	left	right
411.1066	1	Stimulus/S  1	1	4111066	4111074	67	4	50	pips_l400_r40_500-8000.hdf5	left	right
412.152	1	Stimulus/S  1	1	4121520	4121528	67	5	30	pips_l400_r40_500-8000.hdf5	left	right
413.2186	1	Stimulus/S  1	1	4132186	4132194	68	0	20	pips_l400_r40_500-8000.hdf5	left	right
414.2853	1	Stimulus/S  1	1	4142853	4142861	68	1	40	pips_l400_r40_500-8000.hdf5	left	right
415.3413	1	Stimulus/S  1	1	4153413	4153421	68	2	60	pips_l400_r40_500-8000.hdf5	left	right
416.3867	1	Stimulus/S  1	1	4163867	4163875	68	3	70	pips_l400_r40_500-8000.hdf5	left	right
417.4533	1	Stimulus/S  1	1	4174533	4174541	68	4	50	pips_l400_r40_500-8000.hdf5	left	right
418.5094	1	Stimulus/S  1	1	4185094	4185102	68	5	30	pips_l400_r40_500-8000.hdf5	left	right
419.5547	1	Stimulus/S  1	1	4195547	4195555	69	0	20	pips_l400_r40_500-8000.hdf5	left	right
420.6214	1	Stimulus/S  1	1	4206214	4206222	69	1	40	pips_l400_r40_500-8000.hdf5	left	right
421.6881	1	Stimulus/S  1	1	4216881	4216889	69	2	60	pips_l400_r40_500-8000.hdf5	left	right
422.7334	1	Stimulus/S  1	1	4227334	4227342	69	3	70	pips_l400_r40_500-8000.hdf5	left	right
423.8001	1	Stimulus/S  1	1	4238001	4238009	69	4	50	pips_l400_r40_500-8000.hdf5	left	right
424.8668	1	Stimulus/S  1	1	4248668	4248676	69	5	30	pips_l400_r40_500-8000.hdf5	left	right
425.9334	1	Stimulus/S  1	1	4259334	4259342	70	0	20	pips_l400_r40_500-8000.hdf5	left	right
427.0001	1	Stimulus/S  1	1	4270001	4270009	70	1	40	pips_l400_r40_500-8000.hdf5	left	right
428.0561	1	Stimulus/S  1	1	4280561	4280569	70	2	60	pips_l400_r40_500-8000.hdf5	left	right
429.1015	1	Stimulus/S  1	1	4291015	4291023	70	3	70	pips_l400_r40_500-8000.hdf5	left	right
430.1681	1	Stimulus/S  1	1	4301681	4301689	70	4	50	pips_l400_r40_500-8000.hdf5	left	right
431.2348	1	Stimulus/S  1	1	4312348	4312356	70	5	30	pips_l400_r40_500-8000.hdf5	left	right
432.2908	1	Stimulus/S  1	1	4322908	4322916	71	0	20	pips_l400_r40_500-8000.hdf5	left	right
433.3362	1	Stimulus/S  1	1	4333362	4333370	71	1	40	pips_l400_r40_500-8000.hdf5	left	right
434.3922	1	Stimulus/S  1	1	4343922	4343930	71	2	60	pips_l400_r40_500-8000.hdf5	left	right
435.4375	1	Stimulus/S  1	1	4354375	4354383	71	3	70	pips_l400_r40_500-8000.hdf5	left	right
436.5042	1	Stimulus/S  1	1	4365042	4365050	71	4	50	pips_l400_r40_500-8000.hdf5	left	right
437.5709	1	Stimulus/S  1	1	4375709	4375717	71	5	30	pips_l400_r40_500-8000.hdf5	left	right
438.6375	1	Stimulus/S  1	1	4386375	4386383	72	0	20	pips_l400_r40_500-8000.hdf5	left	right
439.6936	1	Stimulus/S  1	1	4396936	4396944	72	1	40	pips_l400_r40_500-8000.hdf5	left	right
440.7389	1	Stimulus/S  1	1	4407389	4407397	72	2	60	pips_l400_r40_500-8000.hdf5	left	right
441.7842	1	Stimulus/S  1	1	4417842	4417850	72	3	70	pips_l400_r40_500-8000.hdf5	left	right
442.8403	1	Stimulus/S  1	1	4428403	4428411	72	4	50	pips_l400_r40_500-8000.hdf5	left	right
443.9069	1	Stimulus/S  1	1	4439069	4439077	72	5	30	pips_l400_r40_500-8000.hdf5	left	right
444.9736	1	Stimulus/S  1	1	4449736	4449744	73	0	20	pips_l400_r40_500-8000.hdf5	left	right
446.019	1	Stimulus/S  1	1	4460190	4460198	73	1	40	pips_l400_r40_500-8000.hdf5	left	right
447.075	1	Stimulus/S  1	1	4470750	4470758	73	2	60	pips_l400_r40_500-8000.hdf5	left	right
448.1203	1	Stimulus/S  1	1	4481203	4481211	73	3	70	pips_l400_r40_500-8000.hdf5	left	right
449.187	1	Stimulus/S  1	1	4491870	4491878	73	4	50	pips_l400_r40_500-8000.hdf5	left	right
450.243	1	Stimulus/S  1	1	4502430	4502438	73	5	30	pips_l400_r40_500-8000.hdf5	left	right
451.2883	1	Stimulus/S  1	1	4512883	4512891	74	0	20	pips_l400_r40_500-8000.hdf5	left	right
452.355	1	Stimulus/S  1	1	4523550	4523558	74	1	40	pips_l400_r40_500-8000.hdf5	left	right
453.4217	1	Stimulus/S  1	1	4534217	4534225	74	2	60	pips_l400_r40_500-8000.hdf5	left	right
454.4884	1	Stimulus/S  1	1	4544884	4544892	74	3	70	pips_l400_r40_500-8000.hdf5	left	right
455.555	1	Stimulus/S  1	1	4555550	4555558	74	4	50	pips_l400_r40_500-8000.hdf5	left	right
456.6004	1	Stimulus/S  1	1	4566004	4566012	74	5	30	pips_l400_r40_500-8000.hdf5	left	right
457.6564	1	Stimulus/S  1	1	4576564	4576572	75	0	20	pips_l400_r40_500-8000.hdf5	left	right
458.7231	1	Stimulus/S  1	1	4587231	4587239	75	1	40	pips_l400_r40_500-8000.hdf5	left	right
459.7898	1	Stimulus/S  1	1	4597898	4597906	75	2	60	pips_l400_r40_500-8000.hdf5	left	right
460.8351	1	Stimulus/S  1	1	4608351	4608359	75	3	70	pips_l400_r40_500-8000.hdf5	left	right
461.8911	1	Stimulus/S  1	1	4618911	4618919	75	4	50	pips_l400_r40_500-8000.hdf5	left	right
462.9364	1	Stimulus/S  1	1	4629364	4629372	75	5	30	pips_l400_r40_500-8000.hdf5	left	right
463.9925	1	Stimulus/S  1	1	4639925	4639933	76	0	20	pips_l400_r40_500-8000.hdf5	left	right
465.0378	1	Stimulus/S  1	1	4650378	4650386	76	1	40	pips_l400_r40_500-8000.hdf5	left	right
466.1045	1	Stimulus/S  1	1	4661045	4661053	76	2	60	pips_l400_r40_500-8000.hdf5	left	right
467.1605	1	Stimulus/S  1	1	4671605	4671613	76	3	70	pips_l400_r40_500-8000.hdf5	left	right
468.2058	1	Stimulus/S  1	1	4682058	4682066	76	4	50	pips_l400_r40_500-8000.hdf5	left	right
469.2725	1	Stimulus/S  1	1	4692725	4692733	76	5	30	pips_l400_r40_500-8000.hdf5	left	right
470.3392	1	Stimulus/S  1	1	4703392	4703400	77	0	20	pips_l400_r40_500-8000.hdf5	left	right
471.4059	1	Stimulus/S  1	1	4714059	4714067	77	1	40	pips_l400_r40_500-8000.hdf5	left	right
472.4619	1	Stimulus/S  1	1	4724619	4724627	77	2	60	pips_l400_r40_500-8000.hdf5	left	right
473.5072	1	Stimulus/S  1	1	4735072	4735080	77	3	70	pips_l400_r40_500-8000.hdf5	left	right
474.5739	1	Stimulus/S  1	1	4745739	4745747	77	4	50	pips_l400_r40_500-8000.hdf5	left	right
475.6192	1	Stimulus/S  1	1	4756192	4756200	77	5	30	pips_l400_r40_500-8000.hdf5	left	right
476.6859	1	Stimulus/S  1	1	4766859	4766867	78	0	20	pips_l400_r40_500-8000.hdf5	left	right
477.7526	1	Stimulus/S  1	1	4777526	4777534	78	1	40	pips_l400_r40_500-8000.hdf5	left	right
478.8193	1	Stimulus/S  1	1	4788193	4788201	78	2	60	pips_l400_r40_500-8000.hdf5	left	right
479.8753	1	Stimulus/S  1	1	4798753	4798761	78	3	70	pips_l400_r40_500-8000.hdf5	left	right
480.9206	1	Stimulus/S  1	1	4809206	4809214	78	4	50	pips_l400_r40_500-8000.hdf5	left	right
481.9873	1	Stimulus/S  1	1	4819873	4819881	78	5	30	pips_l400_r40_500-8000.hdf5	left	right
483.0433	1	Stimulus/S  1	1	4830433	4830441	79	0	20	pips_l400_r40_500-8000.hdf5	left	right
484.0886	1	Stimulus/S  1	1	4840886	4840894	79	1	40	pips_l400_r40_500-8000.hdf5	left	right
485.1553	1	Stimulus/S  1	1	4851553	4851561	79	2	60	pips_l400_r40_500-8000.hdf5	left	right
486.2113	1	Stimulus/S  1	1	4862113	4862121	79	3	70	pips_l400_r40_500-8000.hdf5	left	right
487.2567	1	Stimulus/S  1	1	4872567	4872575	79	4	50	pips_l400_r40_500-8000.hdf5	left	right
488.3234	1	Stimulus/S  1	1	4883234	4883242	79	5	30	pips_l400_r40_500-8000.hdf5	left	right
489.3687	1	Stimulus/S  1	1	4893687	4893695	80	0	20	pips_l400_r40_500-8000.hdf5	left	right
490.4247	1	Stimulus/S  1	1	4904247	4904255	80	1	40	pips_l400_r40_500-8000.hdf5	left	right
491.4914	1	Stimulus/S  1	1	4914914	4914922	80	2	60	pips_l400_r40_500-8000.hdf5	left	right
492.5581	1	Stimulus/S  1	1	4925581	4925589	80	3	70	pips_l400_r40_500-8000.hdf5	left	right
493.6247	1	Stimulus/S  1	1	4936247	4936255	80	4	50	pips_l400_r40_500-8000.hdf5	left	right
494.6914	1	Stimulus/S  1	1	4946914	4946922	80	5	30	pips_l400_r40_500-8000.hdf5	left	right
495.7368	1	Stimulus/S  1	1	4957368	4957376	81	0	20	pips_l400_r40_500-8000.hdf5	left	right
496.7928	1	Stimulus/S  1	1	4967928	4967936	81	1	40	pips_l400_r40_500-8000.hdf5	left	right
497.8381	1	Stimulus/S  1	1	4978381	4978389	81	2	60	pips_l400_r40_500-8000.hdf5	left	right
498.9048	1	Stimulus/S  1	1	4989048	4989056	81	3	70	pips_l400_r40_500-8000.hdf5	left	right
499.9715	1	Stimulus/S  1	1	4999715	4999723	81	4	50	pips_l400_r40_500-8000.hdf5	left	right
501.0381	1	Stimulus/S  1	1	5010381	5010389	81	5	30	pips_l400_r40_500-8000.hdf5	left	right
502.1048	1	Stimulus/S  1	1	5021048	5021056	82	0	20	pips_l400_r40_500-8000.hdf5	left	right
503.1608	1	Stimulus/S  1	1	5031608	5031616	82	1	40	pips_l400_r40_500-8000.hdf5	left	right
504.2062	1	Stimulus/S  1	1	5042062	5042070	82	2	60	pips_l400_r40_500-8000.hdf5	left	right
505.2515	1	Stimulus/S  1	1	5052515	5052523	82	3	70	pips_l400_r40_500-8000.hdf5	left	right
506.3182	1	Stimulus/S  1	1	5063182	5063190	82	4	50	pips_l400_r40_500-8000.hdf5	left	right
507.3742	1	Stimulus/S  1	1	5073742	5073750	82	5	30	pips_l400_r40_500-8000.hdf5	left	right
508.4195	1	Stimulus/S  1	1	5084195	5084203	83	0	20	pips_l400_r40_500-8000.hdf5	left	right
509.4756	1	Stimulus/S  1	1	5094756	5094764	83	1	40	pips_l400_r40_500-8000.hdf5	left	right
510.5209	1	Stimulus/S  1	1	5105209	5105217	83	2	60	pips_l400_r40_500-8000.hdf5	left	right
511.5769	1	Stimulus/S  1	1	5115769	5115777	83	3	70	pips_l400_r40_500-8000.hdf5	left	right
512.6436	1	Stimulus/S  1	1	5126436	5126444	83	4	50	pips_l400_r40_500-8000.hdf5	left	right
513.7103	1	Stimulus/S  1	1	5137103	5137111	83	5	30	pips_l400_r40_500-8000.hdf5	left	right
514.7556	1	Stimulus/S  1	1	5147556	5147564	84	0	20	pips_l400_r40_500-8000.hdf5	left	right
515.801	1	Stimulus/S  1	1	5158010	5158018	84	1	40	pips_l400_r40_500-8000.hdf5	left	right
516.857	1	Stimulus/S  1	1	5168570	5168578	84	2	60	pips_l400_r40_500-8000.hdf5	left	right
517.9236	1	Stimulus/S  1	1	5179236	5179244	84	3	70	pips_l400_r40_500-8000.hdf5	left	right
518.9903	1	Stimulus/S  1	1	5189903	5189911	84	4	50	pips_l400_r40_500-8000.hdf5	left	right
520.057	1	Stimulus/S  1	1	5200570	5200578	84	5	30	pips_l400_r40_500-8000.hdf5	left	right
521.1237	1	Stimulus/S  1	1	5211237	5211245	85	0	20	pips_l400_r40_500-8000.hdf5	left	right
522.1903	1	Stimulus/S  1	1	5221903	5221911	85	1	40	pips_l400_r40_500-8000.hdf5	left	right
523.2357	1	Stimulus/S  1	1	5232357	5232365	85	2	60	pips_l400_r40_500-8000.hdf5	left	right
524.2917	1	Stimulus/S  1	1	5242917	5242925	85	3	70	pips_l400_r40_500-8000.hdf5	left	right
525.3584	1	Stimulus/S  1	1	5253584	5253592	85	4	50	pips_l400_r40_500-8000.hdf5	left	right
526.4037	1	Stimulus/S  1	1	5264037	5264045	85	5	30	pips_l400_r40_500-8000.hdf5	left	right
527.4597	1	Stimulus/S  1	1	5274597	5274605	86	0	20	pips_l400_r40_500-8000.hdf5	left	right
528.5051	1	Stimulus/S  1	1	5285051	5285059	86	1	40	pips_l400_r40_500-8000.hdf5	left	right
529.5717	1	Stimulus/S  1	1	5295717	5295725	86	2	60	pips_l400_r40_500-8000.hdf5	left	right
530.6384	1	Stimulus/S  1	1	5306384	5306392	86	3	70	pips_l400_r40_500-8000.hdf5	left	right
531.6944	1	Stimulus/S  1	1	5316944	5316952	86	4	50	pips_l400_r40_500-8000.hdf5	left	right
532.7398	1	Stimulus/S  1	1	5327398	5327406	86	5	30	pips_l400_r40_500-8000.hdf5	left	right
533.7851	1	Stimulus/S  1	1	5337851	5337859	87	0	20	pips_l400_r40_500-8000.hdf5	left	right
534.8411	1	Stimulus/S  1	1	5348411	5348419	87	1	40	pips_l400_r40_500-8000.hdf5	left	right
535.9078	1	Stimulus/S  1	1	5359078	5359086	87	2	60	pips_l400_r40_500-8000.hdf5	left	right
536.9532	1	Stimulus/S  1	1	5369532	5369540	87	3	70	pips_l400_r40_500-8000.hdf5	left	right
538.0092	1	Stimulus/S  1	1	5380092	5380100	87	4	50	pips_l400_r40_500-8000.hdf5	left	right
539.0545	1	Stimulus/S  1	1	5390545	5390553	87	5	30	pips_l400_r40_500-8000.hdf5	left	right
540.1212	1	Stimulus/S  1	1	5401212	5401220	88	0	20	pips_l400_r40_500-8000.hdf5	left	right
541.1772	1	Stimulus/S  1	1	5411772	5411780	88	1	40	pips_l400_r40_500-8000.hdf5	left	right
542.2225	1	Stimulus/S  1	1	5422225	5422233	88	2	60	pips_l400_r40_500-8000.hdf5	left	right
543.2892	1	Stimulus/S  1	1	5432892	5432900	88	3	70	pips_l400_r40_500-8000.hdf5	left	right
544.3559	1	Stimulus/S  1	1	5443559	5443567	88	4	50	pips_l400_r40_500-8000.hdf5	left	right
545.4226	1	Stimulus/S  1	1	5454226	5454234	88	5	30	pips_l400_r40_500-8000.hdf5	left	right
546.4786	1	Stimulus/S  1	1	5464786	5464794	89	0	20	pips_l400_r40_500-8000.hdf5	left	right
547.5239	1	Stimulus/S  1	1	5475239	5475247	89	1	40	pips_l400_r40_500-8000.hdf5	left	right
548.5693	1	Stimulus/S  1	1	5485693	5485701	89	2	60	pips_l400_r40_500-8000.hdf5	left	right
549.6253	1	Stimulus/S  1	1	5496253	5496261	89	3	70	pips_l400_r40_500-8000.hdf5	left	right
550.6919	1	Stimulus/S  1	1	5506919	5506927	89	4	50	pips_l400_r40_500-8000.hdf5	left	right
551.7373	1	Stimulus/S  1	1	5517373	5517381	89	5	30	pips_l400_r40_500-8000.hdf5	left	right
552.7933	1	Stimulus/S  1	1	5527933	5527941	90	0	20	pips_l400_r40_500-8000.hdf5	left	right
553.86	1	Stimulus/S  1	1	5538600	5538608	90	1	40	pips_l400_r40_500-8000.hdf5	left	right
554.9267	1	Stimulus/S  1	1	5549267	5549275	90	2	60	pips_l400_r40_500-8000.hdf5	left	right
555.972	1	Stimulus/S  1	1	5559720	5559728	90	3	70	pips_l400_r40_500-8000.hdf5	left	right
557.028	1	Stimulus/S  1	1	5570280	5570288	90	4	50	pips_l400_r40_500-8000.hdf5	left	right
558.0947	1	Stimulus/S  1	1	5580947	5580955	90	5	30	pips_l400_r40_500-8000.hdf5	left	right
559.1614	1	Stimulus/S  1	1	5591614	5591622	91	0	20	pips_l400_r40_500-8000.hdf5	left	right
560.2067	1	Stimulus/S  1	1	5602067	5602075	91	1	40	pips_l400_r40_500-8000.hdf5	left	right
561.252	1	Stimulus/S  1	1	5612520	5612528	91	2	60	pips_l400_r40_500-8000.hdf5	left	right
562.3294	1	Stimulus/S  1	1	5623294	5623302	91	3	70	pips_l400_r40_500-8000.hdf5	left	right
563.3854	1	Stimulus/S  1	1	5633854	5633862	91	4	50	pips_l400_r40_500-8000.hdf5	left	right
564.4414	1	Stimulus/S  1	1	5644414	5644422	91	5	30	pips_l400_r40_500-8000.hdf5	left	right
565.4868	1	Stimulus/S  1	1	5654868	5654876	92	0	20	pips_l400_r40_500-8000.hdf5	left	right
566.5534	1	Stimulus/S  1	1	5665534	5665542	92	1	40	pips_l400_r40_500-8000.hdf5	left	right
567.6201	1	Stimulus/S  1	1	5676201	5676209	92	2	60	pips_l400_r40_500-8000.hdf5	left	right
568.6761	1	Stimulus/S  1	1	5686761	5686769	92	3	70	pips_l400_r40_500-8000.hdf5	left	right
569.7428	1	Stimulus/S  1	1	5697428	5697436	92	4	50	pips_l400_r40_500-8000.hdf5	left	right
570.8095	1	Stimulus/S  1	1	5708095	5708103	92	5	30	pips_l400_r40_500-8000.hdf5	left	right
571.8548	1	Stimulus/S  1	1	5718548	5718556	93	0	20	pips_l400_r40_500-8000.hdf5	left	right
572.9108	1	Stimulus/S  1	1	5729108	5729116	93	1	40	pips_l400_r40_500-8000.hdf5	left	right
573.9775	1	Stimulus/S  1	1	5739775	5739783	93	2	60	pips_l400_r40_500-8000.hdf5	left	right
575.0442	1	Stimulus/S  1	1	5750442	5750450	93	3	70	pips_l400_r40_500-8000.hdf5	left	right
576.0895	1	Stimulus/S  1	1	5760895	5760903	93	4	50	pips_l400_r40_500-8000.hdf5	left	right
577.1455	1	Stimulus/S  1	1	5771455	5771463	93	5	30	pips_l400_r40_500-8000.hdf5	left	right
578.2122	1	Stimulus/S  1	1	5782122	5782130	94	0	20	pips_l400_r40_500-8000.hdf5	left	right
579.2789	1	Stimulus/S  1	1	5792789	5792797	94	1	40	pips_l400_r40_500-8000.hdf5	left	right
580.3242	1	Stimulus/S  1	1	5803242	5803250	94	2	60	pips_l400_r40_500-8000.hdf5	left	right
581.3909	1	Stimulus/S  1	1	5813909	5813917	94	3	70	pips_l400_r40_500-8000.hdf5	left	right
582.4576	1	Stimulus/S  1	1	5824576	5824584	94	4	50	pips_l400_r40_500-8000.hdf5	left	right
583.5243	1	Stimulus/S  1	1	5835243	5835251	94	5	30	pips_l400_r40_500-8000.hdf5	left	right
584.5909	1	Stimulus/S  1	1	5845909	5845917	95	0	20	pips_l400_r40_500-8000.hdf5	left	right
585.6576	1	Stimulus/S  1	1	5856576	5856584	95	1	40	pips_l400_r40_500-8000.hdf5	left	right
586.703	1	Stimulus/S  1	1	5867030	5867038	95	2	60	pips_l400_r40_500-8000.hdf5	left	right
587.759	1	Stimulus/S  1	1	5877590	5877598	95	3	70	pips_l400_r40_500-8000.hdf5	left	right
588.8043	1	Stimulus/S  1	1	5888043	5888051	95	4	50	pips_l400_r40_500-8000.hdf5	left	right
589.871	1	Stimulus/S  1	1	5898710	5898718	95	5	30	pips_l400_r40_500-8000.hdf5	left	right
590.9377	1	Stimulus/S  1	1	5909377	5909385	96	0	20	pips_l400_r40_500-8000.hdf5	left	right
592.0043	1	Stimulus/S  1	1	5920043	5920051	96	1	40	pips_l400_r40_500-8000.hdf5	left	right
593.071	1	Stimulus/S  1	1	5930710	5930718	96	2	60	pips_l400_r40_500-8000.hdf5	left	right
594.127	1	Stimulus/S  1	1	5941270	5941278	96	3	70	pips_l400_r40_500-8000.hdf5	left	right
595.1724	1	Stimulus/S  1	1	5951724	5951732	96	4	50	pips_l400_r40_500-8000.hdf5	left	right
596.239	1	Stimulus/S  1	1	5962390	5962398	96	5	30	pips_l400_r40_500-8000.hdf5	left	right
597.2951	1	Stimulus/S  1	1	5972951	5972959	97	0	20	pips_l400_r40_500-8000.hdf5	left	right
598.3404	1	Stimulus/S  1	1	5983404	5983412	97	1	40	pips_l400_r40_500-8000.hdf5	left	right
599.4071	1	Stimulus/S  1	1	5994071	5994079	97	2	60	pips_l400_r40_500-8000.hdf5	left	right
600.4631	1	Stimulus/S  1	1	6004631	6004639	97	3	70	pips_l400_r40_500-8000.hdf5	left	right
601.5084	1	Stimulus/S  1	1	6015084	6015092	97	4	50	pips_l400_r40_500-8000.hdf5	left	right
602.5751	1	Stimulus/S  1	1	6025751	6025759	97	5	30	pips_l400_r40_500-8000.hdf5	left	right
603.6418	1	Stimulus/S  1	1	6036418	6036426	98	0	20	pips_l400_r40_500-8000.hdf5	left	right
604.6871	1	Stimulus/S  1	1	6046871	6046879	98	1	40	pips_l400_r40_500-8000.hdf5	left	right
605.7431	1	Stimulus/S  1	1	6057431	6057439	98	2	60	pips_l400_r40_500-8000.hdf5	left	right
606.7885	1	Stimulus/S  1	1	6067885	6067893	98	3	70	pips_l400_r40_500-8000.hdf5	left	right
607.8552	1	Stimulus/S  1	1	6078552	6078560	98	4	50	pips_l400_r40_500-8000.hdf5	left	right
608.9112	1	Stimulus/S  1	1	6089112	6089120	98	5	30	pips_l400_r40_500-8000.hdf5	left	right
609.9565	1	Stimulus/S  1	1	6099565	6099573	99	0	20	pips_l400_r40_500-8000.hdf5	left	right
611.0232	1	Stimulus/S  1	1	6110232	6110240	99	1	40	pips_l400_r40_500-8000.hdf5	left	right
612.0792	1	Stimulus/S  1	1	6120792	6120800	99	2	60	pips_l400_r40_500-8000.hdf5	left	right
613.1245	1	Stimulus/S  1	1	6131245	6131253	99	3	70	pips_l400_r40_500-8000.hdf5	left	right
614.1699	1	Stimulus/S  1	1	6141699	6141707	99	4	50	pips_l400_r40_500-8000.hdf5	left	right
615.2366	1	Stimulus/S  1	1	6152366	6152374	99	5	30	pips_l400_r40_500-8000.hdf5	left	right
616.3032	1	Stimulus/S  1	1	6163032	6163040	100	0	20	pips_l400_r40_500-8000.hdf5	left	right
617.3593	1	Stimulus/S  1	1	6173593	6173601	100	1	40	pips_l400_r40_500-8000.hdf5	left	right
618.4046	1	Stimulus/S  1	1	6184046	6184054	100	2	60	pips_l400_r40_500-8000.hdf5	left	right
619.4713	1	Stimulus/S  1	1	6194713	6194721	100	3	70	pips_l400_r40_500-8000.hdf5	left	right
620.5273	1	Stimulus/S  1	1	6205273	6205281	100	4	50	pips_l400_r40_500-8000.hdf5	left	right
621.5726	1	Stimulus/S  1	1	6215726	6215734	100	5	30	pips_l400_r40_500-8000.hdf5	left	right
622.6393	1	Stimulus/S  1	1	6226393	6226401	101	0	20	pips_l400_r40_500-8000.hdf5	left	right
623.706	1	Stimulus/S  1	1	6237060	6237068	101	1	40	pips_l400_r40_500-8000.hdf5	left	right
624.762	1	Stimulus/S  1	1	6247620	6247628	101	2	60	pips_l400_r40_500-8000.hdf5	left	right
625.8073	1	Stimulus/S  1	1	6258073	6258081	101	3	70	pips_l400_r40_500-8000.hdf5	left	right
626.874	1	Stimulus/S  1	1	6268740	6268748	101	4	50	pips_l400_r40_500-8000.hdf5	left	right
627.9407	1	Stimulus/S  1	1	6279407	6279415	101	5	30	pips_l400_r40_500-8000.hdf5	left	right
629.0074	1	Stimulus/S  1	1	6290074	6290082	102	0	20	pips_l400_r40_500-8000.hdf5	left	right
630.0634	1	Stimulus/S  1	1	6300634	6300642	102	1	40	pips_l400_r40_500-8000.hdf5	left	right
631.1087	1	Stimulus/S  1	1	6311087	6311095	102	2	60	pips_l400_r40_500-8000.hdf5	left	right
632.1754	1	Stimulus/S  1	1	6321754	6321762	102	3	70	pips_l400_r40_500-8000.hdf5	left	right
633.2207	1	Stimulus/S  1	1	6332207	6332215	102	4	50	pips_l400_r40_500-8000.hdf5	left	right
634.2874	1	Stimulus/S  1	1	6342874	6342882	102	5	30	pips_l400_r40_500-8000.hdf5	left	right
635.3541	1	Stimulus/S  1	1	6353541	6353549	103	0	20	pips_l400_r40_500-8000.hdf5	left	right
636.4101	1	Stimulus/S  1	1	6364101	6364109	103	1	40	pips_l400_r40_500-8000.hdf5	left	right
637.4554	1	Stimulus/S  1	1	6374554	6374562	103	2	60	pips_l400_r40_500-8000.hdf5	left	right
638.5221	1	Stimulus/S  1	1	6385221	6385229	103	3	70	pips_l400_r40_500-8000.hdf5	left	right
639.5888	1	Stimulus/S  1	1	6395888	6395896	103	4	50	pips_l400_r40_500-8000.hdf5	left	right
640.6555	1	Stimulus/S  1	1	6406555	6406563	103	5	30	pips_l400_r40_500-8000.hdf5	left	right
641.7115	1	Stimulus/S  1	1	6417115	6417123	104	0	20	pips_l400_r40_500-8000.hdf5	left	right
642.7568	1	Stimulus/S  1	1	6427568	6427576	104	1	40	pips_l400_r40_500-8000.hdf5	left	right
643.8235	1	Stimulus/S  1	1	6438235	6438243	104	2	60	pips_l400_r40_500-8000.hdf5	left	right
644.8795	1	Stimulus/S  1	1	6448795	6448803	104	3	70	pips_l400_r40_500-8000.hdf5	left	right
645.9249	1	Stimulus/S  1	1	6459249	6459257	104	4	50	pips_l400_r40_500-8000.hdf5	left	right
646.9702	1	Stimulus/S  1	1	6469702	6469710	104	5	30	pips_l400_r40_500-8000.hdf5	left	right
648.0262	1	Stimulus/S  1	1	6480262	6480270	105	0	20	pips_l400_r40_500-8000.hdf5	left	right
649.0929	1	Stimulus/S  1	1	6490929	6490937	105	1	40	pips_l400_r40_500-8000.hdf5	left	right
650.1382	1	Stimulus/S  1	1	6501382	6501390	105	2	60	pips_l400_r40_500-8000.hdf5	left	right
651.1942	1	Stimulus/S  1	1	6511942	6511950	105	3	70	pips_l400_r40_500-8000.hdf5	left	right
652.2609	1	Stimulus/S  1	1	6522609	6522617	105	4	50	pips_l400_r40_500-8000.hdf5	left	right
653.3063	1	Stimulus/S  1	1	6533063	6533071	105	5	30	pips_l400_r40_500-8000.hdf5	left	right
654.3729	1	Stimulus/S  1	1	6543729	6543737	106	0	20	pips_l400_r40_500-8000.hdf5	left	right
655.4289	1	Stimulus/S  1	1	6554289	6554297	106	1	40	pips_l400_r40_500-8000.hdf5	left	right
656.4743	1	Stimulus/S  1	1	6564743	6564751	106	2	60	pips_l400_r40_500-8000.hdf5	left	right
657.541	1	Stimulus/S  1	1	6575410	6575418	106	3	70	pips_l400_r40_500-8000.hdf5	left	right
658.6076	1	Stimulus/S  1	1	6586076	6586084	106	4	50	pips_l400_r40_500-8000.hdf5	left	right
659.6743	1	Stimulus/S  1	1	6596743	6596751	106	5	30	pips_l400_r40_500-8000.hdf5	left	right
660.741	1	Stimulus/S  1	1	6607410	6607418	107	0	20	pips_l400_r40_500-8000.hdf5	left	right
661.797	1	Stimulus/S  1	1	6617970	6617978	107	1	40	pips_l400_r40_500-8000.hdf5	left	right
662.8423	1	Stimulus/S  1	1	6628423	6628431	107	2	60	pips_l400_r40_500-8000.hdf5	left	right
663.8877	1	Stimulus/S  1	1	6638877	6638885	107	3	70	pips_l400_r40_500-8000.hdf5	left	right
664.9437	1	Stimulus/S  1	1	6649437	6649445	107	4	50	pips_l400_r40_500-8000.hdf5	left	right
665.989	1	Stimulus/S  1	1	6659890	6659898	107	5	30	pips_l400_r40_500-8000.hdf5	left	right
667.0451	1	Stimulus/S  1	1	6670451	6670459	108	0	20	pips_l400_r40_500-8000.hdf5	left	right
668.0904	1	Stimulus/S  1	1	6680904	6680912	108	1	40	pips_l400_r40_500-8000.hdf5	left	right
669.1464	1	Stimulus/S  1	1	6691464	6691472	108	2	60	pips_l400_r40_500-8000.hdf5	left	right
670.1918	1	Stimulus/S  1	1	6701918	6701926	108	3	70	pips_l400_r40_500-8000.hdf5	left	right
671.2584	1	Stimulus/S  1	1	6712584	6712592	108	4	50	pips_l400_r40_500-8000.hdf5	left	right
672.3038	1	Stimulus/S  1	1	6723038	6723046	108	5	30	pips_l400_r40_500-8000.hdf5	left	right
673.3705	1	Stimulus/S  1	1	6733705	6733713	109	0	20	pips_l400_r40_500-8000.hdf5	left	right
674.4265	1	Stimulus/S  1	1	6744265	6744273	109	1	40	pips_l400_r40_500-8000.hdf5	left	right
675.4718	1	Stimulus/S  1	1	6754718	6754726	109	2	60	pips_l400_r40_500-8000.hdf5	left	right
676.5385	1	Stimulus/S  1	1	6765385	6765393	109	3	70	pips_l400_r40_500-8000.hdf5	left	right
677.6052	1	Stimulus/S  1	1	6776052	6776060	109	4	50	pips_l400_r40_500-8000.hdf5	left	right
678.6612	1	Stimulus/S  1	1	6786612	6786620	109	5	30	pips_l400_r40_500-8000.hdf5	left	right
679.7065	1	Stimulus/S  1	1	6797065	6797073	110	0	20	pips_l400_r40_500-8000.hdf5	left	right
680.7625	1	Stimulus/S  1	1	6807625	6807633	110	1	40	pips_l400_r40_500-8000.hdf5	left	right
681.8292	1	Stimulus/S  1	1	6818292	6818300	110	2	60	pips_l400_r40_500-8000.hdf5	left	right
682.8959	1	Stimulus/S  1	1	6828959	6828967	110	3	70	pips_l400_r40_500-8000.hdf5	left	right
683.9412	1	Stimulus/S  1	1	6839412	6839420	110	4	50	pips_l400_r40_500-8000.hdf5	left	right
684.9972	1	Stimulus/S  1	1	6849972	6849980	110	5	30	pips_l400_r40_500-8000.hdf5	left	right
686.0426	1	Stimulus/S  1	1	6860426	6860434	111	0	20	pips_l400_r40_500-8000.hdf5	left	right
687.1092	1	Stimulus/S  1	1	6871092	6871100	111	1	40	pips_l400_r40_500-8000.hdf5	left	right
688.1759	1	Stimulus/S  1	1	6881759	6881767	111	2	60	pips_l400_r40_500-8000.hdf5	left	right
689.2213	1	Stimulus/S  1	1	6892213	6892221	111	3	70	pips_l400_r40_500-8000.hdf5	left	right
690.2773	1	Stimulus/S  1	1	6902773	6902781	111	4	50	pips_l400_r40_500-8000.hdf5	left	right
691.3226	1	Stimulus/S  1	1	6913226	6913234	111	5	30	pips_l400_r40_500-8000.hdf5	left	right
692.3893	1	Stimulus/S  1	1	6923893	6923901	112	0	20	pips_l400_r40_500-8000.hdf5	left	right
693.4453	1	Stimulus/S  1	1	6934453	6934461	112	1	40	pips_l400_r40_500-8000.hdf5	left	right
694.4907	1	Stimulus/S  1	1	6944907	6944915	112	2	60	pips_l400_r40_500-8000.hdf5	left	right
695.5467	1	Stimulus/S  1	1	6955467	6955475	112	3	70	pips_l400_r40_500-8000.hdf5	left	right
696.6133	1	Stimulus/S  1	1	6966133	6966141	112	4	50	pips_l400_r40_500-8000.hdf5	left	right
697.68	1	Stimulus/S  1	1	6976800	6976808	112	5	30	pips_l400_r40_500-8000.hdf5	left	right
698.7467	1	Stimulus/S  1	1	6987467	6987475	113	0	20	pips_l400_r40_500-8000.hdf5	left	right
699.792	1	Stimulus/S  1	1	6997920	6997928	113	1	40	pips_l400_r40_500-8000.hdf5	left	right
700.8374	1	Stimulus/S  1	1	7008374	7008382	113	2	60	pips_l400_r40_500-8000.hdf5	left	right
701.9147	1	Stimulus/S  1	1	7019147	7019155	113	3	70	pips_l400_r40_500-8000.hdf5	left	right
702.9814	1	Stimulus/S  1	1	7029814	7029822	113	4	50	pips_l400_r40_500-8000.hdf5	left	right
704.0267	1	Stimulus/S  1	1	7040267	7040275	113	5	30	pips_l400_r40_500-8000.hdf5	left	right
705.0721	1	Stimulus/S  1	1	7050721	7050729	114	0	20	pips_l400_r40_500-8000.hdf5	left	right
706.1388	1	Stimulus/S  1	1	7061388	7061396	114	1	40	pips_l400_r40_500-8000.hdf5	left	right
707.1948	1	Stimulus/S  1	1	7071948	7071956	114	2	60	pips_l400_r40_500-8000.hdf5	left	right
708.2401	1	Stimulus/S  1	1	7082401	7082409	114	3	70	pips_l400_r40_500-8000.hdf5	left	right
709.3068	1	Stimulus/S  1	1	7093068	7093076	114	4	50	pips_l400_r40_500-8000.hdf5	left	right
710.3735	1	Stimulus/S  1	1	7103735	7103743	114	5	30	pips_l400_r40_500-8000.hdf5	left	right
711.4401	1	Stimulus/S  1	1	7114401	7114409	115	0	20	pips_l400_r40_500-8000.hdf5	left	right
712.5068	1	Stimulus/S  1	1	7125068	7125076	115	1	40	pips_l400_r40_500-8000.hdf5	left	right
713.5735	1	Stimulus/S  1	1	7135735	7135743	115	2	60	pips_l400_r40_500-8000.hdf5	left	right
714.6402	1	Stimulus/S  1	1	7146402	7146410	115	3	70	pips_l400_r40_500-8000.hdf5	left	right
715.6962	1	Stimulus/S  1	1	7156962	7156970	115	4	50	pips_l400_r40_500-8000.hdf5	left	right
716.7415	1	Stimulus/S  1	1	7167415	7167423	115	5	30	pips_l400_r40_500-8000.hdf5	left	right
717.8082	1	Stimulus/S  1	1	7178082	7178090	116	0	20	pips_l400_r40_500-8000.hdf5	left	right
718.8642	1	Stimulus/S  1	1	7188642	7188650	116	1	40	pips_l400_r40_500-8000.hdf5	left	right
719.9096	1	Stimulus/S  1	1	7199096	7199104	116	2	60	pips_l400_r40_500-8000.hdf5	left	right
720.9762	1	Stimulus/S  1	1	7209762	7209770	116	3	70	pips_l400_r40_500-8000.hdf5	left	right
722.0429	1	Stimulus/S  1	1	7220429	7220437	116	4	50	pips_l400_r40_500-8000.hdf5	left	right
723.0883	1	Stimulus/S  1	1	7230883	7230891	116	5	30	pips_l400_r40_500-8000.hdf5	left	right
724.1443	1	Stimulus/S  1	1	7241443	7241451	117	0	20	pips_l400_r40_500-8000.hdf5	left	right
725.1896	1	Stimulus/S  1	1	7251896	7251904	117	1	40	pips_l400_r40_500-8000.hdf5	left	right
726.2563	1	Stimulus/S  1	1	7262563	7262571	117	2	60	pips_l400_r40_500-8000.hdf5	left	right
727.323	1	Stimulus/S  1	1	7273230	7273238	117	3	70	pips_l400_r40_500-8000.hdf5	left	right
728.379	1	Stimulus/S  1	1	7283790	7283798	117	4	50	pips_l400_r40_500-8000.hdf5	left	right
729.4457	1	Stimulus/S  1	1	7294457	7294465	117	5	30	pips_l400_r40_500-8000.hdf5	left	right
730.5123	1	Stimulus/S  1	1	7305123	7305131	118	0	20	pips_l400_r40_500-8000.hdf5	left	right
731.5577	1	Stimulus/S  1	1	7315577	7315585	118	1	40	pips_l400_r40_500-8000.hdf5	left	right
732.6137	1	Stimulus/S  1	1	7326137	7326145	118	2	60	pips_l400_r40_500-8000.hdf5	left	right
733.6804	1	Stimulus/S  1	1	7336804	7336812	118	3	70	pips_l400_r40_500-8000.hdf5	left	right
734.7257	1	Stimulus/S  1	1	7347257	7347265	118	4	50	pips_l400_r40_500-8000.hdf5	left	right
735.7817	1	Stimulus/S  1	1	7357817	7357825	118	5	30	pips_l400_r40_500-8000.hdf5	left	right
736.8484	1	Stimulus/S  1	1	7368484	7368492	119	0	20	pips_l400_r40_500-8000.hdf5	left	right
737.8937	1	Stimulus/S  1	1	7378937	7378945	119	1	40	pips_l400_r40_500-8000.hdf5	left	right
738.9391	1	Stimulus/S  1	1	7389391	7389399	119	2	60	pips_l400_r40_500-8000.hdf5	left	right
740.0058	1	Stimulus/S  1	1	7400058	7400066	119	3	70	pips_l400_r40_500-8000.hdf5	left	right
741.0618	1	Stimulus/S  1	1	7410618	7410626	119	4	50	pips_l400_r40_500-8000.hdf5	left	right
742.1071	1	Stimulus/S  1	1	7421071	7421079	119	5	30	pips_l400_r40_500-8000.hdf5	left	right
743.1738	1	Stimulus/S  1	1	7431738	7431746	0	0	20	pips_l400_r40_500-8000.hdf5	left	right
744.2298	1	Stimulus/S  1	1	7442298	7442306	0	1	40	pips_l400_r40_500-8000.hdf5	left	right
745.2965	1	Stimulus/S  1	1	7452965	7452973	0	2	60	pips_l400_r40_500-8000.hdf5	left	right
746.3418	1	Stimulus/S  1	1	7463418	7463426	0	3	70	pips_l400_r40_500-8000.hdf5	left	right
747.3978	1	Stimulus/S  1	1	7473978	7473986	0	4	50	pips_l400_r40_500-8000.hdf5	left	right
748.4645	1	Stimulus/S  1	1	7484645	7484653	0	5	30	pips_l400_r40_500-8000.hdf5	left	right
749.5098	1	Stimulus/S  1	1	7495098	7495106	1	0	20	pips_l400_r40_500-8000.hdf5	left	right
750.5552	1	Stimulus/S  1	1	7505552	7505560	1	1	40	pips_l400_r40_500-8000.hdf5	left	right
751.6219	1	Stimulus/S  1	1	7516219	7516227	1	2	60	pips_l400_r40_500-8000.hdf5	left	right
752.6779	1	Stimulus/S  1	1	7526779	7526787	1	3	70	pips_l400_r40_500-8000.hdf5	left	right
753.7232	1	Stimulus/S  1	1	7537232	7537240	1	4	50	pips_l400_r40_500-8000.hdf5	left	right
754.7899	1	Stimulus/S  1	1	7547899	7547907	1	5	30	pips_l400_r40_500-8000.hdf5	left	right
755.8459	1	Stimulus/S  1	1	7558459	7558467	2	0	20	pips_l400_r40_500-8000.hdf5	left	right
756.8912	1	Stimulus/S  1	1	7568912	7568920	2	1	40	pips_l400_r40_500-8000.hdf5	left	right
757.9579	1	Stimulus/S  1	1	7579579	7579587	2	2	60	pips_l400_r40_500-8000.hdf5	left	right
759.0246	1	Stimulus/S  1	1	7590246	7590254	2	3	70	pips_l400_r40_500-8000.hdf5	left	right
760.0806	1	Stimulus/S  1	1	7600806	7600814	2	4	50	pips_l400_r40_500-8000.hdf5	left	right
761.126	1	Stimulus/S  1	1	7611260	7611268	2	5	30	pips_l400_r40_500-8000.hdf5	left	right
762.182	1	Stimulus/S  1	1	7621820	7621828	3	0	20	pips_l400_r40_500-8000.hdf5	left	right
763.2273	1	Stimulus/S  1	1	7632273	7632281	3	1	40	pips_l400_r40_500-8000.hdf5	left	right
764.2726	1	Stimulus/S  1	1	7642726	7642734	3	2	60	pips_l400_r40_500-8000.hdf5	left	right
765.3393	1	Stimulus/S  1	1	7653393	7653401	3	3	70	pips_l400_r40_500-8000.hdf5	left	right
766.3953	1	Stimulus/S  1	1	7663953	7663961	3	4	50	pips_l400_r40_500-8000.hdf5	left	right
767.462	1	Stimulus/S  1	1	7674620	7674628	3	5	30	pips_l400_r40_500-8000.hdf5	left	right
768.5287	1	Stimulus/S  1	1	7685287	7685295	4	0	20	pips_l400_r40_500-8000.hdf5	left	right
769.5954	1	Stimulus/S  1	1	7695954	7695962	4	1	40	pips_l400_r40_500-8000.hdf5	left	right
770.662	1	Stimulus/S  1	1	7706620	7706628	4	2	60	pips_l400_r40_500-8000.hdf5	left	right
771.7074	1	Stimulus/S  1	1	7717074	7717082	4	3	70	pips_l400_r40_500-8000.hdf5	left	right
772.7634	1	Stimulus/S  1	1	7727634	7727642	4	4	50	pips_l400_r40_500-8000.hdf5	left	right
773.8087	1	Stimulus/S  1	1	7738087	7738095	4	5	30	pips_l400_r40_500-8000.hdf5	left	right
774.8754	1	Stimulus/S  1	1	7748754	7748762	5	0	20	pips_l400_r40_500-8000.hdf5	left	right
775.9421	1	Stimulus/S  1	1	7759421	7759429	5	1	40	pips_l400_r40_500-8000.hdf5	left	right
777.0088	1	Stimulus/S  1	1	7770088	7770096	5	2	60	pips_l400_r40_500-8000.hdf5	left	right
778.0754	1	Stimulus/S  1	1	7780754	7780762	5	3	70	pips_l400_r40_500-8000.hdf5	left	right
779.1315	1	Stimulus/S  1	1	7791315	7791323	5	4	50	pips_l400_r40_500-8000.hdf5	left	right
780.1768	1	Stimulus/S  1	1	7801768	7801776	5	5	30	pips_l400_r40_500-8000.hdf5	left	right
781.2435	1	Stimulus/S  1	1	7812435	7812443	6	0	20	pips_l400_r40_500-8000.hdf5	left	right
782.3102	1	Stimulus/S  1	1	7823102	7823110	6	1	40	pips_l400_r40_500-8000.hdf5	left	right
783.3662	1	Stimulus/S  1	1	7833662	7833670	6	2	60	pips_l400_r40_500-8000.hdf5	left	right
784.4328	1	Stimulus/S  1	1	7844328	7844336	6	3	70	pips_l400_r40_500-8000.hdf5	left	right
785.4995	1	Stimulus/S  1	1	7854995	7855003	6	4	50	pips_l400_r40_500-8000.hdf5	left	right
786.5449	1	Stimulus/S  1	1	7865449	7865457	6	5	30	pips_l400_r40_500-8000.hdf5	left	right
787.5902	1	Stimulus/S  1	1	7875902	7875910	7	0	20	pips_l400_r40_500-8000.hdf5	left	right
788.6569	1	Stimulus/S  1	1	7886569	7886577	7	1	40	pips_l400_r40_500-8000.hdf5	left	right
789.7129	1	Stimulus/S  1	1	7897129	7897137	7	2	60	pips_l400_r40_500-8000.hdf5	left	right
790.7582	1	Stimulus/S  1	1	7907582	7907590	7	3	70	pips_l400_r40_500-8000.hdf5	left	right
791.8249	1	Stimulus/S  1	1	7918249	7918257	7	4	50	pips_l400_r40_500-8000.hdf5	left	right
792.8916	1	Stimulus/S  1	1	7928916	7928924	7	5	30	pips_l400_r40_500-8000.hdf5	left	right
793.9476	1	Stimulus/S  1	1	7939476	7939484	8	0	20	pips_l400_r40_500-8000.hdf5	left	right
794.9929	1	Stimulus/S  1	1	7949929	7949937	8	1	40	pips_l400_r40_500-8000.hdf5	left	right
796.049	1	Stimulus/S  1	1	7960490	7960498	8	2	60	pips_l400_r40_500-8000.hdf5	left	right
797.1156	1	Stimulus/S  1	1	7971156	7971164	8	3	70	pips_l400_r40_500-8000.hdf5	left	right
798.1823	1	Stimulus/S  1	1	7981823	7981831	8	4	50	pips_l400_r40_500-8000.hdf5	left	right
799.2276	1	Stimulus/S  1	1	7992276	7992284	8	5	30	pips_l400_r40_500-8000.hdf5	left	right
800.2837	1	Stimulus/S  1	1	8002837	8002845	9	0	20	pips_l400_r40_500-8000.hdf5	left	right
801.329	1	Stimulus/S  1	1	8013290	8013298	9	1	40	pips_l400_r40_500-8000.hdf5	left	right
802.3957	1	Stimulus/S  1	1	8023957	8023965	9	2	60	pips_l400_r40_500-8000.hdf5	left	right
803.4624	1	Stimulus/S  1	1	8034624	8034632	9	3	70	pips_l400_r40_500-8000.hdf5	left	right
804.5077	1	Stimulus/S  1	1	8045077	8045085	9	4	50	pips_l400_r40_500-8000.hdf5	left	right
805.5637	1	Stimulus/S  1	1	8055637	8055645	9	5	30	pips_l400_r40_500-8000.hdf5	left	right
806.6304	1	Stimulus/S  1	1	8066304	8066312	10	0	20	pips_l400_r40_500-8000.hdf5	left	right
807.6971	1	Stimulus/S  1	1	8076971	8076979	10	1	40	pips_l400_r40_500-8000.hdf5	left	right
808.7424	1	Stimulus/S  1	1	8087424	8087432	10	2	60	pips_l400_r40_500-8000.hdf5	left	right
809.7984	1	Stimulus/S  1	1	8097984	8097992	10	3	70	pips_l400_r40_500-8000.hdf5	left	right
810.8651	1	Stimulus/S  1	1	8108651	8108659	10	4	50	pips_l400_r40_500-8000.hdf5	left	right
811.9318	1	Stimulus/S  1	1	8119318	8119326	10	5	30	pips_l400_r40_500-8000.hdf5	left	right
812.9771	1	Stimulus/S  1	1	8129771	8129779	11	0	20	pips_l400_r40_500-8000.hdf5	left	right
814.0438	1	Stimulus/S  1	1	8140438	8140446	11	1	40	pips_l400_r40_500-8000.hdf5	left	right
815.1105	1	Stimulus/S  1	1	8151105	8151113	11	2	60	pips_l400_r40_500-8000.hdf5	left	right
816.1665	1	Stimulus/S  1	1	8161665	8161673	11	3	70	pips_l400_r40_500-8000.hdf5	left	right
817.2118	1	Stimulus/S  1	1	8172118	8172126	11	4	50	pips_l400_r40_500-8000.hdf5	left	right
818.2785	1	Stimulus/S  1	1	8182785	8182793	11	5	30	pips_l400_r40_500-8000.hdf5	left	right
819.3238	1	Stimulus/S  1	1	8193238	8193246	12	0	20	pips_l400_r40_500-8000.hdf5	left	right
820.3798	1	Stimulus/S  1	1	8203798	8203806	12	1	40	pips_l400_r40_500-8000.hdf5	left	right
821.4252	1	Stimulus/S  1	1	8214252	8214260	12	2	60	pips_l400_r40_500-8000.hdf5	left	right
822.4919	1	Stimulus/S  1	1	8224919	8224927	12	3	70	pips_l400_r40_500-8000.hdf5	left	right
823.5585	1	Stimulus/S  1	1	8235585	8235593	12	4	50	pips_l400_r40_500-8000.hdf5	left	right
824.6146	1	Stimulus/S  1	1	8246146	8246154	12	5	30	pips_l400_r40_500-8000.hdf5	left	right
825.6599	1	Stimulus/S  1	1	8256599	8256607	13	0	20	pips_l400_r40_500-8000.hdf5	left	right
826.7266	1	Stimulus/S  1	1	8267266	8267274	13	1	40	pips_l400_r40_500-8000.hdf5	left	right
827.7933	1	Stimulus/S  1	1	8277933	8277941	13	2	60	pips_l400_r40_500-8000.hdf5	left	right
828.8599	1	Stimulus/S  1	1	8288599	8288607	13	3	70	pips_l400_r40_500-8000.hdf5	left	right
829.9159	1	Stimulus/S  1	1	8299159	8299167	13	4	50	pips_l400_r40_500-8000.hdf5	left	right
830.9613	1	Stimulus/S  1	1	8309613	8309621	13	5	30	pips_l400_r40_500-8000.hdf5	left	right
832.028	1	Stimulus/S  1	1	8320280	8320288	14	0	20	pips_l400_r40_500-8000.hdf5	left	right
833.0733	1	Stimulus/S  1	1	8330733	8330741	14	1	40	pips_l400_r40_500-8000.hdf5	left	right
834.1293	1	Stimulus/S  1	1	8341293	8341301	14	2	60	pips_l400_r40_500-8000.hdf5	left	right
835.196	1	Stimulus/S  1	1	8351960	8351968	14	3	70	pips_l400_r40_500-8000.hdf5	left	right
836.2627	1	Stimulus/S  1	1	8362627	8362635	14	4	50	pips_l400_r40_500-8000.hdf5	left	right
837.308	1	Stimulus/S  1	1	8373080	8373088	14	5	30	pips_l400_r40_500-8000.hdf5	left	right
838.364	1	Stimulus/S  1	1	8383640	8383648	15	0	20	pips_l400_r40_500-8000.hdf5	left	right
839.4094	1	Stimulus/S  1	1	8394094	8394102	15	1	40	pips_l400_r40_500-8000.hdf5	left	right
840.476	1	Stimulus/S  1	1	8404760	8404768	15	2	60	pips_l400_r40_500-8000.hdf5	left	right
841.532	1	Stimulus/S  1	1	8415320	8415328	15	3	70	pips_l400_r40_500-8000.hdf5	left	right
842.5774	1	Stimulus/S  1	1	8425774	8425782	15	4	50	pips_l400_r40_500-8000.hdf5	left	right
843.6441	1	Stimulus/S  1	1	8436441	8436449	15	5	30	pips_l400_r40_500-8000.hdf5	left	right
844.7107	1	Stimulus/S  1	1	8447107	8447115	16	0	20	pips_l400_r40_500-8000.hdf5	left	right
845.7668	1	Stimulus/S  1	1	8457668	8457676	16	1	40	pips_l400_r40_500-8000.hdf5	left	right
846.8121	1	Stimulus/S  1	1	8468121	8468129	16	2	60	pips_l400_r40_500-8000.hdf5	left	right
847.8788	1	Stimulus/S  1	1	8478788	8478796	16	3	70	pips_l400_r40_500-8000.hdf5	left	right
848.9241	1	Stimulus/S  1	1	8489241	8489249	16	4	50	pips_l400_r40_500-8000.hdf5	left	right
849.9908	1	Stimulus/S  1	1	8499908	8499916	16	5	30	pips_l400_r40_500-8000.hdf5	left	right
851.0468	1	Stimulus/S  1	1	8510468	8510476	17	0	20	pips_l400_r40_500-8000.hdf5	left	right
852.0922	1	Stimulus/S  1	1	8520922	8520930	17	1	40	pips_l400_r40_500-8000.hdf5	left	right
853.1482	1	Stimulus/S  1	1	8531482	8531490	17	2	60	pips_l400_r40_500-8000.hdf5	left	right
854.2148	1	Stimulus/S  1	1	8542148	8542156	17	3	70	pips_l400_r40_500-8000.hdf5	left	right
855.2602	1	Stimulus/S  1	1	8552602	8552610	17	4	50	pips_l400_r40_500-8000.hdf5	left	right
856.3162	1	Stimulus/S  1	1	8563162	8563170	17	5	30	pips_l400_r40_500-8000.hdf5	left	right
857.3615	1	Stimulus/S  1	1	8573615	8573623	18	0	20	pips_l400_r40_500-8000.hdf5	left	right
858.4282	1	Stimulus/S  1	1	8584282	8584290	18	1	40	pips_l400_r40_500-8000.hdf5	left	right
859.4736	1	Stimulus/S  1	1	8594736	8594744	18	2	60	pips_l400_r40_500-8000.hdf5	left	right
860.5296	1	Stimulus/S  1	1	8605296	8605304	18	3	70	pips_l400_r40_500-8000.hdf5	left	right
861.5962	1	Stimulus/S  1	1	8615962	8615970	18	4	50	pips_l400_r40_500-8000.hdf5	left	right
862.6629	1	Stimulus/S  1	1	8626629	8626637	18	5	30	pips_l400_r40_500-8000.hdf5	left	right
863.7083	1	Stimulus/S  1	1	8637083	8637091	19	0	20	pips_l400_r40_500-8000.hdf5	left	right
864.7749	1	Stimulus/S  1	1	8647749	8647757	19	1	40	pips_l400_r40_500-8000.hdf5	left	right
865.8416	1	Stimulus/S  1	1	8658416	8658424	19	2	60	pips_l400_r40_500-8000.hdf5	left	right
866.8976	1	Stimulus/S  1	1	8668976	8668984	19	3	70	pips_l400_r40_500-8000.hdf5	left	right
867.9643	1	Stimulus/S  1	1	8679643	8679651	19	4	50	pips_l400_r40_500-8000.hdf5	left	right
869.031	1	Stimulus/S  1	1	8690310	8690318	19	5	30	pips_l400_r40_500-8000.hdf5	left	right
870.0977	1	Stimulus/S  1	1	8700977	8700985	20	0	20	pips_l400_r40_500-8000.hdf5	left	right
871.1643	1	Stimulus/S  1	1	8711643	8711651	20	1	40	pips_l400_r40_500-8000.hdf5	left	right
872.231	1	Stimulus/S  1	1	8722310	8722318	20	2	60	pips_l400_r40_500-8000.hdf5	left	right
873.2764	1	Stimulus/S  1	1	8732764	8732772	20	3	70	pips_l400_r40_500-8000.hdf5	left	right
874.343	1	Stimulus/S  1	1	8743430	8743438	20	4	50	pips_l400_r40_500-8000.hdf5	left	right
875.399	1	Stimulus/S  1	1	8753990	8753998	20	5	30	pips_l400_r40_500-8000.hdf5	left	right
876.4444	1	Stimulus/S  1	1	8764444	8764452	21	0	20	pips_l400_r40_500-8000.hdf5	left	right
877.5004	1	Stimulus/S  1	1	8775004	8775012	21	1	40	pips_l400_r40_500-8000.hdf5	left	right
878.5457	1	Stimulus/S  1	1	8785457	8785465	21	2	60	pips_l400_r40_500-8000.hdf5	left	right
879.5911	1	Stimulus/S  1	1	8795911	8795919	21	3	70	pips_l400_r40_500-8000.hdf5	left	right
880.6471	1	Stimulus/S  1	1	8806471	8806479	21	4	50	pips_l400_r40_500-8000.hdf5	left	right
881.7138	1	Stimulus/S  1	1	8817138	8817146	21	5	30	pips_l400_r40_500-8000.hdf5	left	right
882.7804	1	Stimulus/S  1	1	8827804	8827812	22	0	20	pips_l400_r40_500-8000.hdf5	left	right
883.8471	1	Stimulus/S  1	1	8838471	8838479	22	1	40	pips_l400_r40_500-8000.hdf5	left	right
884.9138	1	Stimulus/S  1	1	8849138	8849146	22	2	60	pips_l400_r40_500-8000.hdf5	left	right
885.9591	1	Stimulus/S  1	1	8859591	8859599	22	3	70	pips_l400_r40_500-8000.hdf5	left	right
887.0151	1	Stimulus/S  1	1	8870151	8870159	22	4	50	pips_l400_r40_500-8000.hdf5	left	right
888.0818	1	Stimulus/S  1	1	8880818	8880826	22	5	30	pips_l400_r40_500-8000.hdf5	left	right
889.1272	1	Stimulus/S  1	1	8891272	8891280	23	0	20	pips_l400_r40_500-8000.hdf5	left	right
890.1832	1	Stimulus/S  1	1	8901832	8901840	23	1	40	pips_l400_r40_500-8000.hdf5	left	right
891.2499	1	Stimulus/S  1	1	8912499	8912507	23	2	60	pips_l400_r40_500-8000.hdf5	left	right
892.3165	1	Stimulus/S  1	1	8923165	8923173	23	3	70	pips_l400_r40_500-8000.hdf5	left	right
893.3619	1	Stimulus/S  1	1	8933619	8933627	23	4	50	pips_l400_r40_500-8000.hdf5	left	right
894.4179	1	Stimulus/S  1	1	8944179	8944187	23	5	30	pips_l400_r40_500-8000.hdf5	left	right
895.4846	1	Stimulus/S  1	1	8954846	8954854	24	0	20	pips_l400_r40_500-8000.hdf5	left	right
896.5512	1	Stimulus/S  1	1	8965512	8965520	24	1	40	pips_l400_r40_500-8000.hdf5	left	right
897.5966	1	Stimulus/S  1	1	8975966	8975974	24	2	60	pips_l400_r40_500-8000.hdf5	left	right
898.6419	1	Stimulus/S  1	1	8986419	8986427	24	3	70	pips_l400_r40_500-8000.hdf5	left	right
899.6979	1	Stimulus/S  1	1	8996979	8996987	24	4	50	pips_l400_r40_500-8000.hdf5	left	right
900.7433	1	Stimulus/S  1	1	9007433	9007441	24	5	30	pips_l400_r40_500-8000.hdf5	left	right
901.81	1	Stimulus/S  1	1	9018100	9018108	25	0	20	pips_l400_r40_500-8000.hdf5	left	right
902.8766	1	Stimulus/S  1	1	9028766	9028774	25	1	40	pips_l400_r40_500-8000.hdf5	left	right
903.9326	1	Stimulus/S  1	1	9039326	9039334	25	2	60	pips_l400_r40_500-8000.hdf5	left	right
904.978	1	Stimulus/S  1	1	9049780	9049788	25	3	70	pips_l400_r40_500-8000.hdf5	left	right
906.0447	1	Stimulus/S  1	1	9060447	9060455	25	4	50	pips_l400_r40_500-8000.hdf5	left	right
907.1113	1	Stimulus/S  1	1	9071113	9071121	25	5	30	pips_l400_r40_500-8000.hdf5	left	right
908.1674	1	Stimulus/S  1	1	9081674	9081682	26	0	20	pips_l400_r40_500-8000.hdf5	left	right
909.2127	1	Stimulus/S  1	1	9092127	9092135	26	1	40	pips_l400_r40_500-8000.hdf5	left	right
910.2794	1	Stimulus/S  1	1	9102794	9102802	26	2	60	pips_l400_r40_500-8000.hdf5	left	right
911.3247	1	Stimulus/S  1	1	9113247	9113255	26	3	70	pips_l400_r40_500-8000.hdf5	left	right
912.3807	1	Stimulus/S  1	1	9123807	9123815	26	4	50	pips_l400_r40_500-8000.hdf5	left	right
913.4261	1	Stimulus/S  1	1	9134261	9134269	26	5	30	pips_l400_r40_500-8000.hdf5	left	right
914.4927	1	Stimulus/S  1	1	9144927	9144935	27	0	20	pips_l400_r40_500-8000.hdf5	left	right
915.5594	1	Stimulus/S  1	1	9155594	9155602	27	1	40	pips_l400_r40_500-8000.hdf5	left	right
916.6261	1	Stimulus/S  1	1	9166261	9166269	27	2	60	pips_l400_r40_500-8000.hdf5	left	right
917.6821	1	Stimulus/S  1	1	9176821	9176829	27	3	70	pips_l400_r40_500-8000.hdf5	left	right
918.7275	1	Stimulus/S  1	1	9187275	9187283	27	4	50	pips_l400_r40_500-8000.hdf5	left	right
919.7941	1	Stimulus/S  1	1	9197941	9197949	27	5	30	pips_l400_r40_500-8000.hdf5	left	right
920.8501	1	Stimulus/S  1	1	9208501	9208509	28	0	20	pips_l400_r40_500-8000.hdf5	left	right
921.8955	1	Stimulus/S  1	1	9218955	9218963	28	1	40	pips_l400_r40_500-8000.hdf5	left	right
922.9408	1	Stimulus/S  1	1	9229408	9229416	28	2	60	pips_l400_r40_500-8000.hdf5	left	right
924.0182	1	Stimulus/S  1	1	9240182	9240190	28	3	70	pips_l400_r40_500-8000.hdf5	left	right
925.0848	1	Stimulus/S  1	1	9250848	9250856	28	4	50	pips_l400_r40_500-8000.hdf5	left	right
926.1515	1	Stimulus/S  1	1	9261515	9261523	28	5	30	pips_l400_r40_500-8000.hdf5	left	right
927.1969	1	Stimulus/S  1	1	9271969	9271977	29	0	20	pips_l400_r40_500-8000.hdf5	left	right
928.2422	1	Stimulus/S  1	1	9282422	9282430	29	1	40	pips_l400_r40_500-8000.hdf5	left	right
929.3089	1	Stimulus/S  1	1	9293089	9293097	29	2	60	pips_l400_r40_500-8000.hdf5	left	right
930.3649	1	Stimulus/S  1	1	9303649	9303657	29	3	70	pips_l400_r40_500-8000.hdf5	left	right
931.4102	1	Stimulus/S  1	1	9314102	9314110	29	4	50	pips_l400_r40_500-8000.hdf5	left	right
932.4769	1	Stimulus/S  1	1	9324769	9324777	29	5	30	pips_l400_r40_500-8000.hdf5	left	right
933.5436	1	Stimulus/S  1	1	9335436	9335444	30	0	20	pips_l400_r40_500-8000.hdf5	left	right
934.5996	1	Stimulus/S  1	1	9345996	9346004	30	1	40	pips_l400_r40_500-8000.hdf5	left	right
935.6663	1	Stimulus/S  1	1	9356663	9356671	30	2	60	pips_l400_r40_500-8000.hdf5	left	right
936.733	1	Stimulus/S  1	1	9367330	9367338	30	3	70	pips_l400_r40_500-8000.hdf5	left	right
937.7783	1	Stimulus/S  1	1	9377783	9377791	30	4	50	pips_l400_r40_500-8000.hdf5	left	right
938.8343	1	Stimulus/S  1	1	9388343	9388351	30	5	30	pips_l400_r40_500-8000.hdf5	left	right
939.8797	1	Stimulus/S  1	1	9398797	9398805	31	0	20	pips_l400_r40_500-8000.hdf5	left	right
940.925	1	Stimulus/S  1	1	9409250	9409258	31	1	40	pips_l400_r40_500-8000.hdf5	left	right
941.9917	1	Stimulus/S  1	1	9419917	9419925	31	2	60	pips_l400_r40_500-8000.hdf5	left	right
943.0477	1	Stimulus/S  1	1	9430477	9430485	31	3	70	pips_l400_r40_500-8000.hdf5	left	right
944.093	1	Stimulus/S  1	1	9440930	9440938	31	4	50	pips_l400_r40_500-8000.hdf5	left	right
945.1597	1	Stimulus/S  1	1	9451597	9451605	31	5	30	pips_l400_r40_500-8000.hdf5	left	right
946.2264	1	Stimulus/S  1	1	9462264	9462272	32	0	20	pips_l400_r40_500-8000.hdf5	left	right
947.2931	1	Stimulus/S  1	1	9472931	9472939	32	1	40	pips_l400_r40_500-8000.hdf5	left	right
948.3491	1	Stimulus/S  1	1	9483491	9483499	32	2	60	pips_l400_r40_500-8000.hdf5	left	right
949.3944	1	Stimulus/S  1	1	9493944	9493952	32	3	70	pips_l400_r40_500-8000.hdf5	left	right
950.4504	1	Stimulus/S  1	1	9504504	9504512	32	4	50	pips_l400_r40_500-8000.hdf5	left	right
951.4958	1	Stimulus/S  1	1	9514958	9514966	32	5	30	pips_l400_r40_500-8000.hdf5	left	right
952.5624	1	Stimulus/S  1	1	9525624	9525632	33	0	20	pips_l400_r40_500-8000.hdf5	left	right
953.6291	1	Stimulus/S  1	1	9536291	9536299	33	1	40	pips_l400_r40_500-8000.hdf5	left	right
954.6851	1	Stimulus/S  1	1	9546851	9546859	33	2	60	pips_l400_r40_500-8000.hdf5	left	right
955.7305	1	Stimulus/S  1	1	9557305	9557313	33	3	70	pips_l400_r40_500-8000.hdf5	left	right
956.7971	1	Stimulus/S  1	1	9567971	9567979	33	4	50	pips_l400_r40_500-8000.hdf5	left	right
957.8638	1	Stimulus/S  1	1	9578638	9578646	33	5	30	pips_l400_r40_500-8000.hdf5	left	right
958.9092	1	Stimulus/S  1	1	9589092	9589100	34	0	20	pips_l400_r40_500-8000.hdf5	left	right
959.9758	1	Stimulus/S  1	1	9599758	9599766	34	1	40	pips_l400_r40_500-8000.hdf5	left	right
961.0319	1	Stimulus/S  1	1	9610319	9610327	34	2	60	pips_l400_r40_500-8000.hdf5	left	right
962.0985	1	Stimulus/S  1	1	9620985	9620993	34	3	70	pips_l400_r40_500-8000.hdf5	left	right
963.1652	1	Stimulus/S  1	1	9631652	9631660	34	4	50	pips_l400_r40_500-8000.hdf5	left	right
964.2319	1	Stimulus/S  1	1	9642319	9642327	34	5	30	pips_l400_r40_500-8000.hdf5	left	right
965.2772	1	Stimulus/S  1	1	9652772	9652780	35	0	20	pips_l400_r40_500-8000.hdf5	left	right
966.3332	1	Stimulus/S  1	1	9663332	9663340	35	1	40	pips_l400_r40_500-8000.hdf5	left	right
967.3786	1	Stimulus/S  1	1	9673786	9673794	35	2	60	pips_l400_r40_500-8000.hdf5	left	right
968.4453	1	Stimulus/S  1	1	9684453	9684461	35	3	70	pips_l400_r40_500-8000.hdf5	left	right
969.5119	1	Stimulus/S  1	1	9695119	9695127	35	4	50	pips_l400_r40_500-8000.hdf5	left	right
970.5786	1	Stimulus/S  1	1	9705786	9705794	35	5	30	pips_l400_r40_500-8000.hdf5	left	right
971.6346	1	Stimulus/S  1	1	9716346	9716354	36	0	20	pips_l400_r40_500-8000.hdf5	left	right
972.7013	1	Stimulus/S  1	1	9727013	9727021	36	1	40	pips_l400_r40_500-8000.hdf5	left	right
973.768	1	Stimulus/S  1	1	9737680	9737688	36	2	60	pips_l400_r40_500-8000.hdf5	left	right
974.8133	1	Stimulus/S  1	1	9748133	9748141	36	3	70	pips_l400_r40_500-8000.hdf5	left	right
975.8587	1	Stimulus/S  1	1	9758587	9758595	36	4	50	pips_l400_r40_500-8000.hdf5	left	right
976.9147	1	Stimulus/S  1	1	9769147	9769155	36	5	30	pips_l400_r40_500-8000.hdf5	left	right
977.9813	1	Stimulus/S  1	1	9779813	9779821	37	0	20	pips_l400_r40_500-8000.hdf5	left	right
979.0267	1	Stimulus/S  1	1	9790267	9790275	37	1	40	pips_l400_r40_500-8000.hdf5	left	right
980.0827	1	Stimulus/S  1	1	9800827	9800835	37	2	60	pips_l400_r40_500-8000.hdf5	left	right
981.1494	1	Stimulus/S  1	1	9811494	9811502	37	3	70	pips_l400_r40_500-8000.hdf5	left	right
982.2161	1	Stimulus/S  1	1	9822161	9822169	37	4	50	pips_l400_r40_500-8000.hdf5	left	right
983.2827	1	Stimulus/S  1	1	9832827	9832835	37	5	30	pips_l400_r40_500-8000.hdf5	left	right
984.3281	1	Stimulus/S  1	1	9843281	9843289	38	0	20	pips_l400_r40_500-8000.hdf5	left	right
985.3841	1	Stimulus/S  1	1	9853841	9853849	38	1	40	pips_l400_r40_500-8000.hdf5	left	right
986.4294	1	Stimulus/S  1	1	9864294	9864302	38	2	60	pips_l400_r40_500-8000.hdf5	left	right
987.4854	1	Stimulus/S  1	1	9874854	9874862	38	3	70	pips_l400_r40_500-8000.hdf5	left	right
988.5308	1	Stimulus/S  1	1	9885308	9885316	38	4	50	pips_l400_r40_500-8000.hdf5	left	right
989.5761	1	Stimulus/S  1	1	9895761	9895769	38	5	30	pips_l400_r40_500-8000.hdf5	left	right
990.6428	1	Stimulus/S  1	1	9906428	9906436	39	0	20	pips_l400_r40_500-8000.hdf5	left	right
991.6988	1	Stimulus/S  1	1	9916988	9916996	39	1	40	pips_l400_r40_500-8000.hdf5	left	right
992.7442	1	Stimulus/S  1	1	9927442	9927450	39	2	60	pips_l400_r40_500-8000.hdf5	left	right
993.8002	1	Stimulus/S  1	1	9938002	9938010	39	3	70	pips_l400_r40_500-8000.hdf5	left	right
994.8668	1	Stimulus/S  1	1	9948668	9948676	39	4	50	pips_l400_r40_500-8000.hdf5	left	right
995.9122	1	Stimulus/S  1	1	9959122	9959130	39	5	30	pips_l400_r40_500-8000.hdf5	left	right
996.9682	1	Stimulus/S  1	1	9969682	9969690	40	0	20	pips_l400_r40_500-8000.hdf5	left	right
998.0349	1	Stimulus/S  1	1	9980349	9980357	40	1	40	pips_l400_r40_500-8000.hdf5	left	right
999.0802	1	Stimulus/S  1	1	9990802	9990810	40	2	60	pips_l400_r40_500-8000.hdf5	left	right
1000.1362	1	Stimulus/S  1	1	10001362	10001370	40	3	70	pips_l400_r40_500-8000.hdf5	left	right
1001.2029	1	Stimulus/S  1	1	10012029	10012037	40	4	50	pips_l400_r40_500-8000.hdf5	left	right
1002.2696	1	Stimulus/S  1	1	10022696	10022704	40	5	30	pips_l400_r40_500-8000.hdf5	left	right
1003.3149	1	Stimulus/S  1	1	10033149	10033157	41	0	20	pips_l400_r40_500-8000.hdf5	left	right
1004.3603	1	Stimulus/S  1	1	10043603	10043611	41	1	40	pips_l400_r40_500-8000.hdf5	left	right
1005.4269	1	Stimulus/S  1	1	10054269	10054277	41	2	60	pips_l400_r40_500-8000.hdf5	left	right
1006.4936	1	Stimulus/S  1	1	10064936	10064944	41	3	70	pips_l400_r40_500-8000.hdf5	left	right
1007.5496	1	Stimulus/S  1	1	10075496	10075504	41	4	50	pips_l400_r40_500-8000.hdf5	left	right
1008.6163	1	Stimulus/S  1	1	10086163	10086171	41	5	30	pips_l400_r40_500-8000.hdf5	left	right
1009.683	1	Stimulus/S  1	1	10096830	10096838	42	0	20	pips_l400_r40_500-8000.hdf5	left	right
1010.7497	1	Stimulus/S  1	1	10107497	10107505	42	1	40	pips_l400_r40_500-8000.hdf5	left	right
1011.795	1	Stimulus/S  1	1	10117950	10117958	42	2	60	pips_l400_r40_500-8000.hdf5	left	right
1012.851	1	Stimulus/S  1	1	10128510	10128518	42	3	70	pips_l400_r40_500-8000.hdf5	left	right
1013.9177	1	Stimulus/S  1	1	10139177	10139185	42	4	50	pips_l400_r40_500-8000.hdf5	left	right
1014.963	1	Stimulus/S  1	1	10149630	10149638	42	5	30	pips_l400_r40_500-8000.hdf5	left	right
1016.019	1	Stimulus/S  1	1	10160190	10160198	43	0	20	pips_l400_r40_500-8000.hdf5	left	right
1017.0644	1	Stimulus/S  1	1	10170644	10170652	43	1	40	pips_l400_r40_500-8000.hdf5	left	right
1018.1311	1	Stimulus/S  1	1	10181311	10181319	43	2	60	pips_l400_r40_500-8000.hdf5	left	right
1019.1764	1	Stimulus/S  1	1	10191764	10191772	43	3	70	pips_l400_r40_500-8000.hdf5	left	right
1020.2431	1	Stimulus/S  1	1	10202431	10202439	43	4	50	pips_l400_r40_500-8000.hdf5	left	right
1021.3204	1	Stimulus/S  1	1	10213204	10213212	43	5	30	pips_l400_r40_500-8000.hdf5	left	right
1022.3658	1	Stimulus/S  1	1	10223658	10223666	44	0	20	pips_l400_r40_500-8000.hdf5	left	right
1023.4111	1	Stimulus/S  1	1	10234111	10234119	44	1	40	pips_l400_r40_500-8000.hdf5	left	right
1024.4671	1	Stimulus/S  1	1	10244671	10244679	44	2	60	pips_l400_r40_500-8000.hdf5	left	right
1025.5338	1	Stimulus/S  1	1	10255338	10255346	44	3	70	pips_l400_r40_500-8000.hdf5	left	right
1026.6005	1	Stimulus/S  1	1	10266005	10266013	44	4	50	pips_l400_r40_500-8000.hdf5	left	right
1027.6458	1	Stimulus/S  1	1	10276458	10276466	44	5	30	pips_l400_r40_500-8000.hdf5	left	right
1028.7125	1	Stimulus/S  1	1	10287125	10287133	45	0	20	pips_l400_r40_500-8000.hdf5	left	right
1029.7685	1	Stimulus/S  1	1	10297685	10297693	45	1	40	pips_l400_r40_500-8000.hdf5	left	right
1030.8352	1	Stimulus/S  1	1	10308352	10308360	45	2	60	pips_l400_r40_500-8000.hdf5	left	right
1031.9019	1	Stimulus/S  1	1	10319019	10319027	45	3	70	pips_l400_r40_500-8000.hdf5	left	right
1032.9472	1	Stimulus/S  1	1	10329472	10329480	45	4	50	pips_l400_r40_500-8000.hdf5	left	right
1034.0032	1	Stimulus/S  1	1	10340032	10340040	45	5	30	pips_l400_r40_500-8000.hdf5	left	right
1035.0699	1	Stimulus/S  1	1	10350699	10350707	46	0	20	pips_l400_r40_500-8000.hdf5	left	right
1036.1366	1	Stimulus/S  1	1	10361366	10361374	46	1	40	pips_l400_r40_500-8000.hdf5	left	right
1037.1819	1	Stimulus/S  1	1	10371819	10371827	46	2	60	pips_l400_r40_500-8000.hdf5	left	right
1038.2273	1	Stimulus/S  1	1	10382273	10382281	46	3	70	pips_l400_r40_500-8000.hdf5	left	right
1039.2939	1	Stimulus/S  1	1	10392939	10392947	46	4	50	pips_l400_r40_500-8000.hdf5	left	right
1040.3499	1	Stimulus/S  1	1	10403499	10403507	46	5	30	pips_l400_r40_500-8000.hdf5	left	right
1041.4166	1	Stimulus/S  1	1	10414166	10414174	47	0	20	pips_l400_r40_500-8000.hdf5	left	right
1042.462	1	Stimulus/S  1	1	10424620	10424628	47	1	40	pips_l400_r40_500-8000.hdf5	left	right
1043.5286	1	Stimulus/S  1	1	10435286	10435294	47	2	60	pips_l400_r40_500-8000.hdf5	left	right
1044.5953	1	Stimulus/S  1	1	10445953	10445961	47	3	70	pips_l400_r40_500-8000.hdf5	left	right
1045.662	1	Stimulus/S  1	1	10456620	10456628	47	4	50	pips_l400_r40_500-8000.hdf5	left	right
1046.718	1	Stimulus/S  1	1	10467180	10467188	47	5	30	pips_l400_r40_500-8000.hdf5	left	right
1047.7633	1	Stimulus/S  1	1	10477633	10477641	48	0	20	pips_l400_r40_500-8000.hdf5	left	right
1048.8194	1	Stimulus/S  1	1	10488194	10488202	48	1	40	pips_l400_r40_500-8000.hdf5	left	right
1049.886	1	Stimulus/S  1	1	10498860	10498868	48	2	60	pips_l400_r40_500-8000.hdf5	left	right
1050.9527	1	Stimulus/S  1	1	10509527	10509535	48	3	70	pips_l400_r40_500-8000.hdf5	left	right
1051.9981	1	Stimulus/S  1	1	10519981	10519989	48	4	50	pips_l400_r40_500-8000.hdf5	left	right
1053.0434	1	Stimulus/S  1	1	10530434	10530442	48	5	30	pips_l400_r40_500-8000.hdf5	left	right
1054.0994	1	Stimulus/S  1	1	10540994	10541002	49	0	20	pips_l400_r40_500-8000.hdf5	left	right
1055.1447	1	Stimulus/S  1	1	10551447	10551455	49	1	40	pips_l400_r40_500-8000.hdf5	left	right
1056.2114	1	Stimulus/S  1	1	10562114	10562122	49	2	60	pips_l400_r40_500-8000.hdf5	left	right
1057.2781	1	Stimulus/S  1	1	10572781	10572789	49	3	70	pips_l400_r40_500-8000.hdf5	left	right
1058.3448	1	Stimulus/S  1	1	10583448	10583456	49	4	50	pips_l400_r40_500-8000.hdf5	left	right
1059.4008	1	Stimulus/S  1	1	10594008	10594016	49	5	30	pips_l400_r40_500-8000.hdf5	left	right
1060.4461	1	Stimulus/S  1	1	10604461	10604469	50	0	20	pips_l400_r40_500-8000.hdf5	left	right
1061.5021	1	Stimulus/S  1	1	10615021	10615029	50	1	40	pips_l400_r40_500-8000.hdf5	left	right
1062.5475	1	Stimulus/S  1	1	10625475	10625483	50	2	60	pips_l400_r40_500-8000.hdf5	left	right
1063.6142	1	Stimulus/S  1	1	10636142	10636150	50	3	70	pips_l400_r40_500-8000.hdf5	left	right
1064.6808	1	Stimulus/S  1	1	10646808	10646816	50	4	50	pips_l400_r40_500-8000.hdf5	left	right
1065.7475	1	Stimulus/S  1	1	10657475	10657483	50	5	30	pips_l400_r40_500-8000.hdf5	left	right
1066.8035	1	Stimulus/S  1	1	10668035	10668043	51	0	20	pips_l400_r40_500-8000.hdf5	left	right
1067.8489	1	Stimulus/S  1	1	10678489	10678497	51	1	40	pips_l400_r40_500-8000.hdf5	left	right
1068.8942	1	Stimulus/S  1	1	10688942	10688950	51	2	60	pips_l400_r40_500-8000.hdf5	left	right
1069.9502	1	Stimulus/S  1	1	10699502	10699510	51	3	70	pips_l400_r40_500-8000.hdf5	left	right
1071.0169	1	Stimulus/S  1	1	10710169	10710177	51	4	50	pips_l400_r40_500-8000.hdf5	left	right
1072.0836	1	Stimulus/S  1	1	10720836	10720844	51	5	30	pips_l400_r40_500-8000.hdf5	left	right
1073.1289	1	Stimulus/S  1	1	10731289	10731297	52	0	20	pips_l400_r40_500-8000.hdf5	left	right
1074.1849	1	Stimulus/S  1	1	10741849	10741857	52	1	40	pips_l400_r40_500-8000.hdf5	left	right
1075.2516	1	Stimulus/S  1	1	10752516	10752524	52	2	60	pips_l400_r40_500-8000.hdf5	left	right
1076.3183	1	Stimulus/S  1	1	10763183	10763191	52	3	70	pips_l400_r40_500-8000.hdf5	left	right
1077.385	1	Stimulus/S  1	1	10773850	10773858	52	4	50	pips_l400_r40_500-8000.hdf5	left	right
1078.4516	1	Stimulus/S  1	1	10784516	10784524	52	5	30	pips_l400_r40_500-8000.hdf5	left	right
1079.5183	1	Stimulus/S  1	1	10795183	10795191	53	0	20	pips_l400_r40_500-8000.hdf5	left	right
1080.585	1	Stimulus/S  1	1	10805850	10805858	53	1	40	pips_l400_r40_500-8000.hdf5	left	right
1081.6303	1	Stimulus/S  1	1	10816303	10816311	53	2	60	pips_l400_r40_500-8000.hdf5	left	right
1082.6863	1	Stimulus/S  1	1	10826863	10826871	53	3	70	pips_l400_r40_500-8000.hdf5	left	right
1083.7317	1	Stimulus/S  1	1	10837317	10837325	53	4	50	pips_l400_r40_500-8000.hdf5	left	right
1084.7984	1	Stimulus/S  1	1	10847984	10847992	53	5	30	pips_l400_r40_500-8000.hdf5	left	right
1085.8437	1	Stimulus/S  1	1	10858437	10858445	54	0	20	pips_l400_r40_500-8000.hdf5	left	right
1086.8997	1	Stimulus/S  1	1	10868997	10869005	54	1	40	pips_l400_r40_500-8000.hdf5	left	right
1087.9451	1	Stimulus/S  1	1	10879451	10879459	54	2	60	pips_l400_r40_500-8000.hdf5	left	right
1089.0011	1	Stimulus/S  1	1	10890011	10890019	54	3	70	pips_l400_r40_500-8000.hdf5	left	right
1090.0464	1	Stimulus/S  1	1	10900464	10900472	54	4	50	pips_l400_r40_500-8000.hdf5	left	right
1091.1024	1	Stimulus/S  1	1	10911024	10911032	54	5	30	pips_l400_r40_500-8000.hdf5	left	right
1092.1691	1	Stimulus/S  1	1	10921691	10921699	55	0	20	pips_l400_r40_500-8000.hdf5	left	right
1093.2144	1	Stimulus/S  1	1	10932144	10932152	55	1	40	pips_l400_r40_500-8000.hdf5	left	right
1094.2705	1	Stimulus/S  1	1	10942705	10942713	55	2	60	pips_l400_r40_500-8000.hdf5	left	right
1095.3371	1	Stimulus/S  1	1	10953371	10953379	55	3	70	pips_l400_r40_500-8000.hdf5	left	right
1096.4038	1	Stimulus/S  1	1	10964038	10964046	55	4	50	pips_l400_r40_500-8000.hdf5	left	right
1097.4705	1	Stimulus/S  1	1	10974705	10974713	55	5	30	pips_l400_r40_500-8000.hdf5	left	right
1098.5158	1	Stimulus/S  1	1	10985158	10985166	56	0	20	pips_l400_r40_500-8000.hdf5	left	right
1099.5612	1	Stimulus/S  1	1	10995612	10995620	56	1	40	pips_l400_r40_500-8000.hdf5	left	right
1100.6278	1	Stimulus/S  1	1	11006278	11006286	56	2	60	pips_l400_r40_500-8000.hdf5	left	right
1101.7052	1	Stimulus/S  1	1	11017052	11017060	56	3	70	pips_l400_r40_500-8000.hdf5	left	right
1102.7505	1	Stimulus/S  1	1	11027505	11027513	56	4	50	pips_l400_r40_500-8000.hdf5	left	right
1103.7959	1	Stimulus/S  1	1	11037959	11037967	56	5	30	pips_l400_r40_500-8000.hdf5	left	right
1104.8626	1	Stimulus/S  1	1	11048626	11048634	57	0	20	pips_l400_r40_500-8000.hdf5	left	right
1105.9186	1	Stimulus/S  1	1	11059186	11059194	57	1	40	pips_l400_r40_500-8000.hdf5	left	right
1106.9639	1	Stimulus/S  1	1	11069639	11069647	57	2	60	pips_l400_r40_500-8000.hdf5	left	right
1108.0199	1	Stimulus/S  1	1	11080199	11080207	57	3	70	pips_l400_r40_500-8000.hdf5	left	right
1109.0653	1	Stimulus/S  1	1	11090653	11090661	57	4	50	pips_l400_r40_500-8000.hdf5	left	right
1110.1319	1	Stimulus/S  1	1	11101319	11101327	57	5	30	pips_l400_r40_500-8000.hdf5	left	right
1111.1986	1	Stimulus/S  1	1	11111986	11111994	58	0	20	pips_l400_r40_500-8000.hdf5	left	right
1112.2546	1	Stimulus/S  1	1	11122546	11122554	58	1	40	pips_l400_r40_500-8000.hdf5	left	right
1113.3213	1	Stimulus/S  1	1	11133213	11133221	58	2	60	pips_l400_r40_500-8000.hdf5	left	right
1114.3666	1	Stimulus/S  1	1	11143666	11143674	58	3	70	pips_l400_r40_500-8000.hdf5	left	right
1115.412	1	Stimulus/S  1	1	11154120	11154128	58	4	50	pips_l400_r40_500-8000.hdf5	left	right
1116.4787	1	Stimulus/S  1	1	11164787	11164795	58	5	30	pips_l400_r40_500-8000.hdf5	left	right
1117.5453	1	Stimulus/S  1	1	11175453	11175461	59	0	20	pips_l400_r40_500-8000.hdf5	left	right
1118.6014	1	Stimulus/S  1	1	11186014	11186022	59	1	40	pips_l400_r40_500-8000.hdf5	left	right
1119.6467	1	Stimulus/S  1	1	11196467	11196475	59	2	60	pips_l400_r40_500-8000.hdf5	left	right
1120.7134	1	Stimulus/S  1	1	11207134	11207142	59	3	70	pips_l400_r40_500-8000.hdf5	left	right
1121.78	1	Stimulus/S  1	1	11217800	11217808	59	4	50	pips_l400_r40_500-8000.hdf5	left	right
1122.8361	1	Stimulus/S  1	1	11228361	11228369	59	5	30	pips_l400_r40_500-8000.hdf5	left	right
1123.8814	1	Stimulus/S  1	1	11238814	11238822	60	0	20	pips_l400_r40_500-8000.hdf5	left	right
1124.9481	1	Stimulus/S  1	1	11249481	11249489	60	1	40	pips_l400_r40_500-8000.hdf5	left	right
1126.0148	1	Stimulus/S  1	1	11260148	11260156	60	2	60	pips_l400_r40_500-8000.hdf5	left	right
1127.0708	1	Stimulus/S  1	1	11270708	11270716	60	3	70	pips_l400_r40_500-8000.hdf5	left	right
1128.1161	1	Stimulus/S  1	1	11281161	11281169	60	4	50	pips_l400_r40_500-8000.hdf5	left	right
1129.1828	1	Stimulus/S  1	1	11291828	11291836	60	5	30	pips_l400_r40_500-8000.hdf5	left	right
1130.2495	1	Stimulus/S  1	1	11302495	11302503	61	0	20	pips_l400_r40_500-8000.hdf5	left	right
1131.3161	1	Stimulus/S  1	1	11313161	11313169	61	1	40	pips_l400_r40_500-8000.hdf5	left	right
1132.3828	1	Stimulus/S  1	1	11323828	11323836	61	2	60	pips_l400_r40_500-8000.hdf5	left	right
1133.4388	1	Stimulus/S  1	1	11334388	11334396	61	3	70	pips_l400_r40_500-8000.hdf5	left	right
1134.4842	1	Stimulus/S  1	1	11344842	11344850	61	4	50	pips_l400_r40_500-8000.hdf5	left	right
1135.5295	1	Stimulus/S  1	1	11355295	11355303	61	5	30	pips_l400_r40_500-8000.hdf5	left	right
1136.5962	1	Stimulus/S  1	1	11365962	11365970	62	0	20	pips_l400_r40_500-8000.hdf5	left	right
1137.6629	1	Stimulus/S  1	1	11376629	11376637	62	1	40	pips_l400_r40_500-8000.hdf5	left	right
1138.7189	1	Stimulus/S  1	1	11387189	11387197	62	2	60	pips_l400_r40_500-8000.hdf5	left	right
1139.7642	1	Stimulus/S  1	1	11397642	11397650	62	3	70	pips_l400_r40_500-8000.hdf5	left	right
1140.8309	1	Stimulus/S  1	1	11408309	11408317	62	4	50	pips_l400_r40_500-8000.hdf5	left	right
1141.8976	1	Stimulus/S  1	1	11418976	11418984	62	5	30	pips_l400_r40_500-8000.hdf5	left	right
1142.9536	1	Stimulus/S  1	1	11429536	11429544	63	0	20	pips_l400_r40_500-8000.hdf5	left	right
1143.9989	1	Stimulus/S  1	1	11439989	11439997	63	1	40	pips_l400_r40_500-8000.hdf5	left	right
1145.0549	1	Stimulus/S  1	1	11450549	11450557	63	2	60	pips_l400_r40_500-8000.hdf5	left	right
1146.1003	1	Stimulus/S  1	1	11461003	11461011	63	3	70	pips_l400_r40_500-8000.hdf5	left	right
1147.167	1	Stimulus/S  1	1	11471670	11471678	63	4	50	pips_l400_r40_500-8000.hdf5	left	right
1148.2336	1	Stimulus/S  1	1	11482336	11482344	63	5	30	pips_l400_r40_500-8000.hdf5	left	right
1149.279	1	Stimulus/S  1	1	11492790	11492798	64	0	20	pips_l400_r40_500-8000.hdf5	left	right
1150.3457	1	Stimulus/S  1	1	11503457	11503465	64	1	40	pips_l400_r40_500-8000.hdf5	left	right
1151.4123	1	Stimulus/S  1	1	11514123	11514131	64	2	60	pips_l400_r40_500-8000.hdf5	left	right
1152.479	1	Stimulus/S  1	1	11524790	11524798	64	3	70	pips_l400_r40_500-8000.hdf5	left	right
1153.5457	1	Stimulus/S  1	1	11535457	11535465	64	4	50	pips_l400_r40_500-8000.hdf5	left	right
1154.6017	1	Stimulus/S  1	1	11546017	11546025	64	5	30	pips_l400_r40_500-8000.hdf5	left	right
1155.647	1	Stimulus/S  1	1	11556470	11556478	65	0	20	pips_l400_r40_500-8000.hdf5	left	right
1156.703	1	Stimulus/S  1	1	11567030	11567038	65	1	40	pips_l400_r40_500-8000.hdf5	left	right
1157.7484	1	Stimulus/S  1	1	11577484	11577492	65	2	60	pips_l400_r40_500-8000.hdf5	left	right
1158.8151	1	Stimulus/S  1	1	11588151	11588159	65	3	70	pips_l400_r40_500-8000.hdf5	left	right
1159.8817	1	Stimulus/S  1	1	11598817	11598825	65	4	50	pips_l400_r40_500-8000.hdf5	left	right
1160.9378	1	Stimulus/S  1	1	11609378	11609386	65	5	30	pips_l400_r40_500-8000.hdf5	left	right
1161.9831	1	Stimulus/S  1	1	11619831	11619839	66	0	20	pips_l400_r40_500-8000.hdf5	left	right
1163.0498	1	Stimulus/S  1	1	11630498	11630506	66	1	40	pips_l400_r40_500-8000.hdf5	left	right
1164.1164	1	Stimulus/S  1	1	11641164	11641172	66	2	60	pips_l400_r40_500-8000.hdf5	left	right
1165.1831	1	Stimulus/S  1	1	11651831	11651839	66	3	70	pips_l400_r40_500-8000.hdf5	left	right
1166.2498	1	Stimulus/S  1	1	11662498	11662506	66	4	50	pips_l400_r40_500-8000.hdf5	left	right
1167.3058	1	Stimulus/S  1	1	11673058	11673066	66	5	30	pips_l400_r40_500-8000.hdf5	left	right
1168.3512	1	Stimulus/S  1	1	11683512	11683520	67	0	20	pips_l400_r40_500-8000.hdf5	left	right
1169.3965	1	Stimulus/S  1	1	11693965	11693973	67	1	40	pips_l400_r40_500-8000.hdf5	left	right
1170.4525	1	Stimulus/S  1	1	11704525	11704533	67	2	60	pips_l400_r40_500-8000.hdf5	left	right
1171.5192	1	Stimulus/S  1	1	11715192	11715200	67	3	70	pips_l400_r40_500-8000.hdf5	left	right
1172.5645	1	Stimulus/S  1	1	11725645	11725653	67	4	50	pips_l400_r40_500-8000.hdf5	left	right
1173.6205	1	Stimulus/S  1	1	11736205	11736213	67	5	30	pips_l400_r40_500-8000.hdf5	left	right
1174.6659	1	Stimulus/S  1	1	11746659	11746667	68	0	20	pips_l400_r40_500-8000.hdf5	left	right
1175.7326	1	Stimulus/S  1	1	11757326	11757334	68	1	40	pips_l400_r40_500-8000.hdf5	left	right
1176.7992	1	Stimulus/S  1	1	11767992	11768000	68	2	60	pips_l400_r40_500-8000.hdf5	left	right
1177.8552	1	Stimulus/S  1	1	11778552	11778560	68	3	70	pips_l400_r40_500-8000.hdf5	left	right
1178.9006	1	Stimulus/S  1	1	11789006	11789014	68	4	50	pips_l400_r40_500-8000.hdf5	left	right
1179.9673	1	Stimulus/S  1	1	11799673	11799681	68	5	30	pips_l400_r40_500-8000.hdf5	left	right
1181.0339	1	Stimulus/S  1	1	11810339	11810347	69	0	20	pips_l400_r40_500-8000.hdf5	left	right
1182.1006	1	Stimulus/S  1	1	11821006	11821014	69	1	40	pips_l400_r40_500-8000.hdf5	left	right
1183.1673	1	Stimulus/S  1	1	11831673	11831681	69	2	60	pips_l400_r40_500-8000.hdf5	left	right
1184.2126	1	Stimulus/S  1	1	11842126	11842134	69	3	70	pips_l400_r40_500-8000.hdf5	left	right
1185.2793	1	Stimulus/S  1	1	11852793	11852801	69	4	50	pips_l400_r40_500-8000.hdf5	left	right
1186.3353	1	Stimulus/S  1	1	11863353	11863361	69	5	30	pips_l400_r40_500-8000.hdf5	left	right
1187.3807	1	Stimulus/S  1	1	11873807	11873815	70	0	20	pips_l400_r40_500-8000.hdf5	left	right
1188.4473	1	Stimulus/S  1	1	11884473	11884481	70	1	40	pips_l400_r40_500-8000.hdf5	left	right
1189.5034	1	Stimulus/S  1	1	11895034	11895042	70	2	60	pips_l400_r40_500-8000.hdf5	left	right
1190.5487	1	Stimulus/S  1	1	11905487	11905495	70	3	70	pips_l400_r40_500-8000.hdf5	left	right
1191.6154	1	Stimulus/S  1	1	11916154	11916162	70	4	50	pips_l400_r40_500-8000.hdf5	left	right
1192.6821	1	Stimulus/S  1	1	11926821	11926829	70	5	30	pips_l400_r40_500-8000.hdf5	left	right
1193.7381	1	Stimulus/S  1	1	11937381	11937389	71	0	20	pips_l400_r40_500-8000.hdf5	left	right
1194.7834	1	Stimulus/S  1	1	11947834	11947842	71	1	40	pips_l400_r40_500-8000.hdf5	left	right
1195.8501	1	Stimulus/S  1	1	11958501	11958509	71	2	60	pips_l400_r40_500-8000.hdf5	left	right
1196.9061	1	Stimulus/S  1	1	11969061	11969069	71	3	70	pips_l400_r40_500-8000.hdf5	left	right
1197.9514	1	Stimulus/S  1	1	11979514	11979522	71	4	50	pips_l400_r40_500-8000.hdf5	left	right
1198.9968	1	Stimulus/S  1	1	11989968	11989976	71	5	30	pips_l400_r40_500-8000.hdf5	left	right
1200.0635	1	Stimulus/S  1	1	12000635	12000643	72	0	20	pips_l400_r40_500-8000.hdf5	left	right
1201.1195	1	Stimulus/S  1	1	12011195	12011203	72	1	40	pips_l400_r40_500-8000.hdf5	left	right
1202.1648	1	Stimulus/S  1	1	12021648	12021656	72	2	60	pips_l400_r40_500-8000.hdf5	left	right
1203.2315	1	Stimulus/S  1	1	12032315	12032323	72	3	70	pips_l400_r40_500-8000.hdf5	left	right
1204.2875	1	Stimulus/S  1	1	12042875	12042883	72	4	50	pips_l400_r40_500-8000.hdf5	left	right
1205.3328	1	Stimulus/S  1	1	12053328	12053336	72	5	30	pips_l400_r40_500-8000.hdf5	left	right
1206.3995	1	Stimulus/S  1	1	12063995	12064003	73	0	20	pips_l400_r40_500-8000.hdf5	left	right
1207.4555	1	Stimulus/S  1	1	12074555	12074563	73	1	40	pips_l400_r40_500-8000.hdf5	left	right
1208.5009	1	Stimulus/S  1	1	12085009	12085017	73	2	60	pips_l400_r40_500-8000.hdf5	left	right
1209.5462	1	Stimulus/S  1	1	12095462	12095470	73	3	70	pips_l400_r40_500-8000.hdf5	left	right
1210.6129	1	Stimulus/S  1	1	12106129	12106137	73	4	50	pips_l400_r40_500-8000.hdf5	left	right
1211.6689	1	Stimulus/S  1	1	12116689	12116697	73	5	30	pips_l400_r40_500-8000.hdf5	left	right
1212.7356	1	Stimulus/S  1	1	12127356	12127364	74	0	20	pips_l400_r40_500-8000.hdf5	left	right
1213.8023	1	Stimulus/S  1	1	12138023	12138031	74	1	40	pips_l400_r40_500-8000.hdf5	left	right
1214.8476	1	Stimulus/S  1	1	12148476	12148484	74	2	60	pips_l400_r40_500-8000.hdf5	left	right
1215.9036	1	Stimulus/S  1	1	12159036	12159044	74	3	70	pips_l400_r40_500-8000.hdf5	left	right
1216.9703	1	Stimulus/S  1	1	12169703	12169711	74	4	50	pips_l400_r40_500-8000.hdf5	left	right
1218.037	1	Stimulus/S  1	1	12180370	12180378	74	5	30	pips_l400_r40_500-8000.hdf5	left	right
1219.1036	1	Stimulus/S  1	1	12191036	12191044	75	0	20	pips_l400_r40_500-8000.hdf5	left	right
1220.1703	1	Stimulus/S  1	1	12201703	12201711	75	1	40	pips_l400_r40_500-8000.hdf5	left	right
1221.2157	1	Stimulus/S  1	1	12212157	12212165	75	2	60	pips_l400_r40_500-8000.hdf5	left	right
1222.2717	1	Stimulus/S  1	1	12222717	12222725	75	3	70	pips_l400_r40_500-8000.hdf5	left	right
1223.3383	1	Stimulus/S  1	1	12233383	12233391	75	4	50	pips_l400_r40_500-8000.hdf5	left	right
1224.3837	1	Stimulus/S  1	1	12243837	12243845	75	5	30	pips_l400_r40_500-8000.hdf5	left	right
1225.4397	1	Stimulus/S  1	1	12254397	12254405	76	0	20	pips_l400_r40_500-8000.hdf5	left	right
1226.5064	1	Stimulus/S  1	1	12265064	12265072	76	1	40	pips_l400_r40_500-8000.hdf5	left	right
1227.5517	1	Stimulus/S  1	1	12275517	12275525	76	2	60	pips_l400_r40_500-8000.hdf5	left	right
1228.5971	1	Stimulus/S  1	1	12285971	12285979	76	3	70	pips_l400_r40_500-8000.hdf5	left	right
1229.6531	1	Stimulus/S  1	1	12296531	12296539	76	4	50	pips_l400_r40_500-8000.hdf5	left	right
1230.7197	1	Stimulus/S  1	1	12307197	12307205	76	5	30	pips_l400_r40_500-8000.hdf5	left	right
1231.7864	1	Stimulus/S  1	1	12317864	12317872	77	0	20	pips_l400_r40_500-8000.hdf5	left	right
1232.8318	1	Stimulus/S  1	1	12328318	12328326	77	1	40	pips_l400_r40_500-8000.hdf5	left	right
1233.8878	1	Stimulus/S  1	1	12338878	12338886	77	2	60	pips_l400_r40_500-8000.hdf5	left	right
1234.9331	1	Stimulus/S  1	1	12349331	12349339	77	3	70	pips_l400_r40_500-8000.hdf5	left	right
1235.9998	1	Stimulus/S  1	1	12359998	12360006	77	4	50	pips_l400_r40_500-8000.hdf5	left	right
1237.0558	1	Stimulus/S  1	1	12370558	12370566	77	5	30	pips_l400_r40_500-8000.hdf5	left	right
1238.1012	1	Stimulus/S  1	1	12381012	12381020	78	0	20	pips_l400_r40_500-8000.hdf5	left	right
1239.1678	1	Stimulus/S  1	1	12391678	12391686	78	1	40	pips_l400_r40_500-8000.hdf5	left	right
1240.2345	1	Stimulus/S  1	1	12402345	12402353	78	2	60	pips_l400_r40_500-8000.hdf5	left	right
1241.3012	1	Stimulus/S  1	1	12413012	12413020	78	3	70	pips_l400_r40_500-8000.hdf5	left	right
1242.3679	1	Stimulus/S  1	1	12423679	12423687	78	4	50	pips_l400_r40_500-8000.hdf5	left	right
1243.4132	1	Stimulus/S  1	1	12434132	12434140	78	5	30	pips_l400_r40_500-8000.hdf5	left	right
1244.4692	1	Stimulus/S  1	1	12444692	12444700	79	0	20	pips_l400_r40_500-8000.hdf5	left	right
1245.5146	1	Stimulus/S  1	1	12455146	12455154	79	1	40	pips_l400_r40_500-8000.hdf5	left	right
1246.5706	1	Stimulus/S  1	1	12465706	12465714	79	2	60	pips_l400_r40_500-8000.hdf5	left	right
1247.6372	1	Stimulus/S  1	1	12476372	12476380	79	3	70	pips_l400_r40_500-8000.hdf5	left	right
1248.7039	1	Stimulus/S  1	1	12487039	12487047	79	4	50	pips_l400_r40_500-8000.hdf5	left	right
1249.7706	1	Stimulus/S  1	1	12497706	12497714	79	5	30	pips_l400_r40_500-8000.hdf5	left	right
1250.8373	1	Stimulus/S  1	1	12508373	12508381	80	0	20	pips_l400_r40_500-8000.hdf5	left	right
1251.8826	1	Stimulus/S  1	1	12518826	12518834	80	1	40	pips_l400_r40_500-8000.hdf5	left	right
1252.9386	1	Stimulus/S  1	1	12529386	12529394	80	2	60	pips_l400_r40_500-8000.hdf5	left	right
1253.984	1	Stimulus/S  1	1	12539840	12539848	80	3	70	pips_l400_r40_500-8000.hdf5	left	right
1255.04	1	Stimulus/S  1	1	12550400	12550408	80	4	50	pips_l400_r40_500-8000.hdf5	left	right
1256.0853	1	Stimulus/S  1	1	12560853	12560861	80	5	30	pips_l400_r40_500-8000.hdf5	left	right
1257.1307	1	Stimulus/S  1	1	12571307	12571315	81	0	20	pips_l400_r40_500-8000.hdf5	left	right
1258.1973	1	Stimulus/S  1	1	12581973	12581981	81	1	40	pips_l400_r40_500-8000.hdf5	left	right
1259.264	1	Stimulus/S  1	1	12592640	12592648	81	2	60	pips_l400_r40_500-8000.hdf5	left	right
1260.3307	1	Stimulus/S  1	1	12603307	12603315	81	3	70	pips_l400_r40_500-8000.hdf5	left	right
1261.3974	1	Stimulus/S  1	1	12613974	12613982	81	4	50	pips_l400_r40_500-8000.hdf5	left	right
1262.4534	1	Stimulus/S  1	1	12624534	12624542	81	5	30	pips_l400_r40_500-8000.hdf5	left	right
1263.4987	1	Stimulus/S  1	1	12634987	12634995	82	0	20	pips_l400_r40_500-8000.hdf5	left	right
1264.5654	1	Stimulus/S  1	1	12645654	12645662	82	1	40	pips_l400_r40_500-8000.hdf5	left	right
1265.6321	1	Stimulus/S  1	1	12656321	12656329	82	2	60	pips_l400_r40_500-8000.hdf5	left	right
1266.6881	1	Stimulus/S  1	1	12666881	12666889	82	3	70	pips_l400_r40_500-8000.hdf5	left	right
1267.7334	1	Stimulus/S  1	1	12677334	12677342	82	4	50	pips_l400_r40_500-8000.hdf5	left	right
1268.7894	1	Stimulus/S  1	1	12687894	12687902	82	5	30	pips_l400_r40_500-8000.hdf5	left	right
1269.8348	1	Stimulus/S  1	1	12698348	12698356	83	0	20	pips_l400_r40_500-8000.hdf5	left	right
1270.9015	1	Stimulus/S  1	1	12709015	12709023	83	1	40	pips_l400_r40_500-8000.hdf5	left	right
1271.9681	1	Stimulus/S  1	1	12719681	12719689	83	2	60	pips_l400_r40_500-8000.hdf5	left	right
1273.0348	1	Stimulus/S  1	1	12730348	12730356	83	3	70	pips_l400_r40_500-8000.hdf5	left	right
1274.1015	1	Stimulus/S  1	1	12741015	12741023	83	4	50	pips_l400_r40_500-8000.hdf5	left	right
1275.1682	1	Stimulus/S  1	1	12751682	12751690	83	5	30	pips_l400_r40_500-8000.hdf5	left	right
1276.2242	1	Stimulus/S  1	1	12762242	12762250	84	0	20	pips_l400_r40_500-8000.hdf5	left	right
1277.2695	1	Stimulus/S  1	1	12772695	12772703	84	1	40	pips_l400_r40_500-8000.hdf5	left	right
1278.3149	1	Stimulus/S  1	1	12783149	12783157	84	2	60	pips_l400_r40_500-8000.hdf5	left	right
1279.3709	1	Stimulus/S  1	1	12793709	12793717	84	3	70	pips_l400_r40_500-8000.hdf5	left	right
1280.4162	1	Stimulus/S  1	1	12804162	12804170	84	4	50	pips_l400_r40_500-8000.hdf5	left	right
1281.4722	1	Stimulus/S  1	1	12814722	12814730	84	5	30	pips_l400_r40_500-8000.hdf5	left	right
1282.5389	1	Stimulus/S  1	1	12825389	12825397	85	0	20	pips_l400_r40_500-8000.hdf5	left	right
1283.5843	1	Stimulus/S  1	1	12835843	12835851	85	1	40	pips_l400_r40_500-8000.hdf5	left	right
1284.6509	1	Stimulus/S  1	1	12846509	12846517	85	2	60	pips_l400_r40_500-8000.hdf5	left	right
1285.7176	1	Stimulus/S  1	1	12857176	12857184	85	3	70	pips_l400_r40_500-8000.hdf5	left	right
1286.7736	1	Stimulus/S  1	1	12867736	12867744	85	4	50	pips_l400_r40_500-8000.hdf5	left	right
1287.819	1	Stimulus/S  1	1	12878190	12878198	85	5	30	pips_l400_r40_500-8000.hdf5	left	right
1288.8856	1	Stimulus/S  1	1	12888856	12888864	86	0	20	pips_l400_r40_500-8000.hdf5	left	right
1289.931	1	Stimulus/S  1	1	12899310	12899318	86	1	40	pips_l400_r40_500-8000.hdf5	left	right
1290.987	1	Stimulus/S  1	1	12909870	12909878	86	2	60	pips_l400_r40_500-8000.hdf5	left	right
1292.0537	1	Stimulus/S  1	1	12920537	12920545	86	3	70	pips_l400_r40_500-8000.hdf5	left	right
1293.1203	1	Stimulus/S  1	1	12931203	12931211	86	4	50	pips_l400_r40_500-8000.hdf5	left	right
1294.1657	1	Stimulus/S  1	1	12941657	12941665	86	5	30	pips_l400_r40_500-8000.hdf5	left	right
1295.2217	1	Stimulus/S  1	1	12952217	12952225	87	0	20	pips_l400_r40_500-8000.hdf5	left	right
1296.2884	1	Stimulus/S  1	1	12962884	12962892	87	1	40	pips_l400_r40_500-8000.hdf5	left	right
1297.3337	1	Stimulus/S  1	1	12973337	12973345	87	2	60	pips_l400_r40_500-8000.hdf5	left	right
1298.3897	1	Stimulus/S  1	1	12983897	12983905	87	3	70	pips_l400_r40_500-8000.hdf5	left	right
1299.4564	1	Stimulus/S  1	1	12994564	12994572	87	4	50	pips_l400_r40_500-8000.hdf5	left	right
1300.5231	1	Stimulus/S  1	1	13005231	13005239	87	5	30	pips_l400_r40_500-8000.hdf5	left	right
1301.5684	1	Stimulus/S  1	1	13015684	13015692	88	0	20	pips_l400_r40_500-8000.hdf5	left	right
1302.6351	1	Stimulus/S  1	1	13026351	13026359	88	1	40	pips_l400_r40_500-8000.hdf5	left	right
1303.6911	1	Stimulus/S  1	1	13036911	13036919	88	2	60	pips_l400_r40_500-8000.hdf5	left	right
1304.7365	1	Stimulus/S  1	1	13047365	13047373	88	3	70	pips_l400_r40_500-8000.hdf5	left	right
1305.8031	1	Stimulus/S  1	1	13058031	13058039	88	4	50	pips_l400_r40_500-8000.hdf5	left	right
1306.8698	1	Stimulus/S  1	1	13068698	13068706	88	5	30	pips_l400_r40_500-8000.hdf5	left	right
1307.9151	1	Stimulus/S  1	1	13079151	13079159	89	0	20	pips_l400_r40_500-8000.hdf5	left	right
1308.9818	1	Stimulus/S  1	1	13089818	13089826	89	1	40	pips_l400_r40_500-8000.hdf5	left	right
1310.0485	1	Stimulus/S  1	1	13100485	13100493	89	2	60	pips_l400_r40_500-8000.hdf5	left	right
1311.1045	1	Stimulus/S  1	1	13111045	13111053	89	3	70	pips_l400_r40_500-8000.hdf5	left	right
1312.1712	1	Stimulus/S  1	1	13121712	13121720	89	4	50	pips_l400_r40_500-8000.hdf5	left	right
1313.2165	1	Stimulus/S  1	1	13132165	13132173	89	5	30	pips_l400_r40_500-8000.hdf5	left	right
1314.2725	1	Stimulus/S  1	1	13142725	13142733	90	0	20	pips_l400_r40_500-8000.hdf5	left	right
1315.3392	1	Stimulus/S  1	1	13153392	13153400	90	1	40	pips_l400_r40_500-8000.hdf5	left	right
1316.4059	1	Stimulus/S  1	1	13164059	13164067	90	2	60	pips_l400_r40_500-8000.hdf5	left	right
1317.4512	1	Stimulus/S  1	1	13174512	13174520	90	3	70	pips_l400_r40_500-8000.hdf5	left	right
1318.5179	1	Stimulus/S  1	1	13185179	13185187	90	4	50	pips_l400_r40_500-8000.hdf5	left	right
1319.5739	1	Stimulus/S  1	1	13195739	13195747	90	5	30	pips_l400_r40_500-8000.hdf5	left	right
1320.6193	1	Stimulus/S  1	1	13206193	13206201	91	0	20	pips_l400_r40_500-8000.hdf5	left	right
1321.6859	1	Stimulus/S  1	1	13216859	13216867	91	1	40	pips_l400_r40_500-8000.hdf5	left	right
1322.742	1	Stimulus/S  1	1	13227420	13227428	91	2	60	pips_l400_r40_500-8000.hdf5	left	right
1323.7873	1	Stimulus/S  1	1	13237873	13237881	91	3	70	pips_l400_r40_500-8000.hdf5	left	right
1324.854	1	Stimulus/S  1	1	13248540	13248548	91	4	50	pips_l400_r40_500-8000.hdf5	left	right
1325.9207	1	Stimulus/S  1	1	13259207	13259215	91	5	30	pips_l400_r40_500-8000.hdf5	left	right
1326.966	1	Stimulus/S  1	1	13269660	13269668	92	0	20	pips_l400_r40_500-8000.hdf5	left	right
1328.0327	1	Stimulus/S  1	1	13280327	13280335	92	1	40	pips_l400_r40_500-8000.hdf5	left	right
1329.0887	1	Stimulus/S  1	1	13290887	13290895	92	2	60	pips_l400_r40_500-8000.hdf5	left	right
1330.134	1	Stimulus/S  1	1	13301340	13301348	92	3	70	pips_l400_r40_500-8000.hdf5	left	right
1331.2007	1	Stimulus/S  1	1	13312007	13312015	92	4	50	pips_l400_r40_500-8000.hdf5	left	right
1332.2674	1	Stimulus/S  1	1	13322674	13322682	92	5	30	pips_l400_r40_500-8000.hdf5	left	right
1333.3234	1	Stimulus/S  1	1	13333234	13333242	93	0	20	pips_l400_r40_500-8000.hdf5	left	right
1334.3901	1	Stimulus/S  1	1	13343901	13343909	93	1	40	pips_l400_r40_500-8000.hdf5	left	right
1335.4354	1	Stimulus/S  1	1	13354354	13354362	93	2	60	pips_l400_r40_500-8000.hdf5	left	right
1336.4914	1	Stimulus/S  1	1	13364914	13364922	93	3	70	pips_l400_r40_500-8000.hdf5	left	right
1337.5368	1	Stimulus/S  1	1	13375368	13375376	93	4	50	pips_l400_r40_500-8000.hdf5	left	right
1338.5821	1	Stimulus/S  1	1	13385821	13385829	93	5	30	pips_l400_r40_500-8000.hdf5	left	right
1339.6488	1	Stimulus/S  1	1	13396488	13396496	94	0	20	pips_l400_r40_500-8000.hdf5	left	right
1340.7048	1	Stimulus/S  1	1	13407048	13407056	94	1	40	pips_l400_r40_500-8000.hdf5	left	right
1341.7501	1	Stimulus/S  1	1	13417501	13417509	94	2	60	pips_l400_r40_500-8000.hdf5	left	right
1342.8061	1	Stimulus/S  1	1	13428061	13428069	94	3	70	pips_l400_r40_500-8000.hdf5	left	right
1343.8515	1	Stimulus/S  1	1	13438515	13438523	94	4	50	pips_l400_r40_500-8000.hdf5	left	right
1344.9182	1	Stimulus/S  1	1	13449182	13449190	94	5	30	pips_l400_r40_500-8000.hdf5	left	right
1345.9742	1	Stimulus/S  1	1	13459742	13459750	95	0	20	pips_l400_r40_500-8000.hdf5	left	right
1347.0409	1	Stimulus/S  1	1	13470409	13470417	95	1	40	pips_l400_r40_500-8000.hdf5	left	right
1348.0862	1	Stimulus/S  1	1	13480862	13480870	95	2	60	pips_l400_r40_500-8000.hdf5	left	right
1349.1422	1	Stimulus/S  1	1	13491422	13491430	95	3	70	pips_l400_r40_500-8000.hdf5	left	right
1350.1982	1	Stimulus/S  1	1	13501982	13501990	95	4	50	pips_l400_r40_500-8000.hdf5	left	right
1351.2542	1	Stimulus/S  1	1	13512542	13512550	95	5	30	pips_l400_r40_500-8000.hdf5	left	right
1352.2996	1	Stimulus/S  1	1	13522996	13523004	96	0	20	pips_l400_r40_500-8000.hdf5	left	right
1353.3662	1	Stimulus/S  1	1	13533662	13533670	96	1	40	pips_l400_r40_500-8000.hdf5	left	right
1354.4223	1	Stimulus/S  1	1	13544223	13544231	96	2	60	pips_l400_r40_500-8000.hdf5	left	right
1355.4889	1	Stimulus/S  1	1	13554889	13554897	96	3	70	pips_l400_r40_500-8000.hdf5	left	right
1356.5343	1	Stimulus/S  1	1	13565343	13565351	96	4	50	pips_l400_r40_500-8000.hdf5	left	right
1357.601	1	Stimulus/S  1	1	13576010	13576018	96	5	30	pips_l400_r40_500-8000.hdf5	left	right
1358.6676	1	Stimulus/S  1	1	13586676	13586684	97	0	20	pips_l400_r40_500-8000.hdf5	left	right
1359.7343	1	Stimulus/S  1	1	13597343	13597351	97	1	40	pips_l400_r40_500-8000.hdf5	left	right
1360.7903	1	Stimulus/S  1	1	13607903	13607911	97	2	60	pips_l400_r40_500-8000.hdf5	left	right
1361.857	1	Stimulus/S  1	1	13618570	13618578	97	3	70	pips_l400_r40_500-8000.hdf5	left	right
1362.9023	1	Stimulus/S  1	1	13629023	13629031	97	4	50	pips_l400_r40_500-8000.hdf5	left	right
1363.9583	1	Stimulus/S  1	1	13639583	13639591	97	5	30	pips_l400_r40_500-8000.hdf5	left	right
1365.025	1	Stimulus/S  1	1	13650250	13650258	98	0	20	pips_l400_r40_500-8000.hdf5	left	right
1366.0704	1	Stimulus/S  1	1	13660704	13660712	98	1	40	pips_l400_r40_500-8000.hdf5	left	right
1367.1157	1	Stimulus/S  1	1	13671157	13671165	98	2	60	pips_l400_r40_500-8000.hdf5	left	right
1368.1717	1	Stimulus/S  1	1	13681717	13681725	98	3	70	pips_l400_r40_500-8000.hdf5	left	right
1369.2171	1	Stimulus/S  1	1	13692171	13692179	98	4	50	pips_l400_r40_500-8000.hdf5	left	right
1370.2837	1	Stimulus/S  1	1	13702837	13702845	98	5	30	pips_l400_r40_500-8000.hdf5	left	right
1371.3398	1	Stimulus/S  1	1	13713398	13713406	99	0	20	pips_l400_r40_500-8000.hdf5	left	right
1372.4064	1	Stimulus/S  1	1	13724064	13724072	99	1	40	pips_l400_r40_500-8000.hdf5	left	right
1373.4518	1	Stimulus/S  1	1	13734518	13734526	99	2	60	pips_l400_r40_500-8000.hdf5	left	right
1374.5078	1	Stimulus/S  1	1	13745078	13745086	99	3	70	pips_l400_r40_500-8000.hdf5	left	right
1375.5745	1	Stimulus/S  1	1	13755745	13755753	99	4	50	pips_l400_r40_500-8000.hdf5	left	right
1376.6198	1	Stimulus/S  1	1	13766198	13766206	99	5	30	pips_l400_r40_500-8000.hdf5	left	right
1377.6865	1	Stimulus/S  1	1	13776865	13776873	100	0	20	pips_l400_r40_500-8000.hdf5	left	right
1378.7532	1	Stimulus/S  1	1	13787532	13787540	100	1	40	pips_l400_r40_500-8000.hdf5	left	right
1379.8092	1	Stimulus/S  1	1	13798092	13798100	100	2	60	pips_l400_r40_500-8000.hdf5	left	right
1380.8545	1	Stimulus/S  1	1	13808545	13808553	100	3	70	pips_l400_r40_500-8000.hdf5	left	right
1381.8999	1	Stimulus/S  1	1	13818999	13819007	100	4	50	pips_l400_r40_500-8000.hdf5	left	right
1382.9559	1	Stimulus/S  1	1	13829559	13829567	100	5	30	pips_l400_r40_500-8000.hdf5	left	right
1384.0012	1	Stimulus/S  1	1	13840012	13840020	101	0	20	pips_l400_r40_500-8000.hdf5	left	right
1385.0679	1	Stimulus/S  1	1	13850679	13850687	101	1	40	pips_l400_r40_500-8000.hdf5	left	right
1386.1239	1	Stimulus/S  1	1	13861239	13861247	101	2	60	pips_l400_r40_500-8000.hdf5	left	right
1387.1692	1	Stimulus/S  1	1	13871692	13871700	101	3	70	pips_l400_r40_500-8000.hdf5	left	right
1388.2252	1	Stimulus/S  1	1	13882252	13882260	101	4	50	pips_l400_r40_500-8000.hdf5	left	right
1389.2706	1	Stimulus/S  1	1	13892706	13892714	101	5	30	pips_l400_r40_500-8000.hdf5	left	right
1390.3159	1	Stimulus/S  1	1	13903159	13903167	102	0	20	pips_l400_r40_500-8000.hdf5	left	right
1391.3719	1	Stimulus/S  1	1	13913719	13913727	102	1	40	pips_l400_r40_500-8000.hdf5	left	right
1392.4173	1	Stimulus/S  1	1	13924173	13924181	102	2	60	pips_l400_r40_500-8000.hdf5	left	right
1393.4733	1	Stimulus/S  1	1	13934733	13934741	102	3	70	pips_l400_r40_500-8000.hdf5	left	right
1394.5186	1	Stimulus/S  1	1	13945186	13945194	102	4	50	pips_l400_r40_500-8000.hdf5	left	right
1395.5853	1	Stimulus/S  1	1	13955853	13955861	102	5	30	pips_l400_r40_500-8000.hdf5	left	right
1396.6413	1	Stimulus/S  1	1	13966413	13966421	103	0	20	pips_l400_r40_500-8000.hdf5	left	right
1397.708	1	Stimulus/S  1	1	13977080	13977088	103	1	40	pips_l400_r40_500-8000.hdf5	left	right
1398.7533	1	Stimulus/S  1	1	13987533	13987541	103	2	60	pips_l400_r40_500-8000.hdf5	left	right
1399.8094	1	Stimulus/S  1	1	13998094	13998102	103	3	70	pips_l400_r40_500-8000.hdf5	left	right
1400.876	1	Stimulus/S  1	1	14008760	14008768	103	4	50	pips_l400_r40_500-8000.hdf5	left	right
1401.9214	1	Stimulus/S  1	1	14019214	14019222	103	5	30	pips_l400_r40_500-8000.hdf5	left	right
1402.9667	1	Stimulus/S  1	1	14029667	14029675	104	0	20	pips_l400_r40_500-8000.hdf5	left	right
1404.0334	1	Stimulus/S  1	1	14040334	14040342	104	1	40	pips_l400_r40_500-8000.hdf5	left	right
1405.0894	1	Stimulus/S  1	1	14050894	14050902	104	2	60	pips_l400_r40_500-8000.hdf5	left	right
1406.1347	1	Stimulus/S  1	1	14061347	14061355	104	3	70	pips_l400_r40_500-8000.hdf5	left	right
1407.2014	1	Stimulus/S  1	1	14072014	14072022	104	4	50	pips_l400_r40_500-8000.hdf5	left	right
1408.2574	1	Stimulus/S  1	1	14082574	14082582	104	5	30	pips_l400_r40_500-8000.hdf5	left	right
1409.3028	1	Stimulus/S  1	1	14093028	14093036	105	0	20	pips_l400_r40_500-8000.hdf5	left	right
1410.3695	1	Stimulus/S  1	1	14103695	14103703	105	1	40	pips_l400_r40_500-8000.hdf5	left	right
1411.4255	1	Stimulus/S  1	1	14114255	14114263	105	2	60	pips_l400_r40_500-8000.hdf5	left	right
1412.4921	1	Stimulus/S  1	1	14124921	14124929	105	3	70	pips_l400_r40_500-8000.hdf5	left	right
1413.5588	1	Stimulus/S  1	1	14135588	14135596	105	4	50	pips_l400_r40_500-8000.hdf5	left	right
1414.6042	1	Stimulus/S  1	1	14146042	14146050	105	5	30	pips_l400_r40_500-8000.hdf5	left	right
1415.6708	1	Stimulus/S  1	1	14156708	14156716	106	0	20	pips_l400_r40_500-8000.hdf5	left	right
1416.7162	1	Stimulus/S  1	1	14167162	14167170	106	1	40	pips_l400_r40_500-8000.hdf5	left	right
1417.7722	1	Stimulus/S  1	1	14177722	14177730	106	2	60	pips_l400_r40_500-8000.hdf5	left	right
1418.8389	1	Stimulus/S  1	1	14188389	14188397	106	3	70	pips_l400_r40_500-8000.hdf5	left	right
1419.8842	1	Stimulus/S  1	1	14198842	14198850	106	4	50	pips_l400_r40_500-8000.hdf5	left	right
1420.9402	1	Stimulus/S  1	1	14209402	14209410	106	5	30	pips_l400_r40_500-8000.hdf5	left	right
1422.0069	1	Stimulus/S  1	1	14220069	14220077	107	0	20	pips_l400_r40_500-8000.hdf5	left	right
1423.0522	1	Stimulus/S  1	1	14230522	14230530	107	1	40	pips_l400_r40_500-8000.hdf5	left	right
1424.1083	1	Stimulus/S  1	1	14241083	14241091	107	2	60	pips_l400_r40_500-8000.hdf5	left	right
1425.1749	1	Stimulus/S  1	1	14251749	14251757	107	3	70	pips_l400_r40_500-8000.hdf5	left	right
1426.2203	1	Stimulus/S  1	1	14262203	14262211	107	4	50	pips_l400_r40_500-8000.hdf5	left	right
1427.2763	1	Stimulus/S  1	1	14272763	14272771	107	5	30	pips_l400_r40_500-8000.hdf5	left	right
1428.3216	1	Stimulus/S  1	1	14283216	14283224	108	0	20	pips_l400_r40_500-8000.hdf5	left	right
1429.367	1	Stimulus/S  1	1	14293670	14293678	108	1	40	pips_l400_r40_500-8000.hdf5	left	right
1430.4336	1	Stimulus/S  1	1	14304336	14304344	108	2	60	pips_l400_r40_500-8000.hdf5	left	right
1431.4897	1	Stimulus/S  1	1	14314897	14314905	108	3	70	pips_l400_r40_500-8000.hdf5	left	right
1432.535	1	Stimulus/S  1	1	14325350	14325358	108	4	50	pips_l400_r40_500-8000.hdf5	left	right
1433.6017	1	Stimulus/S  1	1	14336017	14336025	108	5	30	pips_l400_r40_500-8000.hdf5	left	right
1434.6577	1	Stimulus/S  1	1	14346577	14346585	109	0	20	pips_l400_r40_500-8000.hdf5	left	right
1435.703	1	Stimulus/S  1	1	14357030	14357038	109	1	40	pips_l400_r40_500-8000.hdf5	left	right
1436.759	1	Stimulus/S  1	1	14367590	14367598	109	2	60	pips_l400_r40_500-8000.hdf5	left	right
1437.8044	1	Stimulus/S  1	1	14378044	14378052	109	3	70	pips_l400_r40_500-8000.hdf5	left	right
1438.8711	1	Stimulus/S  1	1	14388711	14388719	109	4	50	pips_l400_r40_500-8000.hdf5	left	right
1439.9271	1	Stimulus/S  1	1	14399271	14399279	109	5	30	pips_l400_r40_500-8000.hdf5	left	right
1440.9937	1	Stimulus/S  1	1	14409937	14409945	110	0	20	pips_l400_r40_500-8000.hdf5	left	right
1442.0391	1	Stimulus/S  1	1	14420391	14420399	110	1	40	pips_l400_r40_500-8000.hdf5	left	right
1443.1058	1	Stimulus/S  1	1	14431058	14431066	110	2	60	pips_l400_r40_500-8000.hdf5	left	right
1444.1724	1	Stimulus/S  1	1	14441724	14441732	110	3	70	pips_l400_r40_500-8000.hdf5	left	right
1445.2178	1	Stimulus/S  1	1	14452178	14452186	110	4	50	pips_l400_r40_500-8000.hdf5	left	right
1446.2845	1	Stimulus/S  1	1	14462845	14462853	110	5	30	pips_l400_r40_500-8000.hdf5	left	right
1447.3405	1	Stimulus/S  1	1	14473405	14473413	111	0	20	pips_l400_r40_500-8000.hdf5	left	right
1448.4071	1	Stimulus/S  1	1	14484071	14484079	111	1	40	pips_l400_r40_500-8000.hdf5	left	right
1449.4738	1	Stimulus/S  1	1	14494738	14494746	111	2	60	pips_l400_r40_500-8000.hdf5	left	right
1450.5192	1	Stimulus/S  1	1	14505192	14505200	111	3	70	pips_l400_r40_500-8000.hdf5	left	right
1451.5858	1	Stimulus/S  1	1	14515858	14515866	111	4	50	pips_l400_r40_500-8000.hdf5	left	right
1452.6419	1	Stimulus/S  1	1	14526419	14526427	111	5	30	pips_l400_r40_500-8000.hdf5	left	right
1453.6872	1	Stimulus/S  1	1	14536872	14536880	112	0	20	pips_l400_r40_500-8000.hdf5	left	right
1454.7539	1	Stimulus/S  1	1	14547539	14547547	112	1	40	pips_l400_r40_500-8000.hdf5	left	right
1455.8099	1	Stimulus/S  1	1	14558099	14558107	112	2	60	pips_l400_r40_500-8000.hdf5	left	right
1456.8552	1	Stimulus/S  1	1	14568552	14568560	112	3	70	pips_l400_r40_500-8000.hdf5	left	right
1457.9006	1	Stimulus/S  1	1	14579006	14579014	112	4	50	pips_l400_r40_500-8000.hdf5	left	right
1458.9566	1	Stimulus/S  1	1	14589566	14589574	112	5	30	pips_l400_r40_500-8000.hdf5	left	right
1460.0019	1	Stimulus/S  1	1	14600019	14600027	113	0	20	pips_l400_r40_500-8000.hdf5	left	right
1461.0579	1	Stimulus/S  1	1	14610579	14610587	113	1	40	pips_l400_r40_500-8000.hdf5	left	right
1462.1033	1	Stimulus/S  1	1	14621033	14621041	113	2	60	pips_l400_r40_500-8000.hdf5	left	right
1463.1593	1	Stimulus/S  1	1	14631593	14631601	113	3	70	pips_l400_r40_500-8000.hdf5	left	right
1464.2046	1	Stimulus/S  1	1	14642046	14642054	113	4	50	pips_l400_r40_500-8000.hdf5	left	right
1465.2713	1	Stimulus/S  1	1	14652713	14652721	113	5	30	pips_l400_r40_500-8000.hdf5	left	right
1466.3273	1	Stimulus/S  1	1	14663273	14663281	114	0	20	pips_l400_r40_500-8000.hdf5	left	right
1467.3727	1	Stimulus/S  1	1	14673727	14673735	114	1	40	pips_l400_r40_500-8000.hdf5	left	right
1468.418	1	Stimulus/S  1	1	14684180	14684188	114	2	60	pips_l400_r40_500-8000.hdf5	left	right
1469.474	1	Stimulus/S  1	1	14694740	14694748	114	3	70	pips_l400_r40_500-8000.hdf5	left	right
1470.5407	1	Stimulus/S  1	1	14705407	14705415	114	4	50	pips_l400_r40_500-8000.hdf5	left	right
1471.6074	1	Stimulus/S  1	1	14716074	14716082	114	5	30	pips_l400_r40_500-8000.hdf5	left	right
1472.6527	1	Stimulus/S  1	1	14726527	14726535	115	0	20	pips_l400_r40_500-8000.hdf5	left	right
1473.7194	1	Stimulus/S  1	1	14737194	14737202	115	1	40	pips_l400_r40_500-8000.hdf5	left	right
1474.7754	1	Stimulus/S  1	1	14747754	14747762	115	2	60	pips_l400_r40_500-8000.hdf5	left	right
1475.8421	1	Stimulus/S  1	1	14758421	14758429	115	3	70	pips_l400_r40_500-8000.hdf5	left	right
1476.8874	1	Stimulus/S  1	1	14768874	14768882	115	4	50	pips_l400_r40_500-8000.hdf5	left	right
1477.9434	1	Stimulus/S  1	1	14779434	14779442	115	5	30	pips_l400_r40_500-8000.hdf5	left	right
1478.9888	1	Stimulus/S  1	1	14789888	14789896	116	0	20	pips_l400_r40_500-8000.hdf5	left	right
1480.0341	1	Stimulus/S  1	1	14800341	14800349	116	1	40	pips_l400_r40_500-8000.hdf5	left	right
1481.1008	1	Stimulus/S  1	1	14811008	14811016	116	2	60	pips_l400_r40_500-8000.hdf5	left	right
1482.1568	1	Stimulus/S  1	1	14821568	14821576	116	3	70	pips_l400_r40_500-8000.hdf5	left	right
1483.2235	1	Stimulus/S  1	1	14832235	14832243	116	4	50	pips_l400_r40_500-8000.hdf5	left	right
1484.2688	1	Stimulus/S  1	1	14842688	14842696	116	5	30	pips_l400_r40_500-8000.hdf5	left	right
1485.3355	1	Stimulus/S  1	1	14853355	14853363	117	0	20	pips_l400_r40_500-8000.hdf5	left	right
1486.3915	1	Stimulus/S  1	1	14863915	14863923	117	1	40	pips_l400_r40_500-8000.hdf5	left	right
1487.4369	1	Stimulus/S  1	1	14874369	14874377	117	2	60	pips_l400_r40_500-8000.hdf5	left	right
1488.5035	1	Stimulus/S  1	1	14885035	14885043	117	3	70	pips_l400_r40_500-8000.hdf5	left	right
1489.5595	1	Stimulus/S  1	1	14895595	14895603	117	4	50	pips_l400_r40_500-8000.hdf5	left	right
1490.6262	1	Stimulus/S  1	1	14906262	14906270	117	5	30	pips_l400_r40_500-8000.hdf5	left	right
1491.6716	1	Stimulus/S  1	1	14916716	14916724	118	0	20	pips_l400_r40_500-8000.hdf5	left	right
1492.7276	1	Stimulus/S  1	1	14927276	14927284	118	1	40	pips_l400_r40_500-8000.hdf5	left	right
1493.7942	1	Stimulus/S  1	1	14937942	14937950	118	2	60	pips_l400_r40_500-8000.hdf5	left	right
1494.8396	1	Stimulus/S  1	1	14948396	14948404	118	3	70	pips_l400_r40_500-8000.hdf5	left	right
1495.9063	1	Stimulus/S  1	1	14959063	14959071	118	4	50	pips_l400_r40_500-8000.hdf5	left	right
1496.9729	1	Stimulus/S  1	1	14969729	14969737	118	5	30	pips_l400_r40_500-8000.hdf5	left	right
1498.0183	1	Stimulus/S  1	1	14980183	14980191	119	0	20	pips_l400_r40_500-8000.hdf5	left	right
1499.085	1	Stimulus/S  1	1	14990850	14990858	119	1	40	pips_l400_r40_500-8000.hdf5	left	right
1500.1516	1	Stimulus/S  1	1	15001516	15001524	119	2	60	pips_l400_r40_500-8000.hdf5	left	right
1501.2077	1	Stimulus/S  1	1	15012077	15012085	119	3	70	pips_l400_r40_500-8000.hdf5	left	right
1502.253	1	Stimulus/S  1	1	15022530	15022538	119	4	50	pips_l400_r40_500-8000.hdf5	left	right
1503.3197	1	Stimulus/S  1	1	15033197	15033205	119	5	30	pips_l400_r40_500-8000.hdf5	left	right
1504.3757	1	Stimulus/S  1	1	15043757	15043765	0	0	20	pips_l400_r40_500-8000.hdf5	left	right
1505.4424	1	Stimulus/S  1	1	15054424	15054432	0	1	40	pips_l400_r40_500-8000.hdf5	left	right
1506.509	1	Stimulus/S  1	1	15065090	15065098	0	2	60	pips_l400_r40_500-8000.hdf5	left	right
1507.5544	1	Stimulus/S  1	1	15075544	15075552	0	3	70	pips_l400_r40_500-8000.hdf5	left	right
1508.6211	1	Stimulus/S  1	1	15086211	15086219	0	4	50	pips_l400_r40_500-8000.hdf5	left	right
1509.6877	1	Stimulus/S  1	1	15096877	15096885	0	5	30	pips_l400_r40_500-8000.hdf5	left	right
1510.7544	1	Stimulus/S  1	1	15107544	15107552	1	0	20	pips_l400_r40_500-8000.hdf5	left	right
1511.8104	1	Stimulus/S  1	1	15118104	15118112	1	1	40	pips_l400_r40_500-8000.hdf5	left	right
1512.8558	1	Stimulus/S  1	1	15128558	15128566	1	2	60	pips_l400_r40_500-8000.hdf5	left	right
1513.9224	1	Stimulus/S  1	1	15139224	15139232	1	3	70	pips_l400_r40_500-8000.hdf5	left	right
1514.9678	1	Stimulus/S  1	1	15149678	15149686	1	4	50	pips_l400_r40_500-8000.hdf5	left	right
1516.0238	1	Stimulus/S  1	1	15160238	15160246	1	5	30	pips_l400_r40_500-8000.hdf5	left	right
1517.0905	1	Stimulus/S  1	1	15170905	15170913	2	0	20	pips_l400_r40_500-8000.hdf5	left	right
1518.1571	1	Stimulus/S  1	1	15181571	15181579	2	1	40	pips_l400_r40_500-8000.hdf5	left	right
1519.2025	1	Stimulus/S  1	1	15192025	15192033	2	2	60	pips_l400_r40_500-8000.hdf5	left	right
1520.2692	1	Stimulus/S  1	1	15202692	15202700	2	3	70	pips_l400_r40_500-8000.hdf5	left	right
1521.3358	1	Stimulus/S  1	1	15213358	15213366	2	4	50	pips_l400_r40_500-8000.hdf5	left	right
1522.3919	1	Stimulus/S  1	1	15223919	15223927	2	5	30	pips_l400_r40_500-8000.hdf5	left	right
1523.4585	1	Stimulus/S  1	1	15234585	15234593	3	0	20	pips_l400_r40_500-8000.hdf5	left	right
1524.5252	1	Stimulus/S  1	1	15245252	15245260	3	1	40	pips_l400_r40_500-8000.hdf5	left	right
1525.5705	1	Stimulus/S  1	1	15255705	15255713	3	2	60	pips_l400_r40_500-8000.hdf5	left	right
1526.6372	1	Stimulus/S  1	1	15266372	15266380	3	3	70	pips_l400_r40_500-8000.hdf5	left	right
1527.7039	1	Stimulus/S  1	1	15277039	15277047	3	4	50	pips_l400_r40_500-8000.hdf5	left	right
1528.7599	1	Stimulus/S  1	1	15287599	15287607	3	5	30	pips_l400_r40_500-8000.hdf5	left	right
1529.8053	1	Stimulus/S  1	1	15298053	15298061	4	0	20	pips_l400_r40_500-8000.hdf5	left	right
1530.8613	1	Stimulus/S  1	1	15308613	15308621	4	1	40	pips_l400_r40_500-8000.hdf5	left	right
1531.9066	1	Stimulus/S  1	1	15319066	15319074	4	2	60	pips_l400_r40_500-8000.hdf5	left	right
1532.9733	1	Stimulus/S  1	1	15329733	15329741	4	3	70	pips_l400_r40_500-8000.hdf5	left	right
1534.0186	1	Stimulus/S  1	1	15340186	15340194	4	4	50	pips_l400_r40_500-8000.hdf5	left	right
1535.0853	1	Stimulus/S  1	1	15350853	15350861	4	5	30	pips_l400_r40_500-8000.hdf5	left	right
1536.152	1	Stimulus/S  1	1	15361520	15361528	5	0	20	pips_l400_r40_500-8000.hdf5	left	right
1537.208	1	Stimulus/S  1	1	15372080	15372088	5	1	40	pips_l400_r40_500-8000.hdf5	left	right
1538.2747	1	Stimulus/S  1	1	15382747	15382755	5	2	60	pips_l400_r40_500-8000.hdf5	left	right
1539.32	1	Stimulus/S  1	1	15393200	15393208	5	3	70	pips_l400_r40_500-8000.hdf5	left	right
1540.376	1	Stimulus/S  1	1	15403760	15403768	5	4	50	pips_l400_r40_500-8000.hdf5	left	right
1541.4427	1	Stimulus/S  1	1	15414427	15414435	5	5	30	pips_l400_r40_500-8000.hdf5	left	right
1542.488	1	Stimulus/S  1	1	15424880	15424888	6	0	20	pips_l400_r40_500-8000.hdf5	left	right
1543.5547	1	Stimulus/S  1	1	15435547	15435555	6	1	40	pips_l400_r40_500-8000.hdf5	left	right
1544.6107	1	Stimulus/S  1	1	15446107	15446115	6	2	60	pips_l400_r40_500-8000.hdf5	left	right
1545.6561	1	Stimulus/S  1	1	15456561	15456569	6	3	70	pips_l400_r40_500-8000.hdf5	left	right
1546.7227	1	Stimulus/S  1	1	15467227	15467235	6	4	50	pips_l400_r40_500-8000.hdf5	left	right
1547.7788	1	Stimulus/S  1	1	15477788	15477796	6	5	30	pips_l400_r40_500-8000.hdf5	left	right
1548.8454	1	Stimulus/S  1	1	15488454	15488462	7	0	20	pips_l400_r40_500-8000.hdf5	left	right
1549.8908	1	Stimulus/S  1	1	15498908	15498916	7	1	40	pips_l400_r40_500-8000.hdf5	left	right
1550.9575	1	Stimulus/S  1	1	15509575	15509583	7	2	60	pips_l400_r40_500-8000.hdf5	left	right
1552.0028	1	Stimulus/S  1	1	15520028	15520036	7	3	70	pips_l400_r40_500-8000.hdf5	left	right
1553.0588	1	Stimulus/S  1	1	15530588	15530596	7	4	50	pips_l400_r40_500-8000.hdf5	left	right
1554.1255	1	Stimulus/S  1	1	15541255	15541263	7	5	30	pips_l400_r40_500-8000.hdf5	left	right
1555.1922	1	Stimulus/S  1	1	15551922	15551930	8	0	20	pips_l400_r40_500-8000.hdf5	left	right
1556.2375	1	Stimulus/S  1	1	15562375	15562383	8	1	40	pips_l400_r40_500-8000.hdf5	left	right
1557.3042	1	Stimulus/S  1	1	15573042	15573050	8	2	60	pips_l400_r40_500-8000.hdf5	left	right
1558.3602	1	Stimulus/S  1	1	15583602	15583610	8	3	70	pips_l400_r40_500-8000.hdf5	left	right
1559.4055	1	Stimulus/S  1	1	15594055	15594063	8	4	50	pips_l400_r40_500-8000.hdf5	left	right
1560.4615	1	Stimulus/S  1	1	15604615	15604623	8	5	30	pips_l400_r40_500-8000.hdf5	left	right
1561.5069	1	Stimulus/S  1	1	15615069	15615077	9	0	20	pips_l400_r40_500-8000.hdf5	left	right
1562.5522	1	Stimulus/S  1	1	15625522	15625530	9	1	40	pips_l400_r40_500-8000.hdf5	left	right
1563.6082	1	Stimulus/S  1	1	15636082	15636090	9	2	60	pips_l400_r40_500-8000.hdf5	left	right
1564.6749	1	Stimulus/S  1	1	15646749	15646757	9	3	70	pips_l400_r40_500-8000.hdf5	left	right
1565.7203	1	Stimulus/S  1	1	15657203	15657211	9	4	50	pips_l400_r40_500-8000.hdf5	left	right
1566.7869	1	Stimulus/S  1	1	15667869	15667877	9	5	30	pips_l400_r40_500-8000.hdf5	left	right
1567.8429	1	Stimulus/S  1	1	15678429	15678437	10	0	20	pips_l400_r40_500-8000.hdf5	left	right
1568.9096	1	Stimulus/S  1	1	15689096	15689104	10	1	40	pips_l400_r40_500-8000.hdf5	left	right
1569.955	1	Stimulus/S  1	1	15699550	15699558	10	2	60	pips_l400_r40_500-8000.hdf5	left	right
1571.011	1	Stimulus/S  1	1	15710110	15710118	10	3	70	pips_l400_r40_500-8000.hdf5	left	right
1572.0777	1	Stimulus/S  1	1	15720777	15720785	10	4	50	pips_l400_r40_500-8000.hdf5	left	right
1573.123	1	Stimulus/S  1	1	15731230	15731238	10	5	30	pips_l400_r40_500-8000.hdf5	left	right
1574.1897	1	Stimulus/S  1	1	15741897	15741905	11	0	20	pips_l400_r40_500-8000.hdf5	left	right
1575.2457	1	Stimulus/S  1	1	15752457	15752465	11	1	40	pips_l400_r40_500-8000.hdf5	left	right
1576.291	1	Stimulus/S  1	1	15762910	15762918	11	2	60	pips_l400_r40_500-8000.hdf5	left	right
1577.3364	1	Stimulus/S  1	1	15773364	15773372	11	3	70	pips_l400_r40_500-8000.hdf5	left	right
1578.3924	1	Stimulus/S  1	1	15783924	15783932	11	4	50	pips_l400_r40_500-8000.hdf5	left	right
1579.4377	1	Stimulus/S  1	1	15794377	15794385	11	5	30	pips_l400_r40_500-8000.hdf5	left	right
1580.4937	1	Stimulus/S  1	1	15804937	15804945	12	0	20	pips_l400_r40_500-8000.hdf5	left	right
1581.5604	1	Stimulus/S  1	1	15815604	15815612	12	1	40	pips_l400_r40_500-8000.hdf5	left	right
1582.6058	1	Stimulus/S  1	1	15826058	15826066	12	2	60	pips_l400_r40_500-8000.hdf5	left	right
1583.6724	1	Stimulus/S  1	1	15836724	15836732	12	3	70	pips_l400_r40_500-8000.hdf5	left	right
1584.7391	1	Stimulus/S  1	1	15847391	15847399	12	4	50	pips_l400_r40_500-8000.hdf5	left	right
1585.7951	1	Stimulus/S  1	1	15857951	15857959	12	5	30	pips_l400_r40_500-8000.hdf5	left	right
1586.8405	1	Stimulus/S  1	1	15868405	15868413	13	0	20	pips_l400_r40_500-8000.hdf5	left	right
1587.8858	1	Stimulus/S  1	1	15878858	15878866	13	1	40	pips_l400_r40_500-8000.hdf5	left	right
1588.9525	1	Stimulus/S  1	1	15889525	15889533	13	2	60	pips_l400_r40_500-8000.hdf5	left	right
1590.0085	1	Stimulus/S  1	1	15900085	15900093	13	3	70	pips_l400_r40_500-8000.hdf5	left	right
1591.0538	1	Stimulus/S  1	1	15910538	15910546	13	4	50	pips_l400_r40_500-8000.hdf5	left	right
1592.1205	1	Stimulus/S  1	1	15921205	15921213	13	5	30	pips_l400_r40_500-8000.hdf5	left	right
1593.1765	1	Stimulus/S  1	1	15931765	15931773	14	0	20	pips_l400_r40_500-8000.hdf5	left	right
1594.2219	1	Stimulus/S  1	1	15942219	15942227	14	1	40	pips_l400_r40_500-8000.hdf5	left	right
1595.2779	1	Stimulus/S  1	1	15952779	15952787	14	2	60	pips_l400_r40_500-8000.hdf5	left	right
1596.3232	1	Stimulus/S  1	1	15963232	15963240	14	3	70	pips_l400_r40_500-8000.hdf5	left	right
1597.3899	1	Stimulus/S  1	1	15973899	15973907	14	4	50	pips_l400_r40_500-8000.hdf5	left	right
1598.4459	1	Stimulus/S  1	1	15984459	15984467	14	5	30	pips_l400_r40_500-8000.hdf5	left	right
1599.4912	1	Stimulus/S  1	1	15994912	15994920	15	0	20	pips_l400_r40_500-8000.hdf5	left	right
1600.5366	1	Stimulus/S  1	1	16005366	16005374	15	1	40	pips_l400_r40_500-8000.hdf5	left	right
1601.6033	1	Stimulus/S  1	1	16016033	16016041	15	2	60	pips_l400_r40_500-8000.hdf5	left	right
1602.6699	1	Stimulus/S  1	1	16026699	16026707	15	3	70	pips_l400_r40_500-8000.hdf5	left	right
1603.726	1	Stimulus/S  1	1	16037260	16037268	15	4	50	pips_l400_r40_500-8000.hdf5	left	right
1604.7713	1	Stimulus/S  1	1	16047713	16047721	15	5	30	pips_l400_r40_500-8000.hdf5	left	right
1605.838	1	Stimulus/S  1	1	16058380	16058388	16	0	20	pips_l400_r40_500-8000.hdf5	left	right
1606.894	1	Stimulus/S  1	1	16068940	16068948	16	1	40	pips_l400_r40_500-8000.hdf5	left	right
1607.9607	1	Stimulus/S  1	1	16079607	16079615	16	2	60	pips_l400_r40_500-8000.hdf5	left	right
1609.0273	1	Stimulus/S  1	1	16090273	16090281	16	3	70	pips_l400_r40_500-8000.hdf5	left	right
1610.0727	1	Stimulus/S  1	1	16100727	16100735	16	4	50	pips_l400_r40_500-8000.hdf5	left	right
1611.1394	1	Stimulus/S  1	1	16111394	16111402	16	5	30	pips_l400_r40_500-8000.hdf5	left	right
1612.1954	1	Stimulus/S  1	1	16121954	16121962	17	0	20	pips_l400_r40_500-8000.hdf5	left	right
1613.262	1	Stimulus/S  1	1	16132620	16132628	17	1	40	pips_l400_r40_500-8000.hdf5	left	right
1614.3074	1	Stimulus/S  1	1	16143074	16143082	17	2	60	pips_l400_r40_500-8000.hdf5	left	right
1615.3634	1	Stimulus/S  1	1	16153634	16153642	17	3	70	pips_l400_r40_500-8000.hdf5	left	right
1616.4087	1	Stimulus/S  1	1	16164087	16164095	17	4	50	pips_l400_r40_500-8000.hdf5	left	right
1617.4541	1	Stimulus/S  1	1	16174541	16174549	17	5	30	pips_l400_r40_500-8000.hdf5	left	right
1618.5101	1	Stimulus/S  1	1	16185101	16185109	18	0	20	pips_l400_r40_500-8000.hdf5	left	right
1619.5768	1	Stimulus/S  1	1	16195768	16195776	18	1	40	pips_l400_r40_500-8000.hdf5	left	right
1620.6221	1	Stimulus/S  1	1	16206221	16206229	18	2	60	pips_l400_r40_500-8000.hdf5	left	right
1621.6781	1	Stimulus/S  1	1	16216781	16216789	18	3	70	pips_l400_r40_500-8000.hdf5	left	right
1622.7448	1	Stimulus/S  1	1	16227448	16227456	18	4	50	pips_l400_r40_500-8000.hdf5	left	right
1623.7901	1	Stimulus/S  1	1	16237901	16237909	18	5	30	pips_l400_r40_500-8000.hdf5	left	right
1624.8462	1	Stimulus/S  1	1	16248462	16248470	19	0	20	pips_l400_r40_500-8000.hdf5	left	right
1625.8915	1	Stimulus/S  1	1	16258915	16258923	19	1	40	pips_l400_r40_500-8000.hdf5	left	right
1626.9368	1	Stimulus/S  1	1	16269368	16269376	19	2	60	pips_l400_r40_500-8000.hdf5	left	right
1628.0035	1	Stimulus/S  1	1	16280035	16280043	19	3	70	pips_l400_r40_500-8000.hdf5	left	right
1629.0702	1	Stimulus/S  1	1	16290702	16290710	19	4	50	pips_l400_r40_500-8000.hdf5	left	right
1630.1262	1	Stimulus/S  1	1	16301262	16301270	19	5	30	pips_l400_r40_500-8000.hdf5	left	right
1631.1716	1	Stimulus/S  1	1	16311716	16311724	20	0	20	pips_l400_r40_500-8000.hdf5	left	right
1632.2276	1	Stimulus/S  1	1	16322276	16322284	20	1	40	pips_l400_r40_500-8000.hdf5	left	right
1633.2729	1	Stimulus/S  1	1	16332729	16332737	20	2	60	pips_l400_r40_500-8000.hdf5	left	right
1634.3396	1	Stimulus/S  1	1	16343396	16343404	20	3	70	pips_l400_r40_500-8000.hdf5	left	right
1635.3956	1	Stimulus/S  1	1	16353956	16353964	20	4	50	pips_l400_r40_500-8000.hdf5	left	right
1636.4409	1	Stimulus/S  1	1	16364409	16364417	20	5	30	pips_l400_r40_500-8000.hdf5	left	right
1637.4969	1	Stimulus/S  1	1	16374969	16374977	21	0	20	pips_l400_r40_500-8000.hdf5	left	right
1638.5636	1	Stimulus/S  1	1	16385636	16385644	21	1	40	pips_l400_r40_500-8000.hdf5	left	right
1639.609	1	Stimulus/S  1	1	16396090	16396098	21	2	60	pips_l400_r40_500-8000.hdf5	left	right
1640.6543	1	Stimulus/S  1	1	16406543	16406551	21	3	70	pips_l400_r40_500-8000.hdf5	left	right
1641.721	1	Stimulus/S  1	1	16417210	16417218	21	4	50	pips_l400_r40_500-8000.hdf5	left	right
1642.777	1	Stimulus/S  1	1	16427770	16427778	21	5	30	pips_l400_r40_500-8000.hdf5	left	right
1643.8437	1	Stimulus/S  1	1	16438437	16438445	22	0	20	pips_l400_r40_500-8000.hdf5	left	right
1644.889	1	Stimulus/S  1	1	16448890	16448898	22	1	40	pips_l400_r40_500-8000.hdf5	left	right
1645.945	1	Stimulus/S  1	1	16459450	16459458	22	2	60	pips_l400_r40_500-8000.hdf5	left	right
1646.9904	1	Stimulus/S  1	1	16469904	16469912	22	3	70	pips_l400_r40_500-8000.hdf5	left	right
1648.0464	1	Stimulus/S  1	1	16480464	16480472	22	4	50	pips_l400_r40_500-8000.hdf5	left	right
1649.1131	1	Stimulus/S  1	1	16491131	16491139	22	5	30	pips_l400_r40_500-8000.hdf5	left	right
1650.1584	1	Stimulus/S  1	1	16501584	16501592	23	0	20	pips_l400_r40_500-8000.hdf5	left	right
1651.2037	1	Stimulus/S  1	1	16512037	16512045	23	1	40	pips_l400_r40_500-8000.hdf5	left	right
1652.2598	1	Stimulus/S  1	1	16522598	16522606	23	2	60	pips_l400_r40_500-8000.hdf5	left	right
1653.3051	1	Stimulus/S  1	1	16533051	16533059	23	3	70	pips_l400_r40_500-8000.hdf5	left	right
1654.3718	1	Stimulus/S  1	1	16543718	16543726	23	4	50	pips_l400_r40_500-8000.hdf5	left	right
1655.4278	1	Stimulus/S  1	1	16554278	16554286	23	5	30	pips_l400_r40_500-8000.hdf5	left	right
1656.4945	1	Stimulus/S  1	1	16564945	16564953	24	0	20	pips_l400_r40_500-8000.hdf5	left	right
1657.5398	1	Stimulus/S  1	1	16575398	16575406	24	1	40	pips_l400_r40_500-8000.hdf5	left	right
1658.6065	1	Stimulus/S  1	1	16586065	16586073	24	2	60	pips_l400_r40_500-8000.hdf5	left	right
1659.6625	1	Stimulus/S  1	1	16596625	16596633	24	3	70	pips_l400_r40_500-8000.hdf5	left	right
1660.7078	1	Stimulus/S  1	1	16607078	16607086	24	4	50	pips_l400_r40_500-8000.hdf5	left	right
1661.7745	1	Stimulus/S  1	1	16617745	16617753	24	5	30	pips_l400_r40_500-8000.hdf5	left	right
1662.8305	1	Stimulus/S  1	1	16628305	16628313	25	0	20	pips_l400_r40_500-8000.hdf5	left	right
1663.8972	1	Stimulus/S  1	1	16638972	16638980	25	1	40	pips_l400_r40_500-8000.hdf5	left	right
1664.9425	1	Stimulus/S  1	1	16649425	16649433	25	2	60	pips_l400_r40_500-8000.hdf5	left	right
1666.0092	1	Stimulus/S  1	1	16660092	16660100	25	3	70	pips_l400_r40_500-8000.hdf5	left	right
1667.0759	1	Stimulus/S  1	1	16670759	16670767	25	4	50	pips_l400_r40_500-8000.hdf5	left	right
1668.1212	1	Stimulus/S  1	1	16681212	16681220	25	5	30	pips_l400_r40_500-8000.hdf5	left	right
1669.1879	1	Stimulus/S  1	1	16691879	16691887	26	0	20	pips_l400_r40_500-8000.hdf5	left	right
1670.2439	1	Stimulus/S  1	1	16702439	16702447	26	1	40	pips_l400_r40_500-8000.hdf5	left	right
1671.2893	1	Stimulus/S  1	1	16712893	16712901	26	2	60	pips_l400_r40_500-8000.hdf5	left	right
1672.3559	1	Stimulus/S  1	1	16723559	16723567	26	3	70	pips_l400_r40_500-8000.hdf5	left	right
1673.412	1	Stimulus/S  1	1	16734120	16734128	26	4	50	pips_l400_r40_500-8000.hdf5	left	right
1674.4786	1	Stimulus/S  1	1	16744786	16744794	26	5	30	pips_l400_r40_500-8000.hdf5	left	right
1675.5453	1	Stimulus/S  1	1	16755453	16755461	27	0	20	pips_l400_r40_500-8000.hdf5	left	right
1676.5906	1	Stimulus/S  1	1	16765906	16765914	27	1	40	pips_l400_r40_500-8000.hdf5	left	right
1677.6467	1	Stimulus/S  1	1	16776467	16776475	27	2	60	pips_l400_r40_500-8000.hdf5	left	right
1678.692	1	Stimulus/S  1	1	16786920	16786928	27	3	70	pips_l400_r40_500-8000.hdf5	left	right
1679.7587	1	Stimulus/S  1	1	16797587	16797595	27	4	50	pips_l400_r40_500-8000.hdf5	left	right
1680.8254	1	Stimulus/S  1	1	16808254	16808262	27	5	30	pips_l400_r40_500-8000.hdf5	left	right
1681.8814	1	Stimulus/S  1	1	16818814	16818822	28	0	20	pips_l400_r40_500-8000.hdf5	left	right
1682.9374	1	Stimulus/S  1	1	16829374	16829382	28	1	40	pips_l400_r40_500-8000.hdf5	left	right
1684.0147	1	Stimulus/S  1	1	16840147	16840155	28	2	60	pips_l400_r40_500-8000.hdf5	left	right
1685.0814	1	Stimulus/S  1	1	16850814	16850822	28	3	70	pips_l400_r40_500-8000.hdf5	left	right
1686.1267	1	Stimulus/S  1	1	16861267	16861275	28	4	50	pips_l400_r40_500-8000.hdf5	left	right
1687.1721	1	Stimulus/S  1	1	16871721	16871729	28	5	30	pips_l400_r40_500-8000.hdf5	left	right
1688.2388	1	Stimulus/S  1	1	16882388	16882396	29	0	20	pips_l400_r40_500-8000.hdf5	left	right
1689.3054	1	Stimulus/S  1	1	16893054	16893062	29	1	40	pips_l400_r40_500-8000.hdf5	left	right
1690.3614	1	Stimulus/S  1	1	16903614	16903622	29	2	60	pips_l400_r40_500-8000.hdf5	left	right
1691.4068	1	Stimulus/S  1	1	16914068	16914076	29	3	70	pips_l400_r40_500-8000.hdf5	left	right
1692.4628	1	Stimulus/S  1	1	16924628	16924636	29	4	50	pips_l400_r40_500-8000.hdf5	left	right
1693.5081	1	Stimulus/S  1	1	16935081	16935089	29	5	30	pips_l400_r40_500-8000.hdf5	left	right
1694.5748	1	Stimulus/S  1	1	16945748	16945756	30	0	20	pips_l400_r40_500-8000.hdf5	left	right
1695.6308	1	Stimulus/S  1	1	16956308	16956316	30	1	40	pips_l400_r40_500-8000.hdf5	left	right
1696.6762	1	Stimulus/S  1	1	16966762	16966770	30	2	60	pips_l400_r40_500-8000.hdf5	left	right
1697.7428	1	Stimulus/S  1	1	16977428	16977436	30	3	70	pips_l400_r40_500-8000.hdf5	left	right
1698.7882	1	Stimulus/S  1	1	16987882	16987890	30	4	50	pips_l400_r40_500-8000.hdf5	left	right
1699.8549	1	Stimulus/S  1	1	16998549	16998557	30	5	30	pips_l400_r40_500-8000.hdf5	left	right
1700.9109	1	Stimulus/S  1	1	17009109	17009117	31	0	20	pips_l400_r40_500-8000.hdf5	left	right
1701.9562	1	Stimulus/S  1	1	17019562	17019570	31	1	40	pips_l400_r40_500-8000.hdf5	left	right
1703.0229	1	Stimulus/S  1	1	17030229	17030237	31	2	60	pips_l400_r40_500-8000.hdf5	left	right
1704.0789	1	Stimulus/S  1	1	17040789	17040797	31	3	70	pips_l400_r40_500-8000.hdf5	left	right
1705.1243	1	Stimulus/S  1	1	17051243	17051251	31	4	50	pips_l400_r40_500-8000.hdf5	left	right
1706.1909	1	Stimulus/S  1	1	17061909	17061917	31	5	30	pips_l400_r40_500-8000.hdf5	left	right
1707.2576	1	Stimulus/S  1	1	17072576	17072584	32	0	20	pips_l400_r40_500-8000.hdf5	left	right
1708.3136	1	Stimulus/S  1	1	17083136	17083144	32	1	40	pips_l400_r40_500-8000.hdf5	left	right
1709.3803	1	Stimulus/S  1	1	17093803	17093811	32	2	60	pips_l400_r40_500-8000.hdf5	left	right
1710.4256	1	Stimulus/S  1	1	17104256	17104264	32	3	70	pips_l400_r40_500-8000.hdf5	left	right
1711.4923	1	Stimulus/S  1	1	17114923	17114931	32	4	50	pips_l400_r40_500-8000.hdf5	left	right
1712.559	1	Stimulus/S  1	1	17125590	17125598	32	5	30	pips_l400_r40_500-8000.hdf5	left	right
1713.615	1	Stimulus/S  1	1	17136150	17136158	33	0	20	pips_l400_r40_500-8000.hdf5	left	right
1714.6817	1	Stimulus/S  1	1	17146817	17146825	33	1	40	pips_l400_r40_500-8000.hdf5	left	right
1715.7377	1	Stimulus/S  1	1	17157377	17157385	33	2	60	pips_l400_r40_500-8000.hdf5	left	right
1716.7937	1	Stimulus/S  1	1	17167937	17167945	33	3	70	pips_l400_r40_500-8000.hdf5	left	right
1717.839	1	Stimulus/S  1	1	17178390	17178398	33	4	50	pips_l400_r40_500-8000.hdf5	left	right
1718.895	1	Stimulus/S  1	1	17188950	17188958	33	5	30	pips_l400_r40_500-8000.hdf5	left	right
1719.9617	1	Stimulus/S  1	1	17199617	17199625	34	0	20	pips_l400_r40_500-8000.hdf5	left	right
1721.0071	1	Stimulus/S  1	1	17210071	17210079	34	1	40	pips_l400_r40_500-8000.hdf5	left	right
1722.0631	1	Stimulus/S  1	1	17220631	17220639	34	2	60	pips_l400_r40_500-8000.hdf5	left	right
1723.1298	1	Stimulus/S  1	1	17231298	17231306	34	3	70	pips_l400_r40_500-8000.hdf5	left	right
1724.1751	1	Stimulus/S  1	1	17241751	17241759	34	4	50	pips_l400_r40_500-8000.hdf5	left	right
1725.2311	1	Stimulus/S  1	1	17252311	17252319	34	5	30	pips_l400_r40_500-8000.hdf5	left	right
1726.2978	1	Stimulus/S  1	1	17262978	17262986	35	0	20	pips_l400_r40_500-8000.hdf5	left	right
1727.3431	1	Stimulus/S  1	1	17273431	17273439	35	1	40	pips_l400_r40_500-8000.hdf5	left	right
1728.4098	1	Stimulus/S  1	1	17284098	17284106	35	2	60	pips_l400_r40_500-8000.hdf5	left	right
1729.4765	1	Stimulus/S  1	1	17294765	17294773	35	3	70	pips_l400_r40_500-8000.hdf5	left	right
1730.5218	1	Stimulus/S  1	1	17305218	17305226	35	4	50	pips_l400_r40_500-8000.hdf5	left	right
1731.5885	1	Stimulus/S  1	1	17315885	17315893	35	5	30	pips_l400_r40_500-8000.hdf5	left	right
1732.6552	1	Stimulus/S  1	1	17326552	17326560	36	0	20	pips_l400_r40_500-8000.hdf5	left	right
1733.7112	1	Stimulus/S  1	1	17337112	17337120	36	1	40	pips_l400_r40_500-8000.hdf5	left	right
1734.7565	1	Stimulus/S  1	1	17347565	17347573	36	2	60	pips_l400_r40_500-8000.hdf5	left	right
1735.8232	1	Stimulus/S  1	1	17358232	17358240	36	3	70	pips_l400_r40_500-8000.hdf5	left	right
1736.8899	1	Stimulus/S  1	1	17368899	17368907	36	4	50	pips_l400_r40_500-8000.hdf5	left	right
1737.9459	1	Stimulus/S  1	1	17379459	17379467	36	5	30	pips_l400_r40_500-8000.hdf5	left	right
1738.9912	1	Stimulus/S  1	1	17389912	17389920	37	0	20	pips_l400_r40_500-8000.hdf5	left	right
1740.0472	1	Stimulus/S  1	1	17400472	17400480	37	1	40	pips_l400_r40_500-8000.hdf5	left	right
1741.0926	1	Stimulus/S  1	1	17410926	17410934	37	2	60	pips_l400_r40_500-8000.hdf5	left	right
1742.1593	1	Stimulus/S  1	1	17421593	17421601	37	3	70	pips_l400_r40_500-8000.hdf5	left	right
1743.2153	1	Stimulus/S  1	1	17432153	17432161	37	4	50	pips_l400_r40_500-8000.hdf5	left	right
1744.282	1	Stimulus/S  1	1	17442820	17442828	37	5	30	pips_l400_r40_500-8000.hdf5	left	right
1745.3273	1	Stimulus/S  1	1	17453273	17453281	38	0	20	pips_l400_r40_500-8000.hdf5	left	right
1746.394	1	Stimulus/S  1	1	17463940	17463948	38	1	40	pips_l400_r40_500-8000.hdf5	left	right
1747.4393	1	Stimulus/S  1	1	17474393	17474401	38	2	60	pips_l400_r40_500-8000.hdf5	left	right
1748.506	1	Stimulus/S  1	1	17485060	17485068	38	3	70	pips_l400_r40_500-8000.hdf5	left	right
1749.562	1	Stimulus/S  1	1	17495620	17495628	38	4	50	pips_l400_r40_500-8000.hdf5	left	right
1750.6074	1	Stimulus/S  1	1	17506074	17506082	38	5	30	pips_l400_r40_500-8000.hdf5	left	right
1751.674	1	Stimulus/S  1	1	17516740	17516748	39	0	20	pips_l400_r40_500-8000.hdf5	left	right
1752.73	1	Stimulus/S  1	1	17527300	17527308	39	1	40	pips_l400_r40_500-8000.hdf5	left	right
1753.7754	1	Stimulus/S  1	1	17537754	17537762	39	2	60	pips_l400_r40_500-8000.hdf5	left	right
1754.8421	1	Stimulus/S  1	1	17548421	17548429	39	3	70	pips_l400_r40_500-8000.hdf5	left	right
1755.9087	1	Stimulus/S  1	1	17559087	17559095	39	4	50	pips_l400_r40_500-8000.hdf5	left	right
1756.9647	1	Stimulus/S  1	1	17569647	17569655	39	5	30	pips_l400_r40_500-8000.hdf5	left	right
1758.0101	1	Stimulus/S  1	1	17580101	17580109	40	0	20	pips_l400_r40_500-8000.hdf5	left	right
1759.0554	1	Stimulus/S  1	1	17590554	17590562	40	1	40	pips_l400_r40_500-8000.hdf5	left	right
1760.1328	1	Stimulus/S  1	1	17601328	17601336	40	2	60	pips_l400_r40_500-8000.hdf5	left	right
1761.1888	1	Stimulus/S  1	1	17611888	17611896	40	3	70	pips_l400_r40_500-8000.hdf5	left	right
1762.2555	1	Stimulus/S  1	1	17622555	17622563	40	4	50	pips_l400_r40_500-8000.hdf5	left	right
1763.3221	1	Stimulus/S  1	1	17633221	17633229	40	5	30	pips_l400_r40_500-8000.hdf5	left	right
1764.3781	1	Stimulus/S  1	1	17643781	17643789	41	0	20	pips_l400_r40_500-8000.hdf5	left	right
1765.4235	1	Stimulus/S  1	1	17654235	17654243	41	1	40	pips_l400_r40_500-8000.hdf5	left	right
1766.4795	1	Stimulus/S  1	1	17664795	17664803	41	2	60	pips_l400_r40_500-8000.hdf5	left	right
1767.5462	1	Stimulus/S  1	1	17675462	17675470	41	3	70	pips_l400_r40_500-8000.hdf5	left	right
1768.6129	1	Stimulus/S  1	1	17686129	17686137	41	4	50	pips_l400_r40_500-8000.hdf5	left	right
1769.6795	1	Stimulus/S  1	1	17696795	17696803	41	5	30	pips_l400_r40_500-8000.hdf5	left	right
1770.7462	1	Stimulus/S  1	1	17707462	17707470	42	0	20	pips_l400_r40_500-8000.hdf5	left	right
1771.8129	1	Stimulus/S  1	1	17718129	17718137	42	1	40	pips_l400_r40_500-8000.hdf5	left	right
1772.8796	1	Stimulus/S  1	1	17728796	17728804	42	2	60	pips_l400_r40_500-8000.hdf5	left	right
1773.9249	1	Stimulus/S  1	1	17739249	17739257	42	3	70	pips_l400_r40_500-8000.hdf5	left	right
1774.9809	1	Stimulus/S  1	1	17749809	17749817	42	4	50	pips_l400_r40_500-8000.hdf5	left	right
1776.0476	1	Stimulus/S  1	1	17760476	17760484	42	5	30	pips_l400_r40_500-8000.hdf5	left	right
1777.0929	1	Stimulus/S  1	1	17770929	17770937	43	0	20	pips_l400_r40_500-8000.hdf5	left	right
1778.1489	1	Stimulus/S  1	1	17781489	17781497	43	1	40	pips_l400_r40_500-8000.hdf5	left	right
1779.2156	1	Stimulus/S  1	1	17792156	17792164	43	2	60	pips_l400_r40_500-8000.hdf5	left	right
1780.2823	1	Stimulus/S  1	1	17802823	17802831	43	3	70	pips_l400_r40_500-8000.hdf5	left	right
1781.349	1	Stimulus/S  1	1	17813490	17813498	43	4	50	pips_l400_r40_500-8000.hdf5	left	right
1782.4157	1	Stimulus/S  1	1	17824157	17824165	43	5	30	pips_l400_r40_500-8000.hdf5	left	right
1783.4823	1	Stimulus/S  1	1	17834823	17834831	44	0	20	pips_l400_r40_500-8000.hdf5	left	right
1784.549	1	Stimulus/S  1	1	17845490	17845498	44	1	40	pips_l400_r40_500-8000.hdf5	left	right
1785.6157	1	Stimulus/S  1	1	17856157	17856165	44	2	60	pips_l400_r40_500-8000.hdf5	left	right
1786.6824	1	Stimulus/S  1	1	17866824	17866832	44	3	70	pips_l400_r40_500-8000.hdf5	left	right
1787.7277	1	Stimulus/S  1	1	17877277	17877285	44	4	50	pips_l400_r40_500-8000.hdf5	left	right
1788.773	1	Stimulus/S  1	1	17887730	17887738	44	5	30	pips_l400_r40_500-8000.hdf5	left	right
1789.8397	1	Stimulus/S  1	1	17898397	17898405	45	0	20	pips_l400_r40_500-8000.hdf5	left	right
1790.9064	1	Stimulus/S  1	1	17909064	17909072	45	1	40	pips_l400_r40_500-8000.hdf5	left	right
1791.9731	1	Stimulus/S  1	1	17919731	17919739	45	2	60	pips_l400_r40_500-8000.hdf5	left	right
1793.0398	1	Stimulus/S  1	1	17930398	17930406	45	3	70	pips_l400_r40_500-8000.hdf5	left	right
1794.0958	1	Stimulus/S  1	1	17940958	17940966	45	4	50	pips_l400_r40_500-8000.hdf5	left	right
1795.1624	1	Stimulus/S  1	1	17951624	17951632	45	5	30	pips_l400_r40_500-8000.hdf5	left	right
1796.2291	1	Stimulus/S  1	1	17962291	17962299	46	0	20	pips_l400_r40_500-8000.hdf5	left	right
1797.2958	1	Stimulus/S  1	1	17972958	17972966	46	1	40	pips_l400_r40_500-8000.hdf5	left	right
1798.3625	1	Stimulus/S  1	1	17983625	17983633	46	2	60	pips_l400_r40_500-8000.hdf5	left	right
1799.4291	1	Stimulus/S  1	1	17994291	17994299	46	3	70	pips_l400_r40_500-8000.hdf5	left	right
1800.4958	1	Stimulus/S  1	1	18004958	18004966	46	4	50	pips_l400_r40_500-8000.hdf5	left	right
1801.5625	1	Stimulus/S  1	1	18015625	18015633	46	5	30	pips_l400_r40_500-8000.hdf5	left	right
1802.6292	1	Stimulus/S  1	1	18026292	18026300	47	0	20	pips_l400_r40_500-8000.hdf5	left	right
1803.6745	1	Stimulus/S  1	1	18036745	18036753	47	1	40	pips_l400_r40_500-8000.hdf5	left	right
1804.7305	1	Stimulus/S  1	1	18047305	18047313	47	2	60	pips_l400_r40_500-8000.hdf5	left	right
1805.7972	1	Stimulus/S  1	1	18057972	18057980	47	3	70	pips_l400_r40_500-8000.hdf5	left	right
1806.8426	1	Stimulus/S  1	1	18068426	18068434	47	4	50	pips_l400_r40_500-8000.hdf5	left	right
1807.8986	1	Stimulus/S  1	1	18078986	18078994	47	5	30	pips_l400_r40_500-8000.hdf5	left	right
1808.9652	1	Stimulus/S  1	1	18089652	18089660	48	0	20	pips_l400_r40_500-8000.hdf5	left	right
1810.0319	1	Stimulus/S  1	1	18100319	18100327	48	1	40	pips_l400_r40_500-8000.hdf5	left	right
1811.0773	1	Stimulus/S  1	1	18110773	18110781	48	2	60	pips_l400_r40_500-8000.hdf5	left	right
1812.1226	1	Stimulus/S  1	1	18121226	18121234	48	3	70	pips_l400_r40_500-8000.hdf5	left	right
1813.1786	1	Stimulus/S  1	1	18131786	18131794	48	4	50	pips_l400_r40_500-8000.hdf5	left	right
1814.2453	1	Stimulus/S  1	1	18142453	18142461	48	5	30	pips_l400_r40_500-8000.hdf5	left	right
1815.2906	1	Stimulus/S  1	1	18152906	18152914	49	0	20	pips_l400_r40_500-8000.hdf5	left	right
1816.3466	1	Stimulus/S  1	1	18163466	18163474	49	1	40	pips_l400_r40_500-8000.hdf5	left	right
1817.392	1	Stimulus/S  1	1	18173920	18173928	49	2	60	pips_l400_r40_500-8000.hdf5	left	right
1818.4587	1	Stimulus/S  1	1	18184587	18184595	49	3	70	pips_l400_r40_500-8000.hdf5	left	right
1819.5147	1	Stimulus/S  1	1	18195147	18195155	49	4	50	pips_l400_r40_500-8000.hdf5	left	right
1820.56	1	Stimulus/S  1	1	18205600	18205608	49	5	30	pips_l400_r40_500-8000.hdf5	left	right
1821.616	1	Stimulus/S  1	1	18216160	18216168	50	0	20	pips_l400_r40_500-8000.hdf5	left	right
1822.6614	1	Stimulus/S  1	1	18226614	18226622	50	1	40	pips_l400_r40_500-8000.hdf5	left	right
1823.7067	1	Stimulus/S  1	1	18237067	18237075	50	2	60	pips_l400_r40_500-8000.hdf5	left	right
1824.7734	1	Stimulus/S  1	1	18247734	18247742	50	3	70	pips_l400_r40_500-8000.hdf5	left	right
1825.8294	1	Stimulus/S  1	1	18258294	18258302	50	4	50	pips_l400_r40_500-8000.hdf5	left	right
1826.8747	1	Stimulus/S  1	1	18268747	18268755	50	5	30	pips_l400_r40_500-8000.hdf5	left	right
1827.9414	1	Stimulus/S  1	1	18279414	18279422	51	0	20	pips_l400_r40_500-8000.hdf5	left	right
1829.0081	1	Stimulus/S  1	1	18290081	18290089	51	1	40	pips_l400_r40_500-8000.hdf5	left	right
1830.0641	1	Stimulus/S  1	1	18300641	18300649	51	2	60	pips_l400_r40_500-8000.hdf5	left	right
1831.1094	1	Stimulus/S  1	1	18311094	18311102	51	3	70	pips_l400_r40_500-8000.hdf5	left	right
1832.1761	1	Stimulus/S  1	1	18321761	18321769	51	4	50	pips_l400_r40_500-8000.hdf5	left	right
1833.2428	1	Stimulus/S  1	1	18332428	18332436	51	5	30	pips_l400_r40_500-8000.hdf5	left	right
1834.3095	1	Stimulus/S  1	1	18343095	18343103	52	0	20	pips_l400_r40_500-8000.hdf5	left	right
1835.3655	1	Stimulus/S  1	1	18353655	18353663	52	1	40	pips_l400_r40_500-8000.hdf5	left	right
1836.4322	1	Stimulus/S  1	1	18364322	18364330	52	2	60	pips_l400_r40_500-8000.hdf5	left	right
1837.4988	1	Stimulus/S  1	1	18374988	18374996	52	3	70	pips_l400_r40_500-8000.hdf5	left	right
1838.5442	1	Stimulus/S  1	1	18385442	18385450	52	4	50	pips_l400_r40_500-8000.hdf5	left	right
1839.6002	1	Stimulus/S  1	1	18396002	18396010	52	5	30	pips_l400_r40_500-8000.hdf5	left	right
1840.6669	1	Stimulus/S  1	1	18406669	18406677	53	0	20	pips_l400_r40_500-8000.hdf5	left	right
1841.7335	1	Stimulus/S  1	1	18417335	18417343	53	1	40	pips_l400_r40_500-8000.hdf5	left	right
1842.7789	1	Stimulus/S  1	1	18427789	18427797	53	2	60	pips_l400_r40_500-8000.hdf5	left	right
1843.8242	1	Stimulus/S  1	1	18438242	18438250	53	3	70	pips_l400_r40_500-8000.hdf5	left	right
1844.8909	1	Stimulus/S  1	1	18448909	18448917	53	4	50	pips_l400_r40_500-8000.hdf5	left	right
1845.9469	1	Stimulus/S  1	1	18459469	18459477	53	5	30	pips_l400_r40_500-8000.hdf5	left	right
1846.9923	1	Stimulus/S  1	1	18469923	18469931	54	0	20	pips_l400_r40_500-8000.hdf5	left	right
1848.0589	1	Stimulus/S  1	1	18480589	18480597	54	1	40	pips_l400_r40_500-8000.hdf5	left	right
1849.1256	1	Stimulus/S  1	1	18491256	18491264	54	2	60	pips_l400_r40_500-8000.hdf5	left	right
1850.1816	1	Stimulus/S  1	1	18501816	18501824	54	3	70	pips_l400_r40_500-8000.hdf5	left	right
1851.227	1	Stimulus/S  1	1	18512270	18512278	54	4	50	pips_l400_r40_500-8000.hdf5	left	right
1852.283	1	Stimulus/S  1	1	18522830	18522838	54	5	30	pips_l400_r40_500-8000.hdf5	left	right
1853.3283	1	Stimulus/S  1	1	18533283	18533291	55	0	20	pips_l400_r40_500-8000.hdf5	left	right
1854.395	1	Stimulus/S  1	1	18543950	18543958	55	1	40	pips_l400_r40_500-8000.hdf5	left	right
1855.4403	1	Stimulus/S  1	1	18554403	18554411	55	2	60	pips_l400_r40_500-8000.hdf5	left	right
1856.4964	1	Stimulus/S  1	1	18564964	18564972	55	3	70	pips_l400_r40_500-8000.hdf5	left	right
1857.5417	1	Stimulus/S  1	1	18575417	18575425	55	4	50	pips_l400_r40_500-8000.hdf5	left	right
1858.6084	1	Stimulus/S  1	1	18586084	18586092	55	5	30	pips_l400_r40_500-8000.hdf5	left	right
1859.6751	1	Stimulus/S  1	1	18596751	18596759	56	0	20	pips_l400_r40_500-8000.hdf5	left	right
1860.7417	1	Stimulus/S  1	1	18607417	18607425	56	1	40	pips_l400_r40_500-8000.hdf5	left	right
1861.8084	1	Stimulus/S  1	1	18618084	18618092	56	2	60	pips_l400_r40_500-8000.hdf5	left	right
1862.8751	1	Stimulus/S  1	1	18628751	18628759	56	3	70	pips_l400_r40_500-8000.hdf5	left	right
1863.9311	1	Stimulus/S  1	1	18639311	18639319	56	4	50	pips_l400_r40_500-8000.hdf5	left	right
1864.9764	1	Stimulus/S  1	1	18649764	18649772	56	5	30	pips_l400_r40_500-8000.hdf5	left	right
1866.0431	1	Stimulus/S  1	1	18660431	18660439	57	0	20	pips_l400_r40_500-8000.hdf5	left	right
1867.0991	1	Stimulus/S  1	1	18670991	18670999	57	1	40	pips_l400_r40_500-8000.hdf5	left	right
1868.1445	1	Stimulus/S  1	1	18681445	18681453	57	2	60	pips_l400_r40_500-8000.hdf5	left	right
1869.2005	1	Stimulus/S  1	1	18692005	18692013	57	3	70	pips_l400_r40_500-8000.hdf5	left	right
1870.2672	1	Stimulus/S  1	1	18702672	18702680	57	4	50	pips_l400_r40_500-8000.hdf5	left	right
1871.3338	1	Stimulus/S  1	1	18713338	18713346	57	5	30	pips_l400_r40_500-8000.hdf5	left	right
1872.4005	1	Stimulus/S  1	1	18724005	18724013	58	0	20	pips_l400_r40_500-8000.hdf5	left	right
1873.4672	1	Stimulus/S  1	1	18734672	18734680	58	1	40	pips_l400_r40_500-8000.hdf5	left	right
1874.5125	1	Stimulus/S  1	1	18745125	18745133	58	2	60	pips_l400_r40_500-8000.hdf5	left	right
1875.5792	1	Stimulus/S  1	1	18755792	18755800	58	3	70	pips_l400_r40_500-8000.hdf5	left	right
1876.6459	1	Stimulus/S  1	1	18766459	18766467	58	4	50	pips_l400_r40_500-8000.hdf5	left	right
1877.7126	1	Stimulus/S  1	1	18777126	18777134	58	5	30	pips_l400_r40_500-8000.hdf5	left	right
1878.7579	1	Stimulus/S  1	1	18787579	18787587	59	0	20	pips_l400_r40_500-8000.hdf5	left	right
1879.8139	1	Stimulus/S  1	1	18798139	18798147	59	1	40	pips_l400_r40_500-8000.hdf5	left	right
1880.8806	1	Stimulus/S  1	1	18808806	18808814	59	2	60	pips_l400_r40_500-8000.hdf5	left	right
1881.9473	1	Stimulus/S  1	1	18819473	18819481	59	3	70	pips_l400_r40_500-8000.hdf5	left	right
1883.0139	1	Stimulus/S  1	1	18830139	18830147	59	4	50	pips_l400_r40_500-8000.hdf5	left	right
1884.0593	1	Stimulus/S  1	1	18840593	18840601	59	5	30	pips_l400_r40_500-8000.hdf5	left	right
1885.1153	1	Stimulus/S  1	1	18851153	18851161	60	0	20	pips_l400_r40_500-8000.hdf5	left	right
1886.1606	1	Stimulus/S  1	1	18861606	18861614	60	1	40	pips_l400_r40_500-8000.hdf5	left	right
1887.2273	1	Stimulus/S  1	1	18872273	18872281	60	2	60	pips_l400_r40_500-8000.hdf5	left	right
1888.294	1	Stimulus/S  1	1	18882940	18882948	60	3	70	pips_l400_r40_500-8000.hdf5	left	right
1889.35	1	Stimulus/S  1	1	18893500	18893508	60	4	50	pips_l400_r40_500-8000.hdf5	left	right
1890.3953	1	Stimulus/S  1	1	18903953	18903961	60	5	30	pips_l400_r40_500-8000.hdf5	left	right
1891.4407	1	Stimulus/S  1	1	18914407	18914415	61	0	20	pips_l400_r40_500-8000.hdf5	left	right
1892.4967	1	Stimulus/S  1	1	18924967	18924975	61	1	40	pips_l400_r40_500-8000.hdf5	left	right
1893.5634	1	Stimulus/S  1	1	18935634	18935642	61	2	60	pips_l400_r40_500-8000.hdf5	left	right
1894.6301	1	Stimulus/S  1	1	18946301	18946309	61	3	70	pips_l400_r40_500-8000.hdf5	left	right
1895.6967	1	Stimulus/S  1	1	18956967	18956975	61	4	50	pips_l400_r40_500-8000.hdf5	left	right
1896.7634	1	Stimulus/S  1	1	18967634	18967642	61	5	30	pips_l400_r40_500-8000.hdf5	left	right
1897.8087	1	Stimulus/S  1	1	18978087	18978095	62	0	20	pips_l400_r40_500-8000.hdf5	left	right
1898.8648	1	Stimulus/S  1	1	18988648	18988656	62	1	40	pips_l400_r40_500-8000.hdf5	left	right
1899.9101	1	Stimulus/S  1	1	18999101	18999109	62	2	60	pips_l400_r40_500-8000.hdf5	left	right
1900.9768	1	Stimulus/S  1	1	19009768	19009776	62	3	70	pips_l400_r40_500-8000.hdf5	left	right
1902.0435	1	Stimulus/S  1	1	19020435	19020443	62	4	50	pips_l400_r40_500-8000.hdf5	left	right
1903.1101	1	Stimulus/S  1	1	19031101	19031109	62	5	30	pips_l400_r40_500-8000.hdf5	left	right
1904.1768	1	Stimulus/S  1	1	19041768	19041776	63	0	20	pips_l400_r40_500-8000.hdf5	left	right
1905.2435	1	Stimulus/S  1	1	19052435	19052443	63	1	40	pips_l400_r40_500-8000.hdf5	left	right
1906.3102	1	Stimulus/S  1	1	19063102	19063110	63	2	60	pips_l400_r40_500-8000.hdf5	left	right
1907.3768	1	Stimulus/S  1	1	19073768	19073776	63	3	70	pips_l400_r40_500-8000.hdf5	left	right
1908.4328	1	Stimulus/S  1	1	19084328	19084336	63	4	50	pips_l400_r40_500-8000.hdf5	left	right
1909.4782	1	Stimulus/S  1	1	19094782	19094790	63	5	30	pips_l400_r40_500-8000.hdf5	left	right
1910.5342	1	Stimulus/S  1	1	19105342	19105350	64	0	20	pips_l400_r40_500-8000.hdf5	left	right
1911.5795	1	Stimulus/S  1	1	19115795	19115803	64	1	40	pips_l400_r40_500-8000.hdf5	left	right
1912.6462	1	Stimulus/S  1	1	19126462	19126470	64	2	60	pips_l400_r40_500-8000.hdf5	left	right
1913.6916	1	Stimulus/S  1	1	19136916	19136924	64	3	70	pips_l400_r40_500-8000.hdf5	left	right
1914.7476	1	Stimulus/S  1	1	19147476	19147484	64	4	50	pips_l400_r40_500-8000.hdf5	left	right
1915.7929	1	Stimulus/S  1	1	19157929	19157937	64	5	30	pips_l400_r40_500-8000.hdf5	left	right
1916.8596	1	Stimulus/S  1	1	19168596	19168604	65	0	20	pips_l400_r40_500-8000.hdf5	left	right
1917.9263	1	Stimulus/S  1	1	19179263	19179271	65	1	40	pips_l400_r40_500-8000.hdf5	left	right
1918.9823	1	Stimulus/S  1	1	19189823	19189831	65	2	60	pips_l400_r40_500-8000.hdf5	left	right
1920.0276	1	Stimulus/S  1	1	19200276	19200284	65	3	70	pips_l400_r40_500-8000.hdf5	left	right
1921.0943	1	Stimulus/S  1	1	19210943	19210951	65	4	50	pips_l400_r40_500-8000.hdf5	left	right
1922.1503	1	Stimulus/S  1	1	19221503	19221511	65	5	30	pips_l400_r40_500-8000.hdf5	left	right
1923.1957	1	Stimulus/S  1	1	19231957	19231965	66	0	20	pips_l400_r40_500-8000.hdf5	left	right
1924.2623	1	Stimulus/S  1	1	19242623	19242631	66	1	40	pips_l400_r40_500-8000.hdf5	left	right
1925.3183	1	Stimulus/S  1	1	19253183	19253191	66	2	60	pips_l400_r40_500-8000.hdf5	left	right
1926.3637	1	Stimulus/S  1	1	19263637	19263645	66	3	70	pips_l400_r40_500-8000.hdf5	left	right
1927.4304	1	Stimulus/S  1	1	19274304	19274312	66	4	50	pips_l400_r40_500-8000.hdf5	left	right
1928.497	1	Stimulus/S  1	1	19284970	19284978	66	5	30	pips_l400_r40_500-8000.hdf5	left	right
1929.5424	1	Stimulus/S  1	1	19295424	19295432	67	0	20	pips_l400_r40_500-8000.hdf5	left	right
1930.5984	1	Stimulus/S  1	1	19305984	19305992	67	1	40	pips_l400_r40_500-8000.hdf5	left	right
1931.6651	1	Stimulus/S  1	1	19316651	19316659	67	2	60	pips_l400_r40_500-8000.hdf5	left	right
1932.7317	1	Stimulus/S  1	1	19327317	19327325	67	3	70	pips_l400_r40_500-8000.hdf5	left	right
1933.7984	1	Stimulus/S  1	1	19337984	19337992	67	4	50	pips_l400_r40_500-8000.hdf5	left	right
1934.8651	1	Stimulus/S  1	1	19348651	19348659	67	5	30	pips_l400_r40_500-8000.hdf5	left	right
1935.9318	1	Stimulus/S  1	1	19359318	19359326	68	0	20	pips_l400_r40_500-8000.hdf5	left	right
1936.9985	1	Stimulus/S  1	1	19369985	19369993	68	1	40	pips_l400_r40_500-8000.hdf5	left	right
1938.0651	1	Stimulus/S  1	1	19380651	19380659	68	2	60	pips_l400_r40_500-8000.hdf5	left	right
1939.1105	1	Stimulus/S  1	1	19391105	19391113	68	3	70	pips_l400_r40_500-8000.hdf5	left	right
1940.1665	1	Stimulus/S  1	1	19401665	19401673	68	4	50	pips_l400_r40_500-8000.hdf5	left	right
1941.2332	1	Stimulus/S  1	1	19412332	19412340	68	5	30	pips_l400_r40_500-8000.hdf5	left	right
1942.2998	1	Stimulus/S  1	1	19422998	19423006	69	0	20	pips_l400_r40_500-8000.hdf5	left	right
1943.3665	1	Stimulus/S  1	1	19433665	19433673	69	1	40	pips_l400_r40_500-8000.hdf5	left	right
1944.4332	1	Stimulus/S  1	1	19444332	19444340	69	2	60	pips_l400_r40_500-8000.hdf5	left	right
1945.4999	1	Stimulus/S  1	1	19454999	19455007	69	3	70	pips_l400_r40_500-8000.hdf5	left	right
1946.5452	1	Stimulus/S  1	1	19465452	19465460	69	4	50	pips_l400_r40_500-8000.hdf5	left	right
1947.6012	1	Stimulus/S  1	1	19476012	19476020	69	5	30	pips_l400_r40_500-8000.hdf5	left	right
1948.6679	1	Stimulus/S  1	1	19486679	19486687	70	0	20	pips_l400_r40_500-8000.hdf5	left	right
1949.7346	1	Stimulus/S  1	1	19497346	19497354	70	1	40	pips_l400_r40_500-8000.hdf5	left	right
1950.8012	1	Stimulus/S  1	1	19508012	19508020	70	2	60	pips_l400_r40_500-8000.hdf5	left	right
1951.8679	1	Stimulus/S  1	1	19518679	19518687	70	3	70	pips_l400_r40_500-8000.hdf5	left	right
1952.9133	1	Stimulus/S  1	1	19529133	19529141	70	4	50	pips_l400_r40_500-8000.hdf5	left	right
1953.9586	1	Stimulus/S  1	1	19539586	19539594	70	5	30	pips_l400_r40_500-8000.hdf5	left	right
1955.0146	1	Stimulus/S  1	1	19550146	19550154	71	0	20	pips_l400_r40_500-8000.hdf5	left	right
1956.0813	1	Stimulus/S  1	1	19560813	19560821	71	1	40	pips_l400_r40_500-8000.hdf5	left	right
1957.1266	1	Stimulus/S  1	1	19571266	19571274	71	2	60	pips_l400_r40_500-8000.hdf5	left	right
1958.1827	1	Stimulus/S  1	1	19581827	19581835	71	3	70	pips_l400_r40_500-8000.hdf5	left	right
1959.2493	1	Stimulus/S  1	1	19592493	19592501	71	4	50	pips_l400_r40_500-8000.hdf5	left	right
1960.316	1	Stimulus/S  1	1	19603160	19603168	71	5	30	pips_l400_r40_500-8000.hdf5	left	right
1961.3827	1	Stimulus/S  1	1	19613827	19613835	72	0	20	pips_l400_r40_500-8000.hdf5	left	right
1962.4494	1	Stimulus/S  1	1	19624494	19624502	72	1	40	pips_l400_r40_500-8000.hdf5	left	right
1963.516	1	Stimulus/S  1	1	19635160	19635168	72	2	60	pips_l400_r40_500-8000.hdf5	left	right
1964.5827	1	Stimulus/S  1	1	19645827	19645835	72	3	70	pips_l400_r40_500-8000.hdf5	left	right
1965.6494	1	Stimulus/S  1	1	19656494	19656502	72	4	50	pips_l400_r40_500-8000.hdf5	left	right
1966.7161	1	Stimulus/S  1	1	19667161	19667169	72	5	30	pips_l400_r40_500-8000.hdf5	left	right
1967.7827	1	Stimulus/S  1	1	19677827	19677835	73	0	20	pips_l400_r40_500-8000.hdf5	left	right
1968.8281	1	Stimulus/S  1	1	19688281	19688289	73	1	40	pips_l400_r40_500-8000.hdf5	left	right
1969.8841	1	Stimulus/S  1	1	19698841	19698849	73	2	60	pips_l400_r40_500-8000.hdf5	left	right
1970.9294	1	Stimulus/S  1	1	19709294	19709302	73	3	70	pips_l400_r40_500-8000.hdf5	left	right
1971.9961	1	Stimulus/S  1	1	19719961	19719969	73	4	50	pips_l400_r40_500-8000.hdf5	left	right
1973.0628	1	Stimulus/S  1	1	19730628	19730636	73	5	30	pips_l400_r40_500-8000.hdf5	left	right
1974.1188	1	Stimulus/S  1	1	19741188	19741196	74	0	20	pips_l400_r40_500-8000.hdf5	left	right
1975.1641	1	Stimulus/S  1	1	19751641	19751649	74	1	40	pips_l400_r40_500-8000.hdf5	left	right
1976.2095	1	Stimulus/S  1	1	19762095	19762103	74	2	60	pips_l400_r40_500-8000.hdf5	left	right
1977.2762	1	Stimulus/S  1	1	19772762	19772770	74	3	70	pips_l400_r40_500-8000.hdf5	left	right
1978.3322	1	Stimulus/S  1	1	19783322	19783330	74	4	50	pips_l400_r40_500-8000.hdf5	left	right
1979.3989	1	Stimulus/S  1	1	19793989	19793997	74	5	30	pips_l400_r40_500-8000.hdf5	left	right
1980.4655	1	Stimulus/S  1	1	19804655	19804663	75	0	20	pips_l400_r40_500-8000.hdf5	left	right
1981.5322	1	Stimulus/S  1	1	19815322	19815330	75	1	40	pips_l400_r40_500-8000.hdf5	left	right
1982.5989	1	Stimulus/S  1	1	19825989	19825997	75	2	60	pips_l400_r40_500-8000.hdf5	left	right
1983.6442	1	Stimulus/S  1	1	19836442	19836450	75	3	70	pips_l400_r40_500-8000.hdf5	left	right
1984.7002	1	Stimulus/S  1	1	19847002	19847010	75	4	50	pips_l400_r40_500-8000.hdf5	left	right
1985.7456	1	Stimulus/S  1	1	19857456	19857464	75	5	30	pips_l400_r40_500-8000.hdf5	left	right
1986.8123	1	Stimulus/S  1	1	19868123	19868131	76	0	20	pips_l400_r40_500-8000.hdf5	left	right
1987.8789	1	Stimulus/S  1	1	19878789	19878797	76	1	40	pips_l400_r40_500-8000.hdf5	left	right
1988.9349	1	Stimulus/S  1	1	19889349	19889357	76	2	60	pips_l400_r40_500-8000.hdf5	left	right
1989.9803	1	Stimulus/S  1	1	19899803	19899811	76	3	70	pips_l400_r40_500-8000.hdf5	left	right
1991.0363	1	Stimulus/S  1	1	19910363	19910371	76	4	50	pips_l400_r40_500-8000.hdf5	left	right
1992.103	1	Stimulus/S  1	1	19921030	19921038	76	5	30	pips_l400_r40_500-8000.hdf5	left	right
1993.1697	1	Stimulus/S  1	1	19931697	19931705	77	0	20	pips_l400_r40_500-8000.hdf5	left	right
1994.2363	1	Stimulus/S  1	1	19942363	19942371	77	1	40	pips_l400_r40_500-8000.hdf5	left	right
1995.2817	1	Stimulus/S  1	1	19952817	19952825	77	2	60	pips_l400_r40_500-8000.hdf5	left	right
1996.3483	1	Stimulus/S  1	1	19963483	19963491	77	3	70	pips_l400_r40_500-8000.hdf5	left	right
1997.415	1	Stimulus/S  1	1	19974150	19974158	77	4	50	pips_l400_r40_500-8000.hdf5	left	right
1998.4604	1	Stimulus/S  1	1	19984604	19984612	77	5	30	pips_l400_r40_500-8000.hdf5	left	right
1999.5164	1	Stimulus/S  1	1	19995164	19995172	78	0	20	pips_l400_r40_500-8000.hdf5	left	right
2000.5617	1	Stimulus/S  1	1	20005617	20005625	78	1	40	pips_l400_r40_500-8000.hdf5	left	right
2001.6177	1	Stimulus/S  1	1	20016177	20016185	78	2	60	pips_l400_r40_500-8000.hdf5	left	right
2002.6844	1	Stimulus/S  1	1	20026844	20026852	78	3	70	pips_l400_r40_500-8000.hdf5	left	right
2003.7298	1	Stimulus/S  1	1	20037298	20037306	78	4	50	pips_l400_r40_500-8000.hdf5	left	right
2004.7858	1	Stimulus/S  1	1	20047858	20047866	78	5	30	pips_l400_r40_500-8000.hdf5	left	right
2005.8311	1	Stimulus/S  1	1	20058311	20058319	79	0	20	pips_l400_r40_500-8000.hdf5	left	right
2006.8764	1	Stimulus/S  1	1	20068764	20068772	79	1	40	pips_l400_r40_500-8000.hdf5	left	right
2007.9325	1	Stimulus/S  1	1	20079325	20079333	79	2	60	pips_l400_r40_500-8000.hdf5	left	right
2008.9778	1	Stimulus/S  1	1	20089778	20089786	79	3	70	pips_l400_r40_500-8000.hdf5	left	right
2010.0338	1	Stimulus/S  1	1	20100338	20100346	79	4	50	pips_l400_r40_500-8000.hdf5	left	right
2011.0792	1	Stimulus/S  1	1	20110792	20110800	79	5	30	pips_l400_r40_500-8000.hdf5	left	right
2012.1458	1	Stimulus/S  1	1	20121458	20121466	80	0	20	pips_l400_r40_500-8000.hdf5	left	right
2013.2018	1	Stimulus/S  1	1	20132018	20132026	80	1	40	pips_l400_r40_500-8000.hdf5	left	right
2014.2472	1	Stimulus/S  1	1	20142472	20142480	80	2	60	pips_l400_r40_500-8000.hdf5	left	right
2015.3139	1	Stimulus/S  1	1	20153139	20153147	80	3	70	pips_l400_r40_500-8000.hdf5	left	right
2016.3805	1	Stimulus/S  1	1	20163805	20163813	80	4	50	pips_l400_r40_500-8000.hdf5	left	right
2017.4365	1	Stimulus/S  1	1	20174365	20174373	80	5	30	pips_l400_r40_500-8000.hdf5	left	right
2018.5032	1	Stimulus/S  1	1	20185032	20185040	81	0	20	pips_l400_r40_500-8000.hdf5	left	right
2019.5699	1	Stimulus/S  1	1	20195699	20195707	81	1	40	pips_l400_r40_500-8000.hdf5	left	right
2020.6152	1	Stimulus/S  1	1	20206152	20206160	81	2	60	pips_l400_r40_500-8000.hdf5	left	right
2021.6606	1	Stimulus/S  1	1	20216606	20216614	81	3	70	pips_l400_r40_500-8000.hdf5	left	right
2022.7166	1	Stimulus/S  1	1	20227166	20227174	81	4	50	pips_l400_r40_500-8000.hdf5	left	right
2023.7833	1	Stimulus/S  1	1	20237833	20237841	81	5	30	pips_l400_r40_500-8000.hdf5	left	right
2024.85	1	Stimulus/S  1	1	20248500	20248508	82	0	20	pips_l400_r40_500-8000.hdf5	left	right
2025.9166	1	Stimulus/S  1	1	20259166	20259174	82	1	40	pips_l400_r40_500-8000.hdf5	left	right
2026.962	1	Stimulus/S  1	1	20269620	20269628	82	2	60	pips_l400_r40_500-8000.hdf5	left	right
2028.018	1	Stimulus/S  1	1	20280180	20280188	82	3	70	pips_l400_r40_500-8000.hdf5	left	right
2029.0847	1	Stimulus/S  1	1	20290847	20290855	82	4	50	pips_l400_r40_500-8000.hdf5	left	right
2030.13	1	Stimulus/S  1	1	20301300	20301308	82	5	30	pips_l400_r40_500-8000.hdf5	left	right
2031.186	1	Stimulus/S  1	1	20311860	20311868	83	0	20	pips_l400_r40_500-8000.hdf5	left	right
2032.2527	1	Stimulus/S  1	1	20322527	20322535	83	1	40	pips_l400_r40_500-8000.hdf5	left	right
2033.3194	1	Stimulus/S  1	1	20333194	20333202	83	2	60	pips_l400_r40_500-8000.hdf5	left	right
2034.386	1	Stimulus/S  1	1	20343860	20343868	83	3	70	pips_l400_r40_500-8000.hdf5	left	right
2035.4314	1	Stimulus/S  1	1	20354314	20354322	83	4	50	pips_l400_r40_500-8000.hdf5	left	right
2036.4767	1	Stimulus/S  1	1	20364767	20364775	83	5	30	pips_l400_r40_500-8000.hdf5	left	right
2037.5434	1	Stimulus/S  1	1	20375434	20375442	84	0	20	pips_l400_r40_500-8000.hdf5	left	right
2038.6101	1	Stimulus/S  1	1	20386101	20386109	84	1	40	pips_l400_r40_500-8000.hdf5	left	right
2039.6661	1	Stimulus/S  1	1	20396661	20396669	84	2	60	pips_l400_r40_500-8000.hdf5	left	right
2040.7328	1	Stimulus/S  1	1	20407328	20407336	84	3	70	pips_l400_r40_500-8000.hdf5	left	right
2041.7994	1	Stimulus/S  1	1	20417994	20418002	84	4	50	pips_l400_r40_500-8000.hdf5	left	right
2042.8661	1	Stimulus/S  1	1	20428661	20428669	84	5	30	pips_l400_r40_500-8000.hdf5	left	right
2043.9115	1	Stimulus/S  1	1	20439115	20439123	85	0	20	pips_l400_r40_500-8000.hdf5	left	right
2044.9675	1	Stimulus/S  1	1	20449675	20449683	85	1	40	pips_l400_r40_500-8000.hdf5	left	right
2046.0342	1	Stimulus/S  1	1	20460342	20460350	85	2	60	pips_l400_r40_500-8000.hdf5	left	right
2047.0795	1	Stimulus/S  1	1	20470795	20470803	85	3	70	pips_l400_r40_500-8000.hdf5	left	right
2048.1355	1	Stimulus/S  1	1	20481355	20481363	85	4	50	pips_l400_r40_500-8000.hdf5	left	right
2049.2022	1	Stimulus/S  1	1	20492022	20492030	85	5	30	pips_l400_r40_500-8000.hdf5	left	right
2050.2475	1	Stimulus/S  1	1	20502475	20502483	86	0	20	pips_l400_r40_500-8000.hdf5	left	right
2051.3035	1	Stimulus/S  1	1	20513035	20513043	86	1	40	pips_l400_r40_500-8000.hdf5	left	right
2052.3702	1	Stimulus/S  1	1	20523702	20523710	86	2	60	pips_l400_r40_500-8000.hdf5	left	right
2053.4156	1	Stimulus/S  1	1	20534156	20534164	86	3	70	pips_l400_r40_500-8000.hdf5	left	right
2054.4609	1	Stimulus/S  1	1	20544609	20544617	86	4	50	pips_l400_r40_500-8000.hdf5	left	right
2055.5276	1	Stimulus/S  1	1	20555276	20555284	86	5	30	pips_l400_r40_500-8000.hdf5	left	right
2056.5836	1	Stimulus/S  1	1	20565836	20565844	87	0	20	pips_l400_r40_500-8000.hdf5	left	right
2057.6289	1	Stimulus/S  1	1	20576289	20576297	87	1	40	pips_l400_r40_500-8000.hdf5	left	right
2058.6956	1	Stimulus/S  1	1	20586956	20586964	87	2	60	pips_l400_r40_500-8000.hdf5	left	right
2059.7623	1	Stimulus/S  1	1	20597623	20597631	87	3	70	pips_l400_r40_500-8000.hdf5	left	right
2060.8183	1	Stimulus/S  1	1	20608183	20608191	87	4	50	pips_l400_r40_500-8000.hdf5	left	right
2061.8636	1	Stimulus/S  1	1	20618636	20618644	87	5	30	pips_l400_r40_500-8000.hdf5	left	right
2062.9303	1	Stimulus/S  1	1	20629303	20629311	88	0	20	pips_l400_r40_500-8000.hdf5	left	right
2063.997	1	Stimulus/S  1	1	20639970	20639978	88	1	40	pips_l400_r40_500-8000.hdf5	left	right
2065.053	1	Stimulus/S  1	1	20650530	20650538	88	2	60	pips_l400_r40_500-8000.hdf5	left	right
2066.1197	1	Stimulus/S  1	1	20661197	20661205	88	3	70	pips_l400_r40_500-8000.hdf5	left	right
2067.165	1	Stimulus/S  1	1	20671650	20671658	88	4	50	pips_l400_r40_500-8000.hdf5	left	right
2068.2104	1	Stimulus/S  1	1	20682104	20682112	88	5	30	pips_l400_r40_500-8000.hdf5	left	right
2069.2877	1	Stimulus/S  1	1	20692877	20692885	89	0	20	pips_l400_r40_500-8000.hdf5	left	right
2070.3331	1	Stimulus/S  1	1	20703331	20703339	89	1	40	pips_l400_r40_500-8000.hdf5	left	right
2071.3997	1	Stimulus/S  1	1	20713997	20714005	89	2	60	pips_l400_r40_500-8000.hdf5	left	right
2072.4664	1	Stimulus/S  1	1	20724664	20724672	89	3	70	pips_l400_r40_500-8000.hdf5	left	right
2073.5331	1	Stimulus/S  1	1	20735331	20735339	89	4	50	pips_l400_r40_500-8000.hdf5	left	right
2074.5784	1	Stimulus/S  1	1	20745784	20745792	89	5	30	pips_l400_r40_500-8000.hdf5	left	right
2075.6451	1	Stimulus/S  1	1	20756451	20756459	90	0	20	pips_l400_r40_500-8000.hdf5	left	right
2076.7118	1	Stimulus/S  1	1	20767118	20767126	90	1	40	pips_l400_r40_500-8000.hdf5	left	right
2077.7678	1	Stimulus/S  1	1	20777678	20777686	90	2	60	pips_l400_r40_500-8000.hdf5	left	right
2078.8345	1	Stimulus/S  1	1	20788345	20788353	90	3	70	pips_l400_r40_500-8000.hdf5	left	right
2079.8798	1	Stimulus/S  1	1	20798798	20798806	90	4	50	pips_l400_r40_500-8000.hdf5	left	right
2080.9358	1	Stimulus/S  1	1	20809358	20809366	90	5	30	pips_l400_r40_500-8000.hdf5	left	right
2082.0025	1	Stimulus/S  1	1	20820025	20820033	91	0	20	pips_l400_r40_500-8000.hdf5	left	right
2083.0478	1	Stimulus/S  1	1	20830478	20830486	91	1	40	pips_l400_r40_500-8000.hdf5	left	right
2084.1145	1	Stimulus/S  1	1	20841145	20841153	91	2	60	pips_l400_r40_500-8000.hdf5	left	right
2085.1812	1	Stimulus/S  1	1	20851812	20851820	91	3	70	pips_l400_r40_500-8000.hdf5	left	right
2086.2372	1	Stimulus/S  1	1	20862372	20862380	91	4	50	pips_l400_r40_500-8000.hdf5	left	right
2087.2825	1	Stimulus/S  1	1	20872825	20872833	91	5	30	pips_l400_r40_500-8000.hdf5	left	right
2088.3492	1	Stimulus/S  1	1	20883492	20883500	92	0	20	pips_l400_r40_500-8000.hdf5	left	right
2089.3946	1	Stimulus/S  1	1	20893946	20893954	92	1	40	pips_l400_r40_500-8000.hdf5	left	right
2090.4506	1	Stimulus/S  1	1	20904506	20904514	92	2	60	pips_l400_r40_500-8000.hdf5	left	right
2091.5173	1	Stimulus/S  1	1	20915173	20915181	92	3	70	pips_l400_r40_500-8000.hdf5	left	right
2092.5626	1	Stimulus/S  1	1	20925626	20925634	92	4	50	pips_l400_r40_500-8000.hdf5	left	right
2093.6186	1	Stimulus/S  1	1	20936186	20936194	92	5	30	pips_l400_r40_500-8000.hdf5	left	right
2094.6853	1	Stimulus/S  1	1	20946853	20946861	93	0	20	pips_l400_r40_500-8000.hdf5	left	right
2095.7306	1	Stimulus/S  1	1	20957306	20957314	93	1	40	pips_l400_r40_500-8000.hdf5	left	right
2096.7973	1	Stimulus/S  1	1	20967973	20967981	93	2	60	pips_l400_r40_500-8000.hdf5	left	right
2097.8533	1	Stimulus/S  1	1	20978533	20978541	93	3	70	pips_l400_r40_500-8000.hdf5	left	right
2098.92	1	Stimulus/S  1	1	20989200	20989208	93	4	50	pips_l400_r40_500-8000.hdf5	left	right
2099.9653	1	Stimulus/S  1	1	20999653	20999661	93	5	30	pips_l400_r40_500-8000.hdf5	left	right
2101.0213	1	Stimulus/S  1	1	21010213	21010221	94	0	20	pips_l400_r40_500-8000.hdf5	left	right
2102.0774	1	Stimulus/S  1	1	21020774	21020782	94	1	40	pips_l400_r40_500-8000.hdf5	left	right
2103.1334	1	Stimulus/S  1	1	21031334	21031342	94	2	60	pips_l400_r40_500-8000.hdf5	left	right
2104.1787	1	Stimulus/S  1	1	21041787	21041795	94	3	70	pips_l400_r40_500-8000.hdf5	left	right
2105.2454	1	Stimulus/S  1	1	21052454	21052462	94	4	50	pips_l400_r40_500-8000.hdf5	left	right
2106.3014	1	Stimulus/S  1	1	21063014	21063022	94	5	30	pips_l400_r40_500-8000.hdf5	left	right
2107.3681	1	Stimulus/S  1	1	21073681	21073689	95	0	20	pips_l400_r40_500-8000.hdf5	left	right
2108.4347	1	Stimulus/S  1	1	21084347	21084355	95	1	40	pips_l400_r40_500-8000.hdf5	left	right
2109.4801	1	Stimulus/S  1	1	21094801	21094809	95	2	60	pips_l400_r40_500-8000.hdf5	left	right
2110.5468	1	Stimulus/S  1	1	21105468	21105476	95	3	70	pips_l400_r40_500-8000.hdf5	left	right
2111.6028	1	Stimulus/S  1	1	21116028	21116036	95	4	50	pips_l400_r40_500-8000.hdf5	left	right
2112.6481	1	Stimulus/S  1	1	21126481	21126489	95	5	30	pips_l400_r40_500-8000.hdf5	left	right
2113.7148	1	Stimulus/S  1	1	21137148	21137156	96	0	20	pips_l400_r40_500-8000.hdf5	left	right
2114.7708	1	Stimulus/S  1	1	21147708	21147716	96	1	40	pips_l400_r40_500-8000.hdf5	left	right
2115.8375	1	Stimulus/S  1	1	21158375	21158383	96	2	60	pips_l400_r40_500-8000.hdf5	left	right
2116.9042	1	Stimulus/S  1	1	21169042	21169050	96	3	70	pips_l400_r40_500-8000.hdf5	left	right
2117.9495	1	Stimulus/S  1	1	21179495	21179503	96	4	50	pips_l400_r40_500-8000.hdf5	left	right
2118.9948	1	Stimulus/S  1	1	21189948	21189956	96	5	30	pips_l400_r40_500-8000.hdf5	left	right
2120.0509	1	Stimulus/S  1	1	21200509	21200517	97	0	20	pips_l400_r40_500-8000.hdf5	left	right
2121.1175	1	Stimulus/S  1	1	21211175	21211183	97	1	40	pips_l400_r40_500-8000.hdf5	left	right
2122.1629	1	Stimulus/S  1	1	21221629	21221637	97	2	60	pips_l400_r40_500-8000.hdf5	left	right
2123.2296	1	Stimulus/S  1	1	21232296	21232304	97	3	70	pips_l400_r40_500-8000.hdf5	left	right
2124.2962	1	Stimulus/S  1	1	21242962	21242970	97	4	50	pips_l400_r40_500-8000.hdf5	left	right
2125.3629	1	Stimulus/S  1	1	21253629	21253637	97	5	30	pips_l400_r40_500-8000.hdf5	left	right
2126.4189	1	Stimulus/S  1	1	21264189	21264197	98	0	20	pips_l400_r40_500-8000.hdf5	left	right
2127.4643	1	Stimulus/S  1	1	21274643	21274651	98	1	40	pips_l400_r40_500-8000.hdf5	left	right
2128.5309	1	Stimulus/S  1	1	21285309	21285317	98	2	60	pips_l400_r40_500-8000.hdf5	left	right
2129.5976	1	Stimulus/S  1	1	21295976	21295984	98	3	70	pips_l400_r40_500-8000.hdf5	left	right
2130.6536	1	Stimulus/S  1	1	21306536	21306544	98	4	50	pips_l400_r40_500-8000.hdf5	left	right
2131.699	1	Stimulus/S  1	1	21316990	21316998	98	5	30	pips_l400_r40_500-8000.hdf5	left	right
2132.755	1	Stimulus/S  1	1	21327550	21327558	99	0	20	pips_l400_r40_500-8000.hdf5	left	right
2133.8003	1	Stimulus/S  1	1	21338003	21338011	99	1	40	pips_l400_r40_500-8000.hdf5	left	right
2134.8457	1	Stimulus/S  1	1	21348457	21348465	99	2	60	pips_l400_r40_500-8000.hdf5	left	right
2135.9017	1	Stimulus/S  1	1	21359017	21359025	99	3	70	pips_l400_r40_500-8000.hdf5	left	right
2136.9683	1	Stimulus/S  1	1	21369683	21369691	99	4	50	pips_l400_r40_500-8000.hdf5	left	right
2138.0137	1	Stimulus/S  1	1	21380137	21380145	99	5	30	pips_l400_r40_500-8000.hdf5	left	right
2139.0697	1	Stimulus/S  1	1	21390697	21390705	100	0	20	pips_l400_r40_500-8000.hdf5	left	right
2140.1364	1	Stimulus/S  1	1	21401364	21401372	100	1	40	pips_l400_r40_500-8000.hdf5	left	right
2141.2031	1	Stimulus/S  1	1	21412031	21412039	100	2	60	pips_l400_r40_500-8000.hdf5	left	right
2142.2484	1	Stimulus/S  1	1	21422484	21422492	100	3	70	pips_l400_r40_500-8000.hdf5	left	right
2143.3044	1	Stimulus/S  1	1	21433044	21433052	100	4	50	pips_l400_r40_500-8000.hdf5	left	right
2144.3711	1	Stimulus/S  1	1	21443711	21443719	100	5	30	pips_l400_r40_500-8000.hdf5	left	right
2145.4378	1	Stimulus/S  1	1	21454378	21454386	101	0	20	pips_l400_r40_500-8000.hdf5	left	right
2146.5044	1	Stimulus/S  1	1	21465044	21465052	101	1	40	pips_l400_r40_500-8000.hdf5	left	right
2147.5498	1	Stimulus/S  1	1	21475498	21475506	101	2	60	pips_l400_r40_500-8000.hdf5	left	right
2148.6058	1	Stimulus/S  1	1	21486058	21486066	101	3	70	pips_l400_r40_500-8000.hdf5	left	right
2149.6618	1	Stimulus/S  1	1	21496618	21496626	101	4	50	pips_l400_r40_500-8000.hdf5	left	right
2150.7178	1	Stimulus/S  1	1	21507178	21507186	101	5	30	pips_l400_r40_500-8000.hdf5	left	right
2151.7632	1	Stimulus/S  1	1	21517632	21517640	102	0	20	pips_l400_r40_500-8000.hdf5	left	right
2152.8298	1	Stimulus/S  1	1	21528298	21528306	102	1	40	pips_l400_r40_500-8000.hdf5	left	right
2153.8965	1	Stimulus/S  1	1	21538965	21538973	102	2	60	pips_l400_r40_500-8000.hdf5	left	right
2154.9632	1	Stimulus/S  1	1	21549632	21549640	102	3	70	pips_l400_r40_500-8000.hdf5	left	right
2156.0192	1	Stimulus/S  1	1	21560192	21560200	102	4	50	pips_l400_r40_500-8000.hdf5	left	right
2157.0645	1	Stimulus/S  1	1	21570645	21570653	102	5	30	pips_l400_r40_500-8000.hdf5	left	right
2158.1312	1	Stimulus/S  1	1	21581312	21581320	103	0	20	pips_l400_r40_500-8000.hdf5	left	right
2159.1979	1	Stimulus/S  1	1	21591979	21591987	103	1	40	pips_l400_r40_500-8000.hdf5	left	right
2160.2539	1	Stimulus/S  1	1	21602539	21602547	103	2	60	pips_l400_r40_500-8000.hdf5	left	right
2161.3206	1	Stimulus/S  1	1	21613206	21613214	103	3	70	pips_l400_r40_500-8000.hdf5	left	right
2162.3873	1	Stimulus/S  1	1	21623873	21623881	103	4	50	pips_l400_r40_500-8000.hdf5	left	right
2163.4326	1	Stimulus/S  1	1	21634326	21634334	103	5	30	pips_l400_r40_500-8000.hdf5	left	right
2164.4993	1	Stimulus/S  1	1	21644993	21645001	104	0	20	pips_l400_r40_500-8000.hdf5	left	right
2165.5553	1	Stimulus/S  1	1	21655553	21655561	104	1	40	pips_l400_r40_500-8000.hdf5	left	right
2166.6006	1	Stimulus/S  1	1	21666006	21666014	104	2	60	pips_l400_r40_500-8000.hdf5	left	right
2167.6673	1	Stimulus/S  1	1	21676673	21676681	104	3	70	pips_l400_r40_500-8000.hdf5	left	right
2168.734	1	Stimulus/S  1	1	21687340	21687348	104	4	50	pips_l400_r40_500-8000.hdf5	left	right
2169.79	1	Stimulus/S  1	1	21697900	21697908	104	5	30	pips_l400_r40_500-8000.hdf5	left	right
2170.846	1	Stimulus/S  1	1	21708460	21708468	105	0	20	pips_l400_r40_500-8000.hdf5	left	right
2171.9127	1	Stimulus/S  1	1	21719127	21719135	105	1	40	pips_l400_r40_500-8000.hdf5	left	right
2172.9687	1	Stimulus/S  1	1	21729687	21729695	105	2	60	pips_l400_r40_500-8000.hdf5	left	right
2174.0354	1	Stimulus/S  1	1	21740354	21740362	105	3	70	pips_l400_r40_500-8000.hdf5	left	right
2175.102	1	Stimulus/S  1	1	21751020	21751028	105	4	50	pips_l400_r40_500-8000.hdf5	left	right
2176.1474	1	Stimulus/S  1	1	21761474	21761482	105	5	30	pips_l400_r40_500-8000.hdf5	left	right
2177.2034	1	Stimulus/S  1	1	21772034	21772042	106	0	20	pips_l400_r40_500-8000.hdf5	left	right
2178.2701	1	Stimulus/S  1	1	21782701	21782709	106	1	40	pips_l400_r40_500-8000.hdf5	left	right
2179.3154	1	Stimulus/S  1	1	21793154	21793162	106	2	60	pips_l400_r40_500-8000.hdf5	left	right
2180.3714	1	Stimulus/S  1	1	21803714	21803722	106	3	70	pips_l400_r40_500-8000.hdf5	left	right
2181.4381	1	Stimulus/S  1	1	21814381	21814389	106	4	50	pips_l400_r40_500-8000.hdf5	left	right
2182.4834	1	Stimulus/S  1	1	21824834	21824842	106	5	30	pips_l400_r40_500-8000.hdf5	left	right
2183.5501	1	Stimulus/S  1	1	21835501	21835509	107	0	20	pips_l400_r40_500-8000.hdf5	left	right
2184.6168	1	Stimulus/S  1	1	21846168	21846176	107	1	40	pips_l400_r40_500-8000.hdf5	left	right
2185.6621	1	Stimulus/S  1	1	21856621	21856629	107	2	60	pips_l400_r40_500-8000.hdf5	left	right
2186.7395	1	Stimulus/S  1	1	21867395	21867403	107	3	70	pips_l400_r40_500-8000.hdf5	left	right
2187.7848	1	Stimulus/S  1	1	21877848	21877856	107	4	50	pips_l400_r40_500-8000.hdf5	left	right
2188.8302	1	Stimulus/S  1	1	21888302	21888310	107	5	30	pips_l400_r40_500-8000.hdf5	left	right
2189.8969	1	Stimulus/S  1	1	21898969	21898977	108	0	20	pips_l400_r40_500-8000.hdf5	left	right
2190.9529	1	Stimulus/S  1	1	21909529	21909537	108	1	40	pips_l400_r40_500-8000.hdf5	left	right
2192.0195	1	Stimulus/S  1	1	21920195	21920203	108	2	60	pips_l400_r40_500-8000.hdf5	left	right
2193.0649	1	Stimulus/S  1	1	21930649	21930657	108	3	70	pips_l400_r40_500-8000.hdf5	left	right
2194.1209	1	Stimulus/S  1	1	21941209	21941217	108	4	50	pips_l400_r40_500-8000.hdf5	left	right
2195.1876	1	Stimulus/S  1	1	21951876	21951884	108	5	30	pips_l400_r40_500-8000.hdf5	left	right
2196.2329	1	Stimulus/S  1	1	21962329	21962337	109	0	20	pips_l400_r40_500-8000.hdf5	left	right
2197.2889	1	Stimulus/S  1	1	21972889	21972897	109	1	40	pips_l400_r40_500-8000.hdf5	left	right
2198.3343	1	Stimulus/S  1	1	21983343	21983351	109	2	60	pips_l400_r40_500-8000.hdf5	left	right
2199.3796	1	Stimulus/S  1	1	21993796	21993804	109	3	70	pips_l400_r40_500-8000.hdf5	left	right
2200.4356	1	Stimulus/S  1	1	22004356	22004364	109	4	50	pips_l400_r40_500-8000.hdf5	left	right
2201.481	1	Stimulus/S  1	1	22014810	22014818	109	5	30	pips_l400_r40_500-8000.hdf5	left	right
2202.537	1	Stimulus/S  1	1	22025370	22025378	110	0	20	pips_l400_r40_500-8000.hdf5	left	right
2203.5823	1	Stimulus/S  1	1	22035823	22035831	110	1	40	pips_l400_r40_500-8000.hdf5	left	right
2204.649	1	Stimulus/S  1	1	22046490	22046498	110	2	60	pips_l400_r40_500-8000.hdf5	left	right
2205.705	1	Stimulus/S  1	1	22057050	22057058	110	3	70	pips_l400_r40_500-8000.hdf5	left	right
2206.7503	1	Stimulus/S  1	1	22067503	22067511	110	4	50	pips_l400_r40_500-8000.hdf5	left	right
2207.8064	1	Stimulus/S  1	1	22078064	22078072	110	5	30	pips_l400_r40_500-8000.hdf5	left	right
2208.8517	1	Stimulus/S  1	1	22088517	22088525	111	0	20	pips_l400_r40_500-8000.hdf5	left	right
2209.9184	1	Stimulus/S  1	1	22099184	22099192	111	1	40	pips_l400_r40_500-8000.hdf5	left	right
2210.9637	1	Stimulus/S  1	1	22109637	22109645	111	2	60	pips_l400_r40_500-8000.hdf5	left	right
2212.0197	1	Stimulus/S  1	1	22120197	22120205	111	3	70	pips_l400_r40_500-8000.hdf5	left	right
2213.0864	1	Stimulus/S  1	1	22130864	22130872	111	4	50	pips_l400_r40_500-8000.hdf5	left	right
2214.1531	1	Stimulus/S  1	1	22141531	22141539	111	5	30	pips_l400_r40_500-8000.hdf5	left	right
2215.1984	1	Stimulus/S  1	1	22151984	22151992	112	0	20	pips_l400_r40_500-8000.hdf5	left	right
2216.2544	1	Stimulus/S  1	1	22162544	22162552	112	1	40	pips_l400_r40_500-8000.hdf5	left	right
2217.2998	1	Stimulus/S  1	1	22172998	22173006	112	2	60	pips_l400_r40_500-8000.hdf5	left	right
2218.3665	1	Stimulus/S  1	1	22183665	22183673	112	3	70	pips_l400_r40_500-8000.hdf5	left	right
2219.4225	1	Stimulus/S  1	1	22194225	22194233	112	4	50	pips_l400_r40_500-8000.hdf5	left	right
2220.4678	1	Stimulus/S  1	1	22204678	22204686	112	5	30	pips_l400_r40_500-8000.hdf5	left	right
2221.5345	1	Stimulus/S  1	1	22215345	22215353	113	0	20	pips_l400_r40_500-8000.hdf5	left	right
2222.5798	1	Stimulus/S  1	1	22225798	22225806	113	1	40	pips_l400_r40_500-8000.hdf5	left	right
2223.6358	1	Stimulus/S  1	1	22236358	22236366	113	2	60	pips_l400_r40_500-8000.hdf5	left	right
2224.7025	1	Stimulus/S  1	1	22247025	22247033	113	3	70	pips_l400_r40_500-8000.hdf5	left	right
2225.7479	1	Stimulus/S  1	1	22257479	22257487	113	4	50	pips_l400_r40_500-8000.hdf5	left	right
2226.8039	1	Stimulus/S  1	1	22268039	22268047	113	5	30	pips_l400_r40_500-8000.hdf5	left	right
2227.8705	1	Stimulus/S  1	1	22278705	22278713	114	0	20	pips_l400_r40_500-8000.hdf5	left	right
2228.9372	1	Stimulus/S  1	1	22289372	22289380	114	1	40	pips_l400_r40_500-8000.hdf5	left	right
2229.9826	1	Stimulus/S  1	1	22299826	22299834	114	2	60	pips_l400_r40_500-8000.hdf5	left	right
2231.0386	1	Stimulus/S  1	1	22310386	22310394	114	3	70	pips_l400_r40_500-8000.hdf5	left	right
2232.1053	1	Stimulus/S  1	1	22321053	22321061	114	4	50	pips_l400_r40_500-8000.hdf5	left	right
2233.1506	1	Stimulus/S  1	1	22331506	22331514	114	5	30	pips_l400_r40_500-8000.hdf5	left	right
2234.2066	1	Stimulus/S  1	1	22342066	22342074	115	0	20	pips_l400_r40_500-8000.hdf5	left	right
2235.2733	1	Stimulus/S  1	1	22352733	22352741	115	1	40	pips_l400_r40_500-8000.hdf5	left	right
2236.34	1	Stimulus/S  1	1	22363400	22363408	115	2	60	pips_l400_r40_500-8000.hdf5	left	right
2237.3853	1	Stimulus/S  1	1	22373853	22373861	115	3	70	pips_l400_r40_500-8000.hdf5	left	right
2238.4306	1	Stimulus/S  1	1	22384306	22384314	115	4	50	pips_l400_r40_500-8000.hdf5	left	right
2239.4973	1	Stimulus/S  1	1	22394973	22394981	115	5	30	pips_l400_r40_500-8000.hdf5	left	right
2240.564	1	Stimulus/S  1	1	22405640	22405648	116	0	20	pips_l400_r40_500-8000.hdf5	left	right
2241.62	1	Stimulus/S  1	1	22416200	22416208	116	1	40	pips_l400_r40_500-8000.hdf5	left	right
2242.6654	1	Stimulus/S  1	1	22426654	22426662	116	2	60	pips_l400_r40_500-8000.hdf5	left	right
2243.732	1	Stimulus/S  1	1	22437320	22437328	116	3	70	pips_l400_r40_500-8000.hdf5	left	right
2244.7987	1	Stimulus/S  1	1	22447987	22447995	116	4	50	pips_l400_r40_500-8000.hdf5	left	right
2245.8547	1	Stimulus/S  1	1	22458547	22458555	116	5	30	pips_l400_r40_500-8000.hdf5	left	right
2246.9001	1	Stimulus/S  1	1	22469001	22469009	117	0	20	pips_l400_r40_500-8000.hdf5	left	right
2247.9561	1	Stimulus/S  1	1	22479561	22479569	117	1	40	pips_l400_r40_500-8000.hdf5	left	right
2249.0014	1	Stimulus/S  1	1	22490014	22490022	117	2	60	pips_l400_r40_500-8000.hdf5	left	right
2250.0681	1	Stimulus/S  1	1	22500681	22500689	117	3	70	pips_l400_r40_500-8000.hdf5	left	right
2251.1241	1	Stimulus/S  1	1	22511241	22511249	117	4	50	pips_l400_r40_500-8000.hdf5	left	right
2252.1908	1	Stimulus/S  1	1	22521908	22521916	117	5	30	pips_l400_r40_500-8000.hdf5	left	right
2253.2361	1	Stimulus/S  1	1	22532361	22532369	118	0	20	pips_l400_r40_500-8000.hdf5	left	right
2254.2815	1	Stimulus/S  1	1	22542815	22542823	118	1	40	pips_l400_r40_500-8000.hdf5	left	right
2255.3375	1	Stimulus/S  1	1	22553375	22553383	118	2	60	pips_l400_r40_500-8000.hdf5	left	right
2256.3828	1	Stimulus/S  1	1	22563828	22563836	118	3	70	pips_l400_r40_500-8000.hdf5	left	right
2257.4388	1	Stimulus/S  1	1	22574388	22574396	118	4	50	pips_l400_r40_500-8000.hdf5	left	right
2258.5055	1	Stimulus/S  1	1	22585055	22585063	118	5	30	pips_l400_r40_500-8000.hdf5	left	right
2259.5508	1	Stimulus/S  1	1	22595508	22595516	119	0	20	pips_l400_r40_500-8000.hdf5	left	right
2260.6069	1	Stimulus/S  1	1	22606069	22606077	119	1	40	pips_l400_r40_500-8000.hdf5	left	right
2261.6522	1	Stimulus/S  1	1	22616522	22616530	119	2	60	pips_l400_r40_500-8000.hdf5	left	right
2262.6975	1	Stimulus/S  1	1	22626975	22626983	119	3	70	pips_l400_r40_500-8000.hdf5	left	right
2263.7642	1	Stimulus/S  1	1	22637642	22637650	119	4	50	pips_l400_r40_500-8000.hdf5	left	right
2264.8202	1	Stimulus/S  1	1	22648202	22648210	119	5	30	pips_l400_r40_500-8000.hdf5	left	right
2265.8656	1	Stimulus/S  1	1	22658656	22658664	0	0	20	pips_l400_r40_500-8000.hdf5	left	right
2266.9216	1	Stimulus/S  1	1	22669216	22669224	0	1	40	pips_l400_r40_500-8000.hdf5	left	right
2267.9669	1	Stimulus/S  1	1	22679669	22679677	0	2	60	pips_l400_r40_500-8000.hdf5	left	right
2269.0336	1	Stimulus/S  1	1	22690336	22690344	0	3	70	pips_l400_r40_500-8000.hdf5	left	right
2270.0896	1	Stimulus/S  1	1	22700896	22700904	0	4	50	pips_l400_r40_500-8000.hdf5	left	right
2271.1563	1	Stimulus/S  1	1	22711563	22711571	0	5	30	pips_l400_r40_500-8000.hdf5	left	right
2272.2016	1	Stimulus/S  1	1	22722016	22722024	1	0	20	pips_l400_r40_500-8000.hdf5	left	right
2273.247	1	Stimulus/S  1	1	22732470	22732478	1	1	40	pips_l400_r40_500-8000.hdf5	left	right
2274.3243	1	Stimulus/S  1	1	22743243	22743251	1	2	60	pips_l400_r40_500-8000.hdf5	left	right
2275.3697	1	Stimulus/S  1	1	22753697	22753705	1	3	70	pips_l400_r40_500-8000.hdf5	left	right
2276.4363	1	Stimulus/S  1	1	22764363	22764371	1	4	50	pips_l400_r40_500-8000.hdf5	left	right
2277.503	1	Stimulus/S  1	1	22775030	22775038	1	5	30	pips_l400_r40_500-8000.hdf5	left	right
2278.5484	1	Stimulus/S  1	1	22785484	22785492	2	0	20	pips_l400_r40_500-8000.hdf5	left	right
2279.615	1	Stimulus/S  1	1	22796150	22796158	2	1	40	pips_l400_r40_500-8000.hdf5	left	right
2280.6817	1	Stimulus/S  1	1	22806817	22806825	2	2	60	pips_l400_r40_500-8000.hdf5	left	right
2281.7377	1	Stimulus/S  1	1	22817377	22817385	2	3	70	pips_l400_r40_500-8000.hdf5	left	right
2282.8044	1	Stimulus/S  1	1	22828044	22828052	2	4	50	pips_l400_r40_500-8000.hdf5	left	right
2283.8711	1	Stimulus/S  1	1	22838711	22838719	2	5	30	pips_l400_r40_500-8000.hdf5	left	right
2284.9164	1	Stimulus/S  1	1	22849164	22849172	3	0	20	pips_l400_r40_500-8000.hdf5	left	right
2285.9724	1	Stimulus/S  1	1	22859724	22859732	3	1	40	pips_l400_r40_500-8000.hdf5	left	right
2287.0391	1	Stimulus/S  1	1	22870391	22870399	3	2	60	pips_l400_r40_500-8000.hdf5	left	right
2288.0845	1	Stimulus/S  1	1	22880845	22880853	3	3	70	pips_l400_r40_500-8000.hdf5	left	right
2289.1405	1	Stimulus/S  1	1	22891405	22891413	3	4	50	pips_l400_r40_500-8000.hdf5	left	right
2290.2071	1	Stimulus/S  1	1	22902071	22902079	3	5	30	pips_l400_r40_500-8000.hdf5	left	right
2291.2525	1	Stimulus/S  1	1	22912525	22912533	4	0	20	pips_l400_r40_500-8000.hdf5	left	right
2292.2978	1	Stimulus/S  1	1	22922978	22922986	4	1	40	pips_l400_r40_500-8000.hdf5	left	right
2293.3645	1	Stimulus/S  1	1	22933645	22933653	4	2	60	pips_l400_r40_500-8000.hdf5	left	right
2294.4205	1	Stimulus/S  1	1	22944205	22944213	4	3	70	pips_l400_r40_500-8000.hdf5	left	right
2295.4659	1	Stimulus/S  1	1	22954659	22954667	4	4	50	pips_l400_r40_500-8000.hdf5	left	right
2296.5219	1	Stimulus/S  1	1	22965219	22965227	4	5	30	pips_l400_r40_500-8000.hdf5	left	right
2297.5672	1	Stimulus/S  1	1	22975672	22975680	5	0	20	pips_l400_r40_500-8000.hdf5	left	right
2298.6232	1	Stimulus/S  1	1	22986232	22986240	5	1	40	pips_l400_r40_500-8000.hdf5	left	right
2299.6686	1	Stimulus/S  1	1	22996686	22996694	5	2	60	pips_l400_r40_500-8000.hdf5	left	right
2300.7352	1	Stimulus/S  1	1	23007352	23007360	5	3	70	pips_l400_r40_500-8000.hdf5	left	right
2301.7912	1	Stimulus/S  1	1	23017912	23017920	5	4	50	pips_l400_r40_500-8000.hdf5	left	right
2302.8366	1	Stimulus/S  1	1	23028366	23028374	5	5	30	pips_l400_r40_500-8000.hdf5	left	right
2303.8819	1	Stimulus/S  1	1	23038819	23038827	6	0	20	pips_l400_r40_500-8000.hdf5	left	right
2304.9486	1	Stimulus/S  1	1	23049486	23049494	6	1	40	pips_l400_r40_500-8000.hdf5	left	right
2306.0153	1	Stimulus/S  1	1	23060153	23060161	6	2	60	pips_l400_r40_500-8000.hdf5	left	right
2307.0713	1	Stimulus/S  1	1	23070713	23070721	6	3	70	pips_l400_r40_500-8000.hdf5	left	right
2308.138	1	Stimulus/S  1	1	23081380	23081388	6	4	50	pips_l400_r40_500-8000.hdf5	left	right
2309.2047	1	Stimulus/S  1	1	23092047	23092055	6	5	30	pips_l400_r40_500-8000.hdf5	left	right
2310.25	1	Stimulus/S  1	1	23102500	23102508	7	0	20	pips_l400_r40_500-8000.hdf5	left	right
2311.306	1	Stimulus/S  1	1	23113060	23113068	7	1	40	pips_l400_r40_500-8000.hdf5	left	right
2312.3727	1	Stimulus/S  1	1	23123727	23123735	7	2	60	pips_l400_r40_500-8000.hdf5	left	right
2313.418	1	Stimulus/S  1	1	23134180	23134188	7	3	70	pips_l400_r40_500-8000.hdf5	left	right
2314.4847	1	Stimulus/S  1	1	23144847	23144855	7	4	50	pips_l400_r40_500-8000.hdf5	left	right
2315.5407	1	Stimulus/S  1	1	23155407	23155415	7	5	30	pips_l400_r40_500-8000.hdf5	left	right
2316.5861	1	Stimulus/S  1	1	23165861	23165869	8	0	20	pips_l400_r40_500-8000.hdf5	left	right
2317.6527	1	Stimulus/S  1	1	23176527	23176535	8	1	40	pips_l400_r40_500-8000.hdf5	left	right
2318.6981	1	Stimulus/S  1	1	23186981	23186989	8	2	60	pips_l400_r40_500-8000.hdf5	left	right
2319.7648	1	Stimulus/S  1	1	23197648	23197656	8	3	70	pips_l400_r40_500-8000.hdf5	left	right
2320.8314	1	Stimulus/S  1	1	23208314	23208322	8	4	50	pips_l400_r40_500-8000.hdf5	left	right
2321.8981	1	Stimulus/S  1	1	23218981	23218989	8	5	30	pips_l400_r40_500-8000.hdf5	left	right
2322.9541	1	Stimulus/S  1	1	23229541	23229549	9	0	20	pips_l400_r40_500-8000.hdf5	left	right
2324.0208	1	Stimulus/S  1	1	23240208	23240216	9	1	40	pips_l400_r40_500-8000.hdf5	left	right
2325.0661	1	Stimulus/S  1	1	23250661	23250669	9	2	60	pips_l400_r40_500-8000.hdf5	left	right
2326.1328	1	Stimulus/S  1	1	23261328	23261336	9	3	70	pips_l400_r40_500-8000.hdf5	left	right
2327.1995	1	Stimulus/S  1	1	23271995	23272003	9	4	50	pips_l400_r40_500-8000.hdf5	left	right
2328.2662	1	Stimulus/S  1	1	23282662	23282670	9	5	30	pips_l400_r40_500-8000.hdf5	left	right
2329.3328	1	Stimulus/S  1	1	23293328	23293336	10	0	20	pips_l400_r40_500-8000.hdf5	left	right
2330.3889	1	Stimulus/S  1	1	23303889	23303897	10	1	40	pips_l400_r40_500-8000.hdf5	left	right
2331.4342	1	Stimulus/S  1	1	23314342	23314350	10	2	60	pips_l400_r40_500-8000.hdf5	left	right
2332.5009	1	Stimulus/S  1	1	23325009	23325017	10	3	70	pips_l400_r40_500-8000.hdf5	left	right
2333.5569	1	Stimulus/S  1	1	23335569	23335577	10	4	50	pips_l400_r40_500-8000.hdf5	left	right
2334.6022	1	Stimulus/S  1	1	23346022	23346030	10	5	30	pips_l400_r40_500-8000.hdf5	left	right
2335.6689	1	Stimulus/S  1	1	23356689	23356697	11	0	20	pips_l400_r40_500-8000.hdf5	left	right
2336.7249	1	Stimulus/S  1	1	23367249	23367257	11	1	40	pips_l400_r40_500-8000.hdf5	left	right
2337.7916	1	Stimulus/S  1	1	23377916	23377924	11	2	60	pips_l400_r40_500-8000.hdf5	left	right
2338.8583	1	Stimulus/S  1	1	23388583	23388591	11	3	70	pips_l400_r40_500-8000.hdf5	left	right
2339.9036	1	Stimulus/S  1	1	23399036	23399044	11	4	50	pips_l400_r40_500-8000.hdf5	left	right
2340.949	1	Stimulus/S  1	1	23409490	23409498	11	5	30	pips_l400_r40_500-8000.hdf5	left	right
2342.0156	1	Stimulus/S  1	1	23420156	23420164	12	0	20	pips_l400_r40_500-8000.hdf5	left	right
2343.0716	1	Stimulus/S  1	1	23430716	23430724	12	1	40	pips_l400_r40_500-8000.hdf5	left	right
2344.117	1	Stimulus/S  1	1	23441170	23441178	12	2	60	pips_l400_r40_500-8000.hdf5	left	right
2345.1837	1	Stimulus/S  1	1	23451837	23451845	12	3	70	pips_l400_r40_500-8000.hdf5	left	right
2346.2397	1	Stimulus/S  1	1	23462397	23462405	12	4	50	pips_l400_r40_500-8000.hdf5	left	right
2347.3063	1	Stimulus/S  1	1	23473063	23473071	12	5	30	pips_l400_r40_500-8000.hdf5	left	right
2348.3517	1	Stimulus/S  1	1	23483517	23483525	13	0	20	pips_l400_r40_500-8000.hdf5	left	right
2349.4077	1	Stimulus/S  1	1	23494077	23494085	13	1	40	pips_l400_r40_500-8000.hdf5	left	right
2350.453	1	Stimulus/S  1	1	23504530	23504538	13	2	60	pips_l400_r40_500-8000.hdf5	left	right
2351.4984	1	Stimulus/S  1	1	23514984	23514992	13	3	70	pips_l400_r40_500-8000.hdf5	left	right
2352.5651	1	Stimulus/S  1	1	23525651	23525659	13	4	50	pips_l400_r40_500-8000.hdf5	left	right
2353.6211	1	Stimulus/S  1	1	23536211	23536219	13	5	30	pips_l400_r40_500-8000.hdf5	left	right
2354.6877	1	Stimulus/S  1	1	23546877	23546885	14	0	20	pips_l400_r40_500-8000.hdf5	left	right
2355.7544	1	Stimulus/S  1	1	23557544	23557552	14	1	40	pips_l400_r40_500-8000.hdf5	left	right
2356.7998	1	Stimulus/S  1	1	23567998	23568006	14	2	60	pips_l400_r40_500-8000.hdf5	left	right
2357.8664	1	Stimulus/S  1	1	23578664	23578672	14	3	70	pips_l400_r40_500-8000.hdf5	left	right
2358.9331	1	Stimulus/S  1	1	23589331	23589339	14	4	50	pips_l400_r40_500-8000.hdf5	left	right
2359.9891	1	Stimulus/S  1	1	23599891	23599899	14	5	30	pips_l400_r40_500-8000.hdf5	left	right
2361.0558	1	Stimulus/S  1	1	23610558	23610566	15	0	20	pips_l400_r40_500-8000.hdf5	left	right
2362.1225	1	Stimulus/S  1	1	23621225	23621233	15	1	40	pips_l400_r40_500-8000.hdf5	left	right
2363.1678	1	Stimulus/S  1	1	23631678	23631686	15	2	60	pips_l400_r40_500-8000.hdf5	left	right
2364.2238	1	Stimulus/S  1	1	23642238	23642246	15	3	70	pips_l400_r40_500-8000.hdf5	left	right
2365.2905	1	Stimulus/S  1	1	23652905	23652913	15	4	50	pips_l400_r40_500-8000.hdf5	left	right
2366.3359	1	Stimulus/S  1	1	23663359	23663367	15	5	30	pips_l400_r40_500-8000.hdf5	left	right
2367.4025	1	Stimulus/S  1	1	23674025	23674033	16	0	20	pips_l400_r40_500-8000.hdf5	left	right
2368.4585	1	Stimulus/S  1	1	23684585	23684593	16	1	40	pips_l400_r40_500-8000.hdf5	left	right
2369.5039	1	Stimulus/S  1	1	23695039	23695047	16	2	60	pips_l400_r40_500-8000.hdf5	left	right
2370.5706	1	Stimulus/S  1	1	23705706	23705714	16	3	70	pips_l400_r40_500-8000.hdf5	left	right
2371.6159	1	Stimulus/S  1	1	23716159	23716167	16	4	50	pips_l400_r40_500-8000.hdf5	left	right
2372.6826	1	Stimulus/S  1	1	23726826	23726834	16	5	30	pips_l400_r40_500-8000.hdf5	left	right
2373.7493	1	Stimulus/S  1	1	23737493	23737501	17	0	20	pips_l400_r40_500-8000.hdf5	left	right
2374.8053	1	Stimulus/S  1	1	23748053	23748061	17	1	40	pips_l400_r40_500-8000.hdf5	left	right
2375.8719	1	Stimulus/S  1	1	23758719	23758727	17	2	60	pips_l400_r40_500-8000.hdf5	left	right
2376.9173	1	Stimulus/S  1	1	23769173	23769181	17	3	70	pips_l400_r40_500-8000.hdf5	left	right
2377.9733	1	Stimulus/S  1	1	23779733	23779741	17	4	50	pips_l400_r40_500-8000.hdf5	left	right
2379.04	1	Stimulus/S  1	1	23790400	23790408	17	5	30	pips_l400_r40_500-8000.hdf5	left	right
2380.0853	1	Stimulus/S  1	1	23800853	23800861	18	0	20	pips_l400_r40_500-8000.hdf5	left	right
2381.152	1	Stimulus/S  1	1	23811520	23811528	18	1	40	pips_l400_r40_500-8000.hdf5	left	right
2382.2187	1	Stimulus/S  1	1	23822187	23822195	18	2	60	pips_l400_r40_500-8000.hdf5	left	right
2383.2747	1	Stimulus/S  1	1	23832747	23832755	18	3	70	pips_l400_r40_500-8000.hdf5	left	right
2384.32	1	Stimulus/S  1	1	23843200	23843208	18	4	50	pips_l400_r40_500-8000.hdf5	left	right
2385.3654	1	Stimulus/S  1	1	23853654	23853662	18	5	30	pips_l400_r40_500-8000.hdf5	left	right
2386.4214	1	Stimulus/S  1	1	23864214	23864222	19	0	20	pips_l400_r40_500-8000.hdf5	left	right
2387.4881	1	Stimulus/S  1	1	23874881	23874889	19	1	40	pips_l400_r40_500-8000.hdf5	left	right
2388.5334	1	Stimulus/S  1	1	23885334	23885342	19	2	60	pips_l400_r40_500-8000.hdf5	left	right
2389.6001	1	Stimulus/S  1	1	23896001	23896009	19	3	70	pips_l400_r40_500-8000.hdf5	left	right
2390.6668	1	Stimulus/S  1	1	23906668	23906676	19	4	50	pips_l400_r40_500-8000.hdf5	left	right
2391.7228	1	Stimulus/S  1	1	23917228	23917236	19	5	30	pips_l400_r40_500-8000.hdf5	left	right
2392.7894	1	Stimulus/S  1	1	23927894	23927902	20	0	20	pips_l400_r40_500-8000.hdf5	left	right
2393.8561	1	Stimulus/S  1	1	23938561	23938569	20	1	40	pips_l400_r40_500-8000.hdf5	left	right
2394.9015	1	Stimulus/S  1	1	23949015	23949023	20	2	60	pips_l400_r40_500-8000.hdf5	left	right
2395.9575	1	Stimulus/S  1	1	23959575	23959583	20	3	70	pips_l400_r40_500-8000.hdf5	left	right
2397.0242	1	Stimulus/S  1	1	23970242	23970250	20	4	50	pips_l400_r40_500-8000.hdf5	left	right
2398.0695	1	Stimulus/S  1	1	23980695	23980703	20	5	30	pips_l400_r40_500-8000.hdf5	left	right
2399.1255	1	Stimulus/S  1	1	23991255	23991263	21	0	20	pips_l400_r40_500-8000.hdf5	left	right
2400.1922	1	Stimulus/S  1	1	24001922	24001930	21	1	40	pips_l400_r40_500-8000.hdf5	left	right
2401.2589	1	Stimulus/S  1	1	24012589	24012597	21	2	60	pips_l400_r40_500-8000.hdf5	left	right
2402.3255	1	Stimulus/S  1	1	24023255	24023263	21	3	70	pips_l400_r40_500-8000.hdf5	left	right
2403.3709	1	Stimulus/S  1	1	24033709	24033717	21	4	50	pips_l400_r40_500-8000.hdf5	left	right
2404.4162	1	Stimulus/S  1	1	24044162	24044170	21	5	30	pips_l400_r40_500-8000.hdf5	left	right
2405.4829	1	Stimulus/S  1	1	24054829	24054837	22	0	20	pips_l400_r40_500-8000.hdf5	left	right
2406.5389	1	Stimulus/S  1	1	24065389	24065397	22	1	40	pips_l400_r40_500-8000.hdf5	left	right
2407.5843	1	Stimulus/S  1	1	24075843	24075851	22	2	60	pips_l400_r40_500-8000.hdf5	left	right
2408.6403	1	Stimulus/S  1	1	24086403	24086411	22	3	70	pips_l400_r40_500-8000.hdf5	left	right
2409.7069	1	Stimulus/S  1	1	24097069	24097077	22	4	50	pips_l400_r40_500-8000.hdf5	left	right
2410.7523	1	Stimulus/S  1	1	24107523	24107531	22	5	30	pips_l400_r40_500-8000.hdf5	left	right
2411.8083	1	Stimulus/S  1	1	24118083	24118091	23	0	20	pips_l400_r40_500-8000.hdf5	left	right
2412.8536	1	Stimulus/S  1	1	24128536	24128544	23	1	40	pips_l400_r40_500-8000.hdf5	left	right
2413.9203	1	Stimulus/S  1	1	24139203	24139211	23	2	60	pips_l400_r40_500-8000.hdf5	left	right
2414.987	1	Stimulus/S  1	1	24149870	24149878	23	3	70	pips_l400_r40_500-8000.hdf5	left	right
2416.0537	1	Stimulus/S  1	1	24160537	24160545	23	4	50	pips_l400_r40_500-8000.hdf5	left	right
2417.1097	1	Stimulus/S  1	1	24171097	24171105	23	5	30	pips_l400_r40_500-8000.hdf5	left	right
2418.1764	1	Stimulus/S  1	1	24181764	24181772	24	0	20	pips_l400_r40_500-8000.hdf5	left	right
2419.2217	1	Stimulus/S  1	1	24192217	24192225	24	1	40	pips_l400_r40_500-8000.hdf5	left	right
2420.267	1	Stimulus/S  1	1	24202670	24202678	24	2	60	pips_l400_r40_500-8000.hdf5	left	right
2421.3337	1	Stimulus/S  1	1	24213337	24213345	24	3	70	pips_l400_r40_500-8000.hdf5	left	right
2422.3897	1	Stimulus/S  1	1	24223897	24223905	24	4	50	pips_l400_r40_500-8000.hdf5	left	right
2423.4351	1	Stimulus/S  1	1	24234351	24234359	24	5	30	pips_l400_r40_500-8000.hdf5	left	right
2424.5017	1	Stimulus/S  1	1	24245017	24245025	25	0	20	pips_l400_r40_500-8000.hdf5	left	right
2425.5578	1	Stimulus/S  1	1	24255578	24255586	25	1	40	pips_l400_r40_500-8000.hdf5	left	right
2426.6031	1	Stimulus/S  1	1	24266031	24266039	25	2	60	pips_l400_r40_500-8000.hdf5	left	right
2427.6698	1	Stimulus/S  1	1	24276698	24276706	25	3	70	pips_l400_r40_500-8000.hdf5	left	right
2428.7258	1	Stimulus/S  1	1	24287258	24287266	25	4	50	pips_l400_r40_500-8000.hdf5	left	right
2429.7711	1	Stimulus/S  1	1	24297711	24297719	25	5	30	pips_l400_r40_500-8000.hdf5	left	right
2430.8378	1	Stimulus/S  1	1	24308378	24308386	26	0	20	pips_l400_r40_500-8000.hdf5	left	right
2431.8831	1	Stimulus/S  1	1	24318831	24318839	26	1	40	pips_l400_r40_500-8000.hdf5	left	right
2432.9605	1	Stimulus/S  1	1	24329605	24329613	26	2	60	pips_l400_r40_500-8000.hdf5	left	right
2434.0058	1	Stimulus/S  1	1	24340058	24340066	26	3	70	pips_l400_r40_500-8000.hdf5	left	right
2435.0512	1	Stimulus/S  1	1	24350512	24350520	26	4	50	pips_l400_r40_500-8000.hdf5	left	right
2436.1179	1	Stimulus/S  1	1	24361179	24361187	26	5	30	pips_l400_r40_500-8000.hdf5	left	right
2437.1739	1	Stimulus/S  1	1	24371739	24371747	27	0	20	pips_l400_r40_500-8000.hdf5	left	right
2438.2405	1	Stimulus/S  1	1	24382405	24382413	27	1	40	pips_l400_r40_500-8000.hdf5	left	right
2439.2859	1	Stimulus/S  1	1	24392859	24392867	27	2	60	pips_l400_r40_500-8000.hdf5	left	right
2440.3419	1	Stimulus/S  1	1	24403419	24403427	27	3	70	pips_l400_r40_500-8000.hdf5	left	right
2441.4086	1	Stimulus/S  1	1	24414086	24414094	27	4	50	pips_l400_r40_500-8000.hdf5	left	right
2442.4539	1	Stimulus/S  1	1	24424539	24424547	27	5	30	pips_l400_r40_500-8000.hdf5	left	right
2443.5206	1	Stimulus/S  1	1	24435206	24435214	28	0	20	pips_l400_r40_500-8000.hdf5	left	right
2444.5873	1	Stimulus/S  1	1	24445873	24445881	28	1	40	pips_l400_r40_500-8000.hdf5	left	right
2445.6433	1	Stimulus/S  1	1	24456433	24456441	28	2	60	pips_l400_r40_500-8000.hdf5	left	right
2446.71	1	Stimulus/S  1	1	24467100	24467108	28	3	70	pips_l400_r40_500-8000.hdf5	left	right
2447.7766	1	Stimulus/S  1	1	24477766	24477774	28	4	50	pips_l400_r40_500-8000.hdf5	left	right
2448.822	1	Stimulus/S  1	1	24488220	24488228	28	5	30	pips_l400_r40_500-8000.hdf5	left	right
2449.8673	1	Stimulus/S  1	1	24498673	24498681	29	0	20	pips_l400_r40_500-8000.hdf5	left	right
2450.934	1	Stimulus/S  1	1	24509340	24509348	29	1	40	pips_l400_r40_500-8000.hdf5	left	right
2451.99	1	Stimulus/S  1	1	24519900	24519908	29	2	60	pips_l400_r40_500-8000.hdf5	left	right
2453.0567	1	Stimulus/S  1	1	24530567	24530575	29	3	70	pips_l400_r40_500-8000.hdf5	left	right
2454.102	1	Stimulus/S  1	1	24541020	24541028	29	4	50	pips_l400_r40_500-8000.hdf5	left	right
2455.158	1	Stimulus/S  1	1	24551580	24551588	29	5	30	pips_l400_r40_500-8000.hdf5	left	right
2456.2034	1	Stimulus/S  1	1	24562034	24562042	30	0	20	pips_l400_r40_500-8000.hdf5	left	right
2457.2594	1	Stimulus/S  1	1	24572594	24572602	30	1	40	pips_l400_r40_500-8000.hdf5	left	right
2458.3047	1	Stimulus/S  1	1	24583047	24583055	30	2	60	pips_l400_r40_500-8000.hdf5	left	right
2459.3714	1	Stimulus/S  1	1	24593714	24593722	30	3	70	pips_l400_r40_500-8000.hdf5	left	right
2460.4381	1	Stimulus/S  1	1	24604381	24604389	30	4	50	pips_l400_r40_500-8000.hdf5	left	right
2461.5048	1	Stimulus/S  1	1	24615048	24615056	30	5	30	pips_l400_r40_500-8000.hdf5	left	right
2462.5608	1	Stimulus/S  1	1	24625608	24625616	31	0	20	pips_l400_r40_500-8000.hdf5	left	right
2463.6061	1	Stimulus/S  1	1	24636061	24636069	31	1	40	pips_l400_r40_500-8000.hdf5	left	right
2464.6728	1	Stimulus/S  1	1	24646728	24646736	31	2	60	pips_l400_r40_500-8000.hdf5	left	right
2465.7395	1	Stimulus/S  1	1	24657395	24657403	31	3	70	pips_l400_r40_500-8000.hdf5	left	right
2466.7848	1	Stimulus/S  1	1	24667848	24667856	31	4	50	pips_l400_r40_500-8000.hdf5	left	right
2467.8408	1	Stimulus/S  1	1	24678408	24678416	31	5	30	pips_l400_r40_500-8000.hdf5	left	right
2468.8862	1	Stimulus/S  1	1	24688862	24688870	32	0	20	pips_l400_r40_500-8000.hdf5	left	right
2469.9528	1	Stimulus/S  1	1	24699528	24699536	32	1	40	pips_l400_r40_500-8000.hdf5	left	right
2471.0195	1	Stimulus/S  1	1	24710195	24710203	32	2	60	pips_l400_r40_500-8000.hdf5	left	right
2472.0755	1	Stimulus/S  1	1	24720755	24720763	32	3	70	pips_l400_r40_500-8000.hdf5	left	right
2473.1209	1	Stimulus/S  1	1	24731209	24731217	32	4	50	pips_l400_r40_500-8000.hdf5	left	right
2474.1875	1	Stimulus/S  1	1	24741875	24741883	32	5	30	pips_l400_r40_500-8000.hdf5	left	right
2475.2436	1	Stimulus/S  1	1	24752436	24752444	33	0	20	pips_l400_r40_500-8000.hdf5	left	right
2476.2889	1	Stimulus/S  1	1	24762889	24762897	33	1	40	pips_l400_r40_500-8000.hdf5	left	right
2477.3556	1	Stimulus/S  1	1	24773556	24773564	33	2	60	pips_l400_r40_500-8000.hdf5	left	right
2478.4223	1	Stimulus/S  1	1	24784223	24784231	33	3	70	pips_l400_r40_500-8000.hdf5	left	right
2479.4783	1	Stimulus/S  1	1	24794783	24794791	33	4	50	pips_l400_r40_500-8000.hdf5	left	right
2480.5343	1	Stimulus/S  1	1	24805343	24805351	33	5	30	pips_l400_r40_500-8000.hdf5	left	right
2481.601	1	Stimulus/S  1	1	24816010	24816018	34	0	20	pips_l400_r40_500-8000.hdf5	left	right
2482.6676	1	Stimulus/S  1	1	24826676	24826684	34	1	40	pips_l400_r40_500-8000.hdf5	left	right
2483.7236	1	Stimulus/S  1	1	24837236	24837244	34	2	60	pips_l400_r40_500-8000.hdf5	left	right
2484.769	1	Stimulus/S  1	1	24847690	24847698	34	3	70	pips_l400_r40_500-8000.hdf5	left	right
2485.825	1	Stimulus/S  1	1	24858250	24858258	34	4	50	pips_l400_r40_500-8000.hdf5	left	right
2486.8917	1	Stimulus/S  1	1	24868917	24868925	34	5	30	pips_l400_r40_500-8000.hdf5	left	right
2487.9583	1	Stimulus/S  1	1	24879583	24879591	35	0	20	pips_l400_r40_500-8000.hdf5	left	right
2489.0037	1	Stimulus/S  1	1	24890037	24890045	35	1	40	pips_l400_r40_500-8000.hdf5	left	right
2490.0704	1	Stimulus/S  1	1	24900704	24900712	35	2	60	pips_l400_r40_500-8000.hdf5	left	right
2491.137	1	Stimulus/S  1	1	24911370	24911378	35	3	70	pips_l400_r40_500-8000.hdf5	left	right
2492.2037	1	Stimulus/S  1	1	24922037	24922045	35	4	50	pips_l400_r40_500-8000.hdf5	left	right
2493.2597	1	Stimulus/S  1	1	24932597	24932605	35	5	30	pips_l400_r40_500-8000.hdf5	left	right
2494.3051	1	Stimulus/S  1	1	24943051	24943059	36	0	20	pips_l400_r40_500-8000.hdf5	left	right
2495.3611	1	Stimulus/S  1	1	24953611	24953619	36	1	40	pips_l400_r40_500-8000.hdf5	left	right
2496.4278	1	Stimulus/S  1	1	24964278	24964286	36	2	60	pips_l400_r40_500-8000.hdf5	left	right
2497.4731	1	Stimulus/S  1	1	24974731	24974739	36	3	70	pips_l400_r40_500-8000.hdf5	left	right
2498.5398	1	Stimulus/S  1	1	24985398	24985406	36	4	50	pips_l400_r40_500-8000.hdf5	left	right
2499.6065	1	Stimulus/S  1	1	24996065	24996073	36	5	30	pips_l400_r40_500-8000.hdf5	left	right
2500.6731	1	Stimulus/S  1	1	25006731	25006739	37	0	20	pips_l400_r40_500-8000.hdf5	left	right
2501.7398	1	Stimulus/S  1	1	25017398	25017406	37	1	40	pips_l400_r40_500-8000.hdf5	left	right
2502.8065	1	Stimulus/S  1	1	25028065	25028073	37	2	60	pips_l400_r40_500-8000.hdf5	left	right
2503.8518	1	Stimulus/S  1	1	25038518	25038526	37	3	70	pips_l400_r40_500-8000.hdf5	left	right
2504.9078	1	Stimulus/S  1	1	25049078	25049086	37	4	50	pips_l400_r40_500-8000.hdf5	left	right
2505.9532	1	Stimulus/S  1	1	25059532	25059540	37	5	30	pips_l400_r40_500-8000.hdf5	left	right
2507.0092	1	Stimulus/S  1	1	25070092	25070100	38	0	20	pips_l400_r40_500-8000.hdf5	left	right
2508.0759	1	Stimulus/S  1	1	25080759	25080767	38	1	40	pips_l400_r40_500-8000.hdf5	left	right
2509.1212	1	Stimulus/S  1	1	25091212	25091220	38	2	60	pips_l400_r40_500-8000.hdf5	left	right
2510.1772	1	Stimulus/S  1	1	25101772	25101780	38	3	70	pips_l400_r40_500-8000.hdf5	left	right
2511.2226	1	Stimulus/S  1	1	25112226	25112234	38	4	50	pips_l400_r40_500-8000.hdf5	left	right
2512.2892	1	Stimulus/S  1	1	25122892	25122900	38	5	30	pips_l400_r40_500-8000.hdf5	left	right
2513.3453	1	Stimulus/S  1	1	25133453	25133461	39	0	20	pips_l400_r40_500-8000.hdf5	left	right
2514.3906	1	Stimulus/S  1	1	25143906	25143914	39	1	40	pips_l400_r40_500-8000.hdf5	left	right
2515.4573	1	Stimulus/S  1	1	25154573	25154581	39	2	60	pips_l400_r40_500-8000.hdf5	left	right
2516.5239	1	Stimulus/S  1	1	25165239	25165247	39	3	70	pips_l400_r40_500-8000.hdf5	left	right
2517.5906	1	Stimulus/S  1	1	25175906	25175914	39	4	50	pips_l400_r40_500-8000.hdf5	left	right
2518.636	1	Stimulus/S  1	1	25186360	25186368	39	5	30	pips_l400_r40_500-8000.hdf5	left	right
2519.692	1	Stimulus/S  1	1	25196920	25196928	40	0	20	pips_l400_r40_500-8000.hdf5	left	right
2520.7373	1	Stimulus/S  1	1	25207373	25207381	40	1	40	pips_l400_r40_500-8000.hdf5	left	right
2521.804	1	Stimulus/S  1	1	25218040	25218048	40	2	60	pips_l400_r40_500-8000.hdf5	left	right
2522.8707	1	Stimulus/S  1	1	25228707	25228715	40	3	70	pips_l400_r40_500-8000.hdf5	left	right
2523.9374	1	Stimulus/S  1	1	25239374	25239382	40	4	50	pips_l400_r40_500-8000.hdf5	left	right
2524.9934	1	Stimulus/S  1	1	25249934	25249942	40	5	30	pips_l400_r40_500-8000.hdf5	left	right
2526.0387	1	Stimulus/S  1	1	25260387	25260395	41	0	20	pips_l400_r40_500-8000.hdf5	left	right
2527.1054	1	Stimulus/S  1	1	25271054	25271062	41	1	40	pips_l400_r40_500-8000.hdf5	left	right
2528.1614	1	Stimulus/S  1	1	25281614	25281622	41	2	60	pips_l400_r40_500-8000.hdf5	left	right
2529.2067	1	Stimulus/S  1	1	25292067	25292075	41	3	70	pips_l400_r40_500-8000.hdf5	left	right
2530.2734	1	Stimulus/S  1	1	25302734	25302742	41	4	50	pips_l400_r40_500-8000.hdf5	left	right
2531.3188	1	Stimulus/S  1	1	25313188	25313196	41	5	30	pips_l400_r40_500-8000.hdf5	left	right
2532.3748	1	Stimulus/S  1	1	25323748	25323756	42	0	20	pips_l400_r40_500-8000.hdf5	left	right
2533.4414	1	Stimulus/S  1	1	25334414	25334422	42	1	40	pips_l400_r40_500-8000.hdf5	left	right
2534.4868	1	Stimulus/S  1	1	25344868	25344876	42	2	60	pips_l400_r40_500-8000.hdf5	left	right
2535.5428	1	Stimulus/S  1	1	25355428	25355436	42	3	70	pips_l400_r40_500-8000.hdf5	left	right
2536.6095	1	Stimulus/S  1	1	25366095	25366103	42	4	50	pips_l400_r40_500-8000.hdf5	left	right
2537.6762	1	Stimulus/S  1	1	25376762	25376770	42	5	30	pips_l400_r40_500-8000.hdf5	left	right
2538.7215	1	Stimulus/S  1	1	25387215	25387223	43	0	20	pips_l400_r40_500-8000.hdf5	left	right
2539.7775	1	Stimulus/S  1	1	25397775	25397783	43	1	40	pips_l400_r40_500-8000.hdf5	left	right
2540.8442	1	Stimulus/S  1	1	25408442	25408450	43	2	60	pips_l400_r40_500-8000.hdf5	left	right
2541.9109	1	Stimulus/S  1	1	25419109	25419117	43	3	70	pips_l400_r40_500-8000.hdf5	left	right
2542.9775	1	Stimulus/S  1	1	25429775	25429783	43	4	50	pips_l400_r40_500-8000.hdf5	left	right
2544.0229	1	Stimulus/S  1	1	25440229	25440237	43	5	30	pips_l400_r40_500-8000.hdf5	left	right
2545.0789	1	Stimulus/S  1	1	25450789	25450797	44	0	20	pips_l400_r40_500-8000.hdf5	left	right
2546.1242	1	Stimulus/S  1	1	25461242	25461250	44	1	40	pips_l400_r40_500-8000.hdf5	left	right
2547.1696	1	Stimulus/S  1	1	25471696	25471704	44	2	60	pips_l400_r40_500-8000.hdf5	left	right
2548.2363	1	Stimulus/S  1	1	25482363	25482371	44	3	70	pips_l400_r40_500-8000.hdf5	left	right
2549.3029	1	Stimulus/S  1	1	25493029	25493037	44	4	50	pips_l400_r40_500-8000.hdf5	left	right
2550.3696	1	Stimulus/S  1	1	25503696	25503704	44	5	30	pips_l400_r40_500-8000.hdf5	left	right
2551.4363	1	Stimulus/S  1	1	25514363	25514371	45	0	20	pips_l400_r40_500-8000.hdf5	left	right
2552.4923	1	Stimulus/S  1	1	25524923	25524931	45	1	40	pips_l400_r40_500-8000.hdf5	left	right
2553.559	1	Stimulus/S  1	1	25535590	25535598	45	2	60	pips_l400_r40_500-8000.hdf5	left	right
2554.6256	1	Stimulus/S  1	1	25546256	25546264	45	3	70	pips_l400_r40_500-8000.hdf5	left	right
2555.671	1	Stimulus/S  1	1	25556710	25556718	45	4	50	pips_l400_r40_500-8000.hdf5	left	right
2556.727	1	Stimulus/S  1	1	25567270	25567278	45	5	30	pips_l400_r40_500-8000.hdf5	left	right
2557.7937	1	Stimulus/S  1	1	25577937	25577945	46	0	20	pips_l400_r40_500-8000.hdf5	left	right
2558.839	1	Stimulus/S  1	1	25588390	25588398	46	1	40	pips_l400_r40_500-8000.hdf5	left	right
2559.895	1	Stimulus/S  1	1	25598950	25598958	46	2	60	pips_l400_r40_500-8000.hdf5	left	right
2560.9617	1	Stimulus/S  1	1	25609617	25609625	46	3	70	pips_l400_r40_500-8000.hdf5	left	right
2562.007	1	Stimulus/S  1	1	25620070	25620078	46	4	50	pips_l400_r40_500-8000.hdf5	left	right
2563.0524	1	Stimulus/S  1	1	25630524	25630532	46	5	30	pips_l400_r40_500-8000.hdf5	left	right
2564.1084	1	Stimulus/S  1	1	25641084	25641092	47	0	20	pips_l400_r40_500-8000.hdf5	left	right
2565.1751	1	Stimulus/S  1	1	25651751	25651759	47	1	40	pips_l400_r40_500-8000.hdf5	left	right
2566.2204	1	Stimulus/S  1	1	25662204	25662212	47	2	60	pips_l400_r40_500-8000.hdf5	left	right
2567.2764	1	Stimulus/S  1	1	25672764	25672772	47	3	70	pips_l400_r40_500-8000.hdf5	left	right
2568.3431	1	Stimulus/S  1	1	25683431	25683439	47	4	50	pips_l400_r40_500-8000.hdf5	left	right
2569.4098	1	Stimulus/S  1	1	25694098	25694106	47	5	30	pips_l400_r40_500-8000.hdf5	left	right
2570.4765	1	Stimulus/S  1	1	25704765	25704773	48	0	20	pips_l400_r40_500-8000.hdf5	left	right
2571.5431	1	Stimulus/S  1	1	25715431	25715439	48	1	40	pips_l400_r40_500-8000.hdf5	left	right
2572.6098	1	Stimulus/S  1	1	25726098	25726106	48	2	60	pips_l400_r40_500-8000.hdf5	left	right
2573.6552	1	Stimulus/S  1	1	25736552	25736560	48	3	70	pips_l400_r40_500-8000.hdf5	left	right
2574.7112	1	Stimulus/S  1	1	25747112	25747120	48	4	50	pips_l400_r40_500-8000.hdf5	left	right
2575.7778	1	Stimulus/S  1	1	25757778	25757786	48	5	30	pips_l400_r40_500-8000.hdf5	left	right
2576.8232	1	Stimulus/S  1	1	25768232	25768240	49	0	20	pips_l400_r40_500-8000.hdf5	left	right
2577.8792	1	Stimulus/S  1	1	25778792	25778800	49	1	40	pips_l400_r40_500-8000.hdf5	left	right
2578.9245	1	Stimulus/S  1	1	25789245	25789253	49	2	60	pips_l400_r40_500-8000.hdf5	left	right
2579.9912	1	Stimulus/S  1	1	25799912	25799920	49	3	70	pips_l400_r40_500-8000.hdf5	left	right
2581.0366	1	Stimulus/S  1	1	25810366	25810374	49	4	50	pips_l400_r40_500-8000.hdf5	left	right
2582.1032	1	Stimulus/S  1	1	25821032	25821040	49	5	30	pips_l400_r40_500-8000.hdf5	left	right
2583.1699	1	Stimulus/S  1	1	25831699	25831707	50	0	20	pips_l400_r40_500-8000.hdf5	left	right
2584.2366	1	Stimulus/S  1	1	25842366	25842374	50	1	40	pips_l400_r40_500-8000.hdf5	left	right
2585.3033	1	Stimulus/S  1	1	25853033	25853041	50	2	60	pips_l400_r40_500-8000.hdf5	left	right
2586.3593	1	Stimulus/S  1	1	25863593	25863601	50	3	70	pips_l400_r40_500-8000.hdf5	left	right
2587.4046	1	Stimulus/S  1	1	25874046	25874054	50	4	50	pips_l400_r40_500-8000.hdf5	left	right
2588.4713	1	Stimulus/S  1	1	25884713	25884721	50	5	30	pips_l400_r40_500-8000.hdf5	left	right
2589.538	1	Stimulus/S  1	1	25895380	25895388	51	0	20	pips_l400_r40_500-8000.hdf5	left	right
2590.6047	1	Stimulus/S  1	1	25906047	25906055	51	1	40	pips_l400_r40_500-8000.hdf5	left	right
2591.6607	1	Stimulus/S  1	1	25916607	25916615	51	2	60	pips_l400_r40_500-8000.hdf5	left	right
2592.706	1	Stimulus/S  1	1	25927060	25927068	51	3	70	pips_l400_r40_500-8000.hdf5	left	right
2593.7727	1	Stimulus/S  1	1	25937727	25937735	51	4	50	pips_l400_r40_500-8000.hdf5	left	right
2594.8287	1	Stimulus/S  1	1	25948287	25948295	51	5	30	pips_l400_r40_500-8000.hdf5	left	right
2595.874	1	Stimulus/S  1	1	25958740	25958748	52	0	20	pips_l400_r40_500-8000.hdf5	left	right
2596.9194	1	Stimulus/S  1	1	25969194	25969202	52	1	40	pips_l400_r40_500-8000.hdf5	left	right
2597.9754	1	Stimulus/S  1	1	25979754	25979762	52	2	60	pips_l400_r40_500-8000.hdf5	left	right
2599.0207	1	Stimulus/S  1	1	25990207	25990215	52	3	70	pips_l400_r40_500-8000.hdf5	left	right
2600.0767	1	Stimulus/S  1	1	26000767	26000775	52	4	50	pips_l400_r40_500-8000.hdf5	left	right
2601.1434	1	Stimulus/S  1	1	26011434	26011442	52	5	30	pips_l400_r40_500-8000.hdf5	left	right
2602.2101	1	Stimulus/S  1	1	26022101	26022109	53	0	20	pips_l400_r40_500-8000.hdf5	left	right
2603.2554	1	Stimulus/S  1	1	26032554	26032562	53	1	40	pips_l400_r40_500-8000.hdf5	left	right
2604.3114	1	Stimulus/S  1	1	26043114	26043122	53	2	60	pips_l400_r40_500-8000.hdf5	left	right
2605.3781	1	Stimulus/S  1	1	26053781	26053789	53	3	70	pips_l400_r40_500-8000.hdf5	left	right
2606.4448	1	Stimulus/S  1	1	26064448	26064456	53	4	50	pips_l400_r40_500-8000.hdf5	left	right
2607.4901	1	Stimulus/S  1	1	26074901	26074909	53	5	30	pips_l400_r40_500-8000.hdf5	left	right
2608.5462	1	Stimulus/S  1	1	26085462	26085470	54	0	20	pips_l400_r40_500-8000.hdf5	left	right
2609.6128	1	Stimulus/S  1	1	26096128	26096136	54	1	40	pips_l400_r40_500-8000.hdf5	left	right
2610.6795	1	Stimulus/S  1	1	26106795	26106803	54	2	60	pips_l400_r40_500-8000.hdf5	left	right
2611.7249	1	Stimulus/S  1	1	26117249	26117257	54	3	70	pips_l400_r40_500-8000.hdf5	left	right
2612.7702	1	Stimulus/S  1	1	26127702	26127710	54	4	50	pips_l400_r40_500-8000.hdf5	left	right
2613.8369	1	Stimulus/S  1	1	26138369	26138377	54	5	30	pips_l400_r40_500-8000.hdf5	left	right
2614.9035	1	Stimulus/S  1	1	26149035	26149043	55	0	20	pips_l400_r40_500-8000.hdf5	left	right
2615.9596	1	Stimulus/S  1	1	26159596	26159604	55	1	40	pips_l400_r40_500-8000.hdf5	left	right
2617.0049	1	Stimulus/S  1	1	26170049	26170057	55	2	60	pips_l400_r40_500-8000.hdf5	left	right
2618.0716	1	Stimulus/S  1	1	26180716	26180724	55	3	70	pips_l400_r40_500-8000.hdf5	left	right
2619.1276	1	Stimulus/S  1	1	26191276	26191284	55	4	50	pips_l400_r40_500-8000.hdf5	left	right
2620.1729	1	Stimulus/S  1	1	26201729	26201737	55	5	30	pips_l400_r40_500-8000.hdf5	left	right
2621.2289	1	Stimulus/S  1	1	26212289	26212297	56	0	20	pips_l400_r40_500-8000.hdf5	left	right
2622.2956	1	Stimulus/S  1	1	26222956	26222964	56	1	40	pips_l400_r40_500-8000.hdf5	left	right
2623.341	1	Stimulus/S  1	1	26233410	26233418	56	2	60	pips_l400_r40_500-8000.hdf5	left	right
2624.3863	1	Stimulus/S  1	1	26243863	26243871	56	3	70	pips_l400_r40_500-8000.hdf5	left	right
2625.4423	1	Stimulus/S  1	1	26254423	26254431	56	4	50	pips_l400_r40_500-8000.hdf5	left	right
2626.509	1	Stimulus/S  1	1	26265090	26265098	56	5	30	pips_l400_r40_500-8000.hdf5	left	right
2627.5757	1	Stimulus/S  1	1	26275757	26275765	57	0	20	pips_l400_r40_500-8000.hdf5	left	right
2628.6423	1	Stimulus/S  1	1	26286423	26286431	57	1	40	pips_l400_r40_500-8000.hdf5	left	right
2629.6877	1	Stimulus/S  1	1	26296877	26296885	57	2	60	pips_l400_r40_500-8000.hdf5	left	right
2630.7437	1	Stimulus/S  1	1	26307437	26307445	57	3	70	pips_l400_r40_500-8000.hdf5	left	right
2631.789	1	Stimulus/S  1	1	26317890	26317898	57	4	50	pips_l400_r40_500-8000.hdf5	left	right
2632.8451	1	Stimulus/S  1	1	26328451	26328459	57	5	30	pips_l400_r40_500-8000.hdf5	left	right
2633.8904	1	Stimulus/S  1	1	26338904	26338912	58	0	20	pips_l400_r40_500-8000.hdf5	left	right
2634.9464	1	Stimulus/S  1	1	26349464	26349472	58	1	40	pips_l400_r40_500-8000.hdf5	left	right
2635.9917	1	Stimulus/S  1	1	26359917	26359925	58	2	60	pips_l400_r40_500-8000.hdf5	left	right
2637.0584	1	Stimulus/S  1	1	26370584	26370592	58	3	70	pips_l400_r40_500-8000.hdf5	left	right
2638.1038	1	Stimulus/S  1	1	26381038	26381046	58	4	50	pips_l400_r40_500-8000.hdf5	left	right
2639.1598	1	Stimulus/S  1	1	26391598	26391606	58	5	30	pips_l400_r40_500-8000.hdf5	left	right
2640.2265	1	Stimulus/S  1	1	26402265	26402273	59	0	20	pips_l400_r40_500-8000.hdf5	left	right
2641.2931	1	Stimulus/S  1	1	26412931	26412939	59	1	40	pips_l400_r40_500-8000.hdf5	left	right
2642.3598	1	Stimulus/S  1	1	26423598	26423606	59	2	60	pips_l400_r40_500-8000.hdf5	left	right
2643.4265	1	Stimulus/S  1	1	26434265	26434273	59	3	70	pips_l400_r40_500-8000.hdf5	left	right
2644.4718	1	Stimulus/S  1	1	26444718	26444726	59	4	50	pips_l400_r40_500-8000.hdf5	left	right
2645.5278	1	Stimulus/S  1	1	26455278	26455286	59	5	30	pips_l400_r40_500-8000.hdf5	left	right
2646.5732	1	Stimulus/S  1	1	26465732	26465740	60	0	20	pips_l400_r40_500-8000.hdf5	left	right
2647.6292	1	Stimulus/S  1	1	26476292	26476300	60	1	40	pips_l400_r40_500-8000.hdf5	left	right
2648.6959	1	Stimulus/S  1	1	26486959	26486967	60	2	60	pips_l400_r40_500-8000.hdf5	left	right
2649.7412	1	Stimulus/S  1	1	26497412	26497420	60	3	70	pips_l400_r40_500-8000.hdf5	left	right
2650.7972	1	Stimulus/S  1	1	26507972	26507980	60	4	50	pips_l400_r40_500-8000.hdf5	left	right
2651.8426	1	Stimulus/S  1	1	26518426	26518434	60	5	30	pips_l400_r40_500-8000.hdf5	left	right
2652.8879	1	Stimulus/S  1	1	26528879	26528887	61	0	20	pips_l400_r40_500-8000.hdf5	left	right
2653.9546	1	Stimulus/S  1	1	26539546	26539554	61	1	40	pips_l400_r40_500-8000.hdf5	left	right
2655.0106	1	Stimulus/S  1	1	26550106	26550114	61	2	60	pips_l400_r40_500-8000.hdf5	left	right
2656.0559	1	Stimulus/S  1	1	26560559	26560567	61	3	70	pips_l400_r40_500-8000.hdf5	left	right
2657.1226	1	Stimulus/S  1	1	26571226	26571234	61	4	50	pips_l400_r40_500-8000.hdf5	left	right
2658.1893	1	Stimulus/S  1	1	26581893	26581901	61	5	30	pips_l400_r40_500-8000.hdf5	left	right
2659.2453	1	Stimulus/S  1	1	26592453	26592461	62	0	20	pips_l400_r40_500-8000.hdf5	left	right
2660.2906	1	Stimulus/S  1	1	26602906	26602914	62	1	40	pips_l400_r40_500-8000.hdf5	left	right
2661.3467	1	Stimulus/S  1	1	26613467	26613475	62	2	60	pips_l400_r40_500-8000.hdf5	left	right
2662.392	1	Stimulus/S  1	1	26623920	26623928	62	3	70	pips_l400_r40_500-8000.hdf5	left	right
2663.4587	1	Stimulus/S  1	1	26634587	26634595	62	4	50	pips_l400_r40_500-8000.hdf5	left	right
2664.5254	1	Stimulus/S  1	1	26645254	26645262	62	5	30	pips_l400_r40_500-8000.hdf5	left	right
2665.592	1	Stimulus/S  1	1	26655920	26655928	63	0	20	pips_l400_r40_500-8000.hdf5	left	right
2666.6374	1	Stimulus/S  1	1	26666374	26666382	63	1	40	pips_l400_r40_500-8000.hdf5	left	right
2667.6934	1	Stimulus/S  1	1	26676934	26676942	63	2	60	pips_l400_r40_500-8000.hdf5	left	right
2668.7601	1	Stimulus/S  1	1	26687601	26687609	63	3	70	pips_l400_r40_500-8000.hdf5	left	right
2669.8267	1	Stimulus/S  1	1	26698267	26698275	63	4	50	pips_l400_r40_500-8000.hdf5	left	right
2670.8934	1	Stimulus/S  1	1	26708934	26708942	63	5	30	pips_l400_r40_500-8000.hdf5	left	right
2671.9601	1	Stimulus/S  1	1	26719601	26719609	64	0	20	pips_l400_r40_500-8000.hdf5	left	right
2673.0054	1	Stimulus/S  1	1	26730054	26730062	64	1	40	pips_l400_r40_500-8000.hdf5	left	right
2674.0614	1	Stimulus/S  1	1	26740614	26740622	64	2	60	pips_l400_r40_500-8000.hdf5	left	right
2675.1068	1	Stimulus/S  1	1	26751068	26751076	64	3	70	pips_l400_r40_500-8000.hdf5	left	right
2676.1628	1	Stimulus/S  1	1	26761628	26761636	64	4	50	pips_l400_r40_500-8000.hdf5	left	right
2677.2295	1	Stimulus/S  1	1	26772295	26772303	64	5	30	pips_l400_r40_500-8000.hdf5	left	right
2678.2961	1	Stimulus/S  1	1	26782961	26782969	65	0	20	pips_l400_r40_500-8000.hdf5	left	right
2679.3415	1	Stimulus/S  1	1	26793415	26793423	65	1	40	pips_l400_r40_500-8000.hdf5	left	right
2680.4082	1	Stimulus/S  1	1	26804082	26804090	65	2	60	pips_l400_r40_500-8000.hdf5	left	right
2681.4748	1	Stimulus/S  1	1	26814748	26814756	65	3	70	pips_l400_r40_500-8000.hdf5	left	right
2682.5309	1	Stimulus/S  1	1	26825309	26825317	65	4	50	pips_l400_r40_500-8000.hdf5	left	right
2683.5762	1	Stimulus/S  1	1	26835762	26835770	65	5	30	pips_l400_r40_500-8000.hdf5	left	right
2684.6215	1	Stimulus/S  1	1	26846215	26846223	66	0	20	pips_l400_r40_500-8000.hdf5	left	right
2685.6776	1	Stimulus/S  1	1	26856776	26856784	66	1	40	pips_l400_r40_500-8000.hdf5	left	right
2686.7442	1	Stimulus/S  1	1	26867442	26867450	66	2	60	pips_l400_r40_500-8000.hdf5	left	right
2687.7896	1	Stimulus/S  1	1	26877896	26877904	66	3	70	pips_l400_r40_500-8000.hdf5	left	right
2688.8456	1	Stimulus/S  1	1	26888456	26888464	66	4	50	pips_l400_r40_500-8000.hdf5	left	right
2689.9123	1	Stimulus/S  1	1	26899123	26899131	66	5	30	pips_l400_r40_500-8000.hdf5	left	right
2690.9576	1	Stimulus/S  1	1	26909576	26909584	67	0	20	pips_l400_r40_500-8000.hdf5	left	right
2692.0136	1	Stimulus/S  1	1	26920136	26920144	67	1	40	pips_l400_r40_500-8000.hdf5	left	right
2693.0803	1	Stimulus/S  1	1	26930803	26930811	67	2	60	pips_l400_r40_500-8000.hdf5	left	right
2694.1256	1	Stimulus/S  1	1	26941256	26941264	67	3	70	pips_l400_r40_500-8000.hdf5	left	right
2695.171	1	Stimulus/S  1	1	26951710	26951718	67	4	50	pips_l400_r40_500-8000.hdf5	left	right
2696.2377	1	Stimulus/S  1	1	26962377	26962385	67	5	30	pips_l400_r40_500-8000.hdf5	left	right
2697.2937	1	Stimulus/S  1	1	26972937	26972945	68	0	20	pips_l400_r40_500-8000.hdf5	left	right
2698.339	1	Stimulus/S  1	1	26983390	26983398	68	1	40	pips_l400_r40_500-8000.hdf5	left	right
2699.4057	1	Stimulus/S  1	1	26994057	26994065	68	2	60	pips_l400_r40_500-8000.hdf5	left	right
2700.4617	1	Stimulus/S  1	1	27004617	27004625	68	3	70	pips_l400_r40_500-8000.hdf5	left	right
2701.507	1	Stimulus/S  1	1	27015070	27015078	68	4	50	pips_l400_r40_500-8000.hdf5	left	right
2702.563	1	Stimulus/S  1	1	27025630	27025638	68	5	30	pips_l400_r40_500-8000.hdf5	left	right
2703.6084	1	Stimulus/S  1	1	27036084	27036092	69	0	20	pips_l400_r40_500-8000.hdf5	left	right
2704.6644	1	Stimulus/S  1	1	27046644	27046652	69	1	40	pips_l400_r40_500-8000.hdf5	left	right
2705.7311	1	Stimulus/S  1	1	27057311	27057319	69	2	60	pips_l400_r40_500-8000.hdf5	left	right
2706.7978	1	Stimulus/S  1	1	27067978	27067986	69	3	70	pips_l400_r40_500-8000.hdf5	left	right
2707.8431	1	Stimulus/S  1	1	27078431	27078439	69	4	50	pips_l400_r40_500-8000.hdf5	left	right
2708.9098	1	Stimulus/S  1	1	27089098	27089106	69	5	30	pips_l400_r40_500-8000.hdf5	left	right
2709.9551	1	Stimulus/S  1	1	27099551	27099559	70	0	20	pips_l400_r40_500-8000.hdf5	left	right
2711.0111	1	Stimulus/S  1	1	27110111	27110119	70	1	40	pips_l400_r40_500-8000.hdf5	left	right
2712.0778	1	Stimulus/S  1	1	27120778	27120786	70	2	60	pips_l400_r40_500-8000.hdf5	left	right
2713.1445	1	Stimulus/S  1	1	27131445	27131453	70	3	70	pips_l400_r40_500-8000.hdf5	left	right
2714.1898	1	Stimulus/S  1	1	27141898	27141906	70	4	50	pips_l400_r40_500-8000.hdf5	left	right
2715.2565	1	Stimulus/S  1	1	27152565	27152573	70	5	30	pips_l400_r40_500-8000.hdf5	left	right
2716.3125	1	Stimulus/S  1	1	27163125	27163133	71	0	20	pips_l400_r40_500-8000.hdf5	left	right
2717.3579	1	Stimulus/S  1	1	27173579	27173587	71	1	40	pips_l400_r40_500-8000.hdf5	left	right
2718.4245	1	Stimulus/S  1	1	27184245	27184253	71	2	60	pips_l400_r40_500-8000.hdf5	left	right
2719.4805	1	Stimulus/S  1	1	27194805	27194813	71	3	70	pips_l400_r40_500-8000.hdf5	left	right
2720.5259	1	Stimulus/S  1	1	27205259	27205267	71	4	50	pips_l400_r40_500-8000.hdf5	left	right
2721.5926	1	Stimulus/S  1	1	27215926	27215934	71	5	30	pips_l400_r40_500-8000.hdf5	left	right
2722.6592	1	Stimulus/S  1	1	27226592	27226600	72	0	20	pips_l400_r40_500-8000.hdf5	left	right
2723.7152	1	Stimulus/S  1	1	27237152	27237160	72	1	40	pips_l400_r40_500-8000.hdf5	left	right
2724.7606	1	Stimulus/S  1	1	27247606	27247614	72	2	60	pips_l400_r40_500-8000.hdf5	left	right
2725.8273	1	Stimulus/S  1	1	27258273	27258281	72	3	70	pips_l400_r40_500-8000.hdf5	left	right
2726.8726	1	Stimulus/S  1	1	27268726	27268734	72	4	50	pips_l400_r40_500-8000.hdf5	left	right
2727.9286	1	Stimulus/S  1	1	27279286	27279294	72	5	30	pips_l400_r40_500-8000.hdf5	left	right
2728.9953	1	Stimulus/S  1	1	27289953	27289961	73	0	20	pips_l400_r40_500-8000.hdf5	left	right
2730.062	1	Stimulus/S  1	1	27300620	27300628	73	1	40	pips_l400_r40_500-8000.hdf5	left	right
2731.1073	1	Stimulus/S  1	1	27311073	27311081	73	2	60	pips_l400_r40_500-8000.hdf5	left	right
2732.174	1	Stimulus/S  1	1	27321740	27321748	73	3	70	pips_l400_r40_500-8000.hdf5	left	right
2733.23	1	Stimulus/S  1	1	27332300	27332308	73	4	50	pips_l400_r40_500-8000.hdf5	left	right
2734.2753	1	Stimulus/S  1	1	27342753	27342761	73	5	30	pips_l400_r40_500-8000.hdf5	left	right
2735.342	1	Stimulus/S  1	1	27353420	27353428	74	0	20	pips_l400_r40_500-8000.hdf5	left	right
2736.4087	1	Stimulus/S  1	1	27364087	27364095	74	1	40	pips_l400_r40_500-8000.hdf5	left	right
2737.4647	1	Stimulus/S  1	1	27374647	27374655	74	2	60	pips_l400_r40_500-8000.hdf5	left	right
2738.5101	1	Stimulus/S  1	1	27385101	27385109	74	3	70	pips_l400_r40_500-8000.hdf5	left	right
2739.5767	1	Stimulus/S  1	1	27395767	27395775	74	4	50	pips_l400_r40_500-8000.hdf5	left	right
2740.6221	1	Stimulus/S  1	1	27406221	27406229	74	5	30	pips_l400_r40_500-8000.hdf5	left	right
2741.6887	1	Stimulus/S  1	1	27416887	27416895	75	0	20	pips_l400_r40_500-8000.hdf5	left	right
2742.7554	1	Stimulus/S  1	1	27427554	27427562	75	1	40	pips_l400_r40_500-8000.hdf5	left	right
2743.8114	1	Stimulus/S  1	1	27438114	27438122	75	2	60	pips_l400_r40_500-8000.hdf5	left	right
2744.8781	1	Stimulus/S  1	1	27448781	27448789	75	3	70	pips_l400_r40_500-8000.hdf5	left	right
2745.9448	1	Stimulus/S  1	1	27459448	27459456	75	4	50	pips_l400_r40_500-8000.hdf5	left	right
2747.0115	1	Stimulus/S  1	1	27470115	27470123	75	5	30	pips_l400_r40_500-8000.hdf5	left	right
2748.0781	1	Stimulus/S  1	1	27480781	27480789	76	0	20	pips_l400_r40_500-8000.hdf5	left	right
2749.1235	1	Stimulus/S  1	1	27491235	27491243	76	1	40	pips_l400_r40_500-8000.hdf5	left	right
2750.1795	1	Stimulus/S  1	1	27501795	27501803	76	2	60	pips_l400_r40_500-8000.hdf5	left	right
2751.2462	1	Stimulus/S  1	1	27512462	27512470	76	3	70	pips_l400_r40_500-8000.hdf5	left	right
2752.2915	1	Stimulus/S  1	1	27522915	27522923	76	4	50	pips_l400_r40_500-8000.hdf5	left	right
2753.3475	1	Stimulus/S  1	1	27533475	27533483	76	5	30	pips_l400_r40_500-8000.hdf5	left	right
2754.3929	1	Stimulus/S  1	1	27543929	27543937	77	0	20	pips_l400_r40_500-8000.hdf5	left	right
2755.4595	1	Stimulus/S  1	1	27554595	27554603	77	1	40	pips_l400_r40_500-8000.hdf5	left	right
2756.5156	1	Stimulus/S  1	1	27565156	27565164	77	2	60	pips_l400_r40_500-8000.hdf5	left	right
2757.5822	1	Stimulus/S  1	1	27575822	27575830	77	3	70	pips_l400_r40_500-8000.hdf5	left	right
2758.6276	1	Stimulus/S  1	1	27586276	27586284	77	4	50	pips_l400_r40_500-8000.hdf5	left	right
2759.6729	1	Stimulus/S  1	1	27596729	27596737	77	5	30	pips_l400_r40_500-8000.hdf5	left	right
2760.7396	1	Stimulus/S  1	1	27607396	27607404	78	0	20	pips_l400_r40_500-8000.hdf5	left	right
2761.8063	1	Stimulus/S  1	1	27618063	27618071	78	1	40	pips_l400_r40_500-8000.hdf5	left	right
2762.873	1	Stimulus/S  1	1	27628730	27628738	78	2	60	pips_l400_r40_500-8000.hdf5	left	right
2763.929	1	Stimulus/S  1	1	27639290	27639298	78	3	70	pips_l400_r40_500-8000.hdf5	left	right
2764.9743	1	Stimulus/S  1	1	27649743	27649751	78	4	50	pips_l400_r40_500-8000.hdf5	left	right
2766.041	1	Stimulus/S  1	1	27660410	27660418	78	5	30	pips_l400_r40_500-8000.hdf5	left	right
2767.097	1	Stimulus/S  1	1	27670970	27670978	79	0	20	pips_l400_r40_500-8000.hdf5	left	right
2768.1423	1	Stimulus/S  1	1	27681423	27681431	79	1	40	pips_l400_r40_500-8000.hdf5	left	right
2769.1983	1	Stimulus/S  1	1	27691983	27691991	79	2	60	pips_l400_r40_500-8000.hdf5	left	right
2770.265	1	Stimulus/S  1	1	27702650	27702658	79	3	70	pips_l400_r40_500-8000.hdf5	left	right
2771.3104	1	Stimulus/S  1	1	27713104	27713112	79	4	50	pips_l400_r40_500-8000.hdf5	left	right
2772.3557	1	Stimulus/S  1	1	27723557	27723565	79	5	30	pips_l400_r40_500-8000.hdf5	left	right
2773.4331	1	Stimulus/S  1	1	27734331	27734339	80	0	20	pips_l400_r40_500-8000.hdf5	left	right
2774.4891	1	Stimulus/S  1	1	27744891	27744899	80	1	40	pips_l400_r40_500-8000.hdf5	left	right
2775.5557	1	Stimulus/S  1	1	27755557	27755565	80	2	60	pips_l400_r40_500-8000.hdf5	left	right
2776.6117	1	Stimulus/S  1	1	27766117	27766125	80	3	70	pips_l400_r40_500-8000.hdf5	left	right
2777.6571	1	Stimulus/S  1	1	27776571	27776579	80	4	50	pips_l400_r40_500-8000.hdf5	left	right
2778.7238	1	Stimulus/S  1	1	27787238	27787246	80	5	30	pips_l400_r40_500-8000.hdf5	left	right
2779.7904	1	Stimulus/S  1	1	27797904	27797912	81	0	20	pips_l400_r40_500-8000.hdf5	left	right
2780.8571	1	Stimulus/S  1	1	27808571	27808579	81	1	40	pips_l400_r40_500-8000.hdf5	left	right
2781.9131	1	Stimulus/S  1	1	27819131	27819139	81	2	60	pips_l400_r40_500-8000.hdf5	left	right
2782.9585	1	Stimulus/S  1	1	27829585	27829593	81	3	70	pips_l400_r40_500-8000.hdf5	left	right
2784.0145	1	Stimulus/S  1	1	27840145	27840153	81	4	50	pips_l400_r40_500-8000.hdf5	left	right
2785.0598	1	Stimulus/S  1	1	27850598	27850606	81	5	30	pips_l400_r40_500-8000.hdf5	left	right
2786.1158	1	Stimulus/S  1	1	27861158	27861166	82	0	20	pips_l400_r40_500-8000.hdf5	left	right
2787.1825	1	Stimulus/S  1	1	27871825	27871833	82	1	40	pips_l400_r40_500-8000.hdf5	left	right
2788.2279	1	Stimulus/S  1	1	27882279	27882287	82	2	60	pips_l400_r40_500-8000.hdf5	left	right
2789.2732	1	Stimulus/S  1	1	27892732	27892740	82	3	70	pips_l400_r40_500-8000.hdf5	left	right
2790.3399	1	Stimulus/S  1	1	27903399	27903407	82	4	50	pips_l400_r40_500-8000.hdf5	left	right
2791.4066	1	Stimulus/S  1	1	27914066	27914074	82	5	30	pips_l400_r40_500-8000.hdf5	left	right
2792.4732	1	Stimulus/S  1	1	27924732	27924740	83	0	20	pips_l400_r40_500-8000.hdf5	left	right
2793.5292	1	Stimulus/S  1	1	27935292	27935300	83	1	40	pips_l400_r40_500-8000.hdf5	left	right
2794.5959	1	Stimulus/S  1	1	27945959	27945967	83	2	60	pips_l400_r40_500-8000.hdf5	left	right
2795.6413	1	Stimulus/S  1	1	27956413	27956421	83	3	70	pips_l400_r40_500-8000.hdf5	left	right
2796.6973	1	Stimulus/S  1	1	27966973	27966981	83	4	50	pips_l400_r40_500-8000.hdf5	left	right
2797.7426	1	Stimulus/S  1	1	27977426	27977434	83	5	30	pips_l400_r40_500-8000.hdf5	left	right
2798.7986	1	Stimulus/S  1	1	27987986	27987994	84	0	20	pips_l400_r40_500-8000.hdf5	left	right
2799.8653	1	Stimulus/S  1	1	27998653	27998661	84	1	40	pips_l400_r40_500-8000.hdf5	left	right
2800.9106	1	Stimulus/S  1	1	28009106	28009114	84	2	60	pips_l400_r40_500-8000.hdf5	left	right
2801.9773	1	Stimulus/S  1	1	28019773	28019781	84	3	70	pips_l400_r40_500-8000.hdf5	left	right
2803.044	1	Stimulus/S  1	1	28030440	28030448	84	4	50	pips_l400_r40_500-8000.hdf5	left	right
2804.1	1	Stimulus/S  1	1	28041000	28041008	84	5	30	pips_l400_r40_500-8000.hdf5	left	right
2805.1454	1	Stimulus/S  1	1	28051454	28051462	85	0	20	pips_l400_r40_500-8000.hdf5	left	right
2806.212	1	Stimulus/S  1	1	28062120	28062128	85	1	40	pips_l400_r40_500-8000.hdf5	left	right
2807.2574	1	Stimulus/S  1	1	28072574	28072582	85	2	60	pips_l400_r40_500-8000.hdf5	left	right
2808.3134	1	Stimulus/S  1	1	28083134	28083142	85	3	70	pips_l400_r40_500-8000.hdf5	left	right
2809.3801	1	Stimulus/S  1	1	28093801	28093809	85	4	50	pips_l400_r40_500-8000.hdf5	left	right
2810.4254	1	Stimulus/S  1	1	28104254	28104262	85	5	30	pips_l400_r40_500-8000.hdf5	left	right
2811.4814	1	Stimulus/S  1	1	28114814	28114822	86	0	20	pips_l400_r40_500-8000.hdf5	left	right
2812.5481	1	Stimulus/S  1	1	28125481	28125489	86	1	40	pips_l400_r40_500-8000.hdf5	left	right
2813.6148	1	Stimulus/S  1	1	28136148	28136156	86	2	60	pips_l400_r40_500-8000.hdf5	left	right
2814.6601	1	Stimulus/S  1	1	28146601	28146609	86	3	70	pips_l400_r40_500-8000.hdf5	left	right
2815.7161	1	Stimulus/S  1	1	28157161	28157169	86	4	50	pips_l400_r40_500-8000.hdf5	left	right
2816.7615	1	Stimulus/S  1	1	28167615	28167623	86	5	30	pips_l400_r40_500-8000.hdf5	left	right
2817.8068	1	Stimulus/S  1	1	28178068	28178076	87	0	20	pips_l400_r40_500-8000.hdf5	left	right
2818.8735	1	Stimulus/S  1	1	28188735	28188743	87	1	40	pips_l400_r40_500-8000.hdf5	left	right
2819.9295	1	Stimulus/S  1	1	28199295	28199303	87	2	60	pips_l400_r40_500-8000.hdf5	left	right
2820.9748	1	Stimulus/S  1	1	28209748	28209756	87	3	70	pips_l400_r40_500-8000.hdf5	left	right
2822.0415	1	Stimulus/S  1	1	28220415	28220423	87	4	50	pips_l400_r40_500-8000.hdf5	left	right
2823.1082	1	Stimulus/S  1	1	28231082	28231090	87	5	30	pips_l400_r40_500-8000.hdf5	left	right
2824.1642	1	Stimulus/S  1	1	28241642	28241650	88	0	20	pips_l400_r40_500-8000.hdf5	left	right
2825.2309	1	Stimulus/S  1	1	28252309	28252317	88	1	40	pips_l400_r40_500-8000.hdf5	left	right
2826.2976	1	Stimulus/S  1	1	28262976	28262984	88	2	60	pips_l400_r40_500-8000.hdf5	left	right
2827.3429	1	Stimulus/S  1	1	28273429	28273437	88	3	70	pips_l400_r40_500-8000.hdf5	left	right
2828.4096	1	Stimulus/S  1	1	28284096	28284104	88	4	50	pips_l400_r40_500-8000.hdf5	left	right
2829.4656	1	Stimulus/S  1	1	28294656	28294664	88	5	30	pips_l400_r40_500-8000.hdf5	left	right
2830.5109	1	Stimulus/S  1	1	28305109	28305117	89	0	20	pips_l400_r40_500-8000.hdf5	left	right
2831.5776	1	Stimulus/S  1	1	28315776	28315784	89	1	40	pips_l400_r40_500-8000.hdf5	left	right
2832.6336	1	Stimulus/S  1	1	28326336	28326344	89	2	60	pips_l400_r40_500-8000.hdf5	left	right
2833.679	1	Stimulus/S  1	1	28336790	28336798	89	3	70	pips_l400_r40_500-8000.hdf5	left	right
2834.7456	1	Stimulus/S  1	1	28347456	28347464	89	4	50	pips_l400_r40_500-8000.hdf5	left	right
2835.791	1	Stimulus/S  1	1	28357910	28357918	89	5	30	pips_l400_r40_500-8000.hdf5	left	right
2836.847	1	Stimulus/S  1	1	28368470	28368478	90	0	20	pips_l400_r40_500-8000.hdf5	left	right
2837.8923	1	Stimulus/S  1	1	28378923	28378931	90	1	40	pips_l400_r40_500-8000.hdf5	left	right
2838.9483	1	Stimulus/S  1	1	28389483	28389491	90	2	60	pips_l400_r40_500-8000.hdf5	left	right
2839.9937	1	Stimulus/S  1	1	28399937	28399945	90	3	70	pips_l400_r40_500-8000.hdf5	left	right
2841.0497	1	Stimulus/S  1	1	28410497	28410505	90	4	50	pips_l400_r40_500-8000.hdf5	left	right
2842.1164	1	Stimulus/S  1	1	28421164	28421172	90	5	30	pips_l400_r40_500-8000.hdf5	left	right
2843.1617	1	Stimulus/S  1	1	28431617	28431625	91	0	20	pips_l400_r40_500-8000.hdf5	left	right
2844.2071	1	Stimulus/S  1	1	28442071	28442079	91	1	40	pips_l400_r40_500-8000.hdf5	left	right
2845.2631	1	Stimulus/S  1	1	28452631	28452639	91	2	60	pips_l400_r40_500-8000.hdf5	left	right
2846.3297	1	Stimulus/S  1	1	28463297	28463305	91	3	70	pips_l400_r40_500-8000.hdf5	left	right
2847.3964	1	Stimulus/S  1	1	28473964	28473972	91	4	50	pips_l400_r40_500-8000.hdf5	left	right
2848.4418	1	Stimulus/S  1	1	28484418	28484426	91	5	30	pips_l400_r40_500-8000.hdf5	left	right
2849.4978	1	Stimulus/S  1	1	28494978	28494986	92	0	20	pips_l400_r40_500-8000.hdf5	left	right
2850.5644	1	Stimulus/S  1	1	28505644	28505652	92	1	40	pips_l400_r40_500-8000.hdf5	left	right
2851.6098	1	Stimulus/S  1	1	28516098	28516106	92	2	60	pips_l400_r40_500-8000.hdf5	left	right
2852.6658	1	Stimulus/S  1	1	28526658	28526666	92	3	70	pips_l400_r40_500-8000.hdf5	left	right
2853.7325	1	Stimulus/S  1	1	28537325	28537333	92	4	50	pips_l400_r40_500-8000.hdf5	left	right
2854.7778	1	Stimulus/S  1	1	28547778	28547786	92	5	30	pips_l400_r40_500-8000.hdf5	left	right
2855.8445	1	Stimulus/S  1	1	28558445	28558453	93	0	20	pips_l400_r40_500-8000.hdf5	left	right
2856.9112	1	Stimulus/S  1	1	28569112	28569120	93	1	40	pips_l400_r40_500-8000.hdf5	left	right
2857.9672	1	Stimulus/S  1	1	28579672	28579680	93	2	60	pips_l400_r40_500-8000.hdf5	left	right
2859.0125	1	Stimulus/S  1	1	28590125	28590133	93	3	70	pips_l400_r40_500-8000.hdf5	left	right
2860.0792	1	Stimulus/S  1	1	28600792	28600800	93	4	50	pips_l400_r40_500-8000.hdf5	left	right
2861.1459	1	Stimulus/S  1	1	28611459	28611467	93	5	30	pips_l400_r40_500-8000.hdf5	left	right
2862.1912	1	Stimulus/S  1	1	28621912	28621920	94	0	20	pips_l400_r40_500-8000.hdf5	left	right
2863.2579	1	Stimulus/S  1	1	28632579	28632587	94	1	40	pips_l400_r40_500-8000.hdf5	left	right
2864.3246	1	Stimulus/S  1	1	28643246	28643254	94	2	60	pips_l400_r40_500-8000.hdf5	left	right
2865.3913	1	Stimulus/S  1	1	28653913	28653921	94	3	70	pips_l400_r40_500-8000.hdf5	left	right
2866.4579	1	Stimulus/S  1	1	28664579	28664587	94	4	50	pips_l400_r40_500-8000.hdf5	left	right
2867.5139	1	Stimulus/S  1	1	28675139	28675147	94	5	30	pips_l400_r40_500-8000.hdf5	left	right
2868.5593	1	Stimulus/S  1	1	28685593	28685601	95	0	20	pips_l400_r40_500-8000.hdf5	left	right
2869.626	1	Stimulus/S  1	1	28696260	28696268	95	1	40	pips_l400_r40_500-8000.hdf5	left	right
2870.6926	1	Stimulus/S  1	1	28706926	28706934	95	2	60	pips_l400_r40_500-8000.hdf5	left	right
2871.7486	1	Stimulus/S  1	1	28717486	28717494	95	3	70	pips_l400_r40_500-8000.hdf5	left	right
2872.794	1	Stimulus/S  1	1	28727940	28727948	95	4	50	pips_l400_r40_500-8000.hdf5	left	right
2873.8607	1	Stimulus/S  1	1	28738607	28738615	95	5	30	pips_l400_r40_500-8000.hdf5	left	right
2874.9273	1	Stimulus/S  1	1	28749273	28749281	96	0	20	pips_l400_r40_500-8000.hdf5	left	right
2875.9834	1	Stimulus/S  1	1	28759834	28759842	96	1	40	pips_l400_r40_500-8000.hdf5	left	right
2877.05	1	Stimulus/S  1	1	28770500	28770508	96	2	60	pips_l400_r40_500-8000.hdf5	left	right
2878.1167	1	Stimulus/S  1	1	28781167	28781175	96	3	70	pips_l400_r40_500-8000.hdf5	left	right
2879.1834	1	Stimulus/S  1	1	28791834	28791842	96	4	50	pips_l400_r40_500-8000.hdf5	left	right
2880.2287	1	Stimulus/S  1	1	28802287	28802295	96	5	30	pips_l400_r40_500-8000.hdf5	left	right
2881.2741	1	Stimulus/S  1	1	28812741	28812749	97	0	20	pips_l400_r40_500-8000.hdf5	left	right
2882.3301	1	Stimulus/S  1	1	28823301	28823309	97	1	40	pips_l400_r40_500-8000.hdf5	left	right
2883.3968	1	Stimulus/S  1	1	28833968	28833976	97	2	60	pips_l400_r40_500-8000.hdf5	left	right
2884.4421	1	Stimulus/S  1	1	28844421	28844429	97	3	70	pips_l400_r40_500-8000.hdf5	left	right
2885.4981	1	Stimulus/S  1	1	28854981	28854989	97	4	50	pips_l400_r40_500-8000.hdf5	left	right
2886.5648	1	Stimulus/S  1	1	28865648	28865656	97	5	30	pips_l400_r40_500-8000.hdf5	left	right
2887.6315	1	Stimulus/S  1	1	28876315	28876323	98	0	20	pips_l400_r40_500-8000.hdf5	left	right
2888.6768	1	Stimulus/S  1	1	28886768	28886776	98	1	40	pips_l400_r40_500-8000.hdf5	left	right
2889.7435	1	Stimulus/S  1	1	28897435	28897443	98	2	60	pips_l400_r40_500-8000.hdf5	left	right
2890.8102	1	Stimulus/S  1	1	28908102	28908110	98	3	70	pips_l400_r40_500-8000.hdf5	left	right
2891.8662	1	Stimulus/S  1	1	28918662	28918670	98	4	50	pips_l400_r40_500-8000.hdf5	left	right
2892.9115	1	Stimulus/S  1	1	28929115	28929123	98	5	30	pips_l400_r40_500-8000.hdf5	left	right
2893.9675	1	Stimulus/S  1	1	28939675	28939683	99	0	20	pips_l400_r40_500-8000.hdf5	left	right
2895.0129	1	Stimulus/S  1	1	28950129	28950137	99	1	40	pips_l400_r40_500-8000.hdf5	left	right
2896.0795	1	Stimulus/S  1	1	28960795	28960803	99	2	60	pips_l400_r40_500-8000.hdf5	left	right
2897.1462	1	Stimulus/S  1	1	28971462	28971470	99	3	70	pips_l400_r40_500-8000.hdf5	left	right
2898.1916	1	Stimulus/S  1	1	28981916	28981924	99	4	50	pips_l400_r40_500-8000.hdf5	left	right
2899.2476	1	Stimulus/S  1	1	28992476	28992484	99	5	30	pips_l400_r40_500-8000.hdf5	left	right
2900.3143	1	Stimulus/S  1	1	29003143	29003151	100	0	20	pips_l400_r40_500-8000.hdf5	left	right
2901.3596	1	Stimulus/S  1	1	29013596	29013604	100	1	40	pips_l400_r40_500-8000.hdf5	left	right
2902.4156	1	Stimulus/S  1	1	29024156	29024164	100	2	60	pips_l400_r40_500-8000.hdf5	left	right
2903.4609	1	Stimulus/S  1	1	29034609	29034617	100	3	70	pips_l400_r40_500-8000.hdf5	left	right
2904.517	1	Stimulus/S  1	1	29045170	29045178	100	4	50	pips_l400_r40_500-8000.hdf5	left	right
2905.5836	1	Stimulus/S  1	1	29055836	29055844	100	5	30	pips_l400_r40_500-8000.hdf5	left	right
2906.6503	1	Stimulus/S  1	1	29066503	29066511	101	0	20	pips_l400_r40_500-8000.hdf5	left	right
2907.6957	1	Stimulus/S  1	1	29076957	29076965	101	1	40	pips_l400_r40_500-8000.hdf5	left	right
2908.741	1	Stimulus/S  1	1	29087410	29087418	101	2	60	pips_l400_r40_500-8000.hdf5	left	right
2909.797	1	Stimulus/S  1	1	29097970	29097978	101	3	70	pips_l400_r40_500-8000.hdf5	left	right
2910.8424	1	Stimulus/S  1	1	29108424	29108432	101	4	50	pips_l400_r40_500-8000.hdf5	left	right
2911.909	1	Stimulus/S  1	1	29119090	29119098	101	5	30	pips_l400_r40_500-8000.hdf5	left	right
2912.9757	1	Stimulus/S  1	1	29129757	29129765	102	0	20	pips_l400_r40_500-8000.hdf5	left	right
2914.0317	1	Stimulus/S  1	1	29140317	29140325	102	1	40	pips_l400_r40_500-8000.hdf5	left	right
2915.0984	1	Stimulus/S  1	1	29150984	29150992	102	2	60	pips_l400_r40_500-8000.hdf5	left	right
2916.1651	1	Stimulus/S  1	1	29161651	29161659	102	3	70	pips_l400_r40_500-8000.hdf5	left	right
2917.2104	1	Stimulus/S  1	1	29172104	29172112	102	4	50	pips_l400_r40_500-8000.hdf5	left	right
2918.2664	1	Stimulus/S  1	1	29182664	29182672	102	5	30	pips_l400_r40_500-8000.hdf5	left	right
2919.3118	1	Stimulus/S  1	1	29193118	29193126	103	0	20	pips_l400_r40_500-8000.hdf5	left	right
2920.3678	1	Stimulus/S  1	1	29203678	29203686	103	1	40	pips_l400_r40_500-8000.hdf5	left	right
2921.4345	1	Stimulus/S  1	1	29214345	29214353	103	2	60	pips_l400_r40_500-8000.hdf5	left	right
2922.4798	1	Stimulus/S  1	1	29224798	29224806	103	3	70	pips_l400_r40_500-8000.hdf5	left	right
2923.5251	1	Stimulus/S  1	1	29235251	29235259	103	4	50	pips_l400_r40_500-8000.hdf5	left	right
2924.5918	1	Stimulus/S  1	1	29245918	29245926	103	5	30	pips_l400_r40_500-8000.hdf5	left	right
2925.6585	1	Stimulus/S  1	1	29256585	29256593	104	0	20	pips_l400_r40_500-8000.hdf5	left	right
2926.7145	1	Stimulus/S  1	1	29267145	29267153	104	1	40	pips_l400_r40_500-8000.hdf5	left	right
2927.7812	1	Stimulus/S  1	1	29277812	29277820	104	2	60	pips_l400_r40_500-8000.hdf5	left	right
2928.8265	1	Stimulus/S  1	1	29288265	29288273	104	3	70	pips_l400_r40_500-8000.hdf5	left	right
2929.8932	1	Stimulus/S  1	1	29298932	29298940	104	4	50	pips_l400_r40_500-8000.hdf5	left	right
2930.9599	1	Stimulus/S  1	1	29309599	29309607	104	5	30	pips_l400_r40_500-8000.hdf5	left	right
2932.0159	1	Stimulus/S  1	1	29320159	29320167	105	0	20	pips_l400_r40_500-8000.hdf5	left	right
2933.0612	1	Stimulus/S  1	1	29330612	29330620	105	1	40	pips_l400_r40_500-8000.hdf5	left	right
2934.1279	1	Stimulus/S  1	1	29341279	29341287	105	2	60	pips_l400_r40_500-8000.hdf5	left	right
2935.1839	1	Stimulus/S  1	1	29351839	29351847	105	3	70	pips_l400_r40_500-8000.hdf5	left	right
2936.2506	1	Stimulus/S  1	1	29362506	29362514	105	4	50	pips_l400_r40_500-8000.hdf5	left	right
2937.2959	1	Stimulus/S  1	1	29372959	29372967	105	5	30	pips_l400_r40_500-8000.hdf5	left	right
2938.3519	1	Stimulus/S  1	1	29383519	29383527	106	0	20	pips_l400_r40_500-8000.hdf5	left	right
2939.4186	1	Stimulus/S  1	1	29394186	29394194	106	1	40	pips_l400_r40_500-8000.hdf5	left	right
2940.464	1	Stimulus/S  1	1	29404640	29404648	106	2	60	pips_l400_r40_500-8000.hdf5	left	right
2941.5306	1	Stimulus/S  1	1	29415306	29415314	106	3	70	pips_l400_r40_500-8000.hdf5	left	right
2942.5973	1	Stimulus/S  1	1	29425973	29425981	106	4	50	pips_l400_r40_500-8000.hdf5	left	right
2943.6427	1	Stimulus/S  1	1	29436427	29436435	106	5	30	pips_l400_r40_500-8000.hdf5	left	right
2944.7093	1	Stimulus/S  1	1	29447093	29447101	107	0	20	pips_l400_r40_500-8000.hdf5	left	right
2945.7653	1	Stimulus/S  1	1	29457653	29457661	107	1	40	pips_l400_r40_500-8000.hdf5	left	right
2946.8107	1	Stimulus/S  1	1	29468107	29468115	107	2	60	pips_l400_r40_500-8000.hdf5	left	right
2947.8667	1	Stimulus/S  1	1	29478667	29478675	107	3	70	pips_l400_r40_500-8000.hdf5	left	right
2948.912	1	Stimulus/S  1	1	29489120	29489128	107	4	50	pips_l400_r40_500-8000.hdf5	left	right
2949.9787	1	Stimulus/S  1	1	29499787	29499795	107	5	30	pips_l400_r40_500-8000.hdf5	left	right
2951.0347	1	Stimulus/S  1	1	29510347	29510355	108	0	20	pips_l400_r40_500-8000.hdf5	left	right
2952.0801	1	Stimulus/S  1	1	29520801	29520809	108	1	40	pips_l400_r40_500-8000.hdf5	left	right
2953.1468	1	Stimulus/S  1	1	29531468	29531476	108	2	60	pips_l400_r40_500-8000.hdf5	left	right
2954.1921	1	Stimulus/S  1	1	29541921	29541929	108	3	70	pips_l400_r40_500-8000.hdf5	left	right
2955.2481	1	Stimulus/S  1	1	29552481	29552489	108	4	50	pips_l400_r40_500-8000.hdf5	left	right
2956.3148	1	Stimulus/S  1	1	29563148	29563156	108	5	30	pips_l400_r40_500-8000.hdf5	left	right
2957.3815	1	Stimulus/S  1	1	29573815	29573823	109	0	20	pips_l400_r40_500-8000.hdf5	left	right
2958.4481	1	Stimulus/S  1	1	29584481	29584489	109	1	40	pips_l400_r40_500-8000.hdf5	left	right
2959.4935	1	Stimulus/S  1	1	29594935	29594943	109	2	60	pips_l400_r40_500-8000.hdf5	left	right
2960.5495	1	Stimulus/S  1	1	29605495	29605503	109	3	70	pips_l400_r40_500-8000.hdf5	left	right
2961.6162	1	Stimulus/S  1	1	29616162	29616170	109	4	50	pips_l400_r40_500-8000.hdf5	left	right
2962.6615	1	Stimulus/S  1	1	29626615	29626623	109	5	30	pips_l400_r40_500-8000.hdf5	left	right
2963.7175	1	Stimulus/S  1	1	29637175	29637183	110	0	20	pips_l400_r40_500-8000.hdf5	left	right
2964.7842	1	Stimulus/S  1	1	29647842	29647850	110	1	40	pips_l400_r40_500-8000.hdf5	left	right
2965.8509	1	Stimulus/S  1	1	29658509	29658517	110	2	60	pips_l400_r40_500-8000.hdf5	left	right
2966.8962	1	Stimulus/S  1	1	29668962	29668970	110	3	70	pips_l400_r40_500-8000.hdf5	left	right
2967.9522	1	Stimulus/S  1	1	29679522	29679530	110	4	50	pips_l400_r40_500-8000.hdf5	left	right
2969.0189	1	Stimulus/S  1	1	29690189	29690197	110	5	30	pips_l400_r40_500-8000.hdf5	left	right
2970.0642	1	Stimulus/S  1	1	29700642	29700650	111	0	20	pips_l400_r40_500-8000.hdf5	left	right
2971.1096	1	Stimulus/S  1	1	29711096	29711104	111	1	40	pips_l400_r40_500-8000.hdf5	left	right
2972.1656	1	Stimulus/S  1	1	29721656	29721664	111	2	60	pips_l400_r40_500-8000.hdf5	left	right
2973.2109	1	Stimulus/S  1	1	29732109	29732117	111	3	70	pips_l400_r40_500-8000.hdf5	left	right
2974.267	1	Stimulus/S  1	1	29742670	29742678	111	4	50	pips_l400_r40_500-8000.hdf5	left	right
2975.3123	1	Stimulus/S  1	1	29753123	29753131	111	5	30	pips_l400_r40_500-8000.hdf5	left	right
2976.379	1	Stimulus/S  1	1	29763790	29763798	112	0	20	pips_l400_r40_500-8000.hdf5	left	right
2977.4456	1	Stimulus/S  1	1	29774456	29774464	112	1	40	pips_l400_r40_500-8000.hdf5	left	right
2978.5017	1	Stimulus/S  1	1	29785017	29785025	112	2	60	pips_l400_r40_500-8000.hdf5	left	right
2979.547	1	Stimulus/S  1	1	29795470	29795478	112	3	70	pips_l400_r40_500-8000.hdf5	left	right
2980.6137	1	Stimulus/S  1	1	29806137	29806145	112	4	50	pips_l400_r40_500-8000.hdf5	left	right
2981.6804	1	Stimulus/S  1	1	29816804	29816812	112	5	30	pips_l400_r40_500-8000.hdf5	left	right
2982.7257	1	Stimulus/S  1	1	29827257	29827265	113	0	20	pips_l400_r40_500-8000.hdf5	left	right
2983.7924	1	Stimulus/S  1	1	29837924	29837932	113	1	40	pips_l400_r40_500-8000.hdf5	left	right
2984.8484	1	Stimulus/S  1	1	29848484	29848492	113	2	60	pips_l400_r40_500-8000.hdf5	left	right
2985.8937	1	Stimulus/S  1	1	29858937	29858945	113	3	70	pips_l400_r40_500-8000.hdf5	left	right
2986.9497	1	Stimulus/S  1	1	29869497	29869505	113	4	50	pips_l400_r40_500-8000.hdf5	left	right
2987.9951	1	Stimulus/S  1	1	29879951	29879959	113	5	30	pips_l400_r40_500-8000.hdf5	left	right
2989.0618	1	Stimulus/S  1	1	29890618	29890626	114	0	20	pips_l400_r40_500-8000.hdf5	left	right
2990.1178	1	Stimulus/S  1	1	29901178	29901186	114	1	40	pips_l400_r40_500-8000.hdf5	left	right
2991.1631	1	Stimulus/S  1	1	29911631	29911639	114	2	60	pips_l400_r40_500-8000.hdf5	left	right
2992.2298	1	Stimulus/S  1	1	29922298	29922306	114	3	70	pips_l400_r40_500-8000.hdf5	left	right
2993.2858	1	Stimulus/S  1	1	29932858	29932866	114	4	50	pips_l400_r40_500-8000.hdf5	left	right
2994.3525	1	Stimulus/S  1	1	29943525	29943533	114	5	30	pips_l400_r40_500-8000.hdf5	left	right
2995.3978	1	Stimulus/S  1	1	29953978	29953986	115	0	20	pips_l400_r40_500-8000.hdf5	left	right
2996.4432	1	Stimulus/S  1	1	29964432	29964440	115	1	40	pips_l400_r40_500-8000.hdf5	left	right
2997.5098	1	Stimulus/S  1	1	29975098	29975106	115	2	60	pips_l400_r40_500-8000.hdf5	left	right
2998.5658	1	Stimulus/S  1	1	29985658	29985666	115	3	70	pips_l400_r40_500-8000.hdf5	left	right
2999.6112	1	Stimulus/S  1	1	29996112	29996120	115	4	50	pips_l400_r40_500-8000.hdf5	left	right
3000.6779	1	Stimulus/S  1	1	30006779	30006787	115	5	30	pips_l400_r40_500-8000.hdf5	left	right
3001.7339	1	Stimulus/S  1	1	30017339	30017347	116	0	20	pips_l400_r40_500-8000.hdf5	left	right
3002.7792	1	Stimulus/S  1	1	30027792	30027800	116	1	40	pips_l400_r40_500-8000.hdf5	left	right
3003.8459	1	Stimulus/S  1	1	30038459	30038467	116	2	60	pips_l400_r40_500-8000.hdf5	left	right
3004.9019	1	Stimulus/S  1	1	30049019	30049027	116	3	70	pips_l400_r40_500-8000.hdf5	left	right
3005.9686	1	Stimulus/S  1	1	30059686	30059694	116	4	50	pips_l400_r40_500-8000.hdf5	left	right
3007.0139	1	Stimulus/S  1	1	30070139	30070147	116	5	30	pips_l400_r40_500-8000.hdf5	left	right
3008.0806	1	Stimulus/S  1	1	30080806	30080814	117	0	20	pips_l400_r40_500-8000.hdf5	left	right
3009.1366	1	Stimulus/S  1	1	30091366	30091374	117	1	40	pips_l400_r40_500-8000.hdf5	left	right
3010.2033	1	Stimulus/S  1	1	30102033	30102041	117	2	60	pips_l400_r40_500-8000.hdf5	left	right
3011.2486	1	Stimulus/S  1	1	30112486	30112494	117	3	70	pips_l400_r40_500-8000.hdf5	left	right
3012.294	1	Stimulus/S  1	1	30122940	30122948	117	4	50	pips_l400_r40_500-8000.hdf5	left	right
3013.3607	1	Stimulus/S  1	1	30133607	30133615	117	5	30	pips_l400_r40_500-8000.hdf5	left	right
3014.4273	1	Stimulus/S  1	1	30144273	30144281	118	0	20	pips_l400_r40_500-8000.hdf5	left	right
3015.4833	1	Stimulus/S  1	1	30154833	30154841	118	1	40	pips_l400_r40_500-8000.hdf5	left	right
3016.55	1	Stimulus/S  1	1	30165500	30165508	118	2	60	pips_l400_r40_500-8000.hdf5	left	right
3017.6167	1	Stimulus/S  1	1	30176167	30176175	118	3	70	pips_l400_r40_500-8000.hdf5	left	right
3018.662	1	Stimulus/S  1	1	30186620	30186628	118	4	50	pips_l400_r40_500-8000.hdf5	left	right
3019.7287	1	Stimulus/S  1	1	30197287	30197295	118	5	30	pips_l400_r40_500-8000.hdf5	left	right
3020.7954	1	Stimulus/S  1	1	30207954	30207962	119	0	20	pips_l400_r40_500-8000.hdf5	left	right
3022.9181	1	Stimulus/S  1	1	30229181	30229189	119	1	40	pips_l400_r40_500-8000.hdf5	left	right
3023.9634	1	Stimulus/S  1	1	30239634	30239642	119	2	60	pips_l400_r40_500-8000.hdf5	left	right
3025.0301	1	Stimulus/S  1	1	30250301	30250309	119	3	70	pips_l400_r40_500-8000.hdf5	left	right
3026.0861	1	Stimulus/S  1	1	30260861	30260869	119	4	50	pips_l400_r40_500-8000.hdf5	left	right
3027.1315	1	Stimulus/S  1	1	30271315	30271323	119	5	30	pips_l400_r40_500-8000.hdf5	left	right
3028.1981	1	Stimulus/S  1	1	30281981	30281989	0	0	20	pips_l400_r40_500-8000.hdf5	left	right
3029.2435	1	Stimulus/S  1	1	30292435	30292443	0	1	40	pips_l400_r40_500-8000.hdf5	left	right
3030.2995	1	Stimulus/S  1	1	30302995	30303003	0	2	60	pips_l400_r40_500-8000.hdf5	left	right
3031.3662	1	Stimulus/S  1	1	30313662	30313670	0	3	70	pips_l400_r40_500-8000.hdf5	left	right
3032.4115	1	Stimulus/S  1	1	30324115	30324123	0	4	50	pips_l400_r40_500-8000.hdf5	left	right
3033.4782	1	Stimulus/S  1	1	30334782	30334790	0	5	30	pips_l400_r40_500-8000.hdf5	left	right
3034.5449	1	Stimulus/S  1	1	30345449	30345457	1	0	20	pips_l400_r40_500-8000.hdf5	left	right
3035.6009	1	Stimulus/S  1	1	30356009	30356017	1	1	40	pips_l400_r40_500-8000.hdf5	left	right
3036.6675	1	Stimulus/S  1	1	30366675	30366683	1	2	60	pips_l400_r40_500-8000.hdf5	left	right
3037.7342	1	Stimulus/S  1	1	30377342	30377350	1	3	70	pips_l400_r40_500-8000.hdf5	left	right
3038.8009	1	Stimulus/S  1	1	30388009	30388017	1	4	50	pips_l400_r40_500-8000.hdf5	left	right
3039.8462	1	Stimulus/S  1	1	30398462	30398470	1	5	30	pips_l400_r40_500-8000.hdf5	left	right
3040.9022	1	Stimulus/S  1	1	30409022	30409030	2	0	20	pips_l400_r40_500-8000.hdf5	left	right
3041.9476	1	Stimulus/S  1	1	30419476	30419484	2	1	40	pips_l400_r40_500-8000.hdf5	left	right
3042.9929	1	Stimulus/S  1	1	30429929	30429937	2	2	60	pips_l400_r40_500-8000.hdf5	left	right
3044.0489	1	Stimulus/S  1	1	30440489	30440497	2	3	70	pips_l400_r40_500-8000.hdf5	left	right
3045.0943	1	Stimulus/S  1	1	30450943	30450951	2	4	50	pips_l400_r40_500-8000.hdf5	left	right
3046.161	1	Stimulus/S  1	1	30461610	30461618	2	5	30	pips_l400_r40_500-8000.hdf5	left	right
3047.2276	1	Stimulus/S  1	1	30472276	30472284	3	0	20	pips_l400_r40_500-8000.hdf5	left	right
3048.2837	1	Stimulus/S  1	1	30482837	30482845	3	1	40	pips_l400_r40_500-8000.hdf5	left	right
3049.329	1	Stimulus/S  1	1	30493290	30493298	3	2	60	pips_l400_r40_500-8000.hdf5	left	right
3050.385	1	Stimulus/S  1	1	30503850	30503858	3	3	70	pips_l400_r40_500-8000.hdf5	left	right
3051.4303	1	Stimulus/S  1	1	30514303	30514311	3	4	50	pips_l400_r40_500-8000.hdf5	left	right
3052.4864	1	Stimulus/S  1	1	30524864	30524872	3	5	30	pips_l400_r40_500-8000.hdf5	left	right
3053.553	1	Stimulus/S  1	1	30535530	30535538	4	0	20	pips_l400_r40_500-8000.hdf5	left	right
3054.6197	1	Stimulus/S  1	1	30546197	30546205	4	1	40	pips_l400_r40_500-8000.hdf5	left	right
3055.6651	1	Stimulus/S  1	1	30556651	30556659	4	2	60	pips_l400_r40_500-8000.hdf5	left	right
3056.7317	1	Stimulus/S  1	1	30567317	30567325	4	3	70	pips_l400_r40_500-8000.hdf5	left	right
3057.7771	1	Stimulus/S  1	1	30577771	30577779	4	4	50	pips_l400_r40_500-8000.hdf5	left	right
3058.8438	1	Stimulus/S  1	1	30588438	30588446	4	5	30	pips_l400_r40_500-8000.hdf5	left	right
3059.9104	1	Stimulus/S  1	1	30599104	30599112	5	0	20	pips_l400_r40_500-8000.hdf5	left	right
3060.9771	1	Stimulus/S  1	1	30609771	30609779	5	1	40	pips_l400_r40_500-8000.hdf5	left	right
3062.0438	1	Stimulus/S  1	1	30620438	30620446	5	2	60	pips_l400_r40_500-8000.hdf5	left	right
3063.0998	1	Stimulus/S  1	1	30630998	30631006	5	3	70	pips_l400_r40_500-8000.hdf5	left	right
3064.1451	1	Stimulus/S  1	1	30641451	30641459	5	4	50	pips_l400_r40_500-8000.hdf5	left	right
3065.2118	1	Stimulus/S  1	1	30652118	30652126	5	5	30	pips_l400_r40_500-8000.hdf5	left	right
3066.2785	1	Stimulus/S  1	1	30662785	30662793	6	0	20	pips_l400_r40_500-8000.hdf5	left	right
3067.3345	1	Stimulus/S  1	1	30673345	30673353	6	1	40	pips_l400_r40_500-8000.hdf5	left	right
3068.3798	1	Stimulus/S  1	1	30683798	30683806	6	2	60	pips_l400_r40_500-8000.hdf5	left	right
3069.4359	1	Stimulus/S  1	1	30694359	30694367	6	3	70	pips_l400_r40_500-8000.hdf5	left	right
3070.4812	1	Stimulus/S  1	1	30704812	30704820	6	4	50	pips_l400_r40_500-8000.hdf5	left	right
3071.5372	1	Stimulus/S  1	1	30715372	30715380	6	5	30	pips_l400_r40_500-8000.hdf5	left	right
3072.5825	1	Stimulus/S  1	1	30725825	30725833	7	0	20	pips_l400_r40_500-8000.hdf5	left	right
3073.6279	1	Stimulus/S  1	1	30736279	30736287	7	1	40	pips_l400_r40_500-8000.hdf5	left	right
3074.6946	1	Stimulus/S  1	1	30746946	30746954	7	2	60	pips_l400_r40_500-8000.hdf5	left	right
3075.7612	1	Stimulus/S  1	1	30757612	30757620	7	3	70	pips_l400_r40_500-8000.hdf5	left	right
3076.8279	1	Stimulus/S  1	1	30768279	30768287	7	4	50	pips_l400_r40_500-8000.hdf5	left	right
3077.8839	1	Stimulus/S  1	1	30778839	30778847	7	5	30	pips_l400_r40_500-8000.hdf5	left	right
3078.9293	1	Stimulus/S  1	1	30789293	30789301	8	0	20	pips_l400_r40_500-8000.hdf5	left	right
3079.996	1	Stimulus/S  1	1	30799960	30799968	8	1	40	pips_l400_r40_500-8000.hdf5	left	right
3081.052	1	Stimulus/S  1	1	30810520	30810528	8	2	60	pips_l400_r40_500-8000.hdf5	left	right
3082.0973	1	Stimulus/S  1	1	30820973	30820981	8	3	70	pips_l400_r40_500-8000.hdf5	left	right
3083.164	1	Stimulus/S  1	1	30831640	30831648	8	4	50	pips_l400_r40_500-8000.hdf5	left	right
3084.22	1	Stimulus/S  1	1	30842200	30842208	8	5	30	pips_l400_r40_500-8000.hdf5	left	right
3085.2653	1	Stimulus/S  1	1	30852653	30852661	9	0	20	pips_l400_r40_500-8000.hdf5	left	right
3086.3213	1	Stimulus/S  1	1	30863213	30863221	9	1	40	pips_l400_r40_500-8000.hdf5	left	right
3087.3667	1	Stimulus/S  1	1	30873667	30873675	9	2	60	pips_l400_r40_500-8000.hdf5	left	right
3088.4334	1	Stimulus/S  1	1	30884334	30884342	9	3	70	pips_l400_r40_500-8000.hdf5	left	right
3089.4787	1	Stimulus/S  1	1	30894787	30894795	9	4	50	pips_l400_r40_500-8000.hdf5	left	right
3090.5347	1	Stimulus/S  1	1	30905347	30905355	9	5	30	pips_l400_r40_500-8000.hdf5	left	right
3091.5801	1	Stimulus/S  1	1	30915801	30915809	10	0	20	pips_l400_r40_500-8000.hdf5	left	right
3092.6361	1	Stimulus/S  1	1	30926361	30926369	10	1	40	pips_l400_r40_500-8000.hdf5	left	right
3093.7027	1	Stimulus/S  1	1	30937027	30937035	10	2	60	pips_l400_r40_500-8000.hdf5	left	right
3094.7694	1	Stimulus/S  1	1	30947694	30947702	10	3	70	pips_l400_r40_500-8000.hdf5	left	right
3095.8148	1	Stimulus/S  1	1	30958148	30958156	10	4	50	pips_l400_r40_500-8000.hdf5	left	right
3096.8814	1	Stimulus/S  1	1	30968814	30968822	10	5	30	pips_l400_r40_500-8000.hdf5	left	right
3097.9375	1	Stimulus/S  1	1	30979375	30979383	11	0	20	pips_l400_r40_500-8000.hdf5	left	right
3098.9828	1	Stimulus/S  1	1	30989828	30989836	11	1	40	pips_l400_r40_500-8000.hdf5	left	right
3100.0281	1	Stimulus/S  1	1	31000281	31000289	11	2	60	pips_l400_r40_500-8000.hdf5	left	right
3101.0842	1	Stimulus/S  1	1	31010842	31010850	11	3	70	pips_l400_r40_500-8000.hdf5	left	right
3102.1508	1	Stimulus/S  1	1	31021508	31021516	11	4	50	pips_l400_r40_500-8000.hdf5	left	right
3103.2175	1	Stimulus/S  1	1	31032175	31032183	11	5	30	pips_l400_r40_500-8000.hdf5	left	right
3104.2628	1	Stimulus/S  1	1	31042628	31042636	12	0	20	pips_l400_r40_500-8000.hdf5	left	right
3105.3189	1	Stimulus/S  1	1	31053189	31053197	12	1	40	pips_l400_r40_500-8000.hdf5	left	right
3106.3855	1	Stimulus/S  1	1	31063855	31063863	12	2	60	pips_l400_r40_500-8000.hdf5	left	right
3107.4309	1	Stimulus/S  1	1	31074309	31074317	12	3	70	pips_l400_r40_500-8000.hdf5	left	right
3108.4976	1	Stimulus/S  1	1	31084976	31084984	12	4	50	pips_l400_r40_500-8000.hdf5	left	right
3109.5536	1	Stimulus/S  1	1	31095536	31095544	12	5	30	pips_l400_r40_500-8000.hdf5	left	right
3110.5989	1	Stimulus/S  1	1	31105989	31105997	13	0	20	pips_l400_r40_500-8000.hdf5	left	right
3111.6549	1	Stimulus/S  1	1	31116549	31116557	13	1	40	pips_l400_r40_500-8000.hdf5	left	right
3112.7003	1	Stimulus/S  1	1	31127003	31127011	13	2	60	pips_l400_r40_500-8000.hdf5	left	right
3113.7456	1	Stimulus/S  1	1	31137456	31137464	13	3	70	pips_l400_r40_500-8000.hdf5	left	right
3114.8016	1	Stimulus/S  1	1	31148016	31148024	13	4	50	pips_l400_r40_500-8000.hdf5	left	right
3115.8683	1	Stimulus/S  1	1	31158683	31158691	13	5	30	pips_l400_r40_500-8000.hdf5	left	right
3116.9136	1	Stimulus/S  1	1	31169136	31169144	14	0	20	pips_l400_r40_500-8000.hdf5	left	right
3117.9696	1	Stimulus/S  1	1	31179696	31179704	14	1	40	pips_l400_r40_500-8000.hdf5	left	right
3119.0363	1	Stimulus/S  1	1	31190363	31190371	14	2	60	pips_l400_r40_500-8000.hdf5	left	right
3120.0817	1	Stimulus/S  1	1	31200817	31200825	14	3	70	pips_l400_r40_500-8000.hdf5	left	right
3121.1377	1	Stimulus/S  1	1	31211377	31211385	14	4	50	pips_l400_r40_500-8000.hdf5	left	right
3122.2044	1	Stimulus/S  1	1	31222044	31222052	14	5	30	pips_l400_r40_500-8000.hdf5	left	right
3123.2497	1	Stimulus/S  1	1	31232497	31232505	15	0	20	pips_l400_r40_500-8000.hdf5	left	right
3124.3164	1	Stimulus/S  1	1	31243164	31243172	15	1	40	pips_l400_r40_500-8000.hdf5	left	right
3125.3617	1	Stimulus/S  1	1	31253617	31253625	15	2	60	pips_l400_r40_500-8000.hdf5	left	right
3126.4284	1	Stimulus/S  1	1	31264284	31264292	15	3	70	pips_l400_r40_500-8000.hdf5	left	right
3127.4844	1	Stimulus/S  1	1	31274844	31274852	15	4	50	pips_l400_r40_500-8000.hdf5	left	right
3128.5297	1	Stimulus/S  1	1	31285297	31285305	15	5	30	pips_l400_r40_500-8000.hdf5	left	right
3129.5964	1	Stimulus/S  1	1	31295964	31295972	16	0	20	pips_l400_r40_500-8000.hdf5	left	right
3130.6631	1	Stimulus/S  1	1	31306631	31306639	16	1	40	pips_l400_r40_500-8000.hdf5	left	right
3131.7191	1	Stimulus/S  1	1	31317191	31317199	16	2	60	pips_l400_r40_500-8000.hdf5	left	right
3132.7645	1	Stimulus/S  1	1	31327645	31327653	16	3	70	pips_l400_r40_500-8000.hdf5	left	right
3133.8205	1	Stimulus/S  1	1	31338205	31338213	16	4	50	pips_l400_r40_500-8000.hdf5	left	right
3134.8658	1	Stimulus/S  1	1	31348658	31348666	16	5	30	pips_l400_r40_500-8000.hdf5	left	right
3135.9325	1	Stimulus/S  1	1	31359325	31359333	17	0	20	pips_l400_r40_500-8000.hdf5	left	right
3136.9885	1	Stimulus/S  1	1	31369885	31369893	17	1	40	pips_l400_r40_500-8000.hdf5	left	right
3138.0552	1	Stimulus/S  1	1	31380552	31380560	17	2	60	pips_l400_r40_500-8000.hdf5	left	right
3139.1218	1	Stimulus/S  1	1	31391218	31391226	17	3	70	pips_l400_r40_500-8000.hdf5	left	right
3140.1672	1	Stimulus/S  1	1	31401672	31401680	17	4	50	pips_l400_r40_500-8000.hdf5	left	right
3141.2339	1	Stimulus/S  1	1	31412339	31412347	17	5	30	pips_l400_r40_500-8000.hdf5	left	right
3142.3005	1	Stimulus/S  1	1	31423005	31423013	18	0	20	pips_l400_r40_500-8000.hdf5	left	right
3143.3459	1	Stimulus/S  1	1	31433459	31433467	18	1	40	pips_l400_r40_500-8000.hdf5	left	right
3144.4019	1	Stimulus/S  1	1	31444019	31444027	18	2	60	pips_l400_r40_500-8000.hdf5	left	right
3145.4472	1	Stimulus/S  1	1	31454472	31454480	18	3	70	pips_l400_r40_500-8000.hdf5	left	right
3146.5032	1	Stimulus/S  1	1	31465032	31465040	18	4	50	pips_l400_r40_500-8000.hdf5	left	right
3147.5486	1	Stimulus/S  1	1	31475486	31475494	18	5	30	pips_l400_r40_500-8000.hdf5	left	right
3148.6046	1	Stimulus/S  1	1	31486046	31486054	19	0	20	pips_l400_r40_500-8000.hdf5	left	right
3149.6713	1	Stimulus/S  1	1	31496713	31496721	19	1	40	pips_l400_r40_500-8000.hdf5	left	right
3150.7166	1	Stimulus/S  1	1	31507166	31507174	19	2	60	pips_l400_r40_500-8000.hdf5	left	right
3151.7726	1	Stimulus/S  1	1	31517726	31517734	19	3	70	pips_l400_r40_500-8000.hdf5	left	right
3152.818	1	Stimulus/S  1	1	31528180	31528188	19	4	50	pips_l400_r40_500-8000.hdf5	left	right
3153.8846	1	Stimulus/S  1	1	31538846	31538854	19	5	30	pips_l400_r40_500-8000.hdf5	left	right
3154.93	1	Stimulus/S  1	1	31549300	31549308	20	0	20	pips_l400_r40_500-8000.hdf5	left	right
3155.986	1	Stimulus/S  1	1	31559860	31559868	20	1	40	pips_l400_r40_500-8000.hdf5	left	right
3157.0527	1	Stimulus/S  1	1	31570527	31570535	20	2	60	pips_l400_r40_500-8000.hdf5	left	right
3158.098	1	Stimulus/S  1	1	31580980	31580988	20	3	70	pips_l400_r40_500-8000.hdf5	left	right
3159.154	1	Stimulus/S  1	1	31591540	31591548	20	4	50	pips_l400_r40_500-8000.hdf5	left	right
3160.1994	1	Stimulus/S  1	1	31601994	31602002	20	5	30	pips_l400_r40_500-8000.hdf5	left	right
3161.2554	1	Stimulus/S  1	1	31612554	31612562	21	0	20	pips_l400_r40_500-8000.hdf5	left	right
3162.3007	1	Stimulus/S  1	1	31623007	31623015	21	1	40	pips_l400_r40_500-8000.hdf5	left	right
3163.3461	1	Stimulus/S  1	1	31633461	31633469	21	2	60	pips_l400_r40_500-8000.hdf5	left	right
3164.4021	1	Stimulus/S  1	1	31644021	31644029	21	3	70	pips_l400_r40_500-8000.hdf5	left	right
3165.4688	1	Stimulus/S  1	1	31654688	31654696	21	4	50	pips_l400_r40_500-8000.hdf5	left	right
3166.5354	1	Stimulus/S  1	1	31665354	31665362	21	5	30	pips_l400_r40_500-8000.hdf5	left	right
3167.5808	1	Stimulus/S  1	1	31675808	31675816	22	0	20	pips_l400_r40_500-8000.hdf5	left	right
3168.6368	1	Stimulus/S  1	1	31686368	31686376	22	1	40	pips_l400_r40_500-8000.hdf5	left	right
3169.6821	1	Stimulus/S  1	1	31696821	31696829	22	2	60	pips_l400_r40_500-8000.hdf5	left	right
3170.7381	1	Stimulus/S  1	1	31707381	31707389	22	3	70	pips_l400_r40_500-8000.hdf5	left	right
3171.7835	1	Stimulus/S  1	1	31717835	31717843	22	4	50	pips_l400_r40_500-8000.hdf5	left	right
3172.8502	1	Stimulus/S  1	1	31728502	31728510	22	5	30	pips_l400_r40_500-8000.hdf5	left	right
3173.9062	1	Stimulus/S  1	1	31739062	31739070	23	0	20	pips_l400_r40_500-8000.hdf5	left	right
3174.9728	1	Stimulus/S  1	1	31749728	31749736	23	1	40	pips_l400_r40_500-8000.hdf5	left	right
3176.0182	1	Stimulus/S  1	1	31760182	31760190	23	2	60	pips_l400_r40_500-8000.hdf5	left	right
3177.0635	1	Stimulus/S  1	1	31770635	31770643	23	3	70	pips_l400_r40_500-8000.hdf5	left	right
3178.1195	1	Stimulus/S  1	1	31781195	31781203	23	4	50	pips_l400_r40_500-8000.hdf5	left	right
3179.1862	1	Stimulus/S  1	1	31791862	31791870	23	5	30	pips_l400_r40_500-8000.hdf5	left	right
3180.2316	1	Stimulus/S  1	1	31802316	31802324	24	0	20	pips_l400_r40_500-8000.hdf5	left	right
3181.2982	1	Stimulus/S  1	1	31812982	31812990	24	1	40	pips_l400_r40_500-8000.hdf5	left	right
3182.3649	1	Stimulus/S  1	1	31823649	31823657	24	2	60	pips_l400_r40_500-8000.hdf5	left	right
3183.4209	1	Stimulus/S  1	1	31834209	31834217	24	3	70	pips_l400_r40_500-8000.hdf5	left	right
3184.4876	1	Stimulus/S  1	1	31844876	31844884	24	4	50	pips_l400_r40_500-8000.hdf5	left	right
3185.5543	1	Stimulus/S  1	1	31855543	31855551	24	5	30	pips_l400_r40_500-8000.hdf5	left	right
3186.5996	1	Stimulus/S  1	1	31865996	31866004	25	0	20	pips_l400_r40_500-8000.hdf5	left	right
3187.6663	1	Stimulus/S  1	1	31876663	31876671	25	1	40	pips_l400_r40_500-8000.hdf5	left	right
3188.733	1	Stimulus/S  1	1	31887330	31887338	25	2	60	pips_l400_r40_500-8000.hdf5	left	right
3189.789	1	Stimulus/S  1	1	31897890	31897898	25	3	70	pips_l400_r40_500-8000.hdf5	left	right
3190.8343	1	Stimulus/S  1	1	31908343	31908351	25	4	50	pips_l400_r40_500-8000.hdf5	left	right
3191.901	1	Stimulus/S  1	1	31919010	31919018	25	5	30	pips_l400_r40_500-8000.hdf5	left	right
3192.9464	1	Stimulus/S  1	1	31929464	31929472	26	0	20	pips_l400_r40_500-8000.hdf5	left	right
3194.013	1	Stimulus/S  1	1	31940130	31940138	26	1	40	pips_l400_r40_500-8000.hdf5	left	right
3195.069	1	Stimulus/S  1	1	31950690	31950698	26	2	60	pips_l400_r40_500-8000.hdf5	left	right
3196.1144	1	Stimulus/S  1	1	31961144	31961152	26	3	70	pips_l400_r40_500-8000.hdf5	left	right
3197.1811	1	Stimulus/S  1	1	31971811	31971819	26	4	50	pips_l400_r40_500-8000.hdf5	left	right
3198.2371	1	Stimulus/S  1	1	31982371	31982379	26	5	30	pips_l400_r40_500-8000.hdf5	left	right
3199.2824	1	Stimulus/S  1	1	31992824	31992832	27	0	20	pips_l400_r40_500-8000.hdf5	left	right
3200.3384	1	Stimulus/S  1	1	32003384	32003392	27	1	40	pips_l400_r40_500-8000.hdf5	left	right
3201.3838	1	Stimulus/S  1	1	32013838	32013846	27	2	60	pips_l400_r40_500-8000.hdf5	left	right
3202.4398	1	Stimulus/S  1	1	32024398	32024406	27	3	70	pips_l400_r40_500-8000.hdf5	left	right
3203.5065	1	Stimulus/S  1	1	32035065	32035073	27	4	50	pips_l400_r40_500-8000.hdf5	left	right
3204.5518	1	Stimulus/S  1	1	32045518	32045526	27	5	30	pips_l400_r40_500-8000.hdf5	left	right
3205.5971	1	Stimulus/S  1	1	32055971	32055979	28	0	20	pips_l400_r40_500-8000.hdf5	left	right
3206.6638	1	Stimulus/S  1	1	32066638	32066646	28	1	40	pips_l400_r40_500-8000.hdf5	left	right
3207.7198	1	Stimulus/S  1	1	32077198	32077206	28	2	60	pips_l400_r40_500-8000.hdf5	left	right
3208.7652	1	Stimulus/S  1	1	32087652	32087660	28	3	70	pips_l400_r40_500-8000.hdf5	left	right
3209.8318	1	Stimulus/S  1	1	32098318	32098326	28	4	50	pips_l400_r40_500-8000.hdf5	left	right
3210.8985	1	Stimulus/S  1	1	32108985	32108993	28	5	30	pips_l400_r40_500-8000.hdf5	left	right
3211.9545	1	Stimulus/S  1	1	32119545	32119553	29	0	20	pips_l400_r40_500-8000.hdf5	left	right
3213.0212	1	Stimulus/S  1	1	32130212	32130220	29	1	40	pips_l400_r40_500-8000.hdf5	left	right
3214.0879	1	Stimulus/S  1	1	32140879	32140887	29	2	60	pips_l400_r40_500-8000.hdf5	left	right
3215.1332	1	Stimulus/S  1	1	32151332	32151340	29	3	70	pips_l400_r40_500-8000.hdf5	left	right
3216.1999	1	Stimulus/S  1	1	32161999	32162007	29	4	50	pips_l400_r40_500-8000.hdf5	left	right
3217.2666	1	Stimulus/S  1	1	32172666	32172674	29	5	30	pips_l400_r40_500-8000.hdf5	left	right
3218.3226	1	Stimulus/S  1	1	32183226	32183234	30	0	20	pips_l400_r40_500-8000.hdf5	left	right
3219.3679	1	Stimulus/S  1	1	32193679	32193687	30	1	40	pips_l400_r40_500-8000.hdf5	left	right
3220.4346	1	Stimulus/S  1	1	32204346	32204354	30	2	60	pips_l400_r40_500-8000.hdf5	left	right
3221.4906	1	Stimulus/S  1	1	32214906	32214914	30	3	70	pips_l400_r40_500-8000.hdf5	left	right
3222.536	1	Stimulus/S  1	1	32225360	32225368	30	4	50	pips_l400_r40_500-8000.hdf5	left	right
3223.6026	1	Stimulus/S  1	1	32236026	32236034	30	5	30	pips_l400_r40_500-8000.hdf5	left	right
3224.648	1	Stimulus/S  1	1	32246480	32246488	31	0	20	pips_l400_r40_500-8000.hdf5	left	right
3225.704	1	Stimulus/S  1	1	32257040	32257048	31	1	40	pips_l400_r40_500-8000.hdf5	left	right
3226.7707	1	Stimulus/S  1	1	32267707	32267715	31	2	60	pips_l400_r40_500-8000.hdf5	left	right
3227.816	1	Stimulus/S  1	1	32278160	32278168	31	3	70	pips_l400_r40_500-8000.hdf5	left	right
3228.8827	1	Stimulus/S  1	1	32288827	32288835	31	4	50	pips_l400_r40_500-8000.hdf5	left	right
3229.9494	1	Stimulus/S  1	1	32299494	32299502	31	5	30	pips_l400_r40_500-8000.hdf5	left	right
3231.016	1	Stimulus/S  1	1	32310160	32310168	32	0	20	pips_l400_r40_500-8000.hdf5	left	right
3232.0721	1	Stimulus/S  1	1	32320721	32320729	32	1	40	pips_l400_r40_500-8000.hdf5	left	right
3233.1174	1	Stimulus/S  1	1	32331174	32331182	32	2	60	pips_l400_r40_500-8000.hdf5	left	right
3234.1841	1	Stimulus/S  1	1	32341841	32341849	32	3	70	pips_l400_r40_500-8000.hdf5	left	right
3235.2401	1	Stimulus/S  1	1	32352401	32352409	32	4	50	pips_l400_r40_500-8000.hdf5	left	right
3236.2854	1	Stimulus/S  1	1	32362854	32362862	32	5	30	pips_l400_r40_500-8000.hdf5	left	right
3237.3521	1	Stimulus/S  1	1	32373521	32373529	33	0	20	pips_l400_r40_500-8000.hdf5	left	right
3238.4188	1	Stimulus/S  1	1	32384188	32384196	33	1	40	pips_l400_r40_500-8000.hdf5	left	right
3239.4855	1	Stimulus/S  1	1	32394855	32394863	33	2	60	pips_l400_r40_500-8000.hdf5	left	right
3240.5415	1	Stimulus/S  1	1	32405415	32405423	33	3	70	pips_l400_r40_500-8000.hdf5	left	right
3241.5868	1	Stimulus/S  1	1	32415868	32415876	33	4	50	pips_l400_r40_500-8000.hdf5	left	right
3242.6535	1	Stimulus/S  1	1	32426535	32426543	33	5	30	pips_l400_r40_500-8000.hdf5	left	right
3243.6988	1	Stimulus/S  1	1	32436988	32436996	34	0	20	pips_l400_r40_500-8000.hdf5	left	right
3244.7548	1	Stimulus/S  1	1	32447548	32447556	34	1	40	pips_l400_r40_500-8000.hdf5	left	right
3245.8215	1	Stimulus/S  1	1	32458215	32458223	34	2	60	pips_l400_r40_500-8000.hdf5	left	right
3246.8882	1	Stimulus/S  1	1	32468882	32468890	34	3	70	pips_l400_r40_500-8000.hdf5	left	right
3247.9335	1	Stimulus/S  1	1	32479335	32479343	34	4	50	pips_l400_r40_500-8000.hdf5	left	right
3248.9895	1	Stimulus/S  1	1	32489895	32489903	34	5	30	pips_l400_r40_500-8000.hdf5	left	right
3250.0349	1	Stimulus/S  1	1	32500349	32500357	35	0	20	pips_l400_r40_500-8000.hdf5	left	right
3251.1016	1	Stimulus/S  1	1	32511016	32511024	35	1	40	pips_l400_r40_500-8000.hdf5	left	right
3252.1469	1	Stimulus/S  1	1	32521469	32521477	35	2	60	pips_l400_r40_500-8000.hdf5	left	right
3253.2136	1	Stimulus/S  1	1	32532136	32532144	35	3	70	pips_l400_r40_500-8000.hdf5	left	right
3254.2909	1	Stimulus/S  1	1	32542909	32542917	35	4	50	pips_l400_r40_500-8000.hdf5	left	right
3255.3363	1	Stimulus/S  1	1	32553363	32553371	35	5	30	pips_l400_r40_500-8000.hdf5	left	right
3256.3816	1	Stimulus/S  1	1	32563816	32563824	36	0	20	pips_l400_r40_500-8000.hdf5	left	right
3257.4483	1	Stimulus/S  1	1	32574483	32574491	36	1	40	pips_l400_r40_500-8000.hdf5	left	right
3258.515	1	Stimulus/S  1	1	32585150	32585158	36	2	60	pips_l400_r40_500-8000.hdf5	left	right
3259.571	1	Stimulus/S  1	1	32595710	32595718	36	3	70	pips_l400_r40_500-8000.hdf5	left	right
3260.6163	1	Stimulus/S  1	1	32606163	32606171	36	4	50	pips_l400_r40_500-8000.hdf5	left	right
3261.6723	1	Stimulus/S  1	1	32616723	32616731	36	5	30	pips_l400_r40_500-8000.hdf5	left	right
3262.7177	1	Stimulus/S  1	1	32627177	32627185	37	0	20	pips_l400_r40_500-8000.hdf5	left	right
3263.7844	1	Stimulus/S  1	1	32637844	32637852	37	1	40	pips_l400_r40_500-8000.hdf5	left	right
3264.8404	1	Stimulus/S  1	1	32648404	32648412	37	2	60	pips_l400_r40_500-8000.hdf5	left	right
3265.8857	1	Stimulus/S  1	1	32658857	32658865	37	3	70	pips_l400_r40_500-8000.hdf5	left	right
3266.9311	1	Stimulus/S  1	1	32669311	32669319	37	4	50	pips_l400_r40_500-8000.hdf5	left	right
3267.9977	1	Stimulus/S  1	1	32679977	32679985	37	5	30	pips_l400_r40_500-8000.hdf5	left	right
3269.0537	1	Stimulus/S  1	1	32690537	32690545	38	0	20	pips_l400_r40_500-8000.hdf5	left	right
3270.0991	1	Stimulus/S  1	1	32700991	32700999	38	1	40	pips_l400_r40_500-8000.hdf5	left	right
3271.1551	1	Stimulus/S  1	1	32711551	32711559	38	2	60	pips_l400_r40_500-8000.hdf5	left	right
3272.2004	1	Stimulus/S  1	1	32722004	32722012	38	3	70	pips_l400_r40_500-8000.hdf5	left	right
3273.2671	1	Stimulus/S  1	1	32732671	32732679	38	4	50	pips_l400_r40_500-8000.hdf5	left	right
3274.3231	1	Stimulus/S  1	1	32743231	32743239	38	5	30	pips_l400_r40_500-8000.hdf5	left	right
3275.3685	1	Stimulus/S  1	1	32753685	32753693	39	0	20	pips_l400_r40_500-8000.hdf5	left	right
3276.4351	1	Stimulus/S  1	1	32764351	32764359	39	1	40	pips_l400_r40_500-8000.hdf5	left	right
3277.4912	1	Stimulus/S  1	1	32774912	32774920	39	2	60	pips_l400_r40_500-8000.hdf5	left	right
3278.5365	1	Stimulus/S  1	1	32785365	32785373	39	3	70	pips_l400_r40_500-8000.hdf5	left	right
3279.6032	1	Stimulus/S  1	1	32796032	32796040	39	4	50	pips_l400_r40_500-8000.hdf5	left	right
3280.6485	1	Stimulus/S  1	1	32806485	32806493	39	5	30	pips_l400_r40_500-8000.hdf5	left	right
3281.7045	1	Stimulus/S  1	1	32817045	32817053	40	0	20	pips_l400_r40_500-8000.hdf5	left	right
3282.7712	1	Stimulus/S  1	1	32827712	32827720	40	1	40	pips_l400_r40_500-8000.hdf5	left	right
3283.8379	1	Stimulus/S  1	1	32838379	32838387	40	2	60	pips_l400_r40_500-8000.hdf5	left	right
3284.9046	1	Stimulus/S  1	1	32849046	32849054	40	3	70	pips_l400_r40_500-8000.hdf5	left	right
3285.9712	1	Stimulus/S  1	1	32859712	32859720	40	4	50	pips_l400_r40_500-8000.hdf5	left	right
3287.0166	1	Stimulus/S  1	1	32870166	32870174	40	5	30	pips_l400_r40_500-8000.hdf5	left	right
3288.0833	1	Stimulus/S  1	1	32880833	32880841	41	0	20	pips_l400_r40_500-8000.hdf5	left	right
3289.1499	1	Stimulus/S  1	1	32891499	32891507	41	1	40	pips_l400_r40_500-8000.hdf5	left	right
3290.2166	1	Stimulus/S  1	1	32902166	32902174	41	2	60	pips_l400_r40_500-8000.hdf5	left	right
3291.2726	1	Stimulus/S  1	1	32912726	32912734	41	3	70	pips_l400_r40_500-8000.hdf5	left	right
3292.318	1	Stimulus/S  1	1	32923180	32923188	41	4	50	pips_l400_r40_500-8000.hdf5	left	right
3293.3846	1	Stimulus/S  1	1	32933846	32933854	41	5	30	pips_l400_r40_500-8000.hdf5	left	right
3294.4406	1	Stimulus/S  1	1	32944406	32944414	42	0	20	pips_l400_r40_500-8000.hdf5	left	right
3295.5073	1	Stimulus/S  1	1	32955073	32955081	42	1	40	pips_l400_r40_500-8000.hdf5	left	right
3296.5527	1	Stimulus/S  1	1	32965527	32965535	42	2	60	pips_l400_r40_500-8000.hdf5	left	right
3297.6193	1	Stimulus/S  1	1	32976193	32976201	42	3	70	pips_l400_r40_500-8000.hdf5	left	right
3298.686	1	Stimulus/S  1	1	32986860	32986868	42	4	50	pips_l400_r40_500-8000.hdf5	left	right
3299.7314	1	Stimulus/S  1	1	32997314	32997322	42	5	30	pips_l400_r40_500-8000.hdf5	left	right
3300.7874	1	Stimulus/S  1	1	33007874	33007882	43	0	20	pips_l400_r40_500-8000.hdf5	left	right
3301.854	1	Stimulus/S  1	1	33018540	33018548	43	1	40	pips_l400_r40_500-8000.hdf5	left	right
3302.9207	1	Stimulus/S  1	1	33029207	33029215	43	2	60	pips_l400_r40_500-8000.hdf5	left	right
3303.9661	1	Stimulus/S  1	1	33039661	33039669	43	3	70	pips_l400_r40_500-8000.hdf5	left	right
3305.0221	1	Stimulus/S  1	1	33050221	33050229	43	4	50	pips_l400_r40_500-8000.hdf5	left	right
3306.0888	1	Stimulus/S  1	1	33060888	33060896	43	5	30	pips_l400_r40_500-8000.hdf5	left	right
3307.1341	1	Stimulus/S  1	1	33071341	33071349	44	0	20	pips_l400_r40_500-8000.hdf5	left	right
3308.1901	1	Stimulus/S  1	1	33081901	33081909	44	1	40	pips_l400_r40_500-8000.hdf5	left	right
3309.2355	1	Stimulus/S  1	1	33092355	33092363	44	2	60	pips_l400_r40_500-8000.hdf5	left	right
3310.3021	1	Stimulus/S  1	1	33103021	33103029	44	3	70	pips_l400_r40_500-8000.hdf5	left	right
3311.3688	1	Stimulus/S  1	1	33113688	33113696	44	4	50	pips_l400_r40_500-8000.hdf5	left	right
3312.4141	1	Stimulus/S  1	1	33124141	33124149	44	5	30	pips_l400_r40_500-8000.hdf5	left	right
3313.4702	1	Stimulus/S  1	1	33134702	33134710	45	0	20	pips_l400_r40_500-8000.hdf5	left	right
3314.5368	1	Stimulus/S  1	1	33145368	33145376	45	1	40	pips_l400_r40_500-8000.hdf5	left	right
3315.6035	1	Stimulus/S  1	1	33156035	33156043	45	2	60	pips_l400_r40_500-8000.hdf5	left	right
3316.6702	1	Stimulus/S  1	1	33166702	33166710	45	3	70	pips_l400_r40_500-8000.hdf5	left	right
3317.7369	1	Stimulus/S  1	1	33177369	33177377	45	4	50	pips_l400_r40_500-8000.hdf5	left	right
3318.8035	1	Stimulus/S  1	1	33188035	33188043	45	5	30	pips_l400_r40_500-8000.hdf5	left	right
3319.8489	1	Stimulus/S  1	1	33198489	33198497	46	0	20	pips_l400_r40_500-8000.hdf5	left	right
3320.9049	1	Stimulus/S  1	1	33209049	33209057	46	1	40	pips_l400_r40_500-8000.hdf5	left	right
3321.9716	1	Stimulus/S  1	1	33219716	33219724	46	2	60	pips_l400_r40_500-8000.hdf5	left	right
3323.0382	1	Stimulus/S  1	1	33230382	33230390	46	3	70	pips_l400_r40_500-8000.hdf5	left	right
3324.0836	1	Stimulus/S  1	1	33240836	33240844	46	4	50	pips_l400_r40_500-8000.hdf5	left	right
3325.1396	1	Stimulus/S  1	1	33251396	33251404	46	5	30	pips_l400_r40_500-8000.hdf5	left	right
3326.2063	1	Stimulus/S  1	1	33262063	33262071	47	0	20	pips_l400_r40_500-8000.hdf5	left	right
3327.273	1	Stimulus/S  1	1	33272730	33272738	47	1	40	pips_l400_r40_500-8000.hdf5	left	right
3328.3183	1	Stimulus/S  1	1	33283183	33283191	47	2	60	pips_l400_r40_500-8000.hdf5	left	right
3329.3743	1	Stimulus/S  1	1	33293743	33293751	47	3	70	pips_l400_r40_500-8000.hdf5	left	right
3330.4197	1	Stimulus/S  1	1	33304197	33304205	47	4	50	pips_l400_r40_500-8000.hdf5	left	right
3331.465	1	Stimulus/S  1	1	33314650	33314658	47	5	30	pips_l400_r40_500-8000.hdf5	left	right
3332.5423	1	Stimulus/S  1	1	33325423	33325431	48	0	20	pips_l400_r40_500-8000.hdf5	left	right
3333.5877	1	Stimulus/S  1	1	33335877	33335885	48	1	40	pips_l400_r40_500-8000.hdf5	left	right
3334.633	1	Stimulus/S  1	1	33346330	33346338	48	2	60	pips_l400_r40_500-8000.hdf5	left	right
3335.6997	1	Stimulus/S  1	1	33356997	33357005	48	3	70	pips_l400_r40_500-8000.hdf5	left	right
3336.7664	1	Stimulus/S  1	1	33367664	33367672	48	4	50	pips_l400_r40_500-8000.hdf5	left	right
3337.8224	1	Stimulus/S  1	1	33378224	33378232	48	5	30	pips_l400_r40_500-8000.hdf5	left	right
3338.8891	1	Stimulus/S  1	1	33388891	33388899	49	0	20	pips_l400_r40_500-8000.hdf5	left	right
3339.9557	1	Stimulus/S  1	1	33399557	33399565	49	1	40	pips_l400_r40_500-8000.hdf5	left	right
3341.0224	1	Stimulus/S  1	1	33410224	33410232	49	2	60	pips_l400_r40_500-8000.hdf5	left	right
3342.0678	1	Stimulus/S  1	1	33420678	33420686	49	3	70	pips_l400_r40_500-8000.hdf5	left	right
3343.1238	1	Stimulus/S  1	1	33431238	33431246	49	4	50	pips_l400_r40_500-8000.hdf5	left	right
3344.1904	1	Stimulus/S  1	1	33441904	33441912	49	5	30	pips_l400_r40_500-8000.hdf5	left	right
3345.2571	1	Stimulus/S  1	1	33452571	33452579	50	0	20	pips_l400_r40_500-8000.hdf5	left	right
3346.3025	1	Stimulus/S  1	1	33463025	33463033	50	1	40	pips_l400_r40_500-8000.hdf5	left	right
3347.3585	1	Stimulus/S  1	1	33473585	33473593	50	2	60	pips_l400_r40_500-8000.hdf5	left	right
3348.4038	1	Stimulus/S  1	1	33484038	33484046	50	3	70	pips_l400_r40_500-8000.hdf5	left	right
3349.4705	1	Stimulus/S  1	1	33494705	33494713	50	4	50	pips_l400_r40_500-8000.hdf5	left	right
3350.5372	1	Stimulus/S  1	1	33505372	33505380	50	5	30	pips_l400_r40_500-8000.hdf5	left	right
3351.6039	1	Stimulus/S  1	1	33516039	33516047	51	0	20	pips_l400_r40_500-8000.hdf5	left	right
3352.6492	1	Stimulus/S  1	1	33526492	33526500	51	1	40	pips_l400_r40_500-8000.hdf5	left	right
3353.7052	1	Stimulus/S  1	1	33537052	33537060	51	2	60	pips_l400_r40_500-8000.hdf5	left	right
3354.7505	1	Stimulus/S  1	1	33547505	33547513	51	3	70	pips_l400_r40_500-8000.hdf5	left	right
3355.8066	1	Stimulus/S  1	1	33558066	33558074	51	4	50	pips_l400_r40_500-8000.hdf5	left	right
3356.8519	1	Stimulus/S  1	1	33568519	33568527	51	5	30	pips_l400_r40_500-8000.hdf5	left	right
3357.9079	1	Stimulus/S  1	1	33579079	33579087	52	0	20	pips_l400_r40_500-8000.hdf5	left	right
3358.9533	1	Stimulus/S  1	1	33589533	33589541	52	1	40	pips_l400_r40_500-8000.hdf5	left	right
3359.9986	1	Stimulus/S  1	1	33599986	33599994	52	2	60	pips_l400_r40_500-8000.hdf5	left	right
3361.0546	1	Stimulus/S  1	1	33610546	33610554	52	3	70	pips_l400_r40_500-8000.hdf5	left	right
3362.0999	1	Stimulus/S  1	1	33620999	33621007	52	4	50	pips_l400_r40_500-8000.hdf5	left	right
3363.1666	1	Stimulus/S  1	1	33631666	33631674	52	5	30	pips_l400_r40_500-8000.hdf5	left	right
3364.2333	1	Stimulus/S  1	1	33642333	33642341	53	0	20	pips_l400_r40_500-8000.hdf5	left	right
3365.2893	1	Stimulus/S  1	1	33652893	33652901	53	1	40	pips_l400_r40_500-8000.hdf5	left	right
3366.3347	1	Stimulus/S  1	1	33663347	33663355	53	2	60	pips_l400_r40_500-8000.hdf5	left	right
3367.4013	1	Stimulus/S  1	1	33674013	33674021	53	3	70	pips_l400_r40_500-8000.hdf5	left	right
3368.468	1	Stimulus/S  1	1	33684680	33684688	53	4	50	pips_l400_r40_500-8000.hdf5	left	right
3369.5347	1	Stimulus/S  1	1	33695347	33695355	53	5	30	pips_l400_r40_500-8000.hdf5	left	right
3370.5907	1	Stimulus/S  1	1	33705907	33705915	54	0	20	pips_l400_r40_500-8000.hdf5	left	right
3371.636	1	Stimulus/S  1	1	33716360	33716368	54	1	40	pips_l400_r40_500-8000.hdf5	left	right
3372.692	1	Stimulus/S  1	1	33726920	33726928	54	2	60	pips_l400_r40_500-8000.hdf5	left	right
3373.7374	1	Stimulus/S  1	1	33737374	33737382	54	3	70	pips_l400_r40_500-8000.hdf5	left	right
3374.7827	1	Stimulus/S  1	1	33747827	33747835	54	4	50	pips_l400_r40_500-8000.hdf5	left	right
3375.8387	1	Stimulus/S  1	1	33758387	33758395	54	5	30	pips_l400_r40_500-8000.hdf5	left	right
3376.8841	1	Stimulus/S  1	1	33768841	33768849	55	0	20	pips_l400_r40_500-8000.hdf5	left	right
3377.9508	1	Stimulus/S  1	1	33779508	33779516	55	1	40	pips_l400_r40_500-8000.hdf5	left	right
3379.0174	1	Stimulus/S  1	1	33790174	33790182	55	2	60	pips_l400_r40_500-8000.hdf5	left	right
3380.0735	1	Stimulus/S  1	1	33800735	33800743	55	3	70	pips_l400_r40_500-8000.hdf5	left	right
3381.1188	1	Stimulus/S  1	1	33811188	33811196	55	4	50	pips_l400_r40_500-8000.hdf5	left	right
3382.1855	1	Stimulus/S  1	1	33821855	33821863	55	5	30	pips_l400_r40_500-8000.hdf5	left	right
3383.2521	1	Stimulus/S  1	1	33832521	33832529	56	0	20	pips_l400_r40_500-8000.hdf5	left	right
3384.3082	1	Stimulus/S  1	1	33843082	33843090	56	1	40	pips_l400_r40_500-8000.hdf5	left	right
3385.3535	1	Stimulus/S  1	1	33853535	33853543	56	2	60	pips_l400_r40_500-8000.hdf5	left	right
3386.4202	1	Stimulus/S  1	1	33864202	33864210	56	3	70	pips_l400_r40_500-8000.hdf5	left	right
3387.4762	1	Stimulus/S  1	1	33874762	33874770	56	4	50	pips_l400_r40_500-8000.hdf5	left	right
3388.5215	1	Stimulus/S  1	1	33885215	33885223	56	5	30	pips_l400_r40_500-8000.hdf5	left	right
3389.5882	1	Stimulus/S  1	1	33895882	33895890	57	0	20	pips_l400_r40_500-8000.hdf5	left	right
3390.6336	1	Stimulus/S  1	1	33906336	33906344	57	1	40	pips_l400_r40_500-8000.hdf5	left	right
3391.6896	1	Stimulus/S  1	1	33916896	33916904	57	2	60	pips_l400_r40_500-8000.hdf5	left	right
3392.7562	1	Stimulus/S  1	1	33927562	33927570	57	3	70	pips_l400_r40_500-8000.hdf5	left	right
3393.8016	1	Stimulus/S  1	1	33938016	33938024	57	4	50	pips_l400_r40_500-8000.hdf5	left	right
3394.8683	1	Stimulus/S  1	1	33948683	33948691	57	5	30	pips_l400_r40_500-8000.hdf5	left	right
3395.9243	1	Stimulus/S  1	1	33959243	33959251	58	0	20	pips_l400_r40_500-8000.hdf5	left	right
3396.9696	1	Stimulus/S  1	1	33969696	33969704	58	1	40	pips_l400_r40_500-8000.hdf5	left	right
3398.0363	1	Stimulus/S  1	1	33980363	33980371	58	2	60	pips_l400_r40_500-8000.hdf5	left	right
3399.103	1	Stimulus/S  1	1	33991030	33991038	58	3	70	pips_l400_r40_500-8000.hdf5	left	right
3400.159	1	Stimulus/S  1	1	34001590	34001598	58	4	50	pips_l400_r40_500-8000.hdf5	left	right
3401.2043	1	Stimulus/S  1	1	34012043	34012051	58	5	30	pips_l400_r40_500-8000.hdf5	left	right
3402.2497	1	Stimulus/S  1	1	34022497	34022505	59	0	20	pips_l400_r40_500-8000.hdf5	left	right
3403.3163	1	Stimulus/S  1	1	34033163	34033171	59	1	40	pips_l400_r40_500-8000.hdf5	left	right
3404.3723	1	Stimulus/S  1	1	34043723	34043731	59	2	60	pips_l400_r40_500-8000.hdf5	left	right
3405.4177	1	Stimulus/S  1	1	34054177	34054185	59	3	70	pips_l400_r40_500-8000.hdf5	left	right
3406.4844	1	Stimulus/S  1	1	34064844	34064852	59	4	50	pips_l400_r40_500-8000.hdf5	left	right
3407.551	1	Stimulus/S  1	1	34075510	34075518	59	5	30	pips_l400_r40_500-8000.hdf5	left	right
3408.6071	1	Stimulus/S  1	1	34086071	34086079	60	0	20	pips_l400_r40_500-8000.hdf5	left	right
3409.6524	1	Stimulus/S  1	1	34096524	34096532	60	1	40	pips_l400_r40_500-8000.hdf5	left	right
3410.7191	1	Stimulus/S  1	1	34107191	34107199	60	2	60	pips_l400_r40_500-8000.hdf5	left	right
3411.7751	1	Stimulus/S  1	1	34117751	34117759	60	3	70	pips_l400_r40_500-8000.hdf5	left	right
3412.8204	1	Stimulus/S  1	1	34128204	34128212	60	4	50	pips_l400_r40_500-8000.hdf5	left	right
3413.8764	1	Stimulus/S  1	1	34138764	34138772	60	5	30	pips_l400_r40_500-8000.hdf5	left	right
3414.9431	1	Stimulus/S  1	1	34149431	34149439	61	0	20	pips_l400_r40_500-8000.hdf5	left	right
3416.0098	1	Stimulus/S  1	1	34160098	34160106	61	1	40	pips_l400_r40_500-8000.hdf5	left	right
3417.0551	1	Stimulus/S  1	1	34170551	34170559	61	2	60	pips_l400_r40_500-8000.hdf5	left	right
3418.1218	1	Stimulus/S  1	1	34181218	34181226	61	3	70	pips_l400_r40_500-8000.hdf5	left	right
3419.1885	1	Stimulus/S  1	1	34191885	34191893	61	4	50	pips_l400_r40_500-8000.hdf5	left	right
3420.2338	1	Stimulus/S  1	1	34202338	34202346	61	5	30	pips_l400_r40_500-8000.hdf5	left	right
3421.2898	1	Stimulus/S  1	1	34212898	34212906	62	0	20	pips_l400_r40_500-8000.hdf5	left	right
3422.3565	1	Stimulus/S  1	1	34223565	34223573	62	1	40	pips_l400_r40_500-8000.hdf5	left	right
3423.4232	1	Stimulus/S  1	1	34234232	34234240	62	2	60	pips_l400_r40_500-8000.hdf5	left	right
3424.4899	1	Stimulus/S  1	1	34244899	34244907	62	3	70	pips_l400_r40_500-8000.hdf5	left	right
3425.5352	1	Stimulus/S  1	1	34255352	34255360	62	4	50	pips_l400_r40_500-8000.hdf5	left	right
3426.5912	1	Stimulus/S  1	1	34265912	34265920	62	5	30	pips_l400_r40_500-8000.hdf5	left	right
3427.6579	1	Stimulus/S  1	1	34276579	34276587	63	0	20	pips_l400_r40_500-8000.hdf5	left	right
3428.7032	1	Stimulus/S  1	1	34287032	34287040	63	1	40	pips_l400_r40_500-8000.hdf5	left	right
3429.7593	1	Stimulus/S  1	1	34297593	34297601	63	2	60	pips_l400_r40_500-8000.hdf5	left	right
3430.8046	1	Stimulus/S  1	1	34308046	34308054	63	3	70	pips_l400_r40_500-8000.hdf5	left	right
3431.8713	1	Stimulus/S  1	1	34318713	34318721	63	4	50	pips_l400_r40_500-8000.hdf5	left	right
3432.9166	1	Stimulus/S  1	1	34329166	34329174	63	5	30	pips_l400_r40_500-8000.hdf5	left	right
3433.9726	1	Stimulus/S  1	1	34339726	34339734	64	0	20	pips_l400_r40_500-8000.hdf5	left	right
3435.0393	1	Stimulus/S  1	1	34350393	34350401	64	1	40	pips_l400_r40_500-8000.hdf5	left	right
3436.106	1	Stimulus/S  1	1	34361060	34361068	64	2	60	pips_l400_r40_500-8000.hdf5	left	right
3437.1513	1	Stimulus/S  1	1	34371513	34371521	64	3	70	pips_l400_r40_500-8000.hdf5	left	right
3438.2073	1	Stimulus/S  1	1	34382073	34382081	64	4	50	pips_l400_r40_500-8000.hdf5	left	right
3439.2527	1	Stimulus/S  1	1	34392527	34392535	64	5	30	pips_l400_r40_500-8000.hdf5	left	right
3440.3194	1	Stimulus/S  1	1	34403194	34403202	65	0	20	pips_l400_r40_500-8000.hdf5	left	right
3441.3754	1	Stimulus/S  1	1	34413754	34413762	65	1	40	pips_l400_r40_500-8000.hdf5	left	right
3442.4207	1	Stimulus/S  1	1	34424207	34424215	65	2	60	pips_l400_r40_500-8000.hdf5	left	right
3443.4874	1	Stimulus/S  1	1	34434874	34434882	65	3	70	pips_l400_r40_500-8000.hdf5	left	right
3444.5434	1	Stimulus/S  1	1	34445434	34445442	65	4	50	pips_l400_r40_500-8000.hdf5	left	right
3445.5887	1	Stimulus/S  1	1	34455887	34455895	65	5	30	pips_l400_r40_500-8000.hdf5	left	right
3446.6341	1	Stimulus/S  1	1	34466341	34466349	66	0	20	pips_l400_r40_500-8000.hdf5	left	right
3447.7008	1	Stimulus/S  1	1	34477008	34477016	66	1	40	pips_l400_r40_500-8000.hdf5	left	right
3448.7568	1	Stimulus/S  1	1	34487568	34487576	66	2	60	pips_l400_r40_500-8000.hdf5	left	right
3449.8234	1	Stimulus/S  1	1	34498234	34498242	66	3	70	pips_l400_r40_500-8000.hdf5	left	right
3450.8688	1	Stimulus/S  1	1	34508688	34508696	66	4	50	pips_l400_r40_500-8000.hdf5	left	right
3451.9248	1	Stimulus/S  1	1	34519248	34519256	66	5	30	pips_l400_r40_500-8000.hdf5	left	right
3452.9915	1	Stimulus/S  1	1	34529915	34529923	67	0	20	pips_l400_r40_500-8000.hdf5	left	right
3454.0368	1	Stimulus/S  1	1	34540368	34540376	67	1	40	pips_l400_r40_500-8000.hdf5	left	right
3455.0928	1	Stimulus/S  1	1	34550928	34550936	67	2	60	pips_l400_r40_500-8000.hdf5	left	right
3456.1595	1	Stimulus/S  1	1	34561595	34561603	67	3	70	pips_l400_r40_500-8000.hdf5	left	right
3457.2262	1	Stimulus/S  1	1	34572262	34572270	67	4	50	pips_l400_r40_500-8000.hdf5	left	right
3458.2715	1	Stimulus/S  1	1	34582715	34582723	67	5	30	pips_l400_r40_500-8000.hdf5	left	right
3459.3169	1	Stimulus/S  1	1	34593169	34593177	68	0	20	pips_l400_r40_500-8000.hdf5	left	right
3460.3729	1	Stimulus/S  1	1	34603729	34603737	68	1	40	pips_l400_r40_500-8000.hdf5	left	right
3461.4396	1	Stimulus/S  1	1	34614396	34614404	68	2	60	pips_l400_r40_500-8000.hdf5	left	right
3462.5062	1	Stimulus/S  1	1	34625062	34625070	68	3	70	pips_l400_r40_500-8000.hdf5	left	right
3463.5516	1	Stimulus/S  1	1	34635516	34635524	68	4	50	pips_l400_r40_500-8000.hdf5	left	right
3464.6076	1	Stimulus/S  1	1	34646076	34646084	68	5	30	pips_l400_r40_500-8000.hdf5	left	right
3465.6529	1	Stimulus/S  1	1	34656529	34656537	69	0	20	pips_l400_r40_500-8000.hdf5	left	right
3466.7196	1	Stimulus/S  1	1	34667196	34667204	69	1	40	pips_l400_r40_500-8000.hdf5	left	right
3467.7863	1	Stimulus/S  1	1	34677863	34677871	69	2	60	pips_l400_r40_500-8000.hdf5	left	right
3468.853	1	Stimulus/S  1	1	34688530	34688538	69	3	70	pips_l400_r40_500-8000.hdf5	left	right
3469.909	1	Stimulus/S  1	1	34699090	34699098	69	4	50	pips_l400_r40_500-8000.hdf5	left	right
3470.9543	1	Stimulus/S  1	1	34709543	34709551	69	5	30	pips_l400_r40_500-8000.hdf5	left	right
3472.0103	1	Stimulus/S  1	1	34720103	34720111	70	0	20	pips_l400_r40_500-8000.hdf5	left	right
3473.077	1	Stimulus/S  1	1	34730770	34730778	70	1	40	pips_l400_r40_500-8000.hdf5	left	right
3474.1223	1	Stimulus/S  1	1	34741223	34741231	70	2	60	pips_l400_r40_500-8000.hdf5	left	right
3475.1677	1	Stimulus/S  1	1	34751677	34751685	70	3	70	pips_l400_r40_500-8000.hdf5	left	right
3476.2344	1	Stimulus/S  1	1	34762344	34762352	70	4	50	pips_l400_r40_500-8000.hdf5	left	right
3477.2904	1	Stimulus/S  1	1	34772904	34772912	70	5	30	pips_l400_r40_500-8000.hdf5	left	right
3478.3357	1	Stimulus/S  1	1	34783357	34783365	71	0	20	pips_l400_r40_500-8000.hdf5	left	right
3479.4024	1	Stimulus/S  1	1	34794024	34794032	71	1	40	pips_l400_r40_500-8000.hdf5	left	right
3480.4691	1	Stimulus/S  1	1	34804691	34804699	71	2	60	pips_l400_r40_500-8000.hdf5	left	right
3481.5251	1	Stimulus/S  1	1	34815251	34815259	71	3	70	pips_l400_r40_500-8000.hdf5	left	right
3482.5704	1	Stimulus/S  1	1	34825704	34825712	71	4	50	pips_l400_r40_500-8000.hdf5	left	right
3483.6371	1	Stimulus/S  1	1	34836371	34836379	71	5	30	pips_l400_r40_500-8000.hdf5	left	right
3484.6931	1	Stimulus/S  1	1	34846931	34846939	72	0	20	pips_l400_r40_500-8000.hdf5	left	right
3485.7385	1	Stimulus/S  1	1	34857385	34857393	72	1	40	pips_l400_r40_500-8000.hdf5	left	right
3486.8051	1	Stimulus/S  1	1	34868051	34868059	72	2	60	pips_l400_r40_500-8000.hdf5	left	right
3487.8611	1	Stimulus/S  1	1	34878611	34878619	72	3	70	pips_l400_r40_500-8000.hdf5	left	right
3488.9065	1	Stimulus/S  1	1	34889065	34889073	72	4	50	pips_l400_r40_500-8000.hdf5	left	right
3489.9732	1	Stimulus/S  1	1	34899732	34899740	72	5	30	pips_l400_r40_500-8000.hdf5	left	right
3491.0185	1	Stimulus/S  1	1	34910185	34910193	73	0	20	pips_l400_r40_500-8000.hdf5	left	right
3492.0745	1	Stimulus/S  1	1	34920745	34920753	73	1	40	pips_l400_r40_500-8000.hdf5	left	right
3493.1412	1	Stimulus/S  1	1	34931412	34931420	73	2	60	pips_l400_r40_500-8000.hdf5	left	right
3494.1865	1	Stimulus/S  1	1	34941865	34941873	73	3	70	pips_l400_r40_500-8000.hdf5	left	right
3495.2425	1	Stimulus/S  1	1	34952425	34952433	73	4	50	pips_l400_r40_500-8000.hdf5	left	right
3496.2879	1	Stimulus/S  1	1	34962879	34962887	73	5	30	pips_l400_r40_500-8000.hdf5	left	right
3497.3546	1	Stimulus/S  1	1	34973546	34973554	74	0	20	pips_l400_r40_500-8000.hdf5	left	right
3498.4212	1	Stimulus/S  1	1	34984212	34984220	74	1	40	pips_l400_r40_500-8000.hdf5	left	right
3499.4879	1	Stimulus/S  1	1	34994879	34994887	74	2	60	pips_l400_r40_500-8000.hdf5	left	right
3500.5439	1	Stimulus/S  1	1	35005439	35005447	74	3	70	pips_l400_r40_500-8000.hdf5	left	right
3501.5893	1	Stimulus/S  1	1	35015893	35015901	74	4	50	pips_l400_r40_500-8000.hdf5	left	right
3502.6559	1	Stimulus/S  1	1	35026559	35026567	74	5	30	pips_l400_r40_500-8000.hdf5	left	right
3503.7013	1	Stimulus/S  1	1	35037013	35037021	75	0	20	pips_l400_r40_500-8000.hdf5	left	right
3504.7573	1	Stimulus/S  1	1	35047573	35047581	75	1	40	pips_l400_r40_500-8000.hdf5	left	right
3505.824	1	Stimulus/S  1	1	35058240	35058248	75	2	60	pips_l400_r40_500-8000.hdf5	left	right
3506.8906	1	Stimulus/S  1	1	35068906	35068914	75	3	70	pips_l400_r40_500-8000.hdf5	left	right
3507.9573	1	Stimulus/S  1	1	35079573	35079581	75	4	50	pips_l400_r40_500-8000.hdf5	left	right
3509.0027	1	Stimulus/S  1	1	35090027	35090035	75	5	30	pips_l400_r40_500-8000.hdf5	left	right
3510.0587	1	Stimulus/S  1	1	35100587	35100595	76	0	20	pips_l400_r40_500-8000.hdf5	left	right
3511.1254	1	Stimulus/S  1	1	35111254	35111262	76	1	40	pips_l400_r40_500-8000.hdf5	left	right
3512.1707	1	Stimulus/S  1	1	35121707	35121715	76	2	60	pips_l400_r40_500-8000.hdf5	left	right
3513.2267	1	Stimulus/S  1	1	35132267	35132275	76	3	70	pips_l400_r40_500-8000.hdf5	left	right
3514.2934	1	Stimulus/S  1	1	35142934	35142942	76	4	50	pips_l400_r40_500-8000.hdf5	left	right
3515.3387	1	Stimulus/S  1	1	35153387	35153395	76	5	30	pips_l400_r40_500-8000.hdf5	left	right
3516.4054	1	Stimulus/S  1	1	35164054	35164062	77	0	20	pips_l400_r40_500-8000.hdf5	left	right
3517.4721	1	Stimulus/S  1	1	35174721	35174729	77	1	40	pips_l400_r40_500-8000.hdf5	left	right
3518.5281	1	Stimulus/S  1	1	35185281	35185289	77	2	60	pips_l400_r40_500-8000.hdf5	left	right
3519.5734	1	Stimulus/S  1	1	35195734	35195742	77	3	70	pips_l400_r40_500-8000.hdf5	left	right
3520.6401	1	Stimulus/S  1	1	35206401	35206409	77	4	50	pips_l400_r40_500-8000.hdf5	left	right
3521.7068	1	Stimulus/S  1	1	35217068	35217076	77	5	30	pips_l400_r40_500-8000.hdf5	left	right
3522.7521	1	Stimulus/S  1	1	35227521	35227529	78	0	20	pips_l400_r40_500-8000.hdf5	left	right
3523.8081	1	Stimulus/S  1	1	35238081	35238089	78	1	40	pips_l400_r40_500-8000.hdf5	left	right
3524.8748	1	Stimulus/S  1	1	35248748	35248756	78	2	60	pips_l400_r40_500-8000.hdf5	left	right
3525.9202	1	Stimulus/S  1	1	35259202	35259210	78	3	70	pips_l400_r40_500-8000.hdf5	left	right
3526.9868	1	Stimulus/S  1	1	35269868	35269876	78	4	50	pips_l400_r40_500-8000.hdf5	left	right
3528.0535	1	Stimulus/S  1	1	35280535	35280543	78	5	30	pips_l400_r40_500-8000.hdf5	left	right
3529.1202	1	Stimulus/S  1	1	35291202	35291210	79	0	20	pips_l400_r40_500-8000.hdf5	left	right
3530.1762	1	Stimulus/S  1	1	35301762	35301770	79	1	40	pips_l400_r40_500-8000.hdf5	left	right
3531.2215	1	Stimulus/S  1	1	35312215	35312223	79	2	60	pips_l400_r40_500-8000.hdf5	left	right
3532.2776	1	Stimulus/S  1	1	35322776	35322784	79	3	70	pips_l400_r40_500-8000.hdf5	left	right
3533.3442	1	Stimulus/S  1	1	35333442	35333450	79	4	50	pips_l400_r40_500-8000.hdf5	left	right
3534.4109	1	Stimulus/S  1	1	35344109	35344117	79	5	30	pips_l400_r40_500-8000.hdf5	left	right
3535.4563	1	Stimulus/S  1	1	35354563	35354571	80	0	20	pips_l400_r40_500-8000.hdf5	left	right
3536.5123	1	Stimulus/S  1	1	35365123	35365131	80	1	40	pips_l400_r40_500-8000.hdf5	left	right
3537.5576	1	Stimulus/S  1	1	35375576	35375584	80	2	60	pips_l400_r40_500-8000.hdf5	left	right
3538.6029	1	Stimulus/S  1	1	35386029	35386037	80	3	70	pips_l400_r40_500-8000.hdf5	left	right
3539.6696	1	Stimulus/S  1	1	35396696	35396704	80	4	50	pips_l400_r40_500-8000.hdf5	left	right
3540.7363	1	Stimulus/S  1	1	35407363	35407371	80	5	30	pips_l400_r40_500-8000.hdf5	left	right
3541.7923	1	Stimulus/S  1	1	35417923	35417931	81	0	20	pips_l400_r40_500-8000.hdf5	left	right
3542.8377	1	Stimulus/S  1	1	35428377	35428385	81	1	40	pips_l400_r40_500-8000.hdf5	left	right
3543.9043	1	Stimulus/S  1	1	35439043	35439051	81	2	60	pips_l400_r40_500-8000.hdf5	left	right
3544.9603	1	Stimulus/S  1	1	35449603	35449611	81	3	70	pips_l400_r40_500-8000.hdf5	left	right
3546.0057	1	Stimulus/S  1	1	35460057	35460065	81	4	50	pips_l400_r40_500-8000.hdf5	left	right
3547.0724	1	Stimulus/S  1	1	35470724	35470732	81	5	30	pips_l400_r40_500-8000.hdf5	left	right
3548.1284	1	Stimulus/S  1	1	35481284	35481292	82	0	20	pips_l400_r40_500-8000.hdf5	left	right
3549.1737	1	Stimulus/S  1	1	35491737	35491745	82	1	40	pips_l400_r40_500-8000.hdf5	left	right
3550.2404	1	Stimulus/S  1	1	35502404	35502412	82	2	60	pips_l400_r40_500-8000.hdf5	left	right
3551.3071	1	Stimulus/S  1	1	35513071	35513079	82	3	70	pips_l400_r40_500-8000.hdf5	left	right
3552.3631	1	Stimulus/S  1	1	35523631	35523639	82	4	50	pips_l400_r40_500-8000.hdf5	left	right
3553.4191	1	Stimulus/S  1	1	35534191	35534199	82	5	30	pips_l400_r40_500-8000.hdf5	left	right
3554.4858	1	Stimulus/S  1	1	35544858	35544866	83	0	20	pips_l400_r40_500-8000.hdf5	left	right
3555.5418	1	Stimulus/S  1	1	35555418	35555426	83	1	40	pips_l400_r40_500-8000.hdf5	left	right
3556.5871	1	Stimulus/S  1	1	35565871	35565879	83	2	60	pips_l400_r40_500-8000.hdf5	left	right
3557.6431	1	Stimulus/S  1	1	35576431	35576439	83	3	70	pips_l400_r40_500-8000.hdf5	left	right
3558.6885	1	Stimulus/S  1	1	35586885	35586893	83	4	50	pips_l400_r40_500-8000.hdf5	left	right
3559.7551	1	Stimulus/S  1	1	35597551	35597559	83	5	30	pips_l400_r40_500-8000.hdf5	left	right
3560.8112	1	Stimulus/S  1	1	35608112	35608120	84	0	20	pips_l400_r40_500-8000.hdf5	left	right
3561.8565	1	Stimulus/S  1	1	35618565	35618573	84	1	40	pips_l400_r40_500-8000.hdf5	left	right
3562.9232	1	Stimulus/S  1	1	35629232	35629240	84	2	60	pips_l400_r40_500-8000.hdf5	left	right
3563.9685	1	Stimulus/S  1	1	35639685	35639693	84	3	70	pips_l400_r40_500-8000.hdf5	left	right
3565.0459	1	Stimulus/S  1	1	35650459	35650467	84	4	50	pips_l400_r40_500-8000.hdf5	left	right
3566.0912	1	Stimulus/S  1	1	35660912	35660920	84	5	30	pips_l400_r40_500-8000.hdf5	left	right
3567.1366	1	Stimulus/S  1	1	35671366	35671374	85	0	20	pips_l400_r40_500-8000.hdf5	left	right
3568.1926	1	Stimulus/S  1	1	35681926	35681934	85	1	40	pips_l400_r40_500-8000.hdf5	left	right
3569.2592	1	Stimulus/S  1	1	35692592	35692600	85	2	60	pips_l400_r40_500-8000.hdf5	left	right
3570.3259	1	Stimulus/S  1	1	35703259	35703267	85	3	70	pips_l400_r40_500-8000.hdf5	left	right
3571.3926	1	Stimulus/S  1	1	35713926	35713934	85	4	50	pips_l400_r40_500-8000.hdf5	left	right
3572.4593	1	Stimulus/S  1	1	35724593	35724601	85	5	30	pips_l400_r40_500-8000.hdf5	left	right
3573.5046	1	Stimulus/S  1	1	35735046	35735054	86	0	20	pips_l400_r40_500-8000.hdf5	left	right
3574.5606	1	Stimulus/S  1	1	35745606	35745614	86	1	40	pips_l400_r40_500-8000.hdf5	left	right
3575.606	1	Stimulus/S  1	1	35756060	35756068	86	2	60	pips_l400_r40_500-8000.hdf5	left	right
3576.6726	1	Stimulus/S  1	1	35766726	35766734	86	3	70	pips_l400_r40_500-8000.hdf5	left	right
3577.7393	1	Stimulus/S  1	1	35777393	35777401	86	4	50	pips_l400_r40_500-8000.hdf5	left	right
3578.7953	1	Stimulus/S  1	1	35787953	35787961	86	5	30	pips_l400_r40_500-8000.hdf5	left	right
3579.8407	1	Stimulus/S  1	1	35798407	35798415	87	0	20	pips_l400_r40_500-8000.hdf5	left	right
3580.9073	1	Stimulus/S  1	1	35809073	35809081	87	1	40	pips_l400_r40_500-8000.hdf5	left	right
3581.9527	1	Stimulus/S  1	1	35819527	35819535	87	2	60	pips_l400_r40_500-8000.hdf5	left	right
3583.0087	1	Stimulus/S  1	1	35830087	35830095	87	3	70	pips_l400_r40_500-8000.hdf5	left	right
3584.054	1	Stimulus/S  1	1	35840540	35840548	87	4	50	pips_l400_r40_500-8000.hdf5	left	right
3585.1207	1	Stimulus/S  1	1	35851207	35851215	87	5	30	pips_l400_r40_500-8000.hdf5	left	right
3586.1767	1	Stimulus/S  1	1	35861767	35861775	88	0	20	pips_l400_r40_500-8000.hdf5	left	right
3587.2221	1	Stimulus/S  1	1	35872221	35872229	88	1	40	pips_l400_r40_500-8000.hdf5	left	right
3588.2888	1	Stimulus/S  1	1	35882888	35882896	88	2	60	pips_l400_r40_500-8000.hdf5	left	right
3589.3554	1	Stimulus/S  1	1	35893554	35893562	88	3	70	pips_l400_r40_500-8000.hdf5	left	right
3590.4114	1	Stimulus/S  1	1	35904114	35904122	88	4	50	pips_l400_r40_500-8000.hdf5	left	right
3591.4568	1	Stimulus/S  1	1	35914568	35914576	88	5	30	pips_l400_r40_500-8000.hdf5	left	right
3592.5235	1	Stimulus/S  1	1	35925235	35925243	89	0	20	pips_l400_r40_500-8000.hdf5	left	right
3593.5795	1	Stimulus/S  1	1	35935795	35935803	89	1	40	pips_l400_r40_500-8000.hdf5	left	right
3594.6248	1	Stimulus/S  1	1	35946248	35946256	89	2	60	pips_l400_r40_500-8000.hdf5	left	right
3595.6915	1	Stimulus/S  1	1	35956915	35956923	89	3	70	pips_l400_r40_500-8000.hdf5	left	right
3596.7368	1	Stimulus/S  1	1	35967368	35967376	89	4	50	pips_l400_r40_500-8000.hdf5	left	right
3597.7928	1	Stimulus/S  1	1	35977928	35977936	89	5	30	pips_l400_r40_500-8000.hdf5	left	right
3598.8382	1	Stimulus/S  1	1	35988382	35988390	90	0	20	pips_l400_r40_500-8000.hdf5	left	right
3599.8942	1	Stimulus/S  1	1	35998942	35998950	90	1	40	pips_l400_r40_500-8000.hdf5	left	right
3600.9395	1	Stimulus/S  1	1	36009395	36009403	90	2	60	pips_l400_r40_500-8000.hdf5	left	right
3601.9955	1	Stimulus/S  1	1	36019955	36019963	90	3	70	pips_l400_r40_500-8000.hdf5	left	right
3603.0409	1	Stimulus/S  1	1	36030409	36030417	90	4	50	pips_l400_r40_500-8000.hdf5	left	right
3604.1076	1	Stimulus/S  1	1	36041076	36041084	90	5	30	pips_l400_r40_500-8000.hdf5	left	right
3605.1529	1	Stimulus/S  1	1	36051529	36051537	91	0	20	pips_l400_r40_500-8000.hdf5	left	right
3606.2089	1	Stimulus/S  1	1	36062089	36062097	91	1	40	pips_l400_r40_500-8000.hdf5	left	right
3607.2756	1	Stimulus/S  1	1	36072756	36072764	91	2	60	pips_l400_r40_500-8000.hdf5	left	right
3608.3423	1	Stimulus/S  1	1	36083423	36083431	91	3	70	pips_l400_r40_500-8000.hdf5	left	right
3609.3876	1	Stimulus/S  1	1	36093876	36093884	91	4	50	pips_l400_r40_500-8000.hdf5	left	right
3610.4436	1	Stimulus/S  1	1	36104436	36104444	91	5	30	pips_l400_r40_500-8000.hdf5	left	right
3611.489	1	Stimulus/S  1	1	36114890	36114898	92	0	20	pips_l400_r40_500-8000.hdf5	left	right
3612.5556	1	Stimulus/S  1	1	36125556	36125564	92	1	40	pips_l400_r40_500-8000.hdf5	left	right
3613.6223	1	Stimulus/S  1	1	36136223	36136231	92	2	60	pips_l400_r40_500-8000.hdf5	left	right
3614.6783	1	Stimulus/S  1	1	36146783	36146791	92	3	70	pips_l400_r40_500-8000.hdf5	left	right
3615.7237	1	Stimulus/S  1	1	36157237	36157245	92	4	50	pips_l400_r40_500-8000.hdf5	left	right
3616.7904	1	Stimulus/S  1	1	36167904	36167912	92	5	30	pips_l400_r40_500-8000.hdf5	left	right
3617.857	1	Stimulus/S  1	1	36178570	36178578	93	0	20	pips_l400_r40_500-8000.hdf5	left	right
3618.9237	1	Stimulus/S  1	1	36189237	36189245	93	1	40	pips_l400_r40_500-8000.hdf5	left	right
3619.9797	1	Stimulus/S  1	1	36199797	36199805	93	2	60	pips_l400_r40_500-8000.hdf5	left	right
3621.0251	1	Stimulus/S  1	1	36210251	36210259	93	3	70	pips_l400_r40_500-8000.hdf5	left	right
3622.0917	1	Stimulus/S  1	1	36220917	36220925	93	4	50	pips_l400_r40_500-8000.hdf5	left	right
3623.1584	1	Stimulus/S  1	1	36231584	36231592	93	5	30	pips_l400_r40_500-8000.hdf5	left	right
3624.2038	1	Stimulus/S  1	1	36242038	36242046	94	0	20	pips_l400_r40_500-8000.hdf5	left	right
3625.2598	1	Stimulus/S  1	1	36252598	36252606	94	1	40	pips_l400_r40_500-8000.hdf5	left	right
3626.3264	1	Stimulus/S  1	1	36263264	36263272	94	2	60	pips_l400_r40_500-8000.hdf5	left	right
3627.3931	1	Stimulus/S  1	1	36273931	36273939	94	3	70	pips_l400_r40_500-8000.hdf5	left	right
3628.4385	1	Stimulus/S  1	1	36284385	36284393	94	4	50	pips_l400_r40_500-8000.hdf5	left	right
3629.4945	1	Stimulus/S  1	1	36294945	36294953	94	5	30	pips_l400_r40_500-8000.hdf5	left	right
3630.5611	1	Stimulus/S  1	1	36305611	36305619	95	0	20	pips_l400_r40_500-8000.hdf5	left	right
3631.6065	1	Stimulus/S  1	1	36316065	36316073	95	1	40	pips_l400_r40_500-8000.hdf5	left	right
3632.6625	1	Stimulus/S  1	1	36326625	36326633	95	2	60	pips_l400_r40_500-8000.hdf5	left	right
3633.7292	1	Stimulus/S  1	1	36337292	36337300	95	3	70	pips_l400_r40_500-8000.hdf5	left	right
3634.7745	1	Stimulus/S  1	1	36347745	36347753	95	4	50	pips_l400_r40_500-8000.hdf5	left	right
3635.8199	1	Stimulus/S  1	1	36358199	36358207	95	5	30	pips_l400_r40_500-8000.hdf5	left	right
3636.8759	1	Stimulus/S  1	1	36368759	36368767	96	0	20	pips_l400_r40_500-8000.hdf5	left	right
3637.9212	1	Stimulus/S  1	1	36379212	36379220	96	1	40	pips_l400_r40_500-8000.hdf5	left	right
3638.9879	1	Stimulus/S  1	1	36389879	36389887	96	2	60	pips_l400_r40_500-8000.hdf5	left	right
3640.0546	1	Stimulus/S  1	1	36400546	36400554	96	3	70	pips_l400_r40_500-8000.hdf5	left	right
3641.1106	1	Stimulus/S  1	1	36411106	36411114	96	4	50	pips_l400_r40_500-8000.hdf5	left	right
3642.1773	1	Stimulus/S  1	1	36421773	36421781	96	5	30	pips_l400_r40_500-8000.hdf5	left	right
3643.2439	1	Stimulus/S  1	1	36432439	36432447	97	0	20	pips_l400_r40_500-8000.hdf5	left	right
3644.2893	1	Stimulus/S  1	1	36442893	36442901	97	1	40	pips_l400_r40_500-8000.hdf5	left	right
3645.3453	1	Stimulus/S  1	1	36453453	36453461	97	2	60	pips_l400_r40_500-8000.hdf5	left	right
3646.3906	1	Stimulus/S  1	1	36463906	36463914	97	3	70	pips_l400_r40_500-8000.hdf5	left	right
3647.4573	1	Stimulus/S  1	1	36474573	36474581	97	4	50	pips_l400_r40_500-8000.hdf5	left	right
3648.5133	1	Stimulus/S  1	1	36485133	36485141	97	5	30	pips_l400_r40_500-8000.hdf5	left	right
3649.5587	1	Stimulus/S  1	1	36495587	36495595	98	0	20	pips_l400_r40_500-8000.hdf5	left	right
3650.604	1	Stimulus/S  1	1	36506040	36506048	98	1	40	pips_l400_r40_500-8000.hdf5	left	right
3651.6707	1	Stimulus/S  1	1	36516707	36516715	98	2	60	pips_l400_r40_500-8000.hdf5	left	right
3652.7267	1	Stimulus/S  1	1	36527267	36527275	98	3	70	pips_l400_r40_500-8000.hdf5	left	right
3653.772	1	Stimulus/S  1	1	36537720	36537728	98	4	50	pips_l400_r40_500-8000.hdf5	left	right
3654.8387	1	Stimulus/S  1	1	36548387	36548395	98	5	30	pips_l400_r40_500-8000.hdf5	left	right
3655.8947	1	Stimulus/S  1	1	36558947	36558955	99	0	20	pips_l400_r40_500-8000.hdf5	left	right
3656.9614	1	Stimulus/S  1	1	36569614	36569622	99	1	40	pips_l400_r40_500-8000.hdf5	left	right
3658.0067	1	Stimulus/S  1	1	36580067	36580075	99	2	60	pips_l400_r40_500-8000.hdf5	left	right
3659.0628	1	Stimulus/S  1	1	36590628	36590636	99	3	70	pips_l400_r40_500-8000.hdf5	left	right
3660.1294	1	Stimulus/S  1	1	36601294	36601302	99	4	50	pips_l400_r40_500-8000.hdf5	left	right
3661.1748	1	Stimulus/S  1	1	36611748	36611756	99	5	30	pips_l400_r40_500-8000.hdf5	left	right
3662.2308	1	Stimulus/S  1	1	36622308	36622316	100	0	20	pips_l400_r40_500-8000.hdf5	left	right
3663.2975	1	Stimulus/S  1	1	36632975	36632983	100	1	40	pips_l400_r40_500-8000.hdf5	left	right
3664.3641	1	Stimulus/S  1	1	36643641	36643649	100	2	60	pips_l400_r40_500-8000.hdf5	left	right
3665.4095	1	Stimulus/S  1	1	36654095	36654103	100	3	70	pips_l400_r40_500-8000.hdf5	left	right
3666.4548	1	Stimulus/S  1	1	36664548	36664556	100	4	50	pips_l400_r40_500-8000.hdf5	left	right
3667.5215	1	Stimulus/S  1	1	36675215	36675223	100	5	30	pips_l400_r40_500-8000.hdf5	left	right
3668.5882	1	Stimulus/S  1	1	36685882	36685890	101	0	20	pips_l400_r40_500-8000.hdf5	left	right
3669.6549	1	Stimulus/S  1	1	36696549	36696557	101	1	40	pips_l400_r40_500-8000.hdf5	left	right
3670.7109	1	Stimulus/S  1	1	36707109	36707117	101	2	60	pips_l400_r40_500-8000.hdf5	left	right
3671.7562	1	Stimulus/S  1	1	36717562	36717570	101	3	70	pips_l400_r40_500-8000.hdf5	left	right
3672.8229	1	Stimulus/S  1	1	36728229	36728237	101	4	50	pips_l400_r40_500-8000.hdf5	left	right
3673.8789	1	Stimulus/S  1	1	36738789	36738797	101	5	30	pips_l400_r40_500-8000.hdf5	left	right
3674.9242	1	Stimulus/S  1	1	36749242	36749250	102	0	20	pips_l400_r40_500-8000.hdf5	left	right
3675.9909	1	Stimulus/S  1	1	36759909	36759917	102	1	40	pips_l400_r40_500-8000.hdf5	left	right
3677.0576	1	Stimulus/S  1	1	36770576	36770584	102	2	60	pips_l400_r40_500-8000.hdf5	left	right
3678.1136	1	Stimulus/S  1	1	36781136	36781144	102	3	70	pips_l400_r40_500-8000.hdf5	left	right
3679.1589	1	Stimulus/S  1	1	36791589	36791597	102	4	50	pips_l400_r40_500-8000.hdf5	left	right
3680.2256	1	Stimulus/S  1	1	36802256	36802264	102	5	30	pips_l400_r40_500-8000.hdf5	left	right
3681.2923	1	Stimulus/S  1	1	36812923	36812931	103	0	20	pips_l400_r40_500-8000.hdf5	left	right
3682.359	1	Stimulus/S  1	1	36823590	36823598	103	1	40	pips_l400_r40_500-8000.hdf5	left	right
3683.4043	1	Stimulus/S  1	1	36834043	36834051	103	2	60	pips_l400_r40_500-8000.hdf5	left	right
3684.4603	1	Stimulus/S  1	1	36844603	36844611	103	3	70	pips_l400_r40_500-8000.hdf5	left	right
3685.527	1	Stimulus/S  1	1	36855270	36855278	103	4	50	pips_l400_r40_500-8000.hdf5	left	right
3686.5937	1	Stimulus/S  1	1	36865937	36865945	103	5	30	pips_l400_r40_500-8000.hdf5	left	right
3687.639	1	Stimulus/S  1	1	36876390	36876398	104	0	20	pips_l400_r40_500-8000.hdf5	left	right
3688.695	1	Stimulus/S  1	1	36886950	36886958	104	1	40	pips_l400_r40_500-8000.hdf5	left	right
3689.7617	1	Stimulus/S  1	1	36897617	36897625	104	2	60	pips_l400_r40_500-8000.hdf5	left	right
3690.8071	1	Stimulus/S  1	1	36908071	36908079	104	3	70	pips_l400_r40_500-8000.hdf5	left	right
3691.8631	1	Stimulus/S  1	1	36918631	36918639	104	4	50	pips_l400_r40_500-8000.hdf5	left	right
3692.9084	1	Stimulus/S  1	1	36929084	36929092	104	5	30	pips_l400_r40_500-8000.hdf5	left	right
3693.9644	1	Stimulus/S  1	1	36939644	36939652	105	0	20	pips_l400_r40_500-8000.hdf5	left	right
3695.0311	1	Stimulus/S  1	1	36950311	36950319	105	1	40	pips_l400_r40_500-8000.hdf5	left	right
3696.0978	1	Stimulus/S  1	1	36960978	36960986	105	2	60	pips_l400_r40_500-8000.hdf5	left	right
3697.1644	1	Stimulus/S  1	1	36971644	36971652	105	3	70	pips_l400_r40_500-8000.hdf5	left	right
3698.2098	1	Stimulus/S  1	1	36982098	36982106	105	4	50	pips_l400_r40_500-8000.hdf5	left	right
3699.2551	1	Stimulus/S  1	1	36992551	36992559	105	5	30	pips_l400_r40_500-8000.hdf5	left	right
3700.3111	1	Stimulus/S  1	1	37003111	37003119	106	0	20	pips_l400_r40_500-8000.hdf5	left	right
3701.3565	1	Stimulus/S  1	1	37013565	37013573	106	1	40	pips_l400_r40_500-8000.hdf5	left	right
3702.4125	1	Stimulus/S  1	1	37024125	37024133	106	2	60	pips_l400_r40_500-8000.hdf5	left	right
3703.4792	1	Stimulus/S  1	1	37034792	37034800	106	3	70	pips_l400_r40_500-8000.hdf5	left	right
3704.5458	1	Stimulus/S  1	1	37045458	37045466	106	4	50	pips_l400_r40_500-8000.hdf5	left	right
3705.5912	1	Stimulus/S  1	1	37055912	37055920	106	5	30	pips_l400_r40_500-8000.hdf5	left	right
3706.6472	1	Stimulus/S  1	1	37066472	37066480	107	0	20	pips_l400_r40_500-8000.hdf5	left	right
3707.7139	1	Stimulus/S  1	1	37077139	37077147	107	1	40	pips_l400_r40_500-8000.hdf5	left	right
3708.7806	1	Stimulus/S  1	1	37087806	37087814	107	2	60	pips_l400_r40_500-8000.hdf5	left	right
3709.8259	1	Stimulus/S  1	1	37098259	37098267	107	3	70	pips_l400_r40_500-8000.hdf5	left	right
3710.8819	1	Stimulus/S  1	1	37108819	37108827	107	4	50	pips_l400_r40_500-8000.hdf5	left	right
3711.9486	1	Stimulus/S  1	1	37119486	37119494	107	5	30	pips_l400_r40_500-8000.hdf5	left	right
3712.9939	1	Stimulus/S  1	1	37129939	37129947	108	0	20	pips_l400_r40_500-8000.hdf5	left	right
3714.0393	1	Stimulus/S  1	1	37140393	37140401	108	1	40	pips_l400_r40_500-8000.hdf5	left	right
3715.1059	1	Stimulus/S  1	1	37151059	37151067	108	2	60	pips_l400_r40_500-8000.hdf5	left	right
3716.162	1	Stimulus/S  1	1	37161620	37161628	108	3	70	pips_l400_r40_500-8000.hdf5	left	right
3717.2073	1	Stimulus/S  1	1	37172073	37172081	108	4	50	pips_l400_r40_500-8000.hdf5	left	right
3718.274	1	Stimulus/S  1	1	37182740	37182748	108	5	30	pips_l400_r40_500-8000.hdf5	left	right
3719.33	1	Stimulus/S  1	1	37193300	37193308	109	0	20	pips_l400_r40_500-8000.hdf5	left	right
3720.3753	1	Stimulus/S  1	1	37203753	37203761	109	1	40	pips_l400_r40_500-8000.hdf5	left	right
3721.442	1	Stimulus/S  1	1	37214420	37214428	109	2	60	pips_l400_r40_500-8000.hdf5	left	right
3722.498	1	Stimulus/S  1	1	37224980	37224988	109	3	70	pips_l400_r40_500-8000.hdf5	left	right
3723.5647	1	Stimulus/S  1	1	37235647	37235655	109	4	50	pips_l400_r40_500-8000.hdf5	left	right
3724.6314	1	Stimulus/S  1	1	37246314	37246322	109	5	30	pips_l400_r40_500-8000.hdf5	left	right
3725.6767	1	Stimulus/S  1	1	37256767	37256775	110	0	20	pips_l400_r40_500-8000.hdf5	left	right
3726.7434	1	Stimulus/S  1	1	37267434	37267442	110	1	40	pips_l400_r40_500-8000.hdf5	left	right
3727.8101	1	Stimulus/S  1	1	37278101	37278109	110	2	60	pips_l400_r40_500-8000.hdf5	left	right
3728.8554	1	Stimulus/S  1	1	37288554	37288562	110	3	70	pips_l400_r40_500-8000.hdf5	left	right
3729.9221	1	Stimulus/S  1	1	37299221	37299229	110	4	50	pips_l400_r40_500-8000.hdf5	left	right
3730.9888	1	Stimulus/S  1	1	37309888	37309896	110	5	30	pips_l400_r40_500-8000.hdf5	left	right
3732.0554	1	Stimulus/S  1	1	37320554	37320562	111	0	20	pips_l400_r40_500-8000.hdf5	left	right
3733.1115	1	Stimulus/S  1	1	37331115	37331123	111	1	40	pips_l400_r40_500-8000.hdf5	left	right
3734.1568	1	Stimulus/S  1	1	37341568	37341576	111	2	60	pips_l400_r40_500-8000.hdf5	left	right
3735.2128	1	Stimulus/S  1	1	37352128	37352136	111	3	70	pips_l400_r40_500-8000.hdf5	left	right
3736.2581	1	Stimulus/S  1	1	37362581	37362589	111	4	50	pips_l400_r40_500-8000.hdf5	left	right
3737.3248	1	Stimulus/S  1	1	37373248	37373256	111	5	30	pips_l400_r40_500-8000.hdf5	left	right
3738.3808	1	Stimulus/S  1	1	37383808	37383816	112	0	20	pips_l400_r40_500-8000.hdf5	left	right
3739.4262	1	Stimulus/S  1	1	37394262	37394270	112	1	40	pips_l400_r40_500-8000.hdf5	left	right
3740.4929	1	Stimulus/S  1	1	37404929	37404937	112	2	60	pips_l400_r40_500-8000.hdf5	left	right
3741.5489	1	Stimulus/S  1	1	37415489	37415497	112	3	70	pips_l400_r40_500-8000.hdf5	left	right
3742.5942	1	Stimulus/S  1	1	37425942	37425950	112	4	50	pips_l400_r40_500-8000.hdf5	left	right
3743.6609	1	Stimulus/S  1	1	37436609	37436617	112	5	30	pips_l400_r40_500-8000.hdf5	left	right
3744.7062	1	Stimulus/S  1	1	37447062	37447070	113	0	20	pips_l400_r40_500-8000.hdf5	left	right
3745.7729	1	Stimulus/S  1	1	37457729	37457737	113	1	40	pips_l400_r40_500-8000.hdf5	left	right
3746.8396	1	Stimulus/S  1	1	37468396	37468404	113	2	60	pips_l400_r40_500-8000.hdf5	left	right
3747.9063	1	Stimulus/S  1	1	37479063	37479071	113	3	70	pips_l400_r40_500-8000.hdf5	left	right
3748.9623	1	Stimulus/S  1	1	37489623	37489631	113	4	50	pips_l400_r40_500-8000.hdf5	left	right
3750.0289	1	Stimulus/S  1	1	37500289	37500297	113	5	30	pips_l400_r40_500-8000.hdf5	left	right
3751.0956	1	Stimulus/S  1	1	37510956	37510964	114	0	20	pips_l400_r40_500-8000.hdf5	left	right
3752.141	1	Stimulus/S  1	1	37521410	37521418	114	1	40	pips_l400_r40_500-8000.hdf5	left	right
3753.197	1	Stimulus/S  1	1	37531970	37531978	114	2	60	pips_l400_r40_500-8000.hdf5	left	right
3754.2636	1	Stimulus/S  1	1	37542636	37542644	114	3	70	pips_l400_r40_500-8000.hdf5	left	right
3755.309	1	Stimulus/S  1	1	37553090	37553098	114	4	50	pips_l400_r40_500-8000.hdf5	left	right
3756.365	1	Stimulus/S  1	1	37563650	37563658	114	5	30	pips_l400_r40_500-8000.hdf5	left	right
3757.4317	1	Stimulus/S  1	1	37574317	37574325	115	0	20	pips_l400_r40_500-8000.hdf5	left	right
3758.477	1	Stimulus/S  1	1	37584770	37584778	115	1	40	pips_l400_r40_500-8000.hdf5	left	right
3759.5224	1	Stimulus/S  1	1	37595224	37595232	115	2	60	pips_l400_r40_500-8000.hdf5	left	right
3760.5784	1	Stimulus/S  1	1	37605784	37605792	115	3	70	pips_l400_r40_500-8000.hdf5	left	right
3761.6237	1	Stimulus/S  1	1	37616237	37616245	115	4	50	pips_l400_r40_500-8000.hdf5	left	right
3762.6797	1	Stimulus/S  1	1	37626797	37626805	115	5	30	pips_l400_r40_500-8000.hdf5	left	right
3763.7464	1	Stimulus/S  1	1	37637464	37637472	116	0	20	pips_l400_r40_500-8000.hdf5	left	right
3764.7917	1	Stimulus/S  1	1	37647917	37647925	116	1	40	pips_l400_r40_500-8000.hdf5	left	right
3765.8584	1	Stimulus/S  1	1	37658584	37658592	116	2	60	pips_l400_r40_500-8000.hdf5	left	right
3766.9251	1	Stimulus/S  1	1	37669251	37669259	116	3	70	pips_l400_r40_500-8000.hdf5	left	right
3767.9811	1	Stimulus/S  1	1	37679811	37679819	116	4	50	pips_l400_r40_500-8000.hdf5	left	right
3769.0478	1	Stimulus/S  1	1	37690478	37690486	116	5	30	pips_l400_r40_500-8000.hdf5	left	right
3770.1145	1	Stimulus/S  1	1	37701145	37701153	117	0	20	pips_l400_r40_500-8000.hdf5	left	right
3771.1811	1	Stimulus/S  1	1	37711811	37711819	117	1	40	pips_l400_r40_500-8000.hdf5	left	right
3772.2265	1	Stimulus/S  1	1	37722265	37722273	117	2	60	pips_l400_r40_500-8000.hdf5	left	right
3773.2932	1	Stimulus/S  1	1	37732932	37732940	117	3	70	pips_l400_r40_500-8000.hdf5	left	right
3774.3598	1	Stimulus/S  1	1	37743598	37743606	117	4	50	pips_l400_r40_500-8000.hdf5	left	right
3775.4158	1	Stimulus/S  1	1	37754158	37754166	117	5	30	pips_l400_r40_500-8000.hdf5	left	right
3776.4612	1	Stimulus/S  1	1	37764612	37764620	118	0	20	pips_l400_r40_500-8000.hdf5	left	right
3777.5065	1	Stimulus/S  1	1	37775065	37775073	118	1	40	pips_l400_r40_500-8000.hdf5	left	right
3778.5625	1	Stimulus/S  1	1	37785625	37785633	118	2	60	pips_l400_r40_500-8000.hdf5	left	right
3779.6292	1	Stimulus/S  1	1	37796292	37796300	118	3	70	pips_l400_r40_500-8000.hdf5	left	right
3780.6959	1	Stimulus/S  1	1	37806959	37806967	118	4	50	pips_l400_r40_500-8000.hdf5	left	right
3781.7412	1	Stimulus/S  1	1	37817412	37817420	118	5	30	pips_l400_r40_500-8000.hdf5	left	right
3782.7973	1	Stimulus/S  1	1	37827973	37827981	119	0	20	pips_l400_r40_500-8000.hdf5	left	right
3783.8426	1	Stimulus/S  1	1	37838426	37838434	119	1	40	pips_l400_r40_500-8000.hdf5	left	right
3784.9093	1	Stimulus/S  1	1	37849093	37849101	119	2	60	pips_l400_r40_500-8000.hdf5	left	right
3785.9653	1	Stimulus/S  1	1	37859653	37859661	119	3	70	pips_l400_r40_500-8000.hdf5	left	right
3787.0106	1	Stimulus/S  1	1	37870106	37870114	119	4	50	pips_l400_r40_500-8000.hdf5	left	right
3788.0773	1	Stimulus/S  1	1	37880773	37880781	119	5	30	pips_l400_r40_500-8000.hdf5	left	right
