onset	duration	trial_type	value	sample	sample_corrected	token	run	level	stim_file	ear_ac	ear_bc
25.6908	1	Stimulus/S  1	1	256908	256916	0	0	20	pips_l400_r40_500-8000.hdf5	left	right
26.7575	1	Stimulus/S  1	1	267575	267583	0	1	40	pips_l400_r40_500-8000.hdf5	left	right
39.7605	1	Stimulus/S  1	1	397605	397613	0	0	20	pips_l400_r40_500-8000.hdf5	left	right
40.8272	1	Stimulus/S  1	1	408272	408280	0	1	40	pips_l400_r40_500-8000.hdf5	left	right
41.8726	1	Stimulus/S  1	1	418726	418734	0	2	60	pips_l400_r40_500-8000.hdf5	left	right
42.9392	1	Stimulus/S  1	1	429392	429400	0	3	70	pips_l400_r40_500-8000.hdf5	left	right
43.9952	1	Stimulus/S  1	1	439952	439960	0	4	50	pips_l400_r40_500-8000.hdf5	left	right
45.0406	1	Stimulus/S  1	1	450406	450414	0	5	30	pips_l400_r40_500-8000.hdf5	left	right
46.0966	1	Stimulus/S  1	1	460966	460974	1	0	20	pips_l400_r40_500-8000.hdf5	left	right
47.1419	1	Stimulus/S  1	1	471419	471427	1	1	40	pips_l400_r40_500-8000.hdf5	left	right
48.198	1	Stimulus/S  1	1	481980	481988	1	2	60	pips_l400_r40_500-8000.hdf5	left	right
49.2646	1	Stimulus/S  1	1	492646	492654	1	3	70	pips_l400_r40_500-8000.hdf5	left	right
50.31	1	Stimulus/S  1	1	503100	503108	1	4	50	pips_l400_r40_500-8000.hdf5	left	right
51.3767	1	Stimulus/S  1	1	513767	513775	1	5	30	pips_l400_r40_500-8000.hdf5	left	right
52.4433	1	Stimulus/S  1	1	524433	524441	2	0	20	pips_l400_r40_500-8000.hdf5	left	right
53.51	1	Stimulus/S  1	1	535100	535108	2	1	40	pips_l400_r40_500-8000.hdf5	left	right
54.5554	1	Stimulus/S  1	1	545554	545562	2	2	60	pips_l400_r40_500-8000.hdf5	left	right
55.6114	1	Stimulus/S  1	1	556114	556122	2	3	70	pips_l400_r40_500-8000.hdf5	left	right
56.678	1	Stimulus/S  1	1	566780	566788	2	4	50	pips_l400_r40_500-8000.hdf5	left	right
57.7447	1	Stimulus/S  1	1	577447	577455	2	5	30	pips_l400_r40_500-8000.hdf5	left	right
58.8114	1	Stimulus/S  1	1	588114	588122	3	0	20	pips_l400_r40_500-8000.hdf5	left	right
59.8567	1	Stimulus/S  1	1	598567	598575	3	1	40	pips_l400_r40_500-8000.hdf5	left	right
60.9234	1	Stimulus/S  1	1	609234	609242	3	2	60	pips_l400_r40_500-8000.hdf5	left	right
61.9794	1	Stimulus/S  1	1	619794	619802	3	3	70	pips_l400_r40_500-8000.hdf5	left	right
63.0248	1	Stimulus/S  1	1	630248	630256	3	4	50	pips_l400_r40_500-8000.hdf5	left	right
64.0808	1	Stimulus/S  1	1	640808	640816	3	5	30	pips_l400_r40_500-8000.hdf5	left	right
65.1261	1	Stimulus/S  1	1	651261	651269	4	0	20	pips_l400_r40_500-8000.hdf5	left	right
66.1821	1	Stimulus/S  1	1	661821	661829	4	1	40	pips_l400_r40_500-8000.hdf5	left	right
67.2275	1	Stimulus/S  1	1	672275	672283	4	2	60	pips_l400_r40_500-8000.hdf5	left	right
68.2728	1	Stimulus/S  1	1	682728	682736	4	3	70	pips_l400_r40_500-8000.hdf5	left	right
69.3288	1	Stimulus/S  1	1	693288	693296	4	4	50	pips_l400_r40_500-8000.hdf5	left	right
70.3742	1	Stimulus/S  1	1	703742	703750	4	5	30	pips_l400_r40_500-8000.hdf5	left	right
71.4302	1	Stimulus/S  1	1	714302	714310	5	0	20	pips_l400_r40_500-8000.hdf5	left	right
72.4969	1	Stimulus/S  1	1	724969	724977	5	1	40	pips_l400_r40_500-8000.hdf5	left	right
73.5422	1	Stimulus/S  1	1	735422	735430	5	2	60	pips_l400_r40_500-8000.hdf5	left	right
74.6089	1	Stimulus/S  1	1	746089	746097	5	3	70	pips_l400_r40_500-8000.hdf5	left	right
75.6756	1	Stimulus/S  1	1	756756	756764	5	4	50	pips_l400_r40_500-8000.hdf5	left	right
76.7422	1	Stimulus/S  1	1	767422	767430	5	5	30	pips_l400_r40_500-8000.hdf5	left	right
77.8089	1	Stimulus/S  1	1	778089	778097	6	0	20	pips_l400_r40_500-8000.hdf5	left	right
78.8756	1	Stimulus/S  1	1	788756	788764	6	1	40	pips_l400_r40_500-8000.hdf5	left	right
79.9423	1	Stimulus/S  1	1	799423	799431	6	2	60	pips_l400_r40_500-8000.hdf5	left	right
80.9983	1	Stimulus/S  1	1	809983	809991	6	3	70	pips_l400_r40_500-8000.hdf5	left	right
82.065	1	Stimulus/S  1	1	820650	820658	6	4	50	pips_l400_r40_500-8000.hdf5	left	right
83.1103	1	Stimulus/S  1	1	831103	831111	6	5	30	pips_l400_r40_500-8000.hdf5	left	right
84.177	1	Stimulus/S  1	1	841770	841778	7	0	20	pips_l400_r40_500-8000.hdf5	left	right
85.2223	1	Stimulus/S  1	1	852223	852231	7	1	40	pips_l400_r40_500-8000.hdf5	left	right
86.2783	1	Stimulus/S  1	1	862783	862791	7	2	60	pips_l400_r40_500-8000.hdf5	left	right
87.3237	1	Stimulus/S  1	1	873237	873245	7	3	70	pips_l400_r40_500-8000.hdf5	left	right
88.3797	1	Stimulus/S  1	1	883797	883805	7	4	50	pips_l400_r40_500-8000.hdf5	left	right
89.425	1	Stimulus/S  1	1	894250	894258	7	5	30	pips_l400_r40_500-8000.hdf5	left	right
90.4917	1	Stimulus/S  1	1	904917	904925	8	0	20	pips_l400_r40_500-8000.hdf5	left	right
91.5477	1	Stimulus/S  1	1	915477	915485	8	1	40	pips_l400_r40_500-8000.hdf5	left	right
92.6144	1	Stimulus/S  1	1	926144	926152	8	2	60	pips_l400_r40_500-8000.hdf5	left	right
93.6597	1	Stimulus/S  1	1	936597	936605	8	3	70	pips_l400_r40_500-8000.hdf5	left	right
94.7264	1	Stimulus/S  1	1	947264	947272	8	4	50	pips_l400_r40_500-8000.hdf5	left	right
95.7931	1	Stimulus/S  1	1	957931	957939	8	5	30	pips_l400_r40_500-8000.hdf5	left	right
96.8598	1	Stimulus/S  1	1	968598	968606	9	0	20	pips_l400_r40_500-8000.hdf5	left	right
97.9265	1	Stimulus/S  1	1	979265	979273	9	1	40	pips_l400_r40_500-8000.hdf5	left	right
98.9931	1	Stimulus/S  1	1	989931	989939	9	2	60	pips_l400_r40_500-8000.hdf5	left	right
100.0598	1	Stimulus/S  1	1	1000598	1000606	9	3	70	pips_l400_r40_500-8000.hdf5	left	right
101.1158	1	Stimulus/S  1	1	1011158	1011166	9	4	50	pips_l400_r40_500-8000.hdf5	left	right
102.1825	1	Stimulus/S  1	1	1021825	1021833	9	5	30	pips_l400_r40_500-8000.hdf5	left	right
103.2278	1	Stimulus/S  1	1	1032278	1032286	10	0	20	pips_l400_r40_500-8000.hdf5	left	right
104.2945	1	Stimulus/S  1	1	1042945	1042953	10	1	40	pips_l400_r40_500-8000.hdf5	left	right
105.3399	1	Stimulus/S  1	1	1053399	1053407	10	2	60	pips_l400_r40_500-8000.hdf5	left	right
106.3959	1	Stimulus/S  1	1	1063959	1063967	10	3	70	pips_l400_r40_500-8000.hdf5	left	right
107.4412	1	Stimulus/S  1	1	1074412	1074420	10	4	50	pips_l400_r40_500-8000.hdf5	left	right
108.5079	1	Stimulus/S  1	1	1085079	1085087	10	5	30	pips_l400_r40_500-8000.hdf5	left	right
109.5639	1	Stimulus/S  1	1	1095639	1095647	11	0	20	pips_l400_r40_500-8000.hdf5	left	right
110.6306	1	Stimulus/S  1	1	1106306	1106314	11	1	40	pips_l400_r40_500-8000.hdf5	left	right
111.6759	1	Stimulus/S  1	1	1116759	1116767	11	2	60	pips_l400_r40_500-8000.hdf5	left	right
112.7426	1	Stimulus/S  1	1	1127426	1127434	11	3	70	pips_l400_r40_500-8000.hdf5	left	right
113.8093	1	Stimulus/S  1	1	1138093	1138101	11	4	50	pips_l400_r40_500-8000.hdf5	left	right
114.876	1	Stimulus/S  1	1	1148760	1148768	11	5	30	pips_l400_r40_500-8000.hdf5	left	right
115.9426	1	Stimulus/S  1	1	1159426	1159434	12	0	20	pips_l400_r40_500-8000.hdf5	left	right
117.0093	1	Stimulus/S  1	1	1170093	1170101	12	1	40	pips_l400_r40_500-8000.hdf5	left	right
118.076	1	Stimulus/S  1	1	1180760	1180768	12	2	60	pips_l400_r40_500-8000.hdf5	left	right
119.132	1	Stimulus/S  1	1	1191320	1191328	12	3	70	pips_l400_r40_500-8000.hdf5	left	right
120.1987	1	Stimulus/S  1	1	1201987	1201995	12	4	50	pips_l400_r40_500-8000.hdf5	left	right
121.244	1	Stimulus/S  1	1	1212440	1212448	12	5	30	pips_l400_r40_500-8000.hdf5	left	right
122.3107	1	Stimulus/S  1	1	1223107	1223115	13	0	20	pips_l400_r40_500-8000.hdf5	left	right
123.3667	1	Stimulus/S  1	1	1233667	1233675	13	1	40	pips_l400_r40_500-8000.hdf5	left	right
124.4121	1	Stimulus/S  1	1	1244121	1244129	13	2	60	pips_l400_r40_500-8000.hdf5	left	right
125.4574	1	Stimulus/S  1	1	1254574	1254582	13	3	70	pips_l400_r40_500-8000.hdf5	left	right
126.5134	1	Stimulus/S  1	1	1265134	1265142	13	4	50	pips_l400_r40_500-8000.hdf5	left	right
127.5588	1	Stimulus/S  1	1	1275588	1275596	13	5	30	pips_l400_r40_500-8000.hdf5	left	right
128.6254	1	Stimulus/S  1	1	1286254	1286262	14	0	20	pips_l400_r40_500-8000.hdf5	left	right
129.6814	1	Stimulus/S  1	1	1296814	1296822	14	1	40	pips_l400_r40_500-8000.hdf5	left	right
130.7481	1	Stimulus/S  1	1	1307481	1307489	14	2	60	pips_l400_r40_500-8000.hdf5	left	right
131.7935	1	Stimulus/S  1	1	1317935	1317943	14	3	70	pips_l400_r40_500-8000.hdf5	left	right
132.8601	1	Stimulus/S  1	1	1328601	1328609	14	4	50	pips_l400_r40_500-8000.hdf5	left	right
133.9268	1	Stimulus/S  1	1	1339268	1339276	14	5	30	pips_l400_r40_500-8000.hdf5	left	right
134.9935	1	Stimulus/S  1	1	1349935	1349943	15	0	20	pips_l400_r40_500-8000.hdf5	left	right
136.0602	1	Stimulus/S  1	1	1360602	1360610	15	1	40	pips_l400_r40_500-8000.hdf5	left	right
137.1269	1	Stimulus/S  1	1	1371269	1371277	15	2	60	pips_l400_r40_500-8000.hdf5	left	right
138.1935	1	Stimulus/S  1	1	1381935	1381943	15	3	70	pips_l400_r40_500-8000.hdf5	left	right
139.2495	1	Stimulus/S  1	1	1392495	1392503	15	4	50	pips_l400_r40_500-8000.hdf5	left	right
140.3162	1	Stimulus/S  1	1	1403162	1403170	15	5	30	pips_l400_r40_500-8000.hdf5	left	right
141.3616	1	Stimulus/S  1	1	1413616	1413624	16	0	20	pips_l400_r40_500-8000.hdf5	left	right
142.4069	1	Stimulus/S  1	1	1424069	1424077	16	1	40	pips_l400_r40_500-8000.hdf5	left	right
143.4629	1	Stimulus/S  1	1	1434629	1434637	16	2	60	pips_l400_r40_500-8000.hdf5	left	right
144.5083	1	Stimulus/S  1	1	1445083	1445091	16	3	70	pips_l400_r40_500-8000.hdf5	left	right
145.5749	1	Stimulus/S  1	1	1455749	1455757	16	4	50	pips_l400_r40_500-8000.hdf5	left	right
146.6309	1	Stimulus/S  1	1	1466309	1466317	16	5	30	pips_l400_r40_500-8000.hdf5	left	right
147.6976	1	Stimulus/S  1	1	1476976	1476984	17	0	20	pips_l400_r40_500-8000.hdf5	left	right
148.7643	1	Stimulus/S  1	1	1487643	1487651	17	1	40	pips_l400_r40_500-8000.hdf5	left	right
149.8096	1	Stimulus/S  1	1	1498096	1498104	17	2	60	pips_l400_r40_500-8000.hdf5	left	right
150.8763	1	Stimulus/S  1	1	1508763	1508771	17	3	70	pips_l400_r40_500-8000.hdf5	left	right
151.9323	1	Stimulus/S  1	1	1519323	1519331	17	4	50	pips_l400_r40_500-8000.hdf5	left	right
152.999	1	Stimulus/S  1	1	1529990	1529998	17	5	30	pips_l400_r40_500-8000.hdf5	left	right
154.0657	1	Stimulus/S  1	1	1540657	1540665	18	0	20	pips_l400_r40_500-8000.hdf5	left	right
155.111	1	Stimulus/S  1	1	1551110	1551118	18	1	40	pips_l400_r40_500-8000.hdf5	left	right
156.1777	1	Stimulus/S  1	1	1561777	1561785	18	2	60	pips_l400_r40_500-8000.hdf5	left	right
157.2231	1	Stimulus/S  1	1	1572231	1572239	18	3	70	pips_l400_r40_500-8000.hdf5	left	right
158.3004	1	Stimulus/S  1	1	1583004	1583012	18	4	50	pips_l400_r40_500-8000.hdf5	left	right
159.3564	1	Stimulus/S  1	1	1593564	1593572	18	5	30	pips_l400_r40_500-8000.hdf5	left	right
160.4124	1	Stimulus/S  1	1	1604124	1604132	19	0	20	pips_l400_r40_500-8000.hdf5	left	right
161.4578	1	Stimulus/S  1	1	1614578	1614586	19	1	40	pips_l400_r40_500-8000.hdf5	left	right
162.5138	1	Stimulus/S  1	1	1625138	1625146	19	2	60	pips_l400_r40_500-8000.hdf5	left	right
163.5591	1	Stimulus/S  1	1	1635591	1635599	19	3	70	pips_l400_r40_500-8000.hdf5	left	right
164.6151	1	Stimulus/S  1	1	1646151	1646159	19	4	50	pips_l400_r40_500-8000.hdf5	left	right
165.6605	1	Stimulus/S  1	1	1656605	1656613	19	5	30	pips_l400_r40_500-8000.hdf5	left	right
166.7165	1	Stimulus/S  1	1	1667165	1667173	20	0	20	pips_l400_r40_500-8000.hdf5	left	right
167.7832	1	Stimulus/S  1	1	1677832	1677840	20	1	40	pips_l400_r40_500-8000.hdf5	left	right
168.8285	1	Stimulus/S  1	1	1688285	1688293	20	2	60	pips_l400_r40_500-8000.hdf5	left	right
169.8952	1	Stimulus/S  1	1	1698952	1698960	20	3	70	pips_l400_r40_500-8000.hdf5	left	right
170.9619	1	Stimulus/S  1	1	1709619	1709627	20	4	50	pips_l400_r40_500-8000.hdf5	left	right
172.0285	1	Stimulus/S  1	1	1720285	1720293	20	5	30	pips_l400_r40_500-8000.hdf5	left	right
173.0845	1	Stimulus/S  1	1	1730845	1730853	21	0	20	pips_l400_r40_500-8000.hdf5	left	right
174.1406	1	Stimulus/S  1	1	1741406	1741414	21	1	40	pips_l400_r40_500-8000.hdf5	left	right
175.1966	1	Stimulus/S  1	1	1751966	1751974	21	2	60	pips_l400_r40_500-8000.hdf5	left	right
176.2632	1	Stimulus/S  1	1	1762632	1762640	21	3	70	pips_l400_r40_500-8000.hdf5	left	right
177.3086	1	Stimulus/S  1	1	1773086	1773094	21	4	50	pips_l400_r40_500-8000.hdf5	left	right
178.3646	1	Stimulus/S  1	1	1783646	1783654	21	5	30	pips_l400_r40_500-8000.hdf5	left	right
179.4099	1	Stimulus/S  1	1	1794099	1794107	22	0	20	pips_l400_r40_500-8000.hdf5	left	right
180.466	1	Stimulus/S  1	1	1804660	1804668	22	1	40	pips_l400_r40_500-8000.hdf5	left	right
181.5113	1	Stimulus/S  1	1	1815113	1815121	22	2	60	pips_l400_r40_500-8000.hdf5	left	right
182.5673	1	Stimulus/S  1	1	1825673	1825681	22	3	70	pips_l400_r40_500-8000.hdf5	left	right
183.634	1	Stimulus/S  1	1	1836340	1836348	22	4	50	pips_l400_r40_500-8000.hdf5	left	right
184.6793	1	Stimulus/S  1	1	1846793	1846801	22	5	30	pips_l400_r40_500-8000.hdf5	left	right
185.746	1	Stimulus/S  1	1	1857460	1857468	23	0	20	pips_l400_r40_500-8000.hdf5	left	right
186.7913	1	Stimulus/S  1	1	1867913	1867921	23	1	40	pips_l400_r40_500-8000.hdf5	left	right
187.858	1	Stimulus/S  1	1	1878580	1878588	23	2	60	pips_l400_r40_500-8000.hdf5	left	right
188.914	1	Stimulus/S  1	1	1889140	1889148	23	3	70	pips_l400_r40_500-8000.hdf5	left	right
189.9594	1	Stimulus/S  1	1	1899594	1899602	23	4	50	pips_l400_r40_500-8000.hdf5	left	right
191.0154	1	Stimulus/S  1	1	1910154	1910162	23	5	30	pips_l400_r40_500-8000.hdf5	left	right
192.0607	1	Stimulus/S  1	1	1920607	1920615	24	0	20	pips_l400_r40_500-8000.hdf5	left	right
193.1167	1	Stimulus/S  1	1	1931167	1931175	24	1	40	pips_l400_r40_500-8000.hdf5	left	right
194.1621	1	Stimulus/S  1	1	1941621	1941629	24	2	60	pips_l400_r40_500-8000.hdf5	left	right
195.2074	1	Stimulus/S  1	1	1952074	1952082	24	3	70	pips_l400_r40_500-8000.hdf5	left	right
196.2741	1	Stimulus/S  1	1	1962741	1962749	24	4	50	pips_l400_r40_500-8000.hdf5	left	right
197.3301	1	Stimulus/S  1	1	1973301	1973309	24	5	30	pips_l400_r40_500-8000.hdf5	left	right
198.3968	1	Stimulus/S  1	1	1983968	1983976	25	0	20	pips_l400_r40_500-8000.hdf5	left	right
199.4635	1	Stimulus/S  1	1	1994635	1994643	25	1	40	pips_l400_r40_500-8000.hdf5	left	right
200.5302	1	Stimulus/S  1	1	2005302	2005310	25	2	60	pips_l400_r40_500-8000.hdf5	left	right
201.5755	1	Stimulus/S  1	1	2015755	2015763	25	3	70	pips_l400_r40_500-8000.hdf5	left	right
202.6422	1	Stimulus/S  1	1	2026422	2026430	25	4	50	pips_l400_r40_500-8000.hdf5	left	right
203.6982	1	Stimulus/S  1	1	2036982	2036990	25	5	30	pips_l400_r40_500-8000.hdf5	left	right
204.7435	1	Stimulus/S  1	1	2047435	2047443	26	0	20	pips_l400_r40_500-8000.hdf5	left	right
205.7995	1	Stimulus/S  1	1	2057995	2058003	26	1	40	pips_l400_r40_500-8000.hdf5	left	right
206.8449	1	Stimulus/S  1	1	2068449	2068457	26	2	60	pips_l400_r40_500-8000.hdf5	left	right
207.9009	1	Stimulus/S  1	1	2079009	2079017	26	3	70	pips_l400_r40_500-8000.hdf5	left	right
208.9462	1	Stimulus/S  1	1	2089462	2089470	26	4	50	pips_l400_r40_500-8000.hdf5	left	right
210.0129	1	Stimulus/S  1	1	2100129	2100137	26	5	30	pips_l400_r40_500-8000.hdf5	left	right
211.0583	1	Stimulus/S  1	1	2110583	2110591	27	0	20	pips_l400_r40_500-8000.hdf5	left	right
212.1143	1	Stimulus/S  1	1	2121143	2121151	27	1	40	pips_l400_r40_500-8000.hdf5	left	right
213.1596	1	Stimulus/S  1	1	2131596	2131604	27	2	60	pips_l400_r40_500-8000.hdf5	left	right
214.2263	1	Stimulus/S  1	1	2142263	2142271	27	3	70	pips_l400_r40_500-8000.hdf5	left	right
215.293	1	Stimulus/S  1	1	2152930	2152938	27	4	50	pips_l400_r40_500-8000.hdf5	left	right
216.3596	1	Stimulus/S  1	1	2163596	2163604	27	5	30	pips_l400_r40_500-8000.hdf5	left	right
217.4263	1	Stimulus/S  1	1	2174263	2174271	28	0	20	pips_l400_r40_500-8000.hdf5	left	right
218.493	1	Stimulus/S  1	1	2184930	2184938	28	1	40	pips_l400_r40_500-8000.hdf5	left	right
219.5597	1	Stimulus/S  1	1	2195597	2195605	28	2	60	pips_l400_r40_500-8000.hdf5	left	right
220.6157	1	Stimulus/S  1	1	2206157	2206165	28	3	70	pips_l400_r40_500-8000.hdf5	left	right
221.6824	1	Stimulus/S  1	1	2216824	2216832	28	4	50	pips_l400_r40_500-8000.hdf5	left	right
222.7277	1	Stimulus/S  1	1	2227277	2227285	28	5	30	pips_l400_r40_500-8000.hdf5	left	right
223.7944	1	Stimulus/S  1	1	2237944	2237952	29	0	20	pips_l400_r40_500-8000.hdf5	left	right
229.1418	1	Stimulus/S  1	1	2291418	2291426	29	1	40	pips_l400_r40_500-8000.hdf5	left	right
230.1871	1	Stimulus/S  1	1	2301871	2301879	29	2	60	pips_l400_r40_500-8000.hdf5	left	right
231.2431	1	Stimulus/S  1	1	2312431	2312439	29	3	70	pips_l400_r40_500-8000.hdf5	left	right
232.2885	1	Stimulus/S  1	1	2322885	2322893	29	4	50	pips_l400_r40_500-8000.hdf5	left	right
233.3445	1	Stimulus/S  1	1	2333445	2333453	29	5	30	pips_l400_r40_500-8000.hdf5	left	right
234.3898	1	Stimulus/S  1	1	2343898	2343906	30	0	20	pips_l400_r40_500-8000.hdf5	left	right
235.4458	1	Stimulus/S  1	1	2354458	2354466	30	1	40	pips_l400_r40_500-8000.hdf5	left	right
236.4912	1	Stimulus/S  1	1	2364912	2364920	30	2	60	pips_l400_r40_500-8000.hdf5	left	right
237.5578	1	Stimulus/S  1	1	2375578	2375586	30	3	70	pips_l400_r40_500-8000.hdf5	left	right
238.6245	1	Stimulus/S  1	1	2386245	2386253	30	4	50	pips_l400_r40_500-8000.hdf5	left	right
239.6912	1	Stimulus/S  1	1	2396912	2396920	30	5	30	pips_l400_r40_500-8000.hdf5	left	right
240.7579	1	Stimulus/S  1	1	2407579	2407587	31	0	20	pips_l400_r40_500-8000.hdf5	left	right
241.8245	1	Stimulus/S  1	1	2418245	2418253	31	1	40	pips_l400_r40_500-8000.hdf5	left	right
242.8912	1	Stimulus/S  1	1	2428912	2428920	31	2	60	pips_l400_r40_500-8000.hdf5	left	right
243.9472	1	Stimulus/S  1	1	2439472	2439480	31	3	70	pips_l400_r40_500-8000.hdf5	left	right
245.0139	1	Stimulus/S  1	1	2450139	2450147	31	4	50	pips_l400_r40_500-8000.hdf5	left	right
246.0593	1	Stimulus/S  1	1	2460593	2460601	31	5	30	pips_l400_r40_500-8000.hdf5	left	right
247.1259	1	Stimulus/S  1	1	2471259	2471267	32	0	20	pips_l400_r40_500-8000.hdf5	left	right
248.1713	1	Stimulus/S  1	1	2481713	2481721	32	1	40	pips_l400_r40_500-8000.hdf5	left	right
249.2273	1	Stimulus/S  1	1	2492273	2492281	32	2	60	pips_l400_r40_500-8000.hdf5	left	right
250.2726	1	Stimulus/S  1	1	2502726	2502734	32	3	70	pips_l400_r40_500-8000.hdf5	left	right
251.3286	1	Stimulus/S  1	1	2513286	2513294	32	4	50	pips_l400_r40_500-8000.hdf5	left	right
252.374	1	Stimulus/S  1	1	2523740	2523748	32	5	30	pips_l400_r40_500-8000.hdf5	left	right
253.4407	1	Stimulus/S  1	1	2534407	2534415	33	0	20	pips_l400_r40_500-8000.hdf5	left	right
254.4967	1	Stimulus/S  1	1	2544967	2544975	33	1	40	pips_l400_r40_500-8000.hdf5	left	right
255.5633	1	Stimulus/S  1	1	2555633	2555641	33	2	60	pips_l400_r40_500-8000.hdf5	left	right
256.6087	1	Stimulus/S  1	1	2566087	2566095	33	3	70	pips_l400_r40_500-8000.hdf5	left	right
257.6754	1	Stimulus/S  1	1	2576754	2576762	33	4	50	pips_l400_r40_500-8000.hdf5	left	right
258.742	1	Stimulus/S  1	1	2587420	2587428	33	5	30	pips_l400_r40_500-8000.hdf5	left	right
259.8087	1	Stimulus/S  1	1	2598087	2598095	34	0	20	pips_l400_r40_500-8000.hdf5	left	right
260.8754	1	Stimulus/S  1	1	2608754	2608762	34	1	40	pips_l400_r40_500-8000.hdf5	left	right
261.9421	1	Stimulus/S  1	1	2619421	2619429	34	2	60	pips_l400_r40_500-8000.hdf5	left	right
263.0088	1	Stimulus/S  1	1	2630088	2630096	34	3	70	pips_l400_r40_500-8000.hdf5	left	right
264.0541	1	Stimulus/S  1	1	2640541	2640549	34	4	50	pips_l400_r40_500-8000.hdf5	left	right
265.1101	1	Stimulus/S  1	1	2651101	2651109	34	5	30	pips_l400_r40_500-8000.hdf5	left	right
266.1555	1	Stimulus/S  1	1	2661555	2661563	35	0	20	pips_l400_r40_500-8000.hdf5	left	right
267.2115	1	Stimulus/S  1	1	2672115	2672123	35	1	40	pips_l400_r40_500-8000.hdf5	left	right
268.2568	1	Stimulus/S  1	1	2682568	2682576	35	2	60	pips_l400_r40_500-8000.hdf5	left	right
269.3128	1	Stimulus/S  1	1	2693128	2693136	35	3	70	pips_l400_r40_500-8000.hdf5	left	right
270.3582	1	Stimulus/S  1	1	2703582	2703590	35	4	50	pips_l400_r40_500-8000.hdf5	left	right
271.4142	1	Stimulus/S  1	1	2714142	2714150	35	5	30	pips_l400_r40_500-8000.hdf5	left	right
272.4595	1	Stimulus/S  1	1	2724595	2724603	36	0	20	pips_l400_r40_500-8000.hdf5	left	right
273.5049	1	Stimulus/S  1	1	2735049	2735057	36	1	40	pips_l400_r40_500-8000.hdf5	left	right
274.5715	1	Stimulus/S  1	1	2745715	2745723	36	2	60	pips_l400_r40_500-8000.hdf5	left	right
275.6276	1	Stimulus/S  1	1	2756276	2756284	36	3	70	pips_l400_r40_500-8000.hdf5	left	right
276.6942	1	Stimulus/S  1	1	2766942	2766950	36	4	50	pips_l400_r40_500-8000.hdf5	left	right
277.7609	1	Stimulus/S  1	1	2777609	2777617	36	5	30	pips_l400_r40_500-8000.hdf5	left	right
278.8276	1	Stimulus/S  1	1	2788276	2788284	37	0	20	pips_l400_r40_500-8000.hdf5	left	right
279.8729	1	Stimulus/S  1	1	2798729	2798737	37	1	40	pips_l400_r40_500-8000.hdf5	left	right
280.9396	1	Stimulus/S  1	1	2809396	2809404	37	2	60	pips_l400_r40_500-8000.hdf5	left	right
281.9956	1	Stimulus/S  1	1	2819956	2819964	37	3	70	pips_l400_r40_500-8000.hdf5	left	right
283.0623	1	Stimulus/S  1	1	2830623	2830631	37	4	50	pips_l400_r40_500-8000.hdf5	left	right
284.1076	1	Stimulus/S  1	1	2841076	2841084	37	5	30	pips_l400_r40_500-8000.hdf5	left	right
285.1636	1	Stimulus/S  1	1	2851636	2851644	38	0	20	pips_l400_r40_500-8000.hdf5	left	right
286.209	1	Stimulus/S  1	1	2862090	2862098	38	1	40	pips_l400_r40_500-8000.hdf5	left	right
287.2543	1	Stimulus/S  1	1	2872543	2872551	38	2	60	pips_l400_r40_500-8000.hdf5	left	right
288.3317	1	Stimulus/S  1	1	2883317	2883325	38	3	70	pips_l400_r40_500-8000.hdf5	left	right
289.3984	1	Stimulus/S  1	1	2893984	2893992	38	4	50	pips_l400_r40_500-8000.hdf5	left	right
290.4544	1	Stimulus/S  1	1	2904544	2904552	38	5	30	pips_l400_r40_500-8000.hdf5	left	right
291.5317	1	Stimulus/S  1	1	2915317	2915325	39	0	20	pips_l400_r40_500-8000.hdf5	left	right
292.5984	1	Stimulus/S  1	1	2925984	2925992	39	1	40	pips_l400_r40_500-8000.hdf5	left	right
293.6544	1	Stimulus/S  1	1	2936544	2936552	39	2	60	pips_l400_r40_500-8000.hdf5	left	right
294.7104	1	Stimulus/S  1	1	2947104	2947112	39	3	70	pips_l400_r40_500-8000.hdf5	left	right
295.7558	1	Stimulus/S  1	1	2957558	2957566	39	4	50	pips_l400_r40_500-8000.hdf5	left	right
296.8118	1	Stimulus/S  1	1	2968118	2968126	39	5	30	pips_l400_r40_500-8000.hdf5	left	right
297.8571	1	Stimulus/S  1	1	2978571	2978579	40	0	20	pips_l400_r40_500-8000.hdf5	left	right
298.9131	1	Stimulus/S  1	1	2989131	2989139	40	1	40	pips_l400_r40_500-8000.hdf5	left	right
299.9585	1	Stimulus/S  1	1	2999585	2999593	40	2	60	pips_l400_r40_500-8000.hdf5	left	right
301.0145	1	Stimulus/S  1	1	3010145	3010153	40	3	70	pips_l400_r40_500-8000.hdf5	left	right
302.0598	1	Stimulus/S  1	1	3020598	3020606	40	4	50	pips_l400_r40_500-8000.hdf5	left	right
303.1265	1	Stimulus/S  1	1	3031265	3031273	40	5	30	pips_l400_r40_500-8000.hdf5	left	right
304.1718	1	Stimulus/S  1	1	3041718	3041726	41	0	20	pips_l400_r40_500-8000.hdf5	left	right
305.2385	1	Stimulus/S  1	1	3052385	3052393	41	1	40	pips_l400_r40_500-8000.hdf5	left	right
306.3052	1	Stimulus/S  1	1	3063052	3063060	41	2	60	pips_l400_r40_500-8000.hdf5	left	right
307.3719	1	Stimulus/S  1	1	3073719	3073727	41	3	70	pips_l400_r40_500-8000.hdf5	left	right
308.4385	1	Stimulus/S  1	1	3084385	3084393	41	4	50	pips_l400_r40_500-8000.hdf5	left	right
309.5052	1	Stimulus/S  1	1	3095052	3095060	41	5	30	pips_l400_r40_500-8000.hdf5	left	right
310.5719	1	Stimulus/S  1	1	3105719	3105727	42	0	20	pips_l400_r40_500-8000.hdf5	left	right
311.6279	1	Stimulus/S  1	1	3116279	3116287	42	1	40	pips_l400_r40_500-8000.hdf5	left	right
312.6733	1	Stimulus/S  1	1	3126733	3126741	42	2	60	pips_l400_r40_500-8000.hdf5	left	right
313.7293	1	Stimulus/S  1	1	3137293	3137301	42	3	70	pips_l400_r40_500-8000.hdf5	left	right
314.7746	1	Stimulus/S  1	1	3147746	3147754	42	4	50	pips_l400_r40_500-8000.hdf5	left	right
315.8306	1	Stimulus/S  1	1	3158306	3158314	42	5	30	pips_l400_r40_500-8000.hdf5	left	right
316.876	1	Stimulus/S  1	1	3168760	3168768	43	0	20	pips_l400_r40_500-8000.hdf5	left	right
317.9426	1	Stimulus/S  1	1	3179426	3179434	43	1	40	pips_l400_r40_500-8000.hdf5	left	right
318.9986	1	Stimulus/S  1	1	3189986	3189994	43	2	60	pips_l400_r40_500-8000.hdf5	left	right
320.0653	1	Stimulus/S  1	1	3200653	3200661	43	3	70	pips_l400_r40_500-8000.hdf5	left	right
321.132	1	Stimulus/S  1	1	3211320	3211328	43	4	50	pips_l400_r40_500-8000.hdf5	left	right
322.1987	1	Stimulus/S  1	1	3221987	3221995	43	5	30	pips_l400_r40_500-8000.hdf5	left	right
323.2654	1	Stimulus/S  1	1	3232654	3232662	44	0	20	pips_l400_r40_500-8000.hdf5	left	right
324.332	1	Stimulus/S  1	1	3243320	3243328	44	1	40	pips_l400_r40_500-8000.hdf5	left	right
325.3987	1	Stimulus/S  1	1	3253987	3253995	44	2	60	pips_l400_r40_500-8000.hdf5	left	right
326.4441	1	Stimulus/S  1	1	3264441	3264449	44	3	70	pips_l400_r40_500-8000.hdf5	left	right
327.5107	1	Stimulus/S  1	1	3275107	3275115	44	4	50	pips_l400_r40_500-8000.hdf5	left	right
328.5774	1	Stimulus/S  1	1	3285774	3285782	44	5	30	pips_l400_r40_500-8000.hdf5	left	right
329.6228	1	Stimulus/S  1	1	3296228	3296236	45	0	20	pips_l400_r40_500-8000.hdf5	left	right
330.6788	1	Stimulus/S  1	1	3306788	3306796	45	1	40	pips_l400_r40_500-8000.hdf5	left	right
331.7241	1	Stimulus/S  1	1	3317241	3317249	45	2	60	pips_l400_r40_500-8000.hdf5	left	right
332.7801	1	Stimulus/S  1	1	3327801	3327809	45	3	70	pips_l400_r40_500-8000.hdf5	left	right
333.8255	1	Stimulus/S  1	1	3338255	3338263	45	4	50	pips_l400_r40_500-8000.hdf5	left	right
334.8815	1	Stimulus/S  1	1	3348815	3348823	45	5	30	pips_l400_r40_500-8000.hdf5	left	right
335.9268	1	Stimulus/S  1	1	3359268	3359276	46	0	20	pips_l400_r40_500-8000.hdf5	left	right
336.9935	1	Stimulus/S  1	1	3369935	3369943	46	1	40	pips_l400_r40_500-8000.hdf5	left	right
338.0602	1	Stimulus/S  1	1	3380602	3380610	46	2	60	pips_l400_r40_500-8000.hdf5	left	right
339.1268	1	Stimulus/S  1	1	3391268	3391276	46	3	70	pips_l400_r40_500-8000.hdf5	left	right
340.1935	1	Stimulus/S  1	1	3401935	3401943	46	4	50	pips_l400_r40_500-8000.hdf5	left	right
341.2602	1	Stimulus/S  1	1	3412602	3412610	46	5	30	pips_l400_r40_500-8000.hdf5	left	right
342.3269	1	Stimulus/S  1	1	3423269	3423277	47	0	20	pips_l400_r40_500-8000.hdf5	left	right
343.3722	1	Stimulus/S  1	1	3433722	3433730	47	1	40	pips_l400_r40_500-8000.hdf5	left	right
344.4389	1	Stimulus/S  1	1	3444389	3444397	47	2	60	pips_l400_r40_500-8000.hdf5	left	right
345.4949	1	Stimulus/S  1	1	3454949	3454957	47	3	70	pips_l400_r40_500-8000.hdf5	left	right
346.5403	1	Stimulus/S  1	1	3465403	3465411	47	4	50	pips_l400_r40_500-8000.hdf5	left	right
347.5963	1	Stimulus/S  1	1	3475963	3475971	47	5	30	pips_l400_r40_500-8000.hdf5	left	right
348.6416	1	Stimulus/S  1	1	3486416	3486424	48	0	20	pips_l400_r40_500-8000.hdf5	left	right
349.6976	1	Stimulus/S  1	1	3496976	3496984	48	1	40	pips_l400_r40_500-8000.hdf5	left	right
350.743	1	Stimulus/S  1	1	3507430	3507438	48	2	60	pips_l400_r40_500-8000.hdf5	left	right
351.799	1	Stimulus/S  1	1	3517990	3517998	48	3	70	pips_l400_r40_500-8000.hdf5	left	right
352.8443	1	Stimulus/S  1	1	3528443	3528451	48	4	50	pips_l400_r40_500-8000.hdf5	left	right
353.911	1	Stimulus/S  1	1	3539110	3539118	48	5	30	pips_l400_r40_500-8000.hdf5	left	right
354.9777	1	Stimulus/S  1	1	3549777	3549785	49	0	20	pips_l400_r40_500-8000.hdf5	left	right
356.0444	1	Stimulus/S  1	1	3560444	3560452	49	1	40	pips_l400_r40_500-8000.hdf5	left	right
357.111	1	Stimulus/S  1	1	3571110	3571118	49	2	60	pips_l400_r40_500-8000.hdf5	left	right
358.1777	1	Stimulus/S  1	1	3581777	3581785	49	3	70	pips_l400_r40_500-8000.hdf5	left	right
359.2444	1	Stimulus/S  1	1	3592444	3592452	49	4	50	pips_l400_r40_500-8000.hdf5	left	right
360.3111	1	Stimulus/S  1	1	3603111	3603119	49	5	30	pips_l400_r40_500-8000.hdf5	left	right
361.3777	1	Stimulus/S  1	1	3613777	3613785	50	0	20	pips_l400_r40_500-8000.hdf5	left	right
362.4444	1	Stimulus/S  1	1	3624444	3624452	50	1	40	pips_l400_r40_500-8000.hdf5	left	right
363.4898	1	Stimulus/S  1	1	3634898	3634906	50	2	60	pips_l400_r40_500-8000.hdf5	left	right
364.5564	1	Stimulus/S  1	1	3645564	3645572	50	3	70	pips_l400_r40_500-8000.hdf5	left	right
365.6124	1	Stimulus/S  1	1	3656124	3656132	50	4	50	pips_l400_r40_500-8000.hdf5	left	right
366.6578	1	Stimulus/S  1	1	3666578	3666586	50	5	30	pips_l400_r40_500-8000.hdf5	left	right
367.7138	1	Stimulus/S  1	1	3677138	3677146	51	0	20	pips_l400_r40_500-8000.hdf5	left	right
368.7591	1	Stimulus/S  1	1	3687591	3687599	51	1	40	pips_l400_r40_500-8000.hdf5	left	right
369.8152	1	Stimulus/S  1	1	3698152	3698160	51	2	60	pips_l400_r40_500-8000.hdf5	left	right
370.8605	1	Stimulus/S  1	1	3708605	3708613	51	3	70	pips_l400_r40_500-8000.hdf5	left	right
371.9058	1	Stimulus/S  1	1	3719058	3719066	51	4	50	pips_l400_r40_500-8000.hdf5	left	right
372.9619	1	Stimulus/S  1	1	3729619	3729627	51	5	30	pips_l400_r40_500-8000.hdf5	left	right
374.0285	1	Stimulus/S  1	1	3740285	3740293	52	0	20	pips_l400_r40_500-8000.hdf5	left	right
375.0952	1	Stimulus/S  1	1	3750952	3750960	52	1	40	pips_l400_r40_500-8000.hdf5	left	right
376.1619	1	Stimulus/S  1	1	3761619	3761627	52	2	60	pips_l400_r40_500-8000.hdf5	left	right
377.2286	1	Stimulus/S  1	1	3772286	3772294	52	3	70	pips_l400_r40_500-8000.hdf5	left	right
378.2952	1	Stimulus/S  1	1	3782952	3782960	52	4	50	pips_l400_r40_500-8000.hdf5	left	right
379.3619	1	Stimulus/S  1	1	3793619	3793627	52	5	30	pips_l400_r40_500-8000.hdf5	left	right
380.4073	1	Stimulus/S  1	1	3804073	3804081	53	0	20	pips_l400_r40_500-8000.hdf5	left	right
381.4739	1	Stimulus/S  1	1	3814739	3814747	53	1	40	pips_l400_r40_500-8000.hdf5	left	right
382.5406	1	Stimulus/S  1	1	3825406	3825414	53	2	60	pips_l400_r40_500-8000.hdf5	left	right
383.5966	1	Stimulus/S  1	1	3835966	3835974	53	3	70	pips_l400_r40_500-8000.hdf5	left	right
384.642	1	Stimulus/S  1	1	3846420	3846428	53	4	50	pips_l400_r40_500-8000.hdf5	left	right
385.698	1	Stimulus/S  1	1	3856980	3856988	53	5	30	pips_l400_r40_500-8000.hdf5	left	right
386.7433	1	Stimulus/S  1	1	3867433	3867441	54	0	20	pips_l400_r40_500-8000.hdf5	left	right
387.7993	1	Stimulus/S  1	1	3877993	3878001	54	1	40	pips_l400_r40_500-8000.hdf5	left	right
388.8447	1	Stimulus/S  1	1	3888447	3888455	54	2	60	pips_l400_r40_500-8000.hdf5	left	right
389.89	1	Stimulus/S  1	1	3898900	3898908	54	3	70	pips_l400_r40_500-8000.hdf5	left	right
390.946	1	Stimulus/S  1	1	3909460	3909468	54	4	50	pips_l400_r40_500-8000.hdf5	left	right
391.9914	1	Stimulus/S  1	1	3919914	3919922	54	5	30	pips_l400_r40_500-8000.hdf5	left	right
393.0474	1	Stimulus/S  1	1	3930474	3930482	55	0	20	pips_l400_r40_500-8000.hdf5	left	right
394.1141	1	Stimulus/S  1	1	3941141	3941149	55	1	40	pips_l400_r40_500-8000.hdf5	left	right
395.1594	1	Stimulus/S  1	1	3951594	3951602	55	2	60	pips_l400_r40_500-8000.hdf5	left	right
396.2261	1	Stimulus/S  1	1	3962261	3962269	55	3	70	pips_l400_r40_500-8000.hdf5	left	right
397.2821	1	Stimulus/S  1	1	3972821	3972829	55	4	50	pips_l400_r40_500-8000.hdf5	left	right
398.3488	1	Stimulus/S  1	1	3983488	3983496	55	5	30	pips_l400_r40_500-8000.hdf5	left	right
399.4154	1	Stimulus/S  1	1	3994154	3994162	56	0	20	pips_l400_r40_500-8000.hdf5	left	right
400.4821	1	Stimulus/S  1	1	4004821	4004829	56	1	40	pips_l400_r40_500-8000.hdf5	left	right
401.5488	1	Stimulus/S  1	1	4015488	4015496	56	2	60	pips_l400_r40_500-8000.hdf5	left	right
402.6155	1	Stimulus/S  1	1	4026155	4026163	56	3	70	pips_l400_r40_500-8000.hdf5	left	right
403.6822	1	Stimulus/S  1	1	4036822	4036830	56	4	50	pips_l400_r40_500-8000.hdf5	left	right
404.7275	1	Stimulus/S  1	1	4047275	4047283	56	5	30	pips_l400_r40_500-8000.hdf5	left	right
405.7942	1	Stimulus/S  1	1	4057942	4057950	57	0	20	pips_l400_r40_500-8000.hdf5	left	right
406.8502	1	Stimulus/S  1	1	4068502	4068510	57	1	40	pips_l400_r40_500-8000.hdf5	left	right
407.9169	1	Stimulus/S  1	1	4079169	4079177	57	2	60	pips_l400_r40_500-8000.hdf5	left	right
408.9622	1	Stimulus/S  1	1	4089622	4089630	57	3	70	pips_l400_r40_500-8000.hdf5	left	right
410.0076	1	Stimulus/S  1	1	4100076	4100084	57	4	50	pips_l400_r40_500-8000.hdf5	left	right
411.0636	1	Stimulus/S  1	1	4110636	4110644	57	5	30	pips_l400_r40_500-8000.hdf5	left	right
412.1089	1	Stimulus/S  1	1	4121089	4121097	58	0	20	pips_l400_r40_500-8000.hdf5	left	right
413.1649	1	Stimulus/S  1	1	4131649	4131657	58	1	40	pips_l400_r40_500-8000.hdf5	left	right
414.2316	1	Stimulus/S  1	1	4142316	4142324	58	2	60	pips_l400_r40_500-8000.hdf5	left	right
415.2769	1	Stimulus/S  1	1	4152769	4152777	58	3	70	pips_l400_r40_500-8000.hdf5	left	right
416.3329	1	Stimulus/S  1	1	4163329	4163337	58	4	50	pips_l400_r40_500-8000.hdf5	left	right
417.3783	1	Stimulus/S  1	1	4173783	4173791	58	5	30	pips_l400_r40_500-8000.hdf5	left	right
418.445	1	Stimulus/S  1	1	4184450	4184458	59	0	20	pips_l400_r40_500-8000.hdf5	left	right
419.4903	1	Stimulus/S  1	1	4194903	4194911	59	1	40	pips_l400_r40_500-8000.hdf5	left	right
420.557	1	Stimulus/S  1	1	4205570	4205578	59	2	60	pips_l400_r40_500-8000.hdf5	left	right
421.6237	1	Stimulus/S  1	1	4216237	4216245	59	3	70	pips_l400_r40_500-8000.hdf5	left	right
422.6797	1	Stimulus/S  1	1	4226797	4226805	59	4	50	pips_l400_r40_500-8000.hdf5	left	right
423.7464	1	Stimulus/S  1	1	4237464	4237472	59	5	30	pips_l400_r40_500-8000.hdf5	left	right
424.7917	1	Stimulus/S  1	1	4247917	4247925	60	0	20	pips_l400_r40_500-8000.hdf5	left	right
425.8584	1	Stimulus/S  1	1	4258584	4258592	60	1	40	pips_l400_r40_500-8000.hdf5	left	right
426.9251	1	Stimulus/S  1	1	4269251	4269259	60	2	60	pips_l400_r40_500-8000.hdf5	left	right
427.9917	1	Stimulus/S  1	1	4279917	4279925	60	3	70	pips_l400_r40_500-8000.hdf5	left	right
429.0584	1	Stimulus/S  1	1	4290584	4290592	60	4	50	pips_l400_r40_500-8000.hdf5	left	right
430.1251	1	Stimulus/S  1	1	4301251	4301259	60	5	30	pips_l400_r40_500-8000.hdf5	left	right
431.1918	1	Stimulus/S  1	1	4311918	4311926	61	0	20	pips_l400_r40_500-8000.hdf5	left	right
432.2584	1	Stimulus/S  1	1	4322584	4322592	61	1	40	pips_l400_r40_500-8000.hdf5	left	right
433.3251	1	Stimulus/S  1	1	4333251	4333259	61	2	60	pips_l400_r40_500-8000.hdf5	left	right
434.3918	1	Stimulus/S  1	1	4343918	4343926	61	3	70	pips_l400_r40_500-8000.hdf5	left	right
435.4585	1	Stimulus/S  1	1	4354585	4354593	61	4	50	pips_l400_r40_500-8000.hdf5	left	right
436.5252	1	Stimulus/S  1	1	4365252	4365260	61	5	30	pips_l400_r40_500-8000.hdf5	left	right
437.5812	1	Stimulus/S  1	1	4375812	4375820	62	0	20	pips_l400_r40_500-8000.hdf5	left	right
438.6265	1	Stimulus/S  1	1	4386265	4386273	62	1	40	pips_l400_r40_500-8000.hdf5	left	right
439.6825	1	Stimulus/S  1	1	4396825	4396833	62	2	60	pips_l400_r40_500-8000.hdf5	left	right
440.7279	1	Stimulus/S  1	1	4407279	4407287	62	3	70	pips_l400_r40_500-8000.hdf5	left	right
441.7839	1	Stimulus/S  1	1	4417839	4417847	62	4	50	pips_l400_r40_500-8000.hdf5	left	right
442.8292	1	Stimulus/S  1	1	4428292	4428300	62	5	30	pips_l400_r40_500-8000.hdf5	left	right
443.8746	1	Stimulus/S  1	1	4438746	4438754	63	0	20	pips_l400_r40_500-8000.hdf5	left	right
444.9306	1	Stimulus/S  1	1	4449306	4449314	63	1	40	pips_l400_r40_500-8000.hdf5	left	right
445.9759	1	Stimulus/S  1	1	4459759	4459767	63	2	60	pips_l400_r40_500-8000.hdf5	left	right
447.0319	1	Stimulus/S  1	1	4470319	4470327	63	3	70	pips_l400_r40_500-8000.hdf5	left	right
448.0773	1	Stimulus/S  1	1	4480773	4480781	63	4	50	pips_l400_r40_500-8000.hdf5	left	right
449.1439	1	Stimulus/S  1	1	4491439	4491447	63	5	30	pips_l400_r40_500-8000.hdf5	left	right
450.2	1	Stimulus/S  1	1	4502000	4502008	64	0	20	pips_l400_r40_500-8000.hdf5	left	right
451.2666	1	Stimulus/S  1	1	4512666	4512674	64	1	40	pips_l400_r40_500-8000.hdf5	left	right
452.312	1	Stimulus/S  1	1	4523120	4523128	64	2	60	pips_l400_r40_500-8000.hdf5	left	right
453.3787	1	Stimulus/S  1	1	4533787	4533795	64	3	70	pips_l400_r40_500-8000.hdf5	left	right
454.4453	1	Stimulus/S  1	1	4544453	4544461	64	4	50	pips_l400_r40_500-8000.hdf5	left	right
455.512	1	Stimulus/S  1	1	4555120	4555128	64	5	30	pips_l400_r40_500-8000.hdf5	left	right
456.5787	1	Stimulus/S  1	1	4565787	4565795	65	0	20	pips_l400_r40_500-8000.hdf5	left	right
457.6454	1	Stimulus/S  1	1	4576454	4576462	65	1	40	pips_l400_r40_500-8000.hdf5	left	right
458.712	1	Stimulus/S  1	1	4587120	4587128	65	2	60	pips_l400_r40_500-8000.hdf5	left	right
459.7787	1	Stimulus/S  1	1	4597787	4597795	65	3	70	pips_l400_r40_500-8000.hdf5	left	right
460.8454	1	Stimulus/S  1	1	4608454	4608462	65	4	50	pips_l400_r40_500-8000.hdf5	left	right
461.9121	1	Stimulus/S  1	1	4619121	4619129	65	5	30	pips_l400_r40_500-8000.hdf5	left	right
462.9787	1	Stimulus/S  1	1	4629787	4629795	66	0	20	pips_l400_r40_500-8000.hdf5	left	right
464.0454	1	Stimulus/S  1	1	4640454	4640462	66	1	40	pips_l400_r40_500-8000.hdf5	left	right
465.1121	1	Stimulus/S  1	1	4651121	4651129	66	2	60	pips_l400_r40_500-8000.hdf5	left	right
466.1574	1	Stimulus/S  1	1	4661574	4661582	66	3	70	pips_l400_r40_500-8000.hdf5	left	right
467.2348	1	Stimulus/S  1	1	4672348	4672356	66	4	50	pips_l400_r40_500-8000.hdf5	left	right
468.2801	1	Stimulus/S  1	1	4682801	4682809	66	5	30	pips_l400_r40_500-8000.hdf5	left	right
469.3468	1	Stimulus/S  1	1	4693468	4693476	67	0	20	pips_l400_r40_500-8000.hdf5	left	right
470.3922	1	Stimulus/S  1	1	4703922	4703930	67	1	40	pips_l400_r40_500-8000.hdf5	left	right
471.4482	1	Stimulus/S  1	1	4714482	4714490	67	2	60	pips_l400_r40_500-8000.hdf5	left	right
472.4935	1	Stimulus/S  1	1	4724935	4724943	67	3	70	pips_l400_r40_500-8000.hdf5	left	right
473.5495	1	Stimulus/S  1	1	4735495	4735503	67	4	50	pips_l400_r40_500-8000.hdf5	left	right
474.6162	1	Stimulus/S  1	1	4746162	4746170	67	5	30	pips_l400_r40_500-8000.hdf5	left	right
475.6615	1	Stimulus/S  1	1	4756615	4756623	68	0	20	pips_l400_r40_500-8000.hdf5	left	right
476.7282	1	Stimulus/S  1	1	4767282	4767290	68	1	40	pips_l400_r40_500-8000.hdf5	left	right
477.7842	1	Stimulus/S  1	1	4777842	4777850	68	2	60	pips_l400_r40_500-8000.hdf5	left	right
478.8296	1	Stimulus/S  1	1	4788296	4788304	68	3	70	pips_l400_r40_500-8000.hdf5	left	right
479.8749	1	Stimulus/S  1	1	4798749	4798757	68	4	50	pips_l400_r40_500-8000.hdf5	left	right
480.9309	1	Stimulus/S  1	1	4809309	4809317	68	5	30	pips_l400_r40_500-8000.hdf5	left	right
481.9763	1	Stimulus/S  1	1	4819763	4819771	69	0	20	pips_l400_r40_500-8000.hdf5	left	right
483.0323	1	Stimulus/S  1	1	4830323	4830331	69	1	40	pips_l400_r40_500-8000.hdf5	left	right
484.0776	1	Stimulus/S  1	1	4840776	4840784	69	2	60	pips_l400_r40_500-8000.hdf5	left	right
485.1336	1	Stimulus/S  1	1	4851336	4851344	69	3	70	pips_l400_r40_500-8000.hdf5	left	right
486.179	1	Stimulus/S  1	1	4861790	4861798	69	4	50	pips_l400_r40_500-8000.hdf5	left	right
487.235	1	Stimulus/S  1	1	4872350	4872358	69	5	30	pips_l400_r40_500-8000.hdf5	left	right
488.2803	1	Stimulus/S  1	1	4882803	4882811	70	0	20	pips_l400_r40_500-8000.hdf5	left	right
489.3257	1	Stimulus/S  1	1	4893257	4893265	70	1	40	pips_l400_r40_500-8000.hdf5	left	right
490.3817	1	Stimulus/S  1	1	4903817	4903825	70	2	60	pips_l400_r40_500-8000.hdf5	left	right
491.427	1	Stimulus/S  1	1	4914270	4914278	70	3	70	pips_l400_r40_500-8000.hdf5	left	right
492.483	1	Stimulus/S  1	1	4924830	4924838	70	4	50	pips_l400_r40_500-8000.hdf5	left	right
493.5284	1	Stimulus/S  1	1	4935284	4935292	70	5	30	pips_l400_r40_500-8000.hdf5	left	right
494.5844	1	Stimulus/S  1	1	4945844	4945852	71	0	20	pips_l400_r40_500-8000.hdf5	left	right
495.6297	1	Stimulus/S  1	1	4956297	4956305	71	1	40	pips_l400_r40_500-8000.hdf5	left	right
496.6751	1	Stimulus/S  1	1	4966751	4966759	71	2	60	pips_l400_r40_500-8000.hdf5	left	right
497.7418	1	Stimulus/S  1	1	4977418	4977426	71	3	70	pips_l400_r40_500-8000.hdf5	left	right
498.7978	1	Stimulus/S  1	1	4987978	4987986	71	4	50	pips_l400_r40_500-8000.hdf5	left	right
499.8644	1	Stimulus/S  1	1	4998644	4998652	71	5	30	pips_l400_r40_500-8000.hdf5	left	right
500.9098	1	Stimulus/S  1	1	5009098	5009106	72	0	20	pips_l400_r40_500-8000.hdf5	left	right
501.9765	1	Stimulus/S  1	1	5019765	5019773	72	1	40	pips_l400_r40_500-8000.hdf5	left	right
503.0431	1	Stimulus/S  1	1	5030431	5030439	72	2	60	pips_l400_r40_500-8000.hdf5	left	right
504.0992	1	Stimulus/S  1	1	5040992	5041000	72	3	70	pips_l400_r40_500-8000.hdf5	left	right
505.1658	1	Stimulus/S  1	1	5051658	5051666	72	4	50	pips_l400_r40_500-8000.hdf5	left	right
506.2112	1	Stimulus/S  1	1	5062112	5062120	72	5	30	pips_l400_r40_500-8000.hdf5	left	right
507.2779	1	Stimulus/S  1	1	5072779	5072787	73	0	20	pips_l400_r40_500-8000.hdf5	left	right
508.3445	1	Stimulus/S  1	1	5083445	5083453	73	1	40	pips_l400_r40_500-8000.hdf5	left	right
509.4005	1	Stimulus/S  1	1	5094005	5094013	73	2	60	pips_l400_r40_500-8000.hdf5	left	right
510.4672	1	Stimulus/S  1	1	5104672	5104680	73	3	70	pips_l400_r40_500-8000.hdf5	left	right
511.5339	1	Stimulus/S  1	1	5115339	5115347	73	4	50	pips_l400_r40_500-8000.hdf5	left	right
512.6006	1	Stimulus/S  1	1	5126006	5126014	73	5	30	pips_l400_r40_500-8000.hdf5	left	right
513.6672	1	Stimulus/S  1	1	5136672	5136680	74	0	20	pips_l400_r40_500-8000.hdf5	left	right
514.7339	1	Stimulus/S  1	1	5147339	5147347	74	1	40	pips_l400_r40_500-8000.hdf5	left	right
515.8006	1	Stimulus/S  1	1	5158006	5158014	74	2	60	pips_l400_r40_500-8000.hdf5	left	right
516.8673	1	Stimulus/S  1	1	5168673	5168681	74	3	70	pips_l400_r40_500-8000.hdf5	left	right
517.934	1	Stimulus/S  1	1	5179340	5179348	74	4	50	pips_l400_r40_500-8000.hdf5	left	right
519.0006	1	Stimulus/S  1	1	5190006	5190014	74	5	30	pips_l400_r40_500-8000.hdf5	left	right
520.0673	1	Stimulus/S  1	1	5200673	5200681	75	0	20	pips_l400_r40_500-8000.hdf5	left	right
521.134	1	Stimulus/S  1	1	5211340	5211348	75	1	40	pips_l400_r40_500-8000.hdf5	left	right
522.2007	1	Stimulus/S  1	1	5222007	5222015	75	2	60	pips_l400_r40_500-8000.hdf5	left	right
523.246	1	Stimulus/S  1	1	5232460	5232468	75	3	70	pips_l400_r40_500-8000.hdf5	left	right
524.3127	1	Stimulus/S  1	1	5243127	5243135	75	4	50	pips_l400_r40_500-8000.hdf5	left	right
525.3687	1	Stimulus/S  1	1	5253687	5253695	75	5	30	pips_l400_r40_500-8000.hdf5	left	right
526.4354	1	Stimulus/S  1	1	5264354	5264362	76	0	20	pips_l400_r40_500-8000.hdf5	left	right
527.4807	1	Stimulus/S  1	1	5274807	5274815	76	1	40	pips_l400_r40_500-8000.hdf5	left	right
528.5474	1	Stimulus/S  1	1	5285474	5285482	76	2	60	pips_l400_r40_500-8000.hdf5	left	right
529.6141	1	Stimulus/S  1	1	5296141	5296149	76	3	70	pips_l400_r40_500-8000.hdf5	left	right
530.6594	1	Stimulus/S  1	1	5306594	5306602	76	4	50	pips_l400_r40_500-8000.hdf5	left	right
531.7154	1	Stimulus/S  1	1	5317154	5317162	76	5	30	pips_l400_r40_500-8000.hdf5	left	right
532.7608	1	Stimulus/S  1	1	5327608	5327616	77	0	20	pips_l400_r40_500-8000.hdf5	left	right
533.8168	1	Stimulus/S  1	1	5338168	5338176	77	1	40	pips_l400_r40_500-8000.hdf5	left	right
534.8621	1	Stimulus/S  1	1	5348621	5348629	77	2	60	pips_l400_r40_500-8000.hdf5	left	right
535.9181	1	Stimulus/S  1	1	5359181	5359189	77	3	70	pips_l400_r40_500-8000.hdf5	left	right
536.9635	1	Stimulus/S  1	1	5369635	5369643	77	4	50	pips_l400_r40_500-8000.hdf5	left	right
538.0088	1	Stimulus/S  1	1	5380088	5380096	77	5	30	pips_l400_r40_500-8000.hdf5	left	right
539.0862	1	Stimulus/S  1	1	5390862	5390870	78	0	20	pips_l400_r40_500-8000.hdf5	left	right
540.1315	1	Stimulus/S  1	1	5401315	5401323	78	1	40	pips_l400_r40_500-8000.hdf5	left	right
541.1769	1	Stimulus/S  1	1	5411769	5411777	78	2	60	pips_l400_r40_500-8000.hdf5	left	right
542.2329	1	Stimulus/S  1	1	5422329	5422337	78	3	70	pips_l400_r40_500-8000.hdf5	left	right
543.2782	1	Stimulus/S  1	1	5432782	5432790	78	4	50	pips_l400_r40_500-8000.hdf5	left	right
544.3342	1	Stimulus/S  1	1	5443342	5443350	78	5	30	pips_l400_r40_500-8000.hdf5	left	right
545.3796	1	Stimulus/S  1	1	5453796	5453804	79	0	20	pips_l400_r40_500-8000.hdf5	left	right
546.4356	1	Stimulus/S  1	1	5464356	5464364	79	1	40	pips_l400_r40_500-8000.hdf5	left	right
547.4809	1	Stimulus/S  1	1	5474809	5474817	79	2	60	pips_l400_r40_500-8000.hdf5	left	right
548.5263	1	Stimulus/S  1	1	5485263	5485271	79	3	70	pips_l400_r40_500-8000.hdf5	left	right
549.5823	1	Stimulus/S  1	1	5495823	5495831	79	4	50	pips_l400_r40_500-8000.hdf5	left	right
550.6276	1	Stimulus/S  1	1	5506276	5506284	79	5	30	pips_l400_r40_500-8000.hdf5	left	right
551.6836	1	Stimulus/S  1	1	5516836	5516844	80	0	20	pips_l400_r40_500-8000.hdf5	left	right
552.729	1	Stimulus/S  1	1	5527290	5527298	80	1	40	pips_l400_r40_500-8000.hdf5	left	right
553.785	1	Stimulus/S  1	1	5537850	5537858	80	2	60	pips_l400_r40_500-8000.hdf5	left	right
554.8303	1	Stimulus/S  1	1	5548303	5548311	80	3	70	pips_l400_r40_500-8000.hdf5	left	right
555.8863	1	Stimulus/S  1	1	5558863	5558871	80	4	50	pips_l400_r40_500-8000.hdf5	left	right
556.9317	1	Stimulus/S  1	1	5569317	5569325	80	5	30	pips_l400_r40_500-8000.hdf5	left	right
557.977	1	Stimulus/S  1	1	5579770	5579778	81	0	20	pips_l400_r40_500-8000.hdf5	left	right
559.033	1	Stimulus/S  1	1	5590330	5590338	81	1	40	pips_l400_r40_500-8000.hdf5	left	right
560.0997	1	Stimulus/S  1	1	5600997	5601005	81	2	60	pips_l400_r40_500-8000.hdf5	left	right
561.1664	1	Stimulus/S  1	1	5611664	5611672	81	3	70	pips_l400_r40_500-8000.hdf5	left	right
562.2331	1	Stimulus/S  1	1	5622331	5622339	81	4	50	pips_l400_r40_500-8000.hdf5	left	right
563.2997	1	Stimulus/S  1	1	5632997	5633005	81	5	30	pips_l400_r40_500-8000.hdf5	left	right
564.3664	1	Stimulus/S  1	1	5643664	5643672	82	0	20	pips_l400_r40_500-8000.hdf5	left	right
565.4331	1	Stimulus/S  1	1	5654331	5654339	82	1	40	pips_l400_r40_500-8000.hdf5	left	right
566.4998	1	Stimulus/S  1	1	5664998	5665006	82	2	60	pips_l400_r40_500-8000.hdf5	left	right
567.5664	1	Stimulus/S  1	1	5675664	5675672	82	3	70	pips_l400_r40_500-8000.hdf5	left	right
568.6331	1	Stimulus/S  1	1	5686331	5686339	82	4	50	pips_l400_r40_500-8000.hdf5	left	right
569.6998	1	Stimulus/S  1	1	5696998	5697006	82	5	30	pips_l400_r40_500-8000.hdf5	left	right
570.7665	1	Stimulus/S  1	1	5707665	5707673	83	0	20	pips_l400_r40_500-8000.hdf5	left	right
571.8332	1	Stimulus/S  1	1	5718332	5718340	83	1	40	pips_l400_r40_500-8000.hdf5	left	right
572.8998	1	Stimulus/S  1	1	5728998	5729006	83	2	60	pips_l400_r40_500-8000.hdf5	left	right
573.9665	1	Stimulus/S  1	1	5739665	5739673	83	3	70	pips_l400_r40_500-8000.hdf5	left	right
575.0332	1	Stimulus/S  1	1	5750332	5750340	83	4	50	pips_l400_r40_500-8000.hdf5	left	right
576.0999	1	Stimulus/S  1	1	5760999	5761007	83	5	30	pips_l400_r40_500-8000.hdf5	left	right
577.1665	1	Stimulus/S  1	1	5771665	5771673	84	0	20	pips_l400_r40_500-8000.hdf5	left	right
578.2332	1	Stimulus/S  1	1	5782332	5782340	84	1	40	pips_l400_r40_500-8000.hdf5	left	right
579.2999	1	Stimulus/S  1	1	5792999	5793007	84	2	60	pips_l400_r40_500-8000.hdf5	left	right
580.3666	1	Stimulus/S  1	1	5803666	5803674	84	3	70	pips_l400_r40_500-8000.hdf5	left	right
581.4333	1	Stimulus/S  1	1	5814333	5814341	84	4	50	pips_l400_r40_500-8000.hdf5	left	right
582.4999	1	Stimulus/S  1	1	5824999	5825007	84	5	30	pips_l400_r40_500-8000.hdf5	left	right
583.5666	1	Stimulus/S  1	1	5835666	5835674	85	0	20	pips_l400_r40_500-8000.hdf5	left	right
584.6333	1	Stimulus/S  1	1	5846333	5846341	85	1	40	pips_l400_r40_500-8000.hdf5	left	right
585.7	1	Stimulus/S  1	1	5857000	5857008	85	2	60	pips_l400_r40_500-8000.hdf5	left	right
586.7666	1	Stimulus/S  1	1	5867666	5867674	85	3	70	pips_l400_r40_500-8000.hdf5	left	right
587.8333	1	Stimulus/S  1	1	5878333	5878341	85	4	50	pips_l400_r40_500-8000.hdf5	left	right
588.9	1	Stimulus/S  1	1	5889000	5889008	85	5	30	pips_l400_r40_500-8000.hdf5	left	right
589.9667	1	Stimulus/S  1	1	5899667	5899675	86	0	20	pips_l400_r40_500-8000.hdf5	left	right
591.0333	1	Stimulus/S  1	1	5910333	5910341	86	1	40	pips_l400_r40_500-8000.hdf5	left	right
592.1	1	Stimulus/S  1	1	5921000	5921008	86	2	60	pips_l400_r40_500-8000.hdf5	left	right
593.1667	1	Stimulus/S  1	1	5931667	5931675	86	3	70	pips_l400_r40_500-8000.hdf5	left	right
594.2334	1	Stimulus/S  1	1	5942334	5942342	86	4	50	pips_l400_r40_500-8000.hdf5	left	right
595.2787	1	Stimulus/S  1	1	5952787	5952795	86	5	30	pips_l400_r40_500-8000.hdf5	left	right
596.3454	1	Stimulus/S  1	1	5963454	5963462	87	0	20	pips_l400_r40_500-8000.hdf5	left	right
597.4121	1	Stimulus/S  1	1	5974121	5974129	87	1	40	pips_l400_r40_500-8000.hdf5	left	right
598.4681	1	Stimulus/S  1	1	5984681	5984689	87	2	60	pips_l400_r40_500-8000.hdf5	left	right
599.5348	1	Stimulus/S  1	1	5995348	5995356	87	3	70	pips_l400_r40_500-8000.hdf5	left	right
600.5801	1	Stimulus/S  1	1	6005801	6005809	87	4	50	pips_l400_r40_500-8000.hdf5	left	right
601.6468	1	Stimulus/S  1	1	6016468	6016476	87	5	30	pips_l400_r40_500-8000.hdf5	left	right
602.7135	1	Stimulus/S  1	1	6027135	6027143	88	0	20	pips_l400_r40_500-8000.hdf5	left	right
603.7695	1	Stimulus/S  1	1	6037695	6037703	88	1	40	pips_l400_r40_500-8000.hdf5	left	right
604.8361	1	Stimulus/S  1	1	6048361	6048369	88	2	60	pips_l400_r40_500-8000.hdf5	left	right
605.8815	1	Stimulus/S  1	1	6058815	6058823	88	3	70	pips_l400_r40_500-8000.hdf5	left	right
606.9482	1	Stimulus/S  1	1	6069482	6069490	88	4	50	pips_l400_r40_500-8000.hdf5	left	right
608.0148	1	Stimulus/S  1	1	6080148	6080156	88	5	30	pips_l400_r40_500-8000.hdf5	left	right
609.0602	1	Stimulus/S  1	1	6090602	6090610	89	0	20	pips_l400_r40_500-8000.hdf5	left	right
610.1269	1	Stimulus/S  1	1	6101269	6101277	89	1	40	pips_l400_r40_500-8000.hdf5	left	right
611.1829	1	Stimulus/S  1	1	6111829	6111837	89	2	60	pips_l400_r40_500-8000.hdf5	left	right
612.2496	1	Stimulus/S  1	1	6122496	6122504	89	3	70	pips_l400_r40_500-8000.hdf5	left	right
613.3162	1	Stimulus/S  1	1	6133162	6133170	89	4	50	pips_l400_r40_500-8000.hdf5	left	right
614.3616	1	Stimulus/S  1	1	6143616	6143624	89	5	30	pips_l400_r40_500-8000.hdf5	left	right
615.4283	1	Stimulus/S  1	1	6154283	6154291	90	0	20	pips_l400_r40_500-8000.hdf5	left	right
616.4843	1	Stimulus/S  1	1	6164843	6164851	90	1	40	pips_l400_r40_500-8000.hdf5	left	right
617.5509	1	Stimulus/S  1	1	6175509	6175517	90	2	60	pips_l400_r40_500-8000.hdf5	left	right
618.5963	1	Stimulus/S  1	1	6185963	6185971	90	3	70	pips_l400_r40_500-8000.hdf5	left	right
619.663	1	Stimulus/S  1	1	6196630	6196638	90	4	50	pips_l400_r40_500-8000.hdf5	left	right
620.719	1	Stimulus/S  1	1	6207190	6207198	90	5	30	pips_l400_r40_500-8000.hdf5	left	right
621.7643	1	Stimulus/S  1	1	6217643	6217651	91	0	20	pips_l400_r40_500-8000.hdf5	left	right
622.8203	1	Stimulus/S  1	1	6228203	6228211	91	1	40	pips_l400_r40_500-8000.hdf5	left	right
623.8657	1	Stimulus/S  1	1	6238657	6238665	91	2	60	pips_l400_r40_500-8000.hdf5	left	right
624.911	1	Stimulus/S  1	1	6249110	6249118	91	3	70	pips_l400_r40_500-8000.hdf5	left	right
625.967	1	Stimulus/S  1	1	6259670	6259678	91	4	50	pips_l400_r40_500-8000.hdf5	left	right
627.0124	1	Stimulus/S  1	1	6270124	6270132	91	5	30	pips_l400_r40_500-8000.hdf5	left	right
628.0684	1	Stimulus/S  1	1	6280684	6280692	92	0	20	pips_l400_r40_500-8000.hdf5	left	right
629.1137	1	Stimulus/S  1	1	6291137	6291145	92	1	40	pips_l400_r40_500-8000.hdf5	left	right
630.1697	1	Stimulus/S  1	1	6301697	6301705	92	2	60	pips_l400_r40_500-8000.hdf5	left	right
631.2151	1	Stimulus/S  1	1	6312151	6312159	92	3	70	pips_l400_r40_500-8000.hdf5	left	right
632.2711	1	Stimulus/S  1	1	6322711	6322719	92	4	50	pips_l400_r40_500-8000.hdf5	left	right
633.3164	1	Stimulus/S  1	1	6333164	6333172	92	5	30	pips_l400_r40_500-8000.hdf5	left	right
634.3831	1	Stimulus/S  1	1	6343831	6343839	93	0	20	pips_l400_r40_500-8000.hdf5	left	right
635.4285	1	Stimulus/S  1	1	6354285	6354293	93	1	40	pips_l400_r40_500-8000.hdf5	left	right
636.4951	1	Stimulus/S  1	1	6364951	6364959	93	2	60	pips_l400_r40_500-8000.hdf5	left	right
637.5511	1	Stimulus/S  1	1	6375511	6375519	93	3	70	pips_l400_r40_500-8000.hdf5	left	right
638.6178	1	Stimulus/S  1	1	6386178	6386186	93	4	50	pips_l400_r40_500-8000.hdf5	left	right
639.6845	1	Stimulus/S  1	1	6396845	6396853	93	5	30	pips_l400_r40_500-8000.hdf5	left	right
640.7512	1	Stimulus/S  1	1	6407512	6407520	94	0	20	pips_l400_r40_500-8000.hdf5	left	right
641.8178	1	Stimulus/S  1	1	6418178	6418186	94	1	40	pips_l400_r40_500-8000.hdf5	left	right
642.8845	1	Stimulus/S  1	1	6428845	6428853	94	2	60	pips_l400_r40_500-8000.hdf5	left	right
643.9512	1	Stimulus/S  1	1	6439512	6439520	94	3	70	pips_l400_r40_500-8000.hdf5	left	right
645.0179	1	Stimulus/S  1	1	6450179	6450187	94	4	50	pips_l400_r40_500-8000.hdf5	left	right
646.0846	1	Stimulus/S  1	1	6460846	6460854	94	5	30	pips_l400_r40_500-8000.hdf5	left	right
647.1512	1	Stimulus/S  1	1	6471512	6471520	95	0	20	pips_l400_r40_500-8000.hdf5	left	right
648.2179	1	Stimulus/S  1	1	6482179	6482187	95	1	40	pips_l400_r40_500-8000.hdf5	left	right
649.2846	1	Stimulus/S  1	1	6492846	6492854	95	2	60	pips_l400_r40_500-8000.hdf5	left	right
650.3513	1	Stimulus/S  1	1	6503513	6503521	95	3	70	pips_l400_r40_500-8000.hdf5	left	right
651.3966	1	Stimulus/S  1	1	6513966	6513974	95	4	50	pips_l400_r40_500-8000.hdf5	left	right
652.4633	1	Stimulus/S  1	1	6524633	6524641	95	5	30	pips_l400_r40_500-8000.hdf5	left	right
653.5193	1	Stimulus/S  1	1	6535193	6535201	96	0	20	pips_l400_r40_500-8000.hdf5	left	right
654.586	1	Stimulus/S  1	1	6545860	6545868	96	1	40	pips_l400_r40_500-8000.hdf5	left	right
655.6313	1	Stimulus/S  1	1	6556313	6556321	96	2	60	pips_l400_r40_500-8000.hdf5	left	right
656.6873	1	Stimulus/S  1	1	6566873	6566881	96	3	70	pips_l400_r40_500-8000.hdf5	left	right
657.7327	1	Stimulus/S  1	1	6577327	6577335	96	4	50	pips_l400_r40_500-8000.hdf5	left	right
658.778	1	Stimulus/S  1	1	6587780	6587788	96	5	30	pips_l400_r40_500-8000.hdf5	left	right
659.834	1	Stimulus/S  1	1	6598340	6598348	97	0	20	pips_l400_r40_500-8000.hdf5	left	right
660.8794	1	Stimulus/S  1	1	6608794	6608802	97	1	40	pips_l400_r40_500-8000.hdf5	left	right
661.9354	1	Stimulus/S  1	1	6619354	6619362	97	2	60	pips_l400_r40_500-8000.hdf5	left	right
662.9807	1	Stimulus/S  1	1	6629807	6629815	97	3	70	pips_l400_r40_500-8000.hdf5	left	right
664.0367	1	Stimulus/S  1	1	6640367	6640375	97	4	50	pips_l400_r40_500-8000.hdf5	left	right
665.0821	1	Stimulus/S  1	1	6650821	6650829	97	5	30	pips_l400_r40_500-8000.hdf5	left	right
666.1381	1	Stimulus/S  1	1	6661381	6661389	98	0	20	pips_l400_r40_500-8000.hdf5	left	right
667.1834	1	Stimulus/S  1	1	6671834	6671842	98	1	40	pips_l400_r40_500-8000.hdf5	left	right
668.2288	1	Stimulus/S  1	1	6682288	6682296	98	2	60	pips_l400_r40_500-8000.hdf5	left	right
669.2848	1	Stimulus/S  1	1	6692848	6692856	98	3	70	pips_l400_r40_500-8000.hdf5	left	right
670.3301	1	Stimulus/S  1	1	6703301	6703309	98	4	50	pips_l400_r40_500-8000.hdf5	left	right
671.3861	1	Stimulus/S  1	1	6713861	6713869	98	5	30	pips_l400_r40_500-8000.hdf5	left	right
672.4315	1	Stimulus/S  1	1	6724315	6724323	99	0	20	pips_l400_r40_500-8000.hdf5	left	right
673.4875	1	Stimulus/S  1	1	6734875	6734883	99	1	40	pips_l400_r40_500-8000.hdf5	left	right
674.5328	1	Stimulus/S  1	1	6745328	6745336	99	2	60	pips_l400_r40_500-8000.hdf5	left	right
675.5782	1	Stimulus/S  1	1	6755782	6755790	99	3	70	pips_l400_r40_500-8000.hdf5	left	right
676.6342	1	Stimulus/S  1	1	6766342	6766350	99	4	50	pips_l400_r40_500-8000.hdf5	left	right
677.6795	1	Stimulus/S  1	1	6776795	6776803	99	5	30	pips_l400_r40_500-8000.hdf5	left	right
678.7355	1	Stimulus/S  1	1	6787355	6787363	100	0	20	pips_l400_r40_500-8000.hdf5	left	right
679.7809	1	Stimulus/S  1	1	6797809	6797817	100	1	40	pips_l400_r40_500-8000.hdf5	left	right
680.8369	1	Stimulus/S  1	1	6808369	6808377	100	2	60	pips_l400_r40_500-8000.hdf5	left	right
681.8822	1	Stimulus/S  1	1	6818822	6818830	100	3	70	pips_l400_r40_500-8000.hdf5	left	right
682.9383	1	Stimulus/S  1	1	6829383	6829391	100	4	50	pips_l400_r40_500-8000.hdf5	left	right
683.9836	1	Stimulus/S  1	1	6839836	6839844	100	5	30	pips_l400_r40_500-8000.hdf5	left	right
685.0503	1	Stimulus/S  1	1	6850503	6850511	101	0	20	pips_l400_r40_500-8000.hdf5	left	right
686.0956	1	Stimulus/S  1	1	6860956	6860964	101	1	40	pips_l400_r40_500-8000.hdf5	left	right
687.1516	1	Stimulus/S  1	1	6871516	6871524	101	2	60	pips_l400_r40_500-8000.hdf5	left	right
688.197	1	Stimulus/S  1	1	6881970	6881978	101	3	70	pips_l400_r40_500-8000.hdf5	left	right
689.253	1	Stimulus/S  1	1	6892530	6892538	101	4	50	pips_l400_r40_500-8000.hdf5	left	right
690.2983	1	Stimulus/S  1	1	6902983	6902991	101	5	30	pips_l400_r40_500-8000.hdf5	left	right
691.3543	1	Stimulus/S  1	1	6913543	6913551	102	0	20	pips_l400_r40_500-8000.hdf5	left	right
692.3997	1	Stimulus/S  1	1	6923997	6924005	102	1	40	pips_l400_r40_500-8000.hdf5	left	right
693.4664	1	Stimulus/S  1	1	6934664	6934672	102	2	60	pips_l400_r40_500-8000.hdf5	left	right
694.5117	1	Stimulus/S  1	1	6945117	6945125	102	3	70	pips_l400_r40_500-8000.hdf5	left	right
695.5677	1	Stimulus/S  1	1	6955677	6955685	102	4	50	pips_l400_r40_500-8000.hdf5	left	right
696.6131	1	Stimulus/S  1	1	6966131	6966139	102	5	30	pips_l400_r40_500-8000.hdf5	left	right
697.6691	1	Stimulus/S  1	1	6976691	6976699	103	0	20	pips_l400_r40_500-8000.hdf5	left	right
698.7144	1	Stimulus/S  1	1	6987144	6987152	103	1	40	pips_l400_r40_500-8000.hdf5	left	right
699.7704	1	Stimulus/S  1	1	6997704	6997712	103	2	60	pips_l400_r40_500-8000.hdf5	left	right
700.8158	1	Stimulus/S  1	1	7008158	7008166	103	3	70	pips_l400_r40_500-8000.hdf5	left	right
701.8718	1	Stimulus/S  1	1	7018718	7018726	103	4	50	pips_l400_r40_500-8000.hdf5	left	right
702.9384	1	Stimulus/S  1	1	7029384	7029392	103	5	30	pips_l400_r40_500-8000.hdf5	left	right
704.0051	1	Stimulus/S  1	1	7040051	7040059	104	0	20	pips_l400_r40_500-8000.hdf5	left	right
705.0505	1	Stimulus/S  1	1	7050505	7050513	104	1	40	pips_l400_r40_500-8000.hdf5	left	right
706.1171	1	Stimulus/S  1	1	7061171	7061179	104	2	60	pips_l400_r40_500-8000.hdf5	left	right
707.1625	1	Stimulus/S  1	1	7071625	7071633	104	3	70	pips_l400_r40_500-8000.hdf5	left	right
708.2185	1	Stimulus/S  1	1	7082185	7082193	104	4	50	pips_l400_r40_500-8000.hdf5	left	right
709.2638	1	Stimulus/S  1	1	7092638	7092646	104	5	30	pips_l400_r40_500-8000.hdf5	left	right
710.3199	1	Stimulus/S  1	1	7103199	7103207	105	0	20	pips_l400_r40_500-8000.hdf5	left	right
711.3652	1	Stimulus/S  1	1	7113652	7113660	105	1	40	pips_l400_r40_500-8000.hdf5	left	right
712.4212	1	Stimulus/S  1	1	7124212	7124220	105	2	60	pips_l400_r40_500-8000.hdf5	left	right
713.4666	1	Stimulus/S  1	1	7134666	7134674	105	3	70	pips_l400_r40_500-8000.hdf5	left	right
714.5226	1	Stimulus/S  1	1	7145226	7145234	105	4	50	pips_l400_r40_500-8000.hdf5	left	right
715.5679	1	Stimulus/S  1	1	7155679	7155687	105	5	30	pips_l400_r40_500-8000.hdf5	left	right
716.6132	1	Stimulus/S  1	1	7166132	7166140	106	0	20	pips_l400_r40_500-8000.hdf5	left	right
717.6693	1	Stimulus/S  1	1	7176693	7176701	106	1	40	pips_l400_r40_500-8000.hdf5	left	right
718.7146	1	Stimulus/S  1	1	7187146	7187154	106	2	60	pips_l400_r40_500-8000.hdf5	left	right
719.7706	1	Stimulus/S  1	1	7197706	7197714	106	3	70	pips_l400_r40_500-8000.hdf5	left	right
720.816	1	Stimulus/S  1	1	7208160	7208168	106	4	50	pips_l400_r40_500-8000.hdf5	left	right
721.8826	1	Stimulus/S  1	1	7218826	7218834	106	5	30	pips_l400_r40_500-8000.hdf5	left	right
722.9386	1	Stimulus/S  1	1	7229386	7229394	107	0	20	pips_l400_r40_500-8000.hdf5	left	right
724.0053	1	Stimulus/S  1	1	7240053	7240061	107	1	40	pips_l400_r40_500-8000.hdf5	left	right
725.072	1	Stimulus/S  1	1	7250720	7250728	107	2	60	pips_l400_r40_500-8000.hdf5	left	right
726.1173	1	Stimulus/S  1	1	7261173	7261181	107	3	70	pips_l400_r40_500-8000.hdf5	left	right
727.184	1	Stimulus/S  1	1	7271840	7271848	107	4	50	pips_l400_r40_500-8000.hdf5	left	right
728.2294	1	Stimulus/S  1	1	7282294	7282302	107	5	30	pips_l400_r40_500-8000.hdf5	left	right
729.296	1	Stimulus/S  1	1	7292960	7292968	108	0	20	pips_l400_r40_500-8000.hdf5	left	right
730.3627	1	Stimulus/S  1	1	7303627	7303635	108	1	40	pips_l400_r40_500-8000.hdf5	left	right
731.4294	1	Stimulus/S  1	1	7314294	7314302	108	2	60	pips_l400_r40_500-8000.hdf5	left	right
732.4961	1	Stimulus/S  1	1	7324961	7324969	108	3	70	pips_l400_r40_500-8000.hdf5	left	right
733.5627	1	Stimulus/S  1	1	7335627	7335635	108	4	50	pips_l400_r40_500-8000.hdf5	left	right
734.6294	1	Stimulus/S  1	1	7346294	7346302	108	5	30	pips_l400_r40_500-8000.hdf5	left	right
735.6961	1	Stimulus/S  1	1	7356961	7356969	109	0	20	pips_l400_r40_500-8000.hdf5	left	right
736.7628	1	Stimulus/S  1	1	7367628	7367636	109	1	40	pips_l400_r40_500-8000.hdf5	left	right
737.8295	1	Stimulus/S  1	1	7378295	7378303	109	2	60	pips_l400_r40_500-8000.hdf5	left	right
738.8855	1	Stimulus/S  1	1	7388855	7388863	109	3	70	pips_l400_r40_500-8000.hdf5	left	right
739.9308	1	Stimulus/S  1	1	7399308	7399316	109	4	50	pips_l400_r40_500-8000.hdf5	left	right
740.9868	1	Stimulus/S  1	1	7409868	7409876	109	5	30	pips_l400_r40_500-8000.hdf5	left	right
742.0322	1	Stimulus/S  1	1	7420322	7420330	110	0	20	pips_l400_r40_500-8000.hdf5	left	right
743.0882	1	Stimulus/S  1	1	7430882	7430890	110	1	40	pips_l400_r40_500-8000.hdf5	left	right
744.1335	1	Stimulus/S  1	1	7441335	7441343	110	2	60	pips_l400_r40_500-8000.hdf5	left	right
745.1789	1	Stimulus/S  1	1	7451789	7451797	110	3	70	pips_l400_r40_500-8000.hdf5	left	right
746.2349	1	Stimulus/S  1	1	7462349	7462357	110	4	50	pips_l400_r40_500-8000.hdf5	left	right
747.2802	1	Stimulus/S  1	1	7472802	7472810	110	5	30	pips_l400_r40_500-8000.hdf5	left	right
748.3362	1	Stimulus/S  1	1	7483362	7483370	111	0	20	pips_l400_r40_500-8000.hdf5	left	right
749.4029	1	Stimulus/S  1	1	7494029	7494037	111	1	40	pips_l400_r40_500-8000.hdf5	left	right
750.4482	1	Stimulus/S  1	1	7504482	7504490	111	2	60	pips_l400_r40_500-8000.hdf5	left	right
751.5149	1	Stimulus/S  1	1	7515149	7515157	111	3	70	pips_l400_r40_500-8000.hdf5	left	right
752.5816	1	Stimulus/S  1	1	7525816	7525824	111	4	50	pips_l400_r40_500-8000.hdf5	left	right
753.6483	1	Stimulus/S  1	1	7536483	7536491	111	5	30	pips_l400_r40_500-8000.hdf5	left	right
754.715	1	Stimulus/S  1	1	7547150	7547158	112	0	20	pips_l400_r40_500-8000.hdf5	left	right
755.7816	1	Stimulus/S  1	1	7557816	7557824	112	1	40	pips_l400_r40_500-8000.hdf5	left	right
756.8483	1	Stimulus/S  1	1	7568483	7568491	112	2	60	pips_l400_r40_500-8000.hdf5	left	right
757.915	1	Stimulus/S  1	1	7579150	7579158	112	3	70	pips_l400_r40_500-8000.hdf5	left	right
758.9817	1	Stimulus/S  1	1	7589817	7589825	112	4	50	pips_l400_r40_500-8000.hdf5	left	right
760.0483	1	Stimulus/S  1	1	7600483	7600491	112	5	30	pips_l400_r40_500-8000.hdf5	left	right
761.1044	1	Stimulus/S  1	1	7611044	7611052	113	0	20	pips_l400_r40_500-8000.hdf5	left	right
762.171	1	Stimulus/S  1	1	7621710	7621718	113	1	40	pips_l400_r40_500-8000.hdf5	left	right
763.2164	1	Stimulus/S  1	1	7632164	7632172	113	2	60	pips_l400_r40_500-8000.hdf5	left	right
764.2831	1	Stimulus/S  1	1	7642831	7642839	113	3	70	pips_l400_r40_500-8000.hdf5	left	right
765.3391	1	Stimulus/S  1	1	7653391	7653399	113	4	50	pips_l400_r40_500-8000.hdf5	left	right
766.3844	1	Stimulus/S  1	1	7663844	7663852	113	5	30	pips_l400_r40_500-8000.hdf5	left	right
767.4297	1	Stimulus/S  1	1	7674297	7674305	114	0	20	pips_l400_r40_500-8000.hdf5	left	right
768.4858	1	Stimulus/S  1	1	7684858	7684866	114	1	40	pips_l400_r40_500-8000.hdf5	left	right
769.5311	1	Stimulus/S  1	1	7695311	7695319	114	2	60	pips_l400_r40_500-8000.hdf5	left	right
770.5871	1	Stimulus/S  1	1	7705871	7705879	114	3	70	pips_l400_r40_500-8000.hdf5	left	right
771.6325	1	Stimulus/S  1	1	7716325	7716333	114	4	50	pips_l400_r40_500-8000.hdf5	left	right
772.6885	1	Stimulus/S  1	1	7726885	7726893	114	5	30	pips_l400_r40_500-8000.hdf5	left	right
773.7338	1	Stimulus/S  1	1	7737338	7737346	115	0	20	pips_l400_r40_500-8000.hdf5	left	right
774.7898	1	Stimulus/S  1	1	7747898	7747906	115	1	40	pips_l400_r40_500-8000.hdf5	left	right
775.8352	1	Stimulus/S  1	1	7758352	7758360	115	2	60	pips_l400_r40_500-8000.hdf5	left	right
776.9018	1	Stimulus/S  1	1	7769018	7769026	115	3	70	pips_l400_r40_500-8000.hdf5	left	right
777.9472	1	Stimulus/S  1	1	7779472	7779480	115	4	50	pips_l400_r40_500-8000.hdf5	left	right
779.0139	1	Stimulus/S  1	1	7790139	7790147	115	5	30	pips_l400_r40_500-8000.hdf5	left	right
780.0699	1	Stimulus/S  1	1	7800699	7800707	116	0	20	pips_l400_r40_500-8000.hdf5	left	right
781.1366	1	Stimulus/S  1	1	7811366	7811374	116	1	40	pips_l400_r40_500-8000.hdf5	left	right
782.2032	1	Stimulus/S  1	1	7822032	7822040	116	2	60	pips_l400_r40_500-8000.hdf5	left	right
783.2699	1	Stimulus/S  1	1	7832699	7832707	116	3	70	pips_l400_r40_500-8000.hdf5	left	right
784.3366	1	Stimulus/S  1	1	7843366	7843374	116	4	50	pips_l400_r40_500-8000.hdf5	left	right
785.4033	1	Stimulus/S  1	1	7854033	7854041	116	5	30	pips_l400_r40_500-8000.hdf5	left	right
786.4699	1	Stimulus/S  1	1	7864699	7864707	117	0	20	pips_l400_r40_500-8000.hdf5	left	right
787.5366	1	Stimulus/S  1	1	7875366	7875374	117	1	40	pips_l400_r40_500-8000.hdf5	left	right
788.6033	1	Stimulus/S  1	1	7886033	7886041	117	2	60	pips_l400_r40_500-8000.hdf5	left	right
789.67	1	Stimulus/S  1	1	7896700	7896708	117	3	70	pips_l400_r40_500-8000.hdf5	left	right
790.7153	1	Stimulus/S  1	1	7907153	7907161	117	4	50	pips_l400_r40_500-8000.hdf5	left	right
791.782	1	Stimulus/S  1	1	7917820	7917828	117	5	30	pips_l400_r40_500-8000.hdf5	left	right
792.838	1	Stimulus/S  1	1	7928380	7928388	118	0	20	pips_l400_r40_500-8000.hdf5	left	right
793.9047	1	Stimulus/S  1	1	7939047	7939055	118	1	40	pips_l400_r40_500-8000.hdf5	left	right
794.95	1	Stimulus/S  1	1	7949500	7949508	118	2	60	pips_l400_r40_500-8000.hdf5	left	right
796.006	1	Stimulus/S  1	1	7960060	7960068	118	3	70	pips_l400_r40_500-8000.hdf5	left	right
797.0514	1	Stimulus/S  1	1	7970514	7970522	118	4	50	pips_l400_r40_500-8000.hdf5	left	right
798.0967	1	Stimulus/S  1	1	7980967	7980975	118	5	30	pips_l400_r40_500-8000.hdf5	left	right
799.1527	1	Stimulus/S  1	1	7991527	7991535	119	0	20	pips_l400_r40_500-8000.hdf5	left	right
800.2194	1	Stimulus/S  1	1	8002194	8002202	119	1	40	pips_l400_r40_500-8000.hdf5	left	right
801.2647	1	Stimulus/S  1	1	8012647	8012655	119	2	60	pips_l400_r40_500-8000.hdf5	left	right
802.3314	1	Stimulus/S  1	1	8023314	8023322	119	3	70	pips_l400_r40_500-8000.hdf5	left	right
803.3874	1	Stimulus/S  1	1	8033874	8033882	119	4	50	pips_l400_r40_500-8000.hdf5	left	right
804.4541	1	Stimulus/S  1	1	8044541	8044549	119	5	30	pips_l400_r40_500-8000.hdf5	left	right
805.5208	1	Stimulus/S  1	1	8055208	8055216	0	0	20	pips_l400_r40_500-8000.hdf5	left	right
806.5875	1	Stimulus/S  1	1	8065875	8065883	0	1	40	pips_l400_r40_500-8000.hdf5	left	right
807.6541	1	Stimulus/S  1	1	8076541	8076549	0	2	60	pips_l400_r40_500-8000.hdf5	left	right
808.7208	1	Stimulus/S  1	1	8087208	8087216	0	3	70	pips_l400_r40_500-8000.hdf5	left	right
809.7875	1	Stimulus/S  1	1	8097875	8097883	0	4	50	pips_l400_r40_500-8000.hdf5	left	right
810.8542	1	Stimulus/S  1	1	8108542	8108550	0	5	30	pips_l400_r40_500-8000.hdf5	left	right
811.9209	1	Stimulus/S  1	1	8119209	8119217	1	0	20	pips_l400_r40_500-8000.hdf5	left	right
812.9875	1	Stimulus/S  1	1	8129875	8129883	1	1	40	pips_l400_r40_500-8000.hdf5	left	right
814.0329	1	Stimulus/S  1	1	8140329	8140337	1	2	60	pips_l400_r40_500-8000.hdf5	left	right
815.0996	1	Stimulus/S  1	1	8150996	8151004	1	3	70	pips_l400_r40_500-8000.hdf5	left	right
816.1662	1	Stimulus/S  1	1	8161662	8161670	1	4	50	pips_l400_r40_500-8000.hdf5	left	right
817.2222	1	Stimulus/S  1	1	8172222	8172230	1	5	30	pips_l400_r40_500-8000.hdf5	left	right
818.2676	1	Stimulus/S  1	1	8182676	8182684	2	0	20	pips_l400_r40_500-8000.hdf5	left	right
819.3236	1	Stimulus/S  1	1	8193236	8193244	2	1	40	pips_l400_r40_500-8000.hdf5	left	right
820.3689	1	Stimulus/S  1	1	8203689	8203697	2	2	60	pips_l400_r40_500-8000.hdf5	left	right
821.4143	1	Stimulus/S  1	1	8214143	8214151	2	3	70	pips_l400_r40_500-8000.hdf5	left	right
822.4703	1	Stimulus/S  1	1	8224703	8224711	2	4	50	pips_l400_r40_500-8000.hdf5	left	right
823.5156	1	Stimulus/S  1	1	8235156	8235164	2	5	30	pips_l400_r40_500-8000.hdf5	left	right
824.5716	1	Stimulus/S  1	1	8245716	8245724	3	0	20	pips_l400_r40_500-8000.hdf5	left	right
825.617	1	Stimulus/S  1	1	8256170	8256178	3	1	40	pips_l400_r40_500-8000.hdf5	left	right
826.673	1	Stimulus/S  1	1	8266730	8266738	3	2	60	pips_l400_r40_500-8000.hdf5	left	right
827.7397	1	Stimulus/S  1	1	8277397	8277405	3	3	70	pips_l400_r40_500-8000.hdf5	left	right
828.785	1	Stimulus/S  1	1	8287850	8287858	3	4	50	pips_l400_r40_500-8000.hdf5	left	right
829.8517	1	Stimulus/S  1	1	8298517	8298525	3	5	30	pips_l400_r40_500-8000.hdf5	left	right
830.897	1	Stimulus/S  1	1	8308970	8308978	4	0	20	pips_l400_r40_500-8000.hdf5	left	right
831.9744	1	Stimulus/S  1	1	8319744	8319752	4	1	40	pips_l400_r40_500-8000.hdf5	left	right
833.0411	1	Stimulus/S  1	1	8330411	8330419	4	2	60	pips_l400_r40_500-8000.hdf5	left	right
834.1077	1	Stimulus/S  1	1	8341077	8341085	4	3	70	pips_l400_r40_500-8000.hdf5	left	right
835.1744	1	Stimulus/S  1	1	8351744	8351752	4	4	50	pips_l400_r40_500-8000.hdf5	left	right
836.2304	1	Stimulus/S  1	1	8362304	8362312	4	5	30	pips_l400_r40_500-8000.hdf5	left	right
837.3078	1	Stimulus/S  1	1	8373078	8373086	5	0	20	pips_l400_r40_500-8000.hdf5	left	right
838.3531	1	Stimulus/S  1	1	8383531	8383539	5	1	40	pips_l400_r40_500-8000.hdf5	left	right
839.4198	1	Stimulus/S  1	1	8394198	8394206	5	2	60	pips_l400_r40_500-8000.hdf5	left	right
840.4651	1	Stimulus/S  1	1	8404651	8404659	5	3	70	pips_l400_r40_500-8000.hdf5	left	right
841.5211	1	Stimulus/S  1	1	8415211	8415219	5	4	50	pips_l400_r40_500-8000.hdf5	left	right
842.5665	1	Stimulus/S  1	1	8425665	8425673	5	5	30	pips_l400_r40_500-8000.hdf5	left	right
843.6225	1	Stimulus/S  1	1	8436225	8436233	6	0	20	pips_l400_r40_500-8000.hdf5	left	right
844.6678	1	Stimulus/S  1	1	8446678	8446686	6	1	40	pips_l400_r40_500-8000.hdf5	left	right
845.7239	1	Stimulus/S  1	1	8457239	8457247	6	2	60	pips_l400_r40_500-8000.hdf5	left	right
846.7692	1	Stimulus/S  1	1	8467692	8467700	6	3	70	pips_l400_r40_500-8000.hdf5	left	right
847.8145	1	Stimulus/S  1	1	8478145	8478153	6	4	50	pips_l400_r40_500-8000.hdf5	left	right
848.8812	1	Stimulus/S  1	1	8488812	8488820	6	5	30	pips_l400_r40_500-8000.hdf5	left	right
849.9479	1	Stimulus/S  1	1	8499479	8499487	7	0	20	pips_l400_r40_500-8000.hdf5	left	right
851.0039	1	Stimulus/S  1	1	8510039	8510047	7	1	40	pips_l400_r40_500-8000.hdf5	left	right
852.0706	1	Stimulus/S  1	1	8520706	8520714	7	2	60	pips_l400_r40_500-8000.hdf5	left	right
853.1159	1	Stimulus/S  1	1	8531159	8531167	7	3	70	pips_l400_r40_500-8000.hdf5	left	right
854.1826	1	Stimulus/S  1	1	8541826	8541834	7	4	50	pips_l400_r40_500-8000.hdf5	left	right
855.2493	1	Stimulus/S  1	1	8552493	8552501	7	5	30	pips_l400_r40_500-8000.hdf5	left	right
856.316	1	Stimulus/S  1	1	8563160	8563168	8	0	20	pips_l400_r40_500-8000.hdf5	left	right
857.3826	1	Stimulus/S  1	1	8573826	8573834	8	1	40	pips_l400_r40_500-8000.hdf5	left	right
858.4493	1	Stimulus/S  1	1	8584493	8584501	8	2	60	pips_l400_r40_500-8000.hdf5	left	right
859.516	1	Stimulus/S  1	1	8595160	8595168	8	3	70	pips_l400_r40_500-8000.hdf5	left	right
860.5827	1	Stimulus/S  1	1	8605827	8605835	8	4	50	pips_l400_r40_500-8000.hdf5	left	right
861.6493	1	Stimulus/S  1	1	8616493	8616501	8	5	30	pips_l400_r40_500-8000.hdf5	left	right
862.716	1	Stimulus/S  1	1	8627160	8627168	9	0	20	pips_l400_r40_500-8000.hdf5	left	right
863.7827	1	Stimulus/S  1	1	8637827	8637835	9	1	40	pips_l400_r40_500-8000.hdf5	left	right
864.8494	1	Stimulus/S  1	1	8648494	8648502	9	2	60	pips_l400_r40_500-8000.hdf5	left	right
865.916	1	Stimulus/S  1	1	8659160	8659168	9	3	70	pips_l400_r40_500-8000.hdf5	left	right
866.9827	1	Stimulus/S  1	1	8669827	8669835	9	4	50	pips_l400_r40_500-8000.hdf5	left	right
868.0494	1	Stimulus/S  1	1	8680494	8680502	9	5	30	pips_l400_r40_500-8000.hdf5	left	right
869.1161	1	Stimulus/S  1	1	8691161	8691169	10	0	20	pips_l400_r40_500-8000.hdf5	left	right
870.1828	1	Stimulus/S  1	1	8701828	8701836	10	1	40	pips_l400_r40_500-8000.hdf5	left	right
871.2494	1	Stimulus/S  1	1	8712494	8712502	10	2	60	pips_l400_r40_500-8000.hdf5	left	right
872.3161	1	Stimulus/S  1	1	8723161	8723169	10	3	70	pips_l400_r40_500-8000.hdf5	left	right
873.3828	1	Stimulus/S  1	1	8733828	8733836	10	4	50	pips_l400_r40_500-8000.hdf5	left	right
874.4495	1	Stimulus/S  1	1	8744495	8744503	10	5	30	pips_l400_r40_500-8000.hdf5	left	right
875.5161	1	Stimulus/S  1	1	8755161	8755169	11	0	20	pips_l400_r40_500-8000.hdf5	left	right
876.5722	1	Stimulus/S  1	1	8765722	8765730	11	1	40	pips_l400_r40_500-8000.hdf5	left	right
877.6388	1	Stimulus/S  1	1	8776388	8776396	11	2	60	pips_l400_r40_500-8000.hdf5	left	right
878.7055	1	Stimulus/S  1	1	8787055	8787063	11	3	70	pips_l400_r40_500-8000.hdf5	left	right
879.7509	1	Stimulus/S  1	1	8797509	8797517	11	4	50	pips_l400_r40_500-8000.hdf5	left	right
880.8069	1	Stimulus/S  1	1	8808069	8808077	11	5	30	pips_l400_r40_500-8000.hdf5	left	right
881.8522	1	Stimulus/S  1	1	8818522	8818530	12	0	20	pips_l400_r40_500-8000.hdf5	left	right
882.9082	1	Stimulus/S  1	1	8829082	8829090	12	1	40	pips_l400_r40_500-8000.hdf5	left	right
883.9536	1	Stimulus/S  1	1	8839536	8839544	12	2	60	pips_l400_r40_500-8000.hdf5	left	right
884.9989	1	Stimulus/S  1	1	8849989	8849997	12	3	70	pips_l400_r40_500-8000.hdf5	left	right
886.0549	1	Stimulus/S  1	1	8860549	8860557	12	4	50	pips_l400_r40_500-8000.hdf5	left	right
887.1003	1	Stimulus/S  1	1	8871003	8871011	12	5	30	pips_l400_r40_500-8000.hdf5	left	right
888.1669	1	Stimulus/S  1	1	8881669	8881677	13	0	20	pips_l400_r40_500-8000.hdf5	left	right
889.2229	1	Stimulus/S  1	1	8892229	8892237	13	1	40	pips_l400_r40_500-8000.hdf5	left	right
890.2896	1	Stimulus/S  1	1	8902896	8902904	13	2	60	pips_l400_r40_500-8000.hdf5	left	right
891.335	1	Stimulus/S  1	1	8913350	8913358	13	3	70	pips_l400_r40_500-8000.hdf5	left	right
892.4016	1	Stimulus/S  1	1	8924016	8924024	13	4	50	pips_l400_r40_500-8000.hdf5	left	right
893.4683	1	Stimulus/S  1	1	8934683	8934691	13	5	30	pips_l400_r40_500-8000.hdf5	left	right
894.535	1	Stimulus/S  1	1	8945350	8945358	14	0	20	pips_l400_r40_500-8000.hdf5	left	right
895.6017	1	Stimulus/S  1	1	8956017	8956025	14	1	40	pips_l400_r40_500-8000.hdf5	left	right
896.6684	1	Stimulus/S  1	1	8966684	8966692	14	2	60	pips_l400_r40_500-8000.hdf5	left	right
897.735	1	Stimulus/S  1	1	8977350	8977358	14	3	70	pips_l400_r40_500-8000.hdf5	left	right
898.8017	1	Stimulus/S  1	1	8988017	8988025	14	4	50	pips_l400_r40_500-8000.hdf5	left	right
899.8684	1	Stimulus/S  1	1	8998684	8998692	14	5	30	pips_l400_r40_500-8000.hdf5	left	right
900.9351	1	Stimulus/S  1	1	9009351	9009359	15	0	20	pips_l400_r40_500-8000.hdf5	left	right
901.9911	1	Stimulus/S  1	1	9019911	9019919	15	1	40	pips_l400_r40_500-8000.hdf5	left	right
903.0577	1	Stimulus/S  1	1	9030577	9030585	15	2	60	pips_l400_r40_500-8000.hdf5	left	right
904.1031	1	Stimulus/S  1	1	9041031	9041039	15	3	70	pips_l400_r40_500-8000.hdf5	left	right
905.1698	1	Stimulus/S  1	1	9051698	9051706	15	4	50	pips_l400_r40_500-8000.hdf5	left	right
906.2258	1	Stimulus/S  1	1	9062258	9062266	15	5	30	pips_l400_r40_500-8000.hdf5	left	right
907.2711	1	Stimulus/S  1	1	9072711	9072719	16	0	20	pips_l400_r40_500-8000.hdf5	left	right
908.3165	1	Stimulus/S  1	1	9083165	9083173	16	1	40	pips_l400_r40_500-8000.hdf5	left	right
909.3725	1	Stimulus/S  1	1	9093725	9093733	16	2	60	pips_l400_r40_500-8000.hdf5	left	right
910.4178	1	Stimulus/S  1	1	9104178	9104186	16	3	70	pips_l400_r40_500-8000.hdf5	left	right
911.4845	1	Stimulus/S  1	1	9114845	9114853	16	4	50	pips_l400_r40_500-8000.hdf5	left	right
912.5405	1	Stimulus/S  1	1	9125405	9125413	16	5	30	pips_l400_r40_500-8000.hdf5	left	right
913.6072	1	Stimulus/S  1	1	9136072	9136080	17	0	20	pips_l400_r40_500-8000.hdf5	left	right
914.6525	1	Stimulus/S  1	1	9146525	9146533	17	1	40	pips_l400_r40_500-8000.hdf5	left	right
915.7192	1	Stimulus/S  1	1	9157192	9157200	17	2	60	pips_l400_r40_500-8000.hdf5	left	right
916.7859	1	Stimulus/S  1	1	9167859	9167867	17	3	70	pips_l400_r40_500-8000.hdf5	left	right
917.8526	1	Stimulus/S  1	1	9178526	9178534	17	4	50	pips_l400_r40_500-8000.hdf5	left	right
918.9192	1	Stimulus/S  1	1	9189192	9189200	17	5	30	pips_l400_r40_500-8000.hdf5	left	right
919.9859	1	Stimulus/S  1	1	9199859	9199867	18	0	20	pips_l400_r40_500-8000.hdf5	left	right
921.0526	1	Stimulus/S  1	1	9210526	9210534	18	1	40	pips_l400_r40_500-8000.hdf5	left	right
922.1086	1	Stimulus/S  1	1	9221086	9221094	18	2	60	pips_l400_r40_500-8000.hdf5	left	right
923.1753	1	Stimulus/S  1	1	9231753	9231761	18	3	70	pips_l400_r40_500-8000.hdf5	left	right
924.2206	1	Stimulus/S  1	1	9242206	9242214	18	4	50	pips_l400_r40_500-8000.hdf5	left	right
925.2873	1	Stimulus/S  1	1	9252873	9252881	18	5	30	pips_l400_r40_500-8000.hdf5	left	right
926.3326	1	Stimulus/S  1	1	9263326	9263334	19	0	20	pips_l400_r40_500-8000.hdf5	left	right
927.3887	1	Stimulus/S  1	1	9273887	9273895	19	1	40	pips_l400_r40_500-8000.hdf5	left	right
928.434	1	Stimulus/S  1	1	9284340	9284348	19	2	60	pips_l400_r40_500-8000.hdf5	left	right
929.49	1	Stimulus/S  1	1	9294900	9294908	19	3	70	pips_l400_r40_500-8000.hdf5	left	right
930.5353	1	Stimulus/S  1	1	9305353	9305361	19	4	50	pips_l400_r40_500-8000.hdf5	left	right
931.602	1	Stimulus/S  1	1	9316020	9316028	19	5	30	pips_l400_r40_500-8000.hdf5	left	right
932.658	1	Stimulus/S  1	1	9326580	9326588	20	0	20	pips_l400_r40_500-8000.hdf5	left	right
933.7247	1	Stimulus/S  1	1	9337247	9337255	20	1	40	pips_l400_r40_500-8000.hdf5	left	right
934.7701	1	Stimulus/S  1	1	9347701	9347709	20	2	60	pips_l400_r40_500-8000.hdf5	left	right
935.8367	1	Stimulus/S  1	1	9358367	9358375	20	3	70	pips_l400_r40_500-8000.hdf5	left	right
936.9034	1	Stimulus/S  1	1	9369034	9369042	20	4	50	pips_l400_r40_500-8000.hdf5	left	right
937.9701	1	Stimulus/S  1	1	9379701	9379709	20	5	30	pips_l400_r40_500-8000.hdf5	left	right
939.0368	1	Stimulus/S  1	1	9390368	9390376	21	0	20	pips_l400_r40_500-8000.hdf5	left	right
940.1034	1	Stimulus/S  1	1	9401034	9401042	21	1	40	pips_l400_r40_500-8000.hdf5	left	right
941.1701	1	Stimulus/S  1	1	9411701	9411709	21	2	60	pips_l400_r40_500-8000.hdf5	left	right
942.2261	1	Stimulus/S  1	1	9422261	9422269	21	3	70	pips_l400_r40_500-8000.hdf5	left	right
943.2928	1	Stimulus/S  1	1	9432928	9432936	21	4	50	pips_l400_r40_500-8000.hdf5	left	right
944.3382	1	Stimulus/S  1	1	9443382	9443390	21	5	30	pips_l400_r40_500-8000.hdf5	left	right
945.4048	1	Stimulus/S  1	1	9454048	9454056	22	0	20	pips_l400_r40_500-8000.hdf5	left	right
946.4502	1	Stimulus/S  1	1	9464502	9464510	22	1	40	pips_l400_r40_500-8000.hdf5	left	right
947.5062	1	Stimulus/S  1	1	9475062	9475070	22	2	60	pips_l400_r40_500-8000.hdf5	left	right
948.5515	1	Stimulus/S  1	1	9485515	9485523	22	3	70	pips_l400_r40_500-8000.hdf5	left	right
949.6075	1	Stimulus/S  1	1	9496075	9496083	22	4	50	pips_l400_r40_500-8000.hdf5	left	right
950.6529	1	Stimulus/S  1	1	9506529	9506537	22	5	30	pips_l400_r40_500-8000.hdf5	left	right
951.7089	1	Stimulus/S  1	1	9517089	9517097	23	0	20	pips_l400_r40_500-8000.hdf5	left	right
952.7542	1	Stimulus/S  1	1	9527542	9527550	23	1	40	pips_l400_r40_500-8000.hdf5	left	right
953.8209	1	Stimulus/S  1	1	9538209	9538217	23	2	60	pips_l400_r40_500-8000.hdf5	left	right
954.8663	1	Stimulus/S  1	1	9548663	9548671	23	3	70	pips_l400_r40_500-8000.hdf5	left	right
955.9329	1	Stimulus/S  1	1	9559329	9559337	23	4	50	pips_l400_r40_500-8000.hdf5	left	right
956.9889	1	Stimulus/S  1	1	9569889	9569897	23	5	30	pips_l400_r40_500-8000.hdf5	left	right
958.0556	1	Stimulus/S  1	1	9580556	9580564	24	0	20	pips_l400_r40_500-8000.hdf5	left	right
959.1223	1	Stimulus/S  1	1	9591223	9591231	24	1	40	pips_l400_r40_500-8000.hdf5	left	right
960.189	1	Stimulus/S  1	1	9601890	9601898	24	2	60	pips_l400_r40_500-8000.hdf5	left	right
961.2556	1	Stimulus/S  1	1	9612556	9612564	24	3	70	pips_l400_r40_500-8000.hdf5	left	right
962.3223	1	Stimulus/S  1	1	9623223	9623231	24	4	50	pips_l400_r40_500-8000.hdf5	left	right
963.389	1	Stimulus/S  1	1	9633890	9633898	24	5	30	pips_l400_r40_500-8000.hdf5	left	right
964.4343	1	Stimulus/S  1	1	9644343	9644351	25	0	20	pips_l400_r40_500-8000.hdf5	left	right
965.501	1	Stimulus/S  1	1	9655010	9655018	25	1	40	pips_l400_r40_500-8000.hdf5	left	right
966.557	1	Stimulus/S  1	1	9665570	9665578	25	2	60	pips_l400_r40_500-8000.hdf5	left	right
967.6237	1	Stimulus/S  1	1	9676237	9676245	25	3	70	pips_l400_r40_500-8000.hdf5	left	right
968.6691	1	Stimulus/S  1	1	9686691	9686699	25	4	50	pips_l400_r40_500-8000.hdf5	left	right
969.7251	1	Stimulus/S  1	1	9697251	9697259	25	5	30	pips_l400_r40_500-8000.hdf5	left	right
970.7704	1	Stimulus/S  1	1	9707704	9707712	26	0	20	pips_l400_r40_500-8000.hdf5	left	right
971.8264	1	Stimulus/S  1	1	9718264	9718272	26	1	40	pips_l400_r40_500-8000.hdf5	left	right
972.8718	1	Stimulus/S  1	1	9728718	9728726	26	2	60	pips_l400_r40_500-8000.hdf5	left	right
973.9171	1	Stimulus/S  1	1	9739171	9739179	26	3	70	pips_l400_r40_500-8000.hdf5	left	right
974.9731	1	Stimulus/S  1	1	9749731	9749739	26	4	50	pips_l400_r40_500-8000.hdf5	left	right
976.0398	1	Stimulus/S  1	1	9760398	9760406	26	5	30	pips_l400_r40_500-8000.hdf5	left	right
977.0851	1	Stimulus/S  1	1	9770851	9770859	27	0	20	pips_l400_r40_500-8000.hdf5	left	right
978.1518	1	Stimulus/S  1	1	9781518	9781526	27	1	40	pips_l400_r40_500-8000.hdf5	left	right
979.2078	1	Stimulus/S  1	1	9792078	9792086	27	2	60	pips_l400_r40_500-8000.hdf5	left	right
980.2745	1	Stimulus/S  1	1	9802745	9802753	27	3	70	pips_l400_r40_500-8000.hdf5	left	right
981.3412	1	Stimulus/S  1	1	9813412	9813420	27	4	50	pips_l400_r40_500-8000.hdf5	left	right
982.4079	1	Stimulus/S  1	1	9824079	9824087	27	5	30	pips_l400_r40_500-8000.hdf5	left	right
983.4745	1	Stimulus/S  1	1	9834745	9834753	28	0	20	pips_l400_r40_500-8000.hdf5	left	right
984.5412	1	Stimulus/S  1	1	9845412	9845420	28	1	40	pips_l400_r40_500-8000.hdf5	left	right
985.6079	1	Stimulus/S  1	1	9856079	9856087	28	2	60	pips_l400_r40_500-8000.hdf5	left	right
986.6532	1	Stimulus/S  1	1	9866532	9866540	28	3	70	pips_l400_r40_500-8000.hdf5	left	right
987.7199	1	Stimulus/S  1	1	9877199	9877207	28	4	50	pips_l400_r40_500-8000.hdf5	left	right
988.7759	1	Stimulus/S  1	1	9887759	9887767	28	5	30	pips_l400_r40_500-8000.hdf5	left	right
989.8426	1	Stimulus/S  1	1	9898426	9898434	29	0	20	pips_l400_r40_500-8000.hdf5	left	right
990.8879	1	Stimulus/S  1	1	9908879	9908887	29	1	40	pips_l400_r40_500-8000.hdf5	left	right
991.9333	1	Stimulus/S  1	1	9919333	9919341	29	2	60	pips_l400_r40_500-8000.hdf5	left	right
992.9893	1	Stimulus/S  1	1	9929893	9929901	29	3	70	pips_l400_r40_500-8000.hdf5	left	right
994.0346	1	Stimulus/S  1	1	9940346	9940354	29	4	50	pips_l400_r40_500-8000.hdf5	left	right
995.0906	1	Stimulus/S  1	1	9950906	9950914	29	5	30	pips_l400_r40_500-8000.hdf5	left	right
996.1573	1	Stimulus/S  1	1	9961573	9961581	30	0	20	pips_l400_r40_500-8000.hdf5	left	right
997.2027	1	Stimulus/S  1	1	9972027	9972035	30	1	40	pips_l400_r40_500-8000.hdf5	left	right
998.2693	1	Stimulus/S  1	1	9982693	9982701	30	2	60	pips_l400_r40_500-8000.hdf5	left	right
999.3254	1	Stimulus/S  1	1	9993254	9993262	30	3	70	pips_l400_r40_500-8000.hdf5	left	right
1000.392	1	Stimulus/S  1	1	10003920	10003928	30	4	50	pips_l400_r40_500-8000.hdf5	left	right
1001.4587	1	Stimulus/S  1	1	10014587	10014595	30	5	30	pips_l400_r40_500-8000.hdf5	left	right
1002.5254	1	Stimulus/S  1	1	10025254	10025262	31	0	20	pips_l400_r40_500-8000.hdf5	left	right
1003.5921	1	Stimulus/S  1	1	10035921	10035929	31	1	40	pips_l400_r40_500-8000.hdf5	left	right
1004.6587	1	Stimulus/S  1	1	10046587	10046595	31	2	60	pips_l400_r40_500-8000.hdf5	left	right
1005.7254	1	Stimulus/S  1	1	10057254	10057262	31	3	70	pips_l400_r40_500-8000.hdf5	left	right
1006.7921	1	Stimulus/S  1	1	10067921	10067929	31	4	50	pips_l400_r40_500-8000.hdf5	left	right
1007.8588	1	Stimulus/S  1	1	10078588	10078596	31	5	30	pips_l400_r40_500-8000.hdf5	left	right
1008.9254	1	Stimulus/S  1	1	10089254	10089262	32	0	20	pips_l400_r40_500-8000.hdf5	left	right
1009.9708	1	Stimulus/S  1	1	10099708	10099716	32	1	40	pips_l400_r40_500-8000.hdf5	left	right
1011.0375	1	Stimulus/S  1	1	10110375	10110383	32	2	60	pips_l400_r40_500-8000.hdf5	left	right
1012.0935	1	Stimulus/S  1	1	10120935	10120943	32	3	70	pips_l400_r40_500-8000.hdf5	left	right
1013.1602	1	Stimulus/S  1	1	10131602	10131610	32	4	50	pips_l400_r40_500-8000.hdf5	left	right
1014.2055	1	Stimulus/S  1	1	10142055	10142063	32	5	30	pips_l400_r40_500-8000.hdf5	left	right
1015.2508	1	Stimulus/S  1	1	10152508	10152516	33	0	20	pips_l400_r40_500-8000.hdf5	left	right
1016.3069	1	Stimulus/S  1	1	10163069	10163077	33	1	40	pips_l400_r40_500-8000.hdf5	left	right
1017.3735	1	Stimulus/S  1	1	10173735	10173743	33	2	60	pips_l400_r40_500-8000.hdf5	left	right
1018.4189	1	Stimulus/S  1	1	10184189	10184197	33	3	70	pips_l400_r40_500-8000.hdf5	left	right
1019.4856	1	Stimulus/S  1	1	10194856	10194864	33	4	50	pips_l400_r40_500-8000.hdf5	left	right
1020.5416	1	Stimulus/S  1	1	10205416	10205424	33	5	30	pips_l400_r40_500-8000.hdf5	left	right
1021.6082	1	Stimulus/S  1	1	10216082	10216090	34	0	20	pips_l400_r40_500-8000.hdf5	left	right
1022.6749	1	Stimulus/S  1	1	10226749	10226757	34	1	40	pips_l400_r40_500-8000.hdf5	left	right
1023.7416	1	Stimulus/S  1	1	10237416	10237424	34	2	60	pips_l400_r40_500-8000.hdf5	left	right
1024.8083	1	Stimulus/S  1	1	10248083	10248091	34	3	70	pips_l400_r40_500-8000.hdf5	left	right
1025.8749	1	Stimulus/S  1	1	10258749	10258757	34	4	50	pips_l400_r40_500-8000.hdf5	left	right
1026.9416	1	Stimulus/S  1	1	10269416	10269424	34	5	30	pips_l400_r40_500-8000.hdf5	left	right
1028.0083	1	Stimulus/S  1	1	10280083	10280091	35	0	20	pips_l400_r40_500-8000.hdf5	left	right
1029.075	1	Stimulus/S  1	1	10290750	10290758	35	1	40	pips_l400_r40_500-8000.hdf5	left	right
1030.1417	1	Stimulus/S  1	1	10301417	10301425	35	2	60	pips_l400_r40_500-8000.hdf5	left	right
1031.187	1	Stimulus/S  1	1	10311870	10311878	35	3	70	pips_l400_r40_500-8000.hdf5	left	right
1032.2537	1	Stimulus/S  1	1	10322537	10322545	35	4	50	pips_l400_r40_500-8000.hdf5	left	right
1033.3097	1	Stimulus/S  1	1	10333097	10333105	35	5	30	pips_l400_r40_500-8000.hdf5	left	right
1034.3764	1	Stimulus/S  1	1	10343764	10343772	36	0	20	pips_l400_r40_500-8000.hdf5	left	right
1035.4217	1	Stimulus/S  1	1	10354217	10354225	36	1	40	pips_l400_r40_500-8000.hdf5	left	right
1036.4671	1	Stimulus/S  1	1	10364671	10364679	36	2	60	pips_l400_r40_500-8000.hdf5	left	right
1037.5231	1	Stimulus/S  1	1	10375231	10375239	36	3	70	pips_l400_r40_500-8000.hdf5	left	right
1038.5684	1	Stimulus/S  1	1	10385684	10385692	36	4	50	pips_l400_r40_500-8000.hdf5	left	right
1039.6244	1	Stimulus/S  1	1	10396244	10396252	36	5	30	pips_l400_r40_500-8000.hdf5	left	right
1040.6911	1	Stimulus/S  1	1	10406911	10406919	37	0	20	pips_l400_r40_500-8000.hdf5	left	right
1041.7364	1	Stimulus/S  1	1	10417364	10417372	37	1	40	pips_l400_r40_500-8000.hdf5	left	right
1042.8031	1	Stimulus/S  1	1	10428031	10428039	37	2	60	pips_l400_r40_500-8000.hdf5	left	right
1043.8591	1	Stimulus/S  1	1	10438591	10438599	37	3	70	pips_l400_r40_500-8000.hdf5	left	right
1044.9258	1	Stimulus/S  1	1	10449258	10449266	37	4	50	pips_l400_r40_500-8000.hdf5	left	right
1045.9925	1	Stimulus/S  1	1	10459925	10459933	37	5	30	pips_l400_r40_500-8000.hdf5	left	right
1047.0592	1	Stimulus/S  1	1	10470592	10470600	38	0	20	pips_l400_r40_500-8000.hdf5	left	right
1048.1258	1	Stimulus/S  1	1	10481258	10481266	38	1	40	pips_l400_r40_500-8000.hdf5	left	right
1049.1925	1	Stimulus/S  1	1	10491925	10491933	38	2	60	pips_l400_r40_500-8000.hdf5	left	right
1050.2592	1	Stimulus/S  1	1	10502592	10502600	38	3	70	pips_l400_r40_500-8000.hdf5	left	right
1051.3259	1	Stimulus/S  1	1	10513259	10513267	38	4	50	pips_l400_r40_500-8000.hdf5	left	right
1052.3925	1	Stimulus/S  1	1	10523925	10523933	38	5	30	pips_l400_r40_500-8000.hdf5	left	right
1053.4592	1	Stimulus/S  1	1	10534592	10534600	39	0	20	pips_l400_r40_500-8000.hdf5	left	right
1054.5046	1	Stimulus/S  1	1	10545046	10545054	39	1	40	pips_l400_r40_500-8000.hdf5	left	right
1055.5606	1	Stimulus/S  1	1	10555606	10555614	39	2	60	pips_l400_r40_500-8000.hdf5	left	right
1056.6059	1	Stimulus/S  1	1	10566059	10566067	39	3	70	pips_l400_r40_500-8000.hdf5	left	right
1057.6513	1	Stimulus/S  1	1	10576513	10576521	39	4	50	pips_l400_r40_500-8000.hdf5	left	right
1058.7073	1	Stimulus/S  1	1	10587073	10587081	39	5	30	pips_l400_r40_500-8000.hdf5	left	right
1059.7526	1	Stimulus/S  1	1	10597526	10597534	40	0	20	pips_l400_r40_500-8000.hdf5	left	right
1060.8086	1	Stimulus/S  1	1	10608086	10608094	40	1	40	pips_l400_r40_500-8000.hdf5	left	right
1061.854	1	Stimulus/S  1	1	10618540	10618548	40	2	60	pips_l400_r40_500-8000.hdf5	left	right
1062.91	1	Stimulus/S  1	1	10629100	10629108	40	3	70	pips_l400_r40_500-8000.hdf5	left	right
1063.9553	1	Stimulus/S  1	1	10639553	10639561	40	4	50	pips_l400_r40_500-8000.hdf5	left	right
1065.0113	1	Stimulus/S  1	1	10650113	10650121	40	5	30	pips_l400_r40_500-8000.hdf5	left	right
1066.0567	1	Stimulus/S  1	1	10660567	10660575	41	0	20	pips_l400_r40_500-8000.hdf5	left	right
1067.1234	1	Stimulus/S  1	1	10671234	10671242	41	1	40	pips_l400_r40_500-8000.hdf5	left	right
1068.1687	1	Stimulus/S  1	1	10681687	10681695	41	2	60	pips_l400_r40_500-8000.hdf5	left	right
1069.2354	1	Stimulus/S  1	1	10692354	10692362	41	3	70	pips_l400_r40_500-8000.hdf5	left	right
1070.302	1	Stimulus/S  1	1	10703020	10703028	41	4	50	pips_l400_r40_500-8000.hdf5	left	right
1071.3687	1	Stimulus/S  1	1	10713687	10713695	41	5	30	pips_l400_r40_500-8000.hdf5	left	right
1072.4354	1	Stimulus/S  1	1	10724354	10724362	42	0	20	pips_l400_r40_500-8000.hdf5	left	right
1073.5021	1	Stimulus/S  1	1	10735021	10735029	42	1	40	pips_l400_r40_500-8000.hdf5	left	right
1074.5688	1	Stimulus/S  1	1	10745688	10745696	42	2	60	pips_l400_r40_500-8000.hdf5	left	right
1075.6354	1	Stimulus/S  1	1	10756354	10756362	42	3	70	pips_l400_r40_500-8000.hdf5	left	right
1076.7021	1	Stimulus/S  1	1	10767021	10767029	42	4	50	pips_l400_r40_500-8000.hdf5	left	right
1077.7688	1	Stimulus/S  1	1	10777688	10777696	42	5	30	pips_l400_r40_500-8000.hdf5	left	right
1078.8355	1	Stimulus/S  1	1	10788355	10788363	43	0	20	pips_l400_r40_500-8000.hdf5	left	right
1079.9021	1	Stimulus/S  1	1	10799021	10799029	43	1	40	pips_l400_r40_500-8000.hdf5	left	right
1080.9688	1	Stimulus/S  1	1	10809688	10809696	43	2	60	pips_l400_r40_500-8000.hdf5	left	right
1082.0355	1	Stimulus/S  1	1	10820355	10820363	43	3	70	pips_l400_r40_500-8000.hdf5	left	right
1083.1022	1	Stimulus/S  1	1	10831022	10831030	43	4	50	pips_l400_r40_500-8000.hdf5	left	right
1084.1688	1	Stimulus/S  1	1	10841688	10841696	43	5	30	pips_l400_r40_500-8000.hdf5	left	right
1085.2249	1	Stimulus/S  1	1	10852249	10852257	44	0	20	pips_l400_r40_500-8000.hdf5	left	right
1086.2915	1	Stimulus/S  1	1	10862915	10862923	44	1	40	pips_l400_r40_500-8000.hdf5	left	right
1087.3369	1	Stimulus/S  1	1	10873369	10873377	44	2	60	pips_l400_r40_500-8000.hdf5	left	right
1088.4036	1	Stimulus/S  1	1	10884036	10884044	44	3	70	pips_l400_r40_500-8000.hdf5	left	right
1089.4596	1	Stimulus/S  1	1	10894596	10894604	44	4	50	pips_l400_r40_500-8000.hdf5	left	right
1090.5049	1	Stimulus/S  1	1	10905049	10905057	44	5	30	pips_l400_r40_500-8000.hdf5	left	right
1091.5609	1	Stimulus/S  1	1	10915609	10915617	45	0	20	pips_l400_r40_500-8000.hdf5	left	right
1092.6063	1	Stimulus/S  1	1	10926063	10926071	45	1	40	pips_l400_r40_500-8000.hdf5	left	right
1093.6516	1	Stimulus/S  1	1	10936516	10936524	45	2	60	pips_l400_r40_500-8000.hdf5	left	right
1094.7076	1	Stimulus/S  1	1	10947076	10947084	45	3	70	pips_l400_r40_500-8000.hdf5	left	right
1095.753	1	Stimulus/S  1	1	10957530	10957538	45	4	50	pips_l400_r40_500-8000.hdf5	left	right
1096.809	1	Stimulus/S  1	1	10968090	10968098	45	5	30	pips_l400_r40_500-8000.hdf5	left	right
1097.8543	1	Stimulus/S  1	1	10978543	10978551	46	0	20	pips_l400_r40_500-8000.hdf5	left	right
1098.921	1	Stimulus/S  1	1	10989210	10989218	46	1	40	pips_l400_r40_500-8000.hdf5	left	right
1099.977	1	Stimulus/S  1	1	10999770	10999778	46	2	60	pips_l400_r40_500-8000.hdf5	left	right
1101.0437	1	Stimulus/S  1	1	11010437	11010445	46	3	70	pips_l400_r40_500-8000.hdf5	left	right
1102.1104	1	Stimulus/S  1	1	11021104	11021112	46	4	50	pips_l400_r40_500-8000.hdf5	left	right
1103.177	1	Stimulus/S  1	1	11031770	11031778	46	5	30	pips_l400_r40_500-8000.hdf5	left	right
1104.2437	1	Stimulus/S  1	1	11042437	11042445	47	0	20	pips_l400_r40_500-8000.hdf5	left	right
1105.3104	1	Stimulus/S  1	1	11053104	11053112	47	1	40	pips_l400_r40_500-8000.hdf5	left	right
1106.3771	1	Stimulus/S  1	1	11063771	11063779	47	2	60	pips_l400_r40_500-8000.hdf5	left	right
1107.4224	1	Stimulus/S  1	1	11074224	11074232	47	3	70	pips_l400_r40_500-8000.hdf5	left	right
1108.4891	1	Stimulus/S  1	1	11084891	11084899	47	4	50	pips_l400_r40_500-8000.hdf5	left	right
1109.5451	1	Stimulus/S  1	1	11095451	11095459	47	5	30	pips_l400_r40_500-8000.hdf5	left	right
1110.6118	1	Stimulus/S  1	1	11106118	11106126	48	0	20	pips_l400_r40_500-8000.hdf5	left	right
1111.6571	1	Stimulus/S  1	1	11116571	11116579	48	1	40	pips_l400_r40_500-8000.hdf5	left	right
1112.7238	1	Stimulus/S  1	1	11127238	11127246	48	2	60	pips_l400_r40_500-8000.hdf5	left	right
1113.7691	1	Stimulus/S  1	1	11137691	11137699	48	3	70	pips_l400_r40_500-8000.hdf5	left	right
1114.8251	1	Stimulus/S  1	1	11148251	11148259	48	4	50	pips_l400_r40_500-8000.hdf5	left	right
1115.8705	1	Stimulus/S  1	1	11158705	11158713	48	5	30	pips_l400_r40_500-8000.hdf5	left	right
1116.9265	1	Stimulus/S  1	1	11169265	11169273	49	0	20	pips_l400_r40_500-8000.hdf5	left	right
1117.9718	1	Stimulus/S  1	1	11179718	11179726	49	1	40	pips_l400_r40_500-8000.hdf5	left	right
1119.0385	1	Stimulus/S  1	1	11190385	11190393	49	2	60	pips_l400_r40_500-8000.hdf5	left	right
1120.0945	1	Stimulus/S  1	1	11200945	11200953	49	3	70	pips_l400_r40_500-8000.hdf5	left	right
1121.1612	1	Stimulus/S  1	1	11211612	11211620	49	4	50	pips_l400_r40_500-8000.hdf5	left	right
1122.2066	1	Stimulus/S  1	1	11222066	11222074	49	5	30	pips_l400_r40_500-8000.hdf5	left	right
1123.2732	1	Stimulus/S  1	1	11232732	11232740	50	0	20	pips_l400_r40_500-8000.hdf5	left	right
1124.3399	1	Stimulus/S  1	1	11243399	11243407	50	1	40	pips_l400_r40_500-8000.hdf5	left	right
1125.3853	1	Stimulus/S  1	1	11253853	11253861	50	2	60	pips_l400_r40_500-8000.hdf5	left	right
1126.4519	1	Stimulus/S  1	1	11264519	11264527	50	3	70	pips_l400_r40_500-8000.hdf5	left	right
1127.5293	1	Stimulus/S  1	1	11275293	11275301	50	4	50	pips_l400_r40_500-8000.hdf5	left	right
1128.596	1	Stimulus/S  1	1	11285960	11285968	50	5	30	pips_l400_r40_500-8000.hdf5	left	right
1129.6626	1	Stimulus/S  1	1	11296626	11296634	51	0	20	pips_l400_r40_500-8000.hdf5	left	right
1130.7293	1	Stimulus/S  1	1	11307293	11307301	51	1	40	pips_l400_r40_500-8000.hdf5	left	right
1131.796	1	Stimulus/S  1	1	11317960	11317968	51	2	60	pips_l400_r40_500-8000.hdf5	left	right
1132.8413	1	Stimulus/S  1	1	11328413	11328421	51	3	70	pips_l400_r40_500-8000.hdf5	left	right
1133.908	1	Stimulus/S  1	1	11339080	11339088	51	4	50	pips_l400_r40_500-8000.hdf5	left	right
1134.9533	1	Stimulus/S  1	1	11349533	11349541	51	5	30	pips_l400_r40_500-8000.hdf5	left	right
1136.02	1	Stimulus/S  1	1	11360200	11360208	52	0	20	pips_l400_r40_500-8000.hdf5	left	right
1137.076	1	Stimulus/S  1	1	11370760	11370768	52	1	40	pips_l400_r40_500-8000.hdf5	left	right
1138.1427	1	Stimulus/S  1	1	11381427	11381435	52	2	60	pips_l400_r40_500-8000.hdf5	left	right
1139.1881	1	Stimulus/S  1	1	11391881	11391889	52	3	70	pips_l400_r40_500-8000.hdf5	left	right
1140.2441	1	Stimulus/S  1	1	11402441	11402449	52	4	50	pips_l400_r40_500-8000.hdf5	left	right
1141.2894	1	Stimulus/S  1	1	11412894	11412902	52	5	30	pips_l400_r40_500-8000.hdf5	left	right
1142.3454	1	Stimulus/S  1	1	11423454	11423462	53	0	20	pips_l400_r40_500-8000.hdf5	left	right
1143.3908	1	Stimulus/S  1	1	11433908	11433916	53	1	40	pips_l400_r40_500-8000.hdf5	left	right
1144.4361	1	Stimulus/S  1	1	11444361	11444369	53	2	60	pips_l400_r40_500-8000.hdf5	left	right
1145.4921	1	Stimulus/S  1	1	11454921	11454929	53	3	70	pips_l400_r40_500-8000.hdf5	left	right
1146.5588	1	Stimulus/S  1	1	11465588	11465596	53	4	50	pips_l400_r40_500-8000.hdf5	left	right
1147.6041	1	Stimulus/S  1	1	11476041	11476049	53	5	30	pips_l400_r40_500-8000.hdf5	left	right
1148.6708	1	Stimulus/S  1	1	11486708	11486716	54	0	20	pips_l400_r40_500-8000.hdf5	left	right
1149.7268	1	Stimulus/S  1	1	11497268	11497276	54	1	40	pips_l400_r40_500-8000.hdf5	left	right
1150.7935	1	Stimulus/S  1	1	11507935	11507943	54	2	60	pips_l400_r40_500-8000.hdf5	left	right
1151.8602	1	Stimulus/S  1	1	11518602	11518610	54	3	70	pips_l400_r40_500-8000.hdf5	left	right
1152.9269	1	Stimulus/S  1	1	11529269	11529277	54	4	50	pips_l400_r40_500-8000.hdf5	left	right
1153.9935	1	Stimulus/S  1	1	11539935	11539943	54	5	30	pips_l400_r40_500-8000.hdf5	left	right
1155.0602	1	Stimulus/S  1	1	11550602	11550610	55	0	20	pips_l400_r40_500-8000.hdf5	left	right
1156.1269	1	Stimulus/S  1	1	11561269	11561277	55	1	40	pips_l400_r40_500-8000.hdf5	left	right
1157.1936	1	Stimulus/S  1	1	11571936	11571944	55	2	60	pips_l400_r40_500-8000.hdf5	left	right
1158.2602	1	Stimulus/S  1	1	11582602	11582610	55	3	70	pips_l400_r40_500-8000.hdf5	left	right
1159.3269	1	Stimulus/S  1	1	11593269	11593277	55	4	50	pips_l400_r40_500-8000.hdf5	left	right
1160.3723	1	Stimulus/S  1	1	11603723	11603731	55	5	30	pips_l400_r40_500-8000.hdf5	left	right
1161.4389	1	Stimulus/S  1	1	11614389	11614397	56	0	20	pips_l400_r40_500-8000.hdf5	left	right
1162.4949	1	Stimulus/S  1	1	11624949	11624957	56	1	40	pips_l400_r40_500-8000.hdf5	left	right
1163.5616	1	Stimulus/S  1	1	11635616	11635624	56	2	60	pips_l400_r40_500-8000.hdf5	left	right
1164.607	1	Stimulus/S  1	1	11646070	11646078	56	3	70	pips_l400_r40_500-8000.hdf5	left	right
1165.663	1	Stimulus/S  1	1	11656630	11656638	56	4	50	pips_l400_r40_500-8000.hdf5	left	right
1166.7083	1	Stimulus/S  1	1	11667083	11667091	56	5	30	pips_l400_r40_500-8000.hdf5	left	right
1167.7537	1	Stimulus/S  1	1	11677537	11677545	57	0	20	pips_l400_r40_500-8000.hdf5	left	right
1168.8097	1	Stimulus/S  1	1	11688097	11688105	57	1	40	pips_l400_r40_500-8000.hdf5	left	right
1169.855	1	Stimulus/S  1	1	11698550	11698558	57	2	60	pips_l400_r40_500-8000.hdf5	left	right
1170.911	1	Stimulus/S  1	1	11709110	11709118	57	3	70	pips_l400_r40_500-8000.hdf5	left	right
1171.9564	1	Stimulus/S  1	1	11719564	11719572	57	4	50	pips_l400_r40_500-8000.hdf5	left	right
1173.0124	1	Stimulus/S  1	1	11730124	11730132	57	5	30	pips_l400_r40_500-8000.hdf5	left	right
1174.0577	1	Stimulus/S  1	1	11740577	11740585	58	0	20	pips_l400_r40_500-8000.hdf5	left	right
1175.1031	1	Stimulus/S  1	1	11751031	11751039	58	1	40	pips_l400_r40_500-8000.hdf5	left	right
1176.1697	1	Stimulus/S  1	1	11761697	11761705	58	2	60	pips_l400_r40_500-8000.hdf5	left	right
1177.2258	1	Stimulus/S  1	1	11772258	11772266	58	3	70	pips_l400_r40_500-8000.hdf5	left	right
1178.2924	1	Stimulus/S  1	1	11782924	11782932	58	4	50	pips_l400_r40_500-8000.hdf5	left	right
1179.3378	1	Stimulus/S  1	1	11793378	11793386	58	5	30	pips_l400_r40_500-8000.hdf5	left	right
1180.4045	1	Stimulus/S  1	1	11804045	11804053	59	0	20	pips_l400_r40_500-8000.hdf5	left	right
1181.4711	1	Stimulus/S  1	1	11814711	11814719	59	1	40	pips_l400_r40_500-8000.hdf5	left	right
1182.5378	1	Stimulus/S  1	1	11825378	11825386	59	2	60	pips_l400_r40_500-8000.hdf5	left	right
1183.6045	1	Stimulus/S  1	1	11836045	11836053	59	3	70	pips_l400_r40_500-8000.hdf5	left	right
1184.6712	1	Stimulus/S  1	1	11846712	11846720	59	4	50	pips_l400_r40_500-8000.hdf5	left	right
1185.7378	1	Stimulus/S  1	1	11857378	11857386	59	5	30	pips_l400_r40_500-8000.hdf5	left	right
1186.8045	1	Stimulus/S  1	1	11868045	11868053	60	0	20	pips_l400_r40_500-8000.hdf5	left	right
1187.8712	1	Stimulus/S  1	1	11878712	11878720	60	1	40	pips_l400_r40_500-8000.hdf5	left	right
1188.9379	1	Stimulus/S  1	1	11889379	11889387	60	2	60	pips_l400_r40_500-8000.hdf5	left	right
1189.9939	1	Stimulus/S  1	1	11899939	11899947	60	3	70	pips_l400_r40_500-8000.hdf5	left	right
1191.0606	1	Stimulus/S  1	1	11910606	11910614	60	4	50	pips_l400_r40_500-8000.hdf5	left	right
1192.1059	1	Stimulus/S  1	1	11921059	11921067	60	5	30	pips_l400_r40_500-8000.hdf5	left	right
1193.1619	1	Stimulus/S  1	1	11931619	11931627	61	0	20	pips_l400_r40_500-8000.hdf5	left	right
1194.2073	1	Stimulus/S  1	1	11942073	11942081	61	1	40	pips_l400_r40_500-8000.hdf5	left	right
1195.2633	1	Stimulus/S  1	1	11952633	11952641	61	2	60	pips_l400_r40_500-8000.hdf5	left	right
1196.3086	1	Stimulus/S  1	1	11963086	11963094	61	3	70	pips_l400_r40_500-8000.hdf5	left	right
1197.354	1	Stimulus/S  1	1	11973540	11973548	61	4	50	pips_l400_r40_500-8000.hdf5	left	right
1198.41	1	Stimulus/S  1	1	11984100	11984108	61	5	30	pips_l400_r40_500-8000.hdf5	left	right
1199.4553	1	Stimulus/S  1	1	11994553	11994561	62	0	20	pips_l400_r40_500-8000.hdf5	left	right
1200.5113	1	Stimulus/S  1	1	12005113	12005121	62	1	40	pips_l400_r40_500-8000.hdf5	left	right
1201.5567	1	Stimulus/S  1	1	12015567	12015575	62	2	60	pips_l400_r40_500-8000.hdf5	left	right
1202.6127	1	Stimulus/S  1	1	12026127	12026135	62	3	70	pips_l400_r40_500-8000.hdf5	left	right
1203.658	1	Stimulus/S  1	1	12036580	12036588	62	4	50	pips_l400_r40_500-8000.hdf5	left	right
1204.7247	1	Stimulus/S  1	1	12047247	12047255	62	5	30	pips_l400_r40_500-8000.hdf5	left	right
1205.7914	1	Stimulus/S  1	1	12057914	12057922	63	0	20	pips_l400_r40_500-8000.hdf5	left	right
1206.8367	1	Stimulus/S  1	1	12068367	12068375	63	1	40	pips_l400_r40_500-8000.hdf5	left	right
1207.9141	1	Stimulus/S  1	1	12079141	12079149	63	2	60	pips_l400_r40_500-8000.hdf5	left	right
1208.9594	1	Stimulus/S  1	1	12089594	12089602	63	3	70	pips_l400_r40_500-8000.hdf5	left	right
1210.0261	1	Stimulus/S  1	1	12100261	12100269	63	4	50	pips_l400_r40_500-8000.hdf5	left	right
1211.0928	1	Stimulus/S  1	1	12110928	12110936	63	5	30	pips_l400_r40_500-8000.hdf5	left	right
1212.1594	1	Stimulus/S  1	1	12121594	12121602	64	0	20	pips_l400_r40_500-8000.hdf5	left	right
1213.2261	1	Stimulus/S  1	1	12132261	12132269	64	1	40	pips_l400_r40_500-8000.hdf5	left	right
1214.2928	1	Stimulus/S  1	1	12142928	12142936	64	2	60	pips_l400_r40_500-8000.hdf5	left	right
1215.3595	1	Stimulus/S  1	1	12153595	12153603	64	3	70	pips_l400_r40_500-8000.hdf5	left	right
1216.4048	1	Stimulus/S  1	1	12164048	12164056	64	4	50	pips_l400_r40_500-8000.hdf5	left	right
1217.4715	1	Stimulus/S  1	1	12174715	12174723	64	5	30	pips_l400_r40_500-8000.hdf5	left	right
1218.5275	1	Stimulus/S  1	1	12185275	12185283	65	0	20	pips_l400_r40_500-8000.hdf5	left	right
1219.5942	1	Stimulus/S  1	1	12195942	12195950	65	1	40	pips_l400_r40_500-8000.hdf5	left	right
1220.6395	1	Stimulus/S  1	1	12206395	12206403	65	2	60	pips_l400_r40_500-8000.hdf5	left	right
1221.6955	1	Stimulus/S  1	1	12216955	12216963	65	3	70	pips_l400_r40_500-8000.hdf5	left	right
1222.7409	1	Stimulus/S  1	1	12227409	12227417	65	4	50	pips_l400_r40_500-8000.hdf5	left	right
1223.7969	1	Stimulus/S  1	1	12237969	12237977	65	5	30	pips_l400_r40_500-8000.hdf5	left	right
1224.8422	1	Stimulus/S  1	1	12248422	12248430	66	0	20	pips_l400_r40_500-8000.hdf5	left	right
1225.8876	1	Stimulus/S  1	1	12258876	12258884	66	1	40	pips_l400_r40_500-8000.hdf5	left	right
1226.9436	1	Stimulus/S  1	1	12269436	12269444	66	2	60	pips_l400_r40_500-8000.hdf5	left	right
1228.0103	1	Stimulus/S  1	1	12280103	12280111	66	3	70	pips_l400_r40_500-8000.hdf5	left	right
1229.0556	1	Stimulus/S  1	1	12290556	12290564	66	4	50	pips_l400_r40_500-8000.hdf5	left	right
1230.1223	1	Stimulus/S  1	1	12301223	12301231	66	5	30	pips_l400_r40_500-8000.hdf5	left	right
1231.1783	1	Stimulus/S  1	1	12311783	12311791	67	0	20	pips_l400_r40_500-8000.hdf5	left	right
1232.245	1	Stimulus/S  1	1	12322450	12322458	67	1	40	pips_l400_r40_500-8000.hdf5	left	right
1233.3116	1	Stimulus/S  1	1	12333116	12333124	67	2	60	pips_l400_r40_500-8000.hdf5	left	right
1234.3783	1	Stimulus/S  1	1	12343783	12343791	67	3	70	pips_l400_r40_500-8000.hdf5	left	right
1235.445	1	Stimulus/S  1	1	12354450	12354458	67	4	50	pips_l400_r40_500-8000.hdf5	left	right
1236.5117	1	Stimulus/S  1	1	12365117	12365125	67	5	30	pips_l400_r40_500-8000.hdf5	left	right
1237.5783	1	Stimulus/S  1	1	12375783	12375791	68	0	20	pips_l400_r40_500-8000.hdf5	left	right
1238.645	1	Stimulus/S  1	1	12386450	12386458	68	1	40	pips_l400_r40_500-8000.hdf5	left	right
1239.7117	1	Stimulus/S  1	1	12397117	12397125	68	2	60	pips_l400_r40_500-8000.hdf5	left	right
1240.7784	1	Stimulus/S  1	1	12407784	12407792	68	3	70	pips_l400_r40_500-8000.hdf5	left	right
1241.8237	1	Stimulus/S  1	1	12418237	12418245	68	4	50	pips_l400_r40_500-8000.hdf5	left	right
1242.8904	1	Stimulus/S  1	1	12428904	12428912	68	5	30	pips_l400_r40_500-8000.hdf5	left	right
1243.9464	1	Stimulus/S  1	1	12439464	12439472	69	0	20	pips_l400_r40_500-8000.hdf5	left	right
1245.0131	1	Stimulus/S  1	1	12450131	12450139	69	1	40	pips_l400_r40_500-8000.hdf5	left	right
1246.0584	1	Stimulus/S  1	1	12460584	12460592	69	2	60	pips_l400_r40_500-8000.hdf5	left	right
1247.1144	1	Stimulus/S  1	1	12471144	12471152	69	3	70	pips_l400_r40_500-8000.hdf5	left	right
1248.1598	1	Stimulus/S  1	1	12481598	12481606	69	4	50	pips_l400_r40_500-8000.hdf5	left	right
1249.2051	1	Stimulus/S  1	1	12492051	12492059	69	5	30	pips_l400_r40_500-8000.hdf5	left	right
1250.2611	1	Stimulus/S  1	1	12502611	12502619	70	0	20	pips_l400_r40_500-8000.hdf5	left	right
1251.3065	1	Stimulus/S  1	1	12513065	12513073	70	1	40	pips_l400_r40_500-8000.hdf5	left	right
1252.3625	1	Stimulus/S  1	1	12523625	12523633	70	2	60	pips_l400_r40_500-8000.hdf5	left	right
1253.4292	1	Stimulus/S  1	1	12534292	12534300	70	3	70	pips_l400_r40_500-8000.hdf5	left	right
1254.4745	1	Stimulus/S  1	1	12544745	12544753	70	4	50	pips_l400_r40_500-8000.hdf5	left	right
1255.5412	1	Stimulus/S  1	1	12555412	12555420	70	5	30	pips_l400_r40_500-8000.hdf5	left	right
1256.5972	1	Stimulus/S  1	1	12565972	12565980	71	0	20	pips_l400_r40_500-8000.hdf5	left	right
1257.6639	1	Stimulus/S  1	1	12576639	12576647	71	1	40	pips_l400_r40_500-8000.hdf5	left	right
1258.7306	1	Stimulus/S  1	1	12587306	12587314	71	2	60	pips_l400_r40_500-8000.hdf5	left	right
1259.7759	1	Stimulus/S  1	1	12597759	12597767	71	3	70	pips_l400_r40_500-8000.hdf5	left	right
1260.8426	1	Stimulus/S  1	1	12608426	12608434	71	4	50	pips_l400_r40_500-8000.hdf5	left	right
1261.9092	1	Stimulus/S  1	1	12619092	12619100	71	5	30	pips_l400_r40_500-8000.hdf5	left	right
1262.9759	1	Stimulus/S  1	1	12629759	12629767	72	0	20	pips_l400_r40_500-8000.hdf5	left	right
1264.0426	1	Stimulus/S  1	1	12640426	12640434	72	1	40	pips_l400_r40_500-8000.hdf5	left	right
1265.1093	1	Stimulus/S  1	1	12651093	12651101	72	2	60	pips_l400_r40_500-8000.hdf5	left	right
1266.176	1	Stimulus/S  1	1	12661760	12661768	72	3	70	pips_l400_r40_500-8000.hdf5	left	right
1267.2213	1	Stimulus/S  1	1	12672213	12672221	72	4	50	pips_l400_r40_500-8000.hdf5	left	right
1268.288	1	Stimulus/S  1	1	12682880	12682888	72	5	30	pips_l400_r40_500-8000.hdf5	left	right
1269.344	1	Stimulus/S  1	1	12693440	12693448	73	0	20	pips_l400_r40_500-8000.hdf5	left	right
1270.4107	1	Stimulus/S  1	1	12704107	12704115	73	1	40	pips_l400_r40_500-8000.hdf5	left	right
1271.456	1	Stimulus/S  1	1	12714560	12714568	73	2	60	pips_l400_r40_500-8000.hdf5	left	right
1272.5227	1	Stimulus/S  1	1	12725227	12725235	73	3	70	pips_l400_r40_500-8000.hdf5	left	right
1273.5787	1	Stimulus/S  1	1	12735787	12735795	73	4	50	pips_l400_r40_500-8000.hdf5	left	right
1274.624	1	Stimulus/S  1	1	12746240	12746248	73	5	30	pips_l400_r40_500-8000.hdf5	left	right
1275.68	1	Stimulus/S  1	1	12756800	12756808	74	0	20	pips_l400_r40_500-8000.hdf5	left	right
1276.7254	1	Stimulus/S  1	1	12767254	12767262	74	1	40	pips_l400_r40_500-8000.hdf5	left	right
1277.7814	1	Stimulus/S  1	1	12777814	12777822	74	2	60	pips_l400_r40_500-8000.hdf5	left	right
1278.8267	1	Stimulus/S  1	1	12788267	12788275	74	3	70	pips_l400_r40_500-8000.hdf5	left	right
1279.8721	1	Stimulus/S  1	1	12798721	12798729	74	4	50	pips_l400_r40_500-8000.hdf5	left	right
1280.9388	1	Stimulus/S  1	1	12809388	12809396	74	5	30	pips_l400_r40_500-8000.hdf5	left	right
1281.9948	1	Stimulus/S  1	1	12819948	12819956	75	0	20	pips_l400_r40_500-8000.hdf5	left	right
1283.0615	1	Stimulus/S  1	1	12830615	12830623	75	1	40	pips_l400_r40_500-8000.hdf5	left	right
1284.1068	1	Stimulus/S  1	1	12841068	12841076	75	2	60	pips_l400_r40_500-8000.hdf5	left	right
1285.1735	1	Stimulus/S  1	1	12851735	12851743	75	3	70	pips_l400_r40_500-8000.hdf5	left	right
1286.2402	1	Stimulus/S  1	1	12862402	12862410	75	4	50	pips_l400_r40_500-8000.hdf5	left	right
1287.3068	1	Stimulus/S  1	1	12873068	12873076	75	5	30	pips_l400_r40_500-8000.hdf5	left	right
1288.3735	1	Stimulus/S  1	1	12883735	12883743	76	0	20	pips_l400_r40_500-8000.hdf5	left	right
1289.4402	1	Stimulus/S  1	1	12894402	12894410	76	1	40	pips_l400_r40_500-8000.hdf5	left	right
1290.5069	1	Stimulus/S  1	1	12905069	12905077	76	2	60	pips_l400_r40_500-8000.hdf5	left	right
1291.5629	1	Stimulus/S  1	1	12915629	12915637	76	3	70	pips_l400_r40_500-8000.hdf5	left	right
1292.6295	1	Stimulus/S  1	1	12926295	12926303	76	4	50	pips_l400_r40_500-8000.hdf5	left	right
1293.6962	1	Stimulus/S  1	1	12936962	12936970	76	5	30	pips_l400_r40_500-8000.hdf5	left	right
1294.7416	1	Stimulus/S  1	1	12947416	12947424	77	0	20	pips_l400_r40_500-8000.hdf5	left	right
1295.8082	1	Stimulus/S  1	1	12958082	12958090	77	1	40	pips_l400_r40_500-8000.hdf5	left	right
1296.8749	1	Stimulus/S  1	1	12968749	12968757	77	2	60	pips_l400_r40_500-8000.hdf5	left	right
1297.9416	1	Stimulus/S  1	1	12979416	12979424	77	3	70	pips_l400_r40_500-8000.hdf5	left	right
1299.0083	1	Stimulus/S  1	1	12990083	12990091	77	4	50	pips_l400_r40_500-8000.hdf5	left	right
1300.0643	1	Stimulus/S  1	1	13000643	13000651	77	5	30	pips_l400_r40_500-8000.hdf5	left	right
1301.131	1	Stimulus/S  1	1	13011310	13011318	78	0	20	pips_l400_r40_500-8000.hdf5	left	right
1302.1976	1	Stimulus/S  1	1	13021976	13021984	78	1	40	pips_l400_r40_500-8000.hdf5	left	right
1303.243	1	Stimulus/S  1	1	13032430	13032438	78	2	60	pips_l400_r40_500-8000.hdf5	left	right
1304.3097	1	Stimulus/S  1	1	13043097	13043105	78	3	70	pips_l400_r40_500-8000.hdf5	left	right
1305.3763	1	Stimulus/S  1	1	13053763	13053771	78	4	50	pips_l400_r40_500-8000.hdf5	left	right
1306.443	1	Stimulus/S  1	1	13064430	13064438	78	5	30	pips_l400_r40_500-8000.hdf5	left	right
1307.5097	1	Stimulus/S  1	1	13075097	13075105	79	0	20	pips_l400_r40_500-8000.hdf5	left	right
1308.5657	1	Stimulus/S  1	1	13085657	13085665	79	1	40	pips_l400_r40_500-8000.hdf5	left	right
1309.6324	1	Stimulus/S  1	1	13096324	13096332	79	2	60	pips_l400_r40_500-8000.hdf5	left	right
1310.6991	1	Stimulus/S  1	1	13106991	13106999	79	3	70	pips_l400_r40_500-8000.hdf5	left	right
1311.7444	1	Stimulus/S  1	1	13117444	13117452	79	4	50	pips_l400_r40_500-8000.hdf5	left	right
1312.7897	1	Stimulus/S  1	1	13127897	13127905	79	5	30	pips_l400_r40_500-8000.hdf5	left	right
1313.8458	1	Stimulus/S  1	1	13138458	13138466	80	0	20	pips_l400_r40_500-8000.hdf5	left	right
1314.8911	1	Stimulus/S  1	1	13148911	13148919	80	1	40	pips_l400_r40_500-8000.hdf5	left	right
1315.9471	1	Stimulus/S  1	1	13159471	13159479	80	2	60	pips_l400_r40_500-8000.hdf5	left	right
1316.9925	1	Stimulus/S  1	1	13169925	13169933	80	3	70	pips_l400_r40_500-8000.hdf5	left	right
1318.0485	1	Stimulus/S  1	1	13180485	13180493	80	4	50	pips_l400_r40_500-8000.hdf5	left	right
1319.0938	1	Stimulus/S  1	1	13190938	13190946	80	5	30	pips_l400_r40_500-8000.hdf5	left	right
1320.1391	1	Stimulus/S  1	1	13201391	13201399	81	0	20	pips_l400_r40_500-8000.hdf5	left	right
1321.1952	1	Stimulus/S  1	1	13211952	13211960	81	1	40	pips_l400_r40_500-8000.hdf5	left	right
1322.2405	1	Stimulus/S  1	1	13222405	13222413	81	2	60	pips_l400_r40_500-8000.hdf5	left	right
1323.2965	1	Stimulus/S  1	1	13232965	13232973	81	3	70	pips_l400_r40_500-8000.hdf5	left	right
1324.3632	1	Stimulus/S  1	1	13243632	13243640	81	4	50	pips_l400_r40_500-8000.hdf5	left	right
1325.4085	1	Stimulus/S  1	1	13254085	13254093	81	5	30	pips_l400_r40_500-8000.hdf5	left	right
1326.4752	1	Stimulus/S  1	1	13264752	13264760	82	0	20	pips_l400_r40_500-8000.hdf5	left	right
1327.5312	1	Stimulus/S  1	1	13275312	13275320	82	1	40	pips_l400_r40_500-8000.hdf5	left	right
1328.5979	1	Stimulus/S  1	1	13285979	13285987	82	2	60	pips_l400_r40_500-8000.hdf5	left	right
1329.6646	1	Stimulus/S  1	1	13296646	13296654	82	3	70	pips_l400_r40_500-8000.hdf5	left	right
1330.7313	1	Stimulus/S  1	1	13307313	13307321	82	4	50	pips_l400_r40_500-8000.hdf5	left	right
1331.7979	1	Stimulus/S  1	1	13317979	13317987	82	5	30	pips_l400_r40_500-8000.hdf5	left	right
1332.8646	1	Stimulus/S  1	1	13328646	13328654	83	0	20	pips_l400_r40_500-8000.hdf5	left	right
1333.9313	1	Stimulus/S  1	1	13339313	13339321	83	1	40	pips_l400_r40_500-8000.hdf5	left	right
1334.998	1	Stimulus/S  1	1	13349980	13349988	83	2	60	pips_l400_r40_500-8000.hdf5	left	right
1336.0646	1	Stimulus/S  1	1	13360646	13360654	83	3	70	pips_l400_r40_500-8000.hdf5	left	right
1337.1313	1	Stimulus/S  1	1	13371313	13371321	83	4	50	pips_l400_r40_500-8000.hdf5	left	right
1338.198	1	Stimulus/S  1	1	13381980	13381988	83	5	30	pips_l400_r40_500-8000.hdf5	left	right
1339.2647	1	Stimulus/S  1	1	13392647	13392655	84	0	20	pips_l400_r40_500-8000.hdf5	left	right
1340.31	1	Stimulus/S  1	1	13403100	13403108	84	1	40	pips_l400_r40_500-8000.hdf5	left	right
1341.3767	1	Stimulus/S  1	1	13413767	13413775	84	2	60	pips_l400_r40_500-8000.hdf5	left	right
1342.4327	1	Stimulus/S  1	1	13424327	13424335	84	3	70	pips_l400_r40_500-8000.hdf5	left	right
1343.4994	1	Stimulus/S  1	1	13434994	13435002	84	4	50	pips_l400_r40_500-8000.hdf5	left	right
1344.5447	1	Stimulus/S  1	1	13445447	13445455	84	5	30	pips_l400_r40_500-8000.hdf5	left	right
1345.5901	1	Stimulus/S  1	1	13455901	13455909	85	0	20	pips_l400_r40_500-8000.hdf5	left	right
1346.6461	1	Stimulus/S  1	1	13466461	13466469	85	1	40	pips_l400_r40_500-8000.hdf5	left	right
1347.6914	1	Stimulus/S  1	1	13476914	13476922	85	2	60	pips_l400_r40_500-8000.hdf5	left	right
1348.7474	1	Stimulus/S  1	1	13487474	13487482	85	3	70	pips_l400_r40_500-8000.hdf5	left	right
1349.7928	1	Stimulus/S  1	1	13497928	13497936	85	4	50	pips_l400_r40_500-8000.hdf5	left	right
1350.8488	1	Stimulus/S  1	1	13508488	13508496	85	5	30	pips_l400_r40_500-8000.hdf5	left	right
1351.8941	1	Stimulus/S  1	1	13518941	13518949	86	0	20	pips_l400_r40_500-8000.hdf5	left	right
1352.9395	1	Stimulus/S  1	1	13529395	13529403	86	1	40	pips_l400_r40_500-8000.hdf5	left	right
1354.0061	1	Stimulus/S  1	1	13540061	13540069	86	2	60	pips_l400_r40_500-8000.hdf5	left	right
1355.0622	1	Stimulus/S  1	1	13550622	13550630	86	3	70	pips_l400_r40_500-8000.hdf5	left	right
1356.1288	1	Stimulus/S  1	1	13561288	13561296	86	4	50	pips_l400_r40_500-8000.hdf5	left	right
1357.1742	1	Stimulus/S  1	1	13571742	13571750	86	5	30	pips_l400_r40_500-8000.hdf5	left	right
1358.2409	1	Stimulus/S  1	1	13582409	13582417	87	0	20	pips_l400_r40_500-8000.hdf5	left	right
1359.3075	1	Stimulus/S  1	1	13593075	13593083	87	1	40	pips_l400_r40_500-8000.hdf5	left	right
1360.3742	1	Stimulus/S  1	1	13603742	13603750	87	2	60	pips_l400_r40_500-8000.hdf5	left	right
1361.4409	1	Stimulus/S  1	1	13614409	13614417	87	3	70	pips_l400_r40_500-8000.hdf5	left	right
1362.5076	1	Stimulus/S  1	1	13625076	13625084	87	4	50	pips_l400_r40_500-8000.hdf5	left	right
1363.5742	1	Stimulus/S  1	1	13635742	13635750	87	5	30	pips_l400_r40_500-8000.hdf5	left	right
1364.6302	1	Stimulus/S  1	1	13646302	13646310	88	0	20	pips_l400_r40_500-8000.hdf5	left	right
1365.6969	1	Stimulus/S  1	1	13656969	13656977	88	1	40	pips_l400_r40_500-8000.hdf5	left	right
1366.7636	1	Stimulus/S  1	1	13667636	13667644	88	2	60	pips_l400_r40_500-8000.hdf5	left	right
1367.8089	1	Stimulus/S  1	1	13678089	13678097	88	3	70	pips_l400_r40_500-8000.hdf5	left	right
1368.8756	1	Stimulus/S  1	1	13688756	13688764	88	4	50	pips_l400_r40_500-8000.hdf5	left	right
1369.9316	1	Stimulus/S  1	1	13699316	13699324	88	5	30	pips_l400_r40_500-8000.hdf5	left	right
1370.977	1	Stimulus/S  1	1	13709770	13709778	89	0	20	pips_l400_r40_500-8000.hdf5	left	right
1372.033	1	Stimulus/S  1	1	13720330	13720338	89	1	40	pips_l400_r40_500-8000.hdf5	left	right
1373.0783	1	Stimulus/S  1	1	13730783	13730791	89	2	60	pips_l400_r40_500-8000.hdf5	left	right
1374.1237	1	Stimulus/S  1	1	13741237	13741245	89	3	70	pips_l400_r40_500-8000.hdf5	left	right
1375.1797	1	Stimulus/S  1	1	13751797	13751805	89	4	50	pips_l400_r40_500-8000.hdf5	left	right
1376.225	1	Stimulus/S  1	1	13762250	13762258	89	5	30	pips_l400_r40_500-8000.hdf5	left	right
1377.281	1	Stimulus/S  1	1	13772810	13772818	90	0	20	pips_l400_r40_500-8000.hdf5	left	right
1378.3264	1	Stimulus/S  1	1	13783264	13783272	90	1	40	pips_l400_r40_500-8000.hdf5	left	right
1379.3824	1	Stimulus/S  1	1	13793824	13793832	90	2	60	pips_l400_r40_500-8000.hdf5	left	right
1380.4491	1	Stimulus/S  1	1	13804491	13804499	90	3	70	pips_l400_r40_500-8000.hdf5	left	right
1381.4944	1	Stimulus/S  1	1	13814944	13814952	90	4	50	pips_l400_r40_500-8000.hdf5	left	right
1382.5611	1	Stimulus/S  1	1	13825611	13825619	90	5	30	pips_l400_r40_500-8000.hdf5	left	right
1383.6278	1	Stimulus/S  1	1	13836278	13836286	91	0	20	pips_l400_r40_500-8000.hdf5	left	right
1384.6731	1	Stimulus/S  1	1	13846731	13846739	91	1	40	pips_l400_r40_500-8000.hdf5	left	right
1385.7505	1	Stimulus/S  1	1	13857505	13857513	91	2	60	pips_l400_r40_500-8000.hdf5	left	right
1386.8171	1	Stimulus/S  1	1	13868171	13868179	91	3	70	pips_l400_r40_500-8000.hdf5	left	right
1387.8838	1	Stimulus/S  1	1	13878838	13878846	91	4	50	pips_l400_r40_500-8000.hdf5	left	right
1388.9505	1	Stimulus/S  1	1	13889505	13889513	91	5	30	pips_l400_r40_500-8000.hdf5	left	right
1390.0172	1	Stimulus/S  1	1	13900172	13900180	92	0	20	pips_l400_r40_500-8000.hdf5	left	right
1391.0838	1	Stimulus/S  1	1	13910838	13910846	92	1	40	pips_l400_r40_500-8000.hdf5	left	right
1392.1292	1	Stimulus/S  1	1	13921292	13921300	92	2	60	pips_l400_r40_500-8000.hdf5	left	right
1393.1959	1	Stimulus/S  1	1	13931959	13931967	92	3	70	pips_l400_r40_500-8000.hdf5	left	right
1394.2412	1	Stimulus/S  1	1	13942412	13942420	92	4	50	pips_l400_r40_500-8000.hdf5	left	right
1395.3079	1	Stimulus/S  1	1	13953079	13953087	92	5	30	pips_l400_r40_500-8000.hdf5	left	right
1396.3639	1	Stimulus/S  1	1	13963639	13963647	93	0	20	pips_l400_r40_500-8000.hdf5	left	right
1397.4306	1	Stimulus/S  1	1	13974306	13974314	93	1	40	pips_l400_r40_500-8000.hdf5	left	right
1398.4759	1	Stimulus/S  1	1	13984759	13984767	93	2	60	pips_l400_r40_500-8000.hdf5	left	right
1399.5319	1	Stimulus/S  1	1	13995319	13995327	93	3	70	pips_l400_r40_500-8000.hdf5	left	right
1400.5773	1	Stimulus/S  1	1	14005773	14005781	93	4	50	pips_l400_r40_500-8000.hdf5	left	right
1401.6333	1	Stimulus/S  1	1	14016333	14016341	93	5	30	pips_l400_r40_500-8000.hdf5	left	right
1402.6786	1	Stimulus/S  1	1	14026786	14026794	94	0	20	pips_l400_r40_500-8000.hdf5	left	right
1403.724	1	Stimulus/S  1	1	14037240	14037248	94	1	40	pips_l400_r40_500-8000.hdf5	left	right
1404.78	1	Stimulus/S  1	1	14047800	14047808	94	2	60	pips_l400_r40_500-8000.hdf5	left	right
1405.8253	1	Stimulus/S  1	1	14058253	14058261	94	3	70	pips_l400_r40_500-8000.hdf5	left	right
1406.8813	1	Stimulus/S  1	1	14068813	14068821	94	4	50	pips_l400_r40_500-8000.hdf5	left	right
1407.948	1	Stimulus/S  1	1	14079480	14079488	94	5	30	pips_l400_r40_500-8000.hdf5	left	right
1408.9933	1	Stimulus/S  1	1	14089933	14089941	95	0	20	pips_l400_r40_500-8000.hdf5	left	right
1410.06	1	Stimulus/S  1	1	14100600	14100608	95	1	40	pips_l400_r40_500-8000.hdf5	left	right
1411.116	1	Stimulus/S  1	1	14111160	14111168	95	2	60	pips_l400_r40_500-8000.hdf5	left	right
1412.1827	1	Stimulus/S  1	1	14121827	14121835	95	3	70	pips_l400_r40_500-8000.hdf5	left	right
1413.2494	1	Stimulus/S  1	1	14132494	14132502	95	4	50	pips_l400_r40_500-8000.hdf5	left	right
1414.2947	1	Stimulus/S  1	1	14142947	14142955	95	5	30	pips_l400_r40_500-8000.hdf5	left	right
1415.3614	1	Stimulus/S  1	1	14153614	14153622	96	0	20	pips_l400_r40_500-8000.hdf5	left	right
1416.4174	1	Stimulus/S  1	1	14164174	14164182	96	1	40	pips_l400_r40_500-8000.hdf5	left	right
1417.4841	1	Stimulus/S  1	1	14174841	14174849	96	2	60	pips_l400_r40_500-8000.hdf5	left	right
1418.5508	1	Stimulus/S  1	1	14185508	14185516	96	3	70	pips_l400_r40_500-8000.hdf5	left	right
1419.5961	1	Stimulus/S  1	1	14195961	14195969	96	4	50	pips_l400_r40_500-8000.hdf5	left	right
1420.6628	1	Stimulus/S  1	1	14206628	14206636	96	5	30	pips_l400_r40_500-8000.hdf5	left	right
1421.7081	1	Stimulus/S  1	1	14217081	14217089	97	0	20	pips_l400_r40_500-8000.hdf5	left	right
1422.7748	1	Stimulus/S  1	1	14227748	14227756	97	1	40	pips_l400_r40_500-8000.hdf5	left	right
1423.8415	1	Stimulus/S  1	1	14238415	14238423	97	2	60	pips_l400_r40_500-8000.hdf5	left	right
1424.9082	1	Stimulus/S  1	1	14249082	14249090	97	3	70	pips_l400_r40_500-8000.hdf5	left	right
1425.9748	1	Stimulus/S  1	1	14259748	14259756	97	4	50	pips_l400_r40_500-8000.hdf5	left	right
1427.0415	1	Stimulus/S  1	1	14270415	14270423	97	5	30	pips_l400_r40_500-8000.hdf5	left	right
1428.1082	1	Stimulus/S  1	1	14281082	14281090	98	0	20	pips_l400_r40_500-8000.hdf5	left	right
1429.1749	1	Stimulus/S  1	1	14291749	14291757	98	1	40	pips_l400_r40_500-8000.hdf5	left	right
1430.2416	1	Stimulus/S  1	1	14302416	14302424	98	2	60	pips_l400_r40_500-8000.hdf5	left	right
1431.3082	1	Stimulus/S  1	1	14313082	14313090	98	3	70	pips_l400_r40_500-8000.hdf5	left	right
1432.3749	1	Stimulus/S  1	1	14323749	14323757	98	4	50	pips_l400_r40_500-8000.hdf5	left	right
1433.4416	1	Stimulus/S  1	1	14334416	14334424	98	5	30	pips_l400_r40_500-8000.hdf5	left	right
1434.5083	1	Stimulus/S  1	1	14345083	14345091	99	0	20	pips_l400_r40_500-8000.hdf5	left	right
1435.5643	1	Stimulus/S  1	1	14355643	14355651	99	1	40	pips_l400_r40_500-8000.hdf5	left	right
1436.6309	1	Stimulus/S  1	1	14366309	14366317	99	2	60	pips_l400_r40_500-8000.hdf5	left	right
1437.6763	1	Stimulus/S  1	1	14376763	14376771	99	3	70	pips_l400_r40_500-8000.hdf5	left	right
1438.743	1	Stimulus/S  1	1	14387430	14387438	99	4	50	pips_l400_r40_500-8000.hdf5	left	right
1439.799	1	Stimulus/S  1	1	14397990	14397998	99	5	30	pips_l400_r40_500-8000.hdf5	left	right
1440.8443	1	Stimulus/S  1	1	14408443	14408451	100	0	20	pips_l400_r40_500-8000.hdf5	left	right
1441.9003	1	Stimulus/S  1	1	14419003	14419011	100	1	40	pips_l400_r40_500-8000.hdf5	left	right
1442.9457	1	Stimulus/S  1	1	14429457	14429465	100	2	60	pips_l400_r40_500-8000.hdf5	left	right
1443.991	1	Stimulus/S  1	1	14439910	14439918	100	3	70	pips_l400_r40_500-8000.hdf5	left	right
1445.047	1	Stimulus/S  1	1	14450470	14450478	100	4	50	pips_l400_r40_500-8000.hdf5	left	right
1446.0924	1	Stimulus/S  1	1	14460924	14460932	100	5	30	pips_l400_r40_500-8000.hdf5	left	right
1447.1484	1	Stimulus/S  1	1	14471484	14471492	101	0	20	pips_l400_r40_500-8000.hdf5	left	right
1448.1937	1	Stimulus/S  1	1	14481937	14481945	101	1	40	pips_l400_r40_500-8000.hdf5	left	right
1449.2497	1	Stimulus/S  1	1	14492497	14492505	101	2	60	pips_l400_r40_500-8000.hdf5	left	right
1450.2951	1	Stimulus/S  1	1	14502951	14502959	101	3	70	pips_l400_r40_500-8000.hdf5	left	right
1451.3511	1	Stimulus/S  1	1	14513511	14513519	101	4	50	pips_l400_r40_500-8000.hdf5	left	right
1452.3964	1	Stimulus/S  1	1	14523964	14523972	101	5	30	pips_l400_r40_500-8000.hdf5	left	right
1453.4418	1	Stimulus/S  1	1	14534418	14534426	102	0	20	pips_l400_r40_500-8000.hdf5	left	right
1454.4978	1	Stimulus/S  1	1	14544978	14544986	102	1	40	pips_l400_r40_500-8000.hdf5	left	right
1455.5645	1	Stimulus/S  1	1	14555645	14555653	102	2	60	pips_l400_r40_500-8000.hdf5	left	right
1456.6098	1	Stimulus/S  1	1	14566098	14566106	102	3	70	pips_l400_r40_500-8000.hdf5	left	right
1457.6765	1	Stimulus/S  1	1	14576765	14576773	102	4	50	pips_l400_r40_500-8000.hdf5	left	right
1458.7325	1	Stimulus/S  1	1	14587325	14587333	102	5	30	pips_l400_r40_500-8000.hdf5	left	right
1459.7778	1	Stimulus/S  1	1	14597778	14597786	103	0	20	pips_l400_r40_500-8000.hdf5	left	right
1460.8338	1	Stimulus/S  1	1	14608338	14608346	103	1	40	pips_l400_r40_500-8000.hdf5	left	right
1461.9005	1	Stimulus/S  1	1	14619005	14619013	103	2	60	pips_l400_r40_500-8000.hdf5	left	right
1462.9672	1	Stimulus/S  1	1	14629672	14629680	103	3	70	pips_l400_r40_500-8000.hdf5	left	right
1464.0125	1	Stimulus/S  1	1	14640125	14640133	103	4	50	pips_l400_r40_500-8000.hdf5	left	right
1465.0792	1	Stimulus/S  1	1	14650792	14650800	103	5	30	pips_l400_r40_500-8000.hdf5	left	right
1466.1352	1	Stimulus/S  1	1	14661352	14661360	104	0	20	pips_l400_r40_500-8000.hdf5	left	right
1467.1806	1	Stimulus/S  1	1	14671806	14671814	104	1	40	pips_l400_r40_500-8000.hdf5	left	right
1468.2259	1	Stimulus/S  1	1	14682259	14682267	104	2	60	pips_l400_r40_500-8000.hdf5	left	right
1469.2926	1	Stimulus/S  1	1	14692926	14692934	104	3	70	pips_l400_r40_500-8000.hdf5	left	right
1470.3593	1	Stimulus/S  1	1	14703593	14703601	104	4	50	pips_l400_r40_500-8000.hdf5	left	right
1471.426	1	Stimulus/S  1	1	14714260	14714268	104	5	30	pips_l400_r40_500-8000.hdf5	left	right
1472.4926	1	Stimulus/S  1	1	14724926	14724934	105	0	20	pips_l400_r40_500-8000.hdf5	left	right
1473.5593	1	Stimulus/S  1	1	14735593	14735601	105	1	40	pips_l400_r40_500-8000.hdf5	left	right
1474.626	1	Stimulus/S  1	1	14746260	14746268	105	2	60	pips_l400_r40_500-8000.hdf5	left	right
1475.6927	1	Stimulus/S  1	1	14756927	14756935	105	3	70	pips_l400_r40_500-8000.hdf5	left	right
1476.7593	1	Stimulus/S  1	1	14767593	14767601	105	4	50	pips_l400_r40_500-8000.hdf5	left	right
1477.826	1	Stimulus/S  1	1	14778260	14778268	105	5	30	pips_l400_r40_500-8000.hdf5	left	right
1478.882	1	Stimulus/S  1	1	14788820	14788828	106	0	20	pips_l400_r40_500-8000.hdf5	left	right
1479.9487	1	Stimulus/S  1	1	14799487	14799495	106	1	40	pips_l400_r40_500-8000.hdf5	left	right
1480.994	1	Stimulus/S  1	1	14809940	14809948	106	2	60	pips_l400_r40_500-8000.hdf5	left	right
1482.0607	1	Stimulus/S  1	1	14820607	14820615	106	3	70	pips_l400_r40_500-8000.hdf5	left	right
1483.1274	1	Stimulus/S  1	1	14831274	14831282	106	4	50	pips_l400_r40_500-8000.hdf5	left	right
1484.1834	1	Stimulus/S  1	1	14841834	14841842	106	5	30	pips_l400_r40_500-8000.hdf5	left	right
1485.2288	1	Stimulus/S  1	1	14852288	14852296	107	0	20	pips_l400_r40_500-8000.hdf5	left	right
1486.2848	1	Stimulus/S  1	1	14862848	14862856	107	1	40	pips_l400_r40_500-8000.hdf5	left	right
1487.3301	1	Stimulus/S  1	1	14873301	14873309	107	2	60	pips_l400_r40_500-8000.hdf5	left	right
1488.3754	1	Stimulus/S  1	1	14883754	14883762	107	3	70	pips_l400_r40_500-8000.hdf5	left	right
1489.4315	1	Stimulus/S  1	1	14894315	14894323	107	4	50	pips_l400_r40_500-8000.hdf5	left	right
1490.4768	1	Stimulus/S  1	1	14904768	14904776	107	5	30	pips_l400_r40_500-8000.hdf5	left	right
1491.5328	1	Stimulus/S  1	1	14915328	14915336	108	0	20	pips_l400_r40_500-8000.hdf5	left	right
1492.5782	1	Stimulus/S  1	1	14925782	14925790	108	1	40	pips_l400_r40_500-8000.hdf5	left	right
1493.6342	1	Stimulus/S  1	1	14936342	14936350	108	2	60	pips_l400_r40_500-8000.hdf5	left	right
1494.7008	1	Stimulus/S  1	1	14947008	14947016	108	3	70	pips_l400_r40_500-8000.hdf5	left	right
1495.7462	1	Stimulus/S  1	1	14957462	14957470	108	4	50	pips_l400_r40_500-8000.hdf5	left	right
1496.8129	1	Stimulus/S  1	1	14968129	14968137	108	5	30	pips_l400_r40_500-8000.hdf5	left	right
1497.8795	1	Stimulus/S  1	1	14978795	14978803	109	0	20	pips_l400_r40_500-8000.hdf5	left	right
1498.9462	1	Stimulus/S  1	1	14989462	14989470	109	1	40	pips_l400_r40_500-8000.hdf5	left	right
1500.0129	1	Stimulus/S  1	1	15000129	15000137	109	2	60	pips_l400_r40_500-8000.hdf5	left	right
1501.0796	1	Stimulus/S  1	1	15010796	15010804	109	3	70	pips_l400_r40_500-8000.hdf5	left	right
1502.1462	1	Stimulus/S  1	1	15021462	15021470	109	4	50	pips_l400_r40_500-8000.hdf5	left	right
1503.2129	1	Stimulus/S  1	1	15032129	15032137	109	5	30	pips_l400_r40_500-8000.hdf5	left	right
1504.2796	1	Stimulus/S  1	1	15042796	15042804	110	0	20	pips_l400_r40_500-8000.hdf5	left	right
1505.3463	1	Stimulus/S  1	1	15053463	15053471	110	1	40	pips_l400_r40_500-8000.hdf5	left	right
1506.413	1	Stimulus/S  1	1	15064130	15064138	110	2	60	pips_l400_r40_500-8000.hdf5	left	right
1507.4796	1	Stimulus/S  1	1	15074796	15074804	110	3	70	pips_l400_r40_500-8000.hdf5	left	right
1508.5463	1	Stimulus/S  1	1	15085463	15085471	110	4	50	pips_l400_r40_500-8000.hdf5	left	right
1509.613	1	Stimulus/S  1	1	15096130	15096138	110	5	30	pips_l400_r40_500-8000.hdf5	left	right
1510.6797	1	Stimulus/S  1	1	15106797	15106805	111	0	20	pips_l400_r40_500-8000.hdf5	left	right
1511.7463	1	Stimulus/S  1	1	15117463	15117471	111	1	40	pips_l400_r40_500-8000.hdf5	left	right
1512.813	1	Stimulus/S  1	1	15128130	15128138	111	2	60	pips_l400_r40_500-8000.hdf5	left	right
1513.8797	1	Stimulus/S  1	1	15138797	15138805	111	3	70	pips_l400_r40_500-8000.hdf5	left	right
1514.9464	1	Stimulus/S  1	1	15149464	15149472	111	4	50	pips_l400_r40_500-8000.hdf5	left	right
1516.013	1	Stimulus/S  1	1	15160130	15160138	111	5	30	pips_l400_r40_500-8000.hdf5	left	right
1517.0797	1	Stimulus/S  1	1	15170797	15170805	112	0	20	pips_l400_r40_500-8000.hdf5	left	right
1518.1464	1	Stimulus/S  1	1	15181464	15181472	112	1	40	pips_l400_r40_500-8000.hdf5	left	right
1519.2131	1	Stimulus/S  1	1	15192131	15192139	112	2	60	pips_l400_r40_500-8000.hdf5	left	right
1520.2798	1	Stimulus/S  1	1	15202798	15202806	112	3	70	pips_l400_r40_500-8000.hdf5	left	right
1521.3464	1	Stimulus/S  1	1	15213464	15213472	112	4	50	pips_l400_r40_500-8000.hdf5	left	right
1522.4131	1	Stimulus/S  1	1	15224131	15224139	112	5	30	pips_l400_r40_500-8000.hdf5	left	right
1523.4798	1	Stimulus/S  1	1	15234798	15234806	113	0	20	pips_l400_r40_500-8000.hdf5	left	right
1524.5465	1	Stimulus/S  1	1	15245465	15245473	113	1	40	pips_l400_r40_500-8000.hdf5	left	right
1525.6025	1	Stimulus/S  1	1	15256025	15256033	113	2	60	pips_l400_r40_500-8000.hdf5	left	right
1526.6692	1	Stimulus/S  1	1	15266692	15266700	113	3	70	pips_l400_r40_500-8000.hdf5	left	right
1527.7358	1	Stimulus/S  1	1	15277358	15277366	113	4	50	pips_l400_r40_500-8000.hdf5	left	right
1528.7812	1	Stimulus/S  1	1	15287812	15287820	113	5	30	pips_l400_r40_500-8000.hdf5	left	right
1529.8265	1	Stimulus/S  1	1	15298265	15298273	114	0	20	pips_l400_r40_500-8000.hdf5	left	right
1530.8825	1	Stimulus/S  1	1	15308825	15308833	114	1	40	pips_l400_r40_500-8000.hdf5	left	right
1531.9279	1	Stimulus/S  1	1	15319279	15319287	114	2	60	pips_l400_r40_500-8000.hdf5	left	right
1532.9839	1	Stimulus/S  1	1	15329839	15329847	114	3	70	pips_l400_r40_500-8000.hdf5	left	right
1534.0292	1	Stimulus/S  1	1	15340292	15340300	114	4	50	pips_l400_r40_500-8000.hdf5	left	right
1535.0852	1	Stimulus/S  1	1	15350852	15350860	114	5	30	pips_l400_r40_500-8000.hdf5	left	right
1536.1306	1	Stimulus/S  1	1	15361306	15361314	115	0	20	pips_l400_r40_500-8000.hdf5	left	right
1537.1866	1	Stimulus/S  1	1	15371866	15371874	115	1	40	pips_l400_r40_500-8000.hdf5	left	right
1538.2319	1	Stimulus/S  1	1	15382319	15382327	115	2	60	pips_l400_r40_500-8000.hdf5	left	right
1539.2773	1	Stimulus/S  1	1	15392773	15392781	115	3	70	pips_l400_r40_500-8000.hdf5	left	right
1540.3333	1	Stimulus/S  1	1	15403333	15403341	115	4	50	pips_l400_r40_500-8000.hdf5	left	right
1541.3786	1	Stimulus/S  1	1	15413786	15413794	115	5	30	pips_l400_r40_500-8000.hdf5	left	right
1542.4346	1	Stimulus/S  1	1	15424346	15424354	116	0	20	pips_l400_r40_500-8000.hdf5	left	right
1543.48	1	Stimulus/S  1	1	15434800	15434808	116	1	40	pips_l400_r40_500-8000.hdf5	left	right
1544.536	1	Stimulus/S  1	1	15445360	15445368	116	2	60	pips_l400_r40_500-8000.hdf5	left	right
1545.5813	1	Stimulus/S  1	1	15455813	15455821	116	3	70	pips_l400_r40_500-8000.hdf5	left	right
1546.6267	1	Stimulus/S  1	1	15466267	15466275	116	4	50	pips_l400_r40_500-8000.hdf5	left	right
1547.6827	1	Stimulus/S  1	1	15476827	15476835	116	5	30	pips_l400_r40_500-8000.hdf5	left	right
1548.728	1	Stimulus/S  1	1	15487280	15487288	117	0	20	pips_l400_r40_500-8000.hdf5	left	right
1549.784	1	Stimulus/S  1	1	15497840	15497848	117	1	40	pips_l400_r40_500-8000.hdf5	left	right
1550.8294	1	Stimulus/S  1	1	15508294	15508302	117	2	60	pips_l400_r40_500-8000.hdf5	left	right
1551.8854	1	Stimulus/S  1	1	15518854	15518862	117	3	70	pips_l400_r40_500-8000.hdf5	left	right
1552.9307	1	Stimulus/S  1	1	15529307	15529315	117	4	50	pips_l400_r40_500-8000.hdf5	left	right
1553.9761	1	Stimulus/S  1	1	15539761	15539769	117	5	30	pips_l400_r40_500-8000.hdf5	left	right
1555.0321	1	Stimulus/S  1	1	15550321	15550329	118	0	20	pips_l400_r40_500-8000.hdf5	left	right
1556.0774	1	Stimulus/S  1	1	15560774	15560782	118	1	40	pips_l400_r40_500-8000.hdf5	left	right
1557.1334	1	Stimulus/S  1	1	15571334	15571342	118	2	60	pips_l400_r40_500-8000.hdf5	left	right
1558.1788	1	Stimulus/S  1	1	15581788	15581796	118	3	70	pips_l400_r40_500-8000.hdf5	left	right
1559.2348	1	Stimulus/S  1	1	15592348	15592356	118	4	50	pips_l400_r40_500-8000.hdf5	left	right
1560.3015	1	Stimulus/S  1	1	15603015	15603023	118	5	30	pips_l400_r40_500-8000.hdf5	left	right
1561.3468	1	Stimulus/S  1	1	15613468	15613476	119	0	20	pips_l400_r40_500-8000.hdf5	left	right
1562.4028	1	Stimulus/S  1	1	15624028	15624036	119	1	40	pips_l400_r40_500-8000.hdf5	left	right
1563.4482	1	Stimulus/S  1	1	15634482	15634490	119	2	60	pips_l400_r40_500-8000.hdf5	left	right
1564.4935	1	Stimulus/S  1	1	15644935	15644943	119	3	70	pips_l400_r40_500-8000.hdf5	left	right
1565.5495	1	Stimulus/S  1	1	15655495	15655503	119	4	50	pips_l400_r40_500-8000.hdf5	left	right
1566.5949	1	Stimulus/S  1	1	15665949	15665957	119	5	30	pips_l400_r40_500-8000.hdf5	left	right
1567.6509	1	Stimulus/S  1	1	15676509	15676517	0	0	20	pips_l400_r40_500-8000.hdf5	left	right
1568.6962	1	Stimulus/S  1	1	15686962	15686970	0	1	40	pips_l400_r40_500-8000.hdf5	left	right
1569.7522	1	Stimulus/S  1	1	15697522	15697530	0	2	60	pips_l400_r40_500-8000.hdf5	left	right
1570.7976	1	Stimulus/S  1	1	15707976	15707984	0	3	70	pips_l400_r40_500-8000.hdf5	left	right
1571.8536	1	Stimulus/S  1	1	15718536	15718544	0	4	50	pips_l400_r40_500-8000.hdf5	left	right
1572.8989	1	Stimulus/S  1	1	15728989	15728997	0	5	30	pips_l400_r40_500-8000.hdf5	left	right
1573.9443	1	Stimulus/S  1	1	15739443	15739451	1	0	20	pips_l400_r40_500-8000.hdf5	left	right
1575.0003	1	Stimulus/S  1	1	15750003	15750011	1	1	40	pips_l400_r40_500-8000.hdf5	left	right
1576.0456	1	Stimulus/S  1	1	15760456	15760464	1	2	60	pips_l400_r40_500-8000.hdf5	left	right
1577.1016	1	Stimulus/S  1	1	15771016	15771024	1	3	70	pips_l400_r40_500-8000.hdf5	left	right
1578.147	1	Stimulus/S  1	1	15781470	15781478	1	4	50	pips_l400_r40_500-8000.hdf5	left	right
1579.203	1	Stimulus/S  1	1	15792030	15792038	1	5	30	pips_l400_r40_500-8000.hdf5	left	right
1580.2483	1	Stimulus/S  1	1	15802483	15802491	2	0	20	pips_l400_r40_500-8000.hdf5	left	right
1581.315	1	Stimulus/S  1	1	15813150	15813158	2	1	40	pips_l400_r40_500-8000.hdf5	left	right
1582.3604	1	Stimulus/S  1	1	15823604	15823612	2	2	60	pips_l400_r40_500-8000.hdf5	left	right
1583.427	1	Stimulus/S  1	1	15834270	15834278	2	3	70	pips_l400_r40_500-8000.hdf5	left	right
1584.4937	1	Stimulus/S  1	1	15844937	15844945	2	4	50	pips_l400_r40_500-8000.hdf5	left	right
1585.5497	1	Stimulus/S  1	1	15855497	15855505	2	5	30	pips_l400_r40_500-8000.hdf5	left	right
1586.6164	1	Stimulus/S  1	1	15866164	15866172	3	0	20	pips_l400_r40_500-8000.hdf5	left	right
1587.6617	1	Stimulus/S  1	1	15876617	15876625	3	1	40	pips_l400_r40_500-8000.hdf5	left	right
1588.7284	1	Stimulus/S  1	1	15887284	15887292	3	2	60	pips_l400_r40_500-8000.hdf5	left	right
1589.7951	1	Stimulus/S  1	1	15897951	15897959	3	3	70	pips_l400_r40_500-8000.hdf5	left	right
1590.8511	1	Stimulus/S  1	1	15908511	15908519	3	4	50	pips_l400_r40_500-8000.hdf5	left	right
1591.9178	1	Stimulus/S  1	1	15919178	15919186	3	5	30	pips_l400_r40_500-8000.hdf5	left	right
1592.9631	1	Stimulus/S  1	1	15929631	15929639	4	0	20	pips_l400_r40_500-8000.hdf5	left	right
1594.0298	1	Stimulus/S  1	1	15940298	15940306	4	1	40	pips_l400_r40_500-8000.hdf5	left	right
1595.0965	1	Stimulus/S  1	1	15950965	15950973	4	2	60	pips_l400_r40_500-8000.hdf5	left	right
1596.1632	1	Stimulus/S  1	1	15961632	15961640	4	3	70	pips_l400_r40_500-8000.hdf5	left	right
1597.2298	1	Stimulus/S  1	1	15972298	15972306	4	4	50	pips_l400_r40_500-8000.hdf5	left	right
1598.2965	1	Stimulus/S  1	1	15982965	15982973	4	5	30	pips_l400_r40_500-8000.hdf5	left	right
1599.3525	1	Stimulus/S  1	1	15993525	15993533	5	0	20	pips_l400_r40_500-8000.hdf5	left	right
1600.3979	1	Stimulus/S  1	1	16003979	16003987	5	1	40	pips_l400_r40_500-8000.hdf5	left	right
1601.4645	1	Stimulus/S  1	1	16014645	16014653	5	2	60	pips_l400_r40_500-8000.hdf5	left	right
1602.5312	1	Stimulus/S  1	1	16025312	16025320	5	3	70	pips_l400_r40_500-8000.hdf5	left	right
1603.5979	1	Stimulus/S  1	1	16035979	16035987	5	4	50	pips_l400_r40_500-8000.hdf5	left	right
1604.6646	1	Stimulus/S  1	1	16046646	16046654	5	5	30	pips_l400_r40_500-8000.hdf5	left	right
1605.7206	1	Stimulus/S  1	1	16057206	16057214	6	0	20	pips_l400_r40_500-8000.hdf5	left	right
1606.7659	1	Stimulus/S  1	1	16067659	16067667	6	1	40	pips_l400_r40_500-8000.hdf5	left	right
1607.8113	1	Stimulus/S  1	1	16078113	16078121	6	2	60	pips_l400_r40_500-8000.hdf5	left	right
1608.8779	1	Stimulus/S  1	1	16088779	16088787	6	3	70	pips_l400_r40_500-8000.hdf5	left	right
1609.9446	1	Stimulus/S  1	1	16099446	16099454	6	4	50	pips_l400_r40_500-8000.hdf5	left	right
1611.0006	1	Stimulus/S  1	1	16110006	16110014	6	5	30	pips_l400_r40_500-8000.hdf5	left	right
1612.0673	1	Stimulus/S  1	1	16120673	16120681	7	0	20	pips_l400_r40_500-8000.hdf5	left	right
1613.134	1	Stimulus/S  1	1	16131340	16131348	7	1	40	pips_l400_r40_500-8000.hdf5	left	right
1614.2007	1	Stimulus/S  1	1	16142007	16142015	7	2	60	pips_l400_r40_500-8000.hdf5	left	right
1615.246	1	Stimulus/S  1	1	16152460	16152468	7	3	70	pips_l400_r40_500-8000.hdf5	left	right
1616.3127	1	Stimulus/S  1	1	16163127	16163135	7	4	50	pips_l400_r40_500-8000.hdf5	left	right
1617.3687	1	Stimulus/S  1	1	16173687	16173695	7	5	30	pips_l400_r40_500-8000.hdf5	left	right
1618.4354	1	Stimulus/S  1	1	16184354	16184362	8	0	20	pips_l400_r40_500-8000.hdf5	left	right
1619.5021	1	Stimulus/S  1	1	16195021	16195029	8	1	40	pips_l400_r40_500-8000.hdf5	left	right
1620.5474	1	Stimulus/S  1	1	16205474	16205482	8	2	60	pips_l400_r40_500-8000.hdf5	left	right
1621.6141	1	Stimulus/S  1	1	16216141	16216149	8	3	70	pips_l400_r40_500-8000.hdf5	left	right
1622.6701	1	Stimulus/S  1	1	16226701	16226709	8	4	50	pips_l400_r40_500-8000.hdf5	left	right
1623.7368	1	Stimulus/S  1	1	16237368	16237376	8	5	30	pips_l400_r40_500-8000.hdf5	left	right
1624.8034	1	Stimulus/S  1	1	16248034	16248042	9	0	20	pips_l400_r40_500-8000.hdf5	left	right
1625.8701	1	Stimulus/S  1	1	16258701	16258709	9	1	40	pips_l400_r40_500-8000.hdf5	left	right
1626.9368	1	Stimulus/S  1	1	16269368	16269376	9	2	60	pips_l400_r40_500-8000.hdf5	left	right
1628.0035	1	Stimulus/S  1	1	16280035	16280043	9	3	70	pips_l400_r40_500-8000.hdf5	left	right
1629.0488	1	Stimulus/S  1	1	16290488	16290496	9	4	50	pips_l400_r40_500-8000.hdf5	left	right
1630.0942	1	Stimulus/S  1	1	16300942	16300950	9	5	30	pips_l400_r40_500-8000.hdf5	left	right
1631.1502	1	Stimulus/S  1	1	16311502	16311510	10	0	20	pips_l400_r40_500-8000.hdf5	left	right
1632.1955	1	Stimulus/S  1	1	16321955	16321963	10	1	40	pips_l400_r40_500-8000.hdf5	left	right
1633.2515	1	Stimulus/S  1	1	16332515	16332523	10	2	60	pips_l400_r40_500-8000.hdf5	left	right
1634.2969	1	Stimulus/S  1	1	16342969	16342977	10	3	70	pips_l400_r40_500-8000.hdf5	left	right
1635.3529	1	Stimulus/S  1	1	16353529	16353537	10	4	50	pips_l400_r40_500-8000.hdf5	left	right
1636.3982	1	Stimulus/S  1	1	16363982	16363990	10	5	30	pips_l400_r40_500-8000.hdf5	left	right
1637.4542	1	Stimulus/S  1	1	16374542	16374550	11	0	20	pips_l400_r40_500-8000.hdf5	left	right
1638.4996	1	Stimulus/S  1	1	16384996	16385004	11	1	40	pips_l400_r40_500-8000.hdf5	left	right
1639.5449	1	Stimulus/S  1	1	16395449	16395457	11	2	60	pips_l400_r40_500-8000.hdf5	left	right
1640.6009	1	Stimulus/S  1	1	16406009	16406017	11	3	70	pips_l400_r40_500-8000.hdf5	left	right
1641.6463	1	Stimulus/S  1	1	16416463	16416471	11	4	50	pips_l400_r40_500-8000.hdf5	left	right
1642.7023	1	Stimulus/S  1	1	16427023	16427031	11	5	30	pips_l400_r40_500-8000.hdf5	left	right
1643.7476	1	Stimulus/S  1	1	16437476	16437484	12	0	20	pips_l400_r40_500-8000.hdf5	left	right
1644.8143	1	Stimulus/S  1	1	16448143	16448151	12	1	40	pips_l400_r40_500-8000.hdf5	left	right
1645.8703	1	Stimulus/S  1	1	16458703	16458711	12	2	60	pips_l400_r40_500-8000.hdf5	left	right
1646.937	1	Stimulus/S  1	1	16469370	16469378	12	3	70	pips_l400_r40_500-8000.hdf5	left	right
1647.9823	1	Stimulus/S  1	1	16479823	16479831	12	4	50	pips_l400_r40_500-8000.hdf5	left	right
1649.049	1	Stimulus/S  1	1	16490490	16490498	12	5	30	pips_l400_r40_500-8000.hdf5	left	right
1650.1157	1	Stimulus/S  1	1	16501157	16501165	13	0	20	pips_l400_r40_500-8000.hdf5	left	right
1651.1717	1	Stimulus/S  1	1	16511717	16511725	13	1	40	pips_l400_r40_500-8000.hdf5	left	right
1652.2384	1	Stimulus/S  1	1	16522384	16522392	13	2	60	pips_l400_r40_500-8000.hdf5	left	right
1653.2837	1	Stimulus/S  1	1	16532837	16532845	13	3	70	pips_l400_r40_500-8000.hdf5	left	right
1654.3504	1	Stimulus/S  1	1	16543504	16543512	13	4	50	pips_l400_r40_500-8000.hdf5	left	right
1655.4171	1	Stimulus/S  1	1	16554171	16554179	13	5	30	pips_l400_r40_500-8000.hdf5	left	right
1656.4837	1	Stimulus/S  1	1	16564837	16564845	14	0	20	pips_l400_r40_500-8000.hdf5	left	right
1657.5504	1	Stimulus/S  1	1	16575504	16575512	14	1	40	pips_l400_r40_500-8000.hdf5	left	right
1658.6171	1	Stimulus/S  1	1	16586171	16586179	14	2	60	pips_l400_r40_500-8000.hdf5	left	right
1659.6838	1	Stimulus/S  1	1	16596838	16596846	14	3	70	pips_l400_r40_500-8000.hdf5	left	right
1660.7505	1	Stimulus/S  1	1	16607505	16607513	14	4	50	pips_l400_r40_500-8000.hdf5	left	right
1661.8171	1	Stimulus/S  1	1	16618171	16618179	14	5	30	pips_l400_r40_500-8000.hdf5	left	right
1662.8838	1	Stimulus/S  1	1	16628838	16628846	15	0	20	pips_l400_r40_500-8000.hdf5	left	right
1663.9505	1	Stimulus/S  1	1	16639505	16639513	15	1	40	pips_l400_r40_500-8000.hdf5	left	right
1665.0172	1	Stimulus/S  1	1	16650172	16650180	15	2	60	pips_l400_r40_500-8000.hdf5	left	right
1666.0838	1	Stimulus/S  1	1	16660838	16660846	15	3	70	pips_l400_r40_500-8000.hdf5	left	right
1667.1505	1	Stimulus/S  1	1	16671505	16671513	15	4	50	pips_l400_r40_500-8000.hdf5	left	right
1668.2172	1	Stimulus/S  1	1	16682172	16682180	15	5	30	pips_l400_r40_500-8000.hdf5	left	right
1669.2839	1	Stimulus/S  1	1	16692839	16692847	16	0	20	pips_l400_r40_500-8000.hdf5	left	right
1670.3292	1	Stimulus/S  1	1	16703292	16703300	16	1	40	pips_l400_r40_500-8000.hdf5	left	right
1671.3959	1	Stimulus/S  1	1	16713959	16713967	16	2	60	pips_l400_r40_500-8000.hdf5	left	right
1672.4519	1	Stimulus/S  1	1	16724519	16724527	16	3	70	pips_l400_r40_500-8000.hdf5	left	right
1673.5186	1	Stimulus/S  1	1	16735186	16735194	16	4	50	pips_l400_r40_500-8000.hdf5	left	right
1674.5639	1	Stimulus/S  1	1	16745639	16745647	16	5	30	pips_l400_r40_500-8000.hdf5	left	right
1675.6199	1	Stimulus/S  1	1	16756199	16756207	17	0	20	pips_l400_r40_500-8000.hdf5	left	right
1676.6653	1	Stimulus/S  1	1	16766653	16766661	17	1	40	pips_l400_r40_500-8000.hdf5	left	right
1677.7213	1	Stimulus/S  1	1	16777213	16777221	17	2	60	pips_l400_r40_500-8000.hdf5	left	right
1678.7666	1	Stimulus/S  1	1	16787666	16787674	17	3	70	pips_l400_r40_500-8000.hdf5	left	right
1679.8333	1	Stimulus/S  1	1	16798333	16798341	17	4	50	pips_l400_r40_500-8000.hdf5	left	right
1680.8786	1	Stimulus/S  1	1	16808786	16808794	17	5	30	pips_l400_r40_500-8000.hdf5	left	right
1681.9453	1	Stimulus/S  1	1	16819453	16819461	18	0	20	pips_l400_r40_500-8000.hdf5	left	right
1683.0013	1	Stimulus/S  1	1	16830013	16830021	18	1	40	pips_l400_r40_500-8000.hdf5	left	right
1684.0467	1	Stimulus/S  1	1	16840467	16840475	18	2	60	pips_l400_r40_500-8000.hdf5	left	right
1685.1027	1	Stimulus/S  1	1	16851027	16851035	18	3	70	pips_l400_r40_500-8000.hdf5	left	right
1686.148	1	Stimulus/S  1	1	16861480	16861488	18	4	50	pips_l400_r40_500-8000.hdf5	left	right
1687.204	1	Stimulus/S  1	1	16872040	16872048	18	5	30	pips_l400_r40_500-8000.hdf5	left	right
1688.2494	1	Stimulus/S  1	1	16882494	16882502	19	0	20	pips_l400_r40_500-8000.hdf5	left	right
1689.3054	1	Stimulus/S  1	1	16893054	16893062	19	1	40	pips_l400_r40_500-8000.hdf5	left	right
1690.3507	1	Stimulus/S  1	1	16903507	16903515	19	2	60	pips_l400_r40_500-8000.hdf5	left	right
1691.3961	1	Stimulus/S  1	1	16913961	16913969	19	3	70	pips_l400_r40_500-8000.hdf5	left	right
1692.4521	1	Stimulus/S  1	1	16924521	16924529	19	4	50	pips_l400_r40_500-8000.hdf5	left	right
1693.4974	1	Stimulus/S  1	1	16934974	16934982	19	5	30	pips_l400_r40_500-8000.hdf5	left	right
1694.5534	1	Stimulus/S  1	1	16945534	16945542	20	0	20	pips_l400_r40_500-8000.hdf5	left	right
1695.5988	1	Stimulus/S  1	1	16955988	16955996	20	1	40	pips_l400_r40_500-8000.hdf5	left	right
1696.6548	1	Stimulus/S  1	1	16966548	16966556	20	2	60	pips_l400_r40_500-8000.hdf5	left	right
1697.7001	1	Stimulus/S  1	1	16977001	16977009	20	3	70	pips_l400_r40_500-8000.hdf5	left	right
1698.7455	1	Stimulus/S  1	1	16987455	16987463	20	4	50	pips_l400_r40_500-8000.hdf5	left	right
1699.8015	1	Stimulus/S  1	1	16998015	16998023	20	5	30	pips_l400_r40_500-8000.hdf5	left	right
1700.8468	1	Stimulus/S  1	1	17008468	17008476	21	0	20	pips_l400_r40_500-8000.hdf5	left	right
1701.9028	1	Stimulus/S  1	1	17019028	17019036	21	1	40	pips_l400_r40_500-8000.hdf5	left	right
1702.9695	1	Stimulus/S  1	1	17029695	17029703	21	2	60	pips_l400_r40_500-8000.hdf5	left	right
1704.0362	1	Stimulus/S  1	1	17040362	17040370	21	3	70	pips_l400_r40_500-8000.hdf5	left	right
1705.1029	1	Stimulus/S  1	1	17051029	17051037	21	4	50	pips_l400_r40_500-8000.hdf5	left	right
1706.1696	1	Stimulus/S  1	1	17061696	17061704	21	5	30	pips_l400_r40_500-8000.hdf5	left	right
1707.2362	1	Stimulus/S  1	1	17072362	17072370	22	0	20	pips_l400_r40_500-8000.hdf5	left	right
1708.3029	1	Stimulus/S  1	1	17083029	17083037	22	1	40	pips_l400_r40_500-8000.hdf5	left	right
1709.3696	1	Stimulus/S  1	1	17093696	17093704	22	2	60	pips_l400_r40_500-8000.hdf5	left	right
1710.4363	1	Stimulus/S  1	1	17104363	17104371	22	3	70	pips_l400_r40_500-8000.hdf5	left	right
1711.5029	1	Stimulus/S  1	1	17115029	17115037	22	4	50	pips_l400_r40_500-8000.hdf5	left	right
1712.5696	1	Stimulus/S  1	1	17125696	17125704	22	5	30	pips_l400_r40_500-8000.hdf5	left	right
1713.6363	1	Stimulus/S  1	1	17136363	17136371	23	0	20	pips_l400_r40_500-8000.hdf5	left	right
1714.703	1	Stimulus/S  1	1	17147030	17147038	23	1	40	pips_l400_r40_500-8000.hdf5	left	right
1715.7483	1	Stimulus/S  1	1	17157483	17157491	23	2	60	pips_l400_r40_500-8000.hdf5	left	right
1716.815	1	Stimulus/S  1	1	17168150	17168158	23	3	70	pips_l400_r40_500-8000.hdf5	left	right
1717.8817	1	Stimulus/S  1	1	17178817	17178825	23	4	50	pips_l400_r40_500-8000.hdf5	left	right
1718.9377	1	Stimulus/S  1	1	17189377	17189385	23	5	30	pips_l400_r40_500-8000.hdf5	left	right
1720.0044	1	Stimulus/S  1	1	17200044	17200052	24	0	20	pips_l400_r40_500-8000.hdf5	left	right
1721.0497	1	Stimulus/S  1	1	17210497	17210505	24	1	40	pips_l400_r40_500-8000.hdf5	left	right
1722.1164	1	Stimulus/S  1	1	17221164	17221172	24	2	60	pips_l400_r40_500-8000.hdf5	left	right
1723.1724	1	Stimulus/S  1	1	17231724	17231732	24	3	70	pips_l400_r40_500-8000.hdf5	left	right
1724.2391	1	Stimulus/S  1	1	17242391	17242399	24	4	50	pips_l400_r40_500-8000.hdf5	left	right
1725.2844	1	Stimulus/S  1	1	17252844	17252852	24	5	30	pips_l400_r40_500-8000.hdf5	left	right
1726.3298	1	Stimulus/S  1	1	17263298	17263306	25	0	20	pips_l400_r40_500-8000.hdf5	left	right
1727.3858	1	Stimulus/S  1	1	17273858	17273866	25	1	40	pips_l400_r40_500-8000.hdf5	left	right
1728.4311	1	Stimulus/S  1	1	17284311	17284319	25	2	60	pips_l400_r40_500-8000.hdf5	left	right
1729.4871	1	Stimulus/S  1	1	17294871	17294879	25	3	70	pips_l400_r40_500-8000.hdf5	left	right
1730.5325	1	Stimulus/S  1	1	17305325	17305333	25	4	50	pips_l400_r40_500-8000.hdf5	left	right
1731.5885	1	Stimulus/S  1	1	17315885	17315893	25	5	30	pips_l400_r40_500-8000.hdf5	left	right
1732.6338	1	Stimulus/S  1	1	17326338	17326346	26	0	20	pips_l400_r40_500-8000.hdf5	left	right
1733.6898	1	Stimulus/S  1	1	17336898	17336906	26	1	40	pips_l400_r40_500-8000.hdf5	left	right
1734.7352	1	Stimulus/S  1	1	17347352	17347360	26	2	60	pips_l400_r40_500-8000.hdf5	left	right
1735.7805	1	Stimulus/S  1	1	17357805	17357813	26	3	70	pips_l400_r40_500-8000.hdf5	left	right
1736.8365	1	Stimulus/S  1	1	17368365	17368373	26	4	50	pips_l400_r40_500-8000.hdf5	left	right
1737.8819	1	Stimulus/S  1	1	17378819	17378827	26	5	30	pips_l400_r40_500-8000.hdf5	left	right
1738.9485	1	Stimulus/S  1	1	17389485	17389493	27	0	20	pips_l400_r40_500-8000.hdf5	left	right
1740.0045	1	Stimulus/S  1	1	17400045	17400053	27	1	40	pips_l400_r40_500-8000.hdf5	left	right
1741.0499	1	Stimulus/S  1	1	17410499	17410507	27	2	60	pips_l400_r40_500-8000.hdf5	left	right
1742.1059	1	Stimulus/S  1	1	17421059	17421067	27	3	70	pips_l400_r40_500-8000.hdf5	left	right
1743.1512	1	Stimulus/S  1	1	17431512	17431520	27	4	50	pips_l400_r40_500-8000.hdf5	left	right
1744.1966	1	Stimulus/S  1	1	17441966	17441974	27	5	30	pips_l400_r40_500-8000.hdf5	left	right
1745.2633	1	Stimulus/S  1	1	17452633	17452641	28	0	20	pips_l400_r40_500-8000.hdf5	left	right
1746.3193	1	Stimulus/S  1	1	17463193	17463201	28	1	40	pips_l400_r40_500-8000.hdf5	left	right
1747.386	1	Stimulus/S  1	1	17473860	17473868	28	2	60	pips_l400_r40_500-8000.hdf5	left	right
1748.4526	1	Stimulus/S  1	1	17484526	17484534	28	3	70	pips_l400_r40_500-8000.hdf5	left	right
1749.498	1	Stimulus/S  1	1	17494980	17494988	28	4	50	pips_l400_r40_500-8000.hdf5	left	right
1750.5647	1	Stimulus/S  1	1	17505647	17505655	28	5	30	pips_l400_r40_500-8000.hdf5	left	right
1751.6207	1	Stimulus/S  1	1	17516207	17516215	29	0	20	pips_l400_r40_500-8000.hdf5	left	right
1752.6873	1	Stimulus/S  1	1	17526873	17526881	29	1	40	pips_l400_r40_500-8000.hdf5	left	right
1753.754	1	Stimulus/S  1	1	17537540	17537548	29	2	60	pips_l400_r40_500-8000.hdf5	left	right
1754.8207	1	Stimulus/S  1	1	17548207	17548215	29	3	70	pips_l400_r40_500-8000.hdf5	left	right
1755.8874	1	Stimulus/S  1	1	17558874	17558882	29	4	50	pips_l400_r40_500-8000.hdf5	left	right
1756.954	1	Stimulus/S  1	1	17569540	17569548	29	5	30	pips_l400_r40_500-8000.hdf5	left	right
1758.0207	1	Stimulus/S  1	1	17580207	17580215	30	0	20	pips_l400_r40_500-8000.hdf5	left	right
1759.0661	1	Stimulus/S  1	1	17590661	17590669	30	1	40	pips_l400_r40_500-8000.hdf5	left	right
1760.1327	1	Stimulus/S  1	1	17601327	17601335	30	2	60	pips_l400_r40_500-8000.hdf5	left	right
1761.1994	1	Stimulus/S  1	1	17611994	17612002	30	3	70	pips_l400_r40_500-8000.hdf5	left	right
1762.2554	1	Stimulus/S  1	1	17622554	17622562	30	4	50	pips_l400_r40_500-8000.hdf5	left	right
1763.3221	1	Stimulus/S  1	1	17633221	17633229	30	5	30	pips_l400_r40_500-8000.hdf5	left	right
1764.3675	1	Stimulus/S  1	1	17643675	17643683	31	0	20	pips_l400_r40_500-8000.hdf5	left	right
1765.4341	1	Stimulus/S  1	1	17654341	17654349	31	1	40	pips_l400_r40_500-8000.hdf5	left	right
1766.5008	1	Stimulus/S  1	1	17665008	17665016	31	2	60	pips_l400_r40_500-8000.hdf5	left	right
1767.5568	1	Stimulus/S  1	1	17675568	17675576	31	3	70	pips_l400_r40_500-8000.hdf5	left	right
1768.6235	1	Stimulus/S  1	1	17686235	17686243	31	4	50	pips_l400_r40_500-8000.hdf5	left	right
1769.6902	1	Stimulus/S  1	1	17696902	17696910	31	5	30	pips_l400_r40_500-8000.hdf5	left	right
1770.7568	1	Stimulus/S  1	1	17707568	17707576	32	0	20	pips_l400_r40_500-8000.hdf5	left	right
1771.8235	1	Stimulus/S  1	1	17718235	17718243	32	1	40	pips_l400_r40_500-8000.hdf5	left	right
1772.8902	1	Stimulus/S  1	1	17728902	17728910	32	2	60	pips_l400_r40_500-8000.hdf5	left	right
1773.9569	1	Stimulus/S  1	1	17739569	17739577	32	3	70	pips_l400_r40_500-8000.hdf5	left	right
1775.0236	1	Stimulus/S  1	1	17750236	17750244	32	4	50	pips_l400_r40_500-8000.hdf5	left	right
1776.0902	1	Stimulus/S  1	1	17760902	17760910	32	5	30	pips_l400_r40_500-8000.hdf5	left	right
1777.1569	1	Stimulus/S  1	1	17771569	17771577	33	0	20	pips_l400_r40_500-8000.hdf5	left	right
1778.2236	1	Stimulus/S  1	1	17782236	17782244	33	1	40	pips_l400_r40_500-8000.hdf5	left	right
1779.2903	1	Stimulus/S  1	1	17792903	17792911	33	2	60	pips_l400_r40_500-8000.hdf5	left	right
1780.3569	1	Stimulus/S  1	1	17803569	17803577	33	3	70	pips_l400_r40_500-8000.hdf5	left	right
1781.4236	1	Stimulus/S  1	1	17814236	17814244	33	4	50	pips_l400_r40_500-8000.hdf5	left	right
1782.469	1	Stimulus/S  1	1	17824690	17824698	33	5	30	pips_l400_r40_500-8000.hdf5	left	right
1783.5356	1	Stimulus/S  1	1	17835356	17835364	34	0	20	pips_l400_r40_500-8000.hdf5	left	right
1784.581	1	Stimulus/S  1	1	17845810	17845818	34	1	40	pips_l400_r40_500-8000.hdf5	left	right
1785.6477	1	Stimulus/S  1	1	17856477	17856485	34	2	60	pips_l400_r40_500-8000.hdf5	left	right
1786.7037	1	Stimulus/S  1	1	17867037	17867045	34	3	70	pips_l400_r40_500-8000.hdf5	left	right
1787.749	1	Stimulus/S  1	1	17877490	17877498	34	4	50	pips_l400_r40_500-8000.hdf5	left	right
1788.805	1	Stimulus/S  1	1	17888050	17888058	34	5	30	pips_l400_r40_500-8000.hdf5	left	right
1789.8504	1	Stimulus/S  1	1	17898504	17898512	35	0	20	pips_l400_r40_500-8000.hdf5	left	right
1790.9064	1	Stimulus/S  1	1	17909064	17909072	35	1	40	pips_l400_r40_500-8000.hdf5	left	right
1791.9517	1	Stimulus/S  1	1	17919517	17919525	35	2	60	pips_l400_r40_500-8000.hdf5	left	right
1792.9971	1	Stimulus/S  1	1	17929971	17929979	35	3	70	pips_l400_r40_500-8000.hdf5	left	right
1794.0531	1	Stimulus/S  1	1	17940531	17940539	35	4	50	pips_l400_r40_500-8000.hdf5	left	right
1795.0984	1	Stimulus/S  1	1	17950984	17950992	35	5	30	pips_l400_r40_500-8000.hdf5	left	right
1796.1544	1	Stimulus/S  1	1	17961544	17961552	36	0	20	pips_l400_r40_500-8000.hdf5	left	right
1797.1998	1	Stimulus/S  1	1	17971998	17972006	36	1	40	pips_l400_r40_500-8000.hdf5	left	right
1798.2558	1	Stimulus/S  1	1	17982558	17982566	36	2	60	pips_l400_r40_500-8000.hdf5	left	right
1799.3011	1	Stimulus/S  1	1	17993011	17993019	36	3	70	pips_l400_r40_500-8000.hdf5	left	right
1800.3571	1	Stimulus/S  1	1	18003571	18003579	36	4	50	pips_l400_r40_500-8000.hdf5	left	right
1801.4025	1	Stimulus/S  1	1	18014025	18014033	36	5	30	pips_l400_r40_500-8000.hdf5	left	right
1802.4478	1	Stimulus/S  1	1	18024478	18024486	37	0	20	pips_l400_r40_500-8000.hdf5	left	right
1803.5038	1	Stimulus/S  1	1	18035038	18035046	37	1	40	pips_l400_r40_500-8000.hdf5	left	right
1804.5492	1	Stimulus/S  1	1	18045492	18045500	37	2	60	pips_l400_r40_500-8000.hdf5	left	right
1805.6052	1	Stimulus/S  1	1	18056052	18056060	37	3	70	pips_l400_r40_500-8000.hdf5	left	right
1806.6505	1	Stimulus/S  1	1	18066505	18066513	37	4	50	pips_l400_r40_500-8000.hdf5	left	right
1807.7065	1	Stimulus/S  1	1	18077065	18077073	37	5	30	pips_l400_r40_500-8000.hdf5	left	right
1808.7732	1	Stimulus/S  1	1	18087732	18087740	38	0	20	pips_l400_r40_500-8000.hdf5	left	right
1809.8186	1	Stimulus/S  1	1	18098186	18098194	38	1	40	pips_l400_r40_500-8000.hdf5	left	right
1810.8852	1	Stimulus/S  1	1	18108852	18108860	38	2	60	pips_l400_r40_500-8000.hdf5	left	right
1811.9306	1	Stimulus/S  1	1	18119306	18119314	38	3	70	pips_l400_r40_500-8000.hdf5	left	right
1813.0079	1	Stimulus/S  1	1	18130079	18130087	38	4	50	pips_l400_r40_500-8000.hdf5	left	right
1814.0746	1	Stimulus/S  1	1	18140746	18140754	38	5	30	pips_l400_r40_500-8000.hdf5	left	right
1815.1413	1	Stimulus/S  1	1	18151413	18151421	39	0	20	pips_l400_r40_500-8000.hdf5	left	right
1816.208	1	Stimulus/S  1	1	18162080	18162088	39	1	40	pips_l400_r40_500-8000.hdf5	left	right
1817.264	1	Stimulus/S  1	1	18172640	18172648	39	2	60	pips_l400_r40_500-8000.hdf5	left	right
1818.3413	1	Stimulus/S  1	1	18183413	18183421	39	3	70	pips_l400_r40_500-8000.hdf5	left	right
1819.3866	1	Stimulus/S  1	1	18193866	18193874	39	4	50	pips_l400_r40_500-8000.hdf5	left	right
1820.4533	1	Stimulus/S  1	1	18204533	18204541	39	5	30	pips_l400_r40_500-8000.hdf5	left	right
1821.52	1	Stimulus/S  1	1	18215200	18215208	40	0	20	pips_l400_r40_500-8000.hdf5	left	right
1822.5653	1	Stimulus/S  1	1	18225653	18225661	40	1	40	pips_l400_r40_500-8000.hdf5	left	right
1823.6214	1	Stimulus/S  1	1	18236214	18236222	40	2	60	pips_l400_r40_500-8000.hdf5	left	right
1824.6667	1	Stimulus/S  1	1	18246667	18246675	40	3	70	pips_l400_r40_500-8000.hdf5	left	right
1825.7227	1	Stimulus/S  1	1	18257227	18257235	40	4	50	pips_l400_r40_500-8000.hdf5	left	right
1826.7681	1	Stimulus/S  1	1	18267681	18267689	40	5	30	pips_l400_r40_500-8000.hdf5	left	right
1827.8241	1	Stimulus/S  1	1	18278241	18278249	41	0	20	pips_l400_r40_500-8000.hdf5	left	right
1828.8694	1	Stimulus/S  1	1	18288694	18288702	41	1	40	pips_l400_r40_500-8000.hdf5	left	right
1829.9148	1	Stimulus/S  1	1	18299148	18299156	41	2	60	pips_l400_r40_500-8000.hdf5	left	right
1830.9708	1	Stimulus/S  1	1	18309708	18309716	41	3	70	pips_l400_r40_500-8000.hdf5	left	right
1832.0161	1	Stimulus/S  1	1	18320161	18320169	41	4	50	pips_l400_r40_500-8000.hdf5	left	right
1833.0828	1	Stimulus/S  1	1	18330828	18330836	41	5	30	pips_l400_r40_500-8000.hdf5	left	right
1834.1388	1	Stimulus/S  1	1	18341388	18341396	42	0	20	pips_l400_r40_500-8000.hdf5	left	right
1835.2055	1	Stimulus/S  1	1	18352055	18352063	42	1	40	pips_l400_r40_500-8000.hdf5	left	right
1836.2508	1	Stimulus/S  1	1	18362508	18362516	42	2	60	pips_l400_r40_500-8000.hdf5	left	right
1837.3175	1	Stimulus/S  1	1	18373175	18373183	42	3	70	pips_l400_r40_500-8000.hdf5	left	right
1838.3842	1	Stimulus/S  1	1	18383842	18383850	42	4	50	pips_l400_r40_500-8000.hdf5	left	right
1839.4402	1	Stimulus/S  1	1	18394402	18394410	42	5	30	pips_l400_r40_500-8000.hdf5	left	right
1840.5069	1	Stimulus/S  1	1	18405069	18405077	43	0	20	pips_l400_r40_500-8000.hdf5	left	right
1841.5522	1	Stimulus/S  1	1	18415522	18415530	43	1	40	pips_l400_r40_500-8000.hdf5	left	right
1842.6189	1	Stimulus/S  1	1	18426189	18426197	43	2	60	pips_l400_r40_500-8000.hdf5	left	right
1843.6856	1	Stimulus/S  1	1	18436856	18436864	43	3	70	pips_l400_r40_500-8000.hdf5	left	right
1844.7309	1	Stimulus/S  1	1	18447309	18447317	43	4	50	pips_l400_r40_500-8000.hdf5	left	right
1845.8082	1	Stimulus/S  1	1	18458082	18458090	43	5	30	pips_l400_r40_500-8000.hdf5	left	right
1846.8749	1	Stimulus/S  1	1	18468749	18468757	44	0	20	pips_l400_r40_500-8000.hdf5	left	right
1847.9416	1	Stimulus/S  1	1	18479416	18479424	44	1	40	pips_l400_r40_500-8000.hdf5	left	right
1849.0083	1	Stimulus/S  1	1	18490083	18490091	44	2	60	pips_l400_r40_500-8000.hdf5	left	right
1850.0749	1	Stimulus/S  1	1	18500749	18500757	44	3	70	pips_l400_r40_500-8000.hdf5	left	right
1851.1416	1	Stimulus/S  1	1	18511416	18511424	44	4	50	pips_l400_r40_500-8000.hdf5	left	right
1852.187	1	Stimulus/S  1	1	18521870	18521878	44	5	30	pips_l400_r40_500-8000.hdf5	left	right
1853.2536	1	Stimulus/S  1	1	18532536	18532544	45	0	20	pips_l400_r40_500-8000.hdf5	left	right
1854.299	1	Stimulus/S  1	1	18542990	18542998	45	1	40	pips_l400_r40_500-8000.hdf5	left	right
1855.3657	1	Stimulus/S  1	1	18553657	18553665	45	2	60	pips_l400_r40_500-8000.hdf5	left	right
1856.4217	1	Stimulus/S  1	1	18564217	18564225	45	3	70	pips_l400_r40_500-8000.hdf5	left	right
1857.4883	1	Stimulus/S  1	1	18574883	18574891	45	4	50	pips_l400_r40_500-8000.hdf5	left	right
1858.5337	1	Stimulus/S  1	1	18585337	18585345	45	5	30	pips_l400_r40_500-8000.hdf5	left	right
1859.5897	1	Stimulus/S  1	1	18595897	18595905	46	0	20	pips_l400_r40_500-8000.hdf5	left	right
1860.635	1	Stimulus/S  1	1	18606350	18606358	46	1	40	pips_l400_r40_500-8000.hdf5	left	right
1861.6911	1	Stimulus/S  1	1	18616911	18616919	46	2	60	pips_l400_r40_500-8000.hdf5	left	right
1862.7364	1	Stimulus/S  1	1	18627364	18627372	46	3	70	pips_l400_r40_500-8000.hdf5	left	right
1863.7817	1	Stimulus/S  1	1	18637817	18637825	46	4	50	pips_l400_r40_500-8000.hdf5	left	right
1864.8378	1	Stimulus/S  1	1	18648378	18648386	46	5	30	pips_l400_r40_500-8000.hdf5	left	right
1865.9044	1	Stimulus/S  1	1	18659044	18659052	47	0	20	pips_l400_r40_500-8000.hdf5	left	right
1866.9498	1	Stimulus/S  1	1	18669498	18669506	47	1	40	pips_l400_r40_500-8000.hdf5	left	right
1868.0058	1	Stimulus/S  1	1	18680058	18680066	47	2	60	pips_l400_r40_500-8000.hdf5	left	right
1869.0511	1	Stimulus/S  1	1	18690511	18690519	47	3	70	pips_l400_r40_500-8000.hdf5	left	right
1870.1178	1	Stimulus/S  1	1	18701178	18701186	47	4	50	pips_l400_r40_500-8000.hdf5	left	right
1871.1738	1	Stimulus/S  1	1	18711738	18711746	47	5	30	pips_l400_r40_500-8000.hdf5	left	right
1872.2405	1	Stimulus/S  1	1	18722405	18722413	48	0	20	pips_l400_r40_500-8000.hdf5	left	right
1873.3072	1	Stimulus/S  1	1	18733072	18733080	48	1	40	pips_l400_r40_500-8000.hdf5	left	right
1874.3738	1	Stimulus/S  1	1	18743738	18743746	48	2	60	pips_l400_r40_500-8000.hdf5	left	right
1875.4405	1	Stimulus/S  1	1	18754405	18754413	48	3	70	pips_l400_r40_500-8000.hdf5	left	right
1876.5072	1	Stimulus/S  1	1	18765072	18765080	48	4	50	pips_l400_r40_500-8000.hdf5	left	right
1877.5739	1	Stimulus/S  1	1	18775739	18775747	48	5	30	pips_l400_r40_500-8000.hdf5	left	right
1878.6406	1	Stimulus/S  1	1	18786406	18786414	49	0	20	pips_l400_r40_500-8000.hdf5	left	right
1879.7072	1	Stimulus/S  1	1	18797072	18797080	49	1	40	pips_l400_r40_500-8000.hdf5	left	right
1880.7739	1	Stimulus/S  1	1	18807739	18807747	49	2	60	pips_l400_r40_500-8000.hdf5	left	right
1881.8193	1	Stimulus/S  1	1	18818193	18818201	49	3	70	pips_l400_r40_500-8000.hdf5	left	right
1882.8859	1	Stimulus/S  1	1	18828859	18828867	49	4	50	pips_l400_r40_500-8000.hdf5	left	right
1883.9526	1	Stimulus/S  1	1	18839526	18839534	49	5	30	pips_l400_r40_500-8000.hdf5	left	right
1885.0086	1	Stimulus/S  1	1	18850086	18850094	50	0	20	pips_l400_r40_500-8000.hdf5	left	right
1886.054	1	Stimulus/S  1	1	18860540	18860548	50	1	40	pips_l400_r40_500-8000.hdf5	left	right
1887.0993	1	Stimulus/S  1	1	18870993	18871001	50	2	60	pips_l400_r40_500-8000.hdf5	left	right
1888.1553	1	Stimulus/S  1	1	18881553	18881561	50	3	70	pips_l400_r40_500-8000.hdf5	left	right
1889.2007	1	Stimulus/S  1	1	18892007	18892015	50	4	50	pips_l400_r40_500-8000.hdf5	left	right
1890.2567	1	Stimulus/S  1	1	18902567	18902575	50	5	30	pips_l400_r40_500-8000.hdf5	left	right
1891.302	1	Stimulus/S  1	1	18913020	18913028	51	0	20	pips_l400_r40_500-8000.hdf5	left	right
1892.358	1	Stimulus/S  1	1	18923580	18923588	51	1	40	pips_l400_r40_500-8000.hdf5	left	right
1893.4034	1	Stimulus/S  1	1	18934034	18934042	51	2	60	pips_l400_r40_500-8000.hdf5	left	right
1894.4594	1	Stimulus/S  1	1	18944594	18944602	51	3	70	pips_l400_r40_500-8000.hdf5	left	right
1895.5047	1	Stimulus/S  1	1	18955047	18955055	51	4	50	pips_l400_r40_500-8000.hdf5	left	right
1896.5501	1	Stimulus/S  1	1	18965501	18965509	51	5	30	pips_l400_r40_500-8000.hdf5	left	right
1897.6061	1	Stimulus/S  1	1	18976061	18976069	52	0	20	pips_l400_r40_500-8000.hdf5	left	right
1898.6514	1	Stimulus/S  1	1	18986514	18986522	52	1	40	pips_l400_r40_500-8000.hdf5	left	right
1899.7074	1	Stimulus/S  1	1	18997074	18997082	52	2	60	pips_l400_r40_500-8000.hdf5	left	right
1900.7528	1	Stimulus/S  1	1	19007528	19007536	52	3	70	pips_l400_r40_500-8000.hdf5	left	right
1901.8088	1	Stimulus/S  1	1	19018088	19018096	52	4	50	pips_l400_r40_500-8000.hdf5	left	right
1902.8541	1	Stimulus/S  1	1	19028541	19028549	52	5	30	pips_l400_r40_500-8000.hdf5	left	right
1903.8995	1	Stimulus/S  1	1	19038995	19039003	53	0	20	pips_l400_r40_500-8000.hdf5	left	right
1904.9555	1	Stimulus/S  1	1	19049555	19049563	53	1	40	pips_l400_r40_500-8000.hdf5	left	right
1906.0008	1	Stimulus/S  1	1	19060008	19060016	53	2	60	pips_l400_r40_500-8000.hdf5	left	right
1907.0568	1	Stimulus/S  1	1	19070568	19070576	53	3	70	pips_l400_r40_500-8000.hdf5	left	right
1908.1022	1	Stimulus/S  1	1	19081022	19081030	53	4	50	pips_l400_r40_500-8000.hdf5	left	right
1909.1582	1	Stimulus/S  1	1	19091582	19091590	53	5	30	pips_l400_r40_500-8000.hdf5	left	right
1910.2249	1	Stimulus/S  1	1	19102249	19102257	54	0	20	pips_l400_r40_500-8000.hdf5	left	right
1911.2702	1	Stimulus/S  1	1	19112702	19112710	54	1	40	pips_l400_r40_500-8000.hdf5	left	right
1912.3155	1	Stimulus/S  1	1	19123155	19123163	54	2	60	pips_l400_r40_500-8000.hdf5	left	right
1913.3716	1	Stimulus/S  1	1	19133716	19133724	54	3	70	pips_l400_r40_500-8000.hdf5	left	right
1914.4382	1	Stimulus/S  1	1	19144382	19144390	54	4	50	pips_l400_r40_500-8000.hdf5	left	right
1915.4836	1	Stimulus/S  1	1	19154836	19154844	54	5	30	pips_l400_r40_500-8000.hdf5	left	right
1916.5503	1	Stimulus/S  1	1	19165503	19165511	55	0	20	pips_l400_r40_500-8000.hdf5	left	right
1917.6169	1	Stimulus/S  1	1	19176169	19176177	55	1	40	pips_l400_r40_500-8000.hdf5	left	right
1918.6836	1	Stimulus/S  1	1	19186836	19186844	55	2	60	pips_l400_r40_500-8000.hdf5	left	right
1919.7503	1	Stimulus/S  1	1	19197503	19197511	55	3	70	pips_l400_r40_500-8000.hdf5	left	right
1920.817	1	Stimulus/S  1	1	19208170	19208178	55	4	50	pips_l400_r40_500-8000.hdf5	left	right
1921.8836	1	Stimulus/S  1	1	19218836	19218844	55	5	30	pips_l400_r40_500-8000.hdf5	left	right
1922.9503	1	Stimulus/S  1	1	19229503	19229511	56	0	20	pips_l400_r40_500-8000.hdf5	left	right
1924.017	1	Stimulus/S  1	1	19240170	19240178	56	1	40	pips_l400_r40_500-8000.hdf5	left	right
1925.0837	1	Stimulus/S  1	1	19250837	19250845	56	2	60	pips_l400_r40_500-8000.hdf5	left	right
1926.1503	1	Stimulus/S  1	1	19261503	19261511	56	3	70	pips_l400_r40_500-8000.hdf5	left	right
1927.217	1	Stimulus/S  1	1	19272170	19272178	56	4	50	pips_l400_r40_500-8000.hdf5	left	right
1928.2837	1	Stimulus/S  1	1	19282837	19282845	56	5	30	pips_l400_r40_500-8000.hdf5	left	right
1929.3397	1	Stimulus/S  1	1	19293397	19293405	57	0	20	pips_l400_r40_500-8000.hdf5	left	right
1930.4064	1	Stimulus/S  1	1	19304064	19304072	57	1	40	pips_l400_r40_500-8000.hdf5	left	right
1931.4517	1	Stimulus/S  1	1	19314517	19314525	57	2	60	pips_l400_r40_500-8000.hdf5	left	right
1932.5077	1	Stimulus/S  1	1	19325077	19325085	57	3	70	pips_l400_r40_500-8000.hdf5	left	right
1933.5531	1	Stimulus/S  1	1	19335531	19335539	57	4	50	pips_l400_r40_500-8000.hdf5	left	right
1934.6091	1	Stimulus/S  1	1	19346091	19346099	57	5	30	pips_l400_r40_500-8000.hdf5	left	right
1935.6544	1	Stimulus/S  1	1	19356544	19356552	58	0	20	pips_l400_r40_500-8000.hdf5	left	right
1936.6998	1	Stimulus/S  1	1	19366998	19367006	58	1	40	pips_l400_r40_500-8000.hdf5	left	right
1937.7558	1	Stimulus/S  1	1	19377558	19377566	58	2	60	pips_l400_r40_500-8000.hdf5	left	right
1938.8011	1	Stimulus/S  1	1	19388011	19388019	58	3	70	pips_l400_r40_500-8000.hdf5	left	right
1939.8678	1	Stimulus/S  1	1	19398678	19398686	58	4	50	pips_l400_r40_500-8000.hdf5	left	right
1940.9345	1	Stimulus/S  1	1	19409345	19409353	58	5	30	pips_l400_r40_500-8000.hdf5	left	right
1942.0012	1	Stimulus/S  1	1	19420012	19420020	59	0	20	pips_l400_r40_500-8000.hdf5	left	right
1943.0678	1	Stimulus/S  1	1	19430678	19430686	59	1	40	pips_l400_r40_500-8000.hdf5	left	right
1944.1345	1	Stimulus/S  1	1	19441345	19441353	59	2	60	pips_l400_r40_500-8000.hdf5	left	right
1945.2012	1	Stimulus/S  1	1	19452012	19452020	59	3	70	pips_l400_r40_500-8000.hdf5	left	right
1946.2679	1	Stimulus/S  1	1	19462679	19462687	59	4	50	pips_l400_r40_500-8000.hdf5	left	right
1947.3345	1	Stimulus/S  1	1	19473345	19473353	59	5	30	pips_l400_r40_500-8000.hdf5	left	right
1948.4012	1	Stimulus/S  1	1	19484012	19484020	60	0	20	pips_l400_r40_500-8000.hdf5	left	right
1949.4572	1	Stimulus/S  1	1	19494572	19494580	60	1	40	pips_l400_r40_500-8000.hdf5	left	right
1950.5239	1	Stimulus/S  1	1	19505239	19505247	60	2	60	pips_l400_r40_500-8000.hdf5	left	right
1951.5693	1	Stimulus/S  1	1	19515693	19515701	60	3	70	pips_l400_r40_500-8000.hdf5	left	right
1952.6359	1	Stimulus/S  1	1	19526359	19526367	60	4	50	pips_l400_r40_500-8000.hdf5	left	right
1953.6919	1	Stimulus/S  1	1	19536919	19536927	60	5	30	pips_l400_r40_500-8000.hdf5	left	right
1954.7373	1	Stimulus/S  1	1	19547373	19547381	61	0	20	pips_l400_r40_500-8000.hdf5	left	right
1955.7933	1	Stimulus/S  1	1	19557933	19557941	61	1	40	pips_l400_r40_500-8000.hdf5	left	right
1956.8386	1	Stimulus/S  1	1	19568386	19568394	61	2	60	pips_l400_r40_500-8000.hdf5	left	right
1957.884	1	Stimulus/S  1	1	19578840	19578848	61	3	70	pips_l400_r40_500-8000.hdf5	left	right
1958.94	1	Stimulus/S  1	1	19589400	19589408	61	4	50	pips_l400_r40_500-8000.hdf5	left	right
1959.9853	1	Stimulus/S  1	1	19599853	19599861	61	5	30	pips_l400_r40_500-8000.hdf5	left	right
1961.052	1	Stimulus/S  1	1	19610520	19610528	62	0	20	pips_l400_r40_500-8000.hdf5	left	right
1962.108	1	Stimulus/S  1	1	19621080	19621088	62	1	40	pips_l400_r40_500-8000.hdf5	left	right
1963.1747	1	Stimulus/S  1	1	19631747	19631755	62	2	60	pips_l400_r40_500-8000.hdf5	left	right
1964.22	1	Stimulus/S  1	1	19642200	19642208	62	3	70	pips_l400_r40_500-8000.hdf5	left	right
1965.2867	1	Stimulus/S  1	1	19652867	19652875	62	4	50	pips_l400_r40_500-8000.hdf5	left	right
1966.3534	1	Stimulus/S  1	1	19663534	19663542	62	5	30	pips_l400_r40_500-8000.hdf5	left	right
1967.4201	1	Stimulus/S  1	1	19674201	19674209	63	0	20	pips_l400_r40_500-8000.hdf5	left	right
1968.4868	1	Stimulus/S  1	1	19684868	19684876	63	1	40	pips_l400_r40_500-8000.hdf5	left	right
1969.5534	1	Stimulus/S  1	1	19695534	19695542	63	2	60	pips_l400_r40_500-8000.hdf5	left	right
1970.6201	1	Stimulus/S  1	1	19706201	19706209	63	3	70	pips_l400_r40_500-8000.hdf5	left	right
1971.6868	1	Stimulus/S  1	1	19716868	19716876	63	4	50	pips_l400_r40_500-8000.hdf5	left	right
1972.7535	1	Stimulus/S  1	1	19727535	19727543	63	5	30	pips_l400_r40_500-8000.hdf5	left	right
1973.8201	1	Stimulus/S  1	1	19738201	19738209	64	0	20	pips_l400_r40_500-8000.hdf5	left	right
1974.8761	1	Stimulus/S  1	1	19748761	19748769	64	1	40	pips_l400_r40_500-8000.hdf5	left	right
1975.9428	1	Stimulus/S  1	1	19759428	19759436	64	2	60	pips_l400_r40_500-8000.hdf5	left	right
1976.9882	1	Stimulus/S  1	1	19769882	19769890	64	3	70	pips_l400_r40_500-8000.hdf5	left	right
1978.0548	1	Stimulus/S  1	1	19780548	19780556	64	4	50	pips_l400_r40_500-8000.hdf5	left	right
1979.1002	1	Stimulus/S  1	1	19791002	19791010	64	5	30	pips_l400_r40_500-8000.hdf5	left	right
1980.1562	1	Stimulus/S  1	1	19801562	19801570	65	0	20	pips_l400_r40_500-8000.hdf5	left	right
1981.2015	1	Stimulus/S  1	1	19812015	19812023	65	1	40	pips_l400_r40_500-8000.hdf5	left	right
1982.2576	1	Stimulus/S  1	1	19822576	19822584	65	2	60	pips_l400_r40_500-8000.hdf5	left	right
1983.3029	1	Stimulus/S  1	1	19833029	19833037	65	3	70	pips_l400_r40_500-8000.hdf5	left	right
1984.3696	1	Stimulus/S  1	1	19843696	19843704	65	4	50	pips_l400_r40_500-8000.hdf5	left	right
1985.4256	1	Stimulus/S  1	1	19854256	19854264	65	5	30	pips_l400_r40_500-8000.hdf5	left	right
1986.4923	1	Stimulus/S  1	1	19864923	19864931	66	0	20	pips_l400_r40_500-8000.hdf5	left	right
1987.5376	1	Stimulus/S  1	1	19875376	19875384	66	1	40	pips_l400_r40_500-8000.hdf5	left	right
1988.6043	1	Stimulus/S  1	1	19886043	19886051	66	2	60	pips_l400_r40_500-8000.hdf5	left	right
1989.671	1	Stimulus/S  1	1	19896710	19896718	66	3	70	pips_l400_r40_500-8000.hdf5	left	right
1990.7376	1	Stimulus/S  1	1	19907376	19907384	66	4	50	pips_l400_r40_500-8000.hdf5	left	right
1991.8043	1	Stimulus/S  1	1	19918043	19918051	66	5	30	pips_l400_r40_500-8000.hdf5	left	right
1992.871	1	Stimulus/S  1	1	19928710	19928718	67	0	20	pips_l400_r40_500-8000.hdf5	left	right
1993.9377	1	Stimulus/S  1	1	19939377	19939385	67	1	40	pips_l400_r40_500-8000.hdf5	left	right
1995.0043	1	Stimulus/S  1	1	19950043	19950051	67	2	60	pips_l400_r40_500-8000.hdf5	left	right
1996.071	1	Stimulus/S  1	1	19960710	19960718	67	3	70	pips_l400_r40_500-8000.hdf5	left	right
1997.1377	1	Stimulus/S  1	1	19971377	19971385	67	4	50	pips_l400_r40_500-8000.hdf5	left	right
1998.1937	1	Stimulus/S  1	1	19981937	19981945	67	5	30	pips_l400_r40_500-8000.hdf5	left	right
1999.2604	1	Stimulus/S  1	1	19992604	19992612	68	0	20	pips_l400_r40_500-8000.hdf5	left	right
2000.3057	1	Stimulus/S  1	1	20003057	20003065	68	1	40	pips_l400_r40_500-8000.hdf5	left	right
2001.3724	1	Stimulus/S  1	1	20013724	20013732	68	2	60	pips_l400_r40_500-8000.hdf5	left	right
2002.4177	1	Stimulus/S  1	1	20024177	20024185	68	3	70	pips_l400_r40_500-8000.hdf5	left	right
2003.4738	1	Stimulus/S  1	1	20034738	20034746	68	4	50	pips_l400_r40_500-8000.hdf5	left	right
2004.5191	1	Stimulus/S  1	1	20045191	20045199	68	5	30	pips_l400_r40_500-8000.hdf5	left	right
2005.5751	1	Stimulus/S  1	1	20055751	20055759	69	0	20	pips_l400_r40_500-8000.hdf5	left	right
2006.6205	1	Stimulus/S  1	1	20066205	20066213	69	1	40	pips_l400_r40_500-8000.hdf5	left	right
2007.6871	1	Stimulus/S  1	1	20076871	20076879	69	2	60	pips_l400_r40_500-8000.hdf5	left	right
2008.7431	1	Stimulus/S  1	1	20087431	20087439	69	3	70	pips_l400_r40_500-8000.hdf5	left	right
2009.8098	1	Stimulus/S  1	1	20098098	20098106	69	4	50	pips_l400_r40_500-8000.hdf5	left	right
2010.8552	1	Stimulus/S  1	1	20108552	20108560	69	5	30	pips_l400_r40_500-8000.hdf5	left	right
2011.9218	1	Stimulus/S  1	1	20119218	20119226	70	0	20	pips_l400_r40_500-8000.hdf5	left	right
2012.9885	1	Stimulus/S  1	1	20129885	20129893	70	1	40	pips_l400_r40_500-8000.hdf5	left	right
2014.0552	1	Stimulus/S  1	1	20140552	20140560	70	2	60	pips_l400_r40_500-8000.hdf5	left	right
2015.1219	1	Stimulus/S  1	1	20151219	20151227	70	3	70	pips_l400_r40_500-8000.hdf5	left	right
2016.1885	1	Stimulus/S  1	1	20161885	20161893	70	4	50	pips_l400_r40_500-8000.hdf5	left	right
2017.2552	1	Stimulus/S  1	1	20172552	20172560	70	5	30	pips_l400_r40_500-8000.hdf5	left	right
2018.3219	1	Stimulus/S  1	1	20183219	20183227	71	0	20	pips_l400_r40_500-8000.hdf5	left	right
2019.3886	1	Stimulus/S  1	1	20193886	20193894	71	1	40	pips_l400_r40_500-8000.hdf5	left	right
2020.4553	1	Stimulus/S  1	1	20204553	20204561	71	2	60	pips_l400_r40_500-8000.hdf5	left	right
2021.5113	1	Stimulus/S  1	1	20215113	20215121	71	3	70	pips_l400_r40_500-8000.hdf5	left	right
2022.5779	1	Stimulus/S  1	1	20225779	20225787	71	4	50	pips_l400_r40_500-8000.hdf5	left	right
2023.6446	1	Stimulus/S  1	1	20236446	20236454	71	5	30	pips_l400_r40_500-8000.hdf5	left	right
2024.69	1	Stimulus/S  1	1	20246900	20246908	72	0	20	pips_l400_r40_500-8000.hdf5	left	right
2025.7353	1	Stimulus/S  1	1	20257353	20257361	72	1	40	pips_l400_r40_500-8000.hdf5	left	right
2026.7913	1	Stimulus/S  1	1	20267913	20267921	72	2	60	pips_l400_r40_500-8000.hdf5	left	right
2027.8367	1	Stimulus/S  1	1	20278367	20278375	72	3	70	pips_l400_r40_500-8000.hdf5	left	right
2028.8927	1	Stimulus/S  1	1	20288927	20288935	72	4	50	pips_l400_r40_500-8000.hdf5	left	right
2029.938	1	Stimulus/S  1	1	20299380	20299388	72	5	30	pips_l400_r40_500-8000.hdf5	left	right
2030.994	1	Stimulus/S  1	1	20309940	20309948	73	0	20	pips_l400_r40_500-8000.hdf5	left	right
2032.0394	1	Stimulus/S  1	1	20320394	20320402	73	1	40	pips_l400_r40_500-8000.hdf5	left	right
2033.0847	1	Stimulus/S  1	1	20330847	20330855	73	2	60	pips_l400_r40_500-8000.hdf5	left	right
2034.1407	1	Stimulus/S  1	1	20341407	20341415	73	3	70	pips_l400_r40_500-8000.hdf5	left	right
2035.2074	1	Stimulus/S  1	1	20352074	20352082	73	4	50	pips_l400_r40_500-8000.hdf5	left	right
2036.2527	1	Stimulus/S  1	1	20362527	20362535	73	5	30	pips_l400_r40_500-8000.hdf5	left	right
2037.3194	1	Stimulus/S  1	1	20373194	20373202	74	0	20	pips_l400_r40_500-8000.hdf5	left	right
2038.3754	1	Stimulus/S  1	1	20383754	20383762	74	1	40	pips_l400_r40_500-8000.hdf5	left	right
2039.4421	1	Stimulus/S  1	1	20394421	20394429	74	2	60	pips_l400_r40_500-8000.hdf5	left	right
2040.5088	1	Stimulus/S  1	1	20405088	20405096	74	3	70	pips_l400_r40_500-8000.hdf5	left	right
2041.5755	1	Stimulus/S  1	1	20415755	20415763	74	4	50	pips_l400_r40_500-8000.hdf5	left	right
2042.6421	1	Stimulus/S  1	1	20426421	20426429	74	5	30	pips_l400_r40_500-8000.hdf5	left	right
2043.7088	1	Stimulus/S  1	1	20437088	20437096	75	0	20	pips_l400_r40_500-8000.hdf5	left	right
2044.7755	1	Stimulus/S  1	1	20447755	20447763	75	1	40	pips_l400_r40_500-8000.hdf5	left	right
2045.8208	1	Stimulus/S  1	1	20458208	20458216	75	2	60	pips_l400_r40_500-8000.hdf5	left	right
2046.8875	1	Stimulus/S  1	1	20468875	20468883	75	3	70	pips_l400_r40_500-8000.hdf5	left	right
2047.9435	1	Stimulus/S  1	1	20479435	20479443	75	4	50	pips_l400_r40_500-8000.hdf5	left	right
2049.0102	1	Stimulus/S  1	1	20490102	20490110	75	5	30	pips_l400_r40_500-8000.hdf5	left	right
2050.0555	1	Stimulus/S  1	1	20500555	20500563	76	0	20	pips_l400_r40_500-8000.hdf5	left	right
2051.1115	1	Stimulus/S  1	1	20511115	20511123	76	1	40	pips_l400_r40_500-8000.hdf5	left	right
2052.1569	1	Stimulus/S  1	1	20521569	20521577	76	2	60	pips_l400_r40_500-8000.hdf5	left	right
2053.2022	1	Stimulus/S  1	1	20532022	20532030	76	3	70	pips_l400_r40_500-8000.hdf5	left	right
2054.2582	1	Stimulus/S  1	1	20542582	20542590	76	4	50	pips_l400_r40_500-8000.hdf5	left	right
2055.3036	1	Stimulus/S  1	1	20553036	20553044	76	5	30	pips_l400_r40_500-8000.hdf5	left	right
2056.3596	1	Stimulus/S  1	1	20563596	20563604	77	0	20	pips_l400_r40_500-8000.hdf5	left	right
2057.4049	1	Stimulus/S  1	1	20574049	20574057	77	1	40	pips_l400_r40_500-8000.hdf5	left	right
2058.461	1	Stimulus/S  1	1	20584610	20584618	77	2	60	pips_l400_r40_500-8000.hdf5	left	right
2059.5276	1	Stimulus/S  1	1	20595276	20595284	77	3	70	pips_l400_r40_500-8000.hdf5	left	right
2060.573	1	Stimulus/S  1	1	20605730	20605738	77	4	50	pips_l400_r40_500-8000.hdf5	left	right
2061.6396	1	Stimulus/S  1	1	20616396	20616404	77	5	30	pips_l400_r40_500-8000.hdf5	left	right
2062.6957	1	Stimulus/S  1	1	20626957	20626965	78	0	20	pips_l400_r40_500-8000.hdf5	left	right
2063.7623	1	Stimulus/S  1	1	20637623	20637631	78	1	40	pips_l400_r40_500-8000.hdf5	left	right
2064.8183	1	Stimulus/S  1	1	20648183	20648191	78	2	60	pips_l400_r40_500-8000.hdf5	left	right
2065.885	1	Stimulus/S  1	1	20658850	20658858	78	3	70	pips_l400_r40_500-8000.hdf5	left	right
2066.9624	1	Stimulus/S  1	1	20669624	20669632	78	4	50	pips_l400_r40_500-8000.hdf5	left	right
2068.0184	1	Stimulus/S  1	1	20680184	20680192	78	5	30	pips_l400_r40_500-8000.hdf5	left	right
2069.0957	1	Stimulus/S  1	1	20690957	20690965	79	0	20	pips_l400_r40_500-8000.hdf5	left	right
2070.1624	1	Stimulus/S  1	1	20701624	20701632	79	1	40	pips_l400_r40_500-8000.hdf5	left	right
2071.2184	1	Stimulus/S  1	1	20712184	20712192	79	2	60	pips_l400_r40_500-8000.hdf5	left	right
2072.2958	1	Stimulus/S  1	1	20722958	20722966	79	3	70	pips_l400_r40_500-8000.hdf5	left	right
2073.3411	1	Stimulus/S  1	1	20733411	20733419	79	4	50	pips_l400_r40_500-8000.hdf5	left	right
2074.4078	1	Stimulus/S  1	1	20744078	20744086	79	5	30	pips_l400_r40_500-8000.hdf5	left	right
2075.4531	1	Stimulus/S  1	1	20754531	20754539	80	0	20	pips_l400_r40_500-8000.hdf5	left	right
2076.5198	1	Stimulus/S  1	1	20765198	20765206	80	1	40	pips_l400_r40_500-8000.hdf5	left	right
2077.5758	1	Stimulus/S  1	1	20775758	20775766	80	2	60	pips_l400_r40_500-8000.hdf5	left	right
2078.6211	1	Stimulus/S  1	1	20786211	20786219	80	3	70	pips_l400_r40_500-8000.hdf5	left	right
2079.6772	1	Stimulus/S  1	1	20796772	20796780	80	4	50	pips_l400_r40_500-8000.hdf5	left	right
2080.7225	1	Stimulus/S  1	1	20807225	20807233	80	5	30	pips_l400_r40_500-8000.hdf5	left	right
2081.7785	1	Stimulus/S  1	1	20817785	20817793	81	0	20	pips_l400_r40_500-8000.hdf5	left	right
2082.8239	1	Stimulus/S  1	1	20828239	20828247	81	1	40	pips_l400_r40_500-8000.hdf5	left	right
2083.8692	1	Stimulus/S  1	1	20838692	20838700	81	2	60	pips_l400_r40_500-8000.hdf5	left	right
2084.9359	1	Stimulus/S  1	1	20849359	20849367	81	3	70	pips_l400_r40_500-8000.hdf5	left	right
2085.9919	1	Stimulus/S  1	1	20859919	20859927	81	4	50	pips_l400_r40_500-8000.hdf5	left	right
2087.0586	1	Stimulus/S  1	1	20870586	20870594	81	5	30	pips_l400_r40_500-8000.hdf5	left	right
2088.1039	1	Stimulus/S  1	1	20881039	20881047	82	0	20	pips_l400_r40_500-8000.hdf5	left	right
2089.1706	1	Stimulus/S  1	1	20891706	20891714	82	1	40	pips_l400_r40_500-8000.hdf5	left	right
2090.2266	1	Stimulus/S  1	1	20902266	20902274	82	2	60	pips_l400_r40_500-8000.hdf5	left	right
2091.2719	1	Stimulus/S  1	1	20912719	20912727	82	3	70	pips_l400_r40_500-8000.hdf5	left	right
2092.3279	1	Stimulus/S  1	1	20923279	20923287	82	4	50	pips_l400_r40_500-8000.hdf5	left	right
2093.3733	1	Stimulus/S  1	1	20933733	20933741	82	5	30	pips_l400_r40_500-8000.hdf5	left	right
2094.4293	1	Stimulus/S  1	1	20944293	20944301	83	0	20	pips_l400_r40_500-8000.hdf5	left	right
2095.496	1	Stimulus/S  1	1	20954960	20954968	83	1	40	pips_l400_r40_500-8000.hdf5	left	right
2096.5413	1	Stimulus/S  1	1	20965413	20965421	83	2	60	pips_l400_r40_500-8000.hdf5	left	right
2097.608	1	Stimulus/S  1	1	20976080	20976088	83	3	70	pips_l400_r40_500-8000.hdf5	left	right
2098.6747	1	Stimulus/S  1	1	20986747	20986755	83	4	50	pips_l400_r40_500-8000.hdf5	left	right
2099.7413	1	Stimulus/S  1	1	20997413	20997421	83	5	30	pips_l400_r40_500-8000.hdf5	left	right
2100.808	1	Stimulus/S  1	1	21008080	21008088	84	0	20	pips_l400_r40_500-8000.hdf5	left	right
2101.8747	1	Stimulus/S  1	1	21018747	21018755	84	1	40	pips_l400_r40_500-8000.hdf5	left	right
2102.9414	1	Stimulus/S  1	1	21029414	21029422	84	2	60	pips_l400_r40_500-8000.hdf5	left	right
2104.0081	1	Stimulus/S  1	1	21040081	21040089	84	3	70	pips_l400_r40_500-8000.hdf5	left	right
2105.0747	1	Stimulus/S  1	1	21050747	21050755	84	4	50	pips_l400_r40_500-8000.hdf5	left	right
2106.1414	1	Stimulus/S  1	1	21061414	21061422	84	5	30	pips_l400_r40_500-8000.hdf5	left	right
2107.1868	1	Stimulus/S  1	1	21071868	21071876	85	0	20	pips_l400_r40_500-8000.hdf5	left	right
2108.2534	1	Stimulus/S  1	1	21082534	21082542	85	1	40	pips_l400_r40_500-8000.hdf5	left	right
2109.3201	1	Stimulus/S  1	1	21093201	21093209	85	2	60	pips_l400_r40_500-8000.hdf5	left	right
2110.3761	1	Stimulus/S  1	1	21103761	21103769	85	3	70	pips_l400_r40_500-8000.hdf5	left	right
2111.4215	1	Stimulus/S  1	1	21114215	21114223	85	4	50	pips_l400_r40_500-8000.hdf5	left	right
2112.4775	1	Stimulus/S  1	1	21124775	21124783	85	5	30	pips_l400_r40_500-8000.hdf5	left	right
2113.5228	1	Stimulus/S  1	1	21135228	21135236	86	0	20	pips_l400_r40_500-8000.hdf5	left	right
2114.5788	1	Stimulus/S  1	1	21145788	21145796	86	1	40	pips_l400_r40_500-8000.hdf5	left	right
2115.6242	1	Stimulus/S  1	1	21156242	21156250	86	2	60	pips_l400_r40_500-8000.hdf5	left	right
2116.6695	1	Stimulus/S  1	1	21166695	21166703	86	3	70	pips_l400_r40_500-8000.hdf5	left	right
2117.7255	1	Stimulus/S  1	1	21177255	21177263	86	4	50	pips_l400_r40_500-8000.hdf5	left	right
2118.7709	1	Stimulus/S  1	1	21187709	21187717	86	5	30	pips_l400_r40_500-8000.hdf5	left	right
2119.8269	1	Stimulus/S  1	1	21198269	21198277	87	0	20	pips_l400_r40_500-8000.hdf5	left	right
2120.8936	1	Stimulus/S  1	1	21208936	21208944	87	1	40	pips_l400_r40_500-8000.hdf5	left	right
2121.9389	1	Stimulus/S  1	1	21219389	21219397	87	2	60	pips_l400_r40_500-8000.hdf5	left	right
2123.0056	1	Stimulus/S  1	1	21230056	21230064	87	3	70	pips_l400_r40_500-8000.hdf5	left	right
2124.0616	1	Stimulus/S  1	1	21240616	21240624	87	4	50	pips_l400_r40_500-8000.hdf5	left	right
2125.1283	1	Stimulus/S  1	1	21251283	21251291	87	5	30	pips_l400_r40_500-8000.hdf5	left	right
2126.1949	1	Stimulus/S  1	1	21261949	21261957	88	0	20	pips_l400_r40_500-8000.hdf5	left	right
2127.2616	1	Stimulus/S  1	1	21272616	21272624	88	1	40	pips_l400_r40_500-8000.hdf5	left	right
2128.3283	1	Stimulus/S  1	1	21283283	21283291	88	2	60	pips_l400_r40_500-8000.hdf5	left	right
2129.395	1	Stimulus/S  1	1	21293950	21293958	88	3	70	pips_l400_r40_500-8000.hdf5	left	right
2130.4616	1	Stimulus/S  1	1	21304616	21304624	88	4	50	pips_l400_r40_500-8000.hdf5	left	right
2131.507	1	Stimulus/S  1	1	21315070	21315078	88	5	30	pips_l400_r40_500-8000.hdf5	left	right
2132.5737	1	Stimulus/S  1	1	21325737	21325745	89	0	20	pips_l400_r40_500-8000.hdf5	left	right
2133.6297	1	Stimulus/S  1	1	21336297	21336305	89	1	40	pips_l400_r40_500-8000.hdf5	left	right
2134.6963	1	Stimulus/S  1	1	21346963	21346971	89	2	60	pips_l400_r40_500-8000.hdf5	left	right
2135.7417	1	Stimulus/S  1	1	21357417	21357425	89	3	70	pips_l400_r40_500-8000.hdf5	left	right
2136.787	1	Stimulus/S  1	1	21367870	21367878	89	4	50	pips_l400_r40_500-8000.hdf5	left	right
2137.843	1	Stimulus/S  1	1	21378430	21378438	89	5	30	pips_l400_r40_500-8000.hdf5	left	right
2138.8884	1	Stimulus/S  1	1	21388884	21388892	90	0	20	pips_l400_r40_500-8000.hdf5	left	right
2139.9444	1	Stimulus/S  1	1	21399444	21399452	90	1	40	pips_l400_r40_500-8000.hdf5	left	right
2140.9897	1	Stimulus/S  1	1	21409897	21409905	90	2	60	pips_l400_r40_500-8000.hdf5	left	right
2142.0458	1	Stimulus/S  1	1	21420458	21420466	90	3	70	pips_l400_r40_500-8000.hdf5	left	right
2143.0911	1	Stimulus/S  1	1	21430911	21430919	90	4	50	pips_l400_r40_500-8000.hdf5	left	right
2144.1364	1	Stimulus/S  1	1	21441364	21441372	90	5	30	pips_l400_r40_500-8000.hdf5	left	right
2145.2031	1	Stimulus/S  1	1	21452031	21452039	91	0	20	pips_l400_r40_500-8000.hdf5	left	right
2146.2591	1	Stimulus/S  1	1	21462591	21462599	91	1	40	pips_l400_r40_500-8000.hdf5	left	right
2147.3258	1	Stimulus/S  1	1	21473258	21473266	91	2	60	pips_l400_r40_500-8000.hdf5	left	right
2148.3711	1	Stimulus/S  1	1	21483711	21483719	91	3	70	pips_l400_r40_500-8000.hdf5	left	right
2149.4378	1	Stimulus/S  1	1	21494378	21494386	91	4	50	pips_l400_r40_500-8000.hdf5	left	right
2150.5045	1	Stimulus/S  1	1	21505045	21505053	91	5	30	pips_l400_r40_500-8000.hdf5	left	right
2151.5712	1	Stimulus/S  1	1	21515712	21515720	92	0	20	pips_l400_r40_500-8000.hdf5	left	right
2152.6379	1	Stimulus/S  1	1	21526379	21526387	92	1	40	pips_l400_r40_500-8000.hdf5	left	right
2153.7045	1	Stimulus/S  1	1	21537045	21537053	92	2	60	pips_l400_r40_500-8000.hdf5	left	right
2154.7712	1	Stimulus/S  1	1	21547712	21547720	92	3	70	pips_l400_r40_500-8000.hdf5	left	right
2155.8379	1	Stimulus/S  1	1	21558379	21558387	92	4	50	pips_l400_r40_500-8000.hdf5	left	right
2156.9046	1	Stimulus/S  1	1	21569046	21569054	92	5	30	pips_l400_r40_500-8000.hdf5	left	right
2157.9712	1	Stimulus/S  1	1	21579712	21579720	93	0	20	pips_l400_r40_500-8000.hdf5	left	right
2159.0272	1	Stimulus/S  1	1	21590272	21590280	93	1	40	pips_l400_r40_500-8000.hdf5	left	right
2160.0939	1	Stimulus/S  1	1	21600939	21600947	93	2	60	pips_l400_r40_500-8000.hdf5	left	right
2161.1393	1	Stimulus/S  1	1	21611393	21611401	93	3	70	pips_l400_r40_500-8000.hdf5	left	right
2162.2059	1	Stimulus/S  1	1	21622059	21622067	93	4	50	pips_l400_r40_500-8000.hdf5	left	right
2163.262	1	Stimulus/S  1	1	21632620	21632628	93	5	30	pips_l400_r40_500-8000.hdf5	left	right
2164.3073	1	Stimulus/S  1	1	21643073	21643081	94	0	20	pips_l400_r40_500-8000.hdf5	left	right
2165.3633	1	Stimulus/S  1	1	21653633	21653641	94	1	40	pips_l400_r40_500-8000.hdf5	left	right
2166.4087	1	Stimulus/S  1	1	21664087	21664095	94	2	60	pips_l400_r40_500-8000.hdf5	left	right
2167.454	1	Stimulus/S  1	1	21674540	21674548	94	3	70	pips_l400_r40_500-8000.hdf5	left	right
2168.51	1	Stimulus/S  1	1	21685100	21685108	94	4	50	pips_l400_r40_500-8000.hdf5	left	right
2169.5554	1	Stimulus/S  1	1	21695554	21695562	94	5	30	pips_l400_r40_500-8000.hdf5	left	right
2170.622	1	Stimulus/S  1	1	21706220	21706228	95	0	20	pips_l400_r40_500-8000.hdf5	left	right
2171.678	1	Stimulus/S  1	1	21716780	21716788	95	1	40	pips_l400_r40_500-8000.hdf5	left	right
2172.7447	1	Stimulus/S  1	1	21727447	21727455	95	2	60	pips_l400_r40_500-8000.hdf5	left	right
2173.7901	1	Stimulus/S  1	1	21737901	21737909	95	3	70	pips_l400_r40_500-8000.hdf5	left	right
2174.8567	1	Stimulus/S  1	1	21748567	21748575	95	4	50	pips_l400_r40_500-8000.hdf5	left	right
2175.9234	1	Stimulus/S  1	1	21759234	21759242	95	5	30	pips_l400_r40_500-8000.hdf5	left	right
2176.9901	1	Stimulus/S  1	1	21769901	21769909	96	0	20	pips_l400_r40_500-8000.hdf5	left	right
2178.0568	1	Stimulus/S  1	1	21780568	21780576	96	1	40	pips_l400_r40_500-8000.hdf5	left	right
2179.1234	1	Stimulus/S  1	1	21791234	21791242	96	2	60	pips_l400_r40_500-8000.hdf5	left	right
2180.1901	1	Stimulus/S  1	1	21801901	21801909	96	3	70	pips_l400_r40_500-8000.hdf5	left	right
2181.2461	1	Stimulus/S  1	1	21812461	21812469	96	4	50	pips_l400_r40_500-8000.hdf5	left	right
2182.3128	1	Stimulus/S  1	1	21823128	21823136	96	5	30	pips_l400_r40_500-8000.hdf5	left	right
2183.3581	1	Stimulus/S  1	1	21833581	21833589	97	0	20	pips_l400_r40_500-8000.hdf5	left	right
2184.4142	1	Stimulus/S  1	1	21844142	21844150	97	1	40	pips_l400_r40_500-8000.hdf5	left	right
2185.4595	1	Stimulus/S  1	1	21854595	21854603	97	2	60	pips_l400_r40_500-8000.hdf5	left	right
2186.5048	1	Stimulus/S  1	1	21865048	21865056	97	3	70	pips_l400_r40_500-8000.hdf5	left	right
2187.5609	1	Stimulus/S  1	1	21875609	21875617	97	4	50	pips_l400_r40_500-8000.hdf5	left	right
2188.6062	1	Stimulus/S  1	1	21886062	21886070	97	5	30	pips_l400_r40_500-8000.hdf5	left	right
2189.6622	1	Stimulus/S  1	1	21896622	21896630	98	0	20	pips_l400_r40_500-8000.hdf5	left	right
2190.7076	1	Stimulus/S  1	1	21907076	21907084	98	1	40	pips_l400_r40_500-8000.hdf5	left	right
2191.7742	1	Stimulus/S  1	1	21917742	21917750	98	2	60	pips_l400_r40_500-8000.hdf5	left	right
2192.8409	1	Stimulus/S  1	1	21928409	21928417	98	3	70	pips_l400_r40_500-8000.hdf5	left	right
2193.9076	1	Stimulus/S  1	1	21939076	21939084	98	4	50	pips_l400_r40_500-8000.hdf5	left	right
2194.9743	1	Stimulus/S  1	1	21949743	21949751	98	5	30	pips_l400_r40_500-8000.hdf5	left	right
2196.0409	1	Stimulus/S  1	1	21960409	21960417	99	0	20	pips_l400_r40_500-8000.hdf5	left	right
2197.1076	1	Stimulus/S  1	1	21971076	21971084	99	1	40	pips_l400_r40_500-8000.hdf5	left	right
2198.1636	1	Stimulus/S  1	1	21981636	21981644	99	2	60	pips_l400_r40_500-8000.hdf5	left	right
2199.2303	1	Stimulus/S  1	1	21992303	21992311	99	3	70	pips_l400_r40_500-8000.hdf5	left	right
2200.2756	1	Stimulus/S  1	1	22002756	22002764	99	4	50	pips_l400_r40_500-8000.hdf5	left	right
2201.3423	1	Stimulus/S  1	1	22013423	22013431	99	5	30	pips_l400_r40_500-8000.hdf5	left	right
2202.3877	1	Stimulus/S  1	1	22023877	22023885	100	0	20	pips_l400_r40_500-8000.hdf5	left	right
2203.4437	1	Stimulus/S  1	1	22034437	22034445	100	1	40	pips_l400_r40_500-8000.hdf5	left	right
2204.489	1	Stimulus/S  1	1	22044890	22044898	100	2	60	pips_l400_r40_500-8000.hdf5	left	right
2205.545	1	Stimulus/S  1	1	22055450	22055458	100	3	70	pips_l400_r40_500-8000.hdf5	left	right
2206.5904	1	Stimulus/S  1	1	22065904	22065912	100	4	50	pips_l400_r40_500-8000.hdf5	left	right
2207.6464	1	Stimulus/S  1	1	22076464	22076472	100	5	30	pips_l400_r40_500-8000.hdf5	left	right
2208.6917	1	Stimulus/S  1	1	22086917	22086925	101	0	20	pips_l400_r40_500-8000.hdf5	left	right
2209.7584	1	Stimulus/S  1	1	22097584	22097592	101	1	40	pips_l400_r40_500-8000.hdf5	left	right
2210.8144	1	Stimulus/S  1	1	22108144	22108152	101	2	60	pips_l400_r40_500-8000.hdf5	left	right
2211.8811	1	Stimulus/S  1	1	22118811	22118819	101	3	70	pips_l400_r40_500-8000.hdf5	left	right
2212.9264	1	Stimulus/S  1	1	22129264	22129272	101	4	50	pips_l400_r40_500-8000.hdf5	left	right
2213.9931	1	Stimulus/S  1	1	22139931	22139939	101	5	30	pips_l400_r40_500-8000.hdf5	left	right
2215.0598	1	Stimulus/S  1	1	22150598	22150606	102	0	20	pips_l400_r40_500-8000.hdf5	left	right
2216.1265	1	Stimulus/S  1	1	22161265	22161273	102	1	40	pips_l400_r40_500-8000.hdf5	left	right
2217.1718	1	Stimulus/S  1	1	22171718	22171726	102	2	60	pips_l400_r40_500-8000.hdf5	left	right
2218.2385	1	Stimulus/S  1	1	22182385	22182393	102	3	70	pips_l400_r40_500-8000.hdf5	left	right
2219.2945	1	Stimulus/S  1	1	22192945	22192953	102	4	50	pips_l400_r40_500-8000.hdf5	left	right
2220.3612	1	Stimulus/S  1	1	22203612	22203620	102	5	30	pips_l400_r40_500-8000.hdf5	left	right
2221.4065	1	Stimulus/S  1	1	22214065	22214073	103	0	20	pips_l400_r40_500-8000.hdf5	left	right
2222.4625	1	Stimulus/S  1	1	22224625	22224633	103	1	40	pips_l400_r40_500-8000.hdf5	left	right
2223.5079	1	Stimulus/S  1	1	22235079	22235087	103	2	60	pips_l400_r40_500-8000.hdf5	left	right
2224.5639	1	Stimulus/S  1	1	22245639	22245647	103	3	70	pips_l400_r40_500-8000.hdf5	left	right
2225.6092	1	Stimulus/S  1	1	22256092	22256100	103	4	50	pips_l400_r40_500-8000.hdf5	left	right
2226.6759	1	Stimulus/S  1	1	22266759	22266767	103	5	30	pips_l400_r40_500-8000.hdf5	left	right
2227.7212	1	Stimulus/S  1	1	22277212	22277220	104	0	20	pips_l400_r40_500-8000.hdf5	left	right
2228.7986	1	Stimulus/S  1	1	22287986	22287994	104	1	40	pips_l400_r40_500-8000.hdf5	left	right
2229.8439	1	Stimulus/S  1	1	22298439	22298447	104	2	60	pips_l400_r40_500-8000.hdf5	left	right
2230.9106	1	Stimulus/S  1	1	22309106	22309114	104	3	70	pips_l400_r40_500-8000.hdf5	left	right
2231.9773	1	Stimulus/S  1	1	22319773	22319781	104	4	50	pips_l400_r40_500-8000.hdf5	left	right
2233.044	1	Stimulus/S  1	1	22330440	22330448	104	5	30	pips_l400_r40_500-8000.hdf5	left	right
2234.1106	1	Stimulus/S  1	1	22341106	22341114	105	0	20	pips_l400_r40_500-8000.hdf5	left	right
2235.1773	1	Stimulus/S  1	1	22351773	22351781	105	1	40	pips_l400_r40_500-8000.hdf5	left	right
2236.244	1	Stimulus/S  1	1	22362440	22362448	105	2	60	pips_l400_r40_500-8000.hdf5	left	right
2237.2893	1	Stimulus/S  1	1	22372893	22372901	105	3	70	pips_l400_r40_500-8000.hdf5	left	right
2238.3453	1	Stimulus/S  1	1	22383453	22383461	105	4	50	pips_l400_r40_500-8000.hdf5	left	right
2239.3907	1	Stimulus/S  1	1	22393907	22393915	105	5	30	pips_l400_r40_500-8000.hdf5	left	right
2240.4467	1	Stimulus/S  1	1	22404467	22404475	106	0	20	pips_l400_r40_500-8000.hdf5	left	right
2241.492	1	Stimulus/S  1	1	22414920	22414928	106	1	40	pips_l400_r40_500-8000.hdf5	left	right
2242.5481	1	Stimulus/S  1	1	22425481	22425489	106	2	60	pips_l400_r40_500-8000.hdf5	left	right
2243.5934	1	Stimulus/S  1	1	22435934	22435942	106	3	70	pips_l400_r40_500-8000.hdf5	left	right
2244.6387	1	Stimulus/S  1	1	22446387	22446395	106	4	50	pips_l400_r40_500-8000.hdf5	left	right
2245.7054	1	Stimulus/S  1	1	22457054	22457062	106	5	30	pips_l400_r40_500-8000.hdf5	left	right
2246.7614	1	Stimulus/S  1	1	22467614	22467622	107	0	20	pips_l400_r40_500-8000.hdf5	left	right
2247.8281	1	Stimulus/S  1	1	22478281	22478289	107	1	40	pips_l400_r40_500-8000.hdf5	left	right
2248.8948	1	Stimulus/S  1	1	22488948	22488956	107	2	60	pips_l400_r40_500-8000.hdf5	left	right
2249.9615	1	Stimulus/S  1	1	22499615	22499623	107	3	70	pips_l400_r40_500-8000.hdf5	left	right
2251.0281	1	Stimulus/S  1	1	22510281	22510289	107	4	50	pips_l400_r40_500-8000.hdf5	left	right
2252.0948	1	Stimulus/S  1	1	22520948	22520956	107	5	30	pips_l400_r40_500-8000.hdf5	left	right
2253.1615	1	Stimulus/S  1	1	22531615	22531623	108	0	20	pips_l400_r40_500-8000.hdf5	left	right
2254.2068	1	Stimulus/S  1	1	22542068	22542076	108	1	40	pips_l400_r40_500-8000.hdf5	left	right
2255.2735	1	Stimulus/S  1	1	22552735	22552743	108	2	60	pips_l400_r40_500-8000.hdf5	left	right
2256.3295	1	Stimulus/S  1	1	22563295	22563303	108	3	70	pips_l400_r40_500-8000.hdf5	left	right
2257.3962	1	Stimulus/S  1	1	22573962	22573970	108	4	50	pips_l400_r40_500-8000.hdf5	left	right
2258.4415	1	Stimulus/S  1	1	22584415	22584423	108	5	30	pips_l400_r40_500-8000.hdf5	left	right
2259.4975	1	Stimulus/S  1	1	22594975	22594983	109	0	20	pips_l400_r40_500-8000.hdf5	left	right
2260.5429	1	Stimulus/S  1	1	22605429	22605437	109	1	40	pips_l400_r40_500-8000.hdf5	left	right
2261.5882	1	Stimulus/S  1	1	22615882	22615890	109	2	60	pips_l400_r40_500-8000.hdf5	left	right
2262.6442	1	Stimulus/S  1	1	22626442	22626450	109	3	70	pips_l400_r40_500-8000.hdf5	left	right
2263.7109	1	Stimulus/S  1	1	22637109	22637117	109	4	50	pips_l400_r40_500-8000.hdf5	left	right
2264.7563	1	Stimulus/S  1	1	22647563	22647571	109	5	30	pips_l400_r40_500-8000.hdf5	left	right
2265.8229	1	Stimulus/S  1	1	22658229	22658237	110	0	20	pips_l400_r40_500-8000.hdf5	left	right
2266.879	1	Stimulus/S  1	1	22668790	22668798	110	1	40	pips_l400_r40_500-8000.hdf5	left	right
2267.9456	1	Stimulus/S  1	1	22679456	22679464	110	2	60	pips_l400_r40_500-8000.hdf5	left	right
2269.0123	1	Stimulus/S  1	1	22690123	22690131	110	3	70	pips_l400_r40_500-8000.hdf5	left	right
2270.079	1	Stimulus/S  1	1	22700790	22700798	110	4	50	pips_l400_r40_500-8000.hdf5	left	right
2271.1457	1	Stimulus/S  1	1	22711457	22711465	110	5	30	pips_l400_r40_500-8000.hdf5	left	right
2272.2123	1	Stimulus/S  1	1	22722123	22722131	111	0	20	pips_l400_r40_500-8000.hdf5	left	right
2273.279	1	Stimulus/S  1	1	22732790	22732798	111	1	40	pips_l400_r40_500-8000.hdf5	left	right
2274.3244	1	Stimulus/S  1	1	22743244	22743252	111	2	60	pips_l400_r40_500-8000.hdf5	left	right
2275.391	1	Stimulus/S  1	1	22753910	22753918	111	3	70	pips_l400_r40_500-8000.hdf5	left	right
2276.447	1	Stimulus/S  1	1	22764470	22764478	111	4	50	pips_l400_r40_500-8000.hdf5	left	right
2277.4924	1	Stimulus/S  1	1	22774924	22774932	111	5	30	pips_l400_r40_500-8000.hdf5	left	right
2278.5484	1	Stimulus/S  1	1	22785484	22785492	112	0	20	pips_l400_r40_500-8000.hdf5	left	right
2279.5937	1	Stimulus/S  1	1	22795937	22795945	112	1	40	pips_l400_r40_500-8000.hdf5	left	right
2280.6391	1	Stimulus/S  1	1	22806391	22806399	112	2	60	pips_l400_r40_500-8000.hdf5	left	right
2281.6951	1	Stimulus/S  1	1	22816951	22816959	112	3	70	pips_l400_r40_500-8000.hdf5	left	right
2282.7404	1	Stimulus/S  1	1	22827404	22827412	112	4	50	pips_l400_r40_500-8000.hdf5	left	right
2283.7964	1	Stimulus/S  1	1	22837964	22837972	112	5	30	pips_l400_r40_500-8000.hdf5	left	right
2284.8418	1	Stimulus/S  1	1	22848418	22848426	113	0	20	pips_l400_r40_500-8000.hdf5	left	right
2285.8978	1	Stimulus/S  1	1	22858978	22858986	113	1	40	pips_l400_r40_500-8000.hdf5	left	right
2286.9645	1	Stimulus/S  1	1	22869645	22869653	113	2	60	pips_l400_r40_500-8000.hdf5	left	right
2288.0312	1	Stimulus/S  1	1	22880312	22880320	113	3	70	pips_l400_r40_500-8000.hdf5	left	right
2289.0978	1	Stimulus/S  1	1	22890978	22890986	113	4	50	pips_l400_r40_500-8000.hdf5	left	right
2290.1645	1	Stimulus/S  1	1	22901645	22901653	113	5	30	pips_l400_r40_500-8000.hdf5	left	right
2291.2312	1	Stimulus/S  1	1	22912312	22912320	114	0	20	pips_l400_r40_500-8000.hdf5	left	right
2292.2979	1	Stimulus/S  1	1	22922979	22922987	114	1	40	pips_l400_r40_500-8000.hdf5	left	right
2293.3432	1	Stimulus/S  1	1	22933432	22933440	114	2	60	pips_l400_r40_500-8000.hdf5	left	right
2294.4099	1	Stimulus/S  1	1	22944099	22944107	114	3	70	pips_l400_r40_500-8000.hdf5	left	right
2295.4659	1	Stimulus/S  1	1	22954659	22954667	114	4	50	pips_l400_r40_500-8000.hdf5	left	right
2296.5112	1	Stimulus/S  1	1	22965112	22965120	114	5	30	pips_l400_r40_500-8000.hdf5	left	right
2297.5566	1	Stimulus/S  1	1	22975566	22975574	115	0	20	pips_l400_r40_500-8000.hdf5	left	right
2298.6126	1	Stimulus/S  1	1	22986126	22986134	115	1	40	pips_l400_r40_500-8000.hdf5	left	right
2299.6579	1	Stimulus/S  1	1	22996579	22996587	115	2	60	pips_l400_r40_500-8000.hdf5	left	right
2300.7139	1	Stimulus/S  1	1	23007139	23007147	115	3	70	pips_l400_r40_500-8000.hdf5	left	right
2301.7593	1	Stimulus/S  1	1	23017593	23017601	115	4	50	pips_l400_r40_500-8000.hdf5	left	right
2302.8153	1	Stimulus/S  1	1	23028153	23028161	115	5	30	pips_l400_r40_500-8000.hdf5	left	right
2303.882	1	Stimulus/S  1	1	23038820	23038828	116	0	20	pips_l400_r40_500-8000.hdf5	left	right
2304.9486	1	Stimulus/S  1	1	23049486	23049494	116	1	40	pips_l400_r40_500-8000.hdf5	left	right
2305.994	1	Stimulus/S  1	1	23059940	23059948	116	2	60	pips_l400_r40_500-8000.hdf5	left	right
2307.0607	1	Stimulus/S  1	1	23070607	23070615	116	3	70	pips_l400_r40_500-8000.hdf5	left	right
2308.106	1	Stimulus/S  1	1	23081060	23081068	116	4	50	pips_l400_r40_500-8000.hdf5	left	right
2309.1727	1	Stimulus/S  1	1	23091727	23091735	116	5	30	pips_l400_r40_500-8000.hdf5	left	right
2310.2394	1	Stimulus/S  1	1	23102394	23102402	117	0	20	pips_l400_r40_500-8000.hdf5	left	right
2311.3167	1	Stimulus/S  1	1	23113167	23113175	117	1	40	pips_l400_r40_500-8000.hdf5	left	right
2312.3727	1	Stimulus/S  1	1	23123727	23123735	117	2	60	pips_l400_r40_500-8000.hdf5	left	right
2313.4394	1	Stimulus/S  1	1	23134394	23134402	117	3	70	pips_l400_r40_500-8000.hdf5	left	right
2314.5167	1	Stimulus/S  1	1	23145167	23145175	117	4	50	pips_l400_r40_500-8000.hdf5	left	right
2315.5621	1	Stimulus/S  1	1	23155621	23155629	117	5	30	pips_l400_r40_500-8000.hdf5	left	right
2316.6074	1	Stimulus/S  1	1	23166074	23166082	118	0	20	pips_l400_r40_500-8000.hdf5	left	right
2317.6634	1	Stimulus/S  1	1	23176634	23176642	118	1	40	pips_l400_r40_500-8000.hdf5	left	right
2318.7088	1	Stimulus/S  1	1	23187088	23187096	118	2	60	pips_l400_r40_500-8000.hdf5	left	right
2319.7648	1	Stimulus/S  1	1	23197648	23197656	118	3	70	pips_l400_r40_500-8000.hdf5	left	right
2320.8101	1	Stimulus/S  1	1	23208101	23208109	118	4	50	pips_l400_r40_500-8000.hdf5	left	right
2321.8661	1	Stimulus/S  1	1	23218661	23218669	118	5	30	pips_l400_r40_500-8000.hdf5	left	right
2322.9115	1	Stimulus/S  1	1	23229115	23229123	119	0	20	pips_l400_r40_500-8000.hdf5	left	right
2323.9568	1	Stimulus/S  1	1	23239568	23239576	119	1	40	pips_l400_r40_500-8000.hdf5	left	right
2325.0128	1	Stimulus/S  1	1	23250128	23250136	119	2	60	pips_l400_r40_500-8000.hdf5	left	right
2326.0795	1	Stimulus/S  1	1	23260795	23260803	119	3	70	pips_l400_r40_500-8000.hdf5	left	right
2327.1249	1	Stimulus/S  1	1	23271249	23271257	119	4	50	pips_l400_r40_500-8000.hdf5	left	right
2328.1915	1	Stimulus/S  1	1	23281915	23281923	119	5	30	pips_l400_r40_500-8000.hdf5	left	right
2329.2582	1	Stimulus/S  1	1	23292582	23292590	0	0	20	pips_l400_r40_500-8000.hdf5	left	right
2330.3249	1	Stimulus/S  1	1	23303249	23303257	0	1	40	pips_l400_r40_500-8000.hdf5	left	right
2331.3916	1	Stimulus/S  1	1	23313916	23313924	0	2	60	pips_l400_r40_500-8000.hdf5	left	right
2332.4582	1	Stimulus/S  1	1	23324582	23324590	0	3	70	pips_l400_r40_500-8000.hdf5	left	right
2333.5249	1	Stimulus/S  1	1	23335249	23335257	0	4	50	pips_l400_r40_500-8000.hdf5	left	right
2334.5809	1	Stimulus/S  1	1	23345809	23345817	0	5	30	pips_l400_r40_500-8000.hdf5	left	right
2335.6476	1	Stimulus/S  1	1	23356476	23356484	1	0	20	pips_l400_r40_500-8000.hdf5	left	right
2336.693	1	Stimulus/S  1	1	23366930	23366938	1	1	40	pips_l400_r40_500-8000.hdf5	left	right
2337.749	1	Stimulus/S  1	1	23377490	23377498	1	2	60	pips_l400_r40_500-8000.hdf5	left	right
2338.7943	1	Stimulus/S  1	1	23387943	23387951	1	3	70	pips_l400_r40_500-8000.hdf5	left	right
2339.8396	1	Stimulus/S  1	1	23398396	23398404	1	4	50	pips_l400_r40_500-8000.hdf5	left	right
2340.8957	1	Stimulus/S  1	1	23408957	23408965	1	5	30	pips_l400_r40_500-8000.hdf5	left	right
2341.941	1	Stimulus/S  1	1	23419410	23419418	2	0	20	pips_l400_r40_500-8000.hdf5	left	right
2342.997	1	Stimulus/S  1	1	23429970	23429978	2	1	40	pips_l400_r40_500-8000.hdf5	left	right
2344.0424	1	Stimulus/S  1	1	23440424	23440432	2	2	60	pips_l400_r40_500-8000.hdf5	left	right
2345.109	1	Stimulus/S  1	1	23451090	23451098	2	3	70	pips_l400_r40_500-8000.hdf5	left	right
2346.1757	1	Stimulus/S  1	1	23461757	23461765	2	4	50	pips_l400_r40_500-8000.hdf5	left	right
2347.2317	1	Stimulus/S  1	1	23472317	23472325	2	5	30	pips_l400_r40_500-8000.hdf5	left	right
2348.2984	1	Stimulus/S  1	1	23482984	23482992	3	0	20	pips_l400_r40_500-8000.hdf5	left	right
2349.3651	1	Stimulus/S  1	1	23493651	23493659	3	1	40	pips_l400_r40_500-8000.hdf5	left	right
2350.4318	1	Stimulus/S  1	1	23504318	23504326	3	2	60	pips_l400_r40_500-8000.hdf5	left	right
2351.4771	1	Stimulus/S  1	1	23514771	23514779	3	3	70	pips_l400_r40_500-8000.hdf5	left	right
2352.5438	1	Stimulus/S  1	1	23525438	23525446	3	4	50	pips_l400_r40_500-8000.hdf5	left	right
2353.5998	1	Stimulus/S  1	1	23535998	23536006	3	5	30	pips_l400_r40_500-8000.hdf5	left	right
2354.6665	1	Stimulus/S  1	1	23546665	23546673	4	0	20	pips_l400_r40_500-8000.hdf5	left	right
2355.7118	1	Stimulus/S  1	1	23557118	23557126	4	1	40	pips_l400_r40_500-8000.hdf5	left	right
2356.7785	1	Stimulus/S  1	1	23567785	23567793	4	2	60	pips_l400_r40_500-8000.hdf5	left	right
2357.8238	1	Stimulus/S  1	1	23578238	23578246	4	3	70	pips_l400_r40_500-8000.hdf5	left	right
2358.8798	1	Stimulus/S  1	1	23588798	23588806	4	4	50	pips_l400_r40_500-8000.hdf5	left	right
2359.9252	1	Stimulus/S  1	1	23599252	23599260	4	5	30	pips_l400_r40_500-8000.hdf5	left	right
2360.9919	1	Stimulus/S  1	1	23609919	23609927	5	0	20	pips_l400_r40_500-8000.hdf5	left	right
2362.0479	1	Stimulus/S  1	1	23620479	23620487	5	1	40	pips_l400_r40_500-8000.hdf5	left	right
2363.1145	1	Stimulus/S  1	1	23631145	23631153	5	2	60	pips_l400_r40_500-8000.hdf5	left	right
2364.1599	1	Stimulus/S  1	1	23641599	23641607	5	3	70	pips_l400_r40_500-8000.hdf5	left	right
2365.2266	1	Stimulus/S  1	1	23652266	23652274	5	4	50	pips_l400_r40_500-8000.hdf5	left	right
2366.2932	1	Stimulus/S  1	1	23662932	23662940	5	5	30	pips_l400_r40_500-8000.hdf5	left	right
2367.3599	1	Stimulus/S  1	1	23673599	23673607	6	0	20	pips_l400_r40_500-8000.hdf5	left	right
2368.4266	1	Stimulus/S  1	1	23684266	23684274	6	1	40	pips_l400_r40_500-8000.hdf5	left	right
2369.4933	1	Stimulus/S  1	1	23694933	23694941	6	2	60	pips_l400_r40_500-8000.hdf5	left	right
2370.5599	1	Stimulus/S  1	1	23705599	23705607	6	3	70	pips_l400_r40_500-8000.hdf5	left	right
2371.616	1	Stimulus/S  1	1	23716160	23716168	6	4	50	pips_l400_r40_500-8000.hdf5	left	right
2372.6826	1	Stimulus/S  1	1	23726826	23726834	6	5	30	pips_l400_r40_500-8000.hdf5	left	right
2373.728	1	Stimulus/S  1	1	23737280	23737288	7	0	20	pips_l400_r40_500-8000.hdf5	left	right
2374.7947	1	Stimulus/S  1	1	23747947	23747955	7	1	40	pips_l400_r40_500-8000.hdf5	left	right
2375.84	1	Stimulus/S  1	1	23758400	23758408	7	2	60	pips_l400_r40_500-8000.hdf5	left	right
2376.896	1	Stimulus/S  1	1	23768960	23768968	7	3	70	pips_l400_r40_500-8000.hdf5	left	right
2377.9413	1	Stimulus/S  1	1	23779413	23779421	7	4	50	pips_l400_r40_500-8000.hdf5	left	right
2378.9974	1	Stimulus/S  1	1	23789974	23789982	7	5	30	pips_l400_r40_500-8000.hdf5	left	right
2380.0427	1	Stimulus/S  1	1	23800427	23800435	8	0	20	pips_l400_r40_500-8000.hdf5	left	right
2381.1094	1	Stimulus/S  1	1	23811094	23811102	8	1	40	pips_l400_r40_500-8000.hdf5	left	right
2382.1654	1	Stimulus/S  1	1	23821654	23821662	8	2	60	pips_l400_r40_500-8000.hdf5	left	right
2383.2321	1	Stimulus/S  1	1	23832321	23832329	8	3	70	pips_l400_r40_500-8000.hdf5	left	right
2384.2774	1	Stimulus/S  1	1	23842774	23842782	8	4	50	pips_l400_r40_500-8000.hdf5	left	right
2385.3441	1	Stimulus/S  1	1	23853441	23853449	8	5	30	pips_l400_r40_500-8000.hdf5	left	right
2386.4108	1	Stimulus/S  1	1	23864108	23864116	9	0	20	pips_l400_r40_500-8000.hdf5	left	right
2387.4774	1	Stimulus/S  1	1	23874774	23874782	9	1	40	pips_l400_r40_500-8000.hdf5	left	right
2388.5441	1	Stimulus/S  1	1	23885441	23885449	9	2	60	pips_l400_r40_500-8000.hdf5	left	right
2389.6108	1	Stimulus/S  1	1	23896108	23896116	9	3	70	pips_l400_r40_500-8000.hdf5	left	right
2390.6775	1	Stimulus/S  1	1	23906775	23906783	9	4	50	pips_l400_r40_500-8000.hdf5	left	right
2391.7335	1	Stimulus/S  1	1	23917335	23917343	9	5	30	pips_l400_r40_500-8000.hdf5	left	right
2392.7788	1	Stimulus/S  1	1	23927788	23927796	10	0	20	pips_l400_r40_500-8000.hdf5	left	right
2393.8242	1	Stimulus/S  1	1	23938242	23938250	10	1	40	pips_l400_r40_500-8000.hdf5	left	right
2394.8802	1	Stimulus/S  1	1	23948802	23948810	10	2	60	pips_l400_r40_500-8000.hdf5	left	right
2395.9255	1	Stimulus/S  1	1	23959255	23959263	10	3	70	pips_l400_r40_500-8000.hdf5	left	right
2396.9815	1	Stimulus/S  1	1	23969815	23969823	10	4	50	pips_l400_r40_500-8000.hdf5	left	right
2398.0269	1	Stimulus/S  1	1	23980269	23980277	10	5	30	pips_l400_r40_500-8000.hdf5	left	right
2399.0829	1	Stimulus/S  1	1	23990829	23990837	11	0	20	pips_l400_r40_500-8000.hdf5	left	right
2400.1496	1	Stimulus/S  1	1	24001496	24001504	11	1	40	pips_l400_r40_500-8000.hdf5	left	right
2401.1949	1	Stimulus/S  1	1	24011949	24011957	11	2	60	pips_l400_r40_500-8000.hdf5	left	right
2402.2616	1	Stimulus/S  1	1	24022616	24022624	11	3	70	pips_l400_r40_500-8000.hdf5	left	right
2403.3283	1	Stimulus/S  1	1	24033283	24033291	11	4	50	pips_l400_r40_500-8000.hdf5	left	right
2404.3949	1	Stimulus/S  1	1	24043949	24043957	11	5	30	pips_l400_r40_500-8000.hdf5	left	right
2405.4616	1	Stimulus/S  1	1	24054616	24054624	12	0	20	pips_l400_r40_500-8000.hdf5	left	right
2406.5283	1	Stimulus/S  1	1	24065283	24065291	12	1	40	pips_l400_r40_500-8000.hdf5	left	right
2407.595	1	Stimulus/S  1	1	24075950	24075958	12	2	60	pips_l400_r40_500-8000.hdf5	left	right
2408.651	1	Stimulus/S  1	1	24086510	24086518	12	3	70	pips_l400_r40_500-8000.hdf5	left	right
2409.7177	1	Stimulus/S  1	1	24097177	24097185	12	4	50	pips_l400_r40_500-8000.hdf5	left	right
2410.7843	1	Stimulus/S  1	1	24107843	24107851	12	5	30	pips_l400_r40_500-8000.hdf5	left	right
2411.8297	1	Stimulus/S  1	1	24118297	24118305	13	0	20	pips_l400_r40_500-8000.hdf5	left	right
2412.875	1	Stimulus/S  1	1	24128750	24128758	13	1	40	pips_l400_r40_500-8000.hdf5	left	right
2413.931	1	Stimulus/S  1	1	24139310	24139318	13	2	60	pips_l400_r40_500-8000.hdf5	left	right
2414.9764	1	Stimulus/S  1	1	24149764	24149772	13	3	70	pips_l400_r40_500-8000.hdf5	left	right
2416.0324	1	Stimulus/S  1	1	24160324	24160332	13	4	50	pips_l400_r40_500-8000.hdf5	left	right
2417.0777	1	Stimulus/S  1	1	24170777	24170785	13	5	30	pips_l400_r40_500-8000.hdf5	left	right
2418.1337	1	Stimulus/S  1	1	24181337	24181345	14	0	20	pips_l400_r40_500-8000.hdf5	left	right
2419.1791	1	Stimulus/S  1	1	24191791	24191799	14	1	40	pips_l400_r40_500-8000.hdf5	left	right
2420.2458	1	Stimulus/S  1	1	24202458	24202466	14	2	60	pips_l400_r40_500-8000.hdf5	left	right
2421.2911	1	Stimulus/S  1	1	24212911	24212919	14	3	70	pips_l400_r40_500-8000.hdf5	left	right
2422.3578	1	Stimulus/S  1	1	24223578	24223586	14	4	50	pips_l400_r40_500-8000.hdf5	left	right
2423.4138	1	Stimulus/S  1	1	24234138	24234146	14	5	30	pips_l400_r40_500-8000.hdf5	left	right
2424.4805	1	Stimulus/S  1	1	24244805	24244813	15	0	20	pips_l400_r40_500-8000.hdf5	left	right
2425.5471	1	Stimulus/S  1	1	24255471	24255479	15	1	40	pips_l400_r40_500-8000.hdf5	left	right
2426.6138	1	Stimulus/S  1	1	24266138	24266146	15	2	60	pips_l400_r40_500-8000.hdf5	left	right
2427.6592	1	Stimulus/S  1	1	24276592	24276600	15	3	70	pips_l400_r40_500-8000.hdf5	left	right
2428.7258	1	Stimulus/S  1	1	24287258	24287266	15	4	50	pips_l400_r40_500-8000.hdf5	left	right
2429.7925	1	Stimulus/S  1	1	24297925	24297933	15	5	30	pips_l400_r40_500-8000.hdf5	left	right
2430.8485	1	Stimulus/S  1	1	24308485	24308493	16	0	20	pips_l400_r40_500-8000.hdf5	left	right
2431.8939	1	Stimulus/S  1	1	24318939	24318947	16	1	40	pips_l400_r40_500-8000.hdf5	left	right
2432.9499	1	Stimulus/S  1	1	24329499	24329507	16	2	60	pips_l400_r40_500-8000.hdf5	left	right
2433.9952	1	Stimulus/S  1	1	24339952	24339960	16	3	70	pips_l400_r40_500-8000.hdf5	left	right
2435.0512	1	Stimulus/S  1	1	24350512	24350520	16	4	50	pips_l400_r40_500-8000.hdf5	left	right
2436.0966	1	Stimulus/S  1	1	24360966	24360974	16	5	30	pips_l400_r40_500-8000.hdf5	left	right
2437.1419	1	Stimulus/S  1	1	24371419	24371427	17	0	20	pips_l400_r40_500-8000.hdf5	left	right
2438.1979	1	Stimulus/S  1	1	24381979	24381987	17	1	40	pips_l400_r40_500-8000.hdf5	left	right
2439.2646	1	Stimulus/S  1	1	24392646	24392654	17	2	60	pips_l400_r40_500-8000.hdf5	left	right
2440.3099	1	Stimulus/S  1	1	24403099	24403107	17	3	70	pips_l400_r40_500-8000.hdf5	left	right
2441.3766	1	Stimulus/S  1	1	24413766	24413774	17	4	50	pips_l400_r40_500-8000.hdf5	left	right
2442.4326	1	Stimulus/S  1	1	24424326	24424334	17	5	30	pips_l400_r40_500-8000.hdf5	left	right
2443.4993	1	Stimulus/S  1	1	24434993	24435001	18	0	20	pips_l400_r40_500-8000.hdf5	left	right
2444.566	1	Stimulus/S  1	1	24445660	24445668	18	1	40	pips_l400_r40_500-8000.hdf5	left	right
2445.6327	1	Stimulus/S  1	1	24456327	24456335	18	2	60	pips_l400_r40_500-8000.hdf5	left	right
2446.678	1	Stimulus/S  1	1	24466780	24466788	18	3	70	pips_l400_r40_500-8000.hdf5	left	right
2447.7447	1	Stimulus/S  1	1	24477447	24477455	18	4	50	pips_l400_r40_500-8000.hdf5	left	right
2448.8007	1	Stimulus/S  1	1	24488007	24488015	18	5	30	pips_l400_r40_500-8000.hdf5	left	right
2449.8674	1	Stimulus/S  1	1	24498674	24498682	19	0	20	pips_l400_r40_500-8000.hdf5	left	right
2450.9127	1	Stimulus/S  1	1	24509127	24509135	19	1	40	pips_l400_r40_500-8000.hdf5	left	right
2451.9581	1	Stimulus/S  1	1	24519581	24519589	19	2	60	pips_l400_r40_500-8000.hdf5	left	right
2453.0141	1	Stimulus/S  1	1	24530141	24530149	19	3	70	pips_l400_r40_500-8000.hdf5	left	right
2454.0594	1	Stimulus/S  1	1	24540594	24540602	19	4	50	pips_l400_r40_500-8000.hdf5	left	right
2455.1154	1	Stimulus/S  1	1	24551154	24551162	19	5	30	pips_l400_r40_500-8000.hdf5	left	right
2456.1821	1	Stimulus/S  1	1	24561821	24561829	20	0	20	pips_l400_r40_500-8000.hdf5	left	right
2457.2274	1	Stimulus/S  1	1	24572274	24572282	20	1	40	pips_l400_r40_500-8000.hdf5	left	right
2458.2941	1	Stimulus/S  1	1	24582941	24582949	20	2	60	pips_l400_r40_500-8000.hdf5	left	right
2459.3501	1	Stimulus/S  1	1	24593501	24593509	20	3	70	pips_l400_r40_500-8000.hdf5	left	right
2460.4168	1	Stimulus/S  1	1	24604168	24604176	20	4	50	pips_l400_r40_500-8000.hdf5	left	right
2461.4835	1	Stimulus/S  1	1	24614835	24614843	20	5	30	pips_l400_r40_500-8000.hdf5	left	right
2462.5502	1	Stimulus/S  1	1	24625502	24625510	21	0	20	pips_l400_r40_500-8000.hdf5	left	right
2463.5955	1	Stimulus/S  1	1	24635955	24635963	21	1	40	pips_l400_r40_500-8000.hdf5	left	right
2464.6622	1	Stimulus/S  1	1	24646622	24646630	21	2	60	pips_l400_r40_500-8000.hdf5	left	right
2465.7182	1	Stimulus/S  1	1	24657182	24657190	21	3	70	pips_l400_r40_500-8000.hdf5	left	right
2466.7849	1	Stimulus/S  1	1	24667849	24667857	21	4	50	pips_l400_r40_500-8000.hdf5	left	right
2467.8302	1	Stimulus/S  1	1	24678302	24678310	21	5	30	pips_l400_r40_500-8000.hdf5	left	right
2468.8756	1	Stimulus/S  1	1	24688756	24688764	22	0	20	pips_l400_r40_500-8000.hdf5	left	right
2469.9316	1	Stimulus/S  1	1	24699316	24699324	22	1	40	pips_l400_r40_500-8000.hdf5	left	right
2470.9769	1	Stimulus/S  1	1	24709769	24709777	22	2	60	pips_l400_r40_500-8000.hdf5	left	right
2472.0329	1	Stimulus/S  1	1	24720329	24720337	22	3	70	pips_l400_r40_500-8000.hdf5	left	right
2473.0996	1	Stimulus/S  1	1	24730996	24731004	22	4	50	pips_l400_r40_500-8000.hdf5	left	right
2474.1449	1	Stimulus/S  1	1	24741449	24741457	22	5	30	pips_l400_r40_500-8000.hdf5	left	right
2475.2116	1	Stimulus/S  1	1	24752116	24752124	23	0	20	pips_l400_r40_500-8000.hdf5	left	right
2476.2676	1	Stimulus/S  1	1	24762676	24762684	23	1	40	pips_l400_r40_500-8000.hdf5	left	right
2477.3343	1	Stimulus/S  1	1	24773343	24773351	23	2	60	pips_l400_r40_500-8000.hdf5	left	right
2478.401	1	Stimulus/S  1	1	24784010	24784018	23	3	70	pips_l400_r40_500-8000.hdf5	left	right
2479.4677	1	Stimulus/S  1	1	24794677	24794685	23	4	50	pips_l400_r40_500-8000.hdf5	left	right
2480.5343	1	Stimulus/S  1	1	24805343	24805351	23	5	30	pips_l400_r40_500-8000.hdf5	left	right
2481.601	1	Stimulus/S  1	1	24816010	24816018	24	0	20	pips_l400_r40_500-8000.hdf5	left	right
2482.6677	1	Stimulus/S  1	1	24826677	24826685	24	1	40	pips_l400_r40_500-8000.hdf5	left	right
2483.713	1	Stimulus/S  1	1	24837130	24837138	24	2	60	pips_l400_r40_500-8000.hdf5	left	right
2484.7797	1	Stimulus/S  1	1	24847797	24847805	24	3	70	pips_l400_r40_500-8000.hdf5	left	right
2485.8357	1	Stimulus/S  1	1	24858357	24858365	24	4	50	pips_l400_r40_500-8000.hdf5	left	right
2486.9024	1	Stimulus/S  1	1	24869024	24869032	24	5	30	pips_l400_r40_500-8000.hdf5	left	right
2487.9477	1	Stimulus/S  1	1	24879477	24879485	25	0	20	pips_l400_r40_500-8000.hdf5	left	right
2488.9931	1	Stimulus/S  1	1	24889931	24889939	25	1	40	pips_l400_r40_500-8000.hdf5	left	right
2490.0491	1	Stimulus/S  1	1	24900491	24900499	25	2	60	pips_l400_r40_500-8000.hdf5	left	right
2491.0944	1	Stimulus/S  1	1	24910944	24910952	25	3	70	pips_l400_r40_500-8000.hdf5	left	right
2492.1504	1	Stimulus/S  1	1	24921504	24921512	25	4	50	pips_l400_r40_500-8000.hdf5	left	right
2493.2171	1	Stimulus/S  1	1	24932171	24932179	25	5	30	pips_l400_r40_500-8000.hdf5	left	right
2494.2625	1	Stimulus/S  1	1	24942625	24942633	26	0	20	pips_l400_r40_500-8000.hdf5	left	right
2495.3291	1	Stimulus/S  1	1	24953291	24953299	26	1	40	pips_l400_r40_500-8000.hdf5	left	right
2496.3851	1	Stimulus/S  1	1	24963851	24963859	26	2	60	pips_l400_r40_500-8000.hdf5	left	right
2497.4518	1	Stimulus/S  1	1	24974518	24974526	26	3	70	pips_l400_r40_500-8000.hdf5	left	right
2498.5185	1	Stimulus/S  1	1	24985185	24985193	26	4	50	pips_l400_r40_500-8000.hdf5	left	right
2499.5852	1	Stimulus/S  1	1	24995852	24995860	26	5	30	pips_l400_r40_500-8000.hdf5	left	right
2500.6519	1	Stimulus/S  1	1	25006519	25006527	27	0	20	pips_l400_r40_500-8000.hdf5	left	right
2501.7185	1	Stimulus/S  1	1	25017185	25017193	27	1	40	pips_l400_r40_500-8000.hdf5	left	right
2502.7852	1	Stimulus/S  1	1	25027852	25027860	27	2	60	pips_l400_r40_500-8000.hdf5	left	right
2503.8306	1	Stimulus/S  1	1	25038306	25038314	27	3	70	pips_l400_r40_500-8000.hdf5	left	right
2504.8866	1	Stimulus/S  1	1	25048866	25048874	27	4	50	pips_l400_r40_500-8000.hdf5	left	right
2505.9319	1	Stimulus/S  1	1	25059319	25059327	27	5	30	pips_l400_r40_500-8000.hdf5	left	right
2506.9772	1	Stimulus/S  1	1	25069772	25069780	28	0	20	pips_l400_r40_500-8000.hdf5	left	right
2508.0333	1	Stimulus/S  1	1	25080333	25080341	28	1	40	pips_l400_r40_500-8000.hdf5	left	right
2509.0786	1	Stimulus/S  1	1	25090786	25090794	28	2	60	pips_l400_r40_500-8000.hdf5	left	right
2510.1346	1	Stimulus/S  1	1	25101346	25101354	28	3	70	pips_l400_r40_500-8000.hdf5	left	right
2511.18	1	Stimulus/S  1	1	25111800	25111808	28	4	50	pips_l400_r40_500-8000.hdf5	left	right
2512.2466	1	Stimulus/S  1	1	25122466	25122474	28	5	30	pips_l400_r40_500-8000.hdf5	left	right
2513.3026	1	Stimulus/S  1	1	25133026	25133034	29	0	20	pips_l400_r40_500-8000.hdf5	left	right
2514.3693	1	Stimulus/S  1	1	25143693	25143701	29	1	40	pips_l400_r40_500-8000.hdf5	left	right
2515.436	1	Stimulus/S  1	1	25154360	25154368	29	2	60	pips_l400_r40_500-8000.hdf5	left	right
2516.5027	1	Stimulus/S  1	1	25165027	25165035	29	3	70	pips_l400_r40_500-8000.hdf5	left	right
2517.5693	1	Stimulus/S  1	1	25175693	25175701	29	4	50	pips_l400_r40_500-8000.hdf5	left	right
2518.636	1	Stimulus/S  1	1	25186360	25186368	29	5	30	pips_l400_r40_500-8000.hdf5	left	right
2519.7027	1	Stimulus/S  1	1	25197027	25197035	30	0	20	pips_l400_r40_500-8000.hdf5	left	right
2520.748	1	Stimulus/S  1	1	25207480	25207488	30	1	40	pips_l400_r40_500-8000.hdf5	left	right
2521.8147	1	Stimulus/S  1	1	25218147	25218155	30	2	60	pips_l400_r40_500-8000.hdf5	left	right
2522.8601	1	Stimulus/S  1	1	25228601	25228609	30	3	70	pips_l400_r40_500-8000.hdf5	left	right
2523.9161	1	Stimulus/S  1	1	25239161	25239169	30	4	50	pips_l400_r40_500-8000.hdf5	left	right
2524.9614	1	Stimulus/S  1	1	25249614	25249622	30	5	30	pips_l400_r40_500-8000.hdf5	left	right
2526.0174	1	Stimulus/S  1	1	25260174	25260182	31	0	20	pips_l400_r40_500-8000.hdf5	left	right
2527.0628	1	Stimulus/S  1	1	25270628	25270636	31	1	40	pips_l400_r40_500-8000.hdf5	left	right
2528.1188	1	Stimulus/S  1	1	25281188	25281196	31	2	60	pips_l400_r40_500-8000.hdf5	left	right
2529.1855	1	Stimulus/S  1	1	25291855	25291863	31	3	70	pips_l400_r40_500-8000.hdf5	left	right
2530.2521	1	Stimulus/S  1	1	25302521	25302529	31	4	50	pips_l400_r40_500-8000.hdf5	left	right
2531.2975	1	Stimulus/S  1	1	25312975	25312983	31	5	30	pips_l400_r40_500-8000.hdf5	left	right
2532.3642	1	Stimulus/S  1	1	25323642	25323650	32	0	20	pips_l400_r40_500-8000.hdf5	left	right
2533.4095	1	Stimulus/S  1	1	25334095	25334103	32	1	40	pips_l400_r40_500-8000.hdf5	left	right
2534.4655	1	Stimulus/S  1	1	25344655	25344663	32	2	60	pips_l400_r40_500-8000.hdf5	left	right
2535.5322	1	Stimulus/S  1	1	25355322	25355330	32	3	70	pips_l400_r40_500-8000.hdf5	left	right
2536.5989	1	Stimulus/S  1	1	25365989	25365997	32	4	50	pips_l400_r40_500-8000.hdf5	left	right
2537.6655	1	Stimulus/S  1	1	25376655	25376663	32	5	30	pips_l400_r40_500-8000.hdf5	left	right
2538.7322	1	Stimulus/S  1	1	25387322	25387330	33	0	20	pips_l400_r40_500-8000.hdf5	left	right
2539.7989	1	Stimulus/S  1	1	25397989	25397997	33	1	40	pips_l400_r40_500-8000.hdf5	left	right
2540.8656	1	Stimulus/S  1	1	25408656	25408664	33	2	60	pips_l400_r40_500-8000.hdf5	left	right
2541.9109	1	Stimulus/S  1	1	25419109	25419117	33	3	70	pips_l400_r40_500-8000.hdf5	left	right
2542.9669	1	Stimulus/S  1	1	25429669	25429677	33	4	50	pips_l400_r40_500-8000.hdf5	left	right
2544.0123	1	Stimulus/S  1	1	25440123	25440131	33	5	30	pips_l400_r40_500-8000.hdf5	left	right
2545.0683	1	Stimulus/S  1	1	25450683	25450691	34	0	20	pips_l400_r40_500-8000.hdf5	left	right
2546.1136	1	Stimulus/S  1	1	25461136	25461144	34	1	40	pips_l400_r40_500-8000.hdf5	left	right
2547.1696	1	Stimulus/S  1	1	25471696	25471704	34	2	60	pips_l400_r40_500-8000.hdf5	left	right
2548.215	1	Stimulus/S  1	1	25482150	25482158	34	3	70	pips_l400_r40_500-8000.hdf5	left	right
2549.2603	1	Stimulus/S  1	1	25492603	25492611	34	4	50	pips_l400_r40_500-8000.hdf5	left	right
2550.3163	1	Stimulus/S  1	1	25503163	25503171	34	5	30	pips_l400_r40_500-8000.hdf5	left	right
2551.3617	1	Stimulus/S  1	1	25513617	25513625	35	0	20	pips_l400_r40_500-8000.hdf5	left	right
2552.4283	1	Stimulus/S  1	1	25524283	25524291	35	1	40	pips_l400_r40_500-8000.hdf5	left	right
2553.4844	1	Stimulus/S  1	1	25534844	25534852	35	2	60	pips_l400_r40_500-8000.hdf5	left	right
2554.551	1	Stimulus/S  1	1	25545510	25545518	35	3	70	pips_l400_r40_500-8000.hdf5	left	right
2555.6177	1	Stimulus/S  1	1	25556177	25556185	35	4	50	pips_l400_r40_500-8000.hdf5	left	right
2556.6844	1	Stimulus/S  1	1	25566844	25566852	35	5	30	pips_l400_r40_500-8000.hdf5	left	right
2557.7297	1	Stimulus/S  1	1	25577297	25577305	36	0	20	pips_l400_r40_500-8000.hdf5	left	right
2558.7964	1	Stimulus/S  1	1	25587964	25587972	36	1	40	pips_l400_r40_500-8000.hdf5	left	right
2559.8524	1	Stimulus/S  1	1	25598524	25598532	36	2	60	pips_l400_r40_500-8000.hdf5	left	right
2560.9191	1	Stimulus/S  1	1	25609191	25609199	36	3	70	pips_l400_r40_500-8000.hdf5	left	right
2561.9644	1	Stimulus/S  1	1	25619644	25619652	36	4	50	pips_l400_r40_500-8000.hdf5	left	right
2563.0205	1	Stimulus/S  1	1	25630205	25630213	36	5	30	pips_l400_r40_500-8000.hdf5	left	right
2564.0658	1	Stimulus/S  1	1	25640658	25640666	37	0	20	pips_l400_r40_500-8000.hdf5	left	right
2565.1111	1	Stimulus/S  1	1	25651111	25651119	37	1	40	pips_l400_r40_500-8000.hdf5	left	right
2566.1671	1	Stimulus/S  1	1	25661671	25661679	37	2	60	pips_l400_r40_500-8000.hdf5	left	right
2567.2338	1	Stimulus/S  1	1	25672338	25672346	37	3	70	pips_l400_r40_500-8000.hdf5	left	right
2568.2792	1	Stimulus/S  1	1	25682792	25682800	37	4	50	pips_l400_r40_500-8000.hdf5	left	right
2569.3458	1	Stimulus/S  1	1	25693458	25693466	37	5	30	pips_l400_r40_500-8000.hdf5	left	right
2570.4019	1	Stimulus/S  1	1	25704019	25704027	38	0	20	pips_l400_r40_500-8000.hdf5	left	right
2571.4685	1	Stimulus/S  1	1	25714685	25714693	38	1	40	pips_l400_r40_500-8000.hdf5	left	right
2572.5352	1	Stimulus/S  1	1	25725352	25725360	38	2	60	pips_l400_r40_500-8000.hdf5	left	right
2573.6019	1	Stimulus/S  1	1	25736019	25736027	38	3	70	pips_l400_r40_500-8000.hdf5	left	right
2574.6472	1	Stimulus/S  1	1	25746472	25746480	38	4	50	pips_l400_r40_500-8000.hdf5	left	right
2575.7139	1	Stimulus/S  1	1	25757139	25757147	38	5	30	pips_l400_r40_500-8000.hdf5	left	right
2576.7699	1	Stimulus/S  1	1	25767699	25767707	39	0	20	pips_l400_r40_500-8000.hdf5	left	right
2577.8366	1	Stimulus/S  1	1	25778366	25778374	39	1	40	pips_l400_r40_500-8000.hdf5	left	right
2578.8819	1	Stimulus/S  1	1	25788819	25788827	39	2	60	pips_l400_r40_500-8000.hdf5	left	right
2579.9273	1	Stimulus/S  1	1	25799273	25799281	39	3	70	pips_l400_r40_500-8000.hdf5	left	right
2580.9833	1	Stimulus/S  1	1	25809833	25809841	39	4	50	pips_l400_r40_500-8000.hdf5	left	right
2582.05	1	Stimulus/S  1	1	25820500	25820508	39	5	30	pips_l400_r40_500-8000.hdf5	left	right
2583.0953	1	Stimulus/S  1	1	25830953	25830961	40	0	20	pips_l400_r40_500-8000.hdf5	left	right
2584.162	1	Stimulus/S  1	1	25841620	25841628	40	1	40	pips_l400_r40_500-8000.hdf5	left	right
2585.218	1	Stimulus/S  1	1	25852180	25852188	40	2	60	pips_l400_r40_500-8000.hdf5	left	right
2586.2847	1	Stimulus/S  1	1	25862847	25862855	40	3	70	pips_l400_r40_500-8000.hdf5	left	right
2587.3513	1	Stimulus/S  1	1	25873513	25873521	40	4	50	pips_l400_r40_500-8000.hdf5	left	right
2588.418	1	Stimulus/S  1	1	25884180	25884188	40	5	30	pips_l400_r40_500-8000.hdf5	left	right
2589.4847	1	Stimulus/S  1	1	25894847	25894855	41	0	20	pips_l400_r40_500-8000.hdf5	left	right
2590.5514	1	Stimulus/S  1	1	25905514	25905522	41	1	40	pips_l400_r40_500-8000.hdf5	left	right
2591.6181	1	Stimulus/S  1	1	25916181	25916189	41	2	60	pips_l400_r40_500-8000.hdf5	left	right
2592.6634	1	Stimulus/S  1	1	25926634	25926642	41	3	70	pips_l400_r40_500-8000.hdf5	left	right
2593.7301	1	Stimulus/S  1	1	25937301	25937309	41	4	50	pips_l400_r40_500-8000.hdf5	left	right
2594.7861	1	Stimulus/S  1	1	25947861	25947869	41	5	30	pips_l400_r40_500-8000.hdf5	left	right
2595.8528	1	Stimulus/S  1	1	25958528	25958536	42	0	20	pips_l400_r40_500-8000.hdf5	left	right
2596.8981	1	Stimulus/S  1	1	25968981	25968989	42	1	40	pips_l400_r40_500-8000.hdf5	left	right
2597.9541	1	Stimulus/S  1	1	25979541	25979549	42	2	60	pips_l400_r40_500-8000.hdf5	left	right
2598.9995	1	Stimulus/S  1	1	25989995	25990003	42	3	70	pips_l400_r40_500-8000.hdf5	left	right
2600.0448	1	Stimulus/S  1	1	26000448	26000456	42	4	50	pips_l400_r40_500-8000.hdf5	left	right
2601.1008	1	Stimulus/S  1	1	26011008	26011016	42	5	30	pips_l400_r40_500-8000.hdf5	left	right
2602.1675	1	Stimulus/S  1	1	26021675	26021683	43	0	20	pips_l400_r40_500-8000.hdf5	left	right
2603.2128	1	Stimulus/S  1	1	26032128	26032136	43	1	40	pips_l400_r40_500-8000.hdf5	left	right
2604.2795	1	Stimulus/S  1	1	26042795	26042803	43	2	60	pips_l400_r40_500-8000.hdf5	left	right
2605.3355	1	Stimulus/S  1	1	26053355	26053363	43	3	70	pips_l400_r40_500-8000.hdf5	left	right
2606.4022	1	Stimulus/S  1	1	26064022	26064030	43	4	50	pips_l400_r40_500-8000.hdf5	left	right
2607.4689	1	Stimulus/S  1	1	26074689	26074697	43	5	30	pips_l400_r40_500-8000.hdf5	left	right
2608.5356	1	Stimulus/S  1	1	26085356	26085364	44	0	20	pips_l400_r40_500-8000.hdf5	left	right
2609.6022	1	Stimulus/S  1	1	26096022	26096030	44	1	40	pips_l400_r40_500-8000.hdf5	left	right
2610.6689	1	Stimulus/S  1	1	26106689	26106697	44	2	60	pips_l400_r40_500-8000.hdf5	left	right
2611.7356	1	Stimulus/S  1	1	26117356	26117364	44	3	70	pips_l400_r40_500-8000.hdf5	left	right
2612.7809	1	Stimulus/S  1	1	26127809	26127817	44	4	50	pips_l400_r40_500-8000.hdf5	left	right
2613.8476	1	Stimulus/S  1	1	26138476	26138484	44	5	30	pips_l400_r40_500-8000.hdf5	left	right
2614.9036	1	Stimulus/S  1	1	26149036	26149044	45	0	20	pips_l400_r40_500-8000.hdf5	left	right
2615.9703	1	Stimulus/S  1	1	26159703	26159711	45	1	40	pips_l400_r40_500-8000.hdf5	left	right
2617.0156	1	Stimulus/S  1	1	26170156	26170164	45	2	60	pips_l400_r40_500-8000.hdf5	left	right
2618.061	1	Stimulus/S  1	1	26180610	26180618	45	3	70	pips_l400_r40_500-8000.hdf5	left	right
2619.117	1	Stimulus/S  1	1	26191170	26191178	45	4	50	pips_l400_r40_500-8000.hdf5	left	right
2620.1623	1	Stimulus/S  1	1	26201623	26201631	45	5	30	pips_l400_r40_500-8000.hdf5	left	right
2621.2183	1	Stimulus/S  1	1	26212183	26212191	46	0	20	pips_l400_r40_500-8000.hdf5	left	right
2622.2637	1	Stimulus/S  1	1	26222637	26222645	46	1	40	pips_l400_r40_500-8000.hdf5	left	right
2623.3197	1	Stimulus/S  1	1	26233197	26233205	46	2	60	pips_l400_r40_500-8000.hdf5	left	right
2624.365	1	Stimulus/S  1	1	26243650	26243658	46	3	70	pips_l400_r40_500-8000.hdf5	left	right
2625.421	1	Stimulus/S  1	1	26254210	26254218	46	4	50	pips_l400_r40_500-8000.hdf5	left	right
2626.4877	1	Stimulus/S  1	1	26264877	26264885	46	5	30	pips_l400_r40_500-8000.hdf5	left	right
2627.5331	1	Stimulus/S  1	1	26275331	26275339	47	0	20	pips_l400_r40_500-8000.hdf5	left	right
2628.5997	1	Stimulus/S  1	1	26285997	26286005	47	1	40	pips_l400_r40_500-8000.hdf5	left	right
2629.6451	1	Stimulus/S  1	1	26296451	26296459	47	2	60	pips_l400_r40_500-8000.hdf5	left	right
2630.7118	1	Stimulus/S  1	1	26307118	26307126	47	3	70	pips_l400_r40_500-8000.hdf5	left	right
2631.7784	1	Stimulus/S  1	1	26317784	26317792	47	4	50	pips_l400_r40_500-8000.hdf5	left	right
2632.8451	1	Stimulus/S  1	1	26328451	26328459	47	5	30	pips_l400_r40_500-8000.hdf5	left	right
2633.9118	1	Stimulus/S  1	1	26339118	26339126	48	0	20	pips_l400_r40_500-8000.hdf5	left	right
2634.9785	1	Stimulus/S  1	1	26349785	26349793	48	1	40	pips_l400_r40_500-8000.hdf5	left	right
2636.0451	1	Stimulus/S  1	1	26360451	26360459	48	2	60	pips_l400_r40_500-8000.hdf5	left	right
2637.1012	1	Stimulus/S  1	1	26371012	26371020	48	3	70	pips_l400_r40_500-8000.hdf5	left	right
2638.1465	1	Stimulus/S  1	1	26381465	26381473	48	4	50	pips_l400_r40_500-8000.hdf5	left	right
2639.2025	1	Stimulus/S  1	1	26392025	26392033	48	5	30	pips_l400_r40_500-8000.hdf5	left	right
2640.2479	1	Stimulus/S  1	1	26402479	26402487	49	0	20	pips_l400_r40_500-8000.hdf5	left	right
2641.3039	1	Stimulus/S  1	1	26413039	26413047	49	1	40	pips_l400_r40_500-8000.hdf5	left	right
2642.3492	1	Stimulus/S  1	1	26423492	26423500	49	2	60	pips_l400_r40_500-8000.hdf5	left	right
2643.4052	1	Stimulus/S  1	1	26434052	26434060	49	3	70	pips_l400_r40_500-8000.hdf5	left	right
2644.4506	1	Stimulus/S  1	1	26444506	26444514	49	4	50	pips_l400_r40_500-8000.hdf5	left	right
2645.5172	1	Stimulus/S  1	1	26455172	26455180	49	5	30	pips_l400_r40_500-8000.hdf5	left	right
2646.5626	1	Stimulus/S  1	1	26465626	26465634	50	0	20	pips_l400_r40_500-8000.hdf5	left	right
2647.6293	1	Stimulus/S  1	1	26476293	26476301	50	1	40	pips_l400_r40_500-8000.hdf5	left	right
2648.6959	1	Stimulus/S  1	1	26486959	26486967	50	2	60	pips_l400_r40_500-8000.hdf5	left	right
2649.7626	1	Stimulus/S  1	1	26497626	26497634	50	3	70	pips_l400_r40_500-8000.hdf5	left	right
2650.8293	1	Stimulus/S  1	1	26508293	26508301	50	4	50	pips_l400_r40_500-8000.hdf5	left	right
2651.896	1	Stimulus/S  1	1	26518960	26518968	50	5	30	pips_l400_r40_500-8000.hdf5	left	right
2652.9626	1	Stimulus/S  1	1	26529626	26529634	51	0	20	pips_l400_r40_500-8000.hdf5	left	right
2654.0187	1	Stimulus/S  1	1	26540187	26540195	51	1	40	pips_l400_r40_500-8000.hdf5	left	right
2655.0853	1	Stimulus/S  1	1	26550853	26550861	51	2	60	pips_l400_r40_500-8000.hdf5	left	right
2656.1307	1	Stimulus/S  1	1	26561307	26561315	51	3	70	pips_l400_r40_500-8000.hdf5	left	right
2657.1973	1	Stimulus/S  1	1	26571973	26571981	51	4	50	pips_l400_r40_500-8000.hdf5	left	right
2658.2534	1	Stimulus/S  1	1	26582534	26582542	51	5	30	pips_l400_r40_500-8000.hdf5	left	right
2659.2987	1	Stimulus/S  1	1	26592987	26592995	52	0	20	pips_l400_r40_500-8000.hdf5	left	right
2660.3547	1	Stimulus/S  1	1	26603547	26603555	52	1	40	pips_l400_r40_500-8000.hdf5	left	right
2661.4001	1	Stimulus/S  1	1	26614001	26614009	52	2	60	pips_l400_r40_500-8000.hdf5	left	right
2662.4454	1	Stimulus/S  1	1	26624454	26624462	52	3	70	pips_l400_r40_500-8000.hdf5	left	right
2663.5121	1	Stimulus/S  1	1	26635121	26635129	52	4	50	pips_l400_r40_500-8000.hdf5	left	right
2664.5681	1	Stimulus/S  1	1	26645681	26645689	52	5	30	pips_l400_r40_500-8000.hdf5	left	right
2665.6348	1	Stimulus/S  1	1	26656348	26656356	53	0	20	pips_l400_r40_500-8000.hdf5	left	right
2666.6801	1	Stimulus/S  1	1	26666801	26666809	53	1	40	pips_l400_r40_500-8000.hdf5	left	right
2667.7468	1	Stimulus/S  1	1	26677468	26677476	53	2	60	pips_l400_r40_500-8000.hdf5	left	right
2668.8135	1	Stimulus/S  1	1	26688135	26688143	53	3	70	pips_l400_r40_500-8000.hdf5	left	right
2669.8695	1	Stimulus/S  1	1	26698695	26698703	53	4	50	pips_l400_r40_500-8000.hdf5	left	right
2670.9361	1	Stimulus/S  1	1	26709361	26709369	53	5	30	pips_l400_r40_500-8000.hdf5	left	right
2672.0028	1	Stimulus/S  1	1	26720028	26720036	54	0	20	pips_l400_r40_500-8000.hdf5	left	right
2673.0695	1	Stimulus/S  1	1	26730695	26730703	54	1	40	pips_l400_r40_500-8000.hdf5	left	right
2674.1362	1	Stimulus/S  1	1	26741362	26741370	54	2	60	pips_l400_r40_500-8000.hdf5	left	right
2675.2029	1	Stimulus/S  1	1	26752029	26752037	54	3	70	pips_l400_r40_500-8000.hdf5	left	right
2676.2695	1	Stimulus/S  1	1	26762695	26762703	54	4	50	pips_l400_r40_500-8000.hdf5	left	right
2677.3149	1	Stimulus/S  1	1	26773149	26773157	54	5	30	pips_l400_r40_500-8000.hdf5	left	right
2678.3709	1	Stimulus/S  1	1	26783709	26783717	55	0	20	pips_l400_r40_500-8000.hdf5	left	right
2679.4162	1	Stimulus/S  1	1	26794162	26794170	55	1	40	pips_l400_r40_500-8000.hdf5	left	right
2680.4722	1	Stimulus/S  1	1	26804722	26804730	55	2	60	pips_l400_r40_500-8000.hdf5	left	right
2681.5176	1	Stimulus/S  1	1	26815176	26815184	55	3	70	pips_l400_r40_500-8000.hdf5	left	right
2682.5629	1	Stimulus/S  1	1	26825629	26825637	55	4	50	pips_l400_r40_500-8000.hdf5	left	right
2683.6189	1	Stimulus/S  1	1	26836189	26836197	55	5	30	pips_l400_r40_500-8000.hdf5	left	right
2684.6643	1	Stimulus/S  1	1	26846643	26846651	56	0	20	pips_l400_r40_500-8000.hdf5	left	right
2685.731	1	Stimulus/S  1	1	26857310	26857318	56	1	40	pips_l400_r40_500-8000.hdf5	left	right
2686.787	1	Stimulus/S  1	1	26867870	26867878	56	2	60	pips_l400_r40_500-8000.hdf5	left	right
2687.8536	1	Stimulus/S  1	1	26878536	26878544	56	3	70	pips_l400_r40_500-8000.hdf5	left	right
2688.899	1	Stimulus/S  1	1	26888990	26888998	56	4	50	pips_l400_r40_500-8000.hdf5	left	right
2689.9657	1	Stimulus/S  1	1	26899657	26899665	56	5	30	pips_l400_r40_500-8000.hdf5	left	right
2691.0323	1	Stimulus/S  1	1	26910323	26910331	57	0	20	pips_l400_r40_500-8000.hdf5	left	right
2692.099	1	Stimulus/S  1	1	26920990	26920998	57	1	40	pips_l400_r40_500-8000.hdf5	left	right
2693.1657	1	Stimulus/S  1	1	26931657	26931665	57	2	60	pips_l400_r40_500-8000.hdf5	left	right
2694.2324	1	Stimulus/S  1	1	26942324	26942332	57	3	70	pips_l400_r40_500-8000.hdf5	left	right
2695.299	1	Stimulus/S  1	1	26952990	26952998	57	4	50	pips_l400_r40_500-8000.hdf5	left	right
2696.3551	1	Stimulus/S  1	1	26963551	26963559	57	5	30	pips_l400_r40_500-8000.hdf5	left	right
2697.4217	1	Stimulus/S  1	1	26974217	26974225	58	0	20	pips_l400_r40_500-8000.hdf5	left	right
2698.4671	1	Stimulus/S  1	1	26984671	26984679	58	1	40	pips_l400_r40_500-8000.hdf5	left	right
2699.5338	1	Stimulus/S  1	1	26995338	26995346	58	2	60	pips_l400_r40_500-8000.hdf5	left	right
2700.5898	1	Stimulus/S  1	1	27005898	27005906	58	3	70	pips_l400_r40_500-8000.hdf5	left	right
2701.6351	1	Stimulus/S  1	1	27016351	27016359	58	4	50	pips_l400_r40_500-8000.hdf5	left	right
2702.6805	1	Stimulus/S  1	1	27026805	27026813	58	5	30	pips_l400_r40_500-8000.hdf5	left	right
2703.7365	1	Stimulus/S  1	1	27037365	27037373	59	0	20	pips_l400_r40_500-8000.hdf5	left	right
2704.7818	1	Stimulus/S  1	1	27047818	27047826	59	1	40	pips_l400_r40_500-8000.hdf5	left	right
2705.8485	1	Stimulus/S  1	1	27058485	27058493	59	2	60	pips_l400_r40_500-8000.hdf5	left	right
2706.9045	1	Stimulus/S  1	1	27069045	27069053	59	3	70	pips_l400_r40_500-8000.hdf5	left	right
2707.9712	1	Stimulus/S  1	1	27079712	27079720	59	4	50	pips_l400_r40_500-8000.hdf5	left	right
2709.0165	1	Stimulus/S  1	1	27090165	27090173	59	5	30	pips_l400_r40_500-8000.hdf5	left	right
2710.0832	1	Stimulus/S  1	1	27100832	27100840	60	0	20	pips_l400_r40_500-8000.hdf5	left	right
2711.1499	1	Stimulus/S  1	1	27111499	27111507	60	1	40	pips_l400_r40_500-8000.hdf5	left	right
2712.2165	1	Stimulus/S  1	1	27122165	27122173	60	2	60	pips_l400_r40_500-8000.hdf5	left	right
2713.2832	1	Stimulus/S  1	1	27132832	27132840	60	3	70	pips_l400_r40_500-8000.hdf5	left	right
2714.3499	1	Stimulus/S  1	1	27143499	27143507	60	4	50	pips_l400_r40_500-8000.hdf5	left	right
2715.4166	1	Stimulus/S  1	1	27154166	27154174	60	5	30	pips_l400_r40_500-8000.hdf5	left	right
2716.4726	1	Stimulus/S  1	1	27164726	27164734	61	0	20	pips_l400_r40_500-8000.hdf5	left	right
2717.5393	1	Stimulus/S  1	1	27175393	27175401	61	1	40	pips_l400_r40_500-8000.hdf5	left	right
2718.6059	1	Stimulus/S  1	1	27186059	27186067	61	2	60	pips_l400_r40_500-8000.hdf5	left	right
2719.6513	1	Stimulus/S  1	1	27196513	27196521	61	3	70	pips_l400_r40_500-8000.hdf5	left	right
2720.718	1	Stimulus/S  1	1	27207180	27207188	61	4	50	pips_l400_r40_500-8000.hdf5	left	right
2721.7633	1	Stimulus/S  1	1	27217633	27217641	61	5	30	pips_l400_r40_500-8000.hdf5	left	right
2722.8193	1	Stimulus/S  1	1	27228193	27228201	62	0	20	pips_l400_r40_500-8000.hdf5	left	right
2723.8647	1	Stimulus/S  1	1	27238647	27238655	62	1	40	pips_l400_r40_500-8000.hdf5	left	right
2724.9207	1	Stimulus/S  1	1	27249207	27249215	62	2	60	pips_l400_r40_500-8000.hdf5	left	right
2725.966	1	Stimulus/S  1	1	27259660	27259668	62	3	70	pips_l400_r40_500-8000.hdf5	left	right
2727.022	1	Stimulus/S  1	1	27270220	27270228	62	4	50	pips_l400_r40_500-8000.hdf5	left	right
2728.0674	1	Stimulus/S  1	1	27280674	27280682	62	5	30	pips_l400_r40_500-8000.hdf5	left	right
2729.1234	1	Stimulus/S  1	1	27291234	27291242	63	0	20	pips_l400_r40_500-8000.hdf5	left	right
2730.1687	1	Stimulus/S  1	1	27301687	27301695	63	1	40	pips_l400_r40_500-8000.hdf5	left	right
2731.2141	1	Stimulus/S  1	1	27312141	27312149	63	2	60	pips_l400_r40_500-8000.hdf5	left	right
2732.2701	1	Stimulus/S  1	1	27322701	27322709	63	3	70	pips_l400_r40_500-8000.hdf5	left	right
2733.3154	1	Stimulus/S  1	1	27333154	27333162	63	4	50	pips_l400_r40_500-8000.hdf5	left	right
2734.3714	1	Stimulus/S  1	1	27343714	27343722	63	5	30	pips_l400_r40_500-8000.hdf5	left	right
2735.4168	1	Stimulus/S  1	1	27354168	27354176	64	0	20	pips_l400_r40_500-8000.hdf5	left	right
2736.4834	1	Stimulus/S  1	1	27364834	27364842	64	1	40	pips_l400_r40_500-8000.hdf5	left	right
2737.5394	1	Stimulus/S  1	1	27375394	27375402	64	2	60	pips_l400_r40_500-8000.hdf5	left	right
2738.6061	1	Stimulus/S  1	1	27386061	27386069	64	3	70	pips_l400_r40_500-8000.hdf5	left	right
2739.6728	1	Stimulus/S  1	1	27396728	27396736	64	4	50	pips_l400_r40_500-8000.hdf5	left	right
2740.7395	1	Stimulus/S  1	1	27407395	27407403	64	5	30	pips_l400_r40_500-8000.hdf5	left	right
2741.8062	1	Stimulus/S  1	1	27418062	27418070	65	0	20	pips_l400_r40_500-8000.hdf5	left	right
2742.8728	1	Stimulus/S  1	1	27428728	27428736	65	1	40	pips_l400_r40_500-8000.hdf5	left	right
2743.9395	1	Stimulus/S  1	1	27439395	27439403	65	2	60	pips_l400_r40_500-8000.hdf5	left	right
2745.0062	1	Stimulus/S  1	1	27450062	27450070	65	3	70	pips_l400_r40_500-8000.hdf5	left	right
2746.0729	1	Stimulus/S  1	1	27460729	27460737	65	4	50	pips_l400_r40_500-8000.hdf5	left	right
2747.1395	1	Stimulus/S  1	1	27471395	27471403	65	5	30	pips_l400_r40_500-8000.hdf5	left	right
2748.1849	1	Stimulus/S  1	1	27481849	27481857	66	0	20	pips_l400_r40_500-8000.hdf5	left	right
2749.2516	1	Stimulus/S  1	1	27492516	27492524	66	1	40	pips_l400_r40_500-8000.hdf5	left	right
2750.2969	1	Stimulus/S  1	1	27502969	27502977	66	2	60	pips_l400_r40_500-8000.hdf5	left	right
2751.3636	1	Stimulus/S  1	1	27513636	27513644	66	3	70	pips_l400_r40_500-8000.hdf5	left	right
2752.4196	1	Stimulus/S  1	1	27524196	27524204	66	4	50	pips_l400_r40_500-8000.hdf5	left	right
2753.4649	1	Stimulus/S  1	1	27534649	27534657	66	5	30	pips_l400_r40_500-8000.hdf5	left	right
2754.5209	1	Stimulus/S  1	1	27545209	27545217	67	0	20	pips_l400_r40_500-8000.hdf5	left	right
2755.5663	1	Stimulus/S  1	1	27555663	27555671	67	1	40	pips_l400_r40_500-8000.hdf5	left	right
2756.6223	1	Stimulus/S  1	1	27566223	27566231	67	2	60	pips_l400_r40_500-8000.hdf5	left	right
2757.6676	1	Stimulus/S  1	1	27576676	27576684	67	3	70	pips_l400_r40_500-8000.hdf5	left	right
2758.7237	1	Stimulus/S  1	1	27587237	27587245	67	4	50	pips_l400_r40_500-8000.hdf5	left	right
2759.7903	1	Stimulus/S  1	1	27597903	27597911	67	5	30	pips_l400_r40_500-8000.hdf5	left	right
2760.8357	1	Stimulus/S  1	1	27608357	27608365	68	0	20	pips_l400_r40_500-8000.hdf5	left	right
2761.9023	1	Stimulus/S  1	1	27619023	27619031	68	1	40	pips_l400_r40_500-8000.hdf5	left	right
2762.9477	1	Stimulus/S  1	1	27629477	27629485	68	2	60	pips_l400_r40_500-8000.hdf5	left	right
2764.0144	1	Stimulus/S  1	1	27640144	27640152	68	3	70	pips_l400_r40_500-8000.hdf5	left	right
2765.081	1	Stimulus/S  1	1	27650810	27650818	68	4	50	pips_l400_r40_500-8000.hdf5	left	right
2766.1371	1	Stimulus/S  1	1	27661371	27661379	68	5	30	pips_l400_r40_500-8000.hdf5	left	right
2767.2037	1	Stimulus/S  1	1	27672037	27672045	69	0	20	pips_l400_r40_500-8000.hdf5	left	right
2768.2491	1	Stimulus/S  1	1	27682491	27682499	69	1	40	pips_l400_r40_500-8000.hdf5	left	right
2769.3158	1	Stimulus/S  1	1	27693158	27693166	69	2	60	pips_l400_r40_500-8000.hdf5	left	right
2770.3824	1	Stimulus/S  1	1	27703824	27703832	69	3	70	pips_l400_r40_500-8000.hdf5	left	right
2771.4491	1	Stimulus/S  1	1	27714491	27714499	69	4	50	pips_l400_r40_500-8000.hdf5	left	right
2772.5158	1	Stimulus/S  1	1	27725158	27725166	69	5	30	pips_l400_r40_500-8000.hdf5	left	right
2773.5825	1	Stimulus/S  1	1	27735825	27735833	70	0	20	pips_l400_r40_500-8000.hdf5	left	right
2774.6491	1	Stimulus/S  1	1	27746491	27746499	70	1	40	pips_l400_r40_500-8000.hdf5	left	right
2775.7158	1	Stimulus/S  1	1	27757158	27757166	70	2	60	pips_l400_r40_500-8000.hdf5	left	right
2776.7825	1	Stimulus/S  1	1	27767825	27767833	70	3	70	pips_l400_r40_500-8000.hdf5	left	right
2777.8492	1	Stimulus/S  1	1	27778492	27778500	70	4	50	pips_l400_r40_500-8000.hdf5	left	right
2778.9052	1	Stimulus/S  1	1	27789052	27789060	70	5	30	pips_l400_r40_500-8000.hdf5	left	right
2779.9719	1	Stimulus/S  1	1	27799719	27799727	71	0	20	pips_l400_r40_500-8000.hdf5	left	right
2781.0172	1	Stimulus/S  1	1	27810172	27810180	71	1	40	pips_l400_r40_500-8000.hdf5	left	right
2782.0839	1	Stimulus/S  1	1	27820839	27820847	71	2	60	pips_l400_r40_500-8000.hdf5	left	right
2783.1399	1	Stimulus/S  1	1	27831399	27831407	71	3	70	pips_l400_r40_500-8000.hdf5	left	right
2784.1852	1	Stimulus/S  1	1	27841852	27841860	71	4	50	pips_l400_r40_500-8000.hdf5	left	right
2785.2306	1	Stimulus/S  1	1	27852306	27852314	71	5	30	pips_l400_r40_500-8000.hdf5	left	right
2786.2866	1	Stimulus/S  1	1	27862866	27862874	72	0	20	pips_l400_r40_500-8000.hdf5	left	right
2787.3319	1	Stimulus/S  1	1	27873319	27873327	72	1	40	pips_l400_r40_500-8000.hdf5	left	right
2788.3986	1	Stimulus/S  1	1	27883986	27883994	72	2	60	pips_l400_r40_500-8000.hdf5	left	right
2789.4546	1	Stimulus/S  1	1	27894546	27894554	72	3	70	pips_l400_r40_500-8000.hdf5	left	right
2790.5213	1	Stimulus/S  1	1	27905213	27905221	72	4	50	pips_l400_r40_500-8000.hdf5	left	right
2791.5666	1	Stimulus/S  1	1	27915666	27915674	72	5	30	pips_l400_r40_500-8000.hdf5	left	right
2792.6333	1	Stimulus/S  1	1	27926333	27926341	73	0	20	pips_l400_r40_500-8000.hdf5	left	right
2793.7	1	Stimulus/S  1	1	27937000	27937008	73	1	40	pips_l400_r40_500-8000.hdf5	left	right
2794.7667	1	Stimulus/S  1	1	27947667	27947675	73	2	60	pips_l400_r40_500-8000.hdf5	left	right
2795.8333	1	Stimulus/S  1	1	27958333	27958341	73	3	70	pips_l400_r40_500-8000.hdf5	left	right
2796.9	1	Stimulus/S  1	1	27969000	27969008	73	4	50	pips_l400_r40_500-8000.hdf5	left	right
2797.9667	1	Stimulus/S  1	1	27979667	27979675	73	5	30	pips_l400_r40_500-8000.hdf5	left	right
2799.0227	1	Stimulus/S  1	1	27990227	27990235	74	0	20	pips_l400_r40_500-8000.hdf5	left	right
2800.0894	1	Stimulus/S  1	1	28000894	28000902	74	1	40	pips_l400_r40_500-8000.hdf5	left	right
2801.1347	1	Stimulus/S  1	1	28011347	28011355	74	2	60	pips_l400_r40_500-8000.hdf5	left	right
2802.2014	1	Stimulus/S  1	1	28022014	28022022	74	3	70	pips_l400_r40_500-8000.hdf5	left	right
2803.2574	1	Stimulus/S  1	1	28032574	28032582	74	4	50	pips_l400_r40_500-8000.hdf5	left	right
2804.3028	1	Stimulus/S  1	1	28043028	28043036	74	5	30	pips_l400_r40_500-8000.hdf5	left	right
2805.3588	1	Stimulus/S  1	1	28053588	28053596	75	0	20	pips_l400_r40_500-8000.hdf5	left	right
2806.4041	1	Stimulus/S  1	1	28064041	28064049	75	1	40	pips_l400_r40_500-8000.hdf5	left	right
2807.4494	1	Stimulus/S  1	1	28074494	28074502	75	2	60	pips_l400_r40_500-8000.hdf5	left	right
2808.5055	1	Stimulus/S  1	1	28085055	28085063	75	3	70	pips_l400_r40_500-8000.hdf5	left	right
2809.5508	1	Stimulus/S  1	1	28095508	28095516	75	4	50	pips_l400_r40_500-8000.hdf5	left	right
2810.6175	1	Stimulus/S  1	1	28106175	28106183	75	5	30	pips_l400_r40_500-8000.hdf5	left	right
2811.6735	1	Stimulus/S  1	1	28116735	28116743	76	0	20	pips_l400_r40_500-8000.hdf5	left	right
2812.7402	1	Stimulus/S  1	1	28127402	28127410	76	1	40	pips_l400_r40_500-8000.hdf5	left	right
2813.7855	1	Stimulus/S  1	1	28137855	28137863	76	2	60	pips_l400_r40_500-8000.hdf5	left	right
2814.8522	1	Stimulus/S  1	1	28148522	28148530	76	3	70	pips_l400_r40_500-8000.hdf5	left	right
2815.9189	1	Stimulus/S  1	1	28159189	28159197	76	4	50	pips_l400_r40_500-8000.hdf5	left	right
2816.9855	1	Stimulus/S  1	1	28169855	28169863	76	5	30	pips_l400_r40_500-8000.hdf5	left	right
2818.0522	1	Stimulus/S  1	1	28180522	28180530	77	0	20	pips_l400_r40_500-8000.hdf5	left	right
2819.1189	1	Stimulus/S  1	1	28191189	28191197	77	1	40	pips_l400_r40_500-8000.hdf5	left	right
2820.1856	1	Stimulus/S  1	1	28201856	28201864	77	2	60	pips_l400_r40_500-8000.hdf5	left	right
2821.2416	1	Stimulus/S  1	1	28212416	28212424	77	3	70	pips_l400_r40_500-8000.hdf5	left	right
2822.3083	1	Stimulus/S  1	1	28223083	28223091	77	4	50	pips_l400_r40_500-8000.hdf5	left	right
2823.3749	1	Stimulus/S  1	1	28233749	28233757	77	5	30	pips_l400_r40_500-8000.hdf5	left	right
2824.4203	1	Stimulus/S  1	1	28244203	28244211	78	0	20	pips_l400_r40_500-8000.hdf5	left	right
2825.4656	1	Stimulus/S  1	1	28254656	28254664	78	1	40	pips_l400_r40_500-8000.hdf5	left	right
2826.5216	1	Stimulus/S  1	1	28265216	28265224	78	2	60	pips_l400_r40_500-8000.hdf5	left	right
2827.567	1	Stimulus/S  1	1	28275670	28275678	78	3	70	pips_l400_r40_500-8000.hdf5	left	right
2828.623	1	Stimulus/S  1	1	28286230	28286238	78	4	50	pips_l400_r40_500-8000.hdf5	left	right
2829.6683	1	Stimulus/S  1	1	28296683	28296691	78	5	30	pips_l400_r40_500-8000.hdf5	left	right
2830.7243	1	Stimulus/S  1	1	28307243	28307251	79	0	20	pips_l400_r40_500-8000.hdf5	left	right
2831.7697	1	Stimulus/S  1	1	28317697	28317705	79	1	40	pips_l400_r40_500-8000.hdf5	left	right
2832.815	1	Stimulus/S  1	1	28328150	28328158	79	2	60	pips_l400_r40_500-8000.hdf5	left	right
2833.871	1	Stimulus/S  1	1	28338710	28338718	79	3	70	pips_l400_r40_500-8000.hdf5	left	right
2834.9377	1	Stimulus/S  1	1	28349377	28349385	79	4	50	pips_l400_r40_500-8000.hdf5	left	right
2835.9831	1	Stimulus/S  1	1	28359831	28359839	79	5	30	pips_l400_r40_500-8000.hdf5	left	right
2837.0391	1	Stimulus/S  1	1	28370391	28370399	80	0	20	pips_l400_r40_500-8000.hdf5	left	right
2838.0844	1	Stimulus/S  1	1	28380844	28380852	80	1	40	pips_l400_r40_500-8000.hdf5	left	right
2839.1511	1	Stimulus/S  1	1	28391511	28391519	80	2	60	pips_l400_r40_500-8000.hdf5	left	right
2840.2071	1	Stimulus/S  1	1	28402071	28402079	80	3	70	pips_l400_r40_500-8000.hdf5	left	right
2841.2738	1	Stimulus/S  1	1	28412738	28412746	80	4	50	pips_l400_r40_500-8000.hdf5	left	right
2842.3404	1	Stimulus/S  1	1	28423404	28423412	80	5	30	pips_l400_r40_500-8000.hdf5	left	right
2843.4071	1	Stimulus/S  1	1	28434071	28434079	81	0	20	pips_l400_r40_500-8000.hdf5	left	right
2844.4738	1	Stimulus/S  1	1	28444738	28444746	81	1	40	pips_l400_r40_500-8000.hdf5	left	right
2845.5405	1	Stimulus/S  1	1	28455405	28455413	81	2	60	pips_l400_r40_500-8000.hdf5	left	right
2846.6072	1	Stimulus/S  1	1	28466072	28466080	81	3	70	pips_l400_r40_500-8000.hdf5	left	right
2847.6525	1	Stimulus/S  1	1	28476525	28476533	81	4	50	pips_l400_r40_500-8000.hdf5	left	right
2848.7192	1	Stimulus/S  1	1	28487192	28487200	81	5	30	pips_l400_r40_500-8000.hdf5	left	right
2849.7752	1	Stimulus/S  1	1	28497752	28497760	82	0	20	pips_l400_r40_500-8000.hdf5	left	right
2850.8419	1	Stimulus/S  1	1	28508419	28508427	82	1	40	pips_l400_r40_500-8000.hdf5	left	right
2851.8872	1	Stimulus/S  1	1	28518872	28518880	82	2	60	pips_l400_r40_500-8000.hdf5	left	right
2852.9325	1	Stimulus/S  1	1	28529325	28529333	82	3	70	pips_l400_r40_500-8000.hdf5	left	right
2853.9886	1	Stimulus/S  1	1	28539886	28539894	82	4	50	pips_l400_r40_500-8000.hdf5	left	right
2855.0339	1	Stimulus/S  1	1	28550339	28550347	82	5	30	pips_l400_r40_500-8000.hdf5	left	right
2856.0899	1	Stimulus/S  1	1	28560899	28560907	83	0	20	pips_l400_r40_500-8000.hdf5	left	right
2857.1353	1	Stimulus/S  1	1	28571353	28571361	83	1	40	pips_l400_r40_500-8000.hdf5	left	right
2858.1913	1	Stimulus/S  1	1	28581913	28581921	83	2	60	pips_l400_r40_500-8000.hdf5	left	right
2859.2366	1	Stimulus/S  1	1	28592366	28592374	83	3	70	pips_l400_r40_500-8000.hdf5	left	right
2860.282	1	Stimulus/S  1	1	28602820	28602828	83	4	50	pips_l400_r40_500-8000.hdf5	left	right
2861.338	1	Stimulus/S  1	1	28613380	28613388	83	5	30	pips_l400_r40_500-8000.hdf5	left	right
2862.3833	1	Stimulus/S  1	1	28623833	28623841	84	0	20	pips_l400_r40_500-8000.hdf5	left	right
2863.45	1	Stimulus/S  1	1	28634500	28634508	84	1	40	pips_l400_r40_500-8000.hdf5	left	right
2864.506	1	Stimulus/S  1	1	28645060	28645068	84	2	60	pips_l400_r40_500-8000.hdf5	left	right
2865.5727	1	Stimulus/S  1	1	28655727	28655735	84	3	70	pips_l400_r40_500-8000.hdf5	left	right
2866.618	1	Stimulus/S  1	1	28666180	28666188	84	4	50	pips_l400_r40_500-8000.hdf5	left	right
2867.6847	1	Stimulus/S  1	1	28676847	28676855	84	5	30	pips_l400_r40_500-8000.hdf5	left	right
2868.7514	1	Stimulus/S  1	1	28687514	28687522	85	0	20	pips_l400_r40_500-8000.hdf5	left	right
2869.8074	1	Stimulus/S  1	1	28698074	28698082	85	1	40	pips_l400_r40_500-8000.hdf5	left	right
2870.8741	1	Stimulus/S  1	1	28708741	28708749	85	2	60	pips_l400_r40_500-8000.hdf5	left	right
2871.9407	1	Stimulus/S  1	1	28719407	28719415	85	3	70	pips_l400_r40_500-8000.hdf5	left	right
2873.0074	1	Stimulus/S  1	1	28730074	28730082	85	4	50	pips_l400_r40_500-8000.hdf5	left	right
2874.0528	1	Stimulus/S  1	1	28740528	28740536	85	5	30	pips_l400_r40_500-8000.hdf5	left	right
2875.1194	1	Stimulus/S  1	1	28751194	28751202	86	0	20	pips_l400_r40_500-8000.hdf5	left	right
2876.1861	1	Stimulus/S  1	1	28761861	28761869	86	1	40	pips_l400_r40_500-8000.hdf5	left	right
2877.2528	1	Stimulus/S  1	1	28772528	28772536	86	2	60	pips_l400_r40_500-8000.hdf5	left	right
2878.3195	1	Stimulus/S  1	1	28783195	28783203	86	3	70	pips_l400_r40_500-8000.hdf5	left	right
2879.3755	1	Stimulus/S  1	1	28793755	28793763	86	4	50	pips_l400_r40_500-8000.hdf5	left	right
2880.4421	1	Stimulus/S  1	1	28804421	28804429	86	5	30	pips_l400_r40_500-8000.hdf5	left	right
2881.4875	1	Stimulus/S  1	1	28814875	28814883	87	0	20	pips_l400_r40_500-8000.hdf5	left	right
2882.5542	1	Stimulus/S  1	1	28825542	28825550	87	1	40	pips_l400_r40_500-8000.hdf5	left	right
2883.5995	1	Stimulus/S  1	1	28835995	28836003	87	2	60	pips_l400_r40_500-8000.hdf5	left	right
2884.6555	1	Stimulus/S  1	1	28846555	28846563	87	3	70	pips_l400_r40_500-8000.hdf5	left	right
2885.7009	1	Stimulus/S  1	1	28857009	28857017	87	4	50	pips_l400_r40_500-8000.hdf5	left	right
2886.7569	1	Stimulus/S  1	1	28867569	28867577	87	5	30	pips_l400_r40_500-8000.hdf5	left	right
2887.8022	1	Stimulus/S  1	1	28878022	28878030	88	0	20	pips_l400_r40_500-8000.hdf5	left	right
2888.8582	1	Stimulus/S  1	1	28888582	28888590	88	1	40	pips_l400_r40_500-8000.hdf5	left	right
2889.9036	1	Stimulus/S  1	1	28899036	28899044	88	2	60	pips_l400_r40_500-8000.hdf5	left	right
2890.9596	1	Stimulus/S  1	1	28909596	28909604	88	3	70	pips_l400_r40_500-8000.hdf5	left	right
2892.0049	1	Stimulus/S  1	1	28920049	28920057	88	4	50	pips_l400_r40_500-8000.hdf5	left	right
2893.0716	1	Stimulus/S  1	1	28930716	28930724	88	5	30	pips_l400_r40_500-8000.hdf5	left	right
2894.1169	1	Stimulus/S  1	1	28941169	28941177	89	0	20	pips_l400_r40_500-8000.hdf5	left	right
2895.1836	1	Stimulus/S  1	1	28951836	28951844	89	1	40	pips_l400_r40_500-8000.hdf5	left	right
2896.2396	1	Stimulus/S  1	1	28962396	28962404	89	2	60	pips_l400_r40_500-8000.hdf5	left	right
2897.3063	1	Stimulus/S  1	1	28973063	28973071	89	3	70	pips_l400_r40_500-8000.hdf5	left	right
2898.373	1	Stimulus/S  1	1	28983730	28983738	89	4	50	pips_l400_r40_500-8000.hdf5	left	right
2899.4183	1	Stimulus/S  1	1	28994183	28994191	89	5	30	pips_l400_r40_500-8000.hdf5	left	right
2900.485	1	Stimulus/S  1	1	29004850	29004858	90	0	20	pips_l400_r40_500-8000.hdf5	left	right
2901.541	1	Stimulus/S  1	1	29015410	29015418	90	1	40	pips_l400_r40_500-8000.hdf5	left	right
2902.6077	1	Stimulus/S  1	1	29026077	29026085	90	2	60	pips_l400_r40_500-8000.hdf5	left	right
2903.6744	1	Stimulus/S  1	1	29036744	29036752	90	3	70	pips_l400_r40_500-8000.hdf5	left	right
2904.7197	1	Stimulus/S  1	1	29047197	29047205	90	4	50	pips_l400_r40_500-8000.hdf5	left	right
2905.7864	1	Stimulus/S  1	1	29057864	29057872	90	5	30	pips_l400_r40_500-8000.hdf5	left	right
2906.8424	1	Stimulus/S  1	1	29068424	29068432	91	0	20	pips_l400_r40_500-8000.hdf5	left	right
2907.9091	1	Stimulus/S  1	1	29079091	29079099	91	1	40	pips_l400_r40_500-8000.hdf5	left	right
2908.9757	1	Stimulus/S  1	1	29089757	29089765	91	2	60	pips_l400_r40_500-8000.hdf5	left	right
2910.0424	1	Stimulus/S  1	1	29100424	29100432	91	3	70	pips_l400_r40_500-8000.hdf5	left	right
2911.1091	1	Stimulus/S  1	1	29111091	29111099	91	4	50	pips_l400_r40_500-8000.hdf5	left	right
2912.1758	1	Stimulus/S  1	1	29121758	29121766	91	5	30	pips_l400_r40_500-8000.hdf5	left	right
2913.2425	1	Stimulus/S  1	1	29132425	29132433	92	0	20	pips_l400_r40_500-8000.hdf5	left	right
2914.2878	1	Stimulus/S  1	1	29142878	29142886	92	1	40	pips_l400_r40_500-8000.hdf5	left	right
2915.3545	1	Stimulus/S  1	1	29153545	29153553	92	2	60	pips_l400_r40_500-8000.hdf5	left	right
2916.3998	1	Stimulus/S  1	1	29163998	29164006	92	3	70	pips_l400_r40_500-8000.hdf5	left	right
2917.4665	1	Stimulus/S  1	1	29174665	29174673	92	4	50	pips_l400_r40_500-8000.hdf5	left	right
2918.5332	1	Stimulus/S  1	1	29185332	29185340	92	5	30	pips_l400_r40_500-8000.hdf5	left	right
2919.5892	1	Stimulus/S  1	1	29195892	29195900	93	0	20	pips_l400_r40_500-8000.hdf5	left	right
2920.6559	1	Stimulus/S  1	1	29206559	29206567	93	1	40	pips_l400_r40_500-8000.hdf5	left	right
2921.7012	1	Stimulus/S  1	1	29217012	29217020	93	2	60	pips_l400_r40_500-8000.hdf5	left	right
2922.7679	1	Stimulus/S  1	1	29227679	29227687	93	3	70	pips_l400_r40_500-8000.hdf5	left	right
2923.8346	1	Stimulus/S  1	1	29238346	29238354	93	4	50	pips_l400_r40_500-8000.hdf5	left	right
2924.8906	1	Stimulus/S  1	1	29248906	29248914	93	5	30	pips_l400_r40_500-8000.hdf5	left	right
2925.9572	1	Stimulus/S  1	1	29259572	29259580	94	0	20	pips_l400_r40_500-8000.hdf5	left	right
2927.0026	1	Stimulus/S  1	1	29270026	29270034	94	1	40	pips_l400_r40_500-8000.hdf5	left	right
2928.0586	1	Stimulus/S  1	1	29280586	29280594	94	2	60	pips_l400_r40_500-8000.hdf5	left	right
2929.1039	1	Stimulus/S  1	1	29291039	29291047	94	3	70	pips_l400_r40_500-8000.hdf5	left	right
2930.16	1	Stimulus/S  1	1	29301600	29301608	94	4	50	pips_l400_r40_500-8000.hdf5	left	right
2931.2053	1	Stimulus/S  1	1	29312053	29312061	94	5	30	pips_l400_r40_500-8000.hdf5	left	right
2932.2506	1	Stimulus/S  1	1	29322506	29322514	95	0	20	pips_l400_r40_500-8000.hdf5	left	right
2933.3066	1	Stimulus/S  1	1	29333066	29333074	95	1	40	pips_l400_r40_500-8000.hdf5	left	right
2934.352	1	Stimulus/S  1	1	29343520	29343528	95	2	60	pips_l400_r40_500-8000.hdf5	left	right
2935.408	1	Stimulus/S  1	1	29354080	29354088	95	3	70	pips_l400_r40_500-8000.hdf5	left	right
2936.4533	1	Stimulus/S  1	1	29364533	29364541	95	4	50	pips_l400_r40_500-8000.hdf5	left	right
2937.52	1	Stimulus/S  1	1	29375200	29375208	95	5	30	pips_l400_r40_500-8000.hdf5	left	right
2938.5867	1	Stimulus/S  1	1	29385867	29385875	96	0	20	pips_l400_r40_500-8000.hdf5	left	right
2939.6534	1	Stimulus/S  1	1	29396534	29396542	96	1	40	pips_l400_r40_500-8000.hdf5	left	right
2940.7201	1	Stimulus/S  1	1	29407201	29407209	96	2	60	pips_l400_r40_500-8000.hdf5	left	right
2941.7867	1	Stimulus/S  1	1	29417867	29417875	96	3	70	pips_l400_r40_500-8000.hdf5	left	right
2942.8534	1	Stimulus/S  1	1	29428534	29428542	96	4	50	pips_l400_r40_500-8000.hdf5	left	right
2943.9201	1	Stimulus/S  1	1	29439201	29439209	96	5	30	pips_l400_r40_500-8000.hdf5	left	right
2944.9868	1	Stimulus/S  1	1	29449868	29449876	97	0	20	pips_l400_r40_500-8000.hdf5	left	right
2946.0534	1	Stimulus/S  1	1	29460534	29460542	97	1	40	pips_l400_r40_500-8000.hdf5	left	right
2947.1201	1	Stimulus/S  1	1	29471201	29471209	97	2	60	pips_l400_r40_500-8000.hdf5	left	right
2948.1868	1	Stimulus/S  1	1	29481868	29481876	97	3	70	pips_l400_r40_500-8000.hdf5	left	right
2949.2535	1	Stimulus/S  1	1	29492535	29492543	97	4	50	pips_l400_r40_500-8000.hdf5	left	right
2950.3201	1	Stimulus/S  1	1	29503201	29503209	97	5	30	pips_l400_r40_500-8000.hdf5	left	right
2951.3868	1	Stimulus/S  1	1	29513868	29513876	98	0	20	pips_l400_r40_500-8000.hdf5	left	right
2952.4535	1	Stimulus/S  1	1	29524535	29524543	98	1	40	pips_l400_r40_500-8000.hdf5	left	right
2953.5202	1	Stimulus/S  1	1	29535202	29535210	98	2	60	pips_l400_r40_500-8000.hdf5	left	right
2954.5868	1	Stimulus/S  1	1	29545868	29545876	98	3	70	pips_l400_r40_500-8000.hdf5	left	right
2955.6429	1	Stimulus/S  1	1	29556429	29556437	98	4	50	pips_l400_r40_500-8000.hdf5	left	right
2956.6882	1	Stimulus/S  1	1	29566882	29566890	98	5	30	pips_l400_r40_500-8000.hdf5	left	right
2957.7442	1	Stimulus/S  1	1	29577442	29577450	99	0	20	pips_l400_r40_500-8000.hdf5	left	right
2958.7896	1	Stimulus/S  1	1	29587896	29587904	99	1	40	pips_l400_r40_500-8000.hdf5	left	right
2959.8349	1	Stimulus/S  1	1	29598349	29598357	99	2	60	pips_l400_r40_500-8000.hdf5	left	right
2960.8909	1	Stimulus/S  1	1	29608909	29608917	99	3	70	pips_l400_r40_500-8000.hdf5	left	right
2961.9363	1	Stimulus/S  1	1	29619363	29619371	99	4	50	pips_l400_r40_500-8000.hdf5	left	right
2963.0029	1	Stimulus/S  1	1	29630029	29630037	99	5	30	pips_l400_r40_500-8000.hdf5	left	right
2964.0589	1	Stimulus/S  1	1	29640589	29640597	100	0	20	pips_l400_r40_500-8000.hdf5	left	right
2965.1256	1	Stimulus/S  1	1	29651256	29651264	100	1	40	pips_l400_r40_500-8000.hdf5	left	right
2966.171	1	Stimulus/S  1	1	29661710	29661718	100	2	60	pips_l400_r40_500-8000.hdf5	left	right
2967.2376	1	Stimulus/S  1	1	29672376	29672384	100	3	70	pips_l400_r40_500-8000.hdf5	left	right
2968.3043	1	Stimulus/S  1	1	29683043	29683051	100	4	50	pips_l400_r40_500-8000.hdf5	left	right
2969.371	1	Stimulus/S  1	1	29693710	29693718	100	5	30	pips_l400_r40_500-8000.hdf5	left	right
2970.4377	1	Stimulus/S  1	1	29704377	29704385	101	0	20	pips_l400_r40_500-8000.hdf5	left	right
2971.5043	1	Stimulus/S  1	1	29715043	29715051	101	1	40	pips_l400_r40_500-8000.hdf5	left	right
2972.571	1	Stimulus/S  1	1	29725710	29725718	101	2	60	pips_l400_r40_500-8000.hdf5	left	right
2973.6377	1	Stimulus/S  1	1	29736377	29736385	101	3	70	pips_l400_r40_500-8000.hdf5	left	right
2974.7044	1	Stimulus/S  1	1	29747044	29747052	101	4	50	pips_l400_r40_500-8000.hdf5	left	right
2975.7711	1	Stimulus/S  1	1	29757711	29757719	101	5	30	pips_l400_r40_500-8000.hdf5	left	right
2976.8377	1	Stimulus/S  1	1	29768377	29768385	102	0	20	pips_l400_r40_500-8000.hdf5	left	right
2977.9044	1	Stimulus/S  1	1	29779044	29779052	102	1	40	pips_l400_r40_500-8000.hdf5	left	right
2978.9711	1	Stimulus/S  1	1	29789711	29789719	102	2	60	pips_l400_r40_500-8000.hdf5	left	right
2980.0378	1	Stimulus/S  1	1	29800378	29800386	102	3	70	pips_l400_r40_500-8000.hdf5	left	right
2981.1044	1	Stimulus/S  1	1	29811044	29811052	102	4	50	pips_l400_r40_500-8000.hdf5	left	right
2982.1711	1	Stimulus/S  1	1	29821711	29821719	102	5	30	pips_l400_r40_500-8000.hdf5	left	right
2983.2271	1	Stimulus/S  1	1	29832271	29832279	103	0	20	pips_l400_r40_500-8000.hdf5	left	right
2984.2725	1	Stimulus/S  1	1	29842725	29842733	103	1	40	pips_l400_r40_500-8000.hdf5	left	right
2985.3178	1	Stimulus/S  1	1	29853178	29853186	103	2	60	pips_l400_r40_500-8000.hdf5	left	right
2986.3738	1	Stimulus/S  1	1	29863738	29863746	103	3	70	pips_l400_r40_500-8000.hdf5	left	right
2987.4192	1	Stimulus/S  1	1	29874192	29874200	103	4	50	pips_l400_r40_500-8000.hdf5	left	right
2988.4752	1	Stimulus/S  1	1	29884752	29884760	103	5	30	pips_l400_r40_500-8000.hdf5	left	right
2989.5205	1	Stimulus/S  1	1	29895205	29895213	104	0	20	pips_l400_r40_500-8000.hdf5	left	right
2990.5765	1	Stimulus/S  1	1	29905765	29905773	104	1	40	pips_l400_r40_500-8000.hdf5	left	right
2991.6219	1	Stimulus/S  1	1	29916219	29916227	104	2	60	pips_l400_r40_500-8000.hdf5	left	right
2992.6779	1	Stimulus/S  1	1	29926779	29926787	104	3	70	pips_l400_r40_500-8000.hdf5	left	right
2993.7232	1	Stimulus/S  1	1	29937232	29937240	104	4	50	pips_l400_r40_500-8000.hdf5	left	right
2994.7686	1	Stimulus/S  1	1	29947686	29947694	104	5	30	pips_l400_r40_500-8000.hdf5	left	right
2995.8246	1	Stimulus/S  1	1	29958246	29958254	105	0	20	pips_l400_r40_500-8000.hdf5	left	right
2996.8699	1	Stimulus/S  1	1	29968699	29968707	105	1	40	pips_l400_r40_500-8000.hdf5	left	right
2997.9259	1	Stimulus/S  1	1	29979259	29979267	105	2	60	pips_l400_r40_500-8000.hdf5	left	right
2998.9713	1	Stimulus/S  1	1	29989713	29989721	105	3	70	pips_l400_r40_500-8000.hdf5	left	right
3000.0379	1	Stimulus/S  1	1	30000379	30000387	105	4	50	pips_l400_r40_500-8000.hdf5	left	right
3001.094	1	Stimulus/S  1	1	30010940	30010948	105	5	30	pips_l400_r40_500-8000.hdf5	left	right
3002.1606	1	Stimulus/S  1	1	30021606	30021614	106	0	20	pips_l400_r40_500-8000.hdf5	left	right
3003.2273	1	Stimulus/S  1	1	30032273	30032281	106	1	40	pips_l400_r40_500-8000.hdf5	left	right
3004.2727	1	Stimulus/S  1	1	30042727	30042735	106	2	60	pips_l400_r40_500-8000.hdf5	left	right
3005.3393	1	Stimulus/S  1	1	30053393	30053401	106	3	70	pips_l400_r40_500-8000.hdf5	left	right
3006.3847	1	Stimulus/S  1	1	30063847	30063855	106	4	50	pips_l400_r40_500-8000.hdf5	left	right
3007.4514	1	Stimulus/S  1	1	30074514	30074522	106	5	30	pips_l400_r40_500-8000.hdf5	left	right
3008.518	1	Stimulus/S  1	1	30085180	30085188	107	0	20	pips_l400_r40_500-8000.hdf5	left	right
3009.574	1	Stimulus/S  1	1	30095740	30095748	107	1	40	pips_l400_r40_500-8000.hdf5	left	right
3010.6407	1	Stimulus/S  1	1	30106407	30106415	107	2	60	pips_l400_r40_500-8000.hdf5	left	right
3011.6861	1	Stimulus/S  1	1	30116861	30116869	107	3	70	pips_l400_r40_500-8000.hdf5	left	right
3012.7527	1	Stimulus/S  1	1	30127527	30127535	107	4	50	pips_l400_r40_500-8000.hdf5	left	right
3013.8194	1	Stimulus/S  1	1	30138194	30138202	107	5	30	pips_l400_r40_500-8000.hdf5	left	right
3014.8754	1	Stimulus/S  1	1	30148754	30148762	108	0	20	pips_l400_r40_500-8000.hdf5	left	right
3015.9421	1	Stimulus/S  1	1	30159421	30159429	108	1	40	pips_l400_r40_500-8000.hdf5	left	right
3016.9874	1	Stimulus/S  1	1	30169874	30169882	108	2	60	pips_l400_r40_500-8000.hdf5	left	right
3018.0541	1	Stimulus/S  1	1	30180541	30180549	108	3	70	pips_l400_r40_500-8000.hdf5	left	right
3019.1208	1	Stimulus/S  1	1	30191208	30191216	108	4	50	pips_l400_r40_500-8000.hdf5	left	right
3020.1768	1	Stimulus/S  1	1	30201768	30201776	108	5	30	pips_l400_r40_500-8000.hdf5	left	right
3021.2435	1	Stimulus/S  1	1	30212435	30212443	109	0	20	pips_l400_r40_500-8000.hdf5	left	right
3022.3102	1	Stimulus/S  1	1	30223102	30223110	109	1	40	pips_l400_r40_500-8000.hdf5	left	right
3023.3768	1	Stimulus/S  1	1	30233768	30233776	109	2	60	pips_l400_r40_500-8000.hdf5	left	right
3024.4222	1	Stimulus/S  1	1	30244222	30244230	109	3	70	pips_l400_r40_500-8000.hdf5	left	right
3025.4889	1	Stimulus/S  1	1	30254889	30254897	109	4	50	pips_l400_r40_500-8000.hdf5	left	right
3026.5555	1	Stimulus/S  1	1	30265555	30265563	109	5	30	pips_l400_r40_500-8000.hdf5	left	right
3027.6222	1	Stimulus/S  1	1	30276222	30276230	110	0	20	pips_l400_r40_500-8000.hdf5	left	right
3028.6889	1	Stimulus/S  1	1	30286889	30286897	110	1	40	pips_l400_r40_500-8000.hdf5	left	right
3029.7556	1	Stimulus/S  1	1	30297556	30297564	110	2	60	pips_l400_r40_500-8000.hdf5	left	right
3030.8222	1	Stimulus/S  1	1	30308222	30308230	110	3	70	pips_l400_r40_500-8000.hdf5	left	right
3031.8889	1	Stimulus/S  1	1	30318889	30318897	110	4	50	pips_l400_r40_500-8000.hdf5	left	right
3032.9556	1	Stimulus/S  1	1	30329556	30329564	110	5	30	pips_l400_r40_500-8000.hdf5	left	right
3034.0223	1	Stimulus/S  1	1	30340223	30340231	111	0	20	pips_l400_r40_500-8000.hdf5	left	right
3035.0889	1	Stimulus/S  1	1	30350889	30350897	111	1	40	pips_l400_r40_500-8000.hdf5	left	right
3036.1556	1	Stimulus/S  1	1	30361556	30361564	111	2	60	pips_l400_r40_500-8000.hdf5	left	right
3037.2223	1	Stimulus/S  1	1	30372223	30372231	111	3	70	pips_l400_r40_500-8000.hdf5	left	right
3038.289	1	Stimulus/S  1	1	30382890	30382898	111	4	50	pips_l400_r40_500-8000.hdf5	left	right
3039.3557	1	Stimulus/S  1	1	30393557	30393565	111	5	30	pips_l400_r40_500-8000.hdf5	left	right
3040.4223	1	Stimulus/S  1	1	30404223	30404231	112	0	20	pips_l400_r40_500-8000.hdf5	left	right
3041.489	1	Stimulus/S  1	1	30414890	30414898	112	1	40	pips_l400_r40_500-8000.hdf5	left	right
3042.5557	1	Stimulus/S  1	1	30425557	30425565	112	2	60	pips_l400_r40_500-8000.hdf5	left	right
3043.6224	1	Stimulus/S  1	1	30436224	30436232	112	3	70	pips_l400_r40_500-8000.hdf5	left	right
3044.689	1	Stimulus/S  1	1	30446890	30446898	112	4	50	pips_l400_r40_500-8000.hdf5	left	right
3045.7557	1	Stimulus/S  1	1	30457557	30457565	112	5	30	pips_l400_r40_500-8000.hdf5	left	right
3046.8224	1	Stimulus/S  1	1	30468224	30468232	113	0	20	pips_l400_r40_500-8000.hdf5	left	right
3047.8891	1	Stimulus/S  1	1	30478891	30478899	113	1	40	pips_l400_r40_500-8000.hdf5	left	right
3048.9557	1	Stimulus/S  1	1	30489557	30489565	113	2	60	pips_l400_r40_500-8000.hdf5	left	right
3050.0224	1	Stimulus/S  1	1	30500224	30500232	113	3	70	pips_l400_r40_500-8000.hdf5	left	right
3051.0891	1	Stimulus/S  1	1	30510891	30510899	113	4	50	pips_l400_r40_500-8000.hdf5	left	right
3052.1558	1	Stimulus/S  1	1	30521558	30521566	113	5	30	pips_l400_r40_500-8000.hdf5	left	right
3053.2225	1	Stimulus/S  1	1	30532225	30532233	114	0	20	pips_l400_r40_500-8000.hdf5	left	right
3054.2891	1	Stimulus/S  1	1	30542891	30542899	114	1	40	pips_l400_r40_500-8000.hdf5	left	right
3055.3451	1	Stimulus/S  1	1	30553451	30553459	114	2	60	pips_l400_r40_500-8000.hdf5	left	right
3056.3905	1	Stimulus/S  1	1	30563905	30563913	114	3	70	pips_l400_r40_500-8000.hdf5	left	right
3057.4358	1	Stimulus/S  1	1	30574358	30574366	114	4	50	pips_l400_r40_500-8000.hdf5	left	right
3058.5025	1	Stimulus/S  1	1	30585025	30585033	114	5	30	pips_l400_r40_500-8000.hdf5	left	right
3059.5585	1	Stimulus/S  1	1	30595585	30595593	115	0	20	pips_l400_r40_500-8000.hdf5	left	right
3060.6039	1	Stimulus/S  1	1	30606039	30606047	115	1	40	pips_l400_r40_500-8000.hdf5	left	right
3061.6599	1	Stimulus/S  1	1	30616599	30616607	115	2	60	pips_l400_r40_500-8000.hdf5	left	right
3062.7052	1	Stimulus/S  1	1	30627052	30627060	115	3	70	pips_l400_r40_500-8000.hdf5	left	right
3063.7612	1	Stimulus/S  1	1	30637612	30637620	115	4	50	pips_l400_r40_500-8000.hdf5	left	right
3064.8066	1	Stimulus/S  1	1	30648066	30648074	115	5	30	pips_l400_r40_500-8000.hdf5	left	right
3065.8519	1	Stimulus/S  1	1	30658519	30658527	116	0	20	pips_l400_r40_500-8000.hdf5	left	right
3066.9079	1	Stimulus/S  1	1	30669079	30669087	116	1	40	pips_l400_r40_500-8000.hdf5	left	right
3067.9533	1	Stimulus/S  1	1	30679533	30679541	116	2	60	pips_l400_r40_500-8000.hdf5	left	right
3069.0093	1	Stimulus/S  1	1	30690093	30690101	116	3	70	pips_l400_r40_500-8000.hdf5	left	right
3070.0546	1	Stimulus/S  1	1	30700546	30700554	116	4	50	pips_l400_r40_500-8000.hdf5	left	right
3071.1106	1	Stimulus/S  1	1	30711106	30711114	116	5	30	pips_l400_r40_500-8000.hdf5	left	right
3072.156	1	Stimulus/S  1	1	30721560	30721568	117	0	20	pips_l400_r40_500-8000.hdf5	left	right
3073.212	1	Stimulus/S  1	1	30732120	30732128	117	1	40	pips_l400_r40_500-8000.hdf5	left	right
3074.2573	1	Stimulus/S  1	1	30742573	30742581	117	2	60	pips_l400_r40_500-8000.hdf5	left	right
3075.3027	1	Stimulus/S  1	1	30753027	30753035	117	3	70	pips_l400_r40_500-8000.hdf5	left	right
3076.3587	1	Stimulus/S  1	1	30763587	30763595	117	4	50	pips_l400_r40_500-8000.hdf5	left	right
3077.404	1	Stimulus/S  1	1	30774040	30774048	117	5	30	pips_l400_r40_500-8000.hdf5	left	right
3078.46	1	Stimulus/S  1	1	30784600	30784608	118	0	20	pips_l400_r40_500-8000.hdf5	left	right
3079.5054	1	Stimulus/S  1	1	30795054	30795062	118	1	40	pips_l400_r40_500-8000.hdf5	left	right
3080.5614	1	Stimulus/S  1	1	30805614	30805622	118	2	60	pips_l400_r40_500-8000.hdf5	left	right
3081.6067	1	Stimulus/S  1	1	30816067	30816075	118	3	70	pips_l400_r40_500-8000.hdf5	left	right
3082.6627	1	Stimulus/S  1	1	30826627	30826635	118	4	50	pips_l400_r40_500-8000.hdf5	left	right
3083.7081	1	Stimulus/S  1	1	30837081	30837089	118	5	30	pips_l400_r40_500-8000.hdf5	left	right
3084.7534	1	Stimulus/S  1	1	30847534	30847542	119	0	20	pips_l400_r40_500-8000.hdf5	left	right
3085.8094	1	Stimulus/S  1	1	30858094	30858102	119	1	40	pips_l400_r40_500-8000.hdf5	left	right
3086.8548	1	Stimulus/S  1	1	30868548	30868556	119	2	60	pips_l400_r40_500-8000.hdf5	left	right
3087.9108	1	Stimulus/S  1	1	30879108	30879116	119	3	70	pips_l400_r40_500-8000.hdf5	left	right
3088.9561	1	Stimulus/S  1	1	30889561	30889569	119	4	50	pips_l400_r40_500-8000.hdf5	left	right
3090.0121	1	Stimulus/S  1	1	30900121	30900129	119	5	30	pips_l400_r40_500-8000.hdf5	left	right
3091.0575	1	Stimulus/S  1	1	30910575	30910583	0	0	20	pips_l400_r40_500-8000.hdf5	left	right
3092.1028	1	Stimulus/S  1	1	30921028	30921036	0	1	40	pips_l400_r40_500-8000.hdf5	left	right
3093.1588	1	Stimulus/S  1	1	30931588	30931596	0	2	60	pips_l400_r40_500-8000.hdf5	left	right
3094.2042	1	Stimulus/S  1	1	30942042	30942050	0	3	70	pips_l400_r40_500-8000.hdf5	left	right
3095.2602	1	Stimulus/S  1	1	30952602	30952610	0	4	50	pips_l400_r40_500-8000.hdf5	left	right
3096.3055	1	Stimulus/S  1	1	30963055	30963063	0	5	30	pips_l400_r40_500-8000.hdf5	left	right
3097.3615	1	Stimulus/S  1	1	30973615	30973623	1	0	20	pips_l400_r40_500-8000.hdf5	left	right
3098.4069	1	Stimulus/S  1	1	30984069	30984077	1	1	40	pips_l400_r40_500-8000.hdf5	left	right
3099.4629	1	Stimulus/S  1	1	30994629	30994637	1	2	60	pips_l400_r40_500-8000.hdf5	left	right
3100.5082	1	Stimulus/S  1	1	31005082	31005090	1	3	70	pips_l400_r40_500-8000.hdf5	left	right
3101.5536	1	Stimulus/S  1	1	31015536	31015544	1	4	50	pips_l400_r40_500-8000.hdf5	left	right
3102.6096	1	Stimulus/S  1	1	31026096	31026104	1	5	30	pips_l400_r40_500-8000.hdf5	left	right
3103.6549	1	Stimulus/S  1	1	31036549	31036557	2	0	20	pips_l400_r40_500-8000.hdf5	left	right
3104.7109	1	Stimulus/S  1	1	31047109	31047117	2	1	40	pips_l400_r40_500-8000.hdf5	left	right
3105.7563	1	Stimulus/S  1	1	31057563	31057571	2	2	60	pips_l400_r40_500-8000.hdf5	left	right
3106.8123	1	Stimulus/S  1	1	31068123	31068131	2	3	70	pips_l400_r40_500-8000.hdf5	left	right
3107.8576	1	Stimulus/S  1	1	31078576	31078584	2	4	50	pips_l400_r40_500-8000.hdf5	left	right
3108.903	1	Stimulus/S  1	1	31089030	31089038	2	5	30	pips_l400_r40_500-8000.hdf5	left	right
3109.9697	1	Stimulus/S  1	1	31099697	31099705	3	0	20	pips_l400_r40_500-8000.hdf5	left	right
3111.0363	1	Stimulus/S  1	1	31110363	31110371	3	1	40	pips_l400_r40_500-8000.hdf5	left	right
3112.0923	1	Stimulus/S  1	1	31120923	31120931	3	2	60	pips_l400_r40_500-8000.hdf5	left	right
3113.159	1	Stimulus/S  1	1	31131590	31131598	3	3	70	pips_l400_r40_500-8000.hdf5	left	right
3114.2044	1	Stimulus/S  1	1	31142044	31142052	3	4	50	pips_l400_r40_500-8000.hdf5	left	right
3115.271	1	Stimulus/S  1	1	31152710	31152718	3	5	30	pips_l400_r40_500-8000.hdf5	left	right
3116.3377	1	Stimulus/S  1	1	31163377	31163385	4	0	20	pips_l400_r40_500-8000.hdf5	left	right
3117.4044	1	Stimulus/S  1	1	31174044	31174052	4	1	40	pips_l400_r40_500-8000.hdf5	left	right
3118.4711	1	Stimulus/S  1	1	31184711	31184719	4	2	60	pips_l400_r40_500-8000.hdf5	left	right
3119.5378	1	Stimulus/S  1	1	31195378	31195386	4	3	70	pips_l400_r40_500-8000.hdf5	left	right
3120.6044	1	Stimulus/S  1	1	31206044	31206052	4	4	50	pips_l400_r40_500-8000.hdf5	left	right
3121.6604	1	Stimulus/S  1	1	31216604	31216612	4	5	30	pips_l400_r40_500-8000.hdf5	left	right
3122.7271	1	Stimulus/S  1	1	31227271	31227279	5	0	20	pips_l400_r40_500-8000.hdf5	left	right
3123.7725	1	Stimulus/S  1	1	31237725	31237733	5	1	40	pips_l400_r40_500-8000.hdf5	left	right
3124.8391	1	Stimulus/S  1	1	31248391	31248399	5	2	60	pips_l400_r40_500-8000.hdf5	left	right
3125.8951	1	Stimulus/S  1	1	31258951	31258959	5	3	70	pips_l400_r40_500-8000.hdf5	left	right
3126.9405	1	Stimulus/S  1	1	31269405	31269413	5	4	50	pips_l400_r40_500-8000.hdf5	left	right
3127.9965	1	Stimulus/S  1	1	31279965	31279973	5	5	30	pips_l400_r40_500-8000.hdf5	left	right
3129.0418	1	Stimulus/S  1	1	31290418	31290426	6	0	20	pips_l400_r40_500-8000.hdf5	left	right
3130.0872	1	Stimulus/S  1	1	31300872	31300880	6	1	40	pips_l400_r40_500-8000.hdf5	left	right
3131.1432	1	Stimulus/S  1	1	31311432	31311440	6	2	60	pips_l400_r40_500-8000.hdf5	left	right
3132.1885	1	Stimulus/S  1	1	31321885	31321893	6	3	70	pips_l400_r40_500-8000.hdf5	left	right
3133.2445	1	Stimulus/S  1	1	31332445	31332453	6	4	50	pips_l400_r40_500-8000.hdf5	left	right
3134.2899	1	Stimulus/S  1	1	31342899	31342907	6	5	30	pips_l400_r40_500-8000.hdf5	left	right
3135.3566	1	Stimulus/S  1	1	31353566	31353574	7	0	20	pips_l400_r40_500-8000.hdf5	left	right
3136.4126	1	Stimulus/S  1	1	31364126	31364134	7	1	40	pips_l400_r40_500-8000.hdf5	left	right
3137.4793	1	Stimulus/S  1	1	31374793	31374801	7	2	60	pips_l400_r40_500-8000.hdf5	left	right
3138.5246	1	Stimulus/S  1	1	31385246	31385254	7	3	70	pips_l400_r40_500-8000.hdf5	left	right
3139.5913	1	Stimulus/S  1	1	31395913	31395921	7	4	50	pips_l400_r40_500-8000.hdf5	left	right
3140.658	1	Stimulus/S  1	1	31406580	31406588	7	5	30	pips_l400_r40_500-8000.hdf5	left	right
3141.7246	1	Stimulus/S  1	1	31417246	31417254	8	0	20	pips_l400_r40_500-8000.hdf5	left	right
3142.7913	1	Stimulus/S  1	1	31427913	31427921	8	1	40	pips_l400_r40_500-8000.hdf5	left	right
3143.858	1	Stimulus/S  1	1	31438580	31438588	8	2	60	pips_l400_r40_500-8000.hdf5	left	right
3144.9247	1	Stimulus/S  1	1	31449247	31449255	8	3	70	pips_l400_r40_500-8000.hdf5	left	right
3145.9807	1	Stimulus/S  1	1	31459807	31459815	8	4	50	pips_l400_r40_500-8000.hdf5	left	right
3147.0367	1	Stimulus/S  1	1	31470367	31470375	8	5	30	pips_l400_r40_500-8000.hdf5	left	right
3148.0927	1	Stimulus/S  1	1	31480927	31480935	9	0	20	pips_l400_r40_500-8000.hdf5	left	right
3149.1594	1	Stimulus/S  1	1	31491594	31491602	9	1	40	pips_l400_r40_500-8000.hdf5	left	right
3150.2047	1	Stimulus/S  1	1	31502047	31502055	9	2	60	pips_l400_r40_500-8000.hdf5	left	right
3151.2607	1	Stimulus/S  1	1	31512607	31512615	9	3	70	pips_l400_r40_500-8000.hdf5	left	right
3152.3061	1	Stimulus/S  1	1	31523061	31523069	9	4	50	pips_l400_r40_500-8000.hdf5	left	right
3153.3621	1	Stimulus/S  1	1	31533621	31533629	9	5	30	pips_l400_r40_500-8000.hdf5	left	right
3154.4074	1	Stimulus/S  1	1	31544074	31544082	10	0	20	pips_l400_r40_500-8000.hdf5	left	right
3155.4634	1	Stimulus/S  1	1	31554634	31554642	10	1	40	pips_l400_r40_500-8000.hdf5	left	right
3156.5088	1	Stimulus/S  1	1	31565088	31565096	10	2	60	pips_l400_r40_500-8000.hdf5	left	right
3157.5754	1	Stimulus/S  1	1	31575754	31575762	10	3	70	pips_l400_r40_500-8000.hdf5	left	right
3158.6208	1	Stimulus/S  1	1	31586208	31586216	10	4	50	pips_l400_r40_500-8000.hdf5	left	right
3159.6875	1	Stimulus/S  1	1	31596875	31596883	10	5	30	pips_l400_r40_500-8000.hdf5	left	right
3160.7435	1	Stimulus/S  1	1	31607435	31607443	11	0	20	pips_l400_r40_500-8000.hdf5	left	right
3161.8102	1	Stimulus/S  1	1	31618102	31618110	11	1	40	pips_l400_r40_500-8000.hdf5	left	right
3162.8768	1	Stimulus/S  1	1	31628768	31628776	11	2	60	pips_l400_r40_500-8000.hdf5	left	right
3163.9435	1	Stimulus/S  1	1	31639435	31639443	11	3	70	pips_l400_r40_500-8000.hdf5	left	right
3165.0102	1	Stimulus/S  1	1	31650102	31650110	11	4	50	pips_l400_r40_500-8000.hdf5	left	right
3166.0769	1	Stimulus/S  1	1	31660769	31660777	11	5	30	pips_l400_r40_500-8000.hdf5	left	right
3167.1435	1	Stimulus/S  1	1	31671435	31671443	12	0	20	pips_l400_r40_500-8000.hdf5	left	right
3168.1889	1	Stimulus/S  1	1	31681889	31681897	12	1	40	pips_l400_r40_500-8000.hdf5	left	right
3169.2556	1	Stimulus/S  1	1	31692556	31692564	12	2	60	pips_l400_r40_500-8000.hdf5	left	right
3170.3222	1	Stimulus/S  1	1	31703222	31703230	12	3	70	pips_l400_r40_500-8000.hdf5	left	right
3171.3782	1	Stimulus/S  1	1	31713782	31713790	12	4	50	pips_l400_r40_500-8000.hdf5	left	right
3172.4449	1	Stimulus/S  1	1	31724449	31724457	12	5	30	pips_l400_r40_500-8000.hdf5	left	right
3173.4903	1	Stimulus/S  1	1	31734903	31734911	13	0	20	pips_l400_r40_500-8000.hdf5	left	right
3174.5463	1	Stimulus/S  1	1	31745463	31745471	13	1	40	pips_l400_r40_500-8000.hdf5	left	right
3175.5916	1	Stimulus/S  1	1	31755916	31755924	13	2	60	pips_l400_r40_500-8000.hdf5	left	right
3176.6476	1	Stimulus/S  1	1	31766476	31766484	13	3	70	pips_l400_r40_500-8000.hdf5	left	right
3177.693	1	Stimulus/S  1	1	31776930	31776938	13	4	50	pips_l400_r40_500-8000.hdf5	left	right
3178.7383	1	Stimulus/S  1	1	31787383	31787391	13	5	30	pips_l400_r40_500-8000.hdf5	left	right
3179.7943	1	Stimulus/S  1	1	31797943	31797951	14	0	20	pips_l400_r40_500-8000.hdf5	left	right
3180.8397	1	Stimulus/S  1	1	31808397	31808405	14	1	40	pips_l400_r40_500-8000.hdf5	left	right
3181.8957	1	Stimulus/S  1	1	31818957	31818965	14	2	60	pips_l400_r40_500-8000.hdf5	left	right
3182.941	1	Stimulus/S  1	1	31829410	31829418	14	3	70	pips_l400_r40_500-8000.hdf5	left	right
3183.997	1	Stimulus/S  1	1	31839970	31839978	14	4	50	pips_l400_r40_500-8000.hdf5	left	right
3185.0424	1	Stimulus/S  1	1	31850424	31850432	14	5	30	pips_l400_r40_500-8000.hdf5	left	right
3186.0877	1	Stimulus/S  1	1	31860877	31860885	15	0	20	pips_l400_r40_500-8000.hdf5	left	right
3187.1437	1	Stimulus/S  1	1	31871437	31871445	15	1	40	pips_l400_r40_500-8000.hdf5	left	right
3188.2104	1	Stimulus/S  1	1	31882104	31882112	15	2	60	pips_l400_r40_500-8000.hdf5	left	right
3189.2557	1	Stimulus/S  1	1	31892557	31892565	15	3	70	pips_l400_r40_500-8000.hdf5	left	right
3190.3224	1	Stimulus/S  1	1	31903224	31903232	15	4	50	pips_l400_r40_500-8000.hdf5	left	right
3191.3891	1	Stimulus/S  1	1	31913891	31913899	15	5	30	pips_l400_r40_500-8000.hdf5	left	right
3192.4451	1	Stimulus/S  1	1	31924451	31924459	16	0	20	pips_l400_r40_500-8000.hdf5	left	right
3193.5118	1	Stimulus/S  1	1	31935118	31935126	16	1	40	pips_l400_r40_500-8000.hdf5	left	right
3194.5571	1	Stimulus/S  1	1	31945571	31945579	16	2	60	pips_l400_r40_500-8000.hdf5	left	right
3195.6238	1	Stimulus/S  1	1	31956238	31956246	16	3	70	pips_l400_r40_500-8000.hdf5	left	right
3196.6905	1	Stimulus/S  1	1	31966905	31966913	16	4	50	pips_l400_r40_500-8000.hdf5	left	right
3197.7572	1	Stimulus/S  1	1	31977572	31977580	16	5	30	pips_l400_r40_500-8000.hdf5	left	right
3198.8238	1	Stimulus/S  1	1	31988238	31988246	17	0	20	pips_l400_r40_500-8000.hdf5	left	right
3199.8905	1	Stimulus/S  1	1	31998905	31998913	17	1	40	pips_l400_r40_500-8000.hdf5	left	right
3200.9572	1	Stimulus/S  1	1	32009572	32009580	17	2	60	pips_l400_r40_500-8000.hdf5	left	right
3202.0132	1	Stimulus/S  1	1	32020132	32020140	17	3	70	pips_l400_r40_500-8000.hdf5	left	right
3203.0799	1	Stimulus/S  1	1	32030799	32030807	17	4	50	pips_l400_r40_500-8000.hdf5	left	right
3204.1252	1	Stimulus/S  1	1	32041252	32041260	17	5	30	pips_l400_r40_500-8000.hdf5	left	right
3205.1919	1	Stimulus/S  1	1	32051919	32051927	18	0	20	pips_l400_r40_500-8000.hdf5	left	right
3206.2479	1	Stimulus/S  1	1	32062479	32062487	18	1	40	pips_l400_r40_500-8000.hdf5	left	right
3207.2933	1	Stimulus/S  1	1	32072933	32072941	18	2	60	pips_l400_r40_500-8000.hdf5	left	right
3208.3599	1	Stimulus/S  1	1	32083599	32083607	18	3	70	pips_l400_r40_500-8000.hdf5	left	right
3209.4266	1	Stimulus/S  1	1	32094266	32094274	18	4	50	pips_l400_r40_500-8000.hdf5	left	right
3210.4719	1	Stimulus/S  1	1	32104719	32104727	18	5	30	pips_l400_r40_500-8000.hdf5	left	right
3211.5386	1	Stimulus/S  1	1	32115386	32115394	19	0	20	pips_l400_r40_500-8000.hdf5	left	right
3212.5946	1	Stimulus/S  1	1	32125946	32125954	19	1	40	pips_l400_r40_500-8000.hdf5	left	right
3213.6613	1	Stimulus/S  1	1	32136613	32136621	19	2	60	pips_l400_r40_500-8000.hdf5	left	right
3214.728	1	Stimulus/S  1	1	32147280	32147288	19	3	70	pips_l400_r40_500-8000.hdf5	left	right
3215.7947	1	Stimulus/S  1	1	32157947	32157955	19	4	50	pips_l400_r40_500-8000.hdf5	left	right
3216.8613	1	Stimulus/S  1	1	32168613	32168621	19	5	30	pips_l400_r40_500-8000.hdf5	left	right
3217.928	1	Stimulus/S  1	1	32179280	32179288	20	0	20	pips_l400_r40_500-8000.hdf5	left	right
3218.9947	1	Stimulus/S  1	1	32189947	32189955	20	1	40	pips_l400_r40_500-8000.hdf5	left	right
3220.0614	1	Stimulus/S  1	1	32200614	32200622	20	2	60	pips_l400_r40_500-8000.hdf5	left	right
3221.128	1	Stimulus/S  1	1	32211280	32211288	20	3	70	pips_l400_r40_500-8000.hdf5	left	right
3222.1947	1	Stimulus/S  1	1	32221947	32221955	20	4	50	pips_l400_r40_500-8000.hdf5	left	right
3223.2401	1	Stimulus/S  1	1	32232401	32232409	20	5	30	pips_l400_r40_500-8000.hdf5	left	right
3224.3067	1	Stimulus/S  1	1	32243067	32243075	21	0	20	pips_l400_r40_500-8000.hdf5	left	right
3225.3628	1	Stimulus/S  1	1	32253628	32253636	21	1	40	pips_l400_r40_500-8000.hdf5	left	right
3226.4294	1	Stimulus/S  1	1	32264294	32264302	21	2	60	pips_l400_r40_500-8000.hdf5	left	right
3227.4748	1	Stimulus/S  1	1	32274748	32274756	21	3	70	pips_l400_r40_500-8000.hdf5	left	right
3228.5308	1	Stimulus/S  1	1	32285308	32285316	21	4	50	pips_l400_r40_500-8000.hdf5	left	right
3229.5761	1	Stimulus/S  1	1	32295761	32295769	21	5	30	pips_l400_r40_500-8000.hdf5	left	right
3230.6215	1	Stimulus/S  1	1	32306215	32306223	22	0	20	pips_l400_r40_500-8000.hdf5	left	right
3231.6775	1	Stimulus/S  1	1	32316775	32316783	22	1	40	pips_l400_r40_500-8000.hdf5	left	right
3232.7442	1	Stimulus/S  1	1	32327442	32327450	22	2	60	pips_l400_r40_500-8000.hdf5	left	right
3233.7895	1	Stimulus/S  1	1	32337895	32337903	22	3	70	pips_l400_r40_500-8000.hdf5	left	right
3234.8562	1	Stimulus/S  1	1	32348562	32348570	22	4	50	pips_l400_r40_500-8000.hdf5	left	right
3235.9122	1	Stimulus/S  1	1	32359122	32359130	22	5	30	pips_l400_r40_500-8000.hdf5	left	right
3236.9789	1	Stimulus/S  1	1	32369789	32369797	23	0	20	pips_l400_r40_500-8000.hdf5	left	right
3238.0455	1	Stimulus/S  1	1	32380455	32380463	23	1	40	pips_l400_r40_500-8000.hdf5	left	right
3239.1122	1	Stimulus/S  1	1	32391122	32391130	23	2	60	pips_l400_r40_500-8000.hdf5	left	right
3240.1789	1	Stimulus/S  1	1	32401789	32401797	23	3	70	pips_l400_r40_500-8000.hdf5	left	right
3241.2456	1	Stimulus/S  1	1	32412456	32412464	23	4	50	pips_l400_r40_500-8000.hdf5	left	right
3242.3123	1	Stimulus/S  1	1	32423123	32423131	23	5	30	pips_l400_r40_500-8000.hdf5	left	right
3243.3576	1	Stimulus/S  1	1	32433576	32433584	24	0	20	pips_l400_r40_500-8000.hdf5	left	right
3244.4243	1	Stimulus/S  1	1	32444243	32444251	24	1	40	pips_l400_r40_500-8000.hdf5	left	right
3245.4803	1	Stimulus/S  1	1	32454803	32454811	24	2	60	pips_l400_r40_500-8000.hdf5	left	right
3246.547	1	Stimulus/S  1	1	32465470	32465478	24	3	70	pips_l400_r40_500-8000.hdf5	left	right
3247.5923	1	Stimulus/S  1	1	32475923	32475931	24	4	50	pips_l400_r40_500-8000.hdf5	left	right
3248.6483	1	Stimulus/S  1	1	32486483	32486491	24	5	30	pips_l400_r40_500-8000.hdf5	left	right
3249.6937	1	Stimulus/S  1	1	32496937	32496945	25	0	20	pips_l400_r40_500-8000.hdf5	left	right
3250.739	1	Stimulus/S  1	1	32507390	32507398	25	1	40	pips_l400_r40_500-8000.hdf5	left	right
3251.795	1	Stimulus/S  1	1	32517950	32517958	25	2	60	pips_l400_r40_500-8000.hdf5	left	right
3252.8404	1	Stimulus/S  1	1	32528404	32528412	25	3	70	pips_l400_r40_500-8000.hdf5	left	right
3253.8964	1	Stimulus/S  1	1	32538964	32538972	25	4	50	pips_l400_r40_500-8000.hdf5	left	right
3254.963	1	Stimulus/S  1	1	32549630	32549638	25	5	30	pips_l400_r40_500-8000.hdf5	left	right
3256.0084	1	Stimulus/S  1	1	32560084	32560092	26	0	20	pips_l400_r40_500-8000.hdf5	left	right
3257.0751	1	Stimulus/S  1	1	32570751	32570759	26	1	40	pips_l400_r40_500-8000.hdf5	left	right
3258.1311	1	Stimulus/S  1	1	32581311	32581319	26	2	60	pips_l400_r40_500-8000.hdf5	left	right
3259.1977	1	Stimulus/S  1	1	32591977	32591985	26	3	70	pips_l400_r40_500-8000.hdf5	left	right
3260.2644	1	Stimulus/S  1	1	32602644	32602652	26	4	50	pips_l400_r40_500-8000.hdf5	left	right
3261.3311	1	Stimulus/S  1	1	32613311	32613319	26	5	30	pips_l400_r40_500-8000.hdf5	left	right
3262.3978	1	Stimulus/S  1	1	32623978	32623986	27	0	20	pips_l400_r40_500-8000.hdf5	left	right
3263.4645	1	Stimulus/S  1	1	32634645	32634653	27	1	40	pips_l400_r40_500-8000.hdf5	left	right
3264.5311	1	Stimulus/S  1	1	32645311	32645319	27	2	60	pips_l400_r40_500-8000.hdf5	left	right
3265.5765	1	Stimulus/S  1	1	32655765	32655773	27	3	70	pips_l400_r40_500-8000.hdf5	left	right
3266.6431	1	Stimulus/S  1	1	32666431	32666439	27	4	50	pips_l400_r40_500-8000.hdf5	left	right
3267.6992	1	Stimulus/S  1	1	32676992	32677000	27	5	30	pips_l400_r40_500-8000.hdf5	left	right
3268.7658	1	Stimulus/S  1	1	32687658	32687666	28	0	20	pips_l400_r40_500-8000.hdf5	left	right
3269.8112	1	Stimulus/S  1	1	32698112	32698120	28	1	40	pips_l400_r40_500-8000.hdf5	left	right
3270.8565	1	Stimulus/S  1	1	32708565	32708573	28	2	60	pips_l400_r40_500-8000.hdf5	left	right
3271.9125	1	Stimulus/S  1	1	32719125	32719133	28	3	70	pips_l400_r40_500-8000.hdf5	left	right
3272.9579	1	Stimulus/S  1	1	32729579	32729587	28	4	50	pips_l400_r40_500-8000.hdf5	left	right
3274.0139	1	Stimulus/S  1	1	32740139	32740147	28	5	30	pips_l400_r40_500-8000.hdf5	left	right
3275.0592	1	Stimulus/S  1	1	32750592	32750600	29	0	20	pips_l400_r40_500-8000.hdf5	left	right
3276.1152	1	Stimulus/S  1	1	32761152	32761160	29	1	40	pips_l400_r40_500-8000.hdf5	left	right
3277.1819	1	Stimulus/S  1	1	32771819	32771827	29	2	60	pips_l400_r40_500-8000.hdf5	left	right
3278.2273	1	Stimulus/S  1	1	32782273	32782281	29	3	70	pips_l400_r40_500-8000.hdf5	left	right
3279.2939	1	Stimulus/S  1	1	32792939	32792947	29	4	50	pips_l400_r40_500-8000.hdf5	left	right
3280.3606	1	Stimulus/S  1	1	32803606	32803614	29	5	30	pips_l400_r40_500-8000.hdf5	left	right
3281.4273	1	Stimulus/S  1	1	32814273	32814281	30	0	20	pips_l400_r40_500-8000.hdf5	left	right
3282.494	1	Stimulus/S  1	1	32824940	32824948	30	1	40	pips_l400_r40_500-8000.hdf5	left	right
3283.5606	1	Stimulus/S  1	1	32835606	32835614	30	2	60	pips_l400_r40_500-8000.hdf5	left	right
3284.6273	1	Stimulus/S  1	1	32846273	32846281	30	3	70	pips_l400_r40_500-8000.hdf5	left	right
3285.6727	1	Stimulus/S  1	1	32856727	32856735	30	4	50	pips_l400_r40_500-8000.hdf5	left	right
3286.7287	1	Stimulus/S  1	1	32867287	32867295	30	5	30	pips_l400_r40_500-8000.hdf5	left	right
3287.774	1	Stimulus/S  1	1	32877740	32877748	31	0	20	pips_l400_r40_500-8000.hdf5	left	right
3288.83	1	Stimulus/S  1	1	32888300	32888308	31	1	40	pips_l400_r40_500-8000.hdf5	left	right
3289.8754	1	Stimulus/S  1	1	32898754	32898762	31	2	60	pips_l400_r40_500-8000.hdf5	left	right
3290.9314	1	Stimulus/S  1	1	32909314	32909322	31	3	70	pips_l400_r40_500-8000.hdf5	left	right
3291.9767	1	Stimulus/S  1	1	32919767	32919775	31	4	50	pips_l400_r40_500-8000.hdf5	left	right
3293.0327	1	Stimulus/S  1	1	32930327	32930335	31	5	30	pips_l400_r40_500-8000.hdf5	left	right
3294.0994	1	Stimulus/S  1	1	32940994	32941002	32	0	20	pips_l400_r40_500-8000.hdf5	left	right
3295.1448	1	Stimulus/S  1	1	32951448	32951456	32	1	40	pips_l400_r40_500-8000.hdf5	left	right
3296.2114	1	Stimulus/S  1	1	32962114	32962122	32	2	60	pips_l400_r40_500-8000.hdf5	left	right
3297.2568	1	Stimulus/S  1	1	32972568	32972576	32	3	70	pips_l400_r40_500-8000.hdf5	left	right
3298.3234	1	Stimulus/S  1	1	32983234	32983242	32	4	50	pips_l400_r40_500-8000.hdf5	left	right
3299.3901	1	Stimulus/S  1	1	32993901	32993909	32	5	30	pips_l400_r40_500-8000.hdf5	left	right
3300.4568	1	Stimulus/S  1	1	33004568	33004576	33	0	20	pips_l400_r40_500-8000.hdf5	left	right
3301.5235	1	Stimulus/S  1	1	33015235	33015243	33	1	40	pips_l400_r40_500-8000.hdf5	left	right
3302.5902	1	Stimulus/S  1	1	33025902	33025910	33	2	60	pips_l400_r40_500-8000.hdf5	left	right
3303.6568	1	Stimulus/S  1	1	33036568	33036576	33	3	70	pips_l400_r40_500-8000.hdf5	left	right
3304.7128	1	Stimulus/S  1	1	33047128	33047136	33	4	50	pips_l400_r40_500-8000.hdf5	left	right
3305.7795	1	Stimulus/S  1	1	33057795	33057803	33	5	30	pips_l400_r40_500-8000.hdf5	left	right
3306.8249	1	Stimulus/S  1	1	33068249	33068257	34	0	20	pips_l400_r40_500-8000.hdf5	left	right
3307.8915	1	Stimulus/S  1	1	33078915	33078923	34	1	40	pips_l400_r40_500-8000.hdf5	left	right
3308.9475	1	Stimulus/S  1	1	33089475	33089483	34	2	60	pips_l400_r40_500-8000.hdf5	left	right
3309.9929	1	Stimulus/S  1	1	33099929	33099937	34	3	70	pips_l400_r40_500-8000.hdf5	left	right
3311.0489	1	Stimulus/S  1	1	33110489	33110497	34	4	50	pips_l400_r40_500-8000.hdf5	left	right
3312.0942	1	Stimulus/S  1	1	33120942	33120950	34	5	30	pips_l400_r40_500-8000.hdf5	left	right
3313.1396	1	Stimulus/S  1	1	33131396	33131404	35	0	20	pips_l400_r40_500-8000.hdf5	left	right
3314.2169	1	Stimulus/S  1	1	33142169	33142177	35	1	40	pips_l400_r40_500-8000.hdf5	left	right
3315.2623	1	Stimulus/S  1	1	33152623	33152631	35	2	60	pips_l400_r40_500-8000.hdf5	left	right
3316.329	1	Stimulus/S  1	1	33163290	33163298	35	3	70	pips_l400_r40_500-8000.hdf5	left	right
3317.3743	1	Stimulus/S  1	1	33173743	33173751	35	4	50	pips_l400_r40_500-8000.hdf5	left	right
3318.441	1	Stimulus/S  1	1	33184410	33184418	35	5	30	pips_l400_r40_500-8000.hdf5	left	right
3319.5076	1	Stimulus/S  1	1	33195076	33195084	36	0	20	pips_l400_r40_500-8000.hdf5	left	right
3320.5743	1	Stimulus/S  1	1	33205743	33205751	36	1	40	pips_l400_r40_500-8000.hdf5	left	right
3321.641	1	Stimulus/S  1	1	33216410	33216418	36	2	60	pips_l400_r40_500-8000.hdf5	left	right
3322.7077	1	Stimulus/S  1	1	33227077	33227085	36	3	70	pips_l400_r40_500-8000.hdf5	left	right
3323.7637	1	Stimulus/S  1	1	33237637	33237645	36	4	50	pips_l400_r40_500-8000.hdf5	left	right
3324.809	1	Stimulus/S  1	1	33248090	33248098	36	5	30	pips_l400_r40_500-8000.hdf5	left	right
3325.865	1	Stimulus/S  1	1	33258650	33258658	37	0	20	pips_l400_r40_500-8000.hdf5	left	right
3326.9104	1	Stimulus/S  1	1	33269104	33269112	37	1	40	pips_l400_r40_500-8000.hdf5	left	right
3327.9664	1	Stimulus/S  1	1	33279664	33279672	37	2	60	pips_l400_r40_500-8000.hdf5	left	right
3329.0117	1	Stimulus/S  1	1	33290117	33290125	37	3	70	pips_l400_r40_500-8000.hdf5	left	right
3330.0571	1	Stimulus/S  1	1	33300571	33300579	37	4	50	pips_l400_r40_500-8000.hdf5	left	right
3331.1238	1	Stimulus/S  1	1	33311238	33311246	37	5	30	pips_l400_r40_500-8000.hdf5	left	right
3332.1798	1	Stimulus/S  1	1	33321798	33321806	38	0	20	pips_l400_r40_500-8000.hdf5	left	right
3333.2464	1	Stimulus/S  1	1	33332464	33332472	38	1	40	pips_l400_r40_500-8000.hdf5	left	right
3334.2918	1	Stimulus/S  1	1	33342918	33342926	38	2	60	pips_l400_r40_500-8000.hdf5	left	right
3335.3585	1	Stimulus/S  1	1	33353585	33353593	38	3	70	pips_l400_r40_500-8000.hdf5	left	right
3336.4251	1	Stimulus/S  1	1	33364251	33364259	38	4	50	pips_l400_r40_500-8000.hdf5	left	right
3337.4918	1	Stimulus/S  1	1	33374918	33374926	38	5	30	pips_l400_r40_500-8000.hdf5	left	right
3338.5478	1	Stimulus/S  1	1	33385478	33385486	39	0	20	pips_l400_r40_500-8000.hdf5	left	right
3339.6145	1	Stimulus/S  1	1	33396145	33396153	39	1	40	pips_l400_r40_500-8000.hdf5	left	right
3340.6812	1	Stimulus/S  1	1	33406812	33406820	39	2	60	pips_l400_r40_500-8000.hdf5	left	right
3341.7265	1	Stimulus/S  1	1	33417265	33417273	39	3	70	pips_l400_r40_500-8000.hdf5	left	right
3342.7825	1	Stimulus/S  1	1	33427825	33427833	39	4	50	pips_l400_r40_500-8000.hdf5	left	right
3343.8279	1	Stimulus/S  1	1	33438279	33438287	39	5	30	pips_l400_r40_500-8000.hdf5	left	right
3344.8839	1	Stimulus/S  1	1	33448839	33448847	40	0	20	pips_l400_r40_500-8000.hdf5	left	right
3345.9292	1	Stimulus/S  1	1	33459292	33459300	40	1	40	pips_l400_r40_500-8000.hdf5	left	right
3346.9746	1	Stimulus/S  1	1	33469746	33469754	40	2	60	pips_l400_r40_500-8000.hdf5	left	right
3348.0306	1	Stimulus/S  1	1	33480306	33480314	40	3	70	pips_l400_r40_500-8000.hdf5	left	right
3349.0759	1	Stimulus/S  1	1	33490759	33490767	40	4	50	pips_l400_r40_500-8000.hdf5	left	right
3350.1426	1	Stimulus/S  1	1	33501426	33501434	40	5	30	pips_l400_r40_500-8000.hdf5	left	right
3351.1986	1	Stimulus/S  1	1	33511986	33511994	41	0	20	pips_l400_r40_500-8000.hdf5	left	right
3352.2653	1	Stimulus/S  1	1	33522653	33522661	41	1	40	pips_l400_r40_500-8000.hdf5	left	right
3353.3106	1	Stimulus/S  1	1	33533106	33533114	41	2	60	pips_l400_r40_500-8000.hdf5	left	right
3354.3773	1	Stimulus/S  1	1	33543773	33543781	41	3	70	pips_l400_r40_500-8000.hdf5	left	right
3355.444	1	Stimulus/S  1	1	33554440	33554448	41	4	50	pips_l400_r40_500-8000.hdf5	left	right
3356.5107	1	Stimulus/S  1	1	33565107	33565115	41	5	30	pips_l400_r40_500-8000.hdf5	left	right
3357.5667	1	Stimulus/S  1	1	33575667	33575675	42	0	20	pips_l400_r40_500-8000.hdf5	left	right
3358.6334	1	Stimulus/S  1	1	33586334	33586342	42	1	40	pips_l400_r40_500-8000.hdf5	left	right
3359.6787	1	Stimulus/S  1	1	33596787	33596795	42	2	60	pips_l400_r40_500-8000.hdf5	left	right
3360.7454	1	Stimulus/S  1	1	33607454	33607462	42	3	70	pips_l400_r40_500-8000.hdf5	left	right
3361.7907	1	Stimulus/S  1	1	33617907	33617915	42	4	50	pips_l400_r40_500-8000.hdf5	left	right
3362.8467	1	Stimulus/S  1	1	33628467	33628475	42	5	30	pips_l400_r40_500-8000.hdf5	left	right
3363.8921	1	Stimulus/S  1	1	33638921	33638929	43	0	20	pips_l400_r40_500-8000.hdf5	left	right
3364.9481	1	Stimulus/S  1	1	33649481	33649489	43	1	40	pips_l400_r40_500-8000.hdf5	left	right
3365.9934	1	Stimulus/S  1	1	33659934	33659942	43	2	60	pips_l400_r40_500-8000.hdf5	left	right
3367.0601	1	Stimulus/S  1	1	33670601	33670609	43	3	70	pips_l400_r40_500-8000.hdf5	left	right
3368.1161	1	Stimulus/S  1	1	33681161	33681169	43	4	50	pips_l400_r40_500-8000.hdf5	left	right
3369.1828	1	Stimulus/S  1	1	33691828	33691836	43	5	30	pips_l400_r40_500-8000.hdf5	left	right
3370.2281	1	Stimulus/S  1	1	33702281	33702289	44	0	20	pips_l400_r40_500-8000.hdf5	left	right
3371.2948	1	Stimulus/S  1	1	33712948	33712956	44	1	40	pips_l400_r40_500-8000.hdf5	left	right
3372.3615	1	Stimulus/S  1	1	33723615	33723623	44	2	60	pips_l400_r40_500-8000.hdf5	left	right
3373.4282	1	Stimulus/S  1	1	33734282	33734290	44	3	70	pips_l400_r40_500-8000.hdf5	left	right
3374.4948	1	Stimulus/S  1	1	33744948	33744956	44	4	50	pips_l400_r40_500-8000.hdf5	left	right
3375.5615	1	Stimulus/S  1	1	33755615	33755623	44	5	30	pips_l400_r40_500-8000.hdf5	left	right
3376.6282	1	Stimulus/S  1	1	33766282	33766290	45	0	20	pips_l400_r40_500-8000.hdf5	left	right
3377.6842	1	Stimulus/S  1	1	33776842	33776850	45	1	40	pips_l400_r40_500-8000.hdf5	left	right
3378.7295	1	Stimulus/S  1	1	33787295	33787303	45	2	60	pips_l400_r40_500-8000.hdf5	left	right
3379.7749	1	Stimulus/S  1	1	33797749	33797757	45	3	70	pips_l400_r40_500-8000.hdf5	left	right
3380.8309	1	Stimulus/S  1	1	33808309	33808317	45	4	50	pips_l400_r40_500-8000.hdf5	left	right
3381.8762	1	Stimulus/S  1	1	33818762	33818770	45	5	30	pips_l400_r40_500-8000.hdf5	left	right
3382.9323	1	Stimulus/S  1	1	33829323	33829331	46	0	20	pips_l400_r40_500-8000.hdf5	left	right
3383.9776	1	Stimulus/S  1	1	33839776	33839784	46	1	40	pips_l400_r40_500-8000.hdf5	left	right
3385.0336	1	Stimulus/S  1	1	33850336	33850344	46	2	60	pips_l400_r40_500-8000.hdf5	left	right
3386.1003	1	Stimulus/S  1	1	33861003	33861011	46	3	70	pips_l400_r40_500-8000.hdf5	left	right
3387.1456	1	Stimulus/S  1	1	33871456	33871464	46	4	50	pips_l400_r40_500-8000.hdf5	left	right
3388.2123	1	Stimulus/S  1	1	33882123	33882131	46	5	30	pips_l400_r40_500-8000.hdf5	left	right
3389.279	1	Stimulus/S  1	1	33892790	33892798	47	0	20	pips_l400_r40_500-8000.hdf5	left	right
3390.3457	1	Stimulus/S  1	1	33903457	33903465	47	1	40	pips_l400_r40_500-8000.hdf5	left	right
3391.4123	1	Stimulus/S  1	1	33914123	33914131	47	2	60	pips_l400_r40_500-8000.hdf5	left	right
3392.479	1	Stimulus/S  1	1	33924790	33924798	47	3	70	pips_l400_r40_500-8000.hdf5	left	right
3393.5457	1	Stimulus/S  1	1	33935457	33935465	47	4	50	pips_l400_r40_500-8000.hdf5	left	right
3394.591	1	Stimulus/S  1	1	33945910	33945918	47	5	30	pips_l400_r40_500-8000.hdf5	left	right
3395.6577	1	Stimulus/S  1	1	33956577	33956585	48	0	20	pips_l400_r40_500-8000.hdf5	left	right
3396.7137	1	Stimulus/S  1	1	33967137	33967145	48	1	40	pips_l400_r40_500-8000.hdf5	left	right
3397.7591	1	Stimulus/S  1	1	33977591	33977599	48	2	60	pips_l400_r40_500-8000.hdf5	left	right
3398.8151	1	Stimulus/S  1	1	33988151	33988159	48	3	70	pips_l400_r40_500-8000.hdf5	left	right
3399.8604	1	Stimulus/S  1	1	33998604	33998612	48	4	50	pips_l400_r40_500-8000.hdf5	left	right
3400.9164	1	Stimulus/S  1	1	34009164	34009172	48	5	30	pips_l400_r40_500-8000.hdf5	left	right
3401.9618	1	Stimulus/S  1	1	34019618	34019626	49	0	20	pips_l400_r40_500-8000.hdf5	left	right
3403.0178	1	Stimulus/S  1	1	34030178	34030186	49	1	40	pips_l400_r40_500-8000.hdf5	left	right
3404.0631	1	Stimulus/S  1	1	34040631	34040639	49	2	60	pips_l400_r40_500-8000.hdf5	left	right
3405.1085	1	Stimulus/S  1	1	34051085	34051093	49	3	70	pips_l400_r40_500-8000.hdf5	left	right
3406.1645	1	Stimulus/S  1	1	34061645	34061653	49	4	50	pips_l400_r40_500-8000.hdf5	left	right
3407.2311	1	Stimulus/S  1	1	34072311	34072319	49	5	30	pips_l400_r40_500-8000.hdf5	left	right
3408.2978	1	Stimulus/S  1	1	34082978	34082986	50	0	20	pips_l400_r40_500-8000.hdf5	left	right
3409.3645	1	Stimulus/S  1	1	34093645	34093653	50	1	40	pips_l400_r40_500-8000.hdf5	left	right
3410.4312	1	Stimulus/S  1	1	34104312	34104320	50	2	60	pips_l400_r40_500-8000.hdf5	left	right
3411.4979	1	Stimulus/S  1	1	34114979	34114987	50	3	70	pips_l400_r40_500-8000.hdf5	left	right
3412.5645	1	Stimulus/S  1	1	34125645	34125653	50	4	50	pips_l400_r40_500-8000.hdf5	left	right
3413.6099	1	Stimulus/S  1	1	34136099	34136107	50	5	30	pips_l400_r40_500-8000.hdf5	left	right
3414.6766	1	Stimulus/S  1	1	34146766	34146774	51	0	20	pips_l400_r40_500-8000.hdf5	left	right
3415.7326	1	Stimulus/S  1	1	34157326	34157334	51	1	40	pips_l400_r40_500-8000.hdf5	left	right
3416.7992	1	Stimulus/S  1	1	34167992	34168000	51	2	60	pips_l400_r40_500-8000.hdf5	left	right
3417.8446	1	Stimulus/S  1	1	34178446	34178454	51	3	70	pips_l400_r40_500-8000.hdf5	left	right
3418.9006	1	Stimulus/S  1	1	34189006	34189014	51	4	50	pips_l400_r40_500-8000.hdf5	left	right
3419.9459	1	Stimulus/S  1	1	34199459	34199467	51	5	30	pips_l400_r40_500-8000.hdf5	left	right
3420.9913	1	Stimulus/S  1	1	34209913	34209921	52	0	20	pips_l400_r40_500-8000.hdf5	left	right
3422.0473	1	Stimulus/S  1	1	34220473	34220481	52	1	40	pips_l400_r40_500-8000.hdf5	left	right
3423.114	1	Stimulus/S  1	1	34231140	34231148	52	2	60	pips_l400_r40_500-8000.hdf5	left	right
3424.1593	1	Stimulus/S  1	1	34241593	34241601	52	3	70	pips_l400_r40_500-8000.hdf5	left	right
3425.226	1	Stimulus/S  1	1	34252260	34252268	52	4	50	pips_l400_r40_500-8000.hdf5	left	right
3426.282	1	Stimulus/S  1	1	34262820	34262828	52	5	30	pips_l400_r40_500-8000.hdf5	left	right
3427.3487	1	Stimulus/S  1	1	34273487	34273495	53	0	20	pips_l400_r40_500-8000.hdf5	left	right
3428.4153	1	Stimulus/S  1	1	34284153	34284161	53	1	40	pips_l400_r40_500-8000.hdf5	left	right
3429.482	1	Stimulus/S  1	1	34294820	34294828	53	2	60	pips_l400_r40_500-8000.hdf5	left	right
3430.5274	1	Stimulus/S  1	1	34305274	34305282	53	3	70	pips_l400_r40_500-8000.hdf5	left	right
3431.594	1	Stimulus/S  1	1	34315940	34315948	53	4	50	pips_l400_r40_500-8000.hdf5	left	right
3432.6607	1	Stimulus/S  1	1	34326607	34326615	53	5	30	pips_l400_r40_500-8000.hdf5	left	right
3433.7167	1	Stimulus/S  1	1	34337167	34337175	54	0	20	pips_l400_r40_500-8000.hdf5	left	right
3434.7621	1	Stimulus/S  1	1	34347621	34347629	54	1	40	pips_l400_r40_500-8000.hdf5	left	right
3435.8181	1	Stimulus/S  1	1	34358181	34358189	54	2	60	pips_l400_r40_500-8000.hdf5	left	right
3436.8634	1	Stimulus/S  1	1	34368634	34368642	54	3	70	pips_l400_r40_500-8000.hdf5	left	right
3437.9088	1	Stimulus/S  1	1	34379088	34379096	54	4	50	pips_l400_r40_500-8000.hdf5	left	right
3438.9648	1	Stimulus/S  1	1	34389648	34389656	54	5	30	pips_l400_r40_500-8000.hdf5	left	right
3440.0315	1	Stimulus/S  1	1	34400315	34400323	55	0	20	pips_l400_r40_500-8000.hdf5	left	right
3441.0768	1	Stimulus/S  1	1	34410768	34410776	55	1	40	pips_l400_r40_500-8000.hdf5	left	right
3442.1435	1	Stimulus/S  1	1	34421435	34421443	55	2	60	pips_l400_r40_500-8000.hdf5	left	right
3443.1995	1	Stimulus/S  1	1	34431995	34432003	55	3	70	pips_l400_r40_500-8000.hdf5	left	right
3444.2662	1	Stimulus/S  1	1	34442662	34442670	55	4	50	pips_l400_r40_500-8000.hdf5	left	right
3445.3328	1	Stimulus/S  1	1	34453328	34453336	55	5	30	pips_l400_r40_500-8000.hdf5	left	right
3446.3995	1	Stimulus/S  1	1	34463995	34464003	56	0	20	pips_l400_r40_500-8000.hdf5	left	right
3447.4662	1	Stimulus/S  1	1	34474662	34474670	56	1	40	pips_l400_r40_500-8000.hdf5	left	right
3448.5329	1	Stimulus/S  1	1	34485329	34485337	56	2	60	pips_l400_r40_500-8000.hdf5	left	right
3449.5995	1	Stimulus/S  1	1	34495995	34496003	56	3	70	pips_l400_r40_500-8000.hdf5	left	right
3450.6449	1	Stimulus/S  1	1	34506449	34506457	56	4	50	pips_l400_r40_500-8000.hdf5	left	right
3451.7116	1	Stimulus/S  1	1	34517116	34517124	56	5	30	pips_l400_r40_500-8000.hdf5	left	right
3452.7676	1	Stimulus/S  1	1	34527676	34527684	57	0	20	pips_l400_r40_500-8000.hdf5	left	right
3453.8129	1	Stimulus/S  1	1	34538129	34538137	57	1	40	pips_l400_r40_500-8000.hdf5	left	right
3454.8689	1	Stimulus/S  1	1	34548689	34548697	57	2	60	pips_l400_r40_500-8000.hdf5	left	right
3455.9143	1	Stimulus/S  1	1	34559143	34559151	57	3	70	pips_l400_r40_500-8000.hdf5	left	right
3456.9596	1	Stimulus/S  1	1	34569596	34569604	57	4	50	pips_l400_r40_500-8000.hdf5	left	right
3458.0156	1	Stimulus/S  1	1	34580156	34580164	57	5	30	pips_l400_r40_500-8000.hdf5	left	right
3459.061	1	Stimulus/S  1	1	34590610	34590618	58	0	20	pips_l400_r40_500-8000.hdf5	left	right
3460.117	1	Stimulus/S  1	1	34601170	34601178	58	1	40	pips_l400_r40_500-8000.hdf5	left	right
3461.1623	1	Stimulus/S  1	1	34611623	34611631	58	2	60	pips_l400_r40_500-8000.hdf5	left	right
3462.2183	1	Stimulus/S  1	1	34622183	34622191	58	3	70	pips_l400_r40_500-8000.hdf5	left	right
3463.285	1	Stimulus/S  1	1	34632850	34632858	58	4	50	pips_l400_r40_500-8000.hdf5	left	right
3464.3517	1	Stimulus/S  1	1	34643517	34643525	58	5	30	pips_l400_r40_500-8000.hdf5	left	right
3465.4184	1	Stimulus/S  1	1	34654184	34654192	59	0	20	pips_l400_r40_500-8000.hdf5	left	right
3466.485	1	Stimulus/S  1	1	34664850	34664858	59	1	40	pips_l400_r40_500-8000.hdf5	left	right
3467.5517	1	Stimulus/S  1	1	34675517	34675525	59	2	60	pips_l400_r40_500-8000.hdf5	left	right
3468.6184	1	Stimulus/S  1	1	34686184	34686192	59	3	70	pips_l400_r40_500-8000.hdf5	left	right
3469.6637	1	Stimulus/S  1	1	34696637	34696645	59	4	50	pips_l400_r40_500-8000.hdf5	left	right
3470.7304	1	Stimulus/S  1	1	34707304	34707312	59	5	30	pips_l400_r40_500-8000.hdf5	left	right
3471.7758	1	Stimulus/S  1	1	34717758	34717766	60	0	20	pips_l400_r40_500-8000.hdf5	left	right
3472.8424	1	Stimulus/S  1	1	34728424	34728432	60	1	40	pips_l400_r40_500-8000.hdf5	left	right
3473.8984	1	Stimulus/S  1	1	34738984	34738992	60	2	60	pips_l400_r40_500-8000.hdf5	left	right
3474.9438	1	Stimulus/S  1	1	34749438	34749446	60	3	70	pips_l400_r40_500-8000.hdf5	left	right
3475.9998	1	Stimulus/S  1	1	34759998	34760006	60	4	50	pips_l400_r40_500-8000.hdf5	left	right
3477.0451	1	Stimulus/S  1	1	34770451	34770459	60	5	30	pips_l400_r40_500-8000.hdf5	left	right
3478.1012	1	Stimulus/S  1	1	34781012	34781020	61	0	20	pips_l400_r40_500-8000.hdf5	left	right
3479.1678	1	Stimulus/S  1	1	34791678	34791686	61	1	40	pips_l400_r40_500-8000.hdf5	left	right
3480.2132	1	Stimulus/S  1	1	34802132	34802140	61	2	60	pips_l400_r40_500-8000.hdf5	left	right
3481.2798	1	Stimulus/S  1	1	34812798	34812806	61	3	70	pips_l400_r40_500-8000.hdf5	left	right
3482.3359	1	Stimulus/S  1	1	34823359	34823367	61	4	50	pips_l400_r40_500-8000.hdf5	left	right
3483.4025	1	Stimulus/S  1	1	34834025	34834033	61	5	30	pips_l400_r40_500-8000.hdf5	left	right
3484.4692	1	Stimulus/S  1	1	34844692	34844700	62	0	20	pips_l400_r40_500-8000.hdf5	left	right
3485.5359	1	Stimulus/S  1	1	34855359	34855367	62	1	40	pips_l400_r40_500-8000.hdf5	left	right
3486.5812	1	Stimulus/S  1	1	34865812	34865820	62	2	60	pips_l400_r40_500-8000.hdf5	left	right
3487.6479	1	Stimulus/S  1	1	34876479	34876487	62	3	70	pips_l400_r40_500-8000.hdf5	left	right
3488.6933	1	Stimulus/S  1	1	34886933	34886941	62	4	50	pips_l400_r40_500-8000.hdf5	left	right
3489.7599	1	Stimulus/S  1	1	34897599	34897607	62	5	30	pips_l400_r40_500-8000.hdf5	left	right
3490.8159	1	Stimulus/S  1	1	34908159	34908167	63	0	20	pips_l400_r40_500-8000.hdf5	left	right
3491.8613	1	Stimulus/S  1	1	34918613	34918621	63	1	40	pips_l400_r40_500-8000.hdf5	left	right
3492.9173	1	Stimulus/S  1	1	34929173	34929181	63	2	60	pips_l400_r40_500-8000.hdf5	left	right
3493.9626	1	Stimulus/S  1	1	34939626	34939634	63	3	70	pips_l400_r40_500-8000.hdf5	left	right
3495.0186	1	Stimulus/S  1	1	34950186	34950194	63	4	50	pips_l400_r40_500-8000.hdf5	left	right
3496.0853	1	Stimulus/S  1	1	34960853	34960861	63	5	30	pips_l400_r40_500-8000.hdf5	left	right
3497.1307	1	Stimulus/S  1	1	34971307	34971315	64	0	20	pips_l400_r40_500-8000.hdf5	left	right
3498.1973	1	Stimulus/S  1	1	34981973	34981981	64	1	40	pips_l400_r40_500-8000.hdf5	left	right
3499.2427	1	Stimulus/S  1	1	34992427	34992435	64	2	60	pips_l400_r40_500-8000.hdf5	left	right
3500.32	1	Stimulus/S  1	1	35003200	35003208	64	3	70	pips_l400_r40_500-8000.hdf5	left	right
3501.3867	1	Stimulus/S  1	1	35013867	35013875	64	4	50	pips_l400_r40_500-8000.hdf5	left	right
3502.4427	1	Stimulus/S  1	1	35024427	35024435	64	5	30	pips_l400_r40_500-8000.hdf5	left	right
3503.4987	1	Stimulus/S  1	1	35034987	35034995	65	0	20	pips_l400_r40_500-8000.hdf5	left	right
3504.5654	1	Stimulus/S  1	1	35045654	35045662	65	1	40	pips_l400_r40_500-8000.hdf5	left	right
3505.6107	1	Stimulus/S  1	1	35056107	35056115	65	2	60	pips_l400_r40_500-8000.hdf5	left	right
3506.6774	1	Stimulus/S  1	1	35066774	35066782	65	3	70	pips_l400_r40_500-8000.hdf5	left	right
3507.7334	1	Stimulus/S  1	1	35077334	35077342	65	4	50	pips_l400_r40_500-8000.hdf5	left	right
3508.7788	1	Stimulus/S  1	1	35087788	35087796	65	5	30	pips_l400_r40_500-8000.hdf5	left	right
3509.8348	1	Stimulus/S  1	1	35098348	35098356	66	0	20	pips_l400_r40_500-8000.hdf5	left	right
3510.8801	1	Stimulus/S  1	1	35108801	35108809	66	1	40	pips_l400_r40_500-8000.hdf5	left	right
3511.9361	1	Stimulus/S  1	1	35119361	35119369	66	2	60	pips_l400_r40_500-8000.hdf5	left	right
3513.0028	1	Stimulus/S  1	1	35130028	35130036	66	3	70	pips_l400_r40_500-8000.hdf5	left	right
3514.0482	1	Stimulus/S  1	1	35140482	35140490	66	4	50	pips_l400_r40_500-8000.hdf5	left	right
3515.1148	1	Stimulus/S  1	1	35151148	35151156	66	5	30	pips_l400_r40_500-8000.hdf5	left	right
3516.1602	1	Stimulus/S  1	1	35161602	35161610	67	0	20	pips_l400_r40_500-8000.hdf5	left	right
3517.2269	1	Stimulus/S  1	1	35172269	35172277	67	1	40	pips_l400_r40_500-8000.hdf5	left	right
3518.2935	1	Stimulus/S  1	1	35182935	35182943	67	2	60	pips_l400_r40_500-8000.hdf5	left	right
3519.3602	1	Stimulus/S  1	1	35193602	35193610	67	3	70	pips_l400_r40_500-8000.hdf5	left	right
3520.4269	1	Stimulus/S  1	1	35204269	35204277	67	4	50	pips_l400_r40_500-8000.hdf5	left	right
3521.4936	1	Stimulus/S  1	1	35214936	35214944	67	5	30	pips_l400_r40_500-8000.hdf5	left	right
3522.5602	1	Stimulus/S  1	1	35225602	35225610	68	0	20	pips_l400_r40_500-8000.hdf5	left	right
3523.6163	1	Stimulus/S  1	1	35236163	35236171	68	1	40	pips_l400_r40_500-8000.hdf5	left	right
3524.6829	1	Stimulus/S  1	1	35246829	35246837	68	2	60	pips_l400_r40_500-8000.hdf5	left	right
3525.7283	1	Stimulus/S  1	1	35257283	35257291	68	3	70	pips_l400_r40_500-8000.hdf5	left	right
3526.7843	1	Stimulus/S  1	1	35267843	35267851	68	4	50	pips_l400_r40_500-8000.hdf5	left	right
3527.8296	1	Stimulus/S  1	1	35278296	35278304	68	5	30	pips_l400_r40_500-8000.hdf5	left	right
3528.8856	1	Stimulus/S  1	1	35288856	35288864	69	0	20	pips_l400_r40_500-8000.hdf5	left	right
3529.931	1	Stimulus/S  1	1	35299310	35299318	69	1	40	pips_l400_r40_500-8000.hdf5	left	right
3530.987	1	Stimulus/S  1	1	35309870	35309878	69	2	60	pips_l400_r40_500-8000.hdf5	left	right
3532.0323	1	Stimulus/S  1	1	35320323	35320331	69	3	70	pips_l400_r40_500-8000.hdf5	left	right
3533.0777	1	Stimulus/S  1	1	35330777	35330785	69	4	50	pips_l400_r40_500-8000.hdf5	left	right
3534.1443	1	Stimulus/S  1	1	35341443	35341451	69	5	30	pips_l400_r40_500-8000.hdf5	left	right
3535.211	1	Stimulus/S  1	1	35352110	35352118	70	0	20	pips_l400_r40_500-8000.hdf5	left	right
3536.2777	1	Stimulus/S  1	1	35362777	35362785	70	1	40	pips_l400_r40_500-8000.hdf5	left	right
3537.3444	1	Stimulus/S  1	1	35373444	35373452	70	2	60	pips_l400_r40_500-8000.hdf5	left	right
3538.4111	1	Stimulus/S  1	1	35384111	35384119	70	3	70	pips_l400_r40_500-8000.hdf5	left	right
3539.4777	1	Stimulus/S  1	1	35394777	35394785	70	4	50	pips_l400_r40_500-8000.hdf5	left	right
3540.5337	1	Stimulus/S  1	1	35405337	35405345	70	5	30	pips_l400_r40_500-8000.hdf5	left	right
3541.6004	1	Stimulus/S  1	1	35416004	35416012	71	0	20	pips_l400_r40_500-8000.hdf5	left	right
3542.6458	1	Stimulus/S  1	1	35426458	35426466	71	1	40	pips_l400_r40_500-8000.hdf5	left	right
3543.7124	1	Stimulus/S  1	1	35437124	35437132	71	2	60	pips_l400_r40_500-8000.hdf5	left	right
3544.7685	1	Stimulus/S  1	1	35447685	35447693	71	3	70	pips_l400_r40_500-8000.hdf5	left	right
3545.8138	1	Stimulus/S  1	1	35458138	35458146	71	4	50	pips_l400_r40_500-8000.hdf5	left	right
3546.8698	1	Stimulus/S  1	1	35468698	35468706	71	5	30	pips_l400_r40_500-8000.hdf5	left	right
3547.9151	1	Stimulus/S  1	1	35479151	35479159	72	0	20	pips_l400_r40_500-8000.hdf5	left	right
3548.9605	1	Stimulus/S  1	1	35489605	35489613	72	1	40	pips_l400_r40_500-8000.hdf5	left	right
3550.0272	1	Stimulus/S  1	1	35500272	35500280	72	2	60	pips_l400_r40_500-8000.hdf5	left	right
3551.0832	1	Stimulus/S  1	1	35510832	35510840	72	3	70	pips_l400_r40_500-8000.hdf5	left	right
3552.1499	1	Stimulus/S  1	1	35521499	35521507	72	4	50	pips_l400_r40_500-8000.hdf5	left	right
3553.1952	1	Stimulus/S  1	1	35531952	35531960	72	5	30	pips_l400_r40_500-8000.hdf5	left	right
3554.2619	1	Stimulus/S  1	1	35542619	35542627	73	0	20	pips_l400_r40_500-8000.hdf5	left	right
3555.3286	1	Stimulus/S  1	1	35553286	35553294	73	1	40	pips_l400_r40_500-8000.hdf5	left	right
3556.3952	1	Stimulus/S  1	1	35563952	35563960	73	2	60	pips_l400_r40_500-8000.hdf5	left	right
3557.4512	1	Stimulus/S  1	1	35574512	35574520	73	3	70	pips_l400_r40_500-8000.hdf5	left	right
3558.5179	1	Stimulus/S  1	1	35585179	35585187	73	4	50	pips_l400_r40_500-8000.hdf5	left	right
3559.5633	1	Stimulus/S  1	1	35595633	35595641	73	5	30	pips_l400_r40_500-8000.hdf5	left	right
3560.6299	1	Stimulus/S  1	1	35606299	35606307	74	0	20	pips_l400_r40_500-8000.hdf5	left	right
3561.6859	1	Stimulus/S  1	1	35616859	35616867	74	1	40	pips_l400_r40_500-8000.hdf5	left	right
3562.7313	1	Stimulus/S  1	1	35627313	35627321	74	2	60	pips_l400_r40_500-8000.hdf5	left	right
3563.7873	1	Stimulus/S  1	1	35637873	35637881	74	3	70	pips_l400_r40_500-8000.hdf5	left	right
3564.854	1	Stimulus/S  1	1	35648540	35648548	74	4	50	pips_l400_r40_500-8000.hdf5	left	right
3565.8993	1	Stimulus/S  1	1	35658993	35659001	74	5	30	pips_l400_r40_500-8000.hdf5	left	right
3566.966	1	Stimulus/S  1	1	35669660	35669668	75	0	20	pips_l400_r40_500-8000.hdf5	left	right
3568.0113	1	Stimulus/S  1	1	35680113	35680121	75	1	40	pips_l400_r40_500-8000.hdf5	left	right
3569.078	1	Stimulus/S  1	1	35690780	35690788	75	2	60	pips_l400_r40_500-8000.hdf5	left	right
3570.1447	1	Stimulus/S  1	1	35701447	35701455	75	3	70	pips_l400_r40_500-8000.hdf5	left	right
3571.2114	1	Stimulus/S  1	1	35712114	35712122	75	4	50	pips_l400_r40_500-8000.hdf5	left	right
3572.278	1	Stimulus/S  1	1	35722780	35722788	75	5	30	pips_l400_r40_500-8000.hdf5	left	right
3573.3447	1	Stimulus/S  1	1	35733447	35733455	76	0	20	pips_l400_r40_500-8000.hdf5	left	right
3574.4007	1	Stimulus/S  1	1	35744007	35744015	76	1	40	pips_l400_r40_500-8000.hdf5	left	right
3575.4461	1	Stimulus/S  1	1	35754461	35754469	76	2	60	pips_l400_r40_500-8000.hdf5	left	right
3576.5021	1	Stimulus/S  1	1	35765021	35765029	76	3	70	pips_l400_r40_500-8000.hdf5	left	right
3577.5474	1	Stimulus/S  1	1	35775474	35775482	76	4	50	pips_l400_r40_500-8000.hdf5	left	right
3578.6034	1	Stimulus/S  1	1	35786034	35786042	76	5	30	pips_l400_r40_500-8000.hdf5	left	right
3579.6488	1	Stimulus/S  1	1	35796488	35796496	77	0	20	pips_l400_r40_500-8000.hdf5	left	right
3580.7048	1	Stimulus/S  1	1	35807048	35807056	77	1	40	pips_l400_r40_500-8000.hdf5	left	right
3581.7608	1	Stimulus/S  1	1	35817608	35817616	77	2	60	pips_l400_r40_500-8000.hdf5	left	right
3582.8168	1	Stimulus/S  1	1	35828168	35828176	77	3	70	pips_l400_r40_500-8000.hdf5	left	right
3583.8835	1	Stimulus/S  1	1	35838835	35838843	77	4	50	pips_l400_r40_500-8000.hdf5	left	right
3584.9288	1	Stimulus/S  1	1	35849288	35849296	77	5	30	pips_l400_r40_500-8000.hdf5	left	right
3585.9955	1	Stimulus/S  1	1	35859955	35859963	78	0	20	pips_l400_r40_500-8000.hdf5	left	right
3587.0622	1	Stimulus/S  1	1	35870622	35870630	78	1	40	pips_l400_r40_500-8000.hdf5	left	right
3588.1289	1	Stimulus/S  1	1	35881289	35881297	78	2	60	pips_l400_r40_500-8000.hdf5	left	right
3589.1955	1	Stimulus/S  1	1	35891955	35891963	78	3	70	pips_l400_r40_500-8000.hdf5	left	right
3590.2622	1	Stimulus/S  1	1	35902622	35902630	78	4	50	pips_l400_r40_500-8000.hdf5	left	right
3591.3289	1	Stimulus/S  1	1	35913289	35913297	78	5	30	pips_l400_r40_500-8000.hdf5	left	right
3592.3849	1	Stimulus/S  1	1	35923849	35923857	79	0	20	pips_l400_r40_500-8000.hdf5	left	right
3593.4516	1	Stimulus/S  1	1	35934516	35934524	79	1	40	pips_l400_r40_500-8000.hdf5	left	right
3594.4969	1	Stimulus/S  1	1	35944969	35944977	79	2	60	pips_l400_r40_500-8000.hdf5	left	right
3595.5529	1	Stimulus/S  1	1	35955529	35955537	79	3	70	pips_l400_r40_500-8000.hdf5	left	right
3596.5983	1	Stimulus/S  1	1	35965983	35965991	79	4	50	pips_l400_r40_500-8000.hdf5	left	right
3597.6543	1	Stimulus/S  1	1	35976543	35976551	79	5	30	pips_l400_r40_500-8000.hdf5	left	right
3598.6996	1	Stimulus/S  1	1	35986996	35987004	80	0	20	pips_l400_r40_500-8000.hdf5	left	right
3599.745	1	Stimulus/S  1	1	35997450	35997458	80	1	40	pips_l400_r40_500-8000.hdf5	left	right
3600.801	1	Stimulus/S  1	1	36008010	36008018	80	2	60	pips_l400_r40_500-8000.hdf5	left	right
3601.8463	1	Stimulus/S  1	1	36018463	36018471	80	3	70	pips_l400_r40_500-8000.hdf5	left	right
3602.913	1	Stimulus/S  1	1	36029130	36029138	80	4	50	pips_l400_r40_500-8000.hdf5	left	right
3603.9797	1	Stimulus/S  1	1	36039797	36039805	80	5	30	pips_l400_r40_500-8000.hdf5	left	right
3605.0464	1	Stimulus/S  1	1	36050464	36050472	81	0	20	pips_l400_r40_500-8000.hdf5	left	right
3606.113	1	Stimulus/S  1	1	36061130	36061138	81	1	40	pips_l400_r40_500-8000.hdf5	left	right
3607.1797	1	Stimulus/S  1	1	36071797	36071805	81	2	60	pips_l400_r40_500-8000.hdf5	left	right
3608.2464	1	Stimulus/S  1	1	36082464	36082472	81	3	70	pips_l400_r40_500-8000.hdf5	left	right
3609.3024	1	Stimulus/S  1	1	36093024	36093032	81	4	50	pips_l400_r40_500-8000.hdf5	left	right
3610.3477	1	Stimulus/S  1	1	36103477	36103485	81	5	30	pips_l400_r40_500-8000.hdf5	left	right
3611.4037	1	Stimulus/S  1	1	36114037	36114045	82	0	20	pips_l400_r40_500-8000.hdf5	left	right
3612.4491	1	Stimulus/S  1	1	36124491	36124499	82	1	40	pips_l400_r40_500-8000.hdf5	left	right
3613.4944	1	Stimulus/S  1	1	36134944	36134952	82	2	60	pips_l400_r40_500-8000.hdf5	left	right
3614.5504	1	Stimulus/S  1	1	36145504	36145512	82	3	70	pips_l400_r40_500-8000.hdf5	left	right
3615.5958	1	Stimulus/S  1	1	36155958	36155966	82	4	50	pips_l400_r40_500-8000.hdf5	left	right
3616.6518	1	Stimulus/S  1	1	36166518	36166526	82	5	30	pips_l400_r40_500-8000.hdf5	left	right
3617.7185	1	Stimulus/S  1	1	36177185	36177193	83	0	20	pips_l400_r40_500-8000.hdf5	left	right
3618.7638	1	Stimulus/S  1	1	36187638	36187646	83	1	40	pips_l400_r40_500-8000.hdf5	left	right
3619.8305	1	Stimulus/S  1	1	36198305	36198313	83	2	60	pips_l400_r40_500-8000.hdf5	left	right
3620.8972	1	Stimulus/S  1	1	36208972	36208980	83	3	70	pips_l400_r40_500-8000.hdf5	left	right
3621.9638	1	Stimulus/S  1	1	36219638	36219646	83	4	50	pips_l400_r40_500-8000.hdf5	left	right
3623.0305	1	Stimulus/S  1	1	36230305	36230313	83	5	30	pips_l400_r40_500-8000.hdf5	left	right
3624.0972	1	Stimulus/S  1	1	36240972	36240980	84	0	20	pips_l400_r40_500-8000.hdf5	left	right
3625.1639	1	Stimulus/S  1	1	36251639	36251647	84	1	40	pips_l400_r40_500-8000.hdf5	left	right
3626.2199	1	Stimulus/S  1	1	36262199	36262207	84	2	60	pips_l400_r40_500-8000.hdf5	left	right
3627.2652	1	Stimulus/S  1	1	36272652	36272660	84	3	70	pips_l400_r40_500-8000.hdf5	left	right
3628.3212	1	Stimulus/S  1	1	36283212	36283220	84	4	50	pips_l400_r40_500-8000.hdf5	left	right
3629.3666	1	Stimulus/S  1	1	36293666	36293674	84	5	30	pips_l400_r40_500-8000.hdf5	left	right
3630.4119	1	Stimulus/S  1	1	36304119	36304127	85	0	20	pips_l400_r40_500-8000.hdf5	left	right
3631.4679	1	Stimulus/S  1	1	36314679	36314687	85	1	40	pips_l400_r40_500-8000.hdf5	left	right
3632.5133	1	Stimulus/S  1	1	36325133	36325141	85	2	60	pips_l400_r40_500-8000.hdf5	left	right
3633.5693	1	Stimulus/S  1	1	36335693	36335701	85	3	70	pips_l400_r40_500-8000.hdf5	left	right
3634.636	1	Stimulus/S  1	1	36346360	36346368	85	4	50	pips_l400_r40_500-8000.hdf5	left	right
3635.6813	1	Stimulus/S  1	1	36356813	36356821	85	5	30	pips_l400_r40_500-8000.hdf5	left	right
3636.748	1	Stimulus/S  1	1	36367480	36367488	86	0	20	pips_l400_r40_500-8000.hdf5	left	right
3637.8147	1	Stimulus/S  1	1	36378147	36378155	86	1	40	pips_l400_r40_500-8000.hdf5	left	right
3638.8813	1	Stimulus/S  1	1	36388813	36388821	86	2	60	pips_l400_r40_500-8000.hdf5	left	right
3639.948	1	Stimulus/S  1	1	36399480	36399488	86	3	70	pips_l400_r40_500-8000.hdf5	left	right
3641.0147	1	Stimulus/S  1	1	36410147	36410155	86	4	50	pips_l400_r40_500-8000.hdf5	left	right
3642.0814	1	Stimulus/S  1	1	36420814	36420822	86	5	30	pips_l400_r40_500-8000.hdf5	left	right
3643.1374	1	Stimulus/S  1	1	36431374	36431382	87	0	20	pips_l400_r40_500-8000.hdf5	left	right
3644.2041	1	Stimulus/S  1	1	36442041	36442049	87	1	40	pips_l400_r40_500-8000.hdf5	left	right
3645.2494	1	Stimulus/S  1	1	36452494	36452502	87	2	60	pips_l400_r40_500-8000.hdf5	left	right
3646.3161	1	Stimulus/S  1	1	36463161	36463169	87	3	70	pips_l400_r40_500-8000.hdf5	left	right
3647.3721	1	Stimulus/S  1	1	36473721	36473729	87	4	50	pips_l400_r40_500-8000.hdf5	left	right
3648.4174	1	Stimulus/S  1	1	36484174	36484182	87	5	30	pips_l400_r40_500-8000.hdf5	left	right
3649.4628	1	Stimulus/S  1	1	36494628	36494636	88	0	20	pips_l400_r40_500-8000.hdf5	left	right
3650.5295	1	Stimulus/S  1	1	36505295	36505303	88	1	40	pips_l400_r40_500-8000.hdf5	left	right
3651.5855	1	Stimulus/S  1	1	36515855	36515863	88	2	60	pips_l400_r40_500-8000.hdf5	left	right
3652.6521	1	Stimulus/S  1	1	36526521	36526529	88	3	70	pips_l400_r40_500-8000.hdf5	left	right
3653.6975	1	Stimulus/S  1	1	36536975	36536983	88	4	50	pips_l400_r40_500-8000.hdf5	left	right
3654.7642	1	Stimulus/S  1	1	36547642	36547650	88	5	30	pips_l400_r40_500-8000.hdf5	left	right
3655.8308	1	Stimulus/S  1	1	36558308	36558316	89	0	20	pips_l400_r40_500-8000.hdf5	left	right
3656.8975	1	Stimulus/S  1	1	36568975	36568983	89	1	40	pips_l400_r40_500-8000.hdf5	left	right
3657.9642	1	Stimulus/S  1	1	36579642	36579650	89	2	60	pips_l400_r40_500-8000.hdf5	left	right
3659.0309	1	Stimulus/S  1	1	36590309	36590317	89	3	70	pips_l400_r40_500-8000.hdf5	left	right
3660.0975	1	Stimulus/S  1	1	36600975	36600983	89	4	50	pips_l400_r40_500-8000.hdf5	left	right
3661.1536	1	Stimulus/S  1	1	36611536	36611544	89	5	30	pips_l400_r40_500-8000.hdf5	left	right
3662.1989	1	Stimulus/S  1	1	36621989	36621997	90	0	20	pips_l400_r40_500-8000.hdf5	left	right
3663.2549	1	Stimulus/S  1	1	36632549	36632557	90	1	40	pips_l400_r40_500-8000.hdf5	left	right
3664.3002	1	Stimulus/S  1	1	36643002	36643010	90	2	60	pips_l400_r40_500-8000.hdf5	left	right
3665.3456	1	Stimulus/S  1	1	36653456	36653464	90	3	70	pips_l400_r40_500-8000.hdf5	left	right
3666.4016	1	Stimulus/S  1	1	36664016	36664024	90	4	50	pips_l400_r40_500-8000.hdf5	left	right
3667.4469	1	Stimulus/S  1	1	36674469	36674477	90	5	30	pips_l400_r40_500-8000.hdf5	left	right
3668.503	1	Stimulus/S  1	1	36685030	36685038	91	0	20	pips_l400_r40_500-8000.hdf5	left	right
3669.5696	1	Stimulus/S  1	1	36695696	36695704	91	1	40	pips_l400_r40_500-8000.hdf5	left	right
3670.615	1	Stimulus/S  1	1	36706150	36706158	91	2	60	pips_l400_r40_500-8000.hdf5	left	right
3671.6817	1	Stimulus/S  1	1	36716817	36716825	91	3	70	pips_l400_r40_500-8000.hdf5	left	right
3672.7483	1	Stimulus/S  1	1	36727483	36727491	91	4	50	pips_l400_r40_500-8000.hdf5	left	right
3673.815	1	Stimulus/S  1	1	36738150	36738158	91	5	30	pips_l400_r40_500-8000.hdf5	left	right
3674.8817	1	Stimulus/S  1	1	36748817	36748825	92	0	20	pips_l400_r40_500-8000.hdf5	left	right
3675.9484	1	Stimulus/S  1	1	36759484	36759492	92	1	40	pips_l400_r40_500-8000.hdf5	left	right
3677.015	1	Stimulus/S  1	1	36770150	36770158	92	2	60	pips_l400_r40_500-8000.hdf5	left	right
3678.071	1	Stimulus/S  1	1	36780710	36780718	92	3	70	pips_l400_r40_500-8000.hdf5	left	right
3679.1377	1	Stimulus/S  1	1	36791377	36791385	92	4	50	pips_l400_r40_500-8000.hdf5	left	right
3680.1831	1	Stimulus/S  1	1	36801831	36801839	92	5	30	pips_l400_r40_500-8000.hdf5	left	right
3681.2497	1	Stimulus/S  1	1	36812497	36812505	93	0	20	pips_l400_r40_500-8000.hdf5	left	right
3682.3058	1	Stimulus/S  1	1	36823058	36823066	93	1	40	pips_l400_r40_500-8000.hdf5	left	right
3683.3511	1	Stimulus/S  1	1	36833511	36833519	93	2	60	pips_l400_r40_500-8000.hdf5	left	right
3684.3964	1	Stimulus/S  1	1	36843964	36843972	93	3	70	pips_l400_r40_500-8000.hdf5	left	right
3685.4524	1	Stimulus/S  1	1	36854524	36854532	93	4	50	pips_l400_r40_500-8000.hdf5	left	right
3686.4978	1	Stimulus/S  1	1	36864978	36864986	93	5	30	pips_l400_r40_500-8000.hdf5	left	right
3687.5645	1	Stimulus/S  1	1	36875645	36875653	94	0	20	pips_l400_r40_500-8000.hdf5	left	right
3688.6205	1	Stimulus/S  1	1	36886205	36886213	94	1	40	pips_l400_r40_500-8000.hdf5	left	right
3689.6872	1	Stimulus/S  1	1	36896872	36896880	94	2	60	pips_l400_r40_500-8000.hdf5	left	right
3690.7325	1	Stimulus/S  1	1	36907325	36907333	94	3	70	pips_l400_r40_500-8000.hdf5	left	right
3691.7992	1	Stimulus/S  1	1	36917992	36918000	94	4	50	pips_l400_r40_500-8000.hdf5	left	right
3692.8659	1	Stimulus/S  1	1	36928659	36928667	94	5	30	pips_l400_r40_500-8000.hdf5	left	right
3693.9325	1	Stimulus/S  1	1	36939325	36939333	95	0	20	pips_l400_r40_500-8000.hdf5	left	right
3694.9885	1	Stimulus/S  1	1	36949885	36949893	95	1	40	pips_l400_r40_500-8000.hdf5	left	right
3696.0552	1	Stimulus/S  1	1	36960552	36960560	95	2	60	pips_l400_r40_500-8000.hdf5	left	right
3697.1006	1	Stimulus/S  1	1	36971006	36971014	95	3	70	pips_l400_r40_500-8000.hdf5	left	right
3698.1672	1	Stimulus/S  1	1	36981672	36981680	95	4	50	pips_l400_r40_500-8000.hdf5	left	right
3699.2126	1	Stimulus/S  1	1	36992126	36992134	95	5	30	pips_l400_r40_500-8000.hdf5	left	right
3700.2686	1	Stimulus/S  1	1	37002686	37002694	96	0	20	pips_l400_r40_500-8000.hdf5	left	right
3701.3139	1	Stimulus/S  1	1	37013139	37013147	96	1	40	pips_l400_r40_500-8000.hdf5	left	right
3702.3699	1	Stimulus/S  1	1	37023699	37023707	96	2	60	pips_l400_r40_500-8000.hdf5	left	right
3703.4153	1	Stimulus/S  1	1	37034153	37034161	96	3	70	pips_l400_r40_500-8000.hdf5	left	right
3704.482	1	Stimulus/S  1	1	37044820	37044828	96	4	50	pips_l400_r40_500-8000.hdf5	left	right
3705.538	1	Stimulus/S  1	1	37055380	37055388	96	5	30	pips_l400_r40_500-8000.hdf5	left	right
3706.6046	1	Stimulus/S  1	1	37066046	37066054	97	0	20	pips_l400_r40_500-8000.hdf5	left	right
3707.65	1	Stimulus/S  1	1	37076500	37076508	97	1	40	pips_l400_r40_500-8000.hdf5	left	right
3708.7167	1	Stimulus/S  1	1	37087167	37087175	97	2	60	pips_l400_r40_500-8000.hdf5	left	right
3709.7833	1	Stimulus/S  1	1	37097833	37097841	97	3	70	pips_l400_r40_500-8000.hdf5	left	right
3710.85	1	Stimulus/S  1	1	37108500	37108508	97	4	50	pips_l400_r40_500-8000.hdf5	left	right
3711.9167	1	Stimulus/S  1	1	37119167	37119175	97	5	30	pips_l400_r40_500-8000.hdf5	left	right
3712.9834	1	Stimulus/S  1	1	37129834	37129842	98	0	20	pips_l400_r40_500-8000.hdf5	left	right
3714.0501	1	Stimulus/S  1	1	37140501	37140509	98	1	40	pips_l400_r40_500-8000.hdf5	left	right
3715.1061	1	Stimulus/S  1	1	37151061	37151069	98	2	60	pips_l400_r40_500-8000.hdf5	left	right
3716.1727	1	Stimulus/S  1	1	37161727	37161735	98	3	70	pips_l400_r40_500-8000.hdf5	left	right
3717.2181	1	Stimulus/S  1	1	37172181	37172189	98	4	50	pips_l400_r40_500-8000.hdf5	left	right
3718.2848	1	Stimulus/S  1	1	37182848	37182856	98	5	30	pips_l400_r40_500-8000.hdf5	left	right
3719.3301	1	Stimulus/S  1	1	37193301	37193309	99	0	20	pips_l400_r40_500-8000.hdf5	left	right
3720.3968	1	Stimulus/S  1	1	37203968	37203976	99	1	40	pips_l400_r40_500-8000.hdf5	left	right
3721.4528	1	Stimulus/S  1	1	37214528	37214536	99	2	60	pips_l400_r40_500-8000.hdf5	left	right
3722.5195	1	Stimulus/S  1	1	37225195	37225203	99	3	70	pips_l400_r40_500-8000.hdf5	left	right
3723.5648	1	Stimulus/S  1	1	37235648	37235656	99	4	50	pips_l400_r40_500-8000.hdf5	left	right
3724.6315	1	Stimulus/S  1	1	37246315	37246323	99	5	30	pips_l400_r40_500-8000.hdf5	left	right
3725.6982	1	Stimulus/S  1	1	37256982	37256990	100	0	20	pips_l400_r40_500-8000.hdf5	left	right
3726.7648	1	Stimulus/S  1	1	37267648	37267656	100	1	40	pips_l400_r40_500-8000.hdf5	left	right
3727.8315	1	Stimulus/S  1	1	37278315	37278323	100	2	60	pips_l400_r40_500-8000.hdf5	left	right
3728.8982	1	Stimulus/S  1	1	37288982	37288990	100	3	70	pips_l400_r40_500-8000.hdf5	left	right
3729.9649	1	Stimulus/S  1	1	37299649	37299657	100	4	50	pips_l400_r40_500-8000.hdf5	left	right
3731.0209	1	Stimulus/S  1	1	37310209	37310217	100	5	30	pips_l400_r40_500-8000.hdf5	left	right
3732.0876	1	Stimulus/S  1	1	37320876	37320884	101	0	20	pips_l400_r40_500-8000.hdf5	left	right
3733.1329	1	Stimulus/S  1	1	37331329	37331337	101	1	40	pips_l400_r40_500-8000.hdf5	left	right
3734.1889	1	Stimulus/S  1	1	37341889	37341897	101	2	60	pips_l400_r40_500-8000.hdf5	left	right
3735.2343	1	Stimulus/S  1	1	37352343	37352351	101	3	70	pips_l400_r40_500-8000.hdf5	left	right
3736.2903	1	Stimulus/S  1	1	37362903	37362911	101	4	50	pips_l400_r40_500-8000.hdf5	left	right
3737.3356	1	Stimulus/S  1	1	37373356	37373364	101	5	30	pips_l400_r40_500-8000.hdf5	left	right
3738.3809	1	Stimulus/S  1	1	37383809	37383817	102	0	20	pips_l400_r40_500-8000.hdf5	left	right
3739.437	1	Stimulus/S  1	1	37394370	37394378	102	1	40	pips_l400_r40_500-8000.hdf5	left	right
3740.4823	1	Stimulus/S  1	1	37404823	37404831	102	2	60	pips_l400_r40_500-8000.hdf5	left	right
3741.549	1	Stimulus/S  1	1	37415490	37415498	102	3	70	pips_l400_r40_500-8000.hdf5	left	right
3742.6157	1	Stimulus/S  1	1	37426157	37426165	102	4	50	pips_l400_r40_500-8000.hdf5	left	right
3743.6823	1	Stimulus/S  1	1	37436823	37436831	102	5	30	pips_l400_r40_500-8000.hdf5	left	right
3744.749	1	Stimulus/S  1	1	37447490	37447498	103	0	20	pips_l400_r40_500-8000.hdf5	left	right
3745.8157	1	Stimulus/S  1	1	37458157	37458165	103	1	40	pips_l400_r40_500-8000.hdf5	left	right
3746.8824	1	Stimulus/S  1	1	37468824	37468832	103	2	60	pips_l400_r40_500-8000.hdf5	left	right
3747.9384	1	Stimulus/S  1	1	37479384	37479392	103	3	70	pips_l400_r40_500-8000.hdf5	left	right
3749.005	1	Stimulus/S  1	1	37490050	37490058	103	4	50	pips_l400_r40_500-8000.hdf5	left	right
3750.0504	1	Stimulus/S  1	1	37500504	37500512	103	5	30	pips_l400_r40_500-8000.hdf5	left	right
3751.1171	1	Stimulus/S  1	1	37511171	37511179	104	0	20	pips_l400_r40_500-8000.hdf5	left	right
3752.1731	1	Stimulus/S  1	1	37521731	37521739	104	1	40	pips_l400_r40_500-8000.hdf5	left	right
3753.2184	1	Stimulus/S  1	1	37532184	37532192	104	2	60	pips_l400_r40_500-8000.hdf5	left	right
3754.2638	1	Stimulus/S  1	1	37542638	37542646	104	3	70	pips_l400_r40_500-8000.hdf5	left	right
3755.3198	1	Stimulus/S  1	1	37553198	37553206	104	4	50	pips_l400_r40_500-8000.hdf5	left	right
3756.3651	1	Stimulus/S  1	1	37563651	37563659	104	5	30	pips_l400_r40_500-8000.hdf5	left	right
3757.4211	1	Stimulus/S  1	1	37574211	37574219	105	0	20	pips_l400_r40_500-8000.hdf5	left	right
3758.4665	1	Stimulus/S  1	1	37584665	37584673	105	1	40	pips_l400_r40_500-8000.hdf5	left	right
3759.5331	1	Stimulus/S  1	1	37595331	37595339	105	2	60	pips_l400_r40_500-8000.hdf5	left	right
3760.5892	1	Stimulus/S  1	1	37605892	37605900	105	3	70	pips_l400_r40_500-8000.hdf5	left	right
3761.6558	1	Stimulus/S  1	1	37616558	37616566	105	4	50	pips_l400_r40_500-8000.hdf5	left	right
3762.7012	1	Stimulus/S  1	1	37627012	37627020	105	5	30	pips_l400_r40_500-8000.hdf5	left	right
3763.7679	1	Stimulus/S  1	1	37637679	37637687	106	0	20	pips_l400_r40_500-8000.hdf5	left	right
3764.8345	1	Stimulus/S  1	1	37648345	37648353	106	1	40	pips_l400_r40_500-8000.hdf5	left	right
3765.9012	1	Stimulus/S  1	1	37659012	37659020	106	2	60	pips_l400_r40_500-8000.hdf5	left	right
3766.9679	1	Stimulus/S  1	1	37669679	37669687	106	3	70	pips_l400_r40_500-8000.hdf5	left	right
3768.0346	1	Stimulus/S  1	1	37680346	37680354	106	4	50	pips_l400_r40_500-8000.hdf5	left	right
3769.1012	1	Stimulus/S  1	1	37691012	37691020	106	5	30	pips_l400_r40_500-8000.hdf5	left	right
3770.1572	1	Stimulus/S  1	1	37701572	37701580	107	0	20	pips_l400_r40_500-8000.hdf5	left	right
3771.2239	1	Stimulus/S  1	1	37712239	37712247	107	1	40	pips_l400_r40_500-8000.hdf5	left	right
3772.2693	1	Stimulus/S  1	1	37722693	37722701	107	2	60	pips_l400_r40_500-8000.hdf5	left	right
3773.3359	1	Stimulus/S  1	1	37733359	37733367	107	3	70	pips_l400_r40_500-8000.hdf5	left	right
3774.3813	1	Stimulus/S  1	1	37743813	37743821	107	4	50	pips_l400_r40_500-8000.hdf5	left	right
3775.4373	1	Stimulus/S  1	1	37754373	37754381	107	5	30	pips_l400_r40_500-8000.hdf5	left	right
3776.4826	1	Stimulus/S  1	1	37764826	37764834	108	0	20	pips_l400_r40_500-8000.hdf5	left	right
3777.5387	1	Stimulus/S  1	1	37775387	37775395	108	1	40	pips_l400_r40_500-8000.hdf5	left	right
3778.584	1	Stimulus/S  1	1	37785840	37785848	108	2	60	pips_l400_r40_500-8000.hdf5	left	right
3779.6507	1	Stimulus/S  1	1	37796507	37796515	108	3	70	pips_l400_r40_500-8000.hdf5	left	right
3780.7067	1	Stimulus/S  1	1	37807067	37807075	108	4	50	pips_l400_r40_500-8000.hdf5	left	right
3781.7734	1	Stimulus/S  1	1	37817734	37817742	108	5	30	pips_l400_r40_500-8000.hdf5	left	right
3782.8187	1	Stimulus/S  1	1	37828187	37828195	109	0	20	pips_l400_r40_500-8000.hdf5	left	right
3783.8854	1	Stimulus/S  1	1	37838854	37838862	109	1	40	pips_l400_r40_500-8000.hdf5	left	right
3784.9521	1	Stimulus/S  1	1	37849521	37849529	109	2	60	pips_l400_r40_500-8000.hdf5	left	right
3786.0187	1	Stimulus/S  1	1	37860187	37860195	109	3	70	pips_l400_r40_500-8000.hdf5	left	right
3787.0854	1	Stimulus/S  1	1	37870854	37870862	109	4	50	pips_l400_r40_500-8000.hdf5	left	right
3788.1521	1	Stimulus/S  1	1	37881521	37881529	109	5	30	pips_l400_r40_500-8000.hdf5	left	right
3789.2188	1	Stimulus/S  1	1	37892188	37892196	110	0	20	pips_l400_r40_500-8000.hdf5	left	right
3790.2748	1	Stimulus/S  1	1	37902748	37902756	110	1	40	pips_l400_r40_500-8000.hdf5	left	right
3791.3415	1	Stimulus/S  1	1	37913415	37913423	110	2	60	pips_l400_r40_500-8000.hdf5	left	right
3792.3868	1	Stimulus/S  1	1	37923868	37923876	110	3	70	pips_l400_r40_500-8000.hdf5	left	right
3793.4535	1	Stimulus/S  1	1	37934535	37934543	110	4	50	pips_l400_r40_500-8000.hdf5	left	right
3794.4988	1	Stimulus/S  1	1	37944988	37944996	110	5	30	pips_l400_r40_500-8000.hdf5	left	right
3795.5548	1	Stimulus/S  1	1	37955548	37955556	111	0	20	pips_l400_r40_500-8000.hdf5	left	right
3796.6002	1	Stimulus/S  1	1	37966002	37966010	111	1	40	pips_l400_r40_500-8000.hdf5	left	right
3797.6562	1	Stimulus/S  1	1	37976562	37976570	111	2	60	pips_l400_r40_500-8000.hdf5	left	right
3798.7015	1	Stimulus/S  1	1	37987015	37987023	111	3	70	pips_l400_r40_500-8000.hdf5	left	right
3799.7575	1	Stimulus/S  1	1	37997575	37997583	111	4	50	pips_l400_r40_500-8000.hdf5	left	right
3800.8029	1	Stimulus/S  1	1	38008029	38008037	111	5	30	pips_l400_r40_500-8000.hdf5	left	right
3801.8695	1	Stimulus/S  1	1	38018695	38018703	112	0	20	pips_l400_r40_500-8000.hdf5	left	right
3802.9149	1	Stimulus/S  1	1	38029149	38029157	112	1	40	pips_l400_r40_500-8000.hdf5	left	right
3803.9816	1	Stimulus/S  1	1	38039816	38039824	112	2	60	pips_l400_r40_500-8000.hdf5	left	right
3805.0376	1	Stimulus/S  1	1	38050376	38050384	112	3	70	pips_l400_r40_500-8000.hdf5	left	right
3806.1043	1	Stimulus/S  1	1	38061043	38061051	112	4	50	pips_l400_r40_500-8000.hdf5	left	right
3807.1709	1	Stimulus/S  1	1	38071709	38071717	112	5	30	pips_l400_r40_500-8000.hdf5	left	right
3808.2376	1	Stimulus/S  1	1	38082376	38082384	113	0	20	pips_l400_r40_500-8000.hdf5	left	right
3809.3043	1	Stimulus/S  1	1	38093043	38093051	113	1	40	pips_l400_r40_500-8000.hdf5	left	right
3810.371	1	Stimulus/S  1	1	38103710	38103718	113	2	60	pips_l400_r40_500-8000.hdf5	left	right
3811.4376	1	Stimulus/S  1	1	38114376	38114384	113	3	70	pips_l400_r40_500-8000.hdf5	left	right
3812.483	1	Stimulus/S  1	1	38124830	38124838	113	4	50	pips_l400_r40_500-8000.hdf5	left	right
3813.5497	1	Stimulus/S  1	1	38135497	38135505	113	5	30	pips_l400_r40_500-8000.hdf5	left	right
3814.6057	1	Stimulus/S  1	1	38146057	38146065	114	0	20	pips_l400_r40_500-8000.hdf5	left	right
3815.6723	1	Stimulus/S  1	1	38156723	38156731	114	1	40	pips_l400_r40_500-8000.hdf5	left	right
3816.7177	1	Stimulus/S  1	1	38167177	38167185	114	2	60	pips_l400_r40_500-8000.hdf5	left	right
3817.7737	1	Stimulus/S  1	1	38177737	38177745	114	3	70	pips_l400_r40_500-8000.hdf5	left	right
3818.819	1	Stimulus/S  1	1	38188190	38188198	114	4	50	pips_l400_r40_500-8000.hdf5	left	right
3819.8751	1	Stimulus/S  1	1	38198751	38198759	114	5	30	pips_l400_r40_500-8000.hdf5	left	right
3820.9204	1	Stimulus/S  1	1	38209204	38209212	115	0	20	pips_l400_r40_500-8000.hdf5	left	right
3821.9657	1	Stimulus/S  1	1	38219657	38219665	115	1	40	pips_l400_r40_500-8000.hdf5	left	right
3823.0217	1	Stimulus/S  1	1	38230217	38230225	115	2	60	pips_l400_r40_500-8000.hdf5	left	right
3824.0884	1	Stimulus/S  1	1	38240884	38240892	115	3	70	pips_l400_r40_500-8000.hdf5	left	right
3825.1338	1	Stimulus/S  1	1	38251338	38251346	115	4	50	pips_l400_r40_500-8000.hdf5	left	right
3826.2004	1	Stimulus/S  1	1	38262004	38262012	115	5	30	pips_l400_r40_500-8000.hdf5	left	right
3827.2565	1	Stimulus/S  1	1	38272565	38272573	116	0	20	pips_l400_r40_500-8000.hdf5	left	right
3828.3231	1	Stimulus/S  1	1	38283231	38283239	116	1	40	pips_l400_r40_500-8000.hdf5	left	right
3829.3898	1	Stimulus/S  1	1	38293898	38293906	116	2	60	pips_l400_r40_500-8000.hdf5	left	right
3830.4565	1	Stimulus/S  1	1	38304565	38304573	116	3	70	pips_l400_r40_500-8000.hdf5	left	right
3831.5232	1	Stimulus/S  1	1	38315232	38315240	116	4	50	pips_l400_r40_500-8000.hdf5	left	right
3832.5898	1	Stimulus/S  1	1	38325898	38325906	116	5	30	pips_l400_r40_500-8000.hdf5	left	right
3833.6565	1	Stimulus/S  1	1	38336565	38336573	117	0	20	pips_l400_r40_500-8000.hdf5	left	right
3834.7019	1	Stimulus/S  1	1	38347019	38347027	117	1	40	pips_l400_r40_500-8000.hdf5	left	right
3835.7685	1	Stimulus/S  1	1	38357685	38357693	117	2	60	pips_l400_r40_500-8000.hdf5	left	right
3836.8245	1	Stimulus/S  1	1	38368245	38368253	117	3	70	pips_l400_r40_500-8000.hdf5	left	right
3837.8912	1	Stimulus/S  1	1	38378912	38378920	117	4	50	pips_l400_r40_500-8000.hdf5	left	right
3838.9366	1	Stimulus/S  1	1	38389366	38389374	117	5	30	pips_l400_r40_500-8000.hdf5	left	right
3839.9819	1	Stimulus/S  1	1	38399819	38399827	118	0	20	pips_l400_r40_500-8000.hdf5	left	right
3841.0379	1	Stimulus/S  1	1	38410379	38410387	118	1	40	pips_l400_r40_500-8000.hdf5	left	right
3842.0833	1	Stimulus/S  1	1	38420833	38420841	118	2	60	pips_l400_r40_500-8000.hdf5	left	right
3843.1393	1	Stimulus/S  1	1	38431393	38431401	118	3	70	pips_l400_r40_500-8000.hdf5	left	right
3844.2059	1	Stimulus/S  1	1	38442059	38442067	118	4	50	pips_l400_r40_500-8000.hdf5	left	right
3845.2513	1	Stimulus/S  1	1	38452513	38452521	118	5	30	pips_l400_r40_500-8000.hdf5	left	right
3846.318	1	Stimulus/S  1	1	38463180	38463188	119	0	20	pips_l400_r40_500-8000.hdf5	left	right
3847.374	1	Stimulus/S  1	1	38473740	38473748	119	1	40	pips_l400_r40_500-8000.hdf5	left	right
3848.4407	1	Stimulus/S  1	1	38484407	38484415	119	2	60	pips_l400_r40_500-8000.hdf5	left	right
3849.5073	1	Stimulus/S  1	1	38495073	38495081	119	3	70	pips_l400_r40_500-8000.hdf5	left	right
3850.574	1	Stimulus/S  1	1	38505740	38505748	119	4	50	pips_l400_r40_500-8000.hdf5	left	right
3851.6407	1	Stimulus/S  1	1	38516407	38516415	119	5	30	pips_l400_r40_500-8000.hdf5	left	right
