onset	duration	trial_type	value	sample	sample_corrected	token	run	level	stim_file	ear_ac	ear_bc
3.5449	1	Stimulus/S  1	1	35449	35457	0	0	20	pips_40_500-8000.hdf5	both	none
4.5902	1	Stimulus/S  1	1	45902	45910	0	1	40	pips_40_500-8000.hdf5	both	none
5.6569	1	Stimulus/S  1	1	56569	56577	0	2	60	pips_40_500-8000.hdf5	both	none
6.7129	1	Stimulus/S  1	1	67129	67137	0	3	70	pips_40_500-8000.hdf5	both	none
7.7583	1	Stimulus/S  1	1	77583	77591	0	4	50	pips_40_500-8000.hdf5	both	none
8.8143	1	Stimulus/S  1	1	88143	88151	0	5	30	pips_40_500-8000.hdf5	both	none
9.8596	1	Stimulus/S  1	1	98596	98604	1	0	20	pips_40_500-8000.hdf5	both	none
10.905	1	Stimulus/S  1	1	109050	109058	1	1	40	pips_40_500-8000.hdf5	both	none
11.9717	1	Stimulus/S  1	1	119717	119725	1	2	60	pips_40_500-8000.hdf5	both	none
13.0277	1	Stimulus/S  1	1	130277	130285	1	3	70	pips_40_500-8000.hdf5	both	none
14.0943	1	Stimulus/S  1	1	140943	140951	1	4	50	pips_40_500-8000.hdf5	both	none
15.1397	1	Stimulus/S  1	1	151397	151405	1	5	30	pips_40_500-8000.hdf5	both	none
16.2064	1	Stimulus/S  1	1	162064	162072	2	0	20	pips_40_500-8000.hdf5	both	none
17.273	1	Stimulus/S  1	1	172730	172738	2	1	40	pips_40_500-8000.hdf5	both	none
18.3397	1	Stimulus/S  1	1	183397	183405	2	2	60	pips_40_500-8000.hdf5	both	none
19.4064	1	Stimulus/S  1	1	194064	194072	2	3	70	pips_40_500-8000.hdf5	both	none
20.4731	1	Stimulus/S  1	1	204731	204739	2	4	50	pips_40_500-8000.hdf5	both	none
21.5397	1	Stimulus/S  1	1	215397	215405	2	5	30	pips_40_500-8000.hdf5	both	none
22.5958	1	Stimulus/S  1	1	225958	225966	3	0	20	pips_40_500-8000.hdf5	both	none
23.6624	1	Stimulus/S  1	1	236624	236632	3	1	40	pips_40_500-8000.hdf5	both	none
24.7078	1	Stimulus/S  1	1	247078	247086	3	2	60	pips_40_500-8000.hdf5	both	none
25.7745	1	Stimulus/S  1	1	257745	257753	3	3	70	pips_40_500-8000.hdf5	both	none
26.8305	1	Stimulus/S  1	1	268305	268313	3	4	50	pips_40_500-8000.hdf5	both	none
27.8758	1	Stimulus/S  1	1	278758	278766	3	5	30	pips_40_500-8000.hdf5	both	none
28.9318	1	Stimulus/S  1	1	289318	289326	4	0	20	pips_40_500-8000.hdf5	both	none
29.9985	1	Stimulus/S  1	1	299985	299993	4	1	40	pips_40_500-8000.hdf5	both	none
31.0438	1	Stimulus/S  1	1	310438	310446	4	2	60	pips_40_500-8000.hdf5	both	none
32.1105	1	Stimulus/S  1	1	321105	321113	4	3	70	pips_40_500-8000.hdf5	both	none
33.1772	1	Stimulus/S  1	1	331772	331780	4	4	50	pips_40_500-8000.hdf5	both	none
34.2439	1	Stimulus/S  1	1	342439	342447	4	5	30	pips_40_500-8000.hdf5	both	none
35.2892	1	Stimulus/S  1	1	352892	352900	5	0	20	pips_40_500-8000.hdf5	both	none
36.3559	1	Stimulus/S  1	1	363559	363567	5	1	40	pips_40_500-8000.hdf5	both	none
37.4226	1	Stimulus/S  1	1	374226	374234	5	2	60	pips_40_500-8000.hdf5	both	none
38.4892	1	Stimulus/S  1	1	384892	384900	5	3	70	pips_40_500-8000.hdf5	both	none
39.5559	1	Stimulus/S  1	1	395559	395567	5	4	50	pips_40_500-8000.hdf5	both	none
40.6226	1	Stimulus/S  1	1	406226	406234	5	5	30	pips_40_500-8000.hdf5	both	none
41.6786	1	Stimulus/S  1	1	416786	416794	6	0	20	pips_40_500-8000.hdf5	both	none
42.724	1	Stimulus/S  1	1	427240	427248	6	1	40	pips_40_500-8000.hdf5	both	none
43.78	1	Stimulus/S  1	1	437800	437808	6	2	60	pips_40_500-8000.hdf5	both	none
44.8253	1	Stimulus/S  1	1	448253	448261	6	3	70	pips_40_500-8000.hdf5	both	none
45.8813	1	Stimulus/S  1	1	458813	458821	6	4	50	pips_40_500-8000.hdf5	both	none
46.9267	1	Stimulus/S  1	1	469267	469275	6	5	30	pips_40_500-8000.hdf5	both	none
47.9827	1	Stimulus/S  1	1	479827	479835	7	0	20	pips_40_500-8000.hdf5	both	none
49.028	1	Stimulus/S  1	1	490280	490288	7	1	40	pips_40_500-8000.hdf5	both	none
50.0947	1	Stimulus/S  1	1	500947	500955	7	2	60	pips_40_500-8000.hdf5	both	none
51.14	1	Stimulus/S  1	1	511400	511408	7	3	70	pips_40_500-8000.hdf5	both	none
52.2067	1	Stimulus/S  1	1	522067	522075	7	4	50	pips_40_500-8000.hdf5	both	none
53.2734	1	Stimulus/S  1	1	532734	532742	7	5	30	pips_40_500-8000.hdf5	both	none
54.3401	1	Stimulus/S  1	1	543401	543409	8	0	20	pips_40_500-8000.hdf5	both	none
55.4067	1	Stimulus/S  1	1	554067	554075	8	1	40	pips_40_500-8000.hdf5	both	none
56.4734	1	Stimulus/S  1	1	564734	564742	8	2	60	pips_40_500-8000.hdf5	both	none
57.5401	1	Stimulus/S  1	1	575401	575409	8	3	70	pips_40_500-8000.hdf5	both	none
58.5961	1	Stimulus/S  1	1	585961	585969	8	4	50	pips_40_500-8000.hdf5	both	none
59.6628	1	Stimulus/S  1	1	596628	596636	8	5	30	pips_40_500-8000.hdf5	both	none
60.7081	1	Stimulus/S  1	1	607081	607089	9	0	20	pips_40_500-8000.hdf5	both	none
61.7748	1	Stimulus/S  1	1	617748	617756	9	1	40	pips_40_500-8000.hdf5	both	none
62.8308	1	Stimulus/S  1	1	628308	628316	9	2	60	pips_40_500-8000.hdf5	both	none
63.8762	1	Stimulus/S  1	1	638762	638770	9	3	70	pips_40_500-8000.hdf5	both	none
64.9322	1	Stimulus/S  1	1	649322	649330	9	4	50	pips_40_500-8000.hdf5	both	none
65.9775	1	Stimulus/S  1	1	659775	659783	9	5	30	pips_40_500-8000.hdf5	both	none
67.0229	1	Stimulus/S  1	1	670229	670237	10	0	20	pips_40_500-8000.hdf5	both	none
68.0895	1	Stimulus/S  1	1	680895	680903	10	1	40	pips_40_500-8000.hdf5	both	none
69.1456	1	Stimulus/S  1	1	691456	691464	10	2	60	pips_40_500-8000.hdf5	both	none
70.2122	1	Stimulus/S  1	1	702122	702130	10	3	70	pips_40_500-8000.hdf5	both	none
71.2576	1	Stimulus/S  1	1	712576	712584	10	4	50	pips_40_500-8000.hdf5	both	none
72.3242	1	Stimulus/S  1	1	723242	723250	10	5	30	pips_40_500-8000.hdf5	both	none
73.3909	1	Stimulus/S  1	1	733909	733917	11	0	20	pips_40_500-8000.hdf5	both	none
74.4576	1	Stimulus/S  1	1	744576	744584	11	1	40	pips_40_500-8000.hdf5	both	none
75.5243	1	Stimulus/S  1	1	755243	755251	11	2	60	pips_40_500-8000.hdf5	both	none
76.591	1	Stimulus/S  1	1	765910	765918	11	3	70	pips_40_500-8000.hdf5	both	none
77.6576	1	Stimulus/S  1	1	776576	776584	11	4	50	pips_40_500-8000.hdf5	both	none
78.7136	1	Stimulus/S  1	1	787136	787144	11	5	30	pips_40_500-8000.hdf5	both	none
79.7803	1	Stimulus/S  1	1	797803	797811	12	0	20	pips_40_500-8000.hdf5	both	none
80.8257	1	Stimulus/S  1	1	808257	808265	12	1	40	pips_40_500-8000.hdf5	both	none
81.8923	1	Stimulus/S  1	1	818923	818931	12	2	60	pips_40_500-8000.hdf5	both	none
82.9484	1	Stimulus/S  1	1	829484	829492	12	3	70	pips_40_500-8000.hdf5	both	none
83.9937	1	Stimulus/S  1	1	839937	839945	12	4	50	pips_40_500-8000.hdf5	both	none
85.0497	1	Stimulus/S  1	1	850497	850505	12	5	30	pips_40_500-8000.hdf5	both	none
86.0951	1	Stimulus/S  1	1	860951	860959	13	0	20	pips_40_500-8000.hdf5	both	none
87.1404	1	Stimulus/S  1	1	871404	871412	13	1	40	pips_40_500-8000.hdf5	both	none
88.2071	1	Stimulus/S  1	1	882071	882079	13	2	60	pips_40_500-8000.hdf5	both	none
89.2631	1	Stimulus/S  1	1	892631	892639	13	3	70	pips_40_500-8000.hdf5	both	none
90.3298	1	Stimulus/S  1	1	903298	903306	13	4	50	pips_40_500-8000.hdf5	both	none
91.3751	1	Stimulus/S  1	1	913751	913759	13	5	30	pips_40_500-8000.hdf5	both	none
92.4418	1	Stimulus/S  1	1	924418	924426	14	0	20	pips_40_500-8000.hdf5	both	none
93.5085	1	Stimulus/S  1	1	935085	935093	14	1	40	pips_40_500-8000.hdf5	both	none
94.5645	1	Stimulus/S  1	1	945645	945653	14	2	60	pips_40_500-8000.hdf5	both	none
95.6098	1	Stimulus/S  1	1	956098	956106	14	3	70	pips_40_500-8000.hdf5	both	none
96.6658	1	Stimulus/S  1	1	966658	966666	14	4	50	pips_40_500-8000.hdf5	both	none
97.7112	1	Stimulus/S  1	1	977112	977120	14	5	30	pips_40_500-8000.hdf5	both	none
98.7565	1	Stimulus/S  1	1	987565	987573	15	0	20	pips_40_500-8000.hdf5	both	none
99.8125	1	Stimulus/S  1	1	998125	998133	15	1	40	pips_40_500-8000.hdf5	both	none
100.8792	1	Stimulus/S  1	1	1008792	1008800	15	2	60	pips_40_500-8000.hdf5	both	none
101.9245	1	Stimulus/S  1	1	1019245	1019253	15	3	70	pips_40_500-8000.hdf5	both	none
102.9912	1	Stimulus/S  1	1	1029912	1029920	15	4	50	pips_40_500-8000.hdf5	both	none
104.0579	1	Stimulus/S  1	1	1040579	1040587	15	5	30	pips_40_500-8000.hdf5	both	none
105.1139	1	Stimulus/S  1	1	1051139	1051147	16	0	20	pips_40_500-8000.hdf5	both	none
106.1806	1	Stimulus/S  1	1	1061806	1061814	16	1	40	pips_40_500-8000.hdf5	both	none
107.2473	1	Stimulus/S  1	1	1072473	1072481	16	2	60	pips_40_500-8000.hdf5	both	none
108.3139	1	Stimulus/S  1	1	1083139	1083147	16	3	70	pips_40_500-8000.hdf5	both	none
109.3806	1	Stimulus/S  1	1	1093806	1093814	16	4	50	pips_40_500-8000.hdf5	both	none
110.4473	1	Stimulus/S  1	1	1104473	1104481	16	5	30	pips_40_500-8000.hdf5	both	none
111.514	1	Stimulus/S  1	1	1115140	1115148	17	0	20	pips_40_500-8000.hdf5	both	none
112.5593	1	Stimulus/S  1	1	1125593	1125601	17	1	40	pips_40_500-8000.hdf5	both	none
113.6153	1	Stimulus/S  1	1	1136153	1136161	17	2	60	pips_40_500-8000.hdf5	both	none
114.6607	1	Stimulus/S  1	1	1146607	1146615	17	3	70	pips_40_500-8000.hdf5	both	none
115.7167	1	Stimulus/S  1	1	1157167	1157175	17	4	50	pips_40_500-8000.hdf5	both	none
116.762	1	Stimulus/S  1	1	1167620	1167628	17	5	30	pips_40_500-8000.hdf5	both	none
117.8074	1	Stimulus/S  1	1	1178074	1178082	18	0	20	pips_40_500-8000.hdf5	both	none
118.8634	1	Stimulus/S  1	1	1188634	1188642	18	1	40	pips_40_500-8000.hdf5	both	none
119.9087	1	Stimulus/S  1	1	1199087	1199095	18	2	60	pips_40_500-8000.hdf5	both	none
120.9647	1	Stimulus/S  1	1	1209647	1209655	18	3	70	pips_40_500-8000.hdf5	both	none
122.0101	1	Stimulus/S  1	1	1220101	1220109	18	4	50	pips_40_500-8000.hdf5	both	none
123.0767	1	Stimulus/S  1	1	1230767	1230775	18	5	30	pips_40_500-8000.hdf5	both	none
124.1328	1	Stimulus/S  1	1	1241328	1241336	19	0	20	pips_40_500-8000.hdf5	both	none
125.1994	1	Stimulus/S  1	1	1251994	1252002	19	1	40	pips_40_500-8000.hdf5	both	none
126.2448	1	Stimulus/S  1	1	1262448	1262456	19	2	60	pips_40_500-8000.hdf5	both	none
127.3115	1	Stimulus/S  1	1	1273115	1273123	19	3	70	pips_40_500-8000.hdf5	both	none
128.3781	1	Stimulus/S  1	1	1283781	1283789	19	4	50	pips_40_500-8000.hdf5	both	none
129.4448	1	Stimulus/S  1	1	1294448	1294456	19	5	30	pips_40_500-8000.hdf5	both	none
130.5115	1	Stimulus/S  1	1	1305115	1305123	20	0	20	pips_40_500-8000.hdf5	both	none
131.5782	1	Stimulus/S  1	1	1315782	1315790	20	1	40	pips_40_500-8000.hdf5	both	none
132.6448	1	Stimulus/S  1	1	1326448	1326456	20	2	60	pips_40_500-8000.hdf5	both	none
133.7009	1	Stimulus/S  1	1	1337009	1337017	20	3	70	pips_40_500-8000.hdf5	both	none
134.7569	1	Stimulus/S  1	1	1347569	1347577	20	4	50	pips_40_500-8000.hdf5	both	none
135.8129	1	Stimulus/S  1	1	1358129	1358137	20	5	30	pips_40_500-8000.hdf5	both	none
136.8582	1	Stimulus/S  1	1	1368582	1368590	21	0	20	pips_40_500-8000.hdf5	both	none
137.9142	1	Stimulus/S  1	1	1379142	1379150	21	1	40	pips_40_500-8000.hdf5	both	none
138.9596	1	Stimulus/S  1	1	1389596	1389604	21	2	60	pips_40_500-8000.hdf5	both	none
140.0156	1	Stimulus/S  1	1	1400156	1400164	21	3	70	pips_40_500-8000.hdf5	both	none
141.0609	1	Stimulus/S  1	1	1410609	1410617	21	4	50	pips_40_500-8000.hdf5	both	none
142.1169	1	Stimulus/S  1	1	1421169	1421177	21	5	30	pips_40_500-8000.hdf5	both	none
143.1623	1	Stimulus/S  1	1	1431623	1431631	22	0	20	pips_40_500-8000.hdf5	both	none
144.2076	1	Stimulus/S  1	1	1442076	1442084	22	1	40	pips_40_500-8000.hdf5	both	none
145.2636	1	Stimulus/S  1	1	1452636	1452644	22	2	60	pips_40_500-8000.hdf5	both	none
146.3303	1	Stimulus/S  1	1	1463303	1463311	22	3	70	pips_40_500-8000.hdf5	both	none
147.397	1	Stimulus/S  1	1	1473970	1473978	22	4	50	pips_40_500-8000.hdf5	both	none
148.4637	1	Stimulus/S  1	1	1484637	1484645	22	5	30	pips_40_500-8000.hdf5	both	none
149.5303	1	Stimulus/S  1	1	1495303	1495311	23	0	20	pips_40_500-8000.hdf5	both	none
150.597	1	Stimulus/S  1	1	1505970	1505978	23	1	40	pips_40_500-8000.hdf5	both	none
151.6637	1	Stimulus/S  1	1	1516637	1516645	23	2	60	pips_40_500-8000.hdf5	both	none
152.709	1	Stimulus/S  1	1	1527090	1527098	23	3	70	pips_40_500-8000.hdf5	both	none
153.765	1	Stimulus/S  1	1	1537650	1537658	23	4	50	pips_40_500-8000.hdf5	both	none
154.8104	1	Stimulus/S  1	1	1548104	1548112	23	5	30	pips_40_500-8000.hdf5	both	none
155.8664	1	Stimulus/S  1	1	1558664	1558672	24	0	20	pips_40_500-8000.hdf5	both	none
156.9117	1	Stimulus/S  1	1	1569117	1569125	24	1	40	pips_40_500-8000.hdf5	both	none
157.9571	1	Stimulus/S  1	1	1579571	1579579	24	2	60	pips_40_500-8000.hdf5	both	none
159.0131	1	Stimulus/S  1	1	1590131	1590139	24	3	70	pips_40_500-8000.hdf5	both	none
160.0584	1	Stimulus/S  1	1	1600584	1600592	24	4	50	pips_40_500-8000.hdf5	both	none
161.1145	1	Stimulus/S  1	1	1611145	1611153	24	5	30	pips_40_500-8000.hdf5	both	none
162.1598	1	Stimulus/S  1	1	1621598	1621606	25	0	20	pips_40_500-8000.hdf5	both	none
163.2265	1	Stimulus/S  1	1	1632265	1632273	25	1	40	pips_40_500-8000.hdf5	both	none
164.2825	1	Stimulus/S  1	1	1642825	1642833	25	2	60	pips_40_500-8000.hdf5	both	none
165.3492	1	Stimulus/S  1	1	1653492	1653500	25	3	70	pips_40_500-8000.hdf5	both	none
166.4158	1	Stimulus/S  1	1	1664158	1664166	25	4	50	pips_40_500-8000.hdf5	both	none
167.4825	1	Stimulus/S  1	1	1674825	1674833	25	5	30	pips_40_500-8000.hdf5	both	none
168.5492	1	Stimulus/S  1	1	1685492	1685500	26	0	20	pips_40_500-8000.hdf5	both	none
169.6159	1	Stimulus/S  1	1	1696159	1696167	26	1	40	pips_40_500-8000.hdf5	both	none
170.6825	1	Stimulus/S  1	1	1706825	1706833	26	2	60	pips_40_500-8000.hdf5	both	none
171.7279	1	Stimulus/S  1	1	1717279	1717287	26	3	70	pips_40_500-8000.hdf5	both	none
172.7839	1	Stimulus/S  1	1	1727839	1727847	26	4	50	pips_40_500-8000.hdf5	both	none
173.8292	1	Stimulus/S  1	1	1738292	1738300	26	5	30	pips_40_500-8000.hdf5	both	none
174.8746	1	Stimulus/S  1	1	1748746	1748754	27	0	20	pips_40_500-8000.hdf5	both	none
175.9306	1	Stimulus/S  1	1	1759306	1759314	27	1	40	pips_40_500-8000.hdf5	both	none
176.9759	1	Stimulus/S  1	1	1769759	1769767	27	2	60	pips_40_500-8000.hdf5	both	none
178.032	1	Stimulus/S  1	1	1780320	1780328	27	3	70	pips_40_500-8000.hdf5	both	none
179.0773	1	Stimulus/S  1	1	1790773	1790781	27	4	50	pips_40_500-8000.hdf5	both	none
180.1333	1	Stimulus/S  1	1	1801333	1801341	27	5	30	pips_40_500-8000.hdf5	both	none
181.1787	1	Stimulus/S  1	1	1811787	1811795	28	0	20	pips_40_500-8000.hdf5	both	none
182.2453	1	Stimulus/S  1	1	1822453	1822461	28	1	40	pips_40_500-8000.hdf5	both	none
183.2907	1	Stimulus/S  1	1	1832907	1832915	28	2	60	pips_40_500-8000.hdf5	both	none
184.368	1	Stimulus/S  1	1	1843680	1843688	28	3	70	pips_40_500-8000.hdf5	both	none
185.4347	1	Stimulus/S  1	1	1854347	1854355	28	4	50	pips_40_500-8000.hdf5	both	none
186.5014	1	Stimulus/S  1	1	1865014	1865022	28	5	30	pips_40_500-8000.hdf5	both	none
187.568	1	Stimulus/S  1	1	1875680	1875688	29	0	20	pips_40_500-8000.hdf5	both	none
188.6347	1	Stimulus/S  1	1	1886347	1886355	29	1	40	pips_40_500-8000.hdf5	both	none
189.7014	1	Stimulus/S  1	1	1897014	1897022	29	2	60	pips_40_500-8000.hdf5	both	none
190.7467	1	Stimulus/S  1	1	1907467	1907475	29	3	70	pips_40_500-8000.hdf5	both	none
191.8134	1	Stimulus/S  1	1	1918134	1918142	29	4	50	pips_40_500-8000.hdf5	both	none
192.8588	1	Stimulus/S  1	1	1928588	1928596	29	5	30	pips_40_500-8000.hdf5	both	none
193.9254	1	Stimulus/S  1	1	1939254	1939262	30	0	20	pips_40_500-8000.hdf5	both	none
194.9815	1	Stimulus/S  1	1	1949815	1949823	30	1	40	pips_40_500-8000.hdf5	both	none
196.0268	1	Stimulus/S  1	1	1960268	1960276	30	2	60	pips_40_500-8000.hdf5	both	none
197.0828	1	Stimulus/S  1	1	1970828	1970836	30	3	70	pips_40_500-8000.hdf5	both	none
198.1282	1	Stimulus/S  1	1	1981282	1981290	30	4	50	pips_40_500-8000.hdf5	both	none
199.1842	1	Stimulus/S  1	1	1991842	1991850	30	5	30	pips_40_500-8000.hdf5	both	none
200.2508	1	Stimulus/S  1	1	2002508	2002516	31	0	20	pips_40_500-8000.hdf5	both	none
201.2962	1	Stimulus/S  1	1	2012962	2012970	31	1	40	pips_40_500-8000.hdf5	both	none
202.3629	1	Stimulus/S  1	1	2023629	2023637	31	2	60	pips_40_500-8000.hdf5	both	none
203.4082	1	Stimulus/S  1	1	2034082	2034090	31	3	70	pips_40_500-8000.hdf5	both	none
204.4749	1	Stimulus/S  1	1	2044749	2044757	31	4	50	pips_40_500-8000.hdf5	both	none
205.5416	1	Stimulus/S  1	1	2055416	2055424	31	5	30	pips_40_500-8000.hdf5	both	none
206.6082	1	Stimulus/S  1	1	2066082	2066090	32	0	20	pips_40_500-8000.hdf5	both	none
207.6749	1	Stimulus/S  1	1	2076749	2076757	32	1	40	pips_40_500-8000.hdf5	both	none
208.7416	1	Stimulus/S  1	1	2087416	2087424	32	2	60	pips_40_500-8000.hdf5	both	none
209.8083	1	Stimulus/S  1	1	2098083	2098091	32	3	70	pips_40_500-8000.hdf5	both	none
210.8643	1	Stimulus/S  1	1	2108643	2108651	32	4	50	pips_40_500-8000.hdf5	both	none
211.931	1	Stimulus/S  1	1	2119310	2119318	32	5	30	pips_40_500-8000.hdf5	both	none
212.9763	1	Stimulus/S  1	1	2129763	2129771	33	0	20	pips_40_500-8000.hdf5	both	none
214.043	1	Stimulus/S  1	1	2140430	2140438	33	1	40	pips_40_500-8000.hdf5	both	none
215.099	1	Stimulus/S  1	1	2150990	2150998	33	2	60	pips_40_500-8000.hdf5	both	none
216.1443	1	Stimulus/S  1	1	2161443	2161451	33	3	70	pips_40_500-8000.hdf5	both	none
217.2003	1	Stimulus/S  1	1	2172003	2172011	33	4	50	pips_40_500-8000.hdf5	both	none
218.2457	1	Stimulus/S  1	1	2182457	2182465	33	5	30	pips_40_500-8000.hdf5	both	none
219.3017	1	Stimulus/S  1	1	2193017	2193025	34	0	20	pips_40_500-8000.hdf5	both	none
220.3684	1	Stimulus/S  1	1	2203684	2203692	34	1	40	pips_40_500-8000.hdf5	both	none
221.4137	1	Stimulus/S  1	1	2214137	2214145	34	2	60	pips_40_500-8000.hdf5	both	none
222.4804	1	Stimulus/S  1	1	2224804	2224812	34	3	70	pips_40_500-8000.hdf5	both	none
223.5257	1	Stimulus/S  1	1	2235257	2235265	34	4	50	pips_40_500-8000.hdf5	both	none
224.5924	1	Stimulus/S  1	1	2245924	2245932	34	5	30	pips_40_500-8000.hdf5	both	none
225.6591	1	Stimulus/S  1	1	2256591	2256599	35	0	20	pips_40_500-8000.hdf5	both	none
226.7258	1	Stimulus/S  1	1	2267258	2267266	35	1	40	pips_40_500-8000.hdf5	both	none
227.7924	1	Stimulus/S  1	1	2277924	2277932	35	2	60	pips_40_500-8000.hdf5	both	none
228.8591	1	Stimulus/S  1	1	2288591	2288599	35	3	70	pips_40_500-8000.hdf5	both	none
229.9258	1	Stimulus/S  1	1	2299258	2299266	35	4	50	pips_40_500-8000.hdf5	both	none
230.9818	1	Stimulus/S  1	1	2309818	2309826	35	5	30	pips_40_500-8000.hdf5	both	none
232.0485	1	Stimulus/S  1	1	2320485	2320493	36	0	20	pips_40_500-8000.hdf5	both	none
233.1152	1	Stimulus/S  1	1	2331152	2331160	36	1	40	pips_40_500-8000.hdf5	both	none
234.1605	1	Stimulus/S  1	1	2341605	2341613	36	2	60	pips_40_500-8000.hdf5	both	none
235.2165	1	Stimulus/S  1	1	2352165	2352173	36	3	70	pips_40_500-8000.hdf5	both	none
236.2619	1	Stimulus/S  1	1	2362619	2362627	36	4	50	pips_40_500-8000.hdf5	both	none
237.3179	1	Stimulus/S  1	1	2373179	2373187	36	5	30	pips_40_500-8000.hdf5	both	none
238.3632	1	Stimulus/S  1	1	2383632	2383640	37	0	20	pips_40_500-8000.hdf5	both	none
239.4192	1	Stimulus/S  1	1	2394192	2394200	37	1	40	pips_40_500-8000.hdf5	both	none
240.4646	1	Stimulus/S  1	1	2404646	2404654	37	2	60	pips_40_500-8000.hdf5	both	none
241.5099	1	Stimulus/S  1	1	2415099	2415107	37	3	70	pips_40_500-8000.hdf5	both	none
242.5659	1	Stimulus/S  1	1	2425659	2425667	37	4	50	pips_40_500-8000.hdf5	both	none
243.6113	1	Stimulus/S  1	1	2436113	2436121	37	5	30	pips_40_500-8000.hdf5	both	none
244.6779	1	Stimulus/S  1	1	2446779	2446787	38	0	20	pips_40_500-8000.hdf5	both	none
245.734	1	Stimulus/S  1	1	2457340	2457348	38	1	40	pips_40_500-8000.hdf5	both	none
246.7793	1	Stimulus/S  1	1	2467793	2467801	38	2	60	pips_40_500-8000.hdf5	both	none
247.8353	1	Stimulus/S  1	1	2478353	2478361	38	3	70	pips_40_500-8000.hdf5	both	none
248.8806	1	Stimulus/S  1	1	2488806	2488814	38	4	50	pips_40_500-8000.hdf5	both	none
249.926	1	Stimulus/S  1	1	2499260	2499268	38	5	30	pips_40_500-8000.hdf5	both	none
250.982	1	Stimulus/S  1	1	2509820	2509828	39	0	20	pips_40_500-8000.hdf5	both	none
252.0273	1	Stimulus/S  1	1	2520273	2520281	39	1	40	pips_40_500-8000.hdf5	both	none
253.0834	1	Stimulus/S  1	1	2530834	2530842	39	2	60	pips_40_500-8000.hdf5	both	none
254.1287	1	Stimulus/S  1	1	2541287	2541295	39	3	70	pips_40_500-8000.hdf5	both	none
255.1954	1	Stimulus/S  1	1	2551954	2551962	39	4	50	pips_40_500-8000.hdf5	both	none
256.2621	1	Stimulus/S  1	1	2562621	2562629	39	5	30	pips_40_500-8000.hdf5	both	none
257.3287	1	Stimulus/S  1	1	2573287	2573295	40	0	20	pips_40_500-8000.hdf5	both	none
258.3954	1	Stimulus/S  1	1	2583954	2583962	40	1	40	pips_40_500-8000.hdf5	both	none
259.4621	1	Stimulus/S  1	1	2594621	2594629	40	2	60	pips_40_500-8000.hdf5	both	none
260.5288	1	Stimulus/S  1	1	2605288	2605296	40	3	70	pips_40_500-8000.hdf5	both	none
261.5848	1	Stimulus/S  1	1	2615848	2615856	40	4	50	pips_40_500-8000.hdf5	both	none
262.6301	1	Stimulus/S  1	1	2626301	2626309	40	5	30	pips_40_500-8000.hdf5	both	none
263.6861	1	Stimulus/S  1	1	2636861	2636869	41	0	20	pips_40_500-8000.hdf5	both	none
264.7315	1	Stimulus/S  1	1	2647315	2647323	41	1	40	pips_40_500-8000.hdf5	both	none
265.7768	1	Stimulus/S  1	1	2657768	2657776	41	2	60	pips_40_500-8000.hdf5	both	none
266.8328	1	Stimulus/S  1	1	2668328	2668336	41	3	70	pips_40_500-8000.hdf5	both	none
267.8782	1	Stimulus/S  1	1	2678782	2678790	41	4	50	pips_40_500-8000.hdf5	both	none
268.9342	1	Stimulus/S  1	1	2689342	2689350	41	5	30	pips_40_500-8000.hdf5	both	none
269.9795	1	Stimulus/S  1	1	2699795	2699803	42	0	20	pips_40_500-8000.hdf5	both	none
271.0355	1	Stimulus/S  1	1	2710355	2710363	42	1	40	pips_40_500-8000.hdf5	both	none
272.1022	1	Stimulus/S  1	1	2721022	2721030	42	2	60	pips_40_500-8000.hdf5	both	none
273.1476	1	Stimulus/S  1	1	2731476	2731484	42	3	70	pips_40_500-8000.hdf5	both	none
274.2142	1	Stimulus/S  1	1	2742142	2742150	42	4	50	pips_40_500-8000.hdf5	both	none
275.2809	1	Stimulus/S  1	1	2752809	2752817	42	5	30	pips_40_500-8000.hdf5	both	none
276.3476	1	Stimulus/S  1	1	2763476	2763484	43	0	20	pips_40_500-8000.hdf5	both	none
277.4143	1	Stimulus/S  1	1	2774143	2774151	43	1	40	pips_40_500-8000.hdf5	both	none
278.4809	1	Stimulus/S  1	1	2784809	2784817	43	2	60	pips_40_500-8000.hdf5	both	none
279.5476	1	Stimulus/S  1	1	2795476	2795484	43	3	70	pips_40_500-8000.hdf5	both	none
280.593	1	Stimulus/S  1	1	2805930	2805938	43	4	50	pips_40_500-8000.hdf5	both	none
281.6596	1	Stimulus/S  1	1	2816596	2816604	43	5	30	pips_40_500-8000.hdf5	both	none
282.7156	1	Stimulus/S  1	1	2827156	2827164	44	0	20	pips_40_500-8000.hdf5	both	none
283.7823	1	Stimulus/S  1	1	2837823	2837831	44	1	40	pips_40_500-8000.hdf5	both	none
284.8277	1	Stimulus/S  1	1	2848277	2848285	44	2	60	pips_40_500-8000.hdf5	both	none
285.8837	1	Stimulus/S  1	1	2858837	2858845	44	3	70	pips_40_500-8000.hdf5	both	none
286.929	1	Stimulus/S  1	1	2869290	2869298	44	4	50	pips_40_500-8000.hdf5	both	none
287.985	1	Stimulus/S  1	1	2879850	2879858	44	5	30	pips_40_500-8000.hdf5	both	none
289.0304	1	Stimulus/S  1	1	2890304	2890312	45	0	20	pips_40_500-8000.hdf5	both	none
290.0757	1	Stimulus/S  1	1	2900757	2900765	45	1	40	pips_40_500-8000.hdf5	both	none
291.1317	1	Stimulus/S  1	1	2911317	2911325	45	2	60	pips_40_500-8000.hdf5	both	none
292.1984	1	Stimulus/S  1	1	2921984	2921992	45	3	70	pips_40_500-8000.hdf5	both	none
293.2437	1	Stimulus/S  1	1	2932437	2932445	45	4	50	pips_40_500-8000.hdf5	both	none
294.3104	1	Stimulus/S  1	1	2943104	2943112	45	5	30	pips_40_500-8000.hdf5	both	none
295.3664	1	Stimulus/S  1	1	2953664	2953672	46	0	20	pips_40_500-8000.hdf5	both	none
296.4331	1	Stimulus/S  1	1	2964331	2964339	46	1	40	pips_40_500-8000.hdf5	both	none
297.4998	1	Stimulus/S  1	1	2974998	2975006	46	2	60	pips_40_500-8000.hdf5	both	none
298.5665	1	Stimulus/S  1	1	2985665	2985673	46	3	70	pips_40_500-8000.hdf5	both	none
299.6331	1	Stimulus/S  1	1	2996331	2996339	46	4	50	pips_40_500-8000.hdf5	both	none
300.6998	1	Stimulus/S  1	1	3006998	3007006	46	5	30	pips_40_500-8000.hdf5	both	none
301.7665	1	Stimulus/S  1	1	3017665	3017673	47	0	20	pips_40_500-8000.hdf5	both	none
302.8332	1	Stimulus/S  1	1	3028332	3028340	47	1	40	pips_40_500-8000.hdf5	both	none
303.8999	1	Stimulus/S  1	1	3038999	3039007	47	2	60	pips_40_500-8000.hdf5	both	none
304.9665	1	Stimulus/S  1	1	3049665	3049673	47	3	70	pips_40_500-8000.hdf5	both	none
306.0119	1	Stimulus/S  1	1	3060119	3060127	47	4	50	pips_40_500-8000.hdf5	both	none
307.0786	1	Stimulus/S  1	1	3070786	3070794	47	5	30	pips_40_500-8000.hdf5	both	none
308.1346	1	Stimulus/S  1	1	3081346	3081354	48	0	20	pips_40_500-8000.hdf5	both	none
309.2012	1	Stimulus/S  1	1	3092012	3092020	48	1	40	pips_40_500-8000.hdf5	both	none
310.2466	1	Stimulus/S  1	1	3102466	3102474	48	2	60	pips_40_500-8000.hdf5	both	none
311.3026	1	Stimulus/S  1	1	3113026	3113034	48	3	70	pips_40_500-8000.hdf5	both	none
312.3479	1	Stimulus/S  1	1	3123479	3123487	48	4	50	pips_40_500-8000.hdf5	both	none
313.3933	1	Stimulus/S  1	1	3133933	3133941	48	5	30	pips_40_500-8000.hdf5	both	none
314.4493	1	Stimulus/S  1	1	3144493	3144501	49	0	20	pips_40_500-8000.hdf5	both	none
315.4946	1	Stimulus/S  1	1	3154946	3154954	49	1	40	pips_40_500-8000.hdf5	both	none
316.5506	1	Stimulus/S  1	1	3165506	3165514	49	2	60	pips_40_500-8000.hdf5	both	none
317.6173	1	Stimulus/S  1	1	3176173	3176181	49	3	70	pips_40_500-8000.hdf5	both	none
318.6627	1	Stimulus/S  1	1	3186627	3186635	49	4	50	pips_40_500-8000.hdf5	both	none
319.7293	1	Stimulus/S  1	1	3197293	3197301	49	5	30	pips_40_500-8000.hdf5	both	none
320.7854	1	Stimulus/S  1	1	3207854	3207862	50	0	20	pips_40_500-8000.hdf5	both	none
321.852	1	Stimulus/S  1	1	3218520	3218528	50	1	40	pips_40_500-8000.hdf5	both	none
322.9187	1	Stimulus/S  1	1	3229187	3229195	50	2	60	pips_40_500-8000.hdf5	both	none
323.9854	1	Stimulus/S  1	1	3239854	3239862	50	3	70	pips_40_500-8000.hdf5	both	none
325.0521	1	Stimulus/S  1	1	3250521	3250529	50	4	50	pips_40_500-8000.hdf5	both	none
326.1187	1	Stimulus/S  1	1	3261187	3261195	50	5	30	pips_40_500-8000.hdf5	both	none
327.1854	1	Stimulus/S  1	1	3271854	3271862	51	0	20	pips_40_500-8000.hdf5	both	none
328.2308	1	Stimulus/S  1	1	3282308	3282316	51	1	40	pips_40_500-8000.hdf5	both	none
329.2974	1	Stimulus/S  1	1	3292974	3292982	51	2	60	pips_40_500-8000.hdf5	both	none
330.3534	1	Stimulus/S  1	1	3303534	3303542	51	3	70	pips_40_500-8000.hdf5	both	none
331.4201	1	Stimulus/S  1	1	3314201	3314209	51	4	50	pips_40_500-8000.hdf5	both	none
332.4655	1	Stimulus/S  1	1	3324655	3324663	51	5	30	pips_40_500-8000.hdf5	both	none
333.5108	1	Stimulus/S  1	1	3335108	3335116	52	0	20	pips_40_500-8000.hdf5	both	none
334.5668	1	Stimulus/S  1	1	3345668	3345676	52	1	40	pips_40_500-8000.hdf5	both	none
335.6122	1	Stimulus/S  1	1	3356122	3356130	52	2	60	pips_40_500-8000.hdf5	both	none
336.6682	1	Stimulus/S  1	1	3366682	3366690	52	3	70	pips_40_500-8000.hdf5	both	none
337.7135	1	Stimulus/S  1	1	3377135	3377143	52	4	50	pips_40_500-8000.hdf5	both	none
338.7695	1	Stimulus/S  1	1	3387695	3387703	52	5	30	pips_40_500-8000.hdf5	both	none
339.8149	1	Stimulus/S  1	1	3398149	3398157	53	0	20	pips_40_500-8000.hdf5	both	none
340.8602	1	Stimulus/S  1	1	3408602	3408610	53	1	40	pips_40_500-8000.hdf5	both	none
341.9269	1	Stimulus/S  1	1	3419269	3419277	53	2	60	pips_40_500-8000.hdf5	both	none
342.9829	1	Stimulus/S  1	1	3429829	3429837	53	3	70	pips_40_500-8000.hdf5	both	none
344.0496	1	Stimulus/S  1	1	3440496	3440504	53	4	50	pips_40_500-8000.hdf5	both	none
345.0949	1	Stimulus/S  1	1	3450949	3450957	53	5	30	pips_40_500-8000.hdf5	both	none
346.1616	1	Stimulus/S  1	1	3461616	3461624	54	0	20	pips_40_500-8000.hdf5	both	none
347.2283	1	Stimulus/S  1	1	3472283	3472291	54	1	40	pips_40_500-8000.hdf5	both	none
348.295	1	Stimulus/S  1	1	3482950	3482958	54	2	60	pips_40_500-8000.hdf5	both	none
349.3616	1	Stimulus/S  1	1	3493616	3493624	54	3	70	pips_40_500-8000.hdf5	both	none
350.4283	1	Stimulus/S  1	1	3504283	3504291	54	4	50	pips_40_500-8000.hdf5	both	none
351.495	1	Stimulus/S  1	1	3514950	3514958	54	5	30	pips_40_500-8000.hdf5	both	none
352.5617	1	Stimulus/S  1	1	3525617	3525625	55	0	20	pips_40_500-8000.hdf5	both	none
353.6283	1	Stimulus/S  1	1	3536283	3536291	55	1	40	pips_40_500-8000.hdf5	both	none
354.695	1	Stimulus/S  1	1	3546950	3546958	55	2	60	pips_40_500-8000.hdf5	both	none
355.751	1	Stimulus/S  1	1	3557510	3557518	55	3	70	pips_40_500-8000.hdf5	both	none
356.8177	1	Stimulus/S  1	1	3568177	3568185	55	4	50	pips_40_500-8000.hdf5	both	none
357.863	1	Stimulus/S  1	1	3578630	3578638	55	5	30	pips_40_500-8000.hdf5	both	none
358.9297	1	Stimulus/S  1	1	3589297	3589305	56	0	20	pips_40_500-8000.hdf5	both	none
359.9857	1	Stimulus/S  1	1	3599857	3599865	56	1	40	pips_40_500-8000.hdf5	both	none
361.0311	1	Stimulus/S  1	1	3610311	3610319	56	2	60	pips_40_500-8000.hdf5	both	none
362.0871	1	Stimulus/S  1	1	3620871	3620879	56	3	70	pips_40_500-8000.hdf5	both	none
363.1324	1	Stimulus/S  1	1	3631324	3631332	56	4	50	pips_40_500-8000.hdf5	both	none
364.1778	1	Stimulus/S  1	1	3641778	3641786	56	5	30	pips_40_500-8000.hdf5	both	none
365.2445	1	Stimulus/S  1	1	3652445	3652453	57	0	20	pips_40_500-8000.hdf5	both	none
366.3005	1	Stimulus/S  1	1	3663005	3663013	57	1	40	pips_40_500-8000.hdf5	both	none
367.3671	1	Stimulus/S  1	1	3673671	3673679	57	2	60	pips_40_500-8000.hdf5	both	none
368.4125	1	Stimulus/S  1	1	3684125	3684133	57	3	70	pips_40_500-8000.hdf5	both	none
369.4792	1	Stimulus/S  1	1	3694792	3694800	57	4	50	pips_40_500-8000.hdf5	both	none
370.5458	1	Stimulus/S  1	1	3705458	3705466	57	5	30	pips_40_500-8000.hdf5	both	none
371.6125	1	Stimulus/S  1	1	3716125	3716133	58	0	20	pips_40_500-8000.hdf5	both	none
372.6792	1	Stimulus/S  1	1	3726792	3726800	58	1	40	pips_40_500-8000.hdf5	both	none
373.7459	1	Stimulus/S  1	1	3737459	3737467	58	2	60	pips_40_500-8000.hdf5	both	none
374.8125	1	Stimulus/S  1	1	3748125	3748133	58	3	70	pips_40_500-8000.hdf5	both	none
375.8792	1	Stimulus/S  1	1	3758792	3758800	58	4	50	pips_40_500-8000.hdf5	both	none
376.9459	1	Stimulus/S  1	1	3769459	3769467	58	5	30	pips_40_500-8000.hdf5	both	none
378.0126	1	Stimulus/S  1	1	3780126	3780134	59	0	20	pips_40_500-8000.hdf5	both	none
379.0686	1	Stimulus/S  1	1	3790686	3790694	59	1	40	pips_40_500-8000.hdf5	both	none
380.1353	1	Stimulus/S  1	1	3801353	3801361	59	2	60	pips_40_500-8000.hdf5	both	none
381.1806	1	Stimulus/S  1	1	3811806	3811814	59	3	70	pips_40_500-8000.hdf5	both	none
382.2473	1	Stimulus/S  1	1	3822473	3822481	59	4	50	pips_40_500-8000.hdf5	both	none
383.3033	1	Stimulus/S  1	1	3833033	3833041	59	5	30	pips_40_500-8000.hdf5	both	none
384.3486	1	Stimulus/S  1	1	3843486	3843494	60	0	20	pips_40_500-8000.hdf5	both	none
385.4046	1	Stimulus/S  1	1	3854046	3854054	60	1	40	pips_40_500-8000.hdf5	both	none
386.45	1	Stimulus/S  1	1	3864500	3864508	60	2	60	pips_40_500-8000.hdf5	both	none
387.4953	1	Stimulus/S  1	1	3874953	3874961	60	3	70	pips_40_500-8000.hdf5	both	none
388.5513	1	Stimulus/S  1	1	3885513	3885521	60	4	50	pips_40_500-8000.hdf5	both	none
389.5967	1	Stimulus/S  1	1	3895967	3895975	60	5	30	pips_40_500-8000.hdf5	both	none
390.6634	1	Stimulus/S  1	1	3906634	3906642	61	0	20	pips_40_500-8000.hdf5	both	none
391.7194	1	Stimulus/S  1	1	3917194	3917202	61	1	40	pips_40_500-8000.hdf5	both	none
392.7861	1	Stimulus/S  1	1	3927861	3927869	61	2	60	pips_40_500-8000.hdf5	both	none
393.8314	1	Stimulus/S  1	1	3938314	3938322	61	3	70	pips_40_500-8000.hdf5	both	none
394.8981	1	Stimulus/S  1	1	3948981	3948989	61	4	50	pips_40_500-8000.hdf5	both	none
395.9648	1	Stimulus/S  1	1	3959648	3959656	61	5	30	pips_40_500-8000.hdf5	both	none
397.0314	1	Stimulus/S  1	1	3970314	3970322	62	0	20	pips_40_500-8000.hdf5	both	none
398.0981	1	Stimulus/S  1	1	3980981	3980989	62	1	40	pips_40_500-8000.hdf5	both	none
399.1648	1	Stimulus/S  1	1	3991648	3991656	62	2	60	pips_40_500-8000.hdf5	both	none
400.2315	1	Stimulus/S  1	1	4002315	4002323	62	3	70	pips_40_500-8000.hdf5	both	none
401.2875	1	Stimulus/S  1	1	4012875	4012883	62	4	50	pips_40_500-8000.hdf5	both	none
402.3541	1	Stimulus/S  1	1	4023541	4023549	62	5	30	pips_40_500-8000.hdf5	both	none
403.4208	1	Stimulus/S  1	1	4034208	4034216	63	0	20	pips_40_500-8000.hdf5	both	none
404.4662	1	Stimulus/S  1	1	4044662	4044670	63	1	40	pips_40_500-8000.hdf5	both	none
405.5328	1	Stimulus/S  1	1	4055328	4055336	63	2	60	pips_40_500-8000.hdf5	both	none
406.5782	1	Stimulus/S  1	1	4065782	4065790	63	3	70	pips_40_500-8000.hdf5	both	none
407.6449	1	Stimulus/S  1	1	4076449	4076457	63	4	50	pips_40_500-8000.hdf5	both	none
408.7115	1	Stimulus/S  1	1	4087115	4087123	63	5	30	pips_40_500-8000.hdf5	both	none
409.7676	1	Stimulus/S  1	1	4097676	4097684	64	0	20	pips_40_500-8000.hdf5	both	none
410.8342	1	Stimulus/S  1	1	4108342	4108350	64	1	40	pips_40_500-8000.hdf5	both	none
411.9009	1	Stimulus/S  1	1	4119009	4119017	64	2	60	pips_40_500-8000.hdf5	both	none
412.9676	1	Stimulus/S  1	1	4129676	4129684	64	3	70	pips_40_500-8000.hdf5	both	none
414.0343	1	Stimulus/S  1	1	4140343	4140351	64	4	50	pips_40_500-8000.hdf5	both	none
415.1009	1	Stimulus/S  1	1	4151009	4151017	64	5	30	pips_40_500-8000.hdf5	both	none
416.1676	1	Stimulus/S  1	1	4161676	4161684	65	0	20	pips_40_500-8000.hdf5	both	none
417.2343	1	Stimulus/S  1	1	4172343	4172351	65	1	40	pips_40_500-8000.hdf5	both	none
418.2796	1	Stimulus/S  1	1	4182796	4182804	65	2	60	pips_40_500-8000.hdf5	both	none
419.3463	1	Stimulus/S  1	1	4193463	4193471	65	3	70	pips_40_500-8000.hdf5	both	none
420.413	1	Stimulus/S  1	1	4204130	4204138	65	4	50	pips_40_500-8000.hdf5	both	none
421.469	1	Stimulus/S  1	1	4214690	4214698	65	5	30	pips_40_500-8000.hdf5	both	none
422.5357	1	Stimulus/S  1	1	4225357	4225365	66	0	20	pips_40_500-8000.hdf5	both	none
423.6024	1	Stimulus/S  1	1	4236024	4236032	66	1	40	pips_40_500-8000.hdf5	both	none
424.669	1	Stimulus/S  1	1	4246690	4246698	66	2	60	pips_40_500-8000.hdf5	both	none
425.7357	1	Stimulus/S  1	1	4257357	4257365	66	3	70	pips_40_500-8000.hdf5	both	none
426.7811	1	Stimulus/S  1	1	4267811	4267819	66	4	50	pips_40_500-8000.hdf5	both	none
427.8477	1	Stimulus/S  1	1	4278477	4278485	66	5	30	pips_40_500-8000.hdf5	both	none
428.9144	1	Stimulus/S  1	1	4289144	4289152	67	0	20	pips_40_500-8000.hdf5	both	none
429.9811	1	Stimulus/S  1	1	4299811	4299819	67	1	40	pips_40_500-8000.hdf5	both	none
431.0371	1	Stimulus/S  1	1	4310371	4310379	67	2	60	pips_40_500-8000.hdf5	both	none
432.1038	1	Stimulus/S  1	1	4321038	4321046	67	3	70	pips_40_500-8000.hdf5	both	none
433.1704	1	Stimulus/S  1	1	4331704	4331712	67	4	50	pips_40_500-8000.hdf5	both	none
434.2158	1	Stimulus/S  1	1	4342158	4342166	67	5	30	pips_40_500-8000.hdf5	both	none
435.2825	1	Stimulus/S  1	1	4352825	4352833	68	0	20	pips_40_500-8000.hdf5	both	none
436.3491	1	Stimulus/S  1	1	4363491	4363499	68	1	40	pips_40_500-8000.hdf5	both	none
437.4052	1	Stimulus/S  1	1	4374052	4374060	68	2	60	pips_40_500-8000.hdf5	both	none
438.4505	1	Stimulus/S  1	1	4384505	4384513	68	3	70	pips_40_500-8000.hdf5	both	none
439.4958	1	Stimulus/S  1	1	4394958	4394966	68	4	50	pips_40_500-8000.hdf5	both	none
440.5625	1	Stimulus/S  1	1	4405625	4405633	68	5	30	pips_40_500-8000.hdf5	both	none
441.6292	1	Stimulus/S  1	1	4416292	4416300	69	0	20	pips_40_500-8000.hdf5	both	none
442.6959	1	Stimulus/S  1	1	4426959	4426967	69	1	40	pips_40_500-8000.hdf5	both	none
443.7626	1	Stimulus/S  1	1	4437626	4437634	69	2	60	pips_40_500-8000.hdf5	both	none
444.8186	1	Stimulus/S  1	1	4448186	4448194	69	3	70	pips_40_500-8000.hdf5	both	none
445.8639	1	Stimulus/S  1	1	4458639	4458647	69	4	50	pips_40_500-8000.hdf5	both	none
446.9199	1	Stimulus/S  1	1	4469199	4469207	69	5	30	pips_40_500-8000.hdf5	both	none
447.9653	1	Stimulus/S  1	1	4479653	4479661	70	0	20	pips_40_500-8000.hdf5	both	none
449.0213	1	Stimulus/S  1	1	4490213	4490221	70	1	40	pips_40_500-8000.hdf5	both	none
450.0666	1	Stimulus/S  1	1	4500666	4500674	70	2	60	pips_40_500-8000.hdf5	both	none
451.1226	1	Stimulus/S  1	1	4511226	4511234	70	3	70	pips_40_500-8000.hdf5	both	none
452.168	1	Stimulus/S  1	1	4521680	4521688	70	4	50	pips_40_500-8000.hdf5	both	none
453.2133	1	Stimulus/S  1	1	4532133	4532141	70	5	30	pips_40_500-8000.hdf5	both	none
454.2693	1	Stimulus/S  1	1	4542693	4542701	71	0	20	pips_40_500-8000.hdf5	both	none
455.3147	1	Stimulus/S  1	1	4553147	4553155	71	1	40	pips_40_500-8000.hdf5	both	none
456.3707	1	Stimulus/S  1	1	4563707	4563715	71	2	60	pips_40_500-8000.hdf5	both	none
457.416	1	Stimulus/S  1	1	4574160	4574168	71	3	70	pips_40_500-8000.hdf5	both	none
458.472	1	Stimulus/S  1	1	4584720	4584728	71	4	50	pips_40_500-8000.hdf5	both	none
459.5174	1	Stimulus/S  1	1	4595174	4595182	71	5	30	pips_40_500-8000.hdf5	both	none
460.5841	1	Stimulus/S  1	1	4605841	4605849	72	0	20	pips_40_500-8000.hdf5	both	none
461.6294	1	Stimulus/S  1	1	4616294	4616302	72	1	40	pips_40_500-8000.hdf5	both	none
462.6961	1	Stimulus/S  1	1	4626961	4626969	72	2	60	pips_40_500-8000.hdf5	both	none
463.7521	1	Stimulus/S  1	1	4637521	4637529	72	3	70	pips_40_500-8000.hdf5	both	none
464.8188	1	Stimulus/S  1	1	4648188	4648196	72	4	50	pips_40_500-8000.hdf5	both	none
465.8854	1	Stimulus/S  1	1	4658854	4658862	72	5	30	pips_40_500-8000.hdf5	both	none
466.9521	1	Stimulus/S  1	1	4669521	4669529	73	0	20	pips_40_500-8000.hdf5	both	none
467.9975	1	Stimulus/S  1	1	4679975	4679983	73	1	40	pips_40_500-8000.hdf5	both	none
469.0641	1	Stimulus/S  1	1	4690641	4690649	73	2	60	pips_40_500-8000.hdf5	both	none
470.1201	1	Stimulus/S  1	1	4701201	4701209	73	3	70	pips_40_500-8000.hdf5	both	none
471.1868	1	Stimulus/S  1	1	4711868	4711876	73	4	50	pips_40_500-8000.hdf5	both	none
472.2322	1	Stimulus/S  1	1	4722322	4722330	73	5	30	pips_40_500-8000.hdf5	both	none
473.2988	1	Stimulus/S  1	1	4732988	4732996	74	0	20	pips_40_500-8000.hdf5	both	none
474.3549	1	Stimulus/S  1	1	4743549	4743557	74	1	40	pips_40_500-8000.hdf5	both	none
475.4002	1	Stimulus/S  1	1	4754002	4754010	74	2	60	pips_40_500-8000.hdf5	both	none
476.4562	1	Stimulus/S  1	1	4764562	4764570	74	3	70	pips_40_500-8000.hdf5	both	none
477.5015	1	Stimulus/S  1	1	4775015	4775023	74	4	50	pips_40_500-8000.hdf5	both	none
478.5469	1	Stimulus/S  1	1	4785469	4785477	74	5	30	pips_40_500-8000.hdf5	both	none
479.6029	1	Stimulus/S  1	1	4796029	4796037	75	0	20	pips_40_500-8000.hdf5	both	none
480.6482	1	Stimulus/S  1	1	4806482	4806490	75	1	40	pips_40_500-8000.hdf5	both	none
481.7043	1	Stimulus/S  1	1	4817043	4817051	75	2	60	pips_40_500-8000.hdf5	both	none
482.7496	1	Stimulus/S  1	1	4827496	4827504	75	3	70	pips_40_500-8000.hdf5	both	none
483.8056	1	Stimulus/S  1	1	4838056	4838064	75	4	50	pips_40_500-8000.hdf5	both	none
484.851	1	Stimulus/S  1	1	4848510	4848518	75	5	30	pips_40_500-8000.hdf5	both	none
485.8963	1	Stimulus/S  1	1	4858963	4858971	76	0	20	pips_40_500-8000.hdf5	both	none
486.9523	1	Stimulus/S  1	1	4869523	4869531	76	1	40	pips_40_500-8000.hdf5	both	none
488.019	1	Stimulus/S  1	1	4880190	4880198	76	2	60	pips_40_500-8000.hdf5	both	none
489.0643	1	Stimulus/S  1	1	4890643	4890651	76	3	70	pips_40_500-8000.hdf5	both	none
490.131	1	Stimulus/S  1	1	4901310	4901318	76	4	50	pips_40_500-8000.hdf5	both	none
491.187	1	Stimulus/S  1	1	4911870	4911878	76	5	30	pips_40_500-8000.hdf5	both	none
492.2537	1	Stimulus/S  1	1	4922537	4922545	77	0	20	pips_40_500-8000.hdf5	both	none
493.3204	1	Stimulus/S  1	1	4933204	4933212	77	1	40	pips_40_500-8000.hdf5	both	none
494.3657	1	Stimulus/S  1	1	4943657	4943665	77	2	60	pips_40_500-8000.hdf5	both	none
495.4324	1	Stimulus/S  1	1	4954324	4954332	77	3	70	pips_40_500-8000.hdf5	both	none
496.4884	1	Stimulus/S  1	1	4964884	4964892	77	4	50	pips_40_500-8000.hdf5	both	none
497.5551	1	Stimulus/S  1	1	4975551	4975559	77	5	30	pips_40_500-8000.hdf5	both	none
498.6218	1	Stimulus/S  1	1	4986218	4986226	78	0	20	pips_40_500-8000.hdf5	both	none
499.6884	1	Stimulus/S  1	1	4996884	4996892	78	1	40	pips_40_500-8000.hdf5	both	none
500.7338	1	Stimulus/S  1	1	5007338	5007346	78	2	60	pips_40_500-8000.hdf5	both	none
501.8005	1	Stimulus/S  1	1	5018005	5018013	78	3	70	pips_40_500-8000.hdf5	both	none
502.8671	1	Stimulus/S  1	1	5028671	5028679	78	4	50	pips_40_500-8000.hdf5	both	none
503.9231	1	Stimulus/S  1	1	5039231	5039239	78	5	30	pips_40_500-8000.hdf5	both	none
504.9898	1	Stimulus/S  1	1	5049898	5049906	79	0	20	pips_40_500-8000.hdf5	both	none
506.0352	1	Stimulus/S  1	1	5060352	5060360	79	1	40	pips_40_500-8000.hdf5	both	none
507.1018	1	Stimulus/S  1	1	5071018	5071026	79	2	60	pips_40_500-8000.hdf5	both	none
508.1685	1	Stimulus/S  1	1	5081685	5081693	79	3	70	pips_40_500-8000.hdf5	both	none
509.2139	1	Stimulus/S  1	1	5092139	5092147	79	4	50	pips_40_500-8000.hdf5	both	none
510.2805	1	Stimulus/S  1	1	5102805	5102813	79	5	30	pips_40_500-8000.hdf5	both	none
511.3365	1	Stimulus/S  1	1	5113365	5113373	80	0	20	pips_40_500-8000.hdf5	both	none
512.4032	1	Stimulus/S  1	1	5124032	5124040	80	1	40	pips_40_500-8000.hdf5	both	none
513.4486	1	Stimulus/S  1	1	5134486	5134494	80	2	60	pips_40_500-8000.hdf5	both	none
514.5046	1	Stimulus/S  1	1	5145046	5145054	80	3	70	pips_40_500-8000.hdf5	both	none
515.5499	1	Stimulus/S  1	1	5155499	5155507	80	4	50	pips_40_500-8000.hdf5	both	none
516.6059	1	Stimulus/S  1	1	5166059	5166067	80	5	30	pips_40_500-8000.hdf5	both	none
517.6513	1	Stimulus/S  1	1	5176513	5176521	81	0	20	pips_40_500-8000.hdf5	both	none
518.6966	1	Stimulus/S  1	1	5186966	5186974	81	1	40	pips_40_500-8000.hdf5	both	none
519.7526	1	Stimulus/S  1	1	5197526	5197534	81	2	60	pips_40_500-8000.hdf5	both	none
520.798	1	Stimulus/S  1	1	5207980	5207988	81	3	70	pips_40_500-8000.hdf5	both	none
521.854	1	Stimulus/S  1	1	5218540	5218548	81	4	50	pips_40_500-8000.hdf5	both	none
522.8993	1	Stimulus/S  1	1	5228993	5229001	81	5	30	pips_40_500-8000.hdf5	both	none
523.9553	1	Stimulus/S  1	1	5239553	5239561	82	0	20	pips_40_500-8000.hdf5	both	none
525.0007	1	Stimulus/S  1	1	5250007	5250015	82	1	40	pips_40_500-8000.hdf5	both	none
526.0567	1	Stimulus/S  1	1	5260567	5260575	82	2	60	pips_40_500-8000.hdf5	both	none
527.102	1	Stimulus/S  1	1	5271020	5271028	82	3	70	pips_40_500-8000.hdf5	both	none
528.1474	1	Stimulus/S  1	1	5281474	5281482	82	4	50	pips_40_500-8000.hdf5	both	none
529.2034	1	Stimulus/S  1	1	5292034	5292042	82	5	30	pips_40_500-8000.hdf5	both	none
530.2487	1	Stimulus/S  1	1	5302487	5302495	83	0	20	pips_40_500-8000.hdf5	both	none
531.3047	1	Stimulus/S  1	1	5313047	5313055	83	1	40	pips_40_500-8000.hdf5	both	none
532.3714	1	Stimulus/S  1	1	5323714	5323722	83	2	60	pips_40_500-8000.hdf5	both	none
533.4381	1	Stimulus/S  1	1	5334381	5334389	83	3	70	pips_40_500-8000.hdf5	both	none
534.5048	1	Stimulus/S  1	1	5345048	5345056	83	4	50	pips_40_500-8000.hdf5	both	none
535.5714	1	Stimulus/S  1	1	5355714	5355722	83	5	30	pips_40_500-8000.hdf5	both	none
536.6381	1	Stimulus/S  1	1	5366381	5366389	84	0	20	pips_40_500-8000.hdf5	both	none
537.7048	1	Stimulus/S  1	1	5377048	5377056	84	1	40	pips_40_500-8000.hdf5	both	none
538.7501	1	Stimulus/S  1	1	5387501	5387509	84	2	60	pips_40_500-8000.hdf5	both	none
539.8168	1	Stimulus/S  1	1	5398168	5398176	84	3	70	pips_40_500-8000.hdf5	both	none
540.8835	1	Stimulus/S  1	1	5408835	5408843	84	4	50	pips_40_500-8000.hdf5	both	none
541.9395	1	Stimulus/S  1	1	5419395	5419403	84	5	30	pips_40_500-8000.hdf5	both	none
543.0062	1	Stimulus/S  1	1	5430062	5430070	85	0	20	pips_40_500-8000.hdf5	both	none
544.0515	1	Stimulus/S  1	1	5440515	5440523	85	1	40	pips_40_500-8000.hdf5	both	none
545.1182	1	Stimulus/S  1	1	5451182	5451190	85	2	60	pips_40_500-8000.hdf5	both	none
546.1742	1	Stimulus/S  1	1	5461742	5461750	85	3	70	pips_40_500-8000.hdf5	both	none
547.2409	1	Stimulus/S  1	1	5472409	5472417	85	4	50	pips_40_500-8000.hdf5	both	none
548.2862	1	Stimulus/S  1	1	5482862	5482870	85	5	30	pips_40_500-8000.hdf5	both	none
549.3316	1	Stimulus/S  1	1	5493316	5493324	86	0	20	pips_40_500-8000.hdf5	both	none
550.3876	1	Stimulus/S  1	1	5503876	5503884	86	1	40	pips_40_500-8000.hdf5	both	none
551.4329	1	Stimulus/S  1	1	5514329	5514337	86	2	60	pips_40_500-8000.hdf5	both	none
552.4889	1	Stimulus/S  1	1	5524889	5524897	86	3	70	pips_40_500-8000.hdf5	both	none
553.5343	1	Stimulus/S  1	1	5535343	5535351	86	4	50	pips_40_500-8000.hdf5	both	none
554.5903	1	Stimulus/S  1	1	5545903	5545911	86	5	30	pips_40_500-8000.hdf5	both	none
555.6356	1	Stimulus/S  1	1	5556356	5556364	87	0	20	pips_40_500-8000.hdf5	both	none
556.681	1	Stimulus/S  1	1	5566810	5566818	87	1	40	pips_40_500-8000.hdf5	both	none
557.737	1	Stimulus/S  1	1	5577370	5577378	87	2	60	pips_40_500-8000.hdf5	both	none
558.7823	1	Stimulus/S  1	1	5587823	5587831	87	3	70	pips_40_500-8000.hdf5	both	none
559.8384	1	Stimulus/S  1	1	5598384	5598392	87	4	50	pips_40_500-8000.hdf5	both	none
560.8837	1	Stimulus/S  1	1	5608837	5608845	87	5	30	pips_40_500-8000.hdf5	both	none
561.9397	1	Stimulus/S  1	1	5619397	5619405	88	0	20	pips_40_500-8000.hdf5	both	none
562.985	1	Stimulus/S  1	1	5629850	5629858	88	1	40	pips_40_500-8000.hdf5	both	none
564.0411	1	Stimulus/S  1	1	5640411	5640419	88	2	60	pips_40_500-8000.hdf5	both	none
565.0864	1	Stimulus/S  1	1	5650864	5650872	88	3	70	pips_40_500-8000.hdf5	both	none
566.1531	1	Stimulus/S  1	1	5661531	5661539	88	4	50	pips_40_500-8000.hdf5	both	none
567.1984	1	Stimulus/S  1	1	5671984	5671992	88	5	30	pips_40_500-8000.hdf5	both	none
568.2544	1	Stimulus/S  1	1	5682544	5682552	89	0	20	pips_40_500-8000.hdf5	both	none
569.2998	1	Stimulus/S  1	1	5692998	5693006	89	1	40	pips_40_500-8000.hdf5	both	none
570.3665	1	Stimulus/S  1	1	5703665	5703673	89	2	60	pips_40_500-8000.hdf5	both	none
571.4225	1	Stimulus/S  1	1	5714225	5714233	89	3	70	pips_40_500-8000.hdf5	both	none
572.4891	1	Stimulus/S  1	1	5724891	5724899	89	4	50	pips_40_500-8000.hdf5	both	none
573.5558	1	Stimulus/S  1	1	5735558	5735566	89	5	30	pips_40_500-8000.hdf5	both	none
574.6012	1	Stimulus/S  1	1	5746012	5746020	90	0	20	pips_40_500-8000.hdf5	both	none
575.6678	1	Stimulus/S  1	1	5756678	5756686	90	1	40	pips_40_500-8000.hdf5	both	none
576.7239	1	Stimulus/S  1	1	5767239	5767247	90	2	60	pips_40_500-8000.hdf5	both	none
577.7905	1	Stimulus/S  1	1	5777905	5777913	90	3	70	pips_40_500-8000.hdf5	both	none
578.8572	1	Stimulus/S  1	1	5788572	5788580	90	4	50	pips_40_500-8000.hdf5	both	none
579.9025	1	Stimulus/S  1	1	5799025	5799033	90	5	30	pips_40_500-8000.hdf5	both	none
580.9479	1	Stimulus/S  1	1	5809479	5809487	91	0	20	pips_40_500-8000.hdf5	both	none
582.0146	1	Stimulus/S  1	1	5820146	5820154	91	1	40	pips_40_500-8000.hdf5	both	none
583.0812	1	Stimulus/S  1	1	5830812	5830820	91	2	60	pips_40_500-8000.hdf5	both	none
584.1586	1	Stimulus/S  1	1	5841586	5841594	91	3	70	pips_40_500-8000.hdf5	both	none
585.2146	1	Stimulus/S  1	1	5852146	5852154	91	4	50	pips_40_500-8000.hdf5	both	none
586.2813	1	Stimulus/S  1	1	5862813	5862821	91	5	30	pips_40_500-8000.hdf5	both	none
587.3586	1	Stimulus/S  1	1	5873586	5873594	92	0	20	pips_40_500-8000.hdf5	both	none
588.4146	1	Stimulus/S  1	1	5884146	5884154	92	1	40	pips_40_500-8000.hdf5	both	none
589.4813	1	Stimulus/S  1	1	5894813	5894821	92	2	60	pips_40_500-8000.hdf5	both	none
590.548	1	Stimulus/S  1	1	5905480	5905488	92	3	70	pips_40_500-8000.hdf5	both	none
591.6147	1	Stimulus/S  1	1	5916147	5916155	92	4	50	pips_40_500-8000.hdf5	both	none
592.6813	1	Stimulus/S  1	1	5926813	5926821	92	5	30	pips_40_500-8000.hdf5	both	none
593.748	1	Stimulus/S  1	1	5937480	5937488	93	0	20	pips_40_500-8000.hdf5	both	none
594.8147	1	Stimulus/S  1	1	5948147	5948155	93	1	40	pips_40_500-8000.hdf5	both	none
595.892	1	Stimulus/S  1	1	5958920	5958928	93	2	60	pips_40_500-8000.hdf5	both	none
596.948	1	Stimulus/S  1	1	5969480	5969488	93	3	70	pips_40_500-8000.hdf5	both	none
598.0147	1	Stimulus/S  1	1	5980147	5980155	93	4	50	pips_40_500-8000.hdf5	both	none
599.0814	1	Stimulus/S  1	1	5990814	5990822	93	5	30	pips_40_500-8000.hdf5	both	none
600.1481	1	Stimulus/S  1	1	6001481	6001489	94	0	20	pips_40_500-8000.hdf5	both	none
601.2148	1	Stimulus/S  1	1	6012148	6012156	94	1	40	pips_40_500-8000.hdf5	both	none
602.2921	1	Stimulus/S  1	1	6022921	6022929	94	2	60	pips_40_500-8000.hdf5	both	none
603.3588	1	Stimulus/S  1	1	6033588	6033596	94	3	70	pips_40_500-8000.hdf5	both	none
604.4148	1	Stimulus/S  1	1	6044148	6044156	94	4	50	pips_40_500-8000.hdf5	both	none
605.4921	1	Stimulus/S  1	1	6054921	6054929	94	5	30	pips_40_500-8000.hdf5	both	none
606.5588	1	Stimulus/S  1	1	6065588	6065596	95	0	20	pips_40_500-8000.hdf5	both	none
607.6042	1	Stimulus/S  1	1	6076042	6076050	95	1	40	pips_40_500-8000.hdf5	both	none
608.6708	1	Stimulus/S  1	1	6086708	6086716	95	2	60	pips_40_500-8000.hdf5	both	none
609.7162	1	Stimulus/S  1	1	6097162	6097170	95	3	70	pips_40_500-8000.hdf5	both	none
610.7828	1	Stimulus/S  1	1	6107828	6107836	95	4	50	pips_40_500-8000.hdf5	both	none
611.8495	1	Stimulus/S  1	1	6118495	6118503	95	5	30	pips_40_500-8000.hdf5	both	none
612.9055	1	Stimulus/S  1	1	6129055	6129063	96	0	20	pips_40_500-8000.hdf5	both	none
613.9509	1	Stimulus/S  1	1	6139509	6139517	96	1	40	pips_40_500-8000.hdf5	both	none
615.0069	1	Stimulus/S  1	1	6150069	6150077	96	2	60	pips_40_500-8000.hdf5	both	none
616.0522	1	Stimulus/S  1	1	6160522	6160530	96	3	70	pips_40_500-8000.hdf5	both	none
617.1082	1	Stimulus/S  1	1	6171082	6171090	96	4	50	pips_40_500-8000.hdf5	both	none
618.1536	1	Stimulus/S  1	1	6181536	6181544	96	5	30	pips_40_500-8000.hdf5	both	none
619.1989	1	Stimulus/S  1	1	6191989	6191997	97	0	20	pips_40_500-8000.hdf5	both	none
620.2549	1	Stimulus/S  1	1	6202549	6202557	97	1	40	pips_40_500-8000.hdf5	both	none
621.3003	1	Stimulus/S  1	1	6213003	6213011	97	2	60	pips_40_500-8000.hdf5	both	none
622.3563	1	Stimulus/S  1	1	6223563	6223571	97	3	70	pips_40_500-8000.hdf5	both	none
623.423	1	Stimulus/S  1	1	6234230	6234238	97	4	50	pips_40_500-8000.hdf5	both	none
624.4683	1	Stimulus/S  1	1	6244683	6244691	97	5	30	pips_40_500-8000.hdf5	both	none
625.535	1	Stimulus/S  1	1	6255350	6255358	98	0	20	pips_40_500-8000.hdf5	both	none
626.6017	1	Stimulus/S  1	1	6266017	6266025	98	1	40	pips_40_500-8000.hdf5	both	none
627.6683	1	Stimulus/S  1	1	6276683	6276691	98	2	60	pips_40_500-8000.hdf5	both	none
628.735	1	Stimulus/S  1	1	6287350	6287358	98	3	70	pips_40_500-8000.hdf5	both	none
629.8017	1	Stimulus/S  1	1	6298017	6298025	98	4	50	pips_40_500-8000.hdf5	both	none
630.8684	1	Stimulus/S  1	1	6308684	6308692	98	5	30	pips_40_500-8000.hdf5	both	none
631.9351	1	Stimulus/S  1	1	6319351	6319359	99	0	20	pips_40_500-8000.hdf5	both	none
633.0017	1	Stimulus/S  1	1	6330017	6330025	99	1	40	pips_40_500-8000.hdf5	both	none
634.0684	1	Stimulus/S  1	1	6340684	6340692	99	2	60	pips_40_500-8000.hdf5	both	none
635.1351	1	Stimulus/S  1	1	6351351	6351359	99	3	70	pips_40_500-8000.hdf5	both	none
636.2018	1	Stimulus/S  1	1	6362018	6362026	99	4	50	pips_40_500-8000.hdf5	both	none
637.2684	1	Stimulus/S  1	1	6372684	6372692	99	5	30	pips_40_500-8000.hdf5	both	none
638.3245	1	Stimulus/S  1	1	6383245	6383253	100	0	20	pips_40_500-8000.hdf5	both	none
639.3911	1	Stimulus/S  1	1	6393911	6393919	100	1	40	pips_40_500-8000.hdf5	both	none
640.4578	1	Stimulus/S  1	1	6404578	6404586	100	2	60	pips_40_500-8000.hdf5	both	none
641.5031	1	Stimulus/S  1	1	6415031	6415039	100	3	70	pips_40_500-8000.hdf5	both	none
642.5698	1	Stimulus/S  1	1	6425698	6425706	100	4	50	pips_40_500-8000.hdf5	both	none
643.6152	1	Stimulus/S  1	1	6436152	6436160	100	5	30	pips_40_500-8000.hdf5	both	none
644.6925	1	Stimulus/S  1	1	6446925	6446933	101	0	20	pips_40_500-8000.hdf5	both	none
645.7699	1	Stimulus/S  1	1	6457699	6457707	101	1	40	pips_40_500-8000.hdf5	both	none
646.8259	1	Stimulus/S  1	1	6468259	6468267	101	2	60	pips_40_500-8000.hdf5	both	none
647.8925	1	Stimulus/S  1	1	6478925	6478933	101	3	70	pips_40_500-8000.hdf5	both	none
648.9486	1	Stimulus/S  1	1	6489486	6489494	101	4	50	pips_40_500-8000.hdf5	both	none
650.0046	1	Stimulus/S  1	1	6500046	6500054	101	5	30	pips_40_500-8000.hdf5	both	none
651.0712	1	Stimulus/S  1	1	6510712	6510720	102	0	20	pips_40_500-8000.hdf5	both	none
652.1166	1	Stimulus/S  1	1	6521166	6521174	102	1	40	pips_40_500-8000.hdf5	both	none
653.1833	1	Stimulus/S  1	1	6531833	6531841	102	2	60	pips_40_500-8000.hdf5	both	none
654.2499	1	Stimulus/S  1	1	6542499	6542507	102	3	70	pips_40_500-8000.hdf5	both	none
655.306	1	Stimulus/S  1	1	6553060	6553068	102	4	50	pips_40_500-8000.hdf5	both	none
656.3513	1	Stimulus/S  1	1	6563513	6563521	102	5	30	pips_40_500-8000.hdf5	both	none
657.4073	1	Stimulus/S  1	1	6574073	6574081	103	0	20	pips_40_500-8000.hdf5	both	none
658.4526	1	Stimulus/S  1	1	6584526	6584534	103	1	40	pips_40_500-8000.hdf5	both	none
659.5087	1	Stimulus/S  1	1	6595087	6595095	103	2	60	pips_40_500-8000.hdf5	both	none
660.554	1	Stimulus/S  1	1	6605540	6605548	103	3	70	pips_40_500-8000.hdf5	both	none
661.5993	1	Stimulus/S  1	1	6615993	6616001	103	4	50	pips_40_500-8000.hdf5	both	none
662.6554	1	Stimulus/S  1	1	6626554	6626562	103	5	30	pips_40_500-8000.hdf5	both	none
663.7007	1	Stimulus/S  1	1	6637007	6637015	104	0	20	pips_40_500-8000.hdf5	both	none
664.7567	1	Stimulus/S  1	1	6647567	6647575	104	1	40	pips_40_500-8000.hdf5	both	none
665.8021	1	Stimulus/S  1	1	6658021	6658029	104	2	60	pips_40_500-8000.hdf5	both	none
666.8581	1	Stimulus/S  1	1	6668581	6668589	104	3	70	pips_40_500-8000.hdf5	both	none
667.9034	1	Stimulus/S  1	1	6679034	6679042	104	4	50	pips_40_500-8000.hdf5	both	none
668.9594	1	Stimulus/S  1	1	6689594	6689602	104	5	30	pips_40_500-8000.hdf5	both	none
670.0261	1	Stimulus/S  1	1	6700261	6700269	105	0	20	pips_40_500-8000.hdf5	both	none
671.0714	1	Stimulus/S  1	1	6710714	6710722	105	1	40	pips_40_500-8000.hdf5	both	none
672.1168	1	Stimulus/S  1	1	6721168	6721176	105	2	60	pips_40_500-8000.hdf5	both	none
673.1728	1	Stimulus/S  1	1	6731728	6731736	105	3	70	pips_40_500-8000.hdf5	both	none
674.2181	1	Stimulus/S  1	1	6742181	6742189	105	4	50	pips_40_500-8000.hdf5	both	none
675.2741	1	Stimulus/S  1	1	6752741	6752749	105	5	30	pips_40_500-8000.hdf5	both	none
676.3195	1	Stimulus/S  1	1	6763195	6763203	106	0	20	pips_40_500-8000.hdf5	both	none
677.3755	1	Stimulus/S  1	1	6773755	6773763	106	1	40	pips_40_500-8000.hdf5	both	none
678.4208	1	Stimulus/S  1	1	6784208	6784216	106	2	60	pips_40_500-8000.hdf5	both	none
679.4662	1	Stimulus/S  1	1	6794662	6794670	106	3	70	pips_40_500-8000.hdf5	both	none
680.5222	1	Stimulus/S  1	1	6805222	6805230	106	4	50	pips_40_500-8000.hdf5	both	none
681.5675	1	Stimulus/S  1	1	6815675	6815683	106	5	30	pips_40_500-8000.hdf5	both	none
682.6342	1	Stimulus/S  1	1	6826342	6826350	107	0	20	pips_40_500-8000.hdf5	both	none
683.6902	1	Stimulus/S  1	1	6836902	6836910	107	1	40	pips_40_500-8000.hdf5	both	none
684.7356	1	Stimulus/S  1	1	6847356	6847364	107	2	60	pips_40_500-8000.hdf5	both	none
685.7916	1	Stimulus/S  1	1	6857916	6857924	107	3	70	pips_40_500-8000.hdf5	both	none
686.8369	1	Stimulus/S  1	1	6868369	6868377	107	4	50	pips_40_500-8000.hdf5	both	none
687.8929	1	Stimulus/S  1	1	6878929	6878937	107	5	30	pips_40_500-8000.hdf5	both	none
688.9383	1	Stimulus/S  1	1	6889383	6889391	108	0	20	pips_40_500-8000.hdf5	both	none
689.9836	1	Stimulus/S  1	1	6899836	6899844	108	1	40	pips_40_500-8000.hdf5	both	none
691.0396	1	Stimulus/S  1	1	6910396	6910404	108	2	60	pips_40_500-8000.hdf5	both	none
692.085	1	Stimulus/S  1	1	6920850	6920858	108	3	70	pips_40_500-8000.hdf5	both	none
693.141	1	Stimulus/S  1	1	6931410	6931418	108	4	50	pips_40_500-8000.hdf5	both	none
694.1863	1	Stimulus/S  1	1	6941863	6941871	108	5	30	pips_40_500-8000.hdf5	both	none
695.2423	1	Stimulus/S  1	1	6952423	6952431	109	0	20	pips_40_500-8000.hdf5	both	none
696.2877	1	Stimulus/S  1	1	6962877	6962885	109	1	40	pips_40_500-8000.hdf5	both	none
697.333	1	Stimulus/S  1	1	6973330	6973338	109	2	60	pips_40_500-8000.hdf5	both	none
698.389	1	Stimulus/S  1	1	6983890	6983898	109	3	70	pips_40_500-8000.hdf5	both	none
699.4557	1	Stimulus/S  1	1	6994557	6994565	109	4	50	pips_40_500-8000.hdf5	both	none
700.5224	1	Stimulus/S  1	1	7005224	7005232	109	5	30	pips_40_500-8000.hdf5	both	none
701.5891	1	Stimulus/S  1	1	7015891	7015899	110	0	20	pips_40_500-8000.hdf5	both	none
702.6557	1	Stimulus/S  1	1	7026557	7026565	110	1	40	pips_40_500-8000.hdf5	both	none
703.7224	1	Stimulus/S  1	1	7037224	7037232	110	2	60	pips_40_500-8000.hdf5	both	none
704.7678	1	Stimulus/S  1	1	7047678	7047686	110	3	70	pips_40_500-8000.hdf5	both	none
705.8344	1	Stimulus/S  1	1	7058344	7058352	110	4	50	pips_40_500-8000.hdf5	both	none
706.8905	1	Stimulus/S  1	1	7068905	7068913	110	5	30	pips_40_500-8000.hdf5	both	none
707.9358	1	Stimulus/S  1	1	7079358	7079366	111	0	20	pips_40_500-8000.hdf5	both	none
708.9918	1	Stimulus/S  1	1	7089918	7089926	111	1	40	pips_40_500-8000.hdf5	both	none
710.0372	1	Stimulus/S  1	1	7100372	7100380	111	2	60	pips_40_500-8000.hdf5	both	none
711.0932	1	Stimulus/S  1	1	7110932	7110940	111	3	70	pips_40_500-8000.hdf5	both	none
712.1385	1	Stimulus/S  1	1	7121385	7121393	111	4	50	pips_40_500-8000.hdf5	both	none
713.1838	1	Stimulus/S  1	1	7131838	7131846	111	5	30	pips_40_500-8000.hdf5	both	none
714.2505	1	Stimulus/S  1	1	7142505	7142513	112	0	20	pips_40_500-8000.hdf5	both	none
715.3065	1	Stimulus/S  1	1	7153065	7153073	112	1	40	pips_40_500-8000.hdf5	both	none
716.3732	1	Stimulus/S  1	1	7163732	7163740	112	2	60	pips_40_500-8000.hdf5	both	none
717.4186	1	Stimulus/S  1	1	7174186	7174194	112	3	70	pips_40_500-8000.hdf5	both	none
718.4852	1	Stimulus/S  1	1	7184852	7184860	112	4	50	pips_40_500-8000.hdf5	both	none
719.5519	1	Stimulus/S  1	1	7195519	7195527	112	5	30	pips_40_500-8000.hdf5	both	none
720.6079	1	Stimulus/S  1	1	7206079	7206087	113	0	20	pips_40_500-8000.hdf5	both	none
721.6746	1	Stimulus/S  1	1	7216746	7216754	113	1	40	pips_40_500-8000.hdf5	both	none
722.7199	1	Stimulus/S  1	1	7227199	7227207	113	2	60	pips_40_500-8000.hdf5	both	none
723.7866	1	Stimulus/S  1	1	7237866	7237874	113	3	70	pips_40_500-8000.hdf5	both	none
724.8533	1	Stimulus/S  1	1	7248533	7248541	113	4	50	pips_40_500-8000.hdf5	both	none
725.9093	1	Stimulus/S  1	1	7259093	7259101	113	5	30	pips_40_500-8000.hdf5	both	none
726.976	1	Stimulus/S  1	1	7269760	7269768	114	0	20	pips_40_500-8000.hdf5	both	none
728.0213	1	Stimulus/S  1	1	7280213	7280221	114	1	40	pips_40_500-8000.hdf5	both	none
729.088	1	Stimulus/S  1	1	7290880	7290888	114	2	60	pips_40_500-8000.hdf5	both	none
730.1547	1	Stimulus/S  1	1	7301547	7301555	114	3	70	pips_40_500-8000.hdf5	both	none
731.2214	1	Stimulus/S  1	1	7312214	7312222	114	4	50	pips_40_500-8000.hdf5	both	none
732.288	1	Stimulus/S  1	1	7322880	7322888	114	5	30	pips_40_500-8000.hdf5	both	none
733.3547	1	Stimulus/S  1	1	7333547	7333555	115	0	20	pips_40_500-8000.hdf5	both	none
734.4214	1	Stimulus/S  1	1	7344214	7344222	115	1	40	pips_40_500-8000.hdf5	both	none
735.4881	1	Stimulus/S  1	1	7354881	7354889	115	2	60	pips_40_500-8000.hdf5	both	none
736.5547	1	Stimulus/S  1	1	7365547	7365555	115	3	70	pips_40_500-8000.hdf5	both	none
737.6214	1	Stimulus/S  1	1	7376214	7376222	115	4	50	pips_40_500-8000.hdf5	both	none
738.6774	1	Stimulus/S  1	1	7386774	7386782	115	5	30	pips_40_500-8000.hdf5	both	none
739.7441	1	Stimulus/S  1	1	7397441	7397449	116	0	20	pips_40_500-8000.hdf5	both	none
740.7895	1	Stimulus/S  1	1	7407895	7407903	116	1	40	pips_40_500-8000.hdf5	both	none
741.8561	1	Stimulus/S  1	1	7418561	7418569	116	2	60	pips_40_500-8000.hdf5	both	none
742.9228	1	Stimulus/S  1	1	7429228	7429236	116	3	70	pips_40_500-8000.hdf5	both	none
743.9681	1	Stimulus/S  1	1	7439681	7439689	116	4	50	pips_40_500-8000.hdf5	both	none
745.0348	1	Stimulus/S  1	1	7450348	7450356	116	5	30	pips_40_500-8000.hdf5	both	none
746.0908	1	Stimulus/S  1	1	7460908	7460916	117	0	20	pips_40_500-8000.hdf5	both	none
747.1575	1	Stimulus/S  1	1	7471575	7471583	117	1	40	pips_40_500-8000.hdf5	both	none
748.2029	1	Stimulus/S  1	1	7482029	7482037	117	2	60	pips_40_500-8000.hdf5	both	none
749.2589	1	Stimulus/S  1	1	7492589	7492597	117	3	70	pips_40_500-8000.hdf5	both	none
750.3042	1	Stimulus/S  1	1	7503042	7503050	117	4	50	pips_40_500-8000.hdf5	both	none
751.3602	1	Stimulus/S  1	1	7513602	7513610	117	5	30	pips_40_500-8000.hdf5	both	none
752.4056	1	Stimulus/S  1	1	7524056	7524064	118	0	20	pips_40_500-8000.hdf5	both	none
753.4722	1	Stimulus/S  1	1	7534722	7534730	118	1	40	pips_40_500-8000.hdf5	both	none
754.5176	1	Stimulus/S  1	1	7545176	7545184	118	2	60	pips_40_500-8000.hdf5	both	none
755.5843	1	Stimulus/S  1	1	7555843	7555851	118	3	70	pips_40_500-8000.hdf5	both	none
756.6403	1	Stimulus/S  1	1	7566403	7566411	118	4	50	pips_40_500-8000.hdf5	both	none
757.6856	1	Stimulus/S  1	1	7576856	7576864	118	5	30	pips_40_500-8000.hdf5	both	none
758.7416	1	Stimulus/S  1	1	7587416	7587424	119	0	20	pips_40_500-8000.hdf5	both	none
759.787	1	Stimulus/S  1	1	7597870	7597878	119	1	40	pips_40_500-8000.hdf5	both	none
760.843	1	Stimulus/S  1	1	7608430	7608438	119	2	60	pips_40_500-8000.hdf5	both	none
761.8883	1	Stimulus/S  1	1	7618883	7618891	119	3	70	pips_40_500-8000.hdf5	both	none
762.9443	1	Stimulus/S  1	1	7629443	7629451	119	4	50	pips_40_500-8000.hdf5	both	none
763.9897	1	Stimulus/S  1	1	7639897	7639905	119	5	30	pips_40_500-8000.hdf5	both	none
765.035	1	Stimulus/S  1	1	7650350	7650358	0	0	20	pips_40_500-8000.hdf5	both	none
766.091	1	Stimulus/S  1	1	7660910	7660918	0	1	40	pips_40_500-8000.hdf5	both	none
767.1364	1	Stimulus/S  1	1	7671364	7671372	0	2	60	pips_40_500-8000.hdf5	both	none
768.1924	1	Stimulus/S  1	1	7681924	7681932	0	3	70	pips_40_500-8000.hdf5	both	none
769.2377	1	Stimulus/S  1	1	7692377	7692385	0	4	50	pips_40_500-8000.hdf5	both	none
770.2937	1	Stimulus/S  1	1	7702937	7702945	0	5	30	pips_40_500-8000.hdf5	both	none
771.3391	1	Stimulus/S  1	1	7713391	7713399	1	0	20	pips_40_500-8000.hdf5	both	none
772.3844	1	Stimulus/S  1	1	7723844	7723852	1	1	40	pips_40_500-8000.hdf5	both	none
773.4404	1	Stimulus/S  1	1	7734404	7734412	1	2	60	pips_40_500-8000.hdf5	both	none
774.4858	1	Stimulus/S  1	1	7744858	7744866	1	3	70	pips_40_500-8000.hdf5	both	none
775.5418	1	Stimulus/S  1	1	7755418	7755426	1	4	50	pips_40_500-8000.hdf5	both	none
776.5871	1	Stimulus/S  1	1	7765871	7765879	1	5	30	pips_40_500-8000.hdf5	both	none
777.6431	1	Stimulus/S  1	1	7776431	7776439	2	0	20	pips_40_500-8000.hdf5	both	none
778.6885	1	Stimulus/S  1	1	7786885	7786893	2	1	40	pips_40_500-8000.hdf5	both	none
779.7445	1	Stimulus/S  1	1	7797445	7797453	2	2	60	pips_40_500-8000.hdf5	both	none
780.7898	1	Stimulus/S  1	1	7807898	7807906	2	3	70	pips_40_500-8000.hdf5	both	none
781.8352	1	Stimulus/S  1	1	7818352	7818360	2	4	50	pips_40_500-8000.hdf5	both	none
782.8912	1	Stimulus/S  1	1	7828912	7828920	2	5	30	pips_40_500-8000.hdf5	both	none
783.9365	1	Stimulus/S  1	1	7839365	7839373	3	0	20	pips_40_500-8000.hdf5	both	none
785.0032	1	Stimulus/S  1	1	7850032	7850040	3	1	40	pips_40_500-8000.hdf5	both	none
786.0699	1	Stimulus/S  1	1	7860699	7860707	3	2	60	pips_40_500-8000.hdf5	both	none
787.1366	1	Stimulus/S  1	1	7871366	7871374	3	3	70	pips_40_500-8000.hdf5	both	none
788.2032	1	Stimulus/S  1	1	7882032	7882040	3	4	50	pips_40_500-8000.hdf5	both	none
789.2699	1	Stimulus/S  1	1	7892699	7892707	3	5	30	pips_40_500-8000.hdf5	both	none
790.3366	1	Stimulus/S  1	1	7903366	7903374	4	0	20	pips_40_500-8000.hdf5	both	none
791.4033	1	Stimulus/S  1	1	7914033	7914041	4	1	40	pips_40_500-8000.hdf5	both	none
792.47	1	Stimulus/S  1	1	7924700	7924708	4	2	60	pips_40_500-8000.hdf5	both	none
793.5366	1	Stimulus/S  1	1	7935366	7935374	4	3	70	pips_40_500-8000.hdf5	both	none
794.5926	1	Stimulus/S  1	1	7945926	7945934	4	4	50	pips_40_500-8000.hdf5	both	none
795.6593	1	Stimulus/S  1	1	7956593	7956601	4	5	30	pips_40_500-8000.hdf5	both	none
796.7047	1	Stimulus/S  1	1	7967047	7967055	5	0	20	pips_40_500-8000.hdf5	both	none
797.7713	1	Stimulus/S  1	1	7977713	7977721	5	1	40	pips_40_500-8000.hdf5	both	none
798.8274	1	Stimulus/S  1	1	7988274	7988282	5	2	60	pips_40_500-8000.hdf5	both	none
799.8727	1	Stimulus/S  1	1	7998727	7998735	5	3	70	pips_40_500-8000.hdf5	both	none
800.918	1	Stimulus/S  1	1	8009180	8009188	5	4	50	pips_40_500-8000.hdf5	both	none
801.974	1	Stimulus/S  1	1	8019740	8019748	5	5	30	pips_40_500-8000.hdf5	both	none
803.0194	1	Stimulus/S  1	1	8030194	8030202	6	0	20	pips_40_500-8000.hdf5	both	none
804.0754	1	Stimulus/S  1	1	8040754	8040762	6	1	40	pips_40_500-8000.hdf5	both	none
805.1207	1	Stimulus/S  1	1	8051207	8051215	6	2	60	pips_40_500-8000.hdf5	both	none
806.1874	1	Stimulus/S  1	1	8061874	8061882	6	3	70	pips_40_500-8000.hdf5	both	none
807.2434	1	Stimulus/S  1	1	8072434	8072442	6	4	50	pips_40_500-8000.hdf5	both	none
808.3101	1	Stimulus/S  1	1	8083101	8083109	6	5	30	pips_40_500-8000.hdf5	both	none
809.3555	1	Stimulus/S  1	1	8093555	8093563	7	0	20	pips_40_500-8000.hdf5	both	none
810.4221	1	Stimulus/S  1	1	8104221	8104229	7	1	40	pips_40_500-8000.hdf5	both	none
811.4888	1	Stimulus/S  1	1	8114888	8114896	7	2	60	pips_40_500-8000.hdf5	both	none
812.5555	1	Stimulus/S  1	1	8125555	8125563	7	3	70	pips_40_500-8000.hdf5	both	none
813.6222	1	Stimulus/S  1	1	8136222	8136230	7	4	50	pips_40_500-8000.hdf5	both	none
814.6888	1	Stimulus/S  1	1	8146888	8146896	7	5	30	pips_40_500-8000.hdf5	both	none
815.7555	1	Stimulus/S  1	1	8157555	8157563	8	0	20	pips_40_500-8000.hdf5	both	none
816.8115	1	Stimulus/S  1	1	8168115	8168123	8	1	40	pips_40_500-8000.hdf5	both	none
817.8782	1	Stimulus/S  1	1	8178782	8178790	8	2	60	pips_40_500-8000.hdf5	both	none
818.9235	1	Stimulus/S  1	1	8189235	8189243	8	3	70	pips_40_500-8000.hdf5	both	none
819.9902	1	Stimulus/S  1	1	8199902	8199910	8	4	50	pips_40_500-8000.hdf5	both	none
821.0356	1	Stimulus/S  1	1	8210356	8210364	8	5	30	pips_40_500-8000.hdf5	both	none
822.0916	1	Stimulus/S  1	1	8220916	8220924	9	0	20	pips_40_500-8000.hdf5	both	none
823.1369	1	Stimulus/S  1	1	8231369	8231377	9	1	40	pips_40_500-8000.hdf5	both	none
824.1929	1	Stimulus/S  1	1	8241929	8241937	9	2	60	pips_40_500-8000.hdf5	both	none
825.2383	1	Stimulus/S  1	1	8252383	8252391	9	3	70	pips_40_500-8000.hdf5	both	none
826.305	1	Stimulus/S  1	1	8263050	8263058	9	4	50	pips_40_500-8000.hdf5	both	none
827.361	1	Stimulus/S  1	1	8273610	8273618	9	5	30	pips_40_500-8000.hdf5	both	none
828.4276	1	Stimulus/S  1	1	8284276	8284284	10	0	20	pips_40_500-8000.hdf5	both	none
829.473	1	Stimulus/S  1	1	8294730	8294738	10	1	40	pips_40_500-8000.hdf5	both	none
830.5397	1	Stimulus/S  1	1	8305397	8305405	10	2	60	pips_40_500-8000.hdf5	both	none
831.6063	1	Stimulus/S  1	1	8316063	8316071	10	3	70	pips_40_500-8000.hdf5	both	none
832.673	1	Stimulus/S  1	1	8326730	8326738	10	4	50	pips_40_500-8000.hdf5	both	none
833.7397	1	Stimulus/S  1	1	8337397	8337405	10	5	30	pips_40_500-8000.hdf5	both	none
834.8064	1	Stimulus/S  1	1	8348064	8348072	11	0	20	pips_40_500-8000.hdf5	both	none
835.873	1	Stimulus/S  1	1	8358730	8358738	11	1	40	pips_40_500-8000.hdf5	both	none
836.9291	1	Stimulus/S  1	1	8369291	8369299	11	2	60	pips_40_500-8000.hdf5	both	none
837.9957	1	Stimulus/S  1	1	8379957	8379965	11	3	70	pips_40_500-8000.hdf5	both	none
839.0411	1	Stimulus/S  1	1	8390411	8390419	11	4	50	pips_40_500-8000.hdf5	both	none
840.1078	1	Stimulus/S  1	1	8401078	8401086	11	5	30	pips_40_500-8000.hdf5	both	none
841.1531	1	Stimulus/S  1	1	8411531	8411539	12	0	20	pips_40_500-8000.hdf5	both	none
842.2091	1	Stimulus/S  1	1	8422091	8422099	12	1	40	pips_40_500-8000.hdf5	both	none
843.2544	1	Stimulus/S  1	1	8432544	8432552	12	2	60	pips_40_500-8000.hdf5	both	none
844.3105	1	Stimulus/S  1	1	8443105	8443113	12	3	70	pips_40_500-8000.hdf5	both	none
845.3558	1	Stimulus/S  1	1	8453558	8453566	12	4	50	pips_40_500-8000.hdf5	both	none
846.4225	1	Stimulus/S  1	1	8464225	8464233	12	5	30	pips_40_500-8000.hdf5	both	none
847.4785	1	Stimulus/S  1	1	8474785	8474793	13	0	20	pips_40_500-8000.hdf5	both	none
848.5452	1	Stimulus/S  1	1	8485452	8485460	13	1	40	pips_40_500-8000.hdf5	both	none
849.5905	1	Stimulus/S  1	1	8495905	8495913	13	2	60	pips_40_500-8000.hdf5	both	none
850.6572	1	Stimulus/S  1	1	8506572	8506580	13	3	70	pips_40_500-8000.hdf5	both	none
851.7239	1	Stimulus/S  1	1	8517239	8517247	13	4	50	pips_40_500-8000.hdf5	both	none
852.7905	1	Stimulus/S  1	1	8527905	8527913	13	5	30	pips_40_500-8000.hdf5	both	none
853.8572	1	Stimulus/S  1	1	8538572	8538580	14	0	20	pips_40_500-8000.hdf5	both	none
854.9239	1	Stimulus/S  1	1	8549239	8549247	14	1	40	pips_40_500-8000.hdf5	both	none
855.9906	1	Stimulus/S  1	1	8559906	8559914	14	2	60	pips_40_500-8000.hdf5	both	none
857.0359	1	Stimulus/S  1	1	8570359	8570367	14	3	70	pips_40_500-8000.hdf5	both	none
858.1026	1	Stimulus/S  1	1	8581026	8581034	14	4	50	pips_40_500-8000.hdf5	both	none
859.1586	1	Stimulus/S  1	1	8591586	8591594	14	5	30	pips_40_500-8000.hdf5	both	none
860.2039	1	Stimulus/S  1	1	8602039	8602047	15	0	20	pips_40_500-8000.hdf5	both	none
861.26	1	Stimulus/S  1	1	8612600	8612608	15	1	40	pips_40_500-8000.hdf5	both	none
862.3053	1	Stimulus/S  1	1	8623053	8623061	15	2	60	pips_40_500-8000.hdf5	both	none
863.3613	1	Stimulus/S  1	1	8633613	8633621	15	3	70	pips_40_500-8000.hdf5	both	none
864.4067	1	Stimulus/S  1	1	8644067	8644075	15	4	50	pips_40_500-8000.hdf5	both	none
865.4627	1	Stimulus/S  1	1	8654627	8654635	15	5	30	pips_40_500-8000.hdf5	both	none
866.508	1	Stimulus/S  1	1	8665080	8665088	16	0	20	pips_40_500-8000.hdf5	both	none
867.5747	1	Stimulus/S  1	1	8675747	8675755	16	1	40	pips_40_500-8000.hdf5	both	none
868.6414	1	Stimulus/S  1	1	8686414	8686422	16	2	60	pips_40_500-8000.hdf5	both	none
869.6867	1	Stimulus/S  1	1	8696867	8696875	16	3	70	pips_40_500-8000.hdf5	both	none
870.7534	1	Stimulus/S  1	1	8707534	8707542	16	4	50	pips_40_500-8000.hdf5	both	none
871.8201	1	Stimulus/S  1	1	8718201	8718209	16	5	30	pips_40_500-8000.hdf5	both	none
872.8867	1	Stimulus/S  1	1	8728867	8728875	17	0	20	pips_40_500-8000.hdf5	both	none
873.9534	1	Stimulus/S  1	1	8739534	8739542	17	1	40	pips_40_500-8000.hdf5	both	none
875.0201	1	Stimulus/S  1	1	8750201	8750209	17	2	60	pips_40_500-8000.hdf5	both	none
876.0868	1	Stimulus/S  1	1	8760868	8760876	17	3	70	pips_40_500-8000.hdf5	both	none
877.1428	1	Stimulus/S  1	1	8771428	8771436	17	4	50	pips_40_500-8000.hdf5	both	none
878.1881	1	Stimulus/S  1	1	8781881	8781889	17	5	30	pips_40_500-8000.hdf5	both	none
879.2441	1	Stimulus/S  1	1	8792441	8792449	18	0	20	pips_40_500-8000.hdf5	both	none
880.2895	1	Stimulus/S  1	1	8802895	8802903	18	1	40	pips_40_500-8000.hdf5	both	none
881.3455	1	Stimulus/S  1	1	8813455	8813463	18	2	60	pips_40_500-8000.hdf5	both	none
882.3908	1	Stimulus/S  1	1	8823908	8823916	18	3	70	pips_40_500-8000.hdf5	both	none
883.4362	1	Stimulus/S  1	1	8834362	8834370	18	4	50	pips_40_500-8000.hdf5	both	none
884.4922	1	Stimulus/S  1	1	8844922	8844930	18	5	30	pips_40_500-8000.hdf5	both	none
885.5589	1	Stimulus/S  1	1	8855589	8855597	19	0	20	pips_40_500-8000.hdf5	both	none
886.6042	1	Stimulus/S  1	1	8866042	8866050	19	1	40	pips_40_500-8000.hdf5	both	none
887.6709	1	Stimulus/S  1	1	8876709	8876717	19	2	60	pips_40_500-8000.hdf5	both	none
888.7269	1	Stimulus/S  1	1	8887269	8887277	19	3	70	pips_40_500-8000.hdf5	both	none
889.7936	1	Stimulus/S  1	1	8897936	8897944	19	4	50	pips_40_500-8000.hdf5	both	none
890.8602	1	Stimulus/S  1	1	8908602	8908610	19	5	30	pips_40_500-8000.hdf5	both	none
891.9269	1	Stimulus/S  1	1	8919269	8919277	20	0	20	pips_40_500-8000.hdf5	both	none
892.9936	1	Stimulus/S  1	1	8929936	8929944	20	1	40	pips_40_500-8000.hdf5	both	none
894.0603	1	Stimulus/S  1	1	8940603	8940611	20	2	60	pips_40_500-8000.hdf5	both	none
895.127	1	Stimulus/S  1	1	8951270	8951278	20	3	70	pips_40_500-8000.hdf5	both	none
896.1723	1	Stimulus/S  1	1	8961723	8961731	20	4	50	pips_40_500-8000.hdf5	both	none
897.239	1	Stimulus/S  1	1	8972390	8972398	20	5	30	pips_40_500-8000.hdf5	both	none
898.295	1	Stimulus/S  1	1	8982950	8982958	21	0	20	pips_40_500-8000.hdf5	both	none
899.3617	1	Stimulus/S  1	1	8993617	8993625	21	1	40	pips_40_500-8000.hdf5	both	none
900.407	1	Stimulus/S  1	1	9004070	9004078	21	2	60	pips_40_500-8000.hdf5	both	none
901.463	1	Stimulus/S  1	1	9014630	9014638	21	3	70	pips_40_500-8000.hdf5	both	none
902.5084	1	Stimulus/S  1	1	9025084	9025092	21	4	50	pips_40_500-8000.hdf5	both	none
903.5537	1	Stimulus/S  1	1	9035537	9035545	21	5	30	pips_40_500-8000.hdf5	both	none
904.6097	1	Stimulus/S  1	1	9046097	9046105	22	0	20	pips_40_500-8000.hdf5	both	none
905.6764	1	Stimulus/S  1	1	9056764	9056772	22	1	40	pips_40_500-8000.hdf5	both	none
906.7217	1	Stimulus/S  1	1	9067217	9067225	22	2	60	pips_40_500-8000.hdf5	both	none
907.7884	1	Stimulus/S  1	1	9077884	9077892	22	3	70	pips_40_500-8000.hdf5	both	none
908.8444	1	Stimulus/S  1	1	9088444	9088452	22	4	50	pips_40_500-8000.hdf5	both	none
909.9111	1	Stimulus/S  1	1	9099111	9099119	22	5	30	pips_40_500-8000.hdf5	both	none
910.9778	1	Stimulus/S  1	1	9109778	9109786	23	0	20	pips_40_500-8000.hdf5	both	none
912.0445	1	Stimulus/S  1	1	9120445	9120453	23	1	40	pips_40_500-8000.hdf5	both	none
913.1111	1	Stimulus/S  1	1	9131111	9131119	23	2	60	pips_40_500-8000.hdf5	both	none
914.1778	1	Stimulus/S  1	1	9141778	9141786	23	3	70	pips_40_500-8000.hdf5	both	none
915.2445	1	Stimulus/S  1	1	9152445	9152453	23	4	50	pips_40_500-8000.hdf5	both	none
916.2898	1	Stimulus/S  1	1	9162898	9162906	23	5	30	pips_40_500-8000.hdf5	both	none
917.3565	1	Stimulus/S  1	1	9173565	9173573	24	0	20	pips_40_500-8000.hdf5	both	none
918.4125	1	Stimulus/S  1	1	9184125	9184133	24	1	40	pips_40_500-8000.hdf5	both	none
919.4579	1	Stimulus/S  1	1	9194579	9194587	24	2	60	pips_40_500-8000.hdf5	both	none
920.5139	1	Stimulus/S  1	1	9205139	9205147	24	3	70	pips_40_500-8000.hdf5	both	none
921.5592	1	Stimulus/S  1	1	9215592	9215600	24	4	50	pips_40_500-8000.hdf5	both	none
922.6046	1	Stimulus/S  1	1	9226046	9226054	24	5	30	pips_40_500-8000.hdf5	both	none
923.6606	1	Stimulus/S  1	1	9236606	9236614	25	0	20	pips_40_500-8000.hdf5	both	none
924.7059	1	Stimulus/S  1	1	9247059	9247067	25	1	40	pips_40_500-8000.hdf5	both	none
925.7619	1	Stimulus/S  1	1	9257619	9257627	25	2	60	pips_40_500-8000.hdf5	both	none
926.8073	1	Stimulus/S  1	1	9268073	9268081	25	3	70	pips_40_500-8000.hdf5	both	none
927.8633	1	Stimulus/S  1	1	9278633	9278641	25	4	50	pips_40_500-8000.hdf5	both	none
928.93	1	Stimulus/S  1	1	9289300	9289308	25	5	30	pips_40_500-8000.hdf5	both	none
929.9966	1	Stimulus/S  1	1	9299966	9299974	26	0	20	pips_40_500-8000.hdf5	both	none
931.0633	1	Stimulus/S  1	1	9310633	9310641	26	1	40	pips_40_500-8000.hdf5	both	none
932.13	1	Stimulus/S  1	1	9321300	9321308	26	2	60	pips_40_500-8000.hdf5	both	none
933.1967	1	Stimulus/S  1	1	9331967	9331975	26	3	70	pips_40_500-8000.hdf5	both	none
934.2633	1	Stimulus/S  1	1	9342633	9342641	26	4	50	pips_40_500-8000.hdf5	both	none
935.3087	1	Stimulus/S  1	1	9353087	9353095	26	5	30	pips_40_500-8000.hdf5	both	none
936.3754	1	Stimulus/S  1	1	9363754	9363762	27	0	20	pips_40_500-8000.hdf5	both	none
937.4207	1	Stimulus/S  1	1	9374207	9374215	27	1	40	pips_40_500-8000.hdf5	both	none
938.4874	1	Stimulus/S  1	1	9384874	9384882	27	2	60	pips_40_500-8000.hdf5	both	none
939.5434	1	Stimulus/S  1	1	9395434	9395442	27	3	70	pips_40_500-8000.hdf5	both	none
940.5887	1	Stimulus/S  1	1	9405887	9405895	27	4	50	pips_40_500-8000.hdf5	both	none
941.6447	1	Stimulus/S  1	1	9416447	9416455	27	5	30	pips_40_500-8000.hdf5	both	none
942.7114	1	Stimulus/S  1	1	9427114	9427122	28	0	20	pips_40_500-8000.hdf5	both	none
943.7568	1	Stimulus/S  1	1	9437568	9437576	28	1	40	pips_40_500-8000.hdf5	both	none
944.8234	1	Stimulus/S  1	1	9448234	9448242	28	2	60	pips_40_500-8000.hdf5	both	none
945.8795	1	Stimulus/S  1	1	9458795	9458803	28	3	70	pips_40_500-8000.hdf5	both	none
946.9461	1	Stimulus/S  1	1	9469461	9469469	28	4	50	pips_40_500-8000.hdf5	both	none
948.0128	1	Stimulus/S  1	1	9480128	9480136	28	5	30	pips_40_500-8000.hdf5	both	none
949.0795	1	Stimulus/S  1	1	9490795	9490803	29	0	20	pips_40_500-8000.hdf5	both	none
950.1462	1	Stimulus/S  1	1	9501462	9501470	29	1	40	pips_40_500-8000.hdf5	both	none
951.2128	1	Stimulus/S  1	1	9512128	9512136	29	2	60	pips_40_500-8000.hdf5	both	none
952.2795	1	Stimulus/S  1	1	9522795	9522803	29	3	70	pips_40_500-8000.hdf5	both	none
953.3249	1	Stimulus/S  1	1	9533249	9533257	29	4	50	pips_40_500-8000.hdf5	both	none
954.3915	1	Stimulus/S  1	1	9543915	9543923	29	5	30	pips_40_500-8000.hdf5	both	none
955.4475	1	Stimulus/S  1	1	9554475	9554483	30	0	20	pips_40_500-8000.hdf5	both	none
956.5142	1	Stimulus/S  1	1	9565142	9565150	30	1	40	pips_40_500-8000.hdf5	both	none
957.5596	1	Stimulus/S  1	1	9575596	9575604	30	2	60	pips_40_500-8000.hdf5	both	none
958.6049	1	Stimulus/S  1	1	9586049	9586057	30	3	70	pips_40_500-8000.hdf5	both	none
959.6609	1	Stimulus/S  1	1	9596609	9596617	30	4	50	pips_40_500-8000.hdf5	both	none
960.7063	1	Stimulus/S  1	1	9607063	9607071	30	5	30	pips_40_500-8000.hdf5	both	none
961.7623	1	Stimulus/S  1	1	9617623	9617631	31	0	20	pips_40_500-8000.hdf5	both	none
962.8076	1	Stimulus/S  1	1	9628076	9628084	31	1	40	pips_40_500-8000.hdf5	both	none
963.8743	1	Stimulus/S  1	1	9638743	9638751	31	2	60	pips_40_500-8000.hdf5	both	none
964.941	1	Stimulus/S  1	1	9649410	9649418	31	3	70	pips_40_500-8000.hdf5	both	none
965.997	1	Stimulus/S  1	1	9659970	9659978	31	4	50	pips_40_500-8000.hdf5	both	none
967.0637	1	Stimulus/S  1	1	9670637	9670645	31	5	30	pips_40_500-8000.hdf5	both	none
968.109	1	Stimulus/S  1	1	9681090	9681098	32	0	20	pips_40_500-8000.hdf5	both	none
969.1757	1	Stimulus/S  1	1	9691757	9691765	32	1	40	pips_40_500-8000.hdf5	both	none
970.221	1	Stimulus/S  1	1	9702210	9702218	32	2	60	pips_40_500-8000.hdf5	both	none
971.277	1	Stimulus/S  1	1	9712770	9712778	32	3	70	pips_40_500-8000.hdf5	both	none
972.3224	1	Stimulus/S  1	1	9723224	9723232	32	4	50	pips_40_500-8000.hdf5	both	none
973.3784	1	Stimulus/S  1	1	9733784	9733792	32	5	30	pips_40_500-8000.hdf5	both	none
974.4237	1	Stimulus/S  1	1	9744237	9744245	33	0	20	pips_40_500-8000.hdf5	both	none
975.4904	1	Stimulus/S  1	1	9754904	9754912	33	1	40	pips_40_500-8000.hdf5	both	none
976.5464	1	Stimulus/S  1	1	9765464	9765472	33	2	60	pips_40_500-8000.hdf5	both	none
977.6131	1	Stimulus/S  1	1	9776131	9776139	33	3	70	pips_40_500-8000.hdf5	both	none
978.6584	1	Stimulus/S  1	1	9786584	9786592	33	4	50	pips_40_500-8000.hdf5	both	none
979.7251	1	Stimulus/S  1	1	9797251	9797259	33	5	30	pips_40_500-8000.hdf5	both	none
980.7918	1	Stimulus/S  1	1	9807918	9807926	34	0	20	pips_40_500-8000.hdf5	both	none
981.8585	1	Stimulus/S  1	1	9818585	9818593	34	1	40	pips_40_500-8000.hdf5	both	none
982.9251	1	Stimulus/S  1	1	9829251	9829259	34	2	60	pips_40_500-8000.hdf5	both	none
983.9918	1	Stimulus/S  1	1	9839918	9839926	34	3	70	pips_40_500-8000.hdf5	both	none
985.0585	1	Stimulus/S  1	1	9850585	9850593	34	4	50	pips_40_500-8000.hdf5	both	none
986.1145	1	Stimulus/S  1	1	9861145	9861153	34	5	30	pips_40_500-8000.hdf5	both	none
987.1599	1	Stimulus/S  1	1	9871599	9871607	35	0	20	pips_40_500-8000.hdf5	both	none
988.2052	1	Stimulus/S  1	1	9882052	9882060	35	1	40	pips_40_500-8000.hdf5	both	none
989.2612	1	Stimulus/S  1	1	9892612	9892620	35	2	60	pips_40_500-8000.hdf5	both	none
990.3065	1	Stimulus/S  1	1	9903065	9903073	35	3	70	pips_40_500-8000.hdf5	both	none
991.3626	1	Stimulus/S  1	1	9913626	9913634	35	4	50	pips_40_500-8000.hdf5	both	none
992.4079	1	Stimulus/S  1	1	9924079	9924087	35	5	30	pips_40_500-8000.hdf5	both	none
993.4639	1	Stimulus/S  1	1	9934639	9934647	36	0	20	pips_40_500-8000.hdf5	both	none
994.5306	1	Stimulus/S  1	1	9945306	9945314	36	1	40	pips_40_500-8000.hdf5	both	none
995.5759	1	Stimulus/S  1	1	9955759	9955767	36	2	60	pips_40_500-8000.hdf5	both	none
996.6426	1	Stimulus/S  1	1	9966426	9966434	36	3	70	pips_40_500-8000.hdf5	both	none
997.7093	1	Stimulus/S  1	1	9977093	9977101	36	4	50	pips_40_500-8000.hdf5	both	none
998.776	1	Stimulus/S  1	1	9987760	9987768	36	5	30	pips_40_500-8000.hdf5	both	none
999.8426	1	Stimulus/S  1	1	9998426	9998434	37	0	20	pips_40_500-8000.hdf5	both	none
1000.9093	1	Stimulus/S  1	1	10009093	10009101	37	1	40	pips_40_500-8000.hdf5	both	none
1001.976	1	Stimulus/S  1	1	10019760	10019768	37	2	60	pips_40_500-8000.hdf5	both	none
1003.032	1	Stimulus/S  1	1	10030320	10030328	37	3	70	pips_40_500-8000.hdf5	both	none
1004.0987	1	Stimulus/S  1	1	10040987	10040995	37	4	50	pips_40_500-8000.hdf5	both	none
1005.144	1	Stimulus/S  1	1	10051440	10051448	37	5	30	pips_40_500-8000.hdf5	both	none
1006.1894	1	Stimulus/S  1	1	10061894	10061902	38	0	20	pips_40_500-8000.hdf5	both	none
1007.2454	1	Stimulus/S  1	1	10072454	10072462	38	1	40	pips_40_500-8000.hdf5	both	none
1008.2907	1	Stimulus/S  1	1	10082907	10082915	38	2	60	pips_40_500-8000.hdf5	both	none
1009.3467	1	Stimulus/S  1	1	10093467	10093475	38	3	70	pips_40_500-8000.hdf5	both	none
1010.3921	1	Stimulus/S  1	1	10103921	10103929	38	4	50	pips_40_500-8000.hdf5	both	none
1011.4481	1	Stimulus/S  1	1	10114481	10114489	38	5	30	pips_40_500-8000.hdf5	both	none
1012.4934	1	Stimulus/S  1	1	10124934	10124942	39	0	20	pips_40_500-8000.hdf5	both	none
1013.5388	1	Stimulus/S  1	1	10135388	10135396	39	1	40	pips_40_500-8000.hdf5	both	none
1014.5948	1	Stimulus/S  1	1	10145948	10145956	39	2	60	pips_40_500-8000.hdf5	both	none
1015.6615	1	Stimulus/S  1	1	10156615	10156623	39	3	70	pips_40_500-8000.hdf5	both	none
1016.7281	1	Stimulus/S  1	1	10167281	10167289	39	4	50	pips_40_500-8000.hdf5	both	none
1017.7948	1	Stimulus/S  1	1	10177948	10177956	39	5	30	pips_40_500-8000.hdf5	both	none
1018.8615	1	Stimulus/S  1	1	10188615	10188623	40	0	20	pips_40_500-8000.hdf5	both	none
1019.9282	1	Stimulus/S  1	1	10199282	10199290	40	1	40	pips_40_500-8000.hdf5	both	none
1020.9948	1	Stimulus/S  1	1	10209948	10209956	40	2	60	pips_40_500-8000.hdf5	both	none
1022.0402	1	Stimulus/S  1	1	10220402	10220410	40	3	70	pips_40_500-8000.hdf5	both	none
1023.1069	1	Stimulus/S  1	1	10231069	10231077	40	4	50	pips_40_500-8000.hdf5	both	none
1024.1629	1	Stimulus/S  1	1	10241629	10241637	40	5	30	pips_40_500-8000.hdf5	both	none
1025.2296	1	Stimulus/S  1	1	10252296	10252304	41	0	20	pips_40_500-8000.hdf5	both	none
1026.2749	1	Stimulus/S  1	1	10262749	10262757	41	1	40	pips_40_500-8000.hdf5	both	none
1027.3309	1	Stimulus/S  1	1	10273309	10273317	41	2	60	pips_40_500-8000.hdf5	both	none
1028.3763	1	Stimulus/S  1	1	10283763	10283771	41	3	70	pips_40_500-8000.hdf5	both	none
1029.4216	1	Stimulus/S  1	1	10294216	10294224	41	4	50	pips_40_500-8000.hdf5	both	none
1030.4776	1	Stimulus/S  1	1	10304776	10304784	41	5	30	pips_40_500-8000.hdf5	both	none
1031.5443	1	Stimulus/S  1	1	10315443	10315451	42	0	20	pips_40_500-8000.hdf5	both	none
1032.5896	1	Stimulus/S  1	1	10325896	10325904	42	1	40	pips_40_500-8000.hdf5	both	none
1033.6563	1	Stimulus/S  1	1	10336563	10336571	42	2	60	pips_40_500-8000.hdf5	both	none
1034.7123	1	Stimulus/S  1	1	10347123	10347131	42	3	70	pips_40_500-8000.hdf5	both	none
1035.779	1	Stimulus/S  1	1	10357790	10357798	42	4	50	pips_40_500-8000.hdf5	both	none
1036.8457	1	Stimulus/S  1	1	10368457	10368465	42	5	30	pips_40_500-8000.hdf5	both	none
1037.9123	1	Stimulus/S  1	1	10379123	10379131	43	0	20	pips_40_500-8000.hdf5	both	none
1038.979	1	Stimulus/S  1	1	10389790	10389798	43	1	40	pips_40_500-8000.hdf5	both	none
1040.0457	1	Stimulus/S  1	1	10400457	10400465	43	2	60	pips_40_500-8000.hdf5	both	none
1041.1124	1	Stimulus/S  1	1	10411124	10411132	43	3	70	pips_40_500-8000.hdf5	both	none
1042.1577	1	Stimulus/S  1	1	10421577	10421585	43	4	50	pips_40_500-8000.hdf5	both	none
1043.2244	1	Stimulus/S  1	1	10432244	10432252	43	5	30	pips_40_500-8000.hdf5	both	none
1044.2804	1	Stimulus/S  1	1	10442804	10442812	44	0	20	pips_40_500-8000.hdf5	both	none
1045.3471	1	Stimulus/S  1	1	10453471	10453479	44	1	40	pips_40_500-8000.hdf5	both	none
1046.3924	1	Stimulus/S  1	1	10463924	10463932	44	2	60	pips_40_500-8000.hdf5	both	none
1047.4484	1	Stimulus/S  1	1	10474484	10474492	44	3	70	pips_40_500-8000.hdf5	both	none
1048.4938	1	Stimulus/S  1	1	10484938	10484946	44	4	50	pips_40_500-8000.hdf5	both	none
1049.5605	1	Stimulus/S  1	1	10495605	10495613	44	5	30	pips_40_500-8000.hdf5	both	none
1050.6165	1	Stimulus/S  1	1	10506165	10506173	45	0	20	pips_40_500-8000.hdf5	both	none
1051.6725	1	Stimulus/S  1	1	10516725	10516733	45	1	40	pips_40_500-8000.hdf5	both	none
1052.7285	1	Stimulus/S  1	1	10527285	10527293	45	2	60	pips_40_500-8000.hdf5	both	none
1053.7952	1	Stimulus/S  1	1	10537952	10537960	45	3	70	pips_40_500-8000.hdf5	both	none
1054.8618	1	Stimulus/S  1	1	10548618	10548626	45	4	50	pips_40_500-8000.hdf5	both	none
1055.9285	1	Stimulus/S  1	1	10559285	10559293	45	5	30	pips_40_500-8000.hdf5	both	none
1056.9952	1	Stimulus/S  1	1	10569952	10569960	46	0	20	pips_40_500-8000.hdf5	both	none
1058.0619	1	Stimulus/S  1	1	10580619	10580627	46	1	40	pips_40_500-8000.hdf5	both	none
1059.1286	1	Stimulus/S  1	1	10591286	10591294	46	2	60	pips_40_500-8000.hdf5	both	none
1060.1739	1	Stimulus/S  1	1	10601739	10601747	46	3	70	pips_40_500-8000.hdf5	both	none
1061.2406	1	Stimulus/S  1	1	10612406	10612414	46	4	50	pips_40_500-8000.hdf5	both	none
1062.2966	1	Stimulus/S  1	1	10622966	10622974	46	5	30	pips_40_500-8000.hdf5	both	none
1063.3633	1	Stimulus/S  1	1	10633633	10633641	47	0	20	pips_40_500-8000.hdf5	both	none
1064.4086	1	Stimulus/S  1	1	10644086	10644094	47	1	40	pips_40_500-8000.hdf5	both	none
1065.4646	1	Stimulus/S  1	1	10654646	10654654	47	2	60	pips_40_500-8000.hdf5	both	none
1066.51	1	Stimulus/S  1	1	10665100	10665108	47	3	70	pips_40_500-8000.hdf5	both	none
1067.566	1	Stimulus/S  1	1	10675660	10675668	47	4	50	pips_40_500-8000.hdf5	both	none
1068.6113	1	Stimulus/S  1	1	10686113	10686121	47	5	30	pips_40_500-8000.hdf5	both	none
1069.678	1	Stimulus/S  1	1	10696780	10696788	48	0	20	pips_40_500-8000.hdf5	both	none
1070.7233	1	Stimulus/S  1	1	10707233	10707241	48	1	40	pips_40_500-8000.hdf5	both	none
1071.79	1	Stimulus/S  1	1	10717900	10717908	48	2	60	pips_40_500-8000.hdf5	both	none
1072.846	1	Stimulus/S  1	1	10728460	10728468	48	3	70	pips_40_500-8000.hdf5	both	none
1073.9127	1	Stimulus/S  1	1	10739127	10739135	48	4	50	pips_40_500-8000.hdf5	both	none
1074.9794	1	Stimulus/S  1	1	10749794	10749802	48	5	30	pips_40_500-8000.hdf5	both	none
1076.0461	1	Stimulus/S  1	1	10760461	10760469	49	0	20	pips_40_500-8000.hdf5	both	none
1077.0914	1	Stimulus/S  1	1	10770914	10770922	49	1	40	pips_40_500-8000.hdf5	both	none
1078.1581	1	Stimulus/S  1	1	10781581	10781589	49	2	60	pips_40_500-8000.hdf5	both	none
1079.2141	1	Stimulus/S  1	1	10792141	10792149	49	3	70	pips_40_500-8000.hdf5	both	none
1080.2808	1	Stimulus/S  1	1	10802808	10802816	49	4	50	pips_40_500-8000.hdf5	both	none
1081.3261	1	Stimulus/S  1	1	10813261	10813269	49	5	30	pips_40_500-8000.hdf5	both	none
1082.3821	1	Stimulus/S  1	1	10823821	10823829	50	0	20	pips_40_500-8000.hdf5	both	none
1083.4275	1	Stimulus/S  1	1	10834275	10834283	50	1	40	pips_40_500-8000.hdf5	both	none
1084.4728	1	Stimulus/S  1	1	10844728	10844736	50	2	60	pips_40_500-8000.hdf5	both	none
1085.5288	1	Stimulus/S  1	1	10855288	10855296	50	3	70	pips_40_500-8000.hdf5	both	none
1086.5955	1	Stimulus/S  1	1	10865955	10865963	50	4	50	pips_40_500-8000.hdf5	both	none
1087.6408	1	Stimulus/S  1	1	10876408	10876416	50	5	30	pips_40_500-8000.hdf5	both	none
1088.7075	1	Stimulus/S  1	1	10887075	10887083	51	0	20	pips_40_500-8000.hdf5	both	none
1089.7635	1	Stimulus/S  1	1	10897635	10897643	51	1	40	pips_40_500-8000.hdf5	both	none
1090.8302	1	Stimulus/S  1	1	10908302	10908310	51	2	60	pips_40_500-8000.hdf5	both	none
1091.8969	1	Stimulus/S  1	1	10918969	10918977	51	3	70	pips_40_500-8000.hdf5	both	none
1092.9636	1	Stimulus/S  1	1	10929636	10929644	51	4	50	pips_40_500-8000.hdf5	both	none
1094.0302	1	Stimulus/S  1	1	10940302	10940310	51	5	30	pips_40_500-8000.hdf5	both	none
1095.0969	1	Stimulus/S  1	1	10950969	10950977	52	0	20	pips_40_500-8000.hdf5	both	none
1096.1636	1	Stimulus/S  1	1	10961636	10961644	52	1	40	pips_40_500-8000.hdf5	both	none
1097.2089	1	Stimulus/S  1	1	10972089	10972097	52	2	60	pips_40_500-8000.hdf5	both	none
1098.2756	1	Stimulus/S  1	1	10982756	10982764	52	3	70	pips_40_500-8000.hdf5	both	none
1099.3316	1	Stimulus/S  1	1	10993316	10993324	52	4	50	pips_40_500-8000.hdf5	both	none
1100.3983	1	Stimulus/S  1	1	11003983	11003991	52	5	30	pips_40_500-8000.hdf5	both	none
1101.4436	1	Stimulus/S  1	1	11014436	11014444	53	0	20	pips_40_500-8000.hdf5	both	none
1102.4996	1	Stimulus/S  1	1	11024996	11025004	53	1	40	pips_40_500-8000.hdf5	both	none
1103.545	1	Stimulus/S  1	1	11035450	11035458	53	2	60	pips_40_500-8000.hdf5	both	none
1104.5903	1	Stimulus/S  1	1	11045903	11045911	53	3	70	pips_40_500-8000.hdf5	both	none
1105.6463	1	Stimulus/S  1	1	11056463	11056471	53	4	50	pips_40_500-8000.hdf5	both	none
1106.713	1	Stimulus/S  1	1	11067130	11067138	53	5	30	pips_40_500-8000.hdf5	both	none
1107.7584	1	Stimulus/S  1	1	11077584	11077592	54	0	20	pips_40_500-8000.hdf5	both	none
1108.825	1	Stimulus/S  1	1	11088250	11088258	54	1	40	pips_40_500-8000.hdf5	both	none
1109.881	1	Stimulus/S  1	1	11098810	11098818	54	2	60	pips_40_500-8000.hdf5	both	none
1110.9477	1	Stimulus/S  1	1	11109477	11109485	54	3	70	pips_40_500-8000.hdf5	both	none
1112.0144	1	Stimulus/S  1	1	11120144	11120152	54	4	50	pips_40_500-8000.hdf5	both	none
1113.0811	1	Stimulus/S  1	1	11130811	11130819	54	5	30	pips_40_500-8000.hdf5	both	none
1114.1478	1	Stimulus/S  1	1	11141478	11141486	55	0	20	pips_40_500-8000.hdf5	both	none
1115.2144	1	Stimulus/S  1	1	11152144	11152152	55	1	40	pips_40_500-8000.hdf5	both	none
1116.2811	1	Stimulus/S  1	1	11162811	11162819	55	2	60	pips_40_500-8000.hdf5	both	none
1117.3265	1	Stimulus/S  1	1	11173265	11173273	55	3	70	pips_40_500-8000.hdf5	both	none
1118.3931	1	Stimulus/S  1	1	11183931	11183939	55	4	50	pips_40_500-8000.hdf5	both	none
1119.4491	1	Stimulus/S  1	1	11194491	11194499	55	5	30	pips_40_500-8000.hdf5	both	none
1120.5158	1	Stimulus/S  1	1	11205158	11205166	56	0	20	pips_40_500-8000.hdf5	both	none
1121.5612	1	Stimulus/S  1	1	11215612	11215620	56	1	40	pips_40_500-8000.hdf5	both	none
1122.6172	1	Stimulus/S  1	1	11226172	11226180	56	2	60	pips_40_500-8000.hdf5	both	none
1123.6625	1	Stimulus/S  1	1	11236625	11236633	56	3	70	pips_40_500-8000.hdf5	both	none
1124.7079	1	Stimulus/S  1	1	11247079	11247087	56	4	50	pips_40_500-8000.hdf5	both	none
1125.7639	1	Stimulus/S  1	1	11257639	11257647	56	5	30	pips_40_500-8000.hdf5	both	none
1126.8305	1	Stimulus/S  1	1	11268305	11268313	57	0	20	pips_40_500-8000.hdf5	both	none
1127.8759	1	Stimulus/S  1	1	11278759	11278767	57	1	40	pips_40_500-8000.hdf5	both	none
1128.9319	1	Stimulus/S  1	1	11289319	11289327	57	2	60	pips_40_500-8000.hdf5	both	none
1129.9772	1	Stimulus/S  1	1	11299772	11299780	57	3	70	pips_40_500-8000.hdf5	both	none
1131.0439	1	Stimulus/S  1	1	11310439	11310447	57	4	50	pips_40_500-8000.hdf5	both	none
1132.0999	1	Stimulus/S  1	1	11320999	11321007	57	5	30	pips_40_500-8000.hdf5	both	none
1133.1666	1	Stimulus/S  1	1	11331666	11331674	58	0	20	pips_40_500-8000.hdf5	both	none
1134.2333	1	Stimulus/S  1	1	11342333	11342341	58	1	40	pips_40_500-8000.hdf5	both	none
1135.3	1	Stimulus/S  1	1	11353000	11353008	58	2	60	pips_40_500-8000.hdf5	both	none
1136.3666	1	Stimulus/S  1	1	11363666	11363674	58	3	70	pips_40_500-8000.hdf5	both	none
1137.4333	1	Stimulus/S  1	1	11374333	11374341	58	4	50	pips_40_500-8000.hdf5	both	none
1138.5	1	Stimulus/S  1	1	11385000	11385008	58	5	30	pips_40_500-8000.hdf5	both	none
1139.5453	1	Stimulus/S  1	1	11395453	11395461	59	0	20	pips_40_500-8000.hdf5	both	none
1140.612	1	Stimulus/S  1	1	11406120	11406128	59	1	40	pips_40_500-8000.hdf5	both	none
1141.6574	1	Stimulus/S  1	1	11416574	11416582	59	2	60	pips_40_500-8000.hdf5	both	none
1142.7347	1	Stimulus/S  1	1	11427347	11427355	59	3	70	pips_40_500-8000.hdf5	both	none
1143.78	1	Stimulus/S  1	1	11437800	11437808	59	4	50	pips_40_500-8000.hdf5	both	none
1144.8254	1	Stimulus/S  1	1	11448254	11448262	59	5	30	pips_40_500-8000.hdf5	both	none
1145.8814	1	Stimulus/S  1	1	11458814	11458822	60	0	20	pips_40_500-8000.hdf5	both	none
1146.9267	1	Stimulus/S  1	1	11469267	11469275	60	1	40	pips_40_500-8000.hdf5	both	none
1147.9828	1	Stimulus/S  1	1	11479828	11479836	60	2	60	pips_40_500-8000.hdf5	both	none
1149.0281	1	Stimulus/S  1	1	11490281	11490289	60	3	70	pips_40_500-8000.hdf5	both	none
1150.0841	1	Stimulus/S  1	1	11500841	11500849	60	4	50	pips_40_500-8000.hdf5	both	none
1151.1508	1	Stimulus/S  1	1	11511508	11511516	60	5	30	pips_40_500-8000.hdf5	both	none
1152.1961	1	Stimulus/S  1	1	11521961	11521969	61	0	20	pips_40_500-8000.hdf5	both	none
1153.2628	1	Stimulus/S  1	1	11532628	11532636	61	1	40	pips_40_500-8000.hdf5	both	none
1154.3081	1	Stimulus/S  1	1	11543081	11543089	61	2	60	pips_40_500-8000.hdf5	both	none
1155.3748	1	Stimulus/S  1	1	11553748	11553756	61	3	70	pips_40_500-8000.hdf5	both	none
1156.4415	1	Stimulus/S  1	1	11564415	11564423	61	4	50	pips_40_500-8000.hdf5	both	none
1157.5082	1	Stimulus/S  1	1	11575082	11575090	61	5	30	pips_40_500-8000.hdf5	both	none
1158.5749	1	Stimulus/S  1	1	11585749	11585757	62	0	20	pips_40_500-8000.hdf5	both	none
1159.6415	1	Stimulus/S  1	1	11596415	11596423	62	1	40	pips_40_500-8000.hdf5	both	none
1160.7082	1	Stimulus/S  1	1	11607082	11607090	62	2	60	pips_40_500-8000.hdf5	both	none
1161.7642	1	Stimulus/S  1	1	11617642	11617650	62	3	70	pips_40_500-8000.hdf5	both	none
1162.8096	1	Stimulus/S  1	1	11628096	11628104	62	4	50	pips_40_500-8000.hdf5	both	none
1163.8656	1	Stimulus/S  1	1	11638656	11638664	62	5	30	pips_40_500-8000.hdf5	both	none
1164.9109	1	Stimulus/S  1	1	11649109	11649117	63	0	20	pips_40_500-8000.hdf5	both	none
1165.9669	1	Stimulus/S  1	1	11659669	11659677	63	1	40	pips_40_500-8000.hdf5	both	none
1167.0123	1	Stimulus/S  1	1	11670123	11670131	63	2	60	pips_40_500-8000.hdf5	both	none
1168.0576	1	Stimulus/S  1	1	11680576	11680584	63	3	70	pips_40_500-8000.hdf5	both	none
1169.1136	1	Stimulus/S  1	1	11691136	11691144	63	4	50	pips_40_500-8000.hdf5	both	none
1170.159	1	Stimulus/S  1	1	11701590	11701598	63	5	30	pips_40_500-8000.hdf5	both	none
1171.215	1	Stimulus/S  1	1	11712150	11712158	64	0	20	pips_40_500-8000.hdf5	both	none
1172.2817	1	Stimulus/S  1	1	11722817	11722825	64	1	40	pips_40_500-8000.hdf5	both	none
1173.327	1	Stimulus/S  1	1	11733270	11733278	64	2	60	pips_40_500-8000.hdf5	both	none
1174.3937	1	Stimulus/S  1	1	11743937	11743945	64	3	70	pips_40_500-8000.hdf5	both	none
1175.4604	1	Stimulus/S  1	1	11754604	11754612	64	4	50	pips_40_500-8000.hdf5	both	none
1176.527	1	Stimulus/S  1	1	11765270	11765278	64	5	30	pips_40_500-8000.hdf5	both	none
1177.5937	1	Stimulus/S  1	1	11775937	11775945	65	0	20	pips_40_500-8000.hdf5	both	none
1178.6604	1	Stimulus/S  1	1	11786604	11786612	65	1	40	pips_40_500-8000.hdf5	both	none
1179.7271	1	Stimulus/S  1	1	11797271	11797279	65	2	60	pips_40_500-8000.hdf5	both	none
1180.7831	1	Stimulus/S  1	1	11807831	11807839	65	3	70	pips_40_500-8000.hdf5	both	none
1181.8497	1	Stimulus/S  1	1	11818497	11818505	65	4	50	pips_40_500-8000.hdf5	both	none
1182.8951	1	Stimulus/S  1	1	11828951	11828959	65	5	30	pips_40_500-8000.hdf5	both	none
1183.9618	1	Stimulus/S  1	1	11839618	11839626	66	0	20	pips_40_500-8000.hdf5	both	none
1185.0178	1	Stimulus/S  1	1	11850178	11850186	66	1	40	pips_40_500-8000.hdf5	both	none
1186.0631	1	Stimulus/S  1	1	11860631	11860639	66	2	60	pips_40_500-8000.hdf5	both	none
1187.1085	1	Stimulus/S  1	1	11871085	11871093	66	3	70	pips_40_500-8000.hdf5	both	none
1188.1645	1	Stimulus/S  1	1	11881645	11881653	66	4	50	pips_40_500-8000.hdf5	both	none
1189.2098	1	Stimulus/S  1	1	11892098	11892106	66	5	30	pips_40_500-8000.hdf5	both	none
1190.2765	1	Stimulus/S  1	1	11902765	11902773	67	0	20	pips_40_500-8000.hdf5	both	none
1191.3325	1	Stimulus/S  1	1	11913325	11913333	67	1	40	pips_40_500-8000.hdf5	both	none
1192.3992	1	Stimulus/S  1	1	11923992	11924000	67	2	60	pips_40_500-8000.hdf5	both	none
1193.4445	1	Stimulus/S  1	1	11934445	11934453	67	3	70	pips_40_500-8000.hdf5	both	none
1194.5112	1	Stimulus/S  1	1	11945112	11945120	67	4	50	pips_40_500-8000.hdf5	both	none
1195.5779	1	Stimulus/S  1	1	11955779	11955787	67	5	30	pips_40_500-8000.hdf5	both	none
1196.6446	1	Stimulus/S  1	1	11966446	11966454	68	0	20	pips_40_500-8000.hdf5	both	none
1197.7112	1	Stimulus/S  1	1	11977112	11977120	68	1	40	pips_40_500-8000.hdf5	both	none
1198.7779	1	Stimulus/S  1	1	11987779	11987787	68	2	60	pips_40_500-8000.hdf5	both	none
1199.8446	1	Stimulus/S  1	1	11998446	11998454	68	3	70	pips_40_500-8000.hdf5	both	none
1200.9006	1	Stimulus/S  1	1	12009006	12009014	68	4	50	pips_40_500-8000.hdf5	both	none
1201.9673	1	Stimulus/S  1	1	12019673	12019681	68	5	30	pips_40_500-8000.hdf5	both	none
1203.0126	1	Stimulus/S  1	1	12030126	12030134	69	0	20	pips_40_500-8000.hdf5	both	none
1204.058	1	Stimulus/S  1	1	12040580	12040588	69	1	40	pips_40_500-8000.hdf5	both	none
1205.114	1	Stimulus/S  1	1	12051140	12051148	69	2	60	pips_40_500-8000.hdf5	both	none
1206.1807	1	Stimulus/S  1	1	12061807	12061815	69	3	70	pips_40_500-8000.hdf5	both	none
1207.226	1	Stimulus/S  1	1	12072260	12072268	69	4	50	pips_40_500-8000.hdf5	both	none
1208.282	1	Stimulus/S  1	1	12082820	12082828	69	5	30	pips_40_500-8000.hdf5	both	none
1209.3273	1	Stimulus/S  1	1	12093273	12093281	70	0	20	pips_40_500-8000.hdf5	both	none
1210.3834	1	Stimulus/S  1	1	12103834	12103842	70	1	40	pips_40_500-8000.hdf5	both	none
1211.4287	1	Stimulus/S  1	1	12114287	12114295	70	2	60	pips_40_500-8000.hdf5	both	none
1212.4954	1	Stimulus/S  1	1	12124954	12124962	70	3	70	pips_40_500-8000.hdf5	both	none
1213.5514	1	Stimulus/S  1	1	12135514	12135522	70	4	50	pips_40_500-8000.hdf5	both	none
1214.6181	1	Stimulus/S  1	1	12146181	12146189	70	5	30	pips_40_500-8000.hdf5	both	none
1215.6634	1	Stimulus/S  1	1	12156634	12156642	71	0	20	pips_40_500-8000.hdf5	both	none
1216.7301	1	Stimulus/S  1	1	12167301	12167309	71	1	40	pips_40_500-8000.hdf5	both	none
1217.7968	1	Stimulus/S  1	1	12177968	12177976	71	2	60	pips_40_500-8000.hdf5	both	none
1218.8634	1	Stimulus/S  1	1	12188634	12188642	71	3	70	pips_40_500-8000.hdf5	both	none
1219.9301	1	Stimulus/S  1	1	12199301	12199309	71	4	50	pips_40_500-8000.hdf5	both	none
1220.9968	1	Stimulus/S  1	1	12209968	12209976	71	5	30	pips_40_500-8000.hdf5	both	none
1222.0635	1	Stimulus/S  1	1	12220635	12220643	72	0	20	pips_40_500-8000.hdf5	both	none
1223.1088	1	Stimulus/S  1	1	12231088	12231096	72	1	40	pips_40_500-8000.hdf5	both	none
1224.1755	1	Stimulus/S  1	1	12241755	12241763	72	2	60	pips_40_500-8000.hdf5	both	none
1225.2315	1	Stimulus/S  1	1	12252315	12252323	72	3	70	pips_40_500-8000.hdf5	both	none
1226.2768	1	Stimulus/S  1	1	12262768	12262776	72	4	50	pips_40_500-8000.hdf5	both	none
1227.3329	1	Stimulus/S  1	1	12273329	12273337	72	5	30	pips_40_500-8000.hdf5	both	none
1228.3782	1	Stimulus/S  1	1	12283782	12283790	73	0	20	pips_40_500-8000.hdf5	both	none
1229.4342	1	Stimulus/S  1	1	12294342	12294350	73	1	40	pips_40_500-8000.hdf5	both	none
1230.4796	1	Stimulus/S  1	1	12304796	12304804	73	2	60	pips_40_500-8000.hdf5	both	none
1231.5356	1	Stimulus/S  1	1	12315356	12315364	73	3	70	pips_40_500-8000.hdf5	both	none
1232.5809	1	Stimulus/S  1	1	12325809	12325817	73	4	50	pips_40_500-8000.hdf5	both	none
1233.6476	1	Stimulus/S  1	1	12336476	12336484	73	5	30	pips_40_500-8000.hdf5	both	none
1234.7143	1	Stimulus/S  1	1	12347143	12347151	74	0	20	pips_40_500-8000.hdf5	both	none
1235.7809	1	Stimulus/S  1	1	12357809	12357817	74	1	40	pips_40_500-8000.hdf5	both	none
1236.8476	1	Stimulus/S  1	1	12368476	12368484	74	2	60	pips_40_500-8000.hdf5	both	none
1237.9143	1	Stimulus/S  1	1	12379143	12379151	74	3	70	pips_40_500-8000.hdf5	both	none
1238.981	1	Stimulus/S  1	1	12389810	12389818	74	4	50	pips_40_500-8000.hdf5	both	none
1240.0263	1	Stimulus/S  1	1	12400263	12400271	74	5	30	pips_40_500-8000.hdf5	both	none
1241.093	1	Stimulus/S  1	1	12410930	12410938	75	0	20	pips_40_500-8000.hdf5	both	none
1242.149	1	Stimulus/S  1	1	12421490	12421498	75	1	40	pips_40_500-8000.hdf5	both	none
1243.2157	1	Stimulus/S  1	1	12432157	12432165	75	2	60	pips_40_500-8000.hdf5	both	none
1244.261	1	Stimulus/S  1	1	12442610	12442618	75	3	70	pips_40_500-8000.hdf5	both	none
1245.317	1	Stimulus/S  1	1	12453170	12453178	75	4	50	pips_40_500-8000.hdf5	both	none
1246.3624	1	Stimulus/S  1	1	12463624	12463632	75	5	30	pips_40_500-8000.hdf5	both	none
1247.4184	1	Stimulus/S  1	1	12474184	12474192	76	0	20	pips_40_500-8000.hdf5	both	none
1248.4637	1	Stimulus/S  1	1	12484637	12484645	76	1	40	pips_40_500-8000.hdf5	both	none
1249.5304	1	Stimulus/S  1	1	12495304	12495312	76	2	60	pips_40_500-8000.hdf5	both	none
1250.5864	1	Stimulus/S  1	1	12505864	12505872	76	3	70	pips_40_500-8000.hdf5	both	none
1251.6424	1	Stimulus/S  1	1	12516424	12516432	76	4	50	pips_40_500-8000.hdf5	both	none
1252.6984	1	Stimulus/S  1	1	12526984	12526992	76	5	30	pips_40_500-8000.hdf5	both	none
1253.7651	1	Stimulus/S  1	1	12537651	12537659	77	0	20	pips_40_500-8000.hdf5	both	none
1254.8318	1	Stimulus/S  1	1	12548318	12548326	77	1	40	pips_40_500-8000.hdf5	both	none
1255.8985	1	Stimulus/S  1	1	12558985	12558993	77	2	60	pips_40_500-8000.hdf5	both	none
1256.9651	1	Stimulus/S  1	1	12569651	12569659	77	3	70	pips_40_500-8000.hdf5	both	none
1258.0318	1	Stimulus/S  1	1	12580318	12580326	77	4	50	pips_40_500-8000.hdf5	both	none
1259.0985	1	Stimulus/S  1	1	12590985	12590993	77	5	30	pips_40_500-8000.hdf5	both	none
1260.1438	1	Stimulus/S  1	1	12601438	12601446	78	0	20	pips_40_500-8000.hdf5	both	none
1261.2105	1	Stimulus/S  1	1	12612105	12612113	78	1	40	pips_40_500-8000.hdf5	both	none
1262.2665	1	Stimulus/S  1	1	12622665	12622673	78	2	60	pips_40_500-8000.hdf5	both	none
1263.3332	1	Stimulus/S  1	1	12633332	12633340	78	3	70	pips_40_500-8000.hdf5	both	none
1264.3786	1	Stimulus/S  1	1	12643786	12643794	78	4	50	pips_40_500-8000.hdf5	both	none
1265.4346	1	Stimulus/S  1	1	12654346	12654354	78	5	30	pips_40_500-8000.hdf5	both	none
1266.4799	1	Stimulus/S  1	1	12664799	12664807	79	0	20	pips_40_500-8000.hdf5	both	none
1267.5359	1	Stimulus/S  1	1	12675359	12675367	79	1	40	pips_40_500-8000.hdf5	both	none
1268.5813	1	Stimulus/S  1	1	12685813	12685821	79	2	60	pips_40_500-8000.hdf5	both	none
1269.6479	1	Stimulus/S  1	1	12696479	12696487	79	3	70	pips_40_500-8000.hdf5	both	none
1270.6933	1	Stimulus/S  1	1	12706933	12706941	79	4	50	pips_40_500-8000.hdf5	both	none
1271.76	1	Stimulus/S  1	1	12717600	12717608	79	5	30	pips_40_500-8000.hdf5	both	none
1272.816	1	Stimulus/S  1	1	12728160	12728168	80	0	20	pips_40_500-8000.hdf5	both	none
1273.8826	1	Stimulus/S  1	1	12738826	12738834	80	1	40	pips_40_500-8000.hdf5	both	none
1274.9493	1	Stimulus/S  1	1	12749493	12749501	80	2	60	pips_40_500-8000.hdf5	both	none
1276.016	1	Stimulus/S  1	1	12760160	12760168	80	3	70	pips_40_500-8000.hdf5	both	none
1277.0827	1	Stimulus/S  1	1	12770827	12770835	80	4	50	pips_40_500-8000.hdf5	both	none
1278.1494	1	Stimulus/S  1	1	12781494	12781502	80	5	30	pips_40_500-8000.hdf5	both	none
1279.216	1	Stimulus/S  1	1	12792160	12792168	81	0	20	pips_40_500-8000.hdf5	both	none
1280.2614	1	Stimulus/S  1	1	12802614	12802622	81	1	40	pips_40_500-8000.hdf5	both	none
1281.3281	1	Stimulus/S  1	1	12813281	12813289	81	2	60	pips_40_500-8000.hdf5	both	none
1282.3841	1	Stimulus/S  1	1	12823841	12823849	81	3	70	pips_40_500-8000.hdf5	both	none
1283.4507	1	Stimulus/S  1	1	12834507	12834515	81	4	50	pips_40_500-8000.hdf5	both	none
1284.4961	1	Stimulus/S  1	1	12844961	12844969	81	5	30	pips_40_500-8000.hdf5	both	none
1285.5521	1	Stimulus/S  1	1	12855521	12855529	82	0	20	pips_40_500-8000.hdf5	both	none
1286.5974	1	Stimulus/S  1	1	12865974	12865982	82	1	40	pips_40_500-8000.hdf5	both	none
1287.6641	1	Stimulus/S  1	1	12876641	12876649	82	2	60	pips_40_500-8000.hdf5	both	none
1288.7201	1	Stimulus/S  1	1	12887201	12887209	82	3	70	pips_40_500-8000.hdf5	both	none
1289.7868	1	Stimulus/S  1	1	12897868	12897876	82	4	50	pips_40_500-8000.hdf5	both	none
1290.8321	1	Stimulus/S  1	1	12908321	12908329	82	5	30	pips_40_500-8000.hdf5	both	none
1291.8988	1	Stimulus/S  1	1	12918988	12918996	83	0	20	pips_40_500-8000.hdf5	both	none
1292.9655	1	Stimulus/S  1	1	12929655	12929663	83	1	40	pips_40_500-8000.hdf5	both	none
1294.0322	1	Stimulus/S  1	1	12940322	12940330	83	2	60	pips_40_500-8000.hdf5	both	none
1295.0989	1	Stimulus/S  1	1	12950989	12950997	83	3	70	pips_40_500-8000.hdf5	both	none
1296.1655	1	Stimulus/S  1	1	12961655	12961663	83	4	50	pips_40_500-8000.hdf5	both	none
1297.2322	1	Stimulus/S  1	1	12972322	12972330	83	5	30	pips_40_500-8000.hdf5	both	none
1298.2775	1	Stimulus/S  1	1	12982775	12982783	84	0	20	pips_40_500-8000.hdf5	both	none
1299.3442	1	Stimulus/S  1	1	12993442	12993450	84	1	40	pips_40_500-8000.hdf5	both	none
1300.4002	1	Stimulus/S  1	1	13004002	13004010	84	2	60	pips_40_500-8000.hdf5	both	none
1301.4669	1	Stimulus/S  1	1	13014669	13014677	84	3	70	pips_40_500-8000.hdf5	both	none
1302.5123	1	Stimulus/S  1	1	13025123	13025131	84	4	50	pips_40_500-8000.hdf5	both	none
1303.5683	1	Stimulus/S  1	1	13035683	13035691	84	5	30	pips_40_500-8000.hdf5	both	none
1304.6136	1	Stimulus/S  1	1	13046136	13046144	85	0	20	pips_40_500-8000.hdf5	both	none
1305.6696	1	Stimulus/S  1	1	13056696	13056704	85	1	40	pips_40_500-8000.hdf5	both	none
1306.715	1	Stimulus/S  1	1	13067150	13067158	85	2	60	pips_40_500-8000.hdf5	both	none
1307.7816	1	Stimulus/S  1	1	13077816	13077824	85	3	70	pips_40_500-8000.hdf5	both	none
1308.827	1	Stimulus/S  1	1	13088270	13088278	85	4	50	pips_40_500-8000.hdf5	both	none
1309.8937	1	Stimulus/S  1	1	13098937	13098945	85	5	30	pips_40_500-8000.hdf5	both	none
1310.9497	1	Stimulus/S  1	1	13109497	13109505	86	0	20	pips_40_500-8000.hdf5	both	none
1312.0163	1	Stimulus/S  1	1	13120163	13120171	86	1	40	pips_40_500-8000.hdf5	both	none
1313.083	1	Stimulus/S  1	1	13130830	13130838	86	2	60	pips_40_500-8000.hdf5	both	none
1314.1497	1	Stimulus/S  1	1	13141497	13141505	86	3	70	pips_40_500-8000.hdf5	both	none
1315.2164	1	Stimulus/S  1	1	13152164	13152172	86	4	50	pips_40_500-8000.hdf5	both	none
1316.2831	1	Stimulus/S  1	1	13162831	13162839	86	5	30	pips_40_500-8000.hdf5	both	none
1317.3497	1	Stimulus/S  1	1	13173497	13173505	87	0	20	pips_40_500-8000.hdf5	both	none
1318.3951	1	Stimulus/S  1	1	13183951	13183959	87	1	40	pips_40_500-8000.hdf5	both	none
1319.4618	1	Stimulus/S  1	1	13194618	13194626	87	2	60	pips_40_500-8000.hdf5	both	none
1320.5178	1	Stimulus/S  1	1	13205178	13205186	87	3	70	pips_40_500-8000.hdf5	both	none
1321.5844	1	Stimulus/S  1	1	13215844	13215852	87	4	50	pips_40_500-8000.hdf5	both	none
1322.6298	1	Stimulus/S  1	1	13226298	13226306	87	5	30	pips_40_500-8000.hdf5	both	none
1323.6858	1	Stimulus/S  1	1	13236858	13236866	88	0	20	pips_40_500-8000.hdf5	both	none
1324.7311	1	Stimulus/S  1	1	13247311	13247319	88	1	40	pips_40_500-8000.hdf5	both	none
1325.7871	1	Stimulus/S  1	1	13257871	13257879	88	2	60	pips_40_500-8000.hdf5	both	none
1326.8325	1	Stimulus/S  1	1	13268325	13268333	88	3	70	pips_40_500-8000.hdf5	both	none
1327.8992	1	Stimulus/S  1	1	13278992	13279000	88	4	50	pips_40_500-8000.hdf5	both	none
1328.9445	1	Stimulus/S  1	1	13289445	13289453	88	5	30	pips_40_500-8000.hdf5	both	none
1330.0112	1	Stimulus/S  1	1	13300112	13300120	89	0	20	pips_40_500-8000.hdf5	both	none
1331.0672	1	Stimulus/S  1	1	13310672	13310680	89	1	40	pips_40_500-8000.hdf5	both	none
1332.1339	1	Stimulus/S  1	1	13321339	13321347	89	2	60	pips_40_500-8000.hdf5	both	none
1333.2006	1	Stimulus/S  1	1	13332006	13332014	89	3	70	pips_40_500-8000.hdf5	both	none
1334.2672	1	Stimulus/S  1	1	13342672	13342680	89	4	50	pips_40_500-8000.hdf5	both	none
1335.3339	1	Stimulus/S  1	1	13353339	13353347	89	5	30	pips_40_500-8000.hdf5	both	none
1336.4006	1	Stimulus/S  1	1	13364006	13364014	90	0	20	pips_40_500-8000.hdf5	both	none
1337.4673	1	Stimulus/S  1	1	13374673	13374681	90	1	40	pips_40_500-8000.hdf5	both	none
1338.5126	1	Stimulus/S  1	1	13385126	13385134	90	2	60	pips_40_500-8000.hdf5	both	none
1339.5793	1	Stimulus/S  1	1	13395793	13395801	90	3	70	pips_40_500-8000.hdf5	both	none
1340.6353	1	Stimulus/S  1	1	13406353	13406361	90	4	50	pips_40_500-8000.hdf5	both	none
1341.702	1	Stimulus/S  1	1	13417020	13417028	90	5	30	pips_40_500-8000.hdf5	both	none
1342.7473	1	Stimulus/S  1	1	13427473	13427481	91	0	20	pips_40_500-8000.hdf5	both	none
1343.8033	1	Stimulus/S  1	1	13438033	13438041	91	1	40	pips_40_500-8000.hdf5	both	none
1344.8487	1	Stimulus/S  1	1	13448487	13448495	91	2	60	pips_40_500-8000.hdf5	both	none
1345.894	1	Stimulus/S  1	1	13458940	13458948	91	3	70	pips_40_500-8000.hdf5	both	none
1346.95	1	Stimulus/S  1	1	13469500	13469508	91	4	50	pips_40_500-8000.hdf5	both	none
1347.9954	1	Stimulus/S  1	1	13479954	13479962	91	5	30	pips_40_500-8000.hdf5	both	none
1349.0514	1	Stimulus/S  1	1	13490514	13490522	92	0	20	pips_40_500-8000.hdf5	both	none
1350.1181	1	Stimulus/S  1	1	13501181	13501189	92	1	40	pips_40_500-8000.hdf5	both	none
1351.1634	1	Stimulus/S  1	1	13511634	13511642	92	2	60	pips_40_500-8000.hdf5	both	none
1352.2301	1	Stimulus/S  1	1	13522301	13522309	92	3	70	pips_40_500-8000.hdf5	both	none
1353.2861	1	Stimulus/S  1	1	13532861	13532869	92	4	50	pips_40_500-8000.hdf5	both	none
1354.3528	1	Stimulus/S  1	1	13543528	13543536	92	5	30	pips_40_500-8000.hdf5	both	none
1355.4194	1	Stimulus/S  1	1	13554194	13554202	93	0	20	pips_40_500-8000.hdf5	both	none
1356.4861	1	Stimulus/S  1	1	13564861	13564869	93	1	40	pips_40_500-8000.hdf5	both	none
1357.5528	1	Stimulus/S  1	1	13575528	13575536	93	2	60	pips_40_500-8000.hdf5	both	none
1358.6195	1	Stimulus/S  1	1	13586195	13586203	93	3	70	pips_40_500-8000.hdf5	both	none
1359.6861	1	Stimulus/S  1	1	13596861	13596869	93	4	50	pips_40_500-8000.hdf5	both	none
1360.7315	1	Stimulus/S  1	1	13607315	13607323	93	5	30	pips_40_500-8000.hdf5	both	none
1361.7982	1	Stimulus/S  1	1	13617982	13617990	94	0	20	pips_40_500-8000.hdf5	both	none
1362.8542	1	Stimulus/S  1	1	13628542	13628550	94	1	40	pips_40_500-8000.hdf5	both	none
1363.9209	1	Stimulus/S  1	1	13639209	13639217	94	2	60	pips_40_500-8000.hdf5	both	none
1364.9662	1	Stimulus/S  1	1	13649662	13649670	94	3	70	pips_40_500-8000.hdf5	both	none
1366.0115	1	Stimulus/S  1	1	13660115	13660123	94	4	50	pips_40_500-8000.hdf5	both	none
1367.0676	1	Stimulus/S  1	1	13670676	13670684	94	5	30	pips_40_500-8000.hdf5	both	none
1368.1129	1	Stimulus/S  1	1	13681129	13681137	95	0	20	pips_40_500-8000.hdf5	both	none
1369.1689	1	Stimulus/S  1	1	13691689	13691697	95	1	40	pips_40_500-8000.hdf5	both	none
1370.2356	1	Stimulus/S  1	1	13702356	13702364	95	2	60	pips_40_500-8000.hdf5	both	none
1371.2809	1	Stimulus/S  1	1	13712809	13712817	95	3	70	pips_40_500-8000.hdf5	both	none
1372.3476	1	Stimulus/S  1	1	13723476	13723484	95	4	50	pips_40_500-8000.hdf5	both	none
1373.4036	1	Stimulus/S  1	1	13734036	13734044	95	5	30	pips_40_500-8000.hdf5	both	none
1374.4703	1	Stimulus/S  1	1	13744703	13744711	96	0	20	pips_40_500-8000.hdf5	both	none
1375.537	1	Stimulus/S  1	1	13755370	13755378	96	1	40	pips_40_500-8000.hdf5	both	none
1376.5823	1	Stimulus/S  1	1	13765823	13765831	96	2	60	pips_40_500-8000.hdf5	both	none
1377.649	1	Stimulus/S  1	1	13776490	13776498	96	3	70	pips_40_500-8000.hdf5	both	none
1378.7157	1	Stimulus/S  1	1	13787157	13787165	96	4	50	pips_40_500-8000.hdf5	both	none
1379.7823	1	Stimulus/S  1	1	13797823	13797831	96	5	30	pips_40_500-8000.hdf5	both	none
1380.849	1	Stimulus/S  1	1	13808490	13808498	97	0	20	pips_40_500-8000.hdf5	both	none
1381.9157	1	Stimulus/S  1	1	13819157	13819165	97	1	40	pips_40_500-8000.hdf5	both	none
1382.9824	1	Stimulus/S  1	1	13829824	13829832	97	2	60	pips_40_500-8000.hdf5	both	none
1384.0384	1	Stimulus/S  1	1	13840384	13840392	97	3	70	pips_40_500-8000.hdf5	both	none
1385.0837	1	Stimulus/S  1	1	13850837	13850845	97	4	50	pips_40_500-8000.hdf5	both	none
1386.1291	1	Stimulus/S  1	1	13861291	13861299	97	5	30	pips_40_500-8000.hdf5	both	none
1387.1851	1	Stimulus/S  1	1	13871851	13871859	98	0	20	pips_40_500-8000.hdf5	both	none
1388.2304	1	Stimulus/S  1	1	13882304	13882312	98	1	40	pips_40_500-8000.hdf5	both	none
1389.2864	1	Stimulus/S  1	1	13892864	13892872	98	2	60	pips_40_500-8000.hdf5	both	none
1390.3531	1	Stimulus/S  1	1	13903531	13903539	98	3	70	pips_40_500-8000.hdf5	both	none
1391.3985	1	Stimulus/S  1	1	13913985	13913993	98	4	50	pips_40_500-8000.hdf5	both	none
1392.4651	1	Stimulus/S  1	1	13924651	13924659	98	5	30	pips_40_500-8000.hdf5	both	none
1393.5211	1	Stimulus/S  1	1	13935211	13935219	99	0	20	pips_40_500-8000.hdf5	both	none
1394.5878	1	Stimulus/S  1	1	13945878	13945886	99	1	40	pips_40_500-8000.hdf5	both	none
1395.6545	1	Stimulus/S  1	1	13956545	13956553	99	2	60	pips_40_500-8000.hdf5	both	none
1396.7212	1	Stimulus/S  1	1	13967212	13967220	99	3	70	pips_40_500-8000.hdf5	both	none
1397.7878	1	Stimulus/S  1	1	13977878	13977886	99	4	50	pips_40_500-8000.hdf5	both	none
1398.8545	1	Stimulus/S  1	1	13988545	13988553	99	5	30	pips_40_500-8000.hdf5	both	none
1399.9212	1	Stimulus/S  1	1	13999212	13999220	100	0	20	pips_40_500-8000.hdf5	both	none
1400.9879	1	Stimulus/S  1	1	14009879	14009887	100	1	40	pips_40_500-8000.hdf5	both	none
1402.0546	1	Stimulus/S  1	1	14020546	14020554	100	2	60	pips_40_500-8000.hdf5	both	none
1403.1212	1	Stimulus/S  1	1	14031212	14031220	100	3	70	pips_40_500-8000.hdf5	both	none
1404.1666	1	Stimulus/S  1	1	14041666	14041674	100	4	50	pips_40_500-8000.hdf5	both	none
1405.2333	1	Stimulus/S  1	1	14052333	14052341	100	5	30	pips_40_500-8000.hdf5	both	none
1406.2786	1	Stimulus/S  1	1	14062786	14062794	101	0	20	pips_40_500-8000.hdf5	both	none
1407.3453	1	Stimulus/S  1	1	14073453	14073461	101	1	40	pips_40_500-8000.hdf5	both	none
1408.4013	1	Stimulus/S  1	1	14084013	14084021	101	2	60	pips_40_500-8000.hdf5	both	none
1409.4466	1	Stimulus/S  1	1	14094466	14094474	101	3	70	pips_40_500-8000.hdf5	both	none
1410.5026	1	Stimulus/S  1	1	14105026	14105034	101	4	50	pips_40_500-8000.hdf5	both	none
1411.548	1	Stimulus/S  1	1	14115480	14115488	101	5	30	pips_40_500-8000.hdf5	both	none
1412.604	1	Stimulus/S  1	1	14126040	14126048	102	0	20	pips_40_500-8000.hdf5	both	none
1413.6707	1	Stimulus/S  1	1	14136707	14136715	102	1	40	pips_40_500-8000.hdf5	both	none
1414.716	1	Stimulus/S  1	1	14147160	14147168	102	2	60	pips_40_500-8000.hdf5	both	none
1415.7827	1	Stimulus/S  1	1	14157827	14157835	102	3	70	pips_40_500-8000.hdf5	both	none
1416.8387	1	Stimulus/S  1	1	14168387	14168395	102	4	50	pips_40_500-8000.hdf5	both	none
1417.9054	1	Stimulus/S  1	1	14179054	14179062	102	5	30	pips_40_500-8000.hdf5	both	none
1418.9721	1	Stimulus/S  1	1	14189721	14189729	103	0	20	pips_40_500-8000.hdf5	both	none
1420.0387	1	Stimulus/S  1	1	14200387	14200395	103	1	40	pips_40_500-8000.hdf5	both	none
1421.1054	1	Stimulus/S  1	1	14211054	14211062	103	2	60	pips_40_500-8000.hdf5	both	none
1422.1721	1	Stimulus/S  1	1	14221721	14221729	103	3	70	pips_40_500-8000.hdf5	both	none
1423.2174	1	Stimulus/S  1	1	14232174	14232182	103	4	50	pips_40_500-8000.hdf5	both	none
1424.2841	1	Stimulus/S  1	1	14242841	14242849	103	5	30	pips_40_500-8000.hdf5	both	none
1425.3508	1	Stimulus/S  1	1	14253508	14253516	104	0	20	pips_40_500-8000.hdf5	both	none
1426.4175	1	Stimulus/S  1	1	14264175	14264183	104	1	40	pips_40_500-8000.hdf5	both	none
1427.4841	1	Stimulus/S  1	1	14274841	14274849	104	2	60	pips_40_500-8000.hdf5	both	none
1428.5508	1	Stimulus/S  1	1	14285508	14285516	104	3	70	pips_40_500-8000.hdf5	both	none
1429.6175	1	Stimulus/S  1	1	14296175	14296183	104	4	50	pips_40_500-8000.hdf5	both	none
1430.6842	1	Stimulus/S  1	1	14306842	14306850	104	5	30	pips_40_500-8000.hdf5	both	none
1431.7508	1	Stimulus/S  1	1	14317508	14317516	105	0	20	pips_40_500-8000.hdf5	both	none
1432.8175	1	Stimulus/S  1	1	14328175	14328183	105	1	40	pips_40_500-8000.hdf5	both	none
1433.8842	1	Stimulus/S  1	1	14338842	14338850	105	2	60	pips_40_500-8000.hdf5	both	none
1434.9509	1	Stimulus/S  1	1	14349509	14349517	105	3	70	pips_40_500-8000.hdf5	both	none
1436.0176	1	Stimulus/S  1	1	14360176	14360184	105	4	50	pips_40_500-8000.hdf5	both	none
1437.0842	1	Stimulus/S  1	1	14370842	14370850	105	5	30	pips_40_500-8000.hdf5	both	none
1438.1509	1	Stimulus/S  1	1	14381509	14381517	106	0	20	pips_40_500-8000.hdf5	both	none
1439.2176	1	Stimulus/S  1	1	14392176	14392184	106	1	40	pips_40_500-8000.hdf5	both	none
1440.2843	1	Stimulus/S  1	1	14402843	14402851	106	2	60	pips_40_500-8000.hdf5	both	none
1441.3509	1	Stimulus/S  1	1	14413509	14413517	106	3	70	pips_40_500-8000.hdf5	both	none
1442.4176	1	Stimulus/S  1	1	14424176	14424184	106	4	50	pips_40_500-8000.hdf5	both	none
1443.4843	1	Stimulus/S  1	1	14434843	14434851	106	5	30	pips_40_500-8000.hdf5	both	none
1444.551	1	Stimulus/S  1	1	14445510	14445518	107	0	20	pips_40_500-8000.hdf5	both	none
1445.6176	1	Stimulus/S  1	1	14456176	14456184	107	1	40	pips_40_500-8000.hdf5	both	none
1446.6843	1	Stimulus/S  1	1	14466843	14466851	107	2	60	pips_40_500-8000.hdf5	both	none
1447.751	1	Stimulus/S  1	1	14477510	14477518	107	3	70	pips_40_500-8000.hdf5	both	none
1448.8177	1	Stimulus/S  1	1	14488177	14488185	107	4	50	pips_40_500-8000.hdf5	both	none
1449.8844	1	Stimulus/S  1	1	14498844	14498852	107	5	30	pips_40_500-8000.hdf5	both	none
1450.951	1	Stimulus/S  1	1	14509510	14509518	108	0	20	pips_40_500-8000.hdf5	both	none
1452.0177	1	Stimulus/S  1	1	14520177	14520185	108	1	40	pips_40_500-8000.hdf5	both	none
1453.0631	1	Stimulus/S  1	1	14530631	14530639	108	2	60	pips_40_500-8000.hdf5	both	none
1454.1404	1	Stimulus/S  1	1	14541404	14541412	108	3	70	pips_40_500-8000.hdf5	both	none
1455.1964	1	Stimulus/S  1	1	14551964	14551972	108	4	50	pips_40_500-8000.hdf5	both	none
1456.2524	1	Stimulus/S  1	1	14562524	14562532	108	5	30	pips_40_500-8000.hdf5	both	none
1457.2978	1	Stimulus/S  1	1	14572978	14572986	109	0	20	pips_40_500-8000.hdf5	both	none
1458.3538	1	Stimulus/S  1	1	14583538	14583546	109	1	40	pips_40_500-8000.hdf5	both	none
1459.3991	1	Stimulus/S  1	1	14593991	14593999	109	2	60	pips_40_500-8000.hdf5	both	none
1460.4551	1	Stimulus/S  1	1	14604551	14604559	109	3	70	pips_40_500-8000.hdf5	both	none
1461.5005	1	Stimulus/S  1	1	14615005	14615013	109	4	50	pips_40_500-8000.hdf5	both	none
1462.5565	1	Stimulus/S  1	1	14625565	14625573	109	5	30	pips_40_500-8000.hdf5	both	none
1463.6018	1	Stimulus/S  1	1	14636018	14636026	110	0	20	pips_40_500-8000.hdf5	both	none
1464.6472	1	Stimulus/S  1	1	14646472	14646480	110	1	40	pips_40_500-8000.hdf5	both	none
1465.7032	1	Stimulus/S  1	1	14657032	14657040	110	2	60	pips_40_500-8000.hdf5	both	none
1466.7699	1	Stimulus/S  1	1	14667699	14667707	110	3	70	pips_40_500-8000.hdf5	both	none
1467.8152	1	Stimulus/S  1	1	14678152	14678160	110	4	50	pips_40_500-8000.hdf5	both	none
1468.8712	1	Stimulus/S  1	1	14688712	14688720	110	5	30	pips_40_500-8000.hdf5	both	none
1469.9166	1	Stimulus/S  1	1	14699166	14699174	111	0	20	pips_40_500-8000.hdf5	both	none
1470.9832	1	Stimulus/S  1	1	14709832	14709840	111	1	40	pips_40_500-8000.hdf5	both	none
1472.0392	1	Stimulus/S  1	1	14720392	14720400	111	2	60	pips_40_500-8000.hdf5	both	none
1473.1059	1	Stimulus/S  1	1	14731059	14731067	111	3	70	pips_40_500-8000.hdf5	both	none
1474.1726	1	Stimulus/S  1	1	14741726	14741734	111	4	50	pips_40_500-8000.hdf5	both	none
1475.2179	1	Stimulus/S  1	1	14752179	14752187	111	5	30	pips_40_500-8000.hdf5	both	none
1476.2846	1	Stimulus/S  1	1	14762846	14762854	112	0	20	pips_40_500-8000.hdf5	both	none
1477.33	1	Stimulus/S  1	1	14773300	14773308	112	1	40	pips_40_500-8000.hdf5	both	none
1478.3966	1	Stimulus/S  1	1	14783966	14783974	112	2	60	pips_40_500-8000.hdf5	both	none
1479.4633	1	Stimulus/S  1	1	14794633	14794641	112	3	70	pips_40_500-8000.hdf5	both	none
1480.53	1	Stimulus/S  1	1	14805300	14805308	112	4	50	pips_40_500-8000.hdf5	both	none
1481.5967	1	Stimulus/S  1	1	14815967	14815975	112	5	30	pips_40_500-8000.hdf5	both	none
1482.6633	1	Stimulus/S  1	1	14826633	14826641	113	0	20	pips_40_500-8000.hdf5	both	none
1483.73	1	Stimulus/S  1	1	14837300	14837308	113	1	40	pips_40_500-8000.hdf5	both	none
1484.786	1	Stimulus/S  1	1	14847860	14847868	113	2	60	pips_40_500-8000.hdf5	both	none
1485.8314	1	Stimulus/S  1	1	14858314	14858322	113	3	70	pips_40_500-8000.hdf5	both	none
1486.8874	1	Stimulus/S  1	1	14868874	14868882	113	4	50	pips_40_500-8000.hdf5	both	none
1487.9327	1	Stimulus/S  1	1	14879327	14879335	113	5	30	pips_40_500-8000.hdf5	both	none
1488.9887	1	Stimulus/S  1	1	14889887	14889895	114	0	20	pips_40_500-8000.hdf5	both	none
1490.0341	1	Stimulus/S  1	1	14900341	14900349	114	1	40	pips_40_500-8000.hdf5	both	none
1491.0901	1	Stimulus/S  1	1	14910901	14910909	114	2	60	pips_40_500-8000.hdf5	both	none
1492.1354	1	Stimulus/S  1	1	14921354	14921362	114	3	70	pips_40_500-8000.hdf5	both	none
1493.2021	1	Stimulus/S  1	1	14932021	14932029	114	4	50	pips_40_500-8000.hdf5	both	none
1494.2475	1	Stimulus/S  1	1	14942475	14942483	114	5	30	pips_40_500-8000.hdf5	both	none
1495.3141	1	Stimulus/S  1	1	14953141	14953149	115	0	20	pips_40_500-8000.hdf5	both	none
1496.3808	1	Stimulus/S  1	1	14963808	14963816	115	1	40	pips_40_500-8000.hdf5	both	none
1497.4368	1	Stimulus/S  1	1	14974368	14974376	115	2	60	pips_40_500-8000.hdf5	both	none
1498.5035	1	Stimulus/S  1	1	14985035	14985043	115	3	70	pips_40_500-8000.hdf5	both	none
1499.5488	1	Stimulus/S  1	1	14995488	14995496	115	4	50	pips_40_500-8000.hdf5	both	none
1500.6155	1	Stimulus/S  1	1	15006155	15006163	115	5	30	pips_40_500-8000.hdf5	both	none
1501.6822	1	Stimulus/S  1	1	15016822	15016830	116	0	20	pips_40_500-8000.hdf5	both	none
1502.7489	1	Stimulus/S  1	1	15027489	15027497	116	1	40	pips_40_500-8000.hdf5	both	none
1503.8155	1	Stimulus/S  1	1	15038155	15038163	116	2	60	pips_40_500-8000.hdf5	both	none
1504.8822	1	Stimulus/S  1	1	15048822	15048830	116	3	70	pips_40_500-8000.hdf5	both	none
1505.9489	1	Stimulus/S  1	1	15059489	15059497	116	4	50	pips_40_500-8000.hdf5	both	none
1507.0156	1	Stimulus/S  1	1	15070156	15070164	116	5	30	pips_40_500-8000.hdf5	both	none
1508.0823	1	Stimulus/S  1	1	15080823	15080831	117	0	20	pips_40_500-8000.hdf5	both	none
1509.1489	1	Stimulus/S  1	1	15091489	15091497	117	1	40	pips_40_500-8000.hdf5	both	none
1510.2049	1	Stimulus/S  1	1	15102049	15102057	117	2	60	pips_40_500-8000.hdf5	both	none
1511.2716	1	Stimulus/S  1	1	15112716	15112724	117	3	70	pips_40_500-8000.hdf5	both	none
1512.317	1	Stimulus/S  1	1	15123170	15123178	117	4	50	pips_40_500-8000.hdf5	both	none
1513.3836	1	Stimulus/S  1	1	15133836	15133844	117	5	30	pips_40_500-8000.hdf5	both	none
1514.4396	1	Stimulus/S  1	1	15144396	15144404	118	0	20	pips_40_500-8000.hdf5	both	none
1515.485	1	Stimulus/S  1	1	15154850	15154858	118	1	40	pips_40_500-8000.hdf5	both	none
1516.5303	1	Stimulus/S  1	1	15165303	15165311	118	2	60	pips_40_500-8000.hdf5	both	none
1517.5863	1	Stimulus/S  1	1	15175863	15175871	118	3	70	pips_40_500-8000.hdf5	both	none
1518.6317	1	Stimulus/S  1	1	15186317	15186325	118	4	50	pips_40_500-8000.hdf5	both	none
1519.6877	1	Stimulus/S  1	1	15196877	15196885	118	5	30	pips_40_500-8000.hdf5	both	none
1520.733	1	Stimulus/S  1	1	15207330	15207338	119	0	20	pips_40_500-8000.hdf5	both	none
1521.7891	1	Stimulus/S  1	1	15217891	15217899	119	1	40	pips_40_500-8000.hdf5	both	none
1522.8344	1	Stimulus/S  1	1	15228344	15228352	119	2	60	pips_40_500-8000.hdf5	both	none
1523.8904	1	Stimulus/S  1	1	15238904	15238912	119	3	70	pips_40_500-8000.hdf5	both	none
1524.9358	1	Stimulus/S  1	1	15249358	15249366	119	4	50	pips_40_500-8000.hdf5	both	none
1526.0024	1	Stimulus/S  1	1	15260024	15260032	119	5	30	pips_40_500-8000.hdf5	both	none
1527.0478	1	Stimulus/S  1	1	15270478	15270486	0	0	20	pips_40_500-8000.hdf5	both	none
1528.1144	1	Stimulus/S  1	1	15281144	15281152	0	1	40	pips_40_500-8000.hdf5	both	none
1529.1705	1	Stimulus/S  1	1	15291705	15291713	0	2	60	pips_40_500-8000.hdf5	both	none
1530.2371	1	Stimulus/S  1	1	15302371	15302379	0	3	70	pips_40_500-8000.hdf5	both	none
1531.3038	1	Stimulus/S  1	1	15313038	15313046	0	4	50	pips_40_500-8000.hdf5	both	none
1532.3705	1	Stimulus/S  1	1	15323705	15323713	0	5	30	pips_40_500-8000.hdf5	both	none
1533.4372	1	Stimulus/S  1	1	15334372	15334380	1	0	20	pips_40_500-8000.hdf5	both	none
1534.5038	1	Stimulus/S  1	1	15345038	15345046	1	1	40	pips_40_500-8000.hdf5	both	none
1535.5705	1	Stimulus/S  1	1	15355705	15355713	1	2	60	pips_40_500-8000.hdf5	both	none
1536.6159	1	Stimulus/S  1	1	15366159	15366167	1	3	70	pips_40_500-8000.hdf5	both	none
1537.6825	1	Stimulus/S  1	1	15376825	15376833	1	4	50	pips_40_500-8000.hdf5	both	none
1538.7386	1	Stimulus/S  1	1	15387386	15387394	1	5	30	pips_40_500-8000.hdf5	both	none
1539.8052	1	Stimulus/S  1	1	15398052	15398060	2	0	20	pips_40_500-8000.hdf5	both	none
1540.8506	1	Stimulus/S  1	1	15408506	15408514	2	1	40	pips_40_500-8000.hdf5	both	none
1541.9066	1	Stimulus/S  1	1	15419066	15419074	2	2	60	pips_40_500-8000.hdf5	both	none
1542.9519	1	Stimulus/S  1	1	15429519	15429527	2	3	70	pips_40_500-8000.hdf5	both	none
1544.0079	1	Stimulus/S  1	1	15440079	15440087	2	4	50	pips_40_500-8000.hdf5	both	none
1545.0639	1	Stimulus/S  1	1	15450639	15450647	2	5	30	pips_40_500-8000.hdf5	both	none
1546.12	1	Stimulus/S  1	1	15461200	15461208	3	0	20	pips_40_500-8000.hdf5	both	none
1547.1653	1	Stimulus/S  1	1	15471653	15471661	3	1	40	pips_40_500-8000.hdf5	both	none
1548.2213	1	Stimulus/S  1	1	15482213	15482221	3	2	60	pips_40_500-8000.hdf5	both	none
1549.2667	1	Stimulus/S  1	1	15492667	15492675	3	3	70	pips_40_500-8000.hdf5	both	none
1550.3333	1	Stimulus/S  1	1	15503333	15503341	3	4	50	pips_40_500-8000.hdf5	both	none
1551.3893	1	Stimulus/S  1	1	15513893	15513901	3	5	30	pips_40_500-8000.hdf5	both	none
1552.4347	1	Stimulus/S  1	1	15524347	15524355	4	0	20	pips_40_500-8000.hdf5	both	none
1553.4907	1	Stimulus/S  1	1	15534907	15534915	4	1	40	pips_40_500-8000.hdf5	both	none
1554.536	1	Stimulus/S  1	1	15545360	15545368	4	2	60	pips_40_500-8000.hdf5	both	none
1555.5814	1	Stimulus/S  1	1	15555814	15555822	4	3	70	pips_40_500-8000.hdf5	both	none
1556.6481	1	Stimulus/S  1	1	15566481	15566489	4	4	50	pips_40_500-8000.hdf5	both	none
1557.7041	1	Stimulus/S  1	1	15577041	15577049	4	5	30	pips_40_500-8000.hdf5	both	none
1558.7707	1	Stimulus/S  1	1	15587707	15587715	5	0	20	pips_40_500-8000.hdf5	both	none
1559.8374	1	Stimulus/S  1	1	15598374	15598382	5	1	40	pips_40_500-8000.hdf5	both	none
1560.9041	1	Stimulus/S  1	1	15609041	15609049	5	2	60	pips_40_500-8000.hdf5	both	none
1561.9708	1	Stimulus/S  1	1	15619708	15619716	5	3	70	pips_40_500-8000.hdf5	both	none
1563.0375	1	Stimulus/S  1	1	15630375	15630383	5	4	50	pips_40_500-8000.hdf5	both	none
1564.1041	1	Stimulus/S  1	1	15641041	15641049	5	5	30	pips_40_500-8000.hdf5	both	none
1565.1708	1	Stimulus/S  1	1	15651708	15651716	6	0	20	pips_40_500-8000.hdf5	both	none
1566.2375	1	Stimulus/S  1	1	15662375	15662383	6	1	40	pips_40_500-8000.hdf5	both	none
1567.3042	1	Stimulus/S  1	1	15673042	15673050	6	2	60	pips_40_500-8000.hdf5	both	none
1568.3708	1	Stimulus/S  1	1	15683708	15683716	6	3	70	pips_40_500-8000.hdf5	both	none
1569.4375	1	Stimulus/S  1	1	15694375	15694383	6	4	50	pips_40_500-8000.hdf5	both	none
1570.4829	1	Stimulus/S  1	1	15704829	15704837	6	5	30	pips_40_500-8000.hdf5	both	none
1571.5389	1	Stimulus/S  1	1	15715389	15715397	7	0	20	pips_40_500-8000.hdf5	both	none
1572.6055	1	Stimulus/S  1	1	15726055	15726063	7	1	40	pips_40_500-8000.hdf5	both	none
1573.6722	1	Stimulus/S  1	1	15736722	15736730	7	2	60	pips_40_500-8000.hdf5	both	none
1574.7389	1	Stimulus/S  1	1	15747389	15747397	7	3	70	pips_40_500-8000.hdf5	both	none
1575.8056	1	Stimulus/S  1	1	15758056	15758064	7	4	50	pips_40_500-8000.hdf5	both	none
1576.8723	1	Stimulus/S  1	1	15768723	15768731	7	5	30	pips_40_500-8000.hdf5	both	none
1577.9389	1	Stimulus/S  1	1	15779389	15779397	8	0	20	pips_40_500-8000.hdf5	both	none
1579.0056	1	Stimulus/S  1	1	15790056	15790064	8	1	40	pips_40_500-8000.hdf5	both	none
1580.0723	1	Stimulus/S  1	1	15800723	15800731	8	2	60	pips_40_500-8000.hdf5	both	none
1581.139	1	Stimulus/S  1	1	15811390	15811398	8	3	70	pips_40_500-8000.hdf5	both	none
1582.2056	1	Stimulus/S  1	1	15822056	15822064	8	4	50	pips_40_500-8000.hdf5	both	none
1583.2723	1	Stimulus/S  1	1	15832723	15832731	8	5	30	pips_40_500-8000.hdf5	both	none
1584.339	1	Stimulus/S  1	1	15843390	15843398	9	0	20	pips_40_500-8000.hdf5	both	none
1585.3843	1	Stimulus/S  1	1	15853843	15853851	9	1	40	pips_40_500-8000.hdf5	both	none
1586.451	1	Stimulus/S  1	1	15864510	15864518	9	2	60	pips_40_500-8000.hdf5	both	none
1587.507	1	Stimulus/S  1	1	15875070	15875078	9	3	70	pips_40_500-8000.hdf5	both	none
1588.5737	1	Stimulus/S  1	1	15885737	15885745	9	4	50	pips_40_500-8000.hdf5	both	none
1589.619	1	Stimulus/S  1	1	15896190	15896198	9	5	30	pips_40_500-8000.hdf5	both	none
1590.6751	1	Stimulus/S  1	1	15906751	15906759	10	0	20	pips_40_500-8000.hdf5	both	none
1591.7204	1	Stimulus/S  1	1	15917204	15917212	10	1	40	pips_40_500-8000.hdf5	both	none
1592.7657	1	Stimulus/S  1	1	15927657	15927665	10	2	60	pips_40_500-8000.hdf5	both	none
1593.8218	1	Stimulus/S  1	1	15938218	15938226	10	3	70	pips_40_500-8000.hdf5	both	none
1594.8671	1	Stimulus/S  1	1	15948671	15948679	10	4	50	pips_40_500-8000.hdf5	both	none
1595.9231	1	Stimulus/S  1	1	15959231	15959239	10	5	30	pips_40_500-8000.hdf5	both	none
1596.9685	1	Stimulus/S  1	1	15969685	15969693	11	0	20	pips_40_500-8000.hdf5	both	none
1598.0245	1	Stimulus/S  1	1	15980245	15980253	11	1	40	pips_40_500-8000.hdf5	both	none
1599.0911	1	Stimulus/S  1	1	15990911	15990919	11	2	60	pips_40_500-8000.hdf5	both	none
1600.1365	1	Stimulus/S  1	1	16001365	16001373	11	3	70	pips_40_500-8000.hdf5	both	none
1601.2032	1	Stimulus/S  1	1	16012032	16012040	11	4	50	pips_40_500-8000.hdf5	both	none
1602.2485	1	Stimulus/S  1	1	16022485	16022493	11	5	30	pips_40_500-8000.hdf5	both	none
1603.3152	1	Stimulus/S  1	1	16033152	16033160	12	0	20	pips_40_500-8000.hdf5	both	none
1604.3819	1	Stimulus/S  1	1	16043819	16043827	12	1	40	pips_40_500-8000.hdf5	both	none
1605.4592	1	Stimulus/S  1	1	16054592	16054600	12	2	60	pips_40_500-8000.hdf5	both	none
1606.5259	1	Stimulus/S  1	1	16065259	16065267	12	3	70	pips_40_500-8000.hdf5	both	none
1607.5819	1	Stimulus/S  1	1	16075819	16075827	12	4	50	pips_40_500-8000.hdf5	both	none
1608.6592	1	Stimulus/S  1	1	16086592	16086600	12	5	30	pips_40_500-8000.hdf5	both	none
1609.7259	1	Stimulus/S  1	1	16097259	16097267	13	0	20	pips_40_500-8000.hdf5	both	none
1610.7819	1	Stimulus/S  1	1	16107819	16107827	13	1	40	pips_40_500-8000.hdf5	both	none
1611.8379	1	Stimulus/S  1	1	16118379	16118387	13	2	60	pips_40_500-8000.hdf5	both	none
1612.8833	1	Stimulus/S  1	1	16128833	16128841	13	3	70	pips_40_500-8000.hdf5	both	none
1613.9393	1	Stimulus/S  1	1	16139393	16139401	13	4	50	pips_40_500-8000.hdf5	both	none
1614.9846	1	Stimulus/S  1	1	16149846	16149854	13	5	30	pips_40_500-8000.hdf5	both	none
1616.0406	1	Stimulus/S  1	1	16160406	16160414	14	0	20	pips_40_500-8000.hdf5	both	none
1617.086	1	Stimulus/S  1	1	16170860	16170868	14	1	40	pips_40_500-8000.hdf5	both	none
1618.142	1	Stimulus/S  1	1	16181420	16181428	14	2	60	pips_40_500-8000.hdf5	both	none
1619.2087	1	Stimulus/S  1	1	16192087	16192095	14	3	70	pips_40_500-8000.hdf5	both	none
1620.254	1	Stimulus/S  1	1	16202540	16202548	14	4	50	pips_40_500-8000.hdf5	both	none
1621.2994	1	Stimulus/S  1	1	16212994	16213002	14	5	30	pips_40_500-8000.hdf5	both	none
1622.3554	1	Stimulus/S  1	1	16223554	16223562	15	0	20	pips_40_500-8000.hdf5	both	none
1623.422	1	Stimulus/S  1	1	16234220	16234228	15	1	40	pips_40_500-8000.hdf5	both	none
1624.4674	1	Stimulus/S  1	1	16244674	16244682	15	2	60	pips_40_500-8000.hdf5	both	none
1625.5234	1	Stimulus/S  1	1	16255234	16255242	15	3	70	pips_40_500-8000.hdf5	both	none
1626.5687	1	Stimulus/S  1	1	16265687	16265695	15	4	50	pips_40_500-8000.hdf5	both	none
1627.6247	1	Stimulus/S  1	1	16276247	16276255	15	5	30	pips_40_500-8000.hdf5	both	none
1628.6701	1	Stimulus/S  1	1	16286701	16286709	16	0	20	pips_40_500-8000.hdf5	both	none
1629.7368	1	Stimulus/S  1	1	16297368	16297376	16	1	40	pips_40_500-8000.hdf5	both	none
1630.8034	1	Stimulus/S  1	1	16308034	16308042	16	2	60	pips_40_500-8000.hdf5	both	none
1631.8701	1	Stimulus/S  1	1	16318701	16318709	16	3	70	pips_40_500-8000.hdf5	both	none
1632.9368	1	Stimulus/S  1	1	16329368	16329376	16	4	50	pips_40_500-8000.hdf5	both	none
1634.0035	1	Stimulus/S  1	1	16340035	16340043	16	5	30	pips_40_500-8000.hdf5	both	none
1635.0702	1	Stimulus/S  1	1	16350702	16350710	17	0	20	pips_40_500-8000.hdf5	both	none
1636.1368	1	Stimulus/S  1	1	16361368	16361376	17	1	40	pips_40_500-8000.hdf5	both	none
1637.2035	1	Stimulus/S  1	1	16372035	16372043	17	2	60	pips_40_500-8000.hdf5	both	none
1638.2702	1	Stimulus/S  1	1	16382702	16382710	17	3	70	pips_40_500-8000.hdf5	both	none
1639.3369	1	Stimulus/S  1	1	16393369	16393377	17	4	50	pips_40_500-8000.hdf5	both	none
1640.4035	1	Stimulus/S  1	1	16404035	16404043	17	5	30	pips_40_500-8000.hdf5	both	none
1641.4702	1	Stimulus/S  1	1	16414702	16414710	18	0	20	pips_40_500-8000.hdf5	both	none
1642.5156	1	Stimulus/S  1	1	16425156	16425164	18	1	40	pips_40_500-8000.hdf5	both	none
1643.5716	1	Stimulus/S  1	1	16435716	16435724	18	2	60	pips_40_500-8000.hdf5	both	none
1644.6169	1	Stimulus/S  1	1	16446169	16446177	18	3	70	pips_40_500-8000.hdf5	both	none
1645.6729	1	Stimulus/S  1	1	16456729	16456737	18	4	50	pips_40_500-8000.hdf5	both	none
1646.7183	1	Stimulus/S  1	1	16467183	16467191	18	5	30	pips_40_500-8000.hdf5	both	none
1647.7743	1	Stimulus/S  1	1	16477743	16477751	19	0	20	pips_40_500-8000.hdf5	both	none
1648.8196	1	Stimulus/S  1	1	16488196	16488204	19	1	40	pips_40_500-8000.hdf5	both	none
1649.8756	1	Stimulus/S  1	1	16498756	16498764	19	2	60	pips_40_500-8000.hdf5	both	none
1650.921	1	Stimulus/S  1	1	16509210	16509218	19	3	70	pips_40_500-8000.hdf5	both	none
1651.9663	1	Stimulus/S  1	1	16519663	16519671	19	4	50	pips_40_500-8000.hdf5	both	none
1653.0223	1	Stimulus/S  1	1	16530223	16530231	19	5	30	pips_40_500-8000.hdf5	both	none
1654.0677	1	Stimulus/S  1	1	16540677	16540685	20	0	20	pips_40_500-8000.hdf5	both	none
1655.1343	1	Stimulus/S  1	1	16551343	16551351	20	1	40	pips_40_500-8000.hdf5	both	none
1656.1904	1	Stimulus/S  1	1	16561904	16561912	20	2	60	pips_40_500-8000.hdf5	both	none
1657.257	1	Stimulus/S  1	1	16572570	16572578	20	3	70	pips_40_500-8000.hdf5	both	none
1658.3237	1	Stimulus/S  1	1	16583237	16583245	20	4	50	pips_40_500-8000.hdf5	both	none
1659.3904	1	Stimulus/S  1	1	16593904	16593912	20	5	30	pips_40_500-8000.hdf5	both	none
1660.4571	1	Stimulus/S  1	1	16604571	16604579	21	0	20	pips_40_500-8000.hdf5	both	none
1661.5237	1	Stimulus/S  1	1	16615237	16615245	21	1	40	pips_40_500-8000.hdf5	both	none
1662.5904	1	Stimulus/S  1	1	16625904	16625912	21	2	60	pips_40_500-8000.hdf5	both	none
1663.6571	1	Stimulus/S  1	1	16636571	16636579	21	3	70	pips_40_500-8000.hdf5	both	none
1664.7238	1	Stimulus/S  1	1	16647238	16647246	21	4	50	pips_40_500-8000.hdf5	both	none
1665.7905	1	Stimulus/S  1	1	16657905	16657913	21	5	30	pips_40_500-8000.hdf5	both	none
1666.8358	1	Stimulus/S  1	1	16668358	16668366	22	0	20	pips_40_500-8000.hdf5	both	none
1667.8918	1	Stimulus/S  1	1	16678918	16678926	22	1	40	pips_40_500-8000.hdf5	both	none
1668.9372	1	Stimulus/S  1	1	16689372	16689380	22	2	60	pips_40_500-8000.hdf5	both	none
1669.9932	1	Stimulus/S  1	1	16699932	16699940	22	3	70	pips_40_500-8000.hdf5	both	none
1671.0385	1	Stimulus/S  1	1	16710385	16710393	22	4	50	pips_40_500-8000.hdf5	both	none
1672.0838	1	Stimulus/S  1	1	16720838	16720846	22	5	30	pips_40_500-8000.hdf5	both	none
1673.1399	1	Stimulus/S  1	1	16731399	16731407	23	0	20	pips_40_500-8000.hdf5	both	none
1674.1852	1	Stimulus/S  1	1	16741852	16741860	23	1	40	pips_40_500-8000.hdf5	both	none
1675.2412	1	Stimulus/S  1	1	16752412	16752420	23	2	60	pips_40_500-8000.hdf5	both	none
1676.2866	1	Stimulus/S  1	1	16762866	16762874	23	3	70	pips_40_500-8000.hdf5	both	none
1677.3532	1	Stimulus/S  1	1	16773532	16773540	23	4	50	pips_40_500-8000.hdf5	both	none
1678.4092	1	Stimulus/S  1	1	16784092	16784100	23	5	30	pips_40_500-8000.hdf5	both	none
1679.4759	1	Stimulus/S  1	1	16794759	16794767	24	0	20	pips_40_500-8000.hdf5	both	none
1680.5426	1	Stimulus/S  1	1	16805426	16805434	24	1	40	pips_40_500-8000.hdf5	both	none
1681.6093	1	Stimulus/S  1	1	16816093	16816101	24	2	60	pips_40_500-8000.hdf5	both	none
1682.676	1	Stimulus/S  1	1	16826760	16826768	24	3	70	pips_40_500-8000.hdf5	both	none
1683.7426	1	Stimulus/S  1	1	16837426	16837434	24	4	50	pips_40_500-8000.hdf5	both	none
1684.8093	1	Stimulus/S  1	1	16848093	16848101	24	5	30	pips_40_500-8000.hdf5	both	none
1685.876	1	Stimulus/S  1	1	16858760	16858768	25	0	20	pips_40_500-8000.hdf5	both	none
1686.9427	1	Stimulus/S  1	1	16869427	16869435	25	1	40	pips_40_500-8000.hdf5	both	none
1688.0093	1	Stimulus/S  1	1	16880093	16880101	25	2	60	pips_40_500-8000.hdf5	both	none
1689.0547	1	Stimulus/S  1	1	16890547	16890555	25	3	70	pips_40_500-8000.hdf5	both	none
1690.1	1	Stimulus/S  1	1	16901000	16901008	25	4	50	pips_40_500-8000.hdf5	both	none
1691.156	1	Stimulus/S  1	1	16911560	16911568	25	5	30	pips_40_500-8000.hdf5	both	none
1692.2227	1	Stimulus/S  1	1	16922227	16922235	26	0	20	pips_40_500-8000.hdf5	both	none
1693.2681	1	Stimulus/S  1	1	16932681	16932689	26	1	40	pips_40_500-8000.hdf5	both	none
1694.3347	1	Stimulus/S  1	1	16943347	16943355	26	2	60	pips_40_500-8000.hdf5	both	none
1695.3907	1	Stimulus/S  1	1	16953907	16953915	26	3	70	pips_40_500-8000.hdf5	both	none
1696.4361	1	Stimulus/S  1	1	16964361	16964369	26	4	50	pips_40_500-8000.hdf5	both	none
1697.4921	1	Stimulus/S  1	1	16974921	16974929	26	5	30	pips_40_500-8000.hdf5	both	none
1698.5374	1	Stimulus/S  1	1	16985374	16985382	27	0	20	pips_40_500-8000.hdf5	both	none
1699.5934	1	Stimulus/S  1	1	16995934	16995942	27	1	40	pips_40_500-8000.hdf5	both	none
1700.6601	1	Stimulus/S  1	1	17006601	17006609	27	2	60	pips_40_500-8000.hdf5	both	none
1701.7055	1	Stimulus/S  1	1	17017055	17017063	27	3	70	pips_40_500-8000.hdf5	both	none
1702.7721	1	Stimulus/S  1	1	17027721	17027729	27	4	50	pips_40_500-8000.hdf5	both	none
1703.8175	1	Stimulus/S  1	1	17038175	17038183	27	5	30	pips_40_500-8000.hdf5	both	none
1704.8842	1	Stimulus/S  1	1	17048842	17048850	28	0	20	pips_40_500-8000.hdf5	both	none
1705.9508	1	Stimulus/S  1	1	17059508	17059516	28	1	40	pips_40_500-8000.hdf5	both	none
1707.0069	1	Stimulus/S  1	1	17070069	17070077	28	2	60	pips_40_500-8000.hdf5	both	none
1708.0735	1	Stimulus/S  1	1	17080735	17080743	28	3	70	pips_40_500-8000.hdf5	both	none
1709.1189	1	Stimulus/S  1	1	17091189	17091197	28	4	50	pips_40_500-8000.hdf5	both	none
1710.1856	1	Stimulus/S  1	1	17101856	17101864	28	5	30	pips_40_500-8000.hdf5	both	none
1711.2522	1	Stimulus/S  1	1	17112522	17112530	29	0	20	pips_40_500-8000.hdf5	both	none
1712.3189	1	Stimulus/S  1	1	17123189	17123197	29	1	40	pips_40_500-8000.hdf5	both	none
1713.3856	1	Stimulus/S  1	1	17133856	17133864	29	2	60	pips_40_500-8000.hdf5	both	none
1714.4523	1	Stimulus/S  1	1	17144523	17144531	29	3	70	pips_40_500-8000.hdf5	both	none
1715.5189	1	Stimulus/S  1	1	17155189	17155197	29	4	50	pips_40_500-8000.hdf5	both	none
1716.5749	1	Stimulus/S  1	1	17165749	17165757	29	5	30	pips_40_500-8000.hdf5	both	none
1717.6416	1	Stimulus/S  1	1	17176416	17176424	30	0	20	pips_40_500-8000.hdf5	both	none
1718.687	1	Stimulus/S  1	1	17186870	17186878	30	1	40	pips_40_500-8000.hdf5	both	none
1719.7536	1	Stimulus/S  1	1	17197536	17197544	30	2	60	pips_40_500-8000.hdf5	both	none
1720.8097	1	Stimulus/S  1	1	17208097	17208105	30	3	70	pips_40_500-8000.hdf5	both	none
1721.855	1	Stimulus/S  1	1	17218550	17218558	30	4	50	pips_40_500-8000.hdf5	both	none
1722.911	1	Stimulus/S  1	1	17229110	17229118	30	5	30	pips_40_500-8000.hdf5	both	none
1723.9564	1	Stimulus/S  1	1	17239564	17239572	31	0	20	pips_40_500-8000.hdf5	both	none
1725.0017	1	Stimulus/S  1	1	17250017	17250025	31	1	40	pips_40_500-8000.hdf5	both	none
1726.0577	1	Stimulus/S  1	1	17260577	17260585	31	2	60	pips_40_500-8000.hdf5	both	none
1727.103	1	Stimulus/S  1	1	17271030	17271038	31	3	70	pips_40_500-8000.hdf5	both	none
1728.1697	1	Stimulus/S  1	1	17281697	17281705	31	4	50	pips_40_500-8000.hdf5	both	none
1729.2257	1	Stimulus/S  1	1	17292257	17292265	31	5	30	pips_40_500-8000.hdf5	both	none
1730.2924	1	Stimulus/S  1	1	17302924	17302932	32	0	20	pips_40_500-8000.hdf5	both	none
1731.3378	1	Stimulus/S  1	1	17313378	17313386	32	1	40	pips_40_500-8000.hdf5	both	none
1732.4044	1	Stimulus/S  1	1	17324044	17324052	32	2	60	pips_40_500-8000.hdf5	both	none
1733.4711	1	Stimulus/S  1	1	17334711	17334719	32	3	70	pips_40_500-8000.hdf5	both	none
1734.5378	1	Stimulus/S  1	1	17345378	17345386	32	4	50	pips_40_500-8000.hdf5	both	none
1735.5938	1	Stimulus/S  1	1	17355938	17355946	32	5	30	pips_40_500-8000.hdf5	both	none
1736.6605	1	Stimulus/S  1	1	17366605	17366613	33	0	20	pips_40_500-8000.hdf5	both	none
1737.7058	1	Stimulus/S  1	1	17377058	17377066	33	1	40	pips_40_500-8000.hdf5	both	none
1738.7725	1	Stimulus/S  1	1	17387725	17387733	33	2	60	pips_40_500-8000.hdf5	both	none
1739.8178	1	Stimulus/S  1	1	17398178	17398186	33	3	70	pips_40_500-8000.hdf5	both	none
1740.8738	1	Stimulus/S  1	1	17408738	17408746	33	4	50	pips_40_500-8000.hdf5	both	none
1741.9192	1	Stimulus/S  1	1	17419192	17419200	33	5	30	pips_40_500-8000.hdf5	both	none
1742.9752	1	Stimulus/S  1	1	17429752	17429760	34	0	20	pips_40_500-8000.hdf5	both	none
1744.0205	1	Stimulus/S  1	1	17440205	17440213	34	1	40	pips_40_500-8000.hdf5	both	none
1745.0766	1	Stimulus/S  1	1	17450766	17450774	34	2	60	pips_40_500-8000.hdf5	both	none
1746.1219	1	Stimulus/S  1	1	17461219	17461227	34	3	70	pips_40_500-8000.hdf5	both	none
1747.1886	1	Stimulus/S  1	1	17471886	17471894	34	4	50	pips_40_500-8000.hdf5	both	none
1748.2446	1	Stimulus/S  1	1	17482446	17482454	34	5	30	pips_40_500-8000.hdf5	both	none
1749.3113	1	Stimulus/S  1	1	17493113	17493121	35	0	20	pips_40_500-8000.hdf5	both	none
1750.3566	1	Stimulus/S  1	1	17503566	17503574	35	1	40	pips_40_500-8000.hdf5	both	none
1751.4233	1	Stimulus/S  1	1	17514233	17514241	35	2	60	pips_40_500-8000.hdf5	both	none
1752.49	1	Stimulus/S  1	1	17524900	17524908	35	3	70	pips_40_500-8000.hdf5	both	none
1753.5566	1	Stimulus/S  1	1	17535566	17535574	35	4	50	pips_40_500-8000.hdf5	both	none
1754.602	1	Stimulus/S  1	1	17546020	17546028	35	5	30	pips_40_500-8000.hdf5	both	none
1755.6687	1	Stimulus/S  1	1	17556687	17556695	36	0	20	pips_40_500-8000.hdf5	both	none
1756.7353	1	Stimulus/S  1	1	17567353	17567361	36	1	40	pips_40_500-8000.hdf5	both	none
1757.7913	1	Stimulus/S  1	1	17577913	17577921	36	2	60	pips_40_500-8000.hdf5	both	none
1758.8367	1	Stimulus/S  1	1	17588367	17588375	36	3	70	pips_40_500-8000.hdf5	both	none
1759.8927	1	Stimulus/S  1	1	17598927	17598935	36	4	50	pips_40_500-8000.hdf5	both	none
1760.938	1	Stimulus/S  1	1	17609380	17609388	36	5	30	pips_40_500-8000.hdf5	both	none
1761.9941	1	Stimulus/S  1	1	17619941	17619949	37	0	20	pips_40_500-8000.hdf5	both	none
1763.0394	1	Stimulus/S  1	1	17630394	17630402	37	1	40	pips_40_500-8000.hdf5	both	none
1764.1061	1	Stimulus/S  1	1	17641061	17641069	37	2	60	pips_40_500-8000.hdf5	both	none
1765.1514	1	Stimulus/S  1	1	17651514	17651522	37	3	70	pips_40_500-8000.hdf5	both	none
1766.2181	1	Stimulus/S  1	1	17662181	17662189	37	4	50	pips_40_500-8000.hdf5	both	none
1767.2741	1	Stimulus/S  1	1	17672741	17672749	37	5	30	pips_40_500-8000.hdf5	both	none
1768.3408	1	Stimulus/S  1	1	17683408	17683416	38	0	20	pips_40_500-8000.hdf5	both	none
1769.4075	1	Stimulus/S  1	1	17694075	17694083	38	1	40	pips_40_500-8000.hdf5	both	none
1770.4741	1	Stimulus/S  1	1	17704741	17704749	38	2	60	pips_40_500-8000.hdf5	both	none
1771.5408	1	Stimulus/S  1	1	17715408	17715416	38	3	70	pips_40_500-8000.hdf5	both	none
1772.6075	1	Stimulus/S  1	1	17726075	17726083	38	4	50	pips_40_500-8000.hdf5	both	none
1773.6742	1	Stimulus/S  1	1	17736742	17736750	38	5	30	pips_40_500-8000.hdf5	both	none
1774.7195	1	Stimulus/S  1	1	17747195	17747203	39	0	20	pips_40_500-8000.hdf5	both	none
1775.7755	1	Stimulus/S  1	1	17757755	17757763	39	1	40	pips_40_500-8000.hdf5	both	none
1776.8209	1	Stimulus/S  1	1	17768209	17768217	39	2	60	pips_40_500-8000.hdf5	both	none
1777.8769	1	Stimulus/S  1	1	17778769	17778777	39	3	70	pips_40_500-8000.hdf5	both	none
1778.9222	1	Stimulus/S  1	1	17789222	17789230	39	4	50	pips_40_500-8000.hdf5	both	none
1779.9782	1	Stimulus/S  1	1	17799782	17799790	39	5	30	pips_40_500-8000.hdf5	both	none
1781.0449	1	Stimulus/S  1	1	17810449	17810457	40	0	20	pips_40_500-8000.hdf5	both	none
1782.0902	1	Stimulus/S  1	1	17820902	17820910	40	1	40	pips_40_500-8000.hdf5	both	none
1783.1569	1	Stimulus/S  1	1	17831569	17831577	40	2	60	pips_40_500-8000.hdf5	both	none
1784.2236	1	Stimulus/S  1	1	17842236	17842244	40	3	70	pips_40_500-8000.hdf5	both	none
1785.2903	1	Stimulus/S  1	1	17852903	17852911	40	4	50	pips_40_500-8000.hdf5	both	none
1786.357	1	Stimulus/S  1	1	17863570	17863578	40	5	30	pips_40_500-8000.hdf5	both	none
1787.4023	1	Stimulus/S  1	1	17874023	17874031	41	0	20	pips_40_500-8000.hdf5	both	none
1788.469	1	Stimulus/S  1	1	17884690	17884698	41	1	40	pips_40_500-8000.hdf5	both	none
1789.5357	1	Stimulus/S  1	1	17895357	17895365	41	2	60	pips_40_500-8000.hdf5	both	none
1790.6023	1	Stimulus/S  1	1	17906023	17906031	41	3	70	pips_40_500-8000.hdf5	both	none
1791.669	1	Stimulus/S  1	1	17916690	17916698	41	4	50	pips_40_500-8000.hdf5	both	none
1792.7357	1	Stimulus/S  1	1	17927357	17927365	41	5	30	pips_40_500-8000.hdf5	both	none
1793.8024	1	Stimulus/S  1	1	17938024	17938032	42	0	20	pips_40_500-8000.hdf5	both	none
1794.8584	1	Stimulus/S  1	1	17948584	17948592	42	1	40	pips_40_500-8000.hdf5	both	none
1795.9037	1	Stimulus/S  1	1	17959037	17959045	42	2	60	pips_40_500-8000.hdf5	both	none
1796.9597	1	Stimulus/S  1	1	17969597	17969605	42	3	70	pips_40_500-8000.hdf5	both	none
1798.0051	1	Stimulus/S  1	1	17980051	17980059	42	4	50	pips_40_500-8000.hdf5	both	none
1799.0611	1	Stimulus/S  1	1	17990611	17990619	42	5	30	pips_40_500-8000.hdf5	both	none
1800.1064	1	Stimulus/S  1	1	18001064	18001072	43	0	20	pips_40_500-8000.hdf5	both	none
1801.1731	1	Stimulus/S  1	1	18011731	18011739	43	1	40	pips_40_500-8000.hdf5	both	none
1802.2291	1	Stimulus/S  1	1	18022291	18022299	43	2	60	pips_40_500-8000.hdf5	both	none
1803.2958	1	Stimulus/S  1	1	18032958	18032966	43	3	70	pips_40_500-8000.hdf5	both	none
1804.3518	1	Stimulus/S  1	1	18043518	18043526	43	4	50	pips_40_500-8000.hdf5	both	none
1805.4185	1	Stimulus/S  1	1	18054185	18054193	43	5	30	pips_40_500-8000.hdf5	both	none
1806.4958	1	Stimulus/S  1	1	18064958	18064966	44	0	20	pips_40_500-8000.hdf5	both	none
1807.5625	1	Stimulus/S  1	1	18075625	18075633	44	1	40	pips_40_500-8000.hdf5	both	none
1808.6292	1	Stimulus/S  1	1	18086292	18086300	44	2	60	pips_40_500-8000.hdf5	both	none
1809.6745	1	Stimulus/S  1	1	18096745	18096753	44	3	70	pips_40_500-8000.hdf5	both	none
1810.7412	1	Stimulus/S  1	1	18107412	18107420	44	4	50	pips_40_500-8000.hdf5	both	none
1811.7865	1	Stimulus/S  1	1	18117865	18117873	44	5	30	pips_40_500-8000.hdf5	both	none
1812.8532	1	Stimulus/S  1	1	18128532	18128540	45	0	20	pips_40_500-8000.hdf5	both	none
1813.9092	1	Stimulus/S  1	1	18139092	18139100	45	1	40	pips_40_500-8000.hdf5	both	none
1814.9546	1	Stimulus/S  1	1	18149546	18149554	45	2	60	pips_40_500-8000.hdf5	both	none
1816.0106	1	Stimulus/S  1	1	18160106	18160114	45	3	70	pips_40_500-8000.hdf5	both	none
1817.0559	1	Stimulus/S  1	1	18170559	18170567	45	4	50	pips_40_500-8000.hdf5	both	none
1818.1119	1	Stimulus/S  1	1	18181119	18181127	45	5	30	pips_40_500-8000.hdf5	both	none
1819.1786	1	Stimulus/S  1	1	18191786	18191794	46	0	20	pips_40_500-8000.hdf5	both	none
1820.224	1	Stimulus/S  1	1	18202240	18202248	46	1	40	pips_40_500-8000.hdf5	both	none
1821.2906	1	Stimulus/S  1	1	18212906	18212914	46	2	60	pips_40_500-8000.hdf5	both	none
1822.336	1	Stimulus/S  1	1	18223360	18223368	46	3	70	pips_40_500-8000.hdf5	both	none
1823.4027	1	Stimulus/S  1	1	18234027	18234035	46	4	50	pips_40_500-8000.hdf5	both	none
1824.4693	1	Stimulus/S  1	1	18244693	18244701	46	5	30	pips_40_500-8000.hdf5	both	none
1825.536	1	Stimulus/S  1	1	18255360	18255368	47	0	20	pips_40_500-8000.hdf5	both	none
1826.6027	1	Stimulus/S  1	1	18266027	18266035	47	1	40	pips_40_500-8000.hdf5	both	none
1827.6694	1	Stimulus/S  1	1	18276694	18276702	47	2	60	pips_40_500-8000.hdf5	both	none
1828.736	1	Stimulus/S  1	1	18287360	18287368	47	3	70	pips_40_500-8000.hdf5	both	none
1829.792	1	Stimulus/S  1	1	18297920	18297928	47	4	50	pips_40_500-8000.hdf5	both	none
1830.8587	1	Stimulus/S  1	1	18308587	18308595	47	5	30	pips_40_500-8000.hdf5	both	none
1831.9041	1	Stimulus/S  1	1	18319041	18319049	48	0	20	pips_40_500-8000.hdf5	both	none
1832.9601	1	Stimulus/S  1	1	18329601	18329609	48	1	40	pips_40_500-8000.hdf5	both	none
1834.0054	1	Stimulus/S  1	1	18340054	18340062	48	2	60	pips_40_500-8000.hdf5	both	none
1835.0614	1	Stimulus/S  1	1	18350614	18350622	48	3	70	pips_40_500-8000.hdf5	both	none
1836.1068	1	Stimulus/S  1	1	18361068	18361076	48	4	50	pips_40_500-8000.hdf5	both	none
1837.1628	1	Stimulus/S  1	1	18371628	18371636	48	5	30	pips_40_500-8000.hdf5	both	none
1838.2081	1	Stimulus/S  1	1	18382081	18382089	49	0	20	pips_40_500-8000.hdf5	both	none
1839.2535	1	Stimulus/S  1	1	18392535	18392543	49	1	40	pips_40_500-8000.hdf5	both	none
1840.3095	1	Stimulus/S  1	1	18403095	18403103	49	2	60	pips_40_500-8000.hdf5	both	none
1841.3548	1	Stimulus/S  1	1	18413548	18413556	49	3	70	pips_40_500-8000.hdf5	both	none
1842.4215	1	Stimulus/S  1	1	18424215	18424223	49	4	50	pips_40_500-8000.hdf5	both	none
1843.4882	1	Stimulus/S  1	1	18434882	18434890	49	5	30	pips_40_500-8000.hdf5	both	none
1844.5549	1	Stimulus/S  1	1	18445549	18445557	50	0	20	pips_40_500-8000.hdf5	both	none
1845.6215	1	Stimulus/S  1	1	18456215	18456223	50	1	40	pips_40_500-8000.hdf5	both	none
1846.6882	1	Stimulus/S  1	1	18466882	18466890	50	2	60	pips_40_500-8000.hdf5	both	none
1847.7549	1	Stimulus/S  1	1	18477549	18477557	50	3	70	pips_40_500-8000.hdf5	both	none
1848.8109	1	Stimulus/S  1	1	18488109	18488117	50	4	50	pips_40_500-8000.hdf5	both	none
1849.8562	1	Stimulus/S  1	1	18498562	18498570	50	5	30	pips_40_500-8000.hdf5	both	none
1850.9123	1	Stimulus/S  1	1	18509123	18509131	51	0	20	pips_40_500-8000.hdf5	both	none
1851.9576	1	Stimulus/S  1	1	18519576	18519584	51	1	40	pips_40_500-8000.hdf5	both	none
1853.0029	1	Stimulus/S  1	1	18530029	18530037	51	2	60	pips_40_500-8000.hdf5	both	none
1854.0589	1	Stimulus/S  1	1	18540589	18540597	51	3	70	pips_40_500-8000.hdf5	both	none
1855.1043	1	Stimulus/S  1	1	18551043	18551051	51	4	50	pips_40_500-8000.hdf5	both	none
1856.1603	1	Stimulus/S  1	1	18561603	18561611	51	5	30	pips_40_500-8000.hdf5	both	none
1857.227	1	Stimulus/S  1	1	18572270	18572278	52	0	20	pips_40_500-8000.hdf5	both	none
1858.2723	1	Stimulus/S  1	1	18582723	18582731	52	1	40	pips_40_500-8000.hdf5	both	none
1859.339	1	Stimulus/S  1	1	18593390	18593398	52	2	60	pips_40_500-8000.hdf5	both	none
1860.4057	1	Stimulus/S  1	1	18604057	18604065	52	3	70	pips_40_500-8000.hdf5	both	none
1861.4724	1	Stimulus/S  1	1	18614724	18614732	52	4	50	pips_40_500-8000.hdf5	both	none
1862.539	1	Stimulus/S  1	1	18625390	18625398	52	5	30	pips_40_500-8000.hdf5	both	none
1863.6057	1	Stimulus/S  1	1	18636057	18636065	53	0	20	pips_40_500-8000.hdf5	both	none
1864.6724	1	Stimulus/S  1	1	18646724	18646732	53	1	40	pips_40_500-8000.hdf5	both	none
1865.7284	1	Stimulus/S  1	1	18657284	18657292	53	2	60	pips_40_500-8000.hdf5	both	none
1866.7951	1	Stimulus/S  1	1	18667951	18667959	53	3	70	pips_40_500-8000.hdf5	both	none
1867.8404	1	Stimulus/S  1	1	18678404	18678412	53	4	50	pips_40_500-8000.hdf5	both	none
1868.8964	1	Stimulus/S  1	1	18688964	18688972	53	5	30	pips_40_500-8000.hdf5	both	none
1869.9418	1	Stimulus/S  1	1	18699418	18699426	54	0	20	pips_40_500-8000.hdf5	both	none
1870.9871	1	Stimulus/S  1	1	18709871	18709879	54	1	40	pips_40_500-8000.hdf5	both	none
1872.0431	1	Stimulus/S  1	1	18720431	18720439	54	2	60	pips_40_500-8000.hdf5	both	none
1873.0885	1	Stimulus/S  1	1	18730885	18730893	54	3	70	pips_40_500-8000.hdf5	both	none
1874.1445	1	Stimulus/S  1	1	18741445	18741453	54	4	50	pips_40_500-8000.hdf5	both	none
1875.1898	1	Stimulus/S  1	1	18751898	18751906	54	5	30	pips_40_500-8000.hdf5	both	none
1876.2565	1	Stimulus/S  1	1	18762565	18762573	55	0	20	pips_40_500-8000.hdf5	both	none
1877.3232	1	Stimulus/S  1	1	18773232	18773240	55	1	40	pips_40_500-8000.hdf5	both	none
1878.3899	1	Stimulus/S  1	1	18783899	18783907	55	2	60	pips_40_500-8000.hdf5	both	none
1879.4565	1	Stimulus/S  1	1	18794565	18794573	55	3	70	pips_40_500-8000.hdf5	both	none
1880.5232	1	Stimulus/S  1	1	18805232	18805240	55	4	50	pips_40_500-8000.hdf5	both	none
1881.5899	1	Stimulus/S  1	1	18815899	18815907	55	5	30	pips_40_500-8000.hdf5	both	none
1882.6459	1	Stimulus/S  1	1	18826459	18826467	56	0	20	pips_40_500-8000.hdf5	both	none
1883.7126	1	Stimulus/S  1	1	18837126	18837134	56	1	40	pips_40_500-8000.hdf5	both	none
1884.7579	1	Stimulus/S  1	1	18847579	18847587	56	2	60	pips_40_500-8000.hdf5	both	none
1885.8246	1	Stimulus/S  1	1	18858246	18858254	56	3	70	pips_40_500-8000.hdf5	both	none
1886.8699	1	Stimulus/S  1	1	18868699	18868707	56	4	50	pips_40_500-8000.hdf5	both	none
1887.9259	1	Stimulus/S  1	1	18879259	18879267	56	5	30	pips_40_500-8000.hdf5	both	none
1888.9713	1	Stimulus/S  1	1	18889713	18889721	57	0	20	pips_40_500-8000.hdf5	both	none
1890.0273	1	Stimulus/S  1	1	18900273	18900281	57	1	40	pips_40_500-8000.hdf5	both	none
1891.0726	1	Stimulus/S  1	1	18910726	18910734	57	2	60	pips_40_500-8000.hdf5	both	none
1892.1393	1	Stimulus/S  1	1	18921393	18921401	57	3	70	pips_40_500-8000.hdf5	both	none
1893.1953	1	Stimulus/S  1	1	18931953	18931961	57	4	50	pips_40_500-8000.hdf5	both	none
1894.262	1	Stimulus/S  1	1	18942620	18942628	57	5	30	pips_40_500-8000.hdf5	both	none
1895.3073	1	Stimulus/S  1	1	18953073	18953081	58	0	20	pips_40_500-8000.hdf5	both	none
1896.374	1	Stimulus/S  1	1	18963740	18963748	58	1	40	pips_40_500-8000.hdf5	both	none
1897.4407	1	Stimulus/S  1	1	18974407	18974415	58	2	60	pips_40_500-8000.hdf5	both	none
1898.5074	1	Stimulus/S  1	1	18985074	18985082	58	3	70	pips_40_500-8000.hdf5	both	none
1899.5741	1	Stimulus/S  1	1	18995741	18995749	58	4	50	pips_40_500-8000.hdf5	both	none
1900.6407	1	Stimulus/S  1	1	19006407	19006415	58	5	30	pips_40_500-8000.hdf5	both	none
1901.7074	1	Stimulus/S  1	1	19017074	19017082	59	0	20	pips_40_500-8000.hdf5	both	none
1902.7634	1	Stimulus/S  1	1	19027634	19027642	59	1	40	pips_40_500-8000.hdf5	both	none
1903.8301	1	Stimulus/S  1	1	19038301	19038309	59	2	60	pips_40_500-8000.hdf5	both	none
1904.8754	1	Stimulus/S  1	1	19048754	19048762	59	3	70	pips_40_500-8000.hdf5	both	none
1905.9421	1	Stimulus/S  1	1	19059421	19059429	59	4	50	pips_40_500-8000.hdf5	both	none
1906.9875	1	Stimulus/S  1	1	19069875	19069883	59	5	30	pips_40_500-8000.hdf5	both	none
1908.0435	1	Stimulus/S  1	1	19080435	19080443	60	0	20	pips_40_500-8000.hdf5	both	none
1909.0888	1	Stimulus/S  1	1	19090888	19090896	60	1	40	pips_40_500-8000.hdf5	both	none
1910.1448	1	Stimulus/S  1	1	19101448	19101456	60	2	60	pips_40_500-8000.hdf5	both	none
1911.1902	1	Stimulus/S  1	1	19111902	19111910	60	3	70	pips_40_500-8000.hdf5	both	none
1912.2568	1	Stimulus/S  1	1	19122568	19122576	60	4	50	pips_40_500-8000.hdf5	both	none
1913.3129	1	Stimulus/S  1	1	19133129	19133137	60	5	30	pips_40_500-8000.hdf5	both	none
1914.3795	1	Stimulus/S  1	1	19143795	19143803	61	0	20	pips_40_500-8000.hdf5	both	none
1915.4249	1	Stimulus/S  1	1	19154249	19154257	61	1	40	pips_40_500-8000.hdf5	both	none
1916.4916	1	Stimulus/S  1	1	19164916	19164924	61	2	60	pips_40_500-8000.hdf5	both	none
1917.5582	1	Stimulus/S  1	1	19175582	19175590	61	3	70	pips_40_500-8000.hdf5	both	none
1918.6249	1	Stimulus/S  1	1	19186249	19186257	61	4	50	pips_40_500-8000.hdf5	both	none
1919.6916	1	Stimulus/S  1	1	19196916	19196924	61	5	30	pips_40_500-8000.hdf5	both	none
1920.7583	1	Stimulus/S  1	1	19207583	19207591	62	0	20	pips_40_500-8000.hdf5	both	none
1921.8249	1	Stimulus/S  1	1	19218249	19218257	62	1	40	pips_40_500-8000.hdf5	both	none
1922.8703	1	Stimulus/S  1	1	19228703	19228711	62	2	60	pips_40_500-8000.hdf5	both	none
1923.9263	1	Stimulus/S  1	1	19239263	19239271	62	3	70	pips_40_500-8000.hdf5	both	none
1924.9716	1	Stimulus/S  1	1	19249716	19249724	62	4	50	pips_40_500-8000.hdf5	both	none
1926.0276	1	Stimulus/S  1	1	19260276	19260284	62	5	30	pips_40_500-8000.hdf5	both	none
1927.073	1	Stimulus/S  1	1	19270730	19270738	63	0	20	pips_40_500-8000.hdf5	both	none
1928.129	1	Stimulus/S  1	1	19281290	19281298	63	1	40	pips_40_500-8000.hdf5	both	none
1929.1743	1	Stimulus/S  1	1	19291743	19291751	63	2	60	pips_40_500-8000.hdf5	both	none
1930.2304	1	Stimulus/S  1	1	19302304	19302312	63	3	70	pips_40_500-8000.hdf5	both	none
1931.297	1	Stimulus/S  1	1	19312970	19312978	63	4	50	pips_40_500-8000.hdf5	both	none
1932.3424	1	Stimulus/S  1	1	19323424	19323432	63	5	30	pips_40_500-8000.hdf5	both	none
1933.4091	1	Stimulus/S  1	1	19334091	19334099	64	0	20	pips_40_500-8000.hdf5	both	none
1934.4757	1	Stimulus/S  1	1	19344757	19344765	64	1	40	pips_40_500-8000.hdf5	both	none
1935.5424	1	Stimulus/S  1	1	19355424	19355432	64	2	60	pips_40_500-8000.hdf5	both	none
1936.6091	1	Stimulus/S  1	1	19366091	19366099	64	3	70	pips_40_500-8000.hdf5	both	none
1937.6758	1	Stimulus/S  1	1	19376758	19376766	64	4	50	pips_40_500-8000.hdf5	both	none
1938.7424	1	Stimulus/S  1	1	19387424	19387432	64	5	30	pips_40_500-8000.hdf5	both	none
1939.7878	1	Stimulus/S  1	1	19397878	19397886	65	0	20	pips_40_500-8000.hdf5	both	none
1940.8545	1	Stimulus/S  1	1	19408545	19408553	65	1	40	pips_40_500-8000.hdf5	both	none
1941.9105	1	Stimulus/S  1	1	19419105	19419113	65	2	60	pips_40_500-8000.hdf5	both	none
1942.9558	1	Stimulus/S  1	1	19429558	19429566	65	3	70	pips_40_500-8000.hdf5	both	none
1944.0118	1	Stimulus/S  1	1	19440118	19440126	65	4	50	pips_40_500-8000.hdf5	both	none
1945.0572	1	Stimulus/S  1	1	19450572	19450580	65	5	30	pips_40_500-8000.hdf5	both	none
1946.1132	1	Stimulus/S  1	1	19461132	19461140	66	0	20	pips_40_500-8000.hdf5	both	none
1947.1585	1	Stimulus/S  1	1	19471585	19471593	66	1	40	pips_40_500-8000.hdf5	both	none
1948.2145	1	Stimulus/S  1	1	19482145	19482153	66	2	60	pips_40_500-8000.hdf5	both	none
1949.2599	1	Stimulus/S  1	1	19492599	19492607	66	3	70	pips_40_500-8000.hdf5	both	none
1950.3052	1	Stimulus/S  1	1	19503052	19503060	66	4	50	pips_40_500-8000.hdf5	both	none
1951.3612	1	Stimulus/S  1	1	19513612	19513620	66	5	30	pips_40_500-8000.hdf5	both	none
1952.4279	1	Stimulus/S  1	1	19524279	19524287	67	0	20	pips_40_500-8000.hdf5	both	none
1953.4946	1	Stimulus/S  1	1	19534946	19534954	67	1	40	pips_40_500-8000.hdf5	both	none
1954.5399	1	Stimulus/S  1	1	19545399	19545407	67	2	60	pips_40_500-8000.hdf5	both	none
1955.6066	1	Stimulus/S  1	1	19556066	19556074	67	3	70	pips_40_500-8000.hdf5	both	none
1956.6733	1	Stimulus/S  1	1	19566733	19566741	67	4	50	pips_40_500-8000.hdf5	both	none
1957.74	1	Stimulus/S  1	1	19577400	19577408	67	5	30	pips_40_500-8000.hdf5	both	none
1958.796	1	Stimulus/S  1	1	19587960	19587968	68	0	20	pips_40_500-8000.hdf5	both	none
1959.8626	1	Stimulus/S  1	1	19598626	19598634	68	1	40	pips_40_500-8000.hdf5	both	none
1960.908	1	Stimulus/S  1	1	19609080	19609088	68	2	60	pips_40_500-8000.hdf5	both	none
1961.9747	1	Stimulus/S  1	1	19619747	19619755	68	3	70	pips_40_500-8000.hdf5	both	none
1963.0307	1	Stimulus/S  1	1	19630307	19630315	68	4	50	pips_40_500-8000.hdf5	both	none
1964.0973	1	Stimulus/S  1	1	19640973	19640981	68	5	30	pips_40_500-8000.hdf5	both	none
1965.1427	1	Stimulus/S  1	1	19651427	19651435	69	0	20	pips_40_500-8000.hdf5	both	none
1966.188	1	Stimulus/S  1	1	19661880	19661888	69	1	40	pips_40_500-8000.hdf5	both	none
1967.244	1	Stimulus/S  1	1	19672440	19672448	69	2	60	pips_40_500-8000.hdf5	both	none
1968.3107	1	Stimulus/S  1	1	19683107	19683115	69	3	70	pips_40_500-8000.hdf5	both	none
1969.3561	1	Stimulus/S  1	1	19693561	19693569	69	4	50	pips_40_500-8000.hdf5	both	none
1970.4227	1	Stimulus/S  1	1	19704227	19704235	69	5	30	pips_40_500-8000.hdf5	both	none
1971.4788	1	Stimulus/S  1	1	19714788	19714796	70	0	20	pips_40_500-8000.hdf5	both	none
1972.5454	1	Stimulus/S  1	1	19725454	19725462	70	1	40	pips_40_500-8000.hdf5	both	none
1973.6121	1	Stimulus/S  1	1	19736121	19736129	70	2	60	pips_40_500-8000.hdf5	both	none
1974.6788	1	Stimulus/S  1	1	19746788	19746796	70	3	70	pips_40_500-8000.hdf5	both	none
1975.7455	1	Stimulus/S  1	1	19757455	19757463	70	4	50	pips_40_500-8000.hdf5	both	none
1976.8121	1	Stimulus/S  1	1	19768121	19768129	70	5	30	pips_40_500-8000.hdf5	both	none
1977.8788	1	Stimulus/S  1	1	19778788	19778796	71	0	20	pips_40_500-8000.hdf5	both	none
1978.9242	1	Stimulus/S  1	1	19789242	19789250	71	1	40	pips_40_500-8000.hdf5	both	none
1979.9908	1	Stimulus/S  1	1	19799908	19799916	71	2	60	pips_40_500-8000.hdf5	both	none
1981.0468	1	Stimulus/S  1	1	19810468	19810476	71	3	70	pips_40_500-8000.hdf5	both	none
1982.1135	1	Stimulus/S  1	1	19821135	19821143	71	4	50	pips_40_500-8000.hdf5	both	none
1983.1589	1	Stimulus/S  1	1	19831589	19831597	71	5	30	pips_40_500-8000.hdf5	both	none
1984.2149	1	Stimulus/S  1	1	19842149	19842157	72	0	20	pips_40_500-8000.hdf5	both	none
1985.2602	1	Stimulus/S  1	1	19852602	19852610	72	1	40	pips_40_500-8000.hdf5	both	none
1986.3056	1	Stimulus/S  1	1	19863056	19863064	72	2	60	pips_40_500-8000.hdf5	both	none
1987.3616	1	Stimulus/S  1	1	19873616	19873624	72	3	70	pips_40_500-8000.hdf5	both	none
1988.4283	1	Stimulus/S  1	1	19884283	19884291	72	4	50	pips_40_500-8000.hdf5	both	none
1989.4736	1	Stimulus/S  1	1	19894736	19894744	72	5	30	pips_40_500-8000.hdf5	both	none
1990.5403	1	Stimulus/S  1	1	19905403	19905411	73	0	20	pips_40_500-8000.hdf5	both	none
1991.5963	1	Stimulus/S  1	1	19915963	19915971	73	1	40	pips_40_500-8000.hdf5	both	none
1992.663	1	Stimulus/S  1	1	19926630	19926638	73	2	60	pips_40_500-8000.hdf5	both	none
1993.7296	1	Stimulus/S  1	1	19937296	19937304	73	3	70	pips_40_500-8000.hdf5	both	none
1994.7963	1	Stimulus/S  1	1	19947963	19947971	73	4	50	pips_40_500-8000.hdf5	both	none
1995.8417	1	Stimulus/S  1	1	19958417	19958425	73	5	30	pips_40_500-8000.hdf5	both	none
1996.8977	1	Stimulus/S  1	1	19968977	19968985	74	0	20	pips_40_500-8000.hdf5	both	none
1997.9643	1	Stimulus/S  1	1	19979643	19979651	74	1	40	pips_40_500-8000.hdf5	both	none
1999.0097	1	Stimulus/S  1	1	19990097	19990105	74	2	60	pips_40_500-8000.hdf5	both	none
2000.0657	1	Stimulus/S  1	1	20000657	20000665	74	3	70	pips_40_500-8000.hdf5	both	none
2001.111	1	Stimulus/S  1	1	20011110	20011118	74	4	50	pips_40_500-8000.hdf5	both	none
2002.1564	1	Stimulus/S  1	1	20021564	20021572	74	5	30	pips_40_500-8000.hdf5	both	none
2003.2124	1	Stimulus/S  1	1	20032124	20032132	75	0	20	pips_40_500-8000.hdf5	both	none
2004.2577	1	Stimulus/S  1	1	20042577	20042585	75	1	40	pips_40_500-8000.hdf5	both	none
2005.3138	1	Stimulus/S  1	1	20053138	20053146	75	2	60	pips_40_500-8000.hdf5	both	none
2006.3804	1	Stimulus/S  1	1	20063804	20063812	75	3	70	pips_40_500-8000.hdf5	both	none
2007.4258	1	Stimulus/S  1	1	20074258	20074266	75	4	50	pips_40_500-8000.hdf5	both	none
2008.4924	1	Stimulus/S  1	1	20084924	20084932	75	5	30	pips_40_500-8000.hdf5	both	none
2009.5485	1	Stimulus/S  1	1	20095485	20095493	76	0	20	pips_40_500-8000.hdf5	both	none
2010.6151	1	Stimulus/S  1	1	20106151	20106159	76	1	40	pips_40_500-8000.hdf5	both	none
2011.6818	1	Stimulus/S  1	1	20116818	20116826	76	2	60	pips_40_500-8000.hdf5	both	none
2012.7485	1	Stimulus/S  1	1	20127485	20127493	76	3	70	pips_40_500-8000.hdf5	both	none
2013.8152	1	Stimulus/S  1	1	20138152	20138160	76	4	50	pips_40_500-8000.hdf5	both	none
2014.8818	1	Stimulus/S  1	1	20148818	20148826	76	5	30	pips_40_500-8000.hdf5	both	none
2015.9485	1	Stimulus/S  1	1	20159485	20159493	77	0	20	pips_40_500-8000.hdf5	both	none
2016.9939	1	Stimulus/S  1	1	20169939	20169947	77	1	40	pips_40_500-8000.hdf5	both	none
2018.0392	1	Stimulus/S  1	1	20180392	20180400	77	2	60	pips_40_500-8000.hdf5	both	none
2019.0952	1	Stimulus/S  1	1	20190952	20190960	77	3	70	pips_40_500-8000.hdf5	both	none
2020.1619	1	Stimulus/S  1	1	20201619	20201627	77	4	50	pips_40_500-8000.hdf5	both	none
2021.2072	1	Stimulus/S  1	1	20212072	20212080	77	5	30	pips_40_500-8000.hdf5	both	none
2022.2739	1	Stimulus/S  1	1	20222739	20222747	78	0	20	pips_40_500-8000.hdf5	both	none
2023.3299	1	Stimulus/S  1	1	20233299	20233307	78	1	40	pips_40_500-8000.hdf5	both	none
2024.3966	1	Stimulus/S  1	1	20243966	20243974	78	2	60	pips_40_500-8000.hdf5	both	none
2025.4633	1	Stimulus/S  1	1	20254633	20254641	78	3	70	pips_40_500-8000.hdf5	both	none
2026.53	1	Stimulus/S  1	1	20265300	20265308	78	4	50	pips_40_500-8000.hdf5	both	none
2027.5753	1	Stimulus/S  1	1	20275753	20275761	78	5	30	pips_40_500-8000.hdf5	both	none
2028.642	1	Stimulus/S  1	1	20286420	20286428	79	0	20	pips_40_500-8000.hdf5	both	none
2029.698	1	Stimulus/S  1	1	20296980	20296988	79	1	40	pips_40_500-8000.hdf5	both	none
2030.7647	1	Stimulus/S  1	1	20307647	20307655	79	2	60	pips_40_500-8000.hdf5	both	none
2031.81	1	Stimulus/S  1	1	20318100	20318108	79	3	70	pips_40_500-8000.hdf5	both	none
2032.866	1	Stimulus/S  1	1	20328660	20328668	79	4	50	pips_40_500-8000.hdf5	both	none
2033.9114	1	Stimulus/S  1	1	20339114	20339122	79	5	30	pips_40_500-8000.hdf5	both	none
2034.9567	1	Stimulus/S  1	1	20349567	20349575	80	0	20	pips_40_500-8000.hdf5	both	none
2036.0127	1	Stimulus/S  1	1	20360127	20360135	80	1	40	pips_40_500-8000.hdf5	both	none
2037.0581	1	Stimulus/S  1	1	20370581	20370589	80	2	60	pips_40_500-8000.hdf5	both	none
2038.1141	1	Stimulus/S  1	1	20381141	20381149	80	3	70	pips_40_500-8000.hdf5	both	none
2039.1807	1	Stimulus/S  1	1	20391807	20391815	80	4	50	pips_40_500-8000.hdf5	both	none
2040.2261	1	Stimulus/S  1	1	20402261	20402269	80	5	30	pips_40_500-8000.hdf5	both	none
2041.2928	1	Stimulus/S  1	1	20412928	20412936	81	0	20	pips_40_500-8000.hdf5	both	none
2042.3488	1	Stimulus/S  1	1	20423488	20423496	81	1	40	pips_40_500-8000.hdf5	both	none
2043.4155	1	Stimulus/S  1	1	20434155	20434163	81	2	60	pips_40_500-8000.hdf5	both	none
2044.4821	1	Stimulus/S  1	1	20444821	20444829	81	3	70	pips_40_500-8000.hdf5	both	none
2045.5488	1	Stimulus/S  1	1	20455488	20455496	81	4	50	pips_40_500-8000.hdf5	both	none
2046.6155	1	Stimulus/S  1	1	20466155	20466163	81	5	30	pips_40_500-8000.hdf5	both	none
2047.6822	1	Stimulus/S  1	1	20476822	20476830	82	0	20	pips_40_500-8000.hdf5	both	none
2048.7488	1	Stimulus/S  1	1	20487488	20487496	82	1	40	pips_40_500-8000.hdf5	both	none
2049.7942	1	Stimulus/S  1	1	20497942	20497950	82	2	60	pips_40_500-8000.hdf5	both	none
2050.8609	1	Stimulus/S  1	1	20508609	20508617	82	3	70	pips_40_500-8000.hdf5	both	none
2051.9062	1	Stimulus/S  1	1	20519062	20519070	82	4	50	pips_40_500-8000.hdf5	both	none
2052.9622	1	Stimulus/S  1	1	20529622	20529630	82	5	30	pips_40_500-8000.hdf5	both	none
2054.0076	1	Stimulus/S  1	1	20540076	20540084	83	0	20	pips_40_500-8000.hdf5	both	none
2055.0636	1	Stimulus/S  1	1	20550636	20550644	83	1	40	pips_40_500-8000.hdf5	both	none
2056.1089	1	Stimulus/S  1	1	20561089	20561097	83	2	60	pips_40_500-8000.hdf5	both	none
2057.1649	1	Stimulus/S  1	1	20571649	20571657	83	3	70	pips_40_500-8000.hdf5	both	none
2058.2103	1	Stimulus/S  1	1	20582103	20582111	83	4	50	pips_40_500-8000.hdf5	both	none
2059.2663	1	Stimulus/S  1	1	20592663	20592671	83	5	30	pips_40_500-8000.hdf5	both	none
2060.333	1	Stimulus/S  1	1	20603330	20603338	84	0	20	pips_40_500-8000.hdf5	both	none
2061.3996	1	Stimulus/S  1	1	20613996	20614004	84	1	40	pips_40_500-8000.hdf5	both	none
2062.445	1	Stimulus/S  1	1	20624450	20624458	84	2	60	pips_40_500-8000.hdf5	both	none
2063.5116	1	Stimulus/S  1	1	20635116	20635124	84	3	70	pips_40_500-8000.hdf5	both	none
2064.5783	1	Stimulus/S  1	1	20645783	20645791	84	4	50	pips_40_500-8000.hdf5	both	none
2065.645	1	Stimulus/S  1	1	20656450	20656458	84	5	30	pips_40_500-8000.hdf5	both	none
2066.6903	1	Stimulus/S  1	1	20666903	20666911	85	0	20	pips_40_500-8000.hdf5	both	none
2067.757	1	Stimulus/S  1	1	20677570	20677578	85	1	40	pips_40_500-8000.hdf5	both	none
2068.813	1	Stimulus/S  1	1	20688130	20688138	85	2	60	pips_40_500-8000.hdf5	both	none
2069.8797	1	Stimulus/S  1	1	20698797	20698805	85	3	70	pips_40_500-8000.hdf5	both	none
2070.9251	1	Stimulus/S  1	1	20709251	20709259	85	4	50	pips_40_500-8000.hdf5	both	none
2071.9811	1	Stimulus/S  1	1	20719811	20719819	85	5	30	pips_40_500-8000.hdf5	both	none
2073.0264	1	Stimulus/S  1	1	20730264	20730272	86	0	20	pips_40_500-8000.hdf5	both	none
2074.0824	1	Stimulus/S  1	1	20740824	20740832	86	1	40	pips_40_500-8000.hdf5	both	none
2075.1278	1	Stimulus/S  1	1	20751278	20751286	86	2	60	pips_40_500-8000.hdf5	both	none
2076.1731	1	Stimulus/S  1	1	20761731	20761739	86	3	70	pips_40_500-8000.hdf5	both	none
2077.2291	1	Stimulus/S  1	1	20772291	20772299	86	4	50	pips_40_500-8000.hdf5	both	none
2078.2745	1	Stimulus/S  1	1	20782745	20782753	86	5	30	pips_40_500-8000.hdf5	both	none
2079.3305	1	Stimulus/S  1	1	20793305	20793313	87	0	20	pips_40_500-8000.hdf5	both	none
2080.3758	1	Stimulus/S  1	1	20803758	20803766	87	1	40	pips_40_500-8000.hdf5	both	none
2081.4318	1	Stimulus/S  1	1	20814318	20814326	87	2	60	pips_40_500-8000.hdf5	both	none
2082.4772	1	Stimulus/S  1	1	20824772	20824780	87	3	70	pips_40_500-8000.hdf5	both	none
2083.5438	1	Stimulus/S  1	1	20835438	20835446	87	4	50	pips_40_500-8000.hdf5	both	none
2084.6105	1	Stimulus/S  1	1	20846105	20846113	87	5	30	pips_40_500-8000.hdf5	both	none
2085.6772	1	Stimulus/S  1	1	20856772	20856780	88	0	20	pips_40_500-8000.hdf5	both	none
2086.7439	1	Stimulus/S  1	1	20867439	20867447	88	1	40	pips_40_500-8000.hdf5	both	none
2087.8106	1	Stimulus/S  1	1	20878106	20878114	88	2	60	pips_40_500-8000.hdf5	both	none
2088.8772	1	Stimulus/S  1	1	20888772	20888780	88	3	70	pips_40_500-8000.hdf5	both	none
2089.9332	1	Stimulus/S  1	1	20899332	20899340	88	4	50	pips_40_500-8000.hdf5	both	none
2090.9999	1	Stimulus/S  1	1	20909999	20910007	88	5	30	pips_40_500-8000.hdf5	both	none
2092.0666	1	Stimulus/S  1	1	20920666	20920674	89	0	20	pips_40_500-8000.hdf5	both	none
2093.1119	1	Stimulus/S  1	1	20931119	20931127	89	1	40	pips_40_500-8000.hdf5	both	none
2094.1573	1	Stimulus/S  1	1	20941573	20941581	89	2	60	pips_40_500-8000.hdf5	both	none
2095.2133	1	Stimulus/S  1	1	20952133	20952141	89	3	70	pips_40_500-8000.hdf5	both	none
2096.2586	1	Stimulus/S  1	1	20962586	20962594	89	4	50	pips_40_500-8000.hdf5	both	none
2097.3146	1	Stimulus/S  1	1	20973146	20973154	89	5	30	pips_40_500-8000.hdf5	both	none
2098.36	1	Stimulus/S  1	1	20983600	20983608	90	0	20	pips_40_500-8000.hdf5	both	none
2099.416	1	Stimulus/S  1	1	20994160	20994168	90	1	40	pips_40_500-8000.hdf5	both	none
2100.4613	1	Stimulus/S  1	1	21004613	21004621	90	2	60	pips_40_500-8000.hdf5	both	none
2101.528	1	Stimulus/S  1	1	21015280	21015288	90	3	70	pips_40_500-8000.hdf5	both	none
2102.5734	1	Stimulus/S  1	1	21025734	21025742	90	4	50	pips_40_500-8000.hdf5	both	none
2103.64	1	Stimulus/S  1	1	21036400	21036408	90	5	30	pips_40_500-8000.hdf5	both	none
2104.696	1	Stimulus/S  1	1	21046960	21046968	91	0	20	pips_40_500-8000.hdf5	both	none
2105.7627	1	Stimulus/S  1	1	21057627	21057635	91	1	40	pips_40_500-8000.hdf5	both	none
2106.8294	1	Stimulus/S  1	1	21068294	21068302	91	2	60	pips_40_500-8000.hdf5	both	none
2107.8961	1	Stimulus/S  1	1	21078961	21078969	91	3	70	pips_40_500-8000.hdf5	both	none
2108.9628	1	Stimulus/S  1	1	21089628	21089636	91	4	50	pips_40_500-8000.hdf5	both	none
2110.0294	1	Stimulus/S  1	1	21100294	21100302	91	5	30	pips_40_500-8000.hdf5	both	none
2111.0961	1	Stimulus/S  1	1	21110961	21110969	92	0	20	pips_40_500-8000.hdf5	both	none
2112.1415	1	Stimulus/S  1	1	21121415	21121423	92	1	40	pips_40_500-8000.hdf5	both	none
2113.2081	1	Stimulus/S  1	1	21132081	21132089	92	2	60	pips_40_500-8000.hdf5	both	none
2114.2641	1	Stimulus/S  1	1	21142641	21142649	92	3	70	pips_40_500-8000.hdf5	both	none
2115.3308	1	Stimulus/S  1	1	21153308	21153316	92	4	50	pips_40_500-8000.hdf5	both	none
2116.3762	1	Stimulus/S  1	1	21163762	21163770	92	5	30	pips_40_500-8000.hdf5	both	none
2117.4322	1	Stimulus/S  1	1	21174322	21174330	93	0	20	pips_40_500-8000.hdf5	both	none
2118.4775	1	Stimulus/S  1	1	21184775	21184783	93	1	40	pips_40_500-8000.hdf5	both	none
2119.5335	1	Stimulus/S  1	1	21195335	21195343	93	2	60	pips_40_500-8000.hdf5	both	none
2120.5789	1	Stimulus/S  1	1	21205789	21205797	93	3	70	pips_40_500-8000.hdf5	both	none
2121.6242	1	Stimulus/S  1	1	21216242	21216250	93	4	50	pips_40_500-8000.hdf5	both	none
2122.6802	1	Stimulus/S  1	1	21226802	21226810	93	5	30	pips_40_500-8000.hdf5	both	none
2123.7469	1	Stimulus/S  1	1	21237469	21237477	94	0	20	pips_40_500-8000.hdf5	both	none
2124.7922	1	Stimulus/S  1	1	21247922	21247930	94	1	40	pips_40_500-8000.hdf5	both	none
2125.8589	1	Stimulus/S  1	1	21258589	21258597	94	2	60	pips_40_500-8000.hdf5	both	none
2126.9149	1	Stimulus/S  1	1	21269149	21269157	94	3	70	pips_40_500-8000.hdf5	both	none
2127.9816	1	Stimulus/S  1	1	21279816	21279824	94	4	50	pips_40_500-8000.hdf5	both	none
2129.0483	1	Stimulus/S  1	1	21290483	21290491	94	5	30	pips_40_500-8000.hdf5	both	none
2130.115	1	Stimulus/S  1	1	21301150	21301158	95	0	20	pips_40_500-8000.hdf5	both	none
2131.1816	1	Stimulus/S  1	1	21311816	21311824	95	1	40	pips_40_500-8000.hdf5	both	none
2132.2483	1	Stimulus/S  1	1	21322483	21322491	95	2	60	pips_40_500-8000.hdf5	both	none
2133.315	1	Stimulus/S  1	1	21333150	21333158	95	3	70	pips_40_500-8000.hdf5	both	none
2134.3603	1	Stimulus/S  1	1	21343603	21343611	95	4	50	pips_40_500-8000.hdf5	both	none
2135.4163	1	Stimulus/S  1	1	21354163	21354171	95	5	30	pips_40_500-8000.hdf5	both	none
2136.4617	1	Stimulus/S  1	1	21364617	21364625	96	0	20	pips_40_500-8000.hdf5	both	none
2137.5177	1	Stimulus/S  1	1	21375177	21375185	96	1	40	pips_40_500-8000.hdf5	both	none
2138.563	1	Stimulus/S  1	1	21385630	21385638	96	2	60	pips_40_500-8000.hdf5	both	none
2139.6084	1	Stimulus/S  1	1	21396084	21396092	96	3	70	pips_40_500-8000.hdf5	both	none
2140.6644	1	Stimulus/S  1	1	21406644	21406652	96	4	50	pips_40_500-8000.hdf5	both	none
2141.7097	1	Stimulus/S  1	1	21417097	21417105	96	5	30	pips_40_500-8000.hdf5	both	none
2142.7764	1	Stimulus/S  1	1	21427764	21427772	97	0	20	pips_40_500-8000.hdf5	both	none
2143.8324	1	Stimulus/S  1	1	21438324	21438332	97	1	40	pips_40_500-8000.hdf5	both	none
2144.8991	1	Stimulus/S  1	1	21448991	21448999	97	2	60	pips_40_500-8000.hdf5	both	none
2145.9658	1	Stimulus/S  1	1	21459658	21459666	97	3	70	pips_40_500-8000.hdf5	both	none
2147.0325	1	Stimulus/S  1	1	21470325	21470333	97	4	50	pips_40_500-8000.hdf5	both	none
2148.0991	1	Stimulus/S  1	1	21480991	21480999	97	5	30	pips_40_500-8000.hdf5	both	none
2149.1658	1	Stimulus/S  1	1	21491658	21491666	98	0	20	pips_40_500-8000.hdf5	both	none
2150.2325	1	Stimulus/S  1	1	21502325	21502333	98	1	40	pips_40_500-8000.hdf5	both	none
2151.2992	1	Stimulus/S  1	1	21512992	21513000	98	2	60	pips_40_500-8000.hdf5	both	none
2152.3658	1	Stimulus/S  1	1	21523658	21523666	98	3	70	pips_40_500-8000.hdf5	both	none
2153.4325	1	Stimulus/S  1	1	21534325	21534333	98	4	50	pips_40_500-8000.hdf5	both	none
2154.4779	1	Stimulus/S  1	1	21544779	21544787	98	5	30	pips_40_500-8000.hdf5	both	none
2155.5445	1	Stimulus/S  1	1	21555445	21555453	99	0	20	pips_40_500-8000.hdf5	both	none
2156.6006	1	Stimulus/S  1	1	21566006	21566014	99	1	40	pips_40_500-8000.hdf5	both	none
2157.6459	1	Stimulus/S  1	1	21576459	21576467	99	2	60	pips_40_500-8000.hdf5	both	none
2158.6912	1	Stimulus/S  1	1	21586912	21586920	99	3	70	pips_40_500-8000.hdf5	both	none
2159.7472	1	Stimulus/S  1	1	21597472	21597480	99	4	50	pips_40_500-8000.hdf5	both	none
2160.7926	1	Stimulus/S  1	1	21607926	21607934	99	5	30	pips_40_500-8000.hdf5	both	none
2161.8486	1	Stimulus/S  1	1	21618486	21618494	100	0	20	pips_40_500-8000.hdf5	both	none
2162.8939	1	Stimulus/S  1	1	21628939	21628947	100	1	40	pips_40_500-8000.hdf5	both	none
2163.95	1	Stimulus/S  1	1	21639500	21639508	100	2	60	pips_40_500-8000.hdf5	both	none
2165.0166	1	Stimulus/S  1	1	21650166	21650174	100	3	70	pips_40_500-8000.hdf5	both	none
2166.0833	1	Stimulus/S  1	1	21660833	21660841	100	4	50	pips_40_500-8000.hdf5	both	none
2167.15	1	Stimulus/S  1	1	21671500	21671508	100	5	30	pips_40_500-8000.hdf5	both	none
2168.2167	1	Stimulus/S  1	1	21682167	21682175	101	0	20	pips_40_500-8000.hdf5	both	none
2169.2833	1	Stimulus/S  1	1	21692833	21692841	101	1	40	pips_40_500-8000.hdf5	both	none
2170.35	1	Stimulus/S  1	1	21703500	21703508	101	2	60	pips_40_500-8000.hdf5	both	none
2171.3954	1	Stimulus/S  1	1	21713954	21713962	101	3	70	pips_40_500-8000.hdf5	both	none
2172.462	1	Stimulus/S  1	1	21724620	21724628	101	4	50	pips_40_500-8000.hdf5	both	none
2173.5181	1	Stimulus/S  1	1	21735181	21735189	101	5	30	pips_40_500-8000.hdf5	both	none
2174.5847	1	Stimulus/S  1	1	21745847	21745855	102	0	20	pips_40_500-8000.hdf5	both	none
2175.6301	1	Stimulus/S  1	1	21756301	21756309	102	1	40	pips_40_500-8000.hdf5	both	none
2176.6754	1	Stimulus/S  1	1	21766754	21766762	102	2	60	pips_40_500-8000.hdf5	both	none
2177.7314	1	Stimulus/S  1	1	21777314	21777322	102	3	70	pips_40_500-8000.hdf5	both	none
2178.7768	1	Stimulus/S  1	1	21787768	21787776	102	4	50	pips_40_500-8000.hdf5	both	none
2179.8328	1	Stimulus/S  1	1	21798328	21798336	102	5	30	pips_40_500-8000.hdf5	both	none
2180.8995	1	Stimulus/S  1	1	21808995	21809003	103	0	20	pips_40_500-8000.hdf5	both	none
2181.9448	1	Stimulus/S  1	1	21819448	21819456	103	1	40	pips_40_500-8000.hdf5	both	none
2183.0115	1	Stimulus/S  1	1	21830115	21830123	103	2	60	pips_40_500-8000.hdf5	both	none
2184.0675	1	Stimulus/S  1	1	21840675	21840683	103	3	70	pips_40_500-8000.hdf5	both	none
2185.1342	1	Stimulus/S  1	1	21851342	21851350	103	4	50	pips_40_500-8000.hdf5	both	none
2186.2008	1	Stimulus/S  1	1	21862008	21862016	103	5	30	pips_40_500-8000.hdf5	both	none
2187.2675	1	Stimulus/S  1	1	21872675	21872683	104	0	20	pips_40_500-8000.hdf5	both	none
2188.3342	1	Stimulus/S  1	1	21883342	21883350	104	1	40	pips_40_500-8000.hdf5	both	none
2189.4009	1	Stimulus/S  1	1	21894009	21894017	104	2	60	pips_40_500-8000.hdf5	both	none
2190.4675	1	Stimulus/S  1	1	21904675	21904683	104	3	70	pips_40_500-8000.hdf5	both	none
2191.5129	1	Stimulus/S  1	1	21915129	21915137	104	4	50	pips_40_500-8000.hdf5	both	none
2192.5796	1	Stimulus/S  1	1	21925796	21925804	104	5	30	pips_40_500-8000.hdf5	both	none
2193.6356	1	Stimulus/S  1	1	21936356	21936364	105	0	20	pips_40_500-8000.hdf5	both	none
2194.6809	1	Stimulus/S  1	1	21946809	21946817	105	1	40	pips_40_500-8000.hdf5	both	none
2195.7263	1	Stimulus/S  1	1	21957263	21957271	105	2	60	pips_40_500-8000.hdf5	both	none
2196.7823	1	Stimulus/S  1	1	21967823	21967831	105	3	70	pips_40_500-8000.hdf5	both	none
2197.8276	1	Stimulus/S  1	1	21978276	21978284	105	4	50	pips_40_500-8000.hdf5	both	none
2198.8836	1	Stimulus/S  1	1	21988836	21988844	105	5	30	pips_40_500-8000.hdf5	both	none
2199.929	1	Stimulus/S  1	1	21999290	21999298	106	0	20	pips_40_500-8000.hdf5	both	none
2200.985	1	Stimulus/S  1	1	22009850	22009858	106	1	40	pips_40_500-8000.hdf5	both	none
2202.0303	1	Stimulus/S  1	1	22020303	22020311	106	2	60	pips_40_500-8000.hdf5	both	none
2203.0757	1	Stimulus/S  1	1	22030757	22030765	106	3	70	pips_40_500-8000.hdf5	both	none
2204.1423	1	Stimulus/S  1	1	22041423	22041431	106	4	50	pips_40_500-8000.hdf5	both	none
2205.209	1	Stimulus/S  1	1	22052090	22052098	106	5	30	pips_40_500-8000.hdf5	both	none
2206.2757	1	Stimulus/S  1	1	22062757	22062765	107	0	20	pips_40_500-8000.hdf5	both	none
2207.3424	1	Stimulus/S  1	1	22073424	22073432	107	1	40	pips_40_500-8000.hdf5	both	none
2208.4091	1	Stimulus/S  1	1	22084091	22084099	107	2	60	pips_40_500-8000.hdf5	both	none
2209.4757	1	Stimulus/S  1	1	22094757	22094765	107	3	70	pips_40_500-8000.hdf5	both	none
2210.5317	1	Stimulus/S  1	1	22105317	22105325	107	4	50	pips_40_500-8000.hdf5	both	none
2211.5984	1	Stimulus/S  1	1	22115984	22115992	107	5	30	pips_40_500-8000.hdf5	both	none
2212.6651	1	Stimulus/S  1	1	22126651	22126659	108	0	20	pips_40_500-8000.hdf5	both	none
2213.7104	1	Stimulus/S  1	1	22137104	22137112	108	1	40	pips_40_500-8000.hdf5	both	none
2214.7665	1	Stimulus/S  1	1	22147665	22147673	108	2	60	pips_40_500-8000.hdf5	both	none
2215.8118	1	Stimulus/S  1	1	22158118	22158126	108	3	70	pips_40_500-8000.hdf5	both	none
2216.8678	1	Stimulus/S  1	1	22168678	22168686	108	4	50	pips_40_500-8000.hdf5	both	none
2217.9131	1	Stimulus/S  1	1	22179131	22179139	108	5	30	pips_40_500-8000.hdf5	both	none
2218.9692	1	Stimulus/S  1	1	22189692	22189700	109	0	20	pips_40_500-8000.hdf5	both	none
2220.0145	1	Stimulus/S  1	1	22200145	22200153	109	1	40	pips_40_500-8000.hdf5	both	none
2221.0598	1	Stimulus/S  1	1	22210598	22210606	109	2	60	pips_40_500-8000.hdf5	both	none
2222.1159	1	Stimulus/S  1	1	22221159	22221167	109	3	70	pips_40_500-8000.hdf5	both	none
2223.1612	1	Stimulus/S  1	1	22231612	22231620	109	4	50	pips_40_500-8000.hdf5	both	none
2224.2279	1	Stimulus/S  1	1	22242279	22242287	109	5	30	pips_40_500-8000.hdf5	both	none
2225.2839	1	Stimulus/S  1	1	22252839	22252847	110	0	20	pips_40_500-8000.hdf5	both	none
2226.3506	1	Stimulus/S  1	1	22263506	22263514	110	1	40	pips_40_500-8000.hdf5	both	none
2227.3959	1	Stimulus/S  1	1	22273959	22273967	110	2	60	pips_40_500-8000.hdf5	both	none
2228.4626	1	Stimulus/S  1	1	22284626	22284634	110	3	70	pips_40_500-8000.hdf5	both	none
2229.5293	1	Stimulus/S  1	1	22295293	22295301	110	4	50	pips_40_500-8000.hdf5	both	none
2230.5959	1	Stimulus/S  1	1	22305959	22305967	110	5	30	pips_40_500-8000.hdf5	both	none
2231.6519	1	Stimulus/S  1	1	22316519	22316527	111	0	20	pips_40_500-8000.hdf5	both	none
2232.7186	1	Stimulus/S  1	1	22327186	22327194	111	1	40	pips_40_500-8000.hdf5	both	none
2233.764	1	Stimulus/S  1	1	22337640	22337648	111	2	60	pips_40_500-8000.hdf5	both	none
2234.8306	1	Stimulus/S  1	1	22348306	22348314	111	3	70	pips_40_500-8000.hdf5	both	none
2235.8973	1	Stimulus/S  1	1	22358973	22358981	111	4	50	pips_40_500-8000.hdf5	both	none
2236.9427	1	Stimulus/S  1	1	22369427	22369435	111	5	30	pips_40_500-8000.hdf5	both	none
2237.9987	1	Stimulus/S  1	1	22379987	22379995	112	0	20	pips_40_500-8000.hdf5	both	none
2239.044	1	Stimulus/S  1	1	22390440	22390448	112	1	40	pips_40_500-8000.hdf5	both	none
2240.1	1	Stimulus/S  1	1	22401000	22401008	112	2	60	pips_40_500-8000.hdf5	both	none
2241.1454	1	Stimulus/S  1	1	22411454	22411462	112	3	70	pips_40_500-8000.hdf5	both	none
2242.2121	1	Stimulus/S  1	1	22422121	22422129	112	4	50	pips_40_500-8000.hdf5	both	none
2243.2681	1	Stimulus/S  1	1	22432681	22432689	112	5	30	pips_40_500-8000.hdf5	both	none
2244.3347	1	Stimulus/S  1	1	22443347	22443355	113	0	20	pips_40_500-8000.hdf5	both	none
2245.3801	1	Stimulus/S  1	1	22453801	22453809	113	1	40	pips_40_500-8000.hdf5	both	none
2246.4468	1	Stimulus/S  1	1	22464468	22464476	113	2	60	pips_40_500-8000.hdf5	both	none
2247.5134	1	Stimulus/S  1	1	22475134	22475142	113	3	70	pips_40_500-8000.hdf5	both	none
2248.5801	1	Stimulus/S  1	1	22485801	22485809	113	4	50	pips_40_500-8000.hdf5	both	none
2249.6468	1	Stimulus/S  1	1	22496468	22496476	113	5	30	pips_40_500-8000.hdf5	both	none
2250.7135	1	Stimulus/S  1	1	22507135	22507143	114	0	20	pips_40_500-8000.hdf5	both	none
2251.7801	1	Stimulus/S  1	1	22517801	22517809	114	1	40	pips_40_500-8000.hdf5	both	none
2252.8362	1	Stimulus/S  1	1	22528362	22528370	114	2	60	pips_40_500-8000.hdf5	both	none
2253.9028	1	Stimulus/S  1	1	22539028	22539036	114	3	70	pips_40_500-8000.hdf5	both	none
2254.9482	1	Stimulus/S  1	1	22549482	22549490	114	4	50	pips_40_500-8000.hdf5	both	none
2255.9935	1	Stimulus/S  1	1	22559935	22559943	114	5	30	pips_40_500-8000.hdf5	both	none
2257.0495	1	Stimulus/S  1	1	22570495	22570503	115	0	20	pips_40_500-8000.hdf5	both	none
2258.0949	1	Stimulus/S  1	1	22580949	22580957	115	1	40	pips_40_500-8000.hdf5	both	none
2259.1509	1	Stimulus/S  1	1	22591509	22591517	115	2	60	pips_40_500-8000.hdf5	both	none
2260.1962	1	Stimulus/S  1	1	22601962	22601970	115	3	70	pips_40_500-8000.hdf5	both	none
2261.2522	1	Stimulus/S  1	1	22612522	22612530	115	4	50	pips_40_500-8000.hdf5	both	none
2262.2976	1	Stimulus/S  1	1	22622976	22622984	115	5	30	pips_40_500-8000.hdf5	both	none
2263.3643	1	Stimulus/S  1	1	22633643	22633651	116	0	20	pips_40_500-8000.hdf5	both	none
2264.4309	1	Stimulus/S  1	1	22644309	22644317	116	1	40	pips_40_500-8000.hdf5	both	none
2265.4763	1	Stimulus/S  1	1	22654763	22654771	116	2	60	pips_40_500-8000.hdf5	both	none
2266.5536	1	Stimulus/S  1	1	22665536	22665544	116	3	70	pips_40_500-8000.hdf5	both	none
2267.6096	1	Stimulus/S  1	1	22676096	22676104	116	4	50	pips_40_500-8000.hdf5	both	none
2268.687	1	Stimulus/S  1	1	22686870	22686878	116	5	30	pips_40_500-8000.hdf5	both	none
2269.7323	1	Stimulus/S  1	1	22697323	22697331	117	0	20	pips_40_500-8000.hdf5	both	none
2270.799	1	Stimulus/S  1	1	22707990	22707998	117	1	40	pips_40_500-8000.hdf5	both	none
2271.8443	1	Stimulus/S  1	1	22718443	22718451	117	2	60	pips_40_500-8000.hdf5	both	none
2272.911	1	Stimulus/S  1	1	22729110	22729118	117	3	70	pips_40_500-8000.hdf5	both	none
2273.967	1	Stimulus/S  1	1	22739670	22739678	117	4	50	pips_40_500-8000.hdf5	both	none
2275.0337	1	Stimulus/S  1	1	22750337	22750345	117	5	30	pips_40_500-8000.hdf5	both	none
2276.079	1	Stimulus/S  1	1	22760790	22760798	118	0	20	pips_40_500-8000.hdf5	both	none
2277.1351	1	Stimulus/S  1	1	22771351	22771359	118	1	40	pips_40_500-8000.hdf5	both	none
2278.1804	1	Stimulus/S  1	1	22781804	22781812	118	2	60	pips_40_500-8000.hdf5	both	none
2279.2364	1	Stimulus/S  1	1	22792364	22792372	118	3	70	pips_40_500-8000.hdf5	both	none
2280.2818	1	Stimulus/S  1	1	22802818	22802826	118	4	50	pips_40_500-8000.hdf5	both	none
2281.3484	1	Stimulus/S  1	1	22813484	22813492	118	5	30	pips_40_500-8000.hdf5	both	none
2282.3938	1	Stimulus/S  1	1	22823938	22823946	119	0	20	pips_40_500-8000.hdf5	both	none
2283.4605	1	Stimulus/S  1	1	22834605	22834613	119	1	40	pips_40_500-8000.hdf5	both	none
2284.5165	1	Stimulus/S  1	1	22845165	22845173	119	2	60	pips_40_500-8000.hdf5	both	none
2285.5831	1	Stimulus/S  1	1	22855831	22855839	119	3	70	pips_40_500-8000.hdf5	both	none
2286.6498	1	Stimulus/S  1	1	22866498	22866506	119	4	50	pips_40_500-8000.hdf5	both	none
2287.7165	1	Stimulus/S  1	1	22877165	22877173	119	5	30	pips_40_500-8000.hdf5	both	none
2288.7832	1	Stimulus/S  1	1	22887832	22887840	0	0	20	pips_40_500-8000.hdf5	both	none
2289.8498	1	Stimulus/S  1	1	22898498	22898506	0	1	40	pips_40_500-8000.hdf5	both	none
2290.9165	1	Stimulus/S  1	1	22909165	22909173	0	2	60	pips_40_500-8000.hdf5	both	none
2291.9619	1	Stimulus/S  1	1	22919619	22919627	0	3	70	pips_40_500-8000.hdf5	both	none
2293.0285	1	Stimulus/S  1	1	22930285	22930293	0	4	50	pips_40_500-8000.hdf5	both	none
2294.0846	1	Stimulus/S  1	1	22940846	22940854	0	5	30	pips_40_500-8000.hdf5	both	none
2295.1512	1	Stimulus/S  1	1	22951512	22951520	1	0	20	pips_40_500-8000.hdf5	both	none
2296.1966	1	Stimulus/S  1	1	22961966	22961974	1	1	40	pips_40_500-8000.hdf5	both	none
2297.2526	1	Stimulus/S  1	1	22972526	22972534	1	2	60	pips_40_500-8000.hdf5	both	none
2298.2979	1	Stimulus/S  1	1	22982979	22982987	1	3	70	pips_40_500-8000.hdf5	both	none
2299.3539	1	Stimulus/S  1	1	22993539	22993547	1	4	50	pips_40_500-8000.hdf5	both	none
2300.3993	1	Stimulus/S  1	1	23003993	23004001	1	5	30	pips_40_500-8000.hdf5	both	none
2301.466	1	Stimulus/S  1	1	23014660	23014668	2	0	20	pips_40_500-8000.hdf5	both	none
2302.5113	1	Stimulus/S  1	1	23025113	23025121	2	1	40	pips_40_500-8000.hdf5	both	none
2303.578	1	Stimulus/S  1	1	23035780	23035788	2	2	60	pips_40_500-8000.hdf5	both	none
2304.634	1	Stimulus/S  1	1	23046340	23046348	2	3	70	pips_40_500-8000.hdf5	both	none
2305.7007	1	Stimulus/S  1	1	23057007	23057015	2	4	50	pips_40_500-8000.hdf5	both	none
2306.7673	1	Stimulus/S  1	1	23067673	23067681	2	5	30	pips_40_500-8000.hdf5	both	none
2307.834	1	Stimulus/S  1	1	23078340	23078348	3	0	20	pips_40_500-8000.hdf5	both	none
2308.9007	1	Stimulus/S  1	1	23089007	23089015	3	1	40	pips_40_500-8000.hdf5	both	none
2309.9674	1	Stimulus/S  1	1	23099674	23099682	3	2	60	pips_40_500-8000.hdf5	both	none
2311.0341	1	Stimulus/S  1	1	23110341	23110349	3	3	70	pips_40_500-8000.hdf5	both	none
2312.0794	1	Stimulus/S  1	1	23120794	23120802	3	4	50	pips_40_500-8000.hdf5	both	none
2313.1461	1	Stimulus/S  1	1	23131461	23131469	3	5	30	pips_40_500-8000.hdf5	both	none
2314.2021	1	Stimulus/S  1	1	23142021	23142029	4	0	20	pips_40_500-8000.hdf5	both	none
2315.2688	1	Stimulus/S  1	1	23152688	23152696	4	1	40	pips_40_500-8000.hdf5	both	none
2316.3141	1	Stimulus/S  1	1	23163141	23163149	4	2	60	pips_40_500-8000.hdf5	both	none
2317.3701	1	Stimulus/S  1	1	23173701	23173709	4	3	70	pips_40_500-8000.hdf5	both	none
2318.4155	1	Stimulus/S  1	1	23184155	23184163	4	4	50	pips_40_500-8000.hdf5	both	none
2319.4608	1	Stimulus/S  1	1	23194608	23194616	4	5	30	pips_40_500-8000.hdf5	both	none
2320.5168	1	Stimulus/S  1	1	23205168	23205176	5	0	20	pips_40_500-8000.hdf5	both	none
2321.5835	1	Stimulus/S  1	1	23215835	23215843	5	1	40	pips_40_500-8000.hdf5	both	none
2322.6288	1	Stimulus/S  1	1	23226288	23226296	5	2	60	pips_40_500-8000.hdf5	both	none
2323.6955	1	Stimulus/S  1	1	23236955	23236963	5	3	70	pips_40_500-8000.hdf5	both	none
2324.7515	1	Stimulus/S  1	1	23247515	23247523	5	4	50	pips_40_500-8000.hdf5	both	none
2325.8182	1	Stimulus/S  1	1	23258182	23258190	5	5	30	pips_40_500-8000.hdf5	both	none
2326.8849	1	Stimulus/S  1	1	23268849	23268857	6	0	20	pips_40_500-8000.hdf5	both	none
2327.9515	1	Stimulus/S  1	1	23279515	23279523	6	1	40	pips_40_500-8000.hdf5	both	none
2329.0182	1	Stimulus/S  1	1	23290182	23290190	6	2	60	pips_40_500-8000.hdf5	both	none
2330.0849	1	Stimulus/S  1	1	23300849	23300857	6	3	70	pips_40_500-8000.hdf5	both	none
2331.1516	1	Stimulus/S  1	1	23311516	23311524	6	4	50	pips_40_500-8000.hdf5	both	none
2332.1969	1	Stimulus/S  1	1	23321969	23321977	6	5	30	pips_40_500-8000.hdf5	both	none
2333.2636	1	Stimulus/S  1	1	23332636	23332644	7	0	20	pips_40_500-8000.hdf5	both	none
2334.3303	1	Stimulus/S  1	1	23343303	23343311	7	1	40	pips_40_500-8000.hdf5	both	none
2335.3863	1	Stimulus/S  1	1	23353863	23353871	7	2	60	pips_40_500-8000.hdf5	both	none
2336.453	1	Stimulus/S  1	1	23364530	23364538	7	3	70	pips_40_500-8000.hdf5	both	none
2337.4983	1	Stimulus/S  1	1	23374983	23374991	7	4	50	pips_40_500-8000.hdf5	both	none
2338.5543	1	Stimulus/S  1	1	23385543	23385551	7	5	30	pips_40_500-8000.hdf5	both	none
2339.5997	1	Stimulus/S  1	1	23395997	23396005	8	0	20	pips_40_500-8000.hdf5	both	none
2340.645	1	Stimulus/S  1	1	23406450	23406458	8	1	40	pips_40_500-8000.hdf5	both	none
2341.701	1	Stimulus/S  1	1	23417010	23417018	8	2	60	pips_40_500-8000.hdf5	both	none
2342.7464	1	Stimulus/S  1	1	23427464	23427472	8	3	70	pips_40_500-8000.hdf5	both	none
2343.8024	1	Stimulus/S  1	1	23438024	23438032	8	4	50	pips_40_500-8000.hdf5	both	none
2344.8477	1	Stimulus/S  1	1	23448477	23448485	8	5	30	pips_40_500-8000.hdf5	both	none
2345.9144	1	Stimulus/S  1	1	23459144	23459152	9	0	20	pips_40_500-8000.hdf5	both	none
2346.9704	1	Stimulus/S  1	1	23469704	23469712	9	1	40	pips_40_500-8000.hdf5	both	none
2348.0371	1	Stimulus/S  1	1	23480371	23480379	9	2	60	pips_40_500-8000.hdf5	both	none
2349.1038	1	Stimulus/S  1	1	23491038	23491046	9	3	70	pips_40_500-8000.hdf5	both	none
2350.1704	1	Stimulus/S  1	1	23501704	23501712	9	4	50	pips_40_500-8000.hdf5	both	none
2351.2371	1	Stimulus/S  1	1	23512371	23512379	9	5	30	pips_40_500-8000.hdf5	both	none
2352.3038	1	Stimulus/S  1	1	23523038	23523046	10	0	20	pips_40_500-8000.hdf5	both	none
2353.3491	1	Stimulus/S  1	1	23533491	23533499	10	1	40	pips_40_500-8000.hdf5	both	none
2354.4051	1	Stimulus/S  1	1	23544051	23544059	10	2	60	pips_40_500-8000.hdf5	both	none
2355.4505	1	Stimulus/S  1	1	23554505	23554513	10	3	70	pips_40_500-8000.hdf5	both	none
2356.4958	1	Stimulus/S  1	1	23564958	23564966	10	4	50	pips_40_500-8000.hdf5	both	none
2357.5518	1	Stimulus/S  1	1	23575518	23575526	10	5	30	pips_40_500-8000.hdf5	both	none
2358.5972	1	Stimulus/S  1	1	23585972	23585980	11	0	20	pips_40_500-8000.hdf5	both	none
2359.6532	1	Stimulus/S  1	1	23596532	23596540	11	1	40	pips_40_500-8000.hdf5	both	none
2360.7199	1	Stimulus/S  1	1	23607199	23607207	11	2	60	pips_40_500-8000.hdf5	both	none
2361.7652	1	Stimulus/S  1	1	23617652	23617660	11	3	70	pips_40_500-8000.hdf5	both	none
2362.8319	1	Stimulus/S  1	1	23628319	23628327	11	4	50	pips_40_500-8000.hdf5	both	none
2363.8879	1	Stimulus/S  1	1	23638879	23638887	11	5	30	pips_40_500-8000.hdf5	both	none
2364.9546	1	Stimulus/S  1	1	23649546	23649554	12	0	20	pips_40_500-8000.hdf5	both	none
2366.0213	1	Stimulus/S  1	1	23660213	23660221	12	1	40	pips_40_500-8000.hdf5	both	none
2367.0666	1	Stimulus/S  1	1	23670666	23670674	12	2	60	pips_40_500-8000.hdf5	both	none
2368.1119	1	Stimulus/S  1	1	23681119	23681127	12	3	70	pips_40_500-8000.hdf5	both	none
2369.1679	1	Stimulus/S  1	1	23691679	23691687	12	4	50	pips_40_500-8000.hdf5	both	none
2370.2133	1	Stimulus/S  1	1	23702133	23702141	12	5	30	pips_40_500-8000.hdf5	both	none
2371.2693	1	Stimulus/S  1	1	23712693	23712701	13	0	20	pips_40_500-8000.hdf5	both	none
2372.336	1	Stimulus/S  1	1	23723360	23723368	13	1	40	pips_40_500-8000.hdf5	both	none
2373.4027	1	Stimulus/S  1	1	23734027	23734035	13	2	60	pips_40_500-8000.hdf5	both	none
2374.448	1	Stimulus/S  1	1	23744480	23744488	13	3	70	pips_40_500-8000.hdf5	both	none
2375.5147	1	Stimulus/S  1	1	23755147	23755155	13	4	50	pips_40_500-8000.hdf5	both	none
2376.5814	1	Stimulus/S  1	1	23765814	23765822	13	5	30	pips_40_500-8000.hdf5	both	none
2377.648	1	Stimulus/S  1	1	23776480	23776488	14	0	20	pips_40_500-8000.hdf5	both	none
2378.704	1	Stimulus/S  1	1	23787040	23787048	14	1	40	pips_40_500-8000.hdf5	both	none
2379.7707	1	Stimulus/S  1	1	23797707	23797715	14	2	60	pips_40_500-8000.hdf5	both	none
2380.8161	1	Stimulus/S  1	1	23808161	23808169	14	3	70	pips_40_500-8000.hdf5	both	none
2381.8721	1	Stimulus/S  1	1	23818721	23818729	14	4	50	pips_40_500-8000.hdf5	both	none
2382.9174	1	Stimulus/S  1	1	23829174	23829182	14	5	30	pips_40_500-8000.hdf5	both	none
2383.9628	1	Stimulus/S  1	1	23839628	23839636	15	0	20	pips_40_500-8000.hdf5	both	none
2385.0188	1	Stimulus/S  1	1	23850188	23850196	15	1	40	pips_40_500-8000.hdf5	both	none
2386.0641	1	Stimulus/S  1	1	23860641	23860649	15	2	60	pips_40_500-8000.hdf5	both	none
2387.1201	1	Stimulus/S  1	1	23871201	23871209	15	3	70	pips_40_500-8000.hdf5	both	none
2388.1655	1	Stimulus/S  1	1	23881655	23881663	15	4	50	pips_40_500-8000.hdf5	both	none
2389.2215	1	Stimulus/S  1	1	23892215	23892223	15	5	30	pips_40_500-8000.hdf5	both	none
2390.2668	1	Stimulus/S  1	1	23902668	23902676	16	0	20	pips_40_500-8000.hdf5	both	none
2391.3122	1	Stimulus/S  1	1	23913122	23913130	16	1	40	pips_40_500-8000.hdf5	both	none
2392.3682	1	Stimulus/S  1	1	23923682	23923690	16	2	60	pips_40_500-8000.hdf5	both	none
2393.4349	1	Stimulus/S  1	1	23934349	23934357	16	3	70	pips_40_500-8000.hdf5	both	none
2394.4802	1	Stimulus/S  1	1	23944802	23944810	16	4	50	pips_40_500-8000.hdf5	both	none
2395.5469	1	Stimulus/S  1	1	23955469	23955477	16	5	30	pips_40_500-8000.hdf5	both	none
2396.6135	1	Stimulus/S  1	1	23966135	23966143	17	0	20	pips_40_500-8000.hdf5	both	none
2397.6696	1	Stimulus/S  1	1	23976696	23976704	17	1	40	pips_40_500-8000.hdf5	both	none
2398.7362	1	Stimulus/S  1	1	23987362	23987370	17	2	60	pips_40_500-8000.hdf5	both	none
2399.8029	1	Stimulus/S  1	1	23998029	23998037	17	3	70	pips_40_500-8000.hdf5	both	none
2400.8696	1	Stimulus/S  1	1	24008696	24008704	17	4	50	pips_40_500-8000.hdf5	both	none
2401.9363	1	Stimulus/S  1	1	24019363	24019371	17	5	30	pips_40_500-8000.hdf5	both	none
2403.0029	1	Stimulus/S  1	1	24030029	24030037	18	0	20	pips_40_500-8000.hdf5	both	none
2404.0696	1	Stimulus/S  1	1	24040696	24040704	18	1	40	pips_40_500-8000.hdf5	both	none
2405.115	1	Stimulus/S  1	1	24051150	24051158	18	2	60	pips_40_500-8000.hdf5	both	none
2406.171	1	Stimulus/S  1	1	24061710	24061718	18	3	70	pips_40_500-8000.hdf5	both	none
2407.2163	1	Stimulus/S  1	1	24072163	24072171	18	4	50	pips_40_500-8000.hdf5	both	none
2408.2723	1	Stimulus/S  1	1	24082723	24082731	18	5	30	pips_40_500-8000.hdf5	both	none
2409.3177	1	Stimulus/S  1	1	24093177	24093185	19	0	20	pips_40_500-8000.hdf5	both	none
2410.363	1	Stimulus/S  1	1	24103630	24103638	19	1	40	pips_40_500-8000.hdf5	both	none
2411.419	1	Stimulus/S  1	1	24114190	24114198	19	2	60	pips_40_500-8000.hdf5	both	none
2412.4644	1	Stimulus/S  1	1	24124644	24124652	19	3	70	pips_40_500-8000.hdf5	both	none
2413.5204	1	Stimulus/S  1	1	24135204	24135212	19	4	50	pips_40_500-8000.hdf5	both	none
2414.5657	1	Stimulus/S  1	1	24145657	24145665	19	5	30	pips_40_500-8000.hdf5	both	none
2415.6217	1	Stimulus/S  1	1	24156217	24156225	20	0	20	pips_40_500-8000.hdf5	both	none
2416.6671	1	Stimulus/S  1	1	24166671	24166679	20	1	40	pips_40_500-8000.hdf5	both	none
2417.7338	1	Stimulus/S  1	1	24177338	24177346	20	2	60	pips_40_500-8000.hdf5	both	none
2418.7791	1	Stimulus/S  1	1	24187791	24187799	20	3	70	pips_40_500-8000.hdf5	both	none
2419.8458	1	Stimulus/S  1	1	24198458	24198466	20	4	50	pips_40_500-8000.hdf5	both	none
2420.9018	1	Stimulus/S  1	1	24209018	24209026	20	5	30	pips_40_500-8000.hdf5	both	none
2421.9685	1	Stimulus/S  1	1	24219685	24219693	21	0	20	pips_40_500-8000.hdf5	both	none
2423.0351	1	Stimulus/S  1	1	24230351	24230359	21	1	40	pips_40_500-8000.hdf5	both	none
2424.1018	1	Stimulus/S  1	1	24241018	24241026	21	2	60	pips_40_500-8000.hdf5	both	none
2425.1685	1	Stimulus/S  1	1	24251685	24251693	21	3	70	pips_40_500-8000.hdf5	both	none
2426.2352	1	Stimulus/S  1	1	24262352	24262360	21	4	50	pips_40_500-8000.hdf5	both	none
2427.3018	1	Stimulus/S  1	1	24273018	24273026	21	5	30	pips_40_500-8000.hdf5	both	none
2428.3685	1	Stimulus/S  1	1	24283685	24283693	22	0	20	pips_40_500-8000.hdf5	both	none
2429.4352	1	Stimulus/S  1	1	24294352	24294360	22	1	40	pips_40_500-8000.hdf5	both	none
2430.5019	1	Stimulus/S  1	1	24305019	24305027	22	2	60	pips_40_500-8000.hdf5	both	none
2431.5472	1	Stimulus/S  1	1	24315472	24315480	22	3	70	pips_40_500-8000.hdf5	both	none
2432.6139	1	Stimulus/S  1	1	24326139	24326147	22	4	50	pips_40_500-8000.hdf5	both	none
2433.6699	1	Stimulus/S  1	1	24336699	24336707	22	5	30	pips_40_500-8000.hdf5	both	none
2434.7366	1	Stimulus/S  1	1	24347366	24347374	23	0	20	pips_40_500-8000.hdf5	both	none
2435.7819	1	Stimulus/S  1	1	24357819	24357827	23	1	40	pips_40_500-8000.hdf5	both	none
2436.8379	1	Stimulus/S  1	1	24368379	24368387	23	2	60	pips_40_500-8000.hdf5	both	none
2437.8833	1	Stimulus/S  1	1	24378833	24378841	23	3	70	pips_40_500-8000.hdf5	both	none
2438.9393	1	Stimulus/S  1	1	24389393	24389401	23	4	50	pips_40_500-8000.hdf5	both	none
2439.9846	1	Stimulus/S  1	1	24399846	24399854	23	5	30	pips_40_500-8000.hdf5	both	none
2441.03	1	Stimulus/S  1	1	24410300	24410308	24	0	20	pips_40_500-8000.hdf5	both	none
2442.086	1	Stimulus/S  1	1	24420860	24420868	24	1	40	pips_40_500-8000.hdf5	both	none
2443.1527	1	Stimulus/S  1	1	24431527	24431535	24	2	60	pips_40_500-8000.hdf5	both	none
2444.198	1	Stimulus/S  1	1	24441980	24441988	24	3	70	pips_40_500-8000.hdf5	both	none
2445.254	1	Stimulus/S  1	1	24452540	24452548	24	4	50	pips_40_500-8000.hdf5	both	none
2446.2994	1	Stimulus/S  1	1	24462994	24463002	24	5	30	pips_40_500-8000.hdf5	both	none
2447.366	1	Stimulus/S  1	1	24473660	24473668	25	0	20	pips_40_500-8000.hdf5	both	none
2448.4221	1	Stimulus/S  1	1	24484221	24484229	25	1	40	pips_40_500-8000.hdf5	both	none
2449.4887	1	Stimulus/S  1	1	24494887	24494895	25	2	60	pips_40_500-8000.hdf5	both	none
2450.5554	1	Stimulus/S  1	1	24505554	24505562	25	3	70	pips_40_500-8000.hdf5	both	none
2451.6221	1	Stimulus/S  1	1	24516221	24516229	25	4	50	pips_40_500-8000.hdf5	both	none
2452.6888	1	Stimulus/S  1	1	24526888	24526896	25	5	30	pips_40_500-8000.hdf5	both	none
2453.7554	1	Stimulus/S  1	1	24537554	24537562	26	0	20	pips_40_500-8000.hdf5	both	none
2454.8221	1	Stimulus/S  1	1	24548221	24548229	26	1	40	pips_40_500-8000.hdf5	both	none
2455.8888	1	Stimulus/S  1	1	24558888	24558896	26	2	60	pips_40_500-8000.hdf5	both	none
2456.9555	1	Stimulus/S  1	1	24569555	24569563	26	3	70	pips_40_500-8000.hdf5	both	none
2458.0221	1	Stimulus/S  1	1	24580221	24580229	26	4	50	pips_40_500-8000.hdf5	both	none
2459.0675	1	Stimulus/S  1	1	24590675	24590683	26	5	30	pips_40_500-8000.hdf5	both	none
2460.1342	1	Stimulus/S  1	1	24601342	24601350	27	0	20	pips_40_500-8000.hdf5	both	none
2461.2008	1	Stimulus/S  1	1	24612008	24612016	27	1	40	pips_40_500-8000.hdf5	both	none
2462.2569	1	Stimulus/S  1	1	24622569	24622577	27	2	60	pips_40_500-8000.hdf5	both	none
2463.3022	1	Stimulus/S  1	1	24633022	24633030	27	3	70	pips_40_500-8000.hdf5	both	none
2464.3475	1	Stimulus/S  1	1	24643475	24643483	27	4	50	pips_40_500-8000.hdf5	both	none
2465.4036	1	Stimulus/S  1	1	24654036	24654044	27	5	30	pips_40_500-8000.hdf5	both	none
2466.4489	1	Stimulus/S  1	1	24664489	24664497	28	0	20	pips_40_500-8000.hdf5	both	none
2467.5049	1	Stimulus/S  1	1	24675049	24675057	28	1	40	pips_40_500-8000.hdf5	both	none
2468.5502	1	Stimulus/S  1	1	24685502	24685510	28	2	60	pips_40_500-8000.hdf5	both	none
2469.6063	1	Stimulus/S  1	1	24696063	24696071	28	3	70	pips_40_500-8000.hdf5	both	none
2470.6516	1	Stimulus/S  1	1	24706516	24706524	28	4	50	pips_40_500-8000.hdf5	both	none
2471.6969	1	Stimulus/S  1	1	24716969	24716977	28	5	30	pips_40_500-8000.hdf5	both	none
2472.7636	1	Stimulus/S  1	1	24727636	24727644	29	0	20	pips_40_500-8000.hdf5	both	none
2473.8196	1	Stimulus/S  1	1	24738196	24738204	29	1	40	pips_40_500-8000.hdf5	both	none
2474.8863	1	Stimulus/S  1	1	24748863	24748871	29	2	60	pips_40_500-8000.hdf5	both	none
2475.9317	1	Stimulus/S  1	1	24759317	24759325	29	3	70	pips_40_500-8000.hdf5	both	none
2476.9983	1	Stimulus/S  1	1	24769983	24769991	29	4	50	pips_40_500-8000.hdf5	both	none
2478.065	1	Stimulus/S  1	1	24780650	24780658	29	5	30	pips_40_500-8000.hdf5	both	none
2479.1317	1	Stimulus/S  1	1	24791317	24791325	30	0	20	pips_40_500-8000.hdf5	both	none
2480.1984	1	Stimulus/S  1	1	24801984	24801992	30	1	40	pips_40_500-8000.hdf5	both	none
2481.265	1	Stimulus/S  1	1	24812650	24812658	30	2	60	pips_40_500-8000.hdf5	both	none
2482.3317	1	Stimulus/S  1	1	24823317	24823325	30	3	70	pips_40_500-8000.hdf5	both	none
2483.3984	1	Stimulus/S  1	1	24833984	24833992	30	4	50	pips_40_500-8000.hdf5	both	none
2484.4651	1	Stimulus/S  1	1	24844651	24844659	30	5	30	pips_40_500-8000.hdf5	both	none
2485.5317	1	Stimulus/S  1	1	24855317	24855325	31	0	20	pips_40_500-8000.hdf5	both	none
2486.5984	1	Stimulus/S  1	1	24865984	24865992	31	1	40	pips_40_500-8000.hdf5	both	none
2487.6651	1	Stimulus/S  1	1	24876651	24876659	31	2	60	pips_40_500-8000.hdf5	both	none
2488.7318	1	Stimulus/S  1	1	24887318	24887326	31	3	70	pips_40_500-8000.hdf5	both	none
2489.7985	1	Stimulus/S  1	1	24897985	24897993	31	4	50	pips_40_500-8000.hdf5	both	none
2490.8651	1	Stimulus/S  1	1	24908651	24908659	31	5	30	pips_40_500-8000.hdf5	both	none
2491.9318	1	Stimulus/S  1	1	24919318	24919326	32	0	20	pips_40_500-8000.hdf5	both	none
2492.9878	1	Stimulus/S  1	1	24929878	24929886	32	1	40	pips_40_500-8000.hdf5	both	none
2494.0545	1	Stimulus/S  1	1	24940545	24940553	32	2	60	pips_40_500-8000.hdf5	both	none
2495.0998	1	Stimulus/S  1	1	24950998	24951006	32	3	70	pips_40_500-8000.hdf5	both	none
2496.1665	1	Stimulus/S  1	1	24961665	24961673	32	4	50	pips_40_500-8000.hdf5	both	none
2497.2225	1	Stimulus/S  1	1	24972225	24972233	32	5	30	pips_40_500-8000.hdf5	both	none
2498.2679	1	Stimulus/S  1	1	24982679	24982687	33	0	20	pips_40_500-8000.hdf5	both	none
2499.3239	1	Stimulus/S  1	1	24993239	24993247	33	1	40	pips_40_500-8000.hdf5	both	none
2500.3692	1	Stimulus/S  1	1	25003692	25003700	33	2	60	pips_40_500-8000.hdf5	both	none
2501.4146	1	Stimulus/S  1	1	25014146	25014154	33	3	70	pips_40_500-8000.hdf5	both	none
2502.4706	1	Stimulus/S  1	1	25024706	25024714	33	4	50	pips_40_500-8000.hdf5	both	none
2503.5159	1	Stimulus/S  1	1	25035159	25035167	33	5	30	pips_40_500-8000.hdf5	both	none
2504.5719	1	Stimulus/S  1	1	25045719	25045727	34	0	20	pips_40_500-8000.hdf5	both	none
2505.6173	1	Stimulus/S  1	1	25056173	25056181	34	1	40	pips_40_500-8000.hdf5	both	none
2506.6733	1	Stimulus/S  1	1	25066733	25066741	34	2	60	pips_40_500-8000.hdf5	both	none
2507.7186	1	Stimulus/S  1	1	25077186	25077194	34	3	70	pips_40_500-8000.hdf5	both	none
2508.764	1	Stimulus/S  1	1	25087640	25087648	34	4	50	pips_40_500-8000.hdf5	both	none
2509.82	1	Stimulus/S  1	1	25098200	25098208	34	5	30	pips_40_500-8000.hdf5	both	none
2510.8867	1	Stimulus/S  1	1	25108867	25108875	35	0	20	pips_40_500-8000.hdf5	both	none
2511.932	1	Stimulus/S  1	1	25119320	25119328	35	1	40	pips_40_500-8000.hdf5	both	none
2512.9987	1	Stimulus/S  1	1	25129987	25129995	35	2	60	pips_40_500-8000.hdf5	both	none
2514.0547	1	Stimulus/S  1	1	25140547	25140555	35	3	70	pips_40_500-8000.hdf5	both	none
2515.1214	1	Stimulus/S  1	1	25151214	25151222	35	4	50	pips_40_500-8000.hdf5	both	none
2516.188	1	Stimulus/S  1	1	25161880	25161888	35	5	30	pips_40_500-8000.hdf5	both	none
2517.2334	1	Stimulus/S  1	1	25172334	25172342	36	0	20	pips_40_500-8000.hdf5	both	none
2518.3001	1	Stimulus/S  1	1	25183001	25183009	36	1	40	pips_40_500-8000.hdf5	both	none
2519.3561	1	Stimulus/S  1	1	25193561	25193569	36	2	60	pips_40_500-8000.hdf5	both	none
2520.4228	1	Stimulus/S  1	1	25204228	25204236	36	3	70	pips_40_500-8000.hdf5	both	none
2521.4894	1	Stimulus/S  1	1	25214894	25214902	36	4	50	pips_40_500-8000.hdf5	both	none
2522.5348	1	Stimulus/S  1	1	25225348	25225356	36	5	30	pips_40_500-8000.hdf5	both	none
2523.6014	1	Stimulus/S  1	1	25236014	25236022	37	0	20	pips_40_500-8000.hdf5	both	none
2524.6575	1	Stimulus/S  1	1	25246575	25246583	37	1	40	pips_40_500-8000.hdf5	both	none
2525.7241	1	Stimulus/S  1	1	25257241	25257249	37	2	60	pips_40_500-8000.hdf5	both	none
2526.7908	1	Stimulus/S  1	1	25267908	25267916	37	3	70	pips_40_500-8000.hdf5	both	none
2527.8362	1	Stimulus/S  1	1	25278362	25278370	37	4	50	pips_40_500-8000.hdf5	both	none
2528.9028	1	Stimulus/S  1	1	25289028	25289036	37	5	30	pips_40_500-8000.hdf5	both	none
2529.9482	1	Stimulus/S  1	1	25299482	25299490	38	0	20	pips_40_500-8000.hdf5	both	none
2531.0149	1	Stimulus/S  1	1	25310149	25310157	38	1	40	pips_40_500-8000.hdf5	both	none
2532.0815	1	Stimulus/S  1	1	25320815	25320823	38	2	60	pips_40_500-8000.hdf5	both	none
2533.1482	1	Stimulus/S  1	1	25331482	25331490	38	3	70	pips_40_500-8000.hdf5	both	none
2534.2149	1	Stimulus/S  1	1	25342149	25342157	38	4	50	pips_40_500-8000.hdf5	both	none
2535.2816	1	Stimulus/S  1	1	25352816	25352824	38	5	30	pips_40_500-8000.hdf5	both	none
2536.3482	1	Stimulus/S  1	1	25363482	25363490	39	0	20	pips_40_500-8000.hdf5	both	none
2537.4149	1	Stimulus/S  1	1	25374149	25374157	39	1	40	pips_40_500-8000.hdf5	both	none
2538.4816	1	Stimulus/S  1	1	25384816	25384824	39	2	60	pips_40_500-8000.hdf5	both	none
2539.5483	1	Stimulus/S  1	1	25395483	25395491	39	3	70	pips_40_500-8000.hdf5	both	none
2540.6149	1	Stimulus/S  1	1	25406149	25406157	39	4	50	pips_40_500-8000.hdf5	both	none
2541.6816	1	Stimulus/S  1	1	25416816	25416824	39	5	30	pips_40_500-8000.hdf5	both	none
2542.7483	1	Stimulus/S  1	1	25427483	25427491	40	0	20	pips_40_500-8000.hdf5	both	none
2543.815	1	Stimulus/S  1	1	25438150	25438158	40	1	40	pips_40_500-8000.hdf5	both	none
2544.8817	1	Stimulus/S  1	1	25448817	25448825	40	2	60	pips_40_500-8000.hdf5	both	none
2545.9483	1	Stimulus/S  1	1	25459483	25459491	40	3	70	pips_40_500-8000.hdf5	both	none
2547.015	1	Stimulus/S  1	1	25470150	25470158	40	4	50	pips_40_500-8000.hdf5	both	none
2548.0817	1	Stimulus/S  1	1	25480817	25480825	40	5	30	pips_40_500-8000.hdf5	both	none
2549.1484	1	Stimulus/S  1	1	25491484	25491492	41	0	20	pips_40_500-8000.hdf5	both	none
2550.215	1	Stimulus/S  1	1	25502150	25502158	41	1	40	pips_40_500-8000.hdf5	both	none
2551.2817	1	Stimulus/S  1	1	25512817	25512825	41	2	60	pips_40_500-8000.hdf5	both	none
2552.3484	1	Stimulus/S  1	1	25523484	25523492	41	3	70	pips_40_500-8000.hdf5	both	none
2553.4044	1	Stimulus/S  1	1	25534044	25534052	41	4	50	pips_40_500-8000.hdf5	both	none
2554.4711	1	Stimulus/S  1	1	25544711	25544719	41	5	30	pips_40_500-8000.hdf5	both	none
2555.5164	1	Stimulus/S  1	1	25555164	25555172	42	0	20	pips_40_500-8000.hdf5	both	none
2556.5831	1	Stimulus/S  1	1	25565831	25565839	42	1	40	pips_40_500-8000.hdf5	both	none
2557.6391	1	Stimulus/S  1	1	25576391	25576399	42	2	60	pips_40_500-8000.hdf5	both	none
2558.6845	1	Stimulus/S  1	1	25586845	25586853	42	3	70	pips_40_500-8000.hdf5	both	none
2559.7405	1	Stimulus/S  1	1	25597405	25597413	42	4	50	pips_40_500-8000.hdf5	both	none
2560.7858	1	Stimulus/S  1	1	25607858	25607866	42	5	30	pips_40_500-8000.hdf5	both	none
2561.8418	1	Stimulus/S  1	1	25618418	25618426	43	0	20	pips_40_500-8000.hdf5	both	none
2562.8872	1	Stimulus/S  1	1	25628872	25628880	43	1	40	pips_40_500-8000.hdf5	both	none
2563.9325	1	Stimulus/S  1	1	25639325	25639333	43	2	60	pips_40_500-8000.hdf5	both	none
2564.9885	1	Stimulus/S  1	1	25649885	25649893	43	3	70	pips_40_500-8000.hdf5	both	none
2566.0552	1	Stimulus/S  1	1	25660552	25660560	43	4	50	pips_40_500-8000.hdf5	both	none
2567.1005	1	Stimulus/S  1	1	25671005	25671013	43	5	30	pips_40_500-8000.hdf5	both	none
2568.1672	1	Stimulus/S  1	1	25681672	25681680	44	0	20	pips_40_500-8000.hdf5	both	none
2569.2232	1	Stimulus/S  1	1	25692232	25692240	44	1	40	pips_40_500-8000.hdf5	both	none
2570.2899	1	Stimulus/S  1	1	25702899	25702907	44	2	60	pips_40_500-8000.hdf5	both	none
2571.3352	1	Stimulus/S  1	1	25713352	25713360	44	3	70	pips_40_500-8000.hdf5	both	none
2572.3913	1	Stimulus/S  1	1	25723913	25723921	44	4	50	pips_40_500-8000.hdf5	both	none
2573.4366	1	Stimulus/S  1	1	25734366	25734374	44	5	30	pips_40_500-8000.hdf5	both	none
2574.4819	1	Stimulus/S  1	1	25744819	25744827	45	0	20	pips_40_500-8000.hdf5	both	none
2575.5486	1	Stimulus/S  1	1	25755486	25755494	45	1	40	pips_40_500-8000.hdf5	both	none
2576.6046	1	Stimulus/S  1	1	25766046	25766054	45	2	60	pips_40_500-8000.hdf5	both	none
2577.6713	1	Stimulus/S  1	1	25776713	25776721	45	3	70	pips_40_500-8000.hdf5	both	none
2578.7166	1	Stimulus/S  1	1	25787166	25787174	45	4	50	pips_40_500-8000.hdf5	both	none
2579.7833	1	Stimulus/S  1	1	25797833	25797841	45	5	30	pips_40_500-8000.hdf5	both	none
2580.8393	1	Stimulus/S  1	1	25808393	25808401	46	0	20	pips_40_500-8000.hdf5	both	none
2581.8847	1	Stimulus/S  1	1	25818847	25818855	46	1	40	pips_40_500-8000.hdf5	both	none
2582.9407	1	Stimulus/S  1	1	25829407	25829415	46	2	60	pips_40_500-8000.hdf5	both	none
2583.986	1	Stimulus/S  1	1	25839860	25839868	46	3	70	pips_40_500-8000.hdf5	both	none
2585.042	1	Stimulus/S  1	1	25850420	25850428	46	4	50	pips_40_500-8000.hdf5	both	none
2586.0874	1	Stimulus/S  1	1	25860874	25860882	46	5	30	pips_40_500-8000.hdf5	both	none
2587.1327	1	Stimulus/S  1	1	25871327	25871335	47	0	20	pips_40_500-8000.hdf5	both	none
2588.1887	1	Stimulus/S  1	1	25881887	25881895	47	1	40	pips_40_500-8000.hdf5	both	none
2589.2341	1	Stimulus/S  1	1	25892341	25892349	47	2	60	pips_40_500-8000.hdf5	both	none
2590.2901	1	Stimulus/S  1	1	25902901	25902909	47	3	70	pips_40_500-8000.hdf5	both	none
2591.3354	1	Stimulus/S  1	1	25913354	25913362	47	4	50	pips_40_500-8000.hdf5	both	none
2592.4021	1	Stimulus/S  1	1	25924021	25924029	47	5	30	pips_40_500-8000.hdf5	both	none
2593.4581	1	Stimulus/S  1	1	25934581	25934589	48	0	20	pips_40_500-8000.hdf5	both	none
2594.5248	1	Stimulus/S  1	1	25945248	25945256	48	1	40	pips_40_500-8000.hdf5	both	none
2595.5701	1	Stimulus/S  1	1	25955701	25955709	48	2	60	pips_40_500-8000.hdf5	both	none
2596.6155	1	Stimulus/S  1	1	25966155	25966163	48	3	70	pips_40_500-8000.hdf5	both	none
2597.6715	1	Stimulus/S  1	1	25976715	25976723	48	4	50	pips_40_500-8000.hdf5	both	none
2598.7168	1	Stimulus/S  1	1	25987168	25987176	48	5	30	pips_40_500-8000.hdf5	both	none
2599.7729	1	Stimulus/S  1	1	25997729	25997737	49	0	20	pips_40_500-8000.hdf5	both	none
2600.8182	1	Stimulus/S  1	1	26008182	26008190	49	1	40	pips_40_500-8000.hdf5	both	none
2601.8742	1	Stimulus/S  1	1	26018742	26018750	49	2	60	pips_40_500-8000.hdf5	both	none
2602.9196	1	Stimulus/S  1	1	26029196	26029204	49	3	70	pips_40_500-8000.hdf5	both	none
2603.9756	1	Stimulus/S  1	1	26039756	26039764	49	4	50	pips_40_500-8000.hdf5	both	none
2605.0209	1	Stimulus/S  1	1	26050209	26050217	49	5	30	pips_40_500-8000.hdf5	both	none
2606.0662	1	Stimulus/S  1	1	26060662	26060670	50	0	20	pips_40_500-8000.hdf5	both	none
2607.1329	1	Stimulus/S  1	1	26071329	26071337	50	1	40	pips_40_500-8000.hdf5	both	none
2608.1889	1	Stimulus/S  1	1	26081889	26081897	50	2	60	pips_40_500-8000.hdf5	both	none
2609.2343	1	Stimulus/S  1	1	26092343	26092351	50	3	70	pips_40_500-8000.hdf5	both	none
2610.2903	1	Stimulus/S  1	1	26102903	26102911	50	4	50	pips_40_500-8000.hdf5	both	none
2611.3356	1	Stimulus/S  1	1	26113356	26113364	50	5	30	pips_40_500-8000.hdf5	both	none
2612.3916	1	Stimulus/S  1	1	26123916	26123924	51	0	20	pips_40_500-8000.hdf5	both	none
2613.437	1	Stimulus/S  1	1	26134370	26134378	51	1	40	pips_40_500-8000.hdf5	both	none
2614.4823	1	Stimulus/S  1	1	26144823	26144831	51	2	60	pips_40_500-8000.hdf5	both	none
2615.5383	1	Stimulus/S  1	1	26155383	26155391	51	3	70	pips_40_500-8000.hdf5	both	none
2616.5837	1	Stimulus/S  1	1	26165837	26165845	51	4	50	pips_40_500-8000.hdf5	both	none
2617.6397	1	Stimulus/S  1	1	26176397	26176405	51	5	30	pips_40_500-8000.hdf5	both	none
2618.685	1	Stimulus/S  1	1	26186850	26186858	52	0	20	pips_40_500-8000.hdf5	both	none
2619.7517	1	Stimulus/S  1	1	26197517	26197525	52	1	40	pips_40_500-8000.hdf5	both	none
2620.8077	1	Stimulus/S  1	1	26208077	26208085	52	2	60	pips_40_500-8000.hdf5	both	none
2621.8744	1	Stimulus/S  1	1	26218744	26218752	52	3	70	pips_40_500-8000.hdf5	both	none
2622.9197	1	Stimulus/S  1	1	26229197	26229205	52	4	50	pips_40_500-8000.hdf5	both	none
2623.9864	1	Stimulus/S  1	1	26239864	26239872	52	5	30	pips_40_500-8000.hdf5	both	none
2625.0531	1	Stimulus/S  1	1	26250531	26250539	53	0	20	pips_40_500-8000.hdf5	both	none
2626.1198	1	Stimulus/S  1	1	26261198	26261206	53	1	40	pips_40_500-8000.hdf5	both	none
2627.1865	1	Stimulus/S  1	1	26271865	26271873	53	2	60	pips_40_500-8000.hdf5	both	none
2628.2531	1	Stimulus/S  1	1	26282531	26282539	53	3	70	pips_40_500-8000.hdf5	both	none
2629.3198	1	Stimulus/S  1	1	26293198	26293206	53	4	50	pips_40_500-8000.hdf5	both	none
2630.3865	1	Stimulus/S  1	1	26303865	26303873	53	5	30	pips_40_500-8000.hdf5	both	none
2631.4532	1	Stimulus/S  1	1	26314532	26314540	54	0	20	pips_40_500-8000.hdf5	both	none
2632.5198	1	Stimulus/S  1	1	26325198	26325206	54	1	40	pips_40_500-8000.hdf5	both	none
2633.5758	1	Stimulus/S  1	1	26335758	26335766	54	2	60	pips_40_500-8000.hdf5	both	none
2634.6425	1	Stimulus/S  1	1	26346425	26346433	54	3	70	pips_40_500-8000.hdf5	both	none
2635.6879	1	Stimulus/S  1	1	26356879	26356887	54	4	50	pips_40_500-8000.hdf5	both	none
2636.7545	1	Stimulus/S  1	1	26367545	26367553	54	5	30	pips_40_500-8000.hdf5	both	none
2637.7999	1	Stimulus/S  1	1	26377999	26378007	55	0	20	pips_40_500-8000.hdf5	both	none
2638.8559	1	Stimulus/S  1	1	26388559	26388567	55	1	40	pips_40_500-8000.hdf5	both	none
2639.9012	1	Stimulus/S  1	1	26399012	26399020	55	2	60	pips_40_500-8000.hdf5	both	none
2640.9573	1	Stimulus/S  1	1	26409573	26409581	55	3	70	pips_40_500-8000.hdf5	both	none
2642.0026	1	Stimulus/S  1	1	26420026	26420034	55	4	50	pips_40_500-8000.hdf5	both	none
2643.0586	1	Stimulus/S  1	1	26430586	26430594	55	5	30	pips_40_500-8000.hdf5	both	none
2644.104	1	Stimulus/S  1	1	26441040	26441048	56	0	20	pips_40_500-8000.hdf5	both	none
2645.1493	1	Stimulus/S  1	1	26451493	26451501	56	1	40	pips_40_500-8000.hdf5	both	none
2646.2053	1	Stimulus/S  1	1	26462053	26462061	56	2	60	pips_40_500-8000.hdf5	both	none
2647.2506	1	Stimulus/S  1	1	26472506	26472514	56	3	70	pips_40_500-8000.hdf5	both	none
2648.3067	1	Stimulus/S  1	1	26483067	26483075	56	4	50	pips_40_500-8000.hdf5	both	none
2649.352	1	Stimulus/S  1	1	26493520	26493528	56	5	30	pips_40_500-8000.hdf5	both	none
2650.408	1	Stimulus/S  1	1	26504080	26504088	57	0	20	pips_40_500-8000.hdf5	both	none
2651.4534	1	Stimulus/S  1	1	26514534	26514542	57	1	40	pips_40_500-8000.hdf5	both	none
2652.5094	1	Stimulus/S  1	1	26525094	26525102	57	2	60	pips_40_500-8000.hdf5	both	none
2653.576	1	Stimulus/S  1	1	26535760	26535768	57	3	70	pips_40_500-8000.hdf5	both	none
2654.6214	1	Stimulus/S  1	1	26546214	26546222	57	4	50	pips_40_500-8000.hdf5	both	none
2655.6881	1	Stimulus/S  1	1	26556881	26556889	57	5	30	pips_40_500-8000.hdf5	both	none
2656.7334	1	Stimulus/S  1	1	26567334	26567342	58	0	20	pips_40_500-8000.hdf5	both	none
2657.8001	1	Stimulus/S  1	1	26578001	26578009	58	1	40	pips_40_500-8000.hdf5	both	none
2658.8668	1	Stimulus/S  1	1	26588668	26588676	58	2	60	pips_40_500-8000.hdf5	both	none
2659.9228	1	Stimulus/S  1	1	26599228	26599236	58	3	70	pips_40_500-8000.hdf5	both	none
2660.9894	1	Stimulus/S  1	1	26609894	26609902	58	4	50	pips_40_500-8000.hdf5	both	none
2662.0348	1	Stimulus/S  1	1	26620348	26620356	58	5	30	pips_40_500-8000.hdf5	both	none
2663.1015	1	Stimulus/S  1	1	26631015	26631023	59	0	20	pips_40_500-8000.hdf5	both	none
2664.1681	1	Stimulus/S  1	1	26641681	26641689	59	1	40	pips_40_500-8000.hdf5	both	none
2665.2242	1	Stimulus/S  1	1	26652242	26652250	59	2	60	pips_40_500-8000.hdf5	both	none
2666.2908	1	Stimulus/S  1	1	26662908	26662916	59	3	70	pips_40_500-8000.hdf5	both	none
2667.3575	1	Stimulus/S  1	1	26673575	26673583	59	4	50	pips_40_500-8000.hdf5	both	none
2668.4242	1	Stimulus/S  1	1	26684242	26684250	59	5	30	pips_40_500-8000.hdf5	both	none
2669.4909	1	Stimulus/S  1	1	26694909	26694917	60	0	20	pips_40_500-8000.hdf5	both	none
2670.5575	1	Stimulus/S  1	1	26705575	26705583	60	1	40	pips_40_500-8000.hdf5	both	none
2671.6242	1	Stimulus/S  1	1	26716242	26716250	60	2	60	pips_40_500-8000.hdf5	both	none
2672.6909	1	Stimulus/S  1	1	26726909	26726917	60	3	70	pips_40_500-8000.hdf5	both	none
2673.7576	1	Stimulus/S  1	1	26737576	26737584	60	4	50	pips_40_500-8000.hdf5	both	none
2674.8242	1	Stimulus/S  1	1	26748242	26748250	60	5	30	pips_40_500-8000.hdf5	both	none
2675.8696	1	Stimulus/S  1	1	26758696	26758704	61	0	20	pips_40_500-8000.hdf5	both	none
2676.9363	1	Stimulus/S  1	1	26769363	26769371	61	1	40	pips_40_500-8000.hdf5	both	none
2677.9923	1	Stimulus/S  1	1	26779923	26779931	61	2	60	pips_40_500-8000.hdf5	both	none
2679.059	1	Stimulus/S  1	1	26790590	26790598	61	3	70	pips_40_500-8000.hdf5	both	none
2680.1043	1	Stimulus/S  1	1	26801043	26801051	61	4	50	pips_40_500-8000.hdf5	both	none
2681.171	1	Stimulus/S  1	1	26811710	26811718	61	5	30	pips_40_500-8000.hdf5	both	none
2682.227	1	Stimulus/S  1	1	26822270	26822278	62	0	20	pips_40_500-8000.hdf5	both	none
2683.2723	1	Stimulus/S  1	1	26832723	26832731	62	1	40	pips_40_500-8000.hdf5	both	none
2684.3177	1	Stimulus/S  1	1	26843177	26843185	62	2	60	pips_40_500-8000.hdf5	both	none
2685.3737	1	Stimulus/S  1	1	26853737	26853745	62	3	70	pips_40_500-8000.hdf5	both	none
2686.419	1	Stimulus/S  1	1	26864190	26864198	62	4	50	pips_40_500-8000.hdf5	both	none
2687.475	1	Stimulus/S  1	1	26874750	26874758	62	5	30	pips_40_500-8000.hdf5	both	none
2688.5204	1	Stimulus/S  1	1	26885204	26885212	63	0	20	pips_40_500-8000.hdf5	both	none
2689.5871	1	Stimulus/S  1	1	26895871	26895879	63	1	40	pips_40_500-8000.hdf5	both	none
2690.6431	1	Stimulus/S  1	1	26906431	26906439	63	2	60	pips_40_500-8000.hdf5	both	none
2691.7097	1	Stimulus/S  1	1	26917097	26917105	63	3	70	pips_40_500-8000.hdf5	both	none
2692.7551	1	Stimulus/S  1	1	26927551	26927559	63	4	50	pips_40_500-8000.hdf5	both	none
2693.8004	1	Stimulus/S  1	1	26938004	26938012	63	5	30	pips_40_500-8000.hdf5	both	none
2694.8564	1	Stimulus/S  1	1	26948564	26948572	64	0	20	pips_40_500-8000.hdf5	both	none
2695.9231	1	Stimulus/S  1	1	26959231	26959239	64	1	40	pips_40_500-8000.hdf5	both	none
2696.9898	1	Stimulus/S  1	1	26969898	26969906	64	2	60	pips_40_500-8000.hdf5	both	none
2698.0565	1	Stimulus/S  1	1	26980565	26980573	64	3	70	pips_40_500-8000.hdf5	both	none
2699.1232	1	Stimulus/S  1	1	26991232	26991240	64	4	50	pips_40_500-8000.hdf5	both	none
2700.1898	1	Stimulus/S  1	1	27001898	27001906	64	5	30	pips_40_500-8000.hdf5	both	none
2701.2565	1	Stimulus/S  1	1	27012565	27012573	65	0	20	pips_40_500-8000.hdf5	both	none
2702.3232	1	Stimulus/S  1	1	27023232	27023240	65	1	40	pips_40_500-8000.hdf5	both	none
2703.3899	1	Stimulus/S  1	1	27033899	27033907	65	2	60	pips_40_500-8000.hdf5	both	none
2704.4565	1	Stimulus/S  1	1	27044565	27044573	65	3	70	pips_40_500-8000.hdf5	both	none
2705.5232	1	Stimulus/S  1	1	27055232	27055240	65	4	50	pips_40_500-8000.hdf5	both	none
2706.5899	1	Stimulus/S  1	1	27065899	27065907	65	5	30	pips_40_500-8000.hdf5	both	none
2707.6566	1	Stimulus/S  1	1	27076566	27076574	66	0	20	pips_40_500-8000.hdf5	both	none
2708.7232	1	Stimulus/S  1	1	27087232	27087240	66	1	40	pips_40_500-8000.hdf5	both	none
2709.7899	1	Stimulus/S  1	1	27097899	27097907	66	2	60	pips_40_500-8000.hdf5	both	none
2710.8566	1	Stimulus/S  1	1	27108566	27108574	66	3	70	pips_40_500-8000.hdf5	both	none
2711.9019	1	Stimulus/S  1	1	27119019	27119027	66	4	50	pips_40_500-8000.hdf5	both	none
2712.9686	1	Stimulus/S  1	1	27129686	27129694	66	5	30	pips_40_500-8000.hdf5	both	none
2714.0246	1	Stimulus/S  1	1	27140246	27140254	67	0	20	pips_40_500-8000.hdf5	both	none
2715.0913	1	Stimulus/S  1	1	27150913	27150921	67	1	40	pips_40_500-8000.hdf5	both	none
2716.1366	1	Stimulus/S  1	1	27161366	27161374	67	2	60	pips_40_500-8000.hdf5	both	none
2717.1927	1	Stimulus/S  1	1	27171927	27171935	67	3	70	pips_40_500-8000.hdf5	both	none
2718.238	1	Stimulus/S  1	1	27182380	27182388	67	4	50	pips_40_500-8000.hdf5	both	none
2719.294	1	Stimulus/S  1	1	27192940	27192948	67	5	30	pips_40_500-8000.hdf5	both	none
2720.3394	1	Stimulus/S  1	1	27203394	27203402	68	0	20	pips_40_500-8000.hdf5	both	none
2721.3847	1	Stimulus/S  1	1	27213847	27213855	68	1	40	pips_40_500-8000.hdf5	both	none
2722.4407	1	Stimulus/S  1	1	27224407	27224415	68	2	60	pips_40_500-8000.hdf5	both	none
2723.4861	1	Stimulus/S  1	1	27234861	27234869	68	3	70	pips_40_500-8000.hdf5	both	none
2724.5421	1	Stimulus/S  1	1	27245421	27245429	68	4	50	pips_40_500-8000.hdf5	both	none
2725.5874	1	Stimulus/S  1	1	27255874	27255882	68	5	30	pips_40_500-8000.hdf5	both	none
2726.6434	1	Stimulus/S  1	1	27266434	27266442	69	0	20	pips_40_500-8000.hdf5	both	none
2727.7101	1	Stimulus/S  1	1	27277101	27277109	69	1	40	pips_40_500-8000.hdf5	both	none
2728.7554	1	Stimulus/S  1	1	27287554	27287562	69	2	60	pips_40_500-8000.hdf5	both	none
2729.8221	1	Stimulus/S  1	1	27298221	27298229	69	3	70	pips_40_500-8000.hdf5	both	none
2730.8675	1	Stimulus/S  1	1	27308675	27308683	69	4	50	pips_40_500-8000.hdf5	both	none
2731.9448	1	Stimulus/S  1	1	27319448	27319456	69	5	30	pips_40_500-8000.hdf5	both	none
2733.0115	1	Stimulus/S  1	1	27330115	27330123	70	0	20	pips_40_500-8000.hdf5	both	none
2734.0782	1	Stimulus/S  1	1	27340782	27340790	70	1	40	pips_40_500-8000.hdf5	both	none
2735.1448	1	Stimulus/S  1	1	27351448	27351456	70	2	60	pips_40_500-8000.hdf5	both	none
2736.2115	1	Stimulus/S  1	1	27362115	27362123	70	3	70	pips_40_500-8000.hdf5	both	none
2737.2675	1	Stimulus/S  1	1	27372675	27372683	70	4	50	pips_40_500-8000.hdf5	both	none
2738.3449	1	Stimulus/S  1	1	27383449	27383457	70	5	30	pips_40_500-8000.hdf5	both	none
2739.4115	1	Stimulus/S  1	1	27394115	27394123	71	0	20	pips_40_500-8000.hdf5	both	none
2740.4782	1	Stimulus/S  1	1	27404782	27404790	71	1	40	pips_40_500-8000.hdf5	both	none
2741.5449	1	Stimulus/S  1	1	27415449	27415457	71	2	60	pips_40_500-8000.hdf5	both	none
2742.6116	1	Stimulus/S  1	1	27426116	27426124	71	3	70	pips_40_500-8000.hdf5	both	none
2743.6676	1	Stimulus/S  1	1	27436676	27436684	71	4	50	pips_40_500-8000.hdf5	both	none
2744.7236	1	Stimulus/S  1	1	27447236	27447244	71	5	30	pips_40_500-8000.hdf5	both	none
2745.7903	1	Stimulus/S  1	1	27457903	27457911	72	0	20	pips_40_500-8000.hdf5	both	none
2746.8356	1	Stimulus/S  1	1	27468356	27468364	72	1	40	pips_40_500-8000.hdf5	both	none
2747.9023	1	Stimulus/S  1	1	27479023	27479031	72	2	60	pips_40_500-8000.hdf5	both	none
2748.9583	1	Stimulus/S  1	1	27489583	27489591	72	3	70	pips_40_500-8000.hdf5	both	none
2750.0036	1	Stimulus/S  1	1	27500036	27500044	72	4	50	pips_40_500-8000.hdf5	both	none
2751.0597	1	Stimulus/S  1	1	27510597	27510605	72	5	30	pips_40_500-8000.hdf5	both	none
2752.105	1	Stimulus/S  1	1	27521050	27521058	73	0	20	pips_40_500-8000.hdf5	both	none
2753.161	1	Stimulus/S  1	1	27531610	27531618	73	1	40	pips_40_500-8000.hdf5	both	none
2754.2064	1	Stimulus/S  1	1	27542064	27542072	73	2	60	pips_40_500-8000.hdf5	both	none
2755.2517	1	Stimulus/S  1	1	27552517	27552525	73	3	70	pips_40_500-8000.hdf5	both	none
2756.3077	1	Stimulus/S  1	1	27563077	27563085	73	4	50	pips_40_500-8000.hdf5	both	none
2757.353	1	Stimulus/S  1	1	27573530	27573538	73	5	30	pips_40_500-8000.hdf5	both	none
2758.4091	1	Stimulus/S  1	1	27584091	27584099	74	0	20	pips_40_500-8000.hdf5	both	none
2759.4544	1	Stimulus/S  1	1	27594544	27594552	74	1	40	pips_40_500-8000.hdf5	both	none
2760.5104	1	Stimulus/S  1	1	27605104	27605112	74	2	60	pips_40_500-8000.hdf5	both	none
2761.5558	1	Stimulus/S  1	1	27615558	27615566	74	3	70	pips_40_500-8000.hdf5	both	none
2762.6118	1	Stimulus/S  1	1	27626118	27626126	74	4	50	pips_40_500-8000.hdf5	both	none
2763.6571	1	Stimulus/S  1	1	27636571	27636579	74	5	30	pips_40_500-8000.hdf5	both	none
2764.7238	1	Stimulus/S  1	1	27647238	27647246	75	0	20	pips_40_500-8000.hdf5	both	none
2765.7691	1	Stimulus/S  1	1	27657691	27657699	75	1	40	pips_40_500-8000.hdf5	both	none
2766.8251	1	Stimulus/S  1	1	27668251	27668259	75	2	60	pips_40_500-8000.hdf5	both	none
2767.8705	1	Stimulus/S  1	1	27678705	27678713	75	3	70	pips_40_500-8000.hdf5	both	none
2768.9265	1	Stimulus/S  1	1	27689265	27689273	75	4	50	pips_40_500-8000.hdf5	both	none
2769.9718	1	Stimulus/S  1	1	27699718	27699726	75	5	30	pips_40_500-8000.hdf5	both	none
2771.0385	1	Stimulus/S  1	1	27710385	27710393	76	0	20	pips_40_500-8000.hdf5	both	none
2772.0945	1	Stimulus/S  1	1	27720945	27720953	76	1	40	pips_40_500-8000.hdf5	both	none
2773.1612	1	Stimulus/S  1	1	27731612	27731620	76	2	60	pips_40_500-8000.hdf5	both	none
2774.2279	1	Stimulus/S  1	1	27742279	27742287	76	3	70	pips_40_500-8000.hdf5	both	none
2775.2946	1	Stimulus/S  1	1	27752946	27752954	76	4	50	pips_40_500-8000.hdf5	both	none
2776.3612	1	Stimulus/S  1	1	27763612	27763620	76	5	30	pips_40_500-8000.hdf5	both	none
2777.4279	1	Stimulus/S  1	1	27774279	27774287	77	0	20	pips_40_500-8000.hdf5	both	none
2778.4946	1	Stimulus/S  1	1	27784946	27784954	77	1	40	pips_40_500-8000.hdf5	both	none
2779.5399	1	Stimulus/S  1	1	27795399	27795407	77	2	60	pips_40_500-8000.hdf5	both	none
2780.6066	1	Stimulus/S  1	1	27806066	27806074	77	3	70	pips_40_500-8000.hdf5	both	none
2781.652	1	Stimulus/S  1	1	27816520	27816528	77	4	50	pips_40_500-8000.hdf5	both	none
2782.7186	1	Stimulus/S  1	1	27827186	27827194	77	5	30	pips_40_500-8000.hdf5	both	none
2783.7746	1	Stimulus/S  1	1	27837746	27837754	78	0	20	pips_40_500-8000.hdf5	both	none
2784.82	1	Stimulus/S  1	1	27848200	27848208	78	1	40	pips_40_500-8000.hdf5	both	none
2785.876	1	Stimulus/S  1	1	27858760	27858768	78	2	60	pips_40_500-8000.hdf5	both	none
2786.9213	1	Stimulus/S  1	1	27869213	27869221	78	3	70	pips_40_500-8000.hdf5	both	none
2787.9773	1	Stimulus/S  1	1	27879773	27879781	78	4	50	pips_40_500-8000.hdf5	both	none
2789.044	1	Stimulus/S  1	1	27890440	27890448	78	5	30	pips_40_500-8000.hdf5	both	none
2790.0894	1	Stimulus/S  1	1	27900894	27900902	79	0	20	pips_40_500-8000.hdf5	both	none
2791.156	1	Stimulus/S  1	1	27911560	27911568	79	1	40	pips_40_500-8000.hdf5	both	none
2792.2121	1	Stimulus/S  1	1	27922121	27922129	79	2	60	pips_40_500-8000.hdf5	both	none
2793.2787	1	Stimulus/S  1	1	27932787	27932795	79	3	70	pips_40_500-8000.hdf5	both	none
2794.3454	1	Stimulus/S  1	1	27943454	27943462	79	4	50	pips_40_500-8000.hdf5	both	none
2795.4121	1	Stimulus/S  1	1	27954121	27954129	79	5	30	pips_40_500-8000.hdf5	both	none
2796.4788	1	Stimulus/S  1	1	27964788	27964796	80	0	20	pips_40_500-8000.hdf5	both	none
2797.5454	1	Stimulus/S  1	1	27975454	27975462	80	1	40	pips_40_500-8000.hdf5	both	none
2798.6121	1	Stimulus/S  1	1	27986121	27986129	80	2	60	pips_40_500-8000.hdf5	both	none
2799.6575	1	Stimulus/S  1	1	27996575	27996583	80	3	70	pips_40_500-8000.hdf5	both	none
2800.7241	1	Stimulus/S  1	1	28007241	28007249	80	4	50	pips_40_500-8000.hdf5	both	none
2801.7695	1	Stimulus/S  1	1	28017695	28017703	80	5	30	pips_40_500-8000.hdf5	both	none
2802.8362	1	Stimulus/S  1	1	28028362	28028370	81	0	20	pips_40_500-8000.hdf5	both	none
2803.8922	1	Stimulus/S  1	1	28038922	28038930	81	1	40	pips_40_500-8000.hdf5	both	none
2804.9375	1	Stimulus/S  1	1	28049375	28049383	81	2	60	pips_40_500-8000.hdf5	both	none
2805.9935	1	Stimulus/S  1	1	28059935	28059943	81	3	70	pips_40_500-8000.hdf5	both	none
2807.0389	1	Stimulus/S  1	1	28070389	28070397	81	4	50	pips_40_500-8000.hdf5	both	none
2808.0949	1	Stimulus/S  1	1	28080949	28080957	81	5	30	pips_40_500-8000.hdf5	both	none
2809.1402	1	Stimulus/S  1	1	28091402	28091410	82	0	20	pips_40_500-8000.hdf5	both	none
2810.2069	1	Stimulus/S  1	1	28102069	28102077	82	1	40	pips_40_500-8000.hdf5	both	none
2811.2736	1	Stimulus/S  1	1	28112736	28112744	82	2	60	pips_40_500-8000.hdf5	both	none
2812.3189	1	Stimulus/S  1	1	28123189	28123197	82	3	70	pips_40_500-8000.hdf5	both	none
2813.3856	1	Stimulus/S  1	1	28133856	28133864	82	4	50	pips_40_500-8000.hdf5	both	none
2814.4629	1	Stimulus/S  1	1	28144629	28144637	82	5	30	pips_40_500-8000.hdf5	both	none
2815.5296	1	Stimulus/S  1	1	28155296	28155304	83	0	20	pips_40_500-8000.hdf5	both	none
2816.5856	1	Stimulus/S  1	1	28165856	28165864	83	1	40	pips_40_500-8000.hdf5	both	none
2817.663	1	Stimulus/S  1	1	28176630	28176638	83	2	60	pips_40_500-8000.hdf5	both	none
2818.7296	1	Stimulus/S  1	1	28187296	28187304	83	3	70	pips_40_500-8000.hdf5	both	none
2819.775	1	Stimulus/S  1	1	28197750	28197758	83	4	50	pips_40_500-8000.hdf5	both	none
2820.8417	1	Stimulus/S  1	1	28208417	28208425	83	5	30	pips_40_500-8000.hdf5	both	none
2821.887	1	Stimulus/S  1	1	28218870	28218878	84	0	20	pips_40_500-8000.hdf5	both	none
2822.9537	1	Stimulus/S  1	1	28229537	28229545	84	1	40	pips_40_500-8000.hdf5	both	none
2824.0097	1	Stimulus/S  1	1	28240097	28240105	84	2	60	pips_40_500-8000.hdf5	both	none
2825.055	1	Stimulus/S  1	1	28250550	28250558	84	3	70	pips_40_500-8000.hdf5	both	none
2826.111	1	Stimulus/S  1	1	28261110	28261118	84	4	50	pips_40_500-8000.hdf5	both	none
2827.1564	1	Stimulus/S  1	1	28271564	28271572	84	5	30	pips_40_500-8000.hdf5	both	none
2828.2124	1	Stimulus/S  1	1	28282124	28282132	85	0	20	pips_40_500-8000.hdf5	both	none
2829.2791	1	Stimulus/S  1	1	28292791	28292799	85	1	40	pips_40_500-8000.hdf5	both	none
2830.3244	1	Stimulus/S  1	1	28303244	28303252	85	2	60	pips_40_500-8000.hdf5	both	none
2831.3911	1	Stimulus/S  1	1	28313911	28313919	85	3	70	pips_40_500-8000.hdf5	both	none
2832.4364	1	Stimulus/S  1	1	28324364	28324372	85	4	50	pips_40_500-8000.hdf5	both	none
2833.5031	1	Stimulus/S  1	1	28335031	28335039	85	5	30	pips_40_500-8000.hdf5	both	none
2834.5698	1	Stimulus/S  1	1	28345698	28345706	86	0	20	pips_40_500-8000.hdf5	both	none
2835.6365	1	Stimulus/S  1	1	28356365	28356373	86	1	40	pips_40_500-8000.hdf5	both	none
2836.7032	1	Stimulus/S  1	1	28367032	28367040	86	2	60	pips_40_500-8000.hdf5	both	none
2837.7698	1	Stimulus/S  1	1	28377698	28377706	86	3	70	pips_40_500-8000.hdf5	both	none
2838.8365	1	Stimulus/S  1	1	28388365	28388373	86	4	50	pips_40_500-8000.hdf5	both	none
2839.8925	1	Stimulus/S  1	1	28398925	28398933	86	5	30	pips_40_500-8000.hdf5	both	none
2840.9592	1	Stimulus/S  1	1	28409592	28409600	87	0	20	pips_40_500-8000.hdf5	both	none
2842.0045	1	Stimulus/S  1	1	28420045	28420053	87	1	40	pips_40_500-8000.hdf5	both	none
2843.0712	1	Stimulus/S  1	1	28430712	28430720	87	2	60	pips_40_500-8000.hdf5	both	none
2844.1272	1	Stimulus/S  1	1	28441272	28441280	87	3	70	pips_40_500-8000.hdf5	both	none
2845.1726	1	Stimulus/S  1	1	28451726	28451734	87	4	50	pips_40_500-8000.hdf5	both	none
2846.2286	1	Stimulus/S  1	1	28462286	28462294	87	5	30	pips_40_500-8000.hdf5	both	none
2847.2739	1	Stimulus/S  1	1	28472739	28472747	88	0	20	pips_40_500-8000.hdf5	both	none
2848.3299	1	Stimulus/S  1	1	28483299	28483307	88	1	40	pips_40_500-8000.hdf5	both	none
2849.3966	1	Stimulus/S  1	1	28493966	28493974	88	2	60	pips_40_500-8000.hdf5	both	none
2850.442	1	Stimulus/S  1	1	28504420	28504428	88	3	70	pips_40_500-8000.hdf5	both	none
2851.5086	1	Stimulus/S  1	1	28515086	28515094	88	4	50	pips_40_500-8000.hdf5	both	none
2852.554	1	Stimulus/S  1	1	28525540	28525548	88	5	30	pips_40_500-8000.hdf5	both	none
2853.6206	1	Stimulus/S  1	1	28536206	28536214	89	0	20	pips_40_500-8000.hdf5	both	none
2854.6873	1	Stimulus/S  1	1	28546873	28546881	89	1	40	pips_40_500-8000.hdf5	both	none
2855.754	1	Stimulus/S  1	1	28557540	28557548	89	2	60	pips_40_500-8000.hdf5	both	none
2856.8207	1	Stimulus/S  1	1	28568207	28568215	89	3	70	pips_40_500-8000.hdf5	both	none
2857.8874	1	Stimulus/S  1	1	28578874	28578882	89	4	50	pips_40_500-8000.hdf5	both	none
2858.954	1	Stimulus/S  1	1	28589540	28589548	89	5	30	pips_40_500-8000.hdf5	both	none
2860.01	1	Stimulus/S  1	1	28600100	28600108	90	0	20	pips_40_500-8000.hdf5	both	none
2861.0767	1	Stimulus/S  1	1	28610767	28610775	90	1	40	pips_40_500-8000.hdf5	both	none
2862.1221	1	Stimulus/S  1	1	28621221	28621229	90	2	60	pips_40_500-8000.hdf5	both	none
2863.1887	1	Stimulus/S  1	1	28631887	28631895	90	3	70	pips_40_500-8000.hdf5	both	none
2864.2448	1	Stimulus/S  1	1	28642448	28642456	90	4	50	pips_40_500-8000.hdf5	both	none
2865.2901	1	Stimulus/S  1	1	28652901	28652909	90	5	30	pips_40_500-8000.hdf5	both	none
2866.3461	1	Stimulus/S  1	1	28663461	28663469	91	0	20	pips_40_500-8000.hdf5	both	none
2867.3914	1	Stimulus/S  1	1	28673914	28673922	91	1	40	pips_40_500-8000.hdf5	both	none
2868.4368	1	Stimulus/S  1	1	28684368	28684376	91	2	60	pips_40_500-8000.hdf5	both	none
2869.5141	1	Stimulus/S  1	1	28695141	28695149	91	3	70	pips_40_500-8000.hdf5	both	none
2870.5595	1	Stimulus/S  1	1	28705595	28705603	91	4	50	pips_40_500-8000.hdf5	both	none
2871.6262	1	Stimulus/S  1	1	28716262	28716270	91	5	30	pips_40_500-8000.hdf5	both	none
2872.6715	1	Stimulus/S  1	1	28726715	28726723	92	0	20	pips_40_500-8000.hdf5	both	none
2873.7382	1	Stimulus/S  1	1	28737382	28737390	92	1	40	pips_40_500-8000.hdf5	both	none
2874.8049	1	Stimulus/S  1	1	28748049	28748057	92	2	60	pips_40_500-8000.hdf5	both	none
2875.8715	1	Stimulus/S  1	1	28758715	28758723	92	3	70	pips_40_500-8000.hdf5	both	none
2876.9382	1	Stimulus/S  1	1	28769382	28769390	92	4	50	pips_40_500-8000.hdf5	both	none
2878.0049	1	Stimulus/S  1	1	28780049	28780057	92	5	30	pips_40_500-8000.hdf5	both	none
2879.0716	1	Stimulus/S  1	1	28790716	28790724	93	0	20	pips_40_500-8000.hdf5	both	none
2880.1276	1	Stimulus/S  1	1	28801276	28801284	93	1	40	pips_40_500-8000.hdf5	both	none
2881.1943	1	Stimulus/S  1	1	28811943	28811951	93	2	60	pips_40_500-8000.hdf5	both	none
2882.2396	1	Stimulus/S  1	1	28822396	28822404	93	3	70	pips_40_500-8000.hdf5	both	none
2883.3063	1	Stimulus/S  1	1	28833063	28833071	93	4	50	pips_40_500-8000.hdf5	both	none
2884.3623	1	Stimulus/S  1	1	28843623	28843631	93	5	30	pips_40_500-8000.hdf5	both	none
2885.4076	1	Stimulus/S  1	1	28854076	28854084	94	0	20	pips_40_500-8000.hdf5	both	none
2886.4636	1	Stimulus/S  1	1	28864636	28864644	94	1	40	pips_40_500-8000.hdf5	both	none
2887.5303	1	Stimulus/S  1	1	28875303	28875311	94	2	60	pips_40_500-8000.hdf5	both	none
2888.5757	1	Stimulus/S  1	1	28885757	28885765	94	3	70	pips_40_500-8000.hdf5	both	none
2889.6423	1	Stimulus/S  1	1	28896423	28896431	94	4	50	pips_40_500-8000.hdf5	both	none
2890.6877	1	Stimulus/S  1	1	28906877	28906885	94	5	30	pips_40_500-8000.hdf5	both	none
2891.7544	1	Stimulus/S  1	1	28917544	28917552	95	0	20	pips_40_500-8000.hdf5	both	none
2892.821	1	Stimulus/S  1	1	28928210	28928218	95	1	40	pips_40_500-8000.hdf5	both	none
2893.8877	1	Stimulus/S  1	1	28938877	28938885	95	2	60	pips_40_500-8000.hdf5	both	none
2894.9544	1	Stimulus/S  1	1	28949544	28949552	95	3	70	pips_40_500-8000.hdf5	both	none
2896.0211	1	Stimulus/S  1	1	28960211	28960219	95	4	50	pips_40_500-8000.hdf5	both	none
2897.0877	1	Stimulus/S  1	1	28970877	28970885	95	5	30	pips_40_500-8000.hdf5	both	none
2898.1437	1	Stimulus/S  1	1	28981437	28981445	96	0	20	pips_40_500-8000.hdf5	both	none
2899.2104	1	Stimulus/S  1	1	28992104	28992112	96	1	40	pips_40_500-8000.hdf5	both	none
2900.2558	1	Stimulus/S  1	1	29002558	29002566	96	2	60	pips_40_500-8000.hdf5	both	none
2901.3118	1	Stimulus/S  1	1	29013118	29013126	96	3	70	pips_40_500-8000.hdf5	both	none
2902.3571	1	Stimulus/S  1	1	29023571	29023579	96	4	50	pips_40_500-8000.hdf5	both	none
2903.4131	1	Stimulus/S  1	1	29034131	29034139	96	5	30	pips_40_500-8000.hdf5	both	none
2904.4585	1	Stimulus/S  1	1	29044585	29044593	97	0	20	pips_40_500-8000.hdf5	both	none
2905.5038	1	Stimulus/S  1	1	29055038	29055046	97	1	40	pips_40_500-8000.hdf5	both	none
2906.5598	1	Stimulus/S  1	1	29065598	29065606	97	2	60	pips_40_500-8000.hdf5	both	none
2907.6052	1	Stimulus/S  1	1	29076052	29076060	97	3	70	pips_40_500-8000.hdf5	both	none
2908.6719	1	Stimulus/S  1	1	29086719	29086727	97	4	50	pips_40_500-8000.hdf5	both	none
2909.7385	1	Stimulus/S  1	1	29097385	29097393	97	5	30	pips_40_500-8000.hdf5	both	none
2910.8052	1	Stimulus/S  1	1	29108052	29108060	98	0	20	pips_40_500-8000.hdf5	both	none
2911.8719	1	Stimulus/S  1	1	29118719	29118727	98	1	40	pips_40_500-8000.hdf5	both	none
2912.9386	1	Stimulus/S  1	1	29129386	29129394	98	2	60	pips_40_500-8000.hdf5	both	none
2914.0052	1	Stimulus/S  1	1	29140052	29140060	98	3	70	pips_40_500-8000.hdf5	both	none
2915.0719	1	Stimulus/S  1	1	29150719	29150727	98	4	50	pips_40_500-8000.hdf5	both	none
2916.1386	1	Stimulus/S  1	1	29161386	29161394	98	5	30	pips_40_500-8000.hdf5	both	none
2917.2053	1	Stimulus/S  1	1	29172053	29172061	99	0	20	pips_40_500-8000.hdf5	both	none
2918.2613	1	Stimulus/S  1	1	29182613	29182621	99	1	40	pips_40_500-8000.hdf5	both	none
2919.3066	1	Stimulus/S  1	1	29193066	29193074	99	2	60	pips_40_500-8000.hdf5	both	none
2920.3626	1	Stimulus/S  1	1	29203626	29203634	99	3	70	pips_40_500-8000.hdf5	both	none
2921.408	1	Stimulus/S  1	1	29214080	29214088	99	4	50	pips_40_500-8000.hdf5	both	none
2922.464	1	Stimulus/S  1	1	29224640	29224648	99	5	30	pips_40_500-8000.hdf5	both	none
2923.5093	1	Stimulus/S  1	1	29235093	29235101	100	0	20	pips_40_500-8000.hdf5	both	none
2924.5547	1	Stimulus/S  1	1	29245547	29245555	100	1	40	pips_40_500-8000.hdf5	both	none
2925.6107	1	Stimulus/S  1	1	29256107	29256115	100	2	60	pips_40_500-8000.hdf5	both	none
2926.6774	1	Stimulus/S  1	1	29266774	29266782	100	3	70	pips_40_500-8000.hdf5	both	none
2927.7227	1	Stimulus/S  1	1	29277227	29277235	100	4	50	pips_40_500-8000.hdf5	both	none
2928.7894	1	Stimulus/S  1	1	29287894	29287902	100	5	30	pips_40_500-8000.hdf5	both	none
2929.8561	1	Stimulus/S  1	1	29298561	29298569	101	0	20	pips_40_500-8000.hdf5	both	none
2930.9227	1	Stimulus/S  1	1	29309227	29309235	101	1	40	pips_40_500-8000.hdf5	both	none
2931.9894	1	Stimulus/S  1	1	29319894	29319902	101	2	60	pips_40_500-8000.hdf5	both	none
2933.0561	1	Stimulus/S  1	1	29330561	29330569	101	3	70	pips_40_500-8000.hdf5	both	none
2934.1228	1	Stimulus/S  1	1	29341228	29341236	101	4	50	pips_40_500-8000.hdf5	both	none
2935.1788	1	Stimulus/S  1	1	29351788	29351796	101	5	30	pips_40_500-8000.hdf5	both	none
2936.2455	1	Stimulus/S  1	1	29362455	29362463	102	0	20	pips_40_500-8000.hdf5	both	none
2937.2908	1	Stimulus/S  1	1	29372908	29372916	102	1	40	pips_40_500-8000.hdf5	both	none
2938.3575	1	Stimulus/S  1	1	29383575	29383583	102	2	60	pips_40_500-8000.hdf5	both	none
2939.4135	1	Stimulus/S  1	1	29394135	29394143	102	3	70	pips_40_500-8000.hdf5	both	none
2940.4588	1	Stimulus/S  1	1	29404588	29404596	102	4	50	pips_40_500-8000.hdf5	both	none
2941.5148	1	Stimulus/S  1	1	29415148	29415156	102	5	30	pips_40_500-8000.hdf5	both	none
2942.5602	1	Stimulus/S  1	1	29425602	29425610	103	0	20	pips_40_500-8000.hdf5	both	none
2943.6055	1	Stimulus/S  1	1	29436055	29436063	103	1	40	pips_40_500-8000.hdf5	both	none
2944.6722	1	Stimulus/S  1	1	29446722	29446730	103	2	60	pips_40_500-8000.hdf5	both	none
2945.7282	1	Stimulus/S  1	1	29457282	29457290	103	3	70	pips_40_500-8000.hdf5	both	none
2946.7949	1	Stimulus/S  1	1	29467949	29467957	103	4	50	pips_40_500-8000.hdf5	both	none
2947.8402	1	Stimulus/S  1	1	29478402	29478410	103	5	30	pips_40_500-8000.hdf5	both	none
2948.9069	1	Stimulus/S  1	1	29489069	29489077	104	0	20	pips_40_500-8000.hdf5	both	none
2949.9736	1	Stimulus/S  1	1	29499736	29499744	104	1	40	pips_40_500-8000.hdf5	both	none
2951.0403	1	Stimulus/S  1	1	29510403	29510411	104	2	60	pips_40_500-8000.hdf5	both	none
2952.1069	1	Stimulus/S  1	1	29521069	29521077	104	3	70	pips_40_500-8000.hdf5	both	none
2953.1736	1	Stimulus/S  1	1	29531736	29531744	104	4	50	pips_40_500-8000.hdf5	both	none
2954.2296	1	Stimulus/S  1	1	29542296	29542304	104	5	30	pips_40_500-8000.hdf5	both	none
2955.275	1	Stimulus/S  1	1	29552750	29552758	105	0	20	pips_40_500-8000.hdf5	both	none
2956.331	1	Stimulus/S  1	1	29563310	29563318	105	1	40	pips_40_500-8000.hdf5	both	none
2957.3763	1	Stimulus/S  1	1	29573763	29573771	105	2	60	pips_40_500-8000.hdf5	both	none
2958.4323	1	Stimulus/S  1	1	29584323	29584331	105	3	70	pips_40_500-8000.hdf5	both	none
2959.4777	1	Stimulus/S  1	1	29594777	29594785	105	4	50	pips_40_500-8000.hdf5	both	none
2960.523	1	Stimulus/S  1	1	29605230	29605238	105	5	30	pips_40_500-8000.hdf5	both	none
2961.5897	1	Stimulus/S  1	1	29615897	29615905	106	0	20	pips_40_500-8000.hdf5	both	none
2962.6457	1	Stimulus/S  1	1	29626457	29626465	106	1	40	pips_40_500-8000.hdf5	both	none
2963.7124	1	Stimulus/S  1	1	29637124	29637132	106	2	60	pips_40_500-8000.hdf5	both	none
2964.7577	1	Stimulus/S  1	1	29647577	29647585	106	3	70	pips_40_500-8000.hdf5	both	none
2965.8244	1	Stimulus/S  1	1	29658244	29658252	106	4	50	pips_40_500-8000.hdf5	both	none
2966.8911	1	Stimulus/S  1	1	29668911	29668919	106	5	30	pips_40_500-8000.hdf5	both	none
2967.9578	1	Stimulus/S  1	1	29679578	29679586	107	0	20	pips_40_500-8000.hdf5	both	none
2969.0244	1	Stimulus/S  1	1	29690244	29690252	107	1	40	pips_40_500-8000.hdf5	both	none
2970.0911	1	Stimulus/S  1	1	29700911	29700919	107	2	60	pips_40_500-8000.hdf5	both	none
2971.1471	1	Stimulus/S  1	1	29711471	29711479	107	3	70	pips_40_500-8000.hdf5	both	none
2972.1925	1	Stimulus/S  1	1	29721925	29721933	107	4	50	pips_40_500-8000.hdf5	both	none
2973.2485	1	Stimulus/S  1	1	29732485	29732493	107	5	30	pips_40_500-8000.hdf5	both	none
2974.2938	1	Stimulus/S  1	1	29742938	29742946	108	0	20	pips_40_500-8000.hdf5	both	none
2975.3392	1	Stimulus/S  1	1	29753392	29753400	108	1	40	pips_40_500-8000.hdf5	both	none
2976.3952	1	Stimulus/S  1	1	29763952	29763960	108	2	60	pips_40_500-8000.hdf5	both	none
2977.4405	1	Stimulus/S  1	1	29774405	29774413	108	3	70	pips_40_500-8000.hdf5	both	none
2978.5072	1	Stimulus/S  1	1	29785072	29785080	108	4	50	pips_40_500-8000.hdf5	both	none
2979.5632	1	Stimulus/S  1	1	29795632	29795640	108	5	30	pips_40_500-8000.hdf5	both	none
2980.6299	1	Stimulus/S  1	1	29806299	29806307	109	0	20	pips_40_500-8000.hdf5	both	none
2981.6752	1	Stimulus/S  1	1	29816752	29816760	109	1	40	pips_40_500-8000.hdf5	both	none
2982.7419	1	Stimulus/S  1	1	29827419	29827427	109	2	60	pips_40_500-8000.hdf5	both	none
2983.8086	1	Stimulus/S  1	1	29838086	29838094	109	3	70	pips_40_500-8000.hdf5	both	none
2984.8753	1	Stimulus/S  1	1	29848753	29848761	109	4	50	pips_40_500-8000.hdf5	both	none
2985.9419	1	Stimulus/S  1	1	29859419	29859427	109	5	30	pips_40_500-8000.hdf5	both	none
2987.0086	1	Stimulus/S  1	1	29870086	29870094	110	0	20	pips_40_500-8000.hdf5	both	none
2988.0753	1	Stimulus/S  1	1	29880753	29880761	110	1	40	pips_40_500-8000.hdf5	both	none
2989.1313	1	Stimulus/S  1	1	29891313	29891321	110	2	60	pips_40_500-8000.hdf5	both	none
2990.1766	1	Stimulus/S  1	1	29901766	29901774	110	3	70	pips_40_500-8000.hdf5	both	none
2991.222	1	Stimulus/S  1	1	29912220	29912228	110	4	50	pips_40_500-8000.hdf5	both	none
2992.278	1	Stimulus/S  1	1	29922780	29922788	110	5	30	pips_40_500-8000.hdf5	both	none
2993.3233	1	Stimulus/S  1	1	29933233	29933241	111	0	20	pips_40_500-8000.hdf5	both	none
2994.3793	1	Stimulus/S  1	1	29943793	29943801	111	1	40	pips_40_500-8000.hdf5	both	none
2995.4247	1	Stimulus/S  1	1	29954247	29954255	111	2	60	pips_40_500-8000.hdf5	both	none
2996.4807	1	Stimulus/S  1	1	29964807	29964815	111	3	70	pips_40_500-8000.hdf5	both	none
2997.5474	1	Stimulus/S  1	1	29975474	29975482	111	4	50	pips_40_500-8000.hdf5	both	none
2998.5927	1	Stimulus/S  1	1	29985927	29985935	111	5	30	pips_40_500-8000.hdf5	both	none
2999.6594	1	Stimulus/S  1	1	29996594	29996602	112	0	20	pips_40_500-8000.hdf5	both	none
3000.7261	1	Stimulus/S  1	1	30007261	30007269	112	1	40	pips_40_500-8000.hdf5	both	none
3001.7928	1	Stimulus/S  1	1	30017928	30017936	112	2	60	pips_40_500-8000.hdf5	both	none
3002.8594	1	Stimulus/S  1	1	30028594	30028602	112	3	70	pips_40_500-8000.hdf5	both	none
3003.9261	1	Stimulus/S  1	1	30039261	30039269	112	4	50	pips_40_500-8000.hdf5	both	none
3004.9928	1	Stimulus/S  1	1	30049928	30049936	112	5	30	pips_40_500-8000.hdf5	both	none
3006.0488	1	Stimulus/S  1	1	30060488	30060496	113	0	20	pips_40_500-8000.hdf5	both	none
3007.1155	1	Stimulus/S  1	1	30071155	30071163	113	1	40	pips_40_500-8000.hdf5	both	none
3008.1608	1	Stimulus/S  1	1	30081608	30081616	113	2	60	pips_40_500-8000.hdf5	both	none
3009.2275	1	Stimulus/S  1	1	30092275	30092283	113	3	70	pips_40_500-8000.hdf5	both	none
3010.2728	1	Stimulus/S  1	1	30102728	30102736	113	4	50	pips_40_500-8000.hdf5	both	none
3011.3288	1	Stimulus/S  1	1	30113288	30113296	113	5	30	pips_40_500-8000.hdf5	both	none
3012.3742	1	Stimulus/S  1	1	30123742	30123750	114	0	20	pips_40_500-8000.hdf5	both	none
3013.4302	1	Stimulus/S  1	1	30134302	30134310	114	1	40	pips_40_500-8000.hdf5	both	none
3014.4755	1	Stimulus/S  1	1	30144755	30144763	114	2	60	pips_40_500-8000.hdf5	both	none
3015.5422	1	Stimulus/S  1	1	30155422	30155430	114	3	70	pips_40_500-8000.hdf5	both	none
3016.5982	1	Stimulus/S  1	1	30165982	30165990	114	4	50	pips_40_500-8000.hdf5	both	none
3017.6649	1	Stimulus/S  1	1	30176649	30176657	114	5	30	pips_40_500-8000.hdf5	both	none
3018.7103	1	Stimulus/S  1	1	30187103	30187111	115	0	20	pips_40_500-8000.hdf5	both	none
3019.7769	1	Stimulus/S  1	1	30197769	30197777	115	1	40	pips_40_500-8000.hdf5	both	none
3020.8436	1	Stimulus/S  1	1	30208436	30208444	115	2	60	pips_40_500-8000.hdf5	both	none
3021.9103	1	Stimulus/S  1	1	30219103	30219111	115	3	70	pips_40_500-8000.hdf5	both	none
3022.977	1	Stimulus/S  1	1	30229770	30229778	115	4	50	pips_40_500-8000.hdf5	both	none
3024.0436	1	Stimulus/S  1	1	30240436	30240444	115	5	30	pips_40_500-8000.hdf5	both	none
3025.1103	1	Stimulus/S  1	1	30251103	30251111	116	0	20	pips_40_500-8000.hdf5	both	none
3026.1663	1	Stimulus/S  1	1	30261663	30261671	116	1	40	pips_40_500-8000.hdf5	both	none
3027.233	1	Stimulus/S  1	1	30272330	30272338	116	2	60	pips_40_500-8000.hdf5	both	none
3028.2783	1	Stimulus/S  1	1	30282783	30282791	116	3	70	pips_40_500-8000.hdf5	both	none
3029.3237	1	Stimulus/S  1	1	30293237	30293245	116	4	50	pips_40_500-8000.hdf5	both	none
3030.3797	1	Stimulus/S  1	1	30303797	30303805	116	5	30	pips_40_500-8000.hdf5	both	none
3031.425	1	Stimulus/S  1	1	30314250	30314258	117	0	20	pips_40_500-8000.hdf5	both	none
3032.4811	1	Stimulus/S  1	1	30324811	30324819	117	1	40	pips_40_500-8000.hdf5	both	none
3033.5264	1	Stimulus/S  1	1	30335264	30335272	117	2	60	pips_40_500-8000.hdf5	both	none
3034.5931	1	Stimulus/S  1	1	30345931	30345939	117	3	70	pips_40_500-8000.hdf5	both	none
3035.6597	1	Stimulus/S  1	1	30356597	30356605	117	4	50	pips_40_500-8000.hdf5	both	none
3036.7158	1	Stimulus/S  1	1	30367158	30367166	117	5	30	pips_40_500-8000.hdf5	both	none
3037.7824	1	Stimulus/S  1	1	30377824	30377832	118	0	20	pips_40_500-8000.hdf5	both	none
3038.8491	1	Stimulus/S  1	1	30388491	30388499	118	1	40	pips_40_500-8000.hdf5	both	none
3039.9158	1	Stimulus/S  1	1	30399158	30399166	118	2	60	pips_40_500-8000.hdf5	both	none
3040.9611	1	Stimulus/S  1	1	30409611	30409619	118	3	70	pips_40_500-8000.hdf5	both	none
3042.0278	1	Stimulus/S  1	1	30420278	30420286	118	4	50	pips_40_500-8000.hdf5	both	none
3043.0732	1	Stimulus/S  1	1	30430732	30430740	118	5	30	pips_40_500-8000.hdf5	both	none
3044.1505	1	Stimulus/S  1	1	30441505	30441513	119	0	20	pips_40_500-8000.hdf5	both	none
3045.1958	1	Stimulus/S  1	1	30451958	30451966	119	1	40	pips_40_500-8000.hdf5	both	none
3046.2625	1	Stimulus/S  1	1	30462625	30462633	119	2	60	pips_40_500-8000.hdf5	both	none
3047.3079	1	Stimulus/S  1	1	30473079	30473087	119	3	70	pips_40_500-8000.hdf5	both	none
3048.3639	1	Stimulus/S  1	1	30483639	30483647	119	4	50	pips_40_500-8000.hdf5	both	none
3049.4092	1	Stimulus/S  1	1	30494092	30494100	119	5	30	pips_40_500-8000.hdf5	both	none
3050.4652	1	Stimulus/S  1	1	30504652	30504660	0	0	20	pips_40_500-8000.hdf5	both	none
3051.5106	1	Stimulus/S  1	1	30515106	30515114	0	1	40	pips_40_500-8000.hdf5	both	none
3052.5559	1	Stimulus/S  1	1	30525559	30525567	0	2	60	pips_40_500-8000.hdf5	both	none
3053.6119	1	Stimulus/S  1	1	30536119	30536127	0	3	70	pips_40_500-8000.hdf5	both	none
3054.6786	1	Stimulus/S  1	1	30546786	30546794	0	4	50	pips_40_500-8000.hdf5	both	none
3055.7239	1	Stimulus/S  1	1	30557239	30557247	0	5	30	pips_40_500-8000.hdf5	both	none
3056.7906	1	Stimulus/S  1	1	30567906	30567914	1	0	20	pips_40_500-8000.hdf5	both	none
3057.8466	1	Stimulus/S  1	1	30578466	30578474	1	1	40	pips_40_500-8000.hdf5	both	none
3058.9133	1	Stimulus/S  1	1	30589133	30589141	1	2	60	pips_40_500-8000.hdf5	both	none
3059.98	1	Stimulus/S  1	1	30599800	30599808	1	3	70	pips_40_500-8000.hdf5	both	none
3061.0467	1	Stimulus/S  1	1	30610467	30610475	1	4	50	pips_40_500-8000.hdf5	both	none
3062.092	1	Stimulus/S  1	1	30620920	30620928	1	5	30	pips_40_500-8000.hdf5	both	none
3063.1587	1	Stimulus/S  1	1	30631587	30631595	2	0	20	pips_40_500-8000.hdf5	both	none
3064.2147	1	Stimulus/S  1	1	30642147	30642155	2	1	40	pips_40_500-8000.hdf5	both	none
3065.2814	1	Stimulus/S  1	1	30652814	30652822	2	2	60	pips_40_500-8000.hdf5	both	none
3066.3267	1	Stimulus/S  1	1	30663267	30663275	2	3	70	pips_40_500-8000.hdf5	both	none
3067.3827	1	Stimulus/S  1	1	30673827	30673835	2	4	50	pips_40_500-8000.hdf5	both	none
3068.4281	1	Stimulus/S  1	1	30684281	30684289	2	5	30	pips_40_500-8000.hdf5	both	none
3069.4841	1	Stimulus/S  1	1	30694841	30694849	3	0	20	pips_40_500-8000.hdf5	both	none
3070.5294	1	Stimulus/S  1	1	30705294	30705302	3	1	40	pips_40_500-8000.hdf5	both	none
3071.5961	1	Stimulus/S  1	1	30715961	30715969	3	2	60	pips_40_500-8000.hdf5	both	none
3072.6414	1	Stimulus/S  1	1	30726414	30726422	3	3	70	pips_40_500-8000.hdf5	both	none
3073.7081	1	Stimulus/S  1	1	30737081	30737089	3	4	50	pips_40_500-8000.hdf5	both	none
3074.7641	1	Stimulus/S  1	1	30747641	30747649	3	5	30	pips_40_500-8000.hdf5	both	none
3075.8308	1	Stimulus/S  1	1	30758308	30758316	4	0	20	pips_40_500-8000.hdf5	both	none
3076.8975	1	Stimulus/S  1	1	30768975	30768983	4	1	40	pips_40_500-8000.hdf5	both	none
3077.9642	1	Stimulus/S  1	1	30779642	30779650	4	2	60	pips_40_500-8000.hdf5	both	none
3079.0308	1	Stimulus/S  1	1	30790308	30790316	4	3	70	pips_40_500-8000.hdf5	both	none
3080.0975	1	Stimulus/S  1	1	30800975	30800983	4	4	50	pips_40_500-8000.hdf5	both	none
3081.1642	1	Stimulus/S  1	1	30811642	30811650	4	5	30	pips_40_500-8000.hdf5	both	none
3082.2095	1	Stimulus/S  1	1	30822095	30822103	5	0	20	pips_40_500-8000.hdf5	both	none
3083.2762	1	Stimulus/S  1	1	30832762	30832770	5	1	40	pips_40_500-8000.hdf5	both	none
3084.3322	1	Stimulus/S  1	1	30843322	30843330	5	2	60	pips_40_500-8000.hdf5	both	none
3085.3989	1	Stimulus/S  1	1	30853989	30853997	5	3	70	pips_40_500-8000.hdf5	both	none
3086.4442	1	Stimulus/S  1	1	30864442	30864450	5	4	50	pips_40_500-8000.hdf5	both	none
3087.5003	1	Stimulus/S  1	1	30875003	30875011	5	5	30	pips_40_500-8000.hdf5	both	none
3088.5456	1	Stimulus/S  1	1	30885456	30885464	6	0	20	pips_40_500-8000.hdf5	both	none
3089.5909	1	Stimulus/S  1	1	30895909	30895917	6	1	40	pips_40_500-8000.hdf5	both	none
3090.6469	1	Stimulus/S  1	1	30906469	30906477	6	2	60	pips_40_500-8000.hdf5	both	none
3091.7136	1	Stimulus/S  1	1	30917136	30917144	6	3	70	pips_40_500-8000.hdf5	both	none
3092.759	1	Stimulus/S  1	1	30927590	30927598	6	4	50	pips_40_500-8000.hdf5	both	none
3093.8256	1	Stimulus/S  1	1	30938256	30938264	6	5	30	pips_40_500-8000.hdf5	both	none
3094.8817	1	Stimulus/S  1	1	30948817	30948825	7	0	20	pips_40_500-8000.hdf5	both	none
3095.9483	1	Stimulus/S  1	1	30959483	30959491	7	1	40	pips_40_500-8000.hdf5	both	none
3097.015	1	Stimulus/S  1	1	30970150	30970158	7	2	60	pips_40_500-8000.hdf5	both	none
3098.0817	1	Stimulus/S  1	1	30980817	30980825	7	3	70	pips_40_500-8000.hdf5	both	none
3099.1484	1	Stimulus/S  1	1	30991484	30991492	7	4	50	pips_40_500-8000.hdf5	both	none
3100.215	1	Stimulus/S  1	1	31002150	31002158	7	5	30	pips_40_500-8000.hdf5	both	none
3101.2817	1	Stimulus/S  1	1	31012817	31012825	8	0	20	pips_40_500-8000.hdf5	both	none
3102.3271	1	Stimulus/S  1	1	31023271	31023279	8	1	40	pips_40_500-8000.hdf5	both	none
3103.3937	1	Stimulus/S  1	1	31033937	31033945	8	2	60	pips_40_500-8000.hdf5	both	none
3104.4497	1	Stimulus/S  1	1	31044497	31044505	8	3	70	pips_40_500-8000.hdf5	both	none
3105.5164	1	Stimulus/S  1	1	31055164	31055172	8	4	50	pips_40_500-8000.hdf5	both	none
3106.5618	1	Stimulus/S  1	1	31065618	31065626	8	5	30	pips_40_500-8000.hdf5	both	none
3107.6178	1	Stimulus/S  1	1	31076178	31076186	9	0	20	pips_40_500-8000.hdf5	both	none
3108.6631	1	Stimulus/S  1	1	31086631	31086639	9	1	40	pips_40_500-8000.hdf5	both	none
3109.7085	1	Stimulus/S  1	1	31097085	31097093	9	2	60	pips_40_500-8000.hdf5	both	none
3110.7645	1	Stimulus/S  1	1	31107645	31107653	9	3	70	pips_40_500-8000.hdf5	both	none
3111.8312	1	Stimulus/S  1	1	31118312	31118320	9	4	50	pips_40_500-8000.hdf5	both	none
3112.8765	1	Stimulus/S  1	1	31128765	31128773	9	5	30	pips_40_500-8000.hdf5	both	none
3113.9432	1	Stimulus/S  1	1	31139432	31139440	10	0	20	pips_40_500-8000.hdf5	both	none
3114.9992	1	Stimulus/S  1	1	31149992	31150000	10	1	40	pips_40_500-8000.hdf5	both	none
3116.0659	1	Stimulus/S  1	1	31160659	31160667	10	2	60	pips_40_500-8000.hdf5	both	none
3117.1325	1	Stimulus/S  1	1	31171325	31171333	10	3	70	pips_40_500-8000.hdf5	both	none
3118.1992	1	Stimulus/S  1	1	31181992	31182000	10	4	50	pips_40_500-8000.hdf5	both	none
3119.2659	1	Stimulus/S  1	1	31192659	31192667	10	5	30	pips_40_500-8000.hdf5	both	none
3120.3326	1	Stimulus/S  1	1	31203326	31203334	11	0	20	pips_40_500-8000.hdf5	both	none
3121.3992	1	Stimulus/S  1	1	31213992	31214000	11	1	40	pips_40_500-8000.hdf5	both	none
3122.4446	1	Stimulus/S  1	1	31224446	31224454	11	2	60	pips_40_500-8000.hdf5	both	none
3123.5113	1	Stimulus/S  1	1	31235113	31235121	11	3	70	pips_40_500-8000.hdf5	both	none
3124.5673	1	Stimulus/S  1	1	31245673	31245681	11	4	50	pips_40_500-8000.hdf5	both	none
3125.634	1	Stimulus/S  1	1	31256340	31256348	11	5	30	pips_40_500-8000.hdf5	both	none
3126.6793	1	Stimulus/S  1	1	31266793	31266801	12	0	20	pips_40_500-8000.hdf5	both	none
3127.7246	1	Stimulus/S  1	1	31277246	31277254	12	1	40	pips_40_500-8000.hdf5	both	none
3128.7807	1	Stimulus/S  1	1	31287807	31287815	12	2	60	pips_40_500-8000.hdf5	both	none
3129.826	1	Stimulus/S  1	1	31298260	31298268	12	3	70	pips_40_500-8000.hdf5	both	none
3130.882	1	Stimulus/S  1	1	31308820	31308828	12	4	50	pips_40_500-8000.hdf5	both	none
3131.9487	1	Stimulus/S  1	1	31319487	31319495	12	5	30	pips_40_500-8000.hdf5	both	none
3132.994	1	Stimulus/S  1	1	31329940	31329948	13	0	20	pips_40_500-8000.hdf5	both	none
3134.0607	1	Stimulus/S  1	1	31340607	31340615	13	1	40	pips_40_500-8000.hdf5	both	none
3135.1167	1	Stimulus/S  1	1	31351167	31351175	13	2	60	pips_40_500-8000.hdf5	both	none
3136.1834	1	Stimulus/S  1	1	31361834	31361842	13	3	70	pips_40_500-8000.hdf5	both	none
3137.2501	1	Stimulus/S  1	1	31372501	31372509	13	4	50	pips_40_500-8000.hdf5	both	none
3138.3167	1	Stimulus/S  1	1	31383167	31383175	13	5	30	pips_40_500-8000.hdf5	both	none
3139.3834	1	Stimulus/S  1	1	31393834	31393842	14	0	20	pips_40_500-8000.hdf5	both	none
3140.4501	1	Stimulus/S  1	1	31404501	31404509	14	1	40	pips_40_500-8000.hdf5	both	none
3141.5168	1	Stimulus/S  1	1	31415168	31415176	14	2	60	pips_40_500-8000.hdf5	both	none
3142.5621	1	Stimulus/S  1	1	31425621	31425629	14	3	70	pips_40_500-8000.hdf5	both	none
3143.6288	1	Stimulus/S  1	1	31436288	31436296	14	4	50	pips_40_500-8000.hdf5	both	none
3144.6848	1	Stimulus/S  1	1	31446848	31446856	14	5	30	pips_40_500-8000.hdf5	both	none
3145.7301	1	Stimulus/S  1	1	31457301	31457309	15	0	20	pips_40_500-8000.hdf5	both	none
3146.7755	1	Stimulus/S  1	1	31467755	31467763	15	1	40	pips_40_500-8000.hdf5	both	none
3147.8315	1	Stimulus/S  1	1	31478315	31478323	15	2	60	pips_40_500-8000.hdf5	both	none
3148.8768	1	Stimulus/S  1	1	31488768	31488776	15	3	70	pips_40_500-8000.hdf5	both	none
3149.9329	1	Stimulus/S  1	1	31499329	31499337	15	4	50	pips_40_500-8000.hdf5	both	none
3150.9782	1	Stimulus/S  1	1	31509782	31509790	15	5	30	pips_40_500-8000.hdf5	both	none
3152.0342	1	Stimulus/S  1	1	31520342	31520350	16	0	20	pips_40_500-8000.hdf5	both	none
3153.1009	1	Stimulus/S  1	1	31531009	31531017	16	1	40	pips_40_500-8000.hdf5	both	none
3154.1676	1	Stimulus/S  1	1	31541676	31541684	16	2	60	pips_40_500-8000.hdf5	both	none
3155.2129	1	Stimulus/S  1	1	31552129	31552137	16	3	70	pips_40_500-8000.hdf5	both	none
3156.2796	1	Stimulus/S  1	1	31562796	31562804	16	4	50	pips_40_500-8000.hdf5	both	none
3157.3463	1	Stimulus/S  1	1	31573463	31573471	16	5	30	pips_40_500-8000.hdf5	both	none
3158.4129	1	Stimulus/S  1	1	31584129	31584137	17	0	20	pips_40_500-8000.hdf5	both	none
3159.4583	1	Stimulus/S  1	1	31594583	31594591	17	1	40	pips_40_500-8000.hdf5	both	none
3160.525	1	Stimulus/S  1	1	31605250	31605258	17	2	60	pips_40_500-8000.hdf5	both	none
3161.581	1	Stimulus/S  1	1	31615810	31615818	17	3	70	pips_40_500-8000.hdf5	both	none
3162.6476	1	Stimulus/S  1	1	31626476	31626484	17	4	50	pips_40_500-8000.hdf5	both	none
3163.693	1	Stimulus/S  1	1	31636930	31636938	17	5	30	pips_40_500-8000.hdf5	both	none
3164.7597	1	Stimulus/S  1	1	31647597	31647605	18	0	20	pips_40_500-8000.hdf5	both	none
3165.8157	1	Stimulus/S  1	1	31658157	31658165	18	1	40	pips_40_500-8000.hdf5	both	none
3166.861	1	Stimulus/S  1	1	31668610	31668618	18	2	60	pips_40_500-8000.hdf5	both	none
3167.917	1	Stimulus/S  1	1	31679170	31679178	18	3	70	pips_40_500-8000.hdf5	both	none
3168.9624	1	Stimulus/S  1	1	31689624	31689632	18	4	50	pips_40_500-8000.hdf5	both	none
3170.0184	1	Stimulus/S  1	1	31700184	31700192	18	5	30	pips_40_500-8000.hdf5	both	none
3171.0851	1	Stimulus/S  1	1	31710851	31710859	19	0	20	pips_40_500-8000.hdf5	both	none
3172.1304	1	Stimulus/S  1	1	31721304	31721312	19	1	40	pips_40_500-8000.hdf5	both	none
3173.1971	1	Stimulus/S  1	1	31731971	31731979	19	2	60	pips_40_500-8000.hdf5	both	none
3174.2424	1	Stimulus/S  1	1	31742424	31742432	19	3	70	pips_40_500-8000.hdf5	both	none
3175.3091	1	Stimulus/S  1	1	31753091	31753099	19	4	50	pips_40_500-8000.hdf5	both	none
3176.3758	1	Stimulus/S  1	1	31763758	31763766	19	5	30	pips_40_500-8000.hdf5	both	none
3177.4425	1	Stimulus/S  1	1	31774425	31774433	20	0	20	pips_40_500-8000.hdf5	both	none
3178.5091	1	Stimulus/S  1	1	31785091	31785099	20	1	40	pips_40_500-8000.hdf5	both	none
3179.5758	1	Stimulus/S  1	1	31795758	31795766	20	2	60	pips_40_500-8000.hdf5	both	none
3180.6425	1	Stimulus/S  1	1	31806425	31806433	20	3	70	pips_40_500-8000.hdf5	both	none
3181.6985	1	Stimulus/S  1	1	31816985	31816993	20	4	50	pips_40_500-8000.hdf5	both	none
3182.7652	1	Stimulus/S  1	1	31827652	31827660	20	5	30	pips_40_500-8000.hdf5	both	none
3183.8105	1	Stimulus/S  1	1	31838105	31838113	21	0	20	pips_40_500-8000.hdf5	both	none
3184.8772	1	Stimulus/S  1	1	31848772	31848780	21	1	40	pips_40_500-8000.hdf5	both	none
3185.9332	1	Stimulus/S  1	1	31859332	31859340	21	2	60	pips_40_500-8000.hdf5	both	none
3186.9785	1	Stimulus/S  1	1	31869785	31869793	21	3	70	pips_40_500-8000.hdf5	both	none
3188.0346	1	Stimulus/S  1	1	31880346	31880354	21	4	50	pips_40_500-8000.hdf5	both	none
3189.0799	1	Stimulus/S  1	1	31890799	31890807	21	5	30	pips_40_500-8000.hdf5	both	none
3190.1359	1	Stimulus/S  1	1	31901359	31901367	22	0	20	pips_40_500-8000.hdf5	both	none
3191.2026	1	Stimulus/S  1	1	31912026	31912034	22	1	40	pips_40_500-8000.hdf5	both	none
3192.2479	1	Stimulus/S  1	1	31922479	31922487	22	2	60	pips_40_500-8000.hdf5	both	none
3193.3146	1	Stimulus/S  1	1	31933146	31933154	22	3	70	pips_40_500-8000.hdf5	both	none
3194.36	1	Stimulus/S  1	1	31943600	31943608	22	4	50	pips_40_500-8000.hdf5	both	none
3195.4266	1	Stimulus/S  1	1	31954266	31954274	22	5	30	pips_40_500-8000.hdf5	both	none
3196.4933	1	Stimulus/S  1	1	31964933	31964941	23	0	20	pips_40_500-8000.hdf5	both	none
3197.56	1	Stimulus/S  1	1	31975600	31975608	23	1	40	pips_40_500-8000.hdf5	both	none
3198.616	1	Stimulus/S  1	1	31986160	31986168	23	2	60	pips_40_500-8000.hdf5	both	none
3199.6827	1	Stimulus/S  1	1	31996827	31996835	23	3	70	pips_40_500-8000.hdf5	both	none
3200.728	1	Stimulus/S  1	1	32007280	32007288	23	4	50	pips_40_500-8000.hdf5	both	none
3201.7947	1	Stimulus/S  1	1	32017947	32017955	23	5	30	pips_40_500-8000.hdf5	both	none
3202.8507	1	Stimulus/S  1	1	32028507	32028515	24	0	20	pips_40_500-8000.hdf5	both	none
3203.896	1	Stimulus/S  1	1	32038960	32038968	24	1	40	pips_40_500-8000.hdf5	both	none
3204.9521	1	Stimulus/S  1	1	32049521	32049529	24	2	60	pips_40_500-8000.hdf5	both	none
3205.9974	1	Stimulus/S  1	1	32059974	32059982	24	3	70	pips_40_500-8000.hdf5	both	none
3207.0427	1	Stimulus/S  1	1	32070427	32070435	24	4	50	pips_40_500-8000.hdf5	both	none
3208.0988	1	Stimulus/S  1	1	32080988	32080996	24	5	30	pips_40_500-8000.hdf5	both	none
3209.1441	1	Stimulus/S  1	1	32091441	32091449	25	0	20	pips_40_500-8000.hdf5	both	none
3210.2108	1	Stimulus/S  1	1	32102108	32102116	25	1	40	pips_40_500-8000.hdf5	both	none
3211.2668	1	Stimulus/S  1	1	32112668	32112676	25	2	60	pips_40_500-8000.hdf5	both	none
3212.3335	1	Stimulus/S  1	1	32123335	32123343	25	3	70	pips_40_500-8000.hdf5	both	none
3213.4001	1	Stimulus/S  1	1	32134001	32134009	25	4	50	pips_40_500-8000.hdf5	both	none
3214.4455	1	Stimulus/S  1	1	32144455	32144463	25	5	30	pips_40_500-8000.hdf5	both	none
3215.5015	1	Stimulus/S  1	1	32155015	32155023	26	0	20	pips_40_500-8000.hdf5	both	none
3216.5468	1	Stimulus/S  1	1	32165468	32165476	26	1	40	pips_40_500-8000.hdf5	both	none
3217.6135	1	Stimulus/S  1	1	32176135	32176143	26	2	60	pips_40_500-8000.hdf5	both	none
3218.6589	1	Stimulus/S  1	1	32186589	32186597	26	3	70	pips_40_500-8000.hdf5	both	none
3219.7149	1	Stimulus/S  1	1	32197149	32197157	26	4	50	pips_40_500-8000.hdf5	both	none
3220.7815	1	Stimulus/S  1	1	32207815	32207823	26	5	30	pips_40_500-8000.hdf5	both	none
3221.8482	1	Stimulus/S  1	1	32218482	32218490	27	0	20	pips_40_500-8000.hdf5	both	none
3222.8936	1	Stimulus/S  1	1	32228936	32228944	27	1	40	pips_40_500-8000.hdf5	both	none
3223.9496	1	Stimulus/S  1	1	32239496	32239504	27	2	60	pips_40_500-8000.hdf5	both	none
3224.9949	1	Stimulus/S  1	1	32249949	32249957	27	3	70	pips_40_500-8000.hdf5	both	none
3226.0616	1	Stimulus/S  1	1	32260616	32260624	27	4	50	pips_40_500-8000.hdf5	both	none
3227.1176	1	Stimulus/S  1	1	32271176	32271184	27	5	30	pips_40_500-8000.hdf5	both	none
3228.1843	1	Stimulus/S  1	1	32281843	32281851	28	0	20	pips_40_500-8000.hdf5	both	none
3229.2296	1	Stimulus/S  1	1	32292296	32292304	28	1	40	pips_40_500-8000.hdf5	both	none
3230.2963	1	Stimulus/S  1	1	32302963	32302971	28	2	60	pips_40_500-8000.hdf5	both	none
3231.363	1	Stimulus/S  1	1	32313630	32313638	28	3	70	pips_40_500-8000.hdf5	both	none
3232.4297	1	Stimulus/S  1	1	32324297	32324305	28	4	50	pips_40_500-8000.hdf5	both	none
3233.4963	1	Stimulus/S  1	1	32334963	32334971	28	5	30	pips_40_500-8000.hdf5	both	none
3234.563	1	Stimulus/S  1	1	32345630	32345638	29	0	20	pips_40_500-8000.hdf5	both	none
3235.6297	1	Stimulus/S  1	1	32356297	32356305	29	1	40	pips_40_500-8000.hdf5	both	none
3236.6857	1	Stimulus/S  1	1	32366857	32366865	29	2	60	pips_40_500-8000.hdf5	both	none
3237.7524	1	Stimulus/S  1	1	32377524	32377532	29	3	70	pips_40_500-8000.hdf5	both	none
3238.7977	1	Stimulus/S  1	1	32387977	32387985	29	4	50	pips_40_500-8000.hdf5	both	none
3239.8644	1	Stimulus/S  1	1	32398644	32398652	29	5	30	pips_40_500-8000.hdf5	both	none
3240.9097	1	Stimulus/S  1	1	32409097	32409105	30	0	20	pips_40_500-8000.hdf5	both	none
3241.9657	1	Stimulus/S  1	1	32419657	32419665	30	1	40	pips_40_500-8000.hdf5	both	none
3243.0111	1	Stimulus/S  1	1	32430111	32430119	30	2	60	pips_40_500-8000.hdf5	both	none
3244.0671	1	Stimulus/S  1	1	32440671	32440679	30	3	70	pips_40_500-8000.hdf5	both	none
3245.1124	1	Stimulus/S  1	1	32451124	32451132	30	4	50	pips_40_500-8000.hdf5	both	none
3246.1791	1	Stimulus/S  1	1	32461791	32461799	30	5	30	pips_40_500-8000.hdf5	both	none
3247.2351	1	Stimulus/S  1	1	32472351	32472359	31	0	20	pips_40_500-8000.hdf5	both	none
3248.3018	1	Stimulus/S  1	1	32483018	32483026	31	1	40	pips_40_500-8000.hdf5	both	none
3249.3472	1	Stimulus/S  1	1	32493472	32493480	31	2	60	pips_40_500-8000.hdf5	both	none
3250.4138	1	Stimulus/S  1	1	32504138	32504146	31	3	70	pips_40_500-8000.hdf5	both	none
3251.4805	1	Stimulus/S  1	1	32514805	32514813	31	4	50	pips_40_500-8000.hdf5	both	none
3252.5472	1	Stimulus/S  1	1	32525472	32525480	31	5	30	pips_40_500-8000.hdf5	both	none
3253.6139	1	Stimulus/S  1	1	32536139	32536147	32	0	20	pips_40_500-8000.hdf5	both	none
3254.6805	1	Stimulus/S  1	1	32546805	32546813	32	1	40	pips_40_500-8000.hdf5	both	none
3255.7472	1	Stimulus/S  1	1	32557472	32557480	32	2	60	pips_40_500-8000.hdf5	both	none
3256.8032	1	Stimulus/S  1	1	32568032	32568040	32	3	70	pips_40_500-8000.hdf5	both	none
3257.8699	1	Stimulus/S  1	1	32578699	32578707	32	4	50	pips_40_500-8000.hdf5	both	none
3258.9152	1	Stimulus/S  1	1	32589152	32589160	32	5	30	pips_40_500-8000.hdf5	both	none
3259.9819	1	Stimulus/S  1	1	32599819	32599827	33	0	20	pips_40_500-8000.hdf5	both	none
3261.0273	1	Stimulus/S  1	1	32610273	32610281	33	1	40	pips_40_500-8000.hdf5	both	none
3262.0833	1	Stimulus/S  1	1	32620833	32620841	33	2	60	pips_40_500-8000.hdf5	both	none
3263.1286	1	Stimulus/S  1	1	32631286	32631294	33	3	70	pips_40_500-8000.hdf5	both	none
3264.1846	1	Stimulus/S  1	1	32641846	32641854	33	4	50	pips_40_500-8000.hdf5	both	none
3265.23	1	Stimulus/S  1	1	32652300	32652308	33	5	30	pips_40_500-8000.hdf5	both	none
3266.2967	1	Stimulus/S  1	1	32662967	32662975	34	0	20	pips_40_500-8000.hdf5	both	none
3267.3527	1	Stimulus/S  1	1	32673527	32673535	34	1	40	pips_40_500-8000.hdf5	both	none
3268.4193	1	Stimulus/S  1	1	32684193	32684201	34	2	60	pips_40_500-8000.hdf5	both	none
3269.4647	1	Stimulus/S  1	1	32694647	32694655	34	3	70	pips_40_500-8000.hdf5	both	none
3270.5314	1	Stimulus/S  1	1	32705314	32705322	34	4	50	pips_40_500-8000.hdf5	both	none
3271.598	1	Stimulus/S  1	1	32715980	32715988	34	5	30	pips_40_500-8000.hdf5	both	none
3272.6647	1	Stimulus/S  1	1	32726647	32726655	35	0	20	pips_40_500-8000.hdf5	both	none
3273.7314	1	Stimulus/S  1	1	32737314	32737322	35	1	40	pips_40_500-8000.hdf5	both	none
3274.7981	1	Stimulus/S  1	1	32747981	32747989	35	2	60	pips_40_500-8000.hdf5	both	none
3275.8647	1	Stimulus/S  1	1	32758647	32758655	35	3	70	pips_40_500-8000.hdf5	both	none
3276.9314	1	Stimulus/S  1	1	32769314	32769322	35	4	50	pips_40_500-8000.hdf5	both	none
3277.9981	1	Stimulus/S  1	1	32779981	32779989	35	5	30	pips_40_500-8000.hdf5	both	none
3279.0648	1	Stimulus/S  1	1	32790648	32790656	36	0	20	pips_40_500-8000.hdf5	both	none
3280.1101	1	Stimulus/S  1	1	32801101	32801109	36	1	40	pips_40_500-8000.hdf5	both	none
3281.1875	1	Stimulus/S  1	1	32811875	32811883	36	2	60	pips_40_500-8000.hdf5	both	none
3282.2328	1	Stimulus/S  1	1	32822328	32822336	36	3	70	pips_40_500-8000.hdf5	both	none
3283.2995	1	Stimulus/S  1	1	32832995	32833003	36	4	50	pips_40_500-8000.hdf5	both	none
3284.3448	1	Stimulus/S  1	1	32843448	32843456	36	5	30	pips_40_500-8000.hdf5	both	none
3285.4008	1	Stimulus/S  1	1	32854008	32854016	37	0	20	pips_40_500-8000.hdf5	both	none
3286.4462	1	Stimulus/S  1	1	32864462	32864470	37	1	40	pips_40_500-8000.hdf5	both	none
3287.5022	1	Stimulus/S  1	1	32875022	32875030	37	2	60	pips_40_500-8000.hdf5	both	none
3288.5475	1	Stimulus/S  1	1	32885475	32885483	37	3	70	pips_40_500-8000.hdf5	both	none
3289.6142	1	Stimulus/S  1	1	32896142	32896150	37	4	50	pips_40_500-8000.hdf5	both	none
3290.6702	1	Stimulus/S  1	1	32906702	32906710	37	5	30	pips_40_500-8000.hdf5	both	none
3291.7369	1	Stimulus/S  1	1	32917369	32917377	38	0	20	pips_40_500-8000.hdf5	both	none
3292.7822	1	Stimulus/S  1	1	32927822	32927830	38	1	40	pips_40_500-8000.hdf5	both	none
3293.8489	1	Stimulus/S  1	1	32938489	32938497	38	2	60	pips_40_500-8000.hdf5	both	none
3294.9156	1	Stimulus/S  1	1	32949156	32949164	38	3	70	pips_40_500-8000.hdf5	both	none
3295.9823	1	Stimulus/S  1	1	32959823	32959831	38	4	50	pips_40_500-8000.hdf5	both	none
3297.0489	1	Stimulus/S  1	1	32970489	32970497	38	5	30	pips_40_500-8000.hdf5	both	none
3298.1156	1	Stimulus/S  1	1	32981156	32981164	39	0	20	pips_40_500-8000.hdf5	both	none
3299.1823	1	Stimulus/S  1	1	32991823	32991831	39	1	40	pips_40_500-8000.hdf5	both	none
3300.2276	1	Stimulus/S  1	1	33002276	33002284	39	2	60	pips_40_500-8000.hdf5	both	none
3301.2837	1	Stimulus/S  1	1	33012837	33012845	39	3	70	pips_40_500-8000.hdf5	both	none
3302.329	1	Stimulus/S  1	1	33023290	33023298	39	4	50	pips_40_500-8000.hdf5	both	none
3303.385	1	Stimulus/S  1	1	33033850	33033858	39	5	30	pips_40_500-8000.hdf5	both	none
3304.4304	1	Stimulus/S  1	1	33044304	33044312	40	0	20	pips_40_500-8000.hdf5	both	none
3305.4864	1	Stimulus/S  1	1	33054864	33054872	40	1	40	pips_40_500-8000.hdf5	both	none
3306.5317	1	Stimulus/S  1	1	33065317	33065325	40	2	60	pips_40_500-8000.hdf5	both	none
3307.5877	1	Stimulus/S  1	1	33075877	33075885	40	3	70	pips_40_500-8000.hdf5	both	none
3308.6331	1	Stimulus/S  1	1	33086331	33086339	40	4	50	pips_40_500-8000.hdf5	both	none
3309.6784	1	Stimulus/S  1	1	33096784	33096792	40	5	30	pips_40_500-8000.hdf5	both	none
3310.7451	1	Stimulus/S  1	1	33107451	33107459	41	0	20	pips_40_500-8000.hdf5	both	none
3311.8011	1	Stimulus/S  1	1	33118011	33118019	41	1	40	pips_40_500-8000.hdf5	both	none
3312.8678	1	Stimulus/S  1	1	33128678	33128686	41	2	60	pips_40_500-8000.hdf5	both	none
3313.9344	1	Stimulus/S  1	1	33139344	33139352	41	3	70	pips_40_500-8000.hdf5	both	none
3315.0011	1	Stimulus/S  1	1	33150011	33150019	41	4	50	pips_40_500-8000.hdf5	both	none
3316.0678	1	Stimulus/S  1	1	33160678	33160686	41	5	30	pips_40_500-8000.hdf5	both	none
3317.1345	1	Stimulus/S  1	1	33171345	33171353	42	0	20	pips_40_500-8000.hdf5	both	none
3318.2012	1	Stimulus/S  1	1	33182012	33182020	42	1	40	pips_40_500-8000.hdf5	both	none
3319.2465	1	Stimulus/S  1	1	33192465	33192473	42	2	60	pips_40_500-8000.hdf5	both	none
3320.3132	1	Stimulus/S  1	1	33203132	33203140	42	3	70	pips_40_500-8000.hdf5	both	none
3321.3692	1	Stimulus/S  1	1	33213692	33213700	42	4	50	pips_40_500-8000.hdf5	both	none
3322.4359	1	Stimulus/S  1	1	33224359	33224367	42	5	30	pips_40_500-8000.hdf5	both	none
3323.4812	1	Stimulus/S  1	1	33234812	33234820	43	0	20	pips_40_500-8000.hdf5	both	none
3324.5372	1	Stimulus/S  1	1	33245372	33245380	43	1	40	pips_40_500-8000.hdf5	both	none
3325.5826	1	Stimulus/S  1	1	33255826	33255834	43	2	60	pips_40_500-8000.hdf5	both	none
3326.6279	1	Stimulus/S  1	1	33266279	33266287	43	3	70	pips_40_500-8000.hdf5	both	none
3327.6839	1	Stimulus/S  1	1	33276839	33276847	43	4	50	pips_40_500-8000.hdf5	both	none
3328.7506	1	Stimulus/S  1	1	33287506	33287514	43	5	30	pips_40_500-8000.hdf5	both	none
3329.7959	1	Stimulus/S  1	1	33297959	33297967	44	0	20	pips_40_500-8000.hdf5	both	none
3330.8626	1	Stimulus/S  1	1	33308626	33308634	44	1	40	pips_40_500-8000.hdf5	both	none
3331.9186	1	Stimulus/S  1	1	33319186	33319194	44	2	60	pips_40_500-8000.hdf5	both	none
3332.9853	1	Stimulus/S  1	1	33329853	33329861	44	3	70	pips_40_500-8000.hdf5	both	none
3334.052	1	Stimulus/S  1	1	33340520	33340528	44	4	50	pips_40_500-8000.hdf5	both	none
3335.1187	1	Stimulus/S  1	1	33351187	33351195	44	5	30	pips_40_500-8000.hdf5	both	none
3336.1853	1	Stimulus/S  1	1	33361853	33361861	45	0	20	pips_40_500-8000.hdf5	both	none
3337.252	1	Stimulus/S  1	1	33372520	33372528	45	1	40	pips_40_500-8000.hdf5	both	none
3338.3187	1	Stimulus/S  1	1	33383187	33383195	45	2	60	pips_40_500-8000.hdf5	both	none
3339.364	1	Stimulus/S  1	1	33393640	33393648	45	3	70	pips_40_500-8000.hdf5	both	none
3340.4307	1	Stimulus/S  1	1	33404307	33404315	45	4	50	pips_40_500-8000.hdf5	both	none
3341.4867	1	Stimulus/S  1	1	33414867	33414875	45	5	30	pips_40_500-8000.hdf5	both	none
3342.5534	1	Stimulus/S  1	1	33425534	33425542	46	0	20	pips_40_500-8000.hdf5	both	none
3343.5987	1	Stimulus/S  1	1	33435987	33435995	46	1	40	pips_40_500-8000.hdf5	both	none
3344.6547	1	Stimulus/S  1	1	33446547	33446555	46	2	60	pips_40_500-8000.hdf5	both	none
3345.7001	1	Stimulus/S  1	1	33457001	33457009	46	3	70	pips_40_500-8000.hdf5	both	none
3346.7454	1	Stimulus/S  1	1	33467454	33467462	46	4	50	pips_40_500-8000.hdf5	both	none
3347.8014	1	Stimulus/S  1	1	33478014	33478022	46	5	30	pips_40_500-8000.hdf5	both	none
3348.8681	1	Stimulus/S  1	1	33488681	33488689	47	0	20	pips_40_500-8000.hdf5	both	none
3349.9135	1	Stimulus/S  1	1	33499135	33499143	47	1	40	pips_40_500-8000.hdf5	both	none
3350.9801	1	Stimulus/S  1	1	33509801	33509809	47	2	60	pips_40_500-8000.hdf5	both	none
3352.0361	1	Stimulus/S  1	1	33520361	33520369	47	3	70	pips_40_500-8000.hdf5	both	none
3353.1028	1	Stimulus/S  1	1	33531028	33531036	47	4	50	pips_40_500-8000.hdf5	both	none
3354.1695	1	Stimulus/S  1	1	33541695	33541703	47	5	30	pips_40_500-8000.hdf5	both	none
3355.2362	1	Stimulus/S  1	1	33552362	33552370	48	0	20	pips_40_500-8000.hdf5	both	none
3356.3029	1	Stimulus/S  1	1	33563029	33563037	48	1	40	pips_40_500-8000.hdf5	both	none
3357.3695	1	Stimulus/S  1	1	33573695	33573703	48	2	60	pips_40_500-8000.hdf5	both	none
3358.4362	1	Stimulus/S  1	1	33584362	33584370	48	3	70	pips_40_500-8000.hdf5	both	none
3359.4816	1	Stimulus/S  1	1	33594816	33594824	48	4	50	pips_40_500-8000.hdf5	both	none
3360.5482	1	Stimulus/S  1	1	33605482	33605490	48	5	30	pips_40_500-8000.hdf5	both	none
3361.6042	1	Stimulus/S  1	1	33616042	33616050	49	0	20	pips_40_500-8000.hdf5	both	none
3362.6709	1	Stimulus/S  1	1	33626709	33626717	49	1	40	pips_40_500-8000.hdf5	both	none
3363.7163	1	Stimulus/S  1	1	33637163	33637171	49	2	60	pips_40_500-8000.hdf5	both	none
3364.7723	1	Stimulus/S  1	1	33647723	33647731	49	3	70	pips_40_500-8000.hdf5	both	none
3365.8176	1	Stimulus/S  1	1	33658176	33658184	49	4	50	pips_40_500-8000.hdf5	both	none
3366.863	1	Stimulus/S  1	1	33668630	33668638	49	5	30	pips_40_500-8000.hdf5	both	none
3367.919	1	Stimulus/S  1	1	33679190	33679198	50	0	20	pips_40_500-8000.hdf5	both	none
3368.9856	1	Stimulus/S  1	1	33689856	33689864	50	1	40	pips_40_500-8000.hdf5	both	none
3370.031	1	Stimulus/S  1	1	33700310	33700318	50	2	60	pips_40_500-8000.hdf5	both	none
3371.0977	1	Stimulus/S  1	1	33710977	33710985	50	3	70	pips_40_500-8000.hdf5	both	none
3372.1537	1	Stimulus/S  1	1	33721537	33721545	50	4	50	pips_40_500-8000.hdf5	both	none
3373.2204	1	Stimulus/S  1	1	33732204	33732212	50	5	30	pips_40_500-8000.hdf5	both	none
3374.287	1	Stimulus/S  1	1	33742870	33742878	51	0	20	pips_40_500-8000.hdf5	both	none
3375.3537	1	Stimulus/S  1	1	33753537	33753545	51	1	40	pips_40_500-8000.hdf5	both	none
3376.4204	1	Stimulus/S  1	1	33764204	33764212	51	2	60	pips_40_500-8000.hdf5	both	none
3377.4871	1	Stimulus/S  1	1	33774871	33774879	51	3	70	pips_40_500-8000.hdf5	both	none
3378.5537	1	Stimulus/S  1	1	33785537	33785545	51	4	50	pips_40_500-8000.hdf5	both	none
3379.5991	1	Stimulus/S  1	1	33795991	33795999	51	5	30	pips_40_500-8000.hdf5	both	none
3380.6658	1	Stimulus/S  1	1	33806658	33806666	52	0	20	pips_40_500-8000.hdf5	both	none
3381.7218	1	Stimulus/S  1	1	33817218	33817226	52	1	40	pips_40_500-8000.hdf5	both	none
3382.7884	1	Stimulus/S  1	1	33827884	33827892	52	2	60	pips_40_500-8000.hdf5	both	none
3383.8338	1	Stimulus/S  1	1	33838338	33838346	52	3	70	pips_40_500-8000.hdf5	both	none
3384.8791	1	Stimulus/S  1	1	33848791	33848799	52	4	50	pips_40_500-8000.hdf5	both	none
3385.9351	1	Stimulus/S  1	1	33859351	33859359	52	5	30	pips_40_500-8000.hdf5	both	none
3386.9805	1	Stimulus/S  1	1	33869805	33869813	53	0	20	pips_40_500-8000.hdf5	both	none
3388.0365	1	Stimulus/S  1	1	33880365	33880373	53	1	40	pips_40_500-8000.hdf5	both	none
3389.0818	1	Stimulus/S  1	1	33890818	33890826	53	2	60	pips_40_500-8000.hdf5	both	none
3390.1379	1	Stimulus/S  1	1	33901379	33901387	53	3	70	pips_40_500-8000.hdf5	both	none
3391.2045	1	Stimulus/S  1	1	33912045	33912053	53	4	50	pips_40_500-8000.hdf5	both	none
3392.2499	1	Stimulus/S  1	1	33922499	33922507	53	5	30	pips_40_500-8000.hdf5	both	none
3393.3165	1	Stimulus/S  1	1	33933165	33933173	54	0	20	pips_40_500-8000.hdf5	both	none
3394.3726	1	Stimulus/S  1	1	33943726	33943734	54	1	40	pips_40_500-8000.hdf5	both	none
3395.4392	1	Stimulus/S  1	1	33954392	33954400	54	2	60	pips_40_500-8000.hdf5	both	none
3396.5059	1	Stimulus/S  1	1	33965059	33965067	54	3	70	pips_40_500-8000.hdf5	both	none
3397.5726	1	Stimulus/S  1	1	33975726	33975734	54	4	50	pips_40_500-8000.hdf5	both	none
3398.6393	1	Stimulus/S  1	1	33986393	33986401	54	5	30	pips_40_500-8000.hdf5	both	none
3399.7059	1	Stimulus/S  1	1	33997059	33997067	55	0	20	pips_40_500-8000.hdf5	both	none
3400.7726	1	Stimulus/S  1	1	34007726	34007734	55	1	40	pips_40_500-8000.hdf5	both	none
3401.818	1	Stimulus/S  1	1	34018180	34018188	55	2	60	pips_40_500-8000.hdf5	both	none
3402.8846	1	Stimulus/S  1	1	34028846	34028854	55	3	70	pips_40_500-8000.hdf5	both	none
3403.93	1	Stimulus/S  1	1	34039300	34039308	55	4	50	pips_40_500-8000.hdf5	both	none
3404.9967	1	Stimulus/S  1	1	34049967	34049975	55	5	30	pips_40_500-8000.hdf5	both	none
3406.0527	1	Stimulus/S  1	1	34060527	34060535	56	0	20	pips_40_500-8000.hdf5	both	none
3407.098	1	Stimulus/S  1	1	34070980	34070988	56	1	40	pips_40_500-8000.hdf5	both	none
3408.154	1	Stimulus/S  1	1	34081540	34081548	56	2	60	pips_40_500-8000.hdf5	both	none
3409.1994	1	Stimulus/S  1	1	34091994	34092002	56	3	70	pips_40_500-8000.hdf5	both	none
3410.2554	1	Stimulus/S  1	1	34102554	34102562	56	4	50	pips_40_500-8000.hdf5	both	none
3411.3007	1	Stimulus/S  1	1	34113007	34113015	56	5	30	pips_40_500-8000.hdf5	both	none
3412.3461	1	Stimulus/S  1	1	34123461	34123469	57	0	20	pips_40_500-8000.hdf5	both	none
3413.4127	1	Stimulus/S  1	1	34134127	34134135	57	1	40	pips_40_500-8000.hdf5	both	none
3414.4688	1	Stimulus/S  1	1	34144688	34144696	57	2	60	pips_40_500-8000.hdf5	both	none
3415.5354	1	Stimulus/S  1	1	34155354	34155362	57	3	70	pips_40_500-8000.hdf5	both	none
3416.6021	1	Stimulus/S  1	1	34166021	34166029	57	4	50	pips_40_500-8000.hdf5	both	none
3417.6688	1	Stimulus/S  1	1	34176688	34176696	57	5	30	pips_40_500-8000.hdf5	both	none
3418.7355	1	Stimulus/S  1	1	34187355	34187363	58	0	20	pips_40_500-8000.hdf5	both	none
3419.8021	1	Stimulus/S  1	1	34198021	34198029	58	1	40	pips_40_500-8000.hdf5	both	none
3420.8688	1	Stimulus/S  1	1	34208688	34208696	58	2	60	pips_40_500-8000.hdf5	both	none
3421.9142	1	Stimulus/S  1	1	34219142	34219150	58	3	70	pips_40_500-8000.hdf5	both	none
3422.9808	1	Stimulus/S  1	1	34229808	34229816	58	4	50	pips_40_500-8000.hdf5	both	none
3424.0368	1	Stimulus/S  1	1	34240368	34240376	58	5	30	pips_40_500-8000.hdf5	both	none
3425.1035	1	Stimulus/S  1	1	34251035	34251043	59	0	20	pips_40_500-8000.hdf5	both	none
3426.1489	1	Stimulus/S  1	1	34261489	34261497	59	1	40	pips_40_500-8000.hdf5	both	none
3427.2049	1	Stimulus/S  1	1	34272049	34272057	59	2	60	pips_40_500-8000.hdf5	both	none
3428.2502	1	Stimulus/S  1	1	34282502	34282510	59	3	70	pips_40_500-8000.hdf5	both	none
3429.3062	1	Stimulus/S  1	1	34293062	34293070	59	4	50	pips_40_500-8000.hdf5	both	none
3430.3516	1	Stimulus/S  1	1	34303516	34303524	59	5	30	pips_40_500-8000.hdf5	both	none
3431.3969	1	Stimulus/S  1	1	34313969	34313977	60	0	20	pips_40_500-8000.hdf5	both	none
3432.4529	1	Stimulus/S  1	1	34324529	34324537	60	1	40	pips_40_500-8000.hdf5	both	none
3433.4983	1	Stimulus/S  1	1	34334983	34334991	60	2	60	pips_40_500-8000.hdf5	both	none
3434.5543	1	Stimulus/S  1	1	34345543	34345551	60	3	70	pips_40_500-8000.hdf5	both	none
3435.5996	1	Stimulus/S  1	1	34355996	34356004	60	4	50	pips_40_500-8000.hdf5	both	none
3436.6663	1	Stimulus/S  1	1	34366663	34366671	60	5	30	pips_40_500-8000.hdf5	both	none
3437.733	1	Stimulus/S  1	1	34377330	34377338	61	0	20	pips_40_500-8000.hdf5	both	none
3438.7997	1	Stimulus/S  1	1	34387997	34388005	61	1	40	pips_40_500-8000.hdf5	both	none
3439.8663	1	Stimulus/S  1	1	34398663	34398671	61	2	60	pips_40_500-8000.hdf5	both	none
3440.933	1	Stimulus/S  1	1	34409330	34409338	61	3	70	pips_40_500-8000.hdf5	both	none
3441.9997	1	Stimulus/S  1	1	34419997	34420005	61	4	50	pips_40_500-8000.hdf5	both	none
3443.0557	1	Stimulus/S  1	1	34430557	34430565	61	5	30	pips_40_500-8000.hdf5	both	none
3444.1224	1	Stimulus/S  1	1	34441224	34441232	62	0	20	pips_40_500-8000.hdf5	both	none
3445.1677	1	Stimulus/S  1	1	34451677	34451685	62	1	40	pips_40_500-8000.hdf5	both	none
3446.2344	1	Stimulus/S  1	1	34462344	34462352	62	2	60	pips_40_500-8000.hdf5	both	none
3447.2797	1	Stimulus/S  1	1	34472797	34472805	62	3	70	pips_40_500-8000.hdf5	both	none
3448.3357	1	Stimulus/S  1	1	34483357	34483365	62	4	50	pips_40_500-8000.hdf5	both	none
3449.3811	1	Stimulus/S  1	1	34493811	34493819	62	5	30	pips_40_500-8000.hdf5	both	none
3450.4371	1	Stimulus/S  1	1	34504371	34504379	63	0	20	pips_40_500-8000.hdf5	both	none
3451.4824	1	Stimulus/S  1	1	34514824	34514832	63	1	40	pips_40_500-8000.hdf5	both	none
3452.5385	1	Stimulus/S  1	1	34525385	34525393	63	2	60	pips_40_500-8000.hdf5	both	none
3453.5838	1	Stimulus/S  1	1	34535838	34535846	63	3	70	pips_40_500-8000.hdf5	both	none
3454.6505	1	Stimulus/S  1	1	34546505	34546513	63	4	50	pips_40_500-8000.hdf5	both	none
3455.7065	1	Stimulus/S  1	1	34557065	34557073	63	5	30	pips_40_500-8000.hdf5	both	none
3456.7732	1	Stimulus/S  1	1	34567732	34567740	64	0	20	pips_40_500-8000.hdf5	both	none
3457.8398	1	Stimulus/S  1	1	34578398	34578406	64	1	40	pips_40_500-8000.hdf5	both	none
3458.9065	1	Stimulus/S  1	1	34589065	34589073	64	2	60	pips_40_500-8000.hdf5	both	none
3459.9732	1	Stimulus/S  1	1	34599732	34599740	64	3	70	pips_40_500-8000.hdf5	both	none
3461.0399	1	Stimulus/S  1	1	34610399	34610407	64	4	50	pips_40_500-8000.hdf5	both	none
3462.1065	1	Stimulus/S  1	1	34621065	34621073	64	5	30	pips_40_500-8000.hdf5	both	none
3463.1519	1	Stimulus/S  1	1	34631519	34631527	65	0	20	pips_40_500-8000.hdf5	both	none
3464.2186	1	Stimulus/S  1	1	34642186	34642194	65	1	40	pips_40_500-8000.hdf5	both	none
3465.2639	1	Stimulus/S  1	1	34652639	34652647	65	2	60	pips_40_500-8000.hdf5	both	none
3466.3199	1	Stimulus/S  1	1	34663199	34663207	65	3	70	pips_40_500-8000.hdf5	both	none
3467.3653	1	Stimulus/S  1	1	34673653	34673661	65	4	50	pips_40_500-8000.hdf5	both	none
3468.4213	1	Stimulus/S  1	1	34684213	34684221	65	5	30	pips_40_500-8000.hdf5	both	none
3469.4666	1	Stimulus/S  1	1	34694666	34694674	66	0	20	pips_40_500-8000.hdf5	both	none
3470.5226	1	Stimulus/S  1	1	34705226	34705234	66	1	40	pips_40_500-8000.hdf5	both	none
3471.568	1	Stimulus/S  1	1	34715680	34715688	66	2	60	pips_40_500-8000.hdf5	both	none
3472.624	1	Stimulus/S  1	1	34726240	34726248	66	3	70	pips_40_500-8000.hdf5	both	none
3473.6907	1	Stimulus/S  1	1	34736907	34736915	66	4	50	pips_40_500-8000.hdf5	both	none
3474.736	1	Stimulus/S  1	1	34747360	34747368	66	5	30	pips_40_500-8000.hdf5	both	none
3475.8027	1	Stimulus/S  1	1	34758027	34758035	67	0	20	pips_40_500-8000.hdf5	both	none
3476.8694	1	Stimulus/S  1	1	34768694	34768702	67	1	40	pips_40_500-8000.hdf5	both	none
3477.936	1	Stimulus/S  1	1	34779360	34779368	67	2	60	pips_40_500-8000.hdf5	both	none
3479.0027	1	Stimulus/S  1	1	34790027	34790035	67	3	70	pips_40_500-8000.hdf5	both	none
3480.0694	1	Stimulus/S  1	1	34800694	34800702	67	4	50	pips_40_500-8000.hdf5	both	none
3481.1361	1	Stimulus/S  1	1	34811361	34811369	67	5	30	pips_40_500-8000.hdf5	both	none
3482.1814	1	Stimulus/S  1	1	34821814	34821822	68	0	20	pips_40_500-8000.hdf5	both	none
3483.2481	1	Stimulus/S  1	1	34832481	34832489	68	1	40	pips_40_500-8000.hdf5	both	none
3484.3041	1	Stimulus/S  1	1	34843041	34843049	68	2	60	pips_40_500-8000.hdf5	both	none
3485.3708	1	Stimulus/S  1	1	34853708	34853716	68	3	70	pips_40_500-8000.hdf5	both	none
3486.4161	1	Stimulus/S  1	1	34864161	34864169	68	4	50	pips_40_500-8000.hdf5	both	none
3487.4721	1	Stimulus/S  1	1	34874721	34874729	68	5	30	pips_40_500-8000.hdf5	both	none
3488.5175	1	Stimulus/S  1	1	34885175	34885183	69	0	20	pips_40_500-8000.hdf5	both	none
3489.5735	1	Stimulus/S  1	1	34895735	34895743	69	1	40	pips_40_500-8000.hdf5	both	none
3490.6188	1	Stimulus/S  1	1	34906188	34906196	69	2	60	pips_40_500-8000.hdf5	both	none
3491.6855	1	Stimulus/S  1	1	34916855	34916863	69	3	70	pips_40_500-8000.hdf5	both	none
3492.7308	1	Stimulus/S  1	1	34927308	34927316	69	4	50	pips_40_500-8000.hdf5	both	none
3493.7975	1	Stimulus/S  1	1	34937975	34937983	69	5	30	pips_40_500-8000.hdf5	both	none
3494.8535	1	Stimulus/S  1	1	34948535	34948543	70	0	20	pips_40_500-8000.hdf5	both	none
3495.9202	1	Stimulus/S  1	1	34959202	34959210	70	1	40	pips_40_500-8000.hdf5	both	none
3496.9869	1	Stimulus/S  1	1	34969869	34969877	70	2	60	pips_40_500-8000.hdf5	both	none
3498.0536	1	Stimulus/S  1	1	34980536	34980544	70	3	70	pips_40_500-8000.hdf5	both	none
3499.1202	1	Stimulus/S  1	1	34991202	34991210	70	4	50	pips_40_500-8000.hdf5	both	none
3500.1869	1	Stimulus/S  1	1	35001869	35001877	70	5	30	pips_40_500-8000.hdf5	both	none
3501.2536	1	Stimulus/S  1	1	35012536	35012544	71	0	20	pips_40_500-8000.hdf5	both	none
3502.2989	1	Stimulus/S  1	1	35022989	35022997	71	1	40	pips_40_500-8000.hdf5	both	none
3503.3549	1	Stimulus/S  1	1	35033549	35033557	71	2	60	pips_40_500-8000.hdf5	both	none
3504.4003	1	Stimulus/S  1	1	35044003	35044011	71	3	70	pips_40_500-8000.hdf5	both	none
3505.4563	1	Stimulus/S  1	1	35054563	35054571	71	4	50	pips_40_500-8000.hdf5	both	none
3506.5016	1	Stimulus/S  1	1	35065016	35065024	71	5	30	pips_40_500-8000.hdf5	both	none
3507.5577	1	Stimulus/S  1	1	35075577	35075585	72	0	20	pips_40_500-8000.hdf5	both	none
3508.603	1	Stimulus/S  1	1	35086030	35086038	72	1	40	pips_40_500-8000.hdf5	both	none
3509.6483	1	Stimulus/S  1	1	35096483	35096491	72	2	60	pips_40_500-8000.hdf5	both	none
3510.715	1	Stimulus/S  1	1	35107150	35107158	72	3	70	pips_40_500-8000.hdf5	both	none
3511.771	1	Stimulus/S  1	1	35117710	35117718	72	4	50	pips_40_500-8000.hdf5	both	none
3512.8377	1	Stimulus/S  1	1	35128377	35128385	72	5	30	pips_40_500-8000.hdf5	both	none
3513.9044	1	Stimulus/S  1	1	35139044	35139052	73	0	20	pips_40_500-8000.hdf5	both	none
3514.9497	1	Stimulus/S  1	1	35149497	35149505	73	1	40	pips_40_500-8000.hdf5	both	none
3516.0164	1	Stimulus/S  1	1	35160164	35160172	73	2	60	pips_40_500-8000.hdf5	both	none
3517.0831	1	Stimulus/S  1	1	35170831	35170839	73	3	70	pips_40_500-8000.hdf5	both	none
3518.1498	1	Stimulus/S  1	1	35181498	35181506	73	4	50	pips_40_500-8000.hdf5	both	none
3519.2164	1	Stimulus/S  1	1	35192164	35192172	73	5	30	pips_40_500-8000.hdf5	both	none
3520.2831	1	Stimulus/S  1	1	35202831	35202839	74	0	20	pips_40_500-8000.hdf5	both	none
3521.3498	1	Stimulus/S  1	1	35213498	35213506	74	1	40	pips_40_500-8000.hdf5	both	none
3522.4058	1	Stimulus/S  1	1	35224058	35224066	74	2	60	pips_40_500-8000.hdf5	both	none
3523.4725	1	Stimulus/S  1	1	35234725	35234733	74	3	70	pips_40_500-8000.hdf5	both	none
3524.5178	1	Stimulus/S  1	1	35245178	35245186	74	4	50	pips_40_500-8000.hdf5	both	none
3525.5738	1	Stimulus/S  1	1	35255738	35255746	74	5	30	pips_40_500-8000.hdf5	both	none
3526.6192	1	Stimulus/S  1	1	35266192	35266200	75	0	20	pips_40_500-8000.hdf5	both	none
3527.6645	1	Stimulus/S  1	1	35276645	35276653	75	1	40	pips_40_500-8000.hdf5	both	none
3528.7205	1	Stimulus/S  1	1	35287205	35287213	75	2	60	pips_40_500-8000.hdf5	both	none
3529.7659	1	Stimulus/S  1	1	35297659	35297667	75	3	70	pips_40_500-8000.hdf5	both	none
3530.8219	1	Stimulus/S  1	1	35308219	35308227	75	4	50	pips_40_500-8000.hdf5	both	none
3531.8672	1	Stimulus/S  1	1	35318672	35318680	75	5	30	pips_40_500-8000.hdf5	both	none
3532.9339	1	Stimulus/S  1	1	35329339	35329347	76	0	20	pips_40_500-8000.hdf5	both	none
3533.9899	1	Stimulus/S  1	1	35339899	35339907	76	1	40	pips_40_500-8000.hdf5	both	none
3535.0566	1	Stimulus/S  1	1	35350566	35350574	76	2	60	pips_40_500-8000.hdf5	both	none
3536.1233	1	Stimulus/S  1	1	35361233	35361241	76	3	70	pips_40_500-8000.hdf5	both	none
3537.1899	1	Stimulus/S  1	1	35371899	35371907	76	4	50	pips_40_500-8000.hdf5	both	none
3538.2566	1	Stimulus/S  1	1	35382566	35382574	76	5	30	pips_40_500-8000.hdf5	both	none
3539.3233	1	Stimulus/S  1	1	35393233	35393241	77	0	20	pips_40_500-8000.hdf5	both	none
3540.39	1	Stimulus/S  1	1	35403900	35403908	77	1	40	pips_40_500-8000.hdf5	both	none
3541.4353	1	Stimulus/S  1	1	35414353	35414361	77	2	60	pips_40_500-8000.hdf5	both	none
3542.502	1	Stimulus/S  1	1	35425020	35425028	77	3	70	pips_40_500-8000.hdf5	both	none
3543.558	1	Stimulus/S  1	1	35435580	35435588	77	4	50	pips_40_500-8000.hdf5	both	none
3544.6247	1	Stimulus/S  1	1	35446247	35446255	77	5	30	pips_40_500-8000.hdf5	both	none
3545.67	1	Stimulus/S  1	1	35456700	35456708	78	0	20	pips_40_500-8000.hdf5	both	none
3546.7154	1	Stimulus/S  1	1	35467154	35467162	78	1	40	pips_40_500-8000.hdf5	both	none
3547.7714	1	Stimulus/S  1	1	35477714	35477722	78	2	60	pips_40_500-8000.hdf5	both	none
3548.8167	1	Stimulus/S  1	1	35488167	35488175	78	3	70	pips_40_500-8000.hdf5	both	none
3549.8727	1	Stimulus/S  1	1	35498727	35498735	78	4	50	pips_40_500-8000.hdf5	both	none
3550.9181	1	Stimulus/S  1	1	35509181	35509189	78	5	30	pips_40_500-8000.hdf5	both	none
3551.9741	1	Stimulus/S  1	1	35519741	35519749	79	0	20	pips_40_500-8000.hdf5	both	none
3553.0408	1	Stimulus/S  1	1	35530408	35530416	79	1	40	pips_40_500-8000.hdf5	both	none
3554.0861	1	Stimulus/S  1	1	35540861	35540869	79	2	60	pips_40_500-8000.hdf5	both	none
3555.1528	1	Stimulus/S  1	1	35551528	35551536	79	3	70	pips_40_500-8000.hdf5	both	none
3556.1981	1	Stimulus/S  1	1	35561981	35561989	79	4	50	pips_40_500-8000.hdf5	both	none
3557.2755	1	Stimulus/S  1	1	35572755	35572763	79	5	30	pips_40_500-8000.hdf5	both	none
3558.3421	1	Stimulus/S  1	1	35583421	35583429	80	0	20	pips_40_500-8000.hdf5	both	none
3559.3982	1	Stimulus/S  1	1	35593982	35593990	80	1	40	pips_40_500-8000.hdf5	both	none
3560.4542	1	Stimulus/S  1	1	35604542	35604550	80	2	60	pips_40_500-8000.hdf5	both	none
3561.5208	1	Stimulus/S  1	1	35615208	35615216	80	3	70	pips_40_500-8000.hdf5	both	none
3562.5662	1	Stimulus/S  1	1	35625662	35625670	80	4	50	pips_40_500-8000.hdf5	both	none
3563.6329	1	Stimulus/S  1	1	35636329	35636337	80	5	30	pips_40_500-8000.hdf5	both	none
3564.6889	1	Stimulus/S  1	1	35646889	35646897	81	0	20	pips_40_500-8000.hdf5	both	none
3565.7342	1	Stimulus/S  1	1	35657342	35657350	81	1	40	pips_40_500-8000.hdf5	both	none
3566.7902	1	Stimulus/S  1	1	35667902	35667910	81	2	60	pips_40_500-8000.hdf5	both	none
3567.8356	1	Stimulus/S  1	1	35678356	35678364	81	3	70	pips_40_500-8000.hdf5	both	none
3568.8916	1	Stimulus/S  1	1	35688916	35688924	81	4	50	pips_40_500-8000.hdf5	both	none
3569.9369	1	Stimulus/S  1	1	35699369	35699377	81	5	30	pips_40_500-8000.hdf5	both	none
3570.9823	1	Stimulus/S  1	1	35709823	35709831	82	0	20	pips_40_500-8000.hdf5	both	none
3572.0489	1	Stimulus/S  1	1	35720489	35720497	82	1	40	pips_40_500-8000.hdf5	both	none
3573.105	1	Stimulus/S  1	1	35731050	35731058	82	2	60	pips_40_500-8000.hdf5	both	none
3574.1716	1	Stimulus/S  1	1	35741716	35741724	82	3	70	pips_40_500-8000.hdf5	both	none
3575.217	1	Stimulus/S  1	1	35752170	35752178	82	4	50	pips_40_500-8000.hdf5	both	none
3576.2837	1	Stimulus/S  1	1	35762837	35762845	82	5	30	pips_40_500-8000.hdf5	both	none
3577.3503	1	Stimulus/S  1	1	35773503	35773511	83	0	20	pips_40_500-8000.hdf5	both	none
3578.417	1	Stimulus/S  1	1	35784170	35784178	83	1	40	pips_40_500-8000.hdf5	both	none
3579.4837	1	Stimulus/S  1	1	35794837	35794845	83	2	60	pips_40_500-8000.hdf5	both	none
3580.5504	1	Stimulus/S  1	1	35805504	35805512	83	3	70	pips_40_500-8000.hdf5	both	none
3581.617	1	Stimulus/S  1	1	35816170	35816178	83	4	50	pips_40_500-8000.hdf5	both	none
3582.6731	1	Stimulus/S  1	1	35826731	35826739	83	5	30	pips_40_500-8000.hdf5	both	none
3583.7397	1	Stimulus/S  1	1	35837397	35837405	84	0	20	pips_40_500-8000.hdf5	both	none
3584.7851	1	Stimulus/S  1	1	35847851	35847859	84	1	40	pips_40_500-8000.hdf5	both	none
3585.8517	1	Stimulus/S  1	1	35858517	35858525	84	2	60	pips_40_500-8000.hdf5	both	none
3586.9078	1	Stimulus/S  1	1	35869078	35869086	84	3	70	pips_40_500-8000.hdf5	both	none
3587.9531	1	Stimulus/S  1	1	35879531	35879539	84	4	50	pips_40_500-8000.hdf5	both	none
3589.0091	1	Stimulus/S  1	1	35890091	35890099	84	5	30	pips_40_500-8000.hdf5	both	none
3590.0545	1	Stimulus/S  1	1	35900545	35900553	85	0	20	pips_40_500-8000.hdf5	both	none
3591.0998	1	Stimulus/S  1	1	35910998	35911006	85	1	40	pips_40_500-8000.hdf5	both	none
3592.1665	1	Stimulus/S  1	1	35921665	35921673	85	2	60	pips_40_500-8000.hdf5	both	none
3593.2225	1	Stimulus/S  1	1	35932225	35932233	85	3	70	pips_40_500-8000.hdf5	both	none
3594.2892	1	Stimulus/S  1	1	35942892	35942900	85	4	50	pips_40_500-8000.hdf5	both	none
3595.3345	1	Stimulus/S  1	1	35953345	35953353	85	5	30	pips_40_500-8000.hdf5	both	none
3596.4012	1	Stimulus/S  1	1	35964012	35964020	86	0	20	pips_40_500-8000.hdf5	both	none
3597.4679	1	Stimulus/S  1	1	35974679	35974687	86	1	40	pips_40_500-8000.hdf5	both	none
3598.5345	1	Stimulus/S  1	1	35985345	35985353	86	2	60	pips_40_500-8000.hdf5	both	none
3599.6012	1	Stimulus/S  1	1	35996012	35996020	86	3	70	pips_40_500-8000.hdf5	both	none
3600.6679	1	Stimulus/S  1	1	36006679	36006687	86	4	50	pips_40_500-8000.hdf5	both	none
3601.7346	1	Stimulus/S  1	1	36017346	36017354	86	5	30	pips_40_500-8000.hdf5	both	none
3602.7906	1	Stimulus/S  1	1	36027906	36027914	87	0	20	pips_40_500-8000.hdf5	both	none
3603.8573	1	Stimulus/S  1	1	36038573	36038581	87	1	40	pips_40_500-8000.hdf5	both	none
3604.9239	1	Stimulus/S  1	1	36049239	36049247	87	2	60	pips_40_500-8000.hdf5	both	none
3605.9693	1	Stimulus/S  1	1	36059693	36059701	87	3	70	pips_40_500-8000.hdf5	both	none
3607.0253	1	Stimulus/S  1	1	36070253	36070261	87	4	50	pips_40_500-8000.hdf5	both	none
3608.0706	1	Stimulus/S  1	1	36080706	36080714	87	5	30	pips_40_500-8000.hdf5	both	none
3609.116	1	Stimulus/S  1	1	36091160	36091168	88	0	20	pips_40_500-8000.hdf5	both	none
3610.172	1	Stimulus/S  1	1	36101720	36101728	88	1	40	pips_40_500-8000.hdf5	both	none
3611.2173	1	Stimulus/S  1	1	36112173	36112181	88	2	60	pips_40_500-8000.hdf5	both	none
3612.2733	1	Stimulus/S  1	1	36122733	36122741	88	3	70	pips_40_500-8000.hdf5	both	none
3613.3187	1	Stimulus/S  1	1	36133187	36133195	88	4	50	pips_40_500-8000.hdf5	both	none
3614.3854	1	Stimulus/S  1	1	36143854	36143862	88	5	30	pips_40_500-8000.hdf5	both	none
3615.4414	1	Stimulus/S  1	1	36154414	36154422	89	0	20	pips_40_500-8000.hdf5	both	none
3616.508	1	Stimulus/S  1	1	36165080	36165088	89	1	40	pips_40_500-8000.hdf5	both	none
3617.5534	1	Stimulus/S  1	1	36175534	36175542	89	2	60	pips_40_500-8000.hdf5	both	none
3618.6201	1	Stimulus/S  1	1	36186201	36186209	89	3	70	pips_40_500-8000.hdf5	both	none
3619.6867	1	Stimulus/S  1	1	36196867	36196875	89	4	50	pips_40_500-8000.hdf5	both	none
3620.7534	1	Stimulus/S  1	1	36207534	36207542	89	5	30	pips_40_500-8000.hdf5	both	none
3621.8201	1	Stimulus/S  1	1	36218201	36218209	90	0	20	pips_40_500-8000.hdf5	both	none
3622.8868	1	Stimulus/S  1	1	36228868	36228876	90	1	40	pips_40_500-8000.hdf5	both	none
3623.9535	1	Stimulus/S  1	1	36239535	36239543	90	2	60	pips_40_500-8000.hdf5	both	none
3625.0095	1	Stimulus/S  1	1	36250095	36250103	90	3	70	pips_40_500-8000.hdf5	both	none
3626.0761	1	Stimulus/S  1	1	36260761	36260769	90	4	50	pips_40_500-8000.hdf5	both	none
3627.1215	1	Stimulus/S  1	1	36271215	36271223	90	5	30	pips_40_500-8000.hdf5	both	none
3628.1668	1	Stimulus/S  1	1	36281668	36281676	91	0	20	pips_40_500-8000.hdf5	both	none
3629.2228	1	Stimulus/S  1	1	36292228	36292236	91	1	40	pips_40_500-8000.hdf5	both	none
3630.2682	1	Stimulus/S  1	1	36302682	36302690	91	2	60	pips_40_500-8000.hdf5	both	none
3631.3242	1	Stimulus/S  1	1	36313242	36313250	91	3	70	pips_40_500-8000.hdf5	both	none
3632.3695	1	Stimulus/S  1	1	36323695	36323703	91	4	50	pips_40_500-8000.hdf5	both	none
3633.4255	1	Stimulus/S  1	1	36334255	36334263	91	5	30	pips_40_500-8000.hdf5	both	none
3634.4709	1	Stimulus/S  1	1	36344709	36344717	92	0	20	pips_40_500-8000.hdf5	both	none
3635.5376	1	Stimulus/S  1	1	36355376	36355384	92	1	40	pips_40_500-8000.hdf5	both	none
3636.6042	1	Stimulus/S  1	1	36366042	36366050	92	2	60	pips_40_500-8000.hdf5	both	none
3637.6496	1	Stimulus/S  1	1	36376496	36376504	92	3	70	pips_40_500-8000.hdf5	both	none
3638.7269	1	Stimulus/S  1	1	36387269	36387277	92	4	50	pips_40_500-8000.hdf5	both	none
3639.7936	1	Stimulus/S  1	1	36397936	36397944	92	5	30	pips_40_500-8000.hdf5	both	none
3640.8496	1	Stimulus/S  1	1	36408496	36408504	93	0	20	pips_40_500-8000.hdf5	both	none
3641.9056	1	Stimulus/S  1	1	36419056	36419064	93	1	40	pips_40_500-8000.hdf5	both	none
3642.9723	1	Stimulus/S  1	1	36429723	36429731	93	2	60	pips_40_500-8000.hdf5	both	none
3644.0176	1	Stimulus/S  1	1	36440176	36440184	93	3	70	pips_40_500-8000.hdf5	both	none
3645.0843	1	Stimulus/S  1	1	36450843	36450851	93	4	50	pips_40_500-8000.hdf5	both	none
3646.1403	1	Stimulus/S  1	1	36461403	36461411	93	5	30	pips_40_500-8000.hdf5	both	none
3647.207	1	Stimulus/S  1	1	36472070	36472078	94	0	20	pips_40_500-8000.hdf5	both	none
3648.2524	1	Stimulus/S  1	1	36482524	36482532	94	1	40	pips_40_500-8000.hdf5	both	none
3649.3084	1	Stimulus/S  1	1	36493084	36493092	94	2	60	pips_40_500-8000.hdf5	both	none
3650.3537	1	Stimulus/S  1	1	36503537	36503545	94	3	70	pips_40_500-8000.hdf5	both	none
3651.4097	1	Stimulus/S  1	1	36514097	36514105	94	4	50	pips_40_500-8000.hdf5	both	none
3652.4551	1	Stimulus/S  1	1	36524551	36524559	94	5	30	pips_40_500-8000.hdf5	both	none
3653.5004	1	Stimulus/S  1	1	36535004	36535012	95	0	20	pips_40_500-8000.hdf5	both	none
3654.5564	1	Stimulus/S  1	1	36545564	36545572	95	1	40	pips_40_500-8000.hdf5	both	none
3655.6231	1	Stimulus/S  1	1	36556231	36556239	95	2	60	pips_40_500-8000.hdf5	both	none
3656.6684	1	Stimulus/S  1	1	36566684	36566692	95	3	70	pips_40_500-8000.hdf5	both	none
3657.7351	1	Stimulus/S  1	1	36577351	36577359	95	4	50	pips_40_500-8000.hdf5	both	none
3658.7911	1	Stimulus/S  1	1	36587911	36587919	95	5	30	pips_40_500-8000.hdf5	both	none
3659.8578	1	Stimulus/S  1	1	36598578	36598586	96	0	20	pips_40_500-8000.hdf5	both	none
3660.9245	1	Stimulus/S  1	1	36609245	36609253	96	1	40	pips_40_500-8000.hdf5	both	none
3661.9912	1	Stimulus/S  1	1	36619912	36619920	96	2	60	pips_40_500-8000.hdf5	both	none
3663.0578	1	Stimulus/S  1	1	36630578	36630586	96	3	70	pips_40_500-8000.hdf5	both	none
3664.1245	1	Stimulus/S  1	1	36641245	36641253	96	4	50	pips_40_500-8000.hdf5	both	none
3665.1699	1	Stimulus/S  1	1	36651699	36651707	96	5	30	pips_40_500-8000.hdf5	both	none
3666.2259	1	Stimulus/S  1	1	36662259	36662267	97	0	20	pips_40_500-8000.hdf5	both	none
3667.2712	1	Stimulus/S  1	1	36672712	36672720	97	1	40	pips_40_500-8000.hdf5	both	none
3668.3272	1	Stimulus/S  1	1	36683272	36683280	97	2	60	pips_40_500-8000.hdf5	both	none
3669.3726	1	Stimulus/S  1	1	36693726	36693734	97	3	70	pips_40_500-8000.hdf5	both	none
3670.4179	1	Stimulus/S  1	1	36704179	36704187	97	4	50	pips_40_500-8000.hdf5	both	none
3671.4739	1	Stimulus/S  1	1	36714739	36714747	97	5	30	pips_40_500-8000.hdf5	both	none
3672.5193	1	Stimulus/S  1	1	36725193	36725201	98	0	20	pips_40_500-8000.hdf5	both	none
3673.5753	1	Stimulus/S  1	1	36735753	36735761	98	1	40	pips_40_500-8000.hdf5	both	none
3674.6419	1	Stimulus/S  1	1	36746419	36746427	98	2	60	pips_40_500-8000.hdf5	both	none
3675.6873	1	Stimulus/S  1	1	36756873	36756881	98	3	70	pips_40_500-8000.hdf5	both	none
3676.7433	1	Stimulus/S  1	1	36767433	36767441	98	4	50	pips_40_500-8000.hdf5	both	none
3677.7886	1	Stimulus/S  1	1	36777886	36777894	98	5	30	pips_40_500-8000.hdf5	both	none
3678.834	1	Stimulus/S  1	1	36788340	36788348	99	0	20	pips_40_500-8000.hdf5	both	none
3679.9007	1	Stimulus/S  1	1	36799007	36799015	99	1	40	pips_40_500-8000.hdf5	both	none
3680.9567	1	Stimulus/S  1	1	36809567	36809575	99	2	60	pips_40_500-8000.hdf5	both	none
3682.0233	1	Stimulus/S  1	1	36820233	36820241	99	3	70	pips_40_500-8000.hdf5	both	none
3683.0687	1	Stimulus/S  1	1	36830687	36830695	99	4	50	pips_40_500-8000.hdf5	both	none
3684.1354	1	Stimulus/S  1	1	36841354	36841362	99	5	30	pips_40_500-8000.hdf5	both	none
3685.202	1	Stimulus/S  1	1	36852020	36852028	100	0	20	pips_40_500-8000.hdf5	both	none
3686.2687	1	Stimulus/S  1	1	36862687	36862695	100	1	40	pips_40_500-8000.hdf5	both	none
3687.3354	1	Stimulus/S  1	1	36873354	36873362	100	2	60	pips_40_500-8000.hdf5	both	none
3688.4021	1	Stimulus/S  1	1	36884021	36884029	100	3	70	pips_40_500-8000.hdf5	both	none
3689.4688	1	Stimulus/S  1	1	36894688	36894696	100	4	50	pips_40_500-8000.hdf5	both	none
3690.5248	1	Stimulus/S  1	1	36905248	36905256	100	5	30	pips_40_500-8000.hdf5	both	none
3691.5914	1	Stimulus/S  1	1	36915914	36915922	101	0	20	pips_40_500-8000.hdf5	both	none
3692.6368	1	Stimulus/S  1	1	36926368	36926376	101	1	40	pips_40_500-8000.hdf5	both	none
3693.7035	1	Stimulus/S  1	1	36937035	36937043	101	2	60	pips_40_500-8000.hdf5	both	none
3694.7595	1	Stimulus/S  1	1	36947595	36947603	101	3	70	pips_40_500-8000.hdf5	both	none
3695.8048	1	Stimulus/S  1	1	36958048	36958056	101	4	50	pips_40_500-8000.hdf5	both	none
3696.8608	1	Stimulus/S  1	1	36968608	36968616	101	5	30	pips_40_500-8000.hdf5	both	none
3697.9062	1	Stimulus/S  1	1	36979062	36979070	102	0	20	pips_40_500-8000.hdf5	both	none
3698.9515	1	Stimulus/S  1	1	36989515	36989523	102	1	40	pips_40_500-8000.hdf5	both	none
3700.0182	1	Stimulus/S  1	1	37000182	37000190	102	2	60	pips_40_500-8000.hdf5	both	none
3701.0742	1	Stimulus/S  1	1	37010742	37010750	102	3	70	pips_40_500-8000.hdf5	both	none
3702.1409	1	Stimulus/S  1	1	37021409	37021417	102	4	50	pips_40_500-8000.hdf5	both	none
3703.1862	1	Stimulus/S  1	1	37031862	37031870	102	5	30	pips_40_500-8000.hdf5	both	none
3704.2529	1	Stimulus/S  1	1	37042529	37042537	103	0	20	pips_40_500-8000.hdf5	both	none
3705.3196	1	Stimulus/S  1	1	37053196	37053204	103	1	40	pips_40_500-8000.hdf5	both	none
3706.3863	1	Stimulus/S  1	1	37063863	37063871	103	2	60	pips_40_500-8000.hdf5	both	none
3707.4529	1	Stimulus/S  1	1	37074529	37074537	103	3	70	pips_40_500-8000.hdf5	both	none
3708.5196	1	Stimulus/S  1	1	37085196	37085204	103	4	50	pips_40_500-8000.hdf5	both	none
3709.5863	1	Stimulus/S  1	1	37095863	37095871	103	5	30	pips_40_500-8000.hdf5	both	none
3710.6423	1	Stimulus/S  1	1	37106423	37106431	104	0	20	pips_40_500-8000.hdf5	both	none
3711.709	1	Stimulus/S  1	1	37117090	37117098	104	1	40	pips_40_500-8000.hdf5	both	none
3712.7543	1	Stimulus/S  1	1	37127543	37127551	104	2	60	pips_40_500-8000.hdf5	both	none
3713.821	1	Stimulus/S  1	1	37138210	37138218	104	3	70	pips_40_500-8000.hdf5	both	none
3714.877	1	Stimulus/S  1	1	37148770	37148778	104	4	50	pips_40_500-8000.hdf5	both	none
3715.9223	1	Stimulus/S  1	1	37159223	37159231	104	5	30	pips_40_500-8000.hdf5	both	none
3716.9677	1	Stimulus/S  1	1	37169677	37169685	105	0	20	pips_40_500-8000.hdf5	both	none
3718.0237	1	Stimulus/S  1	1	37180237	37180245	105	1	40	pips_40_500-8000.hdf5	both	none
3719.069	1	Stimulus/S  1	1	37190690	37190698	105	2	60	pips_40_500-8000.hdf5	both	none
3720.1357	1	Stimulus/S  1	1	37201357	37201365	105	3	70	pips_40_500-8000.hdf5	both	none
3721.1917	1	Stimulus/S  1	1	37211917	37211925	105	4	50	pips_40_500-8000.hdf5	both	none
3722.2584	1	Stimulus/S  1	1	37222584	37222592	105	5	30	pips_40_500-8000.hdf5	both	none
3723.3037	1	Stimulus/S  1	1	37233037	37233045	106	0	20	pips_40_500-8000.hdf5	both	none
3724.3704	1	Stimulus/S  1	1	37243704	37243712	106	1	40	pips_40_500-8000.hdf5	both	none
3725.4371	1	Stimulus/S  1	1	37254371	37254379	106	2	60	pips_40_500-8000.hdf5	both	none
3726.5038	1	Stimulus/S  1	1	37265038	37265046	106	3	70	pips_40_500-8000.hdf5	both	none
3727.5705	1	Stimulus/S  1	1	37275705	37275713	106	4	50	pips_40_500-8000.hdf5	both	none
3728.6371	1	Stimulus/S  1	1	37286371	37286379	106	5	30	pips_40_500-8000.hdf5	both	none
3729.7038	1	Stimulus/S  1	1	37297038	37297046	107	0	20	pips_40_500-8000.hdf5	both	none
3730.7598	1	Stimulus/S  1	1	37307598	37307606	107	1	40	pips_40_500-8000.hdf5	both	none
3731.8052	1	Stimulus/S  1	1	37318052	37318060	107	2	60	pips_40_500-8000.hdf5	both	none
3732.8612	1	Stimulus/S  1	1	37328612	37328620	107	3	70	pips_40_500-8000.hdf5	both	none
3733.9065	1	Stimulus/S  1	1	37339065	37339073	107	4	50	pips_40_500-8000.hdf5	both	none
3734.9519	1	Stimulus/S  1	1	37349519	37349527	107	5	30	pips_40_500-8000.hdf5	both	none
3736.0079	1	Stimulus/S  1	1	37360079	37360087	108	0	20	pips_40_500-8000.hdf5	both	none
3737.0532	1	Stimulus/S  1	1	37370532	37370540	108	1	40	pips_40_500-8000.hdf5	both	none
3738.1092	1	Stimulus/S  1	1	37381092	37381100	108	2	60	pips_40_500-8000.hdf5	both	none
3739.1546	1	Stimulus/S  1	1	37391546	37391554	108	3	70	pips_40_500-8000.hdf5	both	none
3740.2106	1	Stimulus/S  1	1	37402106	37402114	108	4	50	pips_40_500-8000.hdf5	both	none
3741.2773	1	Stimulus/S  1	1	37412773	37412781	108	5	30	pips_40_500-8000.hdf5	both	none
3742.3226	1	Stimulus/S  1	1	37423226	37423234	109	0	20	pips_40_500-8000.hdf5	both	none
3743.3893	1	Stimulus/S  1	1	37433893	37433901	109	1	40	pips_40_500-8000.hdf5	both	none
3744.456	1	Stimulus/S  1	1	37444560	37444568	109	2	60	pips_40_500-8000.hdf5	both	none
3745.5226	1	Stimulus/S  1	1	37455226	37455234	109	3	70	pips_40_500-8000.hdf5	both	none
3746.5893	1	Stimulus/S  1	1	37465893	37465901	109	4	50	pips_40_500-8000.hdf5	both	none
3747.656	1	Stimulus/S  1	1	37476560	37476568	109	5	30	pips_40_500-8000.hdf5	both	none
3748.7227	1	Stimulus/S  1	1	37487227	37487235	110	0	20	pips_40_500-8000.hdf5	both	none
3749.768	1	Stimulus/S  1	1	37497680	37497688	110	1	40	pips_40_500-8000.hdf5	both	none
3750.8453	1	Stimulus/S  1	1	37508453	37508461	110	2	60	pips_40_500-8000.hdf5	both	none
3751.8907	1	Stimulus/S  1	1	37518907	37518915	110	3	70	pips_40_500-8000.hdf5	both	none
3752.9574	1	Stimulus/S  1	1	37529574	37529582	110	4	50	pips_40_500-8000.hdf5	both	none
3754.0027	1	Stimulus/S  1	1	37540027	37540035	110	5	30	pips_40_500-8000.hdf5	both	none
3755.0587	1	Stimulus/S  1	1	37550587	37550595	111	0	20	pips_40_500-8000.hdf5	both	none
3756.1041	1	Stimulus/S  1	1	37561041	37561049	111	1	40	pips_40_500-8000.hdf5	both	none
3757.1601	1	Stimulus/S  1	1	37571601	37571609	111	2	60	pips_40_500-8000.hdf5	both	none
3758.2054	1	Stimulus/S  1	1	37582054	37582062	111	3	70	pips_40_500-8000.hdf5	both	none
3759.2721	1	Stimulus/S  1	1	37592721	37592729	111	4	50	pips_40_500-8000.hdf5	both	none
3760.3281	1	Stimulus/S  1	1	37603281	37603289	111	5	30	pips_40_500-8000.hdf5	both	none
3761.3948	1	Stimulus/S  1	1	37613948	37613956	112	0	20	pips_40_500-8000.hdf5	both	none
3762.4401	1	Stimulus/S  1	1	37624401	37624409	112	1	40	pips_40_500-8000.hdf5	both	none
3763.5068	1	Stimulus/S  1	1	37635068	37635076	112	2	60	pips_40_500-8000.hdf5	both	none
3764.5735	1	Stimulus/S  1	1	37645735	37645743	112	3	70	pips_40_500-8000.hdf5	both	none
3765.6402	1	Stimulus/S  1	1	37656402	37656410	112	4	50	pips_40_500-8000.hdf5	both	none
3766.7068	1	Stimulus/S  1	1	37667068	37667076	112	5	30	pips_40_500-8000.hdf5	both	none
3767.7735	1	Stimulus/S  1	1	37677735	37677743	113	0	20	pips_40_500-8000.hdf5	both	none
3768.8402	1	Stimulus/S  1	1	37688402	37688410	113	1	40	pips_40_500-8000.hdf5	both	none
3769.8855	1	Stimulus/S  1	1	37698855	37698863	113	2	60	pips_40_500-8000.hdf5	both	none
3770.9522	1	Stimulus/S  1	1	37709522	37709530	113	3	70	pips_40_500-8000.hdf5	both	none
3772.0082	1	Stimulus/S  1	1	37720082	37720090	113	4	50	pips_40_500-8000.hdf5	both	none
3773.0749	1	Stimulus/S  1	1	37730749	37730757	113	5	30	pips_40_500-8000.hdf5	both	none
3774.1202	1	Stimulus/S  1	1	37741202	37741210	114	0	20	pips_40_500-8000.hdf5	both	none
3775.1763	1	Stimulus/S  1	1	37751763	37751771	114	1	40	pips_40_500-8000.hdf5	both	none
3776.2216	1	Stimulus/S  1	1	37762216	37762224	114	2	60	pips_40_500-8000.hdf5	both	none
3777.2776	1	Stimulus/S  1	1	37772776	37772784	114	3	70	pips_40_500-8000.hdf5	both	none
3778.3229	1	Stimulus/S  1	1	37783229	37783237	114	4	50	pips_40_500-8000.hdf5	both	none
3779.3896	1	Stimulus/S  1	1	37793896	37793904	114	5	30	pips_40_500-8000.hdf5	both	none
3780.4456	1	Stimulus/S  1	1	37804456	37804464	115	0	20	pips_40_500-8000.hdf5	both	none
3781.5123	1	Stimulus/S  1	1	37815123	37815131	115	1	40	pips_40_500-8000.hdf5	both	none
3782.5577	1	Stimulus/S  1	1	37825577	37825585	115	2	60	pips_40_500-8000.hdf5	both	none
3783.6243	1	Stimulus/S  1	1	37836243	37836251	115	3	70	pips_40_500-8000.hdf5	both	none
3784.691	1	Stimulus/S  1	1	37846910	37846918	115	4	50	pips_40_500-8000.hdf5	both	none
3785.7577	1	Stimulus/S  1	1	37857577	37857585	115	5	30	pips_40_500-8000.hdf5	both	none
3786.8244	1	Stimulus/S  1	1	37868244	37868252	116	0	20	pips_40_500-8000.hdf5	both	none
3787.891	1	Stimulus/S  1	1	37878910	37878918	116	1	40	pips_40_500-8000.hdf5	both	none
3788.9577	1	Stimulus/S  1	1	37889577	37889585	116	2	60	pips_40_500-8000.hdf5	both	none
3790.0031	1	Stimulus/S  1	1	37900031	37900039	116	3	70	pips_40_500-8000.hdf5	both	none
3791.0697	1	Stimulus/S  1	1	37910697	37910705	116	4	50	pips_40_500-8000.hdf5	both	none
3792.1257	1	Stimulus/S  1	1	37921257	37921265	116	5	30	pips_40_500-8000.hdf5	both	none
3793.1924	1	Stimulus/S  1	1	37931924	37931932	117	0	20	pips_40_500-8000.hdf5	both	none
3794.2378	1	Stimulus/S  1	1	37942378	37942386	117	1	40	pips_40_500-8000.hdf5	both	none
3795.2938	1	Stimulus/S  1	1	37952938	37952946	117	2	60	pips_40_500-8000.hdf5	both	none
3796.3391	1	Stimulus/S  1	1	37963391	37963399	117	3	70	pips_40_500-8000.hdf5	both	none
3797.3951	1	Stimulus/S  1	1	37973951	37973959	117	4	50	pips_40_500-8000.hdf5	both	none
3798.4405	1	Stimulus/S  1	1	37984405	37984413	117	5	30	pips_40_500-8000.hdf5	both	none
3799.5072	1	Stimulus/S  1	1	37995072	37995080	118	0	20	pips_40_500-8000.hdf5	both	none
3800.5525	1	Stimulus/S  1	1	38005525	38005533	118	1	40	pips_40_500-8000.hdf5	both	none
3801.6192	1	Stimulus/S  1	1	38016192	38016200	118	2	60	pips_40_500-8000.hdf5	both	none
3802.6752	1	Stimulus/S  1	1	38026752	38026760	118	3	70	pips_40_500-8000.hdf5	both	none
3803.7419	1	Stimulus/S  1	1	38037419	38037427	118	4	50	pips_40_500-8000.hdf5	both	none
3804.8085	1	Stimulus/S  1	1	38048085	38048093	118	5	30	pips_40_500-8000.hdf5	both	none
3805.8752	1	Stimulus/S  1	1	38058752	38058760	119	0	20	pips_40_500-8000.hdf5	both	none
3806.9419	1	Stimulus/S  1	1	38069419	38069427	119	1	40	pips_40_500-8000.hdf5	both	none
3808.0086	1	Stimulus/S  1	1	38080086	38080094	119	2	60	pips_40_500-8000.hdf5	both	none
3809.0752	1	Stimulus/S  1	1	38090752	38090760	119	3	70	pips_40_500-8000.hdf5	both	none
3810.1206	1	Stimulus/S  1	1	38101206	38101214	119	4	50	pips_40_500-8000.hdf5	both	none
3811.1873	1	Stimulus/S  1	1	38111873	38111881	119	5	30	pips_40_500-8000.hdf5	both	none
